A,B,R,z,p
AT1,AT1,0.6881943345069885,449.50115966796875,0.0
AT1,AT2,0.6653209924697876,434.5611877441406,0.0
AT1,B_memory,0.6728793382644653,439.4980163574219,0.0
AT1,B_naive,0.6507298946380615,425.0308837890625,0.0
AT1,B_plasma_IgA,-0.06064249575138092,-39.6092643737793,0.0
AT1,B_plasma_IgG,0.12474413961172104,81.4779052734375,0.0
AT1,B_plasmablast,0.3826819360256195,249.95260620117188,0.0
AT1,Basal,0.01812732219696045,11.840045928955078,2.4232022738245588e-32
AT1,CD4_EM_Effector,0.6679307222366333,436.2657775878906,0.0
AT1,CD4_TRM,0.6408752799034119,418.59423828125,0.0
AT1,CD4_naive_CM,0.5893579125404358,384.94512939453125,0.0
AT1,CD8_EM,0.6634110808372498,433.313720703125,0.0
AT1,CD8_EM_EMRA,0.6954032778739929,454.2097473144531,0.0
AT1,CD8_TRM_EM,0.6727108359336853,439.387939453125,0.0
AT1,CD8_TRM,0.606833815574646,396.3597106933594,0.0
AT1,Chondrocyte,0.30467134714126587,198.99920654296875,0.0
AT1,Ciliated,-0.06426618993282318,-41.97611618041992,0.0
AT1,DC_1,0.6331159472465515,413.5261535644531,0.0
AT1,DC_2,0.6278365254402161,410.0778503417969,0.0
AT1,DC_activated,0.6705029010772705,437.94580078125,0.0
AT1,DC_plasmacytoid,0.6202753782272339,405.1391906738281,0.0
AT1,Deuterosomal,-0.1293642818927765,-84.49559783935547,0.0
AT1,Dividing_AT2,0.5865209698677063,383.0921630859375,0.0
AT1,Dividing_Basal,0.3246736526489258,212.06390380859375,0.0
AT1,Endothelia_Lymphatic,0.42103543877601624,275.00360107421875,0.0
AT1,Endothelia_vascular_Cap_a,0.6947497129440308,453.7828674316406,0.0
AT1,Endothelia_vascular_Cap_g,0.6776009202003479,442.58197021484375,0.0
AT1,Endothelia_vascular_arterial_pulmonary,0.5499845147132874,359.2279968261719,0.0
AT1,Endothelia_vascular_arterial_systemic,0.24744227528572083,161.61944580078125,0.0
AT1,Endothelia_vascular_venous_pulmonary,0.4896888732910156,319.84527587890625,0.0
AT1,Endothelia_vascular_venous_systemic,0.3204760253429413,209.3221893310547,0.0
AT1,Erythrocyte,0.6863656640052795,448.3067321777344,0.0
AT1,Fibro_adventitial,0.1921762228012085,125.52185821533203,0.0
AT1,Fibro_alveolar,0.6923334002494812,452.2046203613281,0.0
AT1,Fibro_immune_recruiting,0.3537546694278717,231.0584716796875,0.0
AT1,Fibro_myofibroblast,0.21357585489749908,139.49925231933594,0.0
AT1,Fibro_peribronchial,0.31313571333885193,204.5277862548828,0.0
AT1,Fibro_perichondrial,0.09121040254831314,59.57500457763672,0.0
AT1,ILC,0.6572061777114868,429.26092529296875,0.0
AT1,Ionocyte_n_Brush,-0.021440133452415466,-14.0038423538208,1.47666304664017e-44
AT1,MAIT,0.6907676458358765,451.18194580078125,0.0
AT1,Macro_CHIT1,0.45551589131355286,297.52484130859375,0.0
AT1,Macro_interstitial,0.670042872428894,437.6453552246094,0.0
AT1,Macro_AW_CX3CR1,0.5699488520622253,372.2679138183594,0.0
AT1,Macro_alveolar_metallothioneins,0.6303775906562805,411.737548828125,0.0
AT1,Macro_alv,0.42860302329063416,279.9464416503906,0.0
AT1,Macro_dividing,0.5258509516716003,343.46490478515625,0.0
AT1,Macro_int,0.6105554699897766,398.79052734375,0.0
AT1,Macro_CCL,0.677894651889801,442.7738037109375,0.0
AT1,Mast_cell,0.6231813430786133,407.0372619628906,0.0
AT1,Megakaryocyte,0.415880024433136,271.63629150390625,0.0
AT1,Mesothelia,0.3757016956806183,245.39340209960938,0.0
AT1,Macrophage_intermediate,0.6494272947311401,424.1800537109375,0.0
AT1,Monocyte_CD14,0.6706498265266418,438.0417785644531,0.0
AT1,Monocyte_CD16,0.6729304790496826,439.5314025878906,0.0
AT1,Muscle_airway,0.0813681036233902,53.14640808105469,0.0
AT1,Muscle_pericyte_airway,0.3273482918739319,213.81088256835938,0.0
AT1,Muscle_pericyte_parenchyma,0.6729976534843445,439.5752868652344,0.0
AT1,Muscle_perivascular_immune_recruiting,0.38970911502838135,254.54248046875,0.0
AT1,Muscle_smooth_pulmonary,0.08016310632228851,52.359352111816406,0.0
AT1,Muscle_smooth_syst_arterial,0.0787818431854248,51.4571647644043,0.0
AT1,Myoepithelial,0.3786921203136444,247.34661865234375,0.0
AT1,NAF_endoneurial,0.11546342074871063,75.4161148071289,0.0
AT1,NAF_perineurial,0.09737896174192429,63.604061126708984,0.0
AT1,NK_CD16hi,0.6635563969612122,433.40863037109375,0.0
AT1,NKT,0.6910263895988464,451.3509521484375,0.0
AT1,NK_CD11d,0.6070095896720886,396.4745178222656,0.0
AT1,NK_CD56bright,0.5690165758132935,371.65899658203125,0.0
AT1,Neuroendocrine,0.40913304686546326,267.22943115234375,0.0
AT1,SMG_Basal,0.3595082759857178,234.81649780273438,0.0
AT1,SMG_Duct,0.27189069986343384,177.5881805419922,0.0
AT1,SMG_Mucous,0.3478560149669647,227.20570373535156,0.0
AT1,SMG_Serous,0.3189108669757843,208.2998809814453,0.0
AT1,Schwann_Myelinating,0.24702943861484528,161.34979248046875,0.0
AT1,Schwann_nonmyelinating,-0.14513030648231506,-94.79334259033203,0.0
AT1,Secretory_Club,-0.028763268142938614,-18.78702163696289,9.644234303591436e-79
AT1,Secretory_Goblet,-0.30994197726249695,-202.4417724609375,0.0
AT1,Suprabasal,-0.07869575917720795,-51.40093994140625,0.0
AT1,T_reg,0.6674644947052002,435.96124267578125,0.0
AT1,gdT,0.674580454826355,440.6091003417969,0.0
AT2,AT2,0.6818448305130005,445.3539123535156,0.0
AT2,B_memory,0.6871195435523987,448.79913330078125,0.0
AT2,B_naive,0.6547447443008423,427.6532287597656,0.0
AT2,B_plasma_IgA,0.005434134509414434,3.549360513687134,0.0003861679930223028
AT2,B_plasma_IgG,0.21923723816871643,143.19703674316406,0.0
AT2,B_plasmablast,0.42423325777053833,277.09228515625,0.0
AT2,Basal,0.036486271768808365,23.83138084411621,1.5796960994004845e-125
AT2,CD4_EM_Effector,0.6601194143295288,431.1637268066406,0.0
AT2,CD4_TRM,0.6331702470779419,413.5616149902344,0.0
AT2,CD4_naive_CM,0.6131690144538879,400.4975891113281,0.0
AT2,CD8_EM,0.6583403944969177,430.0017395019531,0.0
AT2,CD8_EM_EMRA,0.6985433101654053,456.26068115234375,0.0
AT2,CD8_TRM_EM,0.6732107996940613,439.7145080566406,0.0
AT2,CD8_TRM,0.6104884147644043,398.7467346191406,0.0
AT2,Chondrocyte,0.3177502453327179,207.54180908203125,0.0
AT2,Ciliated,-0.014062542468309402,-9.18509292602539,4.111721476291896e-20
AT2,DC_1,0.6711834073066711,438.3902893066406,0.0
AT2,DC_2,0.6632299423217773,433.1954040527344,0.0
AT2,DC_activated,0.6870275139808655,448.7390441894531,0.0
AT2,DC_plasmacytoid,0.6189957857131958,404.30340576171875,0.0
AT2,Deuterosomal,-0.138888418674469,-90.71638488769531,0.0
AT2,Dividing_AT2,0.58866286277771,384.49114990234375,0.0
AT2,Dividing_Basal,0.30614736676216125,199.96327209472656,0.0
AT2,Endothelia_Lymphatic,0.40867531299591064,266.9304504394531,0.0
AT2,Endothelia_vascular_Cap_a,0.6771963238716125,442.31768798828125,0.0
AT2,Endothelia_vascular_Cap_g,0.6543993949890137,427.4276428222656,0.0
AT2,Endothelia_vascular_arterial_pulmonary,0.514893651008606,336.30804443359375,0.0
AT2,Endothelia_vascular_arterial_systemic,0.21421192586421967,139.91470336914062,0.0
AT2,Endothelia_vascular_venous_pulmonary,0.45365849137306213,296.3116760253906,0.0
AT2,Endothelia_vascular_venous_systemic,0.31199729442596436,203.7842254638672,0.0
AT2,Erythrocyte,0.6888039708137512,449.89935302734375,0.0
AT2,Fibro_adventitial,0.1893121898174286,123.65119171142578,0.0
AT2,Fibro_alveolar,0.6826218366622925,445.8614196777344,0.0
AT2,Fibro_immune_recruiting,0.3495301306247711,228.29917907714844,0.0
AT2,Fibro_myofibroblast,0.20027601718902588,130.8123321533203,0.0
AT2,Fibro_peribronchial,0.2664633095264435,174.04322814941406,0.0
AT2,Fibro_perichondrial,0.12649360299110413,82.62059020996094,0.0
AT2,ILC,0.6485404372215271,423.6007995605469,0.0
AT2,Ionocyte_n_Brush,0.019719315692782402,12.87987232208252,5.843214413342711e-38
AT2,MAIT,0.6900697946548462,450.72613525390625,0.0
AT2,Macro_CHIT1,0.5060135722160339,330.5079345703125,0.0
AT2,Macro_interstitial,0.6961871981620789,454.7217712402344,0.0
AT2,Macro_AW_CX3CR1,0.5889706015586853,384.6921691894531,0.0
AT2,Macro_alveolar_metallothioneins,0.6490879654884338,423.95843505859375,0.0
AT2,Macro_alv,0.4791029393672943,312.93096923828125,0.0
AT2,Macro_dividing,0.5690797567367554,371.70025634765625,0.0
AT2,Macro_int,0.6468220949172974,422.47845458984375,0.0
AT2,Macro_CCL,0.6939734220504761,453.27581787109375,0.0
AT2,Mast_cell,0.6294085383415222,411.1046142578125,0.0
AT2,Megakaryocyte,0.38104692101478577,248.8846893310547,0.0
AT2,Mesothelia,0.38256940245628357,249.8791046142578,0.0
AT2,Macrophage_intermediate,0.6577704548835754,429.6294860839844,0.0
AT2,Monocyte_CD14,0.6852760314941406,447.59503173828125,0.0
AT2,Monocyte_CD16,0.6804697513580322,444.4557800292969,0.0
AT2,Muscle_airway,0.02525501325726509,16.495569229125977,3.9482147349859086e-61
AT2,Muscle_pericyte_airway,0.3240780234336853,211.67486572265625,0.0
AT2,Muscle_pericyte_parenchyma,0.6498371958732605,424.4477844238281,0.0
AT2,Muscle_perivascular_immune_recruiting,0.3841407299041748,250.9054412841797,0.0
AT2,Muscle_smooth_pulmonary,0.02514384314417839,16.422958374023438,1.3101992301047547e-60
AT2,Muscle_smooth_syst_arterial,0.0225810669362545,14.749053955078125,3.1200769878028754e-49
AT2,Myoepithelial,0.36553648114204407,238.75389099121094,0.0
AT2,NAF_endoneurial,0.029065625742077827,18.98451042175293,2.2906121285296345e-80
AT2,NAF_perineurial,0.027771420776844025,18.13918685913086,1.5632693738482333e-73
AT2,NK_CD16hi,0.6541656255722046,427.27496337890625,0.0
AT2,NKT,0.6892592906951904,450.1967468261719,0.0
AT2,NK_CD11d,0.6040904521942139,394.5678405761719,0.0
AT2,NK_CD56bright,0.5737617015838623,374.75830078125,0.0
AT2,Neuroendocrine,0.3936208486557007,257.09747314453125,0.0
AT2,SMG_Basal,0.34577858448028564,225.84881591796875,0.0
AT2,SMG_Duct,0.27942952513694763,182.5122528076172,0.0
AT2,SMG_Mucous,0.33478623628616333,218.66905212402344,0.0
AT2,SMG_Serous,0.31819435954093933,207.83189392089844,0.0
AT2,Schwann_Myelinating,0.19681455194950104,128.5514373779297,0.0
AT2,Schwann_nonmyelinating,-0.23983994126319885,-156.65390014648438,0.0
AT2,Secretory_Club,0.03991605341434479,26.071577072143555,7.660640187855058e-150
AT2,Secretory_Goblet,-0.21045483648777008,-137.46072387695312,0.0
AT2,Suprabasal,-0.031565554440021515,-20.61736488342285,1.9172032826116747e-94
AT2,T_reg,0.6629461646080017,433.0100402832031,0.0
AT2,gdT,0.6666061878204346,435.400634765625,0.0
B_memory,B_memory,0.7981597185134888,521.326171875,0.0
B_memory,B_naive,0.7191008925437927,469.6880798339844,0.0
B_memory,B_plasma_IgA,-0.046686429530382156,-30.493717193603516,3.156867570863927e-204
B_memory,B_plasma_IgG,0.276090145111084,180.3311004638672,0.0
B_memory,B_plasmablast,0.5752922296524048,375.75799560546875,0.0
B_memory,Basal,-0.008587378077208996,-5.608933448791504,2.0357728278682838e-08
B_memory,CD4_EM_Effector,0.7293304800987244,476.3696594238281,0.0
B_memory,CD4_TRM,0.700212299823761,457.3507995605469,0.0
B_memory,CD4_naive_CM,0.7664693593978882,500.6272888183594,0.0
B_memory,CD8_EM,0.7228441834449768,472.133056640625,0.0
B_memory,CD8_EM_EMRA,0.7750523686408997,506.2333679199219,0.0
B_memory,CD8_TRM_EM,0.7256188988685608,473.9454040527344,0.0
B_memory,CD8_TRM,0.6354195475578308,415.03076171875,0.0
B_memory,Chondrocyte,0.44888031482696533,293.1907653808594,0.0
B_memory,Ciliated,-0.077633798122406,-50.707305908203125,0.0
B_memory,DC_1,0.7802535891532898,509.6305847167969,0.0
B_memory,DC_2,0.7126187086105347,465.4541931152344,0.0
B_memory,DC_activated,0.7449877262115479,486.5963439941406,0.0
B_memory,DC_plasmacytoid,0.6796261072158813,443.90472412109375,0.0
B_memory,Deuterosomal,-0.18749497830867767,-122.4642562866211,0.0
B_memory,Dividing_AT2,0.6054840087890625,395.4780578613281,0.0
B_memory,Dividing_Basal,0.3166203498840332,206.80381774902344,0.0
B_memory,Endothelia_Lymphatic,0.5622408986091614,367.2333679199219,0.0
B_memory,Endothelia_vascular_Cap_a,0.6924429535865784,452.27618408203125,0.0
B_memory,Endothelia_vascular_Cap_g,0.6709448099136353,438.2344665527344,0.0
B_memory,Endothelia_vascular_arterial_pulmonary,0.5830675363540649,380.8365173339844,0.0
B_memory,Endothelia_vascular_arterial_systemic,0.25957098603248596,169.54144287109375,0.0
B_memory,Endothelia_vascular_venous_pulmonary,0.5661905407905579,369.8131408691406,0.0
B_memory,Endothelia_vascular_venous_systemic,0.4463637173175812,291.5470275878906,0.0
B_memory,Erythrocyte,0.764053225517273,499.0491638183594,0.0
B_memory,Fibro_adventitial,0.3211488127708435,209.76162719726562,0.0
B_memory,Fibro_alveolar,0.7171832919120789,468.4355773925781,0.0
B_memory,Fibro_immune_recruiting,0.45786285400390625,299.05780029296875,0.0
B_memory,Fibro_myofibroblast,0.32433006167411804,211.83949279785156,0.0
B_memory,Fibro_peribronchial,0.36953338980674744,241.364501953125,0.0
B_memory,Fibro_perichondrial,0.16493473947048187,107.72880554199219,0.0
B_memory,ILC,0.7294762134552002,476.46484375,0.0
B_memory,Ionocyte_n_Brush,-0.05018572509288788,-32.779319763183594,1.1607624654532907e-235
B_memory,MAIT,0.7612991333007812,497.25030517578125,0.0
B_memory,Macro_CHIT1,0.5697411894798279,372.13226318359375,0.0
B_memory,Macro_interstitial,0.7630235552787781,498.3766174316406,0.0
B_memory,Macro_AW_CX3CR1,0.6370198130607605,416.07598876953125,0.0
B_memory,Macro_alveolar_metallothioneins,0.7625726461410522,498.0821228027344,0.0
B_memory,Macro_alv,0.5267108082771301,344.02655029296875,0.0
B_memory,Macro_dividing,0.6203222870826721,405.1698303222656,0.0
B_memory,Macro_int,0.7574485540390015,494.7352600097656,0.0
B_memory,Macro_CCL,0.7630107402801514,498.3682556152344,0.0
B_memory,Mast_cell,0.7346422672271729,479.839111328125,0.0
B_memory,Megakaryocyte,0.42352768778800964,276.6314392089844,0.0
B_memory,Mesothelia,0.5282123684883118,345.0072937011719,0.0
B_memory,Macrophage_intermediate,0.7611403465270996,497.1465759277344,0.0
B_memory,Monocyte_CD14,0.7786279916763306,508.5688171386719,0.0
B_memory,Monocyte_CD16,0.7784591317176819,508.4585266113281,0.0
B_memory,Muscle_airway,0.10800957679748535,70.54755401611328,0.0
B_memory,Muscle_pericyte_airway,0.4738040864467621,309.469970703125,0.0
B_memory,Muscle_pericyte_parenchyma,0.6764320135116577,441.8184814453125,0.0
B_memory,Muscle_perivascular_immune_recruiting,0.49169763922691345,321.1573181152344,0.0
B_memory,Muscle_smooth_pulmonary,0.10335152596235275,67.5051040649414,0.0
B_memory,Muscle_smooth_syst_arterial,0.10459236800670624,68.3155746459961,0.0
B_memory,Myoepithelial,0.4391383230686188,286.8276672363281,0.0
B_memory,NAF_endoneurial,0.10676934570074081,69.73748779296875,0.0
B_memory,NAF_perineurial,0.10327126830816269,67.45268249511719,0.0
B_memory,NK_CD16hi,0.707059383392334,461.82305908203125,0.0
B_memory,NKT,0.7720623016357422,504.2803649902344,0.0
B_memory,NK_CD11d,0.6398554444313049,417.9281005859375,0.0
B_memory,NK_CD56bright,0.5990462303161621,391.2731628417969,0.0
B_memory,Neuroendocrine,0.4821434020996094,314.9168701171875,0.0
B_memory,SMG_Basal,0.41144776344299316,268.7413024902344,0.0
B_memory,SMG_Duct,0.31224384903907776,203.94525146484375,0.0
B_memory,SMG_Mucous,0.3701155483722687,241.7447509765625,0.0
B_memory,SMG_Serous,0.3839484453201294,250.77984619140625,0.0
B_memory,Schwann_Myelinating,0.24081678688526154,157.2919464111328,0.0
B_memory,Schwann_nonmyelinating,-0.22940398752689362,-149.83755493164062,0.0
B_memory,Secretory_Club,-0.023723885416984558,-15.495497703552246,3.720683414950369e-54
B_memory,Secretory_Goblet,-0.3404339849948883,-222.35792541503906,0.0
B_memory,Suprabasal,-0.08653374016284943,-56.5203971862793,0.0
B_memory,T_reg,0.724711000919342,473.3523864746094,0.0
B_memory,gdT,0.7455220818519592,486.94537353515625,0.0
B_naive,B_naive,0.7249470353126526,473.5065612792969,0.0
B_naive,B_plasma_IgA,0.09356039762496948,61.109928131103516,0.0
B_naive,B_plasma_IgG,0.18322224915027618,119.6734848022461,0.0
B_naive,B_plasmablast,0.48409685492515564,316.19281005859375,0.0
B_naive,Basal,0.15755045413970947,102.90568542480469,0.0
B_naive,CD4_EM_Effector,0.7248575091362,473.4480895996094,0.0
B_naive,CD4_TRM,0.7181404829025269,469.060791015625,0.0
B_naive,CD4_naive_CM,0.6419918537139893,419.32354736328125,0.0
B_naive,CD8_EM,0.7227758765220642,472.08843994140625,0.0
B_naive,CD8_EM_EMRA,0.7174295783042908,468.5964660644531,0.0
B_naive,CD8_TRM_EM,0.7198056578636169,470.1484069824219,0.0
B_naive,CD8_TRM,0.6781246066093445,442.92401123046875,0.0
B_naive,Chondrocyte,0.44734448194503784,292.1876220703125,0.0
B_naive,Ciliated,0.074379563331604,48.58177185058594,0.0
B_naive,DC_1,0.6865575313568115,448.43206787109375,0.0
B_naive,DC_2,0.6875145435333252,449.05712890625,0.0
B_naive,DC_activated,0.7093216180801392,463.3006591796875,0.0
B_naive,DC_plasmacytoid,0.7030789256095886,459.2231750488281,0.0
B_naive,Deuterosomal,-0.03225156292319298,-21.06543731689453,1.6509460353266368e-98
B_naive,Dividing_AT2,0.6449397206306458,421.24896240234375,0.0
B_naive,Dividing_Basal,0.4323524832725525,282.39544677734375,0.0
B_naive,Endothelia_Lymphatic,0.5031521320343018,328.6389465332031,0.0
B_naive,Endothelia_vascular_Cap_a,0.6718806624412537,438.845703125,0.0
B_naive,Endothelia_vascular_Cap_g,0.6610429286956787,431.7669372558594,0.0
B_naive,Endothelia_vascular_arterial_pulmonary,0.591808021068573,386.5454406738281,0.0
B_naive,Endothelia_vascular_arterial_systemic,0.30435803532600403,198.7945556640625,0.0
B_naive,Endothelia_vascular_venous_pulmonary,0.5713681578636169,373.1949462890625,0.0
B_naive,Endothelia_vascular_venous_systemic,0.4235442280769348,276.6422424316406,0.0
B_naive,Erythrocyte,0.7040466666221619,459.8552551269531,0.0
B_naive,Fibro_adventitial,0.31609317660331726,206.45948791503906,0.0
B_naive,Fibro_alveolar,0.6631007194519043,433.1109924316406,0.0
B_naive,Fibro_immune_recruiting,0.48942553997039795,319.67327880859375,0.0
B_naive,Fibro_myofibroblast,0.3047618269920349,199.0583038330078,0.0
B_naive,Fibro_peribronchial,0.4237874150276184,276.80108642578125,0.0
B_naive,Fibro_perichondrial,0.1532028764486313,100.06602478027344,0.0
B_naive,ILC,0.7229261994361877,472.1866149902344,0.0
B_naive,Ionocyte_n_Brush,0.10357339680194855,67.6500244140625,0.0
B_naive,MAIT,0.7265305519104004,474.54083251953125,0.0
B_naive,Macro_CHIT1,0.4506444036960602,294.3429870605469,0.0
B_naive,Macro_interstitial,0.6858932971954346,447.9981994628906,0.0
B_naive,Macro_AW_CX3CR1,0.6721467971801758,439.01953125,0.0
B_naive,Macro_alveolar_metallothioneins,0.6936367154121399,453.055908203125,0.0
B_naive,Macro_alv,0.40967410802841187,267.58282470703125,0.0
B_naive,Macro_dividing,0.5149688124656677,336.3571472167969,0.0
B_naive,Macro_int,0.6360170841217041,415.4210510253906,0.0
B_naive,Macro_CCL,0.7003856897354126,457.46405029296875,0.0
B_naive,Mast_cell,0.6931178569793701,452.7170104980469,0.0
B_naive,Megakaryocyte,0.5337292551994324,348.6107177734375,0.0
B_naive,Mesothelia,0.4991639256477356,326.0340270996094,0.0
B_naive,Macrophage_intermediate,0.715333104133606,467.22711181640625,0.0
B_naive,Monocyte_CD14,0.6924160122871399,452.2585754394531,0.0
B_naive,Monocyte_CD16,0.7227597236633301,472.077880859375,0.0
B_naive,Muscle_airway,0.13558652997016907,88.55972290039062,0.0
B_naive,Muscle_pericyte_airway,0.4327230453491211,282.6374816894531,0.0
B_naive,Muscle_pericyte_parenchyma,0.6679375171661377,436.27020263671875,0.0
B_naive,Muscle_perivascular_immune_recruiting,0.5268492102622986,344.116943359375,0.0
B_naive,Muscle_smooth_pulmonary,0.1309577226638794,85.536376953125,0.0
B_naive,Muscle_smooth_syst_arterial,0.13472338020801544,87.9959487915039,0.0
B_naive,Myoepithelial,0.509020984172821,332.4722595214844,0.0
B_naive,NAF_endoneurial,0.17008082568645477,111.09002685546875,0.0
B_naive,NAF_perineurial,0.14706341922283173,96.05597686767578,0.0
B_naive,NK_CD16hi,0.7222322821617126,471.7333984375,0.0
B_naive,NKT,0.7271520495414734,474.94677734375,0.0
B_naive,NK_CD11d,0.6928959488868713,452.5720520019531,0.0
B_naive,NK_CD56bright,0.6592467427253723,430.59375,0.0
B_naive,Neuroendocrine,0.5593005418777466,365.3128662109375,0.0
B_naive,SMG_Basal,0.4958185851573944,323.8489685058594,0.0
B_naive,SMG_Duct,0.4269920289516449,278.8941955566406,0.0
B_naive,SMG_Mucous,0.4912550747394562,320.8682556152344,0.0
B_naive,SMG_Serous,0.4691200256347656,306.4105224609375,0.0
B_naive,Schwann_Myelinating,0.3569580018520355,233.1507568359375,0.0
B_naive,Schwann_nonmyelinating,-0.16670472919940948,-108.88489532470703,0.0
B_naive,Secretory_Club,0.05683375895023346,37.121551513671875,1.2618844143697052e-301
B_naive,Secretory_Goblet,-0.20062513649463654,-131.0403594970703,0.0
B_naive,Suprabasal,0.0583072230219841,38.08395767211914,0.0
B_naive,T_reg,0.7232611179351807,472.4053955078125,0.0
B_naive,gdT,0.7287300229072571,475.9774475097656,0.0
B_plasma_IgA,B_plasma_IgA,0.6951786875724792,454.06304931640625,0.0
B_plasma_IgA,B_plasma_IgG,0.05141036584973335,33.57920455932617,3.3751687540593304e-247
B_plasma_IgA,B_plasmablast,0.0838848203420639,54.790225982666016,0.0
B_plasma_IgA,Basal,0.33946701884269714,221.72634887695312,0.0
B_plasma_IgA,CD4_EM_Effector,0.045616693794727325,29.79500961303711,4.533701191529174e-195
B_plasma_IgA,CD4_TRM,0.10360415279865265,67.67011260986328,0.0
B_plasma_IgA,CD4_naive_CM,-0.10444613546133041,-68.22006225585938,0.0
B_plasma_IgA,CD8_EM,0.05768531560897827,37.67775344848633,0.0
B_plasma_IgA,CD8_EM_EMRA,-0.02968616969883442,-19.38982391357422,9.405832823138625e-84
B_plasma_IgA,CD8_TRM_EM,0.04437604919075966,28.984668731689453,1.0267527911228432e-184
B_plasma_IgA,CD8_TRM,0.12153379619121552,79.38104248046875,0.0
B_plasma_IgA,Chondrocyte,0.24702903628349304,161.3495330810547,0.0
B_plasma_IgA,Ciliated,0.36216750741004944,236.55340576171875,0.0
B_plasma_IgA,DC_1,-0.06069379672408104,-39.64277267456055,0.0
B_plasma_IgA,DC_2,0.0669730082154274,43.744102478027344,0.0
B_plasma_IgA,DC_activated,0.0038476083427667618,2.5131046772003174,0.011967381978344441
B_plasma_IgA,DC_plasmacytoid,0.11217279732227325,73.26680755615234,0.0
B_plasma_IgA,Deuterosomal,0.22209393978118896,145.06292724609375,0.0
B_plasma_IgA,Dividing_AT2,0.11804254353046417,77.10069274902344,0.0
B_plasma_IgA,Dividing_Basal,0.25610652565956116,167.27859497070312,0.0
B_plasma_IgA,Endothelia_Lymphatic,0.031095415353775024,20.310287475585938,1.0429218361569897e-91
B_plasma_IgA,Endothelia_vascular_Cap_a,-0.04404371976852417,-28.76760482788086,5.45589766071921e-182
B_plasma_IgA,Endothelia_vascular_Cap_g,-0.02646929956972599,-17.288692474365234,5.7235851667973164e-67
B_plasma_IgA,Endothelia_vascular_arterial_pulmonary,-0.008842427283525467,-5.775521755218506,7.671498667537444e-09
B_plasma_IgA,Endothelia_vascular_arterial_systemic,0.0076246438547968864,4.980113983154297,6.354683468512992e-07
B_plasma_IgA,Endothelia_vascular_venous_pulmonary,0.07260998338460922,47.42595291137695,0.0
B_plasma_IgA,Endothelia_vascular_venous_systemic,0.08871529996395111,57.94530487060547,0.0
B_plasma_IgA,Erythrocyte,-0.05854765325784683,-38.240997314453125,0.0
B_plasma_IgA,Fibro_adventitial,0.22640115022659302,147.876220703125,0.0
B_plasma_IgA,Fibro_alveolar,-0.0839562639594078,-54.836891174316406,0.0
B_plasma_IgA,Fibro_immune_recruiting,0.28911256790161133,188.83682250976562,0.0
B_plasma_IgA,Fibro_myofibroblast,0.13340111076831818,87.13229370117188,0.0
B_plasma_IgA,Fibro_peribronchial,0.13831080496311188,90.339111328125,0.0
B_plasma_IgA,Fibro_perichondrial,0.06015658378601074,39.29188537597656,0.0
B_plasma_IgA,ILC,0.056945715099573135,37.19467544555664,8.320013890306508e-303
B_plasma_IgA,Ionocyte_n_Brush,0.3401472568511963,222.170654296875,0.0
B_plasma_IgA,MAIT,-9.171831334242597e-05,-0.05990675091743469,0.9522299030995832
B_plasma_IgA,Macro_CHIT1,-0.15166935324668884,-99.06438446044922,0.0
B_plasma_IgA,Macro_interstitial,-0.048558030277490616,-31.71617317199707,9.298707899878365e-221
B_plasma_IgA,Macro_AW_CX3CR1,0.22438783943653107,146.5612030029297,0.0
B_plasma_IgA,Macro_alveolar_metallothioneins,0.023012647405266762,15.030945777893066,4.603852950618686e-51
B_plasma_IgA,Macro_alv,-0.17950539290905,-117.24578094482422,0.0
B_plasma_IgA,Macro_dividing,-0.14328382909297943,-93.58729553222656,0.0
B_plasma_IgA,Macro_int,-0.0922522321343422,-60.25548553466797,0.0
B_plasma_IgA,Macro_CCL,-0.031133946031332016,-20.3354549407959,6.245765503035372e-92
B_plasma_IgA,Mast_cell,0.018838560208678246,12.304597854614258,8.556151526327948e-35
B_plasma_IgA,Megakaryocyte,0.2133024036884308,139.32064819335938,0.0
B_plasma_IgA,Mesothelia,0.18144828081130981,118.5147933959961,0.0
B_plasma_IgA,Macrophage_intermediate,0.04349522665143013,28.409351348876953,1.5499063486653224e-177
B_plasma_IgA,Monocyte_CD14,-0.05089617893099785,-33.24335861206055,2.5461881567181193e-242
B_plasma_IgA,Monocyte_CD16,0.013859710656106472,9.052611351013184,1.3958939426087026e-19
B_plasma_IgA,Muscle_airway,-0.055952273309230804,-36.545799255371094,2.0792777818651926e-292
B_plasma_IgA,Muscle_pericyte_airway,0.08960437774658203,58.5260124206543,0.0
B_plasma_IgA,Muscle_pericyte_parenchyma,0.008877228014171124,5.798252105712891,6.700966398966563e-09
B_plasma_IgA,Muscle_perivascular_immune_recruiting,0.2748290002346039,179.5073699951172,0.0
B_plasma_IgA,Muscle_smooth_pulmonary,-0.06257942318916321,-40.8743896484375,0.0
B_plasma_IgA,Muscle_smooth_syst_arterial,-0.06910622119903564,-45.13743209838867,0.0
B_plasma_IgA,Myoepithelial,0.2903048098087311,189.6155548095703,0.0
B_plasma_IgA,NAF_endoneurial,-0.055018436163663864,-35.93585205078125,8.419499010869811e-283
B_plasma_IgA,NAF_perineurial,-0.07603682577610016,-49.66423034667969,0.0
B_plasma_IgA,NK_CD16hi,0.09942831099033356,64.94261932373047,0.0
B_plasma_IgA,NKT,-0.00046828435733914375,-0.30586472153663635,0.7597076476004733
B_plasma_IgA,NK_CD11d,0.18034152686595917,117.79190826416016,0.0
B_plasma_IgA,NK_CD56bright,0.17443974316120148,113.93709564208984,0.0
B_plasma_IgA,Neuroendocrine,0.24659425020217896,161.0655517578125,0.0
B_plasma_IgA,SMG_Basal,0.1365884244441986,89.21412658691406,0.0
B_plasma_IgA,SMG_Duct,0.4721941351890564,308.4184265136719,0.0
B_plasma_IgA,SMG_Mucous,0.3485429883003235,227.65440368652344,0.0
B_plasma_IgA,SMG_Serous,0.38136395812034607,249.09176635742188,0.0
B_plasma_IgA,Schwann_Myelinating,0.2216232866048813,144.75550842285156,0.0
B_plasma_IgA,Schwann_nonmyelinating,-0.18018098175525665,-117.68704986572266,0.0
B_plasma_IgA,Secretory_Club,0.26936838030815125,175.94070434570312,0.0
B_plasma_IgA,Secretory_Goblet,0.4875793159008026,318.4674072265625,0.0
B_plasma_IgA,Suprabasal,0.3298281729221344,215.43063354492188,0.0
B_plasma_IgA,T_reg,0.054030343890190125,35.290470123291016,8.222579566265693e-273
B_plasma_IgA,gdT,0.03724808618426323,24.328968048095703,9.680974276213218e-131
B_plasma_IgG,B_plasma_IgG,0.5630850791931152,367.7847595214844,0.0
B_plasma_IgG,B_plasmablast,0.3614600896835327,236.0913543701172,0.0
B_plasma_IgG,Basal,-0.0197122972458601,-12.875288009643555,6.200734370852189e-38
B_plasma_IgG,CD4_EM_Effector,0.1542917937040329,100.77725982666016,0.0
B_plasma_IgG,CD4_TRM,0.1346857249736786,87.97135925292969,0.0
B_plasma_IgG,CD4_naive_CM,0.3363299071788788,219.67730712890625,0.0
B_plasma_IgG,CD8_EM,0.1582147479057312,103.3395767211914,0.0
B_plasma_IgG,CD8_EM_EMRA,0.2185351848602295,142.7384796142578,0.0
B_plasma_IgG,CD8_TRM_EM,0.1823698878288269,119.11675262451172,0.0
B_plasma_IgG,CD8_TRM,0.15380670130252838,100.46041870117188,0.0
B_plasma_IgG,Chondrocyte,0.036963291466236115,24.14295196533203,8.854448907042512e-129
B_plasma_IgG,Ciliated,0.0963917002081871,62.959224700927734,0.0
B_plasma_IgG,DC_1,0.36206576228141785,236.48695373535156,0.0
B_plasma_IgG,DC_2,0.31226646900177,203.9600372314453,0.0
B_plasma_IgG,DC_activated,0.25165846943855286,164.373291015625,0.0
B_plasma_IgG,DC_plasmacytoid,0.14790408313274384,96.60506439208984,0.0
B_plasma_IgG,Deuterosomal,-0.10725963860750198,-70.05773162841797,0.0
B_plasma_IgG,Dividing_AT2,0.15259385108947754,99.66822814941406,0.0
B_plasma_IgG,Dividing_Basal,-0.021078839898109436,-13.76785945892334,3.978265994725063e-43
B_plasma_IgG,Endothelia_Lymphatic,0.1248583123087883,81.55248260498047,0.0
B_plasma_IgG,Endothelia_vascular_Cap_a,0.1390000879764557,90.7893295288086,0.0
B_plasma_IgG,Endothelia_vascular_Cap_g,0.09599122405052185,62.69764709472656,0.0
B_plasma_IgG,Endothelia_vascular_arterial_pulmonary,0.0063525838777422905,4.14925479888916,3.335593684334584e-05
B_plasma_IgG,Endothelia_vascular_arterial_systemic,-0.0391763336956501,-25.588422775268555,2.0526065834400302e-144
B_plasma_IgG,Endothelia_vascular_venous_pulmonary,0.001523270970210433,0.9949399828910828,0.3197654552118355
B_plasma_IgG,Endothelia_vascular_venous_systemic,0.08330203592777252,54.409576416015625,0.0
B_plasma_IgG,Erythrocyte,0.21219857037067413,138.5996551513672,0.0
B_plasma_IgG,Fibro_adventitial,0.03425968810915947,22.377065658569336,6.583697040164432e-111
B_plasma_IgG,Fibro_alveolar,0.17726151645183563,115.78016662597656,0.0
B_plasma_IgG,Fibro_immune_recruiting,0.022802172228693962,14.893471717834473,3.633992402946205e-50
B_plasma_IgG,Fibro_myofibroblast,0.03300398215651512,21.556888580322266,4.562700667039432e-103
B_plasma_IgG,Fibro_peribronchial,-0.08581414073705673,-56.05038070678711,0.0
B_plasma_IgG,Fibro_perichondrial,0.15326379239559174,100.1058120727539,0.0
B_plasma_IgG,ILC,0.14725719392299652,96.18254089355469,0.0
B_plasma_IgG,Ionocyte_n_Brush,0.0492035336792469,32.13779067993164,1.3081923241428184e-226
B_plasma_IgG,MAIT,0.19655495882034302,128.3818817138672,0.0
B_plasma_IgG,Macro_CHIT1,0.3501875102519989,228.72854614257812,0.0
B_plasma_IgG,Macro_interstitial,0.31170564889907837,203.59371948242188,0.0
B_plasma_IgG,Macro_AW_CX3CR1,0.19261519610881805,125.80857849121094,0.0
B_plasma_IgG,Macro_alveolar_metallothioneins,0.2801741361618042,182.99859619140625,0.0
B_plasma_IgG,Macro_alv,0.3839619755744934,250.78868103027344,0.0
B_plasma_IgG,Macro_dividing,0.34658434987068176,226.37510681152344,0.0
B_plasma_IgG,Macro_int,0.3867156207561493,252.58724975585938,0.0
B_plasma_IgG,Macro_CCL,0.2603101432323456,170.02423095703125,0.0
B_plasma_IgG,Mast_cell,0.23572316765785217,153.96499633789062,0.0
B_plasma_IgG,Megakaryocyte,-0.07451789826154709,-48.67212677001953,0.0
B_plasma_IgG,Mesothelia,0.1421898901462555,92.8727798461914,0.0
B_plasma_IgG,Macrophage_intermediate,0.21856674551963806,142.75909423828125,0.0
B_plasma_IgG,Monocyte_CD14,0.2747190594673157,179.43556213378906,0.0
B_plasma_IgG,Monocyte_CD16,0.23306022584438324,152.2256622314453,0.0
B_plasma_IgG,Muscle_airway,-0.108794204890728,-71.06004333496094,0.0
B_plasma_IgG,Muscle_pericyte_airway,0.12471821904182434,81.46097564697266,0.0
B_plasma_IgG,Muscle_pericyte_parenchyma,0.09924570471048355,64.82334899902344,0.0
B_plasma_IgG,Muscle_perivascular_immune_recruiting,0.05571909621357918,36.393497467041016,5.394678293951554e-290
B_plasma_IgG,Muscle_smooth_pulmonary,-0.10476909577846527,-68.4310073852539,0.0
B_plasma_IgG,Muscle_smooth_syst_arterial,-0.1256682574748993,-82.08150482177734,0.0
B_plasma_IgG,Myoepithelial,-0.02646923065185547,-17.28864860534668,5.7279422308506525e-67
B_plasma_IgG,NAF_endoneurial,-0.25658807158470154,-167.59312438964844,0.0
B_plasma_IgG,NAF_perineurial,-0.17510893940925598,-114.37419128417969,0.0
B_plasma_IgG,NK_CD16hi,0.12336361408233643,80.57620239257812,0.0
B_plasma_IgG,NKT,0.19357556104660034,126.43585205078125,0.0
B_plasma_IgG,NK_CD11d,0.11168358474969864,72.94727325439453,0.0
B_plasma_IgG,NK_CD56bright,0.13128168880939484,85.74797821044922,0.0
B_plasma_IgG,Neuroendocrine,0.005903784651309252,3.8561172485351562,0.00011520224841602053
B_plasma_IgG,SMG_Basal,0.019253641366958618,12.575712203979492,2.8720030915735224e-36
B_plasma_IgG,SMG_Duct,-0.0190981924533844,-12.4741792678833,1.0326470383997166e-35
B_plasma_IgG,SMG_Mucous,-0.03217735141515732,-21.016965866088867,4.588436805904541e-98
B_plasma_IgG,SMG_Serous,-0.02191256918013096,-14.312417984008789,1.830368950062335e-46
B_plasma_IgG,Schwann_Myelinating,-0.1777382642030716,-116.09156036376953,0.0
B_plasma_IgG,Schwann_nonmyelinating,-0.32463815808296204,-212.0407257080078,0.0
B_plasma_IgG,Secretory_Club,0.2484978586435318,162.3089141845703,0.0
B_plasma_IgG,Secretory_Goblet,0.13410551846027374,87.59239196777344,0.0
B_plasma_IgG,Suprabasal,0.0694655254483223,45.37211608886719,0.0
B_plasma_IgG,T_reg,0.1626955270767212,106.26624298095703,0.0
B_plasma_IgG,gdT,0.15614579617977142,101.98822021484375,0.0
B_plasmablast,B_plasmablast,0.6411587595939636,418.7793884277344,0.0
B_plasmablast,Basal,-0.042166780680418015,-27.541664123535156,5.569325290929263e-167
B_plasmablast,CD4_EM_Effector,0.47392547130584717,309.54925537109375,0.0
B_plasmablast,CD4_TRM,0.46458348631858826,303.44744873046875,0.0
B_plasmablast,CD4_naive_CM,0.6156418323516846,402.1127624511719,0.0
B_plasmablast,CD8_EM,0.4703691899776459,307.2264404296875,0.0
B_plasmablast,CD8_EM_EMRA,0.5274251699447632,344.4931335449219,0.0
B_plasmablast,CD8_TRM_EM,0.4661022126674652,304.4394226074219,0.0
B_plasmablast,CD8_TRM,0.3862905204296112,252.30960083007812,0.0
B_plasmablast,Chondrocyte,0.44124242663383484,288.2019958496094,0.0
B_plasmablast,Ciliated,-0.0675031915307045,-44.090396881103516,0.0
B_plasmablast,DC_1,0.5740534663200378,374.9488830566406,0.0
B_plasmablast,DC_2,0.4998549818992615,326.4853820800781,0.0
B_plasmablast,DC_activated,0.49100950360298157,320.7078552246094,0.0
B_plasmablast,DC_plasmacytoid,0.44542452692985535,290.9335632324219,0.0
B_plasmablast,Deuterosomal,-0.1773044764995575,-115.8082275390625,0.0
B_plasmablast,Dividing_AT2,0.3801910877227783,248.32568359375,0.0
B_plasmablast,Dividing_Basal,0.22790180146694183,148.85638427734375,0.0
B_plasmablast,Endothelia_Lymphatic,0.5220130681991577,340.9581604003906,0.0
B_plasmablast,Endothelia_vascular_Cap_a,0.41001027822494507,267.8023986816406,0.0
B_plasmablast,Endothelia_vascular_Cap_g,0.3948654234409332,257.9103698730469,0.0
B_plasmablast,Endothelia_vascular_arterial_pulmonary,0.31675320863723755,206.89059448242188,0.0
B_plasmablast,Endothelia_vascular_arterial_systemic,0.0994008406996727,64.92467498779297,0.0
B_plasmablast,Endothelia_vascular_venous_pulmonary,0.41064849495887756,268.2192687988281,0.0
B_plasmablast,Endothelia_vascular_venous_systemic,0.3909265995025635,255.3376922607422,0.0
B_plasmablast,Erythrocyte,0.4915396273136139,321.05413818359375,0.0
B_plasmablast,Fibro_adventitial,0.3861379027366638,252.2099151611328,0.0
B_plasmablast,Fibro_alveolar,0.4396088719367981,287.135009765625,0.0
B_plasmablast,Fibro_immune_recruiting,0.4439624845981598,289.9786376953125,0.0
B_plasmablast,Fibro_myofibroblast,0.38756063580513,253.13919067382812,0.0
B_plasmablast,Fibro_peribronchial,0.27109065651893616,177.0656280517578,0.0
B_plasmablast,Fibro_perichondrial,0.13477852940559387,88.03197479248047,0.0
B_plasmablast,ILC,0.4884563386440277,319.0402526855469,0.0
B_plasmablast,Ionocyte_n_Brush,-0.06555604189634323,-42.818599700927734,0.0
B_plasmablast,MAIT,0.5045796036720276,329.5713195800781,0.0
B_plasmablast,Macro_CHIT1,0.3836964964866638,250.6152801513672,0.0
B_plasmablast,Macro_interstitial,0.5281336307525635,344.95587158203125,0.0
B_plasmablast,Macro_AW_CX3CR1,0.4657794237136841,304.22857666015625,0.0
B_plasmablast,Macro_alveolar_metallothioneins,0.5991734862327576,391.3562927246094,0.0
B_plasmablast,Macro_alv,0.34231123328208923,223.58407592773438,0.0
B_plasmablast,Macro_dividing,0.39956116676330566,260.9774475097656,0.0
B_plasmablast,Macro_int,0.6002029776573181,392.0287170410156,0.0
B_plasmablast,Macro_CCL,0.5181964039802551,338.46527099609375,0.0
B_plasmablast,Mast_cell,0.539395272731781,352.3115234375,0.0
B_plasmablast,Megakaryocyte,0.23191946744918823,151.48056030273438,0.0
B_plasmablast,Mesothelia,0.5656196475028992,369.44024658203125,0.0
B_plasmablast,Macrophage_intermediate,0.5661123394966125,369.7620544433594,0.0
B_plasmablast,Monocyte_CD14,0.5687472224235535,371.4830627441406,0.0
B_plasmablast,Monocyte_CD16,0.5717567205429077,373.44873046875,0.0
B_plasmablast,Muscle_airway,0.010208419524133205,6.667733192443848,2.5978449444058654e-11
B_plasmablast,Muscle_pericyte_airway,0.4719341993331909,308.2486267089844,0.0
B_plasmablast,Muscle_pericyte_parenchyma,0.42038217186927795,274.576904296875,0.0
B_plasmablast,Muscle_perivascular_immune_recruiting,0.4521808326244354,295.3465270996094,0.0
B_plasmablast,Muscle_smooth_pulmonary,0.00510092917829752,3.331723928451538,0.0008630983067323059
B_plasmablast,Muscle_smooth_syst_arterial,-0.008308878168463707,-5.427028656005859,5.729993168254664e-08
B_plasmablast,Myoepithelial,0.34118303656578064,222.84718322753906,0.0
B_plasmablast,NAF_endoneurial,-0.008059277199208736,-5.263998985290527,1.4095522739931757e-07
B_plasmablast,NAF_perineurial,-0.022201724350452423,-14.501282691955566,1.1890693060809278e-47
B_plasmablast,NK_CD16hi,0.45943063497543335,300.0818176269531,0.0
B_plasmablast,NKT,0.5325651168823242,347.850341796875,0.0
B_plasmablast,NK_CD11d,0.4126977324485779,269.5577392578125,0.0
B_plasmablast,NK_CD56bright,0.372773140668869,243.48057556152344,0.0
B_plasmablast,Neuroendocrine,0.34346672892570496,224.33880615234375,0.0
B_plasmablast,SMG_Basal,0.2399718463420868,156.7400665283203,0.0
B_plasmablast,SMG_Duct,0.2930310368537903,191.39620971679688,0.0
B_plasmablast,SMG_Mucous,0.2881409823894501,188.2022247314453,0.0
B_plasmablast,SMG_Serous,0.33426833152770996,218.33078002929688,0.0
B_plasmablast,Schwann_Myelinating,0.14478185772895813,94.56575012207031,0.0
B_plasmablast,Schwann_nonmyelinating,-0.22602638602256775,-147.63143920898438,0.0
B_plasmablast,Secretory_Club,0.03179685026407242,20.768436431884766,8.353345958757985e-96
B_plasmablast,Secretory_Goblet,-0.19316509366035461,-126.16775512695312,0.0
B_plasmablast,Suprabasal,-0.06963886320590973,-45.48533630371094,0.0
B_plasmablast,T_reg,0.4703095853328705,307.1875,0.0
B_plasmablast,gdT,0.4966703951358795,324.40533447265625,0.0
Basal,Basal,0.4751843512058258,310.37152099609375,0.0
Basal,CD4_EM_Effector,0.11775003373622894,76.90963745117188,0.0
Basal,CD4_TRM,0.16601450741291046,108.43406677246094,0.0
Basal,CD4_naive_CM,-0.08350680023431778,-54.54331970214844,0.0
Basal,CD8_EM,0.1296457052230835,84.67941284179688,0.0
Basal,CD8_EM_EMRA,-0.0009229316492564976,-0.6028222441673279,0.5466269472043239
Basal,CD8_TRM_EM,0.12018244713544846,78.4983901977539,0.0
Basal,CD8_TRM,0.2359127551317215,154.0888214111328,0.0
Basal,Chondrocyte,0.06134180724620819,40.0660285949707,0.0
Basal,Ciliated,0.47400736808776855,309.6027526855469,0.0
Basal,DC_1,-0.006778715644031763,-4.427587509155273,9.529291581565819e-06
Basal,DC_2,0.1241074651479721,81.06205749511719,0.0
Basal,DC_activated,0.07794790714979172,50.912471771240234,0.0
Basal,DC_plasmacytoid,0.18921494483947754,123.5876693725586,0.0
Basal,Deuterosomal,0.36929208040237427,241.20689392089844,0.0
Basal,Dividing_AT2,0.21739836037158966,141.99595642089844,0.0
Basal,Dividing_Basal,0.3127749562263489,204.2921600341797,0.0
Basal,Endothelia_Lymphatic,-0.03418763726949692,-22.33000373840332,1.889115297751399e-110
Basal,Endothelia_vascular_Cap_a,0.02604369819164276,17.01070785522461,6.840626439654846e-65
Basal,Endothelia_vascular_Cap_g,0.03484119102358818,22.756879806518555,1.2267038112819658e-114
Basal,Endothelia_vascular_arterial_pulmonary,0.09801466763019562,64.01927947998047,0.0
Basal,Endothelia_vascular_arterial_systemic,0.16626913845539093,108.60038757324219,0.0
Basal,Endothelia_vascular_venous_pulmonary,0.07858535647392273,51.328826904296875,0.0
Basal,Endothelia_vascular_venous_systemic,0.055984582751989365,36.56690216064453,9.607884756453593e-293
Basal,Erythrocyte,0.00044752590474672616,0.292306125164032,0.770052576024997
Basal,Fibro_adventitial,0.05324855074286461,34.77983474731445,4.9083754194806734e-265
Basal,Fibro_alveolar,-0.028836475685238838,-18.8348388671875,3.913162412624364e-79
Basal,Fibro_immune_recruiting,0.12450774013996124,81.32350158691406,0.0
Basal,Fibro_myofibroblast,0.01868806779384613,12.206302642822266,2.876673655252137e-34
Basal,Fibro_peribronchial,0.17082621157169342,111.5768814086914,0.0
Basal,Fibro_perichondrial,0.06458331644535065,42.18325424194336,0.0
Basal,ILC,0.11040657013654709,72.1131820678711,0.0
Basal,Ionocyte_n_Brush,0.4600920081138611,300.5137939453125,0.0
Basal,MAIT,0.05237524211406708,34.20942306518555,1.751242293051993e-256
Basal,Macro_CHIT1,-0.1008404940366745,-65.86499786376953,0.0
Basal,Macro_interstitial,-0.017221054062247276,-11.248106956481934,2.3661589968359355e-29
Basal,Macro_AW_CX3CR1,0.21748578548431396,142.0530548095703,0.0
Basal,Macro_alveolar_metallothioneins,-0.0036133385729044676,-2.360089063644409,0.018270548021002003
Basal,Macro_alv,-0.10484834015369415,-68.4827651977539,0.0
Basal,Macro_dividing,-0.07808437198400497,-51.00160598754883,0.0
Basal,Macro_int,-0.09685873240232468,-63.2642707824707,0.0
Basal,Macro_CCL,0.0016370947705581784,1.0692851543426514,0.28494119800766293
Basal,Mast_cell,0.07555212825536728,49.3476448059082,0.0
Basal,Megakaryocyte,0.31727659702301025,207.23245239257812,0.0
Basal,Mesothelia,0.0168592631816864,11.011799812316895,3.352388290615459e-28
Basal,Macrophage_intermediate,0.03449693322181702,22.532024383544922,2.0153239622616235e-112
Basal,Monocyte_CD14,-0.04792815074324608,-31.30476188659668,4.019498724627107e-215
Basal,Monocyte_CD16,0.013895777054131031,9.07616901397705,1.124636619730729e-19
Basal,Muscle_airway,0.08744142949581146,57.11326217651367,0.0
Basal,Muscle_pericyte_airway,0.007559561170637608,4.9376044273376465,7.908805883325041e-07
Basal,Muscle_pericyte_parenchyma,0.04055364802479744,26.48802947998047,1.3315543587517693e-154
Basal,Muscle_perivascular_immune_recruiting,0.14631548523902893,95.56745147705078,0.0
Basal,Muscle_smooth_pulmonary,0.0914684608578682,59.743560791015625,0.0
Basal,Muscle_smooth_syst_arterial,0.10514229536056519,68.67476654052734,0.0
Basal,Myoepithelial,0.1931958943605423,126.18787384033203,0.0
Basal,NAF_endoneurial,0.08712999522686005,56.909847259521484,0.0
Basal,NAF_perineurial,0.10376274585723877,67.77369689941406,0.0
Basal,NK_CD16hi,0.13978731632232666,91.30351257324219,0.0
Basal,NKT,0.02215718664228916,14.472192764282227,1.815894895214664e-47
Basal,NK_CD11d,0.23429100215435028,153.02955627441406,0.0
Basal,NK_CD56bright,0.27075305581092834,176.84512329101562,0.0
Basal,Neuroendocrine,0.26985621452331543,176.25933837890625,0.0
Basal,SMG_Basal,0.32856813073158264,214.60763549804688,0.0
Basal,SMG_Duct,0.28643134236335754,187.08555603027344,0.0
Basal,SMG_Mucous,0.3267817497253418,213.4408416748047,0.0
Basal,SMG_Serous,0.2271176427602768,148.34420776367188,0.0
Basal,Schwann_Myelinating,0.21682465076446533,141.62123107910156,0.0
Basal,Schwann_nonmyelinating,-0.0389467291533947,-25.438453674316406,9.474584771415648e-143
Basal,Secretory_Club,0.29948878288269043,195.61415100097656,0.0
Basal,Secretory_Goblet,0.40591394901275635,265.1268310546875,0.0
Basal,Suprabasal,0.4594343900680542,300.0842590332031,0.0
Basal,T_reg,0.12556691467761993,82.01531219482422,0.0
Basal,gdT,0.0842718705534935,55.043033599853516,0.0
CD4_EM_Effector,CD4_EM_Effector,0.7351058125495911,480.1418762207031,0.0
CD4_EM_Effector,CD4_TRM,0.7234631180763245,472.5373229980469,0.0
CD4_EM_Effector,CD4_naive_CM,0.6536726355552673,426.95294189453125,0.0
CD4_EM_Effector,CD8_EM,0.7302075624465942,476.9425354003906,0.0
CD4_EM_Effector,CD8_EM_EMRA,0.729988694190979,476.799560546875,0.0
CD4_EM_Effector,CD8_TRM_EM,0.7245233654975891,473.2298278808594,0.0
CD4_EM_Effector,CD8_TRM,0.6713164448738098,438.4772033691406,0.0
CD4_EM_Effector,Chondrocyte,0.4558729827404022,297.7580871582031,0.0
CD4_EM_Effector,Ciliated,0.022766340523958206,14.870067596435547,5.156125379948109e-50
CD4_EM_Effector,DC_1,0.6846728920936584,447.2010803222656,0.0
CD4_EM_Effector,DC_2,0.6740017533302307,440.23114013671875,0.0
CD4_EM_Effector,DC_activated,0.7101770043373108,463.859375,0.0
CD4_EM_Effector,DC_plasmacytoid,0.7037635445594788,459.67034912109375,0.0
CD4_EM_Effector,Deuterosomal,-0.05715811625123024,-37.33340835571289,4.713201975294097e-305
CD4_EM_Effector,Dividing_AT2,0.636603593826294,415.80413818359375,0.0
CD4_EM_Effector,Dividing_Basal,0.4180026948451996,273.0227355957031,0.0
CD4_EM_Effector,Endothelia_Lymphatic,0.5216631889343262,340.7296447753906,0.0
CD4_EM_Effector,Endothelia_vascular_Cap_a,0.6858819723129272,447.9908142089844,0.0
CD4_EM_Effector,Endothelia_vascular_Cap_g,0.675136923789978,440.9725646972656,0.0
CD4_EM_Effector,Endothelia_vascular_arterial_pulmonary,0.6174694299697876,403.30645751953125,0.0
CD4_EM_Effector,Endothelia_vascular_arterial_systemic,0.3241969645023346,211.7525634765625,0.0
CD4_EM_Effector,Endothelia_vascular_venous_pulmonary,0.596676766872406,389.72552490234375,0.0
CD4_EM_Effector,Endothelia_vascular_venous_systemic,0.43968406319618225,287.18414306640625,0.0
CD4_EM_Effector,Erythrocyte,0.7187480926513672,469.4576416015625,0.0
CD4_EM_Effector,Fibro_adventitial,0.3264378309249878,213.21620178222656,0.0
CD4_EM_Effector,Fibro_alveolar,0.6791229844093323,443.57611083984375,0.0
CD4_EM_Effector,Fibro_immune_recruiting,0.4923015832901001,321.55181884765625,0.0
CD4_EM_Effector,Fibro_myofibroblast,0.31635090708732605,206.62782287597656,0.0
CD4_EM_Effector,Fibro_peribronchial,0.44790294766426086,292.5523681640625,0.0
CD4_EM_Effector,Fibro_perichondrial,0.14377707242965698,93.90946197509766,0.0
CD4_EM_Effector,ILC,0.7342615723609924,479.5904541015625,0.0
CD4_EM_Effector,Ionocyte_n_Brush,0.05322171747684479,34.762306213378906,9.033430415390843e-265
CD4_EM_Effector,MAIT,0.737562358379364,481.74639892578125,0.0
CD4_EM_Effector,Macro_CHIT1,0.4529416561126709,295.8434753417969,0.0
CD4_EM_Effector,Macro_interstitial,0.6900625228881836,450.72137451171875,0.0
CD4_EM_Effector,Macro_AW_CX3CR1,0.6595249772071838,430.7754821777344,0.0
CD4_EM_Effector,Macro_alveolar_metallothioneins,0.7007622122764587,457.7099914550781,0.0
CD4_EM_Effector,Macro_alv,0.4108591079711914,268.3568115234375,0.0
CD4_EM_Effector,Macro_dividing,0.5179160833358765,338.28216552734375,0.0
CD4_EM_Effector,Macro_int,0.6404857039451599,418.33978271484375,0.0
CD4_EM_Effector,Macro_CCL,0.7077125906944275,462.24969482421875,0.0
CD4_EM_Effector,Mast_cell,0.7012109756469727,458.00311279296875,0.0
CD4_EM_Effector,Megakaryocyte,0.5374603271484375,351.0476989746094,0.0
CD4_EM_Effector,Mesothelia,0.5010758638381958,327.2828063964844,0.0
CD4_EM_Effector,Macrophage_intermediate,0.7238578200340271,472.7951354980469,0.0
CD4_EM_Effector,Monocyte_CD14,0.7023422718048096,458.7420349121094,0.0
CD4_EM_Effector,Monocyte_CD16,0.7318572402000427,478.02001953125,0.0
CD4_EM_Effector,Muscle_airway,0.17777366936206818,116.11468505859375,0.0
CD4_EM_Effector,Muscle_pericyte_airway,0.44501954317092896,290.6690673828125,0.0
CD4_EM_Effector,Muscle_pericyte_parenchyma,0.6840372681617737,446.7859191894531,0.0
CD4_EM_Effector,Muscle_perivascular_immune_recruiting,0.5306271910667419,346.5845642089844,0.0
CD4_EM_Effector,Muscle_smooth_pulmonary,0.17215459048748016,112.44452667236328,0.0
CD4_EM_Effector,Muscle_smooth_syst_arterial,0.17584219574928284,114.8531265258789,0.0
CD4_EM_Effector,Myoepithelial,0.5102116465568542,333.24993896484375,0.0
CD4_EM_Effector,NAF_endoneurial,0.21349555253982544,139.44679260253906,0.0
CD4_EM_Effector,NAF_perineurial,0.19184474647045135,125.30535125732422,0.0
CD4_EM_Effector,NK_CD16hi,0.7285396456718445,475.8531188964844,0.0
CD4_EM_Effector,NKT,0.74020916223526,483.47515869140625,0.0
CD4_EM_Effector,NK_CD11d,0.6883860230445862,449.6263732910156,0.0
CD4_EM_Effector,NK_CD56bright,0.6490823030471802,423.9547424316406,0.0
CD4_EM_Effector,Neuroendocrine,0.5635035634040833,368.05810546875,0.0
CD4_EM_Effector,SMG_Basal,0.48645856976509094,317.7353820800781,0.0
CD4_EM_Effector,SMG_Duct,0.4096386134624481,267.55963134765625,0.0
CD4_EM_Effector,SMG_Mucous,0.4763331413269043,311.1218566894531,0.0
CD4_EM_Effector,SMG_Serous,0.46211403608322144,301.8345031738281,0.0
CD4_EM_Effector,Schwann_Myelinating,0.36710062623023987,239.77552795410156,0.0
CD4_EM_Effector,Schwann_nonmyelinating,-0.13454827666282654,-87.88158416748047,0.0
CD4_EM_Effector,Secretory_Club,0.003179502673447132,2.0767245292663574,0.037826991306991645
CD4_EM_Effector,Secretory_Goblet,-0.27058669924736023,-176.73646545410156,0.0
CD4_EM_Effector,Suprabasal,0.011514514684677124,7.520823001861572,5.443249888050902e-14
CD4_EM_Effector,T_reg,0.7299680113792419,476.78607177734375,0.0
CD4_EM_Effector,gdT,0.741671085357666,484.4300537109375,0.0
CD4_TRM,CD4_TRM,0.7210265398025513,470.9458312988281,0.0
CD4_TRM,CD4_naive_CM,0.6189813017845154,404.2939453125,0.0
CD4_TRM,CD8_EM,0.7197216153144836,470.093505859375,0.0
CD4_TRM,CD8_EM_EMRA,0.7027155160903931,458.9858093261719,0.0
CD4_TRM,CD8_TRM_EM,0.7102513313293457,463.90789794921875,0.0
CD4_TRM,CD8_TRM,0.6710387468338013,438.2958068847656,0.0
CD4_TRM,Chondrocyte,0.4718198776245117,308.1739807128906,0.0
CD4_TRM,Ciliated,0.06721848994493484,43.904441833496094,0.0
CD4_TRM,DC_1,0.6515069603919983,425.5384216308594,0.0
CD4_TRM,DC_2,0.6569900512695312,429.1197509765625,0.0
CD4_TRM,DC_activated,0.6870924830436707,448.7814636230469,0.0
CD4_TRM,DC_plasmacytoid,0.7020612359046936,458.5584716796875,0.0
CD4_TRM,Deuterosomal,-0.013486219570040703,-8.808662414550781,1.266479665128062e-18
CD4_TRM,Dividing_AT2,0.6357755064964294,415.2632751464844,0.0
CD4_TRM,Dividing_Basal,0.45122796297073364,294.7241516113281,0.0
CD4_TRM,Endothelia_Lymphatic,0.5181194543838501,338.4150085449219,0.0
CD4_TRM,Endothelia_vascular_Cap_a,0.6611528992652893,431.8387756347656,0.0
CD4_TRM,Endothelia_vascular_Cap_g,0.6547886729240417,427.6819152832031,0.0
CD4_TRM,Endothelia_vascular_arterial_pulmonary,0.6100411415100098,398.45458984375,0.0
CD4_TRM,Endothelia_vascular_arterial_systemic,0.33119112253189087,216.32086181640625,0.0
CD4_TRM,Endothelia_vascular_venous_pulmonary,0.6007391214370728,392.3788757324219,0.0
CD4_TRM,Endothelia_vascular_venous_systemic,0.44531896710395813,290.8646240234375,0.0
CD4_TRM,Erythrocyte,0.6882210969924927,449.5186462402344,0.0
CD4_TRM,Fibro_adventitial,0.34718483686447144,226.76731872558594,0.0
CD4_TRM,Fibro_alveolar,0.6457887887954712,421.80352783203125,0.0
CD4_TRM,Fibro_immune_recruiting,0.5175375938415527,338.03497314453125,0.0
CD4_TRM,Fibro_myofibroblast,0.32994598150253296,215.50758361816406,0.0
CD4_TRM,Fibro_peribronchial,0.47132179141044617,307.8486328125,0.0
CD4_TRM,Fibro_perichondrial,0.1460220366716385,95.37578582763672,0.0
CD4_TRM,ILC,0.724400520324707,473.14959716796875,0.0
CD4_TRM,Ionocyte_n_Brush,0.09656937420368195,63.07527160644531,0.0
CD4_TRM,MAIT,0.7160651683807373,467.70526123046875,0.0
CD4_TRM,Macro_CHIT1,0.4081858992576599,266.61077880859375,0.0
CD4_TRM,Macro_interstitial,0.6559427976608276,428.43572998046875,0.0
CD4_TRM,Macro_AW_CX3CR1,0.6659650802612305,434.9819030761719,0.0
CD4_TRM,Macro_alveolar_metallothioneins,0.6801989078521729,444.27886962890625,0.0
CD4_TRM,Macro_alv,0.3638155162334442,237.62982177734375,0.0
CD4_TRM,Macro_dividing,0.47320371866226196,309.0778503417969,0.0
CD4_TRM,Macro_int,0.6011691689491272,392.6597900390625,0.0
CD4_TRM,Macro_CCL,0.6779280304908752,442.7956237792969,0.0
CD4_TRM,Mast_cell,0.6854950189590454,447.7380676269531,0.0
CD4_TRM,Megakaryocyte,0.5654172897338867,369.3080749511719,0.0
CD4_TRM,Mesothelia,0.5112594962120056,333.9343566894531,0.0
CD4_TRM,Macrophage_intermediate,0.7074505090713501,462.0785217285156,0.0
CD4_TRM,Monocyte_CD14,0.6701465249061584,437.7130432128906,0.0
CD4_TRM,Monocyte_CD16,0.7107540965080261,464.2362976074219,0.0
CD4_TRM,Muscle_airway,0.18612900376319885,121.57205963134766,0.0
CD4_TRM,Muscle_pericyte_airway,0.44912371039390564,293.3497314453125,0.0
CD4_TRM,Muscle_pericyte_parenchyma,0.6668024063110352,435.52880859375,0.0
CD4_TRM,Muscle_perivascular_immune_recruiting,0.5548640489578247,362.4151306152344,0.0
CD4_TRM,Muscle_smooth_pulmonary,0.1794992834329605,117.24179077148438,0.0
CD4_TRM,Muscle_smooth_syst_arterial,0.1833130270242691,119.73277282714844,0.0
CD4_TRM,Myoepithelial,0.5375499725341797,351.10626220703125,0.0
CD4_TRM,NAF_endoneurial,0.2328260987997055,152.07273864746094,0.0
CD4_TRM,NAF_perineurial,0.20265696942806244,132.36746215820312,0.0
CD4_TRM,NK_CD16hi,0.7231931686401367,472.3609924316406,0.0
CD4_TRM,NKT,0.7185630798339844,469.3368225097656,0.0
CD4_TRM,NK_CD11d,0.6952561140060425,454.1136169433594,0.0
CD4_TRM,NK_CD56bright,0.6563850045204163,428.7245788574219,0.0
CD4_TRM,Neuroendocrine,0.5902302861213684,385.5149230957031,0.0
CD4_TRM,SMG_Basal,0.508615255355835,332.2072448730469,0.0
CD4_TRM,SMG_Duct,0.4546559453010559,296.9631652832031,0.0
CD4_TRM,SMG_Mucous,0.5164632797241211,337.333251953125,0.0
CD4_TRM,SMG_Serous,0.49778318405151367,325.1321716308594,0.0
CD4_TRM,Schwann_Myelinating,0.4052666425704956,264.70404052734375,0.0
CD4_TRM,Schwann_nonmyelinating,-0.11769136786460876,-76.8713150024414,0.0
CD4_TRM,Secretory_Club,0.026765352115035057,17.48206329345703,1.9626692421241697e-68
CD4_TRM,Secretory_Goblet,-0.22276106476783752,-145.4986572265625,0.0
CD4_TRM,Suprabasal,0.0548274852335453,35.81113052368164,7.411612907456234e-281
CD4_TRM,T_reg,0.7189659476280212,469.5999450683594,0.0
CD4_TRM,gdT,0.7277159690856934,475.31512451171875,0.0
CD4_naive_CM,CD4_naive_CM,0.7879105806350708,514.6318359375,0.0
CD4_naive_CM,CD8_EM,0.6444326043128967,420.917724609375,0.0
CD4_naive_CM,CD8_EM_EMRA,0.7194784283638,469.9346923828125,0.0
CD4_naive_CM,CD8_TRM_EM,0.6460292339324951,421.9606018066406,0.0
CD4_naive_CM,CD8_TRM,0.5401924252510071,352.8321838378906,0.0
CD4_naive_CM,Chondrocyte,0.428382009267807,279.8020935058594,0.0
CD4_naive_CM,Ciliated,-0.1256454885005951,-82.06663513183594,0.0
CD4_naive_CM,DC_1,0.7600461840629578,496.4319152832031,0.0
CD4_naive_CM,DC_2,0.6543826460838318,427.4167175292969,0.0
CD4_naive_CM,DC_activated,0.680779218673706,444.65789794921875,0.0
CD4_naive_CM,DC_plasmacytoid,0.5967194437980652,389.7533874511719,0.0
CD4_naive_CM,Deuterosomal,-0.25781887769699097,-168.39703369140625,0.0
CD4_naive_CM,Dividing_AT2,0.5218062400817871,340.82305908203125,0.0
CD4_naive_CM,Dividing_Basal,0.22952944040298462,149.91949462890625,0.0
CD4_naive_CM,Endothelia_Lymphatic,0.5862761735916138,382.9322814941406,0.0
CD4_naive_CM,Endothelia_vascular_Cap_a,0.6065201759338379,396.15484619140625,0.0
CD4_naive_CM,Endothelia_vascular_Cap_g,0.5796622633934021,378.6123352050781,0.0
CD4_naive_CM,Endothelia_vascular_arterial_pulmonary,0.5110363960266113,333.78863525390625,0.0
CD4_naive_CM,Endothelia_vascular_arterial_systemic,0.2166338860988617,141.4966278076172,0.0
CD4_naive_CM,Endothelia_vascular_venous_pulmonary,0.5254603624343872,343.2098083496094,0.0
CD4_naive_CM,Endothelia_vascular_venous_systemic,0.4638931453227997,302.9965515136719,0.0
CD4_naive_CM,Erythrocyte,0.7056561708450317,460.9065246582031,0.0
CD4_naive_CM,Fibro_adventitial,0.3550584018230438,231.91001892089844,0.0
CD4_naive_CM,Fibro_alveolar,0.6507700681686401,425.0570983886719,0.0
CD4_naive_CM,Fibro_immune_recruiting,0.4275275468826294,279.2439880371094,0.0
CD4_naive_CM,Fibro_myofibroblast,0.3671993017196655,239.8399658203125,0.0
CD4_naive_CM,Fibro_peribronchial,0.34026625752449036,222.24838256835938,0.0
CD4_naive_CM,Fibro_perichondrial,0.1928989589214325,125.99392700195312,0.0
CD4_naive_CM,ILC,0.6579294800758362,429.7333679199219,0.0
CD4_naive_CM,Ionocyte_n_Brush,-0.1124967560172081,-73.47840118408203,0.0
CD4_naive_CM,MAIT,0.694826066493988,453.8327331542969,0.0
CD4_naive_CM,Macro_CHIT1,0.5733249187469482,374.4730224609375,0.0
CD4_naive_CM,Macro_interstitial,0.7190332412719727,469.6438903808594,0.0
CD4_naive_CM,Macro_AW_CX3CR1,0.560257613658905,365.93798828125,0.0
CD4_naive_CM,Macro_alveolar_metallothioneins,0.736976683139801,481.36383056640625,0.0
CD4_naive_CM,Macro_alv,0.5304672718048096,346.4801025390625,0.0
CD4_naive_CM,Macro_dividing,0.6034767627716064,394.1670227050781,0.0
CD4_naive_CM,Macro_int,0.7565150856971741,494.12554931640625,0.0
CD4_naive_CM,Macro_CCL,0.7098678946495056,463.657470703125,0.0
CD4_naive_CM,Mast_cell,0.7003158330917358,457.4184265136719,0.0
CD4_naive_CM,Megakaryocyte,0.32128363847732544,209.8496856689453,0.0
CD4_naive_CM,Mesothelia,0.5310018062591553,346.8292541503906,0.0
CD4_naive_CM,Macrophage_intermediate,0.7154066562652588,467.275146484375,0.0
CD4_naive_CM,Monocyte_CD14,0.7463361024856567,487.47705078125,0.0
CD4_naive_CM,Monocyte_CD16,0.7334828972816467,479.08184814453125,0.0
CD4_naive_CM,Muscle_airway,0.10892832279205322,71.14764404296875,0.0
CD4_naive_CM,Muscle_pericyte_airway,0.5014435052871704,327.52294921875,0.0
CD4_naive_CM,Muscle_pericyte_parenchyma,0.5918933153152466,386.6011657714844,0.0
CD4_naive_CM,Muscle_perivascular_immune_recruiting,0.45501601696014404,297.1983642578125,0.0
CD4_naive_CM,Muscle_smooth_pulmonary,0.10381786525249481,67.80970001220703,0.0
CD4_naive_CM,Muscle_smooth_syst_arterial,0.10166805982589722,66.40553283691406,0.0
CD4_naive_CM,Myoepithelial,0.36288967728614807,237.0251007080078,0.0
CD4_naive_CM,NAF_endoneurial,0.06235561519861221,40.728206634521484,0.0
CD4_naive_CM,NAF_perineurial,0.08590347319841385,56.10873031616211,0.0
CD4_naive_CM,NK_CD16hi,0.6169654130935669,402.9772644042969,0.0
CD4_naive_CM,NKT,0.7131997346878052,465.83367919921875,0.0
CD4_naive_CM,NK_CD11d,0.5399583578109741,352.6793212890625,0.0
CD4_naive_CM,NK_CD56bright,0.5015040040016174,327.5624694824219,0.0
CD4_naive_CM,Neuroendocrine,0.41071227192878723,268.26092529296875,0.0
CD4_naive_CM,SMG_Basal,0.34788283705711365,227.2232208251953,0.0
CD4_naive_CM,SMG_Duct,0.22926729917526245,149.74827575683594,0.0
CD4_naive_CM,SMG_Mucous,0.27630481123924255,180.4713134765625,0.0
CD4_naive_CM,SMG_Serous,0.30972054600715637,202.29713439941406,0.0
CD4_naive_CM,Schwann_Myelinating,0.14323851466178894,93.55770111083984,0.0
CD4_naive_CM,Schwann_nonmyelinating,-0.27455756068229675,-179.330078125,0.0
CD4_naive_CM,Secretory_Club,-0.03894917666912079,-25.440052032470703,9.096495700271062e-143
CD4_naive_CM,Secretory_Goblet,-0.35676929354667664,-233.0275115966797,0.0
CD4_naive_CM,Suprabasal,-0.13065189123153687,-85.33661651611328,0.0
CD4_naive_CM,T_reg,0.6455287933349609,421.63372802734375,0.0
CD4_naive_CM,gdT,0.674885094165802,440.8080749511719,0.0
CD8_EM,CD8_EM,0.7263327240943909,474.41162109375,0.0
CD8_EM,CD8_EM_EMRA,0.724189043045044,473.011474609375,0.0
CD8_EM,CD8_TRM_EM,0.7218329906463623,471.47259521484375,0.0
CD8_EM,CD8_TRM,0.6725420951843262,439.2777404785156,0.0
CD8_EM,Chondrocyte,0.44745534658432007,292.2600402832031,0.0
CD8_EM,Ciliated,0.037413280457258224,24.436866760253906,6.941041464567972e-132
CD8_EM,DC_1,0.6816632151603699,445.23529052734375,0.0
CD8_EM,DC_2,0.6756516695022583,441.30877685546875,0.0
CD8_EM,DC_activated,0.7083467245101929,462.66387939453125,0.0
CD8_EM,DC_plasmacytoid,0.7017613649368286,458.36260986328125,0.0
CD8_EM,Deuterosomal,-0.04639548435807228,-30.30368423461914,1.0251284708217147e-201
CD8_EM,Dividing_AT2,0.6375449299812317,416.4189758300781,0.0
CD8_EM,Dividing_Basal,0.42182132601737976,275.51690673828125,0.0
CD8_EM,Endothelia_Lymphatic,0.5099130272865295,333.0549011230469,0.0
CD8_EM,Endothelia_vascular_Cap_a,0.6821662783622742,445.5638732910156,0.0
CD8_EM,Endothelia_vascular_Cap_g,0.6716142892837524,438.6717224121094,0.0
CD8_EM,Endothelia_vascular_arterial_pulmonary,0.608590841293335,397.50732421875,0.0
CD8_EM,Endothelia_vascular_arterial_systemic,0.31734699010849,207.27842712402344,0.0
CD8_EM,Endothelia_vascular_venous_pulmonary,0.58549565076828,382.4224548339844,0.0
CD8_EM,Endothelia_vascular_venous_systemic,0.428732693195343,280.0311279296875,0.0
CD8_EM,Erythrocyte,0.7127425074577332,465.5350341796875,0.0
CD8_EM,Fibro_adventitial,0.3162202835083008,206.54251098632812,0.0
CD8_EM,Fibro_alveolar,0.6740469336509705,440.2606506347656,0.0
CD8_EM,Fibro_immune_recruiting,0.48605257272720337,317.47021484375,0.0
CD8_EM,Fibro_myofibroblast,0.30655571818351746,200.22999572753906,0.0
CD8_EM,Fibro_peribronchial,0.4365665912628174,285.1479187011719,0.0
CD8_EM,Fibro_perichondrial,0.14242766797542572,93.02808380126953,0.0
CD8_EM,ILC,0.7286262512207031,475.90966796875,0.0
CD8_EM,Ionocyte_n_Brush,0.06829603761434555,44.608253479003906,0.0
CD8_EM,MAIT,0.7325025796890259,478.4415283203125,0.0
CD8_EM,Macro_CHIT1,0.45002296566963196,293.9371032714844,0.0
CD8_EM,Macro_interstitial,0.686781108379364,448.5780944824219,0.0
CD8_EM,Macro_AW_CX3CR1,0.6607041954994202,431.5456848144531,0.0
CD8_EM,Macro_alveolar_metallothioneins,0.694452702999115,453.5888671875,0.0
CD8_EM,Macro_alv,0.4085453748703003,266.8455810546875,0.0
CD8_EM,Macro_dividing,0.5153659582138062,336.6165466308594,0.0
CD8_EM,Macro_int,0.6355023980140686,415.0848693847656,0.0
CD8_EM,Macro_CCL,0.7036274671554565,459.5814514160156,0.0
CD8_EM,Mast_cell,0.6952713131904602,454.1235656738281,0.0
CD8_EM,Megakaryocyte,0.5353033542633057,349.63885498046875,0.0
CD8_EM,Mesothelia,0.4947659373283386,323.16143798828125,0.0
CD8_EM,Macrophage_intermediate,0.7179210186004639,468.9174499511719,0.0
CD8_EM,Monocyte_CD14,0.6966123580932617,454.9994812011719,0.0
CD8_EM,Monocyte_CD16,0.7259930372238159,474.18975830078125,0.0
CD8_EM,Muscle_airway,0.16215233504772186,105.91145324707031,0.0
CD8_EM,Muscle_pericyte_airway,0.43476760387420654,283.972900390625,0.0
CD8_EM,Muscle_pericyte_parenchyma,0.6790518760681152,443.5296630859375,0.0
CD8_EM,Muscle_perivascular_immune_recruiting,0.5240904092788696,342.31500244140625,0.0
CD8_EM,Muscle_smooth_pulmonary,0.1573971062898636,102.80552673339844,0.0
CD8_EM,Muscle_smooth_syst_arterial,0.16125406324863434,105.32473754882812,0.0
CD8_EM,Myoepithelial,0.5065322518348694,330.8467102050781,0.0
CD8_EM,NAF_endoneurial,0.20004715025424957,130.662841796875,0.0
CD8_EM,NAF_perineurial,0.17686550319194794,115.5215072631836,0.0
CD8_EM,NK_CD16hi,0.7252344489097595,473.69427490234375,0.0
CD8_EM,NKT,0.733970046043396,479.4000244140625,0.0
CD8_EM,NK_CD11d,0.688452959060669,449.6700744628906,0.0
CD8_EM,NK_CD56bright,0.6511746048927307,425.32135009765625,0.0
CD8_EM,Neuroendocrine,0.5586534738540649,364.8902282714844,0.0
CD8_EM,SMG_Basal,0.4862702190876007,317.61236572265625,0.0
CD8_EM,SMG_Duct,0.4116658568382263,268.8837585449219,0.0
CD8_EM,SMG_Mucous,0.47865769267082214,312.6401672363281,0.0
CD8_EM,SMG_Serous,0.46057024598121643,300.826171875,0.0
CD8_EM,Schwann_Myelinating,0.36393094062805176,237.70521545410156,0.0
CD8_EM,Schwann_nonmyelinating,-0.13870692253112793,-90.59783935546875,0.0
CD8_EM,Secretory_Club,0.017151137813925743,11.202441215515137,3.9665012077120745e-29
CD8_EM,Secretory_Goblet,-0.24987603724002838,-163.20909118652344,0.0
CD8_EM,Suprabasal,0.02496352419257164,16.3051815032959,9.06692064151183e-60
CD8_EM,T_reg,0.7262949347496033,474.386962890625,0.0
CD8_EM,gdT,0.7356795072555542,480.5165710449219,0.0
CD8_EM_EMRA,CD8_EM_EMRA,0.7709124088287354,503.529296875,0.0
CD8_EM_EMRA,CD8_TRM_EM,0.728164553642273,475.6081237792969,0.0
CD8_EM_EMRA,CD8_TRM,0.6428236365318298,419.8668212890625,0.0
CD8_EM_EMRA,Chondrocyte,0.4367850422859192,285.2906188964844,0.0
CD8_EM_EMRA,Ciliated,-0.08384241163730621,-54.76252746582031,0.0
CD8_EM_EMRA,DC_1,0.745124876499176,486.6859130859375,0.0
CD8_EM_EMRA,DC_2,0.7000284194946289,457.230712890625,0.0
CD8_EM_EMRA,DC_activated,0.7379614114761353,482.00701904296875,0.0
CD8_EM_EMRA,DC_plasmacytoid,0.6802129745483398,444.2880554199219,0.0
CD8_EM_EMRA,Deuterosomal,-0.1725803017616272,-112.72258758544922,0.0
CD8_EM_EMRA,Dividing_AT2,0.6137773990631104,400.8949890136719,0.0
CD8_EM_EMRA,Dividing_Basal,0.3352101445198059,218.9459228515625,0.0
CD8_EM_EMRA,Endothelia_Lymphatic,0.5348055958747864,349.313720703125,0.0
CD8_EM_EMRA,Endothelia_vascular_Cap_a,0.7140491008758545,466.3884582519531,0.0
CD8_EM_EMRA,Endothelia_vascular_Cap_g,0.6964561343193054,454.8974304199219,0.0
CD8_EM_EMRA,Endothelia_vascular_arterial_pulmonary,0.5899137258529663,385.30816650390625,0.0
CD8_EM_EMRA,Endothelia_vascular_arterial_systemic,0.2558327317237854,167.09976196289062,0.0
CD8_EM_EMRA,Endothelia_vascular_venous_pulmonary,0.5637671947479248,368.23028564453125,0.0
CD8_EM_EMRA,Endothelia_vascular_venous_systemic,0.41599956154823303,271.71435546875,0.0
CD8_EM_EMRA,Erythrocyte,0.758418083190918,495.3684997558594,0.0
CD8_EM_EMRA,Fibro_adventitial,0.2968329191207886,193.87945556640625,0.0
CD8_EM_EMRA,Fibro_alveolar,0.7280885577201843,475.5584716796875,0.0
CD8_EM_EMRA,Fibro_immune_recruiting,0.454544335603714,296.8902587890625,0.0
CD8_EM_EMRA,Fibro_myofibroblast,0.30231067538261414,197.45730590820312,0.0
CD8_EM_EMRA,Fibro_peribronchial,0.36591389775276184,239.00039672851562,0.0
CD8_EM_EMRA,Fibro_perichondrial,0.1375541090965271,89.8448715209961,0.0
CD8_EM_EMRA,ILC,0.7279857397079468,475.4913024902344,0.0
CD8_EM_EMRA,Ionocyte_n_Brush,-0.046430543065071106,-30.326583862304688,5.116363849904015e-202
CD8_EM_EMRA,MAIT,0.7592846155166626,495.93450927734375,0.0
CD8_EM_EMRA,Macro_CHIT1,0.5355612635612488,349.80731201171875,0.0
CD8_EM_EMRA,Macro_interstitial,0.7500872015953064,489.9271240234375,0.0
CD8_EM_EMRA,Macro_AW_CX3CR1,0.6369358897209167,416.02117919921875,0.0
CD8_EM_EMRA,Macro_alveolar_metallothioneins,0.7411921620368958,484.1172180175781,0.0
CD8_EM_EMRA,Macro_alv,0.49337348341941833,322.2519226074219,0.0
CD8_EM_EMRA,Macro_dividing,0.5953324437141418,388.84747314453125,0.0
CD8_EM_EMRA,Macro_int,0.7238820791244507,472.81097412109375,0.0
CD8_EM_EMRA,Macro_CCL,0.7549402713775635,493.0969543457031,0.0
CD8_EM_EMRA,Mast_cell,0.7140584588050842,466.3945617675781,0.0
CD8_EM_EMRA,Megakaryocyte,0.43925607204437256,286.90460205078125,0.0
CD8_EM_EMRA,Mesothelia,0.5065339207649231,330.8478088378906,0.0
CD8_EM_EMRA,Macrophage_intermediate,0.7487047910690308,489.024169921875,0.0
CD8_EM_EMRA,Monocyte_CD14,0.763998806476593,499.01361083984375,0.0
CD8_EM_EMRA,Monocyte_CD16,0.7673182487487793,501.1817626953125,0.0
CD8_EM_EMRA,Muscle_airway,0.09357532113790512,61.11967468261719,0.0
CD8_EM_EMRA,Muscle_pericyte_airway,0.4420531690120697,288.7315368652344,0.0
CD8_EM_EMRA,Muscle_pericyte_parenchyma,0.6994136571884155,456.82916259765625,0.0
CD8_EM_EMRA,Muscle_perivascular_immune_recruiting,0.48715099692344666,318.1876525878906,0.0
CD8_EM_EMRA,Muscle_smooth_pulmonary,0.08868351578712463,57.92454528808594,0.0
CD8_EM_EMRA,Muscle_smooth_syst_arterial,0.08842726051807404,57.75716781616211,0.0
CD8_EM_EMRA,Myoepithelial,0.45090535283088684,294.513427734375,0.0
CD8_EM_EMRA,NAF_endoneurial,0.11766175925731659,76.85198211669922,0.0
CD8_EM_EMRA,NAF_perineurial,0.09689009934663773,63.28475570678711,0.0
CD8_EM_EMRA,NK_CD16hi,0.7176488041877747,468.7396545410156,0.0
CD8_EM_EMRA,NKT,0.7690466046333313,502.3106384277344,0.0
CD8_EM_EMRA,NK_CD11d,0.6521317362785339,425.9465026855469,0.0
CD8_EM_EMRA,NK_CD56bright,0.6070082783699036,396.4736633300781,0.0
CD8_EM_EMRA,Neuroendocrine,0.4793122112751007,313.0676574707031,0.0
CD8_EM_EMRA,SMG_Basal,0.3975291848182678,259.6502380371094,0.0
CD8_EM_EMRA,SMG_Duct,0.33125555515289307,216.36294555664062,0.0
CD8_EM_EMRA,SMG_Mucous,0.38737231492996216,253.0161895751953,0.0
CD8_EM_EMRA,SMG_Serous,0.39549389481544495,258.32086181640625,0.0
CD8_EM_EMRA,Schwann_Myelinating,0.2697075605392456,176.16224670410156,0.0
CD8_EM_EMRA,Schwann_nonmyelinating,-0.19715990126132965,-128.77700805664062,0.0
CD8_EM_EMRA,Secretory_Club,-0.0357334204018116,-23.339649200439453,1.7556276334210536e-120
CD8_EM_EMRA,Secretory_Goblet,-0.33977189660072327,-221.92547607421875,0.0
CD8_EM_EMRA,Suprabasal,-0.09317824244499207,-60.860321044921875,0.0
CD8_EM_EMRA,T_reg,0.7270033359527588,474.8496398925781,0.0
CD8_EM_EMRA,gdT,0.7449642419815063,486.58099365234375,0.0
CD8_TRM_EM,CD8_TRM_EM,0.7232296466827393,472.38482666015625,0.0
CD8_TRM_EM,CD8_TRM,0.6730194687843323,439.58953857421875,0.0
CD8_TRM_EM,Chondrocyte,0.4136178493499756,270.1587219238281,0.0
CD8_TRM_EM,Ciliated,0.039136480540037155,25.56239128112793,3.9983880495164836e-144
CD8_TRM_EM,DC_1,0.6950262784957886,453.9635009765625,0.0
CD8_TRM_EM,DC_2,0.6898640990257263,450.5917663574219,0.0
CD8_TRM_EM,DC_activated,0.717772901058197,468.8207092285156,0.0
CD8_TRM_EM,DC_plasmacytoid,0.6949709057807922,453.9273376464844,0.0
CD8_TRM_EM,Deuterosomal,-0.05945210158824921,-38.831748962402344,0.0
CD8_TRM_EM,Dividing_AT2,0.6407983899116516,418.54400634765625,0.0
CD8_TRM_EM,Dividing_Basal,0.4041826128959656,263.9960021972656,0.0
CD8_TRM_EM,Endothelia_Lymphatic,0.4848885238170624,316.70989990234375,0.0
CD8_TRM_EM,Endothelia_vascular_Cap_a,0.6912674903869629,451.5084228515625,0.0
CD8_TRM_EM,Endothelia_vascular_Cap_g,0.6774027347564697,442.4525146484375,0.0
CD8_TRM_EM,Endothelia_vascular_arterial_pulmonary,0.5922083854675293,386.80694580078125,0.0
CD8_TRM_EM,Endothelia_vascular_arterial_systemic,0.29626137018203735,193.50613403320312,0.0
CD8_TRM_EM,Endothelia_vascular_venous_pulmonary,0.5548263788223267,362.3905029296875,0.0
CD8_TRM_EM,Endothelia_vascular_venous_systemic,0.3997371196746826,261.0923767089844,0.0
CD8_TRM_EM,Erythrocyte,0.717921257019043,468.9176025390625,0.0
CD8_TRM_EM,Fibro_adventitial,0.2781098783016205,181.65029907226562,0.0
CD8_TRM_EM,Fibro_alveolar,0.6854758858680725,447.7255859375,0.0
CD8_TRM_EM,Fibro_immune_recruiting,0.4529455602169037,295.84600830078125,0.0
CD8_TRM_EM,Fibro_myofibroblast,0.27487507462501526,179.53746032714844,0.0
CD8_TRM_EM,Fibro_peribronchial,0.3925599455833435,256.404541015625,0.0
CD8_TRM_EM,Fibro_perichondrial,0.14145386219024658,92.39203643798828,0.0
CD8_TRM_EM,ILC,0.7197172045707703,470.09063720703125,0.0
CD8_TRM_EM,Ionocyte_n_Brush,0.07137096673250198,46.616676330566406,0.0
CD8_TRM_EM,MAIT,0.7336238026618958,479.17388916015625,0.0
CD8_TRM_EM,Macro_CHIT1,0.4749910533428192,310.2452697753906,0.0
CD8_TRM_EM,Macro_interstitial,0.7020230889320374,458.5335388183594,0.0
CD8_TRM_EM,Macro_AW_CX3CR1,0.6567453742027283,428.9599609375,0.0
CD8_TRM_EM,Macro_alveolar_metallothioneins,0.6928484439849854,452.5410461425781,0.0
CD8_TRM_EM,Macro_alv,0.43890994787216187,286.67852783203125,0.0
CD8_TRM_EM,Macro_dividing,0.5418165326118469,353.89300537109375,0.0
CD8_TRM_EM,Macro_int,0.6497039794921875,424.36077880859375,0.0
CD8_TRM_EM,Macro_CCL,0.7134252786636353,465.98101806640625,0.0
CD8_TRM_EM,Mast_cell,0.6893971562385559,450.28680419921875,0.0
CD8_TRM_EM,Megakaryocyte,0.507094144821167,331.2137145996094,0.0
CD8_TRM_EM,Mesothelia,0.46971768140792847,306.8009033203125,0.0
CD8_TRM_EM,Macrophage_intermediate,0.7131280303001404,465.786865234375,0.0
CD8_TRM_EM,Monocyte_CD14,0.703801691532135,459.69525146484375,0.0
CD8_TRM_EM,Monocyte_CD16,0.725024938583374,473.55743408203125,0.0
CD8_TRM_EM,Muscle_airway,0.12154696136713028,79.38964080810547,0.0
CD8_TRM_EM,Muscle_pericyte_airway,0.4074268937110901,266.1150207519531,0.0
CD8_TRM_EM,Muscle_pericyte_parenchyma,0.6797043681144714,443.9558410644531,0.0
CD8_TRM_EM,Muscle_perivascular_immune_recruiting,0.4915667176246643,321.0718078613281,0.0
CD8_TRM_EM,Muscle_smooth_pulmonary,0.11890748143196106,77.66563415527344,0.0
CD8_TRM_EM,Muscle_smooth_syst_arterial,0.12257418036460876,80.06057739257812,0.0
CD8_TRM_EM,Myoepithelial,0.4772111475467682,311.6953430175781,0.0
CD8_TRM_EM,NAF_endoneurial,0.1536553055047989,100.36153411865234,0.0
CD8_TRM_EM,NAF_perineurial,0.1344667375087738,87.82832336425781,0.0
CD8_TRM_EM,NK_CD16hi,0.7192126512527466,469.7610778808594,0.0
CD8_TRM_EM,NKT,0.7328821420669556,478.689453125,0.0
CD8_TRM_EM,NK_CD11d,0.6811789870262146,444.91900634765625,0.0
CD8_TRM_EM,NK_CD56bright,0.6477146744728088,423.06146240234375,0.0
CD8_TRM_EM,Neuroendocrine,0.525236189365387,343.0633850097656,0.0
CD8_TRM_EM,SMG_Basal,0.4696105718612671,306.7309265136719,0.0
CD8_TRM_EM,SMG_Duct,0.3834618031978607,250.4619903564453,0.0
CD8_TRM_EM,SMG_Mucous,0.453296422958374,296.0751953125,0.0
CD8_TRM_EM,SMG_Serous,0.4297400712966919,280.6891174316406,0.0
CD8_TRM_EM,Schwann_Myelinating,0.32596728205680847,212.9088592529297,0.0
CD8_TRM_EM,Schwann_nonmyelinating,-0.16686084866523743,-108.98686981201172,0.0
CD8_TRM_EM,Secretory_Club,0.036690324544906616,23.96466064453125,6.4994760244861695e-127
CD8_TRM_EM,Secretory_Goblet,-0.23486362397670746,-153.40357971191406,0.0
CD8_TRM_EM,Suprabasal,0.023947233334183693,15.641380310058594,3.8039245016355995e-55
CD8_TRM_EM,T_reg,0.7231347560882568,472.3228454589844,0.0
CD8_TRM_EM,gdT,0.7291702032089233,476.26495361328125,0.0
CD8_TRM,CD8_TRM,0.6631706953048706,433.1567077636719,0.0
CD8_TRM,Chondrocyte,0.3589630126953125,234.46035766601562,0.0
CD8_TRM,Ciliated,0.17017950117588043,111.15447998046875,0.0
CD8_TRM,DC_1,0.6107271313667297,398.90264892578125,0.0
CD8_TRM,DC_2,0.6457201242446899,421.7586975097656,0.0
CD8_TRM,DC_activated,0.6575371026992798,429.4770812988281,0.0
CD8_TRM,DC_plasmacytoid,0.6644811630249023,434.0126647949219,0.0
CD8_TRM,Deuterosomal,0.054913684725761414,35.867435455322266,9.83685644495834e-282
CD8_TRM,Dividing_AT2,0.6270990371704102,409.59613037109375,0.0
CD8_TRM,Dividing_Basal,0.435854971408844,284.6831359863281,0.0
CD8_TRM,Endothelia_Lymphatic,0.40320244431495667,263.3558044433594,0.0
CD8_TRM,Endothelia_vascular_Cap_a,0.6238376498222351,407.4659423828125,0.0
CD8_TRM,Endothelia_vascular_Cap_g,0.6129552125930786,400.3579406738281,0.0
CD8_TRM,Endothelia_vascular_arterial_pulmonary,0.5525456070899963,360.90081787109375,0.0
CD8_TRM,Endothelia_vascular_arterial_systemic,0.3115817904472351,203.51283264160156,0.0
CD8_TRM,Endothelia_vascular_venous_pulmonary,0.5009404420852661,327.1943664550781,0.0
CD8_TRM,Endothelia_vascular_venous_systemic,0.3532998561859131,230.76141357421875,0.0
CD8_TRM,Erythrocyte,0.6368752121925354,415.9815368652344,0.0
CD8_TRM,Fibro_adventitial,0.23654155433177948,154.49952697753906,0.0
CD8_TRM,Fibro_alveolar,0.6030276417732239,393.8736572265625,0.0
CD8_TRM,Fibro_immune_recruiting,0.4157887399196625,271.57666015625,0.0
CD8_TRM,Fibro_myofibroblast,0.2284289449453354,149.20069885253906,0.0
CD8_TRM,Fibro_peribronchial,0.38108134269714355,248.90716552734375,0.0
CD8_TRM,Fibro_perichondrial,0.1412404477596283,92.25263977050781,0.0
CD8_TRM,ILC,0.6630629301071167,433.0863342285156,0.0
CD8_TRM,Ionocyte_n_Brush,0.1945568323135376,127.0767822265625,0.0
CD8_TRM,MAIT,0.6619656682014465,432.36962890625,0.0
CD8_TRM,Macro_CHIT1,0.3969937264919281,259.3005065917969,0.0
CD8_TRM,Macro_interstitial,0.6178808808326721,403.5751953125,0.0
CD8_TRM,Macro_AW_CX3CR1,0.6358059644699097,415.28314208984375,0.0
CD8_TRM,Macro_alveolar_metallothioneins,0.6055862307548523,395.5448303222656,0.0
CD8_TRM,Macro_alv,0.3666578531265259,239.48631286621094,0.0
CD8_TRM,Macro_dividing,0.4640851616859436,303.1219482421875,0.0
CD8_TRM,Macro_int,0.5442474484443665,355.48077392578125,0.0
CD8_TRM,Macro_CCL,0.6314979195594788,412.46929931640625,0.0
CD8_TRM,Mast_cell,0.6261000037193298,408.943603515625,0.0
CD8_TRM,Megakaryocyte,0.5319898128509521,347.4745788574219,0.0
CD8_TRM,Mesothelia,0.39954623579978943,260.96771240234375,0.0
CD8_TRM,Macrophage_intermediate,0.633419930934906,413.7247009277344,0.0
CD8_TRM,Monocyte_CD14,0.6066694259643555,396.2523193359375,0.0
CD8_TRM,Monocyte_CD16,0.6400700807571411,418.06829833984375,0.0
CD8_TRM,Muscle_airway,0.13008734583854675,84.96788024902344,0.0
CD8_TRM,Muscle_pericyte_airway,0.34297889471054077,224.02017211914062,0.0
CD8_TRM,Muscle_pericyte_parenchyma,0.6142207384109497,401.1845397949219,0.0
CD8_TRM,Muscle_perivascular_immune_recruiting,0.45816588401794434,299.2557373046875,0.0
CD8_TRM,Muscle_smooth_pulmonary,0.13066233694553375,85.34343719482422,0.0
CD8_TRM,Muscle_smooth_syst_arterial,0.13858750462532043,90.51984405517578,0.0
CD8_TRM,Myoepithelial,0.4610241949558258,301.1226501464844,0.0
CD8_TRM,NAF_endoneurial,0.15949848294258118,104.17806243896484,0.0
CD8_TRM,NAF_perineurial,0.14907459914684296,97.36959838867188,0.0
CD8_TRM,NK_CD16hi,0.6728729009628296,439.4938049316406,0.0
CD8_TRM,NKT,0.6516653299331665,425.6418762207031,0.0
CD8_TRM,NK_CD11d,0.6655440330505371,434.7068786621094,0.0
CD8_TRM,NK_CD56bright,0.6479172110557556,423.1937255859375,0.0
CD8_TRM,Neuroendocrine,0.5273503065109253,344.4442443847656,0.0
CD8_TRM,SMG_Basal,0.5016324520111084,327.6463623046875,0.0
CD8_TRM,SMG_Duct,0.40273234248161316,263.0487365722656,0.0
CD8_TRM,SMG_Mucous,0.48068588972091675,313.96490478515625,0.0
CD8_TRM,SMG_Serous,0.4253466725349426,277.81951904296875,0.0
CD8_TRM,Schwann_Myelinating,0.34159719944000244,223.11769104003906,0.0
CD8_TRM,Schwann_nonmyelinating,-0.15062759816646576,-98.38395690917969,0.0
CD8_TRM,Secretory_Club,0.11835911124944687,77.30746459960938,0.0
CD8_TRM,Secretory_Goblet,-0.09029863029718399,-58.97947311401367,0.0
CD8_TRM,Suprabasal,0.14988604187965393,97.89959716796875,0.0
CD8_TRM,T_reg,0.6735896468162537,439.9619445800781,0.0
CD8_TRM,gdT,0.6648315191268921,434.2414855957031,0.0
Chondrocyte,Chondrocyte,0.7903748154640198,516.2413940429688,0.0
Chondrocyte,Ciliated,-0.05917299911379814,-38.64944839477539,0.0
Chondrocyte,DC_1,0.3645280599594116,238.09523010253906,0.0
Chondrocyte,DC_2,0.3423582911491394,223.61480712890625,0.0
Chondrocyte,DC_activated,0.3747059404850006,244.74301147460938,0.0
Chondrocyte,DC_plasmacytoid,0.4422605335712433,288.8669738769531,0.0
Chondrocyte,Deuterosomal,-0.06844516098499298,-44.70565414428711,0.0
Chondrocyte,Dividing_AT2,0.34600159525871277,225.99447631835938,0.0
Chondrocyte,Dividing_Basal,0.2967105805873871,193.79954528808594,0.0
Chondrocyte,Endothelia_Lymphatic,0.5273602604866028,344.45074462890625,0.0
Chondrocyte,Endothelia_vascular_Cap_a,0.3335890769958496,217.88711547851562,0.0
Chondrocyte,Endothelia_vascular_Cap_g,0.35256120562553406,230.27894592285156,0.0
Chondrocyte,Endothelia_vascular_arterial_pulmonary,0.39046192169189453,255.03419494628906,0.0
Chondrocyte,Endothelia_vascular_arterial_systemic,0.17904022336006165,116.94194793701172,0.0
Chondrocyte,Endothelia_vascular_venous_pulmonary,0.5393751859664917,352.29840087890625,0.0
Chondrocyte,Endothelia_vascular_venous_systemic,0.44848334789276123,292.9314880371094,0.0
Chondrocyte,Erythrocyte,0.404636412858963,264.2923889160156,0.0
Chondrocyte,Fibro_adventitial,0.5309031009674072,346.7647705078125,0.0
Chondrocyte,Fibro_alveolar,0.33447831869125366,218.46792602539062,0.0
Chondrocyte,Fibro_immune_recruiting,0.601127564907074,392.6325988769531,0.0
Chondrocyte,Fibro_myofibroblast,0.4695678651332855,306.7030334472656,0.0
Chondrocyte,Fibro_peribronchial,0.4817206561565399,314.6407775878906,0.0
Chondrocyte,Fibro_perichondrial,0.0850253626704216,55.53518295288086,0.0
Chondrocyte,ILC,0.48473265767097473,316.60809326171875,0.0
Chondrocyte,Ionocyte_n_Brush,-0.039853785187006,-26.030906677246094,2.2135141363837334e-149
Chondrocyte,MAIT,0.43906328082084656,286.7786560058594,0.0
Chondrocyte,Macro_CHIT1,0.13789279758930206,90.06608581542969,0.0
Chondrocyte,Macro_interstitial,0.35478028655052185,231.72836303710938,0.0
Chondrocyte,Macro_AW_CX3CR1,0.44605565071105957,291.3457946777344,0.0
Chondrocyte,Macro_alveolar_metallothioneins,0.48689743876457214,318.02203369140625,0.0
Chondrocyte,Macro_alv,0.0684690922498703,44.72128677368164,0.0
Chondrocyte,Macro_dividing,0.1645066887140274,107.44922637939453,0.0
Chondrocyte,Macro_int,0.36712944507598877,239.79434204101562,0.0
Chondrocyte,Macro_CCL,0.3930998146533966,256.7571716308594,0.0
Chondrocyte,Mast_cell,0.45843756198883057,299.43316650390625,0.0
Chondrocyte,Megakaryocyte,0.4090802073478699,267.1949157714844,0.0
Chondrocyte,Mesothelia,0.5848003625869751,381.96832275390625,0.0
Chondrocyte,Macrophage_intermediate,0.5088902115821838,332.3868408203125,0.0
Chondrocyte,Monocyte_CD14,0.431647390127182,281.9349060058594,0.0
Chondrocyte,Monocyte_CD16,0.4892677366733551,319.5702209472656,0.0
Chondrocyte,Muscle_airway,0.19586987793445587,127.93441009521484,0.0
Chondrocyte,Muscle_pericyte_airway,0.5068194270133972,331.0342712402344,0.0
Chondrocyte,Muscle_pericyte_parenchyma,0.3992522060871124,260.7756652832031,0.0
Chondrocyte,Muscle_perivascular_immune_recruiting,0.5900777578353882,385.4153137207031,0.0
Chondrocyte,Muscle_smooth_pulmonary,0.1733437180519104,113.22122192382812,0.0
Chondrocyte,Muscle_smooth_syst_arterial,0.16305845975875854,106.5032958984375,0.0
Chondrocyte,Myoepithelial,0.5420540571212769,354.0481262207031,0.0
Chondrocyte,NAF_endoneurial,0.2449595183134079,159.997802734375,0.0
Chondrocyte,NAF_perineurial,0.18023887276649475,117.72486114501953,0.0
Chondrocyte,NK_CD16hi,0.46594125032424927,304.33428955078125,0.0
Chondrocyte,NKT,0.47183650732040405,308.1848449707031,0.0
Chondrocyte,NK_CD11d,0.4392207860946655,286.88153076171875,0.0
Chondrocyte,NK_CD56bright,0.3763429820537567,245.812255859375,0.0
Chondrocyte,Neuroendocrine,0.517975389957428,338.3209228515625,0.0
Chondrocyte,SMG_Basal,0.26578009128570557,173.59698486328125,0.0
Chondrocyte,SMG_Duct,0.5040094256401062,329.19891357421875,0.0
Chondrocyte,SMG_Mucous,0.4475330114364624,292.3107604980469,0.0
Chondrocyte,SMG_Serous,0.5574110746383667,364.0787353515625,0.0
Chondrocyte,Schwann_Myelinating,0.40216800570487976,262.6801452636719,0.0
Chondrocyte,Schwann_nonmyelinating,-0.06681253761053085,-43.63928985595703,0.0
Chondrocyte,Secretory_Club,-0.08942816406488419,-58.410919189453125,0.0
Chondrocyte,Secretory_Goblet,-0.2031039297580719,-132.65940856933594,0.0
Chondrocyte,Suprabasal,-0.042190294712781906,-27.557022094726562,3.645946068268198e-167
Chondrocyte,T_reg,0.44045931100845337,287.69049072265625,0.0
Chondrocyte,gdT,0.4803002178668976,313.7129821777344,0.0
Ciliated,Ciliated,0.5712615847587585,373.1253356933594,0.0
Ciliated,DC_1,-0.039771098643541336,-25.976898193359375,9.034797813443895e-149
Ciliated,DC_2,0.09649250656366348,63.02506637573242,0.0
Ciliated,DC_activated,0.019857965409755707,12.970433235168457,1.8001001568599823e-38
Ciliated,DC_plasmacytoid,0.10154388844966888,66.32442474365234,0.0
Ciliated,Deuterosomal,0.3622714579105377,236.62130737304688,0.0
Ciliated,Dividing_AT2,0.1570926457643509,102.6066665649414,0.0
Ciliated,Dividing_Basal,0.20995837450027466,137.13645935058594,0.0
Ciliated,Endothelia_Lymphatic,-0.1263398677110672,-82.52017211914062,0.0
Ciliated,Endothelia_vascular_Cap_a,-0.06606559455394745,-43.15141677856445,0.0
Ciliated,Endothelia_vascular_Cap_g,-0.07064284384250641,-46.14109420776367,0.0
Ciliated,Endothelia_vascular_arterial_pulmonary,0.00016765002510510385,0.10950232297182083,0.9128040793852141
Ciliated,Endothelia_vascular_arterial_systemic,0.13175344467163086,86.05610656738281,0.0
Ciliated,Endothelia_vascular_venous_pulmonary,-0.0479716919362545,-31.333200454711914,1.6480355986958112e-215
Ciliated,Endothelia_vascular_venous_systemic,-0.007974735461175442,-5.208779811859131,1.9008652662867283e-07
Ciliated,Erythrocyte,-0.07224223017692566,-47.18574905395508,0.0
Ciliated,Fibro_adventitial,-0.01877051591873169,-12.260153770446777,1.482183627953191e-34
Ciliated,Fibro_alveolar,-0.1050378754734993,-68.60655975341797,0.0
Ciliated,Fibro_immune_recruiting,0.011120702140033245,7.2636003494262695,3.7692057266659877e-13
Ciliated,Fibro_myofibroblast,-0.05177057906985283,-33.814483642578125,1.2081231046093082e-250
Ciliated,Fibro_peribronchial,0.0590781569480896,38.587501525878906,0.0
Ciliated,Fibro_perichondrial,0.12975506484508514,84.75084686279297,0.0
Ciliated,ILC,0.00836491771042347,5.463631629943848,4.6649106784133284e-08
Ciliated,Ionocyte_n_Brush,0.51861971616745,338.74176025390625,0.0
Ciliated,MAIT,-0.035353884100914,-23.091751098632812,5.60367765804325e-118
Ciliated,Macro_CHIT1,-0.08031778782606125,-52.460384368896484,0.0
Ciliated,Macro_interstitial,-0.06144377961754799,-40.132633209228516,0.0
Ciliated,Macro_AW_CX3CR1,0.15250509977340698,99.61026000976562,0.0
Ciliated,Macro_alveolar_metallothioneins,-0.0717698186635971,-46.87718963623047,0.0
Ciliated,Macro_alv,-0.06030400097370148,-39.3881721496582,0.0
Ciliated,Macro_dividing,-0.06444872170686722,-42.095340728759766,0.0
Ciliated,Macro_int,-0.12948714196681976,-84.57585144042969,0.0
Ciliated,Macro_CCL,-0.06240148842334747,-40.75817108154297,0.0
Ciliated,Mast_cell,0.008117716759443283,5.3021697998046875,1.1443432637029838e-07
Ciliated,Megakaryocyte,0.2012234330177307,131.43113708496094,0.0
Ciliated,Mesothelia,-0.08409923315048218,-54.93027114868164,0.0
Ciliated,Macrophage_intermediate,-0.055666517466306686,-36.359153747558594,1.883381624070661e-289
Ciliated,Monocyte_CD14,-0.11586771160364151,-75.68017578125,0.0
Ciliated,Monocyte_CD16,-0.07256421446800232,-47.39605712890625,0.0
Ciliated,Muscle_airway,0.04788736626505852,31.278121948242188,9.259118985040532e-215
Ciliated,Muscle_pericyte_airway,-0.07058733701705933,-46.10483932495117,0.0
Ciliated,Muscle_pericyte_parenchyma,-0.06438082456588745,-42.05099105834961,0.0
Ciliated,Muscle_perivascular_immune_recruiting,0.03718089684844017,24.28508186340332,2.818259432477196e-130
Ciliated,Muscle_smooth_pulmonary,0.06097564846277237,39.826866149902344,0.0
Ciliated,Muscle_smooth_syst_arterial,0.07568281888961792,49.433006286621094,0.0
Ciliated,Myoepithelial,0.06595233082771301,43.07743835449219,0.0
Ciliated,NAF_endoneurial,-0.0355948843061924,-23.249162673950195,1.4505481188332717e-119
Ciliated,NAF_perineurial,0.04443853348493576,29.025482177734375,3.1386269097388086e-185
Ciliated,NK_CD16hi,0.03357502818107605,21.929872512817383,1.3480456683961733e-106
Ciliated,NKT,-0.07238546758890152,-47.2793083190918,0.0
Ciliated,NK_CD11d,0.1410115361213684,92.1031265258789,0.0
Ciliated,NK_CD56bright,0.2011404037475586,131.3769073486328,0.0
Ciliated,Neuroendocrine,0.16110669076442719,105.22847747802734,0.0
Ciliated,SMG_Basal,0.27285823225975037,178.2201385498047,0.0
Ciliated,SMG_Duct,0.18763615190982819,122.55646514892578,0.0
Ciliated,SMG_Mucous,0.2166072130203247,141.47921752929688,0.0
Ciliated,SMG_Serous,0.1086096540093422,70.93950653076172,0.0
Ciliated,Schwann_Myelinating,0.06449256837368011,42.12397766113281,0.0
Ciliated,Schwann_nonmyelinating,-0.16093601286411285,-105.11699676513672,0.0
Ciliated,Secretory_Club,0.41726019978523254,272.5377502441406,0.0
Ciliated,Secretory_Goblet,0.57398921251297,374.90692138671875,0.0
Ciliated,Suprabasal,0.527086079120636,344.27166748046875,0.0
Ciliated,T_reg,0.034810781478881836,22.737016677856445,1.929047161366013e-114
Ciliated,gdT,-0.017166251316666603,-11.212312698364258,3.547998578328973e-29
DC_1,DC_1,0.8055505752563477,526.153564453125,0.0
DC_1,DC_2,0.7277659773826599,475.3477783203125,0.0
DC_1,DC_activated,0.7371901273727417,481.5032653808594,0.0
DC_1,DC_plasmacytoid,0.6416419744491577,419.0950012207031,0.0
DC_1,Deuterosomal,-0.19448909163475037,-127.03253936767578,0.0
DC_1,Dividing_AT2,0.5862697958946228,382.9281005859375,0.0
DC_1,Dividing_Basal,0.28191298246383667,184.13433837890625,0.0
DC_1,Endothelia_Lymphatic,0.4890439510345459,319.4240417480469,0.0
DC_1,Endothelia_vascular_Cap_a,0.6576370000839233,429.5423278808594,0.0
DC_1,Endothelia_vascular_Cap_g,0.6282417178153992,410.3424987792969,0.0
DC_1,Endothelia_vascular_arterial_pulmonary,0.5149396061897278,336.33807373046875,0.0
DC_1,Endothelia_vascular_arterial_systemic,0.21023482084274292,137.3170166015625,0.0
DC_1,Endothelia_vascular_venous_pulmonary,0.47065648436546326,307.4140930175781,0.0
DC_1,Endothelia_vascular_venous_systemic,0.3857108950614929,251.93101501464844,0.0
DC_1,Erythrocyte,0.7374769449234009,481.6905822753906,0.0
DC_1,Fibro_adventitial,0.23158062994480133,151.25924682617188,0.0
DC_1,Fibro_alveolar,0.68497234582901,447.39666748046875,0.0
DC_1,Fibro_immune_recruiting,0.3791356086730957,247.63629150390625,0.0
DC_1,Fibro_myofibroblast,0.23988430202007294,156.68287658691406,0.0
DC_1,Fibro_peribronchial,0.2576037645339966,168.25653076171875,0.0
DC_1,Fibro_perichondrial,0.18651410937309265,121.82359313964844,0.0
DC_1,ILC,0.6801260113716125,444.23126220703125,0.0
DC_1,Ionocyte_n_Brush,-0.01567506603896618,-10.23832893371582,1.335225799570552e-24
DC_1,MAIT,0.7276808619499207,475.29217529296875,0.0
DC_1,Macro_CHIT1,0.6345781087875366,414.4811706542969,0.0
DC_1,Macro_interstitial,0.7702847123146057,503.11932373046875,0.0
DC_1,Macro_AW_CX3CR1,0.6151053309440613,401.7623291015625,0.0
DC_1,Macro_alveolar_metallothioneins,0.7412380576133728,484.147216796875,0.0
DC_1,Macro_alv,0.6054306626319885,395.4432067871094,0.0
DC_1,Macro_dividing,0.6768468618392944,442.0894470214844,0.0
DC_1,Macro_int,0.7735500335693359,505.2521057128906,0.0
DC_1,Macro_CCL,0.7549194097518921,493.08331298828125,0.0
DC_1,Mast_cell,0.6959010362625122,454.53485107421875,0.0
DC_1,Megakaryocyte,0.3511244058609009,229.34048461914062,0.0
DC_1,Mesothelia,0.4717802405357361,308.1480712890625,0.0
DC_1,Macrophage_intermediate,0.727272629737854,475.0255432128906,0.0
DC_1,Monocyte_CD14,0.7587039470672607,495.55523681640625,0.0
DC_1,Monocyte_CD16,0.7456638216972351,487.0379333496094,0.0
DC_1,Muscle_airway,0.019954269751906395,13.033334732055664,7.907464315233226e-39
DC_1,Muscle_pericyte_airway,0.4122028648853302,269.2344970703125,0.0
DC_1,Muscle_pericyte_parenchyma,0.6203672885894775,405.19921875,0.0
DC_1,Muscle_perivascular_immune_recruiting,0.4148614704608917,270.97100830078125,0.0
DC_1,Muscle_smooth_pulmonary,0.019067754969000816,12.454298973083496,1.3251070901384293e-35
DC_1,Muscle_smooth_syst_arterial,0.023842589929699898,15.573031425476074,1.110185811157447e-54
DC_1,Myoepithelial,0.372278094291687,243.15724182128906,0.0
DC_1,NAF_endoneurial,0.0033723032101988792,2.2026543617248535,0.027619119245847867
DC_1,NAF_perineurial,0.009210018441081047,6.015617370605469,1.792024044422133e-09
DC_1,NK_CD16hi,0.6592620611190796,430.603759765625,0.0
DC_1,NKT,0.7325299382209778,478.45941162109375,0.0
DC_1,NK_CD11d,0.597867488861084,390.5032653808594,0.0
DC_1,NK_CD56bright,0.5710353851318359,372.97760009765625,0.0
DC_1,Neuroendocrine,0.4109232425689697,268.3987121582031,0.0
DC_1,SMG_Basal,0.40324026346206665,263.3804931640625,0.0
DC_1,SMG_Duct,0.2543298900127411,166.1181640625,0.0
DC_1,SMG_Mucous,0.31681138277053833,206.9285888671875,0.0
DC_1,SMG_Serous,0.31894898414611816,208.3247833251953,0.0
DC_1,Schwann_Myelinating,0.1596382111310959,104.26932525634766,0.0
DC_1,Schwann_nonmyelinating,-0.2852725088596344,-186.3286590576172,0.0
DC_1,Secretory_Club,0.051129285246133804,33.39561462402344,1.587426326124198e-244
DC_1,Secretory_Goblet,-0.27653971314430237,-180.62474060058594,0.0
DC_1,Suprabasal,-0.05503816530108452,-35.94873809814453,5.296457719961923e-283
DC_1,T_reg,0.6851707696914673,447.5262756347656,0.0
DC_1,gdT,0.6981232762336731,455.9863586425781,0.0
DC_2,DC_2,0.71966153383255,470.0542907714844,0.0
DC_2,DC_activated,0.7132449746131897,465.8632507324219,0.0
DC_2,DC_plasmacytoid,0.652698814868927,426.31689453125,0.0
DC_2,Deuterosomal,-0.09076448529958725,-59.283748626708984,0.0
DC_2,Dividing_AT2,0.6275668144226074,409.90167236328125,0.0
DC_2,Dividing_Basal,0.36029982566833496,235.33351135253906,0.0
DC_2,Endothelia_Lymphatic,0.4288769066333771,280.1253356933594,0.0
DC_2,Endothelia_vascular_Cap_a,0.6493932604789734,424.1578369140625,0.0
DC_2,Endothelia_vascular_Cap_g,0.6252924203872681,408.4161376953125,0.0
DC_2,Endothelia_vascular_arterial_pulmonary,0.5026220083236694,328.2926940917969,0.0
DC_2,Endothelia_vascular_arterial_systemic,0.22196193039417267,144.97669982910156,0.0
DC_2,Endothelia_vascular_venous_pulmonary,0.45272693037986755,295.7032165527344,0.0
DC_2,Endothelia_vascular_venous_systemic,0.34622642397880554,226.14132690429688,0.0
DC_2,Erythrocyte,0.6898127794265747,450.5582580566406,0.0
DC_2,Fibro_adventitial,0.21675178408622742,141.57363891601562,0.0
DC_2,Fibro_alveolar,0.6541179418563843,427.2438049316406,0.0
DC_2,Fibro_immune_recruiting,0.3837403357028961,250.6439208984375,0.0
DC_2,Fibro_myofibroblast,0.21892964839935303,142.9961395263672,0.0
DC_2,Fibro_peribronchial,0.2758767604827881,180.1917266845703,0.0
DC_2,Fibro_perichondrial,0.1840154528617859,120.19157409667969,0.0
DC_2,ILC,0.66452956199646,434.0442810058594,0.0
DC_2,Ionocyte_n_Brush,0.1190895065665245,77.78453063964844,0.0
DC_2,MAIT,0.697916567325592,455.851318359375,0.0
DC_2,Macro_CHIT1,0.5383256077766418,351.61285400390625,0.0
DC_2,Macro_interstitial,0.7153909802436829,467.2649230957031,0.0
DC_2,Macro_AW_CX3CR1,0.6435757279396057,420.3580627441406,0.0
DC_2,Macro_alveolar_metallothioneins,0.6814728379249573,445.1109313964844,0.0
DC_2,Macro_alv,0.5164992809295654,337.3567810058594,0.0
DC_2,Macro_dividing,0.5973300933837891,390.1522521972656,0.0
DC_2,Macro_int,0.6803885102272034,444.4027099609375,0.0
DC_2,Macro_CCL,0.707474946975708,462.094482421875,0.0
DC_2,Mast_cell,0.6595470309257507,430.7898864746094,0.0
DC_2,Megakaryocyte,0.4108005166053772,268.31854248046875,0.0
DC_2,Mesothelia,0.43058067560195923,281.2381591796875,0.0
DC_2,Macrophage_intermediate,0.6829688549041748,446.08807373046875,0.0
DC_2,Monocyte_CD14,0.6949242353439331,453.8968505859375,0.0
DC_2,Monocyte_CD16,0.6987941861152649,456.424560546875,0.0
DC_2,Muscle_airway,0.008878533728420734,5.799105167388916,6.6669713437488756e-09
DC_2,Muscle_pericyte_airway,0.3625635504722595,236.8120880126953,0.0
DC_2,Muscle_pericyte_parenchyma,0.6198541522026062,404.86407470703125,0.0
DC_2,Muscle_perivascular_immune_recruiting,0.4228181540966034,276.1679992675781,0.0
DC_2,Muscle_smooth_pulmonary,0.00881932582706213,5.760432720184326,8.389856779053823e-09
DC_2,Muscle_smooth_syst_arterial,0.01029242854565382,6.722604751586914,1.7850431944779864e-11
DC_2,Myoepithelial,0.4009215235710144,261.8659973144531,0.0
DC_2,NAF_endoneurial,-0.0007337444112636149,-0.4792526662349701,0.631758891233086
DC_2,NAF_perineurial,0.001249387045390904,0.8160498738288879,0.4144716114032806
DC_2,NK_CD16hi,0.6655926704406738,434.7386474609375,0.0
DC_2,NKT,0.6936726570129395,453.0793762207031,0.0
DC_2,NK_CD11d,0.635481059551239,415.0709533691406,0.0
DC_2,NK_CD56bright,0.6172006726264954,403.13092041015625,0.0
DC_2,Neuroendocrine,0.44141653180122375,288.3157043457031,0.0
DC_2,SMG_Basal,0.44020727276802063,287.52587890625,0.0
DC_2,SMG_Duct,0.33004307746887207,215.5709991455078,0.0
DC_2,SMG_Mucous,0.3935428857803345,257.0465393066406,0.0
DC_2,SMG_Serous,0.36298367381095886,237.08648681640625,0.0
DC_2,Schwann_Myelinating,0.2074708193540573,135.51168823242188,0.0
DC_2,Schwann_nonmyelinating,-0.29033413529396057,-189.63470458984375,0.0
DC_2,Secretory_Club,0.15228548645973206,99.4668197631836,0.0
DC_2,Secretory_Goblet,-0.11872521042823792,-77.54658508300781,0.0
DC_2,Suprabasal,0.06619767099618912,43.23768615722656,0.0
DC_2,T_reg,0.6797070503234863,443.9576110839844,0.0
DC_2,gdT,0.6763769388198853,441.7825012207031,0.0
DC_activated,DC_activated,0.733262300491333,478.937744140625,0.0
DC_activated,DC_plasmacytoid,0.6758174300193787,441.41705322265625,0.0
DC_activated,Deuterosomal,-0.10800275951623917,-70.54310607910156,0.0
DC_activated,Dividing_AT2,0.6282163262367249,410.3258972167969,0.0
DC_activated,Dividing_Basal,0.351929247379303,229.86618041992188,0.0
DC_activated,Endothelia_Lymphatic,0.46643713116645813,304.6581726074219,0.0
DC_activated,Endothelia_vascular_Cap_a,0.6887428164482117,449.8594055175781,0.0
DC_activated,Endothelia_vascular_Cap_g,0.6675998568534851,436.0496520996094,0.0
DC_activated,Endothelia_vascular_arterial_pulmonary,0.5598079562187195,365.644287109375,0.0
DC_activated,Endothelia_vascular_arterial_systemic,0.25695088505744934,167.83009338378906,0.0
DC_activated,Endothelia_vascular_venous_pulmonary,0.5080896615982056,331.86395263671875,0.0
DC_activated,Endothelia_vascular_venous_systemic,0.37242794036865234,243.25511169433594,0.0
DC_activated,Erythrocyte,0.7315912842750549,477.8463134765625,0.0
DC_activated,Fibro_adventitial,0.23604260385036469,154.1736297607422,0.0
DC_activated,Fibro_alveolar,0.6969759464263916,455.2369689941406,0.0
DC_activated,Fibro_immune_recruiting,0.4021089971065521,262.6416015625,0.0
DC_activated,Fibro_myofibroblast,0.24115490913391113,157.51278686523438,0.0
DC_activated,Fibro_peribronchial,0.32292404770851135,210.921142578125,0.0
DC_activated,Fibro_perichondrial,0.15416401624679565,100.69380187988281,0.0
DC_activated,ILC,0.7025880217552185,458.90252685546875,0.0
DC_activated,Ionocyte_n_Brush,0.050534822046756744,33.0073356628418,6.3744415983290495e-239
DC_activated,MAIT,0.7344310283660889,479.70111083984375,0.0
DC_activated,Macro_CHIT1,0.5396708846092224,352.4915466308594,0.0
DC_activated,Macro_interstitial,0.7347537279129028,479.9118957519531,0.0
DC_activated,Macro_AW_CX3CR1,0.6412186622619629,418.8185119628906,0.0
DC_activated,Macro_alveolar_metallothioneins,0.7051458358764648,460.5732116699219,0.0
DC_activated,Macro_alv,0.5076271295547485,331.56182861328125,0.0
DC_activated,Macro_dividing,0.6004876494407654,392.2146301269531,0.0
DC_activated,Macro_int,0.6962311267852783,454.7504577636719,0.0
DC_activated,Macro_CCL,0.7343195080757141,479.6282958984375,0.0
DC_activated,Mast_cell,0.6903139352798462,450.8855895996094,0.0
DC_activated,Megakaryocyte,0.43994829058647156,287.3567199707031,0.0
DC_activated,Mesothelia,0.4466567635536194,291.7384338378906,0.0
DC_activated,Macrophage_intermediate,0.7136613130569458,466.1351623535156,0.0
DC_activated,Monocyte_CD14,0.7277148962020874,475.3144226074219,0.0
DC_activated,Monocyte_CD16,0.7312070727348328,477.5953674316406,0.0
DC_activated,Muscle_airway,0.0656123012304306,42.855342864990234,0.0
DC_activated,Muscle_pericyte_airway,0.3859935998916626,252.11566162109375,0.0
DC_activated,Muscle_pericyte_parenchyma,0.6640501022338867,433.7311096191406,0.0
DC_activated,Muscle_perivascular_immune_recruiting,0.44090956449508667,287.9845886230469,0.0
DC_activated,Muscle_smooth_pulmonary,0.06547525525093079,42.765830993652344,0.0
DC_activated,Muscle_smooth_syst_arterial,0.06872206181287766,44.88651657104492,0.0
DC_activated,Myoepithelial,0.4195084571838379,274.0062255859375,0.0
DC_activated,NAF_endoneurial,0.0737525150179863,48.17220687866211,0.0
DC_activated,NAF_perineurial,0.06886084377765656,44.9771614074707,0.0
DC_activated,NK_CD16hi,0.6978374123573303,455.79962158203125,0.0
DC_activated,NKT,0.7331886887550354,478.8896789550781,0.0
DC_activated,NK_CD11d,0.6521381139755249,425.9506530761719,0.0
DC_activated,NK_CD56bright,0.6244831085205078,407.88751220703125,0.0
DC_activated,Neuroendocrine,0.46520355343818665,303.8524475097656,0.0
DC_activated,SMG_Basal,0.43144699931144714,281.80401611328125,0.0
DC_activated,SMG_Duct,0.3197908401489258,208.87464904785156,0.0
DC_activated,SMG_Mucous,0.3900950849056244,254.79458618164062,0.0
DC_activated,SMG_Serous,0.36935362219810486,241.24708557128906,0.0
DC_activated,Schwann_Myelinating,0.2431401014328003,158.80943298339844,0.0
DC_activated,Schwann_nonmyelinating,-0.227810800075531,-148.7969512939453,0.0
DC_activated,Secretory_Club,0.05536705628037453,36.16355895996094,2.2778494636684016e-286
DC_activated,Secretory_Goblet,-0.2283303588628769,-149.1363067626953,0.0
DC_activated,Suprabasal,0.0019379786681383848,1.2658106088638306,0.2055808959996388
DC_activated,T_reg,0.7114275693893433,464.6761779785156,0.0
DC_activated,gdT,0.7163692116737366,467.90386962890625,0.0
DC_plasmacytoid,DC_plasmacytoid,0.6882806420326233,449.5575256347656,0.0
DC_plasmacytoid,Deuterosomal,0.00923190638422966,6.029913902282715,1.6404705174233014e-09
DC_plasmacytoid,Dividing_AT2,0.6290869116783142,410.89453125,0.0
DC_plasmacytoid,Dividing_Basal,0.4466489553451538,291.73333740234375,0.0
DC_plasmacytoid,Endothelia_Lymphatic,0.482039213180542,314.8488464355469,0.0
DC_plasmacytoid,Endothelia_vascular_Cap_a,0.6401222944259644,418.1024169921875,0.0
DC_plasmacytoid,Endothelia_vascular_Cap_g,0.6324272155761719,413.0762939453125,0.0
DC_plasmacytoid,Endothelia_vascular_arterial_pulmonary,0.5856285691261292,382.50927734375,0.0
DC_plasmacytoid,Endothelia_vascular_arterial_systemic,0.32173070311546326,210.14169311523438,0.0
DC_plasmacytoid,Endothelia_vascular_venous_pulmonary,0.5671733021736145,370.4550476074219,0.0
DC_plasmacytoid,Endothelia_vascular_venous_systemic,0.41862207651138306,273.4272766113281,0.0
DC_plasmacytoid,Erythrocyte,0.6684343218803406,436.5946960449219,0.0
DC_plasmacytoid,Fibro_adventitial,0.31578007340431213,206.25497436523438,0.0
DC_plasmacytoid,Fibro_alveolar,0.6242773532867432,407.75311279296875,0.0
DC_plasmacytoid,Fibro_immune_recruiting,0.4871843159198761,318.20941162109375,0.0
DC_plasmacytoid,Fibro_myofibroblast,0.29830315709114075,194.83975219726562,0.0
DC_plasmacytoid,Fibro_peribronchial,0.44173118472099304,288.521240234375,0.0
DC_plasmacytoid,Fibro_perichondrial,0.14716753363609314,96.12397766113281,0.0
DC_plasmacytoid,ILC,0.702640175819397,458.9366149902344,0.0
DC_plasmacytoid,Ionocyte_n_Brush,0.12784555554389954,83.50363159179688,0.0
DC_plasmacytoid,MAIT,0.695822536945343,454.48358154296875,0.0
DC_plasmacytoid,Macro_CHIT1,0.40709182620048523,265.89617919921875,0.0
DC_plasmacytoid,Macro_interstitial,0.6418576836585999,419.23590087890625,0.0
DC_plasmacytoid,Macro_AW_CX3CR1,0.6561363339424133,428.5621337890625,0.0
DC_plasmacytoid,Macro_alveolar_metallothioneins,0.656545102596283,428.8291320800781,0.0
DC_plasmacytoid,Macro_alv,0.3668999671936035,239.6444549560547,0.0
DC_plasmacytoid,Macro_dividing,0.4709477722644806,307.6043395996094,0.0
DC_plasmacytoid,Macro_int,0.5847256779670715,381.9195556640625,0.0
DC_plasmacytoid,Macro_CCL,0.6611701846122742,431.8500671386719,0.0
DC_plasmacytoid,Mast_cell,0.6653580665588379,434.5854187011719,0.0
DC_plasmacytoid,Megakaryocyte,0.552753210067749,361.0364074707031,0.0
DC_plasmacytoid,Mesothelia,0.4809857904911041,314.1607666015625,0.0
DC_plasmacytoid,Macrophage_intermediate,0.6838330030441284,446.6524963378906,0.0
DC_plasmacytoid,Monocyte_CD14,0.6478399634361267,423.1432800292969,0.0
DC_plasmacytoid,Monocyte_CD16,0.686719536781311,448.5378723144531,0.0
DC_plasmacytoid,Muscle_airway,0.16645121574401855,108.71931457519531,0.0
DC_plasmacytoid,Muscle_pericyte_airway,0.4194355905056,273.9586486816406,0.0
DC_plasmacytoid,Muscle_pericyte_parenchyma,0.6414453983306885,418.96661376953125,0.0
DC_plasmacytoid,Muscle_perivascular_immune_recruiting,0.5251694917678833,343.0198059082031,0.0
DC_plasmacytoid,Muscle_smooth_pulmonary,0.16179539263248444,105.67831420898438,0.0
DC_plasmacytoid,Muscle_smooth_syst_arterial,0.16701993346214294,109.09077453613281,0.0
DC_plasmacytoid,Myoepithelial,0.5154569149017334,336.6759338378906,0.0
DC_plasmacytoid,NAF_endoneurial,0.20674757659435272,135.03929138183594,0.0
DC_plasmacytoid,NAF_perineurial,0.18288245797157288,119.45154571533203,0.0
DC_plasmacytoid,NK_CD16hi,0.7029504776000977,459.1392822265625,0.0
DC_plasmacytoid,NKT,0.694009006023407,453.299072265625,0.0
DC_plasmacytoid,NK_CD11d,0.682158887386322,445.5590515136719,0.0
DC_plasmacytoid,NK_CD56bright,0.6507794260978699,425.063232421875,0.0
DC_plasmacytoid,Neuroendocrine,0.5723528265953064,373.8381042480469,0.0
DC_plasmacytoid,SMG_Basal,0.5098292231559753,333.0001525878906,0.0
DC_plasmacytoid,SMG_Duct,0.44003865122795105,287.4157409667969,0.0
DC_plasmacytoid,SMG_Mucous,0.5055299401283264,330.1920471191406,0.0
DC_plasmacytoid,SMG_Serous,0.4783939719200134,312.4678955078125,0.0
DC_plasmacytoid,Schwann_Myelinating,0.3849624693393707,251.44216918945312,0.0
DC_plasmacytoid,Schwann_nonmyelinating,-0.1288321614265442,-84.14804077148438,0.0
DC_plasmacytoid,Secretory_Club,0.05891811102628708,38.482967376708984,0.0
DC_plasmacytoid,Secretory_Goblet,-0.1804245561361313,-117.84613800048828,0.0
DC_plasmacytoid,Suprabasal,0.08661109954118729,56.5709228515625,0.0
DC_plasmacytoid,T_reg,0.7008376121520996,457.7592468261719,0.0
DC_plasmacytoid,gdT,0.7049993276596069,460.4775085449219,0.0
Deuterosomal,Deuterosomal,0.4787811040878296,312.72076416015625,0.0
Deuterosomal,Dividing_AT2,-0.004167897626757622,-2.7223048210144043,0.0064828315190017
Deuterosomal,Dividing_Basal,0.16473299264907837,107.59703826904297,0.0
Deuterosomal,Endothelia_Lymphatic,-0.17487996816635132,-114.22463989257812,0.0
Deuterosomal,Endothelia_vascular_Cap_a,-0.12805667519569397,-83.64152526855469,0.0
Deuterosomal,Endothelia_vascular_Cap_g,-0.11428675800561905,-74.6475601196289,0.0
Deuterosomal,Endothelia_vascular_arterial_pulmonary,-0.023672981187701225,-15.462249755859375,6.238118033637057e-54
Deuterosomal,Endothelia_vascular_arterial_systemic,0.1273479461669922,83.1786117553711,0.0
Deuterosomal,Endothelia_vascular_venous_pulmonary,-0.056901246309280396,-37.16563034057617,2.451647747176411e-302
Deuterosomal,Endothelia_vascular_venous_systemic,-0.09415393322706223,-61.49760437011719,0.0
Deuterosomal,Erythrocyte,-0.158394917845726,-103.45726013183594,0.0
Deuterosomal,Fibro_adventitial,-0.08468648046255112,-55.313838958740234,0.0
Deuterosomal,Fibro_alveolar,-0.18082423508167267,-118.10719299316406,0.0
Deuterosomal,Fibro_immune_recruiting,-0.02969772182404995,-19.397369384765625,8.122265817530193e-84
Deuterosomal,Fibro_myofibroblast,-0.09633979946374893,-62.925323486328125,0.0
Deuterosomal,Fibro_peribronchial,0.04968009516596794,32.44906234741211,5.584095638841159e-231
Deuterosomal,Fibro_perichondrial,-0.08644280582666397,-56.461002349853516,0.0
Deuterosomal,ILC,-0.0629408210515976,-41.11043930053711,0.0
Deuterosomal,Ionocyte_n_Brush,0.3447325825691223,225.1656036376953,0.0
Deuterosomal,MAIT,-0.12262233346700668,-80.09202575683594,0.0
Deuterosomal,Macro_CHIT1,-0.2241239696741104,-146.38885498046875,0.0
Deuterosomal,Macro_interstitial,-0.19047418236732483,-124.41015625,0.0
Deuterosomal,Macro_AW_CX3CR1,0.006953991949558258,4.5420708656311035,5.570430807537983e-06
Deuterosomal,Macro_alveolar_metallothioneins,-0.18114538490772247,-118.31695556640625,0.0
Deuterosomal,Macro_alv,-0.2174672931432724,-142.04098510742188,0.0
Deuterosomal,Macro_dividing,-0.21379657089710236,-139.64341735839844,0.0
Deuterosomal,Macro_int,-0.2544116675853729,-166.1715850830078,0.0
Deuterosomal,Macro_CCL,-0.17329463362693787,-113.18915557861328,0.0
Deuterosomal,Mast_cell,-0.09562841802835464,-62.46067810058594,0.0
Deuterosomal,Megakaryocyte,0.20069564878940582,131.08641052246094,0.0
Deuterosomal,Mesothelia,-0.11625168472528458,-75.93097686767578,0.0
Deuterosomal,Macrophage_intermediate,-0.14721496403217316,-96.15495300292969,0.0
Deuterosomal,Monocyte_CD14,-0.21772709488868713,-142.21067810058594,0.0
Deuterosomal,Monocyte_CD16,-0.1682714819908142,-109.90823364257812,0.0
Deuterosomal,Muscle_airway,0.09605663269758224,62.74037170410156,0.0
Deuterosomal,Muscle_pericyte_airway,-0.13387778401374817,-87.44364166259766,0.0
Deuterosomal,Muscle_pericyte_parenchyma,-0.11390859633684158,-74.40056610107422,0.0
Deuterosomal,Muscle_perivascular_immune_recruiting,-0.015968313440680504,-10.429866790771484,1.811420629703722e-25
Deuterosomal,Muscle_smooth_pulmonary,0.11851460486650467,77.40902709960938,0.0
Deuterosomal,Muscle_smooth_syst_arterial,0.13695338368415833,89.45249938964844,0.0
Deuterosomal,Myoepithelial,0.042659640312194824,27.86357879638672,7.3753514279283255e-171
Deuterosomal,NAF_endoneurial,0.15550220012664795,101.5678482055664,0.0
Deuterosomal,NAF_perineurial,0.15064767003059387,98.39706420898438,0.0
Deuterosomal,NK_CD16hi,-0.03878030553460121,-25.32975196838379,1.5023147904490323e-141
Deuterosomal,NKT,-0.15230271220207214,-99.47807312011719,0.0
Deuterosomal,NK_CD11d,0.04852156713604927,31.69235610961914,1.9800904967981334e-220
Deuterosomal,NK_CD56bright,0.08805068582296371,57.51120376586914,0.0
Deuterosomal,Neuroendocrine,0.11704318970441818,76.44795227050781,0.0
Deuterosomal,SMG_Basal,0.14519430696964264,94.83514404296875,0.0
Deuterosomal,SMG_Duct,0.1265326887369156,82.6461181640625,0.0
Deuterosomal,SMG_Mucous,0.16828653216362,109.9180679321289,0.0
Deuterosomal,SMG_Serous,0.06984668970108032,45.62107849121094,0.0
Deuterosomal,Schwann_Myelinating,0.18946324288845062,123.7498550415039,0.0
Deuterosomal,Schwann_nonmyelinating,0.22642827033996582,147.89393615722656,0.0
Deuterosomal,Secretory_Club,0.1397688388824463,91.29144287109375,0.0
Deuterosomal,Secretory_Goblet,0.309565931558609,202.19615173339844,0.0
Deuterosomal,Suprabasal,0.37519922852516174,245.06520080566406,0.0
Deuterosomal,T_reg,-0.051446348428726196,-33.60270690917969,1.531550318318373e-247
Deuterosomal,gdT,-0.09000011533498764,-58.78449249267578,0.0
Dividing_AT2,Dividing_AT2,0.6286660432815552,410.61962890625,0.0
Dividing_AT2,Dividing_Basal,0.4367973804473877,285.2986755371094,0.0
Dividing_AT2,Endothelia_Lymphatic,0.39920514822006226,260.7449035644531,0.0
Dividing_AT2,Endothelia_vascular_Cap_a,0.6021794676780701,393.3196716308594,0.0
Dividing_AT2,Endothelia_vascular_Cap_g,0.5906890630722046,385.8146057128906,0.0
Dividing_AT2,Endothelia_vascular_arterial_pulmonary,0.507163405418396,331.2589416503906,0.0
Dividing_AT2,Endothelia_vascular_arterial_systemic,0.26903846859931946,175.7252197265625,0.0
Dividing_AT2,Endothelia_vascular_venous_pulmonary,0.4748784005641937,310.1716613769531,0.0
Dividing_AT2,Endothelia_vascular_venous_systemic,0.3484179675579071,227.57275390625,0.0
Dividing_AT2,Erythrocyte,0.5976371169090271,390.352783203125,0.0
Dividing_AT2,Fibro_adventitial,0.24661999940872192,161.08236694335938,0.0
Dividing_AT2,Fibro_alveolar,0.5778675675392151,377.4400939941406,0.0
Dividing_AT2,Fibro_immune_recruiting,0.4112875163555145,268.6366271972656,0.0
Dividing_AT2,Fibro_myofibroblast,0.24225255846977234,158.229736328125,0.0
Dividing_AT2,Fibro_peribronchial,0.3616773784160614,236.2332763671875,0.0
Dividing_AT2,Fibro_perichondrial,0.16581785678863525,108.30562591552734,0.0
Dividing_AT2,ILC,0.628663182258606,410.6177673339844,0.0
Dividing_AT2,Ionocyte_n_Brush,0.18611307442188263,121.56165313720703,0.0
Dividing_AT2,MAIT,0.6311150193214417,412.2192077636719,0.0
Dividing_AT2,Macro_CHIT1,0.38274261355400085,249.99224853515625,0.0
Dividing_AT2,Macro_interstitial,0.5923607349395752,386.9064636230469,0.0
Dividing_AT2,Macro_AW_CX3CR1,0.6186012625694275,404.04571533203125,0.0
Dividing_AT2,Macro_alveolar_metallothioneins,0.5825190544128418,380.478271484375,0.0
Dividing_AT2,Macro_alv,0.3614402711391449,236.07839965820312,0.0
Dividing_AT2,Macro_dividing,0.4490513801574707,293.302490234375,0.0
Dividing_AT2,Macro_int,0.5243372321128845,342.4762268066406,0.0
Dividing_AT2,Macro_CCL,0.6054229140281677,395.43817138671875,0.0
Dividing_AT2,Mast_cell,0.5893975496292114,384.9710388183594,0.0
Dividing_AT2,Megakaryocyte,0.48977383971214294,319.9007873535156,0.0
Dividing_AT2,Mesothelia,0.39550548791885376,258.3284606933594,0.0
Dividing_AT2,Macrophage_intermediate,0.6076360940933228,396.88372802734375,0.0
Dividing_AT2,Monocyte_CD14,0.5795594453811646,378.545166015625,0.0
Dividing_AT2,Monocyte_CD16,0.6138482689857483,400.9412536621094,0.0
Dividing_AT2,Muscle_airway,0.0923151895403862,60.296607971191406,0.0
Dividing_AT2,Muscle_pericyte_airway,0.34499603509902954,225.33767700195312,0.0
Dividing_AT2,Muscle_pericyte_parenchyma,0.5934078693389893,387.59039306640625,0.0
Dividing_AT2,Muscle_perivascular_immune_recruiting,0.44783517718315125,292.50811767578125,0.0
Dividing_AT2,Muscle_smooth_pulmonary,0.08746255934238434,57.1270637512207,0.0
Dividing_AT2,Muscle_smooth_syst_arterial,0.08890834450721741,58.07139205932617,0.0
Dividing_AT2,Myoepithelial,0.4483844041824341,292.8668518066406,0.0
Dividing_AT2,NAF_endoneurial,0.11110421270132065,72.56884765625,0.0
Dividing_AT2,NAF_perineurial,0.0986548364162445,64.43741607666016,0.0
Dividing_AT2,NK_CD16hi,0.6413934826850891,418.9327087402344,0.0
Dividing_AT2,NKT,0.6226050853729248,406.6608581542969,0.0
Dividing_AT2,NK_CD11d,0.6333126425743103,413.6546325683594,0.0
Dividing_AT2,NK_CD56bright,0.6137853860855103,400.9001770019531,0.0
Dividing_AT2,Neuroendocrine,0.493440717458725,322.29583740234375,0.0
Dividing_AT2,SMG_Basal,0.5026178359985352,328.28997802734375,0.0
Dividing_AT2,SMG_Duct,0.3951468765735626,258.0942077636719,0.0
Dividing_AT2,SMG_Mucous,0.4692797362804413,306.5148620605469,0.0
Dividing_AT2,SMG_Serous,0.4153190553188324,271.2698669433594,0.0
Dividing_AT2,Schwann_Myelinating,0.30754733085632324,200.877685546875,0.0
Dividing_AT2,Schwann_nonmyelinating,-0.1952584683895111,-127.53506469726562,0.0
Dividing_AT2,Secretory_Club,0.15953244268894196,104.20024108886719,0.0
Dividing_AT2,Secretory_Goblet,-0.08848686516284943,-57.79610061645508,0.0
Dividing_AT2,Suprabasal,0.1306280791759491,85.32106018066406,0.0
Dividing_AT2,T_reg,0.6387656927108765,417.2163391113281,0.0
Dividing_AT2,gdT,0.6319196820259094,412.7447814941406,0.0
Dividing_Basal,Dividing_Basal,0.5792930722236633,378.3711853027344,0.0
Dividing_Basal,Endothelia_Lymphatic,0.2810678482055664,183.58233642578125,0.0
Dividing_Basal,Endothelia_vascular_Cap_a,0.3495928943157196,228.3401641845703,0.0
Dividing_Basal,Endothelia_vascular_Cap_g,0.3607105314731598,235.6017608642578,0.0
Dividing_Basal,Endothelia_vascular_arterial_pulmonary,0.3282756209373474,214.4165802001953,0.0
Dividing_Basal,Endothelia_vascular_arterial_systemic,0.20112556219100952,131.36721801757812,0.0
Dividing_Basal,Endothelia_vascular_venous_pulmonary,0.3779791295528412,246.88092041015625,0.0
Dividing_Basal,Endothelia_vascular_venous_systemic,0.27703148126602173,180.94593811035156,0.0
Dividing_Basal,Erythrocyte,0.30161893367767334,197.0054931640625,0.0
Dividing_Basal,Fibro_adventitial,0.25732919573783875,168.0771942138672,0.0
Dividing_Basal,Fibro_alveolar,0.2847363352775574,185.9784393310547,0.0
Dividing_Basal,Fibro_immune_recruiting,0.4087299108505249,266.96612548828125,0.0
Dividing_Basal,Fibro_myofibroblast,0.23049655556678772,150.55117797851562,0.0
Dividing_Basal,Fibro_peribronchial,0.3846527934074402,251.23989868164062,0.0
Dividing_Basal,Fibro_perichondrial,0.07517212629318237,49.09944152832031,0.0
Dividing_Basal,ILC,0.42135220766067505,275.21051025390625,0.0
Dividing_Basal,Ionocyte_n_Brush,0.24036186933517456,156.99481201171875,0.0
Dividing_Basal,MAIT,0.3728627860546112,243.5391387939453,0.0
Dividing_Basal,Macro_CHIT1,0.09145697206258774,59.736053466796875,0.0
Dividing_Basal,Macro_interstitial,0.2837740480899811,185.34991455078125,0.0
Dividing_Basal,Macro_AW_CX3CR1,0.46588435769081116,304.297119140625,0.0
Dividing_Basal,Macro_alveolar_metallothioneins,0.3371340334415436,220.20252990722656,0.0
Dividing_Basal,Macro_alv,0.06127054989337921,40.01948547363281,0.0
Dividing_Basal,Macro_dividing,0.13586586713790894,88.74217987060547,0.0
Dividing_Basal,Macro_int,0.21683229506015778,141.626220703125,0.0
Dividing_Basal,Macro_CCL,0.31780511140823364,207.57765197753906,0.0
Dividing_Basal,Mast_cell,0.3538476526737213,231.11920166015625,0.0
Dividing_Basal,Megakaryocyte,0.47266656160354614,308.72698974609375,0.0
Dividing_Basal,Mesothelia,0.3475954234600067,227.03549194335938,0.0
Dividing_Basal,Macrophage_intermediate,0.37977614998817444,248.05467224121094,0.0
Dividing_Basal,Monocyte_CD14,0.28239932656288147,184.45199584960938,0.0
Dividing_Basal,Monocyte_CD16,0.3592904508113861,234.67422485351562,0.0
Dividing_Basal,Muscle_airway,0.10721650719642639,70.02955627441406,0.0
Dividing_Basal,Muscle_pericyte_airway,0.2727746367454529,178.16554260253906,0.0
Dividing_Basal,Muscle_pericyte_parenchyma,0.3721092641353607,243.04696655273438,0.0
Dividing_Basal,Muscle_perivascular_immune_recruiting,0.4271531105041504,278.9994201660156,0.0
Dividing_Basal,Muscle_smooth_pulmonary,0.09828085452318192,64.19314575195312,0.0
Dividing_Basal,Muscle_smooth_syst_arterial,0.0929439440369606,60.7072868347168,0.0
Dividing_Basal,Myoepithelial,0.45102807879447937,294.5935974121094,0.0
Dividing_Basal,NAF_endoneurial,0.19515888392925262,127.47001647949219,0.0
Dividing_Basal,NAF_perineurial,0.12269126623868942,80.13705444335938,0.0
Dividing_Basal,NK_CD16hi,0.44781744480133057,292.49652099609375,0.0
Dividing_Basal,NKT,0.366852343082428,239.6133575439453,0.0
Dividing_Basal,NK_CD11d,0.4804583191871643,313.8162536621094,0.0
Dividing_Basal,NK_CD56bright,0.4571560025215149,298.5960998535156,0.0
Dividing_Basal,Neuroendocrine,0.4709024727344513,307.57476806640625,0.0
Dividing_Basal,SMG_Basal,0.4588364362716675,299.6936950683594,0.0
Dividing_Basal,SMG_Duct,0.47101685404777527,307.64947509765625,0.0
Dividing_Basal,SMG_Mucous,0.5179522633552551,338.3058166503906,0.0
Dividing_Basal,SMG_Serous,0.451452374458313,294.8707275390625,0.0
Dividing_Basal,Schwann_Myelinating,0.420105904340744,274.3964538574219,0.0
Dividing_Basal,Schwann_nonmyelinating,0.018578898161649704,12.134997367858887,6.891222046183047e-34
Dividing_Basal,Secretory_Club,0.13738998770713806,89.7376708984375,0.0
Dividing_Basal,Secretory_Goblet,0.00870146881788969,5.68345308303833,1.3200194872152917e-08
Dividing_Basal,Suprabasal,0.20078615844249725,131.14552307128906,0.0
Dividing_Basal,T_reg,0.4154234528541565,271.33807373046875,0.0
Dividing_Basal,gdT,0.4083537757396698,266.7204284667969,0.0
Endothelia_Lymphatic,Endothelia_Lymphatic,0.6276524662971497,409.9576110839844,0.0
Endothelia_Lymphatic,Endothelia_vascular_Cap_a,0.43800854682922363,286.0897521972656,0.0
Endothelia_Lymphatic,Endothelia_vascular_Cap_g,0.4381157457828522,286.1597595214844,0.0
Endothelia_Lymphatic,Endothelia_vascular_arterial_pulmonary,0.4451923370361328,290.78192138671875,0.0
Endothelia_Lymphatic,Endothelia_vascular_arterial_systemic,0.21318663656711578,139.24502563476562,0.0
Endothelia_Lymphatic,Endothelia_vascular_venous_pulmonary,0.5707041621208191,372.7612609863281,0.0
Endothelia_Lymphatic,Endothelia_vascular_venous_systemic,0.5061583518981934,330.6025085449219,0.0
Endothelia_Lymphatic,Erythrocyte,0.4981817603111267,325.39251708984375,0.0
Endothelia_Lymphatic,Fibro_adventitial,0.5238453149795532,342.1549072265625,0.0
Endothelia_Lymphatic,Fibro_alveolar,0.4570062756538391,298.4983215332031,0.0
Endothelia_Lymphatic,Fibro_immune_recruiting,0.5411511063575745,353.4583740234375,0.0
Endothelia_Lymphatic,Fibro_myofibroblast,0.521137535572052,340.38629150390625,0.0
Endothelia_Lymphatic,Fibro_peribronchial,0.4960995018482208,324.0324401855469,0.0
Endothelia_Lymphatic,Fibro_perichondrial,0.1618228405714035,105.69624328613281,0.0
Endothelia_Lymphatic,ILC,0.5419065952301025,353.9518127441406,0.0
Endothelia_Lymphatic,Ionocyte_n_Brush,-0.11307026445865631,-73.85299682617188,0.0
Endothelia_Lymphatic,MAIT,0.5237568020820618,342.09710693359375,0.0
Endothelia_Lymphatic,Macro_CHIT1,0.26428860425949097,172.622802734375,0.0
Endothelia_Lymphatic,Macro_interstitial,0.4666443467140198,304.79351806640625,0.0
Endothelia_Lymphatic,Macro_AW_CX3CR1,0.4590810537338257,299.8534851074219,0.0
Endothelia_Lymphatic,Macro_alveolar_metallothioneins,0.5798777341842651,378.7530517578125,0.0
Endothelia_Lymphatic,Macro_alv,0.20844008028507233,136.14476013183594,0.0
Endothelia_Lymphatic,Macro_dividing,0.29219850897789,190.85243225097656,0.0
Endothelia_Lymphatic,Macro_int,0.5034824013710022,328.85467529296875,0.0
Endothelia_Lymphatic,Macro_CCL,0.4892059862613678,319.5298767089844,0.0
Endothelia_Lymphatic,Mast_cell,0.5637319087982178,368.2072448730469,0.0
Endothelia_Lymphatic,Megakaryocyte,0.3623148202896118,236.64962768554688,0.0
Endothelia_Lymphatic,Mesothelia,0.5804300308227539,379.1138000488281,0.0
Endothelia_Lymphatic,Macrophage_intermediate,0.576422929763794,376.49652099609375,0.0
Endothelia_Lymphatic,Monocyte_CD14,0.5443984270095825,355.5793762207031,0.0
Endothelia_Lymphatic,Monocyte_CD16,0.5761561393737793,376.322265625,0.0
Endothelia_Lymphatic,Muscle_airway,0.21694621443748474,141.7006378173828,0.0
Endothelia_Lymphatic,Muscle_pericyte_airway,0.5552482604980469,362.66607666015625,0.0
Endothelia_Lymphatic,Muscle_pericyte_parenchyma,0.4798891544342041,313.4444885253906,0.0
Endothelia_Lymphatic,Muscle_perivascular_immune_recruiting,0.547834575176239,357.82373046875,0.0
Endothelia_Lymphatic,Muscle_smooth_pulmonary,0.20173293352127075,131.76393127441406,0.0
Endothelia_Lymphatic,Muscle_smooth_syst_arterial,0.18448923528194427,120.50102996826172,0.0
Endothelia_Lymphatic,Myoepithelial,0.43655115365982056,285.1378479003906,0.0
Endothelia_Lymphatic,NAF_endoneurial,0.22375701367855072,146.14918518066406,0.0
Endothelia_Lymphatic,NAF_perineurial,0.19924472272396088,130.1387176513672,0.0
Endothelia_Lymphatic,NK_CD16hi,0.5067396759986877,330.982177734375,0.0
Endothelia_Lymphatic,NKT,0.5572241544723511,363.9566345214844,0.0
Endothelia_Lymphatic,NK_CD11d,0.452309250831604,295.430419921875,0.0
Endothelia_Lymphatic,NK_CD56bright,0.3941970765590668,257.4738464355469,0.0
Endothelia_Lymphatic,Neuroendocrine,0.459725022315979,300.2740783691406,0.0
Endothelia_Lymphatic,SMG_Basal,0.3041315972805023,198.6466522216797,0.0
Endothelia_Lymphatic,SMG_Duct,0.3493061065673828,228.15284729003906,0.0
Endothelia_Lymphatic,SMG_Mucous,0.3521004021167755,229.97796630859375,0.0
Endothelia_Lymphatic,SMG_Serous,0.40975692868232727,267.6369323730469,0.0
Endothelia_Lymphatic,Schwann_Myelinating,0.2915237545967102,190.41171264648438,0.0
Endothelia_Lymphatic,Schwann_nonmyelinating,-0.09774771332740784,-63.84491729736328,0.0
Endothelia_Lymphatic,Secretory_Club,-0.10712289065122604,-69.9684066772461,0.0
Endothelia_Lymphatic,Secretory_Goblet,-0.32454049587249756,-211.97694396972656,0.0
Endothelia_Lymphatic,Suprabasal,-0.12151569873094559,-79.36921691894531,0.0
Endothelia_Lymphatic,T_reg,0.5056720972061157,330.2848815917969,0.0
Endothelia_Lymphatic,gdT,0.5449579954147339,355.94488525390625,0.0
Endothelia_vascular_Cap_a,Endothelia_vascular_Cap_a,0.7144412398338318,466.64459228515625,0.0
Endothelia_vascular_Cap_a,Endothelia_vascular_Cap_g,0.6998904347419739,457.1405944824219,0.0
Endothelia_vascular_Cap_a,Endothelia_vascular_arterial_pulmonary,0.5592697858810425,365.2927551269531,0.0
Endothelia_vascular_Cap_a,Endothelia_vascular_arterial_systemic,0.23947763442993164,156.41726684570312,0.0
Endothelia_vascular_Cap_a,Endothelia_vascular_venous_pulmonary,0.5052235722541809,329.991943359375,0.0
Endothelia_vascular_Cap_a,Endothelia_vascular_venous_systemic,0.33229342103004456,217.0408477783203,0.0
Endothelia_vascular_Cap_a,Erythrocyte,0.7002595067024231,457.38165283203125,0.0
Endothelia_vascular_Cap_a,Fibro_adventitial,0.2018953412771225,131.87001037597656,0.0
Endothelia_vascular_Cap_a,Fibro_alveolar,0.7032251954078674,459.3187255859375,0.0
Endothelia_vascular_Cap_a,Fibro_immune_recruiting,0.38565003871917725,251.89126586914062,0.0
Endothelia_vascular_Cap_a,Fibro_myofibroblast,0.22056537866592407,144.0645294189453,0.0
Endothelia_vascular_Cap_a,Fibro_peribronchial,0.31504392623901367,205.77415466308594,0.0
Endothelia_vascular_Cap_a,Fibro_perichondrial,0.09503556042909622,62.073448181152344,0.0
Endothelia_vascular_Cap_a,ILC,0.6773896813392639,442.4440002441406,0.0
Endothelia_vascular_Cap_a,Ionocyte_n_Brush,-0.0165267176926136,-10.794594764709473,3.650694286315799e-27
Endothelia_vascular_Cap_a,MAIT,0.7097951173782349,463.60992431640625,0.0
Endothelia_vascular_Cap_a,Macro_CHIT1,0.47117576003074646,307.7532653808594,0.0
Endothelia_vascular_Cap_a,Macro_interstitial,0.6913657188415527,451.57257080078125,0.0
Endothelia_vascular_Cap_a,Macro_AW_CX3CR1,0.5958786010742188,389.2041931152344,0.0
Endothelia_vascular_Cap_a,Macro_alveolar_metallothioneins,0.6567164063453674,428.9410400390625,0.0
Endothelia_vascular_Cap_a,Macro_alv,0.44458621740341187,290.3860168457031,0.0
Endothelia_vascular_Cap_a,Macro_dividing,0.5432988405227661,354.8611755371094,0.0
Endothelia_vascular_Cap_a,Macro_int,0.6345781087875366,414.4811706542969,0.0
Endothelia_vascular_Cap_a,Macro_CCL,0.6991520524024963,456.6582946777344,0.0
Endothelia_vascular_Cap_a,Mast_cell,0.6358392834663391,415.304931640625,0.0
Endothelia_vascular_Cap_a,Megakaryocyte,0.43198415637016296,282.1548767089844,0.0
Endothelia_vascular_Cap_a,Mesothelia,0.41111353039741516,268.52301025390625,0.0
Endothelia_vascular_Cap_a,Macrophage_intermediate,0.6757931709289551,441.4012145996094,0.0
Endothelia_vascular_Cap_a,Monocyte_CD14,0.6906849145889282,451.1278991699219,0.0
Endothelia_vascular_Cap_a,Monocyte_CD16,0.696779191493988,455.1084289550781,0.0
Endothelia_vascular_Cap_a,Muscle_airway,0.054873593151569366,35.84124755859375,2.517408898364977e-281
Endothelia_vascular_Cap_a,Muscle_pericyte_airway,0.34726598858833313,226.82032775878906,0.0
Endothelia_vascular_Cap_a,Muscle_pericyte_parenchyma,0.6891257762908936,450.1095275878906,0.0
Endothelia_vascular_Cap_a,Muscle_perivascular_immune_recruiting,0.4209088087081909,274.9208984375,0.0
Endothelia_vascular_Cap_a,Muscle_smooth_pulmonary,0.05182349309325218,33.84904479980469,3.748547345419842e-251
Endothelia_vascular_Cap_a,Muscle_smooth_syst_arterial,0.05133034661412239,33.526939392089844,1.9524247881108276e-246
Endothelia_vascular_Cap_a,Myoepithelial,0.41519930958747864,271.1916809082031,0.0
Endothelia_vascular_Cap_a,NAF_endoneurial,0.11365858465433121,74.23726654052734,0.0
Endothelia_vascular_Cap_a,NAF_perineurial,0.07293692976236343,47.63949966430664,0.0
Endothelia_vascular_Cap_a,NK_CD16hi,0.6864349246025085,448.35198974609375,0.0
Endothelia_vascular_Cap_a,NKT,0.711890697479248,464.9786682128906,0.0
Endothelia_vascular_Cap_a,NK_CD11d,0.6303474307060242,411.7178649902344,0.0
Endothelia_vascular_Cap_a,NK_CD56bright,0.5886463522911072,384.4803771972656,0.0
Endothelia_vascular_Cap_a,Neuroendocrine,0.4315696954727173,281.8841552734375,0.0
Endothelia_vascular_Cap_a,SMG_Basal,0.3815065622329712,249.18490600585938,0.0
Endothelia_vascular_Cap_a,SMG_Duct,0.3073088526725769,200.72190856933594,0.0
Endothelia_vascular_Cap_a,SMG_Mucous,0.3796125650405884,247.94781494140625,0.0
Endothelia_vascular_Cap_a,SMG_Serous,0.3559357523918152,232.48306274414062,0.0
Endothelia_vascular_Cap_a,Schwann_Myelinating,0.2787632346153259,182.07705688476562,0.0
Endothelia_vascular_Cap_a,Schwann_nonmyelinating,-0.1361057460308075,-88.89885711669922,0.0
Endothelia_vascular_Cap_a,Secretory_Club,-0.024111147969961166,-15.748442649841309,7.039359910838902e-56
Endothelia_vascular_Cap_a,Secretory_Goblet,-0.3192180097103119,-208.50050354003906,0.0
Endothelia_vascular_Cap_a,Suprabasal,-0.07663482427597046,-50.05481719970703,0.0
Endothelia_vascular_Cap_a,T_reg,0.686684250831604,448.51483154296875,0.0
Endothelia_vascular_Cap_a,gdT,0.6946691274642944,453.730224609375,0.0
Endothelia_vascular_Cap_g,Endothelia_vascular_Cap_g,0.6920018196105957,451.9880676269531,0.0
Endothelia_vascular_Cap_g,Endothelia_vascular_arterial_pulmonary,0.5592479705810547,365.2785339355469,0.0
Endothelia_vascular_Cap_g,Endothelia_vascular_arterial_systemic,0.23835048079490662,155.68104553222656,0.0
Endothelia_vascular_Cap_g,Endothelia_vascular_venous_pulmonary,0.5137218832969666,335.5426940917969,0.0
Endothelia_vascular_Cap_g,Endothelia_vascular_venous_systemic,0.3319106698036194,216.7908477783203,0.0
Endothelia_vascular_Cap_g,Erythrocyte,0.6810036301612854,444.8044738769531,0.0
Endothelia_vascular_Cap_g,Fibro_adventitial,0.21277320384979248,138.97499084472656,0.0
Endothelia_vascular_Cap_g,Fibro_alveolar,0.6841256618499756,446.8436584472656,0.0
Endothelia_vascular_Cap_g,Fibro_immune_recruiting,0.4028128981590271,263.1013488769531,0.0
Endothelia_vascular_Cap_g,Fibro_myofibroblast,0.2277389019727707,148.74998474121094,0.0
Endothelia_vascular_Cap_g,Fibro_peribronchial,0.3302384614944458,215.69862365722656,0.0
Endothelia_vascular_Cap_g,Fibro_perichondrial,0.08380050957202911,54.73515701293945,0.0
Endothelia_vascular_Cap_g,ILC,0.6690375208854675,436.9886779785156,0.0
Endothelia_vascular_Cap_g,Ionocyte_n_Brush,-0.015786712989211082,-10.31125259399414,6.267899502423239e-25
Endothelia_vascular_Cap_g,MAIT,0.6945257186889648,453.6365661621094,0.0
Endothelia_vascular_Cap_g,Macro_CHIT1,0.43256130814552307,282.5318298339844,0.0
Endothelia_vascular_Cap_g,Macro_interstitial,0.6634258031845093,433.3233337402344,0.0
Endothelia_vascular_Cap_g,Macro_AW_CX3CR1,0.588189423084259,384.1819152832031,0.0
Endothelia_vascular_Cap_g,Macro_alveolar_metallothioneins,0.6390213370323181,417.38330078125,0.0
Endothelia_vascular_Cap_g,Macro_alv,0.40041622519493103,261.53594970703125,0.0
Endothelia_vascular_Cap_g,Macro_dividing,0.5045353770256042,329.54241943359375,0.0
Endothelia_vascular_Cap_g,Macro_int,0.6036602258682251,394.2868347167969,0.0
Endothelia_vascular_Cap_g,Macro_CCL,0.6767903566360474,442.0525207519531,0.0
Endothelia_vascular_Cap_g,Mast_cell,0.618696391582489,404.10784912109375,0.0
Endothelia_vascular_Cap_g,Megakaryocyte,0.44548162817955017,290.97088623046875,0.0
Endothelia_vascular_Cap_g,Mesothelia,0.4200879633426666,274.3847351074219,0.0
Endothelia_vascular_Cap_g,Macrophage_intermediate,0.6637763381004333,433.5522766113281,0.0
Endothelia_vascular_Cap_g,Monocyte_CD14,0.6695801019668579,437.34307861328125,0.0
Endothelia_vascular_Cap_g,Monocyte_CD16,0.6822458505630493,445.6158447265625,0.0
Endothelia_vascular_Cap_g,Muscle_airway,0.05612606182694435,36.65930938720703,3.252205849806494e-294
Endothelia_vascular_Cap_g,Muscle_pericyte_airway,0.3488856554031372,227.87823486328125,0.0
Endothelia_vascular_Cap_g,Muscle_pericyte_parenchyma,0.6814264059066772,445.08062744140625,0.0
Endothelia_vascular_Cap_g,Muscle_perivascular_immune_recruiting,0.43426480889320374,283.6445007324219,0.0
Endothelia_vascular_Cap_g,Muscle_smooth_pulmonary,0.051653869450092316,33.738250732421875,1.5897976204858211e-249
Endothelia_vascular_Cap_g,Muscle_smooth_syst_arterial,0.05219095200300217,34.089054107666016,1.0716315033883356e-254
Endothelia_vascular_Cap_g,Myoepithelial,0.43527093529701233,284.3016662597656,0.0
Endothelia_vascular_Cap_g,NAF_endoneurial,0.13797526061534882,90.11994934082031,0.0
Endothelia_vascular_Cap_g,NAF_perineurial,0.0800386369228363,52.278053283691406,0.0
Endothelia_vascular_Cap_g,NK_CD16hi,0.6808231472969055,444.68658447265625,0.0
Endothelia_vascular_Cap_g,NKT,0.69840407371521,456.16973876953125,0.0
Endothelia_vascular_Cap_g,NK_CD11d,0.6275626420974731,409.8989562988281,0.0
Endothelia_vascular_Cap_g,NK_CD56bright,0.5823686718940735,380.3800354003906,0.0
Endothelia_vascular_Cap_g,Neuroendocrine,0.4429844915866852,289.33984375,0.0
Endothelia_vascular_Cap_g,SMG_Basal,0.3827000558376312,249.96444702148438,0.0
Endothelia_vascular_Cap_g,SMG_Duct,0.3302190601825714,215.68594360351562,0.0
Endothelia_vascular_Cap_g,SMG_Mucous,0.3985907733440399,260.3436279296875,0.0
Endothelia_vascular_Cap_g,SMG_Serous,0.37887927889823914,247.4688720703125,0.0
Endothelia_vascular_Cap_g,Schwann_Myelinating,0.31096816062927246,203.11203002929688,0.0
Endothelia_vascular_Cap_g,Schwann_nonmyelinating,-0.10178849846124649,-66.48419952392578,0.0
Endothelia_vascular_Cap_g,Secretory_Club,-0.041429463773965836,-27.060077667236328,2.9068976754143154e-161
Endothelia_vascular_Cap_g,Secretory_Goblet,-0.32340943813323975,-211.23817443847656,0.0
Endothelia_vascular_Cap_g,Suprabasal,-0.07908491790294647,-51.655120849609375,0.0
Endothelia_vascular_Cap_g,T_reg,0.6756954193115234,441.3373718261719,0.0
Endothelia_vascular_Cap_g,gdT,0.6847063302993774,447.2229309082031,0.0
Endothelia_vascular_arterial_pulmonary,Endothelia_vascular_arterial_pulmonary,0.6144418120384216,401.3289489746094,0.0
Endothelia_vascular_arterial_pulmonary,Endothelia_vascular_arterial_systemic,0.3977839946746826,259.8166809082031,0.0
Endothelia_vascular_arterial_pulmonary,Endothelia_vascular_venous_pulmonary,0.5586207509040833,364.86883544921875,0.0
Endothelia_vascular_arterial_pulmonary,Endothelia_vascular_venous_systemic,0.4115232825279236,268.7906188964844,0.0
Endothelia_vascular_arterial_pulmonary,Erythrocyte,0.5983758568763733,390.8352966308594,0.0
Endothelia_vascular_arterial_pulmonary,Fibro_adventitial,0.28148922324180603,183.85755920410156,0.0
Endothelia_vascular_arterial_pulmonary,Fibro_alveolar,0.5488812327384949,358.50738525390625,0.0
Endothelia_vascular_arterial_pulmonary,Fibro_immune_recruiting,0.4183550179004669,273.2528381347656,0.0
Endothelia_vascular_arterial_pulmonary,Fibro_myofibroblast,0.26101937890052795,170.4874725341797,0.0
Endothelia_vascular_arterial_pulmonary,Fibro_peribronchial,0.4590776264667511,299.8512268066406,0.0
Endothelia_vascular_arterial_pulmonary,Fibro_perichondrial,0.1402687281370163,91.61795043945312,0.0
Endothelia_vascular_arterial_pulmonary,ILC,0.6194373369216919,404.5918273925781,0.0
Endothelia_vascular_arterial_pulmonary,Ionocyte_n_Brush,0.024699877947568893,16.132976531982422,1.4963171330283053e-58
Endothelia_vascular_arterial_pulmonary,MAIT,0.6029139161109924,393.79937744140625,0.0
Endothelia_vascular_arterial_pulmonary,Macro_CHIT1,0.3244010806083679,211.88587951660156,0.0
Endothelia_vascular_arterial_pulmonary,Macro_interstitial,0.5278528928756714,344.7724914550781,0.0
Endothelia_vascular_arterial_pulmonary,Macro_AW_CX3CR1,0.5136467218399048,335.49359130859375,0.0
Endothelia_vascular_arterial_pulmonary,Macro_alveolar_metallothioneins,0.5542723536491394,362.0286560058594,0.0
Endothelia_vascular_arterial_pulmonary,Macro_alv,0.28290680050849915,184.78346252441406,0.0
Endothelia_vascular_arterial_pulmonary,Macro_dividing,0.37938252091407776,247.7975616455078,0.0
Endothelia_vascular_arterial_pulmonary,Macro_int,0.465882807970047,304.2961120605469,0.0
Endothelia_vascular_arterial_pulmonary,Macro_CCL,0.5549654364585876,362.4813537597656,0.0
Endothelia_vascular_arterial_pulmonary,Mast_cell,0.5747830271720886,375.4254150390625,0.0
Endothelia_vascular_arterial_pulmonary,Megakaryocyte,0.5112082362174988,333.90087890625,0.0
Endothelia_vascular_arterial_pulmonary,Mesothelia,0.38672128319740295,252.59095764160156,0.0
Endothelia_vascular_arterial_pulmonary,Macrophage_intermediate,0.5833303928375244,381.0082092285156,0.0
Endothelia_vascular_arterial_pulmonary,Monocyte_CD14,0.549196183681488,358.7131042480469,0.0
Endothelia_vascular_arterial_pulmonary,Monocyte_CD16,0.5855685472488403,382.4700622558594,0.0
Endothelia_vascular_arterial_pulmonary,Muscle_airway,0.2991624176502228,195.40098571777344,0.0
Endothelia_vascular_arterial_pulmonary,Muscle_pericyte_airway,0.3729427754878998,243.5913848876953,0.0
Endothelia_vascular_arterial_pulmonary,Muscle_pericyte_parenchyma,0.5693268775939941,371.8616638183594,0.0
Endothelia_vascular_arterial_pulmonary,Muscle_perivascular_immune_recruiting,0.46112045645713806,301.185546875,0.0
Endothelia_vascular_arterial_pulmonary,Muscle_smooth_pulmonary,0.29785844683647156,194.54928588867188,0.0
Endothelia_vascular_arterial_pulmonary,Muscle_smooth_syst_arterial,0.3170299828052521,207.0713653564453,0.0
Endothelia_vascular_arterial_pulmonary,Myoepithelial,0.4491368234157562,293.3583068847656,0.0
Endothelia_vascular_arterial_pulmonary,NAF_endoneurial,0.3518346846103668,229.80441284179688,0.0
Endothelia_vascular_arterial_pulmonary,NAF_perineurial,0.3374287486076355,220.39503479003906,0.0
Endothelia_vascular_arterial_pulmonary,NK_CD16hi,0.6073099374771118,396.6706848144531,0.0
Endothelia_vascular_arterial_pulmonary,NKT,0.6060419082641602,395.84246826171875,0.0
Endothelia_vascular_arterial_pulmonary,NK_CD11d,0.5707264542579651,372.77581787109375,0.0
Endothelia_vascular_arterial_pulmonary,NK_CD56bright,0.533707857131958,348.59674072265625,0.0
Endothelia_vascular_arterial_pulmonary,Neuroendocrine,0.5194470286369324,339.2821350097656,0.0
Endothelia_vascular_arterial_pulmonary,SMG_Basal,0.44254088401794434,289.05010986328125,0.0
Endothelia_vascular_arterial_pulmonary,SMG_Duct,0.33427003026008606,218.33187866210938,0.0
Endothelia_vascular_arterial_pulmonary,SMG_Mucous,0.4015830159187317,262.29803466796875,0.0
Endothelia_vascular_arterial_pulmonary,SMG_Serous,0.39264965057373047,256.463134765625,0.0
Endothelia_vascular_arterial_pulmonary,Schwann_Myelinating,0.38147032260894775,249.16123962402344,0.0
Endothelia_vascular_arterial_pulmonary,Schwann_nonmyelinating,-0.006411990150809288,-4.188056945800781,2.8135292904594907e-05
Endothelia_vascular_arterial_pulmonary,Secretory_Club,-0.08787333965301514,-57.39537048339844,0.0
Endothelia_vascular_arterial_pulmonary,Secretory_Goblet,-0.2859160602092743,-186.74899291992188,0.0
Endothelia_vascular_arterial_pulmonary,Suprabasal,0.0017535800579935312,1.1453686952590942,0.252056460385672
Endothelia_vascular_arterial_pulmonary,T_reg,0.6077232956886292,396.940673828125,0.0
Endothelia_vascular_arterial_pulmonary,gdT,0.6222224831581116,406.4109802246094,0.0
Endothelia_vascular_arterial_systemic,Endothelia_vascular_arterial_systemic,0.4009087383747101,261.8576354980469,0.0
Endothelia_vascular_arterial_systemic,Endothelia_vascular_venous_pulmonary,0.3272666931152344,213.75758361816406,0.0
Endothelia_vascular_arterial_systemic,Endothelia_vascular_venous_systemic,0.26434633135795593,172.66050720214844,0.0
Endothelia_vascular_arterial_systemic,Erythrocyte,0.2782410979270935,181.7360076904297,0.0
Endothelia_vascular_arterial_systemic,Fibro_adventitial,0.1574457287788391,102.83728790283203,0.0
Endothelia_vascular_arterial_systemic,Fibro_alveolar,0.22090508043766022,144.28640747070312,0.0
Endothelia_vascular_arterial_systemic,Fibro_immune_recruiting,0.2160489410161972,141.1145782470703,0.0
Endothelia_vascular_arterial_systemic,Fibro_myofibroblast,0.13584677875041962,88.7297134399414,0.0
Endothelia_vascular_arterial_systemic,Fibro_peribronchial,0.3370223343372345,220.12957763671875,0.0
Endothelia_vascular_arterial_systemic,Fibro_perichondrial,0.1254960149526596,81.96900177001953,0.0
Endothelia_vascular_arterial_systemic,ILC,0.323954701423645,211.5943145751953,0.0
Endothelia_vascular_arterial_systemic,Ionocyte_n_Brush,0.115309938788414,75.31586456298828,0.0
Endothelia_vascular_arterial_systemic,MAIT,0.28365087509155273,185.26947021484375,0.0
Endothelia_vascular_arterial_systemic,Macro_CHIT1,0.11527568846940994,75.29349517822266,0.0
Endothelia_vascular_arterial_systemic,Macro_interstitial,0.21082089841365814,137.6998291015625,0.0
Endothelia_vascular_arterial_systemic,Macro_AW_CX3CR1,0.26092320680618286,170.42465209960938,0.0
Endothelia_vascular_arterial_systemic,Macro_alveolar_metallothioneins,0.2436758577823639,159.1593780517578,0.0
Endothelia_vascular_arterial_systemic,Macro_alv,0.10585514456033707,69.14036560058594,0.0
Endothelia_vascular_arterial_systemic,Macro_dividing,0.14642253518104553,95.63737487792969,0.0
Endothelia_vascular_arterial_systemic,Macro_int,0.15678641200065613,102.40664672851562,0.0
Endothelia_vascular_arterial_systemic,Macro_CCL,0.23250076174736023,151.86024475097656,0.0
Endothelia_vascular_arterial_systemic,Mast_cell,0.2966947555541992,193.78921508789062,0.0
Endothelia_vascular_arterial_systemic,Megakaryocyte,0.3711060583591461,242.39170837402344,0.0
Endothelia_vascular_arterial_systemic,Mesothelia,0.15579839050769806,101.76130676269531,0.0
Endothelia_vascular_arterial_systemic,Macrophage_intermediate,0.2640243470668793,172.4501953125,0.0
Endothelia_vascular_arterial_systemic,Monocyte_CD14,0.2106873244047165,137.61257934570312,0.0
Endothelia_vascular_arterial_systemic,Monocyte_CD16,0.25317710638046265,165.36521911621094,0.0
Endothelia_vascular_arterial_systemic,Muscle_airway,0.3539116084575653,231.16098022460938,0.0
Endothelia_vascular_arterial_systemic,Muscle_pericyte_airway,0.1914806365966797,125.06753540039062,0.0
Endothelia_vascular_arterial_systemic,Muscle_pericyte_parenchyma,0.25387442111968994,165.82066345214844,0.0
Endothelia_vascular_arterial_systemic,Muscle_perivascular_immune_recruiting,0.25759828090667725,168.25294494628906,0.0
Endothelia_vascular_arterial_systemic,Muscle_smooth_pulmonary,0.36261460185050964,236.84542846679688,0.0
Endothelia_vascular_arterial_systemic,Muscle_smooth_syst_arterial,0.3889634609222412,254.05545043945312,0.0
Endothelia_vascular_arterial_systemic,Myoepithelial,0.24923592805862427,162.79098510742188,0.0
Endothelia_vascular_arterial_systemic,NAF_endoneurial,0.3565085232257843,232.857177734375,0.0
Endothelia_vascular_arterial_systemic,NAF_perineurial,0.39565637707710266,258.427001953125,0.0
Endothelia_vascular_arterial_systemic,NK_CD16hi,0.3065131604671478,200.2021942138672,0.0
Endothelia_vascular_arterial_systemic,NKT,0.2739546000957489,178.93624877929688,0.0
Endothelia_vascular_arterial_systemic,NK_CD11d,0.31136783957481384,203.37307739257812,0.0
Endothelia_vascular_arterial_systemic,NK_CD56bright,0.3082914352416992,201.3636932373047,0.0
Endothelia_vascular_arterial_systemic,Neuroendocrine,0.357004314661026,233.18101501464844,0.0
Endothelia_vascular_arterial_systemic,SMG_Basal,0.3489428162574768,227.91555786132812,0.0
Endothelia_vascular_arterial_systemic,SMG_Duct,0.18571580946445465,121.30217742919922,0.0
Endothelia_vascular_arterial_systemic,SMG_Mucous,0.24963948130607605,163.05458068847656,0.0
Endothelia_vascular_arterial_systemic,SMG_Serous,0.21490059792995453,140.36451721191406,0.0
Endothelia_vascular_arterial_systemic,Schwann_Myelinating,0.27578842639923096,180.134033203125,0.0
Endothelia_vascular_arterial_systemic,Schwann_nonmyelinating,0.08585026115179062,56.073974609375,0.0
Endothelia_vascular_arterial_systemic,Secretory_Club,-0.016147146001458168,-10.546672821044922,5.262784539375546e-26
Endothelia_vascular_arterial_systemic,Secretory_Goblet,-0.0901348814368248,-58.87251663208008,0.0
Endothelia_vascular_arterial_systemic,Suprabasal,0.13820068538188934,90.2671890258789,0.0
Endothelia_vascular_arterial_systemic,T_reg,0.3127414882183075,204.27029418945312,0.0
Endothelia_vascular_arterial_systemic,gdT,0.3138846457004547,205.0169677734375,0.0
Endothelia_vascular_venous_pulmonary,Endothelia_vascular_venous_pulmonary,0.6311039328575134,412.21197509765625,0.0
Endothelia_vascular_venous_pulmonary,Endothelia_vascular_venous_systemic,0.5033336281776428,328.75750732421875,0.0
Endothelia_vascular_venous_pulmonary,Erythrocyte,0.5432373285293579,354.8210144042969,0.0
Endothelia_vascular_venous_pulmonary,Fibro_adventitial,0.4746895730495453,310.04833984375,0.0
Endothelia_vascular_venous_pulmonary,Fibro_alveolar,0.49624744057655334,324.12908935546875,0.0
Endothelia_vascular_venous_pulmonary,Fibro_immune_recruiting,0.5577029585838318,364.2693786621094,0.0
Endothelia_vascular_venous_pulmonary,Fibro_myofibroblast,0.44573354721069336,291.1354064941406,0.0
Endothelia_vascular_venous_pulmonary,Fibro_peribronchial,0.5677783489227295,370.8502197265625,0.0
Endothelia_vascular_venous_pulmonary,Fibro_perichondrial,0.13671164214611053,89.29460144042969,0.0
Endothelia_vascular_venous_pulmonary,ILC,0.6129143238067627,400.33123779296875,0.0
Endothelia_vascular_venous_pulmonary,Ionocyte_n_Brush,-0.02710808999836445,-17.70592498779297,3.7742860624663806e-70
Endothelia_vascular_venous_pulmonary,MAIT,0.574994683265686,375.56365966796875,0.0
Endothelia_vascular_venous_pulmonary,Macro_CHIT1,0.22857558727264404,149.29647827148438,0.0
Endothelia_vascular_venous_pulmonary,Macro_interstitial,0.47264495491981506,308.712890625,0.0
Endothelia_vascular_venous_pulmonary,Macro_AW_CX3CR1,0.5205928683280945,340.0305480957031,0.0
Endothelia_vascular_venous_pulmonary,Macro_alveolar_metallothioneins,0.5685481429100037,371.35302734375,0.0
Endothelia_vascular_venous_pulmonary,Macro_alv,0.17025284469127655,111.20238494873047,0.0
Endothelia_vascular_venous_pulmonary,Macro_dividing,0.2752370238304138,179.77386474609375,0.0
Endothelia_vascular_venous_pulmonary,Macro_int,0.4493493437767029,293.4971008300781,0.0
Endothelia_vascular_venous_pulmonary,Macro_CCL,0.5124655365943909,334.72210693359375,0.0
Endothelia_vascular_venous_pulmonary,Mast_cell,0.5807426571846008,379.3179931640625,0.0
Endothelia_vascular_venous_pulmonary,Megakaryocyte,0.515324056148529,336.58917236328125,0.0
Endothelia_vascular_venous_pulmonary,Mesothelia,0.5353460311889648,349.6667175292969,0.0
Endothelia_vascular_venous_pulmonary,Macrophage_intermediate,0.5974977016448975,390.26171875,0.0
Endothelia_vascular_venous_pulmonary,Monocyte_CD14,0.5355172753334045,349.778564453125,0.0
Endothelia_vascular_venous_pulmonary,Monocyte_CD16,0.5903984308242798,385.624755859375,0.0
Endothelia_vascular_venous_pulmonary,Muscle_airway,0.31188249588012695,203.709228515625,0.0
Endothelia_vascular_venous_pulmonary,Muscle_pericyte_airway,0.509838879108429,333.0064697265625,0.0
Endothelia_vascular_venous_pulmonary,Muscle_pericyte_parenchyma,0.5479646325111389,357.90869140625,0.0
Endothelia_vascular_venous_pulmonary,Muscle_perivascular_immune_recruiting,0.5797967910766602,378.7001953125,0.0
Endothelia_vascular_venous_pulmonary,Muscle_smooth_pulmonary,0.29692861437797546,193.94195556640625,0.0
Endothelia_vascular_venous_pulmonary,Muscle_smooth_syst_arterial,0.29397445917129517,192.01242065429688,0.0
Endothelia_vascular_venous_pulmonary,Myoepithelial,0.5291639566421509,345.62884521484375,0.0
Endothelia_vascular_venous_pulmonary,NAF_endoneurial,0.36159348487854004,236.17848205566406,0.0
Endothelia_vascular_venous_pulmonary,NAF_perineurial,0.322868674993515,210.8849639892578,0.0
Endothelia_vascular_venous_pulmonary,NK_CD16hi,0.5922470092773438,386.8321838378906,0.0
Endothelia_vascular_venous_pulmonary,NKT,0.5945175290107727,388.315185546875,0.0
Endothelia_vascular_venous_pulmonary,NK_CD11d,0.5544421076774597,362.1395263671875,0.0
Endothelia_vascular_venous_pulmonary,NK_CD56bright,0.4980662167072296,325.3170471191406,0.0
Endothelia_vascular_venous_pulmonary,Neuroendocrine,0.5717645287513733,373.4538269042969,0.0
Endothelia_vascular_venous_pulmonary,SMG_Basal,0.4137769341468811,270.26263427734375,0.0
Endothelia_vascular_venous_pulmonary,SMG_Duct,0.43708112835884094,285.4840087890625,0.0
Endothelia_vascular_venous_pulmonary,SMG_Mucous,0.4631279706954956,302.49676513671875,0.0
Endothelia_vascular_venous_pulmonary,SMG_Serous,0.4959777295589447,323.9529113769531,0.0
Endothelia_vascular_venous_pulmonary,Schwann_Myelinating,0.43464264273643494,283.8912658691406,0.0
Endothelia_vascular_venous_pulmonary,Schwann_nonmyelinating,-0.006127779372036457,-4.002421855926514,6.269737899375706e-05
Endothelia_vascular_venous_pulmonary,Secretory_Club,-0.11443959921598434,-74.74739074707031,0.0
Endothelia_vascular_venous_pulmonary,Secretory_Goblet,-0.3155900835990906,-206.13088989257812,0.0
Endothelia_vascular_venous_pulmonary,Suprabasal,-0.044927388429641724,-29.34478187561035,2.785442889922999e-189
Endothelia_vascular_venous_pulmonary,T_reg,0.579804003238678,378.70489501953125,0.0
Endothelia_vascular_venous_pulmonary,gdT,0.6109954714775085,399.07794189453125,0.0
Endothelia_vascular_venous_systemic,Endothelia_vascular_venous_systemic,0.48766210675239563,318.521484375,0.0
Endothelia_vascular_venous_systemic,Erythrocyte,0.3932037353515625,256.8250427246094,0.0
Endothelia_vascular_venous_systemic,Fibro_adventitial,0.4653298854827881,303.9349670410156,0.0
Endothelia_vascular_venous_systemic,Fibro_alveolar,0.33343666791915894,217.78756713867188,0.0
Endothelia_vascular_venous_systemic,Fibro_immune_recruiting,0.4757636487483978,310.7498779296875,0.0
Endothelia_vascular_venous_systemic,Fibro_myofibroblast,0.4284677505493164,279.85809326171875,0.0
Endothelia_vascular_venous_systemic,Fibro_peribronchial,0.4730819761753082,308.9983215332031,0.0
Endothelia_vascular_venous_systemic,Fibro_perichondrial,0.20736372470855713,135.4417266845703,0.0
Endothelia_vascular_venous_systemic,ILC,0.45802247524261475,299.16204833984375,0.0
Endothelia_vascular_venous_systemic,Ionocyte_n_Brush,-0.015442177653312683,-10.08621597290039,6.3573120050852396e-24
Endothelia_vascular_venous_systemic,MAIT,0.4214659333229065,275.2847900390625,0.0
Endothelia_vascular_venous_systemic,Macro_CHIT1,0.20650619268417358,134.88162231445312,0.0
Endothelia_vascular_venous_systemic,Macro_interstitial,0.3565264344215393,232.86888122558594,0.0
Endothelia_vascular_venous_systemic,Macro_AW_CX3CR1,0.40281152725219727,263.1004638671875,0.0
Endothelia_vascular_venous_systemic,Macro_alveolar_metallothioneins,0.4622761309146881,301.94036865234375,0.0
Endothelia_vascular_venous_systemic,Macro_alv,0.1596190482378006,104.2568130493164,0.0
Endothelia_vascular_venous_systemic,Macro_dividing,0.22359223663806915,146.0415496826172,0.0
Endothelia_vascular_venous_systemic,Macro_int,0.3705170750617981,242.0070037841797,0.0
Endothelia_vascular_venous_systemic,Macro_CCL,0.38122180104255676,248.99891662597656,0.0
Endothelia_vascular_venous_systemic,Mast_cell,0.46092674136161804,301.05902099609375,0.0
Endothelia_vascular_venous_systemic,Megakaryocyte,0.3699904680252075,241.66305541992188,0.0
Endothelia_vascular_venous_systemic,Mesothelia,0.46566230058670044,304.152099609375,0.0
Endothelia_vascular_venous_systemic,Macrophage_intermediate,0.4674583077430725,305.3251647949219,0.0
Endothelia_vascular_venous_systemic,Monocyte_CD14,0.40927672386169434,267.3232727050781,0.0
Endothelia_vascular_venous_systemic,Monocyte_CD16,0.454832524061203,297.0784912109375,0.0
Endothelia_vascular_venous_systemic,Muscle_airway,0.2785377502441406,181.92977905273438,0.0
Endothelia_vascular_venous_systemic,Muscle_pericyte_airway,0.4780125021934509,312.21875,0.0
Endothelia_vascular_venous_systemic,Muscle_pericyte_parenchyma,0.369817316532135,241.54995727539062,0.0
Endothelia_vascular_venous_systemic,Muscle_perivascular_immune_recruiting,0.49299103021621704,322.00213623046875,0.0
Endothelia_vascular_venous_systemic,Muscle_smooth_pulmonary,0.26387977600097656,172.35577392578125,0.0
Endothelia_vascular_venous_systemic,Muscle_smooth_syst_arterial,0.26337289810180664,172.0247039794922,0.0
Endothelia_vascular_venous_systemic,Myoepithelial,0.411905974149704,269.04058837890625,0.0
Endothelia_vascular_venous_systemic,NAF_endoneurial,0.25456058979034424,166.2688446044922,0.0
Endothelia_vascular_venous_systemic,NAF_perineurial,0.26453977823257446,172.78684997558594,0.0
Endothelia_vascular_venous_systemic,NK_CD16hi,0.42478495836257935,277.45263671875,0.0
Endothelia_vascular_venous_systemic,NKT,0.4422626793384552,288.8683776855469,0.0
Endothelia_vascular_venous_systemic,NK_CD11d,0.39737895131111145,259.5521240234375,0.0
Endothelia_vascular_venous_systemic,NK_CD56bright,0.35552045702934265,232.21182250976562,0.0
Endothelia_vascular_venous_systemic,Neuroendocrine,0.4589202404022217,299.7484436035156,0.0
Endothelia_vascular_venous_systemic,SMG_Basal,0.3488982915878296,227.886474609375,0.0
Endothelia_vascular_venous_systemic,SMG_Duct,0.350160151720047,228.71067810058594,0.0
Endothelia_vascular_venous_systemic,SMG_Mucous,0.35105451941490173,229.2948455810547,0.0
Endothelia_vascular_venous_systemic,SMG_Serous,0.397041916847229,259.33197021484375,0.0
Endothelia_vascular_venous_systemic,Schwann_Myelinating,0.28958219289779663,189.14356994628906,0.0
Endothelia_vascular_venous_systemic,Schwann_nonmyelinating,-0.11834098398685455,-77.29562377929688,0.0
Endothelia_vascular_venous_systemic,Secretory_Club,-0.04588722437620163,-29.971708297729492,2.294371194338595e-197
Endothelia_vascular_venous_systemic,Secretory_Goblet,-0.20284350216388702,-132.4893035888672,0.0
Endothelia_vascular_venous_systemic,Suprabasal,-0.01016349345445633,-6.638389587402344,3.1712876231986543e-11
Endothelia_vascular_venous_systemic,T_reg,0.42166709899902344,275.4161682128906,0.0
Endothelia_vascular_venous_systemic,gdT,0.4536808729171753,296.3262939453125,0.0
Erythrocyte,Erythrocyte,0.7605646848678589,496.7705993652344,0.0
Erythrocyte,Fibro_adventitial,0.25411054491996765,165.9748992919922,0.0
Erythrocyte,Fibro_alveolar,0.7204055786132812,470.5402526855469,0.0
Erythrocyte,Fibro_immune_recruiting,0.4072114825248718,265.9743347167969,0.0
Erythrocyte,Fibro_myofibroblast,0.2567218542098999,167.6804962158203,0.0
Erythrocyte,Fibro_peribronchial,0.3474496901035309,226.9403076171875,0.0
Erythrocyte,Fibro_perichondrial,0.1319097876548767,86.1582260131836,0.0
Erythrocyte,ILC,0.7142333984375,466.50885009765625,0.0
Erythrocyte,Ionocyte_n_Brush,-0.03946015611290932,-25.7738037109375,1.7441982564410748e-146
Erythrocyte,MAIT,0.7476861476898193,488.35882568359375,0.0
Erythrocyte,Macro_CHIT1,0.5413901805877686,353.6145324707031,0.0
Erythrocyte,Macro_interstitial,0.7419186234474182,484.59173583984375,0.0
Erythrocyte,Macro_AW_CX3CR1,0.6130505204200745,400.4201965332031,0.0
Erythrocyte,Macro_alveolar_metallothioneins,0.7195448279380798,469.9780578613281,0.0
Erythrocyte,Macro_alv,0.5010756850242615,327.2826843261719,0.0
Erythrocyte,Macro_dividing,0.6008586883544922,392.4570007324219,0.0
Erythrocyte,Macro_int,0.7096042037010193,463.4852294921875,0.0
Erythrocyte,Macro_CCL,0.7445709705352783,486.3241271972656,0.0
Erythrocyte,Mast_cell,0.7031859159469604,459.2930603027344,0.0
Erythrocyte,Megakaryocyte,0.43041884899139404,281.1324768066406,0.0
Erythrocyte,Mesothelia,0.4571748673915863,298.6084289550781,0.0
Erythrocyte,Macrophage_intermediate,0.7274353504180908,475.1318359375,0.0
Erythrocyte,Monocyte_CD14,0.7509559988975525,490.49456787109375,0.0
Erythrocyte,Monocyte_CD16,0.747768759727478,488.4128112792969,0.0
Erythrocyte,Muscle_airway,0.12056244164705276,78.74658966064453,0.0
Erythrocyte,Muscle_pericyte_airway,0.4056672751903534,264.9657287597656,0.0
Erythrocyte,Muscle_pericyte_parenchyma,0.6806120276451111,444.5487060546875,0.0
Erythrocyte,Muscle_perivascular_immune_recruiting,0.44634053111076355,291.5318603515625,0.0
Erythrocyte,Muscle_smooth_pulmonary,0.12042123079299927,78.65435791015625,0.0
Erythrocyte,Muscle_smooth_syst_arterial,0.12663370370864868,82.71209716796875,0.0
Erythrocyte,Myoepithelial,0.41705095767974854,272.4010925292969,0.0
Erythrocyte,NAF_endoneurial,0.13183192908763885,86.10736846923828,0.0
Erythrocyte,NAF_perineurial,0.12733453512191772,83.16985321044922,0.0
Erythrocyte,NK_CD16hi,0.7004176378250122,457.48492431640625,0.0
Erythrocyte,NKT,0.7531167268753052,491.9058837890625,0.0
Erythrocyte,NK_CD11d,0.6355584859848022,415.12152099609375,0.0
Erythrocyte,NK_CD56bright,0.59758061170578,390.3158874511719,0.0
Erythrocyte,Neuroendocrine,0.46157708764076233,301.4837951660156,0.0
Erythrocyte,SMG_Basal,0.3889278471469879,254.03219604492188,0.0
Erythrocyte,SMG_Duct,0.28869202733039856,188.56214904785156,0.0
Erythrocyte,SMG_Mucous,0.3538936972618103,231.14927673339844,0.0
Erythrocyte,SMG_Serous,0.3561502695083618,232.62318420410156,0.0
Erythrocyte,Schwann_Myelinating,0.24571925401687622,160.49403381347656,0.0
Erythrocyte,Schwann_nonmyelinating,-0.1918344795703888,-125.29864501953125,0.0
Erythrocyte,Secretory_Club,-0.04097539186477661,-26.76349639892578,8.600784800676897e-158
Erythrocyte,Secretory_Goblet,-0.32853588461875916,-214.58656311035156,0.0
Erythrocyte,Suprabasal,-0.08362269401550293,-54.619014739990234,0.0
Erythrocyte,T_reg,0.7159621119499207,467.6379699707031,0.0
Erythrocyte,gdT,0.7312353253364563,477.61383056640625,0.0
Fibro_adventitial,Fibro_adventitial,0.59276282787323,387.1690979003906,0.0
Fibro_adventitial,Fibro_alveolar,0.21005024015903473,137.1964569091797,0.0
Fibro_adventitial,Fibro_immune_recruiting,0.5373206734657288,350.95648193359375,0.0
Fibro_adventitial,Fibro_myofibroblast,0.5494102239608765,358.8529052734375,0.0
Fibro_adventitial,Fibro_peribronchial,0.5018530488014221,327.7904357910156,0.0
Fibro_adventitial,Fibro_perichondrial,0.15618377923965454,102.01303100585938,0.0
Fibro_adventitial,ILC,0.35464417934417725,231.63946533203125,0.0
Fibro_adventitial,Ionocyte_n_Brush,-0.03094681352376938,-20.213226318359375,7.488908933923915e-91
Fibro_adventitial,MAIT,0.30004405975341797,195.97683715820312,0.0
Fibro_adventitial,Macro_CHIT1,0.03652532398700714,23.856887817382812,8.589666189641107e-126
Fibro_adventitial,Macro_interstitial,0.21299061179161072,139.1169891357422,0.0
Fibro_adventitial,Macro_AW_CX3CR1,0.3327912390232086,217.36599731445312,0.0
Fibro_adventitial,Macro_alveolar_metallothioneins,0.37002629041671753,241.6864471435547,0.0
Fibro_adventitial,Macro_alv,-0.024747777730226517,-16.164262771606445,9.010941311362074e-59
Fibro_adventitial,Macro_dividing,0.04591885209083557,29.992366790771484,1.2341563239339964e-197
Fibro_adventitial,Macro_int,0.24989919364452362,163.22421264648438,0.0
Fibro_adventitial,Macro_CCL,0.2479957640171051,161.98097229003906,0.0
Fibro_adventitial,Mast_cell,0.3702540099620819,241.83518981933594,0.0
Fibro_adventitial,Megakaryocyte,0.31567665934562683,206.18743896484375,0.0
Fibro_adventitial,Mesothelia,0.5142714977264404,335.90167236328125,0.0
Fibro_adventitial,Macrophage_intermediate,0.37601327896118164,245.59690856933594,0.0
Fibro_adventitial,Monocyte_CD14,0.3005044162273407,196.27752685546875,0.0
Fibro_adventitial,Monocyte_CD16,0.35751646757125854,233.51553344726562,0.0
Fibro_adventitial,Muscle_airway,0.24650689959526062,161.0084991455078,0.0
Fibro_adventitial,Muscle_pericyte_airway,0.5088053345680237,332.3313903808594,0.0
Fibro_adventitial,Muscle_pericyte_parenchyma,0.27566006779670715,180.05018615722656,0.0
Fibro_adventitial,Muscle_perivascular_immune_recruiting,0.5227329730987549,341.4283752441406,0.0
Fibro_adventitial,Muscle_smooth_pulmonary,0.2224409282207489,145.28956604003906,0.0
Fibro_adventitial,Muscle_smooth_syst_arterial,0.20096023380756378,131.2592315673828,0.0
Fibro_adventitial,Myoepithelial,0.41487202048301697,270.9779052734375,0.0
Fibro_adventitial,NAF_endoneurial,0.21203187108039856,138.49078369140625,0.0
Fibro_adventitial,NAF_perineurial,0.20686934888362885,135.1188201904297,0.0
Fibro_adventitial,NK_CD16hi,0.3249455690383911,212.24151611328125,0.0
Fibro_adventitial,NKT,0.33376404643058777,218.0013885498047,0.0
Fibro_adventitial,NK_CD11d,0.30901479721069336,201.83616638183594,0.0
Fibro_adventitial,NK_CD56bright,0.25732600688934326,168.07510375976562,0.0
Fibro_adventitial,Neuroendocrine,0.42606985569000244,278.2918701171875,0.0
Fibro_adventitial,SMG_Basal,0.2323378026485443,151.75381469726562,0.0
Fibro_adventitial,SMG_Duct,0.4083712697029114,266.73187255859375,0.0
Fibro_adventitial,SMG_Mucous,0.3522202968597412,230.05628967285156,0.0
Fibro_adventitial,SMG_Serous,0.4351099729537964,284.196533203125,0.0
Fibro_adventitial,Schwann_Myelinating,0.2843451499938965,185.72293090820312,0.0
Fibro_adventitial,Schwann_nonmyelinating,-0.11820388585329056,-77.2060775756836,0.0
Fibro_adventitial,Secretory_Club,-0.05563778057694435,-36.34038543701172,3.7277625760905936e-289
Fibro_adventitial,Secretory_Goblet,-0.12346068769693375,-80.63961029052734,0.0
Fibro_adventitial,Suprabasal,-0.02076847106218338,-13.565138816833496,6.445752200809855e-42
Fibro_adventitial,T_reg,0.30652856826782227,200.21226501464844,0.0
Fibro_adventitial,gdT,0.34533730149269104,225.56057739257812,0.0
Fibro_alveolar,Fibro_alveolar,0.7193869352340698,469.8749084472656,0.0
Fibro_alveolar,Fibro_immune_recruiting,0.36012640595436096,235.22024536132812,0.0
Fibro_alveolar,Fibro_myofibroblast,0.23323248326778412,152.3381805419922,0.0
Fibro_alveolar,Fibro_peribronchial,0.2992408871650696,195.45223999023438,0.0
Fibro_alveolar,Fibro_perichondrial,0.09906201809644699,64.703369140625,0.0
Fibro_alveolar,ILC,0.6705000400543213,437.9439392089844,0.0
Fibro_alveolar,Ionocyte_n_Brush,-0.06273481994867325,-40.975887298583984,0.0
Fibro_alveolar,MAIT,0.7141484022140503,466.45330810546875,0.0
Fibro_alveolar,Macro_CHIT1,0.5021337270736694,327.9737548828125,0.0
Fibro_alveolar,Macro_interstitial,0.7096797227859497,463.5345458984375,0.0
Fibro_alveolar,Macro_AW_CX3CR1,0.5731891393661499,374.38433837890625,0.0
Fibro_alveolar,Macro_alveolar_metallothioneins,0.6708436012268066,438.1683349609375,0.0
Fibro_alveolar,Macro_alv,0.4687306582927704,306.1562194824219,0.0
Fibro_alveolar,Macro_dividing,0.5666607022285461,370.1202087402344,0.0
Fibro_alveolar,Macro_int,0.6705959439277649,438.006591796875,0.0
Fibro_alveolar,Macro_CCL,0.7118363380432129,464.94317626953125,0.0
Fibro_alveolar,Mast_cell,0.6555465459823608,428.1769104003906,0.0
Fibro_alveolar,Megakaryocyte,0.3807442784309387,248.68701171875,0.0
Fibro_alveolar,Mesothelia,0.4079253673553467,266.44061279296875,0.0
Fibro_alveolar,Macrophage_intermediate,0.6812903881072998,444.99176025390625,0.0
Fibro_alveolar,Monocyte_CD14,0.7188098430633545,469.49798583984375,0.0
Fibro_alveolar,Monocyte_CD16,0.7089237570762634,463.0408020019531,0.0
Fibro_alveolar,Muscle_airway,0.05768522992730141,37.677696228027344,0.0
Fibro_alveolar,Muscle_pericyte_airway,0.3556002974510193,232.2639617919922,0.0
Fibro_alveolar,Muscle_pericyte_parenchyma,0.6794089674949646,443.7629089355469,0.0
Fibro_alveolar,Muscle_perivascular_immune_recruiting,0.3928295969963074,256.5806579589844,0.0
Fibro_alveolar,Muscle_smooth_pulmonary,0.05621384084224701,36.716644287109375,3.962426717036017e-295
Fibro_alveolar,Muscle_smooth_syst_arterial,0.05315471440553665,34.718544006347656,4.136799336538995e-264
Fibro_alveolar,Myoepithelial,0.3663617670536041,239.2929229736328,0.0
Fibro_alveolar,NAF_endoneurial,0.0770958885550499,50.3559684753418,0.0
Fibro_alveolar,NAF_perineurial,0.063063845038414,41.1907958984375,0.0
Fibro_alveolar,NK_CD16hi,0.6681340336799622,436.3985595703125,0.0
Fibro_alveolar,NKT,0.7193048596382141,469.8213195800781,0.0
Fibro_alveolar,NK_CD11d,0.6002320647239685,392.0476989746094,0.0
Fibro_alveolar,NK_CD56bright,0.5603970885276794,366.0290832519531,0.0
Fibro_alveolar,Neuroendocrine,0.39303478598594666,256.7146911621094,0.0
Fibro_alveolar,SMG_Basal,0.3274555206298828,213.88092041015625,0.0
Fibro_alveolar,SMG_Duct,0.2486656755208969,162.41851806640625,0.0
Fibro_alveolar,SMG_Mucous,0.3147841989994049,205.60450744628906,0.0
Fibro_alveolar,SMG_Serous,0.3054085075855255,199.48068237304688,0.0
Fibro_alveolar,Schwann_Myelinating,0.20478102564811707,133.75482177734375,0.0
Fibro_alveolar,Schwann_nonmyelinating,-0.18891985714435577,-123.39493560791016,0.0
Fibro_alveolar,Secretory_Club,-0.047332651913166046,-30.915803909301758,7.325060796303751e-210
Fibro_alveolar,Secretory_Goblet,-0.3337894380092621,-218.01797485351562,0.0
Fibro_alveolar,Suprabasal,-0.11721634864807129,-76.5610580444336,0.0
Fibro_alveolar,T_reg,0.6791620850563049,443.6016540527344,0.0
Fibro_alveolar,gdT,0.6910076141357422,451.33868408203125,0.0
Fibro_immune_recruiting,Fibro_immune_recruiting,0.6385272741317749,417.06060791015625,0.0
Fibro_immune_recruiting,Fibro_myofibroblast,0.48880091309547424,319.26531982421875,0.0
Fibro_immune_recruiting,Fibro_peribronchial,0.5091347694396973,332.54656982421875,0.0
Fibro_immune_recruiting,Fibro_perichondrial,0.139289990067482,90.97867584228516,0.0
Fibro_immune_recruiting,ILC,0.517494797706604,338.00701904296875,0.0
Fibro_immune_recruiting,Ionocyte_n_Brush,0.03165563568472862,20.67620086669922,5.6737052690807327e-95
Fibro_immune_recruiting,MAIT,0.4652719795703888,303.89715576171875,0.0
Fibro_immune_recruiting,Macro_CHIT1,0.14819596707820892,96.79570770263672,0.0
Fibro_immune_recruiting,Macro_interstitial,0.37370190024375916,244.0872039794922,0.0
Fibro_immune_recruiting,Macro_AW_CX3CR1,0.5074509382247925,331.4467468261719,0.0
Fibro_immune_recruiting,Macro_alveolar_metallothioneins,0.5079740285873413,331.7884216308594,0.0
Fibro_immune_recruiting,Macro_alv,0.08849221467971802,57.79959487915039,0.0
Fibro_immune_recruiting,Macro_dividing,0.18276646733283997,119.37578582763672,0.0
Fibro_immune_recruiting,Macro_int,0.36702340841293335,239.72508239746094,0.0
Fibro_immune_recruiting,Macro_CCL,0.4134240746498108,270.03216552734375,0.0
Fibro_immune_recruiting,Mast_cell,0.4731186628341675,309.02227783203125,0.0
Fibro_immune_recruiting,Megakaryocyte,0.47292613983154297,308.89654541015625,0.0
Fibro_immune_recruiting,Mesothelia,0.601621687412262,392.9553527832031,0.0
Fibro_immune_recruiting,Macrophage_intermediate,0.5305014252662659,346.5024108886719,0.0
Fibro_immune_recruiting,Monocyte_CD14,0.43220043182373047,282.2961120605469,0.0
Fibro_immune_recruiting,Monocyte_CD16,0.5074795484542847,331.4654541015625,0.0
Fibro_immune_recruiting,Muscle_airway,0.17975376546382904,117.40800476074219,0.0
Fibro_immune_recruiting,Muscle_pericyte_airway,0.5188737511634827,338.9076843261719,0.0
Fibro_immune_recruiting,Muscle_pericyte_parenchyma,0.44340190291404724,289.61248779296875,0.0
Fibro_immune_recruiting,Muscle_perivascular_immune_recruiting,0.6306012272834778,411.8836364746094,0.0
Fibro_immune_recruiting,Muscle_smooth_pulmonary,0.15787775814533234,103.11946868896484,0.0
Fibro_immune_recruiting,Muscle_smooth_syst_arterial,0.15121978521347046,98.77074432373047,0.0
Fibro_immune_recruiting,Myoepithelial,0.586127519607544,382.8351745605469,0.0
Fibro_immune_recruiting,NAF_endoneurial,0.2532505691051483,165.41319274902344,0.0
Fibro_immune_recruiting,NAF_perineurial,0.17681869864463806,115.49093627929688,0.0
Fibro_immune_recruiting,NK_CD16hi,0.5136046409606934,335.46612548828125,0.0
Fibro_immune_recruiting,NKT,0.49476251006126404,323.1591796875,0.0
Fibro_immune_recruiting,NK_CD11d,0.5002605319023132,326.7502746582031,0.0
Fibro_immune_recruiting,NK_CD56bright,0.4366361200809479,285.1933288574219,0.0
Fibro_immune_recruiting,Neuroendocrine,0.5586825013160706,364.9091796875,0.0
Fibro_immune_recruiting,SMG_Basal,0.38988250494003296,254.65573120117188,0.0
Fibro_immune_recruiting,SMG_Duct,0.5680068135261536,370.99945068359375,0.0
Fibro_immune_recruiting,SMG_Mucous,0.5270575881004333,344.2530517578125,0.0
Fibro_immune_recruiting,SMG_Serous,0.5953912138938904,388.8858642578125,0.0
Fibro_immune_recruiting,Schwann_Myelinating,0.4566105008125305,298.23980712890625,0.0
Fibro_immune_recruiting,Schwann_nonmyelinating,-0.06211685761809349,-40.57225799560547,0.0
Fibro_immune_recruiting,Secretory_Club,-0.03026057407259941,-19.765003204345703,5.959457314104113e-87
Fibro_immune_recruiting,Secretory_Goblet,-0.17391139268875122,-113.59200286865234,0.0
Fibro_immune_recruiting,Suprabasal,0.014453309588134289,9.440326690673828,3.716189292897474e-21
Fibro_immune_recruiting,T_reg,0.47889336943626404,312.7940979003906,0.0
Fibro_immune_recruiting,gdT,0.5107266306877136,333.5863037109375,0.0
Fibro_myofibroblast,Fibro_myofibroblast,0.5646907687187195,368.8335266113281,0.0
Fibro_myofibroblast,Fibro_peribronchial,0.4606606960296631,300.8852233886719,0.0
Fibro_myofibroblast,Fibro_perichondrial,0.12317942827939987,80.45590209960938,0.0
Fibro_myofibroblast,ILC,0.33987125754356384,221.99038696289062,0.0
Fibro_myofibroblast,Ionocyte_n_Brush,-0.05489242821931839,-35.85354995727539,1.619113067968256e-281
Fibro_myofibroblast,MAIT,0.2993481457233429,195.5222930908203,0.0
Fibro_myofibroblast,Macro_CHIT1,0.06265086680650711,40.92105484008789,0.0
Fibro_myofibroblast,Macro_interstitial,0.22781072556972504,148.79690551757812,0.0
Fibro_myofibroblast,Macro_AW_CX3CR1,0.3065568506717682,200.23074340820312,0.0
Fibro_myofibroblast,Macro_alveolar_metallothioneins,0.3668266832828522,239.59658813476562,0.0
Fibro_myofibroblast,Macro_alv,0.0067545208148658276,4.4117841720581055,1.0252228319551084e-05
Fibro_myofibroblast,Macro_dividing,0.07448045164346695,48.647666931152344,0.0
Fibro_myofibroblast,Macro_int,0.2664881944656372,174.05947875976562,0.0
Fibro_myofibroblast,Macro_CCL,0.25626033544540405,167.37905883789062,0.0
Fibro_myofibroblast,Mast_cell,0.37305930256843567,243.66749572753906,0.0
Fibro_myofibroblast,Megakaryocyte,0.2752000689506531,179.74974060058594,0.0
Fibro_myofibroblast,Mesothelia,0.4838353395462036,316.0220031738281,0.0
Fibro_myofibroblast,Macrophage_intermediate,0.36555472016334534,238.7657928466797,0.0
Fibro_myofibroblast,Monocyte_CD14,0.31159707903862,203.52281188964844,0.0
Fibro_myofibroblast,Monocyte_CD16,0.3562631905078888,232.6969451904297,0.0
Fibro_myofibroblast,Muscle_airway,0.20573873817920685,134.38035583496094,0.0
Fibro_myofibroblast,Muscle_pericyte_airway,0.4851635992527008,316.8895568847656,0.0
Fibro_myofibroblast,Muscle_pericyte_parenchyma,0.2835438549518585,185.19956970214844,0.0
Fibro_myofibroblast,Muscle_perivascular_immune_recruiting,0.46746519207954407,305.32965087890625,0.0
Fibro_myofibroblast,Muscle_smooth_pulmonary,0.18828248977661133,122.97863006591797,0.0
Fibro_myofibroblast,Muscle_smooth_syst_arterial,0.1631304919719696,106.55034637451172,0.0
Fibro_myofibroblast,Myoepithelial,0.3442200720310211,224.8308563232422,0.0
Fibro_myofibroblast,NAF_endoneurial,0.16532723605632782,107.98516845703125,0.0
Fibro_myofibroblast,NAF_perineurial,0.16452263295650482,107.45964050292969,0.0
Fibro_myofibroblast,NK_CD16hi,0.3111235201358795,203.2135009765625,0.0
Fibro_myofibroblast,NKT,0.333111047744751,217.5748748779297,0.0
Fibro_myofibroblast,NK_CD11d,0.2872835695743561,187.64219665527344,0.0
Fibro_myofibroblast,NK_CD56bright,0.23990489542484283,156.6963348388672,0.0
Fibro_myofibroblast,Neuroendocrine,0.3627314567565918,236.9217529296875,0.0
Fibro_myofibroblast,SMG_Basal,0.20181183516979218,131.81546020507812,0.0
Fibro_myofibroblast,SMG_Duct,0.3279262185096741,214.1883544921875,0.0
Fibro_myofibroblast,SMG_Mucous,0.296924889087677,193.9395294189453,0.0
Fibro_myofibroblast,SMG_Serous,0.3550439178943634,231.9005584716797,0.0
Fibro_myofibroblast,Schwann_Myelinating,0.22304198145866394,145.68214416503906,0.0
Fibro_myofibroblast,Schwann_nonmyelinating,-0.1068384125828743,-69.78260040283203,0.0
Fibro_myofibroblast,Secretory_Club,-0.07427090406417847,-48.510799407958984,0.0
Fibro_myofibroblast,Secretory_Goblet,-0.16397300362586975,-107.10063934326172,0.0
Fibro_myofibroblast,Suprabasal,-0.04700827598571777,-30.703935623168945,5.043209726226959e-207
Fibro_myofibroblast,T_reg,0.29897817969322205,195.28065490722656,0.0
Fibro_myofibroblast,gdT,0.33382177352905273,218.03909301757812,0.0
Fibro_peribronchial,Fibro_peribronchial,0.6387937068939209,417.234619140625,0.0
Fibro_peribronchial,Fibro_perichondrial,0.16276845335960388,106.31387329101562,0.0
Fibro_peribronchial,ILC,0.46676480770111084,304.8721923828125,0.0
Fibro_peribronchial,Ionocyte_n_Brush,0.05383388698101044,35.16215133666992,7.580264499295809e-271
Fibro_peribronchial,MAIT,0.3937687873840332,257.194091796875,0.0
Fibro_peribronchial,Macro_CHIT1,0.03346497192978859,21.857988357543945,6.5257267184884095e-106
Fibro_peribronchial,Macro_interstitial,0.25421395897865295,166.04244995117188,0.0
Fibro_peribronchial,Macro_AW_CX3CR1,0.40132924914360046,262.1322937011719,0.0
Fibro_peribronchial,Macro_alveolar_metallothioneins,0.3850933611392975,251.5276641845703,0.0
Fibro_peribronchial,Macro_alv,-0.02178364060819149,-14.2282075881958,6.1231138768992534e-46
Fibro_peribronchial,Macro_dividing,0.06679707020521164,43.629188537597656,0.0
Fibro_peribronchial,Macro_int,0.22344249486923218,145.94374084472656,0.0
Fibro_peribronchial,Macro_CCL,0.304777055978775,199.06825256347656,0.0
Fibro_peribronchial,Mast_cell,0.44676390290260315,291.80841064453125,0.0
Fibro_peribronchial,Megakaryocyte,0.501874566078186,327.80450439453125,0.0
Fibro_peribronchial,Mesothelia,0.43865156173706055,286.5097351074219,0.0
Fibro_peribronchial,Macrophage_intermediate,0.4206821620464325,274.7728576660156,0.0
Fibro_peribronchial,Monocyte_CD14,0.3253496289253235,212.50543212890625,0.0
Fibro_peribronchial,Monocyte_CD16,0.40214914083480835,262.6678161621094,0.0
Fibro_peribronchial,Muscle_airway,0.4358545243740082,284.6828308105469,0.0
Fibro_peribronchial,Muscle_pericyte_airway,0.4567047357559204,298.3013610839844,0.0
Fibro_peribronchial,Muscle_pericyte_parenchyma,0.3845079243183136,251.14527893066406,0.0
Fibro_peribronchial,Muscle_perivascular_immune_recruiting,0.528876006603241,345.4407653808594,0.0
Fibro_peribronchial,Muscle_smooth_pulmonary,0.4133884012699127,270.00885009765625,0.0
Fibro_peribronchial,Muscle_smooth_syst_arterial,0.39668774604797363,259.10064697265625,0.0
Fibro_peribronchial,Myoepithelial,0.47087568044662476,307.5572509765625,0.0
Fibro_peribronchial,NAF_endoneurial,0.4399666488170624,287.36871337890625,0.0
Fibro_peribronchial,NAF_perineurial,0.43065187335014343,281.28466796875,0.0
Fibro_peribronchial,NK_CD16hi,0.4430736005306244,289.3980407714844,0.0
Fibro_peribronchial,NKT,0.40871182084083557,266.95428466796875,0.0
Fibro_peribronchial,NK_CD11d,0.4379090368747711,286.0247497558594,0.0
Fibro_peribronchial,NK_CD56bright,0.3952068090438843,258.13336181640625,0.0
Fibro_peribronchial,Neuroendocrine,0.5536532402038574,361.624267578125,0.0
Fibro_peribronchial,SMG_Basal,0.3954821825027466,258.313232421875,0.0
Fibro_peribronchial,SMG_Duct,0.419722318649292,274.1459045410156,0.0
Fibro_peribronchial,SMG_Mucous,0.4410684406757355,288.0883483886719,0.0
Fibro_peribronchial,SMG_Serous,0.45532941818237305,297.4030456542969,0.0
Fibro_peribronchial,Schwann_Myelinating,0.4469006359577179,291.897705078125,0.0
Fibro_peribronchial,Schwann_nonmyelinating,0.08008363842964172,52.30744552612305,0.0
Fibro_peribronchial,Secretory_Club,-0.07496248930692673,-48.96251678466797,0.0
Fibro_peribronchial,Secretory_Goblet,-0.17486543953418732,-114.21514892578125,0.0
Fibro_peribronchial,Suprabasal,0.056500211358070374,36.903690338134766,4.032318751763667e-298
Fibro_peribronchial,T_reg,0.42727360129356384,279.078125,0.0
Fibro_peribronchial,gdT,0.4518919885158539,295.1578674316406,0.0
Fibro_perichondrial,Fibro_perichondrial,0.5264612436294556,343.863525390625,0.0
Fibro_perichondrial,ILC,0.14473751187324524,94.53678131103516,0.0
Fibro_perichondrial,Ionocyte_n_Brush,0.10145395249128342,66.26568603515625,0.0
Fibro_perichondrial,MAIT,0.14023469388484955,91.59571838378906,0.0
Fibro_perichondrial,Macro_CHIT1,0.1598500907421112,104.40771484375,0.0
Fibro_perichondrial,Macro_interstitial,0.15505219995975494,101.27392578125,0.0
Fibro_perichondrial,Macro_AW_CX3CR1,0.17076796293258667,111.5388412475586,0.0
Fibro_perichondrial,Macro_alveolar_metallothioneins,0.17755629122257233,115.97270202636719,0.0
Fibro_perichondrial,Macro_alv,0.18165920674800873,118.6525650024414,0.0
Fibro_perichondrial,Macro_dividing,0.1708000898361206,111.55982208251953,0.0
Fibro_perichondrial,Macro_int,0.15725001692771912,102.70945739746094,0.0
Fibro_perichondrial,Macro_CCL,0.14849066734313965,96.98819732666016,0.0
Fibro_perichondrial,Mast_cell,0.15837198495864868,103.44227600097656,0.0
Fibro_perichondrial,Megakaryocyte,0.09057727456092834,59.16147232055664,0.0
Fibro_perichondrial,Mesothelia,0.1301865577697754,85.03267669677734,0.0
Fibro_perichondrial,Macrophage_intermediate,0.16202859580516815,105.83063507080078,0.0
Fibro_perichondrial,Monocyte_CD14,0.140253946185112,91.6082992553711,0.0
Fibro_perichondrial,Monocyte_CD16,0.1538088321685791,100.46180725097656,0.0
Fibro_perichondrial,Muscle_airway,0.08307149261236191,54.258995056152344,0.0
Fibro_perichondrial,Muscle_pericyte_airway,0.16761600971221924,109.48011016845703,0.0
Fibro_perichondrial,Muscle_pericyte_parenchyma,0.09543881565332413,62.33683776855469,0.0
Fibro_perichondrial,Muscle_perivascular_immune_recruiting,0.15780486166477203,103.07185363769531,0.0
Fibro_perichondrial,Muscle_smooth_pulmonary,0.0747644230723381,48.83314514160156,0.0
Fibro_perichondrial,Muscle_smooth_syst_arterial,0.07146506756544113,46.678138732910156,0.0
Fibro_perichondrial,Myoepithelial,0.1302133947610855,85.05020904541016,0.0
Fibro_perichondrial,NAF_endoneurial,0.01386344339698553,9.055049896240234,1.3650536314208355e-19
Fibro_perichondrial,NAF_perineurial,0.05725720897316933,37.39813232421875,4.1902565095924835e-306
Fibro_perichondrial,NK_CD16hi,0.1303720623254776,85.15384674072266,0.0
Fibro_perichondrial,NKT,0.14095453917980194,92.0658950805664,0.0
Fibro_perichondrial,NK_CD11d,0.1360424906015396,88.8575439453125,0.0
Fibro_perichondrial,NK_CD56bright,0.14070911705493927,91.90559387207031,0.0
Fibro_perichondrial,Neuroendocrine,0.15184643864631653,99.1800537109375,0.0
Fibro_perichondrial,SMG_Basal,0.2001127004623413,130.70565795898438,0.0
Fibro_perichondrial,SMG_Duct,0.11126453429460526,72.67356872558594,0.0
Fibro_perichondrial,SMG_Mucous,0.10040273517370224,65.57907104492188,0.0
Fibro_perichondrial,SMG_Serous,0.12726563215255737,83.12484741210938,0.0
Fibro_perichondrial,Schwann_Myelinating,0.043612804263830185,28.486148834228516,1.739105607276119e-178
Fibro_perichondrial,Schwann_nonmyelinating,-0.18156474828720093,-118.59086608886719,0.0
Fibro_perichondrial,Secretory_Club,0.16245664656162262,106.11021423339844,0.0
Fibro_perichondrial,Secretory_Goblet,0.09775745123624802,63.85127639770508,0.0
Fibro_perichondrial,Suprabasal,0.08911336213350296,58.20530319213867,0.0
Fibro_perichondrial,T_reg,0.14247386157512665,93.05825805664062,0.0
Fibro_perichondrial,gdT,0.143018439412117,93.41395568847656,0.0
ILC,ILC,0.7364934086799622,481.0481872558594,0.0
ILC,Ionocyte_n_Brush,0.03902260586619377,25.488014221191406,2.677010607624022e-143
ILC,MAIT,0.7351916432380676,480.19793701171875,0.0
ILC,Macro_CHIT1,0.4414394199848175,288.3306579589844,0.0
ILC,Macro_interstitial,0.6825630068778992,445.822998046875,0.0
ILC,Macro_AW_CX3CR1,0.6600191593170166,431.0982666015625,0.0
ILC,Macro_alveolar_metallothioneins,0.7060122489929199,461.13909912109375,0.0
ILC,Macro_alv,0.39555415511131287,258.3602294921875,0.0
ILC,Macro_dividing,0.5041576027870178,329.2956848144531,0.0
ILC,Macro_int,0.6387078762054443,417.1785583496094,0.0
ILC,Macro_CCL,0.7027862071990967,459.031982421875,0.0
ILC,Mast_cell,0.702472448348999,458.8270568847656,0.0
ILC,Megakaryocyte,0.5435999631881714,355.057861328125,0.0
ILC,Mesothelia,0.5272797346115112,344.39813232421875,0.0
ILC,Macrophage_intermediate,0.7292860150337219,476.3406066894531,0.0
ILC,Monocyte_CD14,0.7013067007064819,458.0656433105469,0.0
ILC,Monocyte_CD16,0.7347375154495239,479.90130615234375,0.0
ILC,Muscle_airway,0.18801382184028625,122.80314636230469,0.0
ILC,Muscle_pericyte_airway,0.46796783804893494,305.657958984375,0.0
ILC,Muscle_pericyte_parenchyma,0.6806417107582092,444.5680847167969,0.0
ILC,Muscle_perivascular_immune_recruiting,0.5540550351142883,361.8866882324219,0.0
ILC,Muscle_smooth_pulmonary,0.18044379353523254,117.85870361328125,0.0
ILC,Muscle_smooth_syst_arterial,0.18349546194076538,119.85193634033203,0.0
ILC,Myoepithelial,0.5300993919372559,346.2398376464844,0.0
ILC,NAF_endoneurial,0.23041574656963348,150.49839782714844,0.0
ILC,NAF_perineurial,0.2016940414905548,131.738525390625,0.0
ILC,NK_CD16hi,0.7285722494125366,475.8743896484375,0.0
ILC,NKT,0.7410374283790588,484.01617431640625,0.0
ILC,NK_CD11d,0.6869584321975708,448.69390869140625,0.0
ILC,NK_CD56bright,0.6432619094848633,420.153076171875,0.0
ILC,Neuroendocrine,0.5781217813491821,377.60614013671875,0.0
ILC,SMG_Basal,0.48746347427368164,318.3917541503906,0.0
ILC,SMG_Duct,0.42913684248924255,280.29510498046875,0.0
ILC,SMG_Mucous,0.4883521795272827,318.9721984863281,0.0
ILC,SMG_Serous,0.48424550890922546,316.2898864746094,0.0
ILC,Schwann_Myelinating,0.3862643539905548,252.29251098632812,0.0
ILC,Schwann_nonmyelinating,-0.12288682162761688,-80.26478576660156,0.0
ILC,Secretory_Club,-0.012337591499090195,-8.05842399597168,7.728435031030091e-16
ILC,Secretory_Goblet,-0.28672996163368225,-187.28060913085938,0.0
ILC,Suprabasal,-0.0007704420713707805,-0.5032221078872681,0.6148081230269868
ILC,T_reg,0.7276237607002258,475.2548828125,0.0
ILC,gdT,0.7431136965751648,485.3722839355469,0.0
Ionocyte_n_Brush,Ionocyte_n_Brush,0.49604856967926025,323.9991760253906,0.0
Ionocyte_n_Brush,MAIT,-0.00018831307534128428,-0.12299861013889313,0.9021081985589449
Ionocyte_n_Brush,Macro_CHIT1,-0.06388567388057709,-41.72758102416992,0.0
Ionocyte_n_Brush,Macro_interstitial,-0.030323592945933342,-19.806163787841797,2.6340522056721656e-87
Ionocyte_n_Brush,Macro_AW_CX3CR1,0.17470018565654755,114.10720825195312,0.0
Ionocyte_n_Brush,Macro_alveolar_metallothioneins,-0.04679569602012634,-30.565086364746094,3.5643243855962443e-205
Ionocyte_n_Brush,Macro_alv,-0.053774867206811905,-35.12360382080078,2.9409384833337026e-270
Ionocyte_n_Brush,Macro_dividing,-0.04636874422430992,-30.286218643188477,1.7410919172652695e-201
Ionocyte_n_Brush,Macro_int,-0.10613933950662613,-69.32599639892578,0.0
Ionocyte_n_Brush,Macro_CCL,-0.02725384198129177,-17.801124572753906,6.926394050381381e-71
Ionocyte_n_Brush,Mast_cell,0.020589109510183334,13.447986602783203,3.163696627242869e-41
Ionocyte_n_Brush,Megakaryocyte,0.2203454077243805,143.9208526611328,0.0
Ionocyte_n_Brush,Mesothelia,-0.06295428425073624,-41.119232177734375,0.0
Ionocyte_n_Brush,Macrophage_intermediate,-0.02329106442630291,-15.212796211242676,2.9084986090331243e-52
Ionocyte_n_Brush,Monocyte_CD14,-0.0825599879026413,-53.92490005493164,0.0
Ionocyte_n_Brush,Monocyte_CD16,-0.038630738854408264,-25.2320613861084,1.78243556344899e-140
Ionocyte_n_Brush,Muscle_airway,0.00335582229308784,2.191889524459839,0.028387484665640353
Ionocyte_n_Brush,Muscle_pericyte_airway,-0.06736702471971512,-44.001461029052734,0.0
Ionocyte_n_Brush,Muscle_pericyte_parenchyma,-0.01803039386868477,-11.77673625946045,5.144676044430088e-32
Ionocyte_n_Brush,Muscle_perivascular_immune_recruiting,0.053890254348516464,35.198970794677734,2.0733673020911108e-271
Ionocyte_n_Brush,Muscle_smooth_pulmonary,0.015270569361746311,9.974128723144531,1.978300691045634e-23
Ionocyte_n_Brush,Muscle_smooth_syst_arterial,0.03160081431269646,20.64039421081543,1.190873536558197e-94
Ionocyte_n_Brush,Myoepithelial,0.10001247376203537,65.32416534423828,0.0
Ionocyte_n_Brush,NAF_endoneurial,-0.030373651534318924,-19.8388614654541,1.3753827611094843e-87
Ionocyte_n_Brush,NAF_perineurial,0.011469440534710884,7.491382122039795,6.815207730193866e-14
Ionocyte_n_Brush,NK_CD16hi,0.07264729589223862,47.450321197509766,0.0
Ionocyte_n_Brush,NKT,-0.03459572046995163,-22.596548080444336,4.686028666828411e-113
Ionocyte_n_Brush,NK_CD11d,0.17283062636852264,112.8860855102539,0.0
Ionocyte_n_Brush,NK_CD56bright,0.22404904663562775,146.3399200439453,0.0
Ionocyte_n_Brush,Neuroendocrine,0.1699461191892624,111.00204467773438,0.0
Ionocyte_n_Brush,SMG_Basal,0.2838515639305115,185.40054321289062,0.0
Ionocyte_n_Brush,SMG_Duct,0.2105252593755722,137.50672912597656,0.0
Ionocyte_n_Brush,SMG_Mucous,0.24625056982040405,160.84107971191406,0.0
Ionocyte_n_Brush,SMG_Serous,0.13680602610111237,89.35625457763672,0.0
Ionocyte_n_Brush,Schwann_Myelinating,0.10200715065002441,66.62701416015625,0.0
Ionocyte_n_Brush,Schwann_nonmyelinating,-0.12742340564727783,-83.22789764404297,0.0
Ionocyte_n_Brush,Secretory_Club,0.37955087423324585,247.90753173828125,0.0
Ionocyte_n_Brush,Secretory_Goblet,0.511589765548706,334.15008544921875,0.0
Ionocyte_n_Brush,Suprabasal,0.48688480257987976,318.0137939453125,0.0
Ionocyte_n_Brush,T_reg,0.06697289645671844,43.7440299987793,0.0
Ionocyte_n_Brush,gdT,0.016416136175394058,10.722367286682129,7.993091351158655e-27
MAIT,MAIT,0.7564709186553955,494.0967102050781,0.0
MAIT,Macro_CHIT1,0.508811354637146,332.3353271484375,0.0
MAIT,Macro_interstitial,0.7326975464820862,478.5688781738281,0.0
MAIT,Macro_AW_CX3CR1,0.6523587703704834,426.09478759765625,0.0
MAIT,Macro_alveolar_metallothioneins,0.7276872396469116,475.2963562011719,0.0
MAIT,Macro_alv,0.46842584013938904,305.9571228027344,0.0
MAIT,Macro_dividing,0.5721783638000488,373.7241516113281,0.0
MAIT,Macro_int,0.6952129006385803,454.08538818359375,0.0
MAIT,Macro_CCL,0.742428719997406,484.9248962402344,0.0
MAIT,Mast_cell,0.7118607759475708,464.9591369628906,0.0
MAIT,Megakaryocyte,0.48214396834373474,314.9172668457031,0.0
MAIT,Mesothelia,0.5011315941810608,327.3192138671875,0.0
MAIT,Macrophage_intermediate,0.7424769997596741,484.9564208984375,0.0
MAIT,Monocyte_CD14,0.7431432604789734,485.3916015625,0.0
MAIT,Monocyte_CD16,0.7569131255149841,494.3855285644531,0.0
MAIT,Muscle_airway,0.12102936953306198,79.05156707763672,0.0
MAIT,Muscle_pericyte_airway,0.4391108453273773,286.8097229003906,0.0
MAIT,Muscle_pericyte_parenchyma,0.6979853510856628,455.8962707519531,0.0
MAIT,Muscle_perivascular_immune_recruiting,0.5018585324287415,327.7940368652344,0.0
MAIT,Muscle_smooth_pulmonary,0.11624781787395477,75.92845153808594,0.0
MAIT,Muscle_smooth_syst_arterial,0.11795356869697571,77.0425796508789,0.0
MAIT,Myoepithelial,0.4754508137702942,310.5455627441406,0.0
MAIT,NAF_endoneurial,0.1509278416633606,98.58006286621094,0.0
MAIT,NAF_perineurial,0.12940476834774017,84.52204895019531,0.0
MAIT,NK_CD16hi,0.7276355028152466,475.2625427246094,0.0
MAIT,NKT,0.7617729902267456,497.559814453125,0.0
MAIT,NK_CD11d,0.6730620265007019,439.6173400878906,0.0
MAIT,NK_CD56bright,0.6314154863357544,412.41546630859375,0.0
MAIT,Neuroendocrine,0.514489471912384,336.0440368652344,0.0
MAIT,SMG_Basal,0.4403553307056427,287.6225891113281,0.0
MAIT,SMG_Duct,0.36331501603126526,237.30291748046875,0.0
MAIT,SMG_Mucous,0.42650049924850464,278.5731506347656,0.0
MAIT,SMG_Serous,0.4225709140300751,276.0065002441406,0.0
MAIT,Schwann_Myelinating,0.3088410496711731,201.72268676757812,0.0
MAIT,Schwann_nonmyelinating,-0.17465688288211823,-114.07892608642578,0.0
MAIT,Secretory_Club,-0.012981530278921127,-8.479019165039062,2.2710027213860063e-17
MAIT,Secretory_Goblet,-0.31030598282814026,-202.6795196533203,0.0
MAIT,Suprabasal,-0.04647359624505043,-30.354703903198242,2.1778519482600936e-202
MAIT,T_reg,0.7339947819709778,479.41619873046875,0.0
MAIT,gdT,0.7485547065734863,488.9261474609375,0.0
Macro_CHIT1,Macro_CHIT1,0.6229807138442993,406.9062194824219,0.0
Macro_CHIT1,Macro_interstitial,0.6078695058822632,397.0361633300781,0.0
Macro_CHIT1,Macro_AW_CX3CR1,0.3884693384170532,253.7327117919922,0.0
Macro_CHIT1,Macro_alveolar_metallothioneins,0.5310981273651123,346.89215087890625,0.0
Macro_CHIT1,Macro_alv,0.6180651783943176,403.6955871582031,0.0
Macro_CHIT1,Macro_dividing,0.6368805766105652,415.98504638671875,0.0
Macro_CHIT1,Macro_int,0.6137256026268005,400.86114501953125,0.0
Macro_CHIT1,Macro_CCL,0.5732638239860535,374.43310546875,0.0
Macro_CHIT1,Mast_cell,0.46236780285835266,302.000244140625,0.0
Macro_CHIT1,Megakaryocyte,0.13368283212184906,87.3163070678711,0.0
Macro_CHIT1,Mesothelia,0.23448126018047333,153.15382385253906,0.0
Macro_CHIT1,Macrophage_intermediate,0.4985094368457794,325.6065368652344,0.0
Macro_CHIT1,Monocyte_CD14,0.5544310808181763,362.13232421875,0.0
Macro_CHIT1,Monocyte_CD16,0.5170059204101562,337.68768310546875,0.0
Macro_CHIT1,Muscle_airway,-0.05108838155865669,-33.368896484375,3.8760816027857725e-244
Macro_CHIT1,Muscle_pericyte_airway,0.21134783327579498,138.0439910888672,0.0
Macro_CHIT1,Muscle_pericyte_parenchyma,0.4087827205657959,267.0006103515625,0.0
Macro_CHIT1,Muscle_perivascular_immune_recruiting,0.1752873808145523,114.4907455444336,0.0
Macro_CHIT1,Muscle_smooth_pulmonary,-0.04828291013836861,-31.536476135253906,2.748203955927061e-218
Macro_CHIT1,Muscle_smooth_syst_arterial,-0.03784586489200592,-24.71941375732422,6.614532649437593e-135
Macro_CHIT1,Myoepithelial,0.1520405411720276,99.30683135986328,0.0
Macro_CHIT1,NAF_endoneurial,-0.10866725444793701,-70.97712707519531,0.0
Macro_CHIT1,NAF_perineurial,-0.0703199952840805,-45.93022155761719,0.0
Macro_CHIT1,NK_CD16hi,0.4224732518196106,275.9427185058594,0.0
Macro_CHIT1,NKT,0.5078575611114502,331.71234130859375,0.0
Macro_CHIT1,NK_CD11d,0.36058884859085083,235.5222930908203,0.0
Macro_CHIT1,NK_CD56bright,0.35108476877212524,229.31460571289062,0.0
Macro_CHIT1,Neuroendocrine,0.1753205955028534,114.51243591308594,0.0
Macro_CHIT1,SMG_Basal,0.24492545425891876,159.97555541992188,0.0
Macro_CHIT1,SMG_Duct,0.04918406158685684,32.12507247924805,1.969333831744882e-226
Macro_CHIT1,SMG_Mucous,0.09377479553222656,61.24996566772461,0.0
Macro_CHIT1,SMG_Serous,0.10125600546598434,66.13639068603516,0.0
Macro_CHIT1,Schwann_Myelinating,-0.025960542261600494,-16.956392288208008,1.7262332135938677e-64
Macro_CHIT1,Schwann_nonmyelinating,-0.2867995500564575,-187.3260498046875,0.0
Macro_CHIT1,Secretory_Club,0.040248043835163116,26.288421630859375,2.601313346875243e-152
Macro_CHIT1,Secretory_Goblet,-0.2269277125597,-148.22015380859375,0.0
Macro_CHIT1,Suprabasal,-0.08842142671346664,-57.75335693359375,0.0
Macro_CHIT1,T_reg,0.45534035563468933,297.4101867675781,0.0
Macro_CHIT1,gdT,0.46434536576271057,303.29193115234375,0.0
Macro_interstitial,Macro_interstitial,0.7679873108863831,501.6187438964844,0.0
Macro_interstitial,Macro_AW_CX3CR1,0.6123546957969666,399.9657287597656,0.0
Macro_interstitial,Macro_alveolar_metallothioneins,0.7272508144378662,475.01129150390625,0.0
Macro_interstitial,Macro_alv,0.5830520987510681,380.826416015625,0.0
Macro_interstitial,Macro_dividing,0.6633049845695496,433.2444152832031,0.0
Macro_interstitial,Macro_int,0.7494746446609497,489.5270080566406,0.0
Macro_interstitial,Macro_CCL,0.7558817267417908,493.71185302734375,0.0
Macro_interstitial,Mast_cell,0.681812584400177,445.3328552246094,0.0
Macro_interstitial,Megakaryocyte,0.36040404438972473,235.40158081054688,0.0
Macro_interstitial,Mesothelia,0.44799527525901794,292.6127014160156,0.0
Macro_interstitial,Macrophage_intermediate,0.7198572754859924,470.18212890625,0.0
Macro_interstitial,Monocyte_CD14,0.7545916438102722,492.8692321777344,0.0
Macro_interstitial,Monocyte_CD16,0.7413996458053589,484.25274658203125,0.0
Macro_interstitial,Muscle_airway,0.014797812327742577,9.665342330932617,4.232026214251935e-22
Macro_interstitial,Muscle_pericyte_airway,0.38332632184028625,250.37350463867188,0.0
Macro_interstitial,Muscle_pericyte_parenchyma,0.6548014879226685,427.6902770996094,0.0
Macro_interstitial,Muscle_perivascular_immune_recruiting,0.4093829393386841,267.39263916015625,0.0
Macro_interstitial,Muscle_smooth_pulmonary,0.014066995121538639,9.18800163269043,4.002068240523366e-20
Macro_interstitial,Muscle_smooth_syst_arterial,0.015594257973134518,10.185548782348633,2.3005814599801134e-24
Macro_interstitial,Myoepithelial,0.37568533420562744,245.38270568847656,0.0
Macro_interstitial,NAF_endoneurial,0.010403680615127087,6.795269966125488,1.0810988967838295e-11
Macro_interstitial,NAF_perineurial,0.007669797632843256,5.009606838226318,5.454134224942921e-07
Macro_interstitial,NK_CD16hi,0.6733181476593018,439.78460693359375,0.0
Macro_interstitial,NKT,0.7373800277709961,481.6272888183594,0.0
Macro_interstitial,NK_CD11d,0.6090842485427856,397.82958984375,0.0
Macro_interstitial,NK_CD56bright,0.5761987566947937,376.35009765625,0.0
Macro_interstitial,Neuroendocrine,0.4008346498012543,261.8092346191406,0.0
Macro_interstitial,SMG_Basal,0.3678845763206482,240.28756713867188,0.0
Macro_interstitial,SMG_Duct,0.2642149031162262,172.5746612548828,0.0
Macro_interstitial,SMG_Mucous,0.320188969373703,209.1346893310547,0.0
Macro_interstitial,SMG_Serous,0.3215245008468628,210.0070037841797,0.0
Macro_interstitial,Schwann_Myelinating,0.17470122873783112,114.1078872680664,0.0
Macro_interstitial,Schwann_nonmyelinating,-0.2660018801689148,-173.74183654785156,0.0
Macro_interstitial,Secretory_Club,0.024814806878566742,16.208044052124023,4.424266140086535e-59
Macro_interstitial,Secretory_Goblet,-0.28584983944892883,-186.7057342529297,0.0
Macro_interstitial,Suprabasal,-0.07646395266056061,-49.94321060180664,0.0
Macro_interstitial,T_reg,0.6915531158447266,451.6949768066406,0.0
Macro_interstitial,gdT,0.70320725440979,459.3070068359375,0.0
Macro_AW_CX3CR1,Macro_AW_CX3CR1,0.6638191938400269,433.5802917480469,0.0
Macro_AW_CX3CR1,Macro_alveolar_metallothioneins,0.63458651304245,414.4866638183594,0.0
Macro_AW_CX3CR1,Macro_alv,0.3526328504085541,230.32574462890625,0.0
Macro_AW_CX3CR1,Macro_dividing,0.44856980443000793,292.9879455566406,0.0
Macro_AW_CX3CR1,Macro_int,0.5609574913978577,366.3951110839844,0.0
Macro_AW_CX3CR1,Macro_CCL,0.6271727085113525,409.6442565917969,0.0
Macro_AW_CX3CR1,Mast_cell,0.6220375895500183,406.2901916503906,0.0
Macro_AW_CX3CR1,Megakaryocyte,0.5192999243736267,339.18603515625,0.0
Macro_AW_CX3CR1,Mesothelia,0.4990098476409912,325.9333801269531,0.0
Macro_AW_CX3CR1,Macrophage_intermediate,0.656170129776001,428.584228515625,0.0
Macro_AW_CX3CR1,Monocyte_CD14,0.6097862720489502,398.2881164550781,0.0
Macro_AW_CX3CR1,Monocyte_CD16,0.6539503335952759,427.13433837890625,0.0
Macro_AW_CX3CR1,Muscle_airway,0.08803222328424454,57.4991455078125,0.0
Macro_AW_CX3CR1,Muscle_pericyte_airway,0.4159397780895233,271.6753234863281,0.0
Macro_AW_CX3CR1,Muscle_pericyte_parenchyma,0.5993056297302246,391.4425964355469,0.0
Macro_AW_CX3CR1,Muscle_perivascular_immune_recruiting,0.5366664528846741,350.5291748046875,0.0
Macro_AW_CX3CR1,Muscle_smooth_pulmonary,0.08169510960578918,53.35999298095703,0.0
Macro_AW_CX3CR1,Muscle_smooth_syst_arterial,0.08183497935533524,53.451351165771484,0.0
Macro_AW_CX3CR1,Myoepithelial,0.5276875495910645,344.6645202636719,0.0
Macro_AW_CX3CR1,NAF_endoneurial,0.12068354338407516,78.82569122314453,0.0
Macro_AW_CX3CR1,NAF_perineurial,0.09121087938547134,59.5753173828125,0.0
Macro_AW_CX3CR1,NK_CD16hi,0.6696823835372925,437.4098815917969,0.0
Macro_AW_CX3CR1,NKT,0.6521522998809814,425.9599304199219,0.0
Macro_AW_CX3CR1,NK_CD11d,0.6622627973556519,432.563720703125,0.0
Macro_AW_CX3CR1,NK_CD56bright,0.6312370896339417,412.2989501953125,0.0
Macro_AW_CX3CR1,Neuroendocrine,0.5543036460876465,362.049072265625,0.0
Macro_AW_CX3CR1,SMG_Basal,0.49942779541015625,326.20635986328125,0.0
Macro_AW_CX3CR1,SMG_Duct,0.4929952919483185,322.0049133300781,0.0
Macro_AW_CX3CR1,SMG_Mucous,0.5285817980766296,345.24859619140625,0.0
Macro_AW_CX3CR1,SMG_Serous,0.5109837651252747,333.7542724609375,0.0
Macro_AW_CX3CR1,Schwann_Myelinating,0.36807119846343994,240.40945434570312,0.0
Macro_AW_CX3CR1,Schwann_nonmyelinating,-0.1980273574590683,-129.34359741210938,0.0
Macro_AW_CX3CR1,Secretory_Club,0.14021183550357819,91.58079528808594,0.0
Macro_AW_CX3CR1,Secretory_Goblet,-0.07708881795406342,-50.351348876953125,0.0
Macro_AW_CX3CR1,Suprabasal,0.12725088000297546,83.1152114868164,0.0
Macro_AW_CX3CR1,T_reg,0.6596073508262634,430.82928466796875,0.0
Macro_AW_CX3CR1,gdT,0.6610531210899353,431.7735900878906,0.0
Macro_alveolar_metallothioneins,Macro_alveolar_metallothioneins,0.7533812522888184,492.0786437988281,0.0
Macro_alveolar_metallothioneins,Macro_alv,0.49063336849212646,320.4621887207031,0.0
Macro_alveolar_metallothioneins,Macro_dividing,0.5805988907814026,379.2240905761719,0.0
Macro_alveolar_metallothioneins,Macro_int,0.7287718057632446,476.0047302246094,0.0
Macro_alveolar_metallothioneins,Macro_CCL,0.728635847568512,475.91595458984375,0.0
Macro_alveolar_metallothioneins,Mast_cell,0.7061198353767395,461.2093811035156,0.0
Macro_alveolar_metallothioneins,Megakaryocyte,0.4215996563434601,275.37213134765625,0.0
Macro_alveolar_metallothioneins,Mesothelia,0.5744488835334778,375.2071533203125,0.0
Macro_alveolar_metallothioneins,Macrophage_intermediate,0.7467325329780579,487.7359619140625,0.0
Macro_alveolar_metallothioneins,Monocyte_CD14,0.745357096195221,486.83758544921875,0.0
Macro_alveolar_metallothioneins,Monocyte_CD16,0.7566936612129211,494.2421875,0.0
Macro_alveolar_metallothioneins,Muscle_airway,0.09962861984968185,65.07344818115234,0.0
Macro_alveolar_metallothioneins,Muscle_pericyte_airway,0.5016362071037292,327.6488037109375,0.0
Macro_alveolar_metallothioneins,Muscle_pericyte_parenchyma,0.6502963304519653,424.7476806640625,0.0
Macro_alveolar_metallothioneins,Muscle_perivascular_immune_recruiting,0.5361690521240234,350.20428466796875,0.0
Macro_alveolar_metallothioneins,Muscle_smooth_pulmonary,0.09329282492399216,60.93516159057617,0.0
Macro_alveolar_metallothioneins,Muscle_smooth_syst_arterial,0.09003597497940063,58.80791473388672,0.0
Macro_alveolar_metallothioneins,Myoepithelial,0.4736938178539276,309.39794921875,0.0
Macro_alveolar_metallothioneins,NAF_endoneurial,0.11307387799024582,73.85535430908203,0.0
Macro_alveolar_metallothioneins,NAF_perineurial,0.09192623198032379,60.04255676269531,0.0
Macro_alveolar_metallothioneins,NK_CD16hi,0.6870161294937134,448.7315979003906,0.0
Macro_alveolar_metallothioneins,NKT,0.7446231842041016,486.3582458496094,0.0
Macro_alveolar_metallothioneins,NK_CD11d,0.6254963278770447,408.54931640625,0.0
Macro_alveolar_metallothioneins,NK_CD56bright,0.5773129463195801,377.0778503417969,0.0
Macro_alveolar_metallothioneins,Neuroendocrine,0.49528220295906067,323.4986267089844,0.0
Macro_alveolar_metallothioneins,SMG_Basal,0.405112087726593,264.60308837890625,0.0
Macro_alveolar_metallothioneins,SMG_Duct,0.3689888119697571,241.00880432128906,0.0
Macro_alveolar_metallothioneins,SMG_Mucous,0.40245556831359863,262.8679504394531,0.0
Macro_alveolar_metallothioneins,SMG_Serous,0.4305275082588196,281.20343017578125,0.0
Macro_alveolar_metallothioneins,Schwann_Myelinating,0.27771511673927307,181.3924560546875,0.0
Macro_alveolar_metallothioneins,Schwann_nonmyelinating,-0.21042819321155548,-137.44332885742188,0.0
Macro_alveolar_metallothioneins,Secretory_Club,-0.010142598301172256,-6.624741554260254,3.478562484930798e-11
Macro_alveolar_metallothioneins,Secretory_Goblet,-0.3137001097202301,-204.89642333984375,0.0
Macro_alveolar_metallothioneins,Suprabasal,-0.0802115872502327,-52.39101791381836,0.0
Macro_alveolar_metallothioneins,T_reg,0.6955097913742065,454.2793273925781,0.0
Macro_alveolar_metallothioneins,gdT,0.719520092010498,469.9618835449219,0.0
Macro_alv,Macro_alv,0.6555596590042114,428.18548583984375,0.0
Macro_alv,Macro_dividing,0.6508488655090332,425.10858154296875,0.0
Macro_alv,Macro_int,0.5863927006721497,383.0083923339844,0.0
Macro_alv,Macro_CCL,0.5418499112129211,353.914794921875,0.0
Macro_alv,Mast_cell,0.4141291081905365,270.4926452636719,0.0
Macro_alv,Megakaryocyte,0.09418036788702011,61.514869689941406,0.0
Macro_alv,Mesothelia,0.17668795585632324,115.4055404663086,0.0
Macro_alv,Macrophage_intermediate,0.4516293704509735,294.986328125,0.0
Macro_alv,Monocyte_CD14,0.5106515288352966,333.5372619628906,0.0
Macro_alv,Monocyte_CD16,0.47005751729011536,307.0228576660156,0.0
Macro_alv,Muscle_airway,-0.06802085787057877,-44.42851638793945,0.0
Macro_alv,Muscle_pericyte_airway,0.16174139082431793,105.6430435180664,0.0
Macro_alv,Muscle_pericyte_parenchyma,0.3702757954597473,241.8494110107422,0.0
Macro_alv,Muscle_perivascular_immune_recruiting,0.12159039825201035,79.41800689697266,0.0
Macro_alv,Muscle_smooth_pulmonary,-0.06371854245662689,-41.61841583251953,0.0
Macro_alv,Muscle_smooth_syst_arterial,-0.055998869240283966,-36.57623291015625,6.828391888571064e-293
Macro_alv,Myoepithelial,0.10856243222951889,70.90866088867188,0.0
Macro_alv,NAF_endoneurial,-0.13418716192245483,-87.64571380615234,0.0
Macro_alv,NAF_perineurial,-0.08944842219352722,-58.42414855957031,0.0
Macro_alv,NK_CD16hi,0.37907466292381287,247.5964813232422,0.0
Macro_alv,NKT,0.4623308479785919,301.9761047363281,0.0
Macro_alv,NK_CD11d,0.32085925340652466,209.57249450683594,0.0
Macro_alv,NK_CD56bright,0.3189668357372284,208.33644104003906,0.0
Macro_alv,Neuroendocrine,0.1275007724761963,83.27843475341797,0.0
Macro_alv,SMG_Basal,0.2389943152666092,156.10157775878906,0.0
Macro_alv,SMG_Duct,0.003882965538650751,2.536198616027832,0.011206315610965271
Macro_alv,SMG_Mucous,0.053268227726221085,34.792686462402344,3.137765947714557e-265
Macro_alv,SMG_Serous,0.052071936428546906,34.01131820678711,1.5155798721870844e-253
Macro_alv,Schwann_Myelinating,-0.05792674422264099,-37.835445404052734,0.0
Macro_alv,Schwann_nonmyelinating,-0.27593734860420227,-180.23129272460938,0.0
Macro_alv,Secretory_Club,0.08646457642316818,56.4752197265625,0.0
Macro_alv,Secretory_Goblet,-0.2106214165687561,-137.5695343017578,0.0
Macro_alv,Suprabasal,-0.0794605165719986,-51.900447845458984,0.0
Macro_alv,T_reg,0.4150022268295288,271.06292724609375,0.0
Macro_alv,gdT,0.41931775212287903,273.8816833496094,0.0
Macro_dividing,Macro_dividing,0.6789926886558533,443.4909973144531,0.0
Macro_dividing,Macro_int,0.6527585387229919,426.35589599609375,0.0
Macro_dividing,Macro_CCL,0.631812572479248,412.6748352050781,0.0
Macro_dividing,Mast_cell,0.5135166645050049,335.4086608886719,0.0
Macro_dividing,Megakaryocyte,0.19029876589775085,124.29557800292969,0.0
Macro_dividing,Mesothelia,0.2628462612628937,171.68072509765625,0.0
Macro_dividing,Macrophage_intermediate,0.5538540482521057,361.75543212890625,0.0
Macro_dividing,Monocyte_CD14,0.6069554686546326,396.43914794921875,0.0
Macro_dividing,Monocyte_CD16,0.5737746953964233,374.76678466796875,0.0
Macro_dividing,Muscle_airway,-0.04432673007249832,-28.952455520629883,2.6134755648131004e-184
Macro_dividing,Muscle_pericyte_airway,0.23081566393375397,150.75961303710938,0.0
Macro_dividing,Muscle_pericyte_parenchyma,0.47851017117500305,312.5437927246094,0.0
Macro_dividing,Muscle_perivascular_immune_recruiting,0.21504706144332886,140.46018981933594,0.0
Macro_dividing,Muscle_smooth_pulmonary,-0.04113447293639183,-26.867401123046875,5.28209411786e-159
Macro_dividing,Muscle_smooth_syst_arterial,-0.03237833082675934,-21.148237228393555,2.864471397977675e-99
Macro_dividing,Myoepithelial,0.2000245600938797,130.64808654785156,0.0
Macro_dividing,NAF_endoneurial,-0.08964020013809204,-58.54941177368164,0.0
Macro_dividing,NAF_perineurial,-0.0596485361456871,-38.96004867553711,0.0
Macro_dividing,NK_CD16hi,0.49114158749580383,320.79412841796875,0.0
Macro_dividing,NKT,0.569099485874176,371.713134765625,0.0
Macro_dividing,NK_CD11d,0.428925484418869,280.1570739746094,0.0
Macro_dividing,NK_CD56bright,0.4168621897697449,272.2778015136719,0.0
Macro_dividing,Neuroendocrine,0.22163771092891693,144.7649383544922,0.0
Macro_dividing,SMG_Basal,0.2908969223499298,190.00228881835938,0.0
Macro_dividing,SMG_Duct,0.08957666158676147,58.507911682128906,0.0
Macro_dividing,SMG_Mucous,0.14316020905971527,93.50655364990234,0.0
Macro_dividing,SMG_Serous,0.14233680069446564,92.96873474121094,0.0
Macro_dividing,Schwann_Myelinating,0.017398273572325706,11.363860130310059,6.328514529975186e-30
Macro_dividing,Schwann_nonmyelinating,-0.2821353077888489,-184.27955627441406,0.0
Macro_dividing,Secretory_Club,0.057019855827093124,37.243099212646484,1.3703771732589363e-303
Macro_dividing,Secretory_Goblet,-0.24332037568092346,-158.92718505859375,0.0
Macro_dividing,Suprabasal,-0.08291536569595337,-54.15701675415039,0.0
Macro_dividing,T_reg,0.521496593952179,340.6208190917969,0.0
Macro_dividing,gdT,0.5281351804733276,344.9568786621094,0.0
Macro_int,Macro_int,0.7791877388954163,508.9344177246094,0.0
Macro_int,Macro_CCL,0.7295736074447632,476.5284423828125,0.0
Macro_int,Mast_cell,0.6673304438591003,435.8736877441406,0.0
Macro_int,Megakaryocyte,0.2731386423110962,178.40328979492188,0.0
Macro_int,Mesothelia,0.4866108000278473,317.8348083496094,0.0
Macro_int,Macrophage_intermediate,0.7041559815406799,459.9266662597656,0.0
Macro_int,Monocyte_CD14,0.7523898482322693,491.4311218261719,0.0
Macro_int,Monocyte_CD16,0.7271063327789307,474.91693115234375,0.0
Macro_int,Muscle_airway,-0.008867127820849419,-5.79165506362915,6.969616937315456e-09
Macro_int,Muscle_pericyte_airway,0.42276254296302795,276.1316833496094,0.0
Macro_int,Muscle_pericyte_parenchyma,0.599977970123291,391.8817443847656,0.0
Macro_int,Muscle_perivascular_immune_recruiting,0.3969065546989441,259.2435607910156,0.0
Macro_int,Muscle_smooth_pulmonary,-0.010450785048305988,-6.8260369300842285,8.729246744816881e-12
Macro_int,Muscle_smooth_syst_arterial,-0.014475833624601364,-9.455038070678711,3.2290444408779987e-21
Macro_int,Myoepithelial,0.32989928126335144,215.47708129882812,0.0
Macro_int,NAF_endoneurial,-0.03170527517795563,-20.7086238861084,2.896120936997127e-95
Macro_int,NAF_perineurial,-0.029718641191720963,-19.411033630371094,6.226191834183853e-84
Macro_int,NK_CD16hi,0.6133763790130615,400.633056640625,0.0
Macro_int,NKT,0.7084610462188721,462.7385559082031,0.0
Macro_int,NK_CD11d,0.536541223526001,350.4473876953125,0.0
Macro_int,NK_CD56bright,0.500799834728241,327.1025390625,0.0
Macro_int,Neuroendocrine,0.3473283648490906,226.86106872558594,0.0
Macro_int,SMG_Basal,0.2976684868335724,194.4252166748047,0.0
Macro_int,SMG_Duct,0.21086649596691132,137.72959899902344,0.0
Macro_int,SMG_Mucous,0.2534296214580536,165.5301513671875,0.0
Macro_int,SMG_Serous,0.2795183062553406,182.5702362060547,0.0
Macro_int,Schwann_Myelinating,0.10997755825519562,71.83296203613281,0.0
Macro_int,Schwann_nonmyelinating,-0.2844090163707733,-185.7646484375,0.0
Macro_int,Secretory_Club,-0.0011731896083801985,-0.7662807703018188,0.44350925772497074
Macro_int,Secretory_Goblet,-0.32817065715789795,-214.3480224609375,0.0
Macro_int,Suprabasal,-0.1393890380859375,-91.04337310791016,0.0
Macro_int,T_reg,0.6392989754676819,417.5646667480469,0.0
Macro_int,gdT,0.6607867479324341,431.599609375,0.0
Macro_CCL,Macro_CCL,0.7529224753379822,491.77899169921875,0.0
Macro_CCL,Mast_cell,0.6902934312820435,450.8721923828125,0.0
Macro_CCL,Megakaryocyte,0.40485453605651855,264.43487548828125,0.0
Macro_CCL,Mesothelia,0.47248852252960205,308.6106872558594,0.0
Macro_CCL,Macrophage_intermediate,0.7308183312416077,477.3414611816406,0.0
Macro_CCL,Monocyte_CD14,0.7512876987457275,490.71124267578125,0.0
Macro_CCL,Monocyte_CD16,0.7488783001899719,489.13751220703125,0.0
Macro_CCL,Muscle_airway,0.04794565960764885,31.31619644165039,2.808839318258264e-215
Macro_CCL,Muscle_pericyte_airway,0.40634721517562866,265.4098205566406,0.0
Macro_CCL,Muscle_pericyte_parenchyma,0.6721716523170471,439.0357666015625,0.0
Macro_CCL,Muscle_perivascular_immune_recruiting,0.44721919298171997,292.10577392578125,0.0
Macro_CCL,Muscle_smooth_pulmonary,0.04474933445453644,29.228485107421875,8.429389963703899e-188
Macro_CCL,Muscle_smooth_syst_arterial,0.04659206420183182,30.432083129882812,2.0679678521107562e-203
Macro_CCL,Myoepithelial,0.4196772873401642,274.11651611328125,0.0
Macro_CCL,NAF_endoneurial,0.061090707778930664,39.90201950073242,0.0
Macro_CCL,NAF_perineurial,0.04659224674105644,30.432201385498047,2.0605310933651726e-203
Macro_CCL,NK_CD16hi,0.6947287321090698,453.7691650390625,0.0
Macro_CCL,NKT,0.7482059597969055,488.6983642578125,0.0
Macro_CCL,NK_CD11d,0.6325439214706421,413.15252685546875,0.0
Macro_CCL,NK_CD56bright,0.594484269618988,388.29345703125,0.0
Macro_CCL,Neuroendocrine,0.44366326928138733,289.783203125,0.0
Macro_CCL,SMG_Basal,0.3941475450992584,257.4414978027344,0.0
Macro_CCL,SMG_Duct,0.3067348599433899,200.3470001220703,0.0
Macro_CCL,SMG_Mucous,0.36241415143013,236.71450805664062,0.0
Macro_CCL,SMG_Serous,0.3661143481731415,239.13131713867188,0.0
Macro_CCL,Schwann_Myelinating,0.22879566252231598,149.44021606445312,0.0
Macro_CCL,Schwann_nonmyelinating,-0.23164857923984528,-151.3036346435547,0.0
Macro_CCL,Secretory_Club,0.003443333553150296,2.2490484714508057,0.02450941237575614
Macro_CCL,Secretory_Goblet,-0.30567750334739685,-199.65638732910156,0.0
Macro_CCL,Suprabasal,-0.07559486478567123,-49.37555694580078,0.0
Macro_CCL,T_reg,0.7070462703704834,461.8144836425781,0.0
Macro_CCL,gdT,0.7212103605270386,471.06591796875,0.0
Mast_cell,Mast_cell,0.7178935408592224,468.8995056152344,0.0
Mast_cell,Megakaryocyte,0.46766895055770874,305.4627380371094,0.0
Mast_cell,Mesothelia,0.5170367956161499,337.7078552246094,0.0
Mast_cell,Macrophage_intermediate,0.7112169861793518,464.53863525390625,0.0
Mast_cell,Monocyte_CD14,0.7099334001541138,463.70025634765625,0.0
Mast_cell,Monocyte_CD16,0.7245931625366211,473.2754211425781,0.0
Mast_cell,Muscle_airway,0.1898515373468399,124.00347137451172,0.0
Mast_cell,Muscle_pericyte_airway,0.47910264134407043,312.9307861328125,0.0
Mast_cell,Muscle_pericyte_parenchyma,0.6382898688316345,416.9055480957031,0.0
Mast_cell,Muscle_perivascular_immune_recruiting,0.5093802809715271,332.7069396972656,0.0
Mast_cell,Muscle_smooth_pulmonary,0.18611353635787964,121.56195831298828,0.0
Mast_cell,Muscle_smooth_syst_arterial,0.18132725358009338,118.43574523925781,0.0
Mast_cell,Myoepithelial,0.4396539330482483,287.1644592285156,0.0
Mast_cell,NAF_endoneurial,0.16722385585308075,109.22396850585938,0.0
Mast_cell,NAF_perineurial,0.18212084472179413,118.95408630371094,0.0
Mast_cell,NK_CD16hi,0.6794748902320862,443.80596923828125,0.0
Mast_cell,NKT,0.719719648361206,470.09222412109375,0.0
Mast_cell,NK_CD11d,0.6329612731933594,413.42510986328125,0.0
Mast_cell,NK_CD56bright,0.5989749431610107,391.2265930175781,0.0
Mast_cell,Neuroendocrine,0.5177123546600342,338.14910888671875,0.0
Mast_cell,SMG_Basal,0.4213724136352539,275.22369384765625,0.0
Mast_cell,SMG_Duct,0.3406186103820801,222.478515625,0.0
Mast_cell,SMG_Mucous,0.4021594226360321,262.6745300292969,0.0
Mast_cell,SMG_Serous,0.39578914642333984,258.51373291015625,0.0
Mast_cell,Schwann_Myelinating,0.2755218744277954,179.95993041992188,0.0
Mast_cell,Schwann_nonmyelinating,-0.18934045732021332,-123.6696548461914,0.0
Mast_cell,Secretory_Club,0.0021377101074904203,1.3962671756744385,0.16263405442673862
Mast_cell,Secretory_Goblet,-0.24940776824951172,-162.90322875976562,0.0
Mast_cell,Suprabasal,-0.0022294921800494194,-1.4562156200408936,0.14533302283506594
Mast_cell,T_reg,0.6949782371520996,453.93212890625,0.0
Mast_cell,gdT,0.709822416305542,463.62774658203125,0.0
Megakaryocyte,Megakaryocyte,0.6105772256851196,398.80474853515625,0.0
Megakaryocyte,Mesothelia,0.3799302279949188,248.15530395507812,0.0
Megakaryocyte,Macrophage_intermediate,0.4751313030719757,310.33685302734375,0.0
Megakaryocyte,Monocyte_CD14,0.3736739158630371,244.06893920898438,0.0
Megakaryocyte,Monocyte_CD16,0.45548132061958313,297.5022888183594,0.0
Megakaryocyte,Muscle_airway,0.29515331983566284,192.78240966796875,0.0
Megakaryocyte,Muscle_pericyte_airway,0.339749276638031,221.91070556640625,0.0
Megakaryocyte,Muscle_pericyte_parenchyma,0.46424129605293274,303.22393798828125,0.0
Megakaryocyte,Muscle_perivascular_immune_recruiting,0.5038071274757385,329.0667724609375,0.0
Megakaryocyte,Muscle_smooth_pulmonary,0.2870529294013977,187.49154663085938,0.0
Megakaryocyte,Muscle_smooth_syst_arterial,0.3020065128803253,197.25863647460938,0.0
Megakaryocyte,Myoepithelial,0.5306779742240906,346.61773681640625,0.0
Megakaryocyte,NAF_endoneurial,0.3813043236732483,249.0528106689453,0.0
Megakaryocyte,NAF_perineurial,0.3378753364086151,220.6867218017578,0.0
Megakaryocyte,NK_CD16hi,0.5533772110939026,361.4439697265625,0.0
Megakaryocyte,NKT,0.47603487968444824,310.9270324707031,0.0
Megakaryocyte,NK_CD11d,0.5740936994552612,374.97515869140625,0.0
Megakaryocyte,NK_CD56bright,0.5476029515266418,357.6724548339844,0.0
Megakaryocyte,Neuroendocrine,0.598254382610321,390.7559509277344,0.0
Megakaryocyte,SMG_Basal,0.5313442945480347,347.0529479980469,0.0
Megakaryocyte,SMG_Duct,0.49711331725120544,324.69464111328125,0.0
Megakaryocyte,SMG_Mucous,0.5529900789260864,361.19110107421875,0.0
Megakaryocyte,SMG_Serous,0.5129731893539429,335.0536804199219,0.0
Megakaryocyte,Schwann_Myelinating,0.5126138925552368,334.8190002441406,0.0
Megakaryocyte,Schwann_nonmyelinating,0.07036531716585159,45.95982360839844,0.0
Megakaryocyte,Secretory_Club,0.03293272852897644,21.510347366333008,1.2456810824903977e-102
Megakaryocyte,Secretory_Goblet,-0.0876140296459198,-57.22599792480469,0.0
Megakaryocyte,Suprabasal,0.19999925792217255,130.63156127929688,0.0
Megakaryocyte,T_reg,0.529473602771759,345.8310852050781,0.0
Megakaryocyte,gdT,0.5291613936424255,345.6271667480469,0.0
Mesothelia,Mesothelia,0.6507914066314697,425.071044921875,0.0
Mesothelia,Macrophage_intermediate,0.5752997398376465,375.7629089355469,0.0
Mesothelia,Monocyte_CD14,0.5135801434516907,335.4501037597656,0.0
Mesothelia,Monocyte_CD16,0.5622097253799438,367.2130126953125,0.0
Mesothelia,Muscle_airway,0.10239564627408981,66.8807601928711,0.0
Mesothelia,Muscle_pericyte_airway,0.5430123209953308,354.6740417480469,0.0
Mesothelia,Muscle_pericyte_parenchyma,0.45569777488708496,297.6436462402344,0.0
Mesothelia,Muscle_perivascular_immune_recruiting,0.5949258208274841,388.5818786621094,0.0
Mesothelia,Muscle_smooth_pulmonary,0.08625553548336029,56.33868408203125,0.0
Mesothelia,Muscle_smooth_syst_arterial,0.07306823134422302,47.72526168823242,0.0
Mesothelia,Myoepithelial,0.5209203362464905,340.24444580078125,0.0
Mesothelia,NAF_endoneurial,0.1733432561159134,113.22091674804688,0.0
Mesothelia,NAF_perineurial,0.09391476958990097,61.34138870239258,0.0
Mesothelia,NK_CD16hi,0.5090140104293823,332.46771240234375,0.0
Mesothelia,NKT,0.5356735587120056,349.8806457519531,0.0
Mesothelia,NK_CD11d,0.47205621004104614,308.3283386230469,0.0
Mesothelia,NK_CD56bright,0.4074901342391968,266.1563415527344,0.0
Mesothelia,Neuroendocrine,0.48745885491371155,318.38873291015625,0.0
Mesothelia,SMG_Basal,0.3212246596813202,209.81117248535156,0.0
Mesothelia,SMG_Duct,0.47612830996513367,310.9880676269531,0.0
Mesothelia,SMG_Mucous,0.4466746151447296,291.7500915527344,0.0
Mesothelia,SMG_Serous,0.5213616490364075,340.5326843261719,0.0
Mesothelia,Schwann_Myelinating,0.3679443597793579,240.3266143798828,0.0
Mesothelia,Schwann_nonmyelinating,-0.07543354481458664,-49.27019119262695,0.0
Mesothelia,Secretory_Club,-0.053147803992033005,-34.71403121948242,4.839054566392378e-264
Mesothelia,Secretory_Goblet,-0.2595265209674835,-169.51239013671875,0.0
Mesothelia,Suprabasal,-0.07665326446294785,-50.066864013671875,0.0
Mesothelia,T_reg,0.48915356397628784,319.4956359863281,0.0
Mesothelia,gdT,0.5268157124519348,344.0950622558594,0.0
Macrophage_intermediate,Macrophage_intermediate,0.7550280690193176,493.154296875,0.0
Macrophage_intermediate,Monocyte_CD14,0.7414615154266357,484.29315185546875,0.0
Macrophage_intermediate,Monocyte_CD16,0.7624749541282654,498.018310546875,0.0
Macrophage_intermediate,Muscle_airway,0.11716832220554352,76.5296859741211,0.0
Macrophage_intermediate,Muscle_pericyte_airway,0.5009066462516785,327.17230224609375,0.0
Macrophage_intermediate,Muscle_pericyte_parenchyma,0.674566388130188,440.59991455078125,0.0
Macrophage_intermediate,Muscle_perivascular_immune_recruiting,0.5582886934280396,364.6519470214844,0.0
Macrophage_intermediate,Muscle_smooth_pulmonary,0.10830896347761154,70.74310302734375,0.0
Macrophage_intermediate,Muscle_smooth_syst_arterial,0.10740505903959274,70.1527099609375,0.0
Macrophage_intermediate,Myoepithelial,0.5160729289054871,337.07830810546875,0.0
Macrophage_intermediate,NAF_endoneurial,0.15207383036613464,99.32857513427734,0.0
Macrophage_intermediate,NAF_perineurial,0.11767034232616425,76.85758209228516,0.0
Macrophage_intermediate,NK_CD16hi,0.7159091234207153,467.6033630371094,0.0
Macrophage_intermediate,NKT,0.7566778659820557,494.23187255859375,0.0
Macrophage_intermediate,NK_CD11d,0.6599389314651489,431.04583740234375,0.0
Macrophage_intermediate,NK_CD56bright,0.6097348928451538,398.25457763671875,0.0
Macrophage_intermediate,Neuroendocrine,0.5365898013114929,350.4790954589844,0.0
Macrophage_intermediate,SMG_Basal,0.43788933753967285,286.01190185546875,0.0
Macrophage_intermediate,SMG_Duct,0.4111194610595703,268.5268859863281,0.0
Macrophage_intermediate,SMG_Mucous,0.44984936714172363,293.8236999511719,0.0
Macrophage_intermediate,SMG_Serous,0.47316619753837585,309.0533447265625,0.0
Macrophage_intermediate,Schwann_Myelinating,0.3313361704349518,216.4156036376953,0.0
Macrophage_intermediate,Schwann_nonmyelinating,-0.1826406568288803,-119.29360961914062,0.0
Macrophage_intermediate,Secretory_Club,-0.02086685411632061,-13.629398345947266,2.6777881428475517e-42
Macrophage_intermediate,Secretory_Goblet,-0.31768563389778137,-207.49961853027344,0.0
Macrophage_intermediate,Suprabasal,-0.06350953131914139,-41.48189926147461,0.0
Macrophage_intermediate,T_reg,0.7178765535354614,468.8883972167969,0.0
Macrophage_intermediate,gdT,0.7407999634742737,483.8610534667969,0.0
Monocyte_CD14,Monocyte_CD14,0.7754228115081787,506.4753112792969,0.0
Monocyte_CD14,Monocyte_CD16,0.7644803524017334,499.3281555175781,0.0
Monocyte_CD14,Muscle_airway,0.05320725962519646,34.752864837646484,1.254550956390803e-264
Monocyte_CD14,Muscle_pericyte_airway,0.45029640197753906,294.1156921386719,0.0
Monocyte_CD14,Muscle_pericyte_parenchyma,0.6724732518196106,439.2327575683594,0.0
Monocyte_CD14,Muscle_perivascular_immune_recruiting,0.4623241126537323,301.9717102050781,0.0
Monocyte_CD14,Muscle_smooth_pulmonary,0.04918213188648224,32.123809814453125,2.050937405472918e-226
Monocyte_CD14,Muscle_smooth_syst_arterial,0.04567081853747368,29.83036231994629,1.5783757667378076e-195
Monocyte_CD14,Myoepithelial,0.4055520296096802,264.89044189453125,0.0
Monocyte_CD14,NAF_endoneurial,0.056924186646938324,37.18061447143555,1.404035947110075e-302
Monocyte_CD14,NAF_perineurial,0.04467204958200455,29.17800521850586,3.687838170665774e-187
Monocyte_CD14,NK_CD16hi,0.6840764284133911,446.8114929199219,0.0
Monocyte_CD14,NKT,0.7569111585617065,494.3842468261719,0.0
Monocyte_CD14,NK_CD11d,0.6111199259757996,399.1592102050781,0.0
Monocyte_CD14,NK_CD56bright,0.5671528577804565,370.4416809082031,0.0
Monocyte_CD14,Neuroendocrine,0.4294203519821167,280.48028564453125,0.0
Monocyte_CD14,SMG_Basal,0.33842259645462036,221.04417419433594,0.0
Monocyte_CD14,SMG_Duct,0.2851429283618927,186.2440185546875,0.0
Monocyte_CD14,SMG_Mucous,0.332625150680542,217.25750732421875,0.0
Monocyte_CD14,SMG_Serous,0.352905809879303,230.5040283203125,0.0
Monocyte_CD14,Schwann_Myelinating,0.20186714828014374,131.85159301757812,0.0
Monocyte_CD14,Schwann_nonmyelinating,-0.24236780405044556,-158.3050079345703,0.0
Monocyte_CD14,Secretory_Club,-0.0385657362639904,-25.189603805541992,5.2072429015193555e-140
Monocyte_CD14,Secretory_Goblet,-0.3382311761379242,-220.9191436767578,0.0
Monocyte_CD14,Suprabasal,-0.1254943162202835,-81.9678955078125,0.0
Monocyte_CD14,T_reg,0.7001408934593201,457.3041687011719,0.0
Monocyte_CD14,gdT,0.7208353877067566,470.82098388671875,0.0
Monocyte_CD16,Monocyte_CD16,0.7762365937232971,507.0068664550781,0.0
Monocyte_CD16,Muscle_airway,0.10066260397434235,65.74880981445312,0.0
Monocyte_CD16,Muscle_pericyte_airway,0.49093538522720337,320.6594543457031,0.0
Monocyte_CD16,Muscle_pericyte_parenchyma,0.6910361051559448,451.3572998046875,0.0
Monocyte_CD16,Muscle_perivascular_immune_recruiting,0.5370113253593445,350.7544250488281,0.0
Monocyte_CD16,Muscle_smooth_pulmonary,0.0929674580693245,60.7226448059082,0.0
Monocyte_CD16,Muscle_smooth_syst_arterial,0.09024420380592346,58.94392395019531,0.0
Monocyte_CD16,Myoepithelial,0.4888842701911926,319.31976318359375,0.0
Monocyte_CD16,NAF_endoneurial,0.12704843282699585,82.98297882080078,0.0
Monocyte_CD16,NAF_perineurial,0.09857632964849472,64.38613891601562,0.0
Monocyte_CD16,NK_CD16hi,0.7213730216026306,471.1721496582031,0.0
Monocyte_CD16,NKT,0.7709470987319946,503.5519714355469,0.0
Monocyte_CD16,NK_CD11d,0.6597650051116943,430.9322509765625,0.0
Monocyte_CD16,NK_CD56bright,0.6106746792793274,398.868408203125,0.0
Monocyte_CD16,Neuroendocrine,0.5126027464866638,334.81170654296875,0.0
Monocyte_CD16,SMG_Basal,0.41379591822624207,270.2750244140625,0.0
Monocyte_CD16,SMG_Duct,0.3783722519874573,247.1376953125,0.0
Monocyte_CD16,SMG_Mucous,0.42328864336013794,276.4753112792969,0.0
Monocyte_CD16,SMG_Serous,0.44181177020072937,288.5738830566406,0.0
Monocyte_CD16,Schwann_Myelinating,0.29811957478523254,194.7198486328125,0.0
Monocyte_CD16,Schwann_nonmyelinating,-0.20150932669639587,-131.6178741455078,0.0
Monocyte_CD16,Secretory_Club,-0.025993458926677704,-16.977893829345703,1.1970538174057815e-64
Monocyte_CD16,Secretory_Goblet,-0.3277882933616638,-214.0982666015625,0.0
Monocyte_CD16,Suprabasal,-0.08197255432605743,-53.54121017456055,0.0
Monocyte_CD16,T_reg,0.7274190783500671,475.1211853027344,0.0
Monocyte_CD16,gdT,0.7488622069358826,489.1269836425781,0.0
Muscle_airway,Muscle_airway,0.56331467628479,367.9347229003906,0.0
Muscle_airway,Muscle_pericyte_airway,0.2038901299238205,133.17291259765625,0.0
Muscle_airway,Muscle_pericyte_parenchyma,0.10357697308063507,67.65235900878906,0.0
Muscle_airway,Muscle_perivascular_immune_recruiting,0.21696403622627258,141.7122802734375,0.0
Muscle_airway,Muscle_smooth_pulmonary,0.5512321591377258,360.04290771484375,0.0
Muscle_airway,Muscle_smooth_syst_arterial,0.5539416074752808,361.8126220703125,0.0
Muscle_airway,Myoepithelial,0.173754021525383,113.48921203613281,0.0
Muscle_airway,NAF_endoneurial,0.48541489243507385,317.0536804199219,0.0
Muscle_airway,NAF_perineurial,0.5636183023452759,368.133056640625,0.0
Muscle_airway,NK_CD16hi,0.14380428194999695,93.92723846435547,0.0
Muscle_airway,NKT,0.12111186981201172,79.10545349121094,0.0
Muscle_airway,NK_CD11d,0.14114664494991302,92.19137573242188,0.0
Muscle_airway,NK_CD56bright,0.1322685182094574,86.39253234863281,0.0
Muscle_airway,Neuroendocrine,0.3148154318332672,205.62490844726562,0.0
Muscle_airway,SMG_Basal,0.22679196298122406,148.13148498535156,0.0
Muscle_airway,SMG_Duct,0.104002445936203,67.93025970458984,0.0
Muscle_airway,SMG_Mucous,0.14331120252609253,93.60517120361328,0.0
Muscle_airway,SMG_Serous,0.14366070926189423,93.83345794677734,0.0
Muscle_airway,Schwann_Myelinating,0.24898166954517365,162.6249237060547,0.0
Muscle_airway,Schwann_nonmyelinating,0.18499024212360382,120.82826232910156,0.0
Muscle_airway,Secretory_Club,-0.12174922972917557,-79.5217514038086,0.0
Muscle_airway,Secretory_Goblet,-0.1492985039949417,-97.51583862304688,0.0
Muscle_airway,Suprabasal,0.05525192990899086,36.08836364746094,3.4529465383641344e-285
Muscle_airway,T_reg,0.15358737111091614,100.3171615600586,0.0
Muscle_airway,gdT,0.17216968536376953,112.45438385009766,0.0
Muscle_pericyte_airway,Muscle_pericyte_airway,0.5215504765510559,340.656005859375,0.0
Muscle_pericyte_airway,Muscle_pericyte_parenchyma,0.38906463980674744,254.1215362548828,0.0
Muscle_pericyte_airway,Muscle_perivascular_immune_recruiting,0.5223681926727295,341.19012451171875,0.0
Muscle_pericyte_airway,Muscle_smooth_pulmonary,0.18497245013713837,120.81664276123047,0.0
Muscle_pericyte_airway,Muscle_smooth_syst_arterial,0.17276833951473236,112.84540557861328,0.0
Muscle_pericyte_airway,Myoepithelial,0.42947909235954285,280.5186462402344,0.0
Muscle_pericyte_airway,NAF_endoneurial,0.20053161680698395,130.97927856445312,0.0
Muscle_pericyte_airway,NAF_perineurial,0.1798889935016632,117.49633026123047,0.0
Muscle_pericyte_airway,NK_CD16hi,0.43443095684051514,283.7530212402344,0.0
Muscle_pericyte_airway,NKT,0.46808186173439026,305.7324523925781,0.0
Muscle_pericyte_airway,NK_CD11d,0.3971824645996094,259.42376708984375,0.0
Muscle_pericyte_airway,NK_CD56bright,0.34574928879737854,225.82968139648438,0.0
Muscle_pericyte_airway,Neuroendocrine,0.44295594096183777,289.3211975097656,0.0
Muscle_pericyte_airway,SMG_Basal,0.30138736963272095,196.85423278808594,0.0
Muscle_pericyte_airway,SMG_Duct,0.36736172437667847,239.94606018066406,0.0
Muscle_pericyte_airway,SMG_Mucous,0.3541257381439209,231.30084228515625,0.0
Muscle_pericyte_airway,SMG_Serous,0.41968244314193726,274.119873046875,0.0
Muscle_pericyte_airway,Schwann_Myelinating,0.2854378819465637,186.43666076660156,0.0
Muscle_pericyte_airway,Schwann_nonmyelinating,-0.11528179049491882,-75.29747772216797,0.0
Muscle_pericyte_airway,Secretory_Club,-0.06091141700744629,-39.784912109375,0.0
Muscle_pericyte_airway,Secretory_Goblet,-0.2490067332983017,-162.64129638671875,0.0
Muscle_pericyte_airway,Suprabasal,-0.06872629374265671,-44.8892822265625,0.0
Muscle_pericyte_airway,T_reg,0.4281979501247406,279.6818542480469,0.0
Muscle_pericyte_airway,gdT,0.4659212827682495,304.32122802734375,0.0
Muscle_pericyte_parenchyma,Muscle_pericyte_parenchyma,0.6854775547981262,447.7266540527344,0.0
Muscle_pericyte_parenchyma,Muscle_perivascular_immune_recruiting,0.47398239374160767,309.58642578125,0.0
Muscle_pericyte_parenchyma,Muscle_smooth_pulmonary,0.09719914942979813,63.48661804199219,0.0
Muscle_pericyte_parenchyma,Muscle_smooth_syst_arterial,0.09238211065530777,60.34031677246094,0.0
Muscle_pericyte_parenchyma,Myoepithelial,0.4583866596221924,299.3999328613281,0.0
Muscle_pericyte_parenchyma,NAF_endoneurial,0.16629500687122345,108.61727905273438,0.0
Muscle_pericyte_parenchyma,NAF_perineurial,0.12052793800830841,78.72405242919922,0.0
Muscle_pericyte_parenchyma,NK_CD16hi,0.6876049637794495,449.1162109375,0.0
Muscle_pericyte_parenchyma,NKT,0.7052825093269348,460.6624755859375,0.0
Muscle_pericyte_parenchyma,NK_CD11d,0.6350624561309814,414.7975158691406,0.0
Muscle_pericyte_parenchyma,NK_CD56bright,0.5863076448440552,382.95281982421875,0.0
Muscle_pericyte_parenchyma,Neuroendocrine,0.47412434220314026,309.6791687011719,0.0
Muscle_pericyte_parenchyma,SMG_Basal,0.3826642632484436,249.94107055664062,0.0
Muscle_pericyte_parenchyma,SMG_Duct,0.3600860834121704,235.19390869140625,0.0
Muscle_pericyte_parenchyma,SMG_Mucous,0.41704991459846497,272.4004211425781,0.0
Muscle_pericyte_parenchyma,SMG_Serous,0.4071922302246094,265.9617614746094,0.0
Muscle_pericyte_parenchyma,Schwann_Myelinating,0.32765287160873413,214.0098114013672,0.0
Muscle_pericyte_parenchyma,Schwann_nonmyelinating,-0.1095290258526802,-71.54000091552734,0.0
Muscle_pericyte_parenchyma,Secretory_Club,-0.044597070664167404,-29.129032135009766,1.5401332537351244e-186
Muscle_pericyte_parenchyma,Secretory_Goblet,-0.31259262561798096,-204.17306518554688,0.0
Muscle_pericyte_parenchyma,Suprabasal,-0.07317076623439789,-47.792232513427734,0.0
Muscle_pericyte_parenchyma,T_reg,0.681655764579773,445.23040771484375,0.0
Muscle_pericyte_parenchyma,gdT,0.6944136023521423,453.5633239746094,0.0
Muscle_perivascular_immune_recruiting,Muscle_perivascular_immune_recruiting,0.6396593451499939,417.8000183105469,0.0
Muscle_perivascular_immune_recruiting,Muscle_smooth_pulmonary,0.19656243920326233,128.3867645263672,0.0
Muscle_perivascular_immune_recruiting,Muscle_smooth_syst_arterial,0.19116011261940002,124.8581771850586,0.0
Muscle_perivascular_immune_recruiting,Myoepithelial,0.5935620069503784,387.6910705566406,0.0
Muscle_perivascular_immune_recruiting,NAF_endoneurial,0.28585484623908997,186.70901489257812,0.0
Muscle_perivascular_immune_recruiting,NAF_perineurial,0.2173442840576172,141.96063232421875,0.0
Muscle_perivascular_immune_recruiting,NK_CD16hi,0.547674834728241,357.71942138671875,0.0
Muscle_perivascular_immune_recruiting,NKT,0.5263248682022095,343.77447509765625,0.0
Muscle_perivascular_immune_recruiting,NK_CD11d,0.5354464054107666,349.7322998046875,0.0
Muscle_perivascular_immune_recruiting,NK_CD56bright,0.47527775168418884,310.4325256347656,0.0
Muscle_perivascular_immune_recruiting,Neuroendocrine,0.5860065817832947,382.7561950683594,0.0
Muscle_perivascular_immune_recruiting,SMG_Basal,0.4225827753543854,276.0142517089844,0.0
Muscle_perivascular_immune_recruiting,SMG_Duct,0.5666488409042358,370.11248779296875,0.0
Muscle_perivascular_immune_recruiting,SMG_Mucous,0.5407567620277405,353.2008056640625,0.0
Muscle_perivascular_immune_recruiting,SMG_Serous,0.5952482223510742,388.7924499511719,0.0
Muscle_perivascular_immune_recruiting,Schwann_Myelinating,0.4727330207824707,308.7703857421875,0.0
Muscle_perivascular_immune_recruiting,Schwann_nonmyelinating,-0.056346144527196884,-36.80305862426758,1.6495726022203276e-296
Muscle_perivascular_immune_recruiting,Secretory_Club,-0.007925756275653839,-5.176788806915283,2.2573749985794756e-07
Muscle_perivascular_immune_recruiting,Secretory_Goblet,-0.1691465675830841,-110.47980499267578,0.0
Muscle_perivascular_immune_recruiting,Suprabasal,0.03475106880068779,22.698015213012695,4.686812875472862e-114
Muscle_perivascular_immune_recruiting,T_reg,0.5176641345024109,338.11761474609375,0.0
Muscle_perivascular_immune_recruiting,gdT,0.5460881590843201,356.68304443359375,0.0
Muscle_smooth_pulmonary,Muscle_smooth_pulmonary,0.5542631149291992,362.0226135253906,0.0
Muscle_smooth_pulmonary,Muscle_smooth_syst_arterial,0.5624642968177795,367.3793029785156,0.0
Muscle_smooth_pulmonary,Myoepithelial,0.15155036747455597,98.9866714477539,0.0
Muscle_smooth_pulmonary,NAF_endoneurial,0.4786967635154724,312.6656799316406,0.0
Muscle_smooth_pulmonary,NAF_perineurial,0.5631398558616638,367.820556640625,0.0
Muscle_smooth_pulmonary,NK_CD16hi,0.13625656068325043,88.99736022949219,0.0
Muscle_smooth_pulmonary,NKT,0.11417248100042343,74.57292175292969,0.0
Muscle_smooth_pulmonary,NK_CD11d,0.13558807969093323,88.56073760986328,0.0
Muscle_smooth_pulmonary,NK_CD56bright,0.13130411505699158,85.76262664794922,0.0
Muscle_smooth_pulmonary,Neuroendocrine,0.2979046106338501,194.57943725585938,0.0
Muscle_smooth_pulmonary,SMG_Basal,0.22152212262153625,144.68943786621094,0.0
Muscle_smooth_pulmonary,SMG_Duct,0.08387311547994614,54.7825813293457,0.0
Muscle_smooth_pulmonary,SMG_Mucous,0.12944842875003815,84.5505599975586,0.0
Muscle_smooth_pulmonary,SMG_Serous,0.12040337920188904,78.64269256591797,0.0
Muscle_smooth_pulmonary,Schwann_Myelinating,0.23372265696525574,152.65834045410156,0.0
Muscle_smooth_pulmonary,Schwann_nonmyelinating,0.1939932405948639,126.70866394042969,0.0
Muscle_smooth_pulmonary,Secretory_Club,-0.11664769053459167,-76.18962860107422,0.0
Muscle_smooth_pulmonary,Secretory_Goblet,-0.13259746134281158,-86.60738372802734,0.0
Muscle_smooth_pulmonary,Suprabasal,0.07170505821704865,46.83489227294922,0.0
Muscle_smooth_pulmonary,T_reg,0.14889688789844513,97.25352478027344,0.0
Muscle_smooth_pulmonary,gdT,0.16463826596736908,107.53516387939453,0.0
Muscle_smooth_syst_arterial,Muscle_smooth_syst_arterial,0.5853002071380615,382.2947998046875,0.0
Muscle_smooth_syst_arterial,Myoepithelial,0.1565769463777542,102.26982879638672,0.0
Muscle_smooth_syst_arterial,NAF_endoneurial,0.4933219850063324,322.2182922363281,0.0
Muscle_smooth_syst_arterial,NAF_perineurial,0.5794581770896912,378.4790344238281,0.0
Muscle_smooth_syst_arterial,NK_CD16hi,0.1393653154373169,91.02787780761719,0.0
Muscle_smooth_syst_arterial,NKT,0.11377181857824326,74.31122589111328,0.0
Muscle_smooth_syst_arterial,NK_CD11d,0.14117059111595154,92.20701599121094,0.0
Muscle_smooth_syst_arterial,NK_CD56bright,0.13980460166931152,91.31480407714844,0.0
Muscle_smooth_syst_arterial,Neuroendocrine,0.3055379390716553,199.5652313232422,0.0
Muscle_smooth_syst_arterial,SMG_Basal,0.24841497838497162,162.25477600097656,0.0
Muscle_smooth_syst_arterial,SMG_Duct,0.08373738825321198,54.693931579589844,0.0
Muscle_smooth_syst_arterial,SMG_Mucous,0.13613860309123993,88.92031860351562,0.0
Muscle_smooth_syst_arterial,SMG_Serous,0.12282096594572067,80.22177124023438,0.0
Muscle_smooth_syst_arterial,Schwann_Myelinating,0.23767121136188507,155.2373809814453,0.0
Muscle_smooth_syst_arterial,Schwann_nonmyelinating,0.18977735936641693,123.95501708984375,0.0
Muscle_smooth_syst_arterial,Secretory_Club,-0.1238214522600174,-80.875244140625,0.0
Muscle_smooth_syst_arterial,Secretory_Goblet,-0.13262832164764404,-86.6275405883789,0.0
Muscle_smooth_syst_arterial,Suprabasal,0.0902261734008789,58.93214797973633,0.0
Muscle_smooth_syst_arterial,T_reg,0.15241627395153046,99.55224609375,0.0
Muscle_smooth_syst_arterial,gdT,0.1671629399061203,109.1841812133789,0.0
Myoepithelial,Myoepithelial,0.6304509043693542,411.7854309082031,0.0
Myoepithelial,NAF_endoneurial,0.2967398166656494,193.81863403320312,0.0
Myoepithelial,NAF_perineurial,0.19385580718517303,126.618896484375,0.0
Myoepithelial,NK_CD16hi,0.5411376953125,353.4496154785156,0.0
Myoepithelial,NKT,0.4906303882598877,320.4602355957031,0.0
Myoepithelial,NK_CD11d,0.5408910512924194,353.28851318359375,0.0
Myoepithelial,NK_CD56bright,0.48397335410118103,316.1121520996094,0.0
Myoepithelial,Neuroendocrine,0.5860596895217896,382.7908630371094,0.0
Myoepithelial,SMG_Basal,0.4617950916290283,301.6261901855469,0.0
Myoepithelial,SMG_Duct,0.5958309173583984,389.17303466796875,0.0
Myoepithelial,SMG_Mucous,0.5750446319580078,375.5962829589844,0.0
Myoepithelial,SMG_Serous,0.6261918544769287,409.00360107421875,0.0
Myoepithelial,Schwann_Myelinating,0.5324986577033997,347.80694580078125,0.0
Myoepithelial,Schwann_nonmyelinating,0.0018060136353597045,1.1796162128448486,0.2381528916970327
Myoepithelial,Secretory_Club,0.003703953232616186,2.4192748069763184,0.015551486549530194
Myoepithelial,Secretory_Goblet,-0.15835866332054138,-103.43357849121094,0.0
Myoepithelial,Suprabasal,0.06389250606298447,41.7320442199707,0.0
Myoepithelial,T_reg,0.5001499652862549,326.6780700683594,0.0
Myoepithelial,gdT,0.5218321681022644,340.8399963378906,0.0
NAF_endoneurial,NAF_endoneurial,0.6211162209510803,405.68841552734375,0.0
NAF_endoneurial,NAF_perineurial,0.569388210773468,371.9017333984375,0.0
NAF_endoneurial,NK_CD16hi,0.20770923793315887,135.6674041748047,0.0
NAF_endoneurial,NKT,0.15725211799144745,102.71082305908203,0.0
NAF_endoneurial,NK_CD11d,0.20244291424751282,132.2276611328125,0.0
NAF_endoneurial,NK_CD56bright,0.1706106960773468,111.43611907958984,0.0
NAF_endoneurial,Neuroendocrine,0.3733314275741577,243.84523010253906,0.0
NAF_endoneurial,SMG_Basal,0.27762094140052795,181.33094787597656,0.0
NAF_endoneurial,SMG_Duct,0.20577257871627808,134.4024658203125,0.0
NAF_endoneurial,SMG_Mucous,0.25452908873558044,166.24827575683594,0.0
NAF_endoneurial,SMG_Serous,0.25353050231933594,165.59603881835938,0.0
NAF_endoneurial,Schwann_Myelinating,0.4644128382205963,303.33599853515625,0.0
NAF_endoneurial,Schwann_nonmyelinating,0.46048492193222046,300.7704162597656,0.0
NAF_endoneurial,Secretory_Club,-0.21667884290218353,-141.5260009765625,0.0
NAF_endoneurial,Secretory_Goblet,-0.2857834994792938,-186.66241455078125,0.0
NAF_endoneurial,Suprabasal,-0.00539788044989109,-3.5256807804107666,0.00042239577554445764
NAF_endoneurial,T_reg,0.1926223486661911,125.8132553100586,0.0
NAF_endoneurial,gdT,0.21350230276584625,139.45120239257812,0.0
NAF_perineurial,NAF_perineurial,0.6224477887153625,406.5581359863281,0.0
NAF_perineurial,NK_CD16hi,0.1623668521642685,106.05156707763672,0.0
NAF_perineurial,NKT,0.12720386683940887,83.08450317382812,0.0
NAF_perineurial,NK_CD11d,0.1617770493030548,105.66632843017578,0.0
NAF_perineurial,NK_CD56bright,0.15204688906669617,99.31097412109375,0.0
NAF_perineurial,Neuroendocrine,0.3331625163555145,217.60850524902344,0.0
NAF_perineurial,SMG_Basal,0.2597309648990631,169.64593505859375,0.0
NAF_perineurial,SMG_Duct,0.10939490050077438,71.452392578125,0.0
NAF_perineurial,SMG_Mucous,0.1670747846364975,109.12660217285156,0.0
NAF_perineurial,SMG_Serous,0.15141819417476654,98.90033721923828,0.0
NAF_perineurial,Schwann_Myelinating,0.3235388696193695,211.3227081298828,0.0
NAF_perineurial,Schwann_nonmyelinating,0.31169724464416504,203.58824157714844,0.0
NAF_perineurial,Secretory_Club,-0.15787100791931152,-103.11505889892578,0.0
NAF_perineurial,Secretory_Goblet,-0.1850704401731491,-120.88064575195312,0.0
NAF_perineurial,Suprabasal,0.0659555196762085,43.07952117919922,0.0
NAF_perineurial,T_reg,0.16832910478115082,109.94586944580078,0.0
NAF_perineurial,gdT,0.18434998393058777,120.41007232666016,0.0
NK_CD16hi,NK_CD16hi,0.7338222861289978,479.30352783203125,0.0
NK_CD16hi,NKT,0.7313339710235596,477.6782531738281,0.0
NK_CD16hi,NK_CD11d,0.6999253630638123,457.16339111328125,0.0
NK_CD16hi,NK_CD56bright,0.6558229327201843,428.3574523925781,0.0
NK_CD16hi,Neuroendocrine,0.5736274719238281,374.670654296875,0.0
NK_CD16hi,SMG_Basal,0.4899592995643616,320.02191162109375,0.0
NK_CD16hi,SMG_Duct,0.4572594463825226,298.6636657714844,0.0
NK_CD16hi,SMG_Mucous,0.5140366554260254,335.748291015625,0.0
NK_CD16hi,SMG_Serous,0.500410258769989,326.84808349609375,0.0
NK_CD16hi,Schwann_Myelinating,0.4041098356246948,263.9484558105469,0.0
NK_CD16hi,Schwann_nonmyelinating,-0.119905486702919,-78.31748962402344,0.0
NK_CD16hi,Secretory_Club,0.012348320335149765,8.065431594848633,7.297758932499131e-16
NK_CD16hi,Secretory_Goblet,-0.24860794842243195,-162.3808135986328,0.0
NK_CD16hi,Suprabasal,0.02121705189347267,13.858134269714355,1.1358844792314964e-43
NK_CD16hi,T_reg,0.7254979014396667,473.8663635253906,0.0
NK_CD16hi,gdT,0.7351891994476318,480.1963195800781,0.0
NKT,NKT,0.7730732560157776,504.9407043457031,0.0
NKT,NK_CD11d,0.6700185537338257,437.62945556640625,0.0
NKT,NK_CD56bright,0.6210113167762756,405.619873046875,0.0
NKT,Neuroendocrine,0.5189830660820007,338.9790954589844,0.0
NKT,SMG_Basal,0.4253629744052887,277.8301696777344,0.0
NKT,SMG_Duct,0.375204861164093,245.06887817382812,0.0
NKT,SMG_Mucous,0.42844870686531067,279.84564208984375,0.0
NKT,SMG_Serous,0.4387560486793518,286.5780029296875,0.0
NKT,Schwann_Myelinating,0.3172999918460846,207.2477264404297,0.0
NKT,Schwann_nonmyelinating,-0.17154501378536224,-112.04637908935547,0.0
NKT,Secretory_Club,-0.04004085436463356,-26.153093338012695,9.088300474419736e-151
NKT,Secretory_Goblet,-0.34207311272621155,-223.4285430908203,0.0
NKT,Suprabasal,-0.08065709471702576,-52.682003021240234,0.0
NKT,T_reg,0.7356085181236267,480.47021484375,0.0
NKT,gdT,0.7553125619888306,493.3401184082031,0.0
NK_CD11d,NK_CD11d,0.6913741827011108,451.5780944824219,0.0
NK_CD11d,NK_CD56bright,0.6587414145469666,430.263671875,0.0
NK_CD11d,Neuroendocrine,0.5830912590026855,380.8520202636719,0.0
NK_CD11d,SMG_Basal,0.5191506147384644,339.0885314941406,0.0
NK_CD11d,SMG_Duct,0.4897272288799286,319.8703308105469,0.0
NK_CD11d,SMG_Mucous,0.5467071533203125,357.0873718261719,0.0
NK_CD11d,SMG_Serous,0.5134037733078003,335.3349304199219,0.0
NK_CD11d,Schwann_Myelinating,0.4201216697692871,274.4067687988281,0.0
NK_CD11d,Schwann_nonmyelinating,-0.11974478513002396,-78.21253204345703,0.0
NK_CD11d,Secretory_Club,0.08552201837301254,55.859580993652344,0.0
NK_CD11d,Secretory_Goblet,-0.1265021562576294,-82.62617492675781,0.0
NK_CD11d,Suprabasal,0.12332446873188019,80.5506362915039,0.0
NK_CD11d,T_reg,0.6878372430801392,449.2679138183594,0.0
NK_CD11d,gdT,0.6871399879455566,448.8125,0.0
NK_CD56bright,NK_CD56bright,0.6411426663398743,418.7688903808594,0.0
NK_CD56bright,Neuroendocrine,0.5455660223960876,356.3420104980469,0.0
NK_CD56bright,SMG_Basal,0.5146912336349487,336.17584228515625,0.0
NK_CD56bright,SMG_Duct,0.4424860179424286,289.0142517089844,0.0
NK_CD56bright,SMG_Mucous,0.5110137462615967,333.7738342285156,0.0
NK_CD56bright,SMG_Serous,0.4584345817565918,299.43121337890625,0.0
NK_CD56bright,Schwann_Myelinating,0.3712250590324402,242.4694366455078,0.0
NK_CD56bright,Schwann_nonmyelinating,-0.1381089985370636,-90.20730590820312,0.0
NK_CD56bright,Secretory_Club,0.13351571559906006,87.2071533203125,0.0
NK_CD56bright,Secretory_Goblet,-0.053553346544504166,-34.97891616821289,4.707534385452995e-268
NK_CD56bright,Suprabasal,0.18018969893455505,117.69274139404297,0.0
NK_CD56bright,T_reg,0.6506453156471252,424.9756164550781,0.0
NK_CD56bright,gdT,0.6416093111038208,419.07366943359375,0.0
Neuroendocrine,Neuroendocrine,0.6401917934417725,418.1477966308594,0.0
Neuroendocrine,SMG_Basal,0.527102530002594,344.28240966796875,0.0
Neuroendocrine,SMG_Duct,0.5465335249900818,356.97393798828125,0.0
Neuroendocrine,SMG_Mucous,0.5708419680595398,372.85125732421875,0.0
Neuroendocrine,SMG_Serous,0.5760138034820557,376.22930908203125,0.0
Neuroendocrine,Schwann_Myelinating,0.5173178315162659,337.89141845703125,0.0
Neuroendocrine,Schwann_nonmyelinating,0.0045622061006724834,2.979851484298706,0.0028838816641088474
Neuroendocrine,Secretory_Club,0.0317213200032711,20.719104766845703,2.3297688105588414e-95
Neuroendocrine,Secretory_Goblet,-0.11436373740434647,-74.69784545898438,0.0
Neuroendocrine,Suprabasal,0.1554691195487976,101.5462417602539,0.0
Neuroendocrine,T_reg,0.5506276488304138,359.6480712890625,0.0
Neuroendocrine,gdT,0.5640732049942017,368.43017578125,0.0
SMG_Basal,SMG_Basal,0.6833469867706299,446.3350524902344,0.0
SMG_Basal,SMG_Duct,0.41860052943229675,273.4132080078125,0.0
SMG_Basal,SMG_Mucous,0.4999966621398926,326.5779113769531,0.0
SMG_Basal,SMG_Serous,0.4317377507686615,281.9939270019531,0.0
SMG_Basal,Schwann_Myelinating,0.40534475445747375,264.75506591796875,0.0
SMG_Basal,Schwann_nonmyelinating,-0.02897300012409687,-18.92401123046875,7.233412135695432e-80
SMG_Basal,Secretory_Club,0.17645208537578583,115.25148010253906,0.0
SMG_Basal,Secretory_Goblet,-0.0457942858338356,-29.9110050201416,1.41543246958585e-196
SMG_Basal,Suprabasal,0.25450608134269714,166.23324584960938,0.0
SMG_Basal,T_reg,0.48058009147644043,313.8957824707031,0.0
SMG_Basal,gdT,0.4736461639404297,309.3668212890625,0.0
SMG_Duct,SMG_Duct,0.6535696387290955,426.88568115234375,0.0
SMG_Duct,SMG_Mucous,0.5932440757751465,387.4834289550781,0.0
SMG_Duct,SMG_Serous,0.6303305625915527,411.70684814453125,0.0
SMG_Duct,Schwann_Myelinating,0.5001038908958435,326.64794921875,0.0
SMG_Duct,Schwann_nonmyelinating,-0.05723827704787254,-37.385765075683594,6.656060208220425e-306
SMG_Duct,Secretory_Club,0.10451988130807877,68.26822662353516,0.0
SMG_Duct,Secretory_Goblet,0.05123579874634743,33.46518325805664,1.5479239607739546e-245
SMG_Duct,Suprabasal,0.173313170671463,113.20126342773438,0.0
SMG_Duct,T_reg,0.40493080019950867,264.48468017578125,0.0
SMG_Duct,gdT,0.41454580426216125,270.76483154296875,0.0
SMG_Mucous,SMG_Mucous,0.6106104254722595,398.8264465332031,0.0
SMG_Mucous,SMG_Serous,0.586098849773407,382.8164367675781,0.0
SMG_Mucous,Schwann_Myelinating,0.5113629102706909,334.00189208984375,0.0
SMG_Mucous,Schwann_nonmyelinating,-0.004784401040524244,-3.1249804496765137,0.0017781687740712775
SMG_Mucous,Secretory_Club,0.11368901282548904,74.25714111328125,0.0
SMG_Mucous,Secretory_Goblet,-0.0021795807406306267,-1.4236154556274414,0.1545578193102838
SMG_Mucous,Suprabasal,0.20361602306365967,132.99388122558594,0.0
SMG_Mucous,T_reg,0.47274014353752136,308.7750549316406,0.0
SMG_Mucous,gdT,0.4732799232006073,309.12762451171875,0.0
SMG_Serous,SMG_Serous,0.648257315158844,423.4158935546875,0.0
SMG_Serous,Schwann_Myelinating,0.521016538143158,340.3072814941406,0.0
SMG_Serous,Schwann_nonmyelinating,-0.03288564831018448,-21.479597091674805,2.4159272984031788e-102
SMG_Serous,Secretory_Club,0.03921613097190857,25.614416122436523,1.0540413403699186e-144
SMG_Serous,Secretory_Goblet,-0.07317369431257248,-47.79414367675781,0.0
SMG_Serous,Suprabasal,0.10196981579065323,66.60262298583984,0.0
SMG_Serous,T_reg,0.4531327784061432,295.9682922363281,0.0
SMG_Serous,gdT,0.4728805720806122,308.86676025390625,0.0
Schwann_Myelinating,Schwann_Myelinating,0.6172433495521545,403.1587829589844,0.0
Schwann_Myelinating,Schwann_nonmyelinating,0.3391566574573517,221.5236358642578,0.0
Schwann_Myelinating,Secretory_Club,-0.06661446392536163,-43.509918212890625,0.0
Schwann_Myelinating,Secretory_Goblet,-0.1741318702697754,-113.73600769042969,0.0
Schwann_Myelinating,Suprabasal,0.07625437527894974,49.80632400512695,0.0
Schwann_Myelinating,T_reg,0.357514888048172,233.51449584960938,0.0
Schwann_Myelinating,gdT,0.3696325421333313,241.4292755126953,0.0
Schwann_nonmyelinating,Schwann_nonmyelinating,0.7942771315574646,518.7902221679688,0.0
Schwann_nonmyelinating,Secretory_Club,-0.2662508487701416,-173.9044647216797,0.0
Schwann_nonmyelinating,Secretory_Goblet,-0.2868576645851135,-187.364013671875,0.0
Schwann_nonmyelinating,Suprabasal,-0.11002365499734879,-71.86307525634766,0.0
Schwann_nonmyelinating,T_reg,-0.14132468402385712,-92.30766296386719,0.0
Schwann_nonmyelinating,gdT,-0.13577580451965332,-88.683349609375,0.0
Secretory_Club,Secretory_Club,0.462299644947052,301.9557189941406,0.0
Secretory_Club,Secretory_Goblet,0.47458416223526,309.9794921875,0.0
Secretory_Club,Suprabasal,0.36016538739204407,235.24569702148438,0.0
Secretory_Club,T_reg,0.019324349239468575,12.621895790100098,1.599243747400569e-36
Secretory_Club,gdT,-0.022952839732170105,-14.991881370544434,8.296927292376198e-51
Secretory_Goblet,Secretory_Goblet,0.8426697850227356,550.3983764648438,0.0
Secretory_Goblet,Suprabasal,0.5252355337142944,343.0629577636719,0.0
Secretory_Goblet,T_reg,-0.24885062873363495,-162.53932189941406,0.0
Secretory_Goblet,gdT,-0.3091694116592407,-201.93716430664062,0.0
Suprabasal,Suprabasal,0.5231013894081116,341.66900634765625,0.0
Suprabasal,T_reg,0.021716542541980743,14.184381484985352,1.1447054412640477e-45
Suprabasal,gdT,-0.02631281688809395,-17.186485290527344,3.352498174146085e-66
T_reg,T_reg,0.7271246314048767,474.9288635253906,0.0
T_reg,gdT,0.7354502081871033,480.3668212890625,0.0
gdT,gdT,0.7522988319396973,491.3716735839844,0.0
