,feature_type,axis1,axis2,axis3
AT1,cell_type,0.06845042746043796,0.062259451071387646,-0.172569754635831
AT2,cell_type,0.0928130065097134,0.08263122159284407,-0.140388390465858
B_memory,cell_type,0.03705339852094997,0.09166750196669995,-0.0622188765887485
B_naive,cell_type,0.06309732947638742,0.11301997599649198,-0.011295761656554985
B_plasma_IgA,cell_type,0.20774318870668365,0.11497628544077602,0.15330474136278352
B_plasma_IgG,cell_type,0.07212084592542871,0.18804742549887837,0.14390107599688706
B_plasmablast,cell_type,0.08433865953840385,-0.03172197606897362,0.007505587554873155
Basal,cell_type,-0.0899520684379659,0.046049887445081046,0.15201695937868573
CD4_EM_Effector,cell_type,0.06077028748226638,0.09964400158738124,-0.0471683641558057
CD4_TRM,cell_type,0.064184239984321,0.1115024532413925,-0.017518200188181638
CD4_naive_CM,cell_type,0.007771869289957727,0.06536900992696537,-0.10373350919399944
CD8_EM,cell_type,0.06238852537021377,0.10275668219177815,-0.039262984760022414
CD8_EM_EMRA,cell_type,0.0642952988285196,0.06611747950186275,-0.11147335439195363
CD8_TRM_EM,cell_type,0.057986740281392224,0.09439710717275317,-0.056035203454978345
CD8_TRM,cell_type,0.028968463677777917,0.11927726017088586,-0.014557619632074416
Chondrocyte,cell_type,0.27550817098667124,-0.1060404558567269,0.21791388033148706
Ciliated,cell_type,-0.013304823486740098,0.2003547465939278,0.15493327384468877
DC_1,cell_type,-0.012833224547734513,0.09617824860494001,0.022613841659104152
DC_2,cell_type,0.04230173722574291,0.1094094071048883,-0.01844478105643077
DC_activated,cell_type,0.03214418441361503,0.0886760497883631,-0.061529571483765304
DC_plasmacytoid,cell_type,0.05982739173690106,0.11630292311618776,0.011085330401222351
Deuterosomal,cell_type,-0.0069025605953285055,0.18304258931755601,0.24467155763724238
Dividing_AT2,cell_type,0.05770578948683574,0.08399574102193796,-0.050867827901275524
Dividing_Basal,cell_type,-0.023600485283318977,-0.155369225216982,-0.20222446078196163
Endothelia_Lymphatic,cell_type,0.019928288568230857,-0.0966591953984318,-0.21100993292949952
Endothelia_vascular_Cap_a,cell_type,0.04501046835099914,0.04301895781369407,-0.1711142307513704
Endothelia_vascular_Cap_g,cell_type,0.048086076847671654,0.034954805732241793,-0.1642384202724377
Endothelia_vascular_arterial_pulmonary,cell_type,-0.19761741762391266,0.06148417811961773,-0.046801157766891616
Endothelia_vascular_arterial_systemic,cell_type,-0.20459559309526593,0.13975522153164135,-0.01680081648364254
Endothelia_vascular_venous_pulmonary,cell_type,-0.07114698356499506,-0.14399968610432445,-0.0414930935792596
Endothelia_vascular_venous_systemic,cell_type,-0.1833954158435539,-0.2489875252369076,0.09095684547586398
Erythrocyte,cell_type,-0.0029279721021210174,0.07467231246819113,-0.09269885605577868
Fibro_adventitial,cell_type,0.2373255239583867,0.0022382167444716015,-0.07011114926302149
Fibro_alveolar,cell_type,0.042928765586565665,0.06991885001087739,-0.19143890911839076
Fibro_immune_recruiting,cell_type,0.20513373491489303,-0.06029343595367131,0.011561133941907577
Fibro_myofibroblast,cell_type,0.23499594681006608,-0.019501522975439292,-0.1591709705451114
Fibro_peribronchial,cell_type,0.05702386237441781,0.02732013724588194,-0.2684029237935836
Fibro_perichondrial,cell_type,0.03500041251923227,0.18892947047111808,-0.061241099727145476
ILC,cell_type,0.07151260751889951,0.09300602983611606,-0.02664044330297201
Ionocyte_n_Brush,cell_type,-0.07412263631009601,0.12969490251641672,0.13280685010032528
MAIT,cell_type,0.06546059674237562,0.07766661531310155,-0.07872809797777199
Macro_CHIT1,cell_type,-0.12128445554117008,0.07116392276902317,-0.04064857387775133
Macro_interstitial,cell_type,0.029106728547109786,0.050704567288027615,-0.09494733953050591
Macro_AW_CX3CR1,cell_type,0.1512638183114236,0.10570897261743382,0.04467847280511812
Macro_alveolar_metallothioneins,cell_type,0.09042031884430433,0.025691716709106922,-0.06961322253080547
Macro_alv,cell_type,-0.16702572468156557,0.0767560198791645,-0.059726347865900045
Macro_dividing,cell_type,-0.07134457973755358,0.060416656565392926,-0.08597395544512548
Macro_int,cell_type,0.08100858429402116,0.061028052520039344,-0.04596629586400439
Macro_CCL,cell_type,0.05708268152544442,0.05808096175991742,-0.08425425139117088
Mast_cell,cell_type,0.04721719466561259,0.12594492015420478,-0.12133545569105882
Megakaryocyte,cell_type,0.01803568461178005,0.1139126764308648,0.1331535780059385
Mesothelia,cell_type,0.15930342370065506,-0.08188359319698141,-0.0022467262227107575
Macrophage_intermediate,cell_type,0.10913097693494417,0.03569716487729447,-0.02930200345564391
Monocyte_CD14,cell_type,0.054598109328994185,0.053980357225393835,-0.1322199464742648
Monocyte_CD16,cell_type,0.10118320455243711,0.05830019373046608,-0.08450284761976336
Muscle_airway,cell_type,-0.16896027958466706,0.12455768473632178,-0.05667071490935642
Muscle_pericyte_airway,cell_type,0.10106019832083238,-0.10658966882217988,-0.029184909991112364
Muscle_pericyte_parenchyma,cell_type,0.09563702368308774,0.04212772693534251,-0.18072665529984241
Muscle_perivascular_immune_recruiting,cell_type,0.1184978921671009,-0.09833326438305455,0.03728810395396417
Muscle_smooth_pulmonary,cell_type,-0.16488668122774064,0.1414780943872955,-0.08230993610901323
Muscle_smooth_syst_arterial,cell_type,-0.20095033856389272,0.1305011782387747,-0.047566680351821294
Myoepithelial,cell_type,0.09988985955645431,-0.06424763954818768,0.13655178541618976
NAF_endoneurial,cell_type,-0.17266257734418655,0.16556430297332292,-0.005473893013234442
NAF_perineurial,cell_type,-0.19694582626099935,0.12941074524005092,-0.03911993354057246
NK_CD16hi,cell_type,0.08981363170297646,0.08984697347751103,-0.03482866122293529
NKT,cell_type,0.08332181027182538,0.06892148130875657,-0.09243403297048843
NK_CD11d,cell_type,0.08444882537293281,0.11101037885346961,0.012207461482169779
NK_CD56bright,cell_type,0.05531725777644666,0.1265842215361837,0.02363345674922508
Neuroendocrine,cell_type,0.05831962221485364,0.1067573767523087,0.20998762453813885
SMG_Basal,cell_type,-0.14222413362623212,0.004620460826056765,0.1382304573706205
SMG_Duct,cell_type,0.17462214009416788,-0.046003361846387064,0.15049615655678916
SMG_Mucous,cell_type,0.04423090884536258,0.032135283747750036,0.06612006111090295
SMG_Serous,cell_type,0.18794307539422864,-0.06758597685755065,0.2033190562323817
Schwann_Myelinating,cell_type,0.09297394117406892,0.12742488713921427,0.13596709127091067
Schwann_nonmyelinating,cell_type,-0.01293326816685442,0.3232713430437781,0.00263480194622365
Secretory_Club,cell_type,0.08188853013693526,0.19328560265497705,0.1448843505695365
Secretory_Goblet,cell_type,-0.003662346894147541,0.230528805321201,0.10384984316452943
Suprabasal,cell_type,-0.1448501584544543,-0.0026768786582482443,0.1399834785609492
T_reg,cell_type,0.050426835078927826,0.10278753750179202,-0.04782147259957185
gdT,cell_type,0.07531987011115407,0.08432231148252972,-0.050590446556188655
A1BG,gene,-0.013827717283849393,0.03353584014957944,-0.03152376961907845
A2M,gene,-0.019577215190519172,0.004676592466524207,-0.008668021511602878
A2ML1,gene,0.003325779137389514,0.0058926755434225335,0.0004392713125393587
AAAS,gene,0.011875005939666726,0.010475110699152494,0.00019354387090866147
AAK1,gene,-0.01333592801476116,-0.0008506656972796426,-0.005684963644598677
AAMDC,gene,0.01604850959255596,-0.007702499053535444,0.010546491710023653
AARS1,gene,0.028872970323632934,-0.02180122935294421,-0.01619034763641343
AARS2,gene,0.00022242744483874383,0.019534801017851166,-0.011452948046142617
AARSD1,gene,0.016156075208271527,0.003219309500428085,-0.007241226292314721
AASDHPPT,gene,-0.0005332995572346013,-0.024656350028977196,-0.0014790588267567582
AATF,gene,0.015221820065136182,0.011879624062517847,0.006574411719716394
ABCB10,gene,0.001186202916053464,0.0191510165748814,0.0068497764375234135
ABCB7,gene,0.001280426589424972,0.007748460359567108,0.004816183310971164
ABCC1,gene,0.013239002087238301,0.032821267256331894,-0.03202702806059428
ABCD1,gene,0.012538827866759932,-0.03253404778804852,-0.02550388966704837
ABCD3,gene,0.021952887430761382,-0.011750317598219278,-0.0045993941508389174
ABCE1,gene,0.0077921658395453414,-0.019059244943254006,-0.038088859333470095
ABCF1,gene,-0.0021084639217860586,0.010453388083282262,-0.024696104268909735
ABCF2,gene,0.011413887208141474,-0.005595407400992674,-0.00825275332986459
ABCF3,gene,0.022242343483638148,-0.0038990437827717407,-0.006813545951714613
ABHD10,gene,-0.016754817712060523,-9.506724395756815e-05,0.017537589942665598
ABHD11,gene,0.02678611541411377,-0.014856084301500108,0.02382176134716553
ABHD12,gene,0.009203880674601502,-0.01754873512082156,-0.03520732008375716
ABHD14B,gene,-0.019740501833875383,0.002179839523099788,0.021913613412426244
ABHD16A,gene,0.012014167931396062,0.002301437517673299,-0.02460174636039994
ABHD5,gene,0.004001361535462488,-0.007212946961014283,0.0025182734772860116
ABI1,gene,-0.006163326849217736,0.008644838245716453,0.009306600409745933
ABI3,gene,-0.031142947050259127,-0.010809948879040356,-0.0033865973125866786
ABLIM1,gene,-0.020654983056786116,0.011548827425011177,0.025371146112019387
ABR,gene,-0.016507803064342345,-0.014474673596460196,-0.02095306421064807
ABRACL,gene,-0.0011051442255612068,-0.02186578148902447,0.004294020596798718
ABRAXAS2,gene,-0.011764032860679226,-0.0014780206877014008,-0.010231183982805635
ACAA1,gene,0.004581077333727782,-0.0018470930236983414,-0.015642820643383813
ACAA2,gene,-0.019858897469111358,0.013417434264740147,-0.007887105694068988
ACACA,gene,0.02856663869314696,-0.009482060213029142,-0.009332685708610643
ACAD8,gene,-0.024655653606081,-0.013835523712348368,0.0309639548643586
ACAD9,gene,0.028063476533008058,0.013718489012281067,0.008865116118562059
ACADM,gene,-0.0301211344178726,-0.00815208748249016,0.00962729744138223
ACADS,gene,-0.019556598282664255,-0.01846459584395617,0.017933243457463513
ACADVL,gene,0.004119193983294357,0.01176707490395428,-0.00045829397869375047
ACAP2,gene,-0.01672184530189057,0.009550729885467376,-0.0009439018898547341
ACAT1,gene,-0.007101850489085337,0.004687037667188809,0.018413879035314933
ACAT2,gene,0.00285870209924326,0.03402827273031572,-0.0006665886886507396
ACBD3,gene,0.023156445461711053,-0.0134719418506125,-0.004634245681619759
ACBD5,gene,0.008703443569449987,-0.033662800602213765,-0.024316355477792113
ACE,gene,0.008328770560111021,-0.0012012791444806728,-0.02012616520607448
ACIN1,gene,-0.014531718652819598,0.021068387139758112,0.006042130729317945
ACLY,gene,0.0025032479272582256,-0.025353987964707794,-0.037172409912207785
ACO1,gene,-0.005535065869474733,0.02190553046348777,-0.01940659515610531
ACO2,gene,-0.013492585275098197,0.03559499679966432,0.014621593396403102
ACOT1,gene,-0.008387722250903966,0.006507171071107618,-0.010336047113478821
ACOT13,gene,0.005290096701978874,0.023267155595579778,-0.016744951785678037
ACOT7,gene,0.02873927704564165,0.012713436350064042,-0.01940894147443249
ACOT8,gene,-0.00047816520271355266,-0.01567021207618666,0.01364772458887448
ACOT9,gene,-0.002044357253875335,-0.005980248996108027,0.008778405390418327
ACOX1,gene,0.016451908787654127,0.013019965124693274,-0.01763541555278993
ACOX3,gene,0.002652900165535265,0.004208609575926246,-0.007952203390924955
ACP1,gene,-0.009307052205434511,-0.012319991815445129,0.008230096435011871
ACP2,gene,0.0019970190309031013,-0.02475553409596261,-0.03539336226636282
ACP3,gene,0.0009890031763691296,0.008075369519979388,-0.00646414641667819
ACP5,gene,-0.007247973644262698,-0.008388792432474968,-0.020551889360042482
ACP7,gene,-0.0005803332341134248,0.0034155539553937476,0.001206338937464429
ACSF3,gene,-0.0318564843009507,0.012780859493865324,0.01048574729209324
ACSL1,gene,0.004555726207929115,-0.02559147337280323,-0.01472010598162907
ACSL3,gene,0.019840380820660152,-0.002546867695283558,-0.026330763989160295
ACSL4,gene,0.0020994938676746244,0.002402456164090188,0.0005401264002245341
ACSS1,gene,-0.012963620621296908,0.016043285332426473,0.013698656236170437
ACSS2,gene,0.01816849748791747,-0.02224893628915115,-0.013272077453742828
ACTA1,gene,-0.009972017767321604,0.03582391325580009,-0.013325589275644895
ACTB,gene,-0.02806553219661722,0.009472074333740095,-0.009027801171379437
ACTBL2,gene,-0.026029841479084933,0.006001431188366573,-0.009610298789761653
ACTG1,gene,-0.0021762717721687365,0.018145659632597864,0.0113772153603085
ACTG2,gene,-0.017346545196257328,0.0212373597567141,-0.009128300884267889
ACTL6A,gene,0.01934613996776282,0.015491656850408486,-0.00375366773846869
ACTN1,gene,-0.00280197666503825,0.02811747296652469,-0.010929108663407778
ACTN2,gene,0.017825894509656853,0.00431015309935583,-0.005628862367436891
ACTN4,gene,0.022306112697945902,0.01622975227378689,-0.005293480468305005
ACTR10,gene,-0.00780971097361339,0.0028406261972340517,-0.00416053599675285
ACTR1A,gene,-0.0056720780024108195,0.01776756898385487,-0.026976405718345066
ACTR1B,gene,-0.00668819503908486,0.006928765102489023,-0.00504021023972159
ACTR2,gene,-0.030197369816619895,-0.005609078679886309,-0.01734749705467249
ACTR3,gene,-0.030587965626342667,-0.004517565228513532,-0.015068462796018197
ACY1,gene,0.0216297854572968,-0.01262286402872017,-0.014651192028277688
ADA,gene,-0.02515112011745348,0.003174604556121015,-0.017115035360910184
ADAM10,gene,-0.008945959094146411,0.00011368822091167718,0.013312517223678802
ADAM17,gene,0.0013998065444495184,0.005414726568350014,-0.007897141410942277
ADAR,gene,0.012567690922704154,-0.014815769519061923,0.01177516261511143
ADD1,gene,-0.03725989446063166,-0.0008317815183338952,-0.003411196551613806
ADD3,gene,-0.035262557539947725,0.0019383466880563993,-0.0016986572431727542
ADGRE5,gene,-0.02271858986118749,-0.007437502918349379,-0.02936755282852049
ADH5,gene,-0.011122846345844673,0.007962146245337465,-0.0074820738125455
ADI1,gene,0.02227713652863227,0.002370094879728174,-0.017879320321703713
ADISSP,gene,0.00717119393255318,-0.0007215885272920634,-0.022994619668016667
ADK,gene,-0.014265709076238775,-0.02169761621606328,0.005007046259314007
ADNP,gene,0.020908340819613472,0.018119768832248518,0.0052108070745499925
ADO,gene,0.014770801359071946,0.004658539142509259,-0.0023943192006827692
ADPGK,gene,-0.015891060262791006,-0.015760337397794855,-0.024520535596668145
ADPRH,gene,-0.01886280637720172,-0.015318730738698199,-0.012281506128547923
ADPRS,gene,-0.0019655848059837995,-0.0033835503772192865,-0.026737993257059733
ADRM1,gene,0.021443476981494725,-0.0036265616772958704,-0.006390722287286094
ADSL,gene,0.007318878774733678,0.006507926362255948,-0.022661255020883557
ADSS2,gene,0.030487881688445243,-0.015077296369575893,-0.006363407496727658
AEBP1,gene,-0.0017681455074038152,0.030759139449768647,-0.04091609698293912
AFDN,gene,0.011510222879874396,0.0014828295686678018,0.008985620766627476
AFG3L2,gene,0.02393556285705665,0.002898397918903647,0.015042388141471871
AFM,gene,-0.013101352957244307,0.026279063059255526,-0.02904243525684613
AGA,gene,0.010517966883944706,0.0043530258175034035,0.020711263082520297
AGBL2,gene,0.007138965842608032,0.011403558750736835,0.0009212756150424388
AGFG1,gene,-0.016272329450214725,-0.016261225764085188,-0.0024401637341689556
AGK,gene,-0.003894269239285192,-0.008645565469347504,0.0031147048235432673
AGL,gene,-0.016619186404358006,-0.0008016259685565656,0.01141644231474346
AGO1,gene,-0.01776234264073202,0.014898482528172398,0.008909200569274304
AGO2,gene,0.007929638007884455,0.017214644133861416,-0.0005062637162933465
AGO3,gene,-0.007615505639215853,0.009738823062816733,0.02055171145138385
AGPS,gene,0.022499460004368536,-0.03458712198634383,-0.02620893516746889
AGR2,gene,0.0051797431814614775,0.019527811195655647,-0.005097142270509161
AGRN,gene,0.005270779851860251,0.02495002431730871,-0.01656728158540902
AGT,gene,-0.010525921231766001,0.03157485891072482,-0.031398093893002764
AHCTF1,gene,0.006085622388227506,0.023195851165503416,0.006676063771198393
AHCY,gene,0.038816369315864824,-0.009156257919805027,-0.011729729819689564
AHCYL1,gene,0.010606834846652135,0.004409642208074113,-0.003201648295080669
AHCYL2,gene,-0.006443896984075253,0.0050749911872084415,0.02270417920718499
AHNAK,gene,-0.016807114708310138,0.030114674865354376,-0.0036827122723861526
AHNAK2,gene,0.0049966154018464696,0.04021599595872961,-0.0017141604028836175
AHSA1,gene,0.019092172104630517,-0.0144098804171439,-0.008700658449002554
AHSG,gene,-0.009726932424206766,0.0219231083411973,-0.0320764552217044
AIDA,gene,-0.014433031110237214,-0.017376560205303485,-0.011770694849342275
AIFM1,gene,-0.001704266927666961,0.03201634260256554,0.008833299050327433
AIMP1,gene,0.012058536802188465,0.012938822857698151,-0.02286001116000259
AIMP2,gene,0.013152613484099247,-0.015430120201041312,-0.007396223122266871
AIP,gene,-0.03184595023698019,0.0008945505684850013,0.0031458617672800284
AK1,gene,0.014191294873381678,0.03239447488679412,0.018414391612156973
AK2,gene,0.02270142367999694,0.017777288090362404,-0.0009382645636431062
AK3,gene,-0.004521376689757216,-0.0023127122898992675,-0.001107839947140736
AKAP13,gene,-0.020305599060641825,0.018455037055474216,-0.0001236847422132025
AKAP17A,gene,0.006493506675725028,0.012605958244066127,-0.005540397058870033
AKAP9,gene,0.012377407632513465,-0.021250772147053565,0.016624476664003168
AKR1A1,gene,-0.012175473390936225,0.009840937563805626,-0.0268711433215552
AKR1B1,gene,-0.02523439034791084,-0.010900563067866718,-0.009769153549859386
AKR1C3,gene,-0.016667661820153307,0.00387512831313331,-0.006149476002885837
AKR7A2,gene,-0.020524023044324505,-0.0001799877589255668,0.018784736619577195
AKT2,gene,-0.0064887989338883335,-0.020748933409039102,0.0047780935092580626
ALAD,gene,-0.008915932035433984,0.008576310129441682,0.010347403798188388
ALB,gene,-0.010950035528893443,0.018502443448518088,-0.01703045248494686
ALDH16A1,gene,-0.025496491643842472,0.0012529264349513834,-0.004019834199313567
ALDH18A1,gene,0.028621334429466103,0.014637548037982336,-0.00915998745469185
ALDH1A1,gene,-0.019381164981739533,-0.005403383601423279,-0.030854413231066486
ALDH1A3,gene,0.00886737615739401,-0.005452121631009911,0.00312402719033867
ALDH1B1,gene,-0.0011104982737480962,0.0476262735710371,-0.016361714986932407
ALDH1L2,gene,-0.007542881674480476,-0.016452443979317527,-0.024762659182338737
ALDH2,gene,-0.013574329170560966,-0.012128737666320862,-0.025861825777726593
ALDH3A1,gene,0.00016744412245014667,-0.0020631243986366106,-0.0008410925774686084
ALDH3A2,gene,0.00461280516719989,0.0029042773822746996,0.00028609888255666716
ALDH4A1,gene,0.01393122900395614,-0.0006589104114866259,-0.007653122264440895
ALDH5A1,gene,-0.003176242452891171,0.02626403258720924,0.02522187596879613
ALDH6A1,gene,-0.025735236002397965,-0.01486965246700298,0.05346250002864248
ALDH7A1,gene,0.028120859368988768,0.007019916148502196,0.0053397003808203615
ALDH9A1,gene,-0.01087339635906337,-0.02021358558233653,0.01921083001711594
ALDOA,gene,0.029307881685863818,0.02727987869700827,-0.022690242276830145
ALDOC,gene,-0.004359817725701534,0.01598627343025883,0.008190256008001244
ALG1,gene,-0.01585104106062248,-0.005979544756627425,-0.007851964438430448
ALG11,gene,-0.005174669317244496,0.015096220831425066,0.0045837106272163895
ALG2,gene,-0.007539984314215364,-0.007389143297341586,-0.011884594622723293
ALG5,gene,-0.013912375751166536,-0.006282142854009307,-0.02054708774327014
ALKBH5,gene,-0.009092741080224783,-0.0042780041339868045,0.023862142304649617
ALOX12B,gene,-0.0014916690502075715,0.008201685547409103,-0.002890268218498492
ALOX5,gene,-0.03263776898062852,-0.0064124164913462265,-0.014043685701314245
ALOX5AP,gene,-0.018648563908356706,-0.014687888814506807,-0.02801328281113277
ALOXE3,gene,-0.008337090037985176,0.00689518021281437,0.0035299153878527575
ALYREF,gene,0.014195786707885984,0.02082150256486437,0.017916810163389654
AMBP,gene,-0.01811322612468828,0.026748296912610794,-0.021061707701999575
AMDHD2,gene,-0.01718263852118005,-0.014875271818520403,-0.012766215441608641
AMPD2,gene,0.01041820201013177,0.0035074179572798353,-0.018562920280092515
AMPD3,gene,-0.02703074403486595,-0.00696589583734843,-0.011814860214985831
AMY1A;AMY1B;AMY1C,gene,0.0030646582333280397,0.007954138341273002,0.004770427278579375
ANAPC1,gene,0.01038365423987588,-0.002397575411913436,-0.014920718246884951
ANAPC7,gene,0.010166084974581819,0.007616608964688842,-0.026149384808717056
ANK3,gene,0.006903167212648412,0.01942481966927627,0.028143374745353677
ANKFY1,gene,-0.023305158044591663,-0.014252271084283157,-0.007645021587115008
ANKHD1,gene,0.005950177622952738,-0.0043352683151850905,-0.008463219080277171
ANKRD13A,gene,-0.033231372951183114,-0.001099957890766657,0.004600042036283396
ANKRD17,gene,0.015747423558508507,-0.004685251052939948,-0.00845044703693971
ANKS1A,gene,0.0010923284143978802,-0.03183771709663564,0.014282696872558244
ANKZF1,gene,0.010984291848813053,0.01715733619266858,0.025414522092839113
ANO10,gene,0.0045739201792194765,0.00914310948883648,-0.00924083730471511
ANO6,gene,-0.008185017216210073,0.017006228035042512,-0.014820400979871296
ANP32A,gene,-0.010863161498549085,-0.00936255993900837,0.011164695745636333
ANP32B,gene,-0.0025205999021089033,-0.021474748571754295,-0.008146308440530858
ANP32E,gene,-0.001954505403862586,-0.0049984331663888125,-0.01183533060553861
ANPEP,gene,0.02225018768915965,0.017645169800642273,-0.040704152291551145
ANXA1,gene,-0.010650595938784863,0.016813645935187586,-0.005486806924420476
ANXA11,gene,-0.018864998343560202,0.0018244677291931698,-0.007565659643770823
ANXA2,gene,0.008773581341672061,0.005706128463782569,-0.004802093590097346
ANXA3,gene,0.014386221041382399,0.021932796352141275,0.02008764849592899
ANXA4,gene,0.021923264147625313,-0.000869547656222564,0.006777814758014542
ANXA5,gene,0.008563183274228052,-0.008004347037336214,-0.01879672064788283
ANXA6,gene,-0.035794474425331915,0.0019021463115094165,-0.0035547401074403177
ANXA7,gene,-0.01888017343183666,0.005702831895390266,-0.0035559689737453357
ANXA8,gene,0.011067419665967207,0.006959153345129641,0.011755801569600832
AOC3,gene,-0.02854361618431613,0.0072725954558702935,-0.004384474677611164
AP1B1,gene,-0.005472412418996707,-0.017777163042647093,-0.021460499508607928
AP1G1,gene,0.004525333219074947,-0.021550377222893612,0.003797759289011391
AP1G2,gene,-0.007000211279931721,-0.009537582480367157,-0.012570911868400089
AP1M1,gene,-0.018233867430341177,-0.011930184950452026,-0.011520789022403345
AP1M2,gene,0.01207328116904188,-0.018136368420320688,0.0068721518021648605
AP1S1,gene,0.015025122088337858,-0.020316741227280926,0.011462897454035411
AP2A1,gene,-0.010247592629869899,0.007780295378733279,-0.03513465574668371
AP2A2,gene,-0.015083858026759515,0.010953093897271967,-0.023930426290367842
AP2B1,gene,-0.006634576511979779,0.012994351630399434,-0.01257912618837895
AP2M1,gene,-0.005757545760724598,0.018097180922043363,-0.031569828880555324
AP2S1,gene,-0.007048161856390375,0.0027668111670083656,-0.022922043316430128
AP3B1,gene,-0.018661825030125825,-0.0066834078324622655,-0.01104915124231943
AP3D1,gene,-0.012023799621494984,-0.012319570746192676,-0.010556549646237447
AP3M1,gene,-0.011793811544097595,-0.007310507054412051,-0.02050753049695023
AP3S1,gene,-0.016467393062620555,0.010106599454188885,-0.01325361474359576
AP5B1,gene,-0.019839094848922777,-0.018951571242328234,-0.010634402800168025
APBB1IP,gene,-0.02923252587039234,-0.008555766574060346,-0.007256408488439322
APCS,gene,-0.02127433139732211,0.01696538863367062,-0.022071790377276846
APEH,gene,-0.0016238528870776848,-0.003435761236414544,-0.013610395464022726
APEX1,gene,-0.018947275677070118,0.020670957758084627,0.016829113718840542
API5,gene,-0.01221177690335208,0.014357525946304522,0.0024696552094148616
APIP,gene,-0.004049283595274275,-0.004670872870092919,0.0016685654749183647
APMAP,gene,0.007724769547361772,-0.002082539329077207,0.012839674709488425
APOA1,gene,-0.013945625369300801,0.015172823087155753,-0.029541527428138366
APOA2,gene,-0.009420905237134451,0.015104945074374895,-0.036397480115775115
APOA4,gene,-0.017583223978248973,0.023819869890769944,-0.029603537019677547
APOB,gene,-0.02015546179432133,0.019029987391937394,-0.0301983000218247
APOBEC3F,gene,-0.014200933184965773,0.020413224051604312,-0.01767445910797448
APOBEC3G,gene,-0.028057283483535755,-0.002350262685486361,-0.014452329724340839
APOBR,gene,-0.010954365124503518,-0.007184562042024882,-0.03168012470660768
APOD,gene,0.004738636095760803,0.0017661874500912124,0.008275422436265577
APOE,gene,-0.017417365584719548,0.006035670914650238,-0.033981272411937
APOH,gene,-0.01487735755029573,0.024510639007308734,-0.03166922068424676
APOL1,gene,-0.014046948464200409,0.01761888609455371,-0.02319692928138812
APOL2,gene,-0.013132476914540983,-0.008040300896357242,-0.04259615094088025
APOL3,gene,-0.020973642494668748,-0.011249401902644188,-0.01650810563325215
APOO,gene,0.004831645855420762,0.0030022345547466808,0.027993165562045015
APP,gene,0.03552471585853452,0.01357046115907457,-0.03725543818752271
APPL1,gene,-0.02375632909149065,-0.009916647758507244,-0.011716085173244125
APPL2,gene,-0.00634503639186476,0.0046502378810362914,-0.018611926501873367
APRT,gene,0.002129960630035925,-0.023289161714357687,0.010457792767430677
AQP5,gene,0.002059645542205815,0.004722373171232792,-0.011247177222186761
AQR,gene,0.004471403013164924,-0.018860684964684828,-0.006674141758437853
ARAF,gene,-0.020313056931703377,0.011030041230194625,0.0017176230159925594
ARAP1,gene,-0.02572093477497364,-0.009954887980050389,-0.02261082102137294
ARCN1,gene,-0.004323396609004061,-0.004423024563109246,-0.0153547244124948
ARF1,gene,0.018294921802122797,-0.014012994430596134,-0.006235385472851062
ARF4,gene,0.017023959600002768,-0.021061770219675043,-0.021263776520215865
ARF5,gene,0.010050008309100132,-0.02680962108507398,-0.012717140792857413
ARF6,gene,-0.017488220450590914,-0.007269970376701276,-0.009024414358596524
ARFGAP1,gene,0.016712563988004445,-0.021570202943334258,-0.008288134536437132
ARFGAP2,gene,-0.0010855702430263776,0.015192601102392869,-0.003957242540293328
ARFGAP3,gene,0.003770099257881754,0.015404743070537833,0.006183939480049644
ARFGEF1,gene,0.005526883152456271,0.0019429312012224714,0.007849780251594333
ARFGEF2,gene,-0.0050676024279054524,-0.024655931904476014,0.009202049975324332
ARFIP1,gene,0.011577000003779406,-0.011465594937415065,0.0019258069328359519
ARG1,gene,0.007865722995005375,0.004754194811166147,-0.0009723087599252376
ARGLU1,gene,0.012656801459515836,0.010840836203863058,-0.01688276616567399
ARHGAP1,gene,-0.017317588601882688,0.003047385331309575,-0.031298649055509185
ARHGAP17,gene,-0.03357273429608706,0.007370460288821491,-0.0043263665400613315
ARHGAP18,gene,-0.0044304258050518,-0.008004358542569161,-0.039449717791062586
ARHGAP21,gene,0.017474507699096236,0.008867629686221736,0.007980953593569042
ARHGAP25,gene,-0.03397149620612576,-0.004225509933078161,-0.0014451968979434728
ARHGAP27,gene,-0.030462423657525137,-0.01323546031177288,-0.0010291489380203993
ARHGAP4,gene,-0.03423541146156902,-0.00644617182613543,-0.004134264610766335
ARHGAP45,gene,-0.03362600228092308,-0.003421783946335416,-0.00023700094290818826
ARHGDIA,gene,-0.010980263966116474,-0.011592459188088407,-0.010442396668755294
ARHGDIB,gene,-0.032718420532787645,-0.015553997317968235,-0.0047118902353414155
ARHGEF1,gene,-0.03757403469305744,-0.0039187879883077455,0.009717427504599072
ARHGEF11,gene,0.014500219116991257,-0.013553981963967447,-0.0022281724249630366
ARHGEF2,gene,-0.002374411996977924,-0.007222070866637365,-0.004390996587091127
ARHGEF40,gene,0.004884066299710674,0.013040715037312288,0.0032539251539430774
ARHGEF6,gene,-0.03166275399882406,-0.00525888671544909,0.004836156664829616
ARHGEF7,gene,-0.02649850302950371,-0.00010938886209587203,-0.01416912419242108
ARID1A,gene,-0.006758566458341599,-0.0029719687817786554,-0.018234904166318112
ARID2,gene,-0.007530774878084964,0.016547244470921516,0.012301697961523994
ARL1,gene,0.020474454994863084,-0.014291796366152916,-0.004419822994141078
ARL2,gene,0.017990912791815736,-0.010576947690590933,-0.013640945776058424
ARL3,gene,0.006507459048862825,0.030388170709016404,-0.016958494807132532
ARL6IP5,gene,-0.018637836462186867,-0.012524367238774188,-0.0012630137842413664
ARL6IP6,gene,0.008240234397512727,0.016887474149594288,0.0016986635812970853
ARL8A,gene,-0.006980265857132627,-0.004681216108546883,-0.008154507258405693
ARL8B,gene,-0.014198057772678178,-0.022649755325066252,-0.014269165351398733
ARMC1,gene,0.030131708886477922,0.00872381998054497,-0.002325014675155002
ARMC10,gene,0.005915346540358579,-0.010107476985425447,0.021600484394805036
ARMC8,gene,0.008624944845211261,-0.010861209547980578,-0.008127639545773361
ARMCX2,gene,-0.0006364635575947817,-0.020206261301219254,0.011920237955111324
ARMCX3,gene,0.02817767932332796,-0.0036065204440167034,-0.003280889648875477
ARPC1A,gene,0.003140211868367109,-0.0008437536032690647,-0.00697056359875881
ARPC1B,gene,-0.030755132855164437,-0.007132471616264706,-0.015645273858827427
ARPC2,gene,-0.028533145096534266,-0.012544477189325188,-0.018615502819035793
ARPC3,gene,-0.027379464391691904,-0.0010740963117637343,-0.019164243679189598
ARPC4,gene,-0.023947326453044072,-0.007893739421587838,-0.016875252135551175
ARPC5,gene,-0.021583395296088718,-0.009023946640548166,-0.010968811573913662
ARPC5L,gene,-0.005908541127839637,-0.013834408948342786,-0.005319376727584813
ARPIN,gene,0.01304486395630078,0.0005785343132330513,-0.0042678151748549616
ARRB1,gene,-0.009579383793095288,-0.007491157838289147,-0.023405045816053835
ARSA,gene,0.009389902393966492,-0.007902475170123768,0.007060724243326544
ARSD,gene,-0.0006814405975644096,-0.007564107649314516,0.021301773727147345
ASAH1,gene,0.004476042555705617,0.001299589090677627,0.004327961392947286
ASCC2,gene,0.0009164172002452482,-0.0011860655379025051,-0.014964398031180316
ASCC3,gene,-0.004713612075238298,-0.0228458797748617,-0.0067566017225012725
ASH2L,gene,-0.015371845090050167,-0.013740911875075328,0.002271395389885756
ASL,gene,-0.0036840320134691293,-0.016837081866755033,-0.008103624846041246
ASMTL,gene,-0.00791303705361854,0.0030473715137296444,0.014140164820305796
ASNS,gene,0.01506704866432625,-0.029580117155176583,-0.014520189504178355
ASPH,gene,0.017211351318862506,-0.006379308402072062,-0.01565857318454961
ASPRV1,gene,0.008465478334275179,0.006263663069898675,-0.004923121680370557
ASPSCR1,gene,0.02277776386056124,0.018061542729957303,-0.01537582896614005
ASS1,gene,0.030380618551773934,-0.004919177286554957,-0.009774187260368074
ATAD3A,gene,0.025527114373395207,0.00217844679045614,-0.0018913781905533003
ATG3,gene,-0.015351353925399483,-0.024540558877172877,-0.03790059954372977
ATG4B,gene,0.017089676575355248,-0.0035475272584720185,-0.00624683014538917
ATG5,gene,-0.02141679942909378,-0.02064257704582165,0.002550431739344002
ATG7,gene,-0.0128433081018563,-0.002547814920685162,-0.0255883576926279
ATIC,gene,-0.01870879332251865,-0.0037826166285420933,-0.0003738225197762619
ATL2,gene,0.013236073524187047,0.014910283568697984,-0.006829313761022884
ATL3,gene,-0.003300603955485939,-0.0064635277400233145,-0.009881517562034507
ATM,gene,-0.03582289716984936,-0.003245636515327065,0.012552267119256597
ATOX1,gene,-0.0016877999189224236,0.0036314514279749814,-0.028878672084004717
ATP13A1,gene,-0.007952670999760275,0.02068747149062876,-0.025143597787729864
ATP1A1,gene,0.007827970933437045,-0.0029626047247857264,0.017825682349395345
ATP1B1,gene,0.015688615476173617,-0.00990987725783277,0.017256125052753073
ATP1B3,gene,-0.012366922491347849,-0.0026223102023255817,-0.02720518015285641
ATP2A2,gene,3.4456121739592254e-05,-0.013650811753803989,-0.03837772184237403
ATP2A3,gene,-0.037851822017457216,0.0014015453144527847,-0.0004430639497288585
ATP2B4,gene,-0.010618551079365645,0.012449119350563599,0.012274464393127807
ATP2C1,gene,0.01851254997351483,-0.014150996566465238,-0.009093445153525975
ATP5F1A,gene,-0.008160951438215469,0.01701457285060151,0.010819330383665768
ATP5F1B,gene,-0.0113942857609459,0.014395411837396612,0.010469071849731849
ATP5F1C,gene,-0.011505436894804646,-0.0026541621527350805,-0.0013756729169994645
ATP5F1D,gene,-0.00028956235154323294,-0.0009004385354161282,0.009005873597319398
ATP5F1E;ATP5F1EP2,gene,-0.002533822756433474,-0.00950105536985939,-0.004963339317550566
ATP5ME,gene,0.010812974286745568,-0.0030854609821903047,0.005373870377290744
ATP5MF,gene,-0.007577544399949714,-0.0036941817283264984,0.00014683078841079021
ATP5MG,gene,0.006801739634276375,-0.0014917591934094866,0.0008910906025114065
ATP5PB,gene,-0.016175669078626123,0.0029958680766714054,0.004971013317821816
ATP5PD,gene,-0.01092906776918244,0.02327565376905055,0.0025952498810126487
ATP5PF,gene,-0.0001820439404026584,0.022597114795501003,0.0006623761182057291
ATP5PO,gene,-0.004955016808951751,0.01673838517450164,-0.003597131454335721
ATP6AP1,gene,0.0028524391638967343,-0.0020578654927664993,-0.011726076572959961
ATP6AP2,gene,0.013765734899007637,0.01799712256211291,-0.011998783792543913
ATP6V0A1,gene,-0.002787635005222309,-0.012800531805198375,-0.019075590396332817
ATP6V0D1,gene,-0.004698584466573469,-0.011695977641110949,-0.02565146922242346
ATP6V1A,gene,-0.009292148512404286,0.00121850946798859,-0.03027598082162576
ATP6V1B2,gene,-0.013739474309753827,-0.005023379173773379,-0.03231003590781595
ATP6V1D,gene,-0.012423542824618796,-0.015151190622464401,-0.020803936875572873
ATP6V1E1,gene,-0.012795671591891353,-0.007336261978000236,-0.030866886161677536
ATP6V1F,gene,0.0008568846396496582,-0.006264670102451507,-0.030513426172200316
ATP6V1G1,gene,-0.0013557108369397922,-0.005089049006265207,-0.02109988253594806
ATP6V1H,gene,-0.015077503216550702,-0.018558426743359446,-0.01795944223294073
ATP9A,gene,0.018162338963848394,0.00133415792417841,0.005493322877324644
ATRN,gene,-0.007161343251486863,0.012152179569515548,-0.008371681595418736
ATXN10,gene,0.012690196281194029,0.010901124296290487,0.004540376671342893
ATXN2L,gene,0.026361838299763216,0.006734057413154747,-0.023800760781419433
ATXN3,gene,-0.012239327054692965,0.014915921494615665,-0.006212627800364386
AUH,gene,-0.015263538103211878,-0.01942186282486041,0.021991680363224384
AVL9,gene,-0.005905439007043511,-0.019084329155713797,0.010288792686176404
AZGP1,gene,0.00932250789783832,0.0043701423501227125,0.0024472873582470868
AZU1,gene,-6.875557895699915e-05,0.007789511204877148,0.01030337568597237
B2M,gene,-0.012614873591971328,-0.026883238422383667,-0.01779188386181644
B3GAT3,gene,0.00996261463673564,-0.0037845510640688515,-0.011088309285397372
B4GALT1,gene,0.005125522845072125,-0.002971654227781682,-0.013470707536671777
BABAM2,gene,-0.014760229499037896,0.03222756138164335,0.007837601367531671
BAG2,gene,0.012262028324836286,-0.037128749180507,-0.006522473596818092
BAG3,gene,0.006178490171555777,0.03272689881815813,-0.009950945531876183
BAG6,gene,0.028805610012703934,-0.0029661199135311614,-0.00934620056471827
BANF1,gene,0.0046079490077612535,0.016192698417935105,0.006631104487245336
BAP18,gene,-0.027038470314834695,0.014623065357013324,-0.0010144857981229446
BASP1,gene,-0.025402115959445696,0.011279611681020225,-0.01813118732847916
BAX,gene,-0.009757063402930494,-0.009528997797097035,-0.006654693731299978
BAZ1B,gene,-0.009028823690912964,0.0003535723712992059,0.00789176136366724
BCAM,gene,0.006152713972222611,0.026156952711723608,0.010914152777316473
BCAP31,gene,0.0031705843775096513,0.007038924078398936,-0.01105751960175777
BCAS2,gene,0.009369698205288584,0.020438631925659107,0.010354945210345384
BCAT2,gene,-0.015634096294606555,0.00922895423030613,0.015015440613278561
BCKDHA,gene,0.0020295530517888253,0.006671350563473875,0.028655585360722782
BCKDK,gene,0.014142450505006376,-0.0009292963740029688,0.001380417262333173
BCL2L1,gene,-0.0014696750901595213,-0.004002684602598302,0.005234428455072107
BCL7C,gene,0.00579716406121874,0.004419185265399447,-0.0048186432379416656
BCLAF1,gene,0.000476215884409285,0.009427704317308432,0.008731336419873783
BCR,gene,-0.013142566675024836,0.010697553719362525,-0.0010210024297118985
BCS1L,gene,-0.0036786599853382033,0.010637381596415196,0.007945842500910903
BDH1,gene,0.008328831451158857,-0.007316542440176272,0.032423663836371026
BDH2,gene,-0.0030858701791093178,0.006032743044803683,0.000609701255516012
BGN,gene,-0.017140390835524398,0.017594790053930956,-0.023193906877653988
BICD2,gene,0.0043564167670233234,-0.00811903725554217,-0.032986372676667645
BID,gene,0.023221168909100785,-0.004887604970321772,-0.013697380326857926
BIN1,gene,-0.03415129944555681,-0.012197775730740797,0.005293463856043703
BIN2,gene,-0.012379052690583373,0.0002183700884479518,-0.010357574071289781
BIRC6,gene,0.0009968646144217729,0.029835354446628604,-0.00667147055981417
BLMH,gene,0.006235708608419769,0.003487073422781195,-0.002439204236851456
BLOC1S2,gene,-0.007125772725135801,-0.010779581298878552,-0.0023117084388221826
BLOC1S3,gene,-0.02167870443771812,-0.012238354385869364,0.011085432873815677
BLVRA,gene,-0.013380022532048987,-0.011241466214615197,-0.0221154472707666
BLVRB,gene,-0.014802468688273673,0.009393460230705194,-0.004610075114748674
BMP2K,gene,-0.01655056870001251,9.114272228875752e-05,-0.00986848643163463
BMS1,gene,0.012442618599739717,-0.008508682585625671,-0.00046291744848724146
BOD1L1,gene,0.0010973112008618056,-0.0014003964123914516,0.003500197765925618
BOLA2,gene,-0.008109697658741404,-0.005982766957573802,0.010139868472994865
BOP1,gene,0.023511181850791478,0.009567848793096582,-0.00447806416343164
BORCS6,gene,-0.01751671439559127,0.0029188888462573902,0.004824548232235135
BPHL,gene,0.020016070131923247,0.0024088538515253575,-0.008805528752611076
BPIFA1,gene,0.007258129949235387,-0.0027840531762778897,-0.005948010255574753
BPIFA2,gene,-0.009669295174519386,0.00032078144230365775,0.0059793480635853095
BPIFB1,gene,0.0025883076083461462,0.0024760261308901187,-0.004932819085680618
BPNT1,gene,0.02185193800217806,-0.025495617486447974,0.020957268298193436
BPNT2,gene,0.04014731656991409,-0.0162990095134257,-0.018959564658835807
BRCC3,gene,-0.014725135245025158,-0.007745593369038723,0.00043232589336406345
BRD1,gene,0.0021863174362109516,0.021030229436860143,0.0075682629001160165
BRD4,gene,0.001733922716318634,0.03001742396861616,-0.0015312895271494338
BRIX1,gene,0.011832594061098512,-0.02673352956589541,-0.001472778296103545
BRK1,gene,-0.012230097304553496,-0.01784347738597813,0.0013364380935145081
BROX,gene,0.01678122178718591,-0.009716983294303531,0.005769345540731862
BSG,gene,0.03376590537020534,0.003667856981874548,-0.021890933522370388
BST1,gene,-0.01124817548262757,0.010343237030063934,-0.019488660185820787
BST2,gene,0.0007308413146485711,0.0007772211536561265,-0.021546927541847245
BTAF1,gene,-0.014651234891245611,0.021953669760249997,-0.0073026023319239216
BTF3,gene,-0.0031029823289536154,0.021632238152697082,-0.009246347211243894
BTF3L4,gene,0.016315405458323162,0.001696356753123721,-0.0127370544007035
BUB3,gene,0.005998494224278568,-0.006136371092596117,0.0032356156109552892
BUD31,gene,0.0039555406973560935,-0.0057249184159022925,-0.0007420391318758776
BYSL,gene,0.01667246883936576,0.021616831197105398,0.004995433873643945
BZW1,gene,0.0020324157165929786,-0.030814967979392836,-0.027446372869841383
BZW2,gene,0.03399718350092678,0.002956002393379099,-0.008413274305257432
C11orf54,gene,-0.0010424326014742058,0.005521087630812778,0.0051111127046588834
C11orf68,gene,-0.0033968920501533744,0.0030639584090449263,0.005523934131625241
C11orf98,gene,-0.02264513918334168,-0.017089330450724333,0.022320550832930792
C17orf75,gene,0.003831710102341326,0.006243837205119333,0.014377964048728265
C19orf25,gene,-0.010618828763114232,-0.01831667740219197,0.015230265423522968
C1QA,gene,-0.01397386607478085,0.004661927897321545,-0.03955166371254089
C1QB,gene,-0.013606273536587239,0.011810123110103855,-0.042584604514771036
C1QBP,gene,0.0016173394270546583,-0.02337487892858591,-0.012353448738766377
C1QC,gene,-0.014383466027389886,0.01374576963795126,-0.040894720943442986
C1R,gene,-0.01087874744708818,0.01786239055058673,-0.02942034203414324
C1S,gene,-0.012008385338863345,0.011688055441403142,-0.031044997024424058
C1orf198,gene,0.01513077737689239,0.018727453105686246,0.012514783447083802
C2,gene,-0.013007433967547428,0.019553386082507264,-0.03644165377442283
C2CD5,gene,-0.013001423779319655,-0.00809065119411378,0.004108346079186264
C3,gene,-0.023247209189540433,0.018668462144324906,-0.02809765716381026
C4A,gene,-0.020377457813180854,0.015623614717397944,-0.02539886467494557
C4B,gene,-0.02282492461480207,0.021306894423958268,-0.02844478854535551
C4BPA,gene,-0.018267893326429155,0.02368943170368566,-0.033630060705622404
C5,gene,-0.013996794777708373,0.025201541392422235,-0.029344638676074557
C8A,gene,-0.01517405593141228,0.01993175889617086,-0.02493007970659949
C8B,gene,-0.011350919146352093,0.01907960426843814,-0.03307142366341566
C8G,gene,-0.015828746977991026,0.021586177169559184,-0.027515617589973552
C8orf82,gene,0.027738192526284552,0.008264957589022213,0.015057655053315088
C9,gene,-0.013809265145255194,0.014888926377022039,-0.036899604106789684
CA1,gene,-0.02339741252385202,0.013387644652720163,-0.0125430241279529
CA2,gene,-0.013926539383217869,-0.009839599677695684,-0.0029334384340659273
CA8,gene,-0.00025327426797676486,-0.00038370022082936597,-0.0014364979028430175
CAB39,gene,-0.024705384732642912,-0.011343233193415948,-0.006393059886735114
CACYBP,gene,0.01490978120073737,-0.013647116273337628,-0.015950175718655285
CAD,gene,0.02726925651382054,-0.005389710050853209,-0.01933254011594144
CALD1,gene,-0.008299862485357412,0.03220876926988795,-0.016136753788188504
CALM1;CALM2;CALM3,gene,0.013938484886958792,-0.00760804167730095,-0.005640129881884788
CALML3,gene,0.00808673672203652,0.005008993497060148,0.00018694977357668782
CALML5,gene,0.014376601264002557,-0.018327802556771904,0.01691440437649816
CALR,gene,0.011770988416127413,-0.03539977099182278,-0.029192553627910036
CALU,gene,0.030623089897720404,-0.01219806477034646,-0.010566663089325483
CAMK2D,gene,-0.02034778486348183,-0.0032891181789076493,-0.021259267331127277
CAMK2G,gene,-0.013605391688380751,0.004562095760076323,-9.184834130929869e-05
CAMSAP3,gene,0.012978949881382292,0.017764021515391817,0.01272920894599656
CAND1,gene,-0.015882614046241566,-0.01334729880374578,-0.004659266331181478
CANX,gene,0.011282308475636557,-0.033070333987475865,-0.01652885731465834
CAP1,gene,-0.02376445465367707,-0.004592701637677366,-0.028412659894466452
CAPG,gene,-0.016232873312923512,-0.003886386374640115,-0.02381033989796512
CAPN1,gene,-0.004166348306975634,-0.004077667348710492,0.0006191151340814752
CAPN2,gene,-0.006101721528572484,0.029160933702339978,-0.00037316044756189926
CAPNS1,gene,-0.004579819214485195,-0.0028535282339501615,0.00527412162172165
CAPNS2,gene,0.00427878025470277,0.003503667263992472,-0.0023037458654037563
CAPRIN1,gene,0.03524219545795161,0.0072029069256702065,-0.026176794025834317
CAPS,gene,0.01941468576493938,-0.0015478143572978207,0.0164565249490553
CAPZA1,gene,-0.019444457209284588,-0.0013430350516632317,-0.01979143888714673
CAPZA2,gene,-0.011232733168899531,-0.010674643779346871,-0.01296928717814691
CAPZB,gene,-0.019133414533789084,-0.0011528455214930664,-0.019722753233572785
CARD19,gene,0.009646362513123605,0.012359803508720287,-0.005263148192740087
CARHSP1,gene,-0.001970793403522836,0.028795048833706316,-0.01660305840135604
CARM1,gene,0.017941556180162046,-0.00032064941513011225,-0.007002329845026942
CARMIL1,gene,0.008703809162372147,-0.004894533937090972,0.006031993110662402
CARS1,gene,-0.011334828491479345,-0.01932049956722305,-0.027745879591518977
CARS2,gene,0.015076308413316898,-0.007439831498928125,0.009842819166016509
CASK,gene,-0.0006514888063736821,0.023898649232323217,0.012992613465784194
CASP1,gene,-0.02831188681720312,-0.016759634447324034,-0.027623565821156198
CASP14,gene,0.009324264621523068,0.0026921685503421455,-0.001778496480108997
CASP3,gene,-0.001953443183223175,-0.005895808258612802,-0.00762148972973442
CASP6,gene,0.002245903214087106,-0.013344068683712254,0.00716044943626036
CASP7,gene,-0.0013882001325176512,-0.00025387678678005034,-0.018004447613685998
CASP8,gene,-0.008274462558349606,-0.015307869586578001,-0.03659398486543983
CAST,gene,-0.02622607444567958,0.005620424579305151,-0.003909528687741646
CAT,gene,-0.000991637853234868,0.011803224674994272,0.003847351756705175
CAVIN1,gene,0.0024665545917680674,0.01046788896559135,0.005644549991845337
CAVIN2,gene,0.004114200004718626,0.012460991014748395,0.00884075804996739
CAVIN3,gene,-0.014603321029812094,0.009398747436468144,-0.012997423995835799
CBFB,gene,-0.011666735872626077,0.001570156856565876,-0.015857334541771375
CBL,gene,-0.027857936400342988,-0.004054294608658254,-0.00518528891447981
CBR1,gene,0.0029159666230437406,0.0016236722019633374,-0.006226713504708114
CBR3,gene,0.013449277188854402,-0.011497069749191506,4.495929485329594e-06
CBX1,gene,-0.012751627696343758,6.874283073357617e-06,0.005699143346191571
CBX3,gene,-0.0029178108879932135,0.017260407574626473,0.007219468432425721
CBX5,gene,-0.00035695485999709875,0.011141511571402361,0.015041244209276541
CBX8,gene,0.015116678481379937,0.02243791442662856,-0.017793736268424405
CC2D1A,gene,0.031147939690911647,0.03065685777883203,-0.02948390885786993
CC2D1B,gene,-0.02639346332956322,-0.011589598985019258,0.006607485112955384
CCAR1,gene,-0.004400830614581495,0.026364584107017374,0.002761742376620682
CCAR2,gene,-0.02645592990512574,0.029308371220557516,0.019204846098054427
CCDC115,gene,0.0003604914659514631,-0.010756126188777679,-0.0001981227684724586
CCDC124,gene,0.02485662599912623,0.031197055969297713,-0.010479742632928462
CCDC134,gene,0.010194546487154002,0.019408461336796332,-0.0038934540788426518
CCDC22,gene,-0.015441828088079475,0.013677779660996084,-0.01520556763137546
CCDC43,gene,0.006663986223661232,-0.0007831054555147685,-0.00021509062601775595
CCDC47,gene,0.02596870419098423,-0.005247114886557956,-0.021265083347353195
CCDC50,gene,-0.032277185457196975,0.003893509731612303,0.006589688146346137
CCDC59,gene,0.0008889481544976945,0.005717499742148817,0.0028255178737068573
CCDC6,gene,0.007549950338223799,0.014615183721848498,-0.0012451131614748966
CCDC9,gene,-0.00502737350148904,0.012943691830946378,0.007081141716586379
CCDC93,gene,-0.008319822984087092,-0.0058412472694728745,-0.0061977713556279936
CCNY,gene,-0.010916106713134168,-0.006954563242293657,0.004743403265381328
CCS,gene,-0.01021190378416927,0.015585281204752086,0.016558544464326468
CCT2,gene,0.00036473402405554306,0.0066440403042898385,0.011784020007210735
CCT3,gene,-0.00790546978343076,-0.027457973382112397,0.005360020124479877
CCT4,gene,-0.004650542424211165,-0.03554739881223947,-0.0020003536358956533
CCT5,gene,0.002609523497182422,0.0027651927234175794,0.012182707264459039
CCT6A,gene,-0.010627565604602733,-0.009461379695487,0.022305679211747705
CCT6B,gene,-0.003601055543863084,0.0016761905137595123,-0.0038461692474616675
CCT7,gene,-0.013664594085469967,-0.023509655537356275,0.011096313995849781
CCT8,gene,-0.005660051476634279,-0.023035811954207508,0.002023468203347292
CCZ1;CCZ1B,gene,-0.0007797999231340085,-0.01869551236092804,-0.0033984751865751687
CD109,gene,0.0071414902172066965,0.014904157864334406,0.0032318983460042252
CD14,gene,0.0028167574085160795,-0.004770085085155536,-0.041008117784167235
CD163,gene,-0.011086108645308086,-0.008862306816695444,-0.04830513136924098
CD248,gene,-0.00481883254962059,0.013280359638770004,-0.014962223485902195
CD276,gene,0.013982882054036397,0.007940433175073704,-0.04231250153426234
CD2AP,gene,-0.014943393229526505,-0.003459898391207544,-0.010081933100877882
CD2BP2,gene,0.00797603475427578,-0.012153325448154716,0.005236493989108148
CD44,gene,-0.004242415695167129,0.0073417086052794,-0.021231644321877102
CD47,gene,-0.002978481323020011,-0.03196165537922626,-0.02558601923502833
CD59,gene,0.008860042169109062,0.002569783399040161,0.0109944814631792
CD74,gene,-0.03111483229535392,-0.014535386373409417,-0.014646073707615665
CDA,gene,-0.0025911366924609106,0.008239046696708283,0.0032757897315585367
CDC23,gene,0.00039666902623241223,-0.011366821024496874,-0.008933165662619051
CDC34,gene,0.0026819169117118457,-0.002492593018975243,-0.014525331893593996
CDC37,gene,-0.0012759652572364528,-0.015043080202765215,-0.019403774254843603
CDC40,gene,-0.025166283816204216,-0.009863022415004932,0.013991430759223537
CDC42,gene,-0.012562199363074898,-0.0030590770760166803,-0.01505399363390955
CDC42BPB,gene,-0.0018867743373030077,-0.012175255565265617,-0.002574227701618623
CDC42BPG,gene,0.0027175231812855897,-0.015942342990195785,0.03027991526158548
CDC42EP1,gene,0.0019697646227955614,0.03764425097096685,-0.012136090043728499
CDC5L,gene,0.0010909101363005818,0.03289552277373164,0.008166014843765935
CDC73,gene,0.0010145189668787006,0.024840475658173978,-0.002764915563064136
CDH1,gene,0.030322270375515967,-0.005249976447706311,0.014442044225890403
CDH3,gene,0.011305598263031846,0.01885299270263807,0.0009097138113333611
CDIPT,gene,0.007802220793350513,0.011030757970709354,0.00019837563266419416
CDK1,gene,0.03324648140286194,-0.009314849166930397,-0.00698962666646741
CDK11B,gene,-0.01077293358923957,-0.012013588672613554,0.006802772124116309
CDK2,gene,0.005389638199408972,0.003382001938709977,-0.012909649078355885
CDK5,gene,0.002257984860519177,-0.01950523826010289,-0.009666982465324565
CDK5RAP3,gene,-0.012263876542678874,0.001734606229383978,0.008251909378465382
CDK6,gene,0.0243045004562835,0.0006816530158577771,-0.011421033218028934
CDK9,gene,1.8288604849783464e-05,-0.005843971791625321,-0.0042154863056990555
CDKAL1,gene,0.010927816729407009,0.0326771412552106,-0.013695328378582951
CDKN2AIP,gene,-0.02129505157159075,0.0336437876672025,0.00016485003224534642
CDKN2AIPNL,gene,0.01071231240738811,0.018403453824119263,0.012455322273068893
CDSN,gene,0.00878404590242765,0.009325051639021495,-0.002451605577082957
CDV3,gene,-0.007580234941466229,-0.011280836641402616,-0.017796488092699094
CEACAM1,gene,0.01603618714548208,-0.022778664113425003,0.005859830958358787
CEBPB,gene,0.008367822762978738,-0.00301245743337148,0.009329929297681405
CELF1,gene,0.03190502583898915,0.006706286785752809,0.0006806138962123903
CELF2,gene,-0.034608504675285555,0.0052215076683997585,-0.009994248832541346
CENPV,gene,0.013757875013883335,0.020426690035943773,0.007464184298194407
CEP170,gene,0.015023956190066653,0.008279529871273388,-0.021269308994896253
CEPT1,gene,-0.004872587707286286,0.004513977747007583,-0.023542304691157933
CERS2,gene,0.023231355412315777,-0.016960666219232767,-0.0134324673637848
CERT1,gene,-0.010593647877079409,-0.01317793014690308,-0.029999449505905704
CES1,gene,-0.002272531923361071,0.03663084838061839,-0.023698342368399326
CFAP20,gene,0.006166854312815159,0.005619751100835038,-0.009770085748257974
CFB,gene,-0.01514868297348458,0.014358226601978951,-0.03243241365307352
CFD,gene,-0.014129647963969405,0.026417691135729657,-0.03145039911524919
CFH,gene,-0.018200973472054738,0.021733233683119326,-0.03286702953844971
CFL1,gene,-0.012841887792972151,-0.0145595328340731,-0.011366494384504409
CGGBP1,gene,-0.003230128043943504,0.003626575551592674,0.008068364626484902
CGN,gene,0.020232527713856002,-0.018583208345880554,0.00915289490218545
CGREF1,gene,0.003310759648318111,-0.011116857437548127,0.008984712848302613
CHAMP1,gene,0.011186254044911312,0.013896796340413388,-0.017030636597947547
CHCHD2,gene,0.020983727614122236,0.00742976399702312,0.01412226587636216
CHCHD3,gene,0.004180246327230818,-0.0027687610519449,0.0023121944086872807
CHCHD6,gene,0.020100320751671924,0.020024434889156787,-0.029728705082506145
CHD1L,gene,0.004699603748107417,-0.009274604896791282,-0.002080462290006292
CHD4,gene,0.016214584214729093,0.011358476517818992,0.005200075827254164
CHD8,gene,0.0004960692607884281,-0.0183952605884836,-0.00587017406688251
CHDH,gene,0.015196499547836147,0.006787053049497426,0.028685247131342212
CHERP,gene,0.011515732480426167,0.009923579314605482,-0.02319582195588218
CHI3L1,gene,0.0004866453650733599,-0.002881705312769471,0.0025445989922101655
CHI3L2,gene,0.007554558314509063,-0.011615503844121772,0.017282007053762257
CHID1,gene,-0.019697811809080132,-0.004000609132378977,-0.021581706968489513
CHKB,gene,-0.00535557819056589,0.006290364623375693,-0.015340365056109877
CHMP1A,gene,0.00663574086322249,0.00940662096887671,-0.007741438862963777
CHMP1B,gene,0.0010553519917555138,0.008988501019192569,-0.0005303751143149542
CHMP2A,gene,-0.02169906607959636,-0.002498037006776911,0.0030260368450905108
CHMP2B,gene,0.003922454074363152,0.005963449121125739,-0.0162552481747778
CHMP3,gene,0.030762975150313118,0.019039732385562308,-0.011426534002386995
CHMP4A,gene,-0.02575002406459996,-0.014775195320973203,-0.012203449228407798
CHMP4B,gene,0.012270755374220817,-0.0037784707308329926,-0.008817068600286615
CHMP4C,gene,0.026957938577134303,0.00010425076011857347,-0.009057801377913177
CHMP5,gene,0.0019011768891131257,0.0018067871795093991,-0.007123705425431199
CHMP6,gene,-0.014134302342746574,-0.013980444364532982,0.002488344631067127
CHP1,gene,0.0033139059797966525,0.010915719557783298,-0.0023683431322143868
CHPF,gene,0.012547603096793784,0.012732088109365047,-0.00483862161722301
CHRAC1,gene,0.015222523279514674,0.009442980661971561,-0.0060229318257023455
CHTOP,gene,0.003459309362116901,0.018948302053474447,0.020173303949158346
CHUK,gene,-0.015188786848763486,0.012526880228852996,-0.018979976411417618
CIAO2A,gene,-0.004177085484787379,-0.02807597181739048,-0.01335301725717261
CIAO2B,gene,-0.006798116881908107,0.013098200875806352,0.004972003746640991
CIAPIN1,gene,0.01492599260289577,-0.0055483713632127245,0.0033349070727904688
CILP,gene,-0.019894557684805206,-0.005873439997676304,-0.01757381207008095
CIRBP,gene,-0.02170706129487607,-0.0011280676067744245,0.009134148234260692
CISD2,gene,-0.012915850124272479,-0.021045178692715338,-0.014450102497765528
CKAP4,gene,0.0164552737309172,0.009977096833482323,-0.03929203139331375
CKAP5,gene,0.013937284746843635,0.014660365768511433,-0.0286513782926335
CKB,gene,0.012648682031112272,-0.0020662071360203725,-0.006111079112427753
CKMT1A,gene,0.006188002314320645,-0.002673844966208717,0.007233021090518306
CKS1B,gene,0.005458021546017536,0.005327434161081068,0.003170983642857338
CLASP1,gene,0.003310437454501724,0.010457006353599592,-0.016511919472150267
CLASP2,gene,-0.019692072174135336,-0.007302129662663707,-0.011195841427368307
CLCC1,gene,0.010322661274124945,-0.008534833084477219,-0.006863739118252748
CLCN7,gene,-0.005930569606996325,0.00842589055290817,-0.025267406248336673
CLDN3,gene,0.006547339678625663,-0.02310166404978031,0.03813511562077927
CLEC11A,gene,0.0009181855523173488,0.041441543888464626,-0.025976576847796685
CLEC3B,gene,-0.009558325797759882,0.01966031654099642,-0.02709371885743863
CLIC1,gene,-0.015551661869213999,-0.004244045460648197,-0.01980541571978378
CLIC3,gene,-0.013474366746765876,-0.007446094731275264,0.011510754457191746
CLIC4,gene,0.008379700418073632,0.00019725674756785428,-0.013638581803338533
CLINT1,gene,-0.0012538888416709717,-0.011290138495923599,0.008337480658932974
CLIP1,gene,-0.013007228263184737,0.01698701234344473,0.0006567410969009369
CLIP2,gene,-0.015020857007942737,0.010384739916391134,-0.002006332261189721
CLMN,gene,0.002203667975871091,-0.016423099623896827,0.022855423564390756
CLNS1A,gene,0.024327366439654136,-0.0019830123236639317,-0.004545598666634198
CLP1,gene,-0.004728490396377851,-0.019742540035828846,0.009514050470091457
CLPB,gene,0.012459458615254333,-0.014311396894558927,-0.0013427988270977651
CLPP,gene,0.007711780253710683,-0.034183759384308524,0.01394803263501008
CLPTM1,gene,0.008569459425619456,-0.009111989274592641,-0.018267094786086235
CLPTM1L,gene,-0.011314501333674568,-0.019062606379017803,-0.002377573149685932
CLPX,gene,0.019259580000462077,0.019804621725937055,-0.008351158748186233
CLTA,gene,0.01950335936632365,-0.005307548429549352,-0.016253086499386747
CLTB,gene,-0.006087563468556592,-0.0017417976138440153,0.0007498190258440294
CLTC,gene,0.0035954456444450603,-0.0028058976297320507,-0.022589451753896546
CLU,gene,-0.0075453261727347395,0.007255722122895994,-0.021642759520885874
CLUH,gene,0.029340328102672793,-0.005711401091991325,-0.019132391024956542
CMAS,gene,0.007932528856147132,-0.0026921114346275254,0.038073051723082584
CMBL,gene,-0.0071451500860361394,0.010385930195601046,0.014250500816067267
CMPK1,gene,0.00046195432339195914,0.006685720110912483,0.009513766866988032
CMPK2,gene,-0.012685741123853407,-0.022618281185332146,-0.02383528745037356
CMTR1,gene,-0.015923900485843842,-0.0351820173868243,0.0036598671197707305
CNBP,gene,0.005097546366056352,0.011809190311837643,0.008587454021523885
CNDP2,gene,-0.02806978231000332,-0.004569671182456014,-0.022053525989892755
CNIH4,gene,0.006624063755670333,-0.011108490593788455,0.00023326449784755028
CNN1,gene,0.00035688037095160256,0.05069528498931248,-0.009798100280020369
CNN2,gene,-0.02358541504262291,0.02287106783082224,-0.018842061335088155
CNN3,gene,0.014533859791451505,0.03320533239896802,-0.012378738683397091
CNOT1,gene,-0.0018679196030122408,-0.005050841010725744,0.0020635668127873094
CNOT11,gene,0.00025466461978745496,0.023521741897191955,0.005097898576751115
CNOT2,gene,1.4863798488381008e-05,0.02393988841775756,0.016786683903873032
CNOT3,gene,0.003378382403596383,0.010865042677612638,0.016167812464885304
CNOT6L,gene,-0.01081456952553307,-0.0008118554840784919,-0.003183422995377703
CNOT9,gene,0.003481966234388669,-0.010673000923302063,0.007282025339987841
CNP,gene,0.00803661281608504,-0.019597717378623706,-0.022556248441216103
CNPY2,gene,0.01396490609864675,-0.008724690644966272,0.012187353024640081
CNPY4,gene,0.004339118792985105,0.01688450089572124,0.008438935106791213
COASY,gene,-0.004287835458386766,0.009377943885792245,-0.004217404721238449
COG1,gene,0.023044710697010404,0.014056020620559915,-0.015015225773301043
COG2,gene,0.013785485723849498,0.013019973512874835,0.015231892695392484
COG3,gene,0.011110149826761156,-0.00973685685548039,0.013852675511734067
COG4,gene,0.0198214146087943,-0.0005543097354512377,-0.00833170780373651
COG5,gene,0.015209368816099808,0.006271143088304784,0.003735133909846855
COG6,gene,0.00978701452934036,0.0028438027023546114,0.01099587447014853
COG7,gene,0.01592954175959617,-0.005411232642373792,0.01405385440880174
COG8,gene,0.017205809126716702,-0.009568915589369205,-0.003135014458273034
COIL,gene,0.0014727186649791,0.012085386446108612,0.009310481062296903
COL12A1,gene,0.0038555258984337365,0.0327053452338767,-0.03416327397837329
COL14A1,gene,-0.02823733589150202,0.009214189568375521,-0.01006169468819815
COL15A1,gene,-0.024350274137847492,0.004800570361328131,-0.021829137616258543
COL16A1,gene,-0.00702045392291871,0.014584457012350211,-0.01896300435450066
COL18A1,gene,-0.00799278224240612,0.015334391760986131,-0.03295959102782209
COL1A1,gene,-0.024641150862004784,0.009086761225403637,-0.011467912264448148
COL1A2,gene,-0.023019802047662123,0.004472925683270265,-0.014191255149547142
COL3A1,gene,-0.02345091102124444,0.0056470397183750924,-0.00964054002802613
COL4A1,gene,-0.008277938208360171,0.013356246332684264,-0.04077437995508074
COL4A2,gene,-0.005375797234423868,0.01811543821825607,-0.04007549240136506
COL5A1,gene,-0.019447999274734815,0.006206363306023611,-0.018640027812150472
COL5A3,gene,-0.017956573502794546,0.016645364976204908,-0.018877799460220956
COL6A1,gene,-0.024263467552916196,0.014242257202660289,-0.020870733604085402
COL6A2,gene,-0.024866678226379755,0.011642377882904571,-0.020854517432226924
COL6A3,gene,-0.025495896229045762,0.015535628009774819,-0.020646294600523498
COLGALT1,gene,0.02811543976616862,0.022600091327003653,-0.05147721134591754
COMMD2,gene,0.00743527226631837,-0.00151620804677096,-0.02606280521196168
COMMD3,gene,-0.0011237988028022776,0.005250605890283134,-0.021683689236074246
COMMD5,gene,-0.008405360284472295,0.011103223782768753,-0.0098930735331221
COMMD9,gene,-0.0001306161593388394,0.0029043476192249515,-0.022390933651223664
COMT,gene,0.002676176589856767,0.011663565196655864,-0.007416477713658539
COMTD1,gene,-0.013043056794924386,-0.010469140315378843,0.022913954472953094
COPA,gene,0.0012996767999230332,-0.006750434017299066,-0.018971649153913903
COPB1,gene,-0.003012633063863685,-0.012664677325092551,-0.016579671949043997
COPB2,gene,0.002624098689123226,-0.011685198371050282,-0.014657904977833336
COPE,gene,0.018182184004294395,-0.007537617216471099,-0.014784066980496106
COPG1,gene,-0.0027764417855141747,-0.0014719425419037761,-0.021039804421209878
COPG2,gene,0.0173688515112445,-0.024129437984359747,-0.006592255815827174
COPS2,gene,0.0023076234305996575,-0.016933334280473847,-0.015301539571240478
COPS3,gene,0.006772402697496147,-0.014141930003561788,0.009006571405346895
COPS4,gene,-0.0017645190024309792,-0.013734738045919966,-0.0011938627459565938
COPS5,gene,0.007487656794243822,0.006401618462461583,-0.013616910941947944
COPS6,gene,0.006597137932836071,-0.015111016002047357,-0.007067933512847898
COPS7A,gene,0.0018482162588419038,-0.031035858301215948,0.004679604668720748
COPS7B,gene,0.0032122127284590755,-0.011877457331322306,0.0014760411318290715
COPS8,gene,0.0034802077702796182,0.0024858089313932537,0.004955898923116827
COPZ1,gene,0.0068401765490709665,-0.006027400923404487,-0.003919655574658418
COQ6,gene,0.006985065612302201,0.014738818896838757,0.01480874485534906
COQ8A,gene,-0.01472919268856092,-0.018211923900546483,0.026205454028790987
COQ9,gene,0.0025140497049886677,0.0076751633200597,0.020879930228271427
CORO1A,gene,-0.03837422227834697,-0.00447561520986368,-0.0017118861790757374
CORO1B,gene,0.01383203532566985,-0.015018903957858418,-0.020657760637830872
CORO1C,gene,-0.0026846663278608427,0.009076057772690767,-0.03982576464688266
CORO7,gene,-0.03055300919302145,-0.002833613699189207,-0.018504364052587378
COTL1,gene,-0.02519083199377018,-0.004956785678844491,-0.023264127494747606
COX20,gene,0.015389472578063366,0.0045992205291697725,0.011328058191464705
COX4I1,gene,-0.004300057726932849,0.014252728873894513,-0.009580268413141782
COX5A,gene,-0.0044955233683632734,0.016741019454257353,0.004624369225896015
COX5B,gene,-0.008115421022545363,0.013394431847847712,-0.0071387318926380925
COX6B1,gene,-0.014609984799640364,0.006482121681253001,0.006224933778994377
COX6C,gene,0.0015855394450805973,0.0069050079673416585,-0.008643462007618388
COX7A2,gene,-0.0014367584428759267,0.004691052816367412,-0.003032073216635437
CP,gene,-0.01065340459074064,0.0355388674156912,-0.032993473720090184
CPA4,gene,0.008490941440424851,0.0018291025698470079,0.0013519409915132045
CPB1,gene,0.0033816531150814,0.004771718248527948,0.008570752671592302
CPD,gene,0.011207421033358074,-0.015324735518590624,0.014818778277179786
CPM,gene,0.0042323809985155515,-0.0018530145895876364,-0.0023819691145635343
CPNE1,gene,0.012712937116136176,-0.0002128622605598579,-0.004335224006666265
CPNE3,gene,0.0032038776784263745,-0.0014915226094110868,0.0016576545758643642
CPOX,gene,0.009833199174256239,0.01724021623977715,-0.02172127864320755
CPPED1,gene,-0.007814455778967987,0.012273144645204397,-0.026020044977088513
CPQ,gene,0.032751386178136395,0.005095208159823556,0.00020739602248166843
CPSF1,gene,-0.009656905274362044,0.004826380303477829,0.00128960221085411
CPSF2,gene,-0.009706089103630907,-0.004076763039370656,-0.012415431087229943
CPSF3,gene,-0.007814425337559222,-0.01097222786629953,-0.0049798317542151345
CPSF6,gene,-0.0016963128673017395,0.01579843849031897,0.013175649626149253
CPSF7,gene,0.020113592337091712,0.015924112952110353,0.0031871280756977944
CPT1A,gene,0.002873679886004316,0.014831977986925609,-0.013557189763002304
CPT2,gene,-0.000894984744593341,0.003007433550455777,-0.0004025535819827159
CPVL,gene,-0.017867162205379025,-0.009562892876272301,-0.024828385882276104
CRABP2,gene,0.02485225404689646,-0.0027503066110994246,0.01010859668494966
CRAT,gene,-0.005120958600214231,-0.008668543361181226,0.0036506453473667323
CREB1,gene,-0.00720441857432962,0.005131606017724646,0.01503733084591442
CREBBP,gene,0.001602624778134335,0.016457095477752953,-0.019126882205303987
CREG1,gene,0.008023824140062521,-0.0016053169390163647,0.009188825771894938
CRIP1,gene,-0.03066755914582013,-0.012131825630268827,0.007088037353314234
CRIP2,gene,0.003266851581782246,-0.0021592559692756173,0.03362020680694575
CRK,gene,0.01919568959262998,0.02324269645378477,-0.011048909119976429
CRKL,gene,-0.0207680388866808,0.04062911646135623,-0.001853398435629427
CRLF3,gene,-0.036284717414618146,0.00030196632179205343,0.005540942612906797
CRNKL1,gene,0.0007397550929835611,-0.007534088936392687,0.009770610859211902
CROCC,gene,-0.015216537867507596,0.016030943516069582,0.01543647738939521
CRTAP,gene,0.024523120288313188,0.013716841762659412,-0.04605017927556545
CRTC3,gene,-0.015995617053485123,-0.002266232797467366,0.013104879010198134
CRYAB,gene,0.030037497114439832,0.007831769386419855,0.016639578243827027
CRYBG1,gene,0.006337063252087357,0.027573455188089756,0.00033048619259648103
CRYL1,gene,-0.023303256879146125,-0.0018104988298366616,0.019048438487321774
CRYZ,gene,-0.019452087512919866,0.0013995705611829863,0.012292214428556311
CS,gene,-0.00524440844184032,-0.0015873772078413713,-0.0018255432191847407
CSDE1,gene,0.016201597263393597,0.01648231745524981,-0.032879794260957454
CSE1L,gene,0.029120269362512764,-0.01331814476090438,-0.0049970504277456786
CSK,gene,-0.03796775711973534,0.0020018634763206747,-0.004592115578567493
CSNK1A1,gene,0.013901883799725318,0.01004997379569937,-0.015737572956438732
CSNK1D,gene,-0.0013183362048350671,-0.003879185509651305,0.004769509172728922
CSNK2A1,gene,0.014846969935137401,0.015591204169178448,-0.0017281590665964963
CSNK2A2,gene,0.007663228424869711,-0.0010868974328903632,-0.022413514477572994
CSNK2B,gene,0.005258461153226942,-0.007420931235208744,-0.0015413241248022043
CSPG4,gene,0.0134898326178639,0.025405554262488656,0.0030798852720954266
CSRP1,gene,0.005218971976761706,0.022803231171843748,-0.008366824565072912
CSRP2,gene,0.010937683089072614,0.022512710762992508,-0.01373184430000833
CST1,gene,-0.0027105171644081416,0.008908394277837118,0.005347782665791478
CST3,gene,-0.010289924588665657,-0.003320279186229826,0.0003535986424390728
CST6,gene,0.0024233097014202446,0.0024081570332667107,0.007911578366546254
CSTA,gene,0.006005509762123043,0.003957612542026201,0.007813016804410586
CSTB,gene,0.0039323959388758625,-0.010902418242657447,0.012964990631331181
CSTF1,gene,0.006175495526567061,0.01158103397002355,-0.01958093891523424
CSTF2,gene,0.00450464306772834,0.013971431117540314,0.0035055348092535936
CSTF2T,gene,-0.0013872429714505026,0.019240569992832503,0.007735684571937879
CSTF3,gene,-0.006962736084839738,0.01668263049822559,0.009422763197444908
CTBP1,gene,-0.017599926399799366,-0.013769276412499474,0.027817019387388432
CTBP2,gene,0.021074073933040977,0.0023569700973652334,0.00755210488038984
CTDP1,gene,-0.023208322507888943,0.019580784787875758,0.005097431700059819
CTHRC1,gene,-0.012960591884439043,0.0026153549167494627,-0.015443373468343779
CTNNA1,gene,0.027861015058864663,0.004987676205903836,0.014280077275823004
CTNNB1,gene,0.030338084310390177,0.0026917430532291857,0.01828944871944571
CTNNBL1,gene,-0.0016384261221333777,0.031711319185461474,0.011442897236170093
CTNND1,gene,0.02799465333813786,-0.0015351776103393914,0.011645783137188323
CTPS1,gene,0.02376009181014296,-0.034566307190902826,-0.012819010083314849
CTPS2,gene,0.024609677717768178,-0.00674092899218748,0.011000494055864937
CTR9,gene,-0.0035925336276182384,0.0011659704078384177,0.007713008329477818
CTSA,gene,0.008864274258344481,0.004347102199447742,-0.007994171847125382
CTSB,gene,0.0221229418248867,0.0015124038883966777,-0.023173118223461575
CTSC,gene,-0.0027661379955338746,-0.01556426808747422,-0.023730363254992882
CTSD,gene,0.007246508276310595,-0.0028711850899152693,-0.008637712662473186
CTSG,gene,-0.004894654376374146,0.005019188910835418,0.0004815478596923811
CTSH,gene,0.0036131320516978654,-0.00961205119872055,-0.0061111941849154965
CTSS,gene,-0.02101060020113452,-0.01929254805699475,-0.024371437052185457
CTSV,gene,0.009375501665387304,-0.001933713490820733,-0.0011793792831616369
CTSZ,gene,0.0050731709982045755,-0.008901597317397442,-0.022930819462575573
CTTN,gene,0.03104928920263983,-0.011847791106295484,-0.0015920448909890028
CUL1,gene,0.023263455143016042,-0.0062187739853984255,-0.030755258213331114
CUL2,gene,0.00065827962186097,-0.026413825072724256,-0.015278374697495302
CUL3,gene,-0.0074331401340974,-0.0029081912752201276,-0.007281788751952255
CUL4A,gene,0.018109395106601908,0.003919437012421504,0.00628985546809135
CUL4B,gene,0.005171786512982321,-0.0073459332047436715,0.015883707682596393
CUL5,gene,-0.0019097429370217983,3.7027236685716446e-05,0.0031562012017831848
CUL7,gene,0.004843423752619564,0.023753148677022363,-0.005021068964045523
CUTA,gene,0.008156087028201999,-0.019498868118809805,0.01695069347506343
CUTC,gene,-0.035890588861040074,0.012965531178094855,0.013758230192986463
CUX1,gene,0.0006519363643236631,0.024472762508514906,-0.0008010258126939145
CWC15,gene,-0.0032031493991510358,-0.002614120162917616,0.01462332074291857
CWF19L1,gene,-0.019897174471167553,0.007234005671959452,-0.0005991743732032172
CXorf38,gene,-0.019131604206371732,-0.008864330754937923,-0.00014926251559766612
CYB5A,gene,0.0034598943545772446,0.005037376716655972,-0.015348915169271256
CYB5B,gene,0.009122365694495455,0.014996056405590421,-0.007445326681820094
CYB5R1,gene,0.00015566100918427105,0.002104503835570152,0.007985485933391441
CYB5R2,gene,0.0075160460134125785,-0.004099683760807066,0.0002525985431360058
CYB5R3,gene,5.372041641393115e-05,0.01519170834490347,0.00018895870999170025
CYBA,gene,-0.024020644409094155,-0.01585307350344092,-0.02406371655544639
CYBB,gene,-0.025565574134500012,-0.019025033980739865,-0.029977813740352074
CYBRD1,gene,-0.020219789155627492,0.0029280343201534063,0.003605113965300201
CYC1,gene,0.009499704918628834,0.02311807231853274,0.0022562412211821208
CYCS,gene,0.0028480485743104787,0.008657570844333832,0.011964954800871395
CYFIP1,gene,-0.0154678433062237,-0.013709816422142704,-0.015302108213090275
CYP1B1,gene,-0.028014908346010375,0.015447673777085419,0.011677843991869613
CYP20A1,gene,-0.021144135106649063,0.00903998987825806,0.015330040911753998
CYP27A1,gene,0.006807217159078547,-0.012815022848644969,-0.006266393999512663
CYP51A1,gene,0.023986163824259953,0.0011719316769712152,-0.0042524813285006865
CYP7B1,gene,-0.0032845839613697566,0.009443249510542994,0.024553808054451988
CYRIA,gene,-0.024816805060871947,-0.0001784593526354458,0.004168956352425986
CYRIB,gene,-0.02842868521390571,-0.017843586288258214,-0.020630968254044955
CYTH1,gene,-0.015694501814977523,0.00015257212659902671,-0.016420528771845393
CZIB,gene,-0.031051637558351754,0.000900597451763008,0.006330504533444902
DAB2,gene,-0.015887161792513014,-0.003582634281751928,-0.026254057453755784
DAD1,gene,0.004311766871817018,-0.00759304932141088,-0.013792542025206288
DAP3,gene,0.009355364523947208,-0.03460411140396568,-0.014467959213815225
DARS1,gene,0.028070256503553135,-0.0015757758655090626,-0.02137063127948316
DARS2,gene,0.0048518503505645145,0.012824967750999734,0.016102734395052977
DAZAP1,gene,-0.012092534586438282,0.03037279344483909,0.015322968609375083
DBI,gene,0.005053018014663501,-0.004685327143203084,0.004439754793180938
DBN1,gene,0.03126091604155002,-0.008697508048923521,-0.011585782866290778
DBNL,gene,-0.029595274459475563,-0.007407985770784612,-0.008172037064844873
DBR1,gene,-0.006847984946026985,-0.009251349840748735,0.01392629550381985
DBT,gene,0.014476549542661442,0.014886815256717997,0.0063870547657841935
DCAF1,gene,-0.004244461623531851,0.0069591076283383,0.011069410166764642
DCAF7,gene,0.009420257539551405,-0.013758247010520008,0.0036891571317039127
DCAF8,gene,0.01059486835785455,-0.019396104694342237,0.005608456906401338
DCAKD,gene,-0.0032083458180135844,0.0026240588284433255,0.011487462048627007
DCD,gene,0.011469535053737096,0.0007724112186604625,0.00354582302480156
DCN,gene,-0.019107464224227474,0.01886845590576446,-0.02031660899215523
DCP1B,gene,0.004614301733242008,0.017017846446492218,0.004567300947352478
DCPS,gene,-0.0022493929322840982,0.0099029717300782,0.0061833570604938265
DCTD,gene,-0.012059522978717183,-0.030485503137997746,-0.013062200315167605
DCTN1,gene,-0.016528013823752238,0.013625959064059013,-0.017953267422343405
DCTN2,gene,-0.020811045342550554,0.013986548369179468,-0.01943361295615783
DCTN3,gene,-0.01309885502985575,-0.0019240916498956268,-0.009529835245837955
DCTN4,gene,-0.013808188780661798,-0.004352436750422228,-0.00809593444643595
DCTPP1,gene,0.03204785886310306,0.006241569655081392,-0.0037001926707290224
DCXR,gene,0.00908146624595776,-0.005783797701174573,0.007712497146958637
DDAH1,gene,-0.0006688399745261014,-0.010549711613708266,0.034269201735922385
DDAH2,gene,0.0010010390210272726,0.005266538014997864,0.030528662986807505
DDB1,gene,0.0015419547244961763,-0.01702041791987878,0.021550381697327835
DDI2,gene,-0.012876170320923759,0.005905183611557176,0.0023383888535862974
DDOST,gene,-0.002157571727598535,-0.001020189128507613,-0.016902461849560197
DDRGK1,gene,-0.010060108433798697,-0.009781108386683496,0.013014637823840226
DDT,gene,0.0061133180405760325,-0.020665648098692757,-0.0033571128487273373
DDX1,gene,-0.019950971069064936,0.008432001380846004,-0.002967529141868728
DDX10,gene,0.001973162927521194,-0.011676078304898868,0.007560141722267718
DDX17,gene,-0.011517601762880521,0.038386255853925355,0.03371647921333348
DDX18,gene,0.023166796662960207,0.005541227764962913,0.005299756703591181
DDX19A,gene,0.02895749753041915,-0.0001821058190988384,-0.021916013099662575
DDX20,gene,0.003544553401847325,-0.0033281772276505047,0.001649418430368602
DDX21,gene,0.01664263699280204,0.0006165250649175894,-0.008518114333333118
DDX23,gene,-0.01625338628958343,0.008106668137761149,0.01812254190477405
DDX24,gene,-0.02053681624728402,-0.0076790723382744955,-0.0163185938388961
DDX27,gene,-0.0014275757854351413,-0.015254822475816355,0.006079678378112568
DDX39A,gene,0.0121001545449366,0.01939311204908324,-0.0060014482061973105
DDX39B,gene,0.007295504739131649,0.003385046330226988,0.013590654402353233
DDX3X,gene,0.02315660376051873,0.024705308162177492,-0.016261460724979797
DDX41,gene,-0.004501397590106598,-0.014864290880548834,-0.0016183780603191288
DDX42,gene,0.004378417731019032,-0.014845807840347242,0.00603824424725673
DDX46,gene,0.004964416685632363,0.012578802758861852,-0.0025743576336063963
DDX47,gene,0.0023331325095091726,-0.023893303903088102,0.004572277632986675
DDX5,gene,0.012304121326307952,0.010155796258447577,-0.008855820791675902
DDX50,gene,0.005793034226868217,0.02021346457301104,0.0032096658694269146
DDX52,gene,0.004790263527988808,0.0006514162012685122,0.005027855788468991
DDX54,gene,0.0035879464615380177,-0.00845356538965791,0.006513838307307395
DDX56,gene,0.009850328175767399,0.01983096877779682,-0.013025275780923945
DDX6,gene,0.018272865928225072,0.022528111044773678,0.0022605436653585745
DDX60,gene,-0.022515851834852496,-0.01698908389302416,0.0012536739479014167
DECR1,gene,0.006012150531332994,0.026491648049547876,-0.0038987244576944363
DEF6,gene,-0.037874301847716736,-0.0050120271192231275,-0.0005038903327473762
DEFA1;DEFA3,gene,-0.00610109115335668,0.013959992582516506,0.003289759021279619
DEK,gene,-0.014901973322963941,0.017963481515326115,0.012742246275341648
DENND4C,gene,-0.008903279039993993,-0.005195691736512467,0.003002101609637473
DENR,gene,-0.0004276619969419189,0.0010265964977815387,-0.005899993658384021
DERA,gene,-0.014483791184577717,-0.0038510157219671095,-0.01047691802897713
DERL1,gene,-0.005314659577832715,-0.009674115671489363,-5.718935308234213e-06
DERPC,gene,-0.006126912312492815,0.03288600265470881,0.01129078287573082
DES,gene,-0.023350241221089026,-0.022715187682772017,-0.007093920550965498
DFFA,gene,-0.012857131160928929,-0.0036358056264854857,0.017954151340253955
DGKA,gene,-0.03797810076831453,-0.0004826098277705649,0.012723323680189313
DGLUCY,gene,-0.025994035316057967,-0.017233565060950744,-0.002657559729462625
DHCR7,gene,0.031952224685475795,-0.012160262353589867,0.007039646871254504
DHODH,gene,-0.0001721607461451857,-0.013879179661307025,0.014160152317419164
DHRS1,gene,0.00045972477628757394,-8.87556177999507e-05,0.0030911976677767245
DHRS11,gene,0.007075520390290847,-0.0014198880038348708,0.009038479268772544
DHRS4,gene,0.002772991494380903,-0.004230226169741813,-0.004029349997732876
DHRS7,gene,-0.018879335843294105,-0.011000095891456594,-0.011837489226275604
DHRS7B,gene,0.010164339162637702,0.0029002117698350696,-0.0023329356823725677
DHTKD1,gene,0.008310337380629645,-0.015178124828986223,0.014117086561596364
DHX15,gene,0.004231867627601924,-0.013410480035902407,-0.0005942473792987474
DHX16,gene,0.016909143096844544,0.01588821580922623,-0.02199242324433281
DHX29,gene,0.009890512993938423,-0.013233034571544936,-0.03191879420442138
DHX30,gene,0.01627062742053723,0.003073903134214997,-0.012963551162757376
DHX36,gene,0.026517914230393593,0.00668501139686083,-0.02727482132125912
DHX38,gene,-0.015568087176109906,0.015689091202740795,-0.0064171189776197485
DHX57,gene,0.008455488478132975,-0.0038551139095903716,-0.019654593090311485
DHX9,gene,0.012010557060690716,0.012013382140261259,0.017673809062718197
DIABLO,gene,-0.01407583276848726,0.007705257352236323,0.007376565523492126
DIAPH1,gene,-0.02835382001539462,0.002638552542199284,-0.015837298861877003
DIDO1,gene,-0.0008638743392803559,0.009847102324008363,0.0064873051305800915
DIP2A,gene,0.00812390143457496,0.0010041593264729408,0.0037014702138273487
DIP2B,gene,0.02354584515546926,0.010454690997895897,-0.014757316649910082
DIS3,gene,-0.013452826203591426,0.024501953026179,0.01622892290270665
DIS3L2,gene,0.00783302511209055,-0.019740329299493414,-0.0015823159145461944
DKC1,gene,-0.000928553188796514,0.01243696976145479,0.020921854949223148
DLAT,gene,4.327740578534675e-05,-0.009681450046861674,0.011881226734862587
DLD,gene,0.0008696062503143047,-0.0024598346835882183,0.016526710431381594
DLG1,gene,0.007606931075545195,0.016218847269754297,0.01468055070849381
DLST,gene,-0.029261051957024598,0.019927968435296813,0.013408693604151173
DMAC2L,gene,-0.014315344583392458,0.0019690707246518774,0.007987469445357515
DMAP1,gene,0.0009376810812105269,-0.005080266427643022,0.007592011643146828
DMBT1,gene,-0.0014873476334839573,-0.004478218263901431,0.006692858206056502
DMKN,gene,-0.006150767728025296,-0.0034852735086946863,0.012494931043011179
DMXL2,gene,-0.005695660052791684,-0.02241435615733375,-0.016186326680619912
DNAJA1,gene,0.016077637684667953,-0.007249257577790325,-0.03909818665358113
DNAJA2,gene,0.01117505357091771,-0.015360157063811844,-0.017889623071255637
DNAJA3,gene,0.013879787446761098,0.021881623246636898,0.007558984069702539
DNAJB1,gene,0.028227721270513303,0.02680880652105374,-0.004591895459528598
DNAJB11,gene,-0.006482170887803593,-0.0006545865839143756,-0.008138040052752144
DNAJB2,gene,-0.009287473131584888,0.015164848727623996,0.02235934456688994
DNAJB6,gene,0.010473705837190678,-0.016240424447956956,0.007748995565038213
DNAJC10,gene,0.006834691290091838,-0.009652028620822354,-0.00015035969593550814
DNAJC11,gene,0.014340303830796687,-0.004811498777774292,0.008476356022341367
DNAJC13,gene,-0.022999046208428044,-0.007486278667041145,-0.029893949020408855
DNAJC2,gene,0.021043751621434115,-0.019969526264239573,-0.0067780227929678406
DNAJC3,gene,0.00878043501494416,-0.0053689161790615786,-0.011606360257715357
DNAJC7,gene,0.004548858438859118,0.0007110144177483515,-0.020818105430009816
DNAJC8,gene,-0.02457765080376509,-0.005451842080847208,-0.014910282827421706
DNAJC9,gene,-0.02101006920521953,-0.023491942618005576,0.007775955553767517
DNASE2,gene,0.018275300043064397,-0.021603639248388564,-0.012108953978821063
DNM1,gene,-0.0014435543392992867,0.020100692500836213,-0.026675685318509803
DNM1L,gene,0.0182421021894946,0.009926464727190039,-0.006939206943643063
DNM2,gene,-0.02758837769758499,-0.009222702687912478,-0.01598809787319966
DNMT1,gene,0.014728836527216039,0.0033294050594170925,-0.0235087923380205
DNMT3A,gene,0.007586907048512105,0.005261374561138418,0.009891456847823877
DNPEP,gene,-0.024807078000693643,-0.0007992809099600628,0.014866386894958826
DNPH1,gene,0.009085276243223792,0.021704876213029283,-0.0024318055912471177
DNTTIP2,gene,-0.0007539828864593266,0.024030460840213187,0.022095817193173207
DOCK1,gene,-0.0010785922371451097,0.01365893759689159,0.016466645152320568
DOCK11,gene,-0.03488086366988871,0.006282962981143137,-0.0009832647548864465
DOCK2,gene,-0.03486023108495046,0.0027957011785768996,-0.015473865175909438
DOCK4,gene,0.003791728879394134,-0.028214199413759394,-0.016898444673890383
DOCK6,gene,0.010093245565233283,0.024440385716469927,0.007456717020429646
DOCK7,gene,0.017329503768295156,0.007090385536190293,-0.017462961933539814
DOCK8,gene,-0.03633277693573764,0.002812187106367406,-0.00475476672870061
DOLPP1,gene,0.00831440029652528,0.0015407975992597761,0.0041249836023769994
DPH1,gene,0.011020677937701015,-0.018087100134121483,0.005109860183465902
DPM1,gene,-0.010628607230251105,-0.020889785033906146,0.0009917053524549032
DPM3,gene,0.005759416588867507,-0.017831153139430192,0.011868509907863572
DPP3,gene,0.011022792698624342,-0.020542558757695513,-0.007125652103931375
DPP4,gene,-0.01025915093092639,0.0039830611297238,-0.006830048477306462
DPP7,gene,0.0017843417389587924,-0.012574108630241977,0.001102746746605954
DPP9,gene,-0.005149627484849608,-0.011187051315986856,-0.01916072757317787
DPT,gene,-0.022800234038522722,0.0025933324778175675,-0.016800734634699787
DPY30,gene,0.004931285778223241,0.0005581660084065488,0.01385681484982849
DPYD,gene,-0.011024286542563873,-0.0025136345690390353,-0.043971244853511886
DPYSL2,gene,-0.008578072372282987,0.04198589167418615,-0.016563520172120056
DPYSL3,gene,-0.01538113378840446,0.033305224059939464,-0.015554903500179679
DR1,gene,-0.014991120234276768,-0.006680755348728445,-0.005474017264923946
DRAP1,gene,-0.019260961917974613,-0.012364724590549192,0.010257790946546436
DRG1,gene,0.015721962104107225,-0.0003158110593625395,-0.01724247517148529
DRG2,gene,-0.011885621428861985,-0.009386086281574228,-0.007354280360617846
DSC1,gene,0.007403911761762711,0.004786089318711177,-0.0021115917219867338
DSC2,gene,0.00987847243615844,0.015784990183173395,0.008444741849915784
DSC3,gene,0.007043280582759612,0.00499535982116708,0.001098682715910362
DSG1,gene,0.0067686364698764795,0.0081042497048637,-0.001246814498123127
DSG2,gene,0.0291988527843053,0.015539078410231406,0.012707755465465034
DSP,gene,0.004344869168919958,0.017486846897029562,-0.00033490187410741153
DSTN,gene,0.0124295176969991,0.028546875287211955,0.0016749641783465378
DTD1,gene,0.005524141160144834,-0.0027969495371056702,0.024754772852346008
DTX3L,gene,-0.0024641991654487023,-0.02201727768659549,-0.03171616832177069
DTYMK,gene,0.01357000319154666,-0.01726181594880985,0.0005804646328427359
DUSP14,gene,0.0018857188228534245,0.0027750672563870986,-0.009721901533044471
DUSP23,gene,0.015103924845011878,-0.029874474277552448,0.02666911247212711
DUSP3,gene,-0.005839348219320998,0.023053904777534714,-0.03614670461238716
DUT,gene,0.022505312784257495,0.0050653347014343285,-0.01353951235182529
DYNC1H1,gene,0.017965009669178026,0.003912487347100333,-0.02616063911941967
DYNC1I2,gene,0.01061869485358287,0.0003607212026309699,-0.01232724890971782
DYNC1LI1,gene,0.0027026146919987963,-0.0026431829440261346,-0.022713238715841487
DYNC1LI2,gene,0.025379023411667808,0.016577806476886107,-0.01695401385254434
DYNLL1,gene,-0.00374541034329788,-0.016787336070308596,0.0031299185925288326
DYNLRB1,gene,0.02323593595551035,-0.003806995278463341,-0.010035493203799198
DYSF,gene,-0.003585681370464247,0.028624222612534604,-0.04006974539197005
EARS2,gene,0.006739681589396775,0.003942308966888195,-0.002052117848778656
EBNA1BP2,gene,0.018408790925862416,-0.007428709361026709,-0.002441883331268323
EBP,gene,0.006458042500991245,0.00593084989236188,0.0006130688875063894
ECH1,gene,0.011046005534598774,0.0007908356225378743,-0.009492879101783291
ECHDC1,gene,-0.03187236807444057,-0.006358200107536965,0.010948948479041128
ECHS1,gene,0.011775866348133258,-0.003952568183657791,-0.0011049224681243092
ECI1,gene,0.017564138950246604,0.0253878809842717,-0.0050548254149868545
ECM1,gene,-0.0012848905953751284,0.014171411294289308,-0.0042808311361472555
ECPAS,gene,0.019769122720327888,-0.026864617917895392,-0.006104346180096007
EDC4,gene,0.02239222255192669,0.019156334511245845,-0.014112331507049597
EDF1,gene,-0.012152070365417711,-0.0032132322137045214,-0.013442890793181577
EEA1,gene,-0.010124012148671944,0.014081961223177864,-0.0201107515356735
EEF1A1,gene,0.02150269686093447,-0.013801932976046424,-0.025291750848327656
EEF1A2,gene,0.022129771045707788,-0.03079796441065826,-0.020256791196655872
EEF1B2,gene,0.015303888997063118,-0.02580630612300595,-0.03257621467447548
EEF1D,gene,0.03237998187178597,0.004151309941122435,-0.026741421735495166
EEF1E1,gene,0.024011916238509713,0.01816281852444334,-0.020111092765683833
EEF1G,gene,0.015907801735729966,-0.022623907498064772,-0.02908844554207767
EEF2,gene,0.0017512265021419088,0.00838928546029248,-0.011556885140358283
EEFSEC,gene,-0.014781363138071296,0.010876232700981205,-0.01633249527931943
EFEMP1,gene,-0.020180147067977126,0.015567394983077529,-0.018484617116163306
EFEMP2,gene,-0.0065210254340335875,0.026489495613787068,-0.024161949302892602
EFHD1,gene,0.020851494452532527,0.0029740324297568895,-0.039393482425045215
EFHD2,gene,-0.02486789101112336,-0.0198519411375877,-0.025040299137115345
EFL1,gene,0.006793706959440684,0.002469618932436121,-0.013055352510953359
EFTUD2,gene,-0.0038863991995129934,0.0112927922856106,0.004534729494757065
EGLN1,gene,0.008778630750713138,0.0018496724941805872,0.003947568383890536
EHBP1L1,gene,-0.017110233265360823,-0.013877557844520293,-0.029928518496190323
EHD1,gene,-0.035441642874143295,-0.008467905305124401,0.0009923774471718523
EHD2,gene,-0.0235410856674769,0.023098372309038114,-0.019522113630931325
EHD4,gene,-0.018643824519912415,-0.010538601737545353,-0.03611460885534183
EHHADH,gene,0.007625207879516748,0.003081096772440519,-0.0015214085616536927
EHMT2,gene,0.006595219331219159,0.001382858105713484,0.003096343243650194
EIF1,gene,-0.012208616902849925,-0.006639261597995563,-0.0037862756288546064
EIF1AX,gene,0.009726998193999237,0.03039768396261844,-0.006648074048149075
EIF2A,gene,0.031192343353050135,0.0006356123828419952,-0.020946982922722127
EIF2AK2,gene,-0.011566835917424122,-0.016778494441954696,-0.023266288131637555
EIF2B2,gene,0.01182159906513778,0.013468629580240508,-0.008751340807910953
EIF2B3,gene,0.02375776900386716,-0.0017960128189023602,-0.017403567470052738
EIF2B4,gene,0.024074761839579628,0.00512594243577338,-0.030754382842523464
EIF2B5,gene,0.020667221556568773,0.008620508964932121,-0.011043488534281914
EIF2S1,gene,0.002785365320257632,0.018690199144243108,-0.01954542615839535
EIF2S2,gene,0.0038372219593744428,-0.009446043884490125,-0.015276212722280294
EIF2S3,gene,0.015179792898512384,0.015338275439559635,-0.032192415502091704
EIF3A,gene,-0.014607528847182154,0.0018053098387710881,-0.00940678033590325
EIF3B,gene,-0.0006897378336671297,-0.0011969842617229143,-0.020467545216088585
EIF3C,gene,-0.004195286455091171,0.011457908321778235,-0.021401153170848935
EIF3D,gene,-0.005476971546299096,0.016565849309663035,-0.010665689235401727
EIF3E,gene,-0.0027143703720289196,0.0010999919955511053,-0.019331850289850846
EIF3F,gene,3.5013314372871036e-05,-0.0003199624113373827,-0.011976926381809928
EIF3G,gene,0.002153344533188898,-0.010523803214962577,0.006721848227952879
EIF3H,gene,-0.00810225173988962,0.0008034953236246918,-0.02141538399556676
EIF3I,gene,0.01719191221792858,0.0016011997301255665,-0.024040183522801538
EIF3J,gene,0.007785788881973051,-0.008797064312644537,-0.023268436059535522
EIF3K,gene,0.0020244206496862296,-0.0032876639954909533,-0.024393467282896916
EIF3L,gene,-0.010846256619403584,-0.007615667934410371,-0.016107740617238908
EIF3M,gene,0.0037402574542457815,0.014489691605635116,-0.01984802073672371
EIF4A1,gene,0.0331806419278102,-0.0055702541443067525,-0.03442315679293682
EIF4A2,gene,-0.011799538015176556,0.009288249860974315,0.0200269674555477
EIF4A3,gene,0.018902882502670568,0.004714357691418821,0.0007177034294962353
EIF4B,gene,0.0021004824570354124,0.014164826998881332,0.005997491604030856
EIF4E,gene,0.0024805580234119563,0.017406934032882626,-0.00035636138519279425
EIF4E2,gene,0.008982123617619301,0.0002059465065443584,-0.01398780584266351
EIF4G1,gene,0.0336298591459549,-0.009629676964351644,-0.017465190464338233
EIF4G2,gene,0.01634099616827724,0.028261150458521133,-0.029175258111211314
EIF4G3,gene,-0.0024529316872924493,0.0006962385702015205,-0.00645794188195299
EIF4H,gene,0.02846972616437508,0.006413696500702332,-0.004540209815635119
EIF5,gene,-0.0014097592052591129,-0.009433828225449872,-0.020275722951604774
EIF5A,gene,0.0023750031321431364,-0.009161678032135637,-0.018281060344389196
EIF5B,gene,0.01547351709713907,0.011059025723812586,-0.005745428817398415
EIF6,gene,0.015753770009292154,-0.00839307491318283,0.0006043220844851319
EIPR1,gene,-0.008767668617882404,-0.012035665766292008,0.004354361229010699
ELANE,gene,0.0037544082489102642,0.006630701397786776,0.005754209174653926
ELAVL1,gene,0.015984526005675508,0.009636279003874336,0.016416973119001834
ELF1,gene,-0.029173331269312482,0.004345302298581535,0.015395895958204073
ELMO1,gene,-0.035162118628476575,-0.007852884524410048,-0.0063861467580014685
ELMO2,gene,-0.020071479435539608,0.013048823520862673,-0.012752727694131796
ELN,gene,0.006692600926874094,0.015192695697694335,0.000368199094807553
ELOB,gene,0.02094390817833728,-0.004596632786684314,-0.012608340058505644
ELOC,gene,0.013545275829436234,-0.003891865725341902,-0.014334142461674894
ELOVL1,gene,0.003988903341906573,-0.004460327739353602,0.0005438268673967983
ELP1,gene,0.0017120651620868635,0.005162125392482522,-0.016831560408837005
ELP3,gene,-0.01952171279733643,0.0008456930423884374,0.0022261256008437647
EMC1,gene,0.012729304564038983,5.937617376016877e-05,-0.01676737344948348
EMC2,gene,0.018699910137762923,-0.009174628989800001,-0.021745517946336376
EMC4,gene,0.012623201764281023,-0.006877513854728878,-0.001546187315266188
EMC6,gene,0.012536652873091234,-0.01622640982551896,-0.017312542791362802
EMC7,gene,0.0072097067752079445,-0.01790232357676661,-0.021438817661242254
EMC8,gene,0.0057061692276168035,-0.00843478348128613,-0.003359940195446533
EMD,gene,-0.0015138705197074891,0.039220377236692354,0.022902608921259032
EMG1,gene,0.012976611344275161,-0.01278586015133626,-0.002087866197195708
EMILIN1,gene,-0.020329815848624044,0.02381016439924321,-0.024551210646494487
EMILIN2,gene,-0.00752193210068485,-0.003960474148901615,-0.020691502290973846
EML2,gene,-0.01291001245400329,-0.008216705788471513,0.011455964865529711
EML3,gene,-0.03273462061936901,-0.0020298029177938924,-0.006854857665702071
EML4,gene,-0.0261538233116962,0.02182425983582642,-0.008504473053880067
ENAH,gene,0.03346402631099943,-0.0038456118728700827,-0.014357225547667352
ENDOD1,gene,0.0030741156843369635,-0.004512641130281145,0.0033285864292583837
ENDOG,gene,-0.0070103156712548655,0.02766346085837487,-0.013842060039779789
ENG,gene,-0.016021429033645243,0.0037349640580983516,-0.024532441308537933
ENGASE,gene,-0.024241930766059464,-0.013581627062118252,0.01884245027351061
ENO1,gene,0.01907535541179114,0.021606330985657562,-0.012702634719835569
ENO2,gene,0.010667380935286961,0.025809403983884798,0.012211221797289569
ENOPH1,gene,-2.080529481262178e-05,-0.010673872713144437,-0.004757088035902491
ENSA,gene,0.0008073611341235852,-0.012663383091830757,-0.010002257464332332
ENTPD1,gene,-0.023431337336866115,0.005577899201874262,-0.01998036520300802
ENY2,gene,0.0125024051235495,0.005101809386403079,0.0033428138071681284
EP400,gene,0.007361776814324784,-0.008408671044252879,-0.0031971521513055384
EPB41,gene,-0.037347384023924374,-0.004275199977918583,0.007311719496876112
EPB41L1,gene,0.010349118227950208,0.014473937703264434,0.01777655038935435
EPB41L2,gene,0.020218313501375002,-0.018162581206453872,-0.029831873977283416
EPB41L3,gene,-0.011191257874863454,-0.009254227794200712,-0.012247274988600437
EPHB3,gene,0.008235367053802121,-0.00353988510813085,0.032350463653674534
EPHB4,gene,0.008572334570272195,-0.0012823597237189338,0.016131168958172508
EPHX1,gene,0.006168722357711004,-0.0054778038114544425,-0.002190612619145005
EPHX2,gene,-0.006983564324204354,0.004095692954732294,0.01013287888385193
EPHX3,gene,0.0028344896425594414,0.004527697199937977,0.0027389935868538974
EPM2AIP1,gene,0.004427306926555091,0.012617994641903907,0.010118521136062921
EPN1,gene,-0.009696266563068417,0.0017924238097924484,-0.01634657301474284
EPPK1,gene,0.02395838016126179,0.038097119405619904,0.0017353635160038815
EPRS1,gene,0.023166083230467056,-0.012241032552245233,-0.015058617408853866
EPS15,gene,-0.027259335185716948,0.0032653917031939413,-0.000901079156230734
EPS15L1,gene,-0.0016223432033435688,0.03439382927551084,-0.02717356679932355
EPS8L1,gene,-0.001790541569423868,0.0072666750755138905,-0.0028684958196860365
EPS8L2,gene,0.00697093094252712,0.0067442366301090255,0.017006025033672555
ERAP1,gene,-0.020494128628915843,-0.011189708253304025,-0.027418286744279097
ERBB2,gene,0.006392517252711991,-0.016532369018661248,0.022617515411855922
ERC1,gene,0.011455844218331838,0.02384580897852584,-0.011949666322500897
ERG28,gene,0.00025694933932452683,-0.013324212519270087,0.0008667363563466184
ERGIC1,gene,-0.01694386374716778,-0.016442929219717708,0.0015121741225981606
ERGIC2,gene,0.009514927789218459,0.008197067486482166,0.005924314850184887
ERGIC3,gene,0.01657406386372394,0.0007929923970857388,0.0018825791343023003
ERH,gene,0.004610832079839723,-0.01675282915681977,-0.0015650644404537853
ERLEC1,gene,-0.00640100705671477,-0.0028685301931904543,-0.017077828387792034
ERLIN1,gene,-0.0004894268681532362,-0.011025122324007323,-0.010441090758977365
ERLIN2,gene,-0.00124673495505936,0.007180808315923003,0.0009811353765798942
ERMP1,gene,0.0022295315932132718,0.007243360627632388,0.0022604031208060308
ERO1A,gene,-0.005055508813855238,0.00841305940938675,-0.032979338202288495
ERP29,gene,-0.01813713579643427,-0.023346476674619185,-0.014395048327544102
ERP44,gene,0.006450379527244842,-0.008102365792033269,-0.022864490667535528
ESD,gene,-0.016854349624737208,0.018014233194764435,-0.004747433405027218
ESRP1,gene,0.032223531805455216,0.005454995725250499,-0.0002513762385499283
ESYT1,gene,-0.02735960747811531,-0.005301569889604774,-0.00039743116190727373
ESYT2,gene,-0.0014775141841720917,-0.004681436684664981,0.005740874463400838
ESYT3,gene,-0.0038455134621921978,0.005916168639634617,-0.004134857445446263
ETF1,gene,0.014605666591135031,-0.003833293627823095,-0.027135584196188046
ETFA,gene,-0.02053102836360076,0.030255034882157625,-0.012709867198822843
ETFB,gene,-0.017491801401097153,0.038362060213069885,-0.013309376752505233
ETHE1,gene,-0.003922237049873249,0.011043746429538936,-0.00834779512126627
ETV6,gene,0.024017938482211846,0.023591379654861657,0.013709008381071476
EVL,gene,-0.035224184607486414,0.0007099881213626914,-0.0017699162793123283
EVPL,gene,-0.0018286877695020656,0.01203916275298543,0.006886708714127238
EWSR1,gene,-0.012541667370018581,0.02966272593146103,0.009817742998150967
EXD2,gene,0.012677414844412172,0.01073368382522761,-0.0030568445421264474
EXOC1,gene,-0.009288538411939643,0.006202957973909547,-0.01094129271614758
EXOC2,gene,-0.004059550506609422,-0.015986570741365436,-0.0026501157289622267
EXOC3,gene,-0.01353661528465726,-0.010678373702922243,0.0034882809560076557
EXOC4,gene,-0.0036844096692354228,-0.003073714307948144,0.0015705527039845525
EXOC6B,gene,0.00013916912965461207,0.012221291527770333,0.01824892305290688
EXOC7,gene,-0.013650057718966798,0.010658286703124428,-0.004987159386833463
EXOC8,gene,-0.0021405973499529947,0.02433924374377425,0.009166359177709976
EXOSC10,gene,-0.004076049970665015,-0.026251694695161216,-0.007108265018018514
EXOSC2,gene,0.005214743651644612,-0.0046258106422679,-0.021443209834545642
EXOSC3,gene,-0.0016945195979408449,-0.007174344841835222,-0.003885715472123067
EXOSC4,gene,0.0010981113224728528,0.007998731570757233,-0.007307562828010413
EXOSC5,gene,0.005316193001307289,-0.01584508304999896,-0.00910551119964414
EXOSC6,gene,0.00704535744502759,-0.008397054200910139,-0.0077021920631961055
EXOSC7,gene,0.002282882229069667,-0.0003372848359714215,-0.0062735262248778435
EXOSC9,gene,-0.0016024893355601126,-0.012820636922673543,-0.022267303378954297
EZR,gene,-0.029104460630816897,-0.008908954598245837,0.019972385470771552
F11R,gene,0.028666180856264063,-0.02994375520803308,-0.005609584969572731
F12,gene,-0.020781043722859934,0.016674355269862655,-0.011919779992298622
F13A1,gene,-0.025968371287927568,0.014703871013343401,-0.01610700925918393
F2,gene,-0.015054156677935774,0.023439844511057923,-0.031320710826035096
F8A1,gene,-0.01300414152111922,-0.009375669996312045,-0.007539299224139042
F9,gene,-0.02154737793450694,0.0008806621515615403,-0.0035564783423414764
FABP5,gene,0.01183561393971098,-0.0012451911831162497,-0.010561065798466428
FABP7,gene,0.01820532690628539,-0.03487766575974216,0.00744001060055858
FAF1,gene,-0.0066517108520034885,0.01692096636084461,0.016973658610932564
FAF2,gene,0.0007582649440961112,0.002072850922350194,0.004074556032503391
FAH,gene,0.00856973942636406,-0.006719414681875268,-0.0010375406568782573
FAHD1,gene,0.004112668843910607,0.0096536731455582,0.002266191754273851
FAHD2A,gene,0.022988236697131577,0.020116917160666777,0.015516394924963844
FAM114A1,gene,0.012784655567536041,0.0006188811636265828,0.00960208855118777
FAM120A,gene,-0.0053490988079656614,0.014784260822069125,-0.012020118346301085
FAM120C,gene,0.0075872589415446594,0.02351390706495077,0.02381955775050858
FAM32A,gene,0.006820134390982398,0.0089208582992628,0.008505612638661689
FAM3C,gene,0.0034709822538505296,-0.018467576098823973,-0.0017295661788646133
FAM83H,gene,0.014905860734083176,0.027502204888244067,0.014590916277655522
FAM8A1,gene,0.005739614873108032,0.0025501752855983844,0.0011482766086734191
FAM91A1,gene,0.015620377179867695,0.01103491179867324,-0.003635850640810948
FAM98A,gene,0.005786868610392267,-0.01302539660076273,-0.006846452457221251
FAM98B,gene,-0.026077966361477023,0.009865325570168067,0.010729953296526948
FAP,gene,-0.0014101625783210702,0.02198529975340569,-0.02774576043657975
FARP1,gene,0.013518924129157976,0.03288605781895469,0.02235864856000229
FARSA,gene,0.020203875117166033,0.011890250516440106,-0.00045694105408232297
FARSB,gene,0.009525686100081076,-0.0006621048869947508,-0.004951132618989046
FASN,gene,0.03946647938301865,-0.003880647773959636,-0.013599552776520465
FAU,gene,0.005167648745096858,0.007559551608556974,-0.007454836152184294
FBL,gene,-0.012373898362258409,2.985308163763098e-05,0.02723661048362732
FBLIM1,gene,0.007604343976840446,0.037689678832531506,-0.010791670360149112
FBLN1,gene,-0.005336377209971836,0.03500464389960564,-0.03480345372202837
FBLN2,gene,-0.0009855226057698563,0.03809663733910197,-0.03081846717439195
FBLN5,gene,-0.011073802223182966,0.018513680924858396,0.01667990571665275
FBN1,gene,-0.02326109945424131,0.006338029356291795,-0.013400003835005385
FBP1,gene,0.003026913086153293,-0.015555707127915076,-0.0390280465693659
FBXL18,gene,0.0159246979391542,0.011589152473457967,0.00020998325044368563
FBXL8,gene,-0.023993822118088395,0.0035026496256745127,0.010155072130981626
FBXO22,gene,0.014163202727981678,0.02713728646899215,0.016875452674889314
FBXO30,gene,0.0031638248337505187,0.013766288655855018,0.016859578117144978
FBXO7,gene,-0.006693075420631822,0.03230631761446508,-0.0152311766039143
FCGBP,gene,0.00242847083837381,-0.008062019793890167,0.019379729828367647
FCGR1A,gene,0.006694168385168786,-0.018881957200511213,-0.04933703702881688
FCSK,gene,-0.0011218970827781443,-0.0017203520683377407,0.0030476609636132575
FDPS,gene,0.03166699243150177,0.0015528225081772476,-0.012890631619702372
FDXR,gene,-0.010674983430355953,0.005552019996111043,0.004843283795517968
FECH,gene,-0.005162515144929871,0.021113790865045515,-0.0006918378303943547
FEN1,gene,-0.013402677315892227,-0.01515057359080244,0.006678639448667686
FERMT2,gene,0.0006418247989856882,0.041284487293816355,-0.032396183793988106
FERMT3,gene,-0.03292507957954405,-0.009071114951515287,-0.02050325114737932
FGA,gene,-0.024549346817082443,0.016093311026427755,-0.020971441682979215
FGB,gene,-0.02130826748975612,0.014154784446359616,-0.02718641861139399
FGG,gene,-0.022151191043545935,0.014395278922815218,-0.02818529046841054
FH,gene,0.03124536810088897,-0.01048077334491021,0.00972222522821182
FHOD1,gene,-0.0019895461052513164,-0.012405727661612553,-0.04226965101988411
FIBP,gene,-0.009382447586472878,-0.008584186986047121,0.015767999963776674
FIP1L1,gene,-0.008632442485859657,0.004357509948562608,0.012506782128846252
FIS1,gene,-0.006243596865373514,-0.025048119334235425,0.008423360503191799
FKBP10,gene,0.03479978921210499,0.0016300828727012513,-0.03841664956826324
FKBP11,gene,-0.02033507469095665,0.002519326234378586,-0.013604780753623131
FKBP15,gene,-0.019652332746705418,-0.015041811897885896,-0.03226593876283245
FKBP1A,gene,-0.008724612649708457,0.0028846424185232813,0.0005793532748441792
FKBP2,gene,-0.014852703580463672,-0.008807348432517311,-0.013672755989072177
FKBP3,gene,0.004986729604516898,-0.008752726771945824,-0.020353737932482067
FKBP4,gene,0.03758940623276155,-0.01338520382711508,-0.0009405671893565615
FKBP5,gene,-0.0180333295268367,-0.022549955764791983,-0.023409527276769426
FKBP7,gene,-0.0017044434109615403,0.0244399330057716,0.016830820658126706
FKBP8,gene,0.021384263531050874,0.003088952181414605,-0.03454682407389091
FKBP9,gene,0.02553231984261651,0.01717467015374257,-0.021359343129640766
FLAD1,gene,0.0210997292404091,-0.024689832244319327,0.0033363834391215617
FLG,gene,0.008389018302926396,0.006937160762458828,-0.009559609258589978
FLG2,gene,0.005071043763972928,0.009222157563957036,-0.0075280452834283135
FLII,gene,-0.031491238681321664,0.005145206350974384,-0.005107308367282052
FLNA,gene,-0.007591214258260353,0.033631271936871814,-0.012129215827229124
FLNB,gene,0.018146863146439714,0.019826786243198266,-0.0004199560824973712
FLNC,gene,-0.006238311327420115,0.043435921300461346,-0.01806496340532864
FLOT1,gene,-0.02996495912951221,0.00415276360422798,-0.00816841715689518
FLOT2,gene,-0.030835736237999244,-0.003256110679344437,0.005853548341011209
FLYWCH2,gene,-0.00888250335913758,0.039925021191370307,-0.0016352132755993423
FMC1,gene,0.013704250791562244,-0.006596034959462212,0.010081845251401562
FMNL1,gene,-0.03341122485757165,-0.013002761988290258,-0.016548606888383163
FMNL2,gene,0.004922139362523541,-0.0035802713291388415,-0.029854086177252187
FMOD,gene,-0.0036596757967020514,0.01302218343211031,0.003264676634763302
FMR1,gene,0.02006986094348383,0.034773547955232735,0.005950659644663021
FN1,gene,-0.0026402687234144146,0.03396642421732444,-0.032414137024907745
FN3K,gene,0.01138691354758555,-0.0005629557101345353,0.026268649245853027
FN3KRP,gene,-0.009851799541610634,0.004742132121006883,0.023091979217158883
FNBP1L,gene,0.009048444168051338,-0.02007715829961026,0.036639853598167925
FNTA,gene,0.007419572926886578,-0.015512269172446875,-0.029799137440526858
FOXK1,gene,0.012761199815920622,0.006667949124226452,0.020264002974739435
FRK,gene,-0.027590378835043557,0.010798915011606517,-0.0016504534508906422
FRMD8,gene,-0.0014535448820203296,-0.0185213986788047,0.00560928722429642
FRYL,gene,-0.01930699100099859,0.004484125666340375,0.003502123735930909
FSCN1,gene,0.023914659365819723,0.002972499505136884,-0.001776015658251947
FTH1,gene,-0.0014898362135961536,0.013977535644394625,-0.021295927597897363
FTL,gene,-0.006872541230428689,0.0056290579433224755,-0.032680162279540535
FTO,gene,0.01690745442885111,0.010682365808310033,-0.0033017400663551064
FTSJ3,gene,0.0035138116590815254,-0.003252484208806233,-0.001738209365003258
FUBP1,gene,-0.023260621139547136,0.03240360785580128,0.022341807477949782
FUBP3,gene,0.01694580574437523,0.019845149578630813,-0.002052584834889133
FUCA1,gene,-0.004938229867026021,0.0005288332174543021,0.0004962715314921305
FUS,gene,0.009684520776720664,0.004816934170458776,0.008406788809593859
FXR1,gene,0.035083835795834704,0.01183508857008603,-0.004873902857247167
FXR2,gene,0.012569611449177663,-0.0030983851194916513,-0.0008063950591758265
FYTTD1,gene,-0.003154948813677638,0.021943214982881657,0.016169039884173182
G3BP1,gene,0.03222030462715252,0.01752589881952528,-0.013347761661794378
G3BP2,gene,0.025088592383542795,0.009018113219968878,-0.013256294708189613
G6PD,gene,-0.01823238850320401,0.013827432576943799,-0.03272000443923989
GAA,gene,0.02630855793853907,0.0030334547247064412,0.00297819125684734
GABARAPL2,gene,-0.0040834701960048275,0.006029893288529853,-0.00847654914335678
GABPA,gene,-0.016683774398254723,0.01001031349609602,-0.004899414131017665
GADD45GIP1,gene,0.005752427450008305,0.014980469816651456,-0.003884407391800733
GAK,gene,-0.021679427606919276,-0.003512568595308387,-0.015447624016987788
GALE,gene,0.00515215237006246,-0.006689017107073924,-0.025885153042481276
GALK1,gene,-0.021423430563848423,-0.009706535047148558,-0.0019663473413092727
GALK2,gene,0.004052919855621515,0.013674467150913383,0.006110198010479173
GALM,gene,-0.012000469555561503,-0.02408399728124139,-0.03517572622890326
GALNS,gene,0.007474767020720584,-0.00396616602664628,0.01712133695105428
GALNT1,gene,0.008214398636520627,0.004223235510568272,-0.01252046226043233
GALNT2,gene,0.00637339855364203,0.002165252028335216,-0.014631222842548475
GALT,gene,-0.023349034758187014,0.0006989188874019951,0.0021127675283973556
GAN,gene,0.006730950513455666,0.025295024263073458,0.0063164876914082084
GANAB,gene,0.0077317743619990924,-0.019280976741190562,-0.004277060707513182
GAPDH,gene,0.02333864920370284,-0.0005203902448288595,-0.013725361414569086
GAPVD1,gene,0.011808546827110605,0.0031452504135115024,-0.02136774654289758
GAR1,gene,-0.007802231319270934,0.0007262728093162374,0.012041460325744399
GARS1,gene,0.016524328985657106,0.003111998419327254,-0.02852139871679947
GART,gene,0.01775771117470906,-0.02581452289782404,-0.01697543634367247
GATAD2A,gene,-0.011967422688177,0.03547373657658725,0.007634058397669302
GATAD2B,gene,0.009795504387433023,0.0019007548057550503,0.011389132983542752
GATD1,gene,-0.010516693734905685,-0.008677813709137812,-0.021435918156498982
GATD3;GATD3B,gene,-0.0036958648843446965,-0.0054338340466043794,0.00876851869599147
GBA1,gene,0.012014639201192192,0.001001970908420577,-0.005218356714229564
GBE1,gene,-0.006645494345287545,0.036582550416264556,-0.013008409037396971
GBF1,gene,-0.007883556522418865,0.002534857986037352,-0.019890359188681036
GBP1,gene,-0.005194549625362899,-0.037642496956660235,-0.04213894610727204
GBP2,gene,-0.020665593961580964,-0.014144306470938802,-0.036620911086635254
GC,gene,-0.013237232549614971,0.03080854952615055,-0.032430233806550066
GCA,gene,-0.026921560346684997,-0.01054161179256172,0.006738501276207619
GCDH,gene,0.0012578879832051788,-0.018258423254902355,0.01395058790678039
GCFC2,gene,0.012156891421036207,-0.003039980520263235,0.013278760593597958
GCHFR,gene,-0.010575782642335291,-0.013822767926038527,-0.03042755269770518
GCLC,gene,-0.017209159621985146,-0.003641049286033057,-0.0038071607411317853
GCN1,gene,0.004581444897285136,-0.016860571016230855,-0.01886431879938008
GDA,gene,7.66036564010038e-05,0.007841632352558347,-0.00028061488016447233
GDI1,gene,-0.01699222787801229,-0.0015143680253582171,0.014775485532535017
GDI2,gene,-0.00797537278133831,-0.03800412361765623,-0.00855072088919384
GDPD3,gene,0.007654933780954298,0.008871587860877285,0.005625025649830681
GEMIN5,gene,-0.00024168280363586977,-0.017750333917973312,-0.021098762638460694
GET3,gene,0.002441197241290939,-0.04447321490516064,0.0003449662145110526
GET4,gene,0.002470155479026772,-0.01877420989920961,-0.001995278859464229
GFM1,gene,0.028199856381428287,-0.004154398356615506,-0.0020453083527903625
GFPT1,gene,0.02506686075643414,-0.038561928036662384,-0.020016570907567227
GFUS,gene,0.032346808457929734,-0.00026580286687498427,0.0015278818540767995
GGA2,gene,-0.0208603417172038,-0.0048055297513491775,0.0017340080166016274
GGCT,gene,0.009939670956780729,0.0037887887069170743,-0.004328190154571001
GGCX,gene,0.01832706049203483,0.015323166694785211,0.018812127744071327
GGH,gene,0.017534326455191006,0.0018539430130543213,-0.006468477835333596
GGT1,gene,-0.001713900568770332,0.0021888614957077277,0.015166869564399525
GGT5,gene,-0.028764755189702857,0.014368592913275363,-0.007878506148445062
GHDC,gene,-0.02527687752755656,-0.012179708619076766,-0.007990554311987754
GID8,gene,0.0281337577474122,0.013326007846797244,-0.008155185996476662
GIGYF2,gene,0.014163900515303415,0.012421545755248021,-0.01510122119724926
GIMAP1,gene,-0.02999527582409509,-0.008631579521774447,-0.011055245330095975
GIMAP4,gene,-0.032551008509075226,-0.017349353121947783,-0.013552290610816012
GIPC1,gene,0.02763536462234012,0.004295966744646698,-0.004594705250056112
GIT1,gene,-0.024031221966323277,-0.010685254881744917,-0.009509513753637393
GIT2,gene,-0.02997440610217585,-0.00785505222800913,-0.01973166614380144
GLA,gene,0.01485053013991839,0.005847460053188528,0.00278007360465469
GLB1,gene,0.011983708337013142,0.0029891923016282487,-0.0014549278923455407
GLG1,gene,0.005113344063290473,0.023374552032812922,0.01107558809751334
GLIPR2,gene,-0.016237493189306063,-0.00845736079338685,-0.023107407723096614
GLMP,gene,0.004852849494837489,-0.010235366364184269,0.0012843416354846456
GLO1,gene,0.005859627986215982,-0.03312212353705814,0.00968029190810606
GLOD4,gene,-0.012460024160425895,-0.003178119624979332,0.003435213219966711
GLRX,gene,-0.008805420988493696,0.0058440654515168455,-0.0201860509736755
GLRX3,gene,0.0127328839076476,-0.028641881416144904,-0.017391948858322674
GLRX5,gene,0.006385889080589091,-0.01563485585744398,0.004519055466433888
GLS,gene,0.0036544681655493955,-0.009805507482535574,-0.019655289126943656
GLTP,gene,-0.008398232852257355,-0.0006804101450743411,-0.007205358255253848
GLUD1,gene,-0.028266473615101043,0.013649879911192923,0.0022206704559516706
GLUL,gene,0.008361637626448414,-0.0007153277305309826,-0.01225236152505491
GLYR1,gene,-0.01742714063138472,0.03062227545644031,-0.009885887137158175
GM2A,gene,0.004998799107250449,0.004635175476665054,-0.00045236476405147727
GMDS,gene,0.004558646418734611,-0.00413571307331997,0.006641196224291162
GMFB,gene,-0.026584109775836418,-0.021241734077559405,-0.01447612803727261
GMFG,gene,-0.037748972748776616,-0.004743051763513169,-0.004250661643986549
GMIP,gene,-0.030940402941090305,-0.006329074845820186,-0.010396089362742594
GMPPA,gene,-0.012856980606244467,-0.020010628835243554,0.0002986635911138095
GMPPB,gene,-0.01360048494287382,-0.0185602861873385,-0.009552621580934742
GMPR2,gene,-0.012313188815499402,-0.01667916132191261,0.00040652606765440946
GMPS,gene,0.03708311157879869,0.010171294619035834,-0.011289428271882913
GNA11,gene,-0.002080146234844267,0.015811720788788508,0.00964381553185179
GNA13,gene,-0.031232731616106037,-0.0008483257143941629,-0.001930225545785805
GNAI2,gene,-0.03308717885246879,-0.009197089615694848,-0.01678630810801393
GNAI3,gene,-0.019367438561972487,0.011777216996194707,0.004210517397928187
GNAQ,gene,-0.0014899446846543534,-0.00040700163150779825,-0.01133534459082649
GNAS,gene,-0.020347517517849616,-0.014622165622510983,-0.002797665386419645
GNB1,gene,-0.023995076832311137,-0.003005063143505092,-0.01197875726876556
GNB2,gene,-0.022385521568555826,-0.026535786816661522,-0.01637668667296603
GNB4,gene,-0.003120133094691387,-0.022023257861450714,-0.032678868963092605
GNE,gene,-0.003704973723400584,-0.013605160448427253,-0.01881895638784113
GNG10,gene,0.012505487649152217,-0.006773005799589133,-0.046482953363675784
GNG12,gene,-0.0009513617936188528,0.0033080280137644637,0.011216113511795163
GNG5,gene,0.010538695988676664,-0.02372099650566586,-0.018669028667939496
GNL1,gene,0.006248733033551272,0.015610314993836664,-0.01344613450923323
GNL3,gene,0.0069515515537319555,-0.018019248663154408,0.008269159653795152
GNPDA1,gene,-0.017230262314814036,-0.012615830854666828,-0.026272888167010244
GNS,gene,0.004902524626787533,-0.011915552460252419,-0.010341860587156282
GOLGA2,gene,0.03414834158190189,-0.005985038788908537,-0.01812366311535689
GOLGA3,gene,-0.011151692558552062,-0.030609380253263135,-0.009881988549153505
GOLGA4,gene,0.010940312966435163,0.017331396671143123,-0.002592177381010871
GOLGA5,gene,0.005310549225383935,-0.021007957786037788,-0.010587339496644928
GOLGA7,gene,0.009160226110236147,-0.00452935606632123,0.0018655347877334942
GOLGB1,gene,0.02378107605052545,0.010191588005670688,-0.010222575950143396
GOLM1,gene,0.004793050262201768,-0.022239060142619595,0.008184391004827587
GOLPH3,gene,0.00289958896747677,-0.012149179995687775,-0.007744209026034338
GOLPH3L,gene,0.013364072400939087,-0.035485922532543485,0.00521532040888198
GOLT1B,gene,0.013344883083045976,-0.01719849692996527,0.011046341407352157
GOPC,gene,0.009216643236313831,-0.013238826893291457,-0.002324558620190813
GORASP2,gene,0.017411466005907077,-0.011946139016284057,0.0009648715092752921
GOSR1,gene,0.013823587603056704,-0.0039771991052901055,-0.0017975988251206537
GOT1,gene,0.0019962598138028123,-0.0041554243033153195,0.005919993611960182
GOT2,gene,0.0220822020260475,-0.0015629055841955188,0.01876042573339824
GPAA1,gene,0.015608863568293812,-0.02068878263701199,-0.0034122084940358044
GPC1,gene,0.005731170112254174,0.011578205145350236,0.0037494737795403287
GPD2,gene,0.02647844671785897,-0.01520029252013093,-0.0011736140027976615
GPHN,gene,-0.004412514401122858,0.0036439716618717924,-0.0075456921364806554
GPI,gene,0.03163617590950147,0.010063714549572125,-0.01859213373635807
GPKOW,gene,0.01743209531911571,0.026331590739083446,-0.017925828888275
GPLD1,gene,-0.0025709367628587213,0.009322274028115307,0.008523035549222735
GPNMB,gene,-0.001258197618347139,-0.0023357891284736627,-0.003511821782060705
GPR89A;GPR89B,gene,0.011908037020737785,-0.007609689913634332,-0.000425937016445858
GPS1,gene,0.010789376638689566,-0.01861071966867592,-0.01426511164139793
GPSM3,gene,-0.031394756640414676,-0.01007346580087312,0.0028855012672246855
GPT,gene,-0.0021386655019446778,-0.0050558423475505505,0.00833876109343382
GPX1,gene,-0.005440573823227626,-0.02381487231825462,-0.029517139055002455
GPX3,gene,-0.017820063141033224,0.012294664419949914,-0.026124188289326965
GPX4,gene,-0.010564454754983132,-0.023100520069699978,0.0057459845956840784
GPX7,gene,0.004744956166127956,0.018926038068841584,-0.017963785686375622
GRB2,gene,-0.03094175304781726,-0.00958763507132012,-0.020315091836640667
GRHL2,gene,0.01107813360119955,0.007021509414506962,0.029176040322729233
GRHPR,gene,-0.005869245614053785,-0.007384117513242457,0.0026992798023910748
GRIPAP1,gene,-0.017093620065150306,0.013808131088236987,-0.001986115530486222
GRK2,gene,-0.03452495742147425,-0.016107247023280404,-0.012439149081516271
GRN,gene,-0.0045504680602492815,-0.004740159994825386,0.0008208423797851043
GRPEL1,gene,0.016103621705478504,-0.0054164228665687115,-0.013457396735389282
GRSF1,gene,0.02082620591598208,0.0014783384822238419,-0.014078666722148593
GRWD1,gene,0.003661741547153008,0.01994433688211023,0.0020188453659381943
GSDMA,gene,0.00669066413421227,0.004133902254601895,-0.0012635932200618632
GSDMD,gene,0.0056614450995144715,0.02014617909662559,-0.02986339149499764
GSDME,gene,-0.007084697772872778,-0.016505116164547563,-0.018206732797322704
GSK3B,gene,0.011839203195798802,0.02391385648502704,-0.01497906819479945
GSN,gene,0.0007767030830010091,0.012408650455247548,-0.028638020839659727
GSPT1,gene,0.00911948918766338,0.02143275503220431,-0.035250792941341993
GSR,gene,-0.03631748082596271,0.007677066302023149,0.0010063454629988067
GSS,gene,0.009724936073860909,-0.005850232357148122,0.004773636714705733
GSTA1,gene,0.005007611940328143,0.006336174110269191,0.017346860310780678
GSTK1,gene,-0.01577828024395997,-0.03503037331705894,0.008100966600172389
GSTM3,gene,0.012445978132581522,0.012255934480602729,0.01005521062115888
GSTO1,gene,-0.00016885290096157888,0.0034235860304408137,-0.03751256788975106
GSTP1,gene,0.02022564634569711,0.00437876262768586,-0.002207763025796266
GSTZ1,gene,0.010454865350980717,-0.006286129587336981,-0.012328490913894206
GTF2A1,gene,-0.011026201735300712,-0.017740412878503725,-0.011078379677507258
GTF2B,gene,-0.029811495348321868,0.003921192804142588,0.011907932182667919
GTF2E1,gene,-0.009922752718992072,0.018561227459576217,-0.006025416704086823
GTF2F1,gene,0.007217449619709067,0.02161385253762096,0.00691731192967882
GTF2I,gene,0.02553668639004604,-0.014143779462237821,0.013706687818960556
GTF3C1,gene,0.014265152271120934,0.0170242423445383,-0.010358640102497298
GTF3C2,gene,0.0038028516103214755,0.02287304295536034,-0.00832842068666523
GTF3C3,gene,0.019234687121969626,0.015833141566654073,-0.014981012503542458
GTF3C4,gene,0.011014022016242698,0.012061067539916042,0.009390253659673163
GTF3C5,gene,0.009463304723682637,0.014740596465570091,-0.007566001590199671
GTPBP1,gene,-0.010224485720999744,0.032644750739595885,-0.026085219456940485
GTPBP4,gene,0.012990819141622926,-0.027792993160257812,-0.0006494277222312019
GUK1,gene,0.0030872850384063553,0.008878707609459151,-0.00651586657153241
GUSB,gene,0.0013141304558172643,-0.009613184031675154,-0.0015982539159537584
GYG1,gene,0.015463116494695107,-0.014924484561367784,-0.00942391945295943
GYS1,gene,-0.0021348621070796142,-0.012755257526157974,0.006904998143639574
H1-0,gene,0.0088911040563551,0.023530351274838854,0.010580937652904248
H1-1,gene,-0.0355512242458804,0.012221188436893788,0.0037499417382705486
H1-10,gene,-0.03704653911039975,0.014776084990548019,0.008191860330505965
H1-2,gene,-0.031543075002957055,0.025915371493098815,0.016814131214232253
H1-3,gene,-0.03909999816051458,-0.003228523597955053,0.011287429703829684
H1-4,gene,-0.037782549737120495,0.01208872739129097,0.007559938166813387
H1-5,gene,-0.030927704831866607,0.025133373855653233,-0.00010435030717668249
H2AC11;H2AC12;H2AC14;H2AC7;H2AJ,gene,-0.027450147733168416,0.02304507891044237,0.014914711922314122
H2AC21,gene,-0.02618476745502214,0.015793652514294893,0.019545188821332965
H2AC25;H2AC4;H2AC6,gene,-0.02310501128731127,0.030610882323485186,0.016955394667054886
H2AZ1;H2AZ2,gene,-0.02827832752395572,0.01992069482369734,0.0029229051402705577
H2BC1,gene,-0.025916603181473933,0.013896886121596477,0.010087037311253075
H2BC12;H2BC14;H2BC15;H2BC18;H2BC4;H2BC5;H2BC9,gene,-0.02920204232738416,0.009597701198789782,0.0050716235788143115
H2BC26,gene,-0.030939482307067542,0.018804293564126558,0.01114225750188554
H3-3A;H3C1;H3C15,gene,-0.022655958028709882,0.023188707240812175,0.018273177163800534
H3-5,gene,-0.02924789174797517,0.022521037710810803,0.016510780427089145
H3-7,gene,-0.027039427515766823,0.01147666642526982,0.020495645895416584
H4C1,gene,-0.014663320120409593,0.012466436334059387,0.0126696681055069
H6PD,gene,-0.025535368445634907,0.02051817154713671,-0.013351711650171594
HAAO,gene,-0.016989595925496894,-0.014991976649807164,-0.0036503989294414565
HACD3,gene,0.01463504787472704,-0.003595856129919043,-0.006858153038099284
HACL1,gene,0.0015333329782812376,-0.00935330340239317,-0.01022166033388828
HADH,gene,-0.021661819637397883,0.019754497112437118,0.01125715323203139
HADHA,gene,0.0018865106515520936,0.03074767805215599,-0.014969425551982793
HADHB,gene,-0.006194470306421597,0.021416759729224077,-0.0034159455897640753
HAGH,gene,-0.004349522821229328,0.008635070037442042,-0.01724461731352093
HAL,gene,0.004462767895387829,0.006986700298014542,-0.0064874678019968875
HAPLN3,gene,-0.005823772425023864,-0.006432607901964813,0.002681280762627837
HARS1,gene,-0.007069537316413155,0.008900118733690792,-0.015508114289535009
HARS2,gene,-0.0015256971186579857,0.007315718671462998,-0.01326175474017135
HAT1,gene,0.015075269129567822,0.008329536606123787,-0.015228325039658448
HAX1,gene,0.014936702216315137,0.012518417599024624,0.028985296962634025
HBA1,gene,-0.026532458879004257,0.01574468425800374,-0.010943016285837135
HBB,gene,-0.02755199436791729,0.01381359391540175,-0.010880431224441874
HBD,gene,-0.024367436587068508,0.008220164763681561,-0.00963952505750905
HBG2,gene,-0.015267338209685458,-0.0007086092994110649,-0.0072689069176806636
HBS1L,gene,0.000995338414247314,-0.018762075262320033,0.010588732406718416
HCFC1,gene,-0.02405161454511857,0.02407043016102115,0.024071125113348225
HCLS1,gene,-0.03427226420998607,-0.009471858416688166,-0.012826095564338023
HDAC1,gene,-0.0052101833715368214,0.017044637561331885,0.01673614451257595
HDAC2,gene,0.014211514436556409,-0.008445645863144587,-0.006236078346216608
HDAC6,gene,0.013079857251954851,-0.005083394299843768,-0.0009844203771216776
HDDC2,gene,-0.0032286135266052837,-0.0312337258165821,0.0021900645419941365
HDGF,gene,0.01956860938903812,-0.0069142245453522756,0.016695900735121647
HDGFL2,gene,-0.011321467777389843,0.003282478701179672,0.01636718994333407
HDHD2,gene,-0.016688243293444108,-0.012835570896525253,0.01433353167020508
HDHD3,gene,-0.010478276253191122,0.00032518974159500885,0.03572048084184191
HDHD5,gene,0.021209628898362063,0.021056141271887673,-0.0004152080257067003
HDLBP,gene,0.016531793744797928,0.006001603518026533,-0.029308429008286563
HEATR1,gene,0.014161496775025892,-0.008787728805748832,0.006834639947380756
HEATR3,gene,0.029376087047790544,-0.010370939464438305,-0.008858955754799148
HEATR5B,gene,0.0005675785177029368,0.0007900902655726151,-0.013976045289982636
HEBP1,gene,0.022710464837049513,-0.02793748771026651,0.010812124625302483
HEBP2,gene,0.010809343314148843,-0.029358424763423804,0.030708443127006553
HECTD1,gene,0.00517183873687788,-0.004966536580698639,-0.023853230991075974
HECTD3,gene,-0.02798153326896001,-0.0017187473444877932,-0.006149954238940821
HELZ2,gene,0.0023715441632557897,-0.015100044686089569,-0.014162179817361918
HERC1,gene,0.004831942460334004,-0.002543692295261516,0.005781125127008079
HERC4,gene,-0.017345589789078457,-0.004941020422322219,-0.0013411560327953474
HEXA,gene,0.004787104953932983,-0.021534257354117042,-0.013142996353117293
HEXB,gene,0.007447297318372179,0.0038467027226598686,-0.011779349390761164
HGH1,gene,0.028344032979396055,0.0030353648964066694,-0.007788162175939963
HGS,gene,0.003952940600628714,-0.0019443862519789178,-0.020846713615645867
HIBADH,gene,0.002264215570387442,0.00474492908469522,0.029009488692896622
HIBCH,gene,-0.004581972520685632,0.00025502121798865677,0.023283461279546742
HID1,gene,-0.0035460891552825157,-0.008300951309049912,0.017651711843745616
HIGD1A,gene,0.01878397503805864,0.001040773068057687,-0.012735920892586888
HINT1,gene,-0.0011916215129193024,-0.019466106137638217,-0.003579079771452785
HINT2,gene,-0.014495227902118333,0.012936893739143827,0.002445432411531304
HINT3,gene,-0.0008214072734753584,0.00113765922899767,-0.0019818611476988763
HIP1,gene,0.005582807904058735,0.031109589835732792,0.007604827032093002
HIP1R,gene,0.007985586489388916,0.004654885481208937,-0.0017662223196790584
HK1,gene,-0.010337899991760331,0.01883560848386732,-0.012646178371796797
HK2,gene,0.023505488041994947,0.003039599826999853,-0.028935798817621858
HK3,gene,0.0062457200790896105,-0.003138149985195567,-0.061003612687614284
HLA-A,gene,-0.001961057991551214,-0.04069484721715959,-0.013213314934951434
HLA-B,gene,-0.011117374800138378,-0.029610344035790066,-0.015067299955723312
HLA-C,gene,-0.0013344124713422583,-0.03981289005432808,-0.017409848402824425
HLA-DPA1,gene,-0.004774839891409561,-0.007125959946436108,-0.04484670462984976
HLA-DPB1,gene,-0.009703160620437724,-0.029350382397277722,-0.020056324193715627
HLA-DQB1,gene,-0.01456210527045521,-0.02196789967272033,-0.02528202473226542
HLA-DRA,gene,-0.015741645916673437,-0.02942065959249366,-0.02609076426974715
HLA-DRB3,gene,-0.006675744884431847,-0.03366500921715622,-0.02241658871043869
HLA-DRB4,gene,-0.007169247017090999,-0.018961910941632642,-0.024666899976111056
HLA-E,gene,-0.004994862696045834,-0.017163517605765406,-0.01766700289493081
HLA-F,gene,-0.014726911244316122,-0.015066154685503232,-0.00863264028844333
HLA-H,gene,-0.0031504513761473666,-0.031751745242722895,-0.008817926628460857
HM13,gene,0.001981599812865902,-0.0019424509908549648,-0.023545399273261176
HMGA1,gene,-0.017931710003233337,-0.03474092846506416,0.008623022331810658
HMGB1,gene,0.0008928578537712793,0.0006759766711138997,-0.00567846196483612
HMGB2,gene,-0.004309437427363351,0.004420312546647669,0.0016794166921640815
HMGB3,gene,0.02137517217725384,0.033782176357628126,-0.00045530451859700065
HMGCL,gene,0.0024878837060661797,0.0013594740418394976,-0.010949971599120544
HMGCS1,gene,0.015549750468612743,0.03661857415068302,-0.01208723533318401
HMGN1,gene,-0.011648773306876857,0.0008835294925639014,0.00774147201673846
HMOX1,gene,-0.015023688488543109,0.010095606077910045,-0.02251367139216873
HMOX2,gene,-0.009329251134822266,0.03359758922140166,-0.025018082401533123
HNRNPA0,gene,-0.019939741929506476,0.027641580842662744,0.018098994898614003
HNRNPA1,gene,0.012628524793403437,0.018913882527269204,0.010573214877627236
HNRNPA2B1,gene,-0.007733765634761967,0.016895214690772552,0.02033804194946673
HNRNPA3,gene,0.0016873191822572994,0.0009629776949327914,0.016258740337587767
HNRNPAB,gene,0.017752978216217054,0.0006004732942879409,0.004597445889906542
HNRNPC,gene,-0.007106037704150984,0.02304914904553178,0.019034490863794648
HNRNPD,gene,-0.023170079325438887,0.025038115429547786,0.00756722967675868
HNRNPDL,gene,-0.007342543430525299,0.01665390766776237,0.016030152040257623
HNRNPF,gene,0.0003159180214908791,0.005308333059770205,0.008949864981276787
HNRNPH1,gene,0.008647039405463068,0.028947641383176216,0.01163917340815693
HNRNPH2,gene,0.0016652750704032036,0.03218714691302364,0.0013509043290180142
HNRNPH3,gene,0.0076496155130648955,0.03397946281690781,0.004720960037306529
HNRNPK,gene,-0.00031154335783291267,0.014525428369783603,0.023759965868118814
HNRNPL,gene,-0.0030034500315396376,0.006814282219891583,0.001011987443383018
HNRNPLL,gene,0.00748575089059318,0.028561382890687985,0.008297966631656021
HNRNPM,gene,0.005389540679342668,0.013178956791948731,0.021993198115247376
HNRNPR,gene,-0.009219793921335142,0.03358277319051101,0.023630610520438265
HNRNPU,gene,-0.007929979060817155,0.014183766983150832,0.015491058427562545
HNRNPUL1,gene,0.006231052664881736,-0.006409789697592848,0.012129465984849088
HNRNPUL2,gene,-0.03713881195332937,-0.0023520171253652465,0.0190342600680516
HOMER3,gene,0.009961913829377264,0.03613480845388408,-0.0323993022146815
HOOK3,gene,0.01592197802920371,0.020366330614415926,-0.026417434386507222
HP,gene,-0.019962884667846095,0.001611032584635645,-0.020339319677000926
HP1BP3,gene,-0.041406012395725646,0.009767594354126764,0.02679519524116464
HPCAL1,gene,-0.028368692171227335,-0.02124169407911566,0.012630309680847088
HPRT1,gene,0.029261165785975658,-0.009836772711722426,-0.006937738895798109
HPS6,gene,-0.01375859259506778,-0.020958584404116465,-0.008072715641919385
HPSE,gene,0.007555000758101227,0.0018473074307056143,0.0031293666347061177
HPX,gene,-0.017042196015109885,0.017859354270899293,-0.02809034268652231
HRAS,gene,-0.009103946690383441,-0.014962810015744432,-0.007573526001020981
HRG,gene,-0.01854786630490399,0.0243468849449223,-0.02891316815303357
HRNR,gene,0.008267999303548075,0.017964334094418204,-0.006336995018063044
HS1BP3,gene,0.009649352454616211,0.011226767221107043,-0.02451976478459636
HSD17B10,gene,0.010215475643473493,0.011922439993052076,0.021974405581094605
HSD17B11,gene,-0.0196843377350962,-0.004265460743391544,-0.007238776477961403
HSD17B12,gene,0.004372857743469527,-0.010853225129853084,-0.013817852342363612
HSD17B4,gene,0.010644200239627791,0.0019491596900627058,-0.02040599141923613
HSD17B8,gene,-0.019525538530444614,0.006700215317519781,0.021978159560770417
HSDL1,gene,-0.001899900607677916,0.0008078795193670093,0.014310659410578358
HSF1,gene,0.012081596276487293,0.017441505611354238,-0.0018706735305950952
HSP90AA1,gene,0.02613058874466976,-0.030293825542391604,-0.019872230023033843
HSP90AB1,gene,0.024326429639515996,-0.00405103116812572,-0.034819348183976945
HSP90AB2P,gene,0.014258590321830593,0.002122992581350053,-0.03339799429668923
HSP90B1,gene,-0.008880315149970496,-0.011243547796101325,-0.012971436306311769
HSPA13,gene,0.008605193029188772,0.018009591981053216,-0.017910946882495206
HSPA14,gene,0.031182052956885403,-0.015316624219161972,0.0015993270078981947
HSPA1A;HSPA1B,gene,0.019014511007851637,0.01789979228059551,0.008614846252012422
HSPA1L,gene,0.02659589674134719,0.01834445279100258,0.012885825004967977
HSPA2,gene,0.012344422377535707,0.04679457839683143,0.0003794125597170191
HSPA4,gene,0.02141212663356169,0.009703463999282961,-0.027406025686738326
HSPA5,gene,0.009028303295192707,-0.0009729596077205843,-0.019459227651267525
HSPA6,gene,0.025323827986792682,0.006585321397096328,0.011209788922759076
HSPA8,gene,0.018174818555933177,-0.009245115555489646,-0.02529849150648043
HSPA9,gene,0.012351506564478039,-0.0018997447490249726,-0.014123468745882198
HSPB1,gene,0.018748107596245085,0.02741392696141224,-0.01068607173964635
HSPBP1,gene,0.017922811602980974,-0.003949116481190861,-0.016824643567042157
HSPD1,gene,0.025970097930620526,-0.014402069644745406,0.00445433855404144
HSPE1,gene,0.02720820321098819,-0.016588150101333833,0.005267117417650766
HSPG2,gene,-0.0167973446037121,0.03702779937537067,-0.02390013953793704
HSPH1,gene,0.033621172273199516,0.0015875189437490021,-0.021969233908672094
HTATIP2,gene,0.015032614363474275,-0.027888647034460496,-0.009984918225323004
HTATSF1,gene,0.00707415815949358,0.032843958686343246,0.020054577263605353
HTRA1,gene,0.00036880747415645257,0.013158035025478467,-0.02329059461393452
HTRA2,gene,0.01815796281229144,0.0172166681082142,0.016637459120890926
HTT,gene,-0.0097840820448852,-0.015503903579442863,-0.018032545425344017
HUWE1,gene,0.033012327218322486,0.009381736176744199,0.0009319513157663251
HVCN1,gene,-0.03077192266265803,0.000278497924523517,0.003189035209477621
HYI,gene,-0.008178842729478915,-0.007466939827122812,0.026241028789550657
HYOU1,gene,0.013341111898564871,-0.016079453028605577,-0.01548020755957832
HYPK,gene,0.012820811286690059,-0.0011468020162910219,-0.005970694616852718
IAH1,gene,-0.00879855690068295,-0.012920249449956473,-0.006401802250937012
IARS1,gene,0.02170001319459718,-0.02119397904700411,-0.03379823165580794
IARS2,gene,0.01879518024922266,-0.008293376180876102,0.019636636988257284
IBA57,gene,-0.00342145727875168,0.019641573559678577,0.012939642805305641
ICAM1,gene,-0.002766008780129742,-0.009575641780038299,-0.0484425732211859
ICAM3,gene,-0.03392881953252724,-0.00471326811235022,-0.001173329068437492
IDE,gene,0.007174620512379541,0.0070490290225736045,-0.010095787651834158
IDH1,gene,0.008783764694852265,-0.008108511124433393,-0.025593396483900886
IDH2,gene,0.017475327604794113,0.0015981895764180436,-0.0007358162891614914
IDH3A,gene,-0.031987266680017126,0.00818687672127466,0.005725938349382948
IDH3B,gene,-0.02324952757160655,0.013330055538806158,-0.00018704004769333097
IDH3G,gene,-0.022815042014856683,-0.002288017305377526,-0.00566962746921439
IDI1,gene,0.011903598501063586,0.0018577653578293171,-0.009883898786963064
IDS,gene,-0.00363265875619138,0.00558918600052383,0.0018969038874200326
IDUA,gene,-0.0029060143512385805,-0.017038783185357006,0.014227527659268567
IFI16,gene,-0.031545922103378095,-0.012230408038670018,-0.02008581984703237
IFI30,gene,0.007359146325180143,-0.020707463020998965,-0.04141200861900807
IFI35,gene,-0.02014154867625055,-0.022214976672052144,-0.02548040758315107
IFI44,gene,-0.006856245406655634,-0.03484883722663622,-0.02392147646775836
IFI44L,gene,-0.003210458030406501,-0.025940047777066398,-0.02723718904316781
IFIT1,gene,-0.003019777349870828,-0.03237605159544324,-0.03544691729310997
IFIT3,gene,0.0004091776468652412,-0.021958183966628138,-0.034728333730007645
IFT25,gene,0.001038730458132981,-0.006342112562582122,-0.003084293637907902
IFT27,gene,0.005678638513316966,-0.000718301192123926,-0.007165772724894678
IGBP1,gene,-0.01033835275032551,0.014356266895642145,0.007100936127425484
IGF2R,gene,-0.006040503900815941,-0.009267640517393382,-0.021281665437249464
IGFALS,gene,-0.015505874471714424,0.03066648902636984,-0.035934767795977485
IGFBP7,gene,0.008909323033210063,0.02182918748174269,-0.015492210794656657
IGHA1,gene,-0.00798715248726579,0.011064870464931029,-0.017679295095791317
IGHA2,gene,-0.013700667280936904,0.01213534396913176,-0.00620152094216118
IGHG1,gene,-0.015257954675521221,0.005595465085032716,-0.009632869791006887
IGHG2,gene,-0.011368634842758412,0.01113701127129703,-0.012967816826459226
IGHG3,gene,-0.020925497027387874,0.013037135414388805,-0.016742985690576768
IGHG4,gene,-0.016098956013652372,0.01562428999686745,-0.02402546765907367
IGHM,gene,-0.02433308997687758,0.014846293658302838,-0.016464395398079368
IGHV1-2,gene,-0.021351470490064826,0.007876439781905019,-0.009153513195605256
IGHV1-3,gene,-0.021698189990799286,-0.0011304057876544268,-0.006407341201182329
IGHV3-30;IGHV3-30-5,gene,-0.020574087771707255,-0.0008747534507240305,2.953103334934444e-05
IGHV3-35,gene,-0.016782409513014324,0.013423307498426542,0.0005551369433280679
IGHV3-49,gene,-0.010473728331061898,0.012704906169883828,-0.019023866464667253
IGHV3-7,gene,-0.019065148660325926,0.0042186080747154825,-0.011945378353815947
IGHV3-72,gene,-0.015379089746439105,0.013759108137557152,-0.017440341032355783
IGHV3-74,gene,-0.022999244903631037,0.006307963991381968,-0.01532050294189766
IGHV4-34,gene,-0.017065521536863335,0.013200021769087994,-0.019729511552901282
IGHV5-51,gene,-0.017209011649019838,0.016830592089257676,-0.01836209064555329
IGHV6-1,gene,-0.011265717349884522,0.003023194674338552,0.0006467031654365031
IGKC,gene,-0.01698542931550502,0.010641242934657211,-0.018627743808917362
IGKV1-12;IGKV1D-12,gene,-0.01267197509867893,0.005412383608650556,-0.010657997889764322
IGKV1-17,gene,-0.01710393036301917,0.007428841496052406,-0.003506662241274038
IGKV1-33;IGKV1D-33,gene,-0.01984396220015333,0.004579811332465859,-0.00753418710334657
IGKV1-5,gene,-0.011258638731505007,0.011572980669224738,-0.016565215268513223
IGKV1-8,gene,-0.0190714394982108,0.007063923570918901,-0.013910396934127699
IGKV2-29,gene,-0.014195941149950469,0.003612989617668572,-0.021397638332927994
IGKV3-11;IGKV3D-11,gene,-0.019095968499069745,0.017730455686222873,-0.02014355838834817
IGKV3-20,gene,-0.020579668741102824,0.010521650185548365,-0.0219745072830158
IGKV3D-15,gene,-0.02416868933856823,0.011807844438843442,-0.0002246067008064976
IGKV3D-20,gene,-0.014433772069276447,0.027885907379659895,-0.02000844249690396
IGKV3D-7,gene,-0.022355045897260797,0.017952468776616198,-0.005599789754292896
IGKV4-1,gene,-0.012006225330232082,0.004522612739331478,-0.010243217013079212
IGLC3,gene,-0.014341918676294628,0.006929076141495654,-0.009272254021837375
IGLL5,gene,-0.009210504267939956,0.012255867237492302,-0.0238588527333511
IGLV1-47,gene,-0.018528675233389566,0.017423277745895884,-0.021642741520924724
IGLV3-9,gene,-0.009091307191709882,0.008617355856337577,-0.0024579203758421484
IGLV7-46,gene,-0.010874105379759236,0.013526030877514366,-0.015315573198713954
IGLV8-61,gene,-0.01711027978845323,0.008451096328892932,-0.009885855069155992
IGSF8,gene,-0.0004977266693030228,-0.01862804366147538,0.026518346418418447
IK,gene,-0.013648765123703327,0.010288867252779282,0.009684325675872019
IKBIP,gene,0.006245923112814661,0.02476415345731824,-0.04294477797043124
IKBKB,gene,-0.033983912038715196,4.000759571777085e-05,0.0023179778300637956
IL16,gene,-0.038604221544718,-0.003815691685573031,0.0016128458633848247
IL18,gene,-0.013345694288620041,-0.026210138283042434,-0.011302885632139905
IL1RN,gene,-0.006028340757960418,0.001825727204136572,0.0033901687107770672
IL36G,gene,-0.00020630367341256933,0.004725519146798897,0.005082163097560192
IL37,gene,0.0015566368111432532,0.006648123331592341,0.009573401010300986
IL4I1,gene,0.017949011768756042,-0.010992956447887114,-0.05134602059740464
ILF2,gene,0.014491633800739217,-0.004722916416461847,0.007209866441926373
ILF3,gene,-0.0036653312560965923,0.01087527110217218,0.005102506319874371
ILK,gene,-0.007151663506746856,0.03670073311982196,-0.04107910838290331
ILKAP,gene,-0.0018241366085707735,-0.004630421581479966,0.0017763323554378081
ILVBL,gene,0.010344959434850025,0.0224679960964414,-0.02258490073770063
IMMT,gene,0.005858920370610992,0.01628827527181915,-0.00456562341758762
IMP3,gene,0.012990711202118903,0.006179867272553345,-0.005368373888433531
IMPA1,gene,0.015956026737503695,-0.01361227423192147,-0.002904040702473975
IMPA2,gene,0.007895102640090142,0.007200394061856099,-0.009335924285681745
IMPDH1,gene,-0.004775610208161144,-0.025497314504623506,0.006398079169238307
IMPDH2,gene,0.026200023237053505,-0.01715216624036515,-0.01813062384826463
INF2,gene,0.016999018111407256,-0.004008908921416966,-0.025206266643226047
INPP5D,gene,-0.028651632882929674,-0.0004949335699134875,0.001752178648902057
INPPL1,gene,0.009760211391727539,-0.016225308742159324,-0.023994742493120235
INTS1,gene,-0.0019381019432945603,-0.00271933870530869,0.013063496704991125
INTS13,gene,-0.005258860799755283,0.0029430669476827394,-0.0016989061244146542
INTS14,gene,-0.008018164648950837,-0.00839507239778016,0.00496229865517149
INTS3,gene,0.005819183445647436,-0.009017378526601184,-0.008356926957117122
INTS5,gene,-0.005657835010541161,0.00876133169470637,0.00455401060144865
INTS6,gene,0.0029246399176419326,0.0029862951836246822,-0.0009454037832663995
INTS9,gene,-0.011942487922707669,0.016171389548837158,0.01675965290064223
IPO4,gene,0.02016176691214781,-0.022969544551948856,-0.005736507932506742
IPO5,gene,0.025384146703168294,-0.003668478046949134,-0.014096023082998614
IPO7,gene,0.028919111062758338,0.006004562822631943,-0.03216202227718991
IPO8,gene,-0.002818888921038583,-0.011424759559555124,0.004303773794107211
IPO9,gene,0.022489926703655846,0.000954650209406653,-0.02068198108730737
IQGAP1,gene,-0.018896709583051296,-0.0010239372317642826,-0.00632863774960467
IQGAP2,gene,-0.030573719220784275,0.0011176902964266642,-0.016281955087664744
IRF2BP1,gene,0.01162087758780884,0.004490259378325173,0.006706632632234658
IRF2BP2,gene,0.0220734677795347,0.004461887861906496,0.005650764143310394
IRF2BPL,gene,0.02083120678609386,0.0017439170922394858,-0.00802285455591423
IRF3,gene,-0.014053448678340599,-0.007522629718227293,-4.685374758447467e-05
IRF6,gene,0.005518963736440578,0.03185329143497707,0.024232588703130366
IRF9,gene,-0.019038167348501774,-0.03184332852079534,0.008303927915796287
IRGQ,gene,0.02059718342659953,-0.01765551908084285,-0.002156218002253055
ISCA2,gene,-0.024955542617757304,0.0036083460828192962,-0.0031429312499059473
ISG15,gene,-0.004084371079916242,-0.03140406741896171,-0.01784183029888717
ISG20,gene,-0.03463710767386204,-0.007475324608412598,-0.002360411078584381
ISLR,gene,0.0018784935536168019,-0.004771207517479878,0.008770082829420404
ISOC1,gene,0.005474284587494359,-0.015237262667541327,-0.0021807099787832258
ISOC2,gene,-0.00014021500236130192,-0.0035708670556956813,0.017085133342178673
IST1,gene,-0.023251673945370973,-0.01432704984116347,0.00039631851628098546
ISYNA1,gene,0.03827566065073145,0.020195425787554976,-0.03694026248144257
ITCH,gene,-0.004801032206795749,-0.002052965074381786,-0.013279959596791435
ITGA1,gene,-0.002449880221321784,0.03717969266283323,-0.025655609496212272
ITGA2,gene,0.005719563483652492,0.010532031284079242,0.01843731169831427
ITGA3,gene,0.012646699387384629,0.02601348185423778,0.012993932138834487
ITGA5,gene,0.00661710405834835,0.029016192975753936,-0.041503562919391224
ITGA6,gene,0.003345212868470918,0.0009018641929844066,0.010926327553755425
ITGAM,gene,-0.012940554911213093,-0.01511254156281923,-0.04574110852435944
ITGAV,gene,0.009304040448789838,0.027341232334179344,-0.040566509167628766
ITGAX,gene,-0.024730124067178894,-0.01184366961717198,-0.02274379656688896
ITGB1,gene,0.006224219584021815,0.014959390342141315,-0.01764563274117465
ITGB2,gene,-0.02500010811860095,-0.01260383173073729,-0.03301500523180075
ITGB4,gene,0.01428341829256579,0.01501234099943588,0.02397228583141047
ITGB5,gene,0.007888961855111083,0.01433156078616262,-0.03537509685310219
ITGB6,gene,0.002149338467538929,0.02835684081205148,0.00011988985973469701
ITIH1,gene,-0.015212743330182587,0.006153398439211936,-0.02388868475447854
ITIH2,gene,-0.0034996254619075735,0.005268001096791612,-0.0075282549903707575
ITIH4,gene,-0.01729748137242863,0.029889432994346498,-0.035995262937100175
ITPA,gene,0.010820170296562851,-0.004604320305008133,0.00907782855233588
ITPR2,gene,-0.0017440210907243181,0.02586697623178825,-0.0061284759406440075
ITPR3,gene,0.007942785782403134,-0.013221723170398804,0.010196680704005055
ITPRID2,gene,0.006409755145114803,0.0045250137380327465,0.0020059267443941673
ITSN2,gene,-0.020777609734264575,0.006221225897469204,-0.0157664409953325
IVD,gene,-0.019011438050185524,-0.026360408933996448,0.00957753810724419
IWS1,gene,-0.014426536156886497,-0.014226835952094445,0.009316399825710022
JCHAIN,gene,-0.006449159006665077,0.002298039317747936,-0.006602777508780728
JMJD6,gene,0.01312698356508143,-0.01001091850307545,-0.0037145924543217665
JPT1,gene,0.017426047032890208,-0.014015916768024812,-0.009179899157985892
JPT2,gene,0.02598614730863993,0.01893924007442566,-0.006853023363647781
JUP,gene,0.00013779111213235346,0.018016537441463386,0.0009488734984433177
KARS1,gene,0.0028716013212525004,0.0018505997303400288,-0.029285025109369547
KCMF1,gene,0.0102875413361108,-0.003721147276743916,0.0021541081875805623
KCTD1,gene,-0.008285439278642729,-0.011936541102240688,0.011603431083512054
KCTD12,gene,-0.010653339053020532,-0.004804085044727703,-0.03558066085381907
KDELR1,gene,-0.003288971252186483,0.007470914379782332,0.0032660370553414344
KDM1A,gene,0.018650241861753916,0.02054724615864483,-0.00999841045416098
KDM2A,gene,-0.010684710386866223,0.025353509783063118,0.02801363105707899
KDM3B,gene,0.008272253987454296,0.01306805553907604,0.0037433675469361093
KDSR,gene,-0.0019027139732393568,0.012785046033985507,-0.006148936382608654
KGD4,gene,-0.019370303699337246,0.006904548440492161,-0.005891845349964356
KHDRBS1,gene,0.010644745302903432,0.01896752582413791,0.017263721453221362
KHDRBS3,gene,0.017288726948499013,0.010504930982850604,0.021886134297364114
KHSRP,gene,0.01852076803354132,-0.0014239533916806874,0.023414661540210567
KIAA1217,gene,0.0055827166384524165,0.018376476304142436,0.007430038935276499
KIAA2013,gene,0.017608882248577953,-0.011541004541401067,-0.0029833871407259752
KIF13B,gene,-0.002305097329808358,0.008945374669844236,-0.009366892665808712
KIF1A,gene,0.011592457489927878,-0.013982896090442638,0.006727804595341742
KIF1B,gene,0.010351503719559774,0.02948964142611588,0.003620413460950408
KIF2A,gene,-0.0313886411090981,0.006185813033049941,-0.010839147653440191
KIF5B,gene,0.025289574823697602,-0.008496088177987457,-0.017832090091749575
KIRREL1,gene,0.009195272685415715,-0.014403670895082024,-0.013870021392514495
KLC1,gene,-0.002564971096640524,-0.015631203479606153,-0.04269210300279374
KLC2,gene,0.011668500858235245,-0.018439549376451647,-0.004478257064968365
KLC4,gene,0.0055162723345491636,0.019866125890323508,0.007834517560226203
KLK10,gene,0.004947762871761536,-0.001662947048483246,0.007017373644836413
KLK11,gene,0.00255354017287541,0.00270259703677791,0.008835465976008946
KLK14,gene,0.0025485189411428083,0.003816522829207556,0.00914392353359824
KLK5,gene,0.005121841766772906,-0.0013502301901472174,0.008610554758795703
KLK7,gene,0.011010334015125514,-0.0008453754124981369,0.002317924333900557
KNG1,gene,-0.01940943758519994,0.024427083447655398,-0.02784919726393932
KPLCE,gene,-0.006405658265201102,0.006661451295391208,-0.0007169357016100977
KPNA1,gene,0.011374852207726617,0.008436146600884894,-0.029142827947102865
KPNA2,gene,0.037086247916901495,-8.956760006766219e-06,-0.023457839695959277
KPNA3,gene,-0.00019782962675121102,0.027712871221225687,-0.017822217727570165
KPNA4,gene,0.020893483238331033,-0.009293947487997108,-0.009762230796735966
KPNA6,gene,0.014764257144209765,-0.01525852782443704,-0.02658390802589172
KPNB1,gene,-0.007910715552036467,-0.022444582790489557,-0.012492143733419973
KPRP,gene,-0.008835098902758982,0.007476219757821864,-0.0011409060002507845
KRAS,gene,-0.014311973054278919,-0.010688308730789735,-0.012453673568919316
KREMEN2,gene,-0.01829595325246877,0.008860474763992205,-0.02194060474260259
KRR1,gene,-0.006987546352525864,-0.008154736418683644,-0.015663711893618596
KRT1,gene,0.006378830860453556,0.009958082586450447,-0.0013186619080720909
KRT10,gene,0.007176472974163932,0.005789006148102089,-0.0026685136147391116
KRT13,gene,-6.490148554026286e-05,0.016090179551350586,0.01909600216931103
KRT14,gene,0.0022021877135371118,0.010920467764753925,0.00270498363727994
KRT15,gene,0.0075207223289914735,0.022458284726709767,0.006605004989153476
KRT16,gene,-0.0016106095963725558,0.011909771689063984,0.00199792647103639
KRT17,gene,0.0023214918133565385,0.015166577100188856,0.0012417446140114555
KRT18,gene,0.023278955614075073,0.00895800492573334,0.010709376938247837
KRT19,gene,0.023053059337128326,0.021094972894817696,0.02517267064568816
KRT2,gene,0.005246503167244582,0.005595976952005014,-0.0005887012637588507
KRT23,gene,0.004753676187260343,0.0129656687196112,-0.00023188510931413392
KRT3,gene,-0.0019692705150519746,0.011521195958896219,8.839659731156857e-05
KRT31,gene,-0.0016829228299651729,-0.0021233454102378055,-0.0024544888598121506
KRT32,gene,-0.004903841248890701,-0.006048232947118479,-0.0021577204323477784
KRT33B,gene,-0.00040407396828814754,0.007065367031196762,-0.004156150970853316
KRT34,gene,-0.0031212828891369476,0.005115776806177335,-0.0038857165817812594
KRT35,gene,-0.006481436023832667,0.003339576994243072,-0.0034421756890771833
KRT36,gene,-0.004840940611782808,0.004171539238557529,-0.008114871170106217
KRT4,gene,-0.0034022622484570593,0.011991488194217513,0.008087061228917305
KRT5,gene,0.0034384832586437535,0.010035880375781658,0.0014332088177011987
KRT6A,gene,-0.0026911132640635416,0.01085169341012555,0.0011983424895673227
KRT6B,gene,-0.001468446585103538,0.01846689947590753,0.0006033377006911967
KRT7,gene,0.026761518049597418,-0.0011597752057012534,0.017914560323873563
KRT71,gene,0.004380769386250496,0.012822622435787828,0.0030836080785013884
KRT72,gene,-0.00424597224040531,0.017625078259853533,6.79359045624539e-05
KRT75,gene,-0.0026932981568523386,0.012197081094646725,-0.0019443947068075792
KRT77,gene,0.005458753258444527,0.0037648459260084593,-0.0038193655313947315
KRT78,gene,0.0025953139354358314,0.008501923699747577,-0.002821579802191175
KRT79,gene,0.0002323139766650592,0.006763240979751626,-0.0073402477655719455
KRT8,gene,0.025128856673617715,0.016395037934818845,0.017312820400698748
KRT80,gene,0.00401869577606911,0.006761292949362269,-0.004957868049658953
KRT82,gene,-0.013488439972097603,0.002280627972478771,0.011163322951103873
KRT83,gene,-0.003542148918799372,0.0030721428247906858,-0.004739164273247717
KRT84,gene,-0.004231692906602921,0.00651331038779108,0.0012583935950323487
KRT85,gene,0.0005699812554671921,0.0027956943075394054,-0.006040678008196678
KRT86,gene,0.004030915652500349,0.0008324816446290969,-0.0026804813285470734
KRT9,gene,0.006534354541437238,0.011734854816920303,-0.0023974551109277415
KTN1,gene,-0.005380964515495787,0.03186616409647452,-0.020928273781548004
KYAT3,gene,-0.020713645323730268,-0.008205393732949626,0.008798581517095071
LACRT,gene,0.007644519695495029,-0.003972873449371218,-0.004888455119516068
LACTB,gene,-0.0164306150592823,-0.007836058348462974,-0.03255760586330591
LACTB2,gene,0.01647048485444591,-0.02511339988847385,-0.011091541385297048
LAD1,gene,0.019977671915164072,0.018467156031446167,-0.003974820775069556
LAGE3,gene,-0.009485218355781182,0.011265805689265957,0.013873838077756082
LAMA4,gene,-0.003411805191694161,0.03810050859384984,-0.029554055851344973
LAMA5,gene,-0.019408627262646333,0.024765987973950028,-0.0093809617645127
LAMB1,gene,-0.010299449780633907,0.03314828733863714,-0.032680073745490285
LAMB2,gene,-0.015699777185456076,0.025275318725269183,-0.002072443592082356
LAMC1,gene,-0.016690027542588762,0.02841410784903569,-0.024951030098609397
LAMP1,gene,0.011962295318005819,0.0026610114055794815,0.0010028396017805466
LAMP2,gene,0.010052957119416296,-0.006825804279976445,-0.002554862093960222
LAMTOR1,gene,-0.008945198944968265,-0.01364373405363501,-0.01657949250362265
LAMTOR3,gene,-0.010342746639006617,-0.008909081396838549,-0.02243813813496341
LAMTOR4,gene,-0.013632740682072092,-0.017800453395837183,-0.00827554111198035
LANCL1,gene,0.008245225878886184,-0.005735773016367767,0.018997210910249182
LANCL2,gene,0.003344169620217636,-0.016422623684873995,-0.0008930503443490828
LAP3,gene,-0.01655873711811297,-0.03599479497385307,-0.03512092318122074
LARP1,gene,0.004896954080697953,-0.01947562068890314,-0.018076123141266134
LARP4B,gene,0.020819003748821813,-0.029993221580514914,-0.0024334526613359513
LARP7,gene,0.006535529259687002,0.00794941814878529,0.005234654792901788
LARS1,gene,0.02392022520988307,0.0020343972214094527,-0.010472320393800395
LARS2,gene,0.0042099216325209195,-0.014291330226474858,0.008084280696866085
LAS1L,gene,0.014376071705867537,-0.015184974219008355,-0.00427081422622015
LASP1,gene,-0.022942673078132463,0.010563075129013342,-0.028434867837352242
LBP,gene,-0.016870739905339133,0.019835405128150484,-0.025488709590950783
LBR,gene,-0.027273822683224116,-0.0029814424643068277,-0.00037887117091604995
LCLAT1,gene,0.018202860949418195,0.005981908652951471,0.010929753374137107
LCMT1,gene,0.0004573581815119268,0.008851207901340878,0.014247839320729955
LCN1,gene,0.010549937104292955,-0.001249849084383039,0.0009938420773496122
LCN2,gene,0.004205099044540106,0.004440976076981754,0.00746602387656145
LCP1,gene,-0.03537520723183672,-0.00971545126318022,-0.010335475464457292
LCP2,gene,-0.025933506557220883,-0.01715061318861602,-0.016963273832547306
LDHA,gene,0.017677804788040458,0.02151582292555739,-0.02321754046953492
LDHAL6B,gene,0.005448647202528632,0.009135384969154756,-0.011220134679720356
LDHB,gene,0.021427197955222535,-0.0348465536731123,-0.0057498235358991595
LEMD2,gene,0.018243007105041172,0.003291991815710287,0.018532973518706072
LEMD3,gene,-0.001379410225437893,0.009234844934467678,0.022148117457216253
LETM1,gene,0.02090026748899442,0.012040041309455607,-0.0012173444185105248
LGALS1,gene,0.018324135920674927,0.009698471766942704,-0.0175465653250791
LGALS3,gene,0.006446539078334296,0.011577616361024556,-0.007747698822820023
LGALS3BP,gene,0.011407219801552296,0.014374218349701071,-0.0393825617486639
LGALS7,gene,0.007144521226197102,0.007076897267658283,-0.004681858540644456
LGALS9,gene,-0.01828932209651649,-0.029714337554730293,-0.03445481898087091
LGALSL,gene,0.0010272684216614861,-0.002938358021461797,0.008404859553708963
LHPP,gene,0.004069088530379854,0.019987092219285598,0.009999253942268955
LIG3,gene,0.0210850316911678,0.0022653529545275824,0.008619325132380612
LIMA1,gene,-0.019891639095097217,0.018447640434702352,-0.02026765789041113
LIMCH1,gene,0.015377464794135327,-0.013493102254843578,-0.0006832255991998067
LIMS1,gene,-0.0046113137826089895,0.019384771872820058,-0.02476151690348689
LIN7C,gene,0.0069289239257809805,0.00774073461151886,0.014629398668554314
LLGL1,gene,0.002808386519074624,0.012853780032392589,-0.005342644863970629
LMAN1,gene,-0.010125346100266922,0.0068424698933660585,-0.0010924079158349505
LMAN2,gene,-0.010589175783461016,-0.016118674338314598,-0.0009511359601922846
LMAN2L,gene,0.012818677738641761,-0.0021940587715312465,0.005614214882101744
LMCD1,gene,0.0027644602353169836,0.028906653434329604,-0.03415176996555155
LMF2,gene,-0.004653289292426936,0.003473120343914412,-0.019423161926362943
LMNA,gene,0.006770008664460609,0.024220414622389493,0.01875045431816922
LMNB1,gene,-0.03628537679524732,0.02088282757536467,0.014173366370000797
LMNB2,gene,-0.029407337058099888,0.024247499349042863,0.0212016517009843
LMO7,gene,0.015190131310056894,0.004676978210632464,-0.0029216784548604033
LNPEP,gene,-0.015808310505730623,-0.003898493423833465,-0.00044473507997620494
LNPK,gene,0.006510996709175749,0.005916048513370353,0.01786919414142301
LONP1,gene,0.021549351044153942,-0.012145664790251075,0.00538059404830283
LORICRIN,gene,-0.0005190224585336804,0.013244680820075017,0.007592708853822377
LPCAT1,gene,0.002700730164262768,-0.019681081127691746,6.536961210728535e-05
LPCAT2,gene,-0.00738984440573547,-0.027086290342273688,-0.03914202345720856
LPCAT3,gene,0.0004605125211265842,-0.010018692081635699,0.004448584159066299
LPGAT1,gene,-0.009006085648647251,-0.016521548981897265,0.005164245458775939
LPP,gene,0.002987210764916545,0.04044728551700696,-0.008652280533377042
LRBA,gene,-0.002710683996416539,-0.009523715314718741,0.03572631987030298
LRCH3,gene,-0.018836582581253127,0.008602792693151045,0.002509045009549226
LRCH4,gene,-0.032950444176529245,-0.020406691931704364,0.014474442578770508
LRG1,gene,-0.010036549375263836,0.026295456004210245,-0.02532422910932707
LRP1,gene,-0.009087207761796764,0.023623330656301317,-0.03823750217865117
LRPAP1,gene,0.01079968803316704,-0.012189416369336395,-0.02738180409281323
LRPPRC,gene,0.028914340542159245,-0.01846670210912818,0.0041601377599305945
LRRC1,gene,0.0008021181521909204,-0.015345778573184022,0.014457724939386022
LRRC15,gene,-0.004352185951826266,0.005721527531584073,-0.028918830941394736
LRRC40,gene,-0.01411052064884702,0.02190304477385159,0.009902491779898139
LRRC41,gene,0.0069055515632047695,0.03632339883372031,0.007879882755409772
LRRC47,gene,-0.008943408981249302,0.014002504417476287,0.018405087389440675
LRRC59,gene,0.0259216937025069,0.014458938768537485,-0.034096381369511757
LRRFIP1,gene,-0.03300047545714626,0.006284338971400846,-0.005129434476587229
LRRFIP2,gene,0.008726792017906227,0.0024448890946039857,0.003515790648136595
LRWD1,gene,-0.014395572070986956,-0.008985317217016548,0.004696119746853746
LSG1,gene,0.006235386994906368,-0.016637705908768913,-0.007621724368653478
LSM1,gene,-0.004931702729628449,-0.009805348811891068,-0.009085726976457483
LSM14A,gene,0.015263718732951272,0.022065671994861646,-0.008344507469526329
LSM3,gene,0.003121408623448251,-0.00049645022203443,0.009529273548034846
LSM4,gene,-0.01262165009882161,0.009051127223822121,0.0038675895703214292
LSM6,gene,-0.003749968069689589,-0.010308730216087752,0.010192357992245481
LSM7,gene,-0.015171364957698863,-0.005382357534250934,0.012167158549336672
LSM8,gene,-0.009138322789886633,-0.004825286579381929,0.017531007045622615
LSP1,gene,-0.03559211950326064,-0.004983968548635143,-0.007189756562344057
LSR,gene,0.023892821785988123,0.002696422731015899,0.002940840975470222
LSS,gene,0.029148413552323095,0.014290567662667484,-0.023603219723535254
LTA4H,gene,-0.02813380103718167,0.0017982783063674901,-0.007753102388561627
LTBP2,gene,-0.026042151869485414,0.02242244223850562,-0.011306387685974856
LTF,gene,0.006617241686667432,-0.0074730590010787185,0.002514865151908924
LTN1,gene,0.005289721434317375,-0.003804722455782781,0.0021242270479539293
LUC7L,gene,-0.0010089269944818819,0.0011019962709493032,-0.0031621580486561095
LUC7L2,gene,-0.00811198517358004,-0.006927691826295654,0.019301139682141415
LUC7L3,gene,0.008064445030779792,-0.007878025516559096,-0.010037527901192712
LUM,gene,-0.02133111246386126,0.014860437264359285,-0.0260146110970881
LXN,gene,-0.019553100745950406,0.010712478926585917,0.0008593853661156814
LY6G6C,gene,0.0032169076012246458,-0.00443270665768239,0.013291434740872951
LYAR,gene,-0.016242520235095738,-0.027791618680125668,0.004864444706816604
LYN,gene,-0.02511210048632905,-0.018951609374251464,-0.02761326768566243
LYPD3,gene,-0.00204757704322232,-0.004258638364579712,0.01745461632788246
LYPLA1,gene,0.018487874153573183,0.015243426799103428,-0.013016896868670738
LYPLA2,gene,-0.02423514385730784,0.0020424083991470894,-0.0054113952132744045
LYPLAL1,gene,-0.005002673028663897,-0.026096939095562693,0.0055570112203220945
LYRM4,gene,0.01605521549533059,-0.008674197409182592,0.008655324067652756
LYRM7,gene,-0.0089591125333373,0.015287935810161671,0.016411271686162503
LYSMD2,gene,-0.018767373930152525,-0.011114785672021274,-0.01171600310456463
LYZ,gene,0.00601390649451429,-0.0003922021549312218,0.0021622237148478866
M6PR,gene,-0.003645235284787374,-0.009899093932325558,-0.01182734220811622
MACF1,gene,0.009732231141230396,0.010196663629450771,-0.010968969425785492
MACROD1,gene,0.0021300066813525888,-0.0036964949443491746,0.014074997272177604
MACROH2A1,gene,-0.025811295858285368,0.02275875634780047,0.0019915191721519465
MACROH2A2,gene,-0.02190756361287748,0.0409196515679436,0.013438875643202028
MAD1L1,gene,0.004051889404586736,0.03800387864442348,0.00881484011013838
MAEA,gene,0.013220635074288799,-0.007284393298218617,-0.016297399334644747
MAGED1,gene,0.01448722416572964,0.0013962507869889423,0.01374769062458569
MAGED2,gene,0.020615582726101145,-0.008786420396481994,-0.0040615434676248875
MAGOH,gene,-0.006102130767580789,0.006525464699947909,0.00045020019648544244
MAGOHB,gene,0.012524570136093871,-2.18833606825478e-05,0.007034493727402602
MAGT1,gene,-0.012463705694527934,-0.011379748475305797,-0.01503317195383977
MAL2,gene,0.009827236276463697,-0.001245460435438645,0.018814161095115346
MAN1A1,gene,-0.019364419893243487,0.010260778495934831,-0.019292187091682338
MAN2A1,gene,-0.015579691963729212,-0.0031205540808421747,-0.02387866115809712
MAN2A2,gene,0.015070708182597604,-0.0033908423724267616,-0.020872271161815954
MAN2B1,gene,0.013710441243782966,-0.009936724054215517,-0.008962507301164267
MAN2B2,gene,-0.0007682958066458918,-0.005203022539485703,-0.00454477912912553
MAN2C1,gene,-0.007576829195738974,0.02064189196579646,-0.01196662387370701
MANBA,gene,0.0035764745820895064,-0.016365140217214875,0.0002557463801573192
MANF,gene,-0.011796788936252297,-0.01460095627227178,-0.017173363032485935
MAP1B,gene,-0.005615811361560668,0.029653244265435485,-0.01242157725547842
MAP1S,gene,-0.010335787442363183,0.03436179093711423,-0.012266122750806172
MAP2K1,gene,-0.013881094000069455,-0.0007897284526461475,-0.0087382367024223
MAP2K2,gene,-0.01944831994848398,-0.004785152417962705,-0.0004776756827475017
MAP2K3,gene,-0.02630671264642926,0.005590080029890798,-0.011483433651716616
MAP3K4,gene,-0.0012360591276647955,-0.003091988419488273,-0.00228496905866613
MAP4,gene,-0.004083885650022021,0.027058921643087843,-0.01408358796805525
MAP7,gene,0.016673091407763272,-0.005517317509758629,0.014615779232030715
MAP7D1,gene,-0.004601243371117847,0.008085450515218695,-0.020646645071371594
MAPK1,gene,-0.017400313653766274,0.013021798378622954,-0.004462526979621573
MAPK13,gene,-3.6203617863187966e-05,-0.022450403363116912,-0.004359886569111252
MAPK14,gene,-0.014785841908068729,-0.013275499495407869,-0.010275281087174716
MAPK1IP1L,gene,-0.015481115702660446,0.007767890687322062,0.003397030056449753
MAPK3,gene,0.007868035306053605,0.02119221945348354,0.011094123326599167
MAPKAPK2,gene,-0.021991536724068367,-0.012298784043599905,-0.008772847875420257
MAPRE1,gene,-0.003525669972822958,0.011500571318803445,-0.02678270444101698
MAPRE2,gene,-0.008920806775755833,-0.01773328999872918,0.028596208824709504
MARCKS,gene,-0.002851343234560045,-0.030989185437265913,-0.03191287092956896
MARCKSL1,gene,0.017364607922183018,-0.03202488986921396,0.011851533545545061
MARK2,gene,-0.003444388141322605,-0.019264897232653087,0.012812511646902334
MARS1,gene,0.0029058567656378175,0.019761602717846372,-0.009041388254896351
MARS2,gene,0.005170024020742846,-0.004620028471054517,0.023879959633055305
MAT2A,gene,0.030462617954760168,-0.016434919601342284,-0.01762828896500119
MAT2B,gene,0.012149388355538122,-0.021199162744641516,-0.015858660454240347
MATN2,gene,-0.010750318533419683,0.001580922969991622,0.027511660927007364
MATR3,gene,-0.003955821494471357,0.008530660879083225,0.013556411857240372
MAVS,gene,0.004360092597434128,-0.018939265609418155,0.03584687913929084
MAX,gene,-0.022943194417106252,-0.01644216934970539,0.003527235990076693
MBD2,gene,-0.02612332346817312,0.016428094879568755,0.021792825799213156
MBNL1,gene,-0.00381380550300197,0.017237859298581574,-0.006855353325021484
MBOAT7,gene,-0.01152289865891147,0.010484286643709803,0.01798434818610232
MCAM,gene,0.022937200567688956,-0.0002641483956816917,-0.01925376623995276
MCCC1,gene,-0.006328718313591183,-0.0041674554730808415,0.019053880172378242
MCCC2,gene,-0.0034045060707854798,-0.001383184933728792,0.004062337389155675
MCM2,gene,0.023576328820816204,-0.0005127822934653181,-0.018798333638373264
MCM3,gene,0.01842054603650129,-0.004243534757921621,-0.016470908189984028
MCM4,gene,0.027662833148280604,-0.0017647222723018647,-0.020246664839873686
MCM5,gene,0.016028160755311965,-0.001404286246490156,-0.018048542780647197
MCM6,gene,0.03004377674914884,-0.0003098790345678949,-0.027147618698112722
MCM7,gene,0.025800336397166307,-0.0023442044157690003,-0.014204578665960883
MCMBP,gene,0.016999365854761403,-0.009810083678908706,-0.029801326904290812
MCRIP1,gene,0.017480908294653763,0.011743934636761138,0.012094185251646579
MCTS1,gene,-0.0007403114172713373,0.009680483573840014,-0.002448191651026558
MCU,gene,-0.0008075350204542759,0.03454758604735647,-0.012050455842623861
MDC1,gene,0.014878294529783084,0.02598138497448872,-0.01812006028321904
MDH1,gene,0.003956827646446971,-0.020774405651143177,-0.014136377164709345
MDH2,gene,0.026068356923329036,-0.026489358649293682,0.0218229942891344
MDK,gene,-0.002307155382023438,-0.008311326760334825,-0.014726463970650921
MDN1,gene,0.017671707840198954,-0.014948108617836839,-0.010167255661745955
MDP1,gene,-0.008659855739189905,-0.012067955162241857,0.013843090489171542
ME1,gene,0.003629082843717795,0.0006412725934511314,-0.01135103415334795
ME2,gene,-0.0030563029646432475,0.0053138397222197336,-0.016378643771426234
MEAK7,gene,0.018142215246047894,-0.012992594440254178,-0.007735878623751269
MECP2,gene,-0.037508181292872096,0.01979508825109286,0.015319127144075012
MED23,gene,-0.007986093839047921,-0.0026495667859996945,-0.0006244438077468013
MED25,gene,0.00538710633538683,0.020975220616065382,0.002129463470463396
MEF2D,gene,-0.008651511819664543,0.007504836330646854,0.011632769398449167
MELTF,gene,0.016395800862478303,0.015002156663005795,0.006558960671624176
MEMO1,gene,-0.0038086977307296038,0.005999361141163712,-0.00904086306071395
MEPCE,gene,0.013816747780394894,-0.001139306442190411,0.02078276952257555
MESD,gene,-0.017150598009098506,0.0005332167422193638,-0.022441143113075532
METAP1,gene,-0.0004295204869684439,0.004855750144406997,-0.016325743307117963
METAP2,gene,-0.0011854864702034887,0.00733482007489447,-0.005254940047144348
METTL13,gene,0.007794814456609056,-0.007600827306335455,-0.0025120470362885072
METTL3,gene,-0.014473241725183418,-0.011550491498890734,0.024037957136039265
MFAP1,gene,-0.0006450204717446637,0.0003286219489466609,0.0025942712384947383
MFAP2,gene,-0.007067225742466009,0.016190747562781736,-0.02161579377771921
MFF,gene,0.006749267387016956,-0.011529414296667909,0.026302871153618252
MFGE8,gene,0.01793948426074166,0.021805623046369224,0.0073476123413442635
MFN1,gene,0.019365663010786054,0.001785184341497818,0.00914661214471286
MFSD10,gene,-0.0026262918261510805,-0.007408358836355578,0.032416773666024405
MGAT1,gene,-0.013791819594207708,-0.0022657695531787757,-0.031820556675999645
MGAT2,gene,-0.007625770973350117,-0.013130004225617234,-0.013603502726613816
MGP,gene,0.012493261616943042,0.012582369781815785,0.004526762668128357
MGST1,gene,0.02816067979751883,-0.017346195585006573,-0.002373990380911987
MGST2,gene,0.000429161890838869,0.002460831446982632,-0.007293248667429468
MGST3,gene,0.015417698322436944,0.00012914724318428272,0.0028149856036020124
MIA2,gene,0.00687528928264422,0.011066046310142533,-0.011910661003476767
MIA3,gene,0.022712229438883246,-0.011134008276493718,-0.016852553993433522
MICAL1,gene,-0.03283194838933955,-0.008966505820897478,-0.013476266451810328
MICAL3,gene,-0.004079800023461731,0.0314020201774507,0.023105694457563063
MICALL1,gene,0.019889637975142916,0.010546970588821522,-0.012171846599967086
MIDEAS,gene,-0.0019077396131788498,0.020512808633642885,-0.0033610685399004326
MIF,gene,0.01974059269767874,0.018703422584163017,0.008027162401913522
MINK1,gene,-0.014280202700046386,0.010335334876512763,-0.007296203055947106
MIOS,gene,-0.015984250689788516,-0.008038582866140573,0.010182160924797646
MLEC,gene,0.005035428070831596,0.007663792001273931,-0.01354339956139986
MLF2,gene,0.022940098317073915,0.0009399332336447357,0.0011704723574640975
MLKL,gene,-0.01385146299322603,-0.008165055044277713,-0.02319434101635392
MMAA,gene,-0.01708498836354043,0.015387445941994997,0.0018408667041714484
MMAB,gene,-0.009759533637680862,-0.0030064421512833875,0.003564069312143142
MMGT1,gene,0.010468729900965354,-0.018205984376771952,-0.008799474696503157
MMP14,gene,0.02250848198951583,0.03094356066234867,-0.04014945847507538
MMP2,gene,0.0007079094313351424,0.03840298851714003,-0.03047976336510814
MMP7,gene,0.0013612678146442943,0.009972556378733587,0.015179146079120317
MMP9,gene,-0.018220994835570655,-0.004870576440596316,0.0014589227057577377
MMS19,gene,-0.003078304099765623,-0.012680577062713074,-0.003241205938551214
MMUT,gene,-0.006379942175115123,-0.002924137043596913,0.005167113219438316
MNDA,gene,-0.022347807713864767,-0.012381205677432382,-0.02040066458285396
MOB1A,gene,-0.022629413915155792,-0.0029518688411618267,-0.017611010996434213
MOB4,gene,-0.004853240742091416,-0.009831476928219429,0.0010958516441620203
MOCS3,gene,0.0013409742357140034,-0.002702834332817597,0.023460564380782443
MOGS,gene,0.021356679914562596,-0.008604015048009122,-0.0009728353094752423
MON2,gene,-0.0026496729352590612,-0.0009782379020097593,0.00021410506238596672
MORC2,gene,0.018687342248278983,0.002866990209741044,-0.00275968814616585
MOV10,gene,0.024011635724855093,-0.003524117969893347,-0.0023226633520677616
MPC2,gene,-0.0012061338413547043,0.00031949467161585524,0.011344246322132325
MPDU1,gene,-0.009314168871878395,6.474692957241468e-05,-0.01674166307820967
MPG,gene,-0.003584562701042406,0.026615514025831587,-0.008307898235182251
MPI,gene,-0.01958810361934398,0.00814932752160803,-0.0006889251467400621
MPO,gene,0.0007951974836053388,0.008718601096206398,-0.0046092572308918
MPP1,gene,-0.014491544122083259,0.0009805985593511863,-0.03775577743355151
MPRIP,gene,-0.0016161688771039646,0.026763521969570242,-0.017014231973108487
MPST,gene,0.006334904789712325,0.03679439918547461,0.01494369856034607
MRC2,gene,-0.0010498801369576807,0.034197872694430934,-0.033244869984659774
MRE11,gene,-0.01232884820063218,-0.005035390006042095,0.025505029551363263
MRI1,gene,0.02495759032609536,0.0434584428258314,-0.0170795693511091
MRM1,gene,-3.8334450440183074e-05,-0.022069695002550432,0.008166171142500421
MROH1,gene,-0.00816397893897097,-0.0034922650516995275,0.008532348377120798
MRPL1,gene,0.010761955026459461,0.006404946635914665,-0.005779669693631772
MRPL11,gene,0.010026823399854477,0.009424029011318377,0.016089843796442842
MRPL12,gene,0.017531354594859397,-0.010988457563688986,0.0038026694262225623
MRPL13,gene,0.008356872125328901,0.022472602082585003,0.01260027076010868
MRPL15,gene,0.0163760449516315,-0.0018326144294079914,-0.0026331871204566936
MRPL17,gene,0.01469502009164198,0.004870943254734361,-0.0015255632764519305
MRPL18,gene,0.01238587370687599,0.007542810174654406,0.011246988761548714
MRPL19,gene,0.02172093703121069,0.000638688267088011,-0.012338053837293536
MRPL2,gene,0.014128470024320279,0.012824361898192844,-0.008059053692790724
MRPL21,gene,0.004476997670903103,0.005846398886557966,-0.0103507473891726
MRPL22,gene,-0.0018563879684296435,-0.007600493069011394,0.028061278244901254
MRPL23,gene,0.011762966870544823,0.005989971734759318,0.0013614525729811241
MRPL24,gene,0.006265866910654939,-0.0006071087944956952,0.007604183292401001
MRPL28,gene,0.009556849999454362,0.0073060383035122795,0.006867891711294374
MRPL34,gene,0.009143481774980344,0.0009705102420633051,-0.004300079228058201
MRPL37,gene,0.011844248440981886,0.002786274879293911,0.003142532330310219
MRPL38,gene,0.014277894374657584,-0.0023562916051062255,0.005641214916783934
MRPL39,gene,0.013426820900859499,0.014467543278289464,0.0026994733677370886
MRPL4,gene,0.01163160373775787,-0.009490264810014392,-0.000321854549747134
MRPL41,gene,-0.002244427416467599,0.010006822745845278,0.006564071707530882
MRPL43,gene,0.011358253082695361,-0.004989004839657231,0.007233367594640254
MRPL44,gene,0.009579788183841585,0.006760168668120636,0.00016281056441810304
MRPL45,gene,0.011762661418581573,-0.004604362826697806,-0.004340396208956686
MRPL46,gene,0.014538190861222608,0.0009422622098360282,0.002681882558166053
MRPL47,gene,-0.002377499449350868,-0.003084549085480093,0.0017887920965598003
MRPL49,gene,0.008566362833943946,0.013567286308331945,0.011950056128637376
MRPL50,gene,0.01882220486609205,-0.0026139352862910585,-0.0004725260975735546
MRPL54,gene,-0.013721738372932854,-0.019331610596954096,0.022359839038420176
MRPL55,gene,0.004830314204471815,0.003907939294366619,0.0023469335085417294
MRPL58,gene,0.005675521884590715,0.01023521247985657,0.004377017919657664
MRPS14,gene,0.011649831874230774,-0.011478507493145775,0.0015822836755537205
MRPS17,gene,0.010131714805964916,0.019919714808911637,-0.017252899220617186
MRPS18A,gene,0.008746913327528602,0.02143656533548202,0.01012106385245186
MRPS2,gene,0.014745248712314453,-0.008074523224706991,-0.019587221762885108
MRPS21,gene,0.012494716727715734,-0.005172680340179821,-0.0020196308830517434
MRPS22,gene,0.009289864400722742,0.0143974582026614,-0.016454089411736966
MRPS23,gene,0.024515759463175295,-0.0034046505967104427,-0.010002996971614676
MRPS26,gene,0.013679093048517768,0.001313686738754073,-0.019894838045639903
MRPS27,gene,0.013364956546843165,-0.014949592198903641,-0.020453030831796063
MRPS28,gene,0.02357819834570533,0.004127269612769321,-0.007322168912301108
MRPS31,gene,0.0079429166380363,0.011753836996352417,-0.022832066430250392
MRPS34,gene,0.016817815800419373,-0.005153718218058112,-0.006736544304788312
MRPS5,gene,0.011157517692195605,0.00873768237645315,0.005765714988850668
MRPS6,gene,0.009891935260655066,0.011156524994464422,0.01418539652255542
MRPS7,gene,0.025937895367532326,-0.004624483147502435,-0.022703731510511624
MRRF,gene,0.0016417896217319667,-0.005119379447546685,0.015523071797582895
MRTO4,gene,-0.003091725151492815,-0.002997696724451928,-0.009413024924142392
MSH2,gene,0.02905694696620936,0.006345476438830897,-0.006641672614728915
MSH6,gene,0.027473596552033734,0.008670566062222633,-0.00575797068992845
MSI2,gene,0.003637494095193217,0.015495720253034789,0.026362351450081308
MSMO1,gene,0.00019224286023766744,0.00236706455954075,-0.002192579959420205
MSN,gene,-0.018910115631189623,0.017955149187842658,-0.02157249424790658
MT-ATP6,gene,-0.009609817052218576,-0.00034032838192351027,-0.00032504900301928464
MT-CO2,gene,-0.013783121654041313,0.021654158133332,0.0008290128964552528
MT-ND4,gene,-0.0011191435783981238,-0.003212743012470671,-0.007604444482862863
MT-ND5,gene,-0.014853137672437079,-0.006249614701081917,-0.0029924440288467986
MTA2,gene,-0.022364578666434355,0.004175466528374922,0.01581926383280674
MTAP,gene,-0.014436706204497983,0.006042960849769083,0.0045534980131606015
MTCH1,gene,0.017950574091713908,-0.014124576242536152,0.015224649448320898
MTCH2,gene,0.014868380998604639,0.003222669449561124,0.0021225658076195683
MTDH,gene,-0.006726562065557066,0.014295898899941338,-0.011789006427731336
MTHFD1,gene,0.0031267686426516674,-0.002011570576431132,-0.0275822610205141
MTHFD1L,gene,0.019147266690615533,0.0329113433451293,-0.012360576248625884
MTHFS,gene,-0.0051613766518700125,0.0063644640204593185,0.022748966057751906
MTIF2,gene,0.02327358900068696,0.008511060380553798,-0.005812630103310989
MTM1,gene,-0.01297799654036334,0.006935915068815663,0.021844772818599166
MTMR1,gene,-0.021897304641465345,0.0035625473944054828,-0.0014172856183400414
MTMR6,gene,-0.011932411168264346,0.006814902609211322,-0.015520048229115808
MTOR,gene,0.0012357485898672987,-0.0077681781425641555,-0.01096244102521576
MTPN,gene,-0.02363387649519483,-0.015455313545042803,0.0075445302155008115
MTREX,gene,-0.01322774666155147,0.0007006854207082315,-0.022313315377843965
MTX1,gene,0.01582449267416634,0.002090661824691014,-0.0050000037366796325
MTX2,gene,0.013016427824910123,-0.017103113892297923,0.01063806232208333
MUC5B,gene,0.0006959427102896937,0.005497225727816217,0.0011871743519338209
MUCL1,gene,0.009891737266880366,-0.003558600341800527,0.009553734650534409
MVD,gene,0.012230043515146567,0.00994059356493431,-0.022310829809910553
MVK,gene,0.007990784386935219,0.0075993402052639235,-0.022162809284734925
MVP,gene,-0.01616643031646613,0.028817012962223474,-0.03574142010295312
MX1,gene,-0.014899031012667053,-0.03058923454614035,-0.029005991728296085
MX2,gene,-0.028546823895584657,-0.012163239915786949,-0.017272246397327082
MXRA5,gene,-0.005809179877194913,0.03392346065173059,-0.028831116905487425
MYADM,gene,-0.0035422767933333786,0.0017152865866558265,0.005940924785864028
MYBBP1A,gene,0.015585622663503256,-0.012396950869066595,-0.0002837389654373376
MYCBP2,gene,-0.014485679554260377,0.0017747674555276683,0.0009179317223098462
MYD88,gene,-0.012008038082863173,-0.01602558209411796,0.008740495311918194
MYDGF,gene,-0.003463751660720908,-0.010990964024148885,-0.012702803583111877
MYEF2,gene,0.024610340447708774,0.0031994977746996034,0.02467748313273793
MYG1,gene,0.007085881737454698,0.03136905792997196,0.0009843013839488145
MYH10,gene,0.009217376907262272,0.02657864647204077,-0.022057398876727054
MYH11,gene,-0.003925976171558334,0.04655968982555054,-0.01311389519441798
MYH14,gene,0.012453848745368295,0.024384897980199164,0.012114443406847428
MYH9,gene,-0.0032184120362794702,0.04574821523564777,-0.023262876860845657
MYL1,gene,0.003834292249998681,0.0009147868733032776,-0.013869803122510398
MYL12A;MYL12B,gene,-0.00045590627057933586,0.031243066177915862,-0.01146660401941002
MYL6,gene,-0.009784008172600302,0.034549417132218214,-0.012969600350421847
MYL9,gene,-0.007703248899594656,0.023094928624678317,-0.018381238851971914
MYLK,gene,-0.0037100295853620432,0.03163517678689226,-0.01573445353732378
MYO18A,gene,-0.0281483867294121,-0.009711176710296464,-0.015182423020051905
MYO1B,gene,-0.002104116153535957,0.031184184657870085,-0.019721497194122337
MYO1C,gene,-0.005235559593244518,0.00437421109841221,-0.018157289438052445
MYO1D,gene,0.00429213220772914,0.03524241028144977,-0.016727471347493594
MYO1E,gene,-0.0013488968451657968,0.0013282646253070345,-0.017099667305019394
MYO1F,gene,-0.03203806682142353,-0.013431906015000824,-0.02110616094136226
MYO1G,gene,-0.03707038975960986,-0.006690868817013852,-0.007580629067079395
MYO5A,gene,-0.01889790128433691,-0.001301295735330393,-0.011581670351697498
MYO5B,gene,0.006088334350391869,0.008526384195589671,0.006625074660517848
MYO6,gene,0.024542820601938423,0.010762988964225997,-0.010058389934331988
MYO9B,gene,-0.02513611533105148,0.008968757111597189,-0.032573051878449014
MYOF,gene,0.00041868760384856696,0.034912538591932385,-0.036989294404019504
MZB1,gene,-0.021268465774229722,-0.011201712754847326,-0.007839513976441812
NAA10,gene,0.01573291073260724,-0.005946832797940146,-0.03714536142354445
NAA15,gene,0.016752362409737428,-0.010226618735548811,-0.01824940171813491
NAA20,gene,0.009245644467971735,-0.003552794235715065,-0.014768150709157744
NAA25,gene,0.012163103796543149,-0.011760511680205307,-0.02120172276929161
NAA50,gene,0.010501958959638161,0.008871491927847313,-0.005310602095058219
NAAA,gene,-0.013402506570371422,-0.0001608509830833096,-0.018397837879238797
NACA,gene,0.010299425084667333,-0.001204260436954503,-0.00976489616301802
NACC1,gene,0.018285059305670957,0.02794154200594145,-0.018613343653769873
NADK2,gene,0.008411443371842797,0.008541457750771723,0.00014924109909001646
NADSYN1,gene,0.005927355242617363,-0.01799738210411641,-0.004978207970978801
NAE1,gene,0.02138132128514507,-0.020216016562286897,-0.003558374607439285
NAGA,gene,0.014626049438811985,-0.0002706221948367096,-0.011933729713728405
NAGK,gene,-0.018680460374301315,-0.019683081856810936,-0.014827506707577263
NAGLU,gene,0.005835038881444444,0.008346839632125116,-0.008959690372970444
NAMPT,gene,0.0034087096392287843,-0.019748454545575327,0.003827831174152366
NANS,gene,0.005242476055585876,0.02705631776964929,-0.010409622951293076
NAP1L1,gene,0.016878966271274613,-0.0036220259804679764,0.00031811410811484123
NAP1L4,gene,0.0045544416696648585,0.002224607985647974,-0.006560391741445747
NAPA,gene,-0.018947107009239298,-0.022838923341753286,-0.015426830906202145
NAPG,gene,0.0023186263590498977,-0.01854477740192586,-0.010435529273372816
NAPRT,gene,-0.00030885896345176576,0.037219991104860614,-0.023660670450115235
NARS1,gene,0.006372638349821992,0.020011321183501057,-0.015195179583884732
NARS2,gene,-0.0010929897716305135,-0.030226896040691453,0.012386400102442534
NASP,gene,0.019436913959119635,0.006989343383672618,-0.0260930327217915
NAT10,gene,0.00837717892192067,0.0007067877197666143,-0.008781106232550849
NAXD,gene,0.009385817128437706,0.012606281967913035,0.016373088771484808
NAXE,gene,0.021526788875791004,-0.025521459514036914,-0.0028478360143722016
NBAS,gene,-0.025308753367583127,-0.00278856571226947,0.013527033047192829
NBEAL2,gene,-0.012220416660385633,-0.01738779892559244,0.0008438081872422948
NBN,gene,0.00404608367541248,-0.016838858952393506,0.017553994463211875
NCBP1,gene,0.012684074283142544,-0.013347564659606716,-0.013825938743094813
NCBP2,gene,0.004223878588476556,-0.015634012422203494,0.0022472776536834054
NCCRP1,gene,0.005041243049054363,0.007101061066591666,-0.003953485656430554
NCEH1,gene,-0.01913710431276554,-0.000833939721904372,-0.037355862613245056
NCF1,gene,-0.02705701530344103,-0.007840925778223514,-0.02473413613036267
NCF2,gene,-0.008986670497019596,-0.019604520367945532,-0.03831976994739278
NCF4,gene,-0.018991033585457825,-0.016249486697874016,-0.04088512498353873
NCK1,gene,-0.015703994432845543,0.0023876962936536256,-0.023154839716209876
NCK2,gene,-0.007833953801547373,0.014791711304900841,0.008299138516841225
NCKAP1,gene,0.006209808319351602,-0.004439770381226827,-0.0006363189341840363
NCKAP1L,gene,-0.03391269744088572,-0.0028639773618829795,-0.011910770274404021
NCKIPSD,gene,-0.0009033822228846683,-0.02104031930034445,0.0005037571460357229
NCL,gene,0.006458048382724947,0.008173490734414163,0.012295392124870016
NCLN,gene,0.0005082983235945348,0.0023557796005716464,-0.010634802907400662
NCOA5,gene,-0.007601407254481634,0.002500672261611181,0.007094135600002192
NCOR1,gene,-0.009320957930113461,0.029341574550190836,0.02193174838375949
NCOR2,gene,-0.001795811955609571,0.006829734072260566,-0.0023404379442208637
NCSTN,gene,0.024207380886950004,-0.01885215194340979,-0.005285746397986443
NDE1,gene,0.003428819215783713,0.016095648273813268,-0.016627452363684948
NDRG1,gene,0.01769622752475037,0.03689269943575471,0.012715846877602565
NDRG2,gene,0.017373857351889302,0.012877078519763876,0.020696167992082824
NDRG3,gene,0.0013660614145795684,-0.002061254934828991,0.007936633586252411
NDUFA10,gene,-0.00654233290316392,-0.008835348779803836,-0.0012857691163783123
NDUFA11,gene,0.004282632570187535,-0.0018079009938992202,-0.0022987607627114686
NDUFA12,gene,-0.008457743338346662,0.011730013474351136,0.007117624725557863
NDUFA13,gene,-0.005316800089952735,0.018786338569329417,0.007487801960354134
NDUFA2,gene,0.0007261414518991916,0.02673562461491022,0.005258316016218671
NDUFA4,gene,-0.006488567542986567,0.0021661806937396328,0.009099567275263632
NDUFA5,gene,-0.003071589251492674,0.003211374521235572,-0.0013743288663473053
NDUFA6,gene,-0.0041461270261964585,0.010278439067275939,-0.0027174007859059306
NDUFA8,gene,-0.003814503115094938,0.000936039029220392,-0.0001806735411103697
NDUFA9,gene,-0.0018577355178735764,0.004326619932521634,0.0036274703444918975
NDUFAB1,gene,-0.00572236607135728,0.004162877785988078,-0.010043621542649747
NDUFB1,gene,0.006350545131268695,0.014208994995930303,-0.004263907245404764
NDUFB10,gene,0.0037493399831701655,0.0030171203503787805,-0.0013944357378835753
NDUFB11,gene,0.01373962365888634,0.021245586195079005,0.004507649308904964
NDUFB4,gene,-0.01141435336249565,0.004401201950588965,0.009458859383819232
NDUFB5,gene,-0.004600767594223268,0.018677347736350353,0.00010747517297333487
NDUFB6,gene,0.007965130850459289,0.008362682105824958,-0.01864483602361635
NDUFB8,gene,-0.007912200246335741,0.017307597464452998,0.004193333363272076
NDUFB9,gene,-0.01221306108797615,0.026131232279347875,0.0013425247713941978
NDUFC2,gene,0.006988463168319159,0.00464136521954748,-0.01129664838729318
NDUFS1,gene,-0.014387896477763455,0.023834934106798364,0.005347901561106487
NDUFS2,gene,-0.006345382930877801,-0.0065726309185629266,0.00978718584343633
NDUFS3,gene,-0.0061199080870788965,0.010346717861179829,0.013066570381727781
NDUFS4,gene,-0.013173577129604683,-0.005451238165462354,-0.0012101350420405052
NDUFS5,gene,-0.015015352655595074,0.00330446699046487,0.005291542035820833
NDUFS6,gene,-0.012306195849599518,0.012169331145883294,0.01785007965355093
NDUFS7,gene,0.0008455033539783816,0.007605886338965864,-0.0046856535864804065
NDUFS8,gene,-0.0015329399494728412,0.012390237613304543,0.009553931049939655
NDUFV1,gene,-0.014285906283223416,0.0015066568792268889,-0.0012439857203910558
NDUFV2,gene,-0.0117214954173773,0.012067510386169314,0.0029003143385970837
NECAP2,gene,-0.026808235117328025,-0.005946764221113796,-0.015209991968586032
NECTIN2,gene,0.01534987399983094,2.996422378673308e-05,-0.0034211156095353295
NECTIN4,gene,0.012497598935179618,-0.002091718844197274,0.022075432340187776
NEDD4,gene,-0.009116143306361844,0.02319772643969498,-0.0008455778631471773
NEDD8,gene,0.014475829068368813,0.0014835742422512474,0.011559832977498167
NEK7,gene,-0.02868982452246849,-0.0060633991780573914,-0.0008952953256833925
NEK9,gene,-0.031382853215393205,0.003592408633268116,-0.004554728825356811
NELFA,gene,-0.004963069473700151,0.0015355771595205892,0.028077290774806876
NELFB,gene,0.004203541744792141,-0.013747641564894626,-0.005838501572069091
NELFCD,gene,0.004357106379630847,-0.03545340162054012,-0.004014585876734403
NELFE,gene,0.007005154333463933,0.0008683117747078814,0.016278914620298793
NEMF,gene,-0.002423264459713547,0.0070974012807354814,0.006864657930451455
NENF,gene,0.004470748706064582,0.00923976696702803,0.01560253286937457
NES,gene,0.028417268008478776,0.019190928510017698,-0.026505839792076626
NEU1,gene,0.016445911601562214,-0.0033551207554180494,-0.002471108411184195
NEU2,gene,0.0015721388004477877,0.0115420113683283,0.007071207314523336
NF2,gene,-0.006129606824940457,-0.02150477504356468,0.004171082919903091
NFATC2,gene,-0.03214905989235598,0.002184217771925561,-0.00453711033238879
NFATC2IP,gene,0.008566717103603379,0.026137872477472547,-0.004217780144602323
NFIB,gene,0.015463862694687693,0.00911165697811978,0.024554972925894092
NFIC,gene,-0.0029326624760441225,0.007737039316318205,0.013255972759721044
NFIX,gene,0.022634882475172084,-0.006583362555689492,0.024840217101028714
NFKB1,gene,-0.03615122158755303,0.0038130790424294146,-0.0012400468238836098
NFKB2,gene,-0.01906389158742759,0.01748268432924221,-0.023225933634884725
NFS1,gene,0.0009146202259629678,-0.007740843323243247,6.253470578829076e-05
NFU1,gene,0.029215852656896003,0.007779208806776206,-0.013753182209547576
NFYB,gene,-0.006799680703514501,-0.016516054919194507,0.005619582774401433
NFYC,gene,-0.005700667369263609,0.0011959216430348378,0.009597266297765064
NGLY1,gene,-0.0166970291178875,-0.0021472151375137843,-0.003912812215300736
NHERF1,gene,-0.014817671279579133,-0.020037023685804047,0.017513180220574274
NHLRC2,gene,0.020696702355737576,0.009269117758821475,-0.003099047151049639
NHP2,gene,0.0002134314842427683,-0.00046014462051799593,0.029606083806609167
NIBAN1,gene,-0.022452180163899615,-0.03008850898274517,-0.007882021271651269
NIBAN2,gene,0.015909064574522836,0.02051012518735273,-0.011629346818742201
NID1,gene,-0.008284573122857937,0.036115868632011654,-0.0259598380524862
NID2,gene,-0.011128640212278884,0.03646006957890879,-0.033410675721655715
NIF3L1,gene,-0.006444935822144409,-0.003701347461070613,-0.005013457735119817
NIFK,gene,-0.0003523822315659185,-0.015441837611860203,0.006592505561419572
NIPBL,gene,-0.0027974387487476496,-0.008077654101512498,0.0007827867064115322
NIPSNAP1,gene,0.013477897323823611,-0.005173654380390691,0.027033389267060913
NIPSNAP2,gene,0.017299827899356343,0.006153108356232455,0.02742977341838694
NIPSNAP3A,gene,0.010720598540527792,-0.004475697080464577,0.00695440348190014
NIT1,gene,0.0035406991146656745,-0.039750156779757115,0.009470053907742547
NIT2,gene,0.022372482719985754,-0.016420715468058122,-0.0010667816315988018
NKPD1,gene,-0.007430835838286028,-0.0046308780553551195,0.008889475446970838
NLN,gene,0.021910599637803327,-0.009563148581372,-0.013581049887667555
NLRX1,gene,0.0015088138351258618,0.017458048880675234,0.0026609980543342827
NMD3,gene,0.022438222429738846,-0.013569273461238412,0.0006117347010828465
NME1,gene,0.020975169150053045,-0.027441606675382493,-0.0011820884351814635
NME2,gene,0.03138489967758475,-0.024318239741657838,-0.014604205015610518
NME3,gene,-0.012838992096318648,-0.013204831442159405,-0.0005808041136126048
NMNAT1,gene,-0.003494849611328573,0.02240181991323399,0.008156305458195054
NMT1,gene,0.009818692533041908,0.008117185857182792,-0.005398754960407196
NMT2,gene,-0.014405832476915473,-0.0007896740490531522,0.008733122095782463
NNMT,gene,-0.012895290603871354,0.023050113055021203,-0.0346571993060585
NNT,gene,0.0018806897371478329,0.020216608677706728,0.014785654720629378
NOB1,gene,0.012196766704105213,0.008489149382888452,-0.002436776955434935
NOC2L,gene,0.00281116353604226,-0.003049364133092465,-0.004198816180533815
NOC4L,gene,0.008719559738739406,0.005646791603719845,0.0035421142333510705
NOL10,gene,0.011168266115346638,0.018770896525934673,-0.0015025578115729628
NOL6,gene,0.006934485537930766,-0.0010640342933743948,0.013077751665213045
NOL9,gene,0.007669483601665144,-0.0022705912755757963,0.014901116491722896
NOLC1,gene,0.013371628034654894,-0.00921991177319755,0.01202076677208919
NOMO1,gene,0.0021454747980359326,0.001256750850933872,-0.020844173530047853
NONO,gene,0.0023551712815411113,0.018429908211394674,0.013950870271735041
NOP10,gene,0.006220478701328177,0.006739325591095246,0.005218425861172563
NOP14,gene,0.0079793042915326,-0.010810941522463743,0.0008814195020767283
NOP16,gene,0.010474981629848567,-0.016263898708006822,-0.012033461068190929
NOP2,gene,0.02291857215377946,-0.007354345624005251,-0.010027004995617959
NOP56,gene,-0.007335865818283747,0.011101913897150841,0.025805949899189273
NOP58,gene,-0.007757447674545636,0.010431146253374667,0.028370755953651853
NOP9,gene,0.0028063861937290373,-0.007263166795445836,-0.0005858157700240174
NPC1,gene,0.0005025614043888535,0.005439218391561701,-0.012289475033280553
NPC2,gene,0.0010379410602195122,-0.011865846885882887,0.006319984514943191
NPEPL1,gene,0.026336244700710432,0.015532721771746374,0.007281778223193967
NPEPPS,gene,0.0018491725352041742,0.000312242790568624,-0.004068755044905239
NPLOC4,gene,-0.009591964068433614,0.00010026143844370607,-0.022507177938106762
NPM1,gene,-0.0022134576989640835,-0.00512325622356357,0.013310648368907512
NPTN,gene,-0.0021839167054998688,-0.00020722833374889658,0.008908693355592731
NQO1,gene,0.015830252545008406,-0.0007149465003966316,-0.010893455095344043
NR2C2AP,gene,0.00865825008928917,0.035700535973556616,-0.011238043866026112
NRBP1,gene,-0.012245463646636666,-0.0186062371069202,0.002019232671286412
NRDC,gene,0.009250994903637602,0.0008553367750249267,-0.007090146551954977
NRF1,gene,-0.025702329685112924,-0.00401348946755877,0.008439160328104281
NRM,gene,0.009079628213644917,0.010304015433545246,0.004030486064192722
NRP1,gene,-0.0006154466080314126,0.01763074324629435,-0.016609674924707187
NSDHL,gene,0.018527370752689648,0.012798268580290397,-0.018034907238072887
NSF,gene,-0.01950078162094049,-0.014988234072510431,-0.01734878061607232
NSFL1C,gene,-0.00261720847646457,-0.013351504413814053,0.01518905853010703
NSUN2,gene,0.028397725149890012,-0.011975587923009156,0.002320051555353568
NSUN5,gene,-0.009586187355629676,-0.02317281227273585,-0.002860838031307364
NT5C,gene,-0.028257483961814565,-0.009979152784391968,0.01840938238114171
NT5C2,gene,0.01915922239863704,-0.011548829105206587,-0.0017886121928589412
NT5C3A,gene,-0.007171873731786149,-0.01173380075693412,-0.021199310393706972
NT5DC1,gene,-0.013138262136725715,0.0021822593167173466,-0.007578413251009482
NT5DC2,gene,0.02067930104498069,0.0045984640697509585,-0.013265252599963391
NT5E,gene,-0.02039884832081166,-0.00980370306556593,0.00521946600732603
NTHL1,gene,-0.0039133220752551705,0.038355941543311345,0.0005054487145058578
NTPCR,gene,0.020944816097515317,0.007907869771085659,0.01593834369740271
NUB1,gene,-0.01951843002080861,-0.022719408387433148,-0.014744138284325626
NUBP2,gene,-0.011759109922917442,0.025437457149912954,-0.016729517935409777
NUCB1,gene,0.02103529166493154,0.007477114879129727,0.00033769560424159626
NUCB2,gene,0.0039073749187410025,0.017756589770305437,-0.011096312018793996
NUCKS1,gene,0.0019693441764627403,0.013655920841611238,0.006378124448253485
NUDC,gene,0.023031996787586956,-0.014883535146755162,-0.02484264835892586
NUDCD1,gene,0.031396566301811785,-0.0019232700868664046,-0.011363845235431528
NUDCD2,gene,0.0056440404025136426,-0.015868408033984108,-0.0007706034743565095
NUDT1,gene,0.013418465051962758,-0.012191863680675931,-0.01074552762925103
NUDT16,gene,-0.004402169177741157,-0.012137737018370525,-0.0027359514022564334
NUDT16L1,gene,-0.0037287052630239027,-0.015589687398971186,-0.0003239944284378125
NUDT19,gene,0.027240497291846386,0.016736498201894004,-0.00972297224234207
NUDT21,gene,0.017577775583491512,0.00735449707396217,0.008754006480663526
NUDT3,gene,0.0001571187193783834,-0.0009790473093936082,0.001256173475274417
NUDT5,gene,0.011772745126474754,-0.020652676777253628,0.00372229513444979
NUFIP2,gene,0.0225322715700351,-0.004170905850852256,-0.007144967479354866
NUMA1,gene,-0.011616020345470915,-0.02109644803682509,0.03999796508471454
NUMB,gene,0.004350064565489584,0.03399094769472622,-0.010602774886731921
NUP107,gene,0.0004445447962022193,0.029690819799912803,0.017700167177829056
NUP133,gene,-0.003960234909490859,0.03256826206654963,0.015337503302174177
NUP153,gene,0.017578334909939958,0.034410619477615256,-0.0009194699811898568
NUP155,gene,0.013865547132677616,0.026224452320712972,0.005862310314263239
NUP160,gene,-0.0020082831216474543,0.01877312913339721,-0.0006764354095361245
NUP188,gene,-0.006860585445678826,-0.013196585169049743,0.015350231395783282
NUP205,gene,0.009253104602359676,-0.0010548114003808846,0.013944998183637912
NUP210,gene,-0.005176880723108265,-0.017986597025760505,-0.004149410782918249
NUP214,gene,0.007808058879991469,0.014700818885393365,-0.011818085146584561
NUP35,gene,0.007735277991919049,0.025479059472722696,0.019386329285818505
NUP37,gene,0.007282209994138068,0.024956215094647398,-0.0020504063022896094
NUP43,gene,0.004058651072440846,0.019938220126887018,-0.0017803039758856106
NUP50,gene,-0.012420766583257256,-0.0038506685745327094,-0.011107620648082746
NUP54,gene,0.003014391791820037,0.03408415763277133,0.004525077908054092
NUP58,gene,0.001215231190839339,0.023822678405477696,0.0012540641944014418
NUP62,gene,-0.00335943101927209,0.0066836325710665345,0.001897708531329646
NUP85,gene,0.00338673091853837,0.01701526524811721,0.017276135242618985
NUP88,gene,0.01147545868155862,0.02553702486171151,-0.00784033185093883
NUP93,gene,0.017223896878766302,0.01372620485012658,0.016758519005917027
NUP98,gene,0.0051079835139357845,0.02558450103350813,0.008935160839966967
NUTF2,gene,0.018093409877977345,-0.006878812403082503,-0.0031489943929710247
NXF1,gene,0.01625736507389373,0.008554478017803914,-0.004620434151985465
NXN,gene,0.009080580321925371,0.026718919848661916,-0.019913494468277563
OAS2,gene,-0.018780531989946326,-0.02500292260393418,-0.015388631401173355
OAS3,gene,-0.015804084956196753,-0.022219696424486162,-0.029811140870653584
OASL,gene,-0.012848513724393025,-0.014862048553372482,-0.017937249304674146
OAT,gene,0.03630480784725229,0.017088388031234927,-0.010818872709833904
OCIAD1,gene,-0.00507268078418866,-0.006452643906654524,0.0014462285690018833
OCRL,gene,0.002336720099441109,-0.013478804841016491,0.010701661683441083
OGA,gene,-0.015583717954004475,-0.005135303238466309,0.01846300324655689
OGDH,gene,-0.029792180062159532,0.00662001876709342,-0.00031125066798799386
OGFR,gene,0.0016604479527071272,-0.04096615078500015,0.005393187861903758
OGN,gene,-0.026175518348517782,0.01440564837939464,-0.012189719681641611
OGT,gene,-0.0009850124409609064,0.0073944299620647145,0.015718228565706427
OLA1,gene,0.026348598251497504,0.0006774509330282944,-0.010543564519470135
OLFML3,gene,-0.02478983367947552,0.006054317738352827,-0.018830514324958508
OPA1,gene,-0.0012882100757591012,-0.0022046996154324277,0.018226752612703546
OPLAH,gene,0.035753276608923724,-0.0014271496744550666,0.006499967987427388
OPRPN,gene,0.003511203192166871,-0.004658492916096198,0.0007265841526369954
OPTN,gene,-0.025418974088786073,0.003261683702361642,0.006959699815232621
ORM1,gene,0.002319413763312751,0.00959711922463025,-0.01229961317432044
ORM2,gene,-0.00014385313368829323,0.002379489597978243,-0.01595383308483262
OS9,gene,-0.0007711058126351799,-0.0036316530429521426,-0.004607760539226765
OSBP,gene,0.018918696661030694,-0.00026719145601679703,0.004393937451701279
OSBPL11,gene,-0.014808931178214944,-0.007885882226852601,-0.030498741821316094
OSBPL1A,gene,0.014661390425165345,-0.02876454503880422,0.007669480864015009
OSBPL2,gene,0.005736632312122073,0.003590458105798952,0.00933021174429414
OSBPL8,gene,-0.0217480584644932,0.019214625120018678,-0.003807219465083744
OSBPL9,gene,-0.016626025399537336,-0.013422778154164015,-0.006424255389939589
OSGEP,gene,-0.013593804836228279,0.0025395591422676333,0.02951093099425616
OSTC,gene,-0.012540720201769074,0.0007961750634119176,0.006147545047284866
OSTF1,gene,-0.03271846941881249,-0.006734571633859849,-0.01581246262222227
OTUB1,gene,-0.015673688151189975,-0.01726340387973067,0.001081196624714853
OTUD6B,gene,0.02658324505102535,0.0025301970176313565,-0.028681334043692493
OTULIN,gene,0.010241662100471113,-0.0022594904936452664,0.008897943958206185
OVCA2,gene,-0.02143459241500285,-0.010454172432690811,0.017388634451336468
OXA1L,gene,0.015515962113921002,-0.00332071808642868,-0.011269541118694762
OXCT1,gene,0.00046364139513185615,-0.036155777713889725,0.038996264093130985
OXR1,gene,0.00038168000724426825,-0.013789062112573008,0.0008028954319374518
OXSR1,gene,-0.02600241345791875,0.0004027449455046958,-0.010970500295811593
P3H1,gene,0.022017440015872174,0.018974461696586148,-0.05174512961703945
P3H3,gene,0.03720272669688921,0.013560108405852951,-0.03229988338923945
P3H4,gene,0.022501719929044265,0.0031764317520401983,-0.03610933814964399
P4HA1,gene,0.028984750986376217,0.014354176508700987,-0.028667961784346132
P4HA2,gene,0.015207753943832319,0.03134026680743413,-0.01471532298903728
P4HB,gene,0.018545150167593907,-0.012080379899849059,-0.03507780508407213
PA2G4,gene,0.002927067609124614,0.016676958644799234,-0.015981173013871273
PAAF1,gene,-0.005818092537837061,-0.01668633003978329,-0.01517751163426891
PABPC1,gene,0.02608661962168237,-9.729544851779887e-05,-0.023666594499231176
PABPC4,gene,0.03258233090985574,-0.0019927258988783054,-0.021504860301527217
PABPN1,gene,0.01314653188509439,0.023496634865048008,0.008158640719967657
PACS1,gene,-0.03421645420138641,-0.013287481503083072,0.011824083936120168
PACSIN2,gene,0.008798196123948027,-0.0007081173072373199,-0.0006481422907547264
PACSIN3,gene,0.012127719072587405,-0.011867730758412581,0.021581120703780078
PADI2,gene,0.02749196219634295,-0.020921544930044965,-0.005538108523781086
PAFAH1B1,gene,-0.0069905914929558974,-0.013108116407323834,-0.01830506222408844
PAFAH1B2,gene,-0.003261467985911066,-0.010552956679904291,-0.0008325742455521373
PAFAH1B3,gene,0.030757536876139222,-0.008230643040513207,0.016319811432535365
PAICS,gene,0.02235046647794919,-0.022273126090562586,-0.016133578586894674
PAIP1,gene,0.008456308849535698,-0.02809771841063228,0.007840715063048228
PAK1,gene,0.015625882316987274,-0.014904042266577197,-0.0021321959073662285
PAK2,gene,-0.005976636064664638,0.002589298358354679,-0.005106546116101601
PAK4,gene,0.022759893453616696,-0.0051950114751622275,0.0063775524626739
PALLD,gene,-0.0009957388453008,0.044183979574281544,-0.014997514448315936
PALM2AKAP2,gene,0.0034742065662162953,0.013317233689350456,0.010921505754942095
PALS2,gene,0.0013205566161427053,0.01644409056388867,0.01796269642189675
PANK2,gene,-0.026868746024369877,-0.02275923306916823,-0.0027882376238943588
PANK4,gene,-0.024455211745318256,-0.0015482939493720272,-0.010275741437321044
PAPOLA,gene,-0.016104051235983532,-0.008424270799579843,-0.01748726527363434
PAPSS1,gene,0.017457841660684467,-0.0164620299542561,-0.0010326993340751126
PAPSS2,gene,-0.0007046361513744753,0.002319946692035558,-0.00421557533424055
PARK7,gene,-0.007269556504711362,-0.007697090337947896,0.010316362841942336
PARP1,gene,-0.017813931753144902,-0.011643827882216093,0.02079369604607948
PARP10,gene,-0.019779558235869965,-0.016639141280144775,-0.020934641166529346
PARP12,gene,0.008295439912007293,-0.026023048147985704,-0.028622801662276532
PARP14,gene,-0.020949197507056302,-0.020838119522455904,-0.025166020000792634
PARP4,gene,-0.013777075728251511,0.030397154430477292,-0.028562851082776265
PARP9,gene,-0.010554133420710246,-0.03760561455268004,-0.028568266429203314
PARVA,gene,-0.0014357009501208267,0.03777847583539561,-0.008764867661562117
PATL1,gene,0.013921958038943413,0.01577134150906259,-0.011889002255611503
PAWR,gene,0.006390105779951482,0.044358052287981356,0.003708615296796921
PAXX,gene,-0.03480247869056909,0.0007349159630610067,0.0018175879269242174
PBDC1,gene,0.0058665295007546145,0.004407280275325589,-0.007530994929545433
PBRM1,gene,-0.010232977414552157,0.027945079906188244,0.01159395376734172
PBXIP1,gene,0.011263522687521137,-0.008521256016035261,0.00913354654733605
PC,gene,0.008267079314010689,0.013140862064775705,0.006372897532197325
PCBD1,gene,0.018886151250584026,-0.00285710185603423,0.028457348130672258
PCBP1,gene,0.0013813041167229174,0.01565546828975269,0.011352013321452836
PCBP2,gene,-0.0009194594078198435,0.015507094379505157,0.0009102280658384206
PCCA,gene,0.005830400750960438,0.016426788726259158,0.0116602422214786
PCCB,gene,0.012952464840153778,0.024404183504456525,-0.008208349128820062
PCF11,gene,-0.003067854460464792,-0.011360473489597296,-0.016538179814522606
PCIF1,gene,-0.01594844919668822,-0.0040806860031108545,0.02209398524881734
PCK2,gene,-0.01863305270450768,-0.0143887398410397,-0.010643400942756585
PCMT1,gene,-0.013466305995990838,0.012236016713703078,0.017773207241554196
PCNA,gene,0.028883913523067337,-0.010759517105276712,-0.013498505480505312
PCNP,gene,-0.0014020048448742499,0.0265310993496373,0.0009032921062457547
PCNT,gene,-0.00912330732105345,-0.00022922523804131962,-0.0015500045175792791
PCOLCE,gene,-0.008511118666108094,0.03680296760401703,-0.027506092336391723
PCYOX1,gene,0.0063594840622160295,0.009134812026644854,0.013072521924955987
PCYOX1L,gene,-0.008066034765883981,-0.004733483579433906,-0.011838768510546254
PCYT1A,gene,-8.581088593098292e-05,0.025279153681294582,0.011387755374695496
PCYT2,gene,0.0112351709949865,-0.021663332505903205,-0.01107760559388124
PDAP1,gene,0.01670183629840657,-0.011763737324750818,0.026525790361339324
PDCD10,gene,0.0042546177205279945,-0.014594128185609217,-0.003691893331589975
PDCD11,gene,0.009881942048280785,0.008943090494795752,0.005982480000688353
PDCD4,gene,-0.03398228288580905,0.03444157120117276,0.03142301495779925
PDCD5,gene,0.024361812249288878,0.001251008939190063,-0.015075983424701607
PDCD6,gene,0.019686950410606353,-0.006233761755509663,0.005480986635388856
PDCD6IP,gene,-0.022756379620513058,0.00161439805438467,-0.009612054927674748
PDCL3,gene,0.004511601018822933,-0.002973241052346117,-0.011943571739161022
PDE12,gene,-0.014030275715674006,-0.00551655275001354,-0.010840990086338488
PDE4DIP,gene,0.008858929857674117,-0.012148165745001181,0.026844172816764753
PDHA1,gene,-0.00906785673009012,-0.00782176068904413,0.013451017471041436
PDHB,gene,-0.008371308980873966,0.02808242385717633,0.017520948218149333
PDHX,gene,0.01480151339102798,0.00530127251772697,0.001663629534382482
PDIA3,gene,0.008922497596392149,-0.03088235156554832,-0.03649706265895863
PDIA4,gene,-0.010658546003739954,-0.01895600481216198,-0.013738069364936312
PDIA5,gene,0.0067001569150637414,0.005768263457505009,-0.027104524447620102
PDIA6,gene,0.010128564031194272,-0.005980712924917046,-0.015760914454048328
PDK1,gene,-0.01348311936729438,0.006216777258515888,0.00421993007108118
PDK3,gene,0.019688820995820682,0.030694870375160936,0.023950657913823083
PDLIM1,gene,-0.023947350193045672,0.0341456696053029,0.005053184584763003
PDLIM2,gene,-0.015402743247472381,0.04042474127188002,-0.008383109595406729
PDLIM3,gene,0.006997889486906376,0.039992002834217805,-0.02193532755876635
PDLIM4,gene,0.006091832178943558,0.04906771614676372,-0.013959010427759619
PDLIM5,gene,-0.0024937863371223504,0.01929041387591833,-0.011882529833780537
PDLIM7,gene,-0.00016677140407008275,0.04348731211464018,-0.025126127469267474
PDP1,gene,0.010739475563784658,0.004740016523926713,0.008505025672244147
PDPK1,gene,-0.008396008184248615,-0.0057403336863341885,-0.009942422409960067
PDPR,gene,0.014949606286769212,0.013975805489155002,0.01865523821595752
PDS5A,gene,-0.03122797341458219,0.011397228205326744,0.014762483167829436
PDS5B,gene,-0.009920194669265713,0.01155792451662242,0.001400746554941221
PDXDC1,gene,0.03255687575455836,-0.01657417311728567,-0.015418303418895066
PDXK,gene,-0.0028649774900873586,-0.021882694929247996,0.00408378768833726
PDXP,gene,-0.02365459081080078,-0.0025582866778413693,0.006598136078007364
PEA15,gene,0.012154960915996358,-0.02341890280726975,-0.01634639600447297
PEBP1,gene,0.005475962439368591,-0.019925633914292147,0.016683779309291356
PECAM1,gene,-0.020811574857067913,-0.0018320875915503027,-0.016731401335284897
PEF1,gene,-0.0016760080220650404,0.022444570177856633,-0.0009158627549105159
PELP1,gene,0.022463346133963124,0.009792797173884793,0.010884353226859522
PEPD,gene,0.005995593831922637,0.006774891318440971,-0.004580755168115507
PES1,gene,0.0111157860659365,-0.014105790454611782,-0.003850698499033017
PEX11B,gene,0.008421575574400148,-0.009766287810884336,0.0019950233577529495
PEX14,gene,0.0076804352784639734,-0.0012257078736177195,-0.022683144058270918
PFAS,gene,-0.024196142029076197,-0.0008033072340116837,-0.010172267760617075
PFDN1,gene,-0.0004938565784526483,0.026207417978063717,0.004574910524176126
PFDN2,gene,0.022306142213704215,-0.02120312515303399,-0.011526917817373663
PFDN4,gene,0.0064058140155173835,0.008480097933927065,-0.00022082540683114087
PFDN5,gene,-0.001322850114851175,-0.033265330069766764,-0.00700858912369927
PFDN6,gene,0.016267813214113615,-0.026421315543557086,0.004158341372292747
PFKFB2,gene,0.008321525538214927,-0.005764534301262607,-0.011213765799919582
PFKL,gene,-0.010295406408993625,-0.01810150884130595,-0.015536782312305349
PFKM,gene,0.00970205038151185,-0.01390893875586252,-0.013162803800131793
PFKP,gene,0.0047897950184167416,-0.030381401789464076,-0.03878829408241555
PFN1,gene,-0.02752644737719558,-0.008147146853505528,-0.012478031188278404
PFN2,gene,0.03331190745939743,-0.02945292975369261,-0.0008020897741245163
PGAM1,gene,0.0027252351291691007,0.009038560295593877,-0.012712346497878783
PGAM5,gene,0.022250648907747847,-0.003840607810944778,-0.005154809771870565
PGD,gene,-0.023261154944710018,-0.0016257187573131516,-0.024587130381588322
PGGT1B,gene,-0.01579355433716093,-0.021642963429857772,-0.0029122477435426512
PGK1,gene,0.0012633889971869346,0.016161257231920214,-0.006230378079487523
PGLS,gene,0.023964045571253985,0.03487122580389185,-0.011164666337310107
PGLYRP2,gene,-0.01526037465315033,0.02490136662077902,-0.03153270678785488
PGM1,gene,-0.0007296093875561172,-0.007894577040254338,0.018619433931120567
PGM2,gene,-0.020007937244804052,-0.005058231575160207,0.002324316049026565
PGM2L1,gene,-0.012669120800192488,-0.008061591731382493,0.011091436164709766
PGM3,gene,0.025600107744804937,-0.007749780104112495,-0.014499686234027424
PGP,gene,0.0032729678658303956,-0.015225026326314584,-0.019802710446108256
PGRMC1,gene,0.03261969610036299,-0.005833174886131724,0.005421681017075876
PGRMC2,gene,0.008181355131520695,-0.0033246478830093263,-0.0016051999663060216
PHAX,gene,-0.018794448989038703,-0.004487996921038146,0.0042747640205351425
PHB1,gene,0.0286294097535861,-0.0019678089198836364,0.010376653276624953
PHB2,gene,0.027485635066736108,-0.005212647130460062,0.009788864426794688
PHF14,gene,0.013681704688059326,0.011477010225800959,0.0008192101219134521
PHF5A,gene,0.0012492618691946529,0.004754793314585457,0.001036989790991911
PHF8,gene,0.0008126235300761681,0.015515186995725872,0.018784463904569886
PHGDH,gene,0.0335528354027681,-0.013724107397623649,-0.006863294628707054
PHIP,gene,0.0038904580177922432,-0.010392591447759033,0.016090215437958622
PHKG2,gene,0.008420485443220651,-0.010251261455320562,0.010752657047589284
PHLDB1,gene,0.0016205735363989573,0.030484465931099162,-0.035218923135134333
PI4K2A,gene,-0.012865667601191356,-0.018089878358951806,-0.02031183166221613
PI4KA,gene,-0.005084078548042897,0.02447101150909374,-0.0019087974302693152
PICALM,gene,-0.005239885191190161,0.003531269422922724,-0.03685138284998734
PIEZO1,gene,-0.004834768406905071,-0.02029577342729632,0.006662493643276621
PIGK,gene,0.016582627510450188,-0.007063024954286054,-0.004446237653618476
PIGR,gene,0.0032685173233107105,0.002469039459273825,-0.0014375868162049036
PIGS,gene,0.019475562416531745,-0.003096791275309895,-0.004863437572962066
PIGT,gene,0.004853594673061423,-0.014251692186132333,0.011015113425979224
PIH1D1,gene,-0.007169060666448507,0.0003892939827451745,0.0005655246677341777
PIK3AP1,gene,-0.0029272601083253375,-0.0019395006108394322,-0.006190092541144145
PIK3C3,gene,-0.01235363470790942,-0.003708886246720774,-0.009212408783147908
PIK3CD,gene,-0.03303067680326055,0.0009546459635573862,-0.0030309228646766026
PIK3R1,gene,-0.03306356868685,-0.004778380695539591,-0.009270060275853975
PIK3R2,gene,0.006429434720200672,0.0336707921706453,0.005253114136049026
PIK3R4,gene,-0.01972780927627316,-0.005791869314404499,-0.0013480967209606501
PIN1,gene,0.021799835500321902,-0.010929050042368663,0.003541444936897225
PIN4,gene,0.01564140797689044,0.02416362616821309,0.006887454524868006
PIP,gene,0.0055268239555592335,0.0024766767608513777,0.002382120174421536
PIP4K2A,gene,-0.03257283916153433,0.0030443224834259923,0.003161853746399357
PIP4K2C,gene,0.0013478845344781722,0.009274894758346891,0.020089899258433633
PIR,gene,0.026276590290243245,0.021136282407205397,-0.017417075851934943
PITHD1,gene,-0.006593209281748052,0.001643046802759135,0.008300874171881521
PITPNA,gene,-0.013616404494861983,0.0004875568370212392,-0.015195083795679847
PITPNB,gene,-0.00454829737644867,0.016290069946278636,-0.01793460530520583
PITPNM1,gene,-0.035384782692186985,-0.00698473548021344,0.013451260398260825
PITRM1,gene,0.020861714579392853,-0.021355964624898065,0.007584522649447572
PKM,gene,0.015830461926865668,0.007379279676494447,-0.028649100352622157
PKN1,gene,-0.025477842680167385,0.0043432588511968335,-0.0033740893863539946
PKN2,gene,0.014667740849707407,-0.010035816204653929,0.003199624026729862
PKP1,gene,-0.00199899645786154,0.021989762881254694,0.0006994848511442538
PKP2,gene,0.00014378907886269165,0.0006175337350703866,0.05055867043716281
PKP3,gene,0.01628718605778668,0.026580859956135544,0.007514891344602857
PLA2G4E,gene,-0.005181956815593225,-0.00017868857826178563,-0.00028488737021548966
PLAA,gene,0.017958582557798478,-0.01966401711002156,-0.030747472341766745
PLB1,gene,-0.00029669296193946334,-0.0038881874646048086,0.01156837399625814
PLBD1,gene,0.008274187282976457,0.005581037326205088,0.0008908347804862811
PLBD2,gene,-0.0014804207436106324,0.0037921475622543993,-0.006604908264022013
PLCB2,gene,-0.020382885840831786,0.005109023617834473,-0.02503966157550363
PLCB3,gene,0.005745820488926177,-0.011791794772626133,-0.0050658545748354
PLCD1,gene,-0.006534463034115509,-0.009402936534834415,0.011736175064589485
PLCG1,gene,-0.004151272469565159,0.015012736599792059,-0.0017715776179616583
PLCG2,gene,-0.02702984063505805,-0.006318066113669377,0.009590663582859635
PLCXD1,gene,-0.00237668256407158,0.0010167875851357846,-0.0013049206265340028
PLD2,gene,0.001070083075777692,-0.002795285539291601,-0.00835809135978304
PLD3,gene,0.0022603701687869894,-0.0039559078545667,-0.03186325249177108
PLEC,gene,0.0010065409144346957,0.04279487396138529,-0.016517958227831125
PLEK,gene,-0.029830697183152722,-0.014328713751028534,-0.01937571218347698
PLEKHA1,gene,0.01208804019326612,-0.0011992354883783812,0.024616559656148267
PLEKHA2,gene,-0.03286360116567785,-0.00037608167300690683,0.0016356156105385472
PLEKHO2,gene,-0.021738160980958886,-0.0038832058327341284,-0.03215444945133329
PLG,gene,-0.014871619609774829,0.01814428541628305,-0.0328955062668458
PLGRKT,gene,-0.008159394691391684,0.009604983580432365,0.004460339899313254
PLIN3,gene,0.008086223761507753,0.016061777346160138,-0.005834080977261933
PLOD1,gene,0.03742102133439351,0.017247779911783317,-0.034770446143415665
PLOD2,gene,0.016668769650759245,0.031143665784618486,-0.02812098432087551
PLOD3,gene,0.026020384602663506,0.0029185409803979415,-0.02780151617967897
PLP2,gene,0.0034604347516585554,0.004144334459877169,0.012746675290796254
PLPBP,gene,-0.021937097270170004,0.009288767001092848,-0.007283893086030653
PLRG1,gene,0.005221761053751081,0.003185400067814009,-0.00240528564376575
PLS3,gene,0.010935104458002314,0.039873704927736925,-0.01120961748390022
PLSCR3,gene,-0.005036545358975044,0.001400919707737638,-0.0024917703570512127
PLXDC2,gene,0.010034174427823832,-0.02848006258761565,-0.03154610647395159
PLXNB2,gene,0.017985126448863336,0.02200694478113474,-0.03250125931960128
PML,gene,-0.02315439780946315,-0.001907207072407454,-0.017318612976436745
PMM2,gene,0.00244340472000446,-0.0024903398658692876,-0.021578043436360606
PMPCA,gene,0.012438561756734185,-0.024964749396835392,-0.0022179719360758483
PMPCB,gene,0.012927264210681992,-0.019260855849017475,0.008386912657872954
PMVK,gene,0.013258770067549346,-0.02697977046591694,0.011077832465771542
PNKP,gene,-0.02085633925969487,-0.01485522715320581,0.008190428416392358
PNN,gene,0.004795962102540289,0.01610107933256916,-0.0018513002835788175
PNO1,gene,0.01318588641084608,0.001964074083264758,-0.007239427430477946
PNP,gene,0.0032517181860959,0.00576843427727975,-0.012334064587491951
PNPLA6,gene,0.007027857206330296,-0.010665662805940666,-0.016593522347860424
PNPO,gene,0.015310582234498089,-0.00495454616363396,0.0045013513324657604
PNPT1,gene,0.029862702811695205,-0.01509834121939083,-0.012476296752567523
PODXL,gene,0.02312826978362173,0.002719394556976252,-0.01754565527591177
POF1B,gene,-0.0010795412749477012,0.01639059187173105,-0.00804673041883827
POFUT1,gene,0.019065968578870236,0.0003412899744887526,-0.020827039865340367
POFUT2,gene,0.0042840450194669135,-0.010301254218271143,0.010639191938068742
POGLUT1,gene,-0.004612175190982456,0.004281586741217883,-0.012851702920162312
POGLUT3,gene,0.005558203054781154,-0.0014101038058063561,-0.01858138551015358
POGZ,gene,0.021716572865621994,0.006584206986231636,-0.007182588975762654
POLB,gene,0.0016743561837144361,0.0029190831637317914,0.007607581254770029
POLD1,gene,0.017256338797260976,-0.01742168513773062,-0.007287812255999479
POLDIP2,gene,0.028798224028651113,-0.008037358685576163,-0.003098125596587157
POLDIP3,gene,0.015451540748712156,0.00641611244971744,0.013520602130415489
POLR1C,gene,0.022242989698126745,0.026474723024353403,-0.008715145246103437
POLR2A,gene,-0.018747474624520474,0.02056225975813013,0.007619734154658476
POLR2B,gene,-0.01611478825314157,0.00406508888958577,-0.002025296108076147
POLR2C,gene,-0.007620742975696454,0.014992805185393318,0.01671373470763908
POLR2D,gene,-0.005091333454615101,0.027933364672172157,0.0028115973077452046
POLR2E,gene,-0.00019834827381550325,0.013712218288102247,-0.0021589372811407857
POLR2H,gene,0.017104942262116223,-0.004950686613114321,-0.00794937712535654
PON2,gene,0.023602270880530647,-0.006439094609099093,0.015532614298769
POP1,gene,0.009474403284533686,0.008369706550314255,-0.012216728369946353
POP7,gene,0.004288271522595551,0.00359273021972342,0.012739516004639444
POR,gene,0.02306658560375065,-0.024318712620695817,-0.016715705231698387
POSTN,gene,-0.01276949756318478,0.01659320405600786,-0.020076322961546655
POTEKP,gene,-0.018548508556775808,0.006499740845962829,-0.011379099299804497
POU2F1,gene,-0.0006307908264522132,0.008721121271056885,0.009705710026461117
PPA1,gene,0.017124777436160348,-0.007488202173205186,-0.010429935860097545
PPA2,gene,-0.012760623128689709,-0.01879340910162613,0.0005317078621760093
PPAN,gene,0.004006279322071047,0.004269829300558043,0.002118224010937065
PPAT,gene,0.010082330267076767,-0.05240252113983745,-0.00501443883711346
PPCS,gene,0.016058193240712514,-0.023600389590155504,-0.016796637465026455
PPFIA1,gene,0.013014093715629102,-0.025338967672763175,-0.0019909275678011234
PPFIBP1,gene,0.0011198586492586556,0.015434033862735723,0.0016219449898355184
PPFIBP2,gene,-0.012736430258299248,-0.015168199235711378,-0.005276133671355927
PPIA,gene,-0.0028655022318046703,0.019419095266746036,0.010638038965468033
PPIB,gene,-0.001920177888759102,-0.011030489744374695,-0.02364769357597939
PPID,gene,-0.01675996416714275,0.0035093263955207274,0.0014349110789495109
PPIE,gene,-0.0019156320738019316,-0.01911627577683104,-0.00839625492766392
PPIG,gene,0.0014634770478674033,-0.003465285160295274,0.005747397508522309
PPIH,gene,-0.000479969483839931,-0.013358474981014707,-0.00484299623833675
PPIL1,gene,0.008198486685781207,0.0041794018924901965,-0.005609356549671061
PPIL2,gene,-0.01392746459671036,-0.011790813794547881,-0.00784296427009449
PPIL3,gene,-0.013837986538403173,0.026365788806954452,-0.004594739120581738
PPIL4,gene,-0.015058988244411734,0.01036823286429333,0.005967287757592645
PPIP5K2,gene,0.002624792624326936,0.00886554173273279,-0.004792529068892038
PPL,gene,0.003491592174958652,0.025346462215731527,0.011828114254974978
PPM1A,gene,-0.019112907336863386,-0.01283489870221789,0.0029741370784732114
PPM1B,gene,-0.019284261992150522,0.00101205789354551,0.00418869810073644
PPM1F,gene,-0.008643999705799484,0.021614430080622995,-0.020936446866711478
PPM1G,gene,0.0055633818201081976,-0.0003554741283422987,-0.01607498319036191
PPME1,gene,0.017437306659565544,-0.029551839362722158,0.00867415661861485
PPOX,gene,0.023046145076911113,-0.004961195934050526,0.018111569645269183
PPP1CA,gene,-0.026983376705756883,-0.014703652757510205,-0.006971860368346587
PPP1CB,gene,-0.008490461466093339,-0.0076343527143980265,-0.0016289458592656935
PPP1CC,gene,-0.013821294105521133,-0.018088040051640882,-0.010862721410092082
PPP1R10,gene,0.01649420532274454,-0.0003547287058131093,-0.018583797114710292
PPP1R12A,gene,-0.01850101158704492,0.016117346304712097,0.001996675764406831
PPP1R12C,gene,-0.026162045381028818,-0.008318141427559883,0.003331026383535423
PPP1R13L,gene,0.026729310287356593,0.020274907034035883,0.012567716324248971
PPP1R14A,gene,0.01041889828898204,0.003352814908552622,0.005377990357743647
PPP1R14B,gene,0.013044027815922038,-0.017548821523960288,-0.006044055543789564
PPP1R18,gene,-0.03260420472548602,0.003558703503573009,-0.016626323359553
PPP1R1B,gene,0.002256685901683336,-0.0037385358408208837,0.00997888702312222
PPP1R2,gene,0.0011529023677218813,0.01977904405962952,0.008346293112988745
PPP1R21,gene,-0.01621568192947642,0.005888645792023234,-0.017543058565404605
PPP1R3D,gene,0.010700531079847963,0.01181508898664288,0.01958053199640189
PPP1R7,gene,-0.015993031528527678,-0.011299052817660658,-0.0017508654080560875
PPP1R8,gene,-0.018099468016335937,0.005525885169491899,0.008247065428926417
PPP1R9B,gene,-0.03019925938380491,-0.009849003676030726,-0.011813051932192961
PPP2CA,gene,-0.012708837151927862,0.0025337059294747518,-0.00857105317295049
PPP2R1A,gene,-0.01021134794879003,0.010478019624818037,-0.004340843078051387
PPP2R2A,gene,-0.021446013419308966,0.00464181724239192,-0.009113951896969211
PPP2R5A,gene,-0.013528787228997356,-0.009481826048721638,0.0064954550816839676
PPP2R5D,gene,0.0013457065638898926,0.03620432376141132,-0.01891800542711891
PPP3CA,gene,-0.03143889042480212,0.007155704798296643,-0.0048799325021427874
PPP3CB,gene,-0.03427162565649278,-0.005569838539858554,-0.002029713225407433
PPP4C,gene,0.01698286346290791,-0.026595527850181263,-0.01637201301881114
PPP4R1,gene,0.022980427863732014,-0.01612111259713097,-0.012855177091555814
PPP4R2,gene,0.004671989049881276,-0.005656451528001304,-0.018328581350207405
PPP4R3A,gene,0.0033486514954154845,-0.01172940239717511,-0.0023068467021563027
PPP5C,gene,0.0030635979603166976,0.010253527724178436,-0.007406369974927241
PPP6C,gene,-0.01905432437355583,-0.005515317793642438,0.010707300990924406
PPP6R1,gene,-0.03106738405835533,-0.00916642877646604,-0.006710371857864499
PPP6R3,gene,-0.0018491504425146021,-0.03197790375835474,0.0097392668209071
PPT1,gene,0.0066113955606215075,-0.005511383075047084,-0.009824703795266081
PPWD1,gene,-0.025199023310135557,0.003541723745334961,0.0035764123135297427
PQBP1,gene,0.010979469007885094,0.012592773480498136,-0.007996623880416796
PRAF2,gene,-0.0027716867306004553,0.019116496703243117,0.0055481460319051976
PRCC,gene,0.007453344218233879,-0.0037862436317772892,0.01601503141868586
PRCP,gene,0.002017489132510952,3.168450568598236e-05,0.004267543534871886
PRDX1,gene,0.012445000559064412,-0.025261998610752318,-0.027241157562486722
PRDX2,gene,0.0031931066659809017,-0.004793379845963706,0.01683635498798416
PRDX3,gene,-0.003402794369674785,0.00312969757435398,-0.023162679362284527
PRDX4,gene,-0.0022431607753604908,0.000793356290887854,-0.0005499259636514083
PRDX5,gene,-0.010402049144508154,-0.015832731959049936,0.012979378071650668
PRDX6,gene,0.014078193475599162,-0.014865850652284109,0.007030378486150869
PREB,gene,-0.01364146868438101,0.0027582558304631564,-0.009994107091083098
PRELP,gene,-0.015257707732477092,0.027234783355156177,-0.010148034258678924
PREP,gene,0.005879579825093421,-0.012446798725900847,0.0009181850727429537
PREX1,gene,-0.023280460480739937,-0.022361101502600428,0.0019724537071134133
PRH1,gene,0.0016639731902781487,0.013451196606097691,-0.0010393906841793007
PRKAA1,gene,-0.02257529883669559,-0.013950192558315781,-0.0029176275716090816
PRKACA,gene,-0.013923607189844159,0.012435576124947778,-0.01213387859071521
PRKACB,gene,-0.022527541881496277,0.007955630322809552,0.00018849164260019598
PRKAR1A,gene,-0.007056764885081094,0.018833410898679712,-0.016724605524417006
PRKAR2A,gene,-0.0006769258101691825,0.003161793020742008,0.03498290766022074
PRKCA,gene,-0.016933685575657484,0.017394836629189413,0.009140566256146657
PRKCD,gene,-0.02197132775077428,-0.012222571636051336,-0.028156391862501406
PRKCSH,gene,0.0028395036281435443,-0.028053895367038468,-0.006424553433342016
PRKD2,gene,-0.03600388831468417,-0.0013816523034726228,0.014629220548162944
PRKDC,gene,0.02245674044126115,0.008815680821394311,0.0026037158630098076
PRKRA,gene,0.015844323768668997,-0.0031130469679925225,-0.009610790353284706
PRMT1,gene,0.019616629755780705,-0.015246806106442587,-0.01790678639613512
PRMT5,gene,0.011771291563898818,-0.015655565344616762,-0.005157138338749654
PRNP,gene,-0.004244675927461652,-0.009492441291357788,0.011671693778608511
PROCR,gene,0.0001919734320833166,-0.0012636511792787927,-0.019385176293598174
PROM1,gene,0.012030243980809104,0.002300417259004385,0.0058592832119253166
PRP4K,gene,0.0024927035688372856,0.012264066980081298,0.014142136690204516
PRPF19,gene,0.0004207021063676517,0.019401114015789263,0.003371327790270132
PRPF3,gene,0.017508956945509985,0.006903997811899238,-0.015056501255709301
PRPF31,gene,-0.011627938127120076,0.024324400522008963,0.014617214824217224
PRPF38A,gene,-0.0012328542198725338,-0.010243012645370543,-0.004321866502080084
PRPF38B,gene,-0.01483205206534297,-0.008610734833640589,0.0018974982035081316
PRPF4,gene,0.011556726504294783,-0.004418923575062694,0.005326107259840197
PRPF40A,gene,0.0032928678888633073,0.020012491464329058,-0.0030931777113625564
PRPF6,gene,0.0049875943558638355,0.006306848554191478,0.011255953869507016
PRPF8,gene,-0.008866889022561626,0.010333992445890049,0.009896039540097209
PRPS1,gene,-0.02832590291333181,-0.01091630072755089,-0.0023837767893006203
PRPS2,gene,-0.0049902736595003674,-0.010803112870756209,-0.01684782381798946
PRPSAP1,gene,0.01795020996341308,-0.008806508913602724,-0.01254062490339498
PRPSAP2,gene,-0.022329006783989698,-0.018735835937334442,-0.00971085586725175
PRR4,gene,0.004184265225761432,-0.004522181265547236,2.3127156625597106e-06
PRRC1,gene,0.012269447016908687,0.00275157628274414,-0.016974779510525572
PRRC2A,gene,0.02065001561157144,0.009665659817758295,-0.006725213767877369
PRRC2C,gene,0.01126576989953895,0.0051672515901532495,-0.019740918168779677
PRSS2,gene,0.0036045278087337993,0.007158861167190972,0.010698276215054746
PRSS3,gene,0.0032616873405940964,-0.00195820789628314,0.011614349440810506
PRTFDC1,gene,0.0062107293695492696,-0.011424612890701987,0.01655212514388868
PRTN3,gene,-0.0010878015089237432,0.005345385564367205,0.0004406584992482867
PRUNE1,gene,0.009086143738030879,-0.005966687963812436,-0.003251984376668015
PRXL2A,gene,0.00617383330371498,-0.0020145284875403616,0.005277553859051324
PSAP,gene,-0.010323048615913913,-0.02441315245469375,-0.019656643246551066
PSAPL1,gene,0.0009800711991759005,0.00014857083782656146,-0.001087709996625103
PSIP1,gene,-0.03454828846158656,0.004150326858865387,0.02280817147883014
PSMA1,gene,0.012794291418051646,-0.004837231946922666,-0.013916419252337022
PSMA2,gene,0.00931223834246181,-0.001918231871571717,-0.0106947297126967
PSMA3,gene,0.0139802063392909,-0.0017298580341819927,-0.00885029045743353
PSMA4,gene,0.00570219915593181,-0.004872380844265182,-0.014103247542208451
PSMA5,gene,0.00866695249908764,-0.01220172626735822,-0.017688229374314718
PSMA6,gene,0.010301023676543997,-0.0075215249908556474,-0.014181703326292242
PSMA7,gene,0.012267052638619318,-0.0029278899348184366,-0.010223508940989884
PSMB1,gene,0.009600252787340358,-0.010215802900495919,-0.011416493359673046
PSMB10,gene,-0.006639071678851766,-0.026920729741992968,-0.01836957463938533
PSMB2,gene,0.007101408744877263,-0.013370305517830725,-0.010998095672193214
PSMB3,gene,0.008679004181900398,-0.0038241949789074325,-0.007116072497784968
PSMB4,gene,0.011776646304642717,-0.010645147136355625,-0.007672041078030515
PSMB5,gene,0.01358420065533718,0.003182914884035266,-0.004659871407554274
PSMB6,gene,0.014394822839245031,0.01716939161377346,0.005216824004362123
PSMB7,gene,0.011710959637052687,0.003381435577744305,-0.0070001374092168575
PSMB8,gene,-0.0002844094840296516,-0.03462073648905154,-0.025880887136470437
PSMB9,gene,0.00045826950161441323,-0.027699480782738102,-0.010708731804998022
PSMC1,gene,0.019179426666199345,-0.008377232763078495,-0.025114995093173897
PSMC2,gene,0.017236023667918862,-0.010322252008405898,-0.028385730782204563
PSMC3,gene,0.008869063169652382,0.0024244639986556243,-0.029326249916471942
PSMC4,gene,0.009624821527462865,0.005284520791511154,-0.020522312908431928
PSMC5,gene,0.013485289854225375,-0.0057877061184535596,-0.0334853602900076
PSMC6,gene,0.011767467088403332,0.015406708171055121,-0.022050015780507724
PSMD1,gene,0.008451874536607675,-0.003762673658791174,-0.025757975893539065
PSMD10,gene,0.002983176882718885,0.017145089417129538,0.008476242456724363
PSMD11,gene,0.014825751624327171,-0.01817961497805336,-0.024805330455919445
PSMD12,gene,0.008264009642622841,-0.008085094333076678,-0.022003372053225195
PSMD13,gene,0.004940861510528464,0.00047827420005263315,-0.024516090297197188
PSMD14,gene,0.011667059612632496,-0.008930549456142786,-0.010081200647176403
PSMD2,gene,0.029653069672663047,-0.019534687586221337,-0.030807029524983223
PSMD3,gene,0.010088101309404325,-0.017300944538521976,-0.019652498219362265
PSMD4,gene,0.010313012489886675,0.005395451620604471,-0.018281725624850816
PSMD5,gene,-0.02142216287690221,-0.004892374508332796,0.010192918261406829
PSMD6,gene,0.003662986492696833,-0.014027014751702366,-0.0216676849500245
PSMD7,gene,0.00674597350889652,0.001326594020678248,-0.015999406434047694
PSMD8,gene,0.010927101051239134,-0.008705641697101378,-0.033893032198012554
PSMD9,gene,-0.004514844519329986,-0.010330522494270732,-0.015110590536549657
PSME1,gene,-0.02630102075486471,-0.02907000138784316,-0.022793105617135257
PSME2,gene,-0.018056369770204243,-0.03603479108705171,-0.02687647035920777
PSME3,gene,0.033689663591794414,-0.010623079900370955,-0.012651669881959962
PSME4,gene,0.028784940448626676,-0.006473941868886355,-0.016508052603597747
PSMF1,gene,-0.015209052287634027,0.0009993116256199566,0.015727558313966723
PSMG2,gene,0.01698922538347554,-0.008965526048456495,-0.022801001160932543
PSPC1,gene,-0.0011572057271548963,-0.02553007363111664,0.02726400695373533
PSPH,gene,0.01449275160955814,-0.006084323629789844,0.005725940388686903
PTBP1,gene,0.010402202743408103,0.022902545996861902,0.008160507660690885
PTBP3,gene,0.0028345812809743996,0.01665327096542149,0.0041539075837595885
PTCD3,gene,0.009408405514665336,-0.0012525684186260877,-0.03401980468046279
PTDSS1,gene,0.020488365480228664,-0.003923509452110969,-0.010162795379934154
PTGES2,gene,0.001996549179989697,-0.012248365425709805,0.006400327909647914
PTGES3,gene,-0.013826949922645534,-0.01925163221080127,0.002466869311660828
PTGFRN,gene,0.013231345859710884,0.0008110196354048095,0.01798262580264769
PTGIS,gene,-0.00505868459079767,0.022413881185234883,-0.013577782097055336
PTGR1,gene,0.00460873202268522,-0.001381375541356404,-0.004399612246060241
PTGR2,gene,0.007261483525476378,-0.0010521251495750152,0.031208577980650246
PTGR3,gene,-0.011296616133249025,-0.0077873186237522865,0.006121901142872339
PTGS1,gene,0.002761264669599143,-0.007990867859030288,-0.011689457811951893
PTK2,gene,0.006747907901055575,0.03561091643775392,0.021720954924539754
PTK2B,gene,-0.038095276439197634,0.005779035148738985,0.002386744476668556
PTK7,gene,0.013660259044135623,0.02748439114000683,0.0023570277712848206
PTMA,gene,0.02022898361454911,-0.0016380772281944407,-0.0004844490688385762
PTMS,gene,0.02823737780950789,-0.0023007118302854966,-0.0016748075289346332
PTPA,gene,-0.007356175530388228,-0.00828771061834791,-0.020141689837100483
PTPMT1,gene,0.016631714192595903,0.010812458610794752,0.003418599532821077
PTPN1,gene,-0.02659766645389496,-0.01495819831905533,-0.023795708364496092
PTPN11,gene,-0.007294444767387297,0.0065825099718439,0.00926756225933294
PTPN12,gene,0.009980329255203195,-0.01331910229971047,-0.004371289035994939
PTPN2,gene,0.0016702537138227743,0.005766128350830508,-0.0404031158782084
PTPN23,gene,-0.013270861816254214,-0.007896497785758906,-0.012275065874991213
PTPN6,gene,-0.0397512619770681,-0.004024931476359883,0.0027960335293717243
PTPRA,gene,-0.016813852519703017,4.775101589577273e-05,0.01828157966842019
PTPRC,gene,-0.03590278649329425,-0.009456607910599253,-0.010763797344685928
PTPRE,gene,-0.020707071789917996,-0.006696417639756776,-0.02212655763692533
PTPRF,gene,0.02340776310621589,-0.025440032920770145,0.009034023409336659
PTPRK,gene,0.026057033759665706,-0.01395408021540444,0.017648513664279872
PTRH2,gene,0.02114692110189393,-0.0045615821957222325,-0.024044435984975073
PTRHD1,gene,-0.0032181872097261626,0.004150826187108702,0.010392416019194455
PTX3,gene,0.030519119261516053,-0.02185647059761556,-0.015020958685374666
PUF60,gene,0.025274553116695377,0.020742053379807706,0.0006370993752194192
PUM1,gene,0.017358726174725905,0.02009976504402337,-0.003259724141010222
PURA,gene,-0.018947988274393323,0.0319019787866051,0.0047890397205492576
PURB,gene,0.005824822135930761,0.011960808896213773,0.021270336325149145
PUS1,gene,-0.004610149727854502,-0.012413453074551523,-0.006008017998776351
PUS7,gene,0.025869944343957212,-0.0036451788074299604,-7.091846163428108e-05
PWP1,gene,0.010049895736658529,-0.026297581078180577,-0.013725949046925201
PWP2,gene,0.003855530343926241,-0.002629311602544773,0.008691071051132223
PXDN,gene,0.01013540521287398,0.04308212329077626,-0.016816591166361142
PXK,gene,-0.02437496727527688,0.0019134504525005864,-0.0033524338467789305
PXN,gene,-0.007939230382248773,0.015349552703536351,-0.004243588301049778
PYCARD,gene,0.007152151909388151,-0.013220174723513566,-0.017828549139972748
PYCR1,gene,0.036273511581667646,0.0034000198496604295,-0.019321151305054428
PYCR2,gene,0.036593068486246834,-0.004793883882560417,-0.011890640889715188
PYCR3,gene,0.023172486500823826,0.005910085212141907,0.016387384045244764
PYGB,gene,0.007890916294425631,0.007766052789742646,0.02297448178470068
PYGL,gene,-0.005054392893008132,-0.004790699019879606,-0.014052548311360831
PYM1,gene,-0.019782996841274405,0.014320718031070141,-0.002882866283171904
QARS1,gene,0.02096598147796226,0.010221148882345071,-0.03265665395624725
QDPR,gene,0.012784671160662354,-0.02609674195563887,0.008118231497846802
QKI,gene,-0.009857874783367722,0.016617116919263732,-0.00995946997031227
QNG1,gene,0.00725507170613869,-0.02471773486090802,-0.011442245828469488
QPCT,gene,0.0060895790278415705,-0.0009987224268779213,0.003192689188212504
QPCTL,gene,-0.0026000895729564985,0.0083013509289801,0.009008419093504647
QPRT,gene,-0.002698194652484803,0.005763253241819417,-0.020038691707509527
QRICH1,gene,-3.1036858769533986e-05,-0.010471426573987981,-0.004226688333950089
QSOX1,gene,0.006272390833496005,0.003920714515333999,-0.00419794419756139
QSOX2,gene,0.019121630436314273,0.02144525431847991,0.0011264748946401355
QTRT1,gene,0.004098191922005136,-0.0069022575885166184,0.0035445371546723664
RAB10,gene,0.003265699998063659,-0.00948677848287576,-0.013361865405916206
RAB11B,gene,0.015182777003309781,-0.013143768048752967,-0.008486790539977461
RAB11FIP1,gene,-0.0125691972741565,0.0017750465986405852,0.00656460790065179
RAB12,gene,0.007343157283566607,-0.011829761320276518,-0.004622385592058302
RAB13,gene,-0.008348414226006682,-0.014225959057745624,-0.00870479242151313
RAB14,gene,0.008961310320639623,-0.013632163741669883,-0.0066791622340771975
RAB18,gene,0.016133209667107407,-0.03951791502181124,-0.019820444465889212
RAB1A,gene,0.022520473418001497,-0.016755894931122055,-0.016130697621583354
RAB1B,gene,-0.0028542861770828815,-0.010794339223181827,0.006747297997294359
RAB21,gene,-0.019760831160073825,-0.006826626006803721,-0.02161594718831888
RAB23,gene,-0.006585463208623407,-0.0007430935306392962,-0.005239331982311153
RAB25,gene,0.01687183728943982,-0.030355196734109365,0.008814454892926007
RAB27A,gene,-0.016251861045398185,-0.011524094434063258,0.004860932453300783
RAB2A,gene,0.03400615400458196,-0.00983221690917251,-0.014166434078119225
RAB31,gene,-0.009682888436163738,-0.011559630223677333,-0.014729704460880684
RAB32,gene,-0.010523007323750912,0.004512714542458457,-0.016765881991679617
RAB33B,gene,-0.0001162569204325811,-0.015539005789167958,0.01050068349959511
RAB35,gene,-0.016236214908651257,-0.00578439220348022,-0.015271507979267816
RAB3D,gene,0.008214389852677844,-0.011253113948284934,0.008890828597481684
RAB3GAP1,gene,0.016497956067740044,-0.0034643466812989045,-0.012283919361637153
RAB3GAP2,gene,-0.00407792514931411,-0.02969640095438186,-0.0024672777859687934
RAB43,gene,0.0018762625208445043,-0.0016151934151512812,-0.018753601814675273
RAB4B,gene,-0.022750102587704785,-0.018140437813795603,-0.010365489025583003
RAB5A,gene,0.002591592682346375,-0.00792352961006258,-0.025440554163937104
RAB5B,gene,-0.019635046418409515,0.002268394502827033,0.0021095472059889605
RAB5C,gene,-0.006469854338343425,-0.016764116301190207,-0.031184377773162006
RAB6A,gene,0.025440086821027198,-0.028691219169154895,-0.0037027379079687833
RAB7A,gene,0.009101010732894462,-0.00748698664439891,-0.02435273285648145
RAB8A,gene,-0.020292430449707584,0.021056530039500896,-0.01832685499204386
RAB8B,gene,-0.03477755383716901,-0.0013965236667884539,-0.006856915728093823
RAB9A,gene,0.007081551856601689,-0.00870338695012965,-0.0013109862231656742
RABEP1,gene,-0.031200593222179128,-0.011360654382025794,0.0060743497968418015
RABEP2,gene,-0.016534989446962325,0.004710627953882714,-0.013255235331066489
RABGAP1,gene,-0.0020309394524339565,-0.017019732180269087,-0.002993564581435258
RABGAP1L,gene,-0.028744886930826233,-0.018351552449911532,0.013744457542232578
RABGEF1,gene,-0.011270260194209271,0.004834738594779611,-0.01831678961008064
RABGGTA,gene,-0.016050048467697975,-0.027996602800093424,-0.014596370157717892
RABIF,gene,-0.009582037289196096,0.0002383541671480041,0.004604961360070825
RABL3,gene,0.002696900723567902,-0.0006282545943741626,0.0019717344415823546
RABL6,gene,-0.023801647844734302,-0.001495820611879839,-0.01050151207462095
RAC1,gene,-0.002830413987652117,-0.006234824187384242,-0.015289893245821421
RAC2,gene,-0.0377452149893553,-0.006608011474102697,-0.0023585928481534893
RACK1,gene,0.01061431991154489,0.01032550014019071,-0.011668333422990045
RAD21,gene,-0.015518466999962925,0.02068898306205539,0.008657611602120485
RAD23A,gene,0.001996400954575936,-0.03564314783384359,-0.0014461486482967138
RAD23B,gene,0.011308437046853569,-0.022785691002015482,-0.007723303659633338
RAD50,gene,-0.008561717946736361,-0.013341062116849043,0.015797465290096444
RAE1,gene,0.008644107188478713,0.0009403696222758399,0.011446632101743863
RAI14,gene,-0.004710829155440361,0.04878012246474982,-0.015322964632983369
RALA,gene,-0.007852851385245723,0.00939157652227519,-0.0027402476602899945
RALGAPB,gene,0.001053452576368446,0.005409896910585104,0.008700793021093774
RALY,gene,0.020663928464486125,0.00951607495867333,0.00751908307830123
RAN,gene,0.016718711278201206,-0.011371553666749246,-0.016036200371497094
RANBP1,gene,0.019887899790216136,-0.004518738164941732,-0.001926144746716432
RANBP2,gene,-0.0044293942231916576,0.031110485879842276,0.0017986609672072356
RANBP3,gene,0.006146873941647862,0.002602805179671446,0.0007984808963431708
RANBP9,gene,0.015955705128229837,0.023766231713326192,-0.017704220183182233
RANGAP1,gene,0.009250268767534577,0.014090761456725559,-0.019255612856231154
RAP1A,gene,-0.026033254608083527,-0.0006557744985682813,-0.018096710869038433
RAP1GDS1,gene,-0.02360993840614137,-0.01569730593245058,-0.009240780369349614
RAP2B,gene,-0.023582304710872384,-0.018052233390520978,-0.015645868455395763
RAP2C,gene,-0.012588809922016206,0.010991810970807958,0.0028581662862088722
RAPH1,gene,0.01353823396760483,-0.007606069894836923,0.01332738812619668
RARS1,gene,0.006825701275443929,-0.013841808020403553,-0.017659828484895324
RASAL1,gene,0.010024109399862174,0.010259736264497134,0.008681283652721543
RASAL3,gene,-0.03746102279864932,-0.0011344531896584427,0.0013415869274975554
RASSF2,gene,-0.022488395645285503,-0.007154013596700262,-0.009978537056656942
RAVER1,gene,-0.019079414034660146,-0.0011780356938765667,0.023963528845571735
RBBP4,gene,0.007947059223864676,0.0010622223541739114,0.0035944554586729094
RBBP7,gene,0.027502659758530654,0.02423550221823449,-0.019426950730790052
RBBP9,gene,0.0005736721364245045,0.01753438375996976,0.014503473515633117
RBCK1,gene,-0.02706569669722,-0.01642671660770956,0.010950573147322189
RBFOX2,gene,0.02809015318079751,0.028068979580658574,0.00016619158797596424
RBM10,gene,-0.0018047523703978699,0.04092433743577303,0.01746664658714556
RBM12,gene,0.01441604846928722,0.009254705550729759,-0.0004094071311190268
RBM12B,gene,0.023063653686808232,0.015908234023622396,0.00827529077214378
RBM14,gene,-0.007396126535133419,0.020490034795775783,0.025040753235814988
RBM15,gene,0.0031578993432615976,0.01897046408055682,-0.00010906050443622168
RBM15B,gene,0.006679172050946216,0.006460169858569208,0.00867576808442095
RBM17,gene,0.006127475568116903,-0.01168960530522488,-0.00021381175684887025
RBM22,gene,0.0017907744024147937,0.012630511839211147,-0.004108060218963132
RBM25,gene,-0.004471892338389275,0.020407683122580005,-0.00788752244523145
RBM26,gene,0.0023247033096450184,0.02049533464529799,-0.015062322583390348
RBM27,gene,-0.00610479233362387,0.003508905416376607,0.01029842862772675
RBM28,gene,-0.000665602954164017,-0.012689544016989822,0.006307427854599256
RBM3,gene,0.010619090331460935,0.016974987014803787,0.011100855320516792
RBM39,gene,0.010402540792428834,0.014211990665193302,0.016706733794859936
RBM4,gene,0.010781079461980089,0.014127661523319854,-0.00038659346223774305
RBM42,gene,0.002720531439814508,0.019630814614420556,-0.0022847464039165715
RBM47,gene,0.010496704039501368,0.0012394488037962153,-0.018229669735185118
RBM4B,gene,0.008713778387809228,0.007924626397951537,-0.0034622954252180155
RBM5,gene,-0.011406621498514912,0.014771380951681462,0.0063323357846854006
RBM6,gene,-0.009389606651280781,0.00938475353657669,-0.0011871211530573825
RBM7,gene,-0.008843078393876241,-0.005917847198188705,0.009448477394770158
RBM8A,gene,0.00608213761434685,-0.006673459477193549,0.009584465766207856
RBMX,gene,-0.0015708980342830359,0.019944689530827286,0.018687619962887772
RBMXL1,gene,-0.013223273602277463,-0.0014930558556017193,0.009075144010991302
RBP1,gene,0.01845339148953399,-0.014483344077278183,0.008975317172290123
RBP4,gene,-0.01154832421006164,0.02684511659678365,-0.029940427601635032
RCC1,gene,0.025471114237255992,0.01044477109789345,3.842227066652513e-05
RCC2,gene,0.014086880918279372,0.02600725598586386,-0.015362568606474641
RCL1,gene,0.002415935626158607,-0.006488140346493153,0.004390054077480866
RCN1,gene,0.005336534228769344,-0.0153924366602255,-0.007069573639615951
RCN2,gene,0.03010697174781792,0.009149866326534733,0.0005763291073702258
RCN3,gene,-0.0039713131591993245,0.010034475621505147,-0.02967509929053089
RDH10,gene,0.017258901552897193,-0.012577938273962315,-0.010694939208012327
RDH11,gene,-0.00508880906279893,0.004848999503797863,-0.021301471477477418
RDH14,gene,-0.012575902959165908,0.006075137158138395,0.02306742124468066
RDX,gene,0.0036097533710581398,-0.012933145218489216,-0.013045701493704846
RECQL,gene,-0.009159515048864673,-0.009761861118662417,0.0049870909457047944
REEP5,gene,-0.009860608481206264,-0.003399305987960462,-0.005772580178398389
REL,gene,-0.018486017735222942,0.014651371215872106,0.0007534051331655707
RELA,gene,-0.024294565079576756,-0.026591102535440673,-0.00048679013387504464
RELB,gene,-0.013798252912176422,0.018413444156640525,-0.011672991375568422
RELCH,gene,0.007239804059782556,-0.004730303279756331,0.00494850233347269
REPS1,gene,-0.005448959670357393,-0.0013739050193245644,0.033970317152925464
RER1,gene,-0.0003905325569149673,-0.021033693286605263,-0.014380402458559807
RETREG3,gene,-0.012593766443467502,-0.01195516917295348,-0.008439425461857027
REXO2,gene,0.009040941533878695,0.00031491832144486906,-0.006451592355311804
RFC2,gene,-0.0010408622381328572,0.02288777446000698,0.0007274744717163342
RFC3,gene,0.006155563331717011,-0.0012246420656703315,0.0011082615531010599
RFC4,gene,0.004807245739100639,0.009716633720129809,-0.0013865546410097226
RFC5,gene,0.01117991047940613,0.024506375680373053,0.0006134017047782356
RFTN1,gene,-0.027774028183597234,-0.0023647200882858615,-0.0046269179390029174
RFX5,gene,0.005767815647954769,-0.014883806559558309,0.0013679901791645748
RGS10,gene,-0.019126782298762083,-0.005185722017115998,-0.01322376242562373
RGS19,gene,-0.031899797010365445,-0.0037595572854651825,-0.0006673150037648169
RHEB,gene,0.01618477161232117,-0.026538378245910196,-0.02673642061800247
RHOA,gene,-0.027008569891478235,-0.01691182108388329,-0.00910115827136454
RHOC,gene,0.00473303471344577,0.013676313708846994,0.0038886703614175082
RHOG,gene,-0.030034545936098382,-0.005335036796121393,-0.015073512190230154
RHOT1,gene,0.026231619642060663,0.017070703858429983,-0.004210743532850178
RHOT2,gene,0.0167992293957582,0.01891539978745086,-0.004932331274446309
RIC8A,gene,-0.023257947317977416,0.018521557071420138,-0.0037517789814770428
RIDA,gene,0.012860434991392097,0.028536474720351885,0.01013166744709432
RIGI,gene,-0.021021832398010813,-0.02398662778259446,-0.014440974409557116
RING1,gene,-0.004270540118800857,-0.011424551224410127,0.015976610897499396
RINT1,gene,-0.017053265168812504,0.002272831322974645,0.0011231000100823515
RIOX1,gene,-0.0036097130980012795,-0.003359501354561001,0.007686965476250012
RIPK1,gene,-0.007508902524671961,0.010914948777510815,-0.009702847043592831
RMDN3,gene,-0.006145894751108947,-0.03051790645393711,-0.02013383726724527
RNASE3,gene,-0.002970034922388994,0.008408272705132848,-0.013143146913951072
RNASE7,gene,0.0024501596835711753,-0.0039060412028549887,0.012386885092034106
RNASET2,gene,-0.012287306321775267,-0.02871311232228645,0.01504243764703955
RNF170,gene,0.0037995203761040618,-0.017403156303892525,0.0024997685164881017
RNF2,gene,0.0012867631825256615,0.02484376563034527,0.0037804179722410757
RNF20,gene,-0.0019449079325829656,-0.01349574041668331,-0.003796997739428773
RNF213,gene,-0.026903522131914992,-0.021060979826244823,-0.025391332954987064
RNF31,gene,-0.02422457822653032,-0.013563397843475255,0.003925312995896904
RNF40,gene,0.014746964773655986,-0.0025197015042094308,-0.010196514879004782
RNGTT,gene,-0.014727657927295273,-0.012147700960053881,-0.013119962213212611
RNH1,gene,-0.028281141898720514,0.005298592905368343,-0.0196743831561573
RNMT,gene,0.009643913110148204,0.015075996883656503,-0.005091612903167407
RNPEP,gene,-0.006118329827700456,-0.011200137919194742,-0.017330849798457518
RNPS1,gene,0.004684969795584052,0.021921452560274692,0.010041191009028052
RO60,gene,-0.0006299544957041886,0.008253314793821725,0.004495472939396719
ROCK1,gene,-0.031565176284327735,-0.011222648141383863,0.017437009686873298
ROCK2,gene,-0.0008964478724264995,0.011550344080043174,-0.004277689071772769
RP2,gene,-0.026045032702597917,-0.01070492574402024,-0.02286378672554785
RPA1,gene,-0.02650615997547811,0.0011454910024634361,0.008585294562338504
RPA2,gene,-0.005169438851900945,-0.009100286946725267,0.00512283064423704
RPA3,gene,-0.009892845692934773,-0.004308429606048521,0.01087146188114506
RPE,gene,0.01790249793880448,-0.012711574354193556,0.01609990553138636
RPF2,gene,0.018999300666289992,0.01093853088576719,0.011358902024814864
RPIA,gene,-0.001397881415378904,-0.014740874403552184,-0.013990675610335334
RPL10,gene,0.004001099195548948,0.014906159260981528,-0.010334598856293361
RPL10A,gene,0.003677340760503748,0.018692047667937237,-0.01362313888280539
RPL11,gene,0.008284091972886197,0.016512482837660762,-0.014976976994161237
RPL12,gene,0.00761495388070416,0.011428216238687464,-0.00595765401105347
RPL13,gene,-0.007364485761217725,0.00877512709361826,-0.002208323891878522
RPL13A,gene,0.005532244737916815,0.00529611093018499,-0.01622064984690601
RPL14,gene,0.0033638737976238514,0.004999742678884726,-0.015229461123062607
RPL15,gene,0.0021350295211414994,0.005576619533133745,-0.0099400980845458
RPL17,gene,0.001987243070897364,0.010231262786870194,-0.008634176998460683
RPL18,gene,0.004496447843135167,0.005347556799369203,-0.0025859718636744027
RPL18A,gene,0.0034761038558279995,-0.006032037168326341,-0.01732645241192316
RPL19,gene,0.002118468124520619,0.004372049174419258,-0.010811295449109633
RPL21,gene,0.006593130741485091,0.009882472051483399,-0.006895490866970573
RPL22,gene,0.010460959392454564,0.016610132220610304,-0.01220190818923654
RPL23,gene,0.01067861565073002,0.0026455207202325777,-0.009750091159108245
RPL23A,gene,0.0018727232170928229,0.011433874414025833,-0.011277740890669064
RPL24,gene,-0.008482198616934581,0.014073361772726547,-0.0037054021847041157
RPL26,gene,0.009407896691079458,0.0022307471795974146,-0.009248701857408836
RPL27,gene,0.006301376598051524,0.000758040477347412,-0.007427749745107651
RPL27A,gene,-0.0022809881554656792,-0.0013310428218620705,-0.011045519375587804
RPL28,gene,0.011499144244461,0.004112571200987194,-0.00848247138239058
RPL29,gene,-0.005114555176422464,0.011951409326225496,-0.001459622487779271
RPL3,gene,0.005591383432130138,0.0057326602662576,-0.016420968527763688
RPL30,gene,0.005130031642642007,-0.0033782714346139945,-0.00927588842856933
RPL31,gene,0.010032589242229228,0.007067061266541542,-0.0025482190679411024
RPL32,gene,0.00842695561479163,-0.001457746672378195,-0.01351668642497932
RPL34,gene,0.0078463205591643,0.0010258939266424522,-0.008305946049606848
RPL35,gene,-0.0023281142773743935,0.010751677405996226,-0.009110725059294136
RPL35A,gene,0.017388560389303684,0.0031902318395786848,-0.003291299005178544
RPL36,gene,-0.0010630585218842394,0.0001383704897028144,-0.014125631730542189
RPL36A,gene,-2.3664676889432057e-05,-0.015450143155181627,-0.0004921742529870228
RPL37A,gene,-0.0020708740479906964,0.014892346335061004,-0.006438310906365345
RPL38,gene,0.006018803982605538,0.0009558876278895316,-0.0016434830659059884
RPL39;RPL39P5,gene,0.0032958640277882013,0.007403835332608314,0.002762217594583641
RPL4,gene,-0.009132475428731723,0.00910940845446612,-0.010563113549856954
RPL5,gene,-0.004418048258394491,0.012732002158810053,-0.007641882616076902
RPL6,gene,0.006635284753700893,0.0019294706290899361,-0.0101216813582383
RPL7,gene,0.003146736467626681,0.012232147791273958,-0.014769944551587996
RPL7A,gene,-0.0008973957716566439,0.01331962352829741,-0.016960193952381426
RPL7L1,gene,0.009856014139292255,0.011138072907189454,-0.006068510819327574
RPL8,gene,0.006452788536816718,0.0007953734724887897,-0.0057439188802701335
RPL9,gene,0.011147601603824317,0.01162720179239302,-0.01205189003668843
RPLP0,gene,0.00650308385357838,0.013991833208243,-0.011254188066011847
RPLP1,gene,0.011425259589710846,0.020859223028482546,-0.008476720031602495
RPLP2,gene,0.008292274435096244,0.0005976159238716828,-0.013232503761685367
RPN1,gene,-0.0006862774269568888,-0.000462911519062458,-0.02177931683713944
RPN2,gene,-0.010654313935982247,-0.015417774308710771,-0.017476206818427986
RPP25,gene,0.024719913935328307,0.01390571398631569,-0.016751073566606406
RPP30,gene,0.01151791700130178,-0.010030781860478056,0.006202947846623778
RPP38,gene,0.007951670007387654,-0.010437329854327408,0.011026785399204566
RPRD1A,gene,0.014893597500916221,-0.002453172224426186,-0.022113281765597178
RPRD1B,gene,0.00858623414218965,-0.006436097440460028,0.007444912306986439
RPRD2,gene,0.011189202402875412,-0.0008358738621495496,-0.0001367090955650176
RPS10,gene,0.0020874167295882222,-0.005442272647728113,-0.0100445628178183
RPS11,gene,0.006047526821437071,0.0015763552716493846,-0.013031983777830807
RPS12,gene,0.005230292157720136,0.01582657581329952,-0.005355893146940165
RPS13,gene,0.0007847474506342058,0.004702125000959568,-0.014488103626215554
RPS14,gene,0.010322919628307784,0.005814799759001052,0.0002003749629294151
RPS15,gene,0.007791822450111565,0.0229088715612097,-0.008618329973197964
RPS15A,gene,0.01211902830896331,0.0031180011289978584,-0.006389457958073146
RPS16,gene,0.00623153133552013,0.0018453358415433416,-0.00543825650613093
RPS17,gene,-0.00436232630068703,0.01437000010416932,-0.0023268543737741234
RPS18,gene,0.007619679800151914,0.007389878171204651,-0.005568728500395755
RPS19,gene,0.008367863266462787,0.00870562091933247,-0.008455990839299788
RPS2,gene,-9.285877312502252e-05,0.008833529002760613,-0.015579625982869154
RPS20,gene,0.00622119691583961,0.006668899074919441,-0.00621684699829311
RPS21,gene,0.010449044190061105,0.013175484175269843,0.0025875287234534434
RPS23,gene,0.006844745744619524,-0.0008540542287136022,-0.010120194894530067
RPS24,gene,0.008109339420292946,0.020368561931975726,-0.007436549751240206
RPS25,gene,0.009204835039637435,-0.001211707669005193,-0.020060540715201688
RPS26,gene,0.004457927592215024,0.00977606212794927,-0.008575855385276934
RPS27,gene,0.0031852721514985393,0.006595653366118473,-0.011039118946655022
RPS27A,gene,0.00044706807800946446,0.008722537962235781,0.015905447977572075
RPS28,gene,0.016650580908475997,-0.000603813475678126,-0.0027557383757246807
RPS29,gene,0.007352441808234021,0.00944862156458053,0.0023057624769659718
RPS3,gene,0.006473784387591164,0.008999490047374558,-0.012718249189154943
RPS3A,gene,0.0070960818166845,0.018174448601832403,-0.009045513578156646
RPS4X,gene,0.006605003505605378,0.006187321954592546,-0.005978619142438344
RPS5,gene,0.012418146019649865,0.00875172434705125,0.0014181586776519722
RPS6,gene,-0.011623281527362804,0.01604261411063924,-0.007714051346371874
RPS6KA1,gene,-0.008928677623015522,0.016391521852741606,-0.00676856638212898
RPS6KA3,gene,-0.03258262265316569,0.004051572274142502,-0.010437439733646756
RPS6KA4,gene,-0.020578515845708165,-0.00772423814636999,-0.015360787002886827
RPS7,gene,0.012459106899143677,0.014431499685300248,-0.009272789171084745
RPS8,gene,0.0031349370860124805,0.00782303259641193,-0.011059376572621868
RPS9,gene,0.0055548180948359555,0.00494814107908628,-0.01169504055177643
RPSA,gene,0.011737065254023234,0.005638516564991265,-0.007277979400984731
RPTOR,gene,0.000850717962158986,-0.02251922145636834,0.0035070753393352853
RRAGA,gene,-0.01673749685249083,-0.027702314833940804,-0.013594513420833133
RRAGC,gene,-0.008270440050606757,-0.0073139701080010356,-0.017689742706217138
RRAS,gene,-0.018309293664276985,0.014771472730737164,-0.01492279245392119
RRBP1,gene,-0.0047771041133796216,0.023351468464378602,-0.011780437463952475
RRM1,gene,0.01615451973475824,0.01591943007585345,-0.01976297915221505
RRM2,gene,0.018645147535215727,0.0011459721085552417,-0.016674409932745403
RRM2B,gene,0.0031271788582048084,-0.03724487286753228,0.008338380495144187
RRP12,gene,-0.006071341567552899,0.011687503293184793,0.01882917212172832
RRP9,gene,0.0127104446968756,-0.0018065004891657105,0.008489743432484828
RRS1,gene,0.021008322308113885,-0.005972092453067783,0.01071300524746648
RSL1D1,gene,0.009492897509785228,0.0014972745321837353,0.005580345651775605
RSRC2,gene,-0.001167871697896417,0.026518720547989535,0.003321667367968014
RSU1,gene,-0.0056410165510256205,0.01582566737613593,-0.03133432598488432
RTCA,gene,-0.026400682890580132,-0.026396346221633418,0.002368235432307548
RTCB,gene,-0.013583123073043624,0.02456780468601425,-0.00312822132249376
RTF1,gene,-0.006055093047881594,-0.007521780061802727,-0.00915538992183264
RTF2,gene,0.004349470303140162,0.006161039368703365,-0.0043270681352883585
RTKN,gene,0.017199480901482368,-0.003769127494980196,0.02179720439088404
RTN3,gene,0.0032239831338197497,-0.0033722213709784935,-0.006566539128719469
RTN4,gene,0.030293675789366783,0.002177426393997598,-0.021037041697639973
RTRAF,gene,-0.020805459849352552,-0.009013477026075821,-0.006885171507948472
RUFY1,gene,-0.030411957186822963,-0.014908973674456857,-0.007530268937581646
RUSF1,gene,0.031092645109860956,0.008938625005019112,0.005599881451213522
RUVBL1,gene,0.022390754814904316,0.006055782762019149,-0.006413817122116844
RUVBL2,gene,0.022216797505117732,0.0062969882841196175,0.009315980040819639
RXRB,gene,-0.002912417389220973,0.0011817329318550428,0.0013139683477105051
S100A1,gene,0.007033875315848884,0.004296814535066998,0.029194552561528166
S100A10,gene,-0.004921735249207164,0.011488145946476718,-0.005372092303050555
S100A11,gene,0.01258882787502618,-0.014734878963722388,0.0009951466302224427
S100A13,gene,0.015608569243553638,-0.0005288193730428151,0.010377445676665521
S100A14,gene,0.005618966936924993,0.005035989223676718,-0.0009283075484785349
S100A16,gene,-0.0028870640619373905,0.007744309829512161,-0.0002801362496897877
S100A4,gene,0.008086288006112463,0.017824436359393493,-0.006226419638521211
S100A6,gene,0.00961113605592921,-0.011042810650996385,0.018225184749216243
S100A7,gene,0.010229978901012798,0.0031207038676671255,0.008063813941748531
S100A7A,gene,0.006802668010160859,0.006823058799678763,0.01580032971553827
S100A8,gene,0.003991264322024285,0.004879129533915701,0.0034287589237804515
S100A9,gene,0.0046743516376518785,0.0071212331074157744,0.0036607521874797225
S100B,gene,0.010603746083117727,-0.011992269743753874,0.01624533571068372
S100P,gene,0.00470592408926218,-0.006371063088535276,0.014364895800335575
SACM1L,gene,-0.025993108698100308,-0.013508057680748187,-0.006579033418819554
SAE1,gene,0.006787563011091063,0.003570103169134958,0.007166939062588573
SAFB,gene,0.005957424671070187,0.01355194683465129,0.006934598137633472
SAFB2,gene,-0.013380744976487667,-0.005304440274062087,0.003767668715670817
SAMD1,gene,0.013795697043557922,0.024017739959150963,2.1417706991466965e-05
SAMD9,gene,-0.023251835868521073,0.004166790464625977,-0.0029129775885543955
SAMHD1,gene,-0.028740242903704458,-0.020547370841636076,-0.020947054388920444
SAMM50,gene,0.018274205945581105,0.0047200221997009085,-0.008621075319837235
SAP18,gene,0.01204130239380564,0.021315010520239864,-0.013449332168524612
SAP30BP,gene,-0.003752689139782228,0.0014066328499039995,-0.0010288683746435177
SAR1A,gene,-0.008948982048361455,-0.011379039798407797,-0.02858588480002082
SAR1B,gene,-0.012966475394582459,-0.011113420905474024,-0.019410526920965204
SARG,gene,0.009219340879828458,0.012271353280726358,0.026292356161291663
SARM1,gene,-0.008206720040702905,0.015778232571726267,0.021287474707384832
SARNP,gene,-0.01458426292059506,0.02841882318092575,0.008474218032510607
SARS1,gene,-0.012045533474648396,0.01928282399145879,-0.021778657983080096
SARS2,gene,0.006659052365158972,-0.006048369185574266,-0.024212933019868033
SART1,gene,-0.010299564231512003,0.0018781872193547003,-0.001040322642916422
SART3,gene,-0.03227925670400462,0.011039473070582163,0.014018066818189831
SBDS,gene,0.01682706294999254,0.012353979381855883,0.003130939489473336
SBF1,gene,-0.03311191798737442,-0.007350450752683093,-0.00012587634125644484
SBNO1,gene,-0.005566995274584857,0.005377810536553629,0.0008641479065650646
SBSN,gene,0.007142581446869669,-0.0003226642501332541,0.001196679223483022
SCAF4,gene,-0.009423261146465673,0.010539457041508467,0.012125984827426358
SCAF8,gene,-0.0036982338046880193,0.0014260249634799617,0.012476098328488894
SCAMP2,gene,-0.020347791562651017,-0.00649950724868856,-0.0019498867596213238
SCAMP3,gene,0.02365437994112734,-0.03535890890163504,-0.004039339565275437
SCAMP4,gene,0.001501462524270853,-0.010463109118363418,0.0037284962391615053
SCARB2,gene,0.006300037646732448,-0.01092357579295351,-0.009432577192870823
SCCPDH,gene,0.014142739044499739,0.017262252442272717,0.015456809287586817
SCFD1,gene,0.0010752385983281865,0.004334119951653649,-0.01725365673110795
SCGB1D1,gene,0.005074629529369032,-0.00695900600716724,-0.004115204097486001
SCGB1D2,gene,0.007801999993835147,-0.002479416862054466,-0.003933037778467636
SCGB2A1,gene,-0.0003379630340096207,-0.0033635574942671278,-0.005243727584600921
SCLY,gene,-0.03206419336033032,0.011134369770235937,0.011313640552290309
SCO1,gene,-0.006954683567717593,-0.0020645012187202414,0.011191661581309683
SCO2,gene,-0.000432076587243447,0.0230341578196561,-0.020753503891220187
SCP2,gene,0.010941351030208013,-0.003226637106410315,-0.0042038858793516255
SCPEP1,gene,0.011942557465268752,-0.0032119830608164377,-0.01104403861093855
SCRIB,gene,0.02101355689708612,0.01568424337158417,0.028095991494924116
SCRN1,gene,-0.0027975111847352656,-0.004938310388483115,-0.004318597516496152
SCRN2,gene,-0.019681281532321643,-0.0037854897912346997,-0.015531380314262048
SCYL1,gene,0.004967445581430314,-0.029117049913106312,-0.009972262113803402
SDC1,gene,0.010552979594519854,-0.010592105465467065,-0.006054672286420445
SDC4,gene,0.004657819079424724,-0.008170728121994828,0.009231955316918703
SDCBP,gene,-0.00037750462006722215,-0.005916201364085086,-0.024356009195008847
SDCBP2,gene,0.006344505760773551,0.005485437262995344,-0.005614313365479427
SDF2L1,gene,-0.014249740603806077,-0.007067436729592228,-0.01125868782453007
SDHA,gene,0.00464713571451016,-0.008701225898122137,-0.00015938242382581945
SDHB,gene,-0.008840741458229846,0.0021880418018456614,-0.007956040424353552
SDR39U1,gene,-0.021810003444039366,-0.006618929673059386,0.02162837568324444
SDR9C7,gene,0.007047516972236939,0.005533895491934233,-0.0027763813437526167
SDSL,gene,-0.004482427260482591,-0.008188183288519873,-0.03752979746210905
SEC11A,gene,-0.013941690592073978,-0.015343208126958425,-0.002572828986556321
SEC11C,gene,-0.022860984218097395,-0.00899979156656192,-0.009009527268166076
SEC13,gene,0.004840367773466174,0.001120918788321135,-0.017363792359259493
SEC16A,gene,-0.0025835512098001247,0.0030497775577532863,-0.010266191453642477
SEC22A,gene,0.016869965617114745,0.020426933034620533,-0.006316483024796906
SEC22B,gene,-0.010347845919123858,-0.0103366303192901,0.0041731311201864615
SEC23A,gene,-0.006222340453873339,0.028922570113304593,-0.03916060126750052
SEC23B,gene,-0.006920780357421041,-0.003384662701902853,0.00019611257976402536
SEC23IP,gene,-0.008548376299310967,0.012290510011401502,-0.015454243313856503
SEC24A,gene,-0.008577451725465857,0.011401066690132406,-0.027496597891741196
SEC24B,gene,-0.010067508224638318,0.011938248586660672,-0.008814971214993878
SEC24C,gene,0.0065682497838318935,0.01868689237146376,-0.014610932321362473
SEC24D,gene,-0.00522725362027868,0.01850477146516509,-0.026804733322059494
SEC31A,gene,-0.002304239856180126,0.010080039721596504,-0.009693078154303706
SEC61A1,gene,-0.003765136986390959,0.0028532561898850293,-0.008791582085176624
SEC61B,gene,0.009853506716269151,0.0009224110449035423,-0.022580118721387404
SEC61G,gene,0.003106171835605791,0.023443759207944895,0.004602998557408632
SEC62,gene,-0.002241736381794472,0.00965550749571192,-0.002607091360941174
SEC63,gene,0.005634782383903662,-0.012160790563455062,-0.01433624379314105
SEH1L,gene,-0.00015739633739087768,-0.0030520704112270043,-0.002785193397104754
SEL1L,gene,-0.004956799949102968,0.001507115167454993,-0.022657470977562363
SELENBP1,gene,0.012654725747873767,0.0016190042251502535,0.021540917322591707
SELENOF,gene,-0.007192798060083263,-0.01056363846823869,0.0016040205001395637
SELENOH,gene,-0.021417046758310715,-0.012544172108440547,0.03180215609546944
SELENOK,gene,0.002909357265085185,0.005812091089364489,0.0078435259931463
SELENOM,gene,-0.0046629516226739925,-0.011005070945566192,0.008884977186293356
SELENOO,gene,-0.004363159078184346,0.021930830287987372,0.013230491729760884
SENP3,gene,0.007737452065064964,0.01035274786903315,-0.000669992779469943
SEPHS1,gene,-0.0021239018148319034,0.022028236360860577,0.009393072665547838
SEPHS2,gene,0.017021787196378826,0.014937136390672831,0.008867749626147009
SEPTIN1,gene,-0.029104967872863433,0.010063777835180414,0.0007659632419541039
SEPTIN10,gene,0.010180932930028903,0.029113321657788252,0.01861628341591898
SEPTIN11,gene,-0.027727911019117833,0.004216061366745669,-0.0080219957759273
SEPTIN2,gene,-0.013644227153435499,0.0289195037636852,-0.013161104678392897
SEPTIN6,gene,-0.030202349143976667,0.005546983438502132,0.0009014340545191982
SEPTIN7,gene,-0.024965814702551173,0.012936991650991929,-0.009587565061039399
SEPTIN8,gene,-0.019793338106123687,0.02174347267229479,-0.012094834633968604
SEPTIN9,gene,-0.022030061887307287,0.0032947784100953942,0.0002218003010288714
SERBP1,gene,-0.0005848673263727072,0.010211070332667063,-0.001327939048659488
SERPINA1,gene,-0.008083018696974822,0.029335262223109896,-0.028740727440342687
SERPINA12,gene,0.0079486066314673,0.0007750077517062761,0.0013401453625493172
SERPINA3,gene,-0.0024850078544257047,0.012936956549512173,-0.024166458959978446
SERPINA4,gene,-0.012389095916161542,0.023630552357920404,-0.03198716669864845
SERPINA5,gene,-0.016438853327543194,0.011199143829814597,-0.020909170177307625
SERPINB1,gene,-0.020400099048024374,-0.006726760350908174,-0.008290487207245205
SERPINB12,gene,0.0053890456224912515,0.009051774644037735,-0.004528194521261288
SERPINB13,gene,0.0012278937573335412,0.0065821790227535435,6.634741464525702e-05
SERPINB2,gene,0.0027566008552773573,0.011921697132585592,-0.0012273774544581402
SERPINB3,gene,0.010722745975449265,0.0035939461960823845,-0.002243397956483492
SERPINB4,gene,0.007087886520869694,0.007221840783473493,0.002180355986099536
SERPINB5,gene,0.013352863329842084,0.0237889949563725,0.008091414000920814
SERPINB6,gene,0.0002017072037118644,0.006078554065984753,0.0001666530190908958
SERPINB7,gene,0.008579295125758264,0.0013221112156974798,0.001436623202843929
SERPINB8,gene,-2.6652408273069454e-05,0.004847492971180832,0.0048388171671034505
SERPINB9,gene,-0.03428657249981268,-0.011736636970507261,-0.00956373581930919
SERPINC1,gene,-0.014364879573134336,0.027176886619508712,-0.021172124916663208
SERPIND1,gene,-0.020906205538470335,0.012260707569592579,-0.03076413643501622
SERPINF1,gene,-0.010729493880577012,0.030940504826978462,-0.029010374869113422
SERPINF2,gene,-0.008543726127190922,0.027050345524605404,-0.032095286553502064
SERPING1,gene,-0.017105266678304316,0.0157144497658271,-0.03317684949478791
SERPINH1,gene,0.030442120698510232,-0.00016381586116317835,-0.03509619246743825
SET,gene,0.008390199277737978,0.00020033494836880946,0.00558202180670756
SETD3,gene,0.006923934688510308,0.015572865028530308,-0.030835560036281656
SF1,gene,0.00451835598036388,0.024202076107699658,0.01107532293525421
SF3A1,gene,-0.005945516711833988,0.026159233291698086,0.012667649643662375
SF3A2,gene,0.007551854544533306,0.009721547328052596,-0.00911479928524167
SF3A3,gene,0.015289523464821556,-0.00515329140885335,0.0007435904166257326
SF3B1,gene,0.00945323650668659,0.0018566502368580575,0.004814990845479773
SF3B2,gene,0.007377468646675867,0.0008413863765686532,0.015085198542711958
SF3B3,gene,0.017844229201618687,-0.007749964779650218,0.0020842991558016424
SF3B4,gene,0.020476691503160702,-0.0007826069526419134,0.012476086908024002
SF3B5,gene,0.001218087608620012,-0.00805104731296722,0.0050848932122375115
SF3B6,gene,0.017278111581378784,0.0035210022527792104,0.007414441214755369
SFN,gene,0.014061055905469445,0.013245289045123164,0.00813501693832812
SFPQ,gene,0.0021919362599296956,0.00893905263626752,0.014528748054718101
SFXN1,gene,-0.019744029171427376,-0.005916799079671573,0.002142064785452156
SFXN2,gene,-0.006289289640786638,-8.492242092328544e-05,0.010054438862763675
SFXN3,gene,0.008410866370568114,0.03731910546627743,-0.04166086395894989
SGK3,gene,0.0033117371288805663,0.024033044415228143,-0.00042854067798375555
SGPL1,gene,-0.00821005764331163,-0.007702621588077745,-0.03685447220679016
SGSH,gene,0.006160796957137892,0.002195656720578109,0.015260300561701754
SGTA,gene,0.020750963753201502,-0.002259100684981447,-0.004097548873291699
SH3BGRL,gene,-0.01563093713168859,-0.006251353888795691,0.0052761198701840265
SH3BGRL3,gene,-0.011834204243346573,-0.0073261394080775385,-0.0045884095614688895
SH3BP1,gene,-0.0353601234645775,-0.0031521820284354297,-0.010844729815574019
SH3GL1,gene,0.003698207222107031,0.010523088001855852,0.0014271179614644585
SH3GLB1,gene,-0.01592741735683777,-0.0038908329365966287,0.00934437671910383
SH3GLB2,gene,-0.026335071535701592,-0.009922395308090649,0.008191732313404667
SH3KBP1,gene,-0.025119941571634608,-0.003179409005372444,5.775048469196216e-05
SH3PXD2B,gene,0.0024284042972196346,0.002085642267153579,-0.005320616716969673
SHC1,gene,0.008726322320250926,-0.00835421822151648,-0.012923439634279176
SHFL,gene,-0.010365043755420394,-0.010387498281696045,0.0039908798733295
SHMT1,gene,0.0014353512884206234,-0.0014747726500545203,-0.005162435632132384
SHMT2,gene,0.0019199108412594355,0.017091885084944053,-0.0014660453540838187
SHOC2,gene,-0.02244818463627252,0.009294071427355142,0.004907274041951106
SHPK,gene,-0.01471464255149901,-0.0052851658929206615,-0.010101804838797713
SHTN1,gene,0.014816061747064766,-0.012370426033045724,-0.01891265511000231
SIAE,gene,0.02218510315791354,0.001279485622309131,0.005925617512758402
SIDT2,gene,-0.0007479172008885332,0.007630159048866013,-2.01304630835262e-05
SIGMAR1,gene,0.0016348506519400854,-0.014299732810847074,0.0016718716871913992
SIN3A,gene,-0.016196940425780473,0.002343139011569809,0.026410567241166503
SIPA1,gene,-0.03284873288955516,-0.0044744218742726,-0.016113671243216634
SIRPA,gene,-0.0022854501222787913,-0.015101507877375086,-0.019837093437843314
SIRT2,gene,0.012423460443875399,0.0211305090820918,0.0008288574425010892
SKIC2,gene,-0.015082605133726975,-0.0035848211248551078,0.011329714500052884
SKIC3,gene,-0.009386057685521733,0.01957939739919589,-0.012383575246650503
SKIC8,gene,-0.006123222468435982,-0.012362601008067952,0.011407348409879538
SKP1,gene,0.0037417682455451033,-0.021310219296185654,0.006508103930553491
SLAIN2,gene,0.002239705128764914,0.020520009884940456,-0.011401985187411529
SLC12A7,gene,0.016690975741236763,-0.016848920568011874,0.009786051768497698
SLC12A9,gene,0.003331504712379773,-0.022847205503596747,-0.014113866544911861
SLC1A5,gene,0.013640880988417202,-0.01709331274000029,-0.008687587912523198
SLC25A1,gene,0.01409220872025958,0.016900061694521816,-0.005940302412973736
SLC25A10,gene,0.01934796801788165,-0.022742322516736746,0.015068394484015033
SLC25A11,gene,-0.001142283477749068,-0.010362618349463878,0.013898739646343626
SLC25A12,gene,-0.029246859681373128,0.007101624728274311,0.006519791577798247
SLC25A13,gene,0.029957103923918073,-0.0025192162740739843,0.015502567010059408
SLC25A20,gene,-0.02444826011921602,0.0053633041963623415,0.0035686187067317035
SLC25A22,gene,0.0057884818613641725,-0.012165937341828503,-0.0079505833626135
SLC25A24,gene,0.007503307807780312,-0.004426105542170328,-0.02170672345595324
SLC25A3,gene,-0.005204768761084824,0.005296322329495164,-0.0072345188672116294
SLC25A4,gene,-0.0037673192286276874,0.01613978633678921,0.026037191329940996
SLC25A5,gene,0.019581854499791704,-0.002907690607067507,-0.01202350251624924
SLC25A6,gene,0.009549024452761911,0.0037702850038371185,0.00043790112570294353
SLC27A3,gene,0.020538124926499503,0.006663787571347532,-0.03513419193398247
SLC27A4,gene,0.005991357893082287,-0.01965406828773074,-0.019165708887382355
SLC2A1,gene,0.016751373059330145,0.01981287778587465,-0.0071876515806260435
SLC2A3,gene,-0.020908450946128143,-0.00041514313265527834,-0.021488511254907746
SLC30A7,gene,-0.002090186166992813,-0.0054872657986494155,-0.007545214944582642
SLC35B2,gene,0.009386170364475309,-0.010098580702233607,-0.016555966818156638
SLC35F6,gene,-7.436544473682541e-05,0.003241541734194307,-0.007076161158048751
SLC39A7,gene,0.002982995248220874,-0.02077827017546146,0.013961065999795463
SLC3A2,gene,0.024928238553206652,-0.016539717143878835,-0.026543899971320877
SLC44A1,gene,0.005312166842156592,0.013611554267588913,0.008032489568614479
SLC44A2,gene,0.009555771156134228,-0.014539152143199974,0.01667185026633689
SLC4A1,gene,-0.023870438652722863,0.003991401090201285,-0.004630690250748328
SLC4A1AP,gene,0.006000035324316101,0.0035147919660507695,-0.018724506302981208
SLC7A5,gene,0.014402011064467637,-0.022762550495287633,-0.015082919550872096
SLFN5,gene,-0.034722545503696405,-0.013986730368904854,0.006518805960355206
SLIRP,gene,0.028452311083453828,-0.012067336216516022,0.0010986443177653249
SLK,gene,-0.006599285174756891,0.005848515650544613,0.002412654188044885
SLPI,gene,0.0049470261587145625,-0.0014418794200286352,0.008147698959657817
SLTM,gene,-0.002919494678469007,0.017618477988100664,-0.005254182159835534
SMAD1,gene,0.0012153800131069435,0.029791539549271724,-0.008990898751234114
SMAD2,gene,0.010130658498825317,0.027309864598073434,0.006320297534365805
SMAP1,gene,0.002186725701424434,-0.013437189794953688,0.01737095548200622
SMAP2,gene,-0.036163336662243,-0.0026063925755352353,0.003635331878223698
SMARCA2,gene,-0.027229254794936243,0.026272439557424393,0.026084979448161436
SMARCA4,gene,-0.011993978460412086,0.0008026225933614045,0.01017026866976289
SMARCA5,gene,-0.003214244746286788,-0.011379351920559073,-0.00229503528723047
SMARCB1,gene,0.004058740667731599,0.016677304949368095,0.006959483494784389
SMARCC1,gene,0.02051943310476477,0.0010162520473084211,-0.006220193149022224
SMARCC2,gene,-0.029699121420775867,0.0003453734051530953,0.02761840917085258
SMARCD2,gene,-0.010666249041504126,0.025006562997782707,0.017486561619167833
SMARCE1,gene,-0.00642633235730912,0.02036266177408566,0.01834704502267382
SMC1A,gene,-0.007921703882244948,0.009895946004391852,0.008837703282108094
SMC3,gene,-0.002073320284289502,-0.004955859582281718,0.0035460545655170246
SMCHD1,gene,-0.03699089605506797,-0.014670316728741762,0.004995858540633545
SMG8,gene,0.012766695102736135,-0.017690612717200536,-0.017661139976549074
SMPD3,gene,-0.0033306401912571904,0.0023320885810300053,-0.007548464329685282
SMPD4,gene,0.010110867098670701,-0.010644599310773268,-0.001772677288455629
SMS,gene,0.017452130690936953,-0.008586777041029467,0.0034499245722085427
SMU1,gene,-0.025966873444792267,0.01205224759594192,0.016416845233831474
SMYD5,gene,-0.005971139587055826,-0.015371234570809396,-0.008552197988718166
SNAP23,gene,-0.03042022717800041,-0.011173640618901647,-0.005982740464842567
SNAP29,gene,-0.0029142968901517824,0.03083656122016168,-0.0022408390039022857
SNAPIN,gene,-0.010589624943735427,-0.007601871594301385,0.002267769536195821
SND1,gene,-0.0033222763305728233,-0.008230266061006507,-0.01786277209905488
SNRNP200,gene,3.878404107958009e-05,-0.0043221700560132715,0.008223637930226652
SNRNP40,gene,0.0024673068511439663,0.0021822371781133883,0.0014393282640186027
SNRNP70,gene,0.005873604268426131,-0.007127561968586363,0.007676513438835079
SNRPA,gene,0.009180476190233006,-0.004971766758321117,0.00808995207240984
SNRPA1,gene,0.008454095351204576,-0.00778559266753776,0.008716149479348753
SNRPB,gene,0.01633711867132524,-8.307139869069496e-05,0.0027962359806519657
SNRPB2,gene,-0.0053553207253537296,0.012202891841598227,-0.0014885990874296182
SNRPD1,gene,0.015702908959611708,-0.00045878972571481054,0.0018593690550065718
SNRPD2,gene,0.013447542100778673,-0.00392695787945852,-0.0009881674738779732
SNRPD3,gene,0.013407538017621193,0.006739608089373958,0.008889989863682632
SNRPE,gene,0.014968452516016315,0.0027844910926760726,0.003943355472753905
SNRPF,gene,0.013387549123140727,0.006591559872697179,0.01479288077245131
SNRPG;SNRPGP15,gene,0.010571862156758847,-0.0013619226766138834,0.007662125107522138
SNTB1,gene,0.009864067011475863,0.0066405770237635536,-0.018275429378502427
SNTB2,gene,-0.001385746613641122,0.03010538316164909,-0.01686949757705253
SNU13,gene,-0.008433784101974389,0.0060086516305116345,0.02316123667575072
SNW1,gene,-0.0036823791888120757,0.008268750553754917,-0.000922079401679168
SNX1,gene,-0.019370699256095487,0.013325118084901168,-0.0189112507926389
SNX12,gene,0.005348646707379359,0.0326174853990551,-0.003031151483609714
SNX17,gene,-0.027210864463458686,-0.00039476996819384405,-0.019799660974561897
SNX18,gene,-0.021291381665447404,0.011529643708505599,-0.019746359118915043
SNX2,gene,-0.02768219527247585,-0.006768681034739313,-0.024380537292494387
SNX27,gene,0.01711501664562888,-0.006850419914683124,-0.030922917448673978
SNX3,gene,-0.010536791068878715,-0.002082297211480898,-0.022396590349127096
SNX33,gene,0.0024281029025856214,0.018190420745572995,0.005795275644275058
SNX4,gene,0.015131981370528503,-0.02360478151990386,-0.0015944476567410404
SNX5,gene,-0.030155855668326674,0.00469236618589694,-0.011367022645450597
SNX6,gene,-0.017669117567384554,-0.006735767755846269,-0.040628379284275457
SNX8,gene,-0.018510008486640313,-0.009697817316412938,-0.011822261699985548
SNX9,gene,-0.010877476944655538,0.005170439838139751,-0.0062794855191103055
SOD1,gene,0.002199518891491541,-0.008846442506435412,0.0029938173852933837
SOD2,gene,-0.012217065500134986,-0.005793462329006307,0.009165192406408363
SOD3,gene,-0.019168471088707367,-0.02130582543780129,0.019790228775645357
SON,gene,0.01340247944285118,0.011808014358024314,-0.011289972842945273
SORBS1,gene,-0.005652070555799262,0.044941419305728605,-0.007398870008223059
SORBS3,gene,0.009701221472114495,0.03773468450219587,-0.009569470617137688
SORD,gene,0.012025042190444006,-0.016838698848005137,-0.008339713051643768
SORT1,gene,0.010530014918286664,0.010809072817108866,-0.004251441065637346
SP100,gene,0.003050375813796619,-0.0033732333532300943,-0.011747514995757425
SPAG9,gene,0.013514941868243776,0.01370839600602635,-0.020275490020151787
SPARC,gene,0.007370369450436528,0.029828708595764437,-0.015917247439983538
SPCS2,gene,-0.02557864940367073,-0.003856451988774368,-0.015536263995992608
SPCS3,gene,-0.018008522139972685,-0.011759382290510692,-0.008935433344285352
SPHK1,gene,0.020400166718383485,-0.004347230248109837,-0.025948737056467355
SPINT1,gene,0.013802192339722309,-0.016021231663448356,0.004134085663448716
SPNS1,gene,0.014029379748496891,0.0034429174101352784,-0.02191357139655021
SPR,gene,0.025673326178581608,-0.007479291687152401,0.022441167515019553
SPRR1A,gene,-0.007707687439553234,0.0109183456179352,0.014914674256932757
SPRR2G,gene,-0.006505018085222046,0.009288290241552467,0.01555581586614093
SPRYD4,gene,0.004439223741790511,-0.007421553540782727,0.012889594341108855
SPTAN1,gene,-0.006760906137279004,0.0018496657484606883,0.02605296026450938
SPTBN1,gene,-0.02037583221044483,0.008072439397104593,0.028471537279569057
SPTBN2,gene,0.009174194423069267,0.011016286982881457,0.012072377830960098
SPTLC1,gene,0.020523779418292257,-0.015346484561103286,-0.010806288549621373
SQOR,gene,-0.014661319008802201,-0.030073053594861128,-0.015167444355297599
SQSTM1,gene,0.004293913614511961,-0.020950573638257496,-0.022301506865818735
SRBD1,gene,-0.018796358950112647,0.005320332960012852,0.01101148025526953
SRC,gene,0.000532849216363178,-0.011365870249917623,-0.040579490950099495
SRCAP,gene,0.015165891634882574,0.014975340364007765,0.0011788782280676515
SREK1,gene,-0.0061633738339485445,-0.018095156734270996,0.01156930442753344
SRGAP2,gene,0.001193848411480998,-0.004240727960801759,0.006126412415685402
SRI,gene,0.00952743935770493,-0.035252570085447146,0.007813648599146841
SRM,gene,0.0033895684876651625,-0.026770435299787277,-0.012787534057999815
SRP14,gene,-0.008836723875477242,-0.01580313713669774,0.0050800441485599375
SRP54,gene,-0.005496229549389983,0.018341004113634696,-0.010790919838068886
SRP68,gene,-0.01664260464705786,0.0101793334412745,-0.017691061901434102
SRP72,gene,-0.01315916803977311,0.0008052289269182589,-0.021593147340113118
SRP9,gene,-0.005076887334922503,-0.014449135742078883,-0.012927013459380188
SRPK1,gene,0.012517553656126966,-0.020140556318610475,-0.01944605570185818
SRPK2,gene,0.0033641715142337485,0.0017459494821243581,0.014911882592699845
SRPRA,gene,0.0006980242776200973,-0.02122302223592079,-0.012864267126054497
SRPRB,gene,0.016424095872299666,-0.006325850847803351,-0.0366924943841338
SRRM1,gene,0.0009882013586441011,0.002013717583325922,-0.02090204175979799
SRRM2,gene,0.003947068978945378,0.016063592259597085,0.018036080310327374
SRRT,gene,-0.0067948597486932934,0.0031783498930706,0.00996139734378052
SRSF1,gene,0.011522131196038758,0.004705725323455513,0.012743022907896516
SRSF10,gene,0.003552864704377315,0.026834831117494448,0.02075288227549126
SRSF11,gene,0.011660028738977202,0.008535944796592714,0.014995024494487549
SRSF2,gene,0.01564261095009046,-0.006389058406857093,0.011606873453069398
SRSF3,gene,0.01743589359080448,0.01397090194326976,0.00956034423299901
SRSF4,gene,-0.009487791971231008,-0.017638951588303153,-0.014254950117439115
SRSF5,gene,0.010220840470818752,-0.0017182155350823575,0.01720622390180774
SRSF6,gene,0.02541693033416673,0.002790240251414033,0.008847445878806894
SRSF7,gene,0.015248235850212753,-0.003948277069192478,0.011073776691128677
SRSF9,gene,0.006788425228485523,-0.010440054403006398,0.008738766407069408
SSB,gene,0.013776130291019225,-0.0028846479961420635,-0.005409560756832015
SSBP1,gene,0.008306499025192187,-0.039615448390993825,0.016467406461793323
SSH3,gene,0.005696874351939329,-0.017036417738978817,0.01951119206484462
SSR1,gene,0.008756264658515693,0.009145655004538688,-0.015359045238064922
SSR3,gene,-0.00010867558953423585,0.020000388637610833,-0.019387434162920585
SSR4,gene,0.015220915114265746,0.011771259533391752,-0.01759651357415717
SSRP1,gene,0.007693897380342633,-0.013928940817449493,0.004170562231677324
ST13,gene,0.019143051237865544,0.002118068569161566,-0.006758550888154922
STAB1,gene,-0.01650723714172212,-0.009677005034511856,-0.02490203403814614
STAG1,gene,-0.006602297751037266,-0.004934246230074947,0.0074344208225462
STAG2,gene,-0.009419646821310735,-0.002792515472824767,0.008401289558417966
STARD10,gene,0.004835135123491749,-0.00877207724370311,0.011605159028066664
STAT1,gene,-0.016723059389956576,-0.030534959777756818,-0.03930525378123691
STAT2,gene,-0.011238054377220282,-0.022174367906030227,-0.0336672568125722
STAT3,gene,0.01176894082131301,-0.01806312362732377,-0.00765256500032153
STAT5A,gene,-0.035675593808106566,-0.0028773408730960455,-0.006255034785105428
STAT6,gene,-0.034230133773493585,-0.008609558960071387,-0.007304161772297166
STAU1,gene,0.02802607251752116,-0.0016602520820777442,-0.005211788160861754
STEAP3,gene,0.008365712568076146,-0.0006555659961493318,0.01796578470182993
STIM1,gene,-0.005171654437576738,0.01153333510511362,-0.013133077923001682
STING1,gene,-0.02717563973519073,0.004006746961085487,-0.012226007315563519
STIP1,gene,-0.009358498926171608,-0.02979396594378219,-0.0010946577013722027
STK10,gene,-0.025206818469393513,-0.000282771736831025,-0.009081591450295114
STK11IP,gene,-0.01835285715320536,-0.012747552570604944,-0.006460890607082071
STK24,gene,-0.006574183618477803,0.005902257725189947,-0.009490819386081498
STK26,gene,-0.011571892672189553,0.006965607750411471,0.015413867110362606
STK38,gene,-0.0219087786366469,-0.0017142069725848853,0.007065405601148596
STK4,gene,-0.036704110142189064,-0.004700978239665074,-0.0031745716409504136
STMN1,gene,0.03463218329165068,0.001195047740916205,-0.008603517689161065
STOM,gene,-0.01669914713033071,-0.002254340425004099,-0.03546888007319638
STOML2,gene,0.02570462069106695,-0.014986393728635814,0.007300306617296222
STRAP,gene,0.02731526903126129,0.004001871966556601,-0.011565471854502839
STRBP,gene,-0.016012446522777682,0.013706757940895223,0.025987322974577454
STRIP1,gene,-0.01238335940311577,-0.0002476497027104542,-0.0017711626534692385
STRN,gene,-0.00799231215384547,-0.0016481313389991622,-0.0033933336885683895
STRN3,gene,0.0019473042531541014,0.012740946826201,-0.029014769856048957
STRN4,gene,-0.007691769474212469,-0.004683117804180613,0.025369392795272665
STS,gene,0.0009738314108978339,0.004947335146875236,0.0042329943992595025
STT3A,gene,-0.00435783274583242,-0.013031344253435724,-0.023373289823489476
STT3B,gene,-0.01653258436214105,-0.012327706140815133,-0.01674040314165124
STUB1,gene,-0.0020117228200350985,-0.0017536586555968947,-0.014705479615295893
STX12,gene,-0.001639516756958825,-0.01655125570603019,-0.030218831467864735
STX16,gene,0.022770001125621636,-0.030307665355719233,-0.015186517800080868
STX18,gene,-0.004951834525242271,0.009686962587066767,-0.012436863327424547
STX4,gene,-0.007207196207424888,-0.004326478787672247,0.01519362040686762
STX5,gene,0.005287372083427339,-0.024469158888798654,-0.01842497692366317
STX7,gene,-0.03510918686179091,0.0009599384232269222,0.0009952651171003875
STX8,gene,-0.02434819120756919,-0.0007617403566394182,-0.003469787066493683
STXBP1,gene,-0.002290370188646106,0.035177734058856526,0.002125081004746998
STXBP2,gene,-0.0028635720891789945,-0.028875648655677395,-0.03766503200489914
STXBP3,gene,-0.0024906857880730177,0.01052223584334016,-0.0006445414401347638
SUB1,gene,-0.033384605819736325,-0.012312485175079785,-0.0012750985702342022
SUCLA2,gene,0.0005534165777657675,0.03064078656525497,0.004474125264376404
SUCLG1,gene,0.005772695265303762,0.0007361744200111963,-0.003023347219419091
SUCLG2,gene,0.0019560385197802195,0.0001714265705778817,0.00794268090980708
SUGT1,gene,0.006981268958378758,0.025015729501052825,-0.003048527799304414
SULF1,gene,-0.005796068227333113,0.01789655456297465,-0.018707528293835703
SULT1A1,gene,0.023848239072241827,0.015866809279777818,-0.03363307391127379
SULT2B1,gene,-0.0016686686173037475,0.008256657043401925,-0.004003572169460991
SUMF1,gene,0.016450696237429337,0.009012140569901135,-0.007401486738924825
SUMF2,gene,-0.0012244081908416161,-0.018652347955303617,8.000302191231207e-05
SUMO1,gene,0.019027938742845026,-0.007536858137767259,0.003396331066894705
SUMO1P1,gene,0.022159764539059768,-0.0015402537272663265,-0.00452495265045565
SUMO2,gene,0.00987794398344127,-0.011857157674597387,-0.005225304971388198
SUN1,gene,0.0277012212860035,0.012503991991435356,0.005802914331663787
SUN2,gene,-0.01588523027745275,0.049972495571180296,0.015070489231856684
SUPT16H,gene,0.003183429302151961,-0.019760748536972513,-0.004150258059871244
SUPT4H1,gene,0.008811100206151867,-0.0070986503302647285,0.014199758247927526
SUPT5H,gene,0.01250743791490926,-0.012282202986181585,-0.019665104409794718
SUPT6H,gene,-0.009568065646149131,0.008583757254691989,-0.010013966949620515
SUPV3L1,gene,-0.004395119709192701,-0.008117687601948165,-0.0009212277186852027
SURF4,gene,-0.007958776333448322,-0.0018648109562092675,-0.01598929177256733
SUSD2,gene,0.013746232945236416,0.0008473376917743254,-0.014939024867685056
SUZ12,gene,0.005533769631434323,-0.018795916653703643,0.004246375218439711
SVIL,gene,-0.014646412612258793,0.02307334483356429,0.019471037225002697
SWAP70,gene,-0.03438167797415345,0.0016808060325622456,0.0007041046314584037
SYK,gene,-0.03252096777108709,-0.0018239034189977679,-0.010902336132253011
SYMPK,gene,-0.010693074696509071,-0.0033629682517257752,-0.010284259802393031
SYNCRIP,gene,0.021419614544264432,0.01582195489333785,0.000722396824487963
SYNE2,gene,-0.011473767684981508,-0.008675614760955264,0.034236608020747225
SYNE3,gene,-0.03258619115214988,0.01265260997230884,0.009140109843558952
SYNGR1,gene,-0.0009004535902069248,0.0012029281171965426,-0.0009465387254001326
SYNGR2,gene,0.0024513329574132724,-0.03843048009094337,-0.008521846000098367
SYNJ2BP,gene,0.014625102614367709,-0.012067815016486964,-0.006812774630210659
SYNM,gene,0.0051623562339745055,0.008284613192773998,0.019158974101327653
SYNPO,gene,0.013124137740252988,0.031327826531758626,-0.009648211629120296
SYPL1,gene,0.0018534371685172259,-0.004368576906910456,0.011898472151597738
SYTL1,gene,-0.012154561925337409,0.0033622556320782697,0.00029663396494030814
TAB1,gene,-0.007197890782054589,0.016554082912827537,0.004193398278136791
TACC2,gene,0.010468656377464835,0.021174376458447768,0.005460975753062464
TACSTD2,gene,0.012798767768256898,0.006055067593987923,0.026220804493775465
TAF15,gene,-0.01670410196137434,0.008204199714131838,-0.003027673538692531
TAF6,gene,-0.011898827770651143,-0.0021793595466661347,0.01306014002567683
TAF9,gene,-0.009074414017737427,-0.0007674669127535942,0.017162264595323804
TAGLN,gene,-0.005090641900482368,0.036942904895516965,-0.019171436659075017
TAGLN2,gene,0.022225318417030446,-0.015083376417983891,0.00613092919577652
TALDO1,gene,-0.013309880759688239,0.005221581314396497,0.010304246956277918
TAOK1,gene,0.0010845123816874607,-0.025877914685671386,-0.011838500856141316
TAOK3,gene,-0.023129496441149543,-0.017774657227972647,-0.013329430795313202
TAP1,gene,0.00587824939088472,-0.04423752232589268,-0.030711023325987907
TAP2,gene,0.004916158366755268,-0.05080453635476532,-0.024190375547508167
TAPBP,gene,0.007469535044009081,-0.04463099270908635,-0.026563314015483987
TAPBPL,gene,0.005429200618516406,-0.032476113408326464,-0.009708665689977313
TARBP1,gene,0.028029247880124654,-0.011515287315909593,-0.002381545338291629
TARDBP,gene,0.005793893128377947,0.019090805483911732,0.008388449826007007
TARS1,gene,0.010655112208761362,-0.02899118224564691,-0.029454883824467815
TARS2,gene,0.03030544396033401,-0.01830305154165171,0.014881948310071207
TATDN3,gene,-0.01878315412269414,-0.0038800016442688233,0.016185731532926014
TAX1BP3,gene,0.02175569048659654,-0.001162290344373983,0.0019696165246867415
TBC1D1,gene,-0.022551254479336785,-0.005782105514992362,-0.004269346142552227
TBC1D10A,gene,-0.014996438591119144,-0.0025561622092134992,0.0033524421334326527
TBC1D10B,gene,0.015422882523070796,0.004823154106217562,-0.002298202785765709
TBC1D15,gene,-0.011198601612584394,-0.008600830124079074,-0.019766713766735167
TBC1D17,gene,-0.016648207295649486,-0.00315261692036464,0.0127553458660408
TBC1D22A,gene,-0.0003759103631637486,0.019040613440349973,0.002102548179941104
TBC1D2B,gene,-0.013837497447872773,-0.0017803411480822155,-0.017103689926663584
TBC1D4,gene,0.01867980002315726,-0.0049840774360981974,0.008615348384727042
TBC1D5,gene,-0.01287266602711463,-0.014616916016801923,-0.011293016636472896
TBC1D9B,gene,-0.016078401156774634,-0.024590781686883365,-0.025530662541978666
TBCA,gene,0.010838175430233781,-0.023206413954461564,-0.00948400045629013
TBCB,gene,0.009608107207526242,-0.0021750051133542316,-0.01782860146541075
TBCC,gene,0.01189257140203475,0.02937672693026712,0.0065556325519132465
TBCD,gene,0.02409997059345678,-0.009066829948274164,-0.015505680465439988
TBCE,gene,0.019282723793477525,9.72865595279226e-05,-0.0037334773980319804
TBK1,gene,-0.01911819169767916,-0.0065528784871106745,0.002604284205119842
TBL1XR1,gene,0.025086329264406782,-0.012243049927934697,-0.017426417734895287
TBL2,gene,-0.0037814074062004362,-0.009221649286318878,-0.01021509400444324
TBL3,gene,0.007582746983610334,-1.3505687868549076e-05,0.0023300498585120902
TBXAS1,gene,-0.016004423037181487,-0.017391998394777126,-0.030958056209415562
TCAF2,gene,-0.013740684583241186,-0.002400781249489102,0.007435115357219302
TCEA1,gene,-0.016700404998491934,0.02490307144196403,-0.0051114308609413505
TCEAL4,gene,-0.00042782610195384914,0.039253075002473825,0.008573592201442569
TCERG1,gene,-0.0030136752409166156,0.019096283130873942,-0.0015001511864275788
TCF25,gene,0.00014874244686762357,0.014015053741537458,0.009877348598629758
TCIRG1,gene,-0.007885576146094959,-0.03756560417251764,-0.03649743999239499
TCOF1,gene,-0.01850298771244006,0.018321013340951407,0.004290070960899144
TCP1,gene,-0.010234446892415235,-0.010528093225592668,0.013511900626306432
TDRD10,gene,0.006276615796214835,-0.01211422382831777,-0.004159703319347296
TECR,gene,-0.0003366827179644922,0.012272480553183774,-0.004021126622590255
TELO2,gene,0.013995335434005331,-0.0034601227814363214,-0.008510932446267197
TEP1,gene,-0.006864041617708896,0.028151603971504482,-0.02465809902827294
TERF2,gene,-0.023021073282998808,0.007305734055762961,0.01437717550003056
TERF2IP,gene,-0.02025254087544421,-0.0023050694316005408,-0.0018538868971373467
TES,gene,-0.029367940091628103,-0.001193452467943805,0.01376735233238129
TEX10,gene,0.014280818198737603,0.0013379772862279204,-0.0037180127738732473
TEX264,gene,0.0023828221772526463,-0.014980796020535593,-0.02267484244816406
TF,gene,-0.01943611374420438,0.022949014795412063,-0.022541018488807137
TFAM,gene,-0.009597275744585307,-0.0023955680928407982,0.014690957835741049
TFB2M,gene,0.016643561544534,-0.002978225644509915,0.0012421725127302165
TFCP2,gene,0.009928773908299257,0.006387052106577196,0.009801779535681043
TFG,gene,0.027528775829950825,-0.014193629260307292,-0.017857173274302234
TFIP11,gene,-0.006423741347686278,0.02031169083124438,0.0059399396921179385
TFRC,gene,0.022885412101731128,-0.0257875534079294,-0.009807371743910822
TGFB1I1,gene,-0.0017176308151140491,0.05205824858981871,-0.019157818098003647
TGFBI,gene,-0.00652565368747099,0.023855432142617563,-0.026443844391109524
TGM1,gene,0.001226672946362776,0.008547604293938249,-0.004751041174543787
TGM2,gene,-0.015208081209093801,0.002775312075076404,-0.04791326222681448
TGM3,gene,0.005165579095889512,0.0069121585895315545,0.0017431049025394693
TGM5,gene,0.0035462424025084404,0.013066157110681516,-0.007612976877413647
THAP11,gene,-0.019888503493186587,0.012018317741465261,0.008715285168184317
THBS1,gene,0.00881234164498619,0.027691963583322775,-0.01394404337277089
THBS2,gene,-0.00010331437651029842,0.03837632457595692,-0.017444261339279354
THEM6,gene,0.031185763169721915,0.017409570127530173,0.0024458490661120377
THEMIS2,gene,-0.027579913335023888,-0.016780114329290424,-0.016875027845453694
THNSL1,gene,0.0022070564259547482,-0.006348551856394138,0.027046730492483795
THOC2,gene,-0.0013592195336070362,-0.007696362001463497,0.01354748364919641
THOC3,gene,0.0026195479372178522,0.01083645659541836,0.019914170130375823
THOC5,gene,0.002294947346461708,-0.01530062619402206,0.021564977721682584
THOC6,gene,0.0026443894497135763,0.012357857596470187,0.004349459946752108
THOC7,gene,-3.386864869812155e-07,0.013259464291482956,0.0038250055267040647
THOP1,gene,0.0018052777137749895,0.021996598659142882,-0.002753071769534439
THRAP3,gene,-0.014081265725127462,0.0075857835476135,0.0034152886980235815
THUMPD1,gene,-0.03122091478032162,0.010904896304723667,0.03635196915021578
THUMPD3,gene,0.0003999677973786039,-0.005132327975231262,-0.014110281857341533
THY1,gene,-0.017050990795088834,0.014313284354134254,-0.015256758518463693
THYN1,gene,-0.03461261539285594,0.011703902849039315,0.00818197343718521
TIA1,gene,0.01915659843016715,0.023384592100490327,0.008060126896912344
TIAL1,gene,0.007692687750502497,0.020691547049204746,-0.0065555382620637115
TICAM2,gene,0.014682961020238099,0.0010063376808130229,-0.013173361058189847
TIGAR,gene,0.0061550746160627945,-0.015519389533135242,-0.0073754396260627235
TIMM10,gene,0.004524459855794705,-0.008353495613989763,-0.0018264545446308176
TIMM13,gene,0.008960569331338425,0.014816429520498378,0.008736425394851106
TIMM44,gene,0.029627757687313745,-0.010272044641340244,-0.009513623648573716
TIMM50,gene,0.02659543286754994,0.004120417078147037,-0.015169503182333188
TIMM8A,gene,0.012600689689584414,0.009352708947741588,0.02732587901136025
TIMM8B,gene,0.012462607009840703,0.009708491544705839,0.01900883910960404
TIMM9,gene,-0.015373154381999286,0.009388783753192097,0.004145504355246007
TINCR,gene,-0.00824187777330529,0.0019908243911192776,0.01554724538788191
TIPRL,gene,0.004550767050179506,0.010547863401072772,0.0031258658792643495
TJAP1,gene,-0.005935949302512955,0.023293019550782036,-0.009947289383128957
TJP1,gene,0.02759492483074454,0.011769411521230101,0.0024341138677428068
TJP2,gene,0.02462707523297581,-0.0059427521062646056,0.001674533408475217
TK2,gene,0.0022699321088166975,-0.0068719820965215195,-0.00952966496898276
TKFC,gene,-0.002789281298462466,0.009101251794501641,0.02321696562845203
TKT,gene,0.003040615290025925,0.0011992137603667316,-0.017034852101696453
TLE3,gene,-0.007855069411678203,0.01709689404564464,-0.007687765832071881
TLK2,gene,0.004811147361271152,-0.031589144848303705,-0.00782158056485768
TLN1,gene,-0.028326531328839517,0.014770764653753389,-0.030916446293396623
TLN2,gene,0.00741435003043037,0.027305101585211152,-0.012740228792547109
TM7SF2,gene,0.0017062053610247712,-0.010486501855907208,0.010068014955406362
TM9SF1,gene,0.010283596259088494,-0.01904592469514823,0.002400813595841619
TM9SF2,gene,0.016812597528470894,-0.020062727891047488,-0.003342809592287944
TM9SF3,gene,-0.0025383333110904293,-0.004515404457076719,0.007780221017447232
TM9SF4,gene,0.011835099298752714,-0.014367190527378188,0.004118099010501495
TMA7,gene,0.0001296744569741702,-0.004798150773372869,-0.005719743818939021
TMCO1,gene,0.020134102669669494,-0.009879596149351548,-0.01751599668916207
TMED1,gene,0.015803738423209632,0.018063417824090083,0.01011730704119556
TMED10,gene,0.015886924928141713,0.006818593637350377,-0.005121563477868931
TMED2,gene,0.016062898062080753,-0.0036768303556421605,-0.004963056070206663
TMED3,gene,0.018903643956432712,0.009885011503383294,0.007313775381447217
TMED4,gene,0.021235131705175037,-0.00040933669473767836,-0.008227530311502257
TMED5,gene,-0.017801093446702797,-0.023701385239132344,-0.011877948803672633
TMED9,gene,0.016877851904740365,-0.0022898903906547587,-0.006386777293050778
TMEM106B,gene,0.011394144679652822,-0.003484080654512975,0.0003816037903645608
TMEM109,gene,0.005177547119244778,0.015418406277097825,-0.001528696261462358
TMEM11,gene,0.009059738565494314,0.014576992024760156,0.010698847705091748
TMEM123,gene,0.021427483274167165,-0.02049571231256627,0.0007038082770850369
TMEM165,gene,0.010606815183579473,-0.009894503772479888,-0.024719474003745853
TMEM201,gene,0.009673763147840521,0.015761365732169335,0.007004011825057391
TMEM205,gene,-0.009608929836164336,-0.00836107680787448,0.0026181425394921323
TMEM214,gene,0.004192194115702041,0.00816664734325985,-0.017263618006288842
TMEM230,gene,0.009440414143973182,-0.0018018471107213976,0.007100861126044357
TMEM256,gene,-0.0030264585225209103,-0.010260418923419171,0.004266399300296446
TMEM258,gene,0.017090146754197913,0.013128122180895803,-0.011563618335699896
TMEM263,gene,0.02045841359919156,-0.0005133950786775786,-0.02572800531180325
TMEM30A,gene,-0.004025105373526892,-0.012945880193416573,-0.0077458112700498905
TMEM33,gene,0.02060134122022725,-0.028347334900618887,-0.011881002798232976
TMEM43,gene,-0.004185336953524278,0.0073960291264876495,0.003674318831806732
TMEM63A,gene,0.011104733765690659,-0.029607769336491813,0.025419025055757265
TMEM65,gene,0.01163793888555229,0.021435195066900725,0.0057551899849085705
TMEM68,gene,-9.681188256388952e-05,0.024561044312269378,0.00807332001554838
TMOD3,gene,-0.0185861010379155,0.022273822610673153,-0.014168142140924258
TMPO,gene,-0.034989097598666495,0.01584553491354727,0.01798859039096911
TMPPE,gene,0.0024676798759115854,-0.012103469756845878,-0.010163680686042353
TMSB10,gene,0.004768992437567182,-0.018968367954477785,0.003219974688238918
TMSB4X,gene,-0.012447711575690181,0.007487858704917232,-0.01395840429107597
TMT1A,gene,-0.021088254427041406,-0.0056187236660677365,0.0038685365624798506
TMTC3,gene,0.0026590985213502303,0.014805704074583094,-0.010240150131971697
TMX1,gene,-0.00696388106616616,-0.004159111875184419,-0.04377427038466637
TMX2,gene,-0.0010893166259475602,-0.004221681479173469,-0.014206209627571941
TMX3,gene,-0.022128232027311876,-0.00849255262961619,-0.008639692821648857
TMX4,gene,-0.022650029163926725,-0.010730880486403267,0.020457937761555512
TNC,gene,-0.003204398151565779,0.02815845478173559,-0.02354179605437058
TNFAIP2,gene,0.004651139987310513,-0.026031724093795696,-0.030161108154672975
TNKS1BP1,gene,0.015069443595486233,0.015680199716837727,0.007116984250497709
TNPO1,gene,-0.014019025413410519,-0.020057607940209186,-0.012557357171466242
TNPO2,gene,0.008572899624519187,-0.026608919845878893,0.015123800557674937
TNPO3,gene,0.004441071716809273,-0.017358603751391085,0.011264547954829006
TNS1,gene,-0.0066241568860715165,0.04508453996588172,-0.030710983550820352
TNS2,gene,-0.015184363891122207,0.010120535784386465,0.015226139142424348
TNS3,gene,0.0015223590959241226,4.8364607601264407e-05,-0.041669134797770374
TNXB,gene,-0.024737659571482756,0.008151860131003694,-0.009337457206390828
TOLLIP,gene,0.001140102577688113,0.00511014265825789,-0.005243221595420527
TOM1,gene,0.0031427080089127856,-0.0010028700245706679,0.0001888471460145828
TOMM20,gene,0.02305245704464312,-0.006042439969811312,-0.008675252601869542
TOMM22,gene,0.02977474417941819,-0.0017084750511551726,0.008012006747602007
TOMM34,gene,0.029193657373694587,0.001677825096527449,0.005293681537137327
TOMM40,gene,0.029372397009551614,-0.0016098580026421589,-0.012603084691784538
TOMM5,gene,0.02335151300145351,-0.008655313345040522,-0.013523052790207227
TOMM70,gene,0.02121351644796113,-0.008540861133424798,0.011387592668282754
TOP1,gene,0.0017208104254497886,-0.01726807734966602,-0.002503769825490002
TOP2A,gene,0.018306758934003263,-0.004783072373934056,-0.027585457465376394
TOP2B,gene,-0.00444877237154088,0.014428875233049875,-0.0005222934947043139
TOR1A,gene,-0.00977409500254069,-0.02336454739329334,-0.017567284116626204
TOR1AIP1,gene,-0.02003175910435942,0.02023130095830096,0.007764576991413331
TP53BP1,gene,-0.0004147148994896721,-0.020485647141916977,-0.004474873641293876
TP53I3,gene,-0.003052247553638118,0.002771949015997307,-0.007197403358508657
TP53RK,gene,-0.0087056895956865,-0.005827822526973366,0.01045202743465756
TPD52,gene,0.02713038407283436,-0.02191172098308568,-0.011770310176100352
TPD52L2,gene,0.02886123769692548,-0.018332288642220855,-0.0045897683190939936
TPI1,gene,0.023714324020299087,-0.006569878323722296,0.0060623001089181614
TPM1,gene,0.0001334220702874311,0.02322739439069516,-0.008247045675678409
TPM2,gene,0.0001289064301734018,0.035769917241418724,-0.011107001943877216
TPM3,gene,-0.018354362238511848,-0.014409187534635813,-0.007341698935086916
TPM4,gene,-0.006731423491873418,0.03772098415885858,-0.025192868477481523
TPP1,gene,-0.002808569076554787,-0.005309534936062866,-0.01102959210672787
TPP2,gene,0.0099585320302619,0.004661003458082294,-0.020228631003064178
TPPP3,gene,0.0040149368624669834,0.008423301208199807,-0.009443365813766551
TPR,gene,-0.007493187108286172,0.039136061566008726,0.024055393188236057
TPRKB,gene,-0.0073503922485201115,-0.007968751408909108,0.006323978902431655
TPT1,gene,0.021630275062753057,0.0016785076172399747,-0.027522854318706953
TRA2A,gene,-0.0073119668978008,1.0440908775490936e-05,0.01688976697850534
TRA2B,gene,0.003835384708707922,0.018400146302514932,0.010214180124798687
TRABD,gene,0.0025256606345521204,0.003918242322363361,-0.012996810217205926
TRADD,gene,-0.031150154745835976,-0.006607640115710026,0.015520272443297086
TRAF2,gene,0.004131699278441155,-0.020452822056734533,0.012307685921729124
TRAF3IP3,gene,-0.03269581551999868,0.0041005667669818165,0.0118789350020766
TRAM1,gene,0.004981056224455872,-0.004888745620517727,-0.011901256924463692
TRAP1,gene,0.031291041877883535,0.009876753606377867,-0.015077675819668306
TRAPPC1,gene,-0.00983041999404721,0.0025000209417004294,-0.011412442198346116
TRAPPC11,gene,-0.01866875842387368,-0.008494743383276639,0.013720524422968047
TRAPPC3,gene,-0.004512985997493836,-0.020021792623855682,-0.010869655128154519
TRAPPC4,gene,-0.003046032727388067,-0.002923554398301742,-0.024639748183981205
TRAPPC5,gene,-0.01541021214702412,-0.015954912961013153,-0.009856441641698518
TRAPPC9,gene,-0.018001042859273477,-0.009847462628417306,-0.008948001953264456
TREX2,gene,0.0004136862401963505,0.0020717244343886245,0.00020717707300993177
TRIM14,gene,-0.011278336297365714,-0.03493230382703225,-0.002163699046855736
TRIM2,gene,0.015157617990180934,0.004442155221787376,0.02334861464023669
TRIM21,gene,-0.0204217704863369,-0.014573693354091154,-0.026397125093133186
TRIM22,gene,-0.023053569755325923,-0.007706636496293678,0.00358761013744859
TRIM25,gene,0.003954799746601817,0.010274079878038885,-0.02406932240430228
TRIM26,gene,-0.009596454859110249,0.009246084868381136,-0.017265514062513896
TRIM28,gene,0.010274233393016294,0.01299318292783024,-0.0008323110933308172
TRIM29,gene,0.011048792205697062,0.03760210583484006,0.0017662445406933071
TRIM3,gene,-0.0014044075520839173,0.03004680079748003,-0.007828893484157363
TRIM33,gene,0.00986045364658542,0.0077435823753006245,-0.017164775113085517
TRIM47,gene,0.01501876595416768,-0.02340926323892277,-0.003596726836097046
TRIM56,gene,-0.00043923210426210374,-0.007121073272416546,0.01190542883336238
TRIM65,gene,0.002349486179558902,-0.010502469990527707,-0.011736183359833214
TRIO,gene,0.0031819600281151016,0.029032214374518205,0.012728590887662063
TRIOBP,gene,-0.008718881770759768,-0.004847467634851644,0.007390315340892009
TRIP10,gene,0.003907554507564102,0.0030057676134251895,-0.0141619816856048
TRIP11,gene,0.006380794740980117,0.009180960919143475,-0.014227568777609681
TRIP12,gene,-0.01263109050322967,-0.006803816366222673,-0.026163817540137354
TRIP13,gene,0.0230628035387247,-0.02171556955857795,-0.02121254531474637
TRIP6,gene,0.02443443557073768,-0.024780312486344033,-0.0029968818877548478
TRMT1,gene,0.022617435270243014,0.026592558998569653,-0.0215345339469902
TRMT10C,gene,0.029296190042627304,-0.0004847573010783961,-0.008475930052279942
TRMT112,gene,-0.0020702642983580076,-0.013980947112718464,0.007829184795970131
TRMT1L,gene,0.0054208841963836974,-0.010967402708329327,0.007286229724871362
TRMT6,gene,0.006177759807693633,-0.022304008923963083,0.019154390396478954
TRNT1,gene,-0.005056820985408003,-0.011911822910488626,0.0021619499044680077
TRPS1,gene,0.008066458463441714,0.015047935501526779,0.023785175040070234
TRPT1,gene,-0.009891455632460336,-0.006722745700810663,0.004818958051787482
TRRAP,gene,-7.914050807159061e-05,-0.02465543151228417,0.016806128352285354
TRUB1,gene,0.012807830907611062,0.0004848047275304024,0.0022001382801979416
TSC2,gene,-0.00793750085718698,-0.018426892531736985,-0.00031781054489715037
TSC22D4,gene,-0.02655779432846598,-0.015469869088835329,0.02271600815918653
TSEN34,gene,0.010997608969375083,0.006329172380925715,0.005447250678366991
TSFM,gene,-0.0012425832439141552,0.0014508490726164397,-0.0042921585475796725
TSG101,gene,-0.0019072487794066183,0.02218146979966226,-0.008022175033335797
TSN,gene,0.008969853315068934,-0.024309999949667843,0.009960173587986156
TSNAX,gene,0.013511583813030763,-0.01005598666094621,0.02055655701766722
TSPO,gene,0.015148103480040457,-0.012776047639388572,0.00556820434134934
TSPYL5,gene,0.020446292855452537,0.02289362353521909,-0.003032643233356672
TSR1,gene,0.009542851536492243,0.016647531973277913,-0.027235287393862388
TST,gene,0.008153205596554074,0.038892238714226784,-0.0021149471241187173
TSTD1,gene,0.0126986535118135,-0.014646390033406056,0.03674121781136117
TTC1,gene,0.011368125452821601,-0.030109795966008983,-0.012589826002827173
TTC9C,gene,0.01240520096521455,-0.008240972757517962,-0.005710917318452789
TTLL12,gene,0.0318189633851478,-0.0007234538472680865,0.0034040924758572144
TTR,gene,-0.015728174713066274,0.023529114394130576,-0.02503229926007746
TUBA1A,gene,0.008977993495842525,0.008118628210781425,0.0030434959873481124
TUBA1C,gene,0.020946824997896584,0.014288499747973901,-0.013554871880902045
TUBA4A,gene,0.007526552281700966,0.015016700739204105,-0.013254629971365551
TUBA4B,gene,0.005484071923438621,-0.012971560203568978,-0.020945742684550503
TUBA8,gene,0.011177425700707537,0.019577586557167927,0.0054688697756856515
TUBB,gene,0.0214301465061072,0.021184032808838564,-0.017925862069303022
TUBB2A,gene,0.011768785979310439,0.007195279989208852,0.007212448141404143
TUBB2B,gene,0.004786794386030515,-0.0152717229215035,0.01018216373519983
TUBB3,gene,0.01251388300697239,0.019813979480719772,-0.007507228508209254
TUBB4A,gene,0.0017690766277716893,0.02113400941830274,0.01394735423013879
TUBB4B,gene,0.008889842306320285,0.021917874863728346,-0.0007891656158875472
TUBB6,gene,0.0142602812501999,0.020794721953809037,-0.0009201748795371945
TUBG1,gene,0.01618965182895195,0.0044870340662072905,-0.0029781043541553154
TUBGCP2,gene,0.013998494497817078,0.007421667174622361,-0.015311702775208822
TUBGCP3,gene,0.005626730965844858,-0.014716149485883156,-0.017977113509018455
TUFM,gene,0.022675114936980365,0.012628318565090375,-0.003701986796757007
TUFT1,gene,0.000678042574591453,-0.0031169764733264445,0.001301312472218073
TUT7,gene,-0.00015943185904876615,0.015838266504271097,0.0035962068402709104
TWF1,gene,0.015078531053505104,0.0018259574144285427,-0.010989459915574155
TWF2,gene,-0.02204352152316433,-0.013582835053966782,-0.02920460616115835
TXLNA,gene,0.025054833220588976,-0.002823031628708582,-0.02892415750067226
TXN,gene,0.002279012905702556,0.002824259243739259,0.002117532674562027
TXNDC12,gene,0.008740603711337273,0.01923898013385055,-0.027884440293078072
TXNDC17,gene,-0.002816271680546896,0.010519333956074902,0.0032157006524843575
TXNDC5,gene,-0.015531261177331572,0.008598889458118946,-0.019713967240326837
TXNL1,gene,0.0021967240111070516,0.017543858680963836,-0.004910084167050083
TXNRD1,gene,-0.012612135966521824,-0.02189869495016279,-0.022887209883858894
TYMP,gene,0.011831056748958955,-0.023812503434271784,-0.03617201189218224
U2AF1,gene,-0.006442294276891504,-0.005897310291472144,0.005825905737043189
U2AF2,gene,-0.01934178430025283,-0.016450353913168552,0.0022924236792687476
U2SURP,gene,0.0039954706774618775,-0.0055479409763773595,-0.006631035548390278
UAP1,gene,0.0021341277704908924,0.003130473751446009,-0.004352080668806825
UAP1L1,gene,0.0004425748463827112,-0.005233179304875041,-0.03932217823415551
UBA1,gene,0.0029735727532295263,0.03607349610924187,0.00016713100822664094
UBA2,gene,0.002653008286118308,0.0214340172748607,-0.008351600450918125
UBA3,gene,0.02206673999625136,-0.011460802904750223,-0.0013448809642929872
UBA5,gene,0.005456030984849622,-0.002191913915524604,-0.02006479460587364
UBA6,gene,-0.018414452898705507,-0.034255341531428375,-0.0030121391831793073
UBA7,gene,-0.02216800317026203,-0.017847020912935923,-0.02597419461254222
UBAC2,gene,0.02969087156210606,0.02024298799807137,-0.014573781712134012
UBAP1,gene,-0.00851206085761028,0.026026754029058467,-0.005105656927045118
UBAP2L,gene,0.03310427884182931,-0.002812569928819441,-0.007607223817810796
UBE2D3,gene,-0.0053841603991864485,-0.010153928585856245,-0.009041596523225571
UBE2G1,gene,0.0017401155681944394,-0.007470642587913815,-0.006307147905161485
UBE2I,gene,-0.019484090918458378,0.011615055243333935,-0.00653274321237912
UBE2K,gene,0.0064446866661453505,-0.04035957681721102,-0.011796441779996393
UBE2L3,gene,0.0007806892107855515,-0.014999152817453381,-0.016294360274940575
UBE2L6,gene,0.01234096924369063,-0.037595653956265976,-0.0324394135653478
UBE2M,gene,0.008588120420353146,-0.025890859922267175,-0.011759392936346442
UBE2N,gene,-0.0005006954327806019,-0.011546659186867175,0.0001399129615947184
UBE2Q1,gene,0.0018524068650617891,-0.025131014810497107,-0.013083726372015351
UBE2V1,gene,-0.004597903527044409,-0.024028629101848123,-0.009907829209624871
UBE2V2,gene,0.006582858521944923,-0.018573650129176323,-0.001094595906476169
UBE2Z,gene,-0.0025909700589724816,-0.012642225532727282,-0.007721755243373807
UBE3A,gene,0.0013217016754659377,-0.011119162679328335,-0.005326656720837437
UBE3C,gene,-0.0007957947265090375,-0.020045399990802598,-0.0076271742317449796
UBE4A,gene,0.010506737593997957,-0.019700978516184787,-0.00923350717214196
UBL3,gene,0.0020492789839120715,0.0006455441987586771,-0.003812284945972822
UBL4A,gene,0.012916604339755614,0.0008617761969464906,-0.0010296413470324269
UBLCP1,gene,-0.02797880328460864,0.002248057509831924,-0.0008702464529381879
UBQLN1,gene,0.020522844865500437,-0.002865663487908372,-0.01409334491126899
UBQLN2,gene,0.027127168205856853,0.0055350413236156405,0.0025102321843011146
UBQLN4,gene,0.029417357614367753,-0.0031628725410089236,0.008882119424185373
UBR2,gene,0.00805055873435529,0.01772401487690561,0.008864976275455447
UBR4,gene,0.02304133394259601,-0.0010497092314093565,-0.02421304165648649
UBR5,gene,0.03380492987569745,0.005176609134447276,-0.009526075011201493
UBTF,gene,-0.029157444720521116,0.018600475782180843,0.016231335389772283
UBXN1,gene,-0.02184090123570944,-0.02027636337617286,-0.005342383966797547
UBXN4,gene,0.014852850710437383,-0.006765917647917928,0.0007243326066191692
UBXN6,gene,-0.011020799001413726,-0.008708349756291436,0.0029044497731815985
UBXN7,gene,0.021830978790958584,0.007732696236948214,0.004519807278178568
UCHL1,gene,0.02330349010750012,-0.040688306962096285,-0.013979918892445143
UCHL3,gene,0.02696096439302205,0.019731191254030393,-0.0030484117421233576
UCHL5,gene,0.01144418946305746,0.0007970720152882783,-0.02115010064248384
UCK2,gene,0.00847583775727712,-0.00921594903280031,0.0038871361895108625
UCKL1,gene,0.020858542467413085,-0.0012208352224481781,-0.008615220477948885
UEVLD,gene,-0.006406160200361649,-0.0045286379226595055,-0.006889208912113843
UFC1,gene,0.00707638026502545,-0.02608861625420407,-0.010880944034077467
UFD1,gene,0.00019757642441259736,0.0037031827137424746,-0.01875920919322599
UFL1,gene,-0.018342680182698565,-0.013469542827350958,-0.0007204556483725817
UFM1,gene,-0.0005455837540443705,-0.011593528337687575,-0.002507635378064403
UGDH,gene,0.026639746420925044,-0.004977329383720586,-0.027565825344823505
UGGT1,gene,-0.02151348404005753,0.0007317758965764814,-0.015752403150541047
UGP2,gene,0.019877791490615655,-0.009805969268171311,-0.022402366180562603
UMPS,gene,0.0166648642560442,-0.001163502800563015,-0.004589125637583526
UNC119B,gene,-0.0007425650337196297,0.004062968555899924,-0.01735313931321528
UNC13D,gene,-0.0240380717762506,-0.021634724897582523,-0.01718560939628138
UNC45A,gene,0.030134078273282305,-0.0065914609481080135,-0.008030291821920214
UPF1,gene,0.029403368832811982,0.030542518631733767,-0.02282608987509135
UPF2,gene,-0.008634120594210676,-0.03897866233119282,0.0016736008261958176
UQCRB,gene,0.0045049381831864296,0.014646405312154628,-0.011827972078952123
UQCRC1,gene,-0.0009397424889241933,0.016955181196083694,-0.013520810970955246
UQCRC2,gene,-0.004429229924439951,0.011399450065842524,-0.006517807120327746
UQCRFS1,gene,0.01168553055936509,0.0046366554362207,-0.009517651710694968
UQCRH,gene,0.004783191497322029,0.006330475568935445,-0.003393540716701136
UQCRQ,gene,0.005441008746603208,0.0036053608417729857,0.004718846040458471
UROD,gene,0.004585011889155828,-0.012544215546790347,-0.008976512866760118
USE1,gene,-0.0035224905122935744,0.023622978983464788,0.010589720774412326
USO1,gene,0.005543638725878513,-0.021404852477930298,-0.01944270039501239
USP10,gene,0.023634185788970842,0.02419189317531178,-0.01618371122121905
USP11,gene,0.0048737073442750726,0.03236553774168043,-0.02453139096838545
USP14,gene,0.01918028268660601,-0.02986560310838671,0.007897649093756011
USP15,gene,-0.01641343060941869,-0.011968341355712526,-0.018199329730414583
USP19,gene,0.005259189732310988,-0.003920665890432756,-0.024427328182889143
USP24,gene,-0.03148272560907021,-0.009640545404225358,0.006376277033090945
USP34,gene,0.00819810108589082,0.014572378367489808,-0.003956471124698917
USP39,gene,0.006632937747762916,0.009753399836255545,-0.0032693078895092175
USP47,gene,-0.017224122499019733,0.0033990998762785164,-0.011059870916490277
USP5,gene,0.027872595229804033,-0.012688218299069035,0.007700097022527398
USP7,gene,-0.0005016433979204728,0.022465960019869075,-0.009612970048543815
USP8,gene,-0.009097772225899706,0.013342472214083217,-0.0032012303712360655
USP9X,gene,0.009193004812670685,0.01369215020916951,-0.025729343489036834
UTP14A,gene,0.00043225696283771917,0.00022302739996995252,0.012384895809584639
UTP18,gene,0.02006411458789325,0.010076663756398043,-0.006431695901009048
UTP20,gene,-0.005560844422782817,0.007470416495595079,0.011303643665652239
UTP25,gene,0.005676780477919595,0.003980083513771839,0.023025801772157063
UTP6,gene,0.015210278775209949,0.010761435631521153,-0.015516129094029513
UTRN,gene,-0.006510715212355401,0.03379175453927675,-0.024348314469894362
UVRAG,gene,-0.012143598458001495,-0.013417769798438629,-0.012646785483888052
UXT,gene,0.011264397426780638,-0.021028049175426684,-0.005824408256747985
VAC14,gene,-0.0018114407193176375,-0.010236946374095088,-0.023970947408736374
VAMP2,gene,-0.005805723828961117,0.002756671390597542,0.0029402699597921586
VAMP3,gene,-0.0001559604387797308,0.008139671292751385,-0.008093540435337039
VAMP7,gene,-0.005913132586106959,-0.012697417940325239,-0.0031471028851413458
VAMP8,gene,0.012261019401571356,-0.01933325362375944,-0.014241107686139105
VAPA,gene,0.01495292377092855,0.008987887086413399,-0.011713352725454592
VAPB,gene,0.02693398414824109,-0.006858948950415504,-0.01024713388475359
VARS1,gene,0.008729855488916291,0.01749744810877158,-0.0344491467634985
VASP,gene,-0.026418220944271296,0.02690808990139857,-0.01885164317573527
VAT1,gene,-0.007264384176218814,-0.008962087984110518,-0.007891460973002242
VAV1,gene,-0.032953787067239254,-0.008569876501265589,-0.014963194083537893
VAV2,gene,-0.014973251338295959,-0.01036903260642304,0.012520307640648225
VBP1,gene,0.018297223779549728,-0.0034894267141334133,-0.013700930011479054
VCAN,gene,-0.019963170797553074,0.015838831028099902,-0.010685987601424935
VCL,gene,-0.0012541225194106671,0.04128750948237067,-0.022255293739173978
VCP,gene,-0.007045644639544684,0.004463096005570711,-0.021357629485514763
VCPIP1,gene,0.022139383173497708,-0.002869826721012398,-0.0022707271311462546
VDAC1,gene,0.018044719070396783,0.003705140632377507,-0.010120750804016171
VDAC2,gene,0.013595265365960283,0.007506470027109098,-0.007268153415909174
VDAC3,gene,0.01185739791391199,0.012586716918019434,-0.009164465813340933
VIM,gene,-0.026661935546004822,-0.0060440896730107364,-0.012385540267184546
VIRMA,gene,0.0019264766886032464,-0.007659273733129039,-0.0035316661207747463
VPS11,gene,-0.023941578179148573,-0.01644514263079395,-0.009952808564168568
VPS13C,gene,-0.0297710489325922,0.001107364035201287,-0.005569568821466932
VPS16,gene,-0.023680181240568934,-0.017588759515717468,-0.015805434452271932
VPS18,gene,-0.02042892297201132,-0.012971829336690744,-0.014197089305709218
VPS25,gene,-0.0022822586773648657,0.004805532695411862,-0.010919633125224029
VPS26A,gene,0.0020848696599942685,0.0007375215412609077,-0.007537092566110142
VPS26B,gene,-0.013207387951592351,-0.0035174055315167953,-0.017945650556750428
VPS28,gene,0.0025826018327888864,0.010398222631556648,-0.020745371502313256
VPS29,gene,-0.010045166311106458,0.005202192204826355,-0.026916795931858657
VPS33A,gene,-0.020753907861752723,-0.014135476585664447,-0.023062650752070014
VPS33B,gene,-0.012220727334719097,-0.005611687360503734,-0.0102671301467456
VPS35,gene,-0.01051806139185427,-0.019854286334488276,-0.015034088151786452
VPS35L,gene,-0.012959749917327894,-0.010301087601323922,-0.011436473151542354
VPS36,gene,-0.01440170548324235,-0.003046334450407169,0.0025829244685306603
VPS37C,gene,0.018335335020975098,0.03636338929475583,-0.002854272079179213
VPS39,gene,-0.01708846620454309,-0.00871806078527113,-0.012699977424106614
VPS45,gene,0.01793868502997222,-0.026462983158764847,-0.013550813384464781
VPS4A,gene,-0.0116247654465804,-0.004650908237964236,-0.007117691602506653
VPS4B,gene,-0.023633196627175834,0.004436919514658064,-0.008824318043846988
VPS50,gene,-0.010872576742899221,-0.011404558735144016,0.01707973436161614
VPS51,gene,-0.0007088226045180068,-0.01967387968405451,0.00039732051361872844
VPS52,gene,-0.00856695074076091,-0.02779868640602842,0.004815942438052916
VPS53,gene,0.007198785523886556,-0.015094839988394415,0.006296162840884119
VPS8,gene,-0.01846019007314363,0.009573811042308675,0.002631339546241747
VRK1,gene,-0.006649084624122598,-0.001884554804989658,0.0008431490533218319
VRK2,gene,0.016362779617699108,0.007900700065717678,-0.0172652798086602
VRK3,gene,-0.02168773450534505,-0.00876700021931009,0.004120292322769166
VSIG8,gene,-0.009358814152071477,0.007729219926052252,0.003000472678251609
VTA1,gene,0.011794309155233775,0.013717317062952088,0.0086059869353324
VTI1B,gene,-0.01834561127407903,-0.0050542632504354725,-0.013424776470113437
VTN,gene,-0.007479360441447964,0.028003949720252157,-0.041822603990896864
VWA1,gene,-0.008483231010928889,0.03199101717867128,-0.03138967583942394
VWA5A,gene,-0.015228046093504933,-0.002300222369832646,0.011806783609675148
VWA8,gene,0.024599059867006157,0.023234851064598678,-0.0013527313047873818
VWF,gene,-0.024510794262847576,0.017888016109937514,-0.017015862207206807
WAPL,gene,-0.021453769931923487,0.012878522839206576,0.009606808362298514
WARS1,gene,0.0003803070039619782,-0.0341823649827666,-0.04966279664503233
WAS,gene,-0.03439229204498104,-0.005981597624563493,-0.014723085031606345
WASF2,gene,-0.025641758780145886,-0.02141849276847076,-0.009876495581872254
WASH2P;WASH3P,gene,-0.010835669137024304,0.004755174390415374,-0.007253865645803255
WASH6P,gene,-0.01755860448186142,0.010943865219991083,-0.029427309369177448
WASHC3,gene,-0.005547727208914536,0.005025093015171367,-0.02510828538438732
WASHC4,gene,-0.019294372287247678,-0.010011559292261534,-0.029676140957103758
WASHC5,gene,-0.02222964820669249,-0.0038280104094663772,-0.028322496226635654
WASL,gene,0.0027977121500679827,0.01185618673061598,0.024841428571292304
WBP11,gene,0.009724905918530823,0.006828269673412264,0.0001875751520340593
WBP2,gene,-0.010231564748035325,-0.016809204386330465,0.0022389994520990095
WDFY1,gene,-0.02000895262421284,-0.006672702800159637,-0.025710657770545157
WDR1,gene,-0.027743115274577713,-0.002235479504678859,-0.01052159039491443
WDR11,gene,0.010409557752052163,0.0052866461172617575,-0.007485439146999472
WDR12,gene,0.020055330100664424,0.012432104805329561,-0.017766501767665647
WDR13,gene,0.0030025179424634655,0.001974805482833322,-0.0011599541407927723
WDR18,gene,0.014242608886805173,0.0027964061785964757,0.002921174460924978
WDR26,gene,0.01655659464421286,-0.00178528076698326,-0.009396174194292764
WDR33,gene,-0.011625476761523817,0.009861950280061753,0.0050043798287253026
WDR36,gene,0.007324870887486328,0.008204548211155425,-0.0059749100764547045
WDR43,gene,0.0032867850995043414,-0.006354453113941988,0.011612850928940375
WDR44,gene,-0.018260620502320208,-0.006283884667004722,-0.0029282746103420445
WDR7,gene,-0.015171726782995562,-0.007963997746720991,-0.013296693464084321
WDR70,gene,0.004844580472735937,0.004435412296565862,0.02222677794679151
WDR75,gene,0.0047317454587125895,-0.02667071421666742,-0.0036369025030542376
WDR77,gene,0.00862153181275995,-0.007125354530699631,0.003367038307048798
WDR81,gene,-0.025256754072242007,0.0028689012064045177,0.003943850570938599
WDR82,gene,-0.011940875264361949,0.0032310218837621526,0.0013644623626460216
WDR91,gene,-0.03245354564126433,-0.0017587149634314793,0.001971596886263711
WFDC12,gene,0.00433849139548726,0.004890468222721146,0.007841965839900029
WFS1,gene,0.0016779926070022507,0.010895202564001139,-0.0235890460590053
WIPF1,gene,-0.03351969704930423,-0.002684620286897914,-0.008932375311325168
WIPI2,gene,-0.009964985339053626,-0.024990457489489384,0.0018446045598329464
WNK1,gene,-0.0061097626538645766,0.0019334420206947667,0.003994073148562534
WRNIP1,gene,0.01585866140886971,0.003279859943477573,0.0170421255842006
WTAP,gene,-0.0033220770043473065,0.020700452586885017,0.002782120224181637
XAB2,gene,0.003561887350821608,-0.0074198413054069184,-0.013155139673305852
XPNPEP1,gene,0.020929668117381766,-0.016712199148076794,-0.038901048624540094
XPNPEP3,gene,0.015852808090580067,-0.0014783117307449742,-0.0074318385806956665
XPO1,gene,0.02118822142690081,-0.015737898709617285,0.005423889510996245
XPO4,gene,-0.002877634849509503,0.00987053308590532,0.010155321944909975
XPO5,gene,0.025742736139786702,0.017224603792698273,-0.02512573420987917
XPO7,gene,-0.011588326247374306,-0.00208389791550262,0.012363265044099816
XPOT,gene,0.010714729349496162,-0.017350650431987955,-0.01720463968204418
XRCC1,gene,0.014618062423191134,0.00763757675496949,0.027622175468956872
XRCC5,gene,-0.01457017819219811,0.027560115460518852,0.014545350643408889
XRCC6,gene,-0.01460533142563631,0.025657847724735318,0.008432688384484738
XRN1,gene,-0.011886533021378484,0.0005461673074814467,-0.022412805666409248
XRN2,gene,-0.003385634990257699,0.04111066599591552,0.010899596711976395
YAP1,gene,0.023259418678196364,0.015955027638867907,-0.005082612173624626
YARS1,gene,0.00691883426236966,-0.03258177173227122,-0.035931527142448905
YARS2,gene,0.0005756921187252419,-0.004054956044892874,0.012417199978977824
YBX1,gene,0.03038873455745962,-0.003359756618966896,-0.02390872893336594
YBX3,gene,0.03106582091536284,-0.001770791036193026,-0.009020712800913596
YES1,gene,0.011584486092706658,-0.008260879783360433,-0.008251494400865292
YIF1A,gene,0.000326555408762076,0.0031244536665854584,0.0029880054255732526
YIPF6,gene,0.012249914996411732,-0.010762127578024526,0.00334162829223181
YKT6,gene,0.0032630263984257963,-0.012243751342355684,-0.007688349887402748
YLPM1,gene,-0.002944461660460051,0.008411557023297031,0.0010873638817769614
YOD1,gene,-0.003664107638437427,0.011278904597907459,-0.002445427071915966
YTHDC1,gene,0.0019674460568008386,-0.0016638643607146497,0.01753865372082343
YTHDC2,gene,0.0020898414560749363,-0.010313901343532321,-0.020685344920129613
YTHDF3,gene,0.025672926943615268,0.01845662387903879,-0.025106938365609576
YWHAB,gene,0.0003232555883046889,-0.007350077641006138,0.00545928203174533
YWHAE,gene,0.023792794912470248,-0.013052995473465017,0.00039813181466787854
YWHAG,gene,0.018714631756542168,-0.02041994957546896,-0.004199418628615987
YWHAH,gene,0.022070252256414118,-0.020344046488037726,-0.03373601245253473
YWHAQ,gene,0.009254670006282982,-0.010166097859199094,0.0013270306423111195
YWHAZ,gene,0.01019542405766186,-0.006074990658320224,0.011013599148853088
YY1,gene,-0.013327970429760323,-0.005607084357182901,-0.00514126593256954
ZC2HC1A,gene,0.004440231106575561,-0.0012982093466060067,0.002469060704050714
ZC3H11A,gene,-0.005991160562808877,0.019506363522236597,0.02319918964204451
ZC3H14,gene,0.0036940187614480343,0.01879583275634944,0.0028051567393541223
ZC3H15,gene,0.012804852273927223,-0.0037335278575450588,-0.007539095091025732
ZC3H18,gene,0.01142728369722984,-0.01211194058582274,0.013109192333816303
ZC3H4,gene,-0.007986090254431193,0.025771230455527372,0.008533019094592312
ZC3H7B,gene,0.005683478061844409,0.016898059998184743,-0.009502870159571438
ZC3HAV1,gene,-0.02371823389944616,0.004345491048322875,0.0005769165691617179
ZC3HC1,gene,-0.006619643707782765,0.02147768263448322,0.02346844811499043
ZCCHC8,gene,-0.013646818605878314,0.01814033650976701,0.0006542985018623676
ZDHHC5,gene,0.011696873450391804,0.007830032266374251,0.01905690437481422
ZER1,gene,-0.009817654955386109,0.007161327398522855,0.016579814855760495
ZFAND1,gene,0.01104006113130157,-0.030554355060679692,0.0008198270376492806
ZFP91,gene,-0.00865707330850869,0.011086511812503953,0.011598797506253741
ZFR,gene,0.012665152298473082,0.0044817153165327035,0.008044068863148455
ZG16B,gene,0.004350961902978078,-0.003378539532234676,-0.005129251561548252
ZMPSTE24,gene,0.01316152883419571,-0.0153864221637337,-0.01669994340431624
ZMYND8,gene,0.007135323962004564,0.015701881294473474,0.003999842517311077
ZNF185,gene,0.005779105080757067,0.03639344510871613,0.019134197972424456
ZNF207,gene,-0.003758877076303472,0.013431860550848882,0.00328803899727158
ZNF326,gene,0.03105110786650736,0.0036638088366364803,0.001930060778956909
ZNF512,gene,-0.007268565495102331,0.03498196608723956,0.027343351093641888
ZNF622,gene,0.00962026465129861,0.024943969831851594,-0.003579373471523476
ZNF638,gene,0.015650223507543467,0.020971854143407843,0.01093353361545272
ZNRD2,gene,0.01709952667765008,-0.037308909172229496,-0.003962313042880635
ZPR1,gene,0.016289000844695277,-0.013121670433768188,-0.017131564426289814
ZRANB2,gene,-0.010300326689291383,-0.01422998678252256,0.012216630849085681
ZW10,gene,0.004255092627803431,-0.007331120046969916,-0.01559087368983368
ZYX,gene,-0.012806180797421648,0.006824676952733359,-0.025824946540817826
ZZEF1,gene,-0.02236479537607621,0.0005073401671058577,0.0005826997470751659
