A,B,R,z,p
AT1,AT1,0.6777220368385315,319.8871154785156,0.0
AT1,AT2,0.6952781677246094,328.1736755371094,0.0
AT1,B_memory,0.678839385509491,320.4145202636719,0.0
AT1,B_naive,0.6901586651802063,325.75726318359375,0.0
AT1,B_plasma_IgA,0.5050604939460754,238.39028930664062,0.0
AT1,B_plasma_IgG,0.4143807888031006,195.5891571044922,0.0
AT1,B_plasmablast,0.5722370147705078,270.09783935546875,0.0
AT1,Basal,0.23333360254764557,110.13426208496094,0.0
AT1,CD4_EM_Effector,0.6811193823814392,321.4906921386719,0.0
AT1,CD4_TRM,0.675352931022644,318.7688903808594,0.0
AT1,CD4_naive_CM,0.534609854221344,252.33767700195312,0.0
AT1,CD8_EM,0.687893271446228,324.68798828125,0.0
AT1,CD8_EM_EMRA,0.7004665732383728,330.62261962890625,0.0
AT1,CD8_TRM_EM,0.6986416578292847,329.7612609863281,0.0
AT1,CD8_TRM,0.6828840374946594,322.3236083984375,0.0
AT1,Chondrocyte,0.4375912547111511,206.54457092285156,0.0
AT1,Ciliated,0.337298721075058,159.20614624023438,0.0
AT1,DC_1,0.684499204158783,323.0859680175781,0.0
AT1,DC_2,0.6904796957969666,325.9087829589844,0.0
AT1,DC_activated,0.6951362490653992,328.106689453125,0.0
AT1,DC_plasmacytoid,0.6758157014846802,318.9873352050781,0.0
AT1,Deuterosomal,0.233972430229187,110.435791015625,0.0
AT1,Dividing_AT2,0.6618862152099609,312.4125671386719,0.0
AT1,Dividing_Basal,0.5033321976661682,237.57452392578125,0.0
AT1,Endothelia_Lymphatic,0.37821120023727417,178.51698303222656,0.0
AT1,Endothelia_vascular_Cap_a,0.6935732960700989,327.36895751953125,0.0
AT1,Endothelia_vascular_Cap_g,0.6919264793395996,326.5916748046875,0.0
AT1,Endothelia_vascular_arterial_pulmonary,0.5031383633613586,237.4830322265625,0.0
AT1,Endothelia_vascular_arterial_systemic,0.18660491704940796,88.07816314697266,0.0
AT1,Endothelia_vascular_venous_pulmonary,0.4467550814151764,210.86993408203125,0.0
AT1,Endothelia_vascular_venous_systemic,0.20684577524662018,97.63191223144531,0.0
AT1,Erythrocyte,0.6635933518409729,313.21832275390625,0.0
AT1,Fibro_adventitial,0.283122718334198,133.6348876953125,0.0
AT1,Fibro_alveolar,0.6736997365951538,317.98858642578125,0.0
AT1,Fibro_immune_recruiting,0.5390675067901611,254.44171142578125,0.0
AT1,Fibro_myofibroblast,0.2211207151412964,104.36973571777344,0.0
AT1,Fibro_peribronchial,0.22781667113304138,107.5302505493164,0.0
AT1,Fibro_perichondrial,0.32774603366851807,154.69725036621094,0.0
AT1,ILC,0.6737717390060425,318.0225524902344,0.0
AT1,Ionocyte_n_Brush,0.3272671699523926,154.47122192382812,0.0
AT1,MAIT,0.699607253074646,330.2170104980469,0.0
AT1,Macro_CHIT1,0.675696074962616,318.93084716796875,0.0
AT1,Macro_interstitial,0.700488269329071,330.63287353515625,0.0
AT1,Macro_AW_CX3CR1,0.6616344451904297,312.2937316894531,0.0
AT1,Macro_alveolar_metallothioneins,0.6123530864715576,289.0327453613281,0.0
AT1,Macro_alv,0.6876357793807983,324.5664367675781,0.0
AT1,Macro_dividing,0.6899875402450562,325.6764831542969,0.0
AT1,Macro_int,0.6593589782714844,311.2196960449219,0.0
AT1,Macro_CCL,0.6968421936035156,328.9118957519531,0.0
AT1,Mast_cell,0.5969110727310181,281.74407958984375,0.0
AT1,Megakaryocyte,0.5955787897109985,281.115234375,0.0
AT1,Mesothelia,0.5441710352897644,256.8505859375,0.0
AT1,Macrophage_intermediate,0.6678334474563599,315.21966552734375,0.0
AT1,Monocyte_CD14,0.6854661107063293,323.5423583984375,0.0
AT1,Monocyte_CD16,0.6855428218841553,323.57855224609375,0.0
AT1,Muscle_airway,-0.17859967052936554,-84.29965209960938,0.0
AT1,Muscle_pericyte_airway,0.28821972012519836,136.0406951904297,0.0
AT1,Muscle_pericyte_parenchyma,0.6944619417190552,327.7884216308594,0.0
AT1,Muscle_perivascular_immune_recruiting,0.5233302712440491,247.013671875,0.0
AT1,Muscle_smooth_pulmonary,-0.17999397218227386,-84.95777130126953,0.0
AT1,Muscle_smooth_syst_arterial,-0.18893755972385406,-89.1791763305664,0.0
AT1,Myoepithelial,0.5428754687309265,256.23907470703125,0.0
AT1,NAF_endoneurial,-0.019505172967910767,-9.20650863647461,3.369048653938819e-20
AT1,NAF_perineurial,-0.15673016011714935,-73.9771728515625,0.0
AT1,NK_CD16hi,0.6974481344223022,329.1979064941406,0.0
AT1,NKT,0.6971215009689331,329.0437316894531,0.0
AT1,NK_CD11d,0.6883609890937805,324.90875244140625,0.0
AT1,NK_CD56bright,0.6803712844848633,321.1375732421875,0.0
AT1,Neuroendocrine,0.5572198629379272,263.0096740722656,0.0
AT1,SMG_Basal,0.31954526901245117,150.8264617919922,0.0
AT1,SMG_Duct,0.515575110912323,243.35321044921875,0.0
AT1,SMG_Mucous,0.5655518174171448,266.9423828125,0.0
AT1,SMG_Serous,0.5212939977645874,246.05255126953125,0.0
AT1,Schwann_Myelinating,0.4926031231880188,232.51036071777344,0.0
AT1,Schwann_nonmyelinating,-0.024230362847447395,-11.436814308166504,2.7375377254774175e-30
AT1,Secretory_Club,0.17998750507831573,84.95471954345703,0.0
AT1,Secretory_Goblet,0.37334030866622925,176.21791076660156,0.0
AT1,Suprabasal,0.22593243420124054,106.64088439941406,0.0
AT1,T_reg,0.6864030361175537,323.9845886230469,0.0
AT1,gdT,0.6846655607223511,323.16448974609375,0.0
AT2,AT2,0.7218708395957947,340.7254943847656,0.0
AT2,B_memory,0.713499903678894,336.7743835449219,0.0
AT2,B_naive,0.7248728275299072,342.1424560546875,0.0
AT2,B_plasma_IgA,0.5453035235404968,257.3851318359375,0.0
AT2,B_plasma_IgG,0.45768508315086365,216.0289306640625,0.0
AT2,B_plasmablast,0.6221088171005249,293.6374816894531,0.0
AT2,Basal,0.25108715891838074,118.51399993896484,0.0
AT2,CD4_EM_Effector,0.7129465341567993,336.5132141113281,0.0
AT2,CD4_TRM,0.7093380689620972,334.80999755859375,0.0
AT2,CD4_naive_CM,0.5677275657653809,267.9693603515625,0.0
AT2,CD8_EM,0.7205327153205872,340.0939025878906,0.0
AT2,CD8_EM_EMRA,0.731569766998291,345.3034362792969,0.0
AT2,CD8_TRM_EM,0.7298038601875305,344.46990966796875,0.0
AT2,CD8_TRM,0.7120704054832458,336.09967041015625,0.0
AT2,Chondrocyte,0.48462027311325073,228.742431640625,0.0
AT2,Ciliated,0.3621307611465454,170.9269561767578,0.0
AT2,DC_1,0.721321702003479,340.46630859375,0.0
AT2,DC_2,0.7223500609397888,340.9516906738281,0.0
AT2,DC_activated,0.7243603467941284,341.90057373046875,0.0
AT2,DC_plasmacytoid,0.7099050283432007,335.0776062011719,0.0
AT2,Deuterosomal,0.25132882595062256,118.62806701660156,0.0
AT2,Dividing_AT2,0.6874581575393677,324.48260498046875,0.0
AT2,Dividing_Basal,0.5367623567581177,253.35366821289062,0.0
AT2,Endothelia_Lymphatic,0.40955355763435364,193.31068420410156,0.0
AT2,Endothelia_vascular_Cap_a,0.714850127696991,337.4117126464844,0.0
AT2,Endothelia_vascular_Cap_g,0.7146962881088257,337.3390808105469,0.0
AT2,Endothelia_vascular_arterial_pulmonary,0.5163883566856384,243.73707580566406,0.0
AT2,Endothelia_vascular_arterial_systemic,0.183414489030838,86.572265625,0.0
AT2,Endothelia_vascular_venous_pulmonary,0.4736807942390442,223.57894897460938,0.0
AT2,Endothelia_vascular_venous_systemic,0.22904512286186218,108.1100845336914,0.0
AT2,Erythrocyte,0.6854600310325623,323.53948974609375,0.0
AT2,Fibro_adventitial,0.3178650736808777,150.0334014892578,0.0
AT2,Fibro_alveolar,0.6916301846504211,326.4518127441406,0.0
AT2,Fibro_immune_recruiting,0.5886359810829163,277.83819580078125,0.0
AT2,Fibro_myofibroblast,0.24512870609760284,115.70159149169922,0.0
AT2,Fibro_peribronchial,0.24060750007629395,113.56756591796875,0.0
AT2,Fibro_perichondrial,0.3518123924732208,166.05665588378906,0.0
AT2,ILC,0.7079741358757019,334.1662292480469,0.0
AT2,Ionocyte_n_Brush,0.34570223093032837,163.17263793945312,0.0
AT2,MAIT,0.731508731842041,345.2746276855469,0.0
AT2,Macro_CHIT1,0.7061043977737427,333.28369140625,0.0
AT2,Macro_interstitial,0.7313916087150574,345.2193298339844,0.0
AT2,Macro_AW_CX3CR1,0.6990033388137817,329.9319763183594,0.0
AT2,Macro_alveolar_metallothioneins,0.6492229700088501,306.4354553222656,0.0
AT2,Macro_alv,0.7140678763389587,337.04248046875,0.0
AT2,Macro_dividing,0.7177772521972656,338.7933349609375,0.0
AT2,Macro_int,0.699011504650116,329.9358215332031,0.0
AT2,Macro_CCL,0.7288378477096558,344.0139465332031,0.0
AT2,Mast_cell,0.6264699101448059,295.6959533691406,0.0
AT2,Megakaryocyte,0.6318008303642273,298.212158203125,0.0
AT2,Mesothelia,0.595407247543335,281.0342712402344,0.0
AT2,Macrophage_intermediate,0.707306444644928,333.85107421875,0.0
AT2,Monocyte_CD14,0.7172016501426697,338.5216369628906,0.0
AT2,Monocyte_CD16,0.7222975492477417,340.9269104003906,0.0
AT2,Muscle_airway,-0.19344811141490936,-91.30817413330078,0.0
AT2,Muscle_pericyte_airway,0.32013368606567383,151.1042022705078,0.0
AT2,Muscle_pericyte_parenchyma,0.7194709181785583,339.5927429199219,0.0
AT2,Muscle_perivascular_immune_recruiting,0.5681996941566467,268.19219970703125,0.0
AT2,Muscle_smooth_pulmonary,-0.1997225433588028,-94.26972198486328,0.0
AT2,Muscle_smooth_syst_arterial,-0.21002480387687683,-99.1324234008789,0.0
AT2,Myoepithelial,0.583892822265625,275.5993957519531,0.0
AT2,NAF_endoneurial,-0.025876471772789955,-12.213783264160156,2.62397733319166e-34
AT2,NAF_perineurial,-0.1734401136636734,-81.86432647705078,0.0
AT2,NK_CD16hi,0.7309958934783936,345.0325622558594,0.0
AT2,NKT,0.7307412624359131,344.9123840332031,0.0
AT2,NK_CD11d,0.7232925891876221,341.3965759277344,0.0
AT2,NK_CD56bright,0.7136498093605042,336.84515380859375,0.0
AT2,Neuroendocrine,0.5972426533699036,281.90057373046875,0.0
AT2,SMG_Basal,0.35102397203445435,165.68450927734375,0.0
AT2,SMG_Duct,0.5616118311882019,265.08270263671875,0.0
AT2,SMG_Mucous,0.6057021617889404,285.89349365234375,0.0
AT2,SMG_Serous,0.566296398639679,267.2938232421875,0.0
AT2,Schwann_Myelinating,0.5250064134597778,247.80482482910156,0.0
AT2,Schwann_nonmyelinating,-0.037152428179979324,-17.536073684692383,7.600043343977268e-69
AT2,Secretory_Club,0.19086165726184845,90.08735656738281,0.0
AT2,Secretory_Goblet,0.39524945616722107,186.55909729003906,0.0
AT2,Suprabasal,0.24577811360359192,116.00811004638672,0.0
AT2,T_reg,0.7173709869384766,338.6015625,0.0
AT2,gdT,0.7181297540664673,338.959716796875,0.0
B_memory,B_memory,0.7444611191749573,351.38818359375,0.0
B_memory,B_naive,0.7467197775840759,352.45428466796875,0.0
B_memory,B_plasma_IgA,0.5857998728752136,276.4995422363281,0.0
B_memory,B_plasma_IgG,0.5160431861877441,243.57415771484375,0.0
B_memory,B_plasmablast,0.6951115131378174,328.0950012207031,0.0
B_memory,Basal,0.28077569603919983,132.52708435058594,0.0
B_memory,CD4_EM_Effector,0.7355665564537048,347.18994140625,0.0
B_memory,CD4_TRM,0.7381333708763123,348.4014892578125,0.0
B_memory,CD4_naive_CM,0.6347907185554504,299.6233825683594,0.0
B_memory,CD8_EM,0.740691065788269,349.60870361328125,0.0
B_memory,CD8_EM_EMRA,0.7452484965324402,351.75982666015625,0.0
B_memory,CD8_TRM_EM,0.7399249076843262,349.2471008300781,0.0
B_memory,CD8_TRM,0.7206014394760132,340.1263427734375,0.0
B_memory,Chondrocyte,0.5683698058128357,268.2724914550781,0.0
B_memory,Ciliated,0.3877318799495697,183.01077270507812,0.0
B_memory,DC_1,0.7472058534622192,352.6837158203125,0.0
B_memory,DC_2,0.7367953658103943,347.7699279785156,0.0
B_memory,DC_activated,0.7315304279327393,345.28485107421875,0.0
B_memory,DC_plasmacytoid,0.7323859930038452,345.6886901855469,0.0
B_memory,Deuterosomal,0.2662194073200226,125.6564712524414,0.0
B_memory,Dividing_AT2,0.7002488970756531,330.5198669433594,0.0
B_memory,Dividing_Basal,0.5721990466117859,270.07989501953125,0.0
B_memory,Endothelia_Lymphatic,0.49472862482070923,233.51361083984375,0.0
B_memory,Endothelia_vascular_Cap_a,0.7025529146194458,331.6073913574219,0.0
B_memory,Endothelia_vascular_Cap_g,0.7029862999916077,331.81195068359375,0.0
B_memory,Endothelia_vascular_arterial_pulmonary,0.5383007526397705,254.07980346679688,0.0
B_memory,Endothelia_vascular_arterial_systemic,0.22619909048080444,106.7667465209961,0.0
B_memory,Endothelia_vascular_venous_pulmonary,0.5400608777999878,254.91058349609375,0.0
B_memory,Endothelia_vascular_venous_systemic,0.3147490918636322,148.56265258789062,0.0
B_memory,Erythrocyte,0.6921420693397522,326.69342041015625,0.0
B_memory,Fibro_adventitial,0.4200340509414673,198.25750732421875,0.0
B_memory,Fibro_alveolar,0.6799752712249756,320.9506530761719,0.0
B_memory,Fibro_immune_recruiting,0.6611305475234985,312.0558776855469,0.0
B_memory,Fibro_myofibroblast,0.3510841727256775,165.7129364013672,0.0
B_memory,Fibro_peribronchial,0.3176250755786896,149.9201202392578,0.0
B_memory,Fibro_perichondrial,0.3924485445022583,185.237060546875,0.0
B_memory,ILC,0.736773669719696,347.75970458984375,0.0
B_memory,Ionocyte_n_Brush,0.36894384026527405,174.14276123046875,0.0
B_memory,MAIT,0.7452197074890137,351.7462463378906,0.0
B_memory,Macro_CHIT1,0.7178838849067688,338.8436584472656,0.0
B_memory,Macro_interstitial,0.7425436973571777,350.483154296875,0.0
B_memory,Macro_AW_CX3CR1,0.7348636388778687,346.858154296875,0.0
B_memory,Macro_alveolar_metallothioneins,0.706530749797821,333.48492431640625,0.0
B_memory,Macro_alv,0.717448353767395,338.6380920410156,0.0
B_memory,Macro_dividing,0.7245082259178162,341.9703674316406,0.0
B_memory,Macro_int,0.7300472855567932,344.5848083496094,0.0
B_memory,Macro_CCL,0.7410786151885986,349.7916564941406,0.0
B_memory,Mast_cell,0.6775369644165039,319.7997741699219,0.0
B_memory,Megakaryocyte,0.6644011735916138,313.5996398925781,0.0
B_memory,Mesothelia,0.6716026067733765,316.99871826171875,0.0
B_memory,Macrophage_intermediate,0.7463943362236023,352.3006896972656,0.0
B_memory,Monocyte_CD14,0.7385716438293457,348.60833740234375,0.0
B_memory,Monocyte_CD16,0.7552315592765808,356.4718933105469,0.0
B_memory,Muscle_airway,-0.15566584467887878,-73.47480773925781,0.0
B_memory,Muscle_pericyte_airway,0.4121222198009491,194.52310180664062,0.0
B_memory,Muscle_pericyte_parenchyma,0.7179537415504456,338.8766174316406,0.0
B_memory,Muscle_perivascular_immune_recruiting,0.6430583596229553,303.5257568359375,0.0
B_memory,Muscle_smooth_pulmonary,-0.1596848964691162,-75.37181854248047,0.0
B_memory,Muscle_smooth_syst_arterial,-0.17299693822860718,-81.65514373779297,0.0
B_memory,Myoepithelial,0.6196727156639099,292.4876403808594,0.0
B_memory,NAF_endoneurial,0.015758490189909935,7.438061237335205,1.0217369761764887e-13
B_memory,NAF_perineurial,-0.13220201432704926,-62.399803161621094,0.0
B_memory,NK_CD16hi,0.7474455833435059,352.796875,0.0
B_memory,NKT,0.7530006766319275,355.41888427734375,0.0
B_memory,NK_CD11d,0.7418733835220337,350.1667785644531,0.0
B_memory,NK_CD56bright,0.7278509140014648,343.5481262207031,0.0
B_memory,Neuroendocrine,0.6444252729415894,304.1709289550781,0.0
B_memory,SMG_Basal,0.4048616588115692,191.09608459472656,0.0
B_memory,SMG_Duct,0.6117439270019531,288.7452392578125,0.0
B_memory,SMG_Mucous,0.6490530967712402,306.35528564453125,0.0
B_memory,SMG_Serous,0.6120493412017822,288.8893737792969,0.0
B_memory,Schwann_Myelinating,0.5698484778404236,268.9704284667969,0.0
B_memory,Schwann_nonmyelinating,0.011121486313641071,5.249379634857178,1.5261227725044934e-07
B_memory,Secretory_Club,0.21416480839252472,101.0865249633789,0.0
B_memory,Secretory_Goblet,0.4198932945728302,198.19107055664062,0.0
B_memory,Suprabasal,0.2784080505371094,131.4095458984375,0.0
B_memory,T_reg,0.7350291609764099,346.936279296875,0.0
B_memory,gdT,0.742339551448822,350.3868103027344,0.0
B_naive,B_naive,0.7621980309486389,359.76007080078125,0.0
B_naive,B_plasma_IgA,0.6143126487731934,289.9576721191406,0.0
B_naive,B_plasma_IgG,0.5267058610916138,248.60696411132812,0.0
B_naive,B_plasmablast,0.6896794438362122,325.53106689453125,0.0
B_naive,Basal,0.3044450581073761,143.69911193847656,0.0
B_naive,CD4_EM_Effector,0.7466356158256531,352.4145812988281,0.0
B_naive,CD4_TRM,0.7501220703125,354.0601806640625,0.0
B_naive,CD4_naive_CM,0.6084012985229492,287.16748046875,0.0
B_naive,CD8_EM,0.7542940974235535,356.0293884277344,0.0
B_naive,CD8_EM_EMRA,0.7544046640396118,356.0815734863281,0.0
B_naive,CD8_TRM_EM,0.7563124895095825,356.9820861816406,0.0
B_naive,CD8_TRM,0.7411219477653503,349.8121032714844,0.0
B_naive,Chondrocyte,0.545625627040863,257.53717041015625,0.0
B_naive,Ciliated,0.42324522137641907,199.773193359375,0.0
B_naive,DC_1,0.7602965831756592,358.8625793457031,0.0
B_naive,DC_2,0.7534278035163879,355.6205139160156,0.0
B_naive,DC_activated,0.7456310987472534,351.9404296875,0.0
B_naive,DC_plasmacytoid,0.7493871450424194,353.7132873535156,0.0
B_naive,Deuterosomal,0.29991602897644043,141.56138610839844,0.0
B_naive,Dividing_AT2,0.7060590386390686,333.26226806640625,0.0
B_naive,Dividing_Basal,0.5835666060447693,275.4454345703125,0.0
B_naive,Endothelia_Lymphatic,0.4562019109725952,215.328857421875,0.0
B_naive,Endothelia_vascular_Cap_a,0.7170346975326538,338.4428405761719,0.0
B_naive,Endothelia_vascular_Cap_g,0.7187809348106384,339.2670593261719,0.0
B_naive,Endothelia_vascular_arterial_pulmonary,0.5363996028900146,253.1824493408203,0.0
B_naive,Endothelia_vascular_arterial_systemic,0.20457854866981506,96.56177520751953,0.0
B_naive,Endothelia_vascular_venous_pulmonary,0.5186308026313782,244.79551696777344,0.0
B_naive,Endothelia_vascular_venous_systemic,0.28033530712127686,132.31922912597656,0.0
B_naive,Erythrocyte,0.7026135921478271,331.6360168457031,0.0
B_naive,Fibro_adventitial,0.38153159618377686,180.08421325683594,0.0
B_naive,Fibro_alveolar,0.6872488856315613,324.3838195800781,0.0
B_naive,Fibro_immune_recruiting,0.6625537276268005,312.7276306152344,0.0
B_naive,Fibro_myofibroblast,0.29494747519493103,139.21621704101562,0.0
B_naive,Fibro_peribronchial,0.2796536982059479,131.99749755859375,0.0
B_naive,Fibro_perichondrial,0.3893510401248932,183.7750244140625,0.0
B_naive,ILC,0.7470913529396057,352.6296691894531,0.0
B_naive,Ionocyte_n_Brush,0.3935684263706207,185.76564025878906,0.0
B_naive,MAIT,0.7576025724411011,357.59100341796875,0.0
B_naive,Macro_CHIT1,0.7261369824409485,342.7391357421875,0.0
B_naive,Macro_interstitial,0.753991961479187,355.88677978515625,0.0
B_naive,Macro_AW_CX3CR1,0.7501300573348999,354.06396484375,0.0
B_naive,Macro_alveolar_metallothioneins,0.6993396282196045,330.0906982421875,0.0
B_naive,Macro_alv,0.7278034687042236,343.5257263183594,0.0
B_naive,Macro_dividing,0.7367291450500488,347.7386779785156,0.0
B_naive,Macro_int,0.734575092792511,346.7219543457031,0.0
B_naive,Macro_CCL,0.7537810206413269,355.7872314453125,0.0
B_naive,Mast_cell,0.6643027663230896,313.5531921386719,0.0
B_naive,Megakaryocyte,0.6899323463439941,325.6504211425781,0.0
B_naive,Mesothelia,0.6677476763725281,315.17919921875,0.0
B_naive,Macrophage_intermediate,0.752726674079895,355.2895812988281,0.0
B_naive,Monocyte_CD14,0.7407445907592773,349.63397216796875,0.0
B_naive,Monocyte_CD16,0.7594591975212097,358.46734619140625,0.0
B_naive,Muscle_airway,-0.1816050261259079,-85.71819305419922,0.0
B_naive,Muscle_pericyte_airway,0.37691208720207214,177.90379333496094,0.0
B_naive,Muscle_pericyte_parenchyma,0.7279786467552185,343.6083984375,0.0
B_naive,Muscle_perivascular_immune_recruiting,0.6402713060379028,302.2102355957031,0.0
B_naive,Muscle_smooth_pulmonary,-0.19192485511302948,-90.58918762207031,0.0
B_naive,Muscle_smooth_syst_arterial,-0.20181848108768463,-95.2590103149414,0.0
B_naive,Myoepithelial,0.6464942693710327,305.14752197265625,0.0
B_naive,NAF_endoneurial,0.002228539902716875,1.0518784523010254,0.29285531914312624
B_naive,NAF_perineurial,-0.16110031306743622,-76.03990173339844,0.0
B_naive,NK_CD16hi,0.7652984857559204,361.2235107421875,0.0
B_naive,NKT,0.7609215974807739,359.1575927734375,0.0
B_naive,NK_CD11d,0.7634229063987732,360.3382263183594,0.0
B_naive,NK_CD56bright,0.7512214779853821,354.5791015625,0.0
B_naive,Neuroendocrine,0.6656991243362427,314.2122802734375,0.0
B_naive,SMG_Basal,0.432963103055954,204.3600616455078,0.0
B_naive,SMG_Duct,0.6383572220802307,301.3067932128906,0.0
B_naive,SMG_Mucous,0.6740558743476868,318.15667724609375,0.0
B_naive,SMG_Serous,0.637617290019989,300.9575500488281,0.0
B_naive,Schwann_Myelinating,0.5925516486167908,279.6864013671875,0.0
B_naive,Schwann_nonmyelinating,-0.010887082666158676,-5.138740062713623,2.765866843906321e-07
B_naive,Secretory_Club,0.2282080352306366,107.71497344970703,0.0
B_naive,Secretory_Goblet,0.44530317187309265,210.1846160888672,0.0
B_naive,Suprabasal,0.30230674147605896,142.6898193359375,0.0
B_naive,T_reg,0.7484701871871948,353.2804870605469,0.0
B_naive,gdT,0.7532142996788025,355.51971435546875,0.0
B_plasma_IgA,B_plasma_IgA,0.6848739385604858,323.2628479003906,0.0
B_plasma_IgA,B_plasma_IgG,0.5028923749923706,237.36692810058594,0.0
B_plasma_IgA,B_plasmablast,0.6389084458351135,301.5669860839844,0.0
B_plasma_IgA,Basal,0.27129748463630676,128.0533447265625,0.0
B_plasma_IgA,CD4_EM_Effector,0.5860923528671265,276.6376037597656,0.0
B_plasma_IgA,CD4_TRM,0.6018545031547546,284.077392578125,0.0
B_plasma_IgA,CD4_naive_CM,0.46938031911849976,221.5491180419922,0.0
B_plasma_IgA,CD8_EM,0.5966564416885376,281.6238708496094,0.0
B_plasma_IgA,CD8_EM_EMRA,0.5877417922019958,277.4161376953125,0.0
B_plasma_IgA,CD8_TRM_EM,0.5928455591201782,279.82513427734375,0.0
B_plasma_IgA,CD8_TRM,0.5824524760246277,274.9195556640625,0.0
B_plasma_IgA,Chondrocyte,0.47766220569610596,225.45819091796875,0.0
B_plasma_IgA,Ciliated,0.38673222064971924,182.53892517089844,0.0
B_plasma_IgA,DC_1,0.6226080060005188,293.87310791015625,0.0
B_plasma_IgA,DC_2,0.6106930375099182,288.24920654296875,0.0
B_plasma_IgA,DC_activated,0.5770993232727051,272.3928527832031,0.0
B_plasma_IgA,DC_plasmacytoid,0.6044451594352722,285.3001708984375,0.0
B_plasma_IgA,Deuterosomal,0.29135093092918396,137.5186309814453,0.0
B_plasma_IgA,Dividing_AT2,0.543064534664154,256.32830810546875,0.0
B_plasma_IgA,Dividing_Basal,0.45231062173843384,213.49215698242188,0.0
B_plasma_IgA,Endothelia_Lymphatic,0.3372359871864319,159.17654418945312,0.0
B_plasma_IgA,Endothelia_vascular_Cap_a,0.5314323902130127,250.83790588378906,0.0
B_plasma_IgA,Endothelia_vascular_Cap_g,0.537334144115448,253.62355041503906,0.0
B_plasma_IgA,Endothelia_vascular_arterial_pulmonary,0.35943764448165894,169.65579223632812,0.0
B_plasma_IgA,Endothelia_vascular_arterial_systemic,0.09635082632303238,45.47792053222656,0.0
B_plasma_IgA,Endothelia_vascular_venous_pulmonary,0.39052459597587585,184.32894897460938,0.0
B_plasma_IgA,Endothelia_vascular_venous_systemic,0.2276020050048828,107.42892456054688,0.0
B_plasma_IgA,Erythrocyte,0.5290258526802063,249.70201110839844,0.0
B_plasma_IgA,Fibro_adventitial,0.35514920949935913,167.6316375732422,0.0
B_plasma_IgA,Fibro_alveolar,0.4915752112865448,232.02517700195312,0.0
B_plasma_IgA,Fibro_immune_recruiting,0.6216731071472168,293.43182373046875,0.0
B_plasma_IgA,Fibro_myofibroblast,0.2417687177658081,114.11566162109375,0.0
B_plasma_IgA,Fibro_peribronchial,0.15655085444450378,73.89253997802734,0.0
B_plasma_IgA,Fibro_perichondrial,0.2949618995189667,139.2230224609375,0.0
B_plasma_IgA,ILC,0.5961650609970093,281.3919372558594,0.0
B_plasma_IgA,Ionocyte_n_Brush,0.3518814444541931,166.08924865722656,0.0
B_plasma_IgA,MAIT,0.5921661257743835,279.5044250488281,0.0
B_plasma_IgA,Macro_CHIT1,0.5639731884002686,266.197265625,0.0
B_plasma_IgA,Macro_interstitial,0.5944600105285645,280.587158203125,0.0
B_plasma_IgA,Macro_AW_CX3CR1,0.6597191691398621,311.38970947265625,0.0
B_plasma_IgA,Macro_alveolar_metallothioneins,0.5816013813018799,274.5178527832031,0.0
B_plasma_IgA,Macro_alv,0.5405727624893188,255.15219116210938,0.0
B_plasma_IgA,Macro_dividing,0.5681509375572205,268.169189453125,0.0
B_plasma_IgA,Macro_int,0.6095771789550781,287.7225036621094,0.0
B_plasma_IgA,Macro_CCL,0.5984849333763123,282.4869384765625,0.0
B_plasma_IgA,Mast_cell,0.4913657307624817,231.92630004882812,0.0
B_plasma_IgA,Megakaryocyte,0.5815468430519104,274.4920959472656,0.0
B_plasma_IgA,Mesothelia,0.6298380494117737,297.28570556640625,0.0
B_plasma_IgA,Macrophage_intermediate,0.6249982118606567,295.00128173828125,0.0
B_plasma_IgA,Monocyte_CD14,0.5751387476921082,271.46746826171875,0.0
B_plasma_IgA,Monocyte_CD16,0.6126222610473633,289.1597900390625,0.0
B_plasma_IgA,Muscle_airway,-0.2049577385187149,-96.74075317382812,0.0
B_plasma_IgA,Muscle_pericyte_airway,0.3276626765727997,154.65789794921875,0.0
B_plasma_IgA,Muscle_pericyte_parenchyma,0.5459725260734558,257.7008972167969,0.0
B_plasma_IgA,Muscle_perivascular_immune_recruiting,0.5741837024688721,271.01666259765625,0.0
B_plasma_IgA,Muscle_smooth_pulmonary,-0.20313242077827454,-95.87919616699219,0.0
B_plasma_IgA,Muscle_smooth_syst_arterial,-0.20458899438381195,-96.56670379638672,0.0
B_plasma_IgA,Myoepithelial,0.6226547360420227,293.8951721191406,0.0
B_plasma_IgA,NAF_endoneurial,-0.039722979068756104,-18.74938201904297,1.958536243320917e-78
B_plasma_IgA,NAF_perineurial,-0.18945269286632538,-89.42231750488281,0.0
B_plasma_IgA,NK_CD16hi,0.6217556595802307,293.4707946777344,0.0
B_plasma_IgA,NKT,0.6026695966720581,284.46209716796875,0.0
B_plasma_IgA,NK_CD11d,0.632125198841095,298.3652648925781,0.0
B_plasma_IgA,NK_CD56bright,0.6117529273033142,288.7494812011719,0.0
B_plasma_IgA,Neuroendocrine,0.5785266160964966,273.0665283203125,0.0
B_plasma_IgA,SMG_Basal,0.4418147802352905,208.5380859375,0.0
B_plasma_IgA,SMG_Duct,0.6682060360908508,315.3955383300781,0.0
B_plasma_IgA,SMG_Mucous,0.6441646218299866,304.04791259765625,0.0
B_plasma_IgA,SMG_Serous,0.6524297595024109,307.9490661621094,0.0
B_plasma_IgA,Schwann_Myelinating,0.5498919486999512,259.5508728027344,0.0
B_plasma_IgA,Schwann_nonmyelinating,-0.04420066252350807,-20.862863540649414,1.1648413170075332e-96
B_plasma_IgA,Secretory_Club,0.23574627935886383,111.2730484008789,0.0
B_plasma_IgA,Secretory_Goblet,0.3808182179927826,179.74749755859375,0.0
B_plasma_IgA,Suprabasal,0.2428131401538849,114.60863494873047,0.0
B_plasma_IgA,T_reg,0.5874757170677185,277.2905578613281,0.0
B_plasma_IgA,gdT,0.597766101360321,282.14764404296875,0.0
B_plasma_IgG,B_plasma_IgG,0.48694103956222534,229.8378448486328,0.0
B_plasma_IgG,B_plasmablast,0.5699950456619263,269.03961181640625,0.0
B_plasma_IgG,Basal,0.24265632033348083,114.53461456298828,0.0
B_plasma_IgG,CD4_EM_Effector,0.5067777037620544,239.2008056640625,0.0
B_plasma_IgG,CD4_TRM,0.5207059383392334,245.7749786376953,0.0
B_plasma_IgG,CD4_naive_CM,0.44801732897758484,211.46571350097656,0.0
B_plasma_IgG,CD8_EM,0.5135877132415771,242.4151611328125,0.0
B_plasma_IgG,CD8_EM_EMRA,0.504239559173584,238.00279235839844,0.0
B_plasma_IgG,CD8_TRM_EM,0.5055742859840393,238.63279724121094,0.0
B_plasma_IgG,CD8_TRM,0.4942152500152588,233.2712860107422,0.0
B_plasma_IgG,Chondrocyte,0.4455636739730835,210.30758666992188,0.0
B_plasma_IgG,Ciliated,0.3333946764469147,157.36343383789062,0.0
B_plasma_IgG,DC_1,0.5364063382148743,253.1856231689453,0.0
B_plasma_IgG,DC_2,0.5153090357780457,243.22763061523438,0.0
B_plasma_IgG,DC_activated,0.49176108837127686,232.1129150390625,0.0
B_plasma_IgG,DC_plasmacytoid,0.5185526609420776,244.75863647460938,0.0
B_plasma_IgG,Deuterosomal,0.24065478146076202,113.58988189697266,0.0
B_plasma_IgG,Dividing_AT2,0.454581081867218,214.56382751464844,0.0
B_plasma_IgG,Dividing_Basal,0.4153650999069214,196.05374145507812,0.0
B_plasma_IgG,Endothelia_Lymphatic,0.35655784606933594,168.29652404785156,0.0
B_plasma_IgG,Endothelia_vascular_Cap_a,0.44365352392196655,209.40597534179688,0.0
B_plasma_IgG,Endothelia_vascular_Cap_g,0.4486418068408966,211.76046752929688,0.0
B_plasma_IgG,Endothelia_vascular_arterial_pulmonary,0.3340981900691986,157.69549560546875,0.0
B_plasma_IgG,Endothelia_vascular_arterial_systemic,0.12101966887712479,57.12169647216797,0.0
B_plasma_IgG,Endothelia_vascular_venous_pulmonary,0.37770962715148926,178.28024291992188,0.0
B_plasma_IgG,Endothelia_vascular_venous_systemic,0.24732647836208344,116.73894500732422,0.0
B_plasma_IgG,Erythrocyte,0.44753921031951904,211.2400360107422,0.0
B_plasma_IgG,Fibro_adventitial,0.345093697309494,162.88540649414062,0.0
B_plasma_IgG,Fibro_alveolar,0.4144633412361145,195.62811279296875,0.0
B_plasma_IgG,Fibro_immune_recruiting,0.5433626770973206,256.46905517578125,0.0
B_plasma_IgG,Fibro_myofibroblast,0.2641880512237549,124.69766235351562,0.0
B_plasma_IgG,Fibro_peribronchial,0.1960853934288025,92.552978515625,0.0
B_plasma_IgG,Fibro_perichondrial,0.28110769391059875,132.6837921142578,0.0
B_plasma_IgG,ILC,0.5172390341758728,244.1385955810547,0.0
B_plasma_IgG,Ionocyte_n_Brush,0.28845736384391785,136.15286254882812,0.0
B_plasma_IgG,MAIT,0.5082870721817017,239.91323852539062,0.0
B_plasma_IgG,Macro_CHIT1,0.48530274629592896,229.06455993652344,0.0
B_plasma_IgG,Macro_interstitial,0.5071827173233032,239.39198303222656,0.0
B_plasma_IgG,Macro_AW_CX3CR1,0.5448631048202515,257.17724609375,0.0
B_plasma_IgG,Macro_alveolar_metallothioneins,0.5164154171943665,243.74984741210938,0.0
B_plasma_IgG,Macro_alv,0.468180775642395,220.98292541503906,0.0
B_plasma_IgG,Macro_dividing,0.48483043909072876,228.8416290283203,0.0
B_plasma_IgG,Macro_int,0.5363842844963074,253.1752166748047,0.0
B_plasma_IgG,Macro_CCL,0.5083376169204712,239.9370880126953,0.0
B_plasma_IgG,Mast_cell,0.4639056622982025,218.96505737304688,0.0
B_plasma_IgG,Megakaryocyte,0.49994540214538574,235.97593688964844,0.0
B_plasma_IgG,Mesothelia,0.5538209080696106,261.4053649902344,0.0
B_plasma_IgG,Macrophage_intermediate,0.5428820252418518,256.2421875,0.0
B_plasma_IgG,Monocyte_CD14,0.5025911927223206,237.22476196289062,0.0
B_plasma_IgG,Monocyte_CD16,0.5345305800437927,252.30026245117188,0.0
B_plasma_IgG,Muscle_airway,-0.1345302015542984,-63.498714447021484,0.0
B_plasma_IgG,Muscle_pericyte_airway,0.32849881052970886,155.0525665283203,0.0
B_plasma_IgG,Muscle_pericyte_parenchyma,0.4618014693260193,217.9718780517578,0.0
B_plasma_IgG,Muscle_perivascular_immune_recruiting,0.5140584111213684,242.6373291015625,0.0
B_plasma_IgG,Muscle_smooth_pulmonary,-0.1484648883342743,-70.07593536376953,0.0
B_plasma_IgG,Muscle_smooth_syst_arterial,-0.155436709523201,-73.36666107177734,0.0
B_plasma_IgG,Myoepithelial,0.48565685749053955,229.23170471191406,0.0
B_plasma_IgG,NAF_endoneurial,-0.007303762249648571,-3.4474008083343506,0.0005660082039338827
B_plasma_IgG,NAF_perineurial,-0.12878404557704926,-60.7865104675293,0.0
B_plasma_IgG,NK_CD16hi,0.5237275958061218,247.2012176513672,0.0
B_plasma_IgG,NKT,0.5196535587310791,245.27825927734375,0.0
B_plasma_IgG,NK_CD11d,0.5306318402290344,250.4600372314453,0.0
B_plasma_IgG,NK_CD56bright,0.5164583325386047,243.7700958251953,0.0
B_plasma_IgG,Neuroendocrine,0.5022385120391846,237.0583038330078,0.0
B_plasma_IgG,SMG_Basal,0.3635481894016266,171.5959930419922,0.0
B_plasma_IgG,SMG_Duct,0.5234891772270203,247.08868408203125,0.0
B_plasma_IgG,SMG_Mucous,0.5187686085700989,244.86056518554688,0.0
B_plasma_IgG,SMG_Serous,0.5094565749168396,240.46524047851562,0.0
B_plasma_IgG,Schwann_Myelinating,0.4410102963447571,208.1583709716797,0.0
B_plasma_IgG,Schwann_nonmyelinating,-0.022218674421310425,-10.487290382385254,9.882177349844027e-26
B_plasma_IgG,Secretory_Club,0.18205349147319794,85.92987060546875,0.0
B_plasma_IgG,Secretory_Goblet,0.3365054428577423,158.83172607421875,0.0
B_plasma_IgG,Suprabasal,0.24824702739715576,117.17344665527344,0.0
B_plasma_IgG,T_reg,0.5047964453697205,238.26565551757812,0.0
B_plasma_IgG,gdT,0.5155352354049683,243.3343963623047,0.0
B_plasmablast,B_plasmablast,0.7666684985160828,361.8701477050781,0.0
B_plasmablast,Basal,0.25965645909309387,122.5587387084961,0.0
B_plasmablast,CD4_EM_Effector,0.6695369482040405,316.02374267578125,0.0
B_plasmablast,CD4_TRM,0.6838630437850952,322.78570556640625,0.0
B_plasmablast,CD4_naive_CM,0.6355338096618652,299.97412109375,0.0
B_plasmablast,CD8_EM,0.6751682162284851,318.68170166015625,0.0
B_plasmablast,CD8_EM_EMRA,0.6777746677398682,319.9119567871094,0.0
B_plasmablast,CD8_TRM_EM,0.6649359464645386,313.85205078125,0.0
B_plasmablast,CD8_TRM,0.6403634548187256,302.2537536621094,0.0
B_plasmablast,Chondrocyte,0.6170839667320251,291.2657470703125,0.0
B_plasmablast,Ciliated,0.36260658502578735,171.15155029296875,0.0
B_plasmablast,DC_1,0.7045692205429077,332.55908203125,0.0
B_plasmablast,DC_2,0.6771782636642456,319.6304626464844,0.0
B_plasmablast,DC_activated,0.6523241400718689,307.89923095703125,0.0
B_plasmablast,DC_plasmacytoid,0.6733507513999939,317.8238525390625,0.0
B_plasmablast,Deuterosomal,0.2440103143453598,115.1737060546875,0.0
B_plasmablast,Dividing_AT2,0.6255281567573547,295.2514343261719,0.0
B_plasmablast,Dividing_Basal,0.5543087124824524,261.6356201171875,0.0
B_plasmablast,Endothelia_Lymphatic,0.5251930356025696,247.89291381835938,0.0
B_plasmablast,Endothelia_vascular_Cap_a,0.6013556122779846,283.8419189453125,0.0
B_plasmablast,Endothelia_vascular_Cap_g,0.6053081154823303,285.7074890136719,0.0
B_plasmablast,Endothelia_vascular_arterial_pulmonary,0.4497267007827759,212.2725372314453,0.0
B_plasmablast,Endothelia_vascular_arterial_systemic,0.17644871771335602,83.2844009399414,0.0
B_plasmablast,Endothelia_vascular_venous_pulmonary,0.5302872657775879,250.2974090576172,0.0
B_plasmablast,Endothelia_vascular_venous_systemic,0.3662535846233368,172.87294006347656,0.0
B_plasmablast,Erythrocyte,0.5998448729515076,283.12884521484375,0.0
B_plasmablast,Fibro_adventitial,0.5062397122383118,238.94688415527344,0.0
B_plasmablast,Fibro_alveolar,0.573180615901947,270.543212890625,0.0
B_plasmablast,Fibro_immune_recruiting,0.7208949327468872,340.2648620605469,0.0
B_plasmablast,Fibro_myofibroblast,0.4292249083518982,202.5956268310547,0.0
B_plasmablast,Fibro_peribronchial,0.3039472997188568,143.46417236328125,0.0
B_plasmablast,Fibro_perichondrial,0.3832909166812897,180.9146270751953,0.0
B_plasmablast,ILC,0.6824241876602173,322.1065673828125,0.0
B_plasmablast,Ionocyte_n_Brush,0.33968809247016907,160.3339385986328,0.0
B_plasmablast,MAIT,0.6751494407653809,318.6728515625,0.0
B_plasmablast,Macro_CHIT1,0.6565228700637817,309.88104248046875,0.0
B_plasmablast,Macro_interstitial,0.6795554161071777,320.7524719238281,0.0
B_plasmablast,Macro_AW_CX3CR1,0.7156354784965515,337.78240966796875,0.0
B_plasmablast,Macro_alveolar_metallothioneins,0.7039419412612915,332.26300048828125,0.0
B_plasmablast,Macro_alv,0.6301316022872925,297.4242858886719,0.0
B_plasmablast,Macro_dividing,0.6493412256240845,306.49127197265625,0.0
B_plasmablast,Macro_int,0.7143489718437195,337.1751708984375,0.0
B_plasmablast,Macro_CCL,0.6792078614234924,320.58843994140625,0.0
B_plasmablast,Mast_cell,0.6340703964233398,299.28338623046875,0.0
B_plasmablast,Megakaryocyte,0.6211658716201782,293.1924133300781,0.0
B_plasmablast,Mesothelia,0.7441006898880005,351.21807861328125,0.0
B_plasmablast,Macrophage_intermediate,0.7241302132606506,341.79193115234375,0.0
B_plasmablast,Monocyte_CD14,0.6843591332435608,323.0198669433594,0.0
B_plasmablast,Monocyte_CD16,0.7188683748245239,339.3083190917969,0.0
B_plasmablast,Muscle_airway,-0.17202407121658325,-81.19595336914062,0.0
B_plasmablast,Muscle_pericyte_airway,0.4806296229362488,226.85882568359375,0.0
B_plasmablast,Muscle_pericyte_parenchyma,0.629721999168396,297.2309265136719,0.0
B_plasmablast,Muscle_perivascular_immune_recruiting,0.6857249736785889,323.6645202636719,0.0
B_plasmablast,Muscle_smooth_pulmonary,-0.16982489824295044,-80.1579360961914,0.0
B_plasmablast,Muscle_smooth_syst_arterial,-0.1831342726945877,-86.44000244140625,0.0
B_plasmablast,Myoepithelial,0.6327010989189148,298.6370849609375,0.0
B_plasmablast,NAF_endoneurial,-0.013511557132005692,-6.377501010894775,1.8000086323157e-10
B_plasmablast,NAF_perineurial,-0.15325532853603363,-72.3370361328125,0.0
B_plasmablast,NK_CD16hi,0.6875191330909729,324.5113830566406,0.0
B_plasmablast,NKT,0.6969271302223206,328.9519958496094,0.0
B_plasmablast,NK_CD11d,0.6877716779708862,324.6305847167969,0.0
B_plasmablast,NK_CD56bright,0.663432776927948,313.1425476074219,0.0
B_plasmablast,Neuroendocrine,0.6280630826950073,296.44793701171875,0.0
B_plasmablast,SMG_Basal,0.4286995828151703,202.34767150878906,0.0
B_plasmablast,SMG_Duct,0.6711806058883667,316.7995300292969,0.0
B_plasmablast,SMG_Mucous,0.6682870984077454,315.4338073730469,0.0
B_plasmablast,SMG_Serous,0.6563011407852173,309.7763977050781,0.0
B_plasmablast,Schwann_Myelinating,0.5586609244346619,263.68988037109375,0.0
B_plasmablast,Schwann_nonmyelinating,-0.018125606700778008,-8.55534839630127,1.1751327432606554e-17
B_plasmablast,Secretory_Club,0.2123384326696396,100.2244644165039,0.0
B_plasmablast,Secretory_Goblet,0.38596290349960327,182.17581176757812,0.0
B_plasmablast,Suprabasal,0.25434765219688416,120.05296325683594,0.0
B_plasmablast,T_reg,0.6650442481040955,313.9031677246094,0.0
B_plasmablast,gdT,0.6826773881912231,322.22607421875,0.0
Basal,Basal,0.26522374153137207,125.18651580810547,0.0
Basal,CD4_EM_Effector,0.2904552221298218,137.09585571289062,0.0
Basal,CD4_TRM,0.2991463840007782,141.1981201171875,0.0
Basal,CD4_naive_CM,0.22140461206436157,104.50373840332031,0.0
Basal,CD8_EM,0.2953509986400604,139.40667724609375,0.0
Basal,CD8_EM_EMRA,0.2732723355293274,128.9854736328125,0.0
Basal,CD8_TRM_EM,0.29201897978782654,137.83395385742188,0.0
Basal,CD8_TRM,0.30328065156936646,143.14950561523438,0.0
Basal,Chondrocyte,0.1913398802280426,90.31307983398438,0.0
Basal,Ciliated,0.2915174663066864,137.5972442626953,0.0
Basal,DC_1,0.3034653067588806,143.23666381835938,0.0
Basal,DC_2,0.30008628964424133,141.64175415039062,0.0
Basal,DC_activated,0.284423291683197,134.24876403808594,0.0
Basal,DC_plasmacytoid,0.30509239435195923,144.00465393066406,0.0
Basal,Deuterosomal,0.23909632861614227,112.85428619384766,0.0
Basal,Dividing_AT2,0.2725682854652405,128.65316772460938,0.0
Basal,Dividing_Basal,0.256091445684433,120.87603759765625,0.0
Basal,Endothelia_Lymphatic,0.15161070227622986,71.5607681274414,0.0
Basal,Endothelia_vascular_Cap_a,0.2509426176548004,118.4457778930664,0.0
Basal,Endothelia_vascular_Cap_g,0.2515256404876709,118.72096252441406,0.0
Basal,Endothelia_vascular_arterial_pulmonary,0.19723764061927795,93.09683990478516,0.0
Basal,Endothelia_vascular_arterial_systemic,0.08851411938667297,41.778968811035156,0.0
Basal,Endothelia_vascular_venous_pulmonary,0.19085367023944855,90.08358764648438,0.0
Basal,Endothelia_vascular_venous_systemic,0.11554719507694244,54.538673400878906,0.0
Basal,Erythrocyte,0.25809210538864136,121.82035827636719,0.0
Basal,Fibro_adventitial,0.14036902785301208,66.2546615600586,0.0
Basal,Fibro_alveolar,0.2288685292005539,108.02672576904297,0.0
Basal,Fibro_immune_recruiting,0.2609962224960327,123.19110870361328,0.0
Basal,Fibro_myofibroblast,0.0967181921005249,45.65131759643555,0.0
Basal,Fibro_peribronchial,0.10346531867980957,48.83598327636719,0.0
Basal,Fibro_perichondrial,0.14551745355129242,68.68473815917969,0.0
Basal,ILC,0.2919348180294037,137.7942352294922,0.0
Basal,Ionocyte_n_Brush,0.2648957073688507,125.03167724609375,0.0
Basal,MAIT,0.28407320380210876,134.08352661132812,0.0
Basal,Macro_CHIT1,0.26735541224479675,126.19267272949219,0.0
Basal,Macro_interstitial,0.27638816833496094,130.45616149902344,0.0
Basal,Macro_AW_CX3CR1,0.30954647064208984,146.10699462890625,0.0
Basal,Macro_alveolar_metallothioneins,0.26310282945632935,124.18543243408203,0.0
Basal,Macro_alv,0.26709821820259094,126.07127380371094,0.0
Basal,Macro_dividing,0.27148646116256714,128.1425323486328,0.0
Basal,Macro_int,0.26729193329811096,126.16270446777344,0.0
Basal,Macro_CCL,0.2794193923473358,131.8869171142578,0.0
Basal,Mast_cell,0.25272035598754883,119.28487396240234,0.0
Basal,Megakaryocyte,0.31343087553977966,147.94044494628906,0.0
Basal,Mesothelia,0.2566607594490051,121.14476013183594,0.0
Basal,Macrophage_intermediate,0.28688105940818787,135.40884399414062,0.0
Basal,Monocyte_CD14,0.2623102068901062,123.81131744384766,0.0
Basal,Monocyte_CD16,0.28206735849380493,133.1367645263672,0.0
Basal,Muscle_airway,-0.06572461128234863,-31.022241592407227,2.702522879901929e-211
Basal,Muscle_pericyte_airway,0.1429302990436554,67.46359252929688,0.0
Basal,Muscle_pericyte_parenchyma,0.24922044575214386,117.63290405273438,0.0
Basal,Muscle_perivascular_immune_recruiting,0.25506240129470825,120.39032745361328,0.0
Basal,Muscle_smooth_pulmonary,-0.06762434542179108,-31.918922424316406,1.4589279334759364e-223
Basal,Muscle_smooth_syst_arterial,-0.0657535120844841,-31.0358829498291,1.7690956515201224e-211
Basal,Myoepithelial,0.27518898248672485,129.89013671875,0.0
Basal,NAF_endoneurial,0.01849399134516716,8.729227066040039,2.5641895742731458e-18
Basal,NAF_perineurial,-0.04998414218425751,-23.59268569946289,4.5815644229458206e-123
Basal,NK_CD16hi,0.29798465967178345,140.6497802734375,0.0
Basal,NKT,0.2802085280418396,132.25938415527344,0.0
Basal,NK_CD11d,0.31122449040412903,146.89901733398438,0.0
Basal,NK_CD56bright,0.31468284130096436,148.5313720703125,0.0
Basal,Neuroendocrine,0.29982396960258484,141.5179443359375,0.0
Basal,SMG_Basal,0.2775503098964691,131.00469970703125,0.0
Basal,SMG_Duct,0.28254687786102295,133.36309814453125,0.0
Basal,SMG_Mucous,0.30980971455574036,146.2312469482422,0.0
Basal,SMG_Serous,0.2814529538154602,132.8467559814453,0.0
Basal,Schwann_Myelinating,0.2722981572151184,128.52566528320312,0.0
Basal,Schwann_nonmyelinating,0.021156100556254387,9.98575210571289,1.759615276299021e-23
Basal,Secretory_Club,0.16371244192123413,77.27283477783203,0.0
Basal,Secretory_Goblet,0.2601144015789032,122.77488708496094,0.0
Basal,Suprabasal,0.26576921343803406,125.44397735595703,0.0
Basal,T_reg,0.2914610207080841,137.5706024169922,0.0
Basal,gdT,0.2887604832649231,136.29592895507812,0.0
CD4_EM_Effector,CD4_EM_Effector,0.7384914755821228,348.57049560546875,0.0
CD4_EM_Effector,CD4_TRM,0.7403526902198792,349.4490051269531,0.0
CD4_EM_Effector,CD4_naive_CM,0.608275830745697,287.1082763671875,0.0
CD4_EM_Effector,CD8_EM,0.7432244420051575,350.8044738769531,0.0
CD4_EM_Effector,CD8_EM_EMRA,0.7416083812713623,350.04168701171875,0.0
CD4_EM_Effector,CD8_TRM_EM,0.7421779632568359,350.310546875,0.0
CD4_EM_Effector,CD8_TRM,0.7265514731407166,342.9347839355469,0.0
CD4_EM_Effector,Chondrocyte,0.5442743897438049,256.8993835449219,0.0
CD4_EM_Effector,Ciliated,0.4032648205757141,190.34237670898438,0.0
CD4_EM_Effector,DC_1,0.7388357520103455,348.7330017089844,0.0
CD4_EM_Effector,DC_2,0.7336573600769043,346.2887878417969,0.0
CD4_EM_Effector,DC_activated,0.7310153245925903,345.041748046875,0.0
CD4_EM_Effector,DC_plasmacytoid,0.7358854413032532,347.3404541015625,0.0
CD4_EM_Effector,Deuterosomal,0.2818111479282379,133.0158233642578,0.0
CD4_EM_Effector,Dividing_AT2,0.6979791522026062,329.44854736328125,0.0
CD4_EM_Effector,Dividing_Basal,0.5803788900375366,273.9408264160156,0.0
CD4_EM_Effector,Endothelia_Lymphatic,0.46995988488197327,221.8226776123047,0.0
CD4_EM_Effector,Endothelia_vascular_Cap_a,0.7036499381065369,332.12518310546875,0.0
CD4_EM_Effector,Endothelia_vascular_Cap_g,0.7036460041999817,332.1233215332031,0.0
CD4_EM_Effector,Endothelia_vascular_arterial_pulmonary,0.5546516180038452,261.7974548339844,0.0
CD4_EM_Effector,Endothelia_vascular_arterial_systemic,0.2497783750295639,117.89624786376953,0.0
CD4_EM_Effector,Endothelia_vascular_venous_pulmonary,0.5324487686157227,251.31764221191406,0.0
CD4_EM_Effector,Endothelia_vascular_venous_systemic,0.2937021851539612,138.62843322753906,0.0
CD4_EM_Effector,Erythrocyte,0.7007294297218323,330.7467041015625,0.0
CD4_EM_Effector,Fibro_adventitial,0.39181527495384216,184.9381561279297,0.0
CD4_EM_Effector,Fibro_alveolar,0.6794384121894836,320.697265625,0.0
CD4_EM_Effector,Fibro_immune_recruiting,0.6453269124031067,304.59649658203125,0.0
CD4_EM_Effector,Fibro_myofibroblast,0.31583845615386963,149.0768280029297,0.0
CD4_EM_Effector,Fibro_peribronchial,0.3201209604740143,151.0981903076172,0.0
CD4_EM_Effector,Fibro_perichondrial,0.38844579458236694,183.34774780273438,0.0
CD4_EM_Effector,ILC,0.7382713556289673,348.46661376953125,0.0
CD4_EM_Effector,Ionocyte_n_Brush,0.37701472640037537,177.95223999023438,0.0
CD4_EM_Effector,MAIT,0.7448046207427979,351.5503234863281,0.0
CD4_EM_Effector,Macro_CHIT1,0.7098069787025452,335.03131103515625,0.0
CD4_EM_Effector,Macro_interstitial,0.7366477847099304,347.7002868652344,0.0
CD4_EM_Effector,Macro_AW_CX3CR1,0.7319437861442566,345.47998046875,0.0
CD4_EM_Effector,Macro_alveolar_metallothioneins,0.6947812438011169,327.9391174316406,0.0
CD4_EM_Effector,Macro_alv,0.7151724696159363,337.5638427734375,0.0
CD4_EM_Effector,Macro_dividing,0.7206956148147583,340.1708068847656,0.0
CD4_EM_Effector,Macro_int,0.7135609984397888,336.80322265625,0.0
CD4_EM_Effector,Macro_CCL,0.7367807626724243,347.7630310058594,0.0
CD4_EM_Effector,Mast_cell,0.6694304943084717,315.9734802246094,0.0
CD4_EM_Effector,Megakaryocyte,0.6763760447502136,319.2518005371094,0.0
CD4_EM_Effector,Mesothelia,0.6498579382896423,306.73516845703125,0.0
CD4_EM_Effector,Macrophage_intermediate,0.7378554344177246,348.2702941894531,0.0
CD4_EM_Effector,Monocyte_CD14,0.7268617153167725,343.0812072753906,0.0
CD4_EM_Effector,Monocyte_CD16,0.7454477548599243,351.8538818359375,0.0
CD4_EM_Effector,Muscle_airway,-0.13134421408176422,-61.99491882324219,0.0
CD4_EM_Effector,Muscle_pericyte_airway,0.38392889499664307,181.21575927734375,0.0
CD4_EM_Effector,Muscle_pericyte_parenchyma,0.7185826301574707,339.1734619140625,0.0
CD4_EM_Effector,Muscle_perivascular_immune_recruiting,0.6325349807739258,298.5586853027344,0.0
CD4_EM_Effector,Muscle_smooth_pulmonary,-0.14077967405319214,-66.448486328125,0.0
CD4_EM_Effector,Muscle_smooth_syst_arterial,-0.15205137431621552,-71.76876831054688,0.0
CD4_EM_Effector,Myoepithelial,0.6218137145042419,293.4981994628906,0.0
CD4_EM_Effector,NAF_endoneurial,0.04351954907178879,20.5413761138916,9.192094161678366e-94
CD4_EM_Effector,NAF_perineurial,-0.11205153167247772,-52.88870620727539,0.0
CD4_EM_Effector,NK_CD16hi,0.7498741745948792,353.94317626953125,0.0
CD4_EM_Effector,NKT,0.7490005493164062,353.53082275390625,0.0
CD4_EM_Effector,NK_CD11d,0.7452877759933472,351.77838134765625,0.0
CD4_EM_Effector,NK_CD56bright,0.7327158451080322,345.8443908691406,0.0
CD4_EM_Effector,Neuroendocrine,0.6567168831825256,309.9726257324219,0.0
CD4_EM_Effector,SMG_Basal,0.41994237899780273,198.2142333984375,0.0
CD4_EM_Effector,SMG_Duct,0.6094238758087158,287.650146484375,0.0
CD4_EM_Effector,SMG_Mucous,0.6486955881118774,306.1865234375,0.0
CD4_EM_Effector,SMG_Serous,0.6099517941474915,287.8993225097656,0.0
CD4_EM_Effector,Schwann_Myelinating,0.5856675505638123,276.4371032714844,0.0
CD4_EM_Effector,Schwann_nonmyelinating,0.035703886300325394,16.85235595703125,1.008170956792343e-63
CD4_EM_Effector,Secretory_Club,0.21931295096874237,103.51646423339844,0.0
CD4_EM_Effector,Secretory_Goblet,0.4337611198425293,204.7367401123047,0.0
CD4_EM_Effector,Suprabasal,0.29101690649986267,137.36097717285156,0.0
CD4_EM_Effector,T_reg,0.737836480140686,348.2613525390625,0.0
CD4_EM_Effector,gdT,0.7439392805099487,351.1418762207031,0.0
CD4_TRM,CD4_TRM,0.7442479133605957,351.2875671386719,0.0
CD4_TRM,CD4_naive_CM,0.6137688159942627,289.70098876953125,0.0
CD4_TRM,CD8_EM,0.74531090259552,351.789306640625,0.0
CD4_TRM,CD8_EM_EMRA,0.7418345808982849,350.1484680175781,0.0
CD4_TRM,CD8_TRM_EM,0.7428526878356934,350.6289978027344,0.0
CD4_TRM,CD8_TRM,0.7276485562324524,343.4526062011719,0.0
CD4_TRM,Chondrocyte,0.5547258257865906,261.8324890136719,0.0
CD4_TRM,Ciliated,0.41328108310699463,195.07008361816406,0.0
CD4_TRM,DC_1,0.7431871294975281,350.786865234375,0.0
CD4_TRM,DC_2,0.7360171675682068,347.4026184082031,0.0
CD4_TRM,DC_activated,0.7304372191429138,344.76885986328125,0.0
CD4_TRM,DC_plasmacytoid,0.7394164800643921,349.0071105957031,0.0
CD4_TRM,Deuterosomal,0.28997117280960083,136.8673858642578,0.0
CD4_TRM,Dividing_AT2,0.6972018480300903,329.0816650390625,0.0
CD4_TRM,Dividing_Basal,0.5883711576461792,277.71319580078125,0.0
CD4_TRM,Endothelia_Lymphatic,0.4776984453201294,225.4752960205078,0.0
CD4_TRM,Endothelia_vascular_Cap_a,0.6992959976196289,330.0700988769531,0.0
CD4_TRM,Endothelia_vascular_Cap_g,0.6998628377914429,330.337646484375,0.0
CD4_TRM,Endothelia_vascular_arterial_pulmonary,0.5518723726272583,260.48565673828125,0.0
CD4_TRM,Endothelia_vascular_arterial_systemic,0.2474253624677658,116.7856216430664,0.0
CD4_TRM,Endothelia_vascular_venous_pulmonary,0.5373199582099915,253.61685180664062,0.0
CD4_TRM,Endothelia_vascular_venous_systemic,0.3030083179473877,143.02096557617188,0.0
CD4_TRM,Erythrocyte,0.6976110339164734,329.2748107910156,0.0
CD4_TRM,Fibro_adventitial,0.40539807081222534,191.34927368164062,0.0
CD4_TRM,Fibro_alveolar,0.6734753847122192,317.8826904296875,0.0
CD4_TRM,Fibro_immune_recruiting,0.6608096361160278,311.9044189453125,0.0
CD4_TRM,Fibro_myofibroblast,0.32604601979255676,153.89483642578125,0.0
CD4_TRM,Fibro_peribronchial,0.32357311248779297,152.7276153564453,0.0
CD4_TRM,Fibro_perichondrial,0.39425739645957947,186.09083557128906,0.0
CD4_TRM,ILC,0.7415536046028137,350.0158386230469,0.0
CD4_TRM,Ionocyte_n_Brush,0.3848016560077667,181.62770080566406,0.0
CD4_TRM,MAIT,0.7454156875610352,351.8387451171875,0.0
CD4_TRM,Macro_CHIT1,0.7096298336982727,334.9477233886719,0.0
CD4_TRM,Macro_interstitial,0.7369838356971741,347.85888671875,0.0
CD4_TRM,Macro_AW_CX3CR1,0.7396222352981567,349.1042175292969,0.0
CD4_TRM,Macro_alveolar_metallothioneins,0.701942503452301,331.31927490234375,0.0
CD4_TRM,Macro_alv,0.71254563331604,336.323974609375,0.0
CD4_TRM,Macro_dividing,0.719517707824707,339.61480712890625,0.0
CD4_TRM,Macro_int,0.7181745767593384,338.9808654785156,0.0
CD4_TRM,Macro_CCL,0.737623929977417,348.1610107421875,0.0
CD4_TRM,Mast_cell,0.672248363494873,317.30352783203125,0.0
CD4_TRM,Megakaryocyte,0.6843514442443848,323.0162353515625,0.0
CD4_TRM,Mesothelia,0.6651089787483215,313.9337158203125,0.0
CD4_TRM,Macrophage_intermediate,0.7438406348228455,351.0953369140625,0.0
CD4_TRM,Monocyte_CD14,0.7274770140647888,343.37164306640625,0.0
CD4_TRM,Monocyte_CD16,0.7494758367538452,353.7551574707031,0.0
CD4_TRM,Muscle_airway,-0.13327033817768097,-62.904056549072266,0.0
CD4_TRM,Muscle_pericyte_airway,0.3950357735157013,186.45823669433594,0.0
CD4_TRM,Muscle_pericyte_parenchyma,0.7157447934150696,337.833984375,0.0
CD4_TRM,Muscle_perivascular_immune_recruiting,0.6461352109909058,304.97802734375,0.0
CD4_TRM,Muscle_smooth_pulmonary,-0.1434202492237091,-67.6948471069336,0.0
CD4_TRM,Muscle_smooth_syst_arterial,-0.15471895039081573,-73.02787780761719,0.0
CD4_TRM,Myoepithelial,0.6339378952980042,299.2208557128906,0.0
CD4_TRM,NAF_endoneurial,0.04394279420375824,20.74114990234375,1.4736053714091429e-95
CD4_TRM,NAF_perineurial,-0.11426102370023727,-53.93159484863281,0.0
CD4_TRM,NK_CD16hi,0.7528688311576843,355.3566589355469,0.0
CD4_TRM,NKT,0.7510002255439758,354.47467041015625,0.0
CD4_TRM,NK_CD11d,0.7497650980949402,353.8916931152344,0.0
CD4_TRM,NK_CD56bright,0.7361575365066528,347.4688720703125,0.0
CD4_TRM,Neuroendocrine,0.6673319339752197,314.98297119140625,0.0
CD4_TRM,SMG_Basal,0.43375498056411743,204.7338409423828,0.0
CD4_TRM,SMG_Duct,0.6262187361717224,295.577392578125,0.0
CD4_TRM,SMG_Mucous,0.6622135043144226,312.5670471191406,0.0
CD4_TRM,SMG_Serous,0.6251893639564514,295.0915222167969,0.0
CD4_TRM,Schwann_Myelinating,0.5972549915313721,281.9064025878906,0.0
CD4_TRM,Schwann_nonmyelinating,0.03551105037331581,16.761337280273438,4.679787000291639e-63
CD4_TRM,Secretory_Club,0.22532661259174347,106.35493469238281,0.0
CD4_TRM,Secretory_Goblet,0.4418877959251404,208.5725555419922,0.0
CD4_TRM,Suprabasal,0.29946982860565186,141.3507843017578,0.0
CD4_TRM,T_reg,0.739399790763855,348.9992370605469,0.0
CD4_TRM,gdT,0.7463471293449402,352.2784118652344,0.0
CD4_naive_CM,CD4_naive_CM,0.6233676671981812,294.2316589355469,0.0
CD4_naive_CM,CD8_EM,0.6056782007217407,285.8821716308594,0.0
CD4_naive_CM,CD8_EM_EMRA,0.6105078458786011,288.16180419921875,0.0
CD4_naive_CM,CD8_TRM_EM,0.592175304889679,279.5087585449219,0.0
CD4_naive_CM,CD8_TRM,0.5694292783737183,268.7725830078125,0.0
CD4_naive_CM,Chondrocyte,0.567277193069458,267.75677490234375,0.0
CD4_naive_CM,Ciliated,0.28511983156204224,134.57752990722656,0.0
CD4_naive_CM,DC_1,0.6119541525840759,288.8444519042969,0.0
CD4_naive_CM,DC_2,0.5916774272918701,279.2737731933594,0.0
CD4_naive_CM,DC_activated,0.5859648585319519,276.5774230957031,0.0
CD4_naive_CM,DC_plasmacytoid,0.5944709777832031,280.59234619140625,0.0
CD4_naive_CM,Deuterosomal,0.17940399050712585,84.6792984008789,0.0
CD4_naive_CM,Dividing_AT2,0.5844669938087463,275.87042236328125,0.0
CD4_naive_CM,Dividing_Basal,0.4913954436779022,231.94033813476562,0.0
CD4_naive_CM,Endothelia_Lymphatic,0.5436131954193115,256.5872802734375,0.0
CD4_naive_CM,Endothelia_vascular_Cap_a,0.5488037467002869,259.0372619628906,0.0
CD4_naive_CM,Endothelia_vascular_Cap_g,0.5461388230323792,257.7793884277344,0.0
CD4_naive_CM,Endothelia_vascular_arterial_pulmonary,0.46682313084602356,220.3421173095703,0.0
CD4_naive_CM,Endothelia_vascular_arterial_systemic,0.2646661698818207,124.92333984375,0.0
CD4_naive_CM,Endothelia_vascular_venous_pulmonary,0.535621702671051,252.81527709960938,0.0
CD4_naive_CM,Endothelia_vascular_venous_systemic,0.3846287429332733,181.54608154296875,0.0
CD4_naive_CM,Erythrocyte,0.5589301586151123,263.81695556640625,0.0
CD4_naive_CM,Fibro_adventitial,0.4982684850692749,235.18443298339844,0.0
CD4_naive_CM,Fibro_alveolar,0.544212281703949,256.87005615234375,0.0
CD4_naive_CM,Fibro_immune_recruiting,0.5979769825935364,282.2471923828125,0.0
CD4_naive_CM,Fibro_myofibroblast,0.4786320924758911,225.91598510742188,0.0
CD4_naive_CM,Fibro_peribronchial,0.39963865280151367,188.6308135986328,0.0
CD4_naive_CM,Fibro_perichondrial,0.36368444561958313,171.66030883789062,0.0
CD4_naive_CM,ILC,0.6143160462379456,289.95928955078125,0.0
CD4_naive_CM,Ionocyte_n_Brush,0.2883395254611969,136.0972442626953,0.0
CD4_naive_CM,MAIT,0.6053749918937683,285.73907470703125,0.0
CD4_naive_CM,Macro_CHIT1,0.5855804085731506,276.3959655761719,0.0
CD4_naive_CM,Macro_interstitial,0.6003988981246948,283.39031982421875,0.0
CD4_naive_CM,Macro_AW_CX3CR1,0.6110723614692688,288.4282531738281,0.0
CD4_naive_CM,Macro_alveolar_metallothioneins,0.6407763361930847,302.4486389160156,0.0
CD4_naive_CM,Macro_alv,0.5753702521324158,271.57672119140625,0.0
CD4_naive_CM,Macro_dividing,0.5798035860061646,273.6692810058594,0.0
CD4_naive_CM,Macro_int,0.61411052942276,289.8622741699219,0.0
CD4_naive_CM,Macro_CCL,0.5983994007110596,282.4465637207031,0.0
CD4_naive_CM,Mast_cell,0.6267589330673218,295.8323669433594,0.0
CD4_naive_CM,Megakaryocyte,0.5313660502433777,250.8065948486328,0.0
CD4_naive_CM,Mesothelia,0.6161491870880127,290.82452392578125,0.0
CD4_naive_CM,Macrophage_intermediate,0.6341307163238525,299.3118591308594,0.0
CD4_naive_CM,Monocyte_CD14,0.6208581924438477,293.04718017578125,0.0
CD4_naive_CM,Monocyte_CD16,0.6412884593009949,302.6903381347656,0.0
CD4_naive_CM,Muscle_airway,-0.04628634452819824,-21.847312927246094,8.244326478078186e-106
CD4_naive_CM,Muscle_pericyte_airway,0.47322818636894226,223.36532592773438,0.0
CD4_naive_CM,Muscle_pericyte_parenchyma,0.5779284834861755,272.7842102050781,0.0
CD4_naive_CM,Muscle_perivascular_immune_recruiting,0.5921226143836975,279.48388671875,0.0
CD4_naive_CM,Muscle_smooth_pulmonary,-0.03603746369481087,-17.00980567932129,6.946779929419108e-65
CD4_naive_CM,Muscle_smooth_syst_arterial,-0.05637138709425926,-26.607486724853516,5.560611347942949e-156
CD4_naive_CM,Myoepithelial,0.4889121353626251,230.76820373535156,0.0
CD4_naive_CM,NAF_endoneurial,0.07414177060127258,34.99517059326172,2.6644727175285784e-268
CD4_naive_CM,NAF_perineurial,-0.018932431936264038,-8.936172485351562,4.028829188002746e-19
CD4_naive_CM,NK_CD16hi,0.601044237613678,283.6949462890625,0.0
CD4_naive_CM,NKT,0.6261537075042725,295.54669189453125,0.0
CD4_naive_CM,NK_CD11d,0.5919632315635681,279.4086608886719,0.0
CD4_naive_CM,NK_CD56bright,0.5738959908485413,270.880859375,0.0
CD4_naive_CM,Neuroendocrine,0.5329750180244446,251.5660400390625,0.0
CD4_naive_CM,SMG_Basal,0.3263898193836212,154.05711364746094,0.0
CD4_naive_CM,SMG_Duct,0.4955126643180847,233.8836669921875,0.0
CD4_naive_CM,SMG_Mucous,0.5262416005134583,248.38783264160156,0.0
CD4_naive_CM,SMG_Serous,0.49378910660743713,233.0701446533203,0.0
CD4_naive_CM,Schwann_Myelinating,0.4705885946750641,222.1194305419922,0.0
CD4_naive_CM,Schwann_nonmyelinating,0.09497551620006561,44.82876968383789,0.0
CD4_naive_CM,Secretory_Club,0.1768292337656021,83.46400451660156,0.0
CD4_naive_CM,Secretory_Goblet,0.33218541741371155,156.7926483154297,0.0
CD4_naive_CM,Suprabasal,0.21689194440841675,102.37374114990234,0.0
CD4_naive_CM,T_reg,0.5997867584228516,283.1014099121094,0.0
CD4_naive_CM,gdT,0.614379346370697,289.9891662597656,0.0
CD8_EM,CD8_EM,0.7493098378181458,353.67681884765625,0.0
CD8_EM,CD8_EM_EMRA,0.7485290765762329,353.30828857421875,0.0
CD8_EM,CD8_TRM_EM,0.7500309944152832,354.0171813964844,0.0
CD8_EM,CD8_TRM,0.7346249222755432,346.7454833984375,0.0
CD8_EM,Chondrocyte,0.5415579676628113,255.61721801757812,0.0
CD8_EM,Ciliated,0.41154199838638306,194.24923706054688,0.0
CD8_EM,DC_1,0.748431921005249,353.2624206542969,0.0
CD8_EM,DC_2,0.7431570887565613,350.7726745605469,0.0
CD8_EM,DC_activated,0.7390759587287903,348.84637451171875,0.0
CD8_EM,DC_plasmacytoid,0.7428231239318848,350.61505126953125,0.0
CD8_EM,Deuterosomal,0.2894468605518341,136.61990356445312,0.0
CD8_EM,Dividing_AT2,0.7024935483932495,331.579345703125,0.0
CD8_EM,Dividing_Basal,0.5818528532981873,274.63653564453125,0.0
CD8_EM,Endothelia_Lymphatic,0.46054139733314514,217.3771209716797,0.0
CD8_EM,Endothelia_vascular_Cap_a,0.7121726870536804,336.14794921875,0.0
CD8_EM,Endothelia_vascular_Cap_g,0.7128973007202148,336.4899597167969,0.0
CD8_EM,Endothelia_vascular_arterial_pulmonary,0.5488793253898621,259.0729064941406,0.0
CD8_EM,Endothelia_vascular_arterial_systemic,0.2309078574180603,108.98929595947266,0.0
CD8_EM,Endothelia_vascular_venous_pulmonary,0.5250114798545837,247.80722045898438,0.0
CD8_EM,Endothelia_vascular_venous_systemic,0.28390491008758545,134.00408935546875,0.0
CD8_EM,Erythrocyte,0.7039989829063416,332.2899169921875,0.0
CD8_EM,Fibro_adventitial,0.3820835053920746,180.3447265625,0.0
CD8_EM,Fibro_alveolar,0.6854578852653503,323.5384826660156,0.0
CD8_EM,Fibro_immune_recruiting,0.650041401386261,306.82177734375,0.0
CD8_EM,Fibro_myofibroblast,0.3009627163410187,142.05543518066406,0.0
CD8_EM,Fibro_peribronchial,0.30054664611816406,141.85903930664062,0.0
CD8_EM,Fibro_perichondrial,0.38818293809890747,183.2236785888672,0.0
CD8_EM,ILC,0.7429556846618652,350.6776123046875,0.0
CD8_EM,Ionocyte_n_Brush,0.3833489716053009,180.94203186035156,0.0
CD8_EM,MAIT,0.7518796920776367,354.8898010253906,0.0
CD8_EM,Macro_CHIT1,0.7180051207542419,338.90087890625,0.0
CD8_EM,Macro_interstitial,0.7454791069030762,351.8686828613281,0.0
CD8_EM,Macro_AW_CX3CR1,0.7395347356796265,349.06292724609375,0.0
CD8_EM,Macro_alveolar_metallothioneins,0.6954240798950195,328.2425537109375,0.0
CD8_EM,Macro_alv,0.7226337194442749,341.0856018066406,0.0
CD8_EM,Macro_dividing,0.7293348908424377,344.2485656738281,0.0
CD8_EM,Macro_int,0.7225186824798584,341.0312805175781,0.0
CD8_EM,Macro_CCL,0.7454850673675537,351.8714904785156,0.0
CD8_EM,Mast_cell,0.666610062122345,314.6422424316406,0.0
CD8_EM,Megakaryocyte,0.6828991174697876,322.3307189941406,0.0
CD8_EM,Mesothelia,0.6544711589813232,308.9126281738281,0.0
CD8_EM,Macrophage_intermediate,0.7441239356994629,351.2290344238281,0.0
CD8_EM,Monocyte_CD14,0.7335690855979919,346.24713134765625,0.0
CD8_EM,Monocyte_CD16,0.7516178488731384,354.7662048339844,0.0
CD8_EM,Muscle_airway,-0.1533833146095276,-72.39744567871094,0.0
CD8_EM,Muscle_pericyte_airway,0.3763633668422699,177.64479064941406,0.0
CD8_EM,Muscle_pericyte_parenchyma,0.7249358892440796,342.1722106933594,0.0
CD8_EM,Muscle_perivascular_immune_recruiting,0.6334723830223083,299.0011291503906,0.0
CD8_EM,Muscle_smooth_pulmonary,-0.1638173609972,-77.32235717773438,0.0
CD8_EM,Muscle_smooth_syst_arterial,-0.1743108481168747,-82.27531433105469,0.0
CD8_EM,Myoepithelial,0.6320344805717468,298.32244873046875,0.0
CD8_EM,NAF_endoneurial,0.02578098326921463,12.168712615966797,4.562211563754897e-34
CD8_EM,NAF_perineurial,-0.13395282626152039,-63.226192474365234,0.0
CD8_EM,NK_CD16hi,0.7578521966934204,357.7088317871094,0.0
CD8_EM,NKT,0.7550848722457886,356.40264892578125,0.0
CD8_EM,NK_CD11d,0.7542222738265991,355.9954833984375,0.0
CD8_EM,NK_CD56bright,0.7420956492424011,350.2716979980469,0.0
CD8_EM,Neuroendocrine,0.6607000827789307,311.8526916503906,0.0
CD8_EM,SMG_Basal,0.42414456605911255,200.19769287109375,0.0
CD8_EM,SMG_Duct,0.6201167106628418,292.69720458984375,0.0
CD8_EM,SMG_Mucous,0.6583831906318665,310.7591247558594,0.0
CD8_EM,SMG_Serous,0.620446503162384,292.8528747558594,0.0
CD8_EM,Schwann_Myelinating,0.5883916020393372,277.72283935546875,0.0
CD8_EM,Schwann_nonmyelinating,0.014986743219196796,7.073793888092041,1.5075415291234276e-12
CD8_EM,Secretory_Club,0.22185835242271423,104.71790313720703,0.0
CD8_EM,Secretory_Goblet,0.4385342299938202,206.98965454101562,0.0
CD8_EM,Suprabasal,0.29505234956741333,139.26571655273438,0.0
CD8_EM,T_reg,0.7438111305236816,351.0813903808594,0.0
CD8_EM,gdT,0.7490742802619934,353.56561279296875,0.0
CD8_EM_EMRA,CD8_EM_EMRA,0.7558412551879883,356.7596740722656,0.0
CD8_EM_EMRA,CD8_TRM_EM,0.7527573704719543,355.3040466308594,0.0
CD8_EM_EMRA,CD8_TRM,0.7341217994689941,346.50799560546875,0.0
CD8_EM_EMRA,Chondrocyte,0.5372177958488464,253.56863403320312,0.0
CD8_EM_EMRA,Ciliated,0.38752663135528564,182.9138946533203,0.0
CD8_EM_EMRA,DC_1,0.7533091902732849,355.56451416015625,0.0
CD8_EM_EMRA,DC_2,0.7481106519699097,353.11077880859375,0.0
CD8_EM_EMRA,DC_activated,0.7450190782546997,351.65155029296875,0.0
CD8_EM_EMRA,DC_plasmacytoid,0.7396998405456543,349.140869140625,0.0
CD8_EM_EMRA,Deuterosomal,0.2685011327266693,126.73345184326172,0.0
CD8_EM_EMRA,Dividing_AT2,0.7074151039123535,333.90234375,0.0
CD8_EM_EMRA,Dividing_Basal,0.5672749876976013,267.7557373046875,0.0
CD8_EM_EMRA,Endothelia_Lymphatic,0.4574960172176361,215.93968200683594,0.0
CD8_EM_EMRA,Endothelia_vascular_Cap_a,0.7245672345161438,341.9981994628906,0.0
CD8_EM_EMRA,Endothelia_vascular_Cap_g,0.7254071235656738,342.3946533203125,0.0
CD8_EM_EMRA,Endothelia_vascular_arterial_pulmonary,0.5385680794715881,254.2059783935547,0.0
CD8_EM_EMRA,Endothelia_vascular_arterial_systemic,0.20515219867229462,96.8325424194336,0.0
CD8_EM_EMRA,Endothelia_vascular_venous_pulmonary,0.5164170861244202,243.75062561035156,0.0
CD8_EM_EMRA,Endothelia_vascular_venous_systemic,0.27556535601615906,130.0677947998047,0.0
CD8_EM_EMRA,Erythrocyte,0.7054658532142639,332.9822998046875,0.0
CD8_EM_EMRA,Fibro_adventitial,0.37350016832351685,176.29335021972656,0.0
CD8_EM_EMRA,Fibro_alveolar,0.6990236043930054,329.9415283203125,0.0
CD8_EM_EMRA,Fibro_immune_recruiting,0.6442950963973999,304.1094970703125,0.0
CD8_EM_EMRA,Fibro_myofibroblast,0.29649487137794495,139.94659423828125,0.0
CD8_EM_EMRA,Fibro_peribronchial,0.277957558631897,131.19691467285156,0.0
CD8_EM_EMRA,Fibro_perichondrial,0.38090965151786804,179.79066467285156,0.0
CD8_EM_EMRA,ILC,0.7403072118759155,349.42755126953125,0.0
CD8_EM_EMRA,Ionocyte_n_Brush,0.3672139346599579,173.32623291015625,0.0
CD8_EM_EMRA,MAIT,0.7560227513313293,356.8453369140625,0.0
CD8_EM_EMRA,Macro_CHIT1,0.7287401556968689,343.96783447265625,0.0
CD8_EM_EMRA,Macro_interstitial,0.7553809881210327,356.54241943359375,0.0
CD8_EM_EMRA,Macro_AW_CX3CR1,0.7367527484893799,347.74981689453125,0.0
CD8_EM_EMRA,Macro_alveolar_metallothioneins,0.6943153142929077,327.7192077636719,0.0
CD8_EM_EMRA,Macro_alv,0.7323905825614929,345.69085693359375,0.0
CD8_EM_EMRA,Macro_dividing,0.7392688393592834,348.9374084472656,0.0
CD8_EM_EMRA,Macro_int,0.7328767776489258,345.92034912109375,0.0
CD8_EM_EMRA,Macro_CCL,0.7533595561981201,355.5882873535156,0.0
CD8_EM_EMRA,Mast_cell,0.6632831692695618,313.0719299316406,0.0
CD8_EM_EMRA,Megakaryocyte,0.6680459976196289,315.32000732421875,0.0
CD8_EM_EMRA,Mesothelia,0.6525494456291199,308.0055847167969,0.0
CD8_EM_EMRA,Macrophage_intermediate,0.7458979487419128,352.0663757324219,0.0
CD8_EM_EMRA,Monocyte_CD14,0.7446977496147156,351.4998779296875,0.0
CD8_EM_EMRA,Monocyte_CD16,0.7567748427391052,357.2003173828125,0.0
CD8_EM_EMRA,Muscle_airway,-0.1825195848941803,-86.14987182617188,0.0
CD8_EM_EMRA,Muscle_pericyte_airway,0.371628075838089,175.40972900390625,0.0
CD8_EM_EMRA,Muscle_pericyte_parenchyma,0.7344726920127869,346.6736145019531,0.0
CD8_EM_EMRA,Muscle_perivascular_immune_recruiting,0.6238960027694702,294.4810485839844,0.0
CD8_EM_EMRA,Muscle_smooth_pulmonary,-0.1887497454881668,-89.09052276611328,0.0
CD8_EM_EMRA,Muscle_smooth_syst_arterial,-0.19967599213123322,-94.24774932861328,0.0
CD8_EM_EMRA,Myoepithelial,0.6249797344207764,294.9925842285156,0.0
CD8_EM_EMRA,NAF_endoneurial,-0.005146181210875511,-2.4290151596069336,0.01513989927979592
CD8_EM_EMRA,NAF_perineurial,-0.160875141620636,-75.9336166381836,0.0
CD8_EM_EMRA,NK_CD16hi,0.7585732936859131,358.0491943359375,0.0
CD8_EM_EMRA,NKT,0.759654700756073,358.55963134765625,0.0
CD8_EM_EMRA,NK_CD11d,0.7525084018707275,355.1865539550781,0.0
CD8_EM_EMRA,NK_CD56bright,0.7399393916130066,349.2539367675781,0.0
CD8_EM_EMRA,Neuroendocrine,0.6405192017555237,302.3272705078125,0.0
CD8_EM_EMRA,SMG_Basal,0.39561206102371216,186.73023986816406,0.0
CD8_EM_EMRA,SMG_Duct,0.6104945540428162,288.155517578125,0.0
CD8_EM_EMRA,SMG_Mucous,0.6496438384056091,306.6341247558594,0.0
CD8_EM_EMRA,SMG_Serous,0.6117463707923889,288.7463684082031,0.0
CD8_EM_EMRA,Schwann_Myelinating,0.5667097568511963,267.48895263671875,0.0
CD8_EM_EMRA,Schwann_nonmyelinating,-0.015837600454688072,-7.475401401519775,7.696854984198367e-14
CD8_EM_EMRA,Secretory_Club,0.20859679579734802,98.45840454101562,0.0
CD8_EM_EMRA,Secretory_Goblet,0.4183807671070099,197.47715759277344,0.0
CD8_EM_EMRA,Suprabasal,0.2699004113674164,127.3939208984375,0.0
CD8_EM_EMRA,T_reg,0.7438675165176392,351.1080017089844,0.0
CD8_EM_EMRA,gdT,0.7482044696807861,353.1550598144531,0.0
CD8_TRM_EM,CD8_TRM_EM,0.7549946308135986,356.36004638671875,0.0
CD8_TRM_EM,CD8_TRM,0.7396926879882812,349.1374816894531,0.0
CD8_TRM_EM,Chondrocyte,0.5216958522796631,246.2422332763672,0.0
CD8_TRM_EM,Ciliated,0.4104134440422058,193.716552734375,0.0
CD8_TRM_EM,DC_1,0.7526372671127319,355.24737548828125,0.0
CD8_TRM_EM,DC_2,0.7493677139282227,353.7041320800781,0.0
CD8_TRM_EM,DC_activated,0.745720386505127,351.9825744628906,0.0
CD8_TRM_EM,DC_plasmacytoid,0.7434846758842468,350.92730712890625,0.0
CD8_TRM_EM,Deuterosomal,0.2901186943054199,136.93701171875,0.0
CD8_TRM_EM,Dividing_AT2,0.7048840522766113,332.7076721191406,0.0
CD8_TRM_EM,Dividing_Basal,0.5731427073478699,270.52532958984375,0.0
CD8_TRM_EM,Endothelia_Lymphatic,0.43589743971824646,205.74508666992188,0.0
CD8_TRM_EM,Endothelia_vascular_Cap_a,0.7238855361938477,341.67645263671875,0.0
CD8_TRM_EM,Endothelia_vascular_Cap_g,0.7251230478286743,342.26055908203125,0.0
CD8_TRM_EM,Endothelia_vascular_arterial_pulmonary,0.5376868844032288,253.79005432128906,0.0
CD8_TRM_EM,Endothelia_vascular_arterial_systemic,0.20127762854099274,95.00373077392578,0.0
CD8_TRM_EM,Endothelia_vascular_venous_pulmonary,0.5043826699256897,238.07034301757812,0.0
CD8_TRM_EM,Endothelia_vascular_venous_systemic,0.2581860423088074,121.86469268798828,0.0
CD8_TRM_EM,Erythrocyte,0.7053682208061218,332.93621826171875,0.0
CD8_TRM_EM,Fibro_adventitial,0.35162973403930664,165.97044372558594,0.0
CD8_TRM_EM,Fibro_alveolar,0.6952956318855286,328.1819152832031,0.0
CD8_TRM_EM,Fibro_immune_recruiting,0.6372547745704651,300.78643798828125,0.0
CD8_TRM_EM,Fibro_myofibroblast,0.2672829031944275,126.158447265625,0.0
CD8_TRM_EM,Fibro_peribronchial,0.26509883999824524,125.1275634765625,0.0
CD8_TRM_EM,Fibro_perichondrial,0.3788624703884125,178.8243865966797,0.0
CD8_TRM_EM,ILC,0.7404130697250366,349.4775085449219,0.0
CD8_TRM_EM,Ionocyte_n_Brush,0.3827868103981018,180.6766815185547,0.0
CD8_TRM_EM,MAIT,0.755702018737793,356.6939392089844,0.0
CD8_TRM_EM,Macro_CHIT1,0.7249327898025513,342.1707458496094,0.0
CD8_TRM_EM,Macro_interstitial,0.7525925040245056,355.2262268066406,0.0
CD8_TRM_EM,Macro_AW_CX3CR1,0.7375088334083557,348.106689453125,0.0
CD8_TRM_EM,Macro_alveolar_metallothioneins,0.684011697769165,322.8558654785156,0.0
CD8_TRM_EM,Macro_alv,0.7305766344070435,344.8346862792969,0.0
CD8_TRM_EM,Macro_dividing,0.7374451160430908,348.0766296386719,0.0
CD8_TRM_EM,Macro_int,0.7256137132644653,342.4921569824219,0.0
CD8_TRM_EM,Macro_CCL,0.7517793774604797,354.8424377441406,0.0
CD8_TRM_EM,Mast_cell,0.6541849970817566,308.7775573730469,0.0
CD8_TRM_EM,Megakaryocyte,0.6789523959159851,320.4678649902344,0.0
CD8_TRM_EM,Mesothelia,0.6415808200836182,302.8283386230469,0.0
CD8_TRM_EM,Macrophage_intermediate,0.741671085357666,350.0712890625,0.0
CD8_TRM_EM,Monocyte_CD14,0.737294614315033,348.0055847167969,0.0
CD8_TRM_EM,Monocyte_CD16,0.7511290907859802,354.5354919433594,0.0
CD8_TRM_EM,Muscle_airway,-0.1851443648338318,-87.3887710571289,0.0
CD8_TRM_EM,Muscle_pericyte_airway,0.35137635469436646,165.85084533691406,0.0
CD8_TRM_EM,Muscle_pericyte_parenchyma,0.7318663597106934,345.44342041015625,0.0
CD8_TRM_EM,Muscle_perivascular_immune_recruiting,0.6167991757392883,291.1313171386719,0.0
CD8_TRM_EM,Muscle_smooth_pulmonary,-0.19596204161643982,-92.4947509765625,0.0
CD8_TRM_EM,Muscle_smooth_syst_arterial,-0.20532721281051636,-96.91514587402344,0.0
CD8_TRM_EM,Myoepithelial,0.6307498812675476,297.7160949707031,0.0
CD8_TRM_EM,NAF_endoneurial,-0.0035021950025111437,-1.653048038482666,0.09832108721199637
CD8_TRM_EM,NAF_perineurial,-0.16540680825710297,-78.07257843017578,0.0
CD8_TRM_EM,NK_CD16hi,0.760892391204834,359.143798828125,0.0
CD8_TRM_EM,NKT,0.7563031911849976,356.9776916503906,0.0
CD8_TRM_EM,NK_CD11d,0.7572811841964722,357.4393005371094,0.0
CD8_TRM_EM,NK_CD56bright,0.7466980814933777,352.4440612792969,0.0
CD8_TRM_EM,Neuroendocrine,0.6501004099845886,306.849609375,0.0
CD8_TRM_EM,SMG_Basal,0.4119204580783844,194.42787170410156,0.0
CD8_TRM_EM,SMG_Duct,0.6151624321937561,290.3587646484375,0.0
CD8_TRM_EM,SMG_Mucous,0.6555203199386597,309.4078369140625,0.0
CD8_TRM_EM,SMG_Serous,0.6165797710418701,291.02777099609375,0.0
CD8_TRM_EM,Schwann_Myelinating,0.5762718915939331,272.0023193359375,0.0
CD8_TRM_EM,Schwann_nonmyelinating,-0.01806987263262272,-8.529041290283203,1.4756551507903833e-17
CD8_TRM_EM,Secretory_Club,0.2178511917591095,102.82650756835938,0.0
CD8_TRM_EM,Secretory_Goblet,0.4347708523273468,205.2133331298828,0.0
CD8_TRM_EM,Suprabasal,0.2903519868850708,137.04713439941406,0.0
CD8_TRM_EM,T_reg,0.7451837658882141,351.7292785644531,0.0
CD8_TRM_EM,gdT,0.7480682134628296,353.09075927734375,0.0
CD8_TRM,CD8_TRM,0.7280904650688171,343.66119384765625,0.0
CD8_TRM,Chondrocyte,0.4956170320510864,233.9329376220703,0.0
CD8_TRM,Ciliated,0.4194938540458679,198.00253295898438,0.0
CD8_TRM,DC_1,0.7359883785247803,347.3890380859375,0.0
CD8_TRM,DC_2,0.7346925139427185,346.7773742675781,0.0
CD8_TRM,DC_activated,0.7301250100135803,344.6214904785156,0.0
CD8_TRM,DC_plasmacytoid,0.7296596169471741,344.4018249511719,0.0
CD8_TRM,Deuterosomal,0.3025476038455963,142.80349731445312,0.0
CD8_TRM,Dividing_AT2,0.6892262697219849,325.3171691894531,0.0
CD8_TRM,Dividing_Basal,0.5624784231185913,265.4917297363281,0.0
CD8_TRM,Endothelia_Lymphatic,0.412977397441864,194.92674255371094,0.0
CD8_TRM,Endothelia_vascular_Cap_a,0.7082502841949463,334.29656982421875,0.0
CD8_TRM,Endothelia_vascular_Cap_g,0.7092793583869934,334.78228759765625,0.0
CD8_TRM,Endothelia_vascular_arterial_pulmonary,0.5271007418632507,248.79335021972656,0.0
CD8_TRM,Endothelia_vascular_arterial_systemic,0.1985752135515213,93.72817993164062,0.0
CD8_TRM,Endothelia_vascular_venous_pulmonary,0.4863872230052948,229.57643127441406,0.0
CD8_TRM,Endothelia_vascular_venous_systemic,0.24289356172084808,114.64659118652344,0.0
CD8_TRM,Erythrocyte,0.6912059783935547,326.2515869140625,0.0
CD8_TRM,Fibro_adventitial,0.3300226926803589,155.77183532714844,0.0
CD8_TRM,Fibro_alveolar,0.6786220669746399,320.31195068359375,0.0
CD8_TRM,Fibro_immune_recruiting,0.6159650087356567,290.7375793457031,0.0
CD8_TRM,Fibro_myofibroblast,0.24542008340358734,115.83911895751953,0.0
CD8_TRM,Fibro_peribronchial,0.2535165846347809,119.66069793701172,0.0
CD8_TRM,Fibro_perichondrial,0.36673703789711,173.10113525390625,0.0
CD8_TRM,ILC,0.7241776585578918,341.8143310546875,0.0
CD8_TRM,Ionocyte_n_Brush,0.38989073038101196,184.02975463867188,0.0
CD8_TRM,MAIT,0.7385453581809998,348.595947265625,0.0
CD8_TRM,Macro_CHIT1,0.7068290114402771,333.6257019042969,0.0
CD8_TRM,Macro_interstitial,0.7344030141830444,346.6407470703125,0.0
CD8_TRM,Macro_AW_CX3CR1,0.7221808433532715,340.871826171875,0.0
CD8_TRM,Macro_alveolar_metallothioneins,0.6632145643234253,313.03955078125,0.0
CD8_TRM,Macro_alv,0.7145346999168396,337.2628173828125,0.0
CD8_TRM,Macro_dividing,0.7210256457328796,340.3265686035156,0.0
CD8_TRM,Macro_int,0.7037964463233948,332.1943359375,0.0
CD8_TRM,Macro_CCL,0.7338746786117554,346.391357421875,0.0
CD8_TRM,Mast_cell,0.6360111832618713,300.199462890625,0.0
CD8_TRM,Megakaryocyte,0.6712104678153992,316.8136291503906,0.0
CD8_TRM,Mesothelia,0.6177434921264648,291.5770568847656,0.0
CD8_TRM,Macrophage_intermediate,0.7218117713928223,340.6976318359375,0.0
CD8_TRM,Monocyte_CD14,0.7166192531585693,338.2467346191406,0.0
CD8_TRM,Monocyte_CD16,0.7306970953941345,344.89154052734375,0.0
CD8_TRM,Muscle_airway,-0.17900261282920837,-84.4898452758789,0.0
CD8_TRM,Muscle_pericyte_airway,0.33147290349006653,156.4563446044922,0.0
CD8_TRM,Muscle_pericyte_parenchyma,0.7136856317520142,336.862060546875,0.0
CD8_TRM,Muscle_perivascular_immune_recruiting,0.5970237255096436,281.7972412109375,0.0
CD8_TRM,Muscle_smooth_pulmonary,-0.19041047990322113,-89.87439727783203,0.0
CD8_TRM,Muscle_smooth_syst_arterial,-0.1982184499502182,-93.55978393554688,0.0
CD8_TRM,Myoepithelial,0.6182893514633179,291.8346862792969,0.0
CD8_TRM,NAF_endoneurial,0.0015418147668242455,0.7277418375015259,0.46677163445851366
CD8_TRM,NAF_perineurial,-0.1594449132680893,-75.258544921875,0.0
CD8_TRM,NK_CD16hi,0.7454457879066467,351.85296630859375,0.0
CD8_TRM,NKT,0.7373392581939697,348.0266418457031,0.0
CD8_TRM,NK_CD11d,0.7436810731887817,351.02001953125,0.0
CD8_TRM,NK_CD56bright,0.7349820733070374,346.9140625,0.0
CD8_TRM,Neuroendocrine,0.6404805183410645,302.3089904785156,0.0
CD8_TRM,SMG_Basal,0.41524142026901245,195.99537658691406,0.0
CD8_TRM,SMG_Duct,0.601772129535675,284.03851318359375,0.0
CD8_TRM,SMG_Mucous,0.644975483417511,304.4306335449219,0.0
CD8_TRM,SMG_Serous,0.6032666563987732,284.7439270019531,0.0
CD8_TRM,Schwann_Myelinating,0.5698965787887573,268.9931335449219,0.0
CD8_TRM,Schwann_nonmyelinating,-0.012363300658762455,-5.835520267486572,5.362297763771732e-09
CD8_TRM,Secretory_Club,0.22265774011611938,105.09521484375,0.0
CD8_TRM,Secretory_Goblet,0.438906192779541,207.16522216796875,0.0
CD8_TRM,Suprabasal,0.30214497447013855,142.61346435546875,0.0
CD8_TRM,T_reg,0.7301995754241943,344.6567077636719,0.0
CD8_TRM,gdT,0.7313569784164429,345.2030029296875,0.0
Chondrocyte,Chondrocyte,0.7652740478515625,361.21197509765625,0.0
Chondrocyte,Ciliated,0.2574382424354553,121.51173400878906,0.0
Chondrocyte,DC_1,0.544790506362915,257.1429748535156,0.0
Chondrocyte,DC_2,0.5154290199279785,243.2842559814453,0.0
Chondrocyte,DC_activated,0.5078907608985901,239.72618103027344,0.0
Chondrocyte,DC_plasmacytoid,0.5364599227905273,253.21092224121094,0.0
Chondrocyte,Deuterosomal,0.16272404789924622,76.80630493164062,0.0
Chondrocyte,Dividing_AT2,0.5116040706634521,241.47886657714844,0.0
Chondrocyte,Dividing_Basal,0.4482214152812958,211.56204223632812,0.0
Chondrocyte,Endothelia_Lymphatic,0.5247836709022522,247.69969177246094,0.0
Chondrocyte,Endothelia_vascular_Cap_a,0.4502258896827698,212.50816345214844,0.0
Chondrocyte,Endothelia_vascular_Cap_g,0.4523032307624817,213.48867797851562,0.0
Chondrocyte,Endothelia_vascular_arterial_pulmonary,0.41792407631874084,197.2615966796875,0.0
Chondrocyte,Endothelia_vascular_arterial_systemic,0.2632630169391632,124.26104736328125,0.0
Chondrocyte,Endothelia_vascular_venous_pulmonary,0.5134579539299011,242.35391235351562,0.0
Chondrocyte,Endothelia_vascular_venous_systemic,0.39037778973579407,184.25965881347656,0.0
Chondrocyte,Erythrocyte,0.4806327223777771,226.86029052734375,0.0
Chondrocyte,Fibro_adventitial,0.5157456398010254,243.43370056152344,0.0
Chondrocyte,Fibro_alveolar,0.445813924074173,210.4257049560547,0.0
Chondrocyte,Fibro_immune_recruiting,0.6048356890678406,285.4845275878906,0.0
Chondrocyte,Fibro_myofibroblast,0.4817083179950714,227.36798095703125,0.0
Chondrocyte,Fibro_peribronchial,0.3965742290019989,187.18438720703125,0.0
Chondrocyte,Fibro_perichondrial,0.40161094069480896,189.56173706054688,0.0
Chondrocyte,ILC,0.5573281049728394,263.0607604980469,0.0
Chondrocyte,Ionocyte_n_Brush,0.24123497307300568,113.86373138427734,0.0
Chondrocyte,MAIT,0.5361006855964661,253.04135131835938,0.0
Chondrocyte,Macro_CHIT1,0.4998731315135956,235.94183349609375,0.0
Chondrocyte,Macro_interstitial,0.5195835828781128,245.24522399902344,0.0
Chondrocyte,Macro_AW_CX3CR1,0.5613713264465332,264.96917724609375,0.0
Chondrocyte,Macro_alveolar_metallothioneins,0.5892127156257629,278.11041259765625,0.0
Chondrocyte,Macro_alv,0.47958987951278687,226.36805725097656,0.0
Chondrocyte,Macro_dividing,0.4880569875240326,230.36456298828125,0.0
Chondrocyte,Macro_int,0.5505414009094238,259.857421875,0.0
Chondrocyte,Macro_CCL,0.5243651866912842,247.50216674804688,0.0
Chondrocyte,Mast_cell,0.5653215050697327,266.83367919921875,0.0
Chondrocyte,Megakaryocyte,0.5045833587646484,238.16506958007812,0.0
Chondrocyte,Mesothelia,0.6153311729431152,290.43841552734375,0.0
Chondrocyte,Macrophage_intermediate,0.5819005370140076,274.6590576171875,0.0
Chondrocyte,Monocyte_CD14,0.542055606842041,255.8520965576172,0.0
Chondrocyte,Monocyte_CD16,0.5794012546539307,273.4793701171875,0.0
Chondrocyte,Muscle_airway,-0.02402125485241413,-11.338114738464355,8.49548939069499e-30
Chondrocyte,Muscle_pericyte_airway,0.469336599111557,221.5284881591797,0.0
Chondrocyte,Muscle_pericyte_parenchyma,0.4971865117549896,234.67373657226562,0.0
Chondrocyte,Muscle_perivascular_immune_recruiting,0.58919358253479,278.10137939453125,0.0
Chondrocyte,Muscle_smooth_pulmonary,-0.031319811940193176,-14.783058166503906,1.884132260081485e-49
Chondrocyte,Muscle_smooth_syst_arterial,-0.05411854386329651,-25.544137954711914,6.379154248557498e-144
Chondrocyte,Myoepithelial,0.49320003390312195,232.79209899902344,0.0
Chondrocyte,NAF_endoneurial,0.08365107327699661,39.48359298706055,0.0
Chondrocyte,NAF_perineurial,-0.0069008502177894115,-3.2572250366210938,0.0011250719993603736
Chondrocyte,NK_CD16hi,0.5391866564750671,254.49794006347656,0.0
Chondrocyte,NKT,0.5597023963928223,264.18145751953125,0.0
Chondrocyte,NK_CD11d,0.5336580276489258,251.88841247558594,0.0
Chondrocyte,NK_CD56bright,0.510475754737854,240.94630432128906,0.0
Chondrocyte,Neuroendocrine,0.529848575592041,250.09034729003906,0.0
Chondrocyte,SMG_Basal,0.29854100942611694,140.91238403320312,0.0
Chondrocyte,SMG_Duct,0.5143814086914062,242.78977966308594,0.0
Chondrocyte,SMG_Mucous,0.50861656665802,240.06875610351562,0.0
Chondrocyte,SMG_Serous,0.5152336955070496,243.1920623779297,0.0
Chondrocyte,Schwann_Myelinating,0.4708684980869293,222.2515411376953,0.0
Chondrocyte,Schwann_nonmyelinating,0.09112019091844559,43.00904083251953,0.0
Chondrocyte,Secretory_Club,0.15472225844860077,73.02943420410156,0.0
Chondrocyte,Secretory_Goblet,0.28295063972473145,133.5536651611328,0.0
Chondrocyte,Suprabasal,0.18992088735103607,89.643310546875,0.0
Chondrocyte,T_reg,0.5314907431602478,250.86544799804688,0.0
Chondrocyte,gdT,0.5541927218437195,261.58087158203125,0.0
Ciliated,Ciliated,0.3700889050960541,174.6832275390625,0.0
Ciliated,DC_1,0.419197142124176,197.86248779296875,0.0
Ciliated,DC_2,0.4167659282684326,196.71495056152344,0.0
Ciliated,DC_activated,0.3982451558113098,187.97308349609375,0.0
Ciliated,DC_plasmacytoid,0.423297256231308,199.79776000976562,0.0
Ciliated,Deuterosomal,0.29226285219192505,137.94906616210938,0.0
Ciliated,Dividing_AT2,0.36682945489883423,173.14476013183594,0.0
Ciliated,Dividing_Basal,0.34068116545677185,160.80267333984375,0.0
Ciliated,Endothelia_Lymphatic,0.18957479298114777,89.47994995117188,0.0
Ciliated,Endothelia_vascular_Cap_a,0.36171162128448486,170.7291259765625,0.0
Ciliated,Endothelia_vascular_Cap_g,0.3647168278694153,172.14759826660156,0.0
Ciliated,Endothelia_vascular_arterial_pulmonary,0.26315465569496155,124.20989990234375,0.0
Ciliated,Endothelia_vascular_arterial_systemic,0.08319022506475449,39.26607131958008,0.0
Ciliated,Endothelia_vascular_venous_pulmonary,0.24785220623016357,116.98709106445312,0.0
Ciliated,Endothelia_vascular_venous_systemic,0.12218602746725082,57.67222213745117,0.0
Ciliated,Erythrocyte,0.3602387607097626,170.033935546875,0.0
Ciliated,Fibro_adventitial,0.1713085025548935,80.85820007324219,0.0
Ciliated,Fibro_alveolar,0.33030402660369873,155.90463256835938,0.0
Ciliated,Fibro_immune_recruiting,0.36765116453170776,173.53260803222656,0.0
Ciliated,Fibro_myofibroblast,0.0976671352982521,46.099220275878906,0.0
Ciliated,Fibro_peribronchial,0.11011409759521484,51.9742317199707,0.0
Ciliated,Fibro_perichondrial,0.2117806077003479,99.96117401123047,0.0
Ciliated,ILC,0.4061465561389923,191.7025604248047,0.0
Ciliated,Ionocyte_n_Brush,0.31730905175209045,149.77096557617188,0.0
Ciliated,MAIT,0.4012644290924072,189.39817810058594,0.0
Ciliated,Macro_CHIT1,0.37548714876174927,177.23121643066406,0.0
Ciliated,Macro_interstitial,0.39203011989593506,185.03955078125,0.0
Ciliated,Macro_AW_CX3CR1,0.42737877368927,201.7242431640625,0.0
Ciliated,Macro_alveolar_metallothioneins,0.3587318956851959,169.3226776123047,0.0
Ciliated,Macro_alv,0.37372681498527527,176.40032958984375,0.0
Ciliated,Macro_dividing,0.3832794725894928,180.9092254638672,0.0
Ciliated,Macro_int,0.3800049424171448,179.36363220214844,0.0
Ciliated,Macro_CCL,0.39693155884742737,187.35305786132812,0.0
Ciliated,Mast_cell,0.3357422351837158,158.4714813232422,0.0
Ciliated,Megakaryocyte,0.4284537434577942,202.23162841796875,0.0
Ciliated,Mesothelia,0.3587426543235779,169.3277587890625,0.0
Ciliated,Macrophage_intermediate,0.40250787138938904,189.98509216308594,0.0
Ciliated,Monocyte_CD14,0.3703843653202057,174.82269287109375,0.0
Ciliated,Monocyte_CD16,0.39556387066841125,186.70750427246094,0.0
Ciliated,Muscle_airway,-0.11668591946363449,-55.07615280151367,0.0
Ciliated,Muscle_pericyte_airway,0.1719023734331131,81.13851165771484,0.0
Ciliated,Muscle_pericyte_parenchyma,0.3615188002586365,170.6381072998047,0.0
Ciliated,Muscle_perivascular_immune_recruiting,0.3504958152770996,165.4352264404297,0.0
Ciliated,Muscle_smooth_pulmonary,-0.13191816210746765,-62.26582336425781,0.0
Ciliated,Muscle_smooth_syst_arterial,-0.13024970889091492,-61.478309631347656,0.0
Ciliated,Myoepithelial,0.38907256722450256,183.64358520507812,0.0
Ciliated,NAF_endoneurial,-6.746003055013716e-05,-0.03184136375784874,0.974598559838594
Ciliated,NAF_perineurial,-0.10646889358758926,-50.25368118286133,0.0
Ciliated,NK_CD16hi,0.420682817697525,198.56373596191406,0.0
Ciliated,NKT,0.3957124352455139,186.77761840820312,0.0
Ciliated,NK_CD11d,0.4354940354824066,205.55467224121094,0.0
Ciliated,NK_CD56bright,0.4366704821586609,206.10995483398438,0.0
Ciliated,Neuroendocrine,0.4121806025505066,194.5506591796875,0.0
Ciliated,SMG_Basal,0.3484761118888855,164.48191833496094,0.0
Ciliated,SMG_Duct,0.40070638060569763,189.13478088378906,0.0
Ciliated,SMG_Mucous,0.41959038376808167,198.048095703125,0.0
Ciliated,SMG_Serous,0.39318493008613586,185.58462524414062,0.0
Ciliated,Schwann_Myelinating,0.3729963004589081,176.05552673339844,0.0
Ciliated,Schwann_nonmyelinating,-0.013235975988209248,-6.2474260330200195,4.1727177541706244e-10
Ciliated,Secretory_Club,0.19390544295310974,91.52403259277344,0.0
Ciliated,Secretory_Goblet,0.343799889087677,162.27471923828125,0.0
Ciliated,Suprabasal,0.29729315638542175,140.32339477539062,0.0
Ciliated,T_reg,0.4065292775630951,191.88320922851562,0.0
Ciliated,gdT,0.40451234579086304,190.93121337890625,0.0
DC_1,DC_1,0.7689757943153381,362.9591979980469,0.0
DC_1,DC_2,0.7580088973045349,357.7828063964844,0.0
DC_1,DC_activated,0.7449632287025452,351.62518310546875,0.0
DC_1,DC_plasmacytoid,0.7446024417877197,351.45489501953125,0.0
DC_1,Deuterosomal,0.2958540618419647,139.64413452148438,0.0
DC_1,Dividing_AT2,0.7018771767616272,331.2884216308594,0.0
DC_1,Dividing_Basal,0.5692988634109497,268.71099853515625,0.0
DC_1,Endothelia_Lymphatic,0.448959618806839,211.9104766845703,0.0
DC_1,Endothelia_vascular_Cap_a,0.7152666449546814,337.6083068847656,0.0
DC_1,Endothelia_vascular_Cap_g,0.7182207107543945,339.00262451171875,0.0
DC_1,Endothelia_vascular_arterial_pulmonary,0.5089641809463501,240.2328338623047,0.0
DC_1,Endothelia_vascular_arterial_systemic,0.16181392967700958,76.3767318725586,0.0
DC_1,Endothelia_vascular_venous_pulmonary,0.505054235458374,238.3873291015625,0.0
DC_1,Endothelia_vascular_venous_systemic,0.2791118919849396,131.7417755126953,0.0
DC_1,Erythrocyte,0.6923831105232239,326.80718994140625,0.0
DC_1,Fibro_adventitial,0.37988990545272827,179.30934143066406,0.0
DC_1,Fibro_alveolar,0.6822233200073242,322.0117492675781,0.0
DC_1,Fibro_immune_recruiting,0.669033944606781,315.78631591796875,0.0
DC_1,Fibro_myofibroblast,0.2898283302783966,136.79995727539062,0.0
DC_1,Fibro_peribronchial,0.24372561275959015,115.03932189941406,0.0
DC_1,Fibro_perichondrial,0.3803199827671051,179.5123291015625,0.0
DC_1,ILC,0.7404494881629944,349.49468994140625,0.0
DC_1,Ionocyte_n_Brush,0.39408379793167114,186.00889587402344,0.0
DC_1,MAIT,0.7546527981758118,356.1986999511719,0.0
DC_1,Macro_CHIT1,0.7323117852210999,345.6536560058594,0.0
DC_1,Macro_interstitial,0.7588876485824585,358.19757080078125,0.0
DC_1,Macro_AW_CX3CR1,0.7529303431510925,355.3857116699219,0.0
DC_1,Macro_alveolar_metallothioneins,0.6981152296066284,329.5127868652344,0.0
DC_1,Macro_alv,0.729084849357605,344.13055419921875,0.0
DC_1,Macro_dividing,0.7415158152580261,349.9980163574219,0.0
DC_1,Macro_int,0.7473205327987671,352.73785400390625,0.0
DC_1,Macro_CCL,0.7568662762641907,357.24346923828125,0.0
DC_1,Mast_cell,0.6527083516120911,308.08056640625,0.0
DC_1,Megakaryocyte,0.6806318163871765,321.26055908203125,0.0
DC_1,Mesothelia,0.6795521974563599,320.7509765625,0.0
DC_1,Macrophage_intermediate,0.7556909918785095,356.688720703125,0.0
DC_1,Monocyte_CD14,0.745786190032959,352.0136413574219,0.0
DC_1,Monocyte_CD16,0.7619432210922241,359.6398010253906,0.0
DC_1,Muscle_airway,-0.2234603762626648,-105.47406005859375,0.0
DC_1,Muscle_pericyte_airway,0.3800821602344513,179.40008544921875,0.0
DC_1,Muscle_pericyte_parenchyma,0.7217514514923096,340.6691589355469,0.0
DC_1,Muscle_perivascular_immune_recruiting,0.6394926905632019,301.8427429199219,0.0
DC_1,Muscle_smooth_pulmonary,-0.2288171947002411,-108.00250244140625,0.0
DC_1,Muscle_smooth_syst_arterial,-0.23764994740486145,-112.17158508300781,0.0
DC_1,Myoepithelial,0.6529346108436584,308.1873779296875,0.0
DC_1,NAF_endoneurial,-0.03632919490337372,-17.147504806518555,6.560974069913139e-66
DC_1,NAF_perineurial,-0.199237659573555,-94.04085540771484,0.0
DC_1,NK_CD16hi,0.762112021446228,359.719482421875,0.0
DC_1,NKT,0.7589335441589355,358.21923828125,0.0
DC_1,NK_CD11d,0.7613897919654846,359.37860107421875,0.0
DC_1,NK_CD56bright,0.7489508390426636,353.5073547363281,0.0
DC_1,Neuroendocrine,0.6531227231025696,308.2761535644531,0.0
DC_1,SMG_Basal,0.4325115382671356,204.1469268798828,0.0
DC_1,SMG_Duct,0.6495309472084045,306.5808410644531,0.0
DC_1,SMG_Mucous,0.6820470690727234,321.9285583496094,0.0
DC_1,SMG_Serous,0.6483359932899475,306.0168151855469,0.0
DC_1,Schwann_Myelinating,0.5783926248550415,273.0032958984375,0.0
DC_1,Schwann_nonmyelinating,-0.05060294270515442,-23.884761810302734,4.410645429465496e-126
DC_1,Secretory_Club,0.23030392825603485,108.70423889160156,0.0
DC_1,Secretory_Goblet,0.43540605902671814,205.51315307617188,0.0
DC_1,Suprabasal,0.29665639996528625,140.02284240722656,0.0
DC_1,T_reg,0.7422683835029602,350.35321044921875,0.0
DC_1,gdT,0.7468898296356201,352.5345458984375,0.0
DC_2,DC_2,0.7531898021697998,355.5081787109375,0.0
DC_2,DC_activated,0.7424008250236511,350.4157409667969,0.0
DC_2,DC_plasmacytoid,0.7385221123695374,348.5849609375,0.0
DC_2,Deuterosomal,0.29653993248939514,139.96786499023438,0.0
DC_2,Dividing_AT2,0.7008457183837891,330.80157470703125,0.0
DC_2,Dividing_Basal,0.5587348937988281,263.72479248046875,0.0
DC_2,Endothelia_Lymphatic,0.4242105185985565,200.22882080078125,0.0
DC_2,Endothelia_vascular_Cap_a,0.718286395072937,339.03363037109375,0.0
DC_2,Endothelia_vascular_Cap_g,0.7201434373855591,339.91015625,0.0
DC_2,Endothelia_vascular_arterial_pulmonary,0.5100295543670654,240.73570251464844,0.0
DC_2,Endothelia_vascular_arterial_systemic,0.1661795973777771,78.43733978271484,0.0
DC_2,Endothelia_vascular_venous_pulmonary,0.4894130527973175,231.004638671875,0.0
DC_2,Endothelia_vascular_venous_systemic,0.25530874729156494,120.50659942626953,0.0
DC_2,Erythrocyte,0.6943280696868896,327.7252197265625,0.0
DC_2,Fibro_adventitial,0.351517915725708,165.91766357421875,0.0
DC_2,Fibro_alveolar,0.6864343881607056,323.9993896484375,0.0
DC_2,Fibro_immune_recruiting,0.6428099274635315,303.4084777832031,0.0
DC_2,Fibro_myofibroblast,0.26375994086265564,124.49559783935547,0.0
DC_2,Fibro_peribronchial,0.2332158088684082,110.07865905761719,0.0
DC_2,Fibro_perichondrial,0.36715587973594666,173.298828125,0.0
DC_2,ILC,0.7328743934631348,345.9192199707031,0.0
DC_2,Ionocyte_n_Brush,0.39270657300949097,185.3588409423828,0.0
DC_2,MAIT,0.7499404549598694,353.9744567871094,0.0
DC_2,Macro_CHIT1,0.7264973521232605,342.90924072265625,0.0
DC_2,Macro_interstitial,0.7536309957504272,355.7164001464844,0.0
DC_2,Macro_AW_CX3CR1,0.7428525686264038,350.62896728515625,0.0
DC_2,Macro_alveolar_metallothioneins,0.6822709441184998,322.0342102050781,0.0
DC_2,Macro_alv,0.7270915508270264,343.189697265625,0.0
DC_2,Macro_dividing,0.7382400631904602,348.45184326171875,0.0
DC_2,Macro_int,0.7325727939605713,345.77685546875,0.0
DC_2,Macro_CCL,0.7513173222541809,354.6243591308594,0.0
DC_2,Mast_cell,0.6413996815681458,302.74285888671875,0.0
DC_2,Megakaryocyte,0.6723271012306213,317.3406982421875,0.0
DC_2,Mesothelia,0.6513832211494446,307.4551086425781,0.0
DC_2,Macrophage_intermediate,0.7419361472129822,350.1964111328125,0.0
DC_2,Monocyte_CD14,0.7370830774307251,347.9057312011719,0.0
DC_2,Monocyte_CD16,0.7502277493476868,354.1100769042969,0.0
DC_2,Muscle_airway,-0.2181238830089569,-102.9552230834961,0.0
DC_2,Muscle_pericyte_airway,0.3532858192920685,166.7521209716797,0.0
DC_2,Muscle_pericyte_parenchyma,0.7220876216888428,340.82781982421875,0.0
DC_2,Muscle_perivascular_immune_recruiting,0.615668535232544,290.59765625,0.0
DC_2,Muscle_smooth_pulmonary,-0.22189491987228394,-104.73516082763672,0.0
DC_2,Muscle_smooth_syst_arterial,-0.2295178920030594,-108.3332290649414,0.0
DC_2,Myoepithelial,0.6382481455802917,301.25531005859375,0.0
DC_2,NAF_endoneurial,-0.03411273658275604,-16.101327896118164,2.4968790013192702e-58
DC_2,NAF_perineurial,-0.19467447698116302,-91.88701629638672,0.0
DC_2,NK_CD16hi,0.7569714188575745,357.2930908203125,0.0
DC_2,NKT,0.7515172362327576,354.7187194824219,0.0
DC_2,NK_CD11d,0.755630612373352,356.6602478027344,0.0
DC_2,NK_CD56bright,0.7448176741600037,351.5564880371094,0.0
DC_2,Neuroendocrine,0.6401323676109314,302.1446533203125,0.0
DC_2,SMG_Basal,0.422264963388443,199.3105010986328,0.0
DC_2,SMG_Duct,0.6307328343391418,297.70806884765625,0.0
DC_2,SMG_Mucous,0.6681225299835205,315.3561096191406,0.0
DC_2,SMG_Serous,0.6302787065505981,297.49371337890625,0.0
DC_2,Schwann_Myelinating,0.568619966506958,268.39056396484375,0.0
DC_2,Schwann_nonmyelinating,-0.04634421691298485,-21.8746280670166,4.531919049723966e-106
DC_2,Secretory_Club,0.23074118793010712,108.91062927246094,0.0
DC_2,Secretory_Goblet,0.43467915058135986,205.1700439453125,0.0
DC_2,Suprabasal,0.29156652092933655,137.62039184570312,0.0
DC_2,T_reg,0.738109827041626,348.3903503417969,0.0
DC_2,gdT,0.7403948903083801,349.46893310546875,0.0
DC_activated,DC_activated,0.7390536665916443,348.8358459472656,0.0
DC_activated,DC_plasmacytoid,0.7317538261413574,345.39031982421875,0.0
DC_activated,Deuterosomal,0.2803874909877777,132.34385681152344,0.0
DC_activated,Dividing_AT2,0.6990753412246704,329.9659423828125,0.0
DC_activated,Dividing_Basal,0.5563013553619385,262.5761413574219,0.0
DC_activated,Endothelia_Lymphatic,0.4254959225654602,200.8355255126953,0.0
DC_activated,Endothelia_vascular_Cap_a,0.7197116613388062,339.70635986328125,0.0
DC_activated,Endothelia_vascular_Cap_g,0.7205588221549988,340.1062316894531,0.0
DC_activated,Endothelia_vascular_arterial_pulmonary,0.5262000560760498,248.36822509765625,0.0
DC_activated,Endothelia_vascular_arterial_systemic,0.18976110219955444,89.56788635253906,0.0
DC_activated,Endothelia_vascular_venous_pulmonary,0.49240121245384216,232.41505432128906,0.0
DC_activated,Endothelia_vascular_venous_systemic,0.2503301799297333,118.15670013427734,0.0
DC_activated,Erythrocyte,0.6980019807815552,329.4593200683594,0.0
DC_activated,Fibro_adventitial,0.3394738435745239,160.23281860351562,0.0
DC_activated,Fibro_alveolar,0.6923173666000366,326.7761535644531,0.0
DC_activated,Fibro_immune_recruiting,0.620062530040741,292.671630859375,0.0
DC_activated,Fibro_myofibroblast,0.25958722829818726,122.52606201171875,0.0
DC_activated,Fibro_peribronchial,0.2509666085243225,118.45709991455078,0.0
DC_activated,Fibro_perichondrial,0.3673008680343628,173.3672637939453,0.0
DC_activated,ILC,0.7283554077148438,343.7862548828125,0.0
DC_activated,Ionocyte_n_Brush,0.375467985868454,177.22216796875,0.0
DC_activated,MAIT,0.7467947602272034,352.48968505859375,0.0
DC_activated,Macro_CHIT1,0.7204902172088623,340.0738525390625,0.0
DC_activated,Macro_interstitial,0.7468441128730774,352.5129699707031,0.0
DC_activated,Macro_AW_CX3CR1,0.7254939079284668,342.43560791015625,0.0
DC_activated,Macro_alveolar_metallothioneins,0.672446608543396,317.3970947265625,0.0
DC_activated,Macro_alv,0.7264264225959778,342.8757629394531,0.0
DC_activated,Macro_dividing,0.7330889701843262,346.0205078125,0.0
DC_activated,Macro_int,0.7188252806663513,339.2879943847656,0.0
DC_activated,Macro_CCL,0.7448011636734009,351.5487060546875,0.0
DC_activated,Mast_cell,0.6437469720840454,303.85076904296875,0.0
DC_activated,Megakaryocyte,0.6620628833770752,312.4959411621094,0.0
DC_activated,Mesothelia,0.6266849040985107,295.79742431640625,0.0
DC_activated,Macrophage_intermediate,0.7305760383605957,344.8343811035156,0.0
DC_activated,Monocyte_CD14,0.73187255859375,345.44635009765625,0.0
DC_activated,Monocyte_CD16,0.7417718768119812,350.1188659667969,0.0
DC_activated,Muscle_airway,-0.19411775469779968,-91.6242446899414,0.0
DC_activated,Muscle_pericyte_airway,0.34251800179481506,161.66966247558594,0.0
DC_activated,Muscle_pericyte_parenchyma,0.724905252456665,342.1577453613281,0.0
DC_activated,Muscle_perivascular_immune_recruiting,0.5994380116462708,282.9367980957031,0.0
DC_activated,Muscle_smooth_pulmonary,-0.20098744332790375,-94.86676025390625,0.0
DC_activated,Muscle_smooth_syst_arterial,-0.20997457206249237,-99.10871887207031,0.0
DC_activated,Myoepithelial,0.6155083179473877,290.52203369140625,0.0
DC_activated,NAF_endoneurial,-0.015949105843901634,-7.5280327796936035,5.1510462351771466e-14
DC_activated,NAF_perineurial,-0.17230330407619476,-81.32775115966797,0.0
DC_activated,NK_CD16hi,0.7497864961624146,353.90179443359375,0.0
DC_activated,NKT,0.7468467354774475,352.51422119140625,0.0
DC_activated,NK_CD11d,0.7453895807266235,351.8264465332031,0.0
DC_activated,NK_CD56bright,0.7357157468795776,347.2603454589844,0.0
DC_activated,Neuroendocrine,0.6296729445457458,297.2077941894531,0.0
DC_activated,SMG_Basal,0.39646556973457336,187.1331024169922,0.0
DC_activated,SMG_Duct,0.5977600812911987,282.1448059082031,0.0
DC_activated,SMG_Mucous,0.6412306427955627,302.6630554199219,0.0
DC_activated,SMG_Serous,0.6005051732063293,283.44049072265625,0.0
DC_activated,Schwann_Myelinating,0.5560725331306458,262.4681396484375,0.0
DC_activated,Schwann_nonmyelinating,-0.028430338948965073,-13.419217109680176,4.666165225019894e-41
DC_activated,Secretory_Club,0.21402353048324585,101.01983642578125,0.0
DC_activated,Secretory_Goblet,0.42203375697135925,199.2013702392578,0.0
DC_activated,Suprabasal,0.280419260263443,132.35885620117188,0.0
DC_activated,T_reg,0.734824538230896,346.8396911621094,0.0
DC_activated,gdT,0.736667811870575,347.709716796875,0.0
DC_plasmacytoid,DC_plasmacytoid,0.738555371761322,348.6006774902344,0.0
DC_plasmacytoid,Deuterosomal,0.30046945810317993,141.82261657714844,0.0
DC_plasmacytoid,Dividing_AT2,0.6932726502418518,327.22705078125,0.0
DC_plasmacytoid,Dividing_Basal,0.5803826451301575,273.9425964355469,0.0
DC_plasmacytoid,Endothelia_Lymphatic,0.44882112741470337,211.84510803222656,0.0
DC_plasmacytoid,Endothelia_vascular_Cap_a,0.7016803622245789,331.1955261230469,0.0
DC_plasmacytoid,Endothelia_vascular_Cap_g,0.7031223773956299,331.87615966796875,0.0
DC_plasmacytoid,Endothelia_vascular_arterial_pulmonary,0.5364291071891785,253.19638061523438,0.0
DC_plasmacytoid,Endothelia_vascular_arterial_systemic,0.21784265339374542,102.82247924804688,0.0
DC_plasmacytoid,Endothelia_vascular_venous_pulmonary,0.514461874961853,242.8277587890625,0.0
DC_plasmacytoid,Endothelia_vascular_venous_systemic,0.27747246623039246,130.96795654296875,0.0
DC_plasmacytoid,Erythrocyte,0.6933043003082275,327.24200439453125,0.0
DC_plasmacytoid,Fibro_adventitial,0.37563401460647583,177.300537109375,0.0
DC_plasmacytoid,Fibro_alveolar,0.672577977180481,317.4591064453125,0.0
DC_plasmacytoid,Fibro_immune_recruiting,0.6505879759788513,307.0797424316406,0.0
DC_plasmacytoid,Fibro_myofibroblast,0.2888778746128082,136.35134887695312,0.0
DC_plasmacytoid,Fibro_peribronchial,0.28736045956611633,135.63511657714844,0.0
DC_plasmacytoid,Fibro_perichondrial,0.3853391110897064,181.88137817382812,0.0
DC_plasmacytoid,ILC,0.736448347568512,347.60614013671875,0.0
DC_plasmacytoid,Ionocyte_n_Brush,0.3904867470264435,184.3110809326172,0.0
DC_plasmacytoid,MAIT,0.7442110180854797,351.2701416015625,0.0
DC_plasmacytoid,Macro_CHIT1,0.7098301649093628,335.0422668457031,0.0
DC_plasmacytoid,Macro_interstitial,0.7377610206604004,348.2257385253906,0.0
DC_plasmacytoid,Macro_AW_CX3CR1,0.7375195026397705,348.1117248535156,0.0
DC_plasmacytoid,Macro_alveolar_metallothioneins,0.6873629093170166,324.4376525878906,0.0
DC_plasmacytoid,Macro_alv,0.7130903005599976,336.5810546875,0.0
DC_plasmacytoid,Macro_dividing,0.7212262153625488,340.4212341308594,0.0
DC_plasmacytoid,Macro_int,0.7167249321937561,338.296630859375,0.0
DC_plasmacytoid,Macro_CCL,0.7384328246116638,348.5428161621094,0.0
DC_plasmacytoid,Mast_cell,0.6550917029380798,309.2055358886719,0.0
DC_plasmacytoid,Megakaryocyte,0.6844894886016846,323.0813903808594,0.0
DC_plasmacytoid,Mesothelia,0.6538568139076233,308.6226501464844,0.0
DC_plasmacytoid,Macrophage_intermediate,0.7388136386871338,348.7225646972656,0.0
DC_plasmacytoid,Monocyte_CD14,0.7240002751350403,341.7306213378906,0.0
DC_plasmacytoid,Monocyte_CD16,0.7442492246627808,351.2881774902344,0.0
DC_plasmacytoid,Muscle_airway,-0.16157948970794678,-76.26607513427734,0.0
DC_plasmacytoid,Muscle_pericyte_airway,0.3697662353515625,174.5309295654297,0.0
DC_plasmacytoid,Muscle_pericyte_parenchyma,0.7138944864273071,336.96063232421875,0.0
DC_plasmacytoid,Muscle_perivascular_immune_recruiting,0.631571352481842,298.1038513183594,0.0
DC_plasmacytoid,Muscle_smooth_pulmonary,-0.17398065328598022,-82.11946105957031,0.0
DC_plasmacytoid,Muscle_smooth_syst_arterial,-0.18356701731681824,-86.6442642211914,0.0
DC_plasmacytoid,Myoepithelial,0.6370968818664551,300.7119140625,0.0
DC_plasmacytoid,NAF_endoneurial,0.019819287583231926,9.354771614074707,8.378052134973027e-21
DC_plasmacytoid,NAF_perineurial,-0.14265069365501404,-67.33161926269531,0.0
DC_plasmacytoid,NK_CD16hi,0.7526280283927917,355.2430114746094,0.0
DC_plasmacytoid,NKT,0.7468637228012085,352.5222473144531,0.0
DC_plasmacytoid,NK_CD11d,0.7511972784996033,354.56768798828125,0.0
DC_plasmacytoid,NK_CD56bright,0.7394626140594482,349.02886962890625,0.0
DC_plasmacytoid,Neuroendocrine,0.6628907322883606,312.8866882324219,0.0
DC_plasmacytoid,SMG_Basal,0.4359719753265381,205.78025817871094,0.0
DC_plasmacytoid,SMG_Duct,0.6281149387359619,296.472412109375,0.0
DC_plasmacytoid,SMG_Mucous,0.6635223627090454,313.184814453125,0.0
DC_plasmacytoid,SMG_Serous,0.6275147795677185,296.1891174316406,0.0
DC_plasmacytoid,Schwann_Myelinating,0.5916488766670227,279.2602844238281,0.0
DC_plasmacytoid,Schwann_nonmyelinating,0.0064997016452252865,3.0678813457489014,0.002155821989695919
DC_plasmacytoid,Secretory_Club,0.2276623547077179,107.45741271972656,0.0
DC_plasmacytoid,Secretory_Goblet,0.4438490867614746,209.498291015625,0.0
DC_plasmacytoid,Suprabasal,0.3047320544719696,143.83457946777344,0.0
DC_plasmacytoid,T_reg,0.7368366122245789,347.7893981933594,0.0
DC_plasmacytoid,gdT,0.7419642210006714,350.20965576171875,0.0
Deuterosomal,Deuterosomal,0.2701713740825653,127.52181243896484,0.0
Deuterosomal,Dividing_AT2,0.2562023997306824,120.92840576171875,0.0
Deuterosomal,Dividing_Basal,0.22423483431339264,105.83960723876953,0.0
Deuterosomal,Endothelia_Lymphatic,0.09930767118930817,46.87356185913086,0.0
Deuterosomal,Endothelia_vascular_Cap_a,0.2537466585636139,119.76929473876953,0.0
Deuterosomal,Endothelia_vascular_Cap_g,0.25621992349624634,120.93668365478516,0.0
Deuterosomal,Endothelia_vascular_arterial_pulmonary,0.17718467116355896,83.63177490234375,0.0
Deuterosomal,Endothelia_vascular_arterial_systemic,0.050316955894231796,23.749774932861328,1.1046376328016062e-124
Deuterosomal,Endothelia_vascular_venous_pulmonary,0.1525270789861679,71.99330139160156,0.0
Deuterosomal,Endothelia_vascular_venous_systemic,0.058531105518341064,27.626882553100586,5.291433715434242e-168
Deuterosomal,Erythrocyte,0.25283360481262207,119.33832550048828,0.0
Deuterosomal,Fibro_adventitial,0.08796316385269165,41.51891326904297,0.0
Deuterosomal,Fibro_alveolar,0.22704023122787476,107.16376495361328,0.0
Deuterosomal,Fibro_immune_recruiting,0.24884305894374847,117.45477294921875,0.0
Deuterosomal,Fibro_myofibroblast,0.033900029957294464,16.000930786132812,1.258789656889269e-57
Deuterosomal,Fibro_peribronchial,0.04186933860182762,19.762470245361328,6.266184713079416e-87
Deuterosomal,Fibro_perichondrial,0.13524536788463593,63.83627700805664,0.0
Deuterosomal,ILC,0.28317785263061523,133.66091918945312,0.0
Deuterosomal,Ionocyte_n_Brush,0.2530094385147095,119.42131805419922,0.0
Deuterosomal,MAIT,0.28037846088409424,132.339599609375,0.0
Deuterosomal,Macro_CHIT1,0.26164114475250244,123.49551391601562,0.0
Deuterosomal,Macro_interstitial,0.27449721097946167,129.56362915039062,0.0
Deuterosomal,Macro_AW_CX3CR1,0.30459311604499817,143.7689971923828,0.0
Deuterosomal,Macro_alveolar_metallothioneins,0.23994669318199158,113.25566101074219,0.0
Deuterosomal,Macro_alv,0.2626127600669861,123.9541244506836,0.0
Deuterosomal,Macro_dividing,0.2697812616825104,127.33767700195312,0.0
Deuterosomal,Macro_int,0.261354923248291,123.36042022705078,0.0
Deuterosomal,Macro_CCL,0.2779819071292877,131.20840454101562,0.0
Deuterosomal,Mast_cell,0.22187356650829315,104.72508239746094,0.0
Deuterosomal,Megakaryocyte,0.31244274973869324,147.4740447998047,0.0
Deuterosomal,Mesothelia,0.23880350589752197,112.71607208251953,0.0
Deuterosomal,Macrophage_intermediate,0.2772463858127594,130.86123657226562,0.0
Deuterosomal,Monocyte_CD14,0.2534213066101074,119.61572265625,0.0
Deuterosomal,Monocyte_CD16,0.2712838649749756,128.04690551757812,0.0
Deuterosomal,Muscle_airway,-0.10050877183675766,-47.44048309326172,0.0
Deuterosomal,Muscle_pericyte_airway,0.09464254975318909,44.671607971191406,0.0
Deuterosomal,Muscle_pericyte_parenchyma,0.2482154667377472,117.1585464477539,0.0
Deuterosomal,Muscle_perivascular_immune_recruiting,0.23335009813308716,110.14204406738281,0.0
Deuterosomal,Muscle_smooth_pulmonary,-0.10812001675367355,-51.033016204833984,0.0
Deuterosomal,Muscle_smooth_syst_arterial,-0.10230132192373276,-48.28657531738281,0.0
Deuterosomal,Myoepithelial,0.2832399904727936,133.69024658203125,0.0
Deuterosomal,NAF_endoneurial,-0.01304121408611536,-6.1554975509643555,7.48421525611314e-10
Deuterosomal,NAF_perineurial,-0.09164969623088837,-43.25897216796875,0.0
Deuterosomal,NK_CD16hi,0.29820483922958374,140.7537078857422,0.0
Deuterosomal,NKT,0.2733195722103119,129.0077667236328,0.0
Deuterosomal,NK_CD11d,0.31268197298049927,147.5869598388672,0.0
Deuterosomal,NK_CD56bright,0.31653663516044617,149.4063720703125,0.0
Deuterosomal,Neuroendocrine,0.29561159014701843,139.52967834472656,0.0
Deuterosomal,SMG_Basal,0.25432682037353516,120.04312896728516,0.0
Deuterosomal,SMG_Duct,0.28751140832901,135.7063751220703,0.0
Deuterosomal,SMG_Mucous,0.30359894037246704,143.29974365234375,0.0
Deuterosomal,SMG_Serous,0.28547611832618713,134.74571228027344,0.0
Deuterosomal,Schwann_Myelinating,0.27066880464553833,127.75659942626953,0.0
Deuterosomal,Schwann_nonmyelinating,-0.018226731568574905,-8.603079795837402,7.760498059009067e-18
Deuterosomal,Secretory_Club,0.1489545851945877,70.30707550048828,0.0
Deuterosomal,Secretory_Goblet,0.25569820404052734,120.6904296875,0.0
Deuterosomal,Suprabasal,0.24504251778125763,115.66090393066406,0.0
Deuterosomal,T_reg,0.2862497866153717,135.1108856201172,0.0
Deuterosomal,gdT,0.2817009389400482,132.96380615234375,0.0
Dividing_AT2,Dividing_AT2,0.6786255240440369,320.3135681152344,0.0
Dividing_AT2,Dividing_Basal,0.5401628613471985,254.95872497558594,0.0
Dividing_AT2,Endothelia_Lymphatic,0.44359779357910156,209.3796844482422,0.0
Dividing_AT2,Endothelia_vascular_Cap_a,0.6789020299911499,320.444091796875,0.0
Dividing_AT2,Endothelia_vascular_Cap_g,0.6771805286407471,319.63153076171875,0.0
Dividing_AT2,Endothelia_vascular_arterial_pulmonary,0.5190318822860718,244.9848175048828,0.0
Dividing_AT2,Endothelia_vascular_arterial_systemic,0.2275453358888626,107.40217590332031,0.0
Dividing_AT2,Endothelia_vascular_venous_pulmonary,0.49843716621398926,235.26405334472656,0.0
Dividing_AT2,Endothelia_vascular_venous_systemic,0.2745234966278076,129.57603454589844,0.0
Dividing_AT2,Erythrocyte,0.6665183901786804,314.5989685058594,0.0
Dividing_AT2,Fibro_adventitial,0.3676384389400482,173.52659606933594,0.0
Dividing_AT2,Fibro_alveolar,0.66009521484375,311.56719970703125,0.0
Dividing_AT2,Fibro_immune_recruiting,0.5948479175567627,280.770263671875,0.0
Dividing_AT2,Fibro_myofibroblast,0.30845412611961365,145.59140014648438,0.0
Dividing_AT2,Fibro_peribronchial,0.2954382002353668,139.44784545898438,0.0
Dividing_AT2,Fibro_perichondrial,0.3577879071235657,168.8771209716797,0.0
Dividing_AT2,ILC,0.6953310966491699,328.19866943359375,0.0
Dividing_AT2,Ionocyte_n_Brush,0.3588700294494629,169.38787841796875,0.0
Dividing_AT2,MAIT,0.7079317569732666,334.1462097167969,0.0
Dividing_AT2,Macro_CHIT1,0.6822783946990967,322.0377502441406,0.0
Dividing_AT2,Macro_interstitial,0.7049018144607544,332.716064453125,0.0
Dividing_AT2,Macro_AW_CX3CR1,0.6917109489440918,326.48992919921875,0.0
Dividing_AT2,Macro_alveolar_metallothioneins,0.6551581025123596,309.23687744140625,0.0
Dividing_AT2,Macro_alv,0.6864936947822571,324.0273742675781,0.0
Dividing_AT2,Macro_dividing,0.6901659965515137,325.7607116699219,0.0
Dividing_AT2,Macro_int,0.6776982545852661,319.8758850097656,0.0
Dividing_AT2,Macro_CCL,0.7031219601631165,331.8759765625,0.0
Dividing_AT2,Mast_cell,0.634696900844574,299.5791015625,0.0
Dividing_AT2,Megakaryocyte,0.6231903433799744,294.1479797363281,0.0
Dividing_AT2,Mesothelia,0.6025586128234863,284.40972900390625,0.0
Dividing_AT2,Macrophage_intermediate,0.6958481669425964,328.4427185058594,0.0
Dividing_AT2,Monocyte_CD14,0.6965024471282959,328.75152587890625,0.0
Dividing_AT2,Monocyte_CD16,0.7077090740203857,334.0411071777344,0.0
Dividing_AT2,Muscle_airway,-0.1423937976360321,-67.21035766601562,0.0
Dividing_AT2,Muscle_pericyte_airway,0.36220651865005493,170.9627227783203,0.0
Dividing_AT2,Muscle_pericyte_parenchyma,0.6899667978286743,325.66668701171875,0.0
Dividing_AT2,Muscle_perivascular_immune_recruiting,0.581957995891571,274.6861572265625,0.0
Dividing_AT2,Muscle_smooth_pulmonary,-0.14046689867973328,-66.30085754394531,0.0
Dividing_AT2,Muscle_smooth_syst_arterial,-0.15194949507713318,-71.7206802368164,0.0
Dividing_AT2,Myoepithelial,0.5743095278739929,271.0760498046875,0.0
Dividing_AT2,NAF_endoneurial,0.018309462815523148,8.642128944396973,5.517510753301105e-18
Dividing_AT2,NAF_perineurial,-0.11748149991035461,-55.4516716003418,0.0
Dividing_AT2,NK_CD16hi,0.7089002132415771,334.60333251953125,0.0
Dividing_AT2,NKT,0.711499035358429,335.8299865722656,0.0
Dividing_AT2,NK_CD11d,0.7025936841964722,331.6266174316406,0.0
Dividing_AT2,NK_CD56bright,0.6915316581726074,326.4053039550781,0.0
Dividing_AT2,Neuroendocrine,0.5968732833862305,281.7262268066406,0.0
Dividing_AT2,SMG_Basal,0.3714686632156372,175.33448791503906,0.0
Dividing_AT2,SMG_Duct,0.5580244064331055,263.3894348144531,0.0
Dividing_AT2,SMG_Mucous,0.6050723195075989,285.59619140625,0.0
Dividing_AT2,SMG_Serous,0.5627037286758423,265.59808349609375,0.0
Dividing_AT2,Schwann_Myelinating,0.5323689579963684,251.27996826171875,0.0
Dividing_AT2,Schwann_nonmyelinating,0.019395343959331512,9.154668807983398,5.452480101622159e-20
Dividing_AT2,Secretory_Club,0.21220406889915466,100.16104888916016,0.0
Dividing_AT2,Secretory_Goblet,0.3984096348285675,188.0507049560547,0.0
Dividing_AT2,Suprabasal,0.26223188638687134,123.77434539794922,0.0
Dividing_AT2,T_reg,0.6986665725708008,329.77301025390625,0.0
Dividing_AT2,gdT,0.7023773789405823,331.5245361328125,0.0
Dividing_Basal,Dividing_Basal,0.6477759480476379,305.7524719238281,0.0
Dividing_Basal,Endothelia_Lymphatic,0.42879754304885864,202.39390563964844,0.0
Dividing_Basal,Endothelia_vascular_Cap_a,0.5275737047195435,249.0166015625,0.0
Dividing_Basal,Endothelia_vascular_Cap_g,0.5286129713058472,249.5071258544922,0.0
Dividing_Basal,Endothelia_vascular_arterial_pulmonary,0.44936633110046387,212.10244750976562,0.0
Dividing_Basal,Endothelia_vascular_arterial_systemic,0.2227327823638916,105.1306381225586,0.0
Dividing_Basal,Endothelia_vascular_venous_pulmonary,0.45634064078330994,215.39434814453125,0.0
Dividing_Basal,Endothelia_vascular_venous_systemic,0.2760322391986847,130.2881622314453,0.0
Dividing_Basal,Erythrocyte,0.5222795009613037,246.51771545410156,0.0
Dividing_Basal,Fibro_adventitial,0.36141231656074524,170.5878448486328,0.0
Dividing_Basal,Fibro_alveolar,0.503960907459259,237.87127685546875,0.0
Dividing_Basal,Fibro_immune_recruiting,0.5468586087226868,258.119140625,0.0
Dividing_Basal,Fibro_myofibroblast,0.30550915002822876,144.2013702392578,0.0
Dividing_Basal,Fibro_peribronchial,0.3459346890449524,163.28236389160156,0.0
Dividing_Basal,Fibro_perichondrial,0.34111452102661133,161.00721740722656,0.0
Dividing_Basal,ILC,0.5843423008918762,275.8115539550781,0.0
Dividing_Basal,Ionocyte_n_Brush,0.3140992224216461,148.2559051513672,0.0
Dividing_Basal,MAIT,0.5743873119354248,271.1127624511719,0.0
Dividing_Basal,Macro_CHIT1,0.5393555164337158,254.57765197753906,0.0
Dividing_Basal,Macro_interstitial,0.5565491914749146,262.693115234375,0.0
Dividing_Basal,Macro_AW_CX3CR1,0.5733444690704346,270.62054443359375,0.0
Dividing_Basal,Macro_alveolar_metallothioneins,0.5577453374862671,263.2577209472656,0.0
Dividing_Basal,Macro_alv,0.5389918684959412,254.406005859375,0.0
Dividing_Basal,Macro_dividing,0.5377498269081116,253.81976318359375,0.0
Dividing_Basal,Macro_int,0.5437443256378174,256.649169921875,0.0
Dividing_Basal,Macro_CCL,0.5608291625976562,264.7132873535156,0.0
Dividing_Basal,Mast_cell,0.5489972233772278,259.1285705566406,0.0
Dividing_Basal,Megakaryocyte,0.5568336844444275,262.827392578125,0.0
Dividing_Basal,Mesothelia,0.5421016812324524,255.8738555908203,0.0
Dividing_Basal,Macrophage_intermediate,0.5841553807258606,275.72332763671875,0.0
Dividing_Basal,Monocyte_CD14,0.5513986349105835,260.2620544433594,0.0
Dividing_Basal,Monocyte_CD16,0.58265221118927,275.0138244628906,0.0
Dividing_Basal,Muscle_airway,-0.04804615303874016,-22.677947998046875,7.395845923765661e-114
Dividing_Basal,Muscle_pericyte_airway,0.34413307905197144,162.43199157714844,0.0
Dividing_Basal,Muscle_pericyte_parenchyma,0.5520612001419067,260.57476806640625,0.0
Dividing_Basal,Muscle_perivascular_immune_recruiting,0.5441171526908875,256.8251647949219,0.0
Dividing_Basal,Muscle_smooth_pulmonary,-0.0808568149805069,-38.16469192504883,0.0
Dividing_Basal,Muscle_smooth_syst_arterial,-0.09923005849123001,-46.8369255065918,0.0
Dividing_Basal,Myoepithelial,0.49994346499443054,235.9750213623047,0.0
Dividing_Basal,NAF_endoneurial,0.0813400149345398,38.392765045166016,0.0
Dividing_Basal,NAF_perineurial,-0.05127852037549019,-24.203638076782227,2.0369117562774323e-129
Dividing_Basal,NK_CD16hi,0.5851262211799622,276.18157958984375,0.0
Dividing_Basal,NKT,0.5813365578651428,274.3928527832031,0.0
Dividing_Basal,NK_CD11d,0.584689736366272,275.9755554199219,0.0
Dividing_Basal,NK_CD56bright,0.5713024139404297,269.6567077636719,0.0
Dividing_Basal,Neuroendocrine,0.5610442161560059,264.8147888183594,0.0
Dividing_Basal,SMG_Basal,0.3701302707195282,174.7027587890625,0.0
Dividing_Basal,SMG_Duct,0.4950503706932068,233.66546630859375,0.0
Dividing_Basal,SMG_Mucous,0.5327370166778564,251.4536895751953,0.0
Dividing_Basal,SMG_Serous,0.4905315637588501,231.53257751464844,0.0
Dividing_Basal,Schwann_Myelinating,0.49414756894111633,233.23934936523438,0.0
Dividing_Basal,Schwann_nonmyelinating,0.05577673763036728,26.326810836791992,9.461377543554757e-153
Dividing_Basal,Secretory_Club,0.1731673628091812,81.73558807373047,0.0
Dividing_Basal,Secretory_Goblet,0.38369932770729065,181.10739135742188,0.0
Dividing_Basal,Suprabasal,0.2877744734287262,135.83053588867188,0.0
Dividing_Basal,T_reg,0.5756469368934631,271.70733642578125,0.0
Dividing_Basal,gdT,0.5850213766098022,276.132080078125,0.0
Endothelia_Lymphatic,Endothelia_Lymphatic,0.5429975390434265,256.29669189453125,0.0
Endothelia_Lymphatic,Endothelia_vascular_Cap_a,0.38487550616264343,181.6625518798828,0.0
Endothelia_Lymphatic,Endothelia_vascular_Cap_g,0.38102251291275024,179.84393310546875,0.0
Endothelia_Lymphatic,Endothelia_vascular_arterial_pulmonary,0.40916186571121216,193.12579345703125,0.0
Endothelia_Lymphatic,Endothelia_vascular_arterial_systemic,0.3119550347328186,147.2438507080078,0.0
Endothelia_Lymphatic,Endothelia_vascular_venous_pulmonary,0.5026568174362183,237.2557373046875,0.0
Endothelia_Lymphatic,Endothelia_vascular_venous_systemic,0.4061335325241089,191.6964111328125,0.0
Endothelia_Lymphatic,Erythrocyte,0.4186749756336212,197.61602783203125,0.0
Endothelia_Lymphatic,Fibro_adventitial,0.5084717869758606,240.00042724609375,0.0
Endothelia_Lymphatic,Fibro_alveolar,0.3928294777870178,185.41685485839844,0.0
Endothelia_Lymphatic,Fibro_immune_recruiting,0.5056605339050293,238.6735076904297,0.0
Endothelia_Lymphatic,Fibro_myofibroblast,0.516819953918457,243.94078063964844,0.0
Endothelia_Lymphatic,Fibro_peribronchial,0.46551114320755005,219.7228546142578,0.0
Endothelia_Lymphatic,Fibro_perichondrial,0.33053404092788696,156.01319885253906,0.0
Endothelia_Lymphatic,ILC,0.4797220826148987,226.4304656982422,0.0
Endothelia_Lymphatic,Ionocyte_n_Brush,0.19649402797222137,92.74585723876953,0.0
Endothelia_Lymphatic,MAIT,0.452541321516037,213.60105895996094,0.0
Endothelia_Lymphatic,Macro_CHIT1,0.42576315999031067,200.961669921875,0.0
Endothelia_Lymphatic,Macro_interstitial,0.43481239676475525,205.23294067382812,0.0
Endothelia_Lymphatic,Macro_AW_CX3CR1,0.461134135723114,217.65689086914062,0.0
Endothelia_Lymphatic,Macro_alveolar_metallothioneins,0.534722626209259,252.3909149169922,0.0
Endothelia_Lymphatic,Macro_alv,0.4163723587989807,196.5291748046875,0.0
Endothelia_Lymphatic,Macro_dividing,0.4132724106311798,195.0659942626953,0.0
Endothelia_Lymphatic,Macro_int,0.46010178327560425,217.16961669921875,0.0
Endothelia_Lymphatic,Macro_CCL,0.43634843826293945,205.9579620361328,0.0
Endothelia_Lymphatic,Mast_cell,0.5394084453582764,254.60263061523438,0.0
Endothelia_Lymphatic,Megakaryocyte,0.4085850715637207,192.85354614257812,0.0
Endothelia_Lymphatic,Mesothelia,0.5177889466285706,244.3981475830078,0.0
Endothelia_Lymphatic,Macrophage_intermediate,0.4954540729522705,233.85601806640625,0.0
Endothelia_Lymphatic,Monocyte_CD14,0.4692876636981964,221.50538635253906,0.0
Endothelia_Lymphatic,Monocyte_CD16,0.49782946705818176,234.9772186279297,0.0
Endothelia_Lymphatic,Muscle_airway,0.08346769958734512,39.39704132080078,0.0
Endothelia_Lymphatic,Muscle_pericyte_airway,0.4679975211620331,220.8964385986328,0.0
Endothelia_Lymphatic,Muscle_pericyte_parenchyma,0.4292386472225189,202.60211181640625,0.0
Endothelia_Lymphatic,Muscle_perivascular_immune_recruiting,0.5183435082435608,244.659912109375,0.0
Endothelia_Lymphatic,Muscle_smooth_pulmonary,0.08457750082015991,39.92087173461914,0.0
Endothelia_Lymphatic,Muscle_smooth_syst_arterial,0.058860067278146744,27.782154083251953,7.127399251590628e-170
Endothelia_Lymphatic,Myoepithelial,0.36316561698913574,171.41542053222656,0.0
Endothelia_Lymphatic,NAF_endoneurial,0.15845686197280884,74.79218292236328,0.0
Endothelia_Lymphatic,NAF_perineurial,0.09939465671777725,46.91461944580078,0.0
Endothelia_Lymphatic,NK_CD16hi,0.4466240704059601,210.80809020996094,0.0
Endothelia_Lymphatic,NKT,0.4797765016555786,226.45614624023438,0.0
Endothelia_Lymphatic,NK_CD11d,0.4351891875267029,205.41078186035156,0.0
Endothelia_Lymphatic,NK_CD56bright,0.41436126828193665,195.57994079589844,0.0
Endothelia_Lymphatic,Neuroendocrine,0.43715745210647583,206.33981323242188,0.0
Endothelia_Lymphatic,SMG_Basal,0.2512497305870056,118.59073638916016,0.0
Endothelia_Lymphatic,SMG_Duct,0.3702429234981537,174.75592041015625,0.0
Endothelia_Lymphatic,SMG_Mucous,0.3934449553489685,185.70736694335938,0.0
Endothelia_Lymphatic,SMG_Serous,0.3674786686897278,173.45118713378906,0.0
Endothelia_Lymphatic,Schwann_Myelinating,0.38701897859573364,182.67428588867188,0.0
Endothelia_Lymphatic,Schwann_nonmyelinating,0.17953066527843475,84.73908996582031,0.0
Endothelia_Lymphatic,Secretory_Club,0.122622549533844,57.87826156616211,0.0
Endothelia_Lymphatic,Secretory_Goblet,0.24909213185310364,117.57234191894531,0.0
Endothelia_Lymphatic,Suprabasal,0.15898534655570984,75.0416259765625,0.0
Endothelia_Lymphatic,T_reg,0.4542646110057831,214.41444396972656,0.0
Endothelia_Lymphatic,gdT,0.4751870930194855,224.28993225097656,0.0
Endothelia_vascular_Cap_a,Endothelia_vascular_Cap_a,0.7171241044998169,338.48504638671875,0.0
Endothelia_vascular_Cap_a,Endothelia_vascular_Cap_g,0.7173314094543457,338.5828857421875,0.0
Endothelia_vascular_Cap_a,Endothelia_vascular_arterial_pulmonary,0.5072135329246521,239.40652465820312,0.0
Endothelia_vascular_Cap_a,Endothelia_vascular_arterial_systemic,0.16370244324207306,77.26811218261719,0.0
Endothelia_vascular_Cap_a,Endothelia_vascular_venous_pulmonary,0.4552168548107147,214.86390686035156,0.0
Endothelia_vascular_Cap_a,Endothelia_vascular_venous_systemic,0.21045918762683868,99.33745574951172,0.0
Endothelia_vascular_Cap_a,Erythrocyte,0.6806495189666748,321.2688903808594,0.0
Endothelia_vascular_Cap_a,Fibro_adventitial,0.2864803671836853,135.21971130371094,0.0
Endothelia_vascular_Cap_a,Fibro_alveolar,0.69034343957901,325.8444519042969,0.0
Endothelia_vascular_Cap_a,Fibro_immune_recruiting,0.5682138204574585,268.1988830566406,0.0
Endothelia_vascular_Cap_a,Fibro_myofibroblast,0.2133583426475525,100.70587158203125,0.0
Endothelia_vascular_Cap_a,Fibro_peribronchial,0.21495410799980164,101.45907592773438,0.0
Endothelia_vascular_Cap_a,Fibro_perichondrial,0.34032586216926575,160.63497924804688,0.0
Endothelia_vascular_Cap_a,ILC,0.6973705291748047,329.1612854003906,0.0
Endothelia_vascular_Cap_a,Ionocyte_n_Brush,0.34752652049064636,164.03370666503906,0.0
Endothelia_vascular_Cap_a,MAIT,0.7241292595863342,341.79150390625,0.0
Endothelia_vascular_Cap_a,Macro_CHIT1,0.7021891474723816,331.4356689453125,0.0
Endothelia_vascular_Cap_a,Macro_interstitial,0.7278183698654175,343.53277587890625,0.0
Endothelia_vascular_Cap_a,Macro_AW_CX3CR1,0.6882666945457458,324.8642272949219,0.0
Endothelia_vascular_Cap_a,Macro_alveolar_metallothioneins,0.6325015425682068,298.54290771484375,0.0
Endothelia_vascular_Cap_a,Macro_alv,0.7134189605712891,336.7362060546875,0.0
Endothelia_vascular_Cap_a,Macro_dividing,0.717485249042511,338.6554870605469,0.0
Endothelia_vascular_Cap_a,Macro_int,0.6897231340408325,325.5516662597656,0.0
Endothelia_vascular_Cap_a,Macro_CCL,0.7237247228622437,341.6005554199219,0.0
Endothelia_vascular_Cap_a,Mast_cell,0.6095695495605469,287.7189025878906,0.0
Endothelia_vascular_Cap_a,Megakaryocyte,0.6239142417907715,294.4896545410156,0.0
Endothelia_vascular_Cap_a,Mesothelia,0.5730768442153931,270.4942321777344,0.0
Endothelia_vascular_Cap_a,Macrophage_intermediate,0.6955382823944092,328.29644775390625,0.0
Endothelia_vascular_Cap_a,Monocyte_CD14,0.7107770442962646,335.48919677734375,0.0
Endothelia_vascular_Cap_a,Monocyte_CD16,0.7116298079490662,335.8916931152344,0.0
Endothelia_vascular_Cap_a,Muscle_airway,-0.20689880847930908,-97.65694427490234,0.0
Endothelia_vascular_Cap_a,Muscle_pericyte_airway,0.2964245080947876,139.9133758544922,0.0
Endothelia_vascular_Cap_a,Muscle_pericyte_parenchyma,0.7147341966629028,337.35699462890625,0.0
Endothelia_vascular_Cap_a,Muscle_perivascular_immune_recruiting,0.5486156940460205,258.948486328125,0.0
Endothelia_vascular_Cap_a,Muscle_smooth_pulmonary,-0.21272359788417816,-100.40626525878906,0.0
Endothelia_vascular_Cap_a,Muscle_smooth_syst_arterial,-0.22116367518901825,-104.3900146484375,0.0
Endothelia_vascular_Cap_a,Myoepithelial,0.5770130157470703,272.35211181640625,0.0
Endothelia_vascular_Cap_a,NAF_endoneurial,-0.035203613340854645,-16.616226196289062,5.317634409220145e-62
Endothelia_vascular_Cap_a,NAF_perineurial,-0.18523851037025452,-87.43321228027344,0.0
Endothelia_vascular_Cap_a,NK_CD16hi,0.7239493131637573,341.70654296875,0.0
Endothelia_vascular_Cap_a,NKT,0.7213382124900818,340.4740905761719,0.0
Endothelia_vascular_Cap_a,NK_CD11d,0.7167363166809082,338.302001953125,0.0
Endothelia_vascular_Cap_a,NK_CD56bright,0.7088786959648132,334.5931701660156,0.0
Endothelia_vascular_Cap_a,Neuroendocrine,0.5834091305732727,275.37109375,0.0
Endothelia_vascular_Cap_a,SMG_Basal,0.34642747044563293,163.51495361328125,0.0
Endothelia_vascular_Cap_a,SMG_Duct,0.5485592484474182,258.9218444824219,0.0
Endothelia_vascular_Cap_a,SMG_Mucous,0.5987799763679504,282.6261901855469,0.0
Endothelia_vascular_Cap_a,SMG_Serous,0.5537564158439636,261.3749084472656,0.0
Endothelia_vascular_Cap_a,Schwann_Myelinating,0.5136191248893738,242.4299774169922,0.0
Endothelia_vascular_Cap_a,Schwann_nonmyelinating,-0.048382069915533066,-22.836502075195312,1.9903533480926362e-115
Endothelia_vascular_Cap_a,Secretory_Club,0.1887463480234146,89.08892059326172,0.0
Endothelia_vascular_Cap_a,Secretory_Goblet,0.39198780059814453,185.0195770263672,0.0
Endothelia_vascular_Cap_a,Suprabasal,0.24777553975582123,116.9509048461914,0.0
Endothelia_vascular_Cap_a,T_reg,0.7099243402481079,335.08673095703125,0.0
Endothelia_vascular_Cap_a,gdT,0.7082605957984924,334.3014221191406,0.0
Endothelia_vascular_Cap_g,Endothelia_vascular_Cap_g,0.7185717821121216,339.1683349609375,0.0
Endothelia_vascular_Cap_g,Endothelia_vascular_arterial_pulmonary,0.5013319849967957,236.6304168701172,0.0
Endothelia_vascular_Cap_g,Endothelia_vascular_arterial_systemic,0.14995674788951874,70.78009796142578,0.0
Endothelia_vascular_Cap_g,Endothelia_vascular_venous_pulmonary,0.45131853222846985,213.02389526367188,0.0
Endothelia_vascular_Cap_g,Endothelia_vascular_venous_systemic,0.2061980962753296,97.32621002197266,0.0
Endothelia_vascular_Cap_g,Erythrocyte,0.6783897280693054,320.2022705078125,0.0
Endothelia_vascular_Cap_g,Fibro_adventitial,0.28321465849876404,133.67828369140625,0.0
Endothelia_vascular_Cap_g,Fibro_alveolar,0.6887810230255127,325.10699462890625,0.0
Endothelia_vascular_Cap_g,Fibro_immune_recruiting,0.5732974410057068,270.5983581542969,0.0
Endothelia_vascular_Cap_g,Fibro_myofibroblast,0.2060195803642273,97.241943359375,0.0
Endothelia_vascular_Cap_g,Fibro_peribronchial,0.20482459664344788,96.67790985107422,0.0
Endothelia_vascular_Cap_g,Fibro_perichondrial,0.3421708047389984,161.50579833984375,0.0
Endothelia_vascular_Cap_g,ILC,0.6978933215141296,329.4080505371094,0.0
Endothelia_vascular_Cap_g,Ionocyte_n_Brush,0.34866562485694885,164.5713653564453,0.0
Endothelia_vascular_Cap_g,MAIT,0.7251263856887817,342.26214599609375,0.0
Endothelia_vascular_Cap_g,Macro_CHIT1,0.7034367918968201,332.0245666503906,0.0
Endothelia_vascular_Cap_g,Macro_interstitial,0.7293736338615417,344.266845703125,0.0
Endothelia_vascular_Cap_g,Macro_AW_CX3CR1,0.6902415752410889,325.79638671875,0.0
Endothelia_vascular_Cap_g,Macro_alveolar_metallothioneins,0.6317782998085022,298.2015075683594,0.0
Endothelia_vascular_Cap_g,Macro_alv,0.7136768102645874,336.85791015625,0.0
Endothelia_vascular_Cap_g,Macro_dividing,0.7185577750205994,339.1617431640625,0.0
Endothelia_vascular_Cap_g,Macro_int,0.692939817905426,327.0699768066406,0.0
Endothelia_vascular_Cap_g,Macro_CCL,0.7255410552024841,342.4578552246094,0.0
Endothelia_vascular_Cap_g,Mast_cell,0.6057827472686768,285.9315185546875,0.0
Endothelia_vascular_Cap_g,Megakaryocyte,0.6270018815994263,295.947021484375,0.0
Endothelia_vascular_Cap_g,Mesothelia,0.5775399208068848,272.600830078125,0.0
Endothelia_vascular_Cap_g,Macrophage_intermediate,0.6977598071098328,329.34503173828125,0.0
Endothelia_vascular_Cap_g,Monocyte_CD14,0.7116379141807556,335.8955383300781,0.0
Endothelia_vascular_Cap_g,Monocyte_CD16,0.7131440043449402,336.6064147949219,0.0
Endothelia_vascular_Cap_g,Muscle_airway,-0.21830813586711884,-103.04219055175781,0.0
Endothelia_vascular_Cap_g,Muscle_pericyte_airway,0.2941519021987915,138.8406982421875,0.0
Endothelia_vascular_Cap_g,Muscle_pericyte_parenchyma,0.7146164178848267,337.3013916015625,0.0
Endothelia_vascular_Cap_g,Muscle_perivascular_immune_recruiting,0.5513039827346802,260.2173767089844,0.0
Endothelia_vascular_Cap_g,Muscle_smooth_pulmonary,-0.2262062132358551,-106.77010345458984,0.0
Endothelia_vascular_Cap_g,Muscle_smooth_syst_arterial,-0.23448576033115387,-110.6780776977539,0.0
Endothelia_vascular_Cap_g,Myoepithelial,0.5842603445053101,275.77288818359375,0.0
Endothelia_vascular_Cap_g,NAF_endoneurial,-0.044204872101545334,-20.864850997924805,1.1174217454188316e-96
Endothelia_vascular_Cap_g,NAF_perineurial,-0.19754940271377563,-93.2439956665039,0.0
Endothelia_vascular_Cap_g,NK_CD16hi,0.7258493900299072,342.6033935546875,0.0
Endothelia_vascular_Cap_g,NKT,0.722225546836853,340.8929443359375,0.0
Endothelia_vascular_Cap_g,NK_CD11d,0.7193300127983093,339.5262145996094,0.0
Endothelia_vascular_Cap_g,NK_CD56bright,0.7113475799560547,335.75848388671875,0.0
Endothelia_vascular_Cap_g,Neuroendocrine,0.5864266753196716,276.79541015625,0.0
Endothelia_vascular_Cap_g,SMG_Basal,0.34874412417411804,164.60841369628906,0.0
Endothelia_vascular_Cap_g,SMG_Duct,0.5561228394508362,262.49188232421875,0.0
Endothelia_vascular_Cap_g,SMG_Mucous,0.6039541959762573,285.0684509277344,0.0
Endothelia_vascular_Cap_g,SMG_Serous,0.5613605380058289,264.9640808105469,0.0
Endothelia_vascular_Cap_g,Schwann_Myelinating,0.5158956050872803,243.50448608398438,0.0
Endothelia_vascular_Cap_g,Schwann_nonmyelinating,-0.06060043349862099,-28.603612899780273,6.058355287626776e-180
Endothelia_vascular_Cap_g,Secretory_Club,0.18802805244922638,88.74988555908203,0.0
Endothelia_vascular_Cap_g,Secretory_Goblet,0.39297088980674744,185.48361206054688,0.0
Endothelia_vascular_Cap_g,Suprabasal,0.24842949211597443,117.25956726074219,0.0
Endothelia_vascular_Cap_g,T_reg,0.710377037525177,335.3003845214844,0.0
Endothelia_vascular_Cap_g,gdT,0.7088034749031067,334.55767822265625,0.0
Endothelia_vascular_arterial_pulmonary,Endothelia_vascular_arterial_pulmonary,0.523711621761322,247.1936798095703,0.0
Endothelia_vascular_arterial_pulmonary,Endothelia_vascular_arterial_systemic,0.37987980246543884,179.3045654296875,0.0
Endothelia_vascular_arterial_pulmonary,Endothelia_vascular_venous_pulmonary,0.46707236766815186,220.4597625732422,0.0
Endothelia_vascular_arterial_pulmonary,Endothelia_vascular_venous_systemic,0.2822573482990265,133.2264404296875,0.0
Endothelia_vascular_arterial_pulmonary,Erythrocyte,0.5481992959976196,258.751953125,0.0
Endothelia_vascular_arterial_pulmonary,Fibro_adventitial,0.3213738799095154,151.6895751953125,0.0
Endothelia_vascular_arterial_pulmonary,Fibro_alveolar,0.5059991478919983,238.8333282470703,0.0
Endothelia_vascular_arterial_pulmonary,Fibro_immune_recruiting,0.4423808157444,208.8052520751953,0.0
Endothelia_vascular_arterial_pulmonary,Fibro_myofibroblast,0.29589560627937317,139.6637420654297,0.0
Endothelia_vascular_arterial_pulmonary,Fibro_peribronchial,0.3864295482635498,182.3960723876953,0.0
Endothelia_vascular_arterial_pulmonary,Fibro_perichondrial,0.31118065118789673,146.87832641601562,0.0
Endothelia_vascular_arterial_pulmonary,ILC,0.55195152759552,260.52301025390625,0.0
Endothelia_vascular_arterial_pulmonary,Ionocyte_n_Brush,0.2534210979938507,119.6156234741211,0.0
Endothelia_vascular_arterial_pulmonary,MAIT,0.5425516963005066,256.08624267578125,0.0
Endothelia_vascular_arterial_pulmonary,Macro_CHIT1,0.5011501312255859,236.54457092285156,0.0
Endothelia_vascular_arterial_pulmonary,Macro_interstitial,0.5186972618103027,244.82688903808594,0.0
Endothelia_vascular_arterial_pulmonary,Macro_AW_CX3CR1,0.5104562640190125,240.93710327148438,0.0
Endothelia_vascular_arterial_pulmonary,Macro_alveolar_metallothioneins,0.5256903767585754,248.12765502929688,0.0
Endothelia_vascular_arterial_pulmonary,Macro_alv,0.5217570066452026,246.27108764648438,0.0
Endothelia_vascular_arterial_pulmonary,Macro_dividing,0.5111932158470154,241.28494262695312,0.0
Endothelia_vascular_arterial_pulmonary,Macro_int,0.48345625400543213,228.19300842285156,0.0
Endothelia_vascular_arterial_pulmonary,Macro_CCL,0.520178496837616,245.52603149414062,0.0
Endothelia_vascular_arterial_pulmonary,Mast_cell,0.5409842729568481,255.346435546875,0.0
Endothelia_vascular_arterial_pulmonary,Megakaryocyte,0.4955614507198334,233.90670776367188,0.0
Endothelia_vascular_arterial_pulmonary,Mesothelia,0.4390381872653961,207.22752380371094,0.0
Endothelia_vascular_arterial_pulmonary,Macrophage_intermediate,0.5264953374862671,248.50759887695312,0.0
Endothelia_vascular_arterial_pulmonary,Monocyte_CD14,0.518849790096283,244.8988800048828,0.0
Endothelia_vascular_arterial_pulmonary,Monocyte_CD16,0.5350138545036316,252.5283660888672,0.0
Endothelia_vascular_arterial_pulmonary,Muscle_airway,0.07125827670097351,33.634151458740234,5.316501870091918e-248
Endothelia_vascular_arterial_pulmonary,Muscle_pericyte_airway,0.31130027770996094,146.93479919433594,0.0
Endothelia_vascular_arterial_pulmonary,Muscle_pericyte_parenchyma,0.5320124626159668,251.11170959472656,0.0
Endothelia_vascular_arterial_pulmonary,Muscle_perivascular_immune_recruiting,0.47073766589164734,222.18978881835938,0.0
Endothelia_vascular_arterial_pulmonary,Muscle_smooth_pulmonary,0.06504208594560623,30.70008659362793,5.676533688239885e-207
Endothelia_vascular_arterial_pulmonary,Muscle_smooth_syst_arterial,0.05469279736280441,25.815187454223633,5.988300990025436e-147
Endothelia_vascular_arterial_pulmonary,Myoepithelial,0.40876293182373047,192.9375,0.0
Endothelia_vascular_arterial_pulmonary,NAF_endoneurial,0.18512827157974243,87.38117980957031,0.0
Endothelia_vascular_arterial_pulmonary,NAF_perineurial,0.08245879411697388,38.920833587646484,0.0
Endothelia_vascular_arterial_pulmonary,NK_CD16hi,0.5396590828895569,254.72093200683594,0.0
Endothelia_vascular_arterial_pulmonary,NKT,0.5472103357315063,258.28515625,0.0
Endothelia_vascular_arterial_pulmonary,NK_CD11d,0.5281754732131958,249.30062866210938,0.0
Endothelia_vascular_arterial_pulmonary,NK_CD56bright,0.5176963210105896,244.35443115234375,0.0
Endothelia_vascular_arterial_pulmonary,Neuroendocrine,0.49786677956581116,234.9948272705078,0.0
Endothelia_vascular_arterial_pulmonary,SMG_Basal,0.2871619462966919,135.5414276123047,0.0
Endothelia_vascular_arterial_pulmonary,SMG_Duct,0.37738239765167236,178.1257781982422,0.0
Endothelia_vascular_arterial_pulmonary,SMG_Mucous,0.43192818760871887,203.87158203125,0.0
Endothelia_vascular_arterial_pulmonary,SMG_Serous,0.3861628472805023,182.2701873779297,0.0
Endothelia_vascular_arterial_pulmonary,Schwann_Myelinating,0.4481636583805084,211.53477478027344,0.0
Endothelia_vascular_arterial_pulmonary,Schwann_nonmyelinating,0.18859629333019257,89.01809692382812,0.0
Endothelia_vascular_arterial_pulmonary,Secretory_Club,0.14188341796398163,66.9694595336914,0.0
Endothelia_vascular_arterial_pulmonary,Secretory_Goblet,0.31438693404197693,148.39170837402344,0.0
Endothelia_vascular_arterial_pulmonary,Suprabasal,0.21406616270542145,101.03996276855469,0.0
Endothelia_vascular_arterial_pulmonary,T_reg,0.5468106865882874,258.0965270996094,0.0
Endothelia_vascular_arterial_pulmonary,gdT,0.5544649362564087,261.7093505859375,0.0
Endothelia_vascular_arterial_systemic,Endothelia_vascular_arterial_systemic,0.4912334680557251,231.86387634277344,0.0
Endothelia_vascular_arterial_systemic,Endothelia_vascular_venous_pulmonary,0.34298843145370483,161.89170837402344,0.0
Endothelia_vascular_arterial_systemic,Endothelia_vascular_venous_systemic,0.2734943926334381,129.0902862548828,0.0
Endothelia_vascular_arterial_systemic,Erythrocyte,0.2686116099357605,126.78559875488281,0.0
Endothelia_vascular_arterial_systemic,Fibro_adventitial,0.2748261094093323,129.71885681152344,0.0
Endothelia_vascular_arterial_systemic,Fibro_alveolar,0.19100028276443481,90.15278625488281,0.0
Endothelia_vascular_arterial_systemic,Fibro_immune_recruiting,0.18273527920246124,86.25167846679688,0.0
Endothelia_vascular_arterial_systemic,Fibro_myofibroblast,0.31555935740470886,148.94509887695312,0.0
Endothelia_vascular_arterial_systemic,Fibro_peribronchial,0.43699103593826294,206.26126098632812,0.0
Endothelia_vascular_arterial_systemic,Fibro_perichondrial,0.17772206664085388,83.88542175292969,0.0
Endothelia_vascular_arterial_systemic,ILC,0.2495778352022171,117.80158996582031,0.0
Endothelia_vascular_arterial_systemic,Ionocyte_n_Brush,0.08988355100154877,42.42534255981445,0.0
Endothelia_vascular_arterial_systemic,MAIT,0.21033568680286407,99.27916717529297,0.0
Endothelia_vascular_arterial_systemic,Macro_CHIT1,0.16918812692165375,79.85737609863281,0.0
Endothelia_vascular_arterial_systemic,Macro_interstitial,0.1717100590467453,81.04773712158203,0.0
Endothelia_vascular_arterial_systemic,Macro_AW_CX3CR1,0.198643758893013,93.76053619384766,0.0
Endothelia_vascular_arterial_systemic,Macro_alveolar_metallothioneins,0.2787448763847351,131.56854248046875,0.0
Endothelia_vascular_arterial_systemic,Macro_alv,0.18743115663528442,88.46814727783203,0.0
Endothelia_vascular_arterial_systemic,Macro_dividing,0.16816756129264832,79.37566375732422,0.0
Endothelia_vascular_arterial_systemic,Macro_int,0.1487283557653427,70.2002944946289,0.0
Endothelia_vascular_arterial_systemic,Macro_CCL,0.17587119340896606,83.01180267333984,0.0
Endothelia_vascular_arterial_systemic,Mast_cell,0.32293447852134705,152.42617797851562,0.0
Endothelia_vascular_arterial_systemic,Megakaryocyte,0.20953677594661713,98.9020767211914,0.0
Endothelia_vascular_arterial_systemic,Mesothelia,0.1817876249551773,85.80438232421875,0.0
Endothelia_vascular_arterial_systemic,Macrophage_intermediate,0.21029095351696014,99.25804901123047,0.0
Endothelia_vascular_arterial_systemic,Monocyte_CD14,0.18895477056503296,89.18730163574219,0.0
Endothelia_vascular_arterial_systemic,Monocyte_CD16,0.21123088896274567,99.70170593261719,0.0
Endothelia_vascular_arterial_systemic,Muscle_airway,0.3185320198535919,150.34820556640625,0.0
Endothelia_vascular_arterial_systemic,Muscle_pericyte_airway,0.24551546573638916,115.88414001464844,0.0
Endothelia_vascular_arterial_systemic,Muscle_pericyte_parenchyma,0.20502182841300964,96.77100372314453,0.0
Endothelia_vascular_arterial_systemic,Muscle_perivascular_immune_recruiting,0.2489393651485443,117.50022888183594,0.0
Endothelia_vascular_arterial_systemic,Muscle_smooth_pulmonary,0.33678025007247925,158.96142578125,0.0
Endothelia_vascular_arterial_systemic,Muscle_smooth_syst_arterial,0.330125629901886,155.8204345703125,0.0
Endothelia_vascular_arterial_systemic,Myoepithelial,0.1110188439488411,52.401275634765625,0.0
Endothelia_vascular_arterial_systemic,NAF_endoneurial,0.33558982610702515,158.39955139160156,0.0
Endothelia_vascular_arterial_systemic,NAF_perineurial,0.3254472315311432,153.61221313476562,0.0
Endothelia_vascular_arterial_systemic,NK_CD16hi,0.20349593460559845,96.05078125,0.0
Endothelia_vascular_arterial_systemic,NKT,0.2218061089515686,104.69324493408203,0.0
Endothelia_vascular_arterial_systemic,NK_CD11d,0.1898471713066101,89.60851287841797,0.0
Endothelia_vascular_arterial_systemic,NK_CD56bright,0.17960821092128754,84.77568817138672,0.0
Endothelia_vascular_arterial_systemic,Neuroendocrine,0.2471466213464737,116.654052734375,0.0
Endothelia_vascular_arterial_systemic,SMG_Basal,0.1403481662273407,66.24481201171875,0.0
Endothelia_vascular_arterial_systemic,SMG_Duct,0.09811335057020187,46.309837341308594,0.0
Endothelia_vascular_arterial_systemic,SMG_Mucous,0.14066538214683533,66.39453887939453,0.0
Endothelia_vascular_arterial_systemic,SMG_Serous,0.1039288118481636,49.05475616455078,0.0
Endothelia_vascular_arterial_systemic,Schwann_Myelinating,0.23654557764530182,111.65032196044922,0.0
Endothelia_vascular_arterial_systemic,Schwann_nonmyelinating,0.3748485743999481,176.9298095703125,0.0
Endothelia_vascular_arterial_systemic,Secretory_Club,0.07031778991222382,33.19023895263672,1.4889536738440132e-241
Endothelia_vascular_arterial_systemic,Secretory_Goblet,0.142687126994133,67.34881591796875,0.0
Endothelia_vascular_arterial_systemic,Suprabasal,0.10811027884483337,51.02842330932617,0.0
Endothelia_vascular_arterial_systemic,T_reg,0.23037117719650269,108.7359848022461,0.0
Endothelia_vascular_arterial_systemic,gdT,0.24397175014019012,115.15550231933594,0.0
Endothelia_vascular_venous_pulmonary,Endothelia_vascular_venous_pulmonary,0.5105634331703186,240.98768615722656,0.0
Endothelia_vascular_venous_pulmonary,Endothelia_vascular_venous_systemic,0.3756479024887085,177.30709838867188,0.0
Endothelia_vascular_venous_pulmonary,Erythrocyte,0.49546629190444946,233.86178588867188,0.0
Endothelia_vascular_venous_pulmonary,Fibro_adventitial,0.4585592746734619,216.44154357910156,0.0
Endothelia_vascular_venous_pulmonary,Fibro_alveolar,0.45520567893981934,214.858642578125,0.0
Endothelia_vascular_venous_pulmonary,Fibro_immune_recruiting,0.5176284313201904,244.3223876953125,0.0
Endothelia_vascular_venous_pulmonary,Fibro_myofibroblast,0.44494926929473877,210.017578125,0.0
Endothelia_vascular_venous_pulmonary,Fibro_peribronchial,0.44056761264801025,207.9494171142578,0.0
Endothelia_vascular_venous_pulmonary,Fibro_perichondrial,0.3348325490951538,158.0421142578125,0.0
Endothelia_vascular_venous_pulmonary,ILC,0.5385158658027649,254.18133544921875,0.0
Endothelia_vascular_venous_pulmonary,Ionocyte_n_Brush,0.24337056279182434,114.87174224853516,0.0
Endothelia_vascular_venous_pulmonary,MAIT,0.5160675048828125,243.58563232421875,0.0
Endothelia_vascular_venous_pulmonary,Macro_CHIT1,0.4826987087726593,227.83544921875,0.0
Endothelia_vascular_venous_pulmonary,Macro_interstitial,0.49698972702026367,234.5808563232422,0.0
Endothelia_vascular_venous_pulmonary,Macro_AW_CX3CR1,0.5189104080200195,244.927490234375,0.0
Endothelia_vascular_venous_pulmonary,Macro_alveolar_metallothioneins,0.5626850128173828,265.5892639160156,0.0
Endothelia_vascular_venous_pulmonary,Macro_alv,0.48170554637908936,227.36666870117188,0.0
Endothelia_vascular_venous_pulmonary,Macro_dividing,0.4797340929508209,226.43612670898438,0.0
Endothelia_vascular_venous_pulmonary,Macro_int,0.5005310773849487,236.25238037109375,0.0
Endothelia_vascular_venous_pulmonary,Macro_CCL,0.4987901449203491,235.43064880371094,0.0
Endothelia_vascular_venous_pulmonary,Mast_cell,0.56199711561203,265.2645568847656,0.0
Endothelia_vascular_venous_pulmonary,Megakaryocyte,0.4755384624004364,224.45578002929688,0.0
Endothelia_vascular_venous_pulmonary,Mesothelia,0.5251888632774353,247.8909454345703,0.0
Endothelia_vascular_venous_pulmonary,Macrophage_intermediate,0.5407422780990601,255.23220825195312,0.0
Endothelia_vascular_venous_pulmonary,Monocyte_CD14,0.5156710147857666,243.3984832763672,0.0
Endothelia_vascular_venous_pulmonary,Monocyte_CD16,0.5430968999862671,256.3435974121094,0.0
Endothelia_vascular_venous_pulmonary,Muscle_airway,0.06927293539047241,32.69706344604492,1.7193098303867433e-234
Endothelia_vascular_venous_pulmonary,Muscle_pericyte_airway,0.428466796875,202.23779296875,0.0
Endothelia_vascular_venous_pulmonary,Muscle_pericyte_parenchyma,0.4920463263988495,232.24754333496094,0.0
Endothelia_vascular_venous_pulmonary,Muscle_perivascular_immune_recruiting,0.5333287119865417,251.73297119140625,0.0
Endothelia_vascular_venous_pulmonary,Muscle_smooth_pulmonary,0.0705929696559906,33.32012176513672,1.974013651895689e-243
Endothelia_vascular_venous_pulmonary,Muscle_smooth_syst_arterial,0.05173156037926674,24.41747283935547,1.1156047624293873e-131
Endothelia_vascular_venous_pulmonary,Myoepithelial,0.42112621665000916,198.77301025390625,0.0
Endothelia_vascular_venous_pulmonary,NAF_endoneurial,0.16701039671897888,78.82947540283203,0.0
Endothelia_vascular_venous_pulmonary,NAF_perineurial,0.08462342619895935,39.94254684448242,0.0
Endothelia_vascular_venous_pulmonary,NK_CD16hi,0.5143117308616638,242.75689697265625,0.0
Endothelia_vascular_venous_pulmonary,NKT,0.5350562930107117,252.54840087890625,0.0
Endothelia_vascular_venous_pulmonary,NK_CD11d,0.504763662815094,238.25018310546875,0.0
Endothelia_vascular_venous_pulmonary,NK_CD56bright,0.48702704906463623,229.87843322753906,0.0
Endothelia_vascular_venous_pulmonary,Neuroendocrine,0.4940339922904968,233.18572998046875,0.0
Endothelia_vascular_venous_pulmonary,SMG_Basal,0.30523061752319336,144.0699005126953,0.0
Endothelia_vascular_venous_pulmonary,SMG_Duct,0.4206942021846771,198.56910705566406,0.0
Endothelia_vascular_venous_pulmonary,SMG_Mucous,0.45034563541412354,212.56468200683594,0.0
Endothelia_vascular_venous_pulmonary,SMG_Serous,0.4212552607059479,198.83392333984375,0.0
Endothelia_vascular_venous_pulmonary,Schwann_Myelinating,0.44413548707962036,209.6334686279297,0.0
Endothelia_vascular_venous_pulmonary,Schwann_nonmyelinating,0.18473348021507263,87.19483184814453,0.0
Endothelia_vascular_venous_pulmonary,Secretory_Club,0.15020814538002014,70.89875793457031,0.0
Endothelia_vascular_venous_pulmonary,Secretory_Goblet,0.30020663142204285,141.6985626220703,0.0
Endothelia_vascular_venous_pulmonary,Suprabasal,0.20195505023002625,95.32347869873047,0.0
Endothelia_vascular_venous_pulmonary,T_reg,0.5190383791923523,244.98788452148438,0.0
Endothelia_vascular_venous_pulmonary,gdT,0.5362173318862915,253.09642028808594,0.0
Endothelia_vascular_venous_systemic,Endothelia_vascular_venous_systemic,0.36380913853645325,171.7191619873047,0.0
Endothelia_vascular_venous_systemic,Erythrocyte,0.2561438977718353,120.90079498291016,0.0
Endothelia_vascular_venous_systemic,Fibro_adventitial,0.4081924855709076,192.66824340820312,0.0
Endothelia_vascular_venous_systemic,Fibro_alveolar,0.21601833403110504,101.96139526367188,0.0
Endothelia_vascular_venous_systemic,Fibro_immune_recruiting,0.35624217987060547,168.14752197265625,0.0
Endothelia_vascular_venous_systemic,Fibro_myofibroblast,0.4217856228351593,199.08425903320312,0.0
Endothelia_vascular_venous_systemic,Fibro_peribronchial,0.3658640682697296,172.6890869140625,0.0
Endothelia_vascular_venous_systemic,Fibro_perichondrial,0.22864019870758057,107.91895294189453,0.0
Endothelia_vascular_venous_systemic,ILC,0.30461210012435913,143.7779541015625,0.0
Endothelia_vascular_venous_systemic,Ionocyte_n_Brush,0.13428351283073425,63.38227844238281,0.0
Endothelia_vascular_venous_systemic,MAIT,0.27239295840263367,128.57040405273438,0.0
Endothelia_vascular_venous_systemic,Macro_CHIT1,0.25688913464546204,121.25254821777344,0.0
Endothelia_vascular_venous_systemic,Macro_interstitial,0.26112544536590576,123.25210571289062,0.0
Endothelia_vascular_venous_systemic,Macro_AW_CX3CR1,0.3013967275619507,142.26028442382812,0.0
Endothelia_vascular_venous_systemic,Macro_alveolar_metallothioneins,0.3712308406829834,175.22222900390625,0.0
Endothelia_vascular_venous_systemic,Macro_alv,0.24277806282043457,114.59207916259766,0.0
Endothelia_vascular_venous_systemic,Macro_dividing,0.2435937076807022,114.97706604003906,0.0
Endothelia_vascular_venous_systemic,Macro_int,0.29032376408576965,137.0338134765625,0.0
Endothelia_vascular_venous_systemic,Macro_CCL,0.2615777254104614,123.46558380126953,0.0
Endothelia_vascular_venous_systemic,Mast_cell,0.36425548791885376,171.92984008789062,0.0
Endothelia_vascular_venous_systemic,Megakaryocyte,0.2584841847419739,122.00541687011719,0.0
Endothelia_vascular_venous_systemic,Mesothelia,0.36967673897743225,174.4886932373047,0.0
Endothelia_vascular_venous_systemic,Macrophage_intermediate,0.32147520780563354,151.73739624023438,0.0
Endothelia_vascular_venous_systemic,Monocyte_CD14,0.2891744077205658,136.49131774902344,0.0
Endothelia_vascular_venous_systemic,Monocyte_CD16,0.31759050488471985,149.90380859375,0.0
Endothelia_vascular_venous_systemic,Muscle_airway,0.10859543085098267,51.257415771484375,0.0
Endothelia_vascular_venous_systemic,Muscle_pericyte_airway,0.3742876648902893,176.66505432128906,0.0
Endothelia_vascular_venous_systemic,Muscle_pericyte_parenchyma,0.24702869355678558,116.598388671875,0.0
Endothelia_vascular_venous_systemic,Muscle_perivascular_immune_recruiting,0.3754960894584656,177.23544311523438,0.0
Endothelia_vascular_venous_systemic,Muscle_smooth_pulmonary,0.1258459985256195,59.399742126464844,0.0
Endothelia_vascular_venous_systemic,Muscle_smooth_syst_arterial,0.11073341220617294,52.26654815673828,0.0
Endothelia_vascular_venous_systemic,Myoepithelial,0.24077631533145905,113.64724731445312,0.0
Endothelia_vascular_venous_systemic,NAF_endoneurial,0.15087243914604187,71.21231079101562,0.0
Endothelia_vascular_venous_systemic,NAF_perineurial,0.12810423970222473,60.465641021728516,0.0
Endothelia_vascular_venous_systemic,NK_CD16hi,0.27103495597839355,127.92942810058594,0.0
Endothelia_vascular_venous_systemic,NKT,0.29757511615753174,140.4564666748047,0.0
Endothelia_vascular_venous_systemic,NK_CD11d,0.2648770809173584,125.02288818359375,0.0
Endothelia_vascular_venous_systemic,NK_CD56bright,0.24683846533298492,116.50859832763672,0.0
Endothelia_vascular_venous_systemic,Neuroendocrine,0.29199129343032837,137.82089233398438,0.0
Endothelia_vascular_venous_systemic,SMG_Basal,0.20025689899921417,94.52194213867188,0.0
Endothelia_vascular_venous_systemic,SMG_Duct,0.26165279746055603,123.50101470947266,0.0
Endothelia_vascular_venous_systemic,SMG_Mucous,0.2746588885784149,129.6399383544922,0.0
Endothelia_vascular_venous_systemic,SMG_Serous,0.26053309440612793,122.9725112915039,0.0
Endothelia_vascular_venous_systemic,Schwann_Myelinating,0.2675808072090149,126.29905700683594,0.0
Endothelia_vascular_venous_systemic,Schwann_nonmyelinating,0.1766097992658615,83.36042785644531,0.0
Endothelia_vascular_venous_systemic,Secretory_Club,0.09059164673089981,42.75956726074219,0.0
Endothelia_vascular_venous_systemic,Secretory_Goblet,0.16453614830970764,77.66162872314453,0.0
Endothelia_vascular_venous_systemic,Suprabasal,0.12520496547222137,59.097171783447266,0.0
Endothelia_vascular_venous_systemic,T_reg,0.2780892252922058,131.25906372070312,0.0
Endothelia_vascular_venous_systemic,gdT,0.2976468801498413,140.49034118652344,0.0
Erythrocyte,Erythrocyte,0.687317430973053,324.4161682128906,0.0
Erythrocyte,Fibro_adventitial,0.3318001329898834,156.6107940673828,0.0
Erythrocyte,Fibro_alveolar,0.6603671312332153,311.695556640625,0.0
Erythrocyte,Fibro_immune_recruiting,0.5719050168991089,269.9411315917969,0.0
Erythrocyte,Fibro_myofibroblast,0.26478660106658936,124.98017883300781,0.0
Erythrocyte,Fibro_peribronchial,0.29448097944259644,138.99603271484375,0.0
Erythrocyte,Fibro_perichondrial,0.3477836549282074,164.1550750732422,0.0
Erythrocyte,ILC,0.6968144774436951,328.8988037109375,0.0
Erythrocyte,Ionocyte_n_Brush,0.3428634703159332,161.83273315429688,0.0
Erythrocyte,MAIT,0.7077688574790955,334.0693359375,0.0
Erythrocyte,Macro_CHIT1,0.6761934757232666,319.1656494140625,0.0
Erythrocyte,Macro_interstitial,0.7014964818954468,331.1087341308594,0.0
Erythrocyte,Macro_AW_CX3CR1,0.6815076470375061,321.6739501953125,0.0
Erythrocyte,Macro_alveolar_metallothioneins,0.647282063961029,305.51934814453125,0.0
Erythrocyte,Macro_alv,0.6897306442260742,325.55523681640625,0.0
Erythrocyte,Macro_dividing,0.6922453045845032,326.7421569824219,0.0
Erythrocyte,Macro_int,0.6658955216407776,314.3049621582031,0.0
Erythrocyte,Macro_CCL,0.6995624303817749,330.19586181640625,0.0
Erythrocyte,Mast_cell,0.6276167631149292,296.2372741699219,0.0
Erythrocyte,Megakaryocyte,0.628123939037323,296.4766540527344,0.0
Erythrocyte,Mesothelia,0.5786675810813904,273.1330871582031,0.0
Erythrocyte,Macrophage_intermediate,0.6871530413627625,324.3385925292969,0.0
Erythrocyte,Monocyte_CD14,0.6889325976371765,325.1785583496094,0.0
Erythrocyte,Monocyte_CD16,0.6981144547462463,329.5124206542969,0.0
Erythrocyte,Muscle_airway,-0.10420523583889008,-49.18522644042969,0.0
Erythrocyte,Muscle_pericyte_airway,0.33259153366088867,156.98434448242188,0.0
Erythrocyte,Muscle_pericyte_parenchyma,0.6895312070846558,325.4610900878906,0.0
Erythrocyte,Muscle_perivascular_immune_recruiting,0.5694871544837952,268.7998962402344,0.0
Erythrocyte,Muscle_smooth_pulmonary,-0.1040794849395752,-49.12587356567383,0.0
Erythrocyte,Muscle_smooth_syst_arterial,-0.11054157465696335,-52.176002502441406,0.0
Erythrocyte,Myoepithelial,0.568590521812439,268.3766784667969,0.0
Erythrocyte,NAF_endoneurial,0.061024803668260574,28.803916931152344,1.9158611478370745e-182
Erythrocyte,NAF_perineurial,-0.0839785635471344,-39.63816833496094,0.0
Erythrocyte,NK_CD16hi,0.7084922194480896,334.4107666015625,0.0
Erythrocyte,NKT,0.7082964181900024,334.3183288574219,0.0
Erythrocyte,NK_CD11d,0.7004651427268982,330.6219482421875,0.0
Erythrocyte,NK_CD56bright,0.6903542280197144,325.84954833984375,0.0
Erythrocyte,Neuroendocrine,0.6031334400177002,284.6810607910156,0.0
Erythrocyte,SMG_Basal,0.3782765865325928,178.54783630371094,0.0
Erythrocyte,SMG_Duct,0.5449843406677246,257.2344665527344,0.0
Erythrocyte,SMG_Mucous,0.5916154384613037,279.2445068359375,0.0
Erythrocyte,SMG_Serous,0.5494150519371033,259.3257751464844,0.0
Erythrocyte,Schwann_Myelinating,0.5388482809066772,254.33822631835938,0.0
Erythrocyte,Schwann_nonmyelinating,0.05785830318927765,27.309316635131836,3.2877783651657186e-164
Erythrocyte,Secretory_Club,0.20091210305690765,94.8311996459961,0.0
Erythrocyte,Secretory_Goblet,0.3916662335395813,184.8677978515625,0.0
Erythrocyte,Suprabasal,0.2554801404476166,120.5875015258789,0.0
Erythrocyte,T_reg,0.7007960677146912,330.77813720703125,0.0
Erythrocyte,gdT,0.7043099403381348,332.43670654296875,0.0
Fibro_adventitial,Fibro_adventitial,0.5361800193786621,253.0788116455078,0.0
Fibro_adventitial,Fibro_alveolar,0.29325294494628906,138.41639709472656,0.0
Fibro_adventitial,Fibro_immune_recruiting,0.49321672320365906,232.79998779296875,0.0
Fibro_adventitial,Fibro_myofibroblast,0.5370091199874878,253.4701385498047,0.0
Fibro_adventitial,Fibro_peribronchial,0.43636617064476013,205.96632385253906,0.0
Fibro_adventitial,Fibro_perichondrial,0.3024980425834656,142.7801055908203,0.0
Fibro_adventitial,ILC,0.40672531723976135,191.97573852539062,0.0
Fibro_adventitial,Ionocyte_n_Brush,0.17537231743335724,82.77633666992188,0.0
Fibro_adventitial,MAIT,0.368833065032959,174.09046936035156,0.0
Fibro_adventitial,Macro_CHIT1,0.34511566162109375,162.89576721191406,0.0
Fibro_adventitial,Macro_interstitial,0.3538060486316681,166.99766540527344,0.0
Fibro_adventitial,Macro_AW_CX3CR1,0.4180801510810852,197.33526611328125,0.0
Fibro_adventitial,Macro_alveolar_metallothioneins,0.48912525177001953,230.86878967285156,0.0
Fibro_adventitial,Macro_alv,0.3193102478981018,150.7155303955078,0.0
Fibro_adventitial,Macro_dividing,0.3266272246837616,154.16917419433594,0.0
Fibro_adventitial,Macro_int,0.40080776810646057,189.18263244628906,0.0
Fibro_adventitial,Macro_CCL,0.35691186785697937,168.463623046875,0.0
Fibro_adventitial,Mast_cell,0.46921440958976746,221.47080993652344,0.0
Fibro_adventitial,Megakaryocyte,0.3512202799320221,165.7771759033203,0.0
Fibro_adventitial,Mesothelia,0.5108701586723328,241.13246154785156,0.0
Fibro_adventitial,Macrophage_intermediate,0.4357216954231262,205.66212463378906,0.0
Fibro_adventitial,Monocyte_CD14,0.3901907205581665,184.17135620117188,0.0
Fibro_adventitial,Monocyte_CD16,0.4289185106754303,202.4510040283203,0.0
Fibro_adventitial,Muscle_airway,0.09175675362348557,43.30950164794922,0.0
Fibro_adventitial,Muscle_pericyte_airway,0.4771358370780945,225.20974731445312,0.0
Fibro_adventitial,Muscle_pericyte_parenchyma,0.3352474272251129,158.23793029785156,0.0
Fibro_adventitial,Muscle_perivascular_immune_recruiting,0.49585455656051636,234.0450439453125,0.0
Fibro_adventitial,Muscle_smooth_pulmonary,0.10687445849180222,50.44511032104492,0.0
Fibro_adventitial,Muscle_smooth_syst_arterial,0.084279365837574,39.780147552490234,0.0
Fibro_adventitial,Myoepithelial,0.3398926556110382,160.4304962158203,0.0
Fibro_adventitial,NAF_endoneurial,0.15252584218978882,71.99272155761719,0.0
Fibro_adventitial,NAF_perineurial,0.1118910014629364,52.81293487548828,0.0
Fibro_adventitial,NK_CD16hi,0.37108778953552246,175.1547088623047,0.0
Fibro_adventitial,NKT,0.40177375078201294,189.63858032226562,0.0
Fibro_adventitial,NK_CD11d,0.365107923746109,172.33218383789062,0.0
Fibro_adventitial,NK_CD56bright,0.34042447805404663,160.6815185546875,0.0
Fibro_adventitial,Neuroendocrine,0.3909873366355896,184.54736328125,0.0
Fibro_adventitial,SMG_Basal,0.2605193853378296,122.9660415649414,0.0
Fibro_adventitial,SMG_Duct,0.37964457273483276,179.19354248046875,0.0
Fibro_adventitial,SMG_Mucous,0.3732059597969055,176.1544952392578,0.0
Fibro_adventitial,SMG_Serous,0.3699801564216614,174.63189697265625,0.0
Fibro_adventitial,Schwann_Myelinating,0.3617243468761444,170.73512268066406,0.0
Fibro_adventitial,Schwann_nonmyelinating,0.18870915472507477,89.07136535644531,0.0
Fibro_adventitial,Secretory_Club,0.1311202496290207,61.88920593261719,0.0
Fibro_adventitial,Secretory_Goblet,0.2205563187599182,104.10334014892578,0.0
Fibro_adventitial,Suprabasal,0.1326673924922943,62.61946487426758,0.0
Fibro_adventitial,T_reg,0.3733200430870056,176.20834350585938,0.0
Fibro_adventitial,gdT,0.39871931076049805,188.19688415527344,0.0
Fibro_alveolar,Fibro_alveolar,0.6734380722045898,317.8650817871094,0.0
Fibro_alveolar,Fibro_immune_recruiting,0.5391557216644287,254.4833526611328,0.0
Fibro_alveolar,Fibro_myofibroblast,0.2372206151485443,111.96894073486328,0.0
Fibro_alveolar,Fibro_peribronchial,0.2436516284942627,115.00440216064453,0.0
Fibro_alveolar,Fibro_perichondrial,0.33065441250801086,156.07000732421875,0.0
Fibro_alveolar,ILC,0.6724199056625366,317.3844909667969,0.0
Fibro_alveolar,Ionocyte_n_Brush,0.32227686047554016,152.11578369140625,0.0
Fibro_alveolar,MAIT,0.697389543056488,329.1702575683594,0.0
Fibro_alveolar,Macro_CHIT1,0.6746476888656616,318.4360046386719,0.0
Fibro_alveolar,Macro_interstitial,0.6979072690010071,329.41461181640625,0.0
Fibro_alveolar,Macro_AW_CX3CR1,0.6561580896377563,309.7088623046875,0.0
Fibro_alveolar,Macro_alveolar_metallothioneins,0.6147058606147766,290.1432800292969,0.0
Fibro_alveolar,Macro_alv,0.6868004202842712,324.1721496582031,0.0
Fibro_alveolar,Macro_dividing,0.6875131726264954,324.5085754394531,0.0
Fibro_alveolar,Macro_int,0.6587086319923401,310.9127197265625,0.0
Fibro_alveolar,Macro_CCL,0.6939639449119568,327.5533447265625,0.0
Fibro_alveolar,Mast_cell,0.6041161417961121,285.1448974609375,0.0
Fibro_alveolar,Megakaryocyte,0.5915394425392151,279.2086486816406,0.0
Fibro_alveolar,Mesothelia,0.5444775223731995,256.9952392578125,0.0
Fibro_alveolar,Macrophage_intermediate,0.6671700477600098,314.90655517578125,0.0
Fibro_alveolar,Monocyte_CD14,0.6863095760345459,323.9404602050781,0.0
Fibro_alveolar,Monocyte_CD16,0.6856049299240112,323.6078796386719,0.0
Fibro_alveolar,Muscle_airway,-0.16856679320335388,-79.56410217285156,0.0
Fibro_alveolar,Muscle_pericyte_airway,0.2988569140434265,141.06149291992188,0.0
Fibro_alveolar,Muscle_pericyte_parenchyma,0.6929044127464294,327.0532531738281,0.0
Fibro_alveolar,Muscle_perivascular_immune_recruiting,0.5251952409744263,247.89395141601562,0.0
Fibro_alveolar,Muscle_smooth_pulmonary,-0.17180533707141876,-81.09270477294922,0.0
Fibro_alveolar,Muscle_smooth_syst_arterial,-0.18281686305999756,-86.2901840209961,0.0
Fibro_alveolar,Myoepithelial,0.5343195199966431,252.2006378173828,0.0
Fibro_alveolar,NAF_endoneurial,-0.012203659862279892,-5.76016902923584,8.402974498985126e-09
Fibro_alveolar,NAF_perineurial,-0.1469264179468155,-69.34976959228516,0.0
Fibro_alveolar,NK_CD16hi,0.693183958530426,327.1852111816406,0.0
Fibro_alveolar,NKT,0.69601970911026,328.523681640625,0.0
Fibro_alveolar,NK_CD11d,0.6830864548683167,322.4191589355469,0.0
Fibro_alveolar,NK_CD56bright,0.6750261783599854,318.6146545410156,0.0
Fibro_alveolar,Neuroendocrine,0.5539579391479492,261.47003173828125,0.0
Fibro_alveolar,SMG_Basal,0.31154516339302063,147.05038452148438,0.0
Fibro_alveolar,SMG_Duct,0.5044094324111938,238.08297729492188,0.0
Fibro_alveolar,SMG_Mucous,0.5570278167724609,262.9190368652344,0.0
Fibro_alveolar,SMG_Serous,0.5103386044502258,240.88156127929688,0.0
Fibro_alveolar,Schwann_Myelinating,0.4868885278701782,229.81304931640625,0.0
Fibro_alveolar,Schwann_nonmyelinating,-0.01707620732486248,-8.060028076171875,7.627692773493078e-16
Fibro_alveolar,Secretory_Club,0.1748601794242859,82.53460693359375,0.0
Fibro_alveolar,Secretory_Goblet,0.3703274428844452,174.7958221435547,0.0
Fibro_alveolar,Suprabasal,0.22443488240242004,105.93403625488281,0.0
Fibro_alveolar,T_reg,0.6841410994529724,322.91693115234375,0.0
Fibro_alveolar,gdT,0.6830003261566162,322.37847900390625,0.0
Fibro_immune_recruiting,Fibro_immune_recruiting,0.701159656047821,330.94976806640625,0.0
Fibro_immune_recruiting,Fibro_myofibroblast,0.4080696105957031,192.61026000976562,0.0
Fibro_immune_recruiting,Fibro_peribronchial,0.3159531056880951,149.13095092773438,0.0
Fibro_immune_recruiting,Fibro_perichondrial,0.3901780843734741,184.16539001464844,0.0
Fibro_immune_recruiting,ILC,0.6586649417877197,310.8921203613281,0.0
Fibro_immune_recruiting,Ionocyte_n_Brush,0.3357471525669098,158.4738006591797,0.0
Fibro_immune_recruiting,MAIT,0.6451036334037781,304.4911193847656,0.0
Fibro_immune_recruiting,Macro_CHIT1,0.6158837080001831,290.69921875,0.0
Fibro_immune_recruiting,Macro_interstitial,0.6404897570610046,302.3133544921875,0.0
Fibro_immune_recruiting,Macro_AW_CX3CR1,0.6879753470420837,324.7267150878906,0.0
Fibro_immune_recruiting,Macro_alveolar_metallothioneins,0.6716323494911194,317.01275634765625,0.0
Fibro_immune_recruiting,Macro_alv,0.5925471782684326,279.6842956542969,0.0
Fibro_immune_recruiting,Macro_dividing,0.6105521321296692,288.1827087402344,0.0
Fibro_immune_recruiting,Macro_int,0.6701817512512207,316.3280944824219,0.0
Fibro_immune_recruiting,Macro_CCL,0.6437780857086182,303.8654479980469,0.0
Fibro_immune_recruiting,Mast_cell,0.6068369150161743,286.4291076660156,0.0
Fibro_immune_recruiting,Megakaryocyte,0.6173861622810364,291.40838623046875,0.0
Fibro_immune_recruiting,Mesothelia,0.7125400900840759,336.32135009765625,0.0
Fibro_immune_recruiting,Macrophage_intermediate,0.6926952004432678,326.9544982910156,0.0
Fibro_immune_recruiting,Monocyte_CD14,0.6439217329025269,303.9332580566406,0.0
Fibro_immune_recruiting,Monocyte_CD16,0.6842681169509888,322.9768981933594,0.0
Fibro_immune_recruiting,Muscle_airway,-0.1388922482728958,-65.5576171875,0.0
Fibro_immune_recruiting,Muscle_pericyte_airway,0.46116113662719727,217.6696319580078,0.0
Fibro_immune_recruiting,Muscle_pericyte_parenchyma,0.5993207693099976,282.8814392089844,0.0
Fibro_immune_recruiting,Muscle_perivascular_immune_recruiting,0.6700519323348999,316.2668151855469,0.0
Fibro_immune_recruiting,Muscle_smooth_pulmonary,-0.14712582528591156,-69.44389343261719,0.0
Fibro_immune_recruiting,Muscle_smooth_syst_arterial,-0.16094565391540527,-75.9668960571289,0.0
Fibro_immune_recruiting,Myoepithelial,0.6253836154937744,295.1831970214844,0.0
Fibro_immune_recruiting,NAF_endoneurial,0.020188601687550545,9.529088973999023,1.5866950523593463e-21
Fibro_immune_recruiting,NAF_perineurial,-0.12296276539564133,-58.03884506225586,0.0
Fibro_immune_recruiting,NK_CD16hi,0.6616795063018799,312.31500244140625,0.0
Fibro_immune_recruiting,NKT,0.6652891039848328,314.01873779296875,0.0
Fibro_immune_recruiting,NK_CD11d,0.6639623641967773,313.39251708984375,0.0
Fibro_immune_recruiting,NK_CD56bright,0.6402230858802795,302.1875,0.0
Fibro_immune_recruiting,Neuroendocrine,0.6289186477661133,296.85174560546875,0.0
Fibro_immune_recruiting,SMG_Basal,0.43443763256073,205.05604553222656,0.0
Fibro_immune_recruiting,SMG_Duct,0.658142626285553,310.64556884765625,0.0
Fibro_immune_recruiting,SMG_Mucous,0.6497727632522583,306.6949768066406,0.0
Fibro_immune_recruiting,SMG_Serous,0.645469605922699,304.6638488769531,0.0
Fibro_immune_recruiting,Schwann_Myelinating,0.5691983103752136,268.6635437011719,0.0
Fibro_immune_recruiting,Schwann_nonmyelinating,0.009619179181754589,4.540285587310791,5.61780825358685e-06
Fibro_immune_recruiting,Secretory_Club,0.20880644023418427,98.55735778808594,0.0
Fibro_immune_recruiting,Secretory_Goblet,0.38824254274368286,183.25181579589844,0.0
Fibro_immune_recruiting,Suprabasal,0.2562219202518463,120.9376220703125,0.0
Fibro_immune_recruiting,T_reg,0.639332115650177,301.7669372558594,0.0
Fibro_immune_recruiting,gdT,0.6576161980628967,310.3970947265625,0.0
Fibro_myofibroblast,Fibro_myofibroblast,0.5891343951225281,278.0734558105469,0.0
Fibro_myofibroblast,Fibro_peribronchial,0.4815772473812103,227.3061065673828,0.0
Fibro_myofibroblast,Fibro_perichondrial,0.2694682776927948,127.18994903564453,0.0
Fibro_myofibroblast,ILC,0.3284766972064972,155.04212951660156,0.0
Fibro_myofibroblast,Ionocyte_n_Brush,0.12201591581106186,57.5919303894043,0.0
Fibro_myofibroblast,MAIT,0.2879832088947296,135.92906188964844,0.0
Fibro_myofibroblast,Macro_CHIT1,0.27089884877204895,127.86518096923828,0.0
Fibro_myofibroblast,Macro_interstitial,0.2712298631668091,128.02142333984375,0.0
Fibro_myofibroblast,Macro_AW_CX3CR1,0.32578930258750916,153.77366638183594,0.0
Fibro_myofibroblast,Macro_alveolar_metallothioneins,0.4313491880893707,203.59829711914062,0.0
Fibro_myofibroblast,Macro_alv,0.24620100855827332,116.20771789550781,0.0
Fibro_myofibroblast,Macro_dividing,0.2458563894033432,116.04505920410156,0.0
Fibro_myofibroblast,Macro_int,0.31598231196403503,149.1447296142578,0.0
Fibro_myofibroblast,Macro_CCL,0.27255120873451233,128.6450958251953,0.0
Fibro_myofibroblast,Mast_cell,0.43992844223976135,207.64773559570312,0.0
Fibro_myofibroblast,Megakaryocyte,0.25436562299728394,120.06144714355469,0.0
Fibro_myofibroblast,Mesothelia,0.42819881439208984,202.11131286621094,0.0
Fibro_myofibroblast,Macrophage_intermediate,0.3524581491947174,166.3614501953125,0.0
Fibro_myofibroblast,Monocyte_CD14,0.3200163245201111,151.04879760742188,0.0
Fibro_myofibroblast,Monocyte_CD16,0.3522252142429352,166.2515106201172,0.0
Fibro_myofibroblast,Muscle_airway,0.1635812669992447,77.2109146118164,0.0
Fibro_myofibroblast,Muscle_pericyte_airway,0.47801730036735535,225.6258087158203,0.0
Fibro_myofibroblast,Muscle_pericyte_parenchyma,0.26621347665786743,125.65367126464844,0.0
Fibro_myofibroblast,Muscle_perivascular_immune_recruiting,0.4243931770324707,200.31503295898438,0.0
Fibro_myofibroblast,Muscle_smooth_pulmonary,0.19094154238700867,90.12506103515625,0.0
Fibro_myofibroblast,Muscle_smooth_syst_arterial,0.16397139430046082,77.39505767822266,0.0
Fibro_myofibroblast,Myoepithelial,0.22357681393623352,105.52902221679688,0.0
Fibro_myofibroblast,NAF_endoneurial,0.18319378793239594,86.46809387207031,0.0
Fibro_myofibroblast,NAF_perineurial,0.18492409586906433,87.28480529785156,0.0
Fibro_myofibroblast,NK_CD16hi,0.280752569437027,132.51617431640625,0.0
Fibro_myofibroblast,NKT,0.3243061900138855,153.07363891601562,0.0
Fibro_myofibroblast,NK_CD11d,0.2692629396915436,127.09303283691406,0.0
Fibro_myofibroblast,NK_CD56bright,0.24597302079200745,116.10010528564453,0.0
Fibro_myofibroblast,Neuroendocrine,0.2966839075088501,140.0358123779297,0.0
Fibro_myofibroblast,SMG_Basal,0.16606925427913666,78.38525390625,0.0
Fibro_myofibroblast,SMG_Duct,0.25862690806388855,122.07278442382812,0.0
Fibro_myofibroblast,SMG_Mucous,0.26544004678726196,125.28861236572266,0.0
Fibro_myofibroblast,SMG_Serous,0.25157830119132996,118.74581909179688,0.0
Fibro_myofibroblast,Schwann_Myelinating,0.2716768682003021,128.23240661621094,0.0
Fibro_myofibroblast,Schwann_nonmyelinating,0.2408481389284134,113.68114471435547,0.0
Fibro_myofibroblast,Secretory_Club,0.09870439022779465,46.588809967041016,0.0
Fibro_myofibroblast,Secretory_Goblet,0.1633608490228653,77.10688018798828,0.0
Fibro_myofibroblast,Suprabasal,0.09275563806295395,43.78097915649414,0.0
Fibro_myofibroblast,T_reg,0.2946142852306366,139.05894470214844,0.0
Fibro_myofibroblast,gdT,0.31949299573898315,150.80178833007812,0.0
Fibro_peribronchial,Fibro_peribronchial,0.5539276599884033,261.45574951171875,0.0
Fibro_peribronchial,Fibro_perichondrial,0.2655487656593323,125.33992767333984,0.0
Fibro_peribronchial,ILC,0.3253842294216156,153.5824737548828,0.0
Fibro_peribronchial,Ionocyte_n_Brush,0.11923888325691223,56.28116226196289,0.0
Fibro_peribronchial,MAIT,0.27907079458236694,131.7223663330078,0.0
Fibro_peribronchial,Macro_CHIT1,0.2332819104194641,110.10986328125,0.0
Fibro_peribronchial,Macro_interstitial,0.23807591199874878,112.37264251708984,0.0
Fibro_peribronchial,Macro_AW_CX3CR1,0.27728793025016785,130.880859375,0.0
Fibro_peribronchial,Macro_alveolar_metallothioneins,0.37856215238571167,178.68263244628906,0.0
Fibro_peribronchial,Macro_alv,0.24267292022705078,114.54244995117188,0.0
Fibro_peribronchial,Macro_dividing,0.22617754340171814,106.75657653808594,0.0
Fibro_peribronchial,Macro_int,0.23763935267925262,112.16658782958984,0.0
Fibro_peribronchial,Macro_CCL,0.24359586834907532,114.97808074951172,0.0
Fibro_peribronchial,Mast_cell,0.4313899874687195,203.6175537109375,0.0
Fibro_peribronchial,Megakaryocyte,0.2784354090690613,131.42247009277344,0.0
Fibro_peribronchial,Mesothelia,0.31341737508773804,147.93406677246094,0.0
Fibro_peribronchial,Macrophage_intermediate,0.3050685226917267,143.99339294433594,0.0
Fibro_peribronchial,Monocyte_CD14,0.27544206380844116,130.0095977783203,0.0
Fibro_peribronchial,Monocyte_CD16,0.3064636290073395,144.65188598632812,0.0
Fibro_peribronchial,Muscle_airway,0.30618783831596375,144.52171325683594,0.0
Fibro_peribronchial,Muscle_pericyte_airway,0.3816939890384674,180.16087341308594,0.0
Fibro_peribronchial,Muscle_pericyte_parenchyma,0.2682351768016815,126.60791778564453,0.0
Fibro_peribronchial,Muscle_perivascular_immune_recruiting,0.36584267020225525,172.67898559570312,0.0
Fibro_peribronchial,Muscle_smooth_pulmonary,0.2996693253517151,141.4449462890625,0.0
Fibro_peribronchial,Muscle_smooth_syst_arterial,0.2717178761959076,128.25177001953125,0.0
Fibro_peribronchial,Myoepithelial,0.1818680465221405,85.84233856201172,0.0
Fibro_peribronchial,NAF_endoneurial,0.32481059432029724,153.31170654296875,0.0
Fibro_peribronchial,NAF_perineurial,0.3077068328857422,145.23867797851562,0.0
Fibro_peribronchial,NK_CD16hi,0.27099767327308655,127.91182708740234,0.0
Fibro_peribronchial,NKT,0.3020763695240021,142.58108520507812,0.0
Fibro_peribronchial,NK_CD11d,0.25675034523010254,121.18704223632812,0.0
Fibro_peribronchial,NK_CD56bright,0.2408473938703537,113.68079376220703,0.0
Fibro_peribronchial,Neuroendocrine,0.32216671109199524,152.0637969970703,0.0
Fibro_peribronchial,SMG_Basal,0.17954431474208832,84.74552917480469,0.0
Fibro_peribronchial,SMG_Duct,0.17352193593978882,81.90294647216797,0.0
Fibro_peribronchial,SMG_Mucous,0.21017463505268097,99.2031478881836,0.0
Fibro_peribronchial,SMG_Serous,0.17590665817260742,83.0285415649414,0.0
Fibro_peribronchial,Schwann_Myelinating,0.2980642318725586,140.6873321533203,0.0
Fibro_peribronchial,Schwann_nonmyelinating,0.3637916147708893,171.7108917236328,0.0
Fibro_peribronchial,Secretory_Club,0.08654559403657913,40.849815368652344,0.0
Fibro_peribronchial,Secretory_Goblet,0.18647925555706024,88.01884460449219,0.0
Fibro_peribronchial,Suprabasal,0.12488670647144318,58.94695281982422,0.0
Fibro_peribronchial,T_reg,0.2969236373901367,140.1489715576172,0.0
Fibro_peribronchial,gdT,0.3172289729118347,149.733154296875,0.0
Fibro_perichondrial,Fibro_perichondrial,0.4350343644618988,205.33770751953125,0.0
Fibro_perichondrial,ILC,0.39358949661254883,185.7755889892578,0.0
Fibro_perichondrial,Ionocyte_n_Brush,0.1885571926832199,88.99964141845703,0.0
Fibro_perichondrial,MAIT,0.3835517168045044,181.0377197265625,0.0
Fibro_perichondrial,Macro_CHIT1,0.34943440556526184,164.93423461914062,0.0
Fibro_perichondrial,Macro_interstitial,0.36756715178489685,173.49295043945312,0.0
Fibro_perichondrial,Macro_AW_CX3CR1,0.3826529383659363,180.61349487304688,0.0
Fibro_perichondrial,Macro_alveolar_metallothioneins,0.38966646790504456,183.9239044189453,0.0
Fibro_perichondrial,Macro_alv,0.34770745038986206,164.11911010742188,0.0
Fibro_perichondrial,Macro_dividing,0.34970569610595703,165.06228637695312,0.0
Fibro_perichondrial,Macro_int,0.37042441964149475,174.8415985107422,0.0
Fibro_perichondrial,Macro_CCL,0.3717781901359558,175.48057556152344,0.0
Fibro_perichondrial,Mast_cell,0.3875957131385803,182.94650268554688,0.0
Fibro_perichondrial,Megakaryocyte,0.36333203315734863,171.49395751953125,0.0
Fibro_perichondrial,Mesothelia,0.3856971561908722,182.05038452148438,0.0
Fibro_perichondrial,Macrophage_intermediate,0.39820483326911926,187.95404052734375,0.0
Fibro_perichondrial,Monocyte_CD14,0.37720656394958496,178.04278564453125,0.0
Fibro_perichondrial,Monocyte_CD16,0.3994196653366089,188.52745056152344,0.0
Fibro_perichondrial,Muscle_airway,-0.026636721566319466,-12.572624206542969,2.986437773008069e-36
Fibro_perichondrial,Muscle_pericyte_airway,0.27667248249053955,130.59036254882812,0.0
Fibro_perichondrial,Muscle_pericyte_parenchyma,0.36346256732940674,171.55557250976562,0.0
Fibro_perichondrial,Muscle_perivascular_immune_recruiting,0.3858620226383209,182.12818908691406,0.0
Fibro_perichondrial,Muscle_smooth_pulmonary,-0.042615801095962524,-20.114803314208984,5.475580781046121e-90
Fibro_perichondrial,Muscle_smooth_syst_arterial,-0.055626899003982544,-26.256086349487305,6.090708493946393e-152
Fibro_perichondrial,Myoepithelial,0.3331695795059204,157.25718688964844,0.0
Fibro_perichondrial,NAF_endoneurial,0.05928521975874901,27.982826232910156,2.6292500516885775e-172
Fibro_perichondrial,NAF_perineurial,-0.019308853894472122,-9.113844871520996,7.951296473751963e-20
Fibro_perichondrial,NK_CD16hi,0.38684144616127014,182.59048461914062,0.0
Fibro_perichondrial,NKT,0.39294934272766113,185.4734344482422,0.0
Fibro_perichondrial,NK_CD11d,0.384139746427536,181.31527709960938,0.0
Fibro_perichondrial,NK_CD56bright,0.3735869526863098,176.33432006835938,0.0
Fibro_perichondrial,Neuroendocrine,0.3749906122684479,176.99685668945312,0.0
Fibro_perichondrial,SMG_Basal,0.20895829796791077,98.6290283203125,0.0
Fibro_perichondrial,SMG_Duct,0.32642853260040283,154.07537841796875,0.0
Fibro_perichondrial,SMG_Mucous,0.34253430366516113,161.6773681640625,0.0
Fibro_perichondrial,SMG_Serous,0.33176031708717346,156.59201049804688,0.0
Fibro_perichondrial,Schwann_Myelinating,0.33302706480026245,157.18991088867188,0.0
Fibro_perichondrial,Schwann_nonmyelinating,0.055375561118125916,26.137454986572266,1.3687093462000194e-150
Fibro_perichondrial,Secretory_Club,0.10114748775959015,47.74195861816406,0.0
Fibro_perichondrial,Secretory_Goblet,0.2393375039100647,112.96812438964844,0.0
Fibro_perichondrial,Suprabasal,0.1557169407606125,73.49893188476562,0.0
Fibro_perichondrial,T_reg,0.3830319941043854,180.79241943359375,0.0
Fibro_perichondrial,gdT,0.3924214541912079,185.22427368164062,0.0
ILC,ILC,0.7395304441452026,349.0609130859375,0.0
ILC,Ionocyte_n_Brush,0.37770941853523254,178.28013610839844,0.0
ILC,MAIT,0.7435303926467896,350.9488830566406,0.0
ILC,Macro_CHIT1,0.7081634998321533,334.2555847167969,0.0
ILC,Macro_interstitial,0.7351299524307251,346.9838562011719,0.0
ILC,Macro_AW_CX3CR1,0.7360751628875732,347.42999267578125,0.0
ILC,Macro_alveolar_metallothioneins,0.7010102868080139,330.8792419433594,0.0
ILC,Macro_alv,0.7110795974731445,335.6319885253906,0.0
ILC,Macro_dividing,0.717801570892334,338.8048095703125,0.0
ILC,Macro_int,0.7170799374580383,338.46417236328125,0.0
ILC,Macro_CCL,0.7357388734817505,347.2712707519531,0.0
ILC,Mast_cell,0.6717506051063538,317.0685729980469,0.0
ILC,Megakaryocyte,0.6798235774040222,320.8790588378906,0.0
ILC,Mesothelia,0.6639874577522278,313.40435791015625,0.0
ILC,Macrophage_intermediate,0.742161214351654,350.3026428222656,0.0
ILC,Monocyte_CD14,0.7265946865081787,342.9551696777344,0.0
ILC,Monocyte_CD16,0.7479081153869629,353.01519775390625,0.0
ILC,Muscle_airway,-0.13037648797035217,-61.53814697265625,0.0
ILC,Muscle_pericyte_airway,0.39685726165771484,187.3179931640625,0.0
ILC,Muscle_pericyte_parenchyma,0.7143974900245667,337.19805908203125,0.0
ILC,Muscle_perivascular_immune_recruiting,0.6447999477386475,304.3477783203125,0.0
ILC,Muscle_smooth_pulmonary,-0.1403832733631134,-66.26138305664062,0.0
ILC,Muscle_smooth_syst_arterial,-0.15196916460990906,-71.72996520996094,0.0
ILC,Myoepithelial,0.6300704479217529,297.3954162597656,0.0
ILC,NAF_endoneurial,0.04540989175438881,21.433624267578125,6.492434420778502e-102
ILC,NAF_perineurial,-0.1113472729921341,-52.55629348754883,0.0
ILC,NK_CD16hi,0.749839723110199,353.9269104003906,0.0
ILC,NKT,0.7493085265159607,353.6761779785156,0.0
ILC,NK_CD11d,0.7459570169448853,352.0942687988281,0.0
ILC,NK_CD56bright,0.7321848273277283,345.59375,0.0
ILC,Neuroendocrine,0.6636388301849365,313.23980712890625,0.0
ILC,SMG_Basal,0.4289276897907257,202.45533752441406,0.0
ILC,SMG_Duct,0.6216553449630737,293.4234619140625,0.0
ILC,SMG_Mucous,0.6565674543380737,309.902099609375,0.0
ILC,SMG_Serous,0.6209099888801575,293.0716247558594,0.0
ILC,Schwann_Myelinating,0.5926282405853271,279.7225646972656,0.0
ILC,Schwann_nonmyelinating,0.036751698702573776,17.346927642822266,2.080793111809992e-67
ILC,Secretory_Club,0.22135284543037415,104.47930145263672,0.0
ILC,Secretory_Goblet,0.434876412153244,205.26315307617188,0.0
ILC,Suprabasal,0.2925978899002075,138.10720825195312,0.0
ILC,T_reg,0.7368407845497131,347.7913818359375,0.0
ILC,gdT,0.7444403171539307,351.3783874511719,0.0
Ionocyte_n_Brush,Ionocyte_n_Brush,0.29956695437431335,141.39662170410156,0.0
Ionocyte_n_Brush,MAIT,0.3760012984275818,177.47389221191406,0.0
Ionocyte_n_Brush,Macro_CHIT1,0.36095771193504333,170.37327575683594,0.0
Ionocyte_n_Brush,Macro_interstitial,0.3726683557033539,175.90074157714844,0.0
Ionocyte_n_Brush,Macro_AW_CX3CR1,0.3992588222026825,188.4515380859375,0.0
Ionocyte_n_Brush,Macro_alveolar_metallothioneins,0.3434283137321472,162.09933471679688,0.0
Ionocyte_n_Brush,Macro_alv,0.36103498935699463,170.4097442626953,0.0
Ionocyte_n_Brush,Macro_dividing,0.3671019971370697,173.2733917236328,0.0
Ionocyte_n_Brush,Macro_int,0.3590981960296631,169.49557495117188,0.0
Ionocyte_n_Brush,Macro_CCL,0.3743944764137268,176.71546936035156,0.0
Ionocyte_n_Brush,Mast_cell,0.3228645920753479,152.3931884765625,0.0
Ionocyte_n_Brush,Megakaryocyte,0.38493627309799194,181.6912384033203,0.0
Ionocyte_n_Brush,Mesothelia,0.33205702900886536,156.7320556640625,0.0
Ionocyte_n_Brush,Macrophage_intermediate,0.3766671121120453,177.7881622314453,0.0
Ionocyte_n_Brush,Monocyte_CD14,0.35624828934669495,168.15040588378906,0.0
Ionocyte_n_Brush,Monocyte_CD16,0.37392640113830566,176.49453735351562,0.0
Ionocyte_n_Brush,Muscle_airway,-0.10335354506969452,-48.783226013183594,0.0
Ionocyte_n_Brush,Muscle_pericyte_airway,0.17927932739257812,84.62045288085938,0.0
Ionocyte_n_Brush,Muscle_pericyte_parenchyma,0.34467700123786926,162.688720703125,0.0
Ionocyte_n_Brush,Muscle_perivascular_immune_recruiting,0.3242620527744293,153.05279541015625,0.0
Ionocyte_n_Brush,Muscle_smooth_pulmonary,-0.10567861050367355,-49.88066482543945,0.0
Ionocyte_n_Brush,Muscle_smooth_syst_arterial,-0.10566693544387817,-49.87515640258789,0.0
Ionocyte_n_Brush,Myoepithelial,0.35582950711250305,167.95274353027344,0.0
Ionocyte_n_Brush,NAF_endoneurial,0.003029846353456378,1.4300978183746338,0.1526889462732115
Ionocyte_n_Brush,NAF_perineurial,-0.08736083656549454,-41.234615325927734,0.0
Ionocyte_n_Brush,NK_CD16hi,0.39083054661750793,184.47335815429688,0.0
Ionocyte_n_Brush,NKT,0.37330853939056396,176.20291137695312,0.0
Ionocyte_n_Brush,NK_CD11d,0.4018455743789673,189.6724853515625,0.0
Ionocyte_n_Brush,NK_CD56bright,0.40172433853149414,189.61526489257812,0.0
Ionocyte_n_Brush,Neuroendocrine,0.36616960167884827,172.8332977294922,0.0
Ionocyte_n_Brush,SMG_Basal,0.30673250555992126,144.77879333496094,0.0
Ionocyte_n_Brush,SMG_Duct,0.3577940762042999,168.88003540039062,0.0
Ionocyte_n_Brush,SMG_Mucous,0.3898671567440033,184.0186309814453,0.0
Ionocyte_n_Brush,SMG_Serous,0.35690203309059143,168.458984375,0.0
Ionocyte_n_Brush,Schwann_Myelinating,0.33657655119895935,158.8652801513672,0.0
Ionocyte_n_Brush,Schwann_nonmyelinating,6.72041205689311e-05,0.03172057494521141,0.974694886708456
Ionocyte_n_Brush,Secretory_Club,0.18401986360549927,86.85800170898438,0.0
Ionocyte_n_Brush,Secretory_Goblet,0.30558228492736816,144.2358856201172,0.0
Ionocyte_n_Brush,Suprabasal,0.2592587471008301,122.37101745605469,0.0
Ionocyte_n_Brush,T_reg,0.3798236548900604,179.27806091308594,0.0
Ionocyte_n_Brush,gdT,0.3776320815086365,178.24363708496094,0.0
MAIT,MAIT,0.7579009532928467,357.7318420410156,0.0
MAIT,Macro_CHIT1,0.7278534173965454,343.54931640625,0.0
MAIT,Macro_interstitial,0.7549996376037598,356.3624267578125,0.0
MAIT,Macro_AW_CX3CR1,0.7397333383560181,349.15667724609375,0.0
MAIT,Macro_alveolar_metallothioneins,0.6932944059371948,327.2373352050781,0.0
MAIT,Macro_alv,0.7322805523872375,345.638916015625,0.0
MAIT,Macro_dividing,0.739047110080719,348.832763671875,0.0
MAIT,Macro_int,0.7309961915016174,345.03271484375,0.0
MAIT,Macro_CCL,0.753929615020752,355.85736083984375,0.0
MAIT,Mast_cell,0.6632625460624695,313.06219482421875,0.0
MAIT,Megakaryocyte,0.6768572926521301,319.4789733886719,0.0
MAIT,Mesothelia,0.6515597105026245,307.5384216308594,0.0
MAIT,Macrophage_intermediate,0.7468149065971375,352.49920654296875,0.0
MAIT,Monocyte_CD14,0.7425328493118286,350.4780578613281,0.0
MAIT,Monocyte_CD16,0.75649493932724,357.0682067871094,0.0
MAIT,Muscle_airway,-0.17806193232536316,-84.04584503173828,0.0
MAIT,Muscle_pericyte_airway,0.36708009243011475,173.2630615234375,0.0
MAIT,Muscle_pericyte_parenchyma,0.7343426942825317,346.6122741699219,0.0
MAIT,Muscle_perivascular_immune_recruiting,0.6257336735725403,295.34844970703125,0.0
MAIT,Muscle_smooth_pulmonary,-0.1871126890182495,-88.31783294677734,0.0
MAIT,Muscle_smooth_syst_arterial,-0.19753660261631012,-93.23795318603516,0.0
MAIT,Myoepithelial,0.6302438974380493,297.4772644042969,0.0
MAIT,NAF_endoneurial,0.001592593383975327,0.751709520816803,0.45222576360167066
MAIT,NAF_perineurial,-0.1576531082391739,-74.41280364990234,0.0
MAIT,NK_CD16hi,0.7617802619934082,359.5628967285156,0.0
MAIT,NKT,0.7603060603141785,358.8670654296875,0.0
MAIT,NK_CD11d,0.7569078803062439,357.26312255859375,0.0
MAIT,NK_CD56bright,0.7450786232948303,351.6796569824219,0.0
MAIT,Neuroendocrine,0.6503167748451233,306.9517517089844,0.0
MAIT,SMG_Basal,0.407776415348053,192.47186279296875,0.0
MAIT,SMG_Duct,0.6156824827194214,290.604248046875,0.0
MAIT,SMG_Mucous,0.6548658609390259,309.09893798828125,0.0
MAIT,SMG_Serous,0.6169734001159668,291.21356201171875,0.0
MAIT,Schwann_Myelinating,0.5758399963378906,271.7984619140625,0.0
MAIT,Schwann_nonmyelinating,-0.011070783250033855,-5.225447654724121,1.737342666821424e-07
MAIT,Secretory_Club,0.21444237232208252,101.21753692626953,0.0
MAIT,Secretory_Goblet,0.428622305393219,202.31118774414062,0.0
MAIT,Suprabasal,0.28215348720550537,133.1774139404297,0.0
MAIT,T_reg,0.7468609809875488,352.52093505859375,0.0
MAIT,gdT,0.7510952353477478,354.51953125,0.0
Macro_CHIT1,Macro_CHIT1,0.7129086852073669,336.4953308105469,0.0
Macro_CHIT1,Macro_interstitial,0.7344685196876526,346.6716613769531,0.0
Macro_CHIT1,Macro_AW_CX3CR1,0.7103642225265503,335.2943420410156,0.0
Macro_CHIT1,Macro_alveolar_metallothioneins,0.6648770570755005,313.8242492675781,0.0
Macro_CHIT1,Macro_alv,0.7122970819473267,336.2066650390625,0.0
Macro_CHIT1,Macro_dividing,0.7198003530502319,339.74822998046875,0.0
Macro_CHIT1,Macro_int,0.7152370810508728,337.5943603515625,0.0
Macro_CHIT1,Macro_CCL,0.7306286692619324,344.8592224121094,0.0
Macro_CHIT1,Mast_cell,0.6279996037483215,296.41796875,0.0
Macro_CHIT1,Megakaryocyte,0.6344134211540222,299.4453125,0.0
Macro_CHIT1,Mesothelia,0.6288176774978638,296.8041076660156,0.0
Macro_CHIT1,Macrophage_intermediate,0.7192332148551941,339.48052978515625,0.0
Macro_CHIT1,Monocyte_CD14,0.721841037273407,340.71142578125,0.0
Macro_CHIT1,Monocyte_CD16,0.7299867868423462,344.5562744140625,0.0
Macro_CHIT1,Muscle_airway,-0.2105017453432083,-99.3575439453125,0.0
Macro_CHIT1,Muscle_pericyte_airway,0.3520190715789795,166.15420532226562,0.0
Macro_CHIT1,Muscle_pericyte_parenchyma,0.7064457535743713,333.44482421875,0.0
Macro_CHIT1,Muscle_perivascular_immune_recruiting,0.5933239459991455,280.0509338378906,0.0
Macro_CHIT1,Muscle_smooth_pulmonary,-0.21027590334415436,-99.25094604492188,0.0
Macro_CHIT1,Muscle_smooth_syst_arterial,-0.21876981854438782,-103.26010131835938,0.0
Macro_CHIT1,Myoepithelial,0.6030489802360535,284.64117431640625,0.0
Macro_CHIT1,NAF_endoneurial,-0.03857896849513054,-18.20940589904785,4.346375279059002e-74
Macro_CHIT1,NAF_perineurial,-0.18729789555072784,-88.4052505493164,0.0
Macro_CHIT1,NK_CD16hi,0.7294087409973145,344.2834167480469,0.0
Macro_CHIT1,NKT,0.7305718660354614,344.8324279785156,0.0
Macro_CHIT1,NK_CD11d,0.7245165705680847,341.97430419921875,0.0
Macro_CHIT1,NK_CD56bright,0.7134271860122681,336.7400817871094,0.0
Macro_CHIT1,Neuroendocrine,0.603099524974823,284.6650390625,0.0
Macro_CHIT1,SMG_Basal,0.37959975004196167,179.17237854003906,0.0
Macro_CHIT1,SMG_Duct,0.5906530618667603,278.7902526855469,0.0
Macro_CHIT1,SMG_Mucous,0.6311525106430054,297.9061584472656,0.0
Macro_CHIT1,SMG_Serous,0.5924760103225708,279.65069580078125,0.0
Macro_CHIT1,Schwann_Myelinating,0.5290940403938293,249.73419189453125,0.0
Macro_CHIT1,Schwann_nonmyelinating,-0.05050191655755043,-23.837078094482422,1.378787805852975e-125
Macro_CHIT1,Secretory_Club,0.20437517762184143,96.46578216552734,0.0
Macro_CHIT1,Secretory_Goblet,0.402448445558548,189.95704650878906,0.0
Macro_CHIT1,Suprabasal,0.26521387696266174,125.18185424804688,0.0
Macro_CHIT1,T_reg,0.7134560942649841,336.75372314453125,0.0
Macro_CHIT1,gdT,0.716610848903656,338.2427673339844,0.0
Macro_interstitial,Macro_interstitial,0.7609413266181946,359.1669006347656,0.0
Macro_interstitial,Macro_AW_CX3CR1,0.7387216687202454,348.6791687011719,0.0
Macro_interstitial,Macro_alveolar_metallothioneins,0.6874399185180664,324.4739990234375,0.0
Macro_interstitial,Macro_alv,0.7360361814498901,347.4115905761719,0.0
Macro_interstitial,Macro_dividing,0.745643675327301,351.9463806152344,0.0
Macro_interstitial,Macro_int,0.7396522760391235,349.118408203125,0.0
Macro_interstitial,Macro_CCL,0.7572569251060486,357.4278564453125,0.0
Macro_interstitial,Mast_cell,0.647832989692688,305.7793884277344,0.0
Macro_interstitial,Megakaryocyte,0.6638989448547363,313.3625793457031,0.0
Macro_interstitial,Mesothelia,0.6519224643707275,307.7096252441406,0.0
Macro_interstitial,Macrophage_intermediate,0.7454929351806641,351.8752136230469,0.0
Macro_interstitial,Monocyte_CD14,0.7466086745262146,352.40185546875,0.0
Macro_interstitial,Monocyte_CD16,0.7560150027275085,356.8416748046875,0.0
Macro_interstitial,Muscle_airway,-0.21721971035003662,-102.52845001220703,0.0
Macro_interstitial,Muscle_pericyte_airway,0.3581139147281647,169.03099060058594,0.0
Macro_interstitial,Muscle_pericyte_parenchyma,0.7323371171951294,345.6656188964844,0.0
Macro_interstitial,Muscle_perivascular_immune_recruiting,0.6156502962112427,290.58905029296875,0.0
Macro_interstitial,Muscle_smooth_pulmonary,-0.2199852168560028,-103.83377838134766,0.0
Macro_interstitial,Muscle_smooth_syst_arterial,-0.2284589260816574,-107.8333969116211,0.0
Macro_interstitial,Myoepithelial,0.6307675838470459,297.7244567871094,0.0
Macro_interstitial,NAF_endoneurial,-0.03607726842164993,-17.028594970703125,5.039984505042067e-65
Macro_interstitial,NAF_perineurial,-0.19373290240764618,-91.44259643554688,0.0
Macro_interstitial,NK_CD16hi,0.7584118843078613,357.9729919433594,0.0
Macro_interstitial,NKT,0.757520854473114,357.55242919921875,0.0
Macro_interstitial,NK_CD11d,0.7538004517555237,355.79638671875,0.0
Macro_interstitial,NK_CD56bright,0.7420616149902344,350.255615234375,0.0
Macro_interstitial,Neuroendocrine,0.6311575174331665,297.90850830078125,0.0
Macro_interstitial,SMG_Basal,0.39919963479042053,188.42359924316406,0.0
Macro_interstitial,SMG_Duct,0.6186432242393494,292.001708984375,0.0
Macro_interstitial,SMG_Mucous,0.6574772596359253,310.3315124511719,0.0
Macro_interstitial,SMG_Serous,0.6194213628768921,292.3690185546875,0.0
Macro_interstitial,Schwann_Myelinating,0.5567183494567871,262.7729797363281,0.0
Macro_interstitial,Schwann_nonmyelinating,-0.04931606352329254,-23.27735137939453,7.519940318811932e-120
Macro_interstitial,Secretory_Club,0.21169114112854004,99.9189453125,0.0
Macro_interstitial,Secretory_Goblet,0.4165796637535095,196.6270294189453,0.0
Macro_interstitial,Suprabasal,0.27238699793815613,128.56759643554688,0.0
Macro_interstitial,T_reg,0.7408310174942017,349.6747741699219,0.0
Macro_interstitial,gdT,0.7438633441925049,351.1060485839844,0.0
Macro_AW_CX3CR1,Macro_AW_CX3CR1,0.7599965929985046,358.72100830078125,0.0
Macro_AW_CX3CR1,Macro_alveolar_metallothioneins,0.7064800262451172,333.46099853515625,0.0
Macro_AW_CX3CR1,Macro_alv,0.701270341873169,331.00201416015625,0.0
Macro_AW_CX3CR1,Macro_dividing,0.7170946002006531,338.4710998535156,0.0
Macro_AW_CX3CR1,Macro_int,0.7324404716491699,345.71441650390625,0.0
Macro_AW_CX3CR1,Macro_CCL,0.7390370965003967,348.8280334472656,0.0
Macro_AW_CX3CR1,Mast_cell,0.6523140072822571,307.8944396972656,0.0
Macro_AW_CX3CR1,Megakaryocyte,0.6837250590324402,322.7205810546875,0.0
Macro_AW_CX3CR1,Mesothelia,0.6976189613342285,329.2785339355469,0.0
Macro_AW_CX3CR1,Macrophage_intermediate,0.7515614628791809,354.7395935058594,0.0
Macro_AW_CX3CR1,Monocyte_CD14,0.7260270714759827,342.687255859375,0.0
Macro_AW_CX3CR1,Monocyte_CD16,0.7522027492523193,355.0422668457031,0.0
Macro_AW_CX3CR1,Muscle_airway,-0.1823175847530365,-86.05452728271484,0.0
Macro_AW_CX3CR1,Muscle_pericyte_airway,0.4042903780937195,190.82644653320312,0.0
Macro_AW_CX3CR1,Muscle_pericyte_parenchyma,0.7024452686309814,331.55657958984375,0.0
Macro_AW_CX3CR1,Muscle_perivascular_immune_recruiting,0.6596559286117554,311.35986328125,0.0
Macro_AW_CX3CR1,Muscle_smooth_pulmonary,-0.18260855972766876,-86.19186401367188,0.0
Macro_AW_CX3CR1,Muscle_smooth_syst_arterial,-0.19091089069843292,-90.110595703125,0.0
Macro_AW_CX3CR1,Myoepithelial,0.6649140119552612,313.8416748046875,0.0
Macro_AW_CX3CR1,NAF_endoneurial,0.0024297789204865694,1.1468639373779297,0.2514378591879618
Macro_AW_CX3CR1,NAF_perineurial,-0.15800200402736664,-74.57748413085938,0.0
Macro_AW_CX3CR1,NK_CD16hi,0.7532905340194702,355.55572509765625,0.0
Macro_AW_CX3CR1,NKT,0.7475787401199341,352.8597106933594,0.0
Macro_AW_CX3CR1,NK_CD11d,0.7545120716094971,356.1322937011719,0.0
Macro_AW_CX3CR1,NK_CD56bright,0.7382650375366211,348.463623046875,0.0
Macro_AW_CX3CR1,Neuroendocrine,0.6678689122200012,315.2364196777344,0.0
Macro_AW_CX3CR1,SMG_Basal,0.4612434208393097,217.70848083496094,0.0
Macro_AW_CX3CR1,SMG_Duct,0.6771703958511353,319.6267395019531,0.0
Macro_AW_CX3CR1,SMG_Mucous,0.6967102885246277,328.8496398925781,0.0
Macro_AW_CX3CR1,SMG_Serous,0.6710062026977539,316.71722412109375,0.0
Macro_AW_CX3CR1,Schwann_Myelinating,0.6062934994697571,286.172607421875,0.0
Macro_AW_CX3CR1,Schwann_nonmyelinating,-0.0009537250152789056,-0.4501614570617676,0.652594025557409
Macro_AW_CX3CR1,Secretory_Club,0.24677500128746033,116.47864532470703,0.0
Macro_AW_CX3CR1,Secretory_Goblet,0.44505050778388977,210.06536865234375,0.0
Macro_AW_CX3CR1,Suprabasal,0.29715391993522644,140.25765991210938,0.0
Macro_AW_CX3CR1,T_reg,0.7318872213363647,345.4532775878906,0.0
Macro_AW_CX3CR1,gdT,0.7402184009552002,349.3856201171875,0.0
Macro_alveolar_metallothioneins,Macro_alveolar_metallothioneins,0.7063035368919373,333.377685546875,0.0
Macro_alveolar_metallothioneins,Macro_alv,0.6558926701545715,309.5835876464844,0.0
Macro_alveolar_metallothioneins,Macro_dividing,0.6651739478111267,313.9643859863281,0.0
Macro_alveolar_metallothioneins,Macro_int,0.6922284364700317,326.73419189453125,0.0
Macro_alveolar_metallothioneins,Macro_CCL,0.6868805289268494,324.2099609375,0.0
Macro_alveolar_metallothioneins,Mast_cell,0.668457567691803,315.5142517089844,0.0
Macro_alveolar_metallothioneins,Megakaryocyte,0.6295194625854492,297.1353454589844,0.0
Macro_alveolar_metallothioneins,Mesothelia,0.6871770620346069,324.34991455078125,0.0
Macro_alveolar_metallothioneins,Macrophage_intermediate,0.7174165844917297,338.6230773925781,0.0
Macro_alveolar_metallothioneins,Monocyte_CD14,0.6924659609794617,326.8463134765625,0.0
Macro_alveolar_metallothioneins,Monocyte_CD16,0.7197536826133728,339.7261962890625,0.0
Macro_alveolar_metallothioneins,Muscle_airway,-0.08301108330488205,-39.181514739990234,0.0
Macro_alveolar_metallothioneins,Muscle_pericyte_airway,0.4664052724838257,220.14488220214844,0.0
Macro_alveolar_metallothioneins,Muscle_pericyte_parenchyma,0.659874677658081,311.4631042480469,0.0
Macro_alveolar_metallothioneins,Muscle_perivascular_immune_recruiting,0.6610113382339478,311.9996032714844,0.0
Macro_alveolar_metallothioneins,Muscle_smooth_pulmonary,-0.07707791775465012,-36.38104248046875,8.490583280474183e-290
Macro_alveolar_metallothioneins,Muscle_smooth_syst_arterial,-0.09126044809818268,-43.07524490356445,0.0
Macro_alveolar_metallothioneins,Myoepithelial,0.597337007522583,281.9450988769531,0.0
Macro_alveolar_metallothioneins,NAF_endoneurial,0.07203268259763718,33.999671936035156,2.2528074963316855e-253
Macro_alveolar_metallothioneins,NAF_perineurial,-0.05973346531391144,-28.194400787353516,6.849013232176538e-175
Macro_alveolar_metallothioneins,NK_CD16hi,0.6984435319900513,329.667724609375,0.0
Macro_alveolar_metallothioneins,NKT,0.7100880146026611,335.1639709472656,0.0
Macro_alveolar_metallothioneins,NK_CD11d,0.6928581595420837,327.03143310546875,0.0
Macro_alveolar_metallothioneins,NK_CD56bright,0.6728582978248596,317.5914306640625,0.0
Macro_alveolar_metallothioneins,Neuroendocrine,0.6292805671691895,297.0225830078125,0.0
Macro_alveolar_metallothioneins,SMG_Basal,0.4119606614112854,194.44683837890625,0.0
Macro_alveolar_metallothioneins,SMG_Duct,0.6088526844978333,287.38055419921875,0.0
Macro_alveolar_metallothioneins,SMG_Mucous,0.6323723793029785,298.48193359375,0.0
Macro_alveolar_metallothioneins,SMG_Serous,0.6028928160667419,284.5674743652344,0.0
Macro_alveolar_metallothioneins,Schwann_Myelinating,0.5661458969116211,267.2228088378906,0.0
Macro_alveolar_metallothioneins,Schwann_nonmyelinating,0.0812077671289444,38.330345153808594,0.0
Macro_alveolar_metallothioneins,Secretory_Club,0.2109586000442505,99.57318115234375,0.0
Macro_alveolar_metallothioneins,Secretory_Goblet,0.39827463030815125,187.9869842529297,0.0
Macro_alveolar_metallothioneins,Suprabasal,0.26049143075942993,122.95285034179688,0.0
Macro_alveolar_metallothioneins,T_reg,0.6881861090660095,324.8262023925781,0.0
Macro_alveolar_metallothioneins,gdT,0.7024803757667542,331.5731506347656,0.0
Macro_alv,Macro_alv,0.7236241102218628,341.5530700683594,0.0
Macro_alv,Macro_dividing,0.7268321514129639,343.0672607421875,0.0
Macro_alv,Macro_int,0.7050463557243347,332.7843017578125,0.0
Macro_alv,Macro_CCL,0.73178631067276,345.4056396484375,0.0
Macro_alv,Mast_cell,0.6307693719863892,297.7253112792969,0.0
Macro_alv,Megakaryocyte,0.6402148008346558,302.1835632324219,0.0
Macro_alv,Mesothelia,0.6018628478050232,284.0813293457031,0.0
Macro_alv,Macrophage_intermediate,0.7126485705375671,336.37255859375,0.0
Macro_alv,Monocyte_CD14,0.721979558467865,340.7768249511719,0.0
Macro_alv,Monocyte_CD16,0.7259625196456909,342.65679931640625,0.0
Macro_alv,Muscle_airway,-0.18799489736557007,-88.73423767089844,0.0
Macro_alv,Muscle_pericyte_airway,0.32999828457832336,155.76031494140625,0.0
Macro_alv,Muscle_pericyte_parenchyma,0.7144915461540222,337.2424621582031,0.0
Macro_alv,Muscle_perivascular_immune_recruiting,0.577019989490509,272.35540771484375,0.0
Macro_alv,Muscle_smooth_pulmonary,-0.19399552047252655,-91.5665512084961,0.0
Macro_alv,Muscle_smooth_syst_arterial,-0.202656552195549,-95.65458679199219,0.0
Macro_alv,Myoepithelial,0.5917406678199768,279.3036193847656,0.0
Macro_alv,NAF_endoneurial,-0.015119318850338459,-7.1363701820373535,9.58277228555429e-13
Macro_alv,NAF_perineurial,-0.16642846167087555,-78.55480194091797,0.0
Macro_alv,NK_CD16hi,0.7318863272666931,345.4528503417969,0.0
Macro_alv,NKT,0.7320159077644348,345.5140075683594,0.0
Macro_alv,NK_CD11d,0.7254865169525146,342.43212890625,0.0
Macro_alv,NK_CD56bright,0.716975748538971,338.4150085449219,0.0
Macro_alv,Neuroendocrine,0.6037561297416687,284.9749450683594,0.0
Macro_alv,SMG_Basal,0.37397658824920654,176.5182342529297,0.0
Macro_alv,SMG_Duct,0.5644308924674988,266.4132995605469,0.0
Macro_alv,SMG_Mucous,0.6159918904304504,290.7502746582031,0.0
Macro_alv,SMG_Serous,0.5696220397949219,268.8635559082031,0.0
Macro_alv,Schwann_Myelinating,0.5279564261436462,249.19723510742188,0.0
Macro_alv,Schwann_nonmyelinating,-0.031014764681458473,-14.63907527923584,1.5820526908139997e-48
Macro_alv,Secretory_Club,0.20002496242523193,94.41246795654297,0.0
Macro_alv,Secretory_Goblet,0.4011203646659851,189.33018493652344,0.0
Macro_alv,Suprabasal,0.26829010248184204,126.63385009765625,0.0
Macro_alv,T_reg,0.7194375991821289,339.5769958496094,0.0
Macro_alv,gdT,0.7204281687736511,340.0445556640625,0.0
Macro_dividing,Macro_dividing,0.7350091934204102,346.9268493652344,0.0
Macro_dividing,Macro_int,0.7193186283111572,339.5208435058594,0.0
Macro_dividing,Macro_CCL,0.7413235306739807,349.9072570800781,0.0
Macro_dividing,Mast_cell,0.6301465034484863,297.4313049316406,0.0
Macro_dividing,Megakaryocyte,0.6491156816482544,306.38482666015625,0.0
Macro_dividing,Mesothelia,0.6216346025466919,293.4136657714844,0.0
Macro_dividing,Macrophage_intermediate,0.7244817018508911,341.9578552246094,0.0
Macro_dividing,Monocyte_CD14,0.7302994132041931,344.7038269042969,0.0
Macro_dividing,Monocyte_CD16,0.7358983159065247,347.3465270996094,0.0
Macro_dividing,Muscle_airway,-0.20874331891536713,-98.52755737304688,0.0
Macro_dividing,Muscle_pericyte_airway,0.33615627884864807,158.6669158935547,0.0
Macro_dividing,Muscle_pericyte_parenchyma,0.7177321910858154,338.7720642089844,0.0
Macro_dividing,Muscle_perivascular_immune_recruiting,0.5892515778541565,278.1287536621094,0.0
Macro_dividing,Muscle_smooth_pulmonary,-0.21239693462848663,-100.25208282470703,0.0
Macro_dividing,Muscle_smooth_syst_arterial,-0.2198302000761032,-103.76060485839844,0.0
Macro_dividing,Myoepithelial,0.6108348965644836,288.316162109375,0.0
Macro_dividing,NAF_endoneurial,-0.03042922541499138,-14.362698554992676,8.870475806412256e-47
Macro_dividing,NAF_perineurial,-0.18563981354236603,-87.62262725830078,0.0
Macro_dividing,NK_CD16hi,0.7411307692527771,349.8162536621094,0.0
Macro_dividing,NKT,0.739610493183136,349.09869384765625,0.0
Macro_dividing,NK_CD11d,0.736260175704956,347.517333984375,0.0
Macro_dividing,NK_CD56bright,0.726696252822876,343.00311279296875,0.0
Macro_dividing,Neuroendocrine,0.6122065186500549,288.96356201171875,0.0
Macro_dividing,SMG_Basal,0.39110636711120605,184.60354614257812,0.0
Macro_dividing,SMG_Duct,0.591391921043396,279.1390075683594,0.0
Macro_dividing,SMG_Mucous,0.6355370283126831,299.97564697265625,0.0
Macro_dividing,SMG_Serous,0.593628466129303,280.1946716308594,0.0
Macro_dividing,Schwann_Myelinating,0.5386113524436951,254.2263946533203,0.0
Macro_dividing,Schwann_nonmyelinating,-0.045267947018146515,-21.366626739501953,2.7317028365763952e-101
Macro_dividing,Secretory_Club,0.20819474756717682,98.26863098144531,0.0
Macro_dividing,Secretory_Goblet,0.4054825007915497,191.38912963867188,0.0
Macro_dividing,Suprabasal,0.26829639077186584,126.6368179321289,0.0
Macro_dividing,T_reg,0.7254360914230347,342.4083251953125,0.0
Macro_dividing,gdT,0.7269805669784546,343.1373291015625,0.0
Macro_int,Macro_int,0.7430893778800964,350.74072265625,0.0
Macro_int,Macro_CCL,0.7365016937255859,347.6313171386719,0.0
Macro_int,Mast_cell,0.6386567950248718,301.44818115234375,0.0
Macro_int,Megakaryocyte,0.646355926990509,305.08221435546875,0.0
Macro_int,Mesothelia,0.6880788207054138,324.7755432128906,0.0
Macro_int,Macrophage_intermediate,0.7422972917556763,350.3668518066406,0.0
Macro_int,Monocyte_CD14,0.7324351668357849,345.7119140625,0.0
Macro_int,Monocyte_CD16,0.7477828860282898,352.9560852050781,0.0
Macro_int,Muscle_airway,-0.2270980179309845,-107.1910400390625,0.0
Macro_int,Muscle_pericyte_airway,0.39843276143074036,188.06163024902344,0.0
Macro_int,Muscle_pericyte_parenchyma,0.6997838616371155,330.3003845214844,0.0
Macro_int,Muscle_perivascular_immune_recruiting,0.6378837823867798,301.0833435058594,0.0
Macro_int,Muscle_smooth_pulmonary,-0.2278054654598236,-107.52495574951172,0.0
Macro_int,Muscle_smooth_syst_arterial,-0.23752938210964203,-112.11468505859375,0.0
Macro_int,Myoepithelial,0.6327548027038574,298.6624450683594,0.0
Macro_int,NAF_endoneurial,-0.05160461366176605,-24.357553482055664,4.821714338941325e-131
Macro_int,NAF_perineurial,-0.20429404079914093,-96.427490234375,0.0
Macro_int,NK_CD16hi,0.7361564040184021,347.4683532714844,0.0
Macro_int,NKT,0.739788830280304,349.182861328125,0.0
Macro_int,NK_CD11d,0.7332966923713684,346.1185607910156,0.0
Macro_int,NK_CD56bright,0.7178231477737427,338.8149719238281,0.0
Macro_int,Neuroendocrine,0.6247441172599792,294.88134765625,0.0
Macro_int,SMG_Basal,0.40553027391433716,191.41168212890625,0.0
Macro_int,SMG_Duct,0.6390102505683899,301.6150207519531,0.0
Macro_int,SMG_Mucous,0.6612251996994019,312.1005554199219,0.0
Macro_int,SMG_Serous,0.6344999074935913,299.4861145019531,0.0
Macro_int,Schwann_Myelinating,0.5484376549720764,258.86444091796875,0.0
Macro_int,Schwann_nonmyelinating,-0.06451571732759476,-30.45163917541504,1.1395152594299771e-203
Macro_int,Secretory_Club,0.20872193574905396,98.51747131347656,0.0
Macro_int,Secretory_Goblet,0.40189728140830994,189.6968994140625,0.0
Macro_int,Suprabasal,0.2607114613056183,123.05670166015625,0.0
Macro_int,T_reg,0.7156713008880615,337.79931640625,0.0
Macro_int,gdT,0.723598301410675,341.5408630371094,0.0
Macro_CCL,Macro_CCL,0.7548168301582336,356.276123046875,0.0
Macro_CCL,Mast_cell,0.6479323506355286,305.8262939453125,0.0
Macro_CCL,Megakaryocyte,0.667549729347229,315.08575439453125,0.0
Macro_CCL,Mesothelia,0.6535601019859314,308.48260498046875,0.0
Macro_CCL,Macrophage_intermediate,0.7450997233390808,351.6896057128906,0.0
Macro_CCL,Monocyte_CD14,0.7429447770118713,350.6724853515625,0.0
Macro_CCL,Monocyte_CD16,0.7545687556266785,356.1590270996094,0.0
Macro_CCL,Muscle_airway,-0.21201086044311523,-100.06985473632812,0.0
Macro_CCL,Muscle_pericyte_airway,0.3591998219490051,169.54354858398438,0.0
Macro_CCL,Muscle_pericyte_parenchyma,0.7300852537155151,344.6027526855469,0.0
Macro_CCL,Muscle_perivascular_immune_recruiting,0.6189423203468323,292.14288330078125,0.0
Macro_CCL,Muscle_smooth_pulmonary,-0.2169547975063324,-102.40340423583984,0.0
Macro_CCL,Muscle_smooth_syst_arterial,-0.22572645545005798,-106.54366302490234,0.0
Macro_CCL,Myoepithelial,0.6341682076454163,299.3295593261719,0.0
Macro_CCL,NAF_endoneurial,-0.030394678935408592,-14.346392631530762,1.122246679721753e-46
Macro_CCL,NAF_perineurial,-0.1894942969083786,-89.44195556640625,0.0
Macro_CCL,NK_CD16hi,0.7582541704177856,357.8985595703125,0.0
Macro_CCL,NKT,0.7563183903694153,356.98486328125,0.0
Macro_CCL,NK_CD11d,0.7541866898536682,355.97869873046875,0.0
Macro_CCL,NK_CD56bright,0.7422770857810974,350.3573303222656,0.0
Macro_CCL,Neuroendocrine,0.6372433304786682,300.7810363769531,0.0
Macro_CCL,SMG_Basal,0.4040423035621643,190.7093505859375,0.0
Macro_CCL,SMG_Duct,0.6227405667304993,293.9356689453125,0.0
Macro_CCL,SMG_Mucous,0.6591508388519287,311.1214599609375,0.0
Macro_CCL,SMG_Serous,0.623091459274292,294.1012878417969,0.0
Macro_CCL,Schwann_Myelinating,0.5634569525718689,265.95361328125,0.0
Macro_CCL,Schwann_nonmyelinating,-0.04458574205636978,-21.04462242126465,2.561494589161521e-98
Macro_CCL,Secretory_Club,0.213783398270607,100.906494140625,0.0
Macro_CCL,Secretory_Goblet,0.42062467336654663,198.53628540039062,0.0
Macro_CCL,Suprabasal,0.2748761475086212,129.7424774169922,0.0
Macro_CCL,T_reg,0.7404261827468872,349.48370361328125,0.0
Macro_CCL,gdT,0.7440252900123596,351.1824951171875,0.0
Mast_cell,Mast_cell,0.6697312593460083,316.1154479980469,0.0
Mast_cell,Megakaryocyte,0.5967624187469482,281.67388916015625,0.0
Mast_cell,Mesothelia,0.6151430606842041,290.3496398925781,0.0
Mast_cell,Macrophage_intermediate,0.671904981136322,317.1414489746094,0.0
Mast_cell,Monocyte_CD14,0.6590213775634766,311.0603332519531,0.0
Mast_cell,Monocyte_CD16,0.6807910203933716,321.335693359375,0.0
Mast_cell,Muscle_airway,-0.01528518833220005,-7.214661121368408,5.406845403039612e-13
Mast_cell,Muscle_pericyte_airway,0.44659534096717834,210.79452514648438,0.0
Mast_cell,Muscle_pericyte_parenchyma,0.6390007734298706,301.6105651855469,0.0
Mast_cell,Muscle_perivascular_immune_recruiting,0.6101102828979492,287.9741516113281,0.0
Mast_cell,Muscle_smooth_pulmonary,-0.018522419035434723,-8.742645263671875,2.2771480879274692e-18
Mast_cell,Muscle_smooth_syst_arterial,-0.038435403257608414,-18.14164161682129,1.494982572706179e-73
Mast_cell,Myoepithelial,0.5213289260864258,246.06903076171875,0.0
Mast_cell,NAF_endoneurial,0.11828122287988663,55.82914352416992,0.0
Mast_cell,NAF_perineurial,0.0044167968444526196,2.0847432613372803,0.037092611466649876
Mast_cell,NK_CD16hi,0.660423994064331,311.7223815917969,0.0
Mast_cell,NKT,0.67702317237854,319.5572509765625,0.0
Mast_cell,NK_CD11d,0.6510024666786194,307.275390625,0.0
Mast_cell,NK_CD56bright,0.6359584331512451,300.174560546875,0.0
Mast_cell,Neuroendocrine,0.5942069888114929,280.4677429199219,0.0
Mast_cell,SMG_Basal,0.35927292704582214,169.5780487060547,0.0
Mast_cell,SMG_Duct,0.5140349864959717,242.6262664794922,0.0
Mast_cell,SMG_Mucous,0.5574769377708435,263.1310119628906,0.0
Mast_cell,SMG_Serous,0.5137734413146973,242.50282287597656,0.0
Mast_cell,Schwann_Myelinating,0.5260331630706787,248.28945922851562,0.0
Mast_cell,Schwann_nonmyelinating,0.13248346745967865,62.532649993896484,0.0
Mast_cell,Secretory_Club,0.1917915791273117,90.52628326416016,0.0
Mast_cell,Secretory_Goblet,0.385428786277771,181.9237060546875,0.0
Mast_cell,Suprabasal,0.2594035267829895,122.4393539428711,0.0
Mast_cell,T_reg,0.661479115486145,312.22039794921875,0.0
Mast_cell,gdT,0.6729246377944946,317.62274169921875,0.0
Megakaryocyte,Megakaryocyte,0.6627585291862488,312.82427978515625,0.0
Megakaryocyte,Mesothelia,0.6118395924568176,288.7903747558594,0.0
Megakaryocyte,Macrophage_intermediate,0.6789215207099915,320.4532775878906,0.0
Megakaryocyte,Monocyte_CD14,0.6481809616088867,305.9436340332031,0.0
Megakaryocyte,Monocyte_CD16,0.6769921183586121,319.5426025390625,0.0
Megakaryocyte,Muscle_airway,-0.1213906779885292,-57.29681396484375,0.0
Megakaryocyte,Muscle_pericyte_airway,0.34045612812042236,160.6964569091797,0.0
Megakaryocyte,Muscle_pericyte_parenchyma,0.6387239694595337,301.4798889160156,0.0
Megakaryocyte,Muscle_perivascular_immune_recruiting,0.600928008556366,283.64007568359375,0.0
Megakaryocyte,Muscle_smooth_pulmonary,-0.14763258397579193,-69.6830825805664,0.0
Megakaryocyte,Muscle_smooth_syst_arterial,-0.15598957240581512,-73.62760925292969,0.0
Megakaryocyte,Myoepithelial,0.6147164702415466,290.1482849121094,0.0
Megakaryocyte,NAF_endoneurial,0.054175250232219696,25.570903778076172,3.2153086013071656e-144
Megakaryocyte,NAF_perineurial,-0.11048315465450287,-52.1484260559082,0.0
Megakaryocyte,NK_CD16hi,0.6929476261138916,327.0736389160156,0.0
Megakaryocyte,NKT,0.6792110800743103,320.5899658203125,0.0
Megakaryocyte,NK_CD11d,0.6968621611595154,328.92132568359375,0.0
Megakaryocyte,NK_CD56bright,0.6859701871871948,323.7802734375,0.0
Megakaryocyte,Neuroendocrine,0.6491192579269409,306.3865051269531,0.0
Megakaryocyte,SMG_Basal,0.4550677239894867,214.79351806640625,0.0
Megakaryocyte,SMG_Duct,0.6089588403701782,287.4306640625,0.0
Megakaryocyte,SMG_Mucous,0.6342768669128418,299.380859375,0.0
Megakaryocyte,SMG_Serous,0.6065705418586731,286.3033752441406,0.0
Megakaryocyte,Schwann_Myelinating,0.5863328576087952,276.7511291503906,0.0
Megakaryocyte,Schwann_nonmyelinating,0.031216176226735115,14.734142303466797,3.891060280179009e-49
Megakaryocyte,Secretory_Club,0.22400319576263428,105.73027801513672,0.0
Megakaryocyte,Secretory_Goblet,0.4343291223049164,205.0048370361328,0.0
Megakaryocyte,Suprabasal,0.31776463985443115,149.98599243164062,0.0
Megakaryocyte,T_reg,0.6762219667434692,319.1790771484375,0.0
Megakaryocyte,gdT,0.6823982000350952,322.09429931640625,0.0
Mesothelia,Mesothelia,0.7329831123352051,345.9705505371094,0.0
Mesothelia,Macrophage_intermediate,0.7040222883224487,332.3009338378906,0.0
Mesothelia,Monocyte_CD14,0.6569204926490784,310.0687255859375,0.0
Mesothelia,Monocyte_CD16,0.6956820487976074,328.36431884765625,0.0
Mesothelia,Muscle_airway,-0.14893776178359985,-70.29913330078125,0.0
Mesothelia,Muscle_pericyte_airway,0.4798673093318939,226.49900817871094,0.0
Mesothelia,Muscle_pericyte_parenchyma,0.6040241122245789,285.1014404296875,0.0
Mesothelia,Muscle_perivascular_immune_recruiting,0.6800920963287354,321.00579833984375,0.0
Mesothelia,Muscle_smooth_pulmonary,-0.1486317217350006,-70.15467834472656,0.0
Mesothelia,Muscle_smooth_syst_arterial,-0.1619580090045929,-76.44473266601562,0.0
Mesothelia,Myoepithelial,0.628652036190033,296.7259216308594,0.0
Mesothelia,NAF_endoneurial,0.007651980966329575,3.6117610931396484,0.00030412468040826485
Mesothelia,NAF_perineurial,-0.1304858922958374,-61.589786529541016,0.0
Mesothelia,NK_CD16hi,0.666045606136322,314.37579345703125,0.0
Mesothelia,NKT,0.6737028956413269,317.9900817871094,0.0
Mesothelia,NK_CD11d,0.6673182249069214,314.9764709472656,0.0
Mesothelia,NK_CD56bright,0.6423228979110718,303.1786193847656,0.0
Mesothelia,Neuroendocrine,0.6239898800849915,294.5253601074219,0.0
Mesothelia,SMG_Basal,0.4364655315876007,206.0132293701172,0.0
Mesothelia,SMG_Duct,0.668485701084137,315.52752685546875,0.0
Mesothelia,SMG_Mucous,0.6581043601036072,310.62750244140625,0.0
Mesothelia,SMG_Serous,0.6541000604629517,308.7374572753906,0.0
Mesothelia,Schwann_Myelinating,0.5616599321365356,265.10540771484375,0.0
Mesothelia,Schwann_nonmyelinating,0.003151340875774622,1.4874436855316162,0.13689766620252933
Mesothelia,Secretory_Club,0.21035969257354736,99.29049682617188,0.0
Mesothelia,Secretory_Goblet,0.37965598702430725,179.1989288330078,0.0
Mesothelia,Suprabasal,0.24985243380069733,117.93120574951172,0.0
Mesothelia,T_reg,0.6434359550476074,303.7039794921875,0.0
Mesothelia,gdT,0.6630163192749023,312.94598388671875,0.0
Macrophage_intermediate,Macrophage_intermediate,0.7590303421020508,358.2649230957031,0.0
Macrophage_intermediate,Monocyte_CD14,0.7392681837081909,348.9371032714844,0.0
Macrophage_intermediate,Monocyte_CD16,0.762354850769043,359.8341064453125,0.0
Macrophage_intermediate,Muscle_airway,-0.17147234082221985,-80.93553161621094,0.0
Macrophage_intermediate,Muscle_pericyte_airway,0.42459723353385925,200.41134643554688,0.0
Macrophage_intermediate,Muscle_pericyte_parenchyma,0.7130948901176453,336.5832214355469,0.0
Macrophage_intermediate,Muscle_perivascular_immune_recruiting,0.6689709424972534,315.7565612792969,0.0
Macrophage_intermediate,Muscle_smooth_pulmonary,-0.17682591080665588,-83.46243286132812,0.0
Macrophage_intermediate,Muscle_smooth_syst_arterial,-0.18858814239501953,-89.01425170898438,0.0
Macrophage_intermediate,Myoepithelial,0.6519750356674194,307.73443603515625,0.0
Macrophage_intermediate,NAF_endoneurial,0.007592037785798311,3.583467721939087,0.00033906268033066344
Macrophage_intermediate,NAF_perineurial,-0.1496587097644806,-70.63941955566406,0.0
Macrophage_intermediate,NK_CD16hi,0.7544102668762207,356.084228515625,0.0
Macrophage_intermediate,NKT,0.7564800381660461,357.0611572265625,0.0
Macrophage_intermediate,NK_CD11d,0.7517262697219849,354.8173828125,0.0
Macrophage_intermediate,NK_CD56bright,0.7350055575370789,346.9251403808594,0.0
Macrophage_intermediate,Neuroendocrine,0.664689838886261,313.7358703613281,0.0
Macrophage_intermediate,SMG_Basal,0.43592989444732666,205.76040649414062,0.0
Macrophage_intermediate,SMG_Duct,0.6551247835159302,309.22113037109375,0.0
Macrophage_intermediate,SMG_Mucous,0.6795478463172913,320.7489013671875,0.0
Macrophage_intermediate,SMG_Serous,0.6510168313980103,307.28216552734375,0.0
Macrophage_intermediate,Schwann_Myelinating,0.5924883484840393,279.6565246582031,0.0
Macrophage_intermediate,Schwann_nonmyelinating,-0.0022159540094435215,-1.0459378957748413,0.2955897065725829
Macrophage_intermediate,Secretory_Club,0.22268587350845337,105.1084976196289,0.0
Macrophage_intermediate,Secretory_Goblet,0.42889660596847534,202.44065856933594,0.0
Macrophage_intermediate,Suprabasal,0.2838420569896698,133.97442626953125,0.0
Macrophage_intermediate,T_reg,0.7367154359817505,347.7322082519531,0.0
Macrophage_intermediate,gdT,0.7466515898704529,352.422119140625,0.0
Monocyte_CD14,Monocyte_CD14,0.7407624125480652,349.64239501953125,0.0
Monocyte_CD14,Monocyte_CD16,0.7506189346313477,354.2947082519531,0.0
Monocyte_CD14,Muscle_airway,-0.19029998779296875,-89.8222427368164,0.0
Monocyte_CD14,Muscle_pericyte_airway,0.3892550468444824,183.72972106933594,0.0
Monocyte_CD14,Muscle_pericyte_parenchyma,0.7200603485107422,339.8709411621094,0.0
Monocyte_CD14,Muscle_perivascular_immune_recruiting,0.6219884157180786,293.5806579589844,0.0
Monocyte_CD14,Muscle_smooth_pulmonary,-0.19137971103191376,-90.33187866210938,0.0
Monocyte_CD14,Muscle_smooth_syst_arterial,-0.20316755771636963,-95.89578247070312,0.0
Monocyte_CD14,Myoepithelial,0.6116838455200195,288.71685791015625,0.0
Monocyte_CD14,NAF_endoneurial,-0.017766350880265236,-8.385778427124023,5.039117286702652e-17
Monocyte_CD14,NAF_perineurial,-0.16533848643302917,-78.04032897949219,0.0
Monocyte_CD14,NK_CD16hi,0.7428236603736877,350.61529541015625,0.0
Monocyte_CD14,NKT,0.7488948702812195,353.48095703125,0.0
Monocyte_CD14,NK_CD11d,0.736085057258606,347.4346618652344,0.0
Monocyte_CD14,NK_CD56bright,0.7228893637657166,341.2062683105469,0.0
Monocyte_CD14,Neuroendocrine,0.6206247210502625,292.9369812011719,0.0
Monocyte_CD14,SMG_Basal,0.3826462924480438,180.61036682128906,0.0
Monocyte_CD14,SMG_Duct,0.5999099016189575,283.1595153808594,0.0
Monocyte_CD14,SMG_Mucous,0.6382051110267639,301.2349853515625,0.0
Monocyte_CD14,SMG_Serous,0.6009237766265869,283.6380920410156,0.0
Monocyte_CD14,Schwann_Myelinating,0.5459975004196167,257.7126770019531,0.0
Monocyte_CD14,Schwann_nonmyelinating,-0.02484913356602192,-11.728876113891602,9.065433986012253e-32
Monocyte_CD14,Secretory_Club,0.20297381281852722,95.80433654785156,0.0
Monocyte_CD14,Secretory_Goblet,0.40114864706993103,189.34353637695312,0.0
Monocyte_CD14,Suprabasal,0.2571067214012146,121.35525512695312,0.0
Monocyte_CD14,T_reg,0.7287283539772034,343.9622802734375,0.0
Monocyte_CD14,gdT,0.7341406345367432,346.51690673828125,0.0
Monocyte_CD16,Monocyte_CD16,0.7694791555404663,363.1968078613281,0.0
Monocyte_CD16,Muscle_airway,-0.1756209135055542,-82.89366912841797,0.0
Monocyte_CD16,Muscle_pericyte_airway,0.42003270983695984,198.2568817138672,0.0
Monocyte_CD16,Muscle_pericyte_parenchyma,0.72748863697052,343.37713623046875,0.0
Monocyte_CD16,Muscle_perivascular_immune_recruiting,0.6616570353507996,312.30438232421875,0.0
Monocyte_CD16,Muscle_smooth_pulmonary,-0.1795109361410141,-84.72977447509766,0.0
Monocyte_CD16,Muscle_smooth_syst_arterial,-0.1921728402376175,-90.70623779296875,0.0
Monocyte_CD16,Myoepithelial,0.6431564092636108,303.572021484375,0.0
Monocyte_CD16,NAF_endoneurial,0.0015507284551858902,0.7319491505622864,0.4641996049065491
Monocyte_CD16,NAF_perineurial,-0.15260381996631622,-72.02952575683594,0.0
Monocyte_CD16,NK_CD16hi,0.7611911296844482,359.2848205566406,0.0
Monocyte_CD16,NKT,0.7653677463531494,361.2561950683594,0.0
Monocyte_CD16,NK_CD11d,0.7565740942955017,357.1055603027344,0.0
Monocyte_CD16,NK_CD56bright,0.740803599357605,349.6618347167969,0.0
Monocyte_CD16,Neuroendocrine,0.6579883694648743,310.57275390625,0.0
Monocyte_CD16,SMG_Basal,0.41766008734703064,197.13699340820312,0.0
Monocyte_CD16,SMG_Duct,0.6408055424690247,302.46240234375,0.0
Monocyte_CD16,SMG_Mucous,0.6718773245811462,317.1283874511719,0.0
Monocyte_CD16,SMG_Serous,0.638803243637085,301.5173034667969,0.0
Monocyte_CD16,Schwann_Myelinating,0.5837497115135193,275.5318603515625,0.0
Monocyte_CD16,Schwann_nonmyelinating,-0.005971471779048443,-2.8185551166534424,0.0048240328102842935
Monocyte_CD16,Secretory_Club,0.217460498213768,102.64209747314453,0.0
Monocyte_CD16,Secretory_Goblet,0.42601773142814636,201.0818328857422,0.0
Monocyte_CD16,Suprabasal,0.27826279401779175,131.3409881591797,0.0
Monocyte_CD16,T_reg,0.7452917098999023,351.7802429199219,0.0
Monocyte_CD16,gdT,0.7535489201545715,355.67767333984375,0.0
Muscle_airway,Muscle_airway,0.4211251735687256,198.77252197265625,0.0
Muscle_airway,Muscle_pericyte_airway,0.05476667359471321,25.85005760192871,2.4294734186618764e-147
Muscle_airway,Muscle_pericyte_parenchyma,-0.17235277593135834,-81.3510971069336,0.0
Muscle_airway,Muscle_perivascular_immune_recruiting,-0.07119880616664886,-33.6060791015625,1.3673298882353504e-247
Muscle_airway,Muscle_smooth_pulmonary,0.41418522596359253,195.49684143066406,0.0
Muscle_airway,Muscle_smooth_syst_arterial,0.4030548334121704,190.24325561523438,0.0
Muscle_airway,Myoepithelial,-0.20457005500793457,-96.55776977539062,0.0
Muscle_airway,NAF_endoneurial,0.3417630195617676,161.3133087158203,0.0
Muscle_airway,NAF_perineurial,0.40231436491012573,189.8937530517578,0.0
Muscle_airway,NK_CD16hi,-0.18604078888893127,-87.8118896484375,0.0
Muscle_airway,NKT,-0.16776502132415771,-79.18566131591797,0.0
Muscle_airway,NK_CD11d,-0.19639450311660767,-92.6988754272461,0.0
Muscle_airway,NK_CD56bright,-0.1994718313217163,-94.1513900756836,0.0
Muscle_airway,Neuroendocrine,-0.0762559100985527,-35.99304962158203,1.0745297898135207e-283
Muscle_airway,SMG_Basal,-0.0510576106607914,-24.099367141723633,2.538192414760963e-128
Muscle_airway,SMG_Duct,-0.2143329530954361,-101.16588592529297,0.0
Muscle_airway,SMG_Mucous,-0.19989840686321259,-94.35272979736328,0.0
Muscle_airway,SMG_Serous,-0.21269497275352478,-100.39275360107422,0.0
Muscle_airway,Schwann_Myelinating,-0.052080851048231125,-24.582340240478516,1.9515497837119124e-133
Muscle_airway,Schwann_nonmyelinating,0.37769296765327454,178.27236938476562,0.0
Muscle_airway,Secretory_Club,-0.03855515643954277,-18.198165893554688,5.336482162105192e-74
Muscle_airway,Secretory_Goblet,-0.07365389168262482,-34.764888763427734,8.25714832961862e-265
Muscle_airway,Suprabasal,-0.04206148162484169,-19.85316276550293,1.034782531697289e-87
Muscle_airway,T_reg,-0.15190552175045013,-71.6999282836914,0.0
Muscle_airway,gdT,-0.14020900428295135,-66.17913055419922,0.0
Muscle_pericyte_airway,Muscle_pericyte_airway,0.43753543496131897,206.51821899414062,0.0
Muscle_pericyte_airway,Muscle_pericyte_parenchyma,0.3353603184223175,158.2912139892578,0.0
Muscle_pericyte_airway,Muscle_perivascular_immune_recruiting,0.4645560085773468,219.2720184326172,0.0
Muscle_pericyte_airway,Muscle_smooth_pulmonary,0.07095874845981598,33.49277114868164,6.141461924470576e-246
Muscle_pericyte_airway,Muscle_smooth_syst_arterial,0.05225406214594841,24.66409683227539,2.598122424526208e-134
Muscle_pericyte_airway,Myoepithelial,0.32884013652801514,155.2136688232422,0.0
Muscle_pericyte_airway,NAF_endoneurial,0.11909276247024536,56.21219253540039,0.0
Muscle_pericyte_airway,NAF_perineurial,0.07523876428604126,35.51295471191406,3.101944671595505e-276
Muscle_pericyte_airway,NK_CD16hi,0.3667921721935272,173.12716674804688,0.0
Muscle_pericyte_airway,NKT,0.39518800377845764,186.53009033203125,0.0
Muscle_pericyte_airway,NK_CD11d,0.36117321252822876,170.47499084472656,0.0
Muscle_pericyte_airway,NK_CD56bright,0.3404337465763092,160.68589782714844,0.0
Muscle_pericyte_airway,Neuroendocrine,0.3702647387981415,174.76622009277344,0.0
Muscle_pericyte_airway,SMG_Basal,0.2483707219362259,117.2318344116211,0.0
Muscle_pericyte_airway,SMG_Duct,0.3578013479709625,168.88345336914062,0.0
Muscle_pericyte_airway,SMG_Mucous,0.36050182580947876,170.15809631347656,0.0
Muscle_pericyte_airway,SMG_Serous,0.35109370946884155,165.71743774414062,0.0
Muscle_pericyte_airway,Schwann_Myelinating,0.3356817066669464,158.4429168701172,0.0
Muscle_pericyte_airway,Schwann_nonmyelinating,0.14826157689094543,69.97997283935547,0.0
Muscle_pericyte_airway,Secretory_Club,0.12545442581176758,59.21492004394531,0.0
Muscle_pericyte_airway,Secretory_Goblet,0.21375615894794464,100.89363861083984,0.0
Muscle_pericyte_airway,Suprabasal,0.13989883661270142,66.03273010253906,0.0
Muscle_pericyte_airway,T_reg,0.3686554729938507,174.0066375732422,0.0
Muscle_pericyte_airway,gdT,0.3903680443763733,184.2550506591797,0.0
Muscle_pericyte_parenchyma,Muscle_pericyte_parenchyma,0.7231138944625854,341.3122253417969,0.0
Muscle_pericyte_parenchyma,Muscle_perivascular_immune_recruiting,0.5827444791793823,275.0574035644531,0.0
Muscle_pericyte_parenchyma,Muscle_smooth_pulmonary,-0.1802632212638855,-85.08485412597656,0.0
Muscle_pericyte_parenchyma,Muscle_smooth_syst_arterial,-0.19179479777812958,-90.52780151367188,0.0
Muscle_pericyte_parenchyma,Myoepithelial,0.5880106091499329,277.54302978515625,0.0
Muscle_pericyte_parenchyma,NAF_endoneurial,-0.003987276926636696,-1.8820083141326904,0.05983488679144202
Muscle_pericyte_parenchyma,NAF_perineurial,-0.1530141830444336,-72.22322082519531,0.0
Muscle_pericyte_parenchyma,NK_CD16hi,0.7343345880508423,346.6084289550781,0.0
Muscle_pericyte_parenchyma,NKT,0.7352404594421387,347.0360107421875,0.0
Muscle_pericyte_parenchyma,NK_CD11d,0.7259052991867065,342.6297912597656,0.0
Muscle_pericyte_parenchyma,NK_CD56bright,0.7147948145866394,337.3855895996094,0.0
Muscle_pericyte_parenchyma,Neuroendocrine,0.6079736351966858,286.96563720703125,0.0
Muscle_pericyte_parenchyma,SMG_Basal,0.3552919924259186,167.69903564453125,0.0
Muscle_pericyte_parenchyma,SMG_Duct,0.5652506947517395,266.8002624511719,0.0
Muscle_pericyte_parenchyma,SMG_Mucous,0.61013263463974,287.98468017578125,0.0
Muscle_pericyte_parenchyma,SMG_Serous,0.568770170211792,268.4614562988281,0.0
Muscle_pericyte_parenchyma,Schwann_Myelinating,0.5371598601341248,253.54129028320312,0.0
Muscle_pericyte_parenchyma,Schwann_nonmyelinating,-0.014693147502839565,-6.935215950012207,4.0560109218205935e-12
Muscle_pericyte_parenchyma,Secretory_Club,0.18859383463859558,89.01693725585938,0.0
Muscle_pericyte_parenchyma,Secretory_Goblet,0.39945927262306213,188.546142578125,0.0
Muscle_pericyte_parenchyma,Suprabasal,0.248129203915596,117.11783599853516,0.0
Muscle_pericyte_parenchyma,T_reg,0.721751868724823,340.6693420410156,0.0
Muscle_pericyte_parenchyma,gdT,0.7238149046897888,341.64312744140625,0.0
Muscle_perivascular_immune_recruiting,Muscle_perivascular_immune_recruiting,0.6559925675392151,309.6307373046875,0.0
Muscle_perivascular_immune_recruiting,Muscle_smooth_pulmonary,-0.07700331509113312,-36.345829010009766,3.05818711435083e-289
Muscle_perivascular_immune_recruiting,Muscle_smooth_syst_arterial,-0.090872623026371,-42.892189025878906,0.0
Muscle_perivascular_immune_recruiting,Myoepithelial,0.5908340811729431,278.8757019042969,0.0
Muscle_perivascular_immune_recruiting,NAF_endoneurial,0.07940269261598587,37.47834396362305,2.0755478156773227e-307
Muscle_perivascular_immune_recruiting,NAF_perineurial,-0.05508331581950188,-25.999513626098633,5.015240426911086e-149
Muscle_perivascular_immune_recruiting,NK_CD16hi,0.6388565897941589,301.5425109863281,0.0
Muscle_perivascular_immune_recruiting,NKT,0.6457311511039734,304.7873229980469,0.0
Muscle_perivascular_immune_recruiting,NK_CD11d,0.638498842716217,301.3736267089844,0.0
Muscle_perivascular_immune_recruiting,NK_CD56bright,0.6156468391418457,290.58740234375,0.0
Muscle_perivascular_immune_recruiting,Neuroendocrine,0.6168785095214844,291.16876220703125,0.0
Muscle_perivascular_immune_recruiting,SMG_Basal,0.4243733286857605,200.3056640625,0.0
Muscle_perivascular_immune_recruiting,SMG_Duct,0.614022433757782,289.8206787109375,0.0
Muscle_perivascular_immune_recruiting,SMG_Mucous,0.6176924109458923,291.55291748046875,0.0
Muscle_perivascular_immune_recruiting,SMG_Serous,0.6047347784042358,285.4368896484375,0.0
Muscle_perivascular_immune_recruiting,Schwann_Myelinating,0.5597607493400574,264.208984375,0.0
Muscle_perivascular_immune_recruiting,Schwann_nonmyelinating,0.07387904822826385,34.87116241455078,2.0347611298651035e-266
Muscle_perivascular_immune_recruiting,Secretory_Club,0.20163504779338837,95.17243194580078,0.0
Muscle_perivascular_immune_recruiting,Secretory_Goblet,0.38008737564086914,179.4025421142578,0.0
Muscle_perivascular_immune_recruiting,Suprabasal,0.25688427686691284,121.25025939941406,0.0
Muscle_perivascular_immune_recruiting,T_reg,0.6237167119979858,294.39642333984375,0.0
Muscle_perivascular_immune_recruiting,gdT,0.6427037119865417,303.35833740234375,0.0
Muscle_smooth_pulmonary,Muscle_smooth_pulmonary,0.4354479908943176,205.53294372558594,0.0
Muscle_smooth_pulmonary,Muscle_smooth_syst_arterial,0.42912551760673523,202.5487060546875,0.0
Muscle_smooth_pulmonary,Myoepithelial,-0.21673336625099182,-102.29888916015625,0.0
Muscle_smooth_pulmonary,NAF_endoneurial,0.33233779668807983,156.8645782470703,0.0
Muscle_smooth_pulmonary,NAF_perineurial,0.40902745723724365,193.06236267089844,0.0
Muscle_smooth_pulmonary,NK_CD16hi,-0.19670118391513824,-92.84363555908203,0.0
Muscle_smooth_pulmonary,NKT,-0.1742936074733734,-82.26718139648438,0.0
Muscle_smooth_pulmonary,NK_CD11d,-0.20813632011413574,-98.24105834960938,0.0
Muscle_smooth_pulmonary,NK_CD56bright,-0.21234779059886932,-100.2288818359375,0.0
Muscle_smooth_pulmonary,Neuroendocrine,-0.1034587100148201,-48.83286666870117,0.0
Muscle_smooth_pulmonary,SMG_Basal,-0.061469800770282745,-29.01395606994629,4.3870897019965913e-185
Muscle_smooth_pulmonary,SMG_Duct,-0.2183757722377777,-103.07411193847656,0.0
Muscle_smooth_pulmonary,SMG_Mucous,-0.20288778841495514,-95.76373291015625,0.0
Muscle_smooth_pulmonary,SMG_Serous,-0.21595147252082825,-101.9298324584961,0.0
Muscle_smooth_pulmonary,Schwann_Myelinating,-0.06874258071184158,-32.44673156738281,6.023226616223795e-231
Muscle_smooth_pulmonary,Schwann_nonmyelinating,0.3906491994857788,184.38775634765625,0.0
Muscle_smooth_pulmonary,Secretory_Club,-0.03298642486333847,-15.56970500946045,1.1694530307801971e-54
Muscle_smooth_pulmonary,Secretory_Goblet,-0.08644939959049225,-40.804412841796875,0.0
Muscle_smooth_pulmonary,Suprabasal,-0.05466638132929802,-25.802719116210938,8.265449747108219e-147
Muscle_smooth_pulmonary,T_reg,-0.16176529228687286,-76.35377502441406,0.0
Muscle_smooth_pulmonary,gdT,-0.1500731259584427,-70.83502960205078,0.0
Muscle_smooth_syst_arterial,Muscle_smooth_syst_arterial,0.427086740732193,201.58641052246094,0.0
Muscle_smooth_syst_arterial,Myoepithelial,-0.21991083025932312,-103.79866790771484,0.0
Muscle_smooth_syst_arterial,NAF_endoneurial,0.3254251182079315,153.60177612304688,0.0
Muscle_smooth_syst_arterial,NAF_perineurial,0.400840699672699,189.19818115234375,0.0
Muscle_smooth_syst_arterial,NK_CD16hi,-0.20577241480350494,-97.12528228759766,0.0
Muscle_smooth_syst_arterial,NKT,-0.18611779808998108,-87.84823608398438,0.0
Muscle_smooth_syst_arterial,NK_CD11d,-0.21606086194515228,-101.9814682006836,0.0
Muscle_smooth_syst_arterial,NK_CD56bright,-0.21942999958992004,-103.57170867919922,0.0
Muscle_smooth_syst_arterial,Neuroendocrine,-0.1133381649851799,-53.496002197265625,0.0
Muscle_smooth_syst_arterial,SMG_Basal,-0.058575037866830826,-27.647619247436523,2.980930928089025e-168
Muscle_smooth_syst_arterial,SMG_Duct,-0.22053417563438416,-104.09288787841797,0.0
Muscle_smooth_syst_arterial,SMG_Mucous,-0.20644310116767883,-97.44184875488281,0.0
Muscle_smooth_syst_arterial,SMG_Serous,-0.21825042366981506,-103.01494598388672,0.0
Muscle_smooth_syst_arterial,Schwann_Myelinating,-0.07519911229610443,-35.494239807128906,6.031537566638394e-276
Muscle_smooth_syst_arterial,Schwann_nonmyelinating,0.3833647072315216,180.94944763183594,0.0
Muscle_smooth_syst_arterial,Secretory_Club,-0.032903317362070084,-15.530478477478027,2.157638771844724e-54
Muscle_smooth_syst_arterial,Secretory_Goblet,-0.09086808562278748,-42.89004898071289,0.0
Muscle_smooth_syst_arterial,Suprabasal,-0.053851258009672165,-25.417978286743164,1.5959723310876118e-142
Muscle_smooth_syst_arterial,T_reg,-0.17212320864200592,-81.24274444580078,0.0
Muscle_smooth_syst_arterial,gdT,-0.16141125559806824,-76.1866683959961,0.0
Myoepithelial,Myoepithelial,0.6442145705223083,304.07147216796875,0.0
Myoepithelial,NAF_endoneurial,-0.025804996490478516,-12.180047035217285,3.970528169236165e-34
Myoepithelial,NAF_perineurial,-0.18932461738586426,-89.36186981201172,0.0
Myoepithelial,NK_CD16hi,0.6531426906585693,308.28558349609375,0.0
Myoepithelial,NKT,0.6366308927536011,300.4919738769531,0.0
Myoepithelial,NK_CD11d,0.6603034734725952,311.6654968261719,0.0
Myoepithelial,NK_CD56bright,0.6432198286056519,303.6019592285156,0.0
Myoepithelial,Neuroendocrine,0.6076596975326538,286.81744384765625,0.0
Myoepithelial,SMG_Basal,0.44609856605529785,210.56004333496094,0.0
Myoepithelial,SMG_Duct,0.6526504158973694,308.05322265625,0.0
Myoepithelial,SMG_Mucous,0.651792049407959,307.6480712890625,0.0
Myoepithelial,SMG_Serous,0.6492016911506653,306.4254150390625,0.0
Myoepithelial,Schwann_Myelinating,0.5626108646392822,265.55426025390625,0.0
Myoepithelial,Schwann_nonmyelinating,-0.0534464456140995,-25.226905822753906,2.0304483564689704e-140
Myoepithelial,Secretory_Club,0.21548327803611755,101.70884704589844,0.0
Myoepithelial,Secretory_Goblet,0.3847280740737915,181.5929718017578,0.0
Myoepithelial,Suprabasal,0.2630678415298462,124.1689224243164,0.0
Myoepithelial,T_reg,0.6231690049171448,294.1379089355469,0.0
Myoepithelial,gdT,0.6329688429832458,298.7634582519531,0.0
NAF_endoneurial,NAF_endoneurial,0.346823513507843,163.70188903808594,0.0
NAF_endoneurial,NAF_perineurial,0.3475628197193146,164.05084228515625,0.0
NAF_endoneurial,NK_CD16hi,-7.637813541805372e-05,-0.036050740629434586,0.9712419000535292
NAF_endoneurial,NKT,0.009962945245206356,4.702544212341309,2.569395587014948e-06
NAF_endoneurial,NK_CD11d,-0.007605543825775385,-3.5898427963256836,0.0003308774463053251
NAF_endoneurial,NK_CD56bright,-0.012587526813149452,-5.9413557052612305,2.8267449169640653e-09
NAF_endoneurial,Neuroendocrine,0.09107722342014313,42.98876190185547,0.0
NAF_endoneurial,SMG_Basal,0.07840180397033691,37.00592041015625,9.196813221187386e-300
NAF_endoneurial,SMG_Duct,-0.041728775948286057,-19.696125030517578,2.3276816843800124e-86
NAF_endoneurial,SMG_Mucous,-0.0224298145622015,-10.586949348449707,3.4257471796596526e-26
NAF_endoneurial,SMG_Serous,-0.04066043719649315,-19.191865921020508,4.3281672320825643e-82
NAF_endoneurial,Schwann_Myelinating,0.1141333132982254,53.871315002441406,0.0
NAF_endoneurial,Schwann_nonmyelinating,0.38002273440361023,179.3720245361328,0.0
NAF_endoneurial,Secretory_Club,0.02097669057548046,9.901069641113281,4.1184631046771396e-23
NAF_endoneurial,Secretory_Goblet,0.03381932154297829,15.962835311889648,2.3195041662090734e-57
NAF_endoneurial,Suprabasal,0.036621689796447754,17.28556251525879,6.042895314955326e-67
NAF_endoneurial,T_reg,0.025402257218956947,11.989952087402344,4.0113712339167134e-33
NAF_endoneurial,gdT,0.036975085735321045,17.452367782592773,3.302541750784161e-68
NAF_perineurial,NAF_perineurial,0.40795353055000305,192.5554656982422,0.0
NAF_perineurial,NK_CD16hi,-0.16681642830371857,-78.73792266845703,0.0
NAF_perineurial,NKT,-0.14665649831295013,-69.22236633300781,0.0
NAF_perineurial,NK_CD11d,-0.17730508744716644,-83.68860626220703,0.0
NAF_perineurial,NK_CD56bright,-0.18009327352046967,-85.004638671875,0.0
NAF_perineurial,Neuroendocrine,-0.06902969628572464,-32.582252502441406,7.317280530032759e-233
NAF_perineurial,SMG_Basal,-0.039424967020750046,-18.608718872070312,2.730689956031491e-77
NAF_perineurial,SMG_Duct,-0.20001734793186188,-94.40887451171875,0.0
NAF_perineurial,SMG_Mucous,-0.1813313364982605,-85.5890121459961,0.0
NAF_perineurial,SMG_Serous,-0.19708681106567383,-93.02565002441406,0.0
NAF_perineurial,Schwann_Myelinating,-0.03330674767494202,-15.720898628234863,1.0876995120815252e-55
NAF_perineurial,Schwann_nonmyelinating,0.40096670389175415,189.25765991210938,0.0
NAF_perineurial,Secretory_Club,-0.029132593423128128,-13.750683784484863,5.045043422898481e-43
NAF_perineurial,Secretory_Goblet,-0.06776831299066544,-31.986875534057617,1.6600796711497072e-224
NAF_perineurial,Suprabasal,-0.03348833695054054,-15.806610107421875,2.8014046665040284e-56
NAF_perineurial,T_reg,-0.13239842653274536,-62.49251174926758,0.0
NAF_perineurial,gdT,-0.12122230976819992,-57.21734619140625,0.0
NK_CD16hi,NK_CD16hi,0.7703995704650879,363.6312255859375,0.0
NK_CD16hi,NKT,0.7643707394599915,360.7856140136719,0.0
NK_CD16hi,NK_CD11d,0.7681350708007812,362.5623779296875,0.0
NK_CD16hi,NK_CD56bright,0.7553127408027649,356.51019287109375,0.0
NK_CD16hi,Neuroendocrine,0.6680285334587097,315.311767578125,0.0
NK_CD16hi,SMG_Basal,0.43143367767333984,203.63816833496094,0.0
NK_CD16hi,SMG_Duct,0.6441718339920044,304.0513000488281,0.0
NK_CD16hi,SMG_Mucous,0.6782328486442566,320.12823486328125,0.0
NK_CD16hi,SMG_Serous,0.643526017665863,303.7464904785156,0.0
NK_CD16hi,Schwann_Myelinating,0.5972656607627869,281.91143798828125,0.0
NK_CD16hi,Schwann_nonmyelinating,-0.01450303290039301,-6.8454813957214355,7.621912481176396e-12
NK_CD16hi,Secretory_Club,0.22547759115695953,106.42619323730469,0.0
NK_CD16hi,Secretory_Goblet,0.44380733370780945,209.47857666015625,0.0
NK_CD16hi,Suprabasal,0.2948441505432129,139.16744995117188,0.0
NK_CD16hi,T_reg,0.7522120475769043,355.0466613769531,0.0
NK_CD16hi,gdT,0.7567303776741028,357.1793212890625,0.0
NKT,NKT,0.766185998916626,361.6424255371094,0.0
NKT,NK_CD11d,0.75889652967453,358.2017517089844,0.0
NKT,NK_CD56bright,0.7446619272232056,351.48297119140625,0.0
NKT,Neuroendocrine,0.6568605899810791,310.0404357910156,0.0
NKT,SMG_Basal,0.4111129641532898,194.04672241210938,0.0
NKT,SMG_Duct,0.627230167388916,296.0547790527344,0.0
NKT,SMG_Mucous,0.6630576848983765,312.9654846191406,0.0
NKT,SMG_Serous,0.627072274684906,295.9802551269531,0.0
NKT,Schwann_Myelinating,0.5834357738494873,275.3836669921875,0.0
NKT,Schwann_nonmyelinating,0.001049269107170403,0.4952585995197296,0.6204175908376062
NKT,Secretory_Club,0.21485692262649536,101.41320037841797,0.0
NKT,Secretory_Goblet,0.4272838532924652,201.679443359375,0.0
NKT,Suprabasal,0.2773307263851166,130.9010467529297,0.0
NKT,T_reg,0.7496330142021179,353.829345703125,0.0
NKT,gdT,0.7560106515884399,356.8396301269531,0.0
NK_CD11d,NK_CD11d,0.7683017253875732,362.64105224609375,0.0
NK_CD11d,NK_CD56bright,0.7560283541679382,356.84796142578125,0.0
NK_CD11d,Neuroendocrine,0.6719030737876892,317.14056396484375,0.0
NK_CD11d,SMG_Basal,0.44543740153312683,210.2479705810547,0.0
NK_CD11d,SMG_Duct,0.6547212600708008,309.0306701660156,0.0
NK_CD11d,SMG_Mucous,0.6864987015724182,324.02972412109375,0.0
NK_CD11d,SMG_Serous,0.6530227065086365,308.22894287109375,0.0
NK_CD11d,Schwann_Myelinating,0.602031409740448,284.160888671875,0.0
NK_CD11d,Schwann_nonmyelinating,-0.023825248703360558,-11.245598793029785,2.434390763114215e-29
NK_CD11d,Secretory_Club,0.23353078961372375,110.22733306884766,0.0
NK_CD11d,Secretory_Goblet,0.4526887834072113,213.670654296875,0.0
NK_CD11d,Suprabasal,0.30762597918510437,145.2005157470703,0.0
NK_CD11d,T_reg,0.7481415867805481,353.1253967285156,0.0
NK_CD11d,gdT,0.7522964477539062,355.08648681640625,0.0
NK_CD56bright,NK_CD56bright,0.7463356256484985,352.2729797363281,0.0
NK_CD56bright,Neuroendocrine,0.6573347449302673,310.2642517089844,0.0
NK_CD56bright,SMG_Basal,0.437716007232666,206.60345458984375,0.0
NK_CD56bright,SMG_Duct,0.6337289810180664,299.12225341796875,0.0
NK_CD56bright,SMG_Mucous,0.6694165468215942,315.9668884277344,0.0
NK_CD56bright,SMG_Serous,0.6331735253334045,298.8600769042969,0.0
NK_CD56bright,Schwann_Myelinating,0.5863593220710754,276.76361083984375,0.0
NK_CD56bright,Schwann_nonmyelinating,-0.02963290549814701,-13.986832618713379,1.8758185206044743e-44
NK_CD56bright,Secretory_Club,0.2319212108850479,109.46760559082031,0.0
NK_CD56bright,Secretory_Goblet,0.44967228174209595,212.24685668945312,0.0
NK_CD56bright,Suprabasal,0.3121055066585541,147.3148651123047,0.0
NK_CD56bright,T_reg,0.736474335193634,347.618408203125,0.0
NK_CD56bright,gdT,0.7388172745704651,348.7242736816406,0.0
Neuroendocrine,Neuroendocrine,0.6520041227340698,307.7481689453125,0.0
Neuroendocrine,SMG_Basal,0.45438671112060547,214.47207641601562,0.0
Neuroendocrine,SMG_Duct,0.6087496876716614,287.3319396972656,0.0
Neuroendocrine,SMG_Mucous,0.6259410977363586,295.44635009765625,0.0
Neuroendocrine,SMG_Serous,0.605475127696991,285.7863464355469,0.0
Neuroendocrine,Schwann_Myelinating,0.5922701358795166,279.55352783203125,0.0
Neuroendocrine,Schwann_nonmyelinating,0.06985074281692505,32.969791412353516,2.202027025802057e-238
Neuroendocrine,Secretory_Club,0.21942174434661865,103.56781768798828,0.0
Neuroendocrine,Secretory_Goblet,0.4253635108470917,200.7730255126953,0.0
Neuroendocrine,Suprabasal,0.3075196444988251,145.15032958984375,0.0
Neuroendocrine,T_reg,0.6520889401435852,307.7882080078125,0.0
Neuroendocrine,gdT,0.6634409427642822,313.1463928222656,0.0
SMG_Basal,SMG_Basal,0.4906209707260132,231.5747833251953,0.0
SMG_Basal,SMG_Duct,0.47457465529441833,224.0008544921875,0.0
SMG_Basal,SMG_Mucous,0.46706658601760864,220.45703125,0.0
SMG_Basal,SMG_Serous,0.4533613920211792,213.98812866210938,0.0
SMG_Basal,Schwann_Myelinating,0.42767098546028137,201.86216735839844,0.0
SMG_Basal,Schwann_nonmyelinating,0.05939548462629318,28.03487205505371,6.1085332118261685e-173
SMG_Basal,Secretory_Club,0.21741445362567902,102.62036895751953,0.0
SMG_Basal,Secretory_Goblet,0.31948861479759216,150.79971313476562,0.0
SMG_Basal,Suprabasal,0.2782456576824188,131.33290100097656,0.0
SMG_Basal,T_reg,0.41537803411483765,196.0598602294922,0.0
SMG_Basal,gdT,0.4245139956474304,200.37205505371094,0.0
SMG_Duct,SMG_Duct,0.7002654075622559,330.5276794433594,0.0
SMG_Duct,SMG_Mucous,0.6733352541923523,317.8165588378906,0.0
SMG_Duct,SMG_Serous,0.6807059645652771,321.2955322265625,0.0
SMG_Duct,Schwann_Myelinating,0.5664870738983154,267.38385009765625,0.0
SMG_Duct,Schwann_nonmyelinating,-0.05997467413544655,-28.308252334594727,2.735221765662281e-176
SMG_Duct,Secretory_Club,0.231267511844635,109.1590576171875,0.0
SMG_Duct,Secretory_Goblet,0.3934740722179413,185.7211151123047,0.0
SMG_Duct,Suprabasal,0.26696547865867615,126.00862121582031,0.0
SMG_Duct,T_reg,0.6093687415122986,287.6241455078125,0.0
SMG_Duct,gdT,0.6225271224975586,293.8349304199219,0.0
SMG_Mucous,SMG_Mucous,0.6857243180274963,323.6642150878906,0.0
SMG_Mucous,SMG_Serous,0.6655572652816772,314.1452941894531,0.0
SMG_Mucous,Schwann_Myelinating,0.577558159828186,272.60943603515625,0.0
SMG_Mucous,Schwann_nonmyelinating,-0.038233816623687744,-18.046491622924805,8.406387850271666e-73
SMG_Mucous,Secretory_Club,0.2403959035873413,113.46768951416016,0.0
SMG_Mucous,Secretory_Goblet,0.42354726791381836,199.91575622558594,0.0
SMG_Mucous,Suprabasal,0.3003455698490143,141.76412963867188,0.0
SMG_Mucous,T_reg,0.649830162525177,306.7220458984375,0.0
SMG_Mucous,gdT,0.6587153673171997,310.9158935546875,0.0
SMG_Serous,SMG_Serous,0.6749139428138733,318.5616760253906,0.0
SMG_Serous,Schwann_Myelinating,0.5626950860023499,265.593994140625,0.0
SMG_Serous,Schwann_nonmyelinating,-0.058969564735889435,-27.83383560180664,1.6903460438544273e-170
SMG_Serous,Secretory_Club,0.22544243931770325,106.40959930419922,0.0
SMG_Serous,Secretory_Goblet,0.38769012689590454,182.99107360839844,0.0
SMG_Serous,Suprabasal,0.26403728127479553,124.62650299072266,0.0
SMG_Serous,T_reg,0.6102125644683838,288.0224304199219,0.0
SMG_Serous,gdT,0.622471034526825,293.8084716796875,0.0
Schwann_Myelinating,Schwann_Myelinating,0.5651286244392395,266.7426452636719,0.0
Schwann_Myelinating,Schwann_nonmyelinating,0.11079026758670807,52.29338455200195,0.0
Schwann_Myelinating,Secretory_Club,0.20652520656585693,97.48060607910156,0.0
Schwann_Myelinating,Secretory_Goblet,0.38551539182662964,181.96458435058594,0.0
Schwann_Myelinating,Suprabasal,0.2684073746204376,126.68920135498047,0.0
Schwann_Myelinating,T_reg,0.5808579921722412,274.1669616699219,0.0
Schwann_Myelinating,gdT,0.5915827751159668,279.2290954589844,0.0
Schwann_nonmyelinating,Schwann_nonmyelinating,0.4553600549697876,214.93150329589844,0.0
Schwann_nonmyelinating,Secretory_Club,0.028707949444651604,13.550250053405762,7.896070157073602e-42
Schwann_nonmyelinating,Secretory_Goblet,0.027737664058804512,13.092272758483887,3.6453441715485946e-39
Schwann_nonmyelinating,Suprabasal,0.02813391201198101,13.279302597045898,3.0522358118197696e-40
Schwann_nonmyelinating,T_reg,0.015386723913252354,7.2625861167907715,3.7975858131890245e-13
Schwann_nonmyelinating,gdT,0.027183378115296364,12.830647468566895,1.104373732975384e-37
Secretory_Club,Secretory_Club,0.14920365810394287,70.42463684082031,0.0
Secretory_Club,Secretory_Goblet,0.1817914843559265,85.80620574951172,0.0
Secretory_Club,Suprabasal,0.14368590712547302,67.82023620605469,0.0
Secretory_Club,T_reg,0.21864084899425507,103.19922637939453,0.0
Secretory_Club,gdT,0.21991656720638275,103.8013687133789,0.0
Secretory_Goblet,Secretory_Goblet,0.3636416494846344,171.64010620117188,0.0
Secretory_Goblet,Suprabasal,0.27089357376098633,127.8626937866211,0.0
Secretory_Goblet,T_reg,0.43432340025901794,205.00213623046875,0.0
Secretory_Goblet,gdT,0.4344688653945923,205.07078552246094,0.0
Suprabasal,Suprabasal,0.2997397482395172,141.47817993164062,0.0
Suprabasal,T_reg,0.29150626063346863,137.59194946289062,0.0
Suprabasal,gdT,0.28926998376846313,136.5364227294922,0.0
T_reg,T_reg,0.738866925239563,348.7477111816406,0.0
T_reg,gdT,0.7433059811592102,350.84295654296875,0.0
gdT,gdT,0.7501676082611084,354.0816650390625,0.0
