A,B,R,z,p
AT1,AT1,0.721405029296875,439.5753173828125,0.0
AT1,AT2,0.7258294820785522,442.2712707519531,0.0
AT1,B_memory,0.7285360097885132,443.9204406738281,0.0
AT1,B_naive,0.7286050319671631,443.9624938964844,0.0
AT1,B_plasma_IgA,0.5478233695030212,333.8064270019531,0.0
AT1,B_plasma_IgG,0.462372750043869,281.7386169433594,0.0
AT1,B_plasmablast,0.6389625072479248,389.3404235839844,0.0
AT1,Basal,0.266635000705719,162.46929931640625,0.0
AT1,CD4_EM_Effector,0.7269121408462524,442.93096923828125,0.0
AT1,CD4_TRM,0.7214474081993103,439.60113525390625,0.0
AT1,CD4_naive_CM,0.6208919882774353,378.3294677734375,0.0
AT1,CD8_EM,0.7290663719177246,444.2436218261719,0.0
AT1,CD8_EM_EMRA,0.7406914830207825,451.3271789550781,0.0
AT1,CD8_TRM_EM,0.733167290687561,446.742431640625,0.0
AT1,CD8_TRM,0.7153652906417847,435.8951110839844,0.0
AT1,Chondrocyte,0.5416197180747986,330.0263366699219,0.0
AT1,Ciliated,0.39444634318351746,240.34886169433594,0.0
AT1,DC_1,0.7227593660354614,440.4005432128906,0.0
AT1,DC_2,0.72700035572052,442.9847412109375,0.0
AT1,DC_activated,0.7302228808403015,444.94830322265625,0.0
AT1,DC_plasmacytoid,0.7155739665031433,436.0222473144531,0.0
AT1,Deuterosomal,-0.003284674836322665,-2.001458168029785,0.04534303752348749
AT1,Dividing_AT2,0.7167165875434875,436.718505859375,0.0
AT1,Dividing_Basal,0.5669217109680176,345.44366455078125,0.0
AT1,Endothelia_Lymphatic,0.4995739459991455,304.406494140625,0.0
AT1,Endothelia_vascular_Cap_a,0.7213682532310486,439.55291748046875,0.0
AT1,Endothelia_vascular_Cap_g,0.7083302736282349,431.60845947265625,0.0
AT1,Endothelia_vascular_arterial_pulmonary,0.5832383036613464,355.3858947753906,0.0
AT1,Endothelia_vascular_arterial_systemic,0.3317511975765228,202.1466827392578,0.0
AT1,Endothelia_vascular_venous_pulmonary,0.5507689118385315,335.6012268066406,0.0
AT1,Endothelia_vascular_venous_systemic,0.38858428597450256,236.77691650390625,0.0
AT1,Erythrocyte,0.7118185758590698,433.7339782714844,0.0
AT1,Fibro_adventitial,0.44161051511764526,269.0874938964844,0.0
AT1,Fibro_alveolar,0.7162471413612366,436.43243408203125,0.0
AT1,Fibro_immune_recruiting,0.6102043986320496,371.81719970703125,0.0
AT1,Fibro_myofibroblast,0.3939058482646942,240.01951599121094,0.0
AT1,Fibro_peribronchial,0.39617812633514404,241.40408325195312,0.0
AT1,Fibro_perichondrial,0.39998483657836914,243.72364807128906,0.0
AT1,ILC,0.7208350300788879,439.2279968261719,0.0
AT1,Ionocyte_n_Brush,0.3657919764518738,222.88882446289062,0.0
AT1,MAIT,0.738477349281311,449.97802734375,0.0
AT1,Macro_CHIT1,0.7131602764129639,434.551513671875,0.0
AT1,Macro_interstitial,0.7370346188545227,449.09893798828125,0.0
AT1,Macro_AW_CX3CR1,0.7110424637794495,433.2610778808594,0.0
AT1,Macro_alveolar_metallothioneins,0.6761381030082703,411.9927062988281,0.0
AT1,Macro_alv,0.7153950333595276,435.9132385253906,0.0
AT1,Macro_dividing,0.7211635708808899,439.4281921386719,0.0
AT1,Macro_int,0.7034534215927124,428.6368103027344,0.0
AT1,Macro_CCL,0.7333632111549377,446.86181640625,0.0
AT1,Mast_cell,0.6672361493110657,406.5684814453125,0.0
AT1,Megakaryocyte,0.6421411633491516,391.27728271484375,0.0
AT1,Mesothelia,0.6104898452758789,371.9911193847656,0.0
AT1,Macrophage_intermediate,0.7161380648612976,436.3659973144531,0.0
AT1,Monocyte_CD14,0.7318709492683411,445.9525451660156,0.0
AT1,Monocyte_CD16,0.7322466373443604,446.18145751953125,0.0
AT1,Muscle_airway,0.012423619627952576,7.570111274719238,3.7290466883945834e-14
AT1,Muscle_pericyte_airway,0.429453581571579,261.6799011230469,0.0
AT1,Muscle_pericyte_parenchyma,0.7316122651100159,445.794921875,0.0
AT1,Muscle_perivascular_immune_recruiting,0.6027383208274841,367.26788330078125,0.0
AT1,Muscle_smooth_pulmonary,0.004261279013007879,2.596534490585327,0.009416945083132702
AT1,Muscle_smooth_syst_arterial,-0.007563422434031963,-4.608636856079102,4.05317544566554e-06
AT1,Myoepithelial,0.585334300994873,356.66302490234375,0.0
AT1,NAF_endoneurial,0.043888747692108154,26.742826461791992,1.4963442990838536e-157
AT1,NAF_perineurial,0.008039896376430988,4.898967742919922,9.634145771220865e-07
AT1,NK_CD16hi,0.7329094409942627,446.5853271484375,0.0
AT1,NKT,0.7399953007698059,450.9029541015625,0.0
AT1,NK_CD11d,0.7213759422302246,439.5575866699219,0.0
AT1,NK_CD56bright,0.7094709873199463,432.30352783203125,0.0
AT1,Neuroendocrine,0.6169420480728149,375.92266845703125,0.0
AT1,SMG_Basal,0.4215289056301117,256.85113525390625,0.0
AT1,SMG_Duct,0.5699830055236816,347.3089904785156,0.0
AT1,SMG_Mucous,0.6235378980636597,379.94171142578125,0.0
AT1,SMG_Serous,0.5767409801483154,351.4268493652344,0.0
AT1,Schwann_Myelinating,0.46465444564819336,283.12890625,0.0
AT1,Schwann_nonmyelinating,-0.17746859788894653,-108.1373291015625,0.0
AT1,Secretory_Club,0.24539653956890106,149.52801513671875,0.0
AT1,Secretory_Goblet,0.4396522641181946,267.894287109375,0.0
AT1,Suprabasal,0.2830169200897217,172.45132446289062,0.0
AT1,T_reg,0.7272895574569702,443.16094970703125,0.0
AT1,gdT,0.7296876311302185,444.6221618652344,0.0
AT2,AT2,0.7447538375854492,453.802490234375,0.0
AT2,B_memory,0.7424748539924622,452.4138488769531,0.0
AT2,B_naive,0.7508310079574585,457.5055236816406,0.0
AT2,B_plasma_IgA,0.5781741738319397,352.3001403808594,0.0
AT2,B_plasma_IgG,0.4938119053840637,300.8955078125,0.0
AT2,B_plasmablast,0.6639986634254456,404.59576416015625,0.0
AT2,Basal,0.27907639741897583,170.05023193359375,0.0
AT2,CD4_EM_Effector,0.7422839999198914,452.29754638671875,0.0
AT2,CD4_TRM,0.7390214800834656,450.3096008300781,0.0
AT2,CD4_naive_CM,0.6171240210533142,376.0335388183594,0.0
AT2,CD8_EM,0.7479134202003479,455.72772216796875,0.0
AT2,CD8_EM_EMRA,0.7578287720680237,461.76947021484375,0.0
AT2,CD8_TRM_EM,0.7540575265884399,459.4715270996094,0.0
AT2,CD8_TRM,0.7362035512924194,448.592529296875,0.0
AT2,Chondrocyte,0.5528265237808228,336.8550109863281,0.0
AT2,Ciliated,0.4080444872379303,248.6346435546875,0.0
AT2,DC_1,0.7463868260383606,454.7975158691406,0.0
AT2,DC_2,0.7474284768104553,455.4322509765625,0.0
AT2,DC_activated,0.7488886117935181,456.32196044921875,0.0
AT2,DC_plasmacytoid,0.7371696829795837,449.18121337890625,0.0
AT2,Deuterosomal,0.0485902838408947,29.607624053955078,1.1920517990949725e-192
AT2,Dividing_AT2,0.720061182975769,438.7564697265625,0.0
AT2,Dividing_Basal,0.5836346745491028,355.6274108886719,0.0
AT2,Endothelia_Lymphatic,0.4939807653427124,300.9983825683594,0.0
AT2,Endothelia_vascular_Cap_a,0.7363799810409546,448.7000427246094,0.0
AT2,Endothelia_vascular_Cap_g,0.7287972569465637,444.07965087890625,0.0
AT2,Endothelia_vascular_arterial_pulmonary,0.5733497142791748,349.3604431152344,0.0
AT2,Endothelia_vascular_arterial_systemic,0.3001396059989929,182.8847198486328,0.0
AT2,Endothelia_vascular_venous_pulmonary,0.5447691082954407,331.94537353515625,0.0
AT2,Endothelia_vascular_venous_systemic,0.3650253415107727,222.42169189453125,0.0
AT2,Erythrocyte,0.7174842953681946,437.186279296875,0.0
AT2,Fibro_adventitial,0.4289100468158722,261.34869384765625,0.0
AT2,Fibro_alveolar,0.7219812870025635,439.92645263671875,0.0
AT2,Fibro_immune_recruiting,0.6353265643119812,387.12493896484375,0.0
AT2,Fibro_myofibroblast,0.37369146943092346,227.70223999023438,0.0
AT2,Fibro_peribronchial,0.36838388442993164,224.46817016601562,0.0
AT2,Fibro_perichondrial,0.40477272868156433,246.64105224609375,0.0
AT2,ILC,0.7379373908042908,449.6490173339844,0.0
AT2,Ionocyte_n_Brush,0.3776809573173523,230.13316345214844,0.0
AT2,MAIT,0.75730961561203,461.453125,0.0
AT2,Macro_CHIT1,0.7320836186408997,446.0821228027344,0.0
AT2,Macro_interstitial,0.7561264038085938,460.732177734375,0.0
AT2,Macro_AW_CX3CR1,0.7299156785011292,444.7611389160156,0.0
AT2,Macro_alveolar_metallothioneins,0.6877418756484985,419.0632629394531,0.0
AT2,Macro_alv,0.7341498136520386,447.34112548828125,0.0
AT2,Macro_dividing,0.7397521734237671,450.75482177734375,0.0
AT2,Macro_int,0.7281586527824402,443.6905212402344,0.0
AT2,Macro_CCL,0.7537204027175903,459.26611328125,0.0
AT2,Mast_cell,0.6671693921089172,406.5278015136719,0.0
AT2,Megakaryocyte,0.6641173362731934,404.6680908203125,0.0
AT2,Mesothelia,0.6391383409500122,389.44757080078125,0.0
AT2,Macrophage_intermediate,0.7370364665985107,449.1000671386719,0.0
AT2,Monocyte_CD14,0.745621919631958,454.3314514160156,0.0
AT2,Monocyte_CD16,0.7502638697624207,457.1599426269531,0.0
AT2,Muscle_airway,-0.032855600118637085,-20.019975662231445,3.6890130951926155e-89
AT2,Muscle_pericyte_airway,0.42297881841659546,257.734619140625,0.0
AT2,Muscle_pericyte_parenchyma,0.7457021474838257,454.3803405761719,0.0
AT2,Muscle_perivascular_immune_recruiting,0.6197494864463806,377.6333312988281,0.0
AT2,Muscle_smooth_pulmonary,-0.044465288519859314,-27.094131469726562,1.1545998082953863e-161
AT2,Muscle_smooth_syst_arterial,-0.057064592838287354,-34.77129364013672,6.60753086218555e-265
AT2,Myoepithelial,0.6157446503639221,375.19305419921875,0.0
AT2,NAF_endoneurial,0.025996048003435135,15.840229034423828,1.6422160517067868e-56
AT2,NAF_perineurial,-0.0350358821451664,-21.348491668701172,4.0272809543907544e-101
AT2,NK_CD16hi,0.7555655241012573,460.3904113769531,0.0
AT2,NKT,0.757652759552002,461.6622314453125,0.0
AT2,NK_CD11d,0.746932327747345,455.1299133300781,0.0
AT2,NK_CD56bright,0.7355014085769653,448.1647033691406,0.0
AT2,Neuroendocrine,0.6392073035240173,389.4895935058594,0.0
AT2,SMG_Basal,0.42826420068740845,260.9551696777344,0.0
AT2,SMG_Duct,0.6014036536216736,366.4546203613281,0.0
AT2,SMG_Mucous,0.6462703943252563,393.7933654785156,0.0
AT2,SMG_Serous,0.6065307855606079,369.5787353515625,0.0
AT2,Schwann_Myelinating,0.5033183693885803,306.6880798339844,0.0
AT2,Schwann_nonmyelinating,-0.1630752831697464,-99.36701965332031,0.0
AT2,Secretory_Club,0.24421058595180511,148.8053741455078,0.0
AT2,Secretory_Goblet,0.4473440945148468,272.5811767578125,0.0
AT2,Suprabasal,0.29326125979423523,178.6935272216797,0.0
AT2,T_reg,0.7449601888656616,453.92822265625,0.0
AT2,gdT,0.7467120289802551,454.9956970214844,0.0
B_memory,B_memory,0.7926154732704163,482.96612548828125,0.0
B_memory,B_naive,0.7810386419296265,475.9119873046875,0.0
B_memory,B_plasma_IgA,0.6219025254249573,378.9452209472656,0.0
B_memory,B_plasma_IgG,0.5558651089668274,338.7065124511719,0.0
B_memory,B_plasmablast,0.7519055604934692,458.1602783203125,0.0
B_memory,Basal,0.3119742274284363,190.095947265625,0.0
B_memory,CD4_EM_Effector,0.77985680103302,475.1918640136719,0.0
B_memory,CD4_TRM,0.7812585234642029,476.0459899902344,0.0
B_memory,CD4_naive_CM,0.7182641625404358,437.6614990234375,0.0
B_memory,CD8_EM,0.7790974974632263,474.72918701171875,0.0
B_memory,CD8_EM_EMRA,0.7839536070823669,477.68817138671875,0.0
B_memory,CD8_TRM_EM,0.7713221907615662,469.991455078125,0.0
B_memory,CD8_TRM,0.7495775818824768,456.74176025390625,0.0
B_memory,Chondrocyte,0.6637840867042542,404.46502685546875,0.0
B_memory,Ciliated,0.4452154338359833,271.2840881347656,0.0
B_memory,DC_1,0.7810667157173157,475.9291076660156,0.0
B_memory,DC_2,0.770375669002533,469.4147033691406,0.0
B_memory,DC_activated,0.7647187113761902,465.9677429199219,0.0
B_memory,DC_plasmacytoid,0.7683512568473816,468.18115234375,0.0
B_memory,Deuterosomal,-0.010654602199792862,-6.492192268371582,8.459619606562321e-11
B_memory,Dividing_AT2,0.7603397369384766,463.29949951171875,0.0
B_memory,Dividing_Basal,0.6344735026359558,386.6051330566406,0.0
B_memory,Endothelia_Lymphatic,0.6122497916221619,373.0635070800781,0.0
B_memory,Endothelia_vascular_Cap_a,0.7289231419563293,444.1563415527344,0.0
B_memory,Endothelia_vascular_Cap_g,0.7142521142959595,435.2168273925781,0.0
B_memory,Endothelia_vascular_arterial_pulmonary,0.6273013949394226,382.2349548339844,0.0
B_memory,Endothelia_vascular_arterial_systemic,0.3878597021102905,236.3354034423828,0.0
B_memory,Endothelia_vascular_venous_pulmonary,0.6440107822418213,392.41650390625,0.0
B_memory,Endothelia_vascular_venous_systemic,0.49745723605155945,303.11669921875,0.0
B_memory,Erythrocyte,0.7443238496780396,453.5404968261719,0.0
B_memory,Fibro_adventitial,0.5692374110221863,346.85467529296875,0.0
B_memory,Fibro_alveolar,0.7269091606140137,442.9291687011719,0.0
B_memory,Fibro_immune_recruiting,0.7230384349822998,440.5705871582031,0.0
B_memory,Fibro_myofibroblast,0.5183276534080505,315.833740234375,0.0
B_memory,Fibro_peribronchial,0.49244633316993713,300.06341552734375,0.0
B_memory,Fibro_perichondrial,0.46820300817489624,285.2911682128906,0.0
B_memory,ILC,0.7812055945396423,476.01373291015625,0.0
B_memory,Ionocyte_n_Brush,0.4062301516532898,247.52911376953125,0.0
B_memory,MAIT,0.7819522619247437,476.46868896484375,0.0
B_memory,Macro_CHIT1,0.752493679523468,458.5186462402344,0.0
B_memory,Macro_interstitial,0.7767316699028015,473.2876281738281,0.0
B_memory,Macro_AW_CX3CR1,0.780650794506073,475.6756591796875,0.0
B_memory,Macro_alveolar_metallothioneins,0.765522837638855,466.45770263671875,0.0
B_memory,Macro_alv,0.7420939207077026,452.1817321777344,0.0
B_memory,Macro_dividing,0.7529904842376709,458.82135009765625,0.0
B_memory,Macro_int,0.768873929977417,468.4996337890625,0.0
B_memory,Macro_CCL,0.7748962640762329,472.16925048828125,0.0
B_memory,Mast_cell,0.747779130935669,455.6459045410156,0.0
B_memory,Megakaryocyte,0.7073160409927368,430.9904479980469,0.0
B_memory,Mesothelia,0.7274212837219238,443.2412109375,0.0
B_memory,Macrophage_intermediate,0.7899178862571716,481.3224182128906,0.0
B_memory,Monocyte_CD14,0.7844017148017883,477.9612121582031,0.0
B_memory,Monocyte_CD16,0.798494279384613,486.54827880859375,0.0
B_memory,Muscle_airway,0.06061268597841263,36.93326187133789,1.3522986074536974e-298
B_memory,Muscle_pericyte_airway,0.5495316386222839,334.8473205566406,0.0
B_memory,Muscle_pericyte_parenchyma,0.7549601197242737,460.0215148925781,0.0
B_memory,Muscle_perivascular_immune_recruiting,0.7145015597343445,435.3688049316406,0.0
B_memory,Muscle_smooth_pulmonary,0.049393173307180405,30.096851348876953,5.327542667781277e-199
B_memory,Muscle_smooth_syst_arterial,0.0337781123816967,20.58209228515625,3.971634645929752e-94
B_memory,Myoepithelial,0.6560744643211365,399.7673034667969,0.0
B_memory,NAF_endoneurial,0.08644139766693115,52.67152786254883,0.0
B_memory,NAF_perineurial,0.05473434180021286,33.35139846801758,6.952384773094899e-244
B_memory,NK_CD16hi,0.7786896824836731,474.480712890625,0.0
B_memory,NKT,0.7934677004814148,483.48541259765625,0.0
B_memory,NK_CD11d,0.7693896293640137,468.8138732910156,0.0
B_memory,NK_CD56bright,0.7512701749801636,457.7731018066406,0.0
B_memory,Neuroendocrine,0.6994013786315918,426.16778564453125,0.0
B_memory,SMG_Basal,0.5085219144821167,309.8587646484375,0.0
B_memory,SMG_Duct,0.6588859558105469,401.4804382324219,0.0
B_memory,SMG_Mucous,0.702370822429657,427.9771728515625,0.0
B_memory,SMG_Serous,0.661310076713562,402.95751953125,0.0
B_memory,Schwann_Myelinating,0.5249952673912048,319.8965148925781,0.0
B_memory,Schwann_nonmyelinating,-0.17129658162593842,-104.37652587890625,0.0
B_memory,Secretory_Club,0.2850419282913208,173.6852264404297,0.0
B_memory,Secretory_Goblet,0.4888016879558563,297.8426208496094,0.0
B_memory,Suprabasal,0.33516669273376465,204.2278594970703,0.0
B_memory,T_reg,0.7736687064170837,471.4212646484375,0.0
B_memory,gdT,0.7851679921150208,478.4281311035156,0.0
B_naive,B_naive,0.7903699278831482,481.59783935546875,0.0
B_naive,B_plasma_IgA,0.6459367275238037,393.5900573730469,0.0
B_naive,B_plasma_IgG,0.5615126490592957,342.1477355957031,0.0
B_naive,B_plasmablast,0.7326349020004272,446.41802978515625,0.0
B_naive,Basal,0.3315522372722626,202.02545166015625,0.0
B_naive,CD4_EM_Effector,0.7798434495925903,475.1837158203125,0.0
B_naive,CD4_TRM,0.7827149033546448,476.93341064453125,0.0
B_naive,CD4_naive_CM,0.6660038828849792,405.817626953125,0.0
B_naive,CD8_EM,0.7847204804420471,478.15545654296875,0.0
B_naive,CD8_EM_EMRA,0.7850697040557861,478.3682556152344,0.0
B_naive,CD8_TRM_EM,0.783231258392334,477.2480163574219,0.0
B_naive,CD8_TRM,0.7670215964317322,467.3709716796875,0.0
B_naive,Chondrocyte,0.6173956990242004,376.1990661621094,0.0
B_naive,Ciliated,0.46943238377571106,286.040283203125,0.0
B_naive,DC_1,0.7882856130599976,480.32781982421875,0.0
B_naive,DC_2,0.7815551161766052,476.2267150878906,0.0
B_naive,DC_activated,0.7740206122398376,471.63568115234375,0.0
B_naive,DC_plasmacytoid,0.77884840965271,474.5774230957031,0.0
B_naive,Deuterosomal,0.0693715438246727,42.27031707763672,0.0
B_naive,Dividing_AT2,0.7468422651290894,455.0750427246094,0.0
B_naive,Dividing_Basal,0.6336644291877747,386.1121520996094,0.0
B_naive,Endothelia_Lymphatic,0.5484761595726013,334.2041931152344,0.0
B_naive,Endothelia_vascular_Cap_a,0.7417930364608765,451.9983825683594,0.0
B_naive,Endothelia_vascular_Cap_g,0.7339429259300232,447.2150573730469,0.0
B_naive,Endothelia_vascular_arterial_pulmonary,0.6035924553871155,367.788330078125,0.0
B_naive,Endothelia_vascular_arterial_systemic,0.33450785279273987,203.82640075683594,0.0
B_naive,Endothelia_vascular_venous_pulmonary,0.5967642068862915,363.6276550292969,0.0
B_naive,Endothelia_vascular_venous_systemic,0.42448708415031433,258.6536560058594,0.0
B_naive,Erythrocyte,0.7417961955070496,452.00030517578125,0.0
B_naive,Fibro_adventitial,0.49687907099723816,302.764404296875,0.0
B_naive,Fibro_alveolar,0.7249205708503723,441.7174377441406,0.0
B_naive,Fibro_immune_recruiting,0.7093508243560791,432.23028564453125,0.0
B_naive,Fibro_myofibroblast,0.4321539103984833,263.3252868652344,0.0
B_naive,Fibro_peribronchial,0.41935834288597107,255.52854919433594,0.0
B_naive,Fibro_perichondrial,0.4501214325428009,274.27349853515625,0.0
B_naive,ILC,0.7804113626480103,475.52978515625,0.0
B_naive,Ionocyte_n_Brush,0.42600294947624207,259.5773010253906,0.0
B_naive,MAIT,0.7871384620666504,479.6288146972656,0.0
B_naive,Macro_CHIT1,0.755500853061676,460.35101318359375,0.0
B_naive,Macro_interstitial,0.7826056480407715,476.8668212890625,0.0
B_naive,Macro_AW_CX3CR1,0.7833079695701599,477.2947692871094,0.0
B_naive,Macro_alveolar_metallothioneins,0.7418046593666077,452.0054626464844,0.0
B_naive,Macro_alv,0.7515691518783569,457.9552917480469,0.0
B_naive,Macro_dividing,0.7625402808189392,464.6403503417969,0.0
B_naive,Macro_int,0.7668744325637817,467.2812805175781,0.0
B_naive,Macro_CCL,0.7822192907333374,476.63140869140625,0.0
B_naive,Mast_cell,0.712376594543457,434.0740051269531,0.0
B_naive,Megakaryocyte,0.7234158515930176,440.8005676269531,0.0
B_naive,Mesothelia,0.7119901776313782,433.8385314941406,0.0
B_naive,Macrophage_intermediate,0.7854917645454407,478.62542724609375,0.0
B_naive,Monocyte_CD14,0.7753201127052307,472.4275207519531,0.0
B_naive,Monocyte_CD16,0.7915402054786682,482.3109436035156,0.0
B_naive,Muscle_airway,-0.005158848594874144,-3.1434526443481445,0.0016696742940758458
B_naive,Muscle_pericyte_airway,0.48601290583610535,296.143310546875,0.0
B_naive,Muscle_pericyte_parenchyma,0.7588005661964417,462.36163330078125,0.0
B_naive,Muscle_perivascular_immune_recruiting,0.6925849318504333,422.0143127441406,0.0
B_naive,Muscle_smooth_pulmonary,-0.020711012184619904,-12.61988639831543,1.640577718231673e-36
B_naive,Muscle_smooth_syst_arterial,-0.0331762358546257,-20.215349197387695,7.173589226030738e-91
B_naive,Myoepithelial,0.6778745055198669,413.0507507324219,0.0
B_naive,NAF_endoneurial,0.0597328282892704,36.39713668823242,4.724976164046567e-290
B_naive,NAF_perineurial,-0.00871230661869049,-5.308689117431641,1.1041647963103404e-07
B_naive,NK_CD16hi,0.7916796803474426,482.39593505859375,0.0
B_naive,NKT,0.791854977607727,482.50274658203125,0.0
B_naive,NK_CD11d,0.7878260612487793,480.04779052734375,0.0
B_naive,NK_CD56bright,0.7735820412635803,471.3684387207031,0.0
B_naive,Neuroendocrine,0.7076224088668823,431.1771240234375,0.0
B_naive,SMG_Basal,0.5109009146690369,311.3083801269531,0.0
B_naive,SMG_Duct,0.6767029762268066,412.3369140625,0.0
B_naive,SMG_Mucous,0.7145246267318726,435.38287353515625,0.0
B_naive,SMG_Serous,0.6772496104240417,412.66998291015625,0.0
B_naive,Schwann_Myelinating,0.5646194219589233,344.0408020019531,0.0
B_naive,Schwann_nonmyelinating,-0.15208663046360016,-92.67127990722656,0.0
B_naive,Secretory_Club,0.2855972945690155,174.0236358642578,0.0
B_naive,Secretory_Goblet,0.49983251094818115,304.5640563964844,0.0
B_naive,Suprabasal,0.34817829728126526,212.15625,0.0
B_naive,T_reg,0.7793390154838562,474.8763732910156,0.0
B_naive,gdT,0.785420835018158,478.58221435546875,0.0
B_plasma_IgA,B_plasma_IgA,0.706335723400116,430.3930969238281,0.0
B_plasma_IgA,B_plasma_IgG,0.5319052338600159,324.10699462890625,0.0
B_plasma_IgA,B_plasmablast,0.6691742539405823,407.7494201660156,0.0
B_plasma_IgA,Basal,0.296339213848114,180.56903076171875,0.0
B_plasma_IgA,CD4_EM_Effector,0.6218615174293518,378.9202575683594,0.0
B_plasma_IgA,CD4_TRM,0.6360184550285339,387.5465393066406,0.0
B_plasma_IgA,CD4_naive_CM,0.520635187625885,317.2397766113281,0.0
B_plasma_IgA,CD8_EM,0.6304665207862854,384.1635437011719,0.0
B_plasma_IgA,CD8_EM_EMRA,0.6224322319030762,379.26800537109375,0.0
B_plasma_IgA,CD8_TRM_EM,0.6249748468399048,380.8172912597656,0.0
B_plasma_IgA,CD8_TRM,0.6138723492622375,374.05218505859375,0.0
B_plasma_IgA,Chondrocyte,0.5298643708229065,322.8634338378906,0.0
B_plasma_IgA,Ciliated,0.4256291389465332,259.34954833984375,0.0
B_plasma_IgA,DC_1,0.6532430052757263,398.0419921875,0.0
B_plasma_IgA,DC_2,0.6420042514801025,391.1938781738281,0.0
B_plasma_IgA,DC_activated,0.610808789730072,372.1854553222656,0.0
B_plasma_IgA,DC_plasmacytoid,0.6369198560714722,388.09576416015625,0.0
B_plasma_IgA,Deuterosomal,0.11268716305494308,68.6639175415039,0.0
B_plasma_IgA,Dividing_AT2,0.5847823619842529,356.32672119140625,0.0
B_plasma_IgA,Dividing_Basal,0.5005754232406616,305.0167236328125,0.0
B_plasma_IgA,Endothelia_Lymphatic,0.41616877913475037,253.5850372314453,0.0
B_plasma_IgA,Endothelia_vascular_Cap_a,0.56367427110672,343.4648742675781,0.0
B_plasma_IgA,Endothelia_vascular_Cap_g,0.5619905591011047,342.4389343261719,0.0
B_plasma_IgA,Endothelia_vascular_arterial_pulmonary,0.42566391825675964,259.3707275390625,0.0
B_plasma_IgA,Endothelia_vascular_arterial_systemic,0.20768089592456818,126.54666137695312,0.0
B_plasma_IgA,Endothelia_vascular_venous_pulmonary,0.45808252692222595,279.1244201660156,0.0
B_plasma_IgA,Endothelia_vascular_venous_systemic,0.33673545718193054,205.1837615966797,0.0
B_plasma_IgA,Erythrocyte,0.5709322094917297,347.88739013671875,0.0
B_plasma_IgA,Fibro_adventitial,0.4314114451408386,262.8728942871094,0.0
B_plasma_IgA,Fibro_alveolar,0.5348970890045166,325.9300231933594,0.0
B_plasma_IgA,Fibro_immune_recruiting,0.6543152332305908,398.6953430175781,0.0
B_plasma_IgA,Fibro_myofibroblast,0.3457326292991638,210.66603088378906,0.0
B_plasma_IgA,Fibro_peribronchial,0.27950403094291687,170.31080627441406,0.0
B_plasma_IgA,Fibro_perichondrial,0.347929447889328,212.00462341308594,0.0
B_plasma_IgA,ILC,0.6310096979141235,384.4945373535156,0.0
B_plasma_IgA,Ionocyte_n_Brush,0.38166216015815735,232.55905151367188,0.0
B_plasma_IgA,MAIT,0.6260384321212769,381.4653625488281,0.0
B_plasma_IgA,Macro_CHIT1,0.59726482629776,363.93267822265625,0.0
B_plasma_IgA,Macro_interstitial,0.6272392272949219,382.1970520019531,0.0
B_plasma_IgA,Macro_AW_CX3CR1,0.6876317858695984,418.9961853027344,0.0
B_plasma_IgA,Macro_alveolar_metallothioneins,0.6180198192596436,376.5793762207031,0.0
B_plasma_IgA,Macro_alv,0.5720213055610657,348.5509948730469,0.0
B_plasma_IgA,Macro_dividing,0.5997559428215027,365.45062255859375,0.0
B_plasma_IgA,Macro_int,0.6417701840400696,391.0512390136719,0.0
B_plasma_IgA,Macro_CCL,0.6308811902999878,384.4162292480469,0.0
B_plasma_IgA,Mast_cell,0.5407048463821411,329.4688720703125,0.0
B_plasma_IgA,Megakaryocyte,0.614609956741333,374.50164794921875,0.0
B_plasma_IgA,Mesothelia,0.6615331768989563,403.0934753417969,0.0
B_plasma_IgA,Macrophage_intermediate,0.6568093299865723,400.215087890625,0.0
B_plasma_IgA,Monocyte_CD14,0.6124197840690613,373.1670837402344,0.0
B_plasma_IgA,Monocyte_CD16,0.645645022392273,393.41229248046875,0.0
B_plasma_IgA,Muscle_airway,-0.06645691394805908,-40.49433898925781,0.0
B_plasma_IgA,Muscle_pericyte_airway,0.40832412242889404,248.80503845214844,0.0
B_plasma_IgA,Muscle_pericyte_parenchyma,0.5824487805366516,354.90478515625,0.0
B_plasma_IgA,Muscle_perivascular_immune_recruiting,0.6123427152633667,373.1201477050781,0.0
B_plasma_IgA,Muscle_smooth_pulmonary,-0.07056093215942383,-42.99504852294922,0.0
B_plasma_IgA,Muscle_smooth_syst_arterial,-0.07512038946151733,-45.77327346801758,0.0
B_plasma_IgA,Myoepithelial,0.6496006846427917,395.8226013183594,0.0
B_plasma_IgA,NAF_endoneurial,0.0062472703866660595,3.8066630363464355,0.00014085444997846645
B_plasma_IgA,NAF_perineurial,-0.06986302137374878,-42.56978988647461,0.0
B_plasma_IgA,NK_CD16hi,0.6517460942268372,397.1298828125,0.0
B_plasma_IgA,NKT,0.6364076733589172,387.78369140625,0.0
B_plasma_IgA,NK_CD11d,0.6602155566215515,402.29058837890625,0.0
B_plasma_IgA,NK_CD56bright,0.6394523978233337,389.6389465332031,0.0
B_plasma_IgA,Neuroendocrine,0.6150280237197876,374.7563781738281,0.0
B_plasma_IgA,SMG_Basal,0.49563726782798767,302.00775146484375,0.0
B_plasma_IgA,SMG_Duct,0.6943008899688721,423.05987548828125,0.0
B_plasma_IgA,SMG_Mucous,0.6741436719894409,410.7774353027344,0.0
B_plasma_IgA,SMG_Serous,0.6803154945373535,414.53814697265625,0.0
B_plasma_IgA,Schwann_Myelinating,0.537342369556427,327.4200134277344,0.0
B_plasma_IgA,Schwann_nonmyelinating,-0.14500278234481812,-88.35486602783203,0.0
B_plasma_IgA,Secretory_Club,0.28043538331985474,170.87831115722656,0.0
B_plasma_IgA,Secretory_Goblet,0.4274686276912689,260.47039794921875,0.0
B_plasma_IgA,Suprabasal,0.2826843857765198,172.2487030029297,0.0
B_plasma_IgA,T_reg,0.6220664978027344,379.0451354980469,0.0
B_plasma_IgA,gdT,0.6322081685066223,385.22479248046875,0.0
B_plasma_IgG,B_plasma_IgG,0.5145612955093384,313.53875732421875,0.0
B_plasma_IgG,B_plasmablast,0.6023204326629639,367.01324462890625,0.0
B_plasma_IgG,Basal,0.26648369431495667,162.37709045410156,0.0
B_plasma_IgG,CD4_EM_Effector,0.5461403131484985,332.7808837890625,0.0
B_plasma_IgG,CD4_TRM,0.5582820177078247,340.17919921875,0.0
B_plasma_IgG,CD4_naive_CM,0.497378945350647,303.0690002441406,0.0
B_plasma_IgG,CD8_EM,0.5504958629608154,335.4348449707031,0.0
B_plasma_IgG,CD8_EM_EMRA,0.5424514412879944,330.53314208984375,0.0
B_plasma_IgG,CD8_TRM_EM,0.5404663681983948,329.32354736328125,0.0
B_plasma_IgG,CD8_TRM,0.5279171466827393,321.6769104003906,0.0
B_plasma_IgG,Chondrocyte,0.4973641633987427,303.05999755859375,0.0
B_plasma_IgG,Ciliated,0.37267085909843445,227.08035278320312,0.0
B_plasma_IgG,DC_1,0.5699387192726135,347.2820129394531,0.0
B_plasma_IgG,DC_2,0.5501289963722229,335.2113037109375,0.0
B_plasma_IgG,DC_activated,0.5282431244850159,321.87554931640625,0.0
B_plasma_IgG,DC_plasmacytoid,0.5537985563278198,337.4472961425781,0.0
B_plasma_IgG,Deuterosomal,0.07234752923250198,44.08367919921875,0.0
B_plasma_IgG,Dividing_AT2,0.5038042664527893,306.9841613769531,0.0
B_plasma_IgG,Dividing_Basal,0.46196451783180237,281.4898681640625,0.0
B_plasma_IgG,Endothelia_Lymphatic,0.4256052076816559,259.3349609375,0.0
B_plasma_IgG,Endothelia_vascular_Cap_a,0.4784846603870392,291.5561218261719,0.0
B_plasma_IgG,Endothelia_vascular_Cap_g,0.47491559386253357,289.3813781738281,0.0
B_plasma_IgG,Endothelia_vascular_arterial_pulmonary,0.3992876410484314,243.29881286621094,0.0
B_plasma_IgG,Endothelia_vascular_arterial_systemic,0.22409145534038544,136.546142578125,0.0
B_plasma_IgG,Endothelia_vascular_venous_pulmonary,0.4417772591114044,269.1891174316406,0.0
B_plasma_IgG,Endothelia_vascular_venous_systemic,0.3455641567707062,210.56336975097656,0.0
B_plasma_IgG,Erythrocyte,0.49382367730140686,300.9026794433594,0.0
B_plasma_IgG,Fibro_adventitial,0.41725510358810425,254.24697875976562,0.0
B_plasma_IgG,Fibro_alveolar,0.4611482322216034,280.9924621582031,0.0
B_plasma_IgG,Fibro_immune_recruiting,0.5792597532272339,352.96160888671875,0.0
B_plasma_IgG,Fibro_myofibroblast,0.3564622402191162,217.20391845703125,0.0
B_plasma_IgG,Fibro_peribronchial,0.30430787801742554,185.42459106445312,0.0
B_plasma_IgG,Fibro_perichondrial,0.3338805139064789,203.44415283203125,0.0
B_plasma_IgG,ILC,0.5555024743080139,338.48553466796875,0.0
B_plasma_IgG,Ionocyte_n_Brush,0.3185306787490845,194.09100341796875,0.0
B_plasma_IgG,MAIT,0.5453930497169495,332.3255615234375,0.0
B_plasma_IgG,Macro_CHIT1,0.5210714340209961,317.505615234375,0.0
B_plasma_IgG,Macro_interstitial,0.5432614684104919,331.0267028808594,0.0
B_plasma_IgG,Macro_AW_CX3CR1,0.5803757309913635,353.6416320800781,0.0
B_plasma_IgG,Macro_alveolar_metallothioneins,0.5560950040817261,338.8465881347656,0.0
B_plasma_IgG,Macro_alv,0.501488208770752,305.5729064941406,0.0
B_plasma_IgG,Macro_dividing,0.519034743309021,316.26458740234375,0.0
B_plasma_IgG,Macro_int,0.5703572630882263,347.53704833984375,0.0
B_plasma_IgG,Macro_CCL,0.5440703630447388,331.51959228515625,0.0
B_plasma_IgG,Mast_cell,0.5119053721427917,311.9204406738281,0.0
B_plasma_IgG,Megakaryocyte,0.5356485843658447,326.387939453125,0.0
B_plasma_IgG,Mesothelia,0.5875774025917053,358.02984619140625,0.0
B_plasma_IgG,Macrophage_intermediate,0.5783562660217285,352.4111022949219,0.0
B_plasma_IgG,Monocyte_CD14,0.5430124402046204,330.8749694824219,0.0
B_plasma_IgG,Monocyte_CD16,0.5710954666137695,347.9868469238281,0.0
B_plasma_IgG,Muscle_airway,-0.007294733542948961,-4.444916248321533,8.792611366042e-06
B_plasma_IgG,Muscle_pericyte_airway,0.4029158055782318,245.50958251953125,0.0
B_plasma_IgG,Muscle_pericyte_parenchyma,0.5015864968299866,305.6328125,0.0
B_plasma_IgG,Muscle_perivascular_immune_recruiting,0.5543317198753357,337.77215576171875,0.0
B_plasma_IgG,Muscle_smooth_pulmonary,-0.02456999570131302,-14.97128963470459,1.1310647947079926e-50
B_plasma_IgG,Muscle_smooth_syst_arterial,-0.03361513838171959,-20.482786178588867,3.0660900293406384e-93
B_plasma_IgG,Myoepithelial,0.5177379846572876,315.47442626953125,0.0
B_plasma_IgG,NAF_endoneurial,0.03488489240407944,21.256488800048828,2.8711039924125966e-100
B_plasma_IgG,NAF_perineurial,-0.018184252083301544,-11.08025074005127,1.5643385505522581e-28
B_plasma_IgG,NK_CD16hi,0.5573387742042542,339.6044616699219,0.0
B_plasma_IgG,NKT,0.557142972946167,339.48516845703125,0.0
B_plasma_IgG,NK_CD11d,0.5619068145751953,342.3879089355469,0.0
B_plasma_IgG,NK_CD56bright,0.5463613867759705,332.91558837890625,0.0
B_plasma_IgG,Neuroendocrine,0.5413082242012024,329.8365173339844,0.0
B_plasma_IgG,SMG_Basal,0.42110615968704224,256.5935363769531,0.0
B_plasma_IgG,SMG_Duct,0.5560644865036011,338.8280029296875,0.0
B_plasma_IgG,SMG_Mucous,0.5556027889251709,338.5466613769531,0.0
B_plasma_IgG,SMG_Serous,0.5440764427185059,331.5232849121094,0.0
B_plasma_IgG,Schwann_Myelinating,0.42884719371795654,261.3103942871094,0.0
B_plasma_IgG,Schwann_nonmyelinating,-0.12548644840717316,-76.46293640136719,0.0
B_plasma_IgG,Secretory_Club,0.22708164155483246,138.3681640625,0.0
B_plasma_IgG,Secretory_Goblet,0.38302168250083923,233.387451171875,0.0
B_plasma_IgG,Suprabasal,0.28623950481414795,174.41494750976562,0.0
B_plasma_IgG,T_reg,0.5424022674560547,330.503173828125,0.0
B_plasma_IgG,gdT,0.5537757873535156,337.43341064453125,0.0
B_plasmablast,B_plasmablast,0.8107002973556519,493.9858093261719,0.0
B_plasmablast,Basal,0.29370954632759094,178.96669006347656,0.0
B_plasmablast,CD4_EM_Effector,0.7245575785636902,441.49627685546875,0.0
B_plasmablast,CD4_TRM,0.7358260154724121,448.36248779296875,0.0
B_plasmablast,CD4_naive_CM,0.7175499796867371,437.226318359375,0.0
B_plasmablast,CD8_EM,0.7236664891242981,440.95330810546875,0.0
B_plasmablast,CD8_EM_EMRA,0.7269392609596252,442.947509765625,0.0
B_plasmablast,CD8_TRM_EM,0.7070953249931335,430.85595703125,0.0
B_plasmablast,CD8_TRM,0.6805194616317749,414.66241455078125,0.0
B_plasmablast,Chondrocyte,0.7005615830421448,426.8747253417969,0.0
B_plasmablast,Ciliated,0.42329105734825134,257.92486572265625,0.0
B_plasmablast,DC_1,0.7449753880500793,453.9375,0.0
B_plasmablast,DC_2,0.7195730209350586,438.4590148925781,0.0
B_plasmablast,DC_activated,0.6969149708747864,424.6527404785156,0.0
B_plasmablast,DC_plasmacytoid,0.7182356119155884,437.6440734863281,0.0
B_plasmablast,Deuterosomal,-0.02363811619579792,-14.403465270996094,4.921285761421768e-47
B_plasmablast,Dividing_AT2,0.700189471244812,426.6479797363281,0.0
B_plasmablast,Dividing_Basal,0.6200485229492188,377.8155212402344,0.0
B_plasmablast,Endothelia_Lymphatic,0.6341884732246399,386.43145751953125,0.0
B_plasmablast,Endothelia_vascular_Cap_a,0.6413844227790833,390.8161926269531,0.0
B_plasmablast,Endothelia_vascular_Cap_g,0.6286066770553589,383.0303039550781,0.0
B_plasmablast,Endothelia_vascular_arterial_pulmonary,0.554984986782074,338.17022705078125,0.0
B_plasmablast,Endothelia_vascular_arterial_systemic,0.3476944863796234,211.8614501953125,0.0
B_plasmablast,Endothelia_vascular_venous_pulmonary,0.6350051164627075,386.9290771484375,0.0
B_plasmablast,Endothelia_vascular_venous_systemic,0.5311293005943298,323.6341857910156,0.0
B_plasmablast,Erythrocyte,0.6670160889625549,406.43438720703125,0.0
B_plasmablast,Fibro_adventitial,0.6279682517051697,382.6412658691406,0.0
B_plasmablast,Fibro_alveolar,0.6366913914680481,387.9565734863281,0.0
B_plasmablast,Fibro_immune_recruiting,0.7722259759902954,470.5421447753906,0.0
B_plasmablast,Fibro_myofibroblast,0.5724024772644043,348.78326416015625,0.0
B_plasmablast,Fibro_peribronchial,0.48109790682792664,293.1484375,0.0
B_plasmablast,Fibro_perichondrial,0.45984166860580444,280.19635009765625,0.0
B_plasmablast,ILC,0.7357309460639954,448.3045654296875,0.0
B_plasmablast,Ionocyte_n_Brush,0.38092783093452454,232.11158752441406,0.0
B_plasmablast,MAIT,0.7225077152252197,440.2472229003906,0.0
B_plasmablast,Macro_CHIT1,0.6995946168899536,426.2855224609375,0.0
B_plasmablast,Macro_interstitial,0.7229495644569397,440.5164489746094,0.0
B_plasmablast,Macro_AW_CX3CR1,0.7647847533226013,466.0079650878906,0.0
B_plasmablast,Macro_alveolar_metallothioneins,0.7628652453422546,464.8383483886719,0.0
B_plasmablast,Macro_alv,0.6661259531974792,405.8919982910156,0.0
B_plasmablast,Macro_dividing,0.687961995601654,419.1973876953125,0.0
B_plasmablast,Macro_int,0.7553173899650574,460.23919677734375,0.0
B_plasmablast,Macro_CCL,0.7220625281333923,439.9759521484375,0.0
B_plasmablast,Mast_cell,0.7134159803390503,434.70733642578125,0.0
B_plasmablast,Megakaryocyte,0.6712384819984436,409.0072326660156,0.0
B_plasmablast,Mesothelia,0.7879431247711182,480.1191101074219,0.0
B_plasmablast,Macrophage_intermediate,0.771328330039978,469.99517822265625,0.0
B_plasmablast,Monocyte_CD14,0.7392371892929077,450.4410095214844,0.0
B_plasmablast,Monocyte_CD16,0.768207848072052,468.0937805175781,0.0
B_plasmablast,Muscle_airway,0.044987358152866364,27.412246704101562,1.9597130110790722e-165
B_plasmablast,Muscle_pericyte_airway,0.6001718640327454,365.70404052734375,0.0
B_plasmablast,Muscle_pericyte_parenchyma,0.6797839403152466,414.2142333984375,0.0
B_plasmablast,Muscle_perivascular_immune_recruiting,0.7485799789428711,456.1338806152344,0.0
B_plasmablast,Muscle_smooth_pulmonary,0.03887864947319031,23.690013885498047,4.5701848494654585e-124
B_plasmablast,Muscle_smooth_syst_arterial,0.023139938712120056,14.099909782409668,3.8025551213792554e-45
B_plasmablast,Myoepithelial,0.6684932708740234,407.33447265625,0.0
B_plasmablast,NAF_endoneurial,0.06041302904486656,36.81160354614258,1.2041436442101988e-296
B_plasmablast,NAF_perineurial,0.03546638414263725,21.610809326171875,1.4213539134615993e-103
B_plasmablast,NK_CD16hi,0.7275888323783875,443.3432922363281,0.0
B_plasmablast,NKT,0.7464160323143005,454.8153381347656,0.0
B_plasmablast,NK_CD11d,0.7231126427650452,440.6158142089844,0.0
B_plasmablast,NK_CD56bright,0.6956891417503357,423.9057922363281,0.0
B_plasmablast,Neuroendocrine,0.6858519911766052,417.9117126464844,0.0
B_plasmablast,SMG_Basal,0.5279794931411743,321.71490478515625,0.0
B_plasmablast,SMG_Duct,0.7106199264526367,433.00360107421875,0.0
B_plasmablast,SMG_Mucous,0.7192803621292114,438.28070068359375,0.0
B_plasmablast,SMG_Serous,0.6999402046203613,426.49609375,0.0
B_plasmablast,Schwann_Myelinating,0.5176506638526917,315.4212341308594,0.0
B_plasmablast,Schwann_nonmyelinating,-0.19095629453659058,-116.35581970214844,0.0
B_plasmablast,Secretory_Club,0.28376469016075134,172.90696716308594,0.0
B_plasmablast,Secretory_Goblet,0.45985114574432373,280.2021179199219,0.0
B_plasmablast,Suprabasal,0.3140214681625366,191.34339904785156,0.0
B_plasmablast,T_reg,0.7144409418106079,435.3318786621094,0.0
B_plasmablast,gdT,0.7351616621017456,447.9576721191406,0.0
Basal,Basal,0.28040048480033875,170.85704040527344,0.0
Basal,CD4_EM_Effector,0.3193298280239105,194.57794189453125,0.0
Basal,CD4_TRM,0.3272763192653656,199.4199981689453,0.0
Basal,CD4_naive_CM,0.26104894280433655,159.06552124023438,0.0
Basal,CD8_EM,0.32304731011390686,196.84312438964844,0.0
Basal,CD8_EM_EMRA,0.30284368991851807,184.53240966796875,0.0
Basal,CD8_TRM_EM,0.3185063898563385,194.07620239257812,0.0
Basal,CD8_TRM,0.3281288146972656,199.939453125,0.0
Basal,Chondrocyte,0.23605282604694366,143.8345947265625,0.0
Basal,Ciliated,0.3143139183521271,191.52159118652344,0.0
Basal,DC_1,0.329936683177948,201.04104614257812,0.0
Basal,DC_2,0.32640329003334045,198.88803100585938,0.0
Basal,DC_activated,0.31145963072776794,189.78237915039062,0.0
Basal,DC_plasmacytoid,0.3315672278404236,202.0345916748047,0.0
Basal,Deuterosomal,0.13333487510681152,81.24523162841797,0.0
Basal,Dividing_AT2,0.30446115136146545,185.5179901123047,0.0
Basal,Dividing_Basal,0.286907821893692,174.82217407226562,0.0
Basal,Endothelia_Lymphatic,0.20398394763469696,124.29399108886719,0.0
Basal,Endothelia_vascular_Cap_a,0.27687063813209534,168.70619201660156,0.0
Basal,Endothelia_vascular_Cap_g,0.2729021906852722,166.2880859375,0.0
Basal,Endothelia_vascular_arterial_pulmonary,0.23667849600315094,144.21583557128906,0.0
Basal,Endothelia_vascular_arterial_systemic,0.1456952691078186,88.77681732177734,0.0
Basal,Endothelia_vascular_venous_pulmonary,0.23554381728172302,143.52442932128906,0.0
Basal,Endothelia_vascular_venous_systemic,0.17985281348228455,109.5901107788086,0.0
Basal,Erythrocyte,0.2895428240299225,176.42776489257812,0.0
Basal,Fibro_adventitial,0.19827128946781158,120.81307983398438,0.0
Basal,Fibro_alveolar,0.26130592823028564,159.2221221923828,0.0
Basal,Fibro_immune_recruiting,0.2940081059932709,179.1486053466797,0.0
Basal,Fibro_myofibroblast,0.16388309001922607,99.85924530029297,0.0
Basal,Fibro_peribronchial,0.16825565695762634,102.52359008789062,0.0
Basal,Fibro_perichondrial,0.17853617668151855,108.787841796875,0.0
Basal,ILC,0.32081204652786255,195.48110961914062,0.0
Basal,Ionocyte_n_Brush,0.2836460769176483,172.83468627929688,0.0
Basal,MAIT,0.31238052248954773,190.343505859375,0.0
Basal,Macro_CHIT1,0.2948412597179413,179.65628051757812,0.0
Basal,Macro_interstitial,0.30444854497909546,185.5102996826172,0.0
Basal,Macro_AW_CX3CR1,0.3371846079826355,205.4574432373047,0.0
Basal,Macro_alveolar_metallothioneins,0.2961776852607727,180.47059631347656,0.0
Basal,Macro_alv,0.2915323078632355,177.64002990722656,0.0
Basal,Macro_dividing,0.29716047644615173,181.06944274902344,0.0
Basal,Macro_int,0.29685911536216736,180.8858184814453,0.0
Basal,Macro_CCL,0.30725646018981934,187.22125244140625,0.0
Basal,Mast_cell,0.2873547673225403,175.09451293945312,0.0
Basal,Megakaryocyte,0.3382618725299835,206.1138458251953,0.0
Basal,Mesothelia,0.2894008159637451,176.3412322998047,0.0
Basal,Macrophage_intermediate,0.316401869058609,192.79385375976562,0.0
Basal,Monocyte_CD14,0.2940913140773773,179.19931030273438,0.0
Basal,Monocyte_CD16,0.3121429681777954,190.19876098632812,0.0
Basal,Muscle_airway,0.003014551941305399,1.8368635177612305,0.06623004618712243
Basal,Muscle_pericyte_airway,0.19671520590782166,119.86490631103516,0.0
Basal,Muscle_pericyte_parenchyma,0.279024213552475,170.0184326171875,0.0
Basal,Muscle_perivascular_immune_recruiting,0.28948038816452026,176.3897247314453,0.0
Basal,Muscle_smooth_pulmonary,-0.0015548751689493656,-0.9474354982376099,0.34341690959128546
Basal,Muscle_smooth_syst_arterial,-0.001465940149500966,-0.8932445645332336,0.37172621761366065
Basal,Myoepithelial,0.3004557192325592,183.0773468017578,0.0
Basal,NAF_endoneurial,0.04227732867002487,25.76093864440918,2.430973336911533e-146
Basal,NAF_perineurial,0.00926549918949604,5.6457672119140625,1.6444623448710693e-08
Basal,NK_CD16hi,0.32436949014663696,197.64877319335938,0.0
Basal,NKT,0.309865266084671,188.81088256835938,0.0
Basal,NK_CD11d,0.33598792552948,204.72825622558594,0.0
Basal,NK_CD56bright,0.3380065858364105,205.9582977294922,0.0
Basal,Neuroendocrine,0.3277544379234314,199.71133422851562,0.0
Basal,SMG_Basal,0.3083035349845886,187.85926818847656,0.0
Basal,SMG_Duct,0.3097108006477356,188.71676635742188,0.0
Basal,SMG_Mucous,0.3369855582714081,205.33615112304688,0.0
Basal,SMG_Serous,0.3088526129722595,188.19384765625,0.0
Basal,Schwann_Myelinating,0.2726840674877167,166.15518188476562,0.0
Basal,Schwann_nonmyelinating,-0.0400276817381382,-24.390155792236328,2.1752692272195512e-131
Basal,Secretory_Club,0.1901017725467682,115.83512878417969,0.0
Basal,Secretory_Goblet,0.28779587149620056,175.36329650878906,0.0
Basal,Suprabasal,0.286539226770401,174.5975799560547,0.0
Basal,T_reg,0.3193836808204651,194.6107635498047,0.0
Basal,gdT,0.3177569508552551,193.61953735351562,0.0
CD4_EM_Effector,CD4_EM_Effector,0.7787777781486511,474.5343933105469,0.0
CD4_EM_Effector,CD4_TRM,0.7798667550086975,475.19793701171875,0.0
CD4_EM_Effector,CD4_naive_CM,0.684095561504364,416.8414611816406,0.0
CD4_EM_Effector,CD8_EM,0.7792598605155945,474.828125,0.0
CD4_EM_Effector,CD8_EM_EMRA,0.7786116600036621,474.43316650390625,0.0
CD4_EM_Effector,CD8_TRM_EM,0.7730077505111694,471.0185241699219,0.0
CD4_EM_Effector,CD8_TRM,0.7552782297134399,460.21533203125,0.0
CD4_EM_Effector,Chondrocyte,0.6323335766792297,385.30120849609375,0.0
CD4_EM_Effector,Ciliated,0.45570069551467896,277.673095703125,0.0
CD4_EM_Effector,DC_1,0.7726641297340393,470.80914306640625,0.0
CD4_EM_Effector,DC_2,0.7668964862823486,467.29473876953125,0.0
CD4_EM_Effector,DC_activated,0.7636888027191162,465.3401794433594,0.0
CD4_EM_Effector,DC_plasmacytoid,0.770137369632721,469.2695007324219,0.0
CD4_EM_Effector,Deuterosomal,0.026133373379707336,15.923906326293945,4.325101268559485e-57
CD4_EM_Effector,Dividing_AT2,0.7508206367492676,457.49920654296875,0.0
CD4_EM_Effector,Dividing_Basal,0.6369982957839966,388.1435852050781,0.0
CD4_EM_Effector,Endothelia_Lymphatic,0.578056812286377,352.2286376953125,0.0
CD4_EM_Effector,Endothelia_vascular_Cap_a,0.7308701872825623,445.3427429199219,0.0
CD4_EM_Effector,Endothelia_vascular_Cap_g,0.7183637022972107,437.7221374511719,0.0
CD4_EM_Effector,Endothelia_vascular_arterial_pulmonary,0.6308974027633667,384.4261169433594,0.0
CD4_EM_Effector,Endothelia_vascular_arterial_systemic,0.3902733027935028,237.80609130859375,0.0
CD4_EM_Effector,Endothelia_vascular_venous_pulmonary,0.6246097087860107,380.5948181152344,0.0
CD4_EM_Effector,Endothelia_vascular_venous_systemic,0.4604484736919403,280.5660705566406,0.0
CD4_EM_Effector,Erythrocyte,0.7469727396965027,455.154541015625,0.0
CD4_EM_Effector,Fibro_adventitial,0.5288469791412354,322.2434997558594,0.0
CD4_EM_Effector,Fibro_alveolar,0.7235327959060669,440.871826171875,0.0
CD4_EM_Effector,Fibro_immune_recruiting,0.7036113739013672,428.7330627441406,0.0
CD4_EM_Effector,Fibro_myofibroblast,0.4723057150840759,287.79107666015625,0.0
CD4_EM_Effector,Fibro_peribronchial,0.4735856354236603,288.57098388671875,0.0
CD4_EM_Effector,Fibro_perichondrial,0.45790642499923706,279.0171203613281,0.0
CD4_EM_Effector,ILC,0.778835117816925,474.5693054199219,0.0
CD4_EM_Effector,Ionocyte_n_Brush,0.4125128984451294,251.35739135742188,0.0
CD4_EM_Effector,MAIT,0.7799074053764343,475.2226867675781,0.0
CD4_EM_Effector,Macro_CHIT1,0.7445704340934753,453.69073486328125,0.0
CD4_EM_Effector,Macro_interstitial,0.7706398963928223,469.5757141113281,0.0
CD4_EM_Effector,Macro_AW_CX3CR1,0.774130642414093,471.7027282714844,0.0
CD4_EM_Effector,Macro_alveolar_metallothioneins,0.7484724521636963,456.068359375,0.0
CD4_EM_Effector,Macro_alv,0.7411240935325623,451.5907897949219,0.0
CD4_EM_Effector,Macro_dividing,0.7499642968177795,456.9773864746094,0.0
CD4_EM_Effector,Macro_int,0.7528399229049683,458.7296142578125,0.0
CD4_EM_Effector,Macro_CCL,0.7703107595443726,469.3751525878906,0.0
CD4_EM_Effector,Mast_cell,0.7305623888969421,445.1551818847656,0.0
CD4_EM_Effector,Megakaryocyte,0.7153486609458923,435.8849792480469,0.0
CD4_EM_Effector,Mesothelia,0.7041162848472595,429.0407409667969,0.0
CD4_EM_Effector,Macrophage_intermediate,0.7789767980575562,474.6556396484375,0.0
CD4_EM_Effector,Monocyte_CD14,0.7703690528869629,469.4106750488281,0.0
CD4_EM_Effector,Monocyte_CD16,0.7862638831138611,479.0959167480469,0.0
CD4_EM_Effector,Muscle_airway,0.06022772192955017,36.698692321777344,7.662357949664682e-295
CD4_EM_Effector,Muscle_pericyte_airway,0.511531412601471,311.69256591796875,0.0
CD4_EM_Effector,Muscle_pericyte_parenchyma,0.7542133331298828,459.56646728515625,0.0
CD4_EM_Effector,Muscle_perivascular_immune_recruiting,0.6974489688873291,424.9781188964844,0.0
CD4_EM_Effector,Muscle_smooth_pulmonary,0.04521810635924339,27.55284881591797,4.090885167583168e-167
CD4_EM_Effector,Muscle_smooth_syst_arterial,0.031539853662252426,19.21824836730957,2.604137217014486e-82
CD4_EM_Effector,Myoepithelial,0.6574791669845581,400.62322998046875,0.0
CD4_EM_Effector,NAF_endoneurial,0.10467050969600677,63.77911376953125,0.0
CD4_EM_Effector,NAF_perineurial,0.05378010496497154,32.76995086669922,1.5784203697331264e-235
CD4_EM_Effector,NK_CD16hi,0.7804300785064697,475.5411682128906,0.0
CD4_EM_Effector,NKT,0.7870877981185913,479.5979309082031,0.0
CD4_EM_Effector,NK_CD11d,0.7729183435440063,470.96405029296875,0.0
CD4_EM_Effector,NK_CD56bright,0.757050096988678,461.2950134277344,0.0
CD4_EM_Effector,Neuroendocrine,0.7057569622993469,430.0404357910156,0.0
CD4_EM_Effector,SMG_Basal,0.5114508867263794,311.64349365234375,0.0
CD4_EM_Effector,SMG_Duct,0.654751718044281,398.9613037109375,0.0
CD4_EM_Effector,SMG_Mucous,0.6982197761535645,425.4477844238281,0.0
CD4_EM_Effector,SMG_Serous,0.6569489240646362,400.3001403808594,0.0
CD4_EM_Effector,Schwann_Myelinating,0.5484527349472046,334.1899108886719,0.0
CD4_EM_Effector,Schwann_nonmyelinating,-0.1344665139913559,-81.93477630615234,0.0
CD4_EM_Effector,Secretory_Club,0.28406640887260437,173.09080505371094,0.0
CD4_EM_Effector,Secretory_Goblet,0.4959186315536499,302.17919921875,0.0
CD4_EM_Effector,Suprabasal,0.34278273582458496,208.86856079101562,0.0
CD4_EM_Effector,T_reg,0.7741430401802063,471.7102966308594,0.0
CD4_EM_Effector,gdT,0.783172607421875,477.2122802734375,0.0
CD4_TRM,CD4_TRM,0.7827379107475281,476.9474182128906,0.0
CD4_TRM,CD4_naive_CM,0.6863759160041809,418.23095703125,0.0
CD4_TRM,CD8_EM,0.780747652053833,475.73468017578125,0.0
CD4_TRM,CD8_EM_EMRA,0.7784318327903748,474.3235778808594,0.0
CD4_TRM,CD8_TRM_EM,0.7734904289245605,471.3126220703125,0.0
CD4_TRM,CD8_TRM,0.7562713623046875,460.82049560546875,0.0
CD4_TRM,Chondrocyte,0.6389631032943726,389.3407897949219,0.0
CD4_TRM,Ciliated,0.4642813801765442,282.9015808105469,0.0
CD4_TRM,DC_1,0.7762846350669861,473.0152282714844,0.0
CD4_TRM,DC_2,0.7688211798667908,468.4674987792969,0.0
CD4_TRM,DC_activated,0.7630525231361389,464.9524841308594,0.0
CD4_TRM,DC_plasmacytoid,0.7730357646942139,471.03558349609375,0.0
CD4_TRM,Deuterosomal,0.03616243228316307,22.034934997558594,1.332364528800653e-107
CD4_TRM,Dividing_AT2,0.7491769790649414,456.4976501464844,0.0
CD4_TRM,Dividing_Basal,0.643523633480072,392.1196594238281,0.0
CD4_TRM,Endothelia_Lymphatic,0.5821022987365723,354.69366455078125,0.0
CD4_TRM,Endothelia_vascular_Cap_a,0.7270404696464539,443.0091857910156,0.0
CD4_TRM,Endothelia_vascular_Cap_g,0.7153027653694153,435.85699462890625,0.0
CD4_TRM,Endothelia_vascular_arterial_pulmonary,0.6273927688598633,382.2906188964844,0.0
CD4_TRM,Endothelia_vascular_arterial_systemic,0.3864651322364807,235.48565673828125,0.0
CD4_TRM,Endothelia_vascular_venous_pulmonary,0.6266418695449829,381.83306884765625,0.0
CD4_TRM,Endothelia_vascular_venous_systemic,0.4642171561717987,282.8624572753906,0.0
CD4_TRM,Erythrocyte,0.7436931133270264,453.1561584472656,0.0
CD4_TRM,Fibro_adventitial,0.5359799861907959,326.5898742675781,0.0
CD4_TRM,Fibro_alveolar,0.7179428935050964,437.4657287597656,0.0
CD4_TRM,Fibro_immune_recruiting,0.7158430218696594,436.18621826171875,0.0
CD4_TRM,Fibro_myofibroblast,0.47712400555610657,290.7270202636719,0.0
CD4_TRM,Fibro_peribronchial,0.4735897183418274,288.5734558105469,0.0
CD4_TRM,Fibro_perichondrial,0.4620688259601593,281.55340576171875,0.0
CD4_TRM,ILC,0.7811146974563599,475.9583435058594,0.0
CD4_TRM,Ionocyte_n_Brush,0.41956597566604614,255.65505981445312,0.0
CD4_TRM,MAIT,0.7801397442817688,475.3642578125,0.0
CD4_TRM,Macro_CHIT1,0.7441006302833557,453.40447998046875,0.0
CD4_TRM,Macro_interstitial,0.7707070708274841,469.61663818359375,0.0
CD4_TRM,Macro_AW_CX3CR1,0.7801384329795837,475.36346435546875,0.0
CD4_TRM,Macro_alveolar_metallothioneins,0.7533615231513977,459.04742431640625,0.0
CD4_TRM,Macro_alv,0.738797128200531,450.1728820800781,0.0
CD4_TRM,Macro_dividing,0.748852014541626,456.2996520996094,0.0
CD4_TRM,Macro_int,0.75650554895401,460.96319580078125,0.0
CD4_TRM,Macro_CCL,0.770855724811554,469.70721435546875,0.0
CD4_TRM,Mast_cell,0.7313944697380066,445.6622009277344,0.0
CD4_TRM,Megakaryocyte,0.7220860719680786,439.99029541015625,0.0
CD4_TRM,Mesothelia,0.7165007591247559,436.58697509765625,0.0
CD4_TRM,Macrophage_intermediate,0.7835497856140137,477.4421081542969,0.0
CD4_TRM,Monocyte_CD14,0.7702938318252563,469.3648376464844,0.0
CD4_TRM,Monocyte_CD16,0.7890991568565369,480.8235168457031,0.0
CD4_TRM,Muscle_airway,0.0560404397547245,34.14724349975586,1.4692475558069974e-255
CD4_TRM,Muscle_pericyte_airway,0.5180478692054749,315.6632385253906,0.0
CD4_TRM,Muscle_pericyte_parenchyma,0.7514683604240417,457.89385986328125,0.0
CD4_TRM,Muscle_perivascular_immune_recruiting,0.7075707316398621,431.1456298828125,0.0
CD4_TRM,Muscle_smooth_pulmonary,0.04048950597643852,24.671560287475586,2.1605876275836579e-134
CD4_TRM,Muscle_smooth_syst_arterial,0.02678799070417881,16.322784423828125,6.796364945455453e-60
CD4_TRM,Myoepithelial,0.66830974817276,407.22265625,0.0
CD4_TRM,NAF_endoneurial,0.10442260652780533,63.628055572509766,0.0
CD4_TRM,NAF_perineurial,0.04967506602406502,30.268617630004883,2.9683485495240363e-201
CD4_TRM,NK_CD16hi,0.7829456329345703,477.073974609375,0.0
CD4_TRM,NKT,0.7883334159851074,480.35693359375,0.0
CD4_TRM,NK_CD11d,0.7769039273262024,473.392578125,0.0
CD4_TRM,NK_CD56bright,0.7602725028991699,463.2585144042969,0.0
CD4_TRM,Neuroendocrine,0.714407205581665,435.3113098144531,0.0
CD4_TRM,SMG_Basal,0.5220178961753845,318.0823059082031,0.0
CD4_TRM,SMG_Duct,0.6693139672279358,407.8345642089844,0.0
CD4_TRM,SMG_Mucous,0.7094881534576416,432.31396484375,0.0
CD4_TRM,SMG_Serous,0.6700648665428162,408.2921142578125,0.0
CD4_TRM,Schwann_Myelinating,0.5605924129486084,341.5870056152344,0.0
CD4_TRM,Schwann_nonmyelinating,-0.13187237083911896,-80.35408020019531,0.0
CD4_TRM,Secretory_Club,0.2889065444469452,176.04005432128906,0.0
CD4_TRM,Secretory_Goblet,0.502508819103241,306.1947937011719,0.0
CD4_TRM,Suprabasal,0.3498615026473999,213.181884765625,0.0
CD4_TRM,T_reg,0.7752007842063904,472.35479736328125,0.0
CD4_TRM,gdT,0.7847325801849365,478.162841796875,0.0
CD4_naive_CM,CD4_naive_CM,0.7497135996818542,456.82464599609375,0.0
CD4_naive_CM,CD8_EM,0.6706646084785461,408.65753173828125,0.0
CD4_naive_CM,CD8_EM_EMRA,0.676943302154541,412.4833679199219,0.0
CD4_naive_CM,CD8_TRM_EM,0.6455731391906738,393.3684997558594,0.0
CD4_naive_CM,CD8_TRM,0.6178086996078491,376.45074462890625,0.0
CD4_naive_CM,Chondrocyte,0.6968276500701904,424.5995178222656,0.0
CD4_naive_CM,Ciliated,0.3685864508152008,224.5915985107422,0.0
CD4_naive_CM,DC_1,0.6685135364532471,407.3468322753906,0.0
CD4_naive_CM,DC_2,0.6486157178878784,395.2224426269531,0.0
CD4_naive_CM,DC_activated,0.6418534517288208,391.10198974609375,0.0
CD4_naive_CM,DC_plasmacytoid,0.6541317701339722,398.58355712890625,0.0
CD4_naive_CM,Deuterosomal,-0.1595458835363388,-97.21644592285156,0.0
CD4_naive_CM,Dividing_AT2,0.6919423937797546,421.6227722167969,0.0
CD4_naive_CM,Dividing_Basal,0.5780468583106995,352.2225646972656,0.0
CD4_naive_CM,Endothelia_Lymphatic,0.6895121335983276,420.1419372558594,0.0
CD4_naive_CM,Endothelia_vascular_Cap_a,0.5938181281089783,361.83251953125,0.0
CD4_naive_CM,Endothelia_vascular_Cap_g,0.5659547448158264,344.8544616699219,0.0
CD4_naive_CM,Endothelia_vascular_arterial_pulmonary,0.5993196964263916,365.1847839355469,0.0
CD4_naive_CM,Endothelia_vascular_arterial_systemic,0.46743133664131165,284.8209533691406,0.0
CD4_naive_CM,Endothelia_vascular_venous_pulmonary,0.6782490015029907,413.2789611816406,0.0
CD4_naive_CM,Endothelia_vascular_venous_systemic,0.6120901703834534,372.96624755859375,0.0
CD4_naive_CM,Erythrocyte,0.6483185291290283,395.0413513183594,0.0
CD4_naive_CM,Fibro_adventitial,0.6817817091941833,415.4315490722656,0.0
CD4_naive_CM,Fibro_alveolar,0.6225878596305847,379.3628234863281,0.0
CD4_naive_CM,Fibro_immune_recruiting,0.6866564750671387,418.40191650390625,0.0
CD4_naive_CM,Fibro_myofibroblast,0.664969801902771,405.1875,0.0
CD4_naive_CM,Fibro_peribronchial,0.6109185814857483,372.2523498535156,0.0
CD4_naive_CM,Fibro_perichondrial,0.4627997875213623,281.9988098144531,0.0
CD4_naive_CM,ILC,0.6893844604492188,420.06414794921875,0.0
CD4_naive_CM,Ionocyte_n_Brush,0.3384658098220825,206.2381134033203,0.0
CD4_naive_CM,MAIT,0.668535053730011,407.35992431640625,0.0
CD4_naive_CM,Macro_CHIT1,0.6421935558319092,391.3092041015625,0.0
CD4_naive_CM,Macro_interstitial,0.6585639119148254,401.2842102050781,0.0
CD4_naive_CM,Macro_AW_CX3CR1,0.6896739602088928,420.24053955078125,0.0
CD4_naive_CM,Macro_alveolar_metallothioneins,0.7319468855857849,445.9988098144531,0.0
CD4_naive_CM,Macro_alv,0.6151523590087891,374.8321533203125,0.0
CD4_naive_CM,Macro_dividing,0.6270773410797119,382.0984191894531,0.0
CD4_naive_CM,Macro_int,0.6744325757026672,410.9534912109375,0.0
CD4_naive_CM,Macro_CCL,0.6556687355041504,399.52008056640625,0.0
CD4_naive_CM,Mast_cell,0.7386490106582642,450.0826416015625,0.0
CD4_naive_CM,Megakaryocyte,0.6017401218414307,366.6596374511719,0.0
CD4_naive_CM,Mesothelia,0.6915545463562012,421.3864440917969,0.0
CD4_naive_CM,Macrophage_intermediate,0.706180989742279,430.298828125,0.0
CD4_naive_CM,Monocyte_CD14,0.6987422704696655,425.76617431640625,0.0
CD4_naive_CM,Monocyte_CD16,0.714855968952179,435.5847473144531,0.0
CD4_naive_CM,Muscle_airway,0.21369314193725586,130.21011352539062,0.0
CD4_naive_CM,Muscle_pericyte_airway,0.640398383140564,390.2153625488281,0.0
CD4_naive_CM,Muscle_pericyte_parenchyma,0.640250563621521,390.1252746582031,0.0
CD4_naive_CM,Muscle_perivascular_immune_recruiting,0.6960230469703674,424.1092529296875,0.0
CD4_naive_CM,Muscle_smooth_pulmonary,0.2119256556034088,129.1331329345703,0.0
CD4_naive_CM,Muscle_smooth_syst_arterial,0.1912098526954651,116.51032257080078,0.0
CD4_naive_CM,Myoepithelial,0.5444456338882446,331.7482604980469,0.0
CD4_naive_CM,NAF_endoneurial,0.15572988986968994,94.8912353515625,0.0
CD4_naive_CM,NAF_perineurial,0.20380966365337372,124.18778991699219,0.0
CD4_naive_CM,NK_CD16hi,0.6544214487075806,398.76007080078125,0.0
CD4_naive_CM,NKT,0.6957454681396484,423.94012451171875,0.0
CD4_naive_CM,NK_CD11d,0.6383311152458191,388.9557189941406,0.0
CD4_naive_CM,NK_CD56bright,0.6129065155982971,373.46368408203125,0.0
CD4_naive_CM,Neuroendocrine,0.6179278492927551,376.5233459472656,0.0
CD4_naive_CM,SMG_Basal,0.4762149751186371,290.1731262207031,0.0
CD4_naive_CM,SMG_Duct,0.5653949975967407,344.51336669921875,0.0
CD4_naive_CM,SMG_Mucous,0.6112222075462341,372.4373779296875,0.0
CD4_naive_CM,SMG_Serous,0.5679681301116943,346.0812683105469,0.0
CD4_naive_CM,Schwann_Myelinating,0.4031851589679718,245.6737060546875,0.0
CD4_naive_CM,Schwann_nonmyelinating,-0.16948287189006805,-103.27136993408203,0.0
CD4_naive_CM,Secretory_Club,0.27060815691947937,164.8902587890625,0.0
CD4_naive_CM,Secretory_Goblet,0.43056273460388184,262.3557434082031,0.0
CD4_naive_CM,Suprabasal,0.2943181097507477,179.33750915527344,0.0
CD4_naive_CM,T_reg,0.6647477149963379,405.05218505859375,0.0
CD4_naive_CM,gdT,0.6880319118499756,419.239990234375,0.0
CD8_EM,CD8_EM,0.7820826172828674,476.5481262207031,0.0
CD8_EM,CD8_EM_EMRA,0.78184974193573,476.4062194824219,0.0
CD8_EM,CD8_TRM_EM,0.778693675994873,474.4831237792969,0.0
CD8_EM,CD8_TRM,0.7618569731712341,464.2239990234375,0.0
CD8_EM,Chondrocyte,0.6200360655784607,377.8079528808594,0.0
CD8_EM,Ciliated,0.4604187607765198,280.5479736328125,0.0
CD8_EM,DC_1,0.7791652679443359,474.7704772949219,0.0
CD8_EM,DC_2,0.7736575603485107,471.4144592285156,0.0
CD8_EM,DC_activated,0.7693494558334351,468.7893981933594,0.0
CD8_EM,DC_plasmacytoid,0.7743805646896362,471.8550109863281,0.0
CD8_EM,Deuterosomal,0.05045779049396515,30.745555877685547,1.4020272565824054e-207
CD8_EM,Dividing_AT2,0.7478967905044556,455.71759033203125,0.0
CD8_EM,Dividing_Basal,0.6344497799873352,386.5906677246094,0.0
CD8_EM,Endothelia_Lymphatic,0.5588116645812988,340.501953125,0.0
CD8_EM,Endothelia_vascular_Cap_a,0.7380662560462952,449.7275390625,0.0
CD8_EM,Endothelia_vascular_Cap_g,0.7281981706619263,443.714599609375,0.0
CD8_EM,Endothelia_vascular_arterial_pulmonary,0.6186094880104065,376.9386901855469,0.0
CD8_EM,Endothelia_vascular_arterial_systemic,0.3629644215106964,221.16590881347656,0.0
CD8_EM,Endothelia_vascular_venous_pulmonary,0.6081371903419495,370.5575866699219,0.0
CD8_EM,Endothelia_vascular_venous_systemic,0.4366684556007385,266.0761413574219,0.0
CD8_EM,Erythrocyte,0.745653510093689,454.3507080078125,0.0
CD8_EM,Fibro_adventitial,0.5062414407730103,308.4692077636719,0.0
CD8_EM,Fibro_alveolar,0.7255405187606812,442.09521484375,0.0
CD8_EM,Fibro_immune_recruiting,0.7020218968391418,427.7645568847656,0.0
CD8_EM,Fibro_myofibroblast,0.44564950466156006,271.548583984375,0.0
CD8_EM,Fibro_peribronchial,0.44376713037490845,270.401611328125,0.0
CD8_EM,Fibro_perichondrial,0.4522990584373474,275.6003723144531,0.0
CD8_EM,ILC,0.779213547706604,474.7998962402344,0.0
CD8_EM,Ionocyte_n_Brush,0.41723722219467163,254.23606872558594,0.0
CD8_EM,MAIT,0.7837638854980469,477.57257080078125,0.0
CD8_EM,Macro_CHIT1,0.7498247027397156,456.892333984375,0.0
CD8_EM,Macro_interstitial,0.7765035033226013,473.1485900878906,0.0
CD8_EM,Macro_AW_CX3CR1,0.7766662836074829,473.2477722167969,0.0
CD8_EM,Macro_alveolar_metallothioneins,0.7425185441970825,452.4404602050781,0.0
CD8_EM,Macro_alv,0.7475073933601379,455.4803161621094,0.0
CD8_EM,Macro_dividing,0.7567973732948303,461.1410217285156,0.0
CD8_EM,Macro_int,0.758072018623352,461.9176940917969,0.0
CD8_EM,Macro_CCL,0.7762050032615662,472.9667053222656,0.0
CD8_EM,Mast_cell,0.7194919586181641,438.40960693359375,0.0
CD8_EM,Megakaryocyte,0.7187113165855408,437.9339599609375,0.0
CD8_EM,Mesothelia,0.7033821940422058,428.5934143066406,0.0
CD8_EM,Macrophage_intermediate,0.7805242538452148,475.59857177734375,0.0
CD8_EM,Monocyte_CD14,0.7718762755393982,470.3290710449219,0.0
CD8_EM,Monocyte_CD16,0.7874420881271362,479.8138122558594,0.0
CD8_EM,Muscle_airway,0.027089949697256088,16.506778717041016,3.279265244679518e-61
CD8_EM,Muscle_pericyte_airway,0.49292320013046265,300.3539733886719,0.0
CD8_EM,Muscle_pericyte_parenchyma,0.7576898336410522,461.684814453125,0.0
CD8_EM,Muscle_perivascular_immune_recruiting,0.69112628698349,421.12548828125,0.0
CD8_EM,Muscle_smooth_pulmonary,0.011449676007032394,6.976656436920166,3.022877125977984e-12
CD8_EM,Muscle_smooth_syst_arterial,-0.0015111358370631933,-0.9207836985588074,0.3571633674792153
CD8_EM,Myoepithelial,0.6655355095863342,405.5322265625,0.0
CD8_EM,NAF_endoneurial,0.08399565517902374,51.18125915527344,0.0
CD8_EM,NAF_perineurial,0.022098833695054054,13.465531349182129,2.495167770372109e-41
CD8_EM,NK_CD16hi,0.7861426472663879,479.02203369140625,0.0
CD8_EM,NKT,0.7890123724937439,480.7706604003906,0.0
CD8_EM,NK_CD11d,0.7802417874336243,475.42645263671875,0.0
CD8_EM,NK_CD56bright,0.7655737400054932,466.4887390136719,0.0
CD8_EM,Neuroendocrine,0.7055147290229797,429.8928527832031,0.0
CD8_EM,SMG_Basal,0.5076106190681458,309.3034973144531,0.0
CD8_EM,SMG_Duct,0.6618735790252686,403.3008728027344,0.0
CD8_EM,SMG_Mucous,0.7029979228973389,428.3592834472656,0.0
CD8_EM,SMG_Serous,0.6635821461677551,404.34197998046875,0.0
CD8_EM,Schwann_Myelinating,0.557271420955658,339.56341552734375,0.0
CD8_EM,Schwann_nonmyelinating,-0.13816896080970764,-84.1907958984375,0.0
CD8_EM,Secretory_Club,0.2821315824985504,171.911865234375,0.0
CD8_EM,Secretory_Goblet,0.4961145222187042,302.2985534667969,0.0
CD8_EM,Suprabasal,0.34333693981170654,209.2062530517578,0.0
CD8_EM,T_reg,0.7769408226013184,473.4150695800781,0.0
CD8_EM,gdT,0.7841241955757141,477.7921142578125,0.0
CD8_EM_EMRA,CD8_EM_EMRA,0.7887188196182251,480.5917663574219,0.0
CD8_EM_EMRA,CD8_TRM_EM,0.7812737822532654,476.0552673339844,0.0
CD8_EM_EMRA,CD8_TRM,0.761438250541687,463.9688415527344,0.0
CD8_EM_EMRA,Chondrocyte,0.6190008521080017,377.1771545410156,0.0
CD8_EM_EMRA,Ciliated,0.4394349455833435,267.7618713378906,0.0
CD8_EM_EMRA,DC_1,0.7836384177207947,477.4961242675781,0.0
CD8_EM_EMRA,DC_2,0.7781999111175537,474.1822509765625,0.0
CD8_EM_EMRA,DC_activated,0.7747607827186584,472.0867004394531,0.0
CD8_EM_EMRA,DC_plasmacytoid,0.7719480991363525,470.3728332519531,0.0
CD8_EM_EMRA,Deuterosomal,0.028880000114440918,17.59751319885254,2.573800295467896e-69
CD8_EM_EMRA,Dividing_AT2,0.753457248210907,459.10577392578125,0.0
CD8_EM_EMRA,Dividing_Basal,0.6225792169570923,379.3575744628906,0.0
CD8_EM_EMRA,Endothelia_Lymphatic,0.559298038482666,340.7983093261719,0.0
CD8_EM_EMRA,Endothelia_vascular_Cap_a,0.7491627931594849,456.489013671875,0.0
CD8_EM_EMRA,Endothelia_vascular_Cap_g,0.7391203045845032,450.36981201171875,0.0
CD8_EM_EMRA,Endothelia_vascular_arterial_pulmonary,0.6119896769523621,372.905029296875,0.0
CD8_EM_EMRA,Endothelia_vascular_arterial_systemic,0.3450576663017273,210.25474548339844,0.0
CD8_EM_EMRA,Endothelia_vascular_venous_pulmonary,0.6039824485778809,368.0259704589844,0.0
CD8_EM_EMRA,Endothelia_vascular_venous_systemic,0.43479451537132263,264.9342956542969,0.0
CD8_EM_EMRA,Erythrocyte,0.7478301525115967,455.677001953125,0.0
CD8_EM_EMRA,Fibro_adventitial,0.5038515329360962,307.0129699707031,0.0
CD8_EM_EMRA,Fibro_alveolar,0.7380178570747375,449.69805908203125,0.0
CD8_EM_EMRA,Fibro_immune_recruiting,0.698366105556488,425.5369567871094,0.0
CD8_EM_EMRA,Fibro_myofibroblast,0.446222186088562,271.8975524902344,0.0
CD8_EM_EMRA,Fibro_peribronchial,0.430860698223114,262.53729248046875,0.0
CD8_EM_EMRA,Fibro_perichondrial,0.44694945216178894,272.3406982421875,0.0
CD8_EM_EMRA,ILC,0.7777301073074341,473.89599609375,0.0
CD8_EM_EMRA,Ionocyte_n_Brush,0.4026130735874176,245.32510375976562,0.0
CD8_EM_EMRA,MAIT,0.787800669670105,480.0323181152344,0.0
CD8_EM_EMRA,Macro_CHIT1,0.7596309781074524,462.86761474609375,0.0
CD8_EM_EMRA,Macro_interstitial,0.7854640483856201,478.6085510253906,0.0
CD8_EM_EMRA,Macro_AW_CX3CR1,0.7750760316848755,472.2787780761719,0.0
CD8_EM_EMRA,Macro_alveolar_metallothioneins,0.7430749535560608,452.7795104980469,0.0
CD8_EM_EMRA,Macro_alv,0.7561360001564026,460.7380065917969,0.0
CD8_EM_EMRA,Macro_dividing,0.7656238675117493,466.519287109375,0.0
CD8_EM_EMRA,Macro_int,0.7675442695617676,467.689453125,0.0
CD8_EM_EMRA,Macro_CCL,0.7833586931228638,477.32568359375,0.0
CD8_EM_EMRA,Mast_cell,0.7189339399337769,438.0696105957031,0.0
CD8_EM_EMRA,Megakaryocyte,0.7060708999633789,430.23175048828125,0.0
CD8_EM_EMRA,Mesothelia,0.7026564478874207,428.1512145996094,0.0
CD8_EM_EMRA,Macrophage_intermediate,0.7827913165092468,476.9799499511719,0.0
CD8_EM_EMRA,Monocyte_CD14,0.7821977734565735,476.6182861328125,0.0
CD8_EM_EMRA,Monocyte_CD16,0.7926586270332336,482.992431640625,0.0
CD8_EM_EMRA,Muscle_airway,0.006320462096482515,3.8512611389160156,0.00011751111087765513
CD8_EM_EMRA,Muscle_pericyte_airway,0.49227333068847656,299.9580078125,0.0
CD8_EM_EMRA,Muscle_pericyte_parenchyma,0.7664846181869507,467.04376220703125,0.0
CD8_EM_EMRA,Muscle_perivascular_immune_recruiting,0.6848270297050476,417.28717041015625,0.0
CD8_EM_EMRA,Muscle_smooth_pulmonary,-0.006021317094564438,-3.66898250579834,0.00024351774049040072
CD8_EM_EMRA,Muscle_smooth_syst_arterial,-0.01949268952012062,-11.877523422241211,1.5488852899684125e-32
CD8_EM_EMRA,Myoepithelial,0.6592522859573364,401.7036437988281,0.0
CD8_EM_EMRA,NAF_endoneurial,0.05672444775700569,34.56403350830078,8.772728520538137e-262
CD8_EM_EMRA,NAF_perineurial,0.0021159155294299126,1.2892954349517822,0.19729539743391522
CD8_EM_EMRA,NK_CD16hi,0.7869779467582703,479.531005859375,0.0
CD8_EM_EMRA,NKT,0.7936192750930786,483.5777893066406,0.0
CD8_EM_EMRA,NK_CD11d,0.7787334322929382,474.5073547363281,0.0
CD8_EM_EMRA,NK_CD56bright,0.7634648084640503,465.2037048339844,0.0
CD8_EM_EMRA,Neuroendocrine,0.6888521909713745,419.7398376464844,0.0
CD8_EM_EMRA,SMG_Basal,0.4850943982601166,295.5836486816406,0.0
CD8_EM_EMRA,SMG_Duct,0.6537794470787048,398.3688659667969,0.0
CD8_EM_EMRA,SMG_Mucous,0.6961395740509033,424.1802673339844,0.0
CD8_EM_EMRA,SMG_Serous,0.6563971638679504,399.96392822265625,0.0
CD8_EM_EMRA,Schwann_Myelinating,0.5353368520736694,326.197998046875,0.0
CD8_EM_EMRA,Schwann_nonmyelinating,-0.16709284484386444,-101.81504821777344,0.0
CD8_EM_EMRA,Secretory_Club,0.27099931240081787,165.12860107421875,0.0
CD8_EM_EMRA,Secretory_Goblet,0.47916653752326965,291.9715881347656,0.0
CD8_EM_EMRA,Suprabasal,0.3215181827545166,195.911376953125,0.0
CD8_EM_EMRA,T_reg,0.7774646282196045,473.7342224121094,0.0
CD8_EM_EMRA,gdT,0.7841214537620544,477.79046630859375,0.0
CD8_TRM_EM,CD8_TRM_EM,0.7806158661842346,475.6543884277344,0.0
CD8_TRM_EM,CD8_TRM,0.7646753191947937,465.9412841796875,0.0
CD8_TRM_EM,Chondrocyte,0.5910336375236511,360.1358337402344,0.0
CD8_TRM_EM,Ciliated,0.4555567502975464,277.58538818359375,0.0
CD8_TRM_EM,DC_1,0.7795109152793884,474.9811096191406,0.0
CD8_TRM_EM,DC_2,0.7762371301651001,472.98626708984375,0.0
CD8_TRM_EM,DC_activated,0.7725154757499695,470.71856689453125,0.0
CD8_TRM_EM,DC_plasmacytoid,0.77168208360672,470.21075439453125,0.0
CD8_TRM_EM,Deuterosomal,0.07210673391819,43.936954498291016,0.0
CD8_TRM_EM,Dividing_AT2,0.740996241569519,451.51287841796875,0.0
CD8_TRM_EM,Dividing_Basal,0.6211073994636536,378.46075439453125,0.0
CD8_TRM_EM,Endothelia_Lymphatic,0.5242459177970886,319.4399108886719,0.0
CD8_TRM_EM,Endothelia_vascular_Cap_a,0.7472648620605469,455.3325500488281,0.0
CD8_TRM_EM,Endothelia_vascular_Cap_g,0.7402482628822327,451.0570983886719,0.0
CD8_TRM_EM,Endothelia_vascular_arterial_pulmonary,0.599290132522583,365.1667785644531,0.0
CD8_TRM_EM,Endothelia_vascular_arterial_systemic,0.3235076069831848,197.12359619140625,0.0
CD8_TRM_EM,Endothelia_vascular_venous_pulmonary,0.5780901908874512,352.24896240234375,0.0
CD8_TRM_EM,Endothelia_vascular_venous_systemic,0.39737892150878906,242.13577270507812,0.0
CD8_TRM_EM,Erythrocyte,0.7408964037895203,451.4520263671875,0.0
CD8_TRM_EM,Fibro_adventitial,0.46461257338523865,283.1033935546875,0.0
CD8_TRM_EM,Fibro_alveolar,0.7294474840164185,444.475830078125,0.0
CD8_TRM_EM,Fibro_immune_recruiting,0.6833530068397522,416.3890075683594,0.0
CD8_TRM_EM,Fibro_myofibroblast,0.401081919670105,244.3921356201172,0.0
CD8_TRM_EM,Fibro_peribronchial,0.3980444073677063,242.54127502441406,0.0
CD8_TRM_EM,Fibro_perichondrial,0.43685171008110046,266.18780517578125,0.0
CD8_TRM_EM,ILC,0.7715867757797241,470.1526794433594,0.0
CD8_TRM_EM,Ionocyte_n_Brush,0.4148070216178894,252.75527954101562,0.0
CD8_TRM_EM,MAIT,0.7833452224731445,477.3174743652344,0.0
CD8_TRM_EM,Macro_CHIT1,0.7527863383293152,458.69696044921875,0.0
CD8_TRM_EM,Macro_interstitial,0.7795717120170593,475.0181579589844,0.0
CD8_TRM_EM,Macro_AW_CX3CR1,0.7691016793251038,468.638427734375,0.0
CD8_TRM_EM,Macro_alveolar_metallothioneins,0.7241262793540955,441.23345947265625,0.0
CD8_TRM_EM,Macro_alv,0.7533673048019409,459.05096435546875,0.0
CD8_TRM_EM,Macro_dividing,0.7620899081230164,464.3659362792969,0.0
CD8_TRM_EM,Macro_int,0.7567175626754761,461.0923767089844,0.0
CD8_TRM_EM,Macro_CCL,0.7786903977394104,474.48114013671875,0.0
CD8_TRM_EM,Mast_cell,0.6978749632835388,425.2377014160156,0.0
CD8_TRM_EM,Megakaryocyte,0.7112972736358643,433.41632080078125,0.0
CD8_TRM_EM,Mesothelia,0.6854937076568604,417.6933898925781,0.0
CD8_TRM_EM,Macrophage_intermediate,0.7727405428886414,470.8556823730469,0.0
CD8_TRM_EM,Monocyte_CD14,0.7690204977989197,468.5889587402344,0.0
CD8_TRM_EM,Monocyte_CD16,0.7810701727867126,475.93121337890625,0.0
CD8_TRM_EM,Muscle_airway,-0.017573930323123932,-10.708361625671387,9.299294883110826e-27
CD8_TRM_EM,Muscle_pericyte_airway,0.45722174644470215,278.5999450683594,0.0
CD8_TRM_EM,Muscle_pericyte_parenchyma,0.7604086995124817,463.3415222167969,0.0
CD8_TRM_EM,Muscle_perivascular_immune_recruiting,0.6676206588745117,406.8027648925781,0.0
CD8_TRM_EM,Muscle_smooth_pulmonary,-0.03331782668828964,-20.301624298095703,1.2440409595258873e-91
CD8_TRM_EM,Muscle_smooth_syst_arterial,-0.04522483050823212,-27.55694580078125,3.65362957090273e-167
CD8_TRM_EM,Myoepithelial,0.6620577573776245,403.4131164550781,0.0
CD8_TRM_EM,NAF_endoneurial,0.05096283555030823,31.05329704284668,1.0297286559799217e-211
CD8_TRM_EM,NAF_perineurial,-0.020889027044177055,-12.728357315063477,4.114037082004816e-37
CD8_TRM_EM,NK_CD16hi,0.7862344980239868,479.0780029296875,0.0
CD8_TRM_EM,NKT,0.7850725650787354,478.3699951171875,0.0
CD8_TRM_EM,NK_CD11d,0.7812031507492065,476.0122375488281,0.0
CD8_TRM_EM,NK_CD56bright,0.7688512802124023,468.48583984375,0.0
CD8_TRM_EM,Neuroendocrine,0.6907588243484497,420.9015808105469,0.0
CD8_TRM_EM,SMG_Basal,0.48744964599609375,297.0187683105469,0.0
CD8_TRM_EM,SMG_Duct,0.6536871790885925,398.3126525878906,0.0
CD8_TRM_EM,SMG_Mucous,0.6951251029968262,423.5621032714844,0.0
CD8_TRM_EM,SMG_Serous,0.6560249328613281,399.73712158203125,0.0
CD8_TRM_EM,Schwann_Myelinating,0.5521408319473267,336.43719482421875,0.0
CD8_TRM_EM,Schwann_nonmyelinating,-0.15068218111991882,-91.81550598144531,0.0
CD8_TRM_EM,Secretory_Club,0.27293986082077026,166.31105041503906,0.0
CD8_TRM_EM,Secretory_Goblet,0.4872654676437378,296.90655517578125,0.0
CD8_TRM_EM,Suprabasal,0.33507171273231506,204.16998291015625,0.0
CD8_TRM_EM,T_reg,0.7742169499397278,471.75531005859375,0.0
CD8_TRM_EM,gdT,0.7780600190162659,474.0970153808594,0.0
CD8_TRM,CD8_TRM,0.7524847388267517,458.51318359375,0.0
CD8_TRM,Chondrocyte,0.5608135461807251,341.72174072265625,0.0
CD8_TRM,Ciliated,0.4612015187740326,281.0249328613281,0.0
CD8_TRM,DC_1,0.761929988861084,464.2684631347656,0.0
CD8_TRM,DC_2,0.7606084942817688,463.4632568359375,0.0
CD8_TRM,DC_activated,0.756125271320343,460.7314758300781,0.0
CD8_TRM,DC_plasmacytoid,0.7566222548484802,461.0343017578125,0.0
CD8_TRM,Deuterosomal,0.09659186750650406,58.856536865234375,0.0
CD8_TRM,Dividing_AT2,0.7215009331703186,439.6337585449219,0.0
CD8_TRM,Dividing_Basal,0.6075407266616821,370.1941223144531,0.0
CD8_TRM,Endothelia_Lymphatic,0.4955644905567169,301.9634094238281,0.0
CD8_TRM,Endothelia_vascular_Cap_a,0.731591522693634,445.78228759765625,0.0
CD8_TRM,Endothelia_vascular_Cap_g,0.725598931312561,442.13079833984375,0.0
CD8_TRM,Endothelia_vascular_arterial_pulmonary,0.5830909013748169,355.2960510253906,0.0
CD8_TRM,Endothelia_vascular_arterial_systemic,0.3109917938709259,189.497314453125,0.0
CD8_TRM,Endothelia_vascular_venous_pulmonary,0.5540273785591125,337.58673095703125,0.0
CD8_TRM,Endothelia_vascular_venous_systemic,0.3722259998321533,226.80929565429688,0.0
CD8_TRM,Erythrocyte,0.7239635586738586,441.1343078613281,0.0
CD8_TRM,Fibro_adventitial,0.435493141412735,265.3599853515625,0.0
CD8_TRM,Fibro_alveolar,0.7110484838485718,433.2647399902344,0.0
CD8_TRM,Fibro_immune_recruiting,0.6594877243041992,401.84710693359375,0.0
CD8_TRM,Fibro_myofibroblast,0.3713918626308441,226.301025390625,0.0
CD8_TRM,Fibro_peribronchial,0.3761609196662903,229.2069549560547,0.0
CD8_TRM,Fibro_perichondrial,0.4209195673465729,256.4798583984375,0.0
CD8_TRM,ILC,0.7532438635826111,458.9757385253906,0.0
CD8_TRM,Ionocyte_n_Brush,0.4200696647167206,255.96197509765625,0.0
CD8_TRM,MAIT,0.7650365233421326,466.161376953125,0.0
CD8_TRM,Macro_CHIT1,0.7338759899139404,447.1742858886719,0.0
CD8_TRM,Macro_interstitial,0.7606111168861389,463.46484375,0.0
CD8_TRM,Macro_AW_CX3CR1,0.751450777053833,457.8831481933594,0.0
CD8_TRM,Macro_alveolar_metallothioneins,0.7001830339431763,426.6440734863281,0.0
CD8_TRM,Macro_alv,0.7372252941131592,449.2151184082031,0.0
CD8_TRM,Macro_dividing,0.7452828884124756,454.1248779296875,0.0
CD8_TRM,Macro_int,0.734100341796875,447.31097412109375,0.0
CD8_TRM,Macro_CCL,0.7600690126419067,463.134521484375,0.0
CD8_TRM,Mast_cell,0.674898087978363,411.2371520996094,0.0
CD8_TRM,Megakaryocyte,0.7013995051383972,427.38531494140625,0.0
CD8_TRM,Mesothelia,0.6598662734031677,402.0777587890625,0.0
CD8_TRM,Macrophage_intermediate,0.7511606812477112,457.7063903808594,0.0
CD8_TRM,Monocyte_CD14,0.7465110421180725,454.87322998046875,0.0
CD8_TRM,Monocyte_CD16,0.7588629722595215,462.399658203125,0.0
CD8_TRM,Muscle_airway,-0.024104043841362,-14.687370300292969,7.76699964854843e-49
CD8_TRM,Muscle_pericyte_airway,0.43043097853660583,262.27545166015625,0.0
CD8_TRM,Muscle_pericyte_parenchyma,0.7413516640663147,451.72943115234375,0.0
CD8_TRM,Muscle_perivascular_immune_recruiting,0.6441842317581177,392.5221862792969,0.0
CD8_TRM,Muscle_smooth_pulmonary,-0.04003804177045822,-24.396469116210938,1.8643111049651284e-131
CD8_TRM,Muscle_smooth_syst_arterial,-0.05041779577732086,-30.7211856842041,2.967407592517752e-207
CD8_TRM,Myoepithelial,0.6489008665084839,395.39617919921875,0.0
CD8_TRM,NAF_endoneurial,0.05164062976837158,31.466299057006836,2.5124569017290387e-217
CD8_TRM,NAF_perineurial,-0.026004422456026077,-15.845332145690918,1.5141882943152386e-56
CD8_TRM,NK_CD16hi,0.7700995802879333,469.2464599609375,0.0
CD8_TRM,NKT,0.7645840644836426,465.88568115234375,0.0
CD8_TRM,NK_CD11d,0.7672085165977478,467.48486328125,0.0
CD8_TRM,NK_CD56bright,0.7570701241493225,461.3072204589844,0.0
CD8_TRM,Neuroendocrine,0.6782240867614746,413.2637634277344,0.0
CD8_TRM,SMG_Basal,0.48370930552482605,294.7396545410156,0.0
CD8_TRM,SMG_Duct,0.638823390007019,389.25567626953125,0.0
CD8_TRM,SMG_Mucous,0.6819760203361511,415.5499572753906,0.0
CD8_TRM,SMG_Serous,0.6410200595855713,390.59417724609375,0.0
CD8_TRM,Schwann_Myelinating,0.5500311851501465,335.1517028808594,0.0
CD8_TRM,Schwann_nonmyelinating,-0.13589884340763092,-82.80754089355469,0.0
CD8_TRM,Secretory_Club,0.2737443447113037,166.80123901367188,0.0
CD8_TRM,Secretory_Goblet,0.4872197210788727,296.878662109375,0.0
CD8_TRM,Suprabasal,0.34331318736076355,209.19178771972656,0.0
CD8_TRM,T_reg,0.7577571272850037,461.725830078125,0.0
CD8_TRM,gdT,0.7594224810600281,462.7405700683594,0.0
Chondrocyte,Chondrocyte,0.8295824527740479,505.4913024902344,0.0
Chondrocyte,Ciliated,0.3421693742275238,208.49481201171875,0.0
Chondrocyte,DC_1,0.6164510846138,375.6235046386719,0.0
Chondrocyte,DC_2,0.5891386270523071,358.98114013671875,0.0
Chondrocyte,DC_activated,0.5808280110359192,353.9172058105469,0.0
Chondrocyte,DC_plasmacytoid,0.608992338180542,371.0786437988281,0.0
Chondrocyte,Deuterosomal,-0.1381291300058365,-84.1665267944336,0.0
Chondrocyte,Dividing_AT2,0.6300694346427917,383.9216003417969,0.0
Chondrocyte,Dividing_Basal,0.5412070155143738,329.7748718261719,0.0
Chondrocyte,Endothelia_Lymphatic,0.6618515849113464,403.2874755859375,0.0
Chondrocyte,Endothelia_vascular_Cap_a,0.5168504118919373,314.93359375,0.0
Chondrocyte,Endothelia_vascular_Cap_g,0.4949226677417755,301.57232666015625,0.0
Chondrocyte,Endothelia_vascular_arterial_pulmonary,0.5516391396522522,336.1315002441406,0.0
Chondrocyte,Endothelia_vascular_arterial_systemic,0.4476468861103058,272.7656555175781,0.0
Chondrocyte,Endothelia_vascular_venous_pulmonary,0.6487619876861572,395.31158447265625,0.0
Chondrocyte,Endothelia_vascular_venous_systemic,0.5905244946479797,359.8255920410156,0.0
Chondrocyte,Erythrocyte,0.5833462476730347,355.45166015625,0.0
Chondrocyte,Fibro_adventitial,0.6717945337295532,409.3460388183594,0.0
Chondrocyte,Fibro_alveolar,0.542992115020752,330.8625793457031,0.0
Chondrocyte,Fibro_immune_recruiting,0.6884222626686096,419.47784423828125,0.0
Chondrocyte,Fibro_myofibroblast,0.6462056636810303,393.75390625,0.0
Chondrocyte,Fibro_peribronchial,0.5861526131629944,357.1616516113281,0.0
Chondrocyte,Fibro_perichondrial,0.4857568144798279,295.9872741699219,0.0
Chondrocyte,ILC,0.64327073097229,391.965576171875,0.0
Chondrocyte,Ionocyte_n_Brush,0.2992190420627594,182.32379150390625,0.0
Chondrocyte,MAIT,0.6140459179878235,374.157958984375,0.0
Chondrocyte,Macro_CHIT1,0.5749977231025696,350.3646240234375,0.0
Chondrocyte,Macro_interstitial,0.5953430533409119,362.7616882324219,0.0
Chondrocyte,Macro_AW_CX3CR1,0.6489363312721252,395.4178161621094,0.0
Chondrocyte,Macro_alveolar_metallothioneins,0.6877433061599731,419.06414794921875,0.0
Chondrocyte,Macro_alv,0.5409867763519287,329.6406555175781,0.0
Chondrocyte,Macro_dividing,0.5556373000144958,338.56768798828125,0.0
Chondrocyte,Macro_int,0.624862551689148,380.7488708496094,0.0
Chondrocyte,Macro_CCL,0.5979291200637817,364.33746337890625,0.0
Chondrocyte,Mast_cell,0.6842299699783325,416.92333984375,0.0
Chondrocyte,Megakaryocyte,0.5799210071563721,353.3645324707031,0.0
Chondrocyte,Mesothelia,0.6895101070404053,420.1407165527344,0.0
Chondrocyte,Macrophage_intermediate,0.6642517447471619,404.7499694824219,0.0
Chondrocyte,Monocyte_CD14,0.6352845430374146,387.0993347167969,0.0
Chondrocyte,Monocyte_CD16,0.665180504322052,405.3158874511719,0.0
Chondrocyte,Muscle_airway,0.20476242899894714,124.76834106445312,0.0
Chondrocyte,Muscle_pericyte_airway,0.6214375495910645,378.6618957519531,0.0
Chondrocyte,Muscle_pericyte_parenchyma,0.5765336751937866,351.300537109375,0.0
Chondrocyte,Muscle_perivascular_immune_recruiting,0.687332808971405,418.81402587890625,0.0
Chondrocyte,Muscle_smooth_pulmonary,0.19084355235099792,116.28712463378906,0.0
Chondrocyte,Muscle_smooth_syst_arterial,0.16799846291542053,102.36687469482422,0.0
Chondrocyte,Myoepithelial,0.5498408079147339,335.03570556640625,0.0
Chondrocyte,NAF_endoneurial,0.1565273553133011,95.37715911865234,0.0
Chondrocyte,NAF_perineurial,0.1911626011133194,116.48152923583984,0.0
Chondrocyte,NK_CD16hi,0.6069977283477783,369.8632507324219,0.0
Chondrocyte,NKT,0.6429373621940613,391.762451171875,0.0
Chondrocyte,NK_CD11d,0.594524085521698,362.2626647949219,0.0
Chondrocyte,NK_CD56bright,0.5655168294906616,344.5876159667969,0.0
Chondrocyte,Neuroendocrine,0.6130813956260681,373.57025146484375,0.0
Chondrocyte,SMG_Basal,0.4429185092449188,269.884521484375,0.0
Chondrocyte,SMG_Duct,0.5806259512901306,353.7940979003906,0.0
Chondrocyte,SMG_Mucous,0.5950208306312561,362.5653381347656,0.0
Chondrocyte,SMG_Serous,0.5846059322357178,356.2192077636719,0.0
Chondrocyte,Schwann_Myelinating,0.4188291132450104,255.20606994628906,0.0
Chondrocyte,Schwann_nonmyelinating,-0.14666414260864258,-89.3671875,0.0
Chondrocyte,Secretory_Club,0.24630658328533173,150.08253479003906,0.0
Chondrocyte,Secretory_Goblet,0.38599663972854614,235.20018005371094,0.0
Chondrocyte,Suprabasal,0.2685975134372711,163.6651153564453,0.0
Chondrocyte,T_reg,0.6108155846595764,372.1896057128906,0.0
Chondrocyte,gdT,0.6395810842514038,389.71734619140625,0.0
Ciliated,Ciliated,0.4079527258872986,248.5787353515625,0.0
Ciliated,DC_1,0.46516963839530945,283.4428405761719,0.0
Ciliated,DC_2,0.4619583189487457,281.486083984375,0.0
Ciliated,DC_activated,0.44431018829345703,270.7325134277344,0.0
Ciliated,DC_plasmacytoid,0.4688117206096649,285.6620788574219,0.0
Ciliated,Deuterosomal,0.12012410908937454,73.19548797607422,0.0
Ciliated,Dividing_AT2,0.4289790987968445,261.3907775878906,0.0
Ciliated,Dividing_Basal,0.3947984278202057,240.5634002685547,0.0
Ciliated,Endothelia_Lymphatic,0.28947335481643677,176.38543701171875,0.0
Ciliated,Endothelia_vascular_Cap_a,0.40430960059165955,246.35885620117188,0.0
Ciliated,Endothelia_vascular_Cap_g,0.3982376158237457,242.65899658203125,0.0
Ciliated,Endothelia_vascular_arterial_pulmonary,0.33725762367248535,205.50193786621094,0.0
Ciliated,Endothelia_vascular_arterial_systemic,0.1897406131029129,115.61506652832031,0.0
Ciliated,Endothelia_vascular_venous_pulmonary,0.33449020981788635,203.81565856933594,0.0
Ciliated,Endothelia_vascular_venous_systemic,0.24971044063568115,152.1566162109375,0.0
Ciliated,Erythrocyte,0.4170604944229126,254.12838745117188,0.0
Ciliated,Fibro_adventitial,0.28517282009124756,173.76498413085938,0.0
Ciliated,Fibro_alveolar,0.3861747682094574,235.3087158203125,0.0
Ciliated,Fibro_immune_recruiting,0.42643898725509644,259.843017578125,0.0
Ciliated,Fibro_myofibroblast,0.22735825181007385,138.5366973876953,0.0
Ciliated,Fibro_peribronchial,0.2350558191537857,143.22708129882812,0.0
Ciliated,Fibro_perichondrial,0.26885807514190674,163.82388305664062,0.0
Ciliated,ILC,0.4580437242984772,279.1007995605469,0.0
Ciliated,Ionocyte_n_Brush,0.34699228405952454,211.43357849121094,0.0
Ciliated,MAIT,0.45023518800735474,274.3428039550781,0.0
Ciliated,Macro_CHIT1,0.4231105446815491,257.81488037109375,0.0
Ciliated,Macro_interstitial,0.4401804208755493,268.2160949707031,0.0
Ciliated,Macro_AW_CX3CR1,0.4775996804237366,291.0168762207031,0.0
Ciliated,Macro_alveolar_metallothioneins,0.42170479893684387,256.95831298828125,0.0
Ciliated,Macro_alv,0.4154845178127289,253.1680908203125,0.0
Ciliated,Macro_dividing,0.42715996503829956,260.2823181152344,0.0
Ciliated,Macro_int,0.43079647421836853,262.4981689453125,0.0
Ciliated,Macro_CCL,0.44432875514030457,270.7438049316406,0.0
Ciliated,Mast_cell,0.40596938133239746,247.37022399902344,0.0
Ciliated,Megakaryocyte,0.47189420461654663,287.54034423828125,0.0
Ciliated,Mesothelia,0.4161684811115265,253.58485412597656,0.0
Ciliated,Macrophage_intermediate,0.45527514815330505,277.413818359375,0.0
Ciliated,Monocyte_CD14,0.42729854583740234,260.36676025390625,0.0
Ciliated,Monocyte_CD16,0.44981849193573,274.0888977050781,0.0
Ciliated,Muscle_airway,0.004534662701189518,2.7631161212921143,0.005725239399669164
Ciliated,Muscle_pericyte_airway,0.2747213840484619,167.39659118652344,0.0
Ciliated,Muscle_pericyte_parenchyma,0.4119361937046051,251.0059814453125,0.0
Ciliated,Muscle_perivascular_immune_recruiting,0.41468048095703125,252.6781768798828,0.0
Ciliated,Muscle_smooth_pulmonary,-0.013858032412827015,-8.444145202636719,3.0627830313362e-17
Ciliated,Muscle_smooth_syst_arterial,-0.015160820446908474,-9.23797607421875,2.5120366350467912e-20
Ciliated,Myoepithelial,0.42963966727256775,261.79327392578125,0.0
Ciliated,NAF_endoneurial,0.04060230031609535,24.74028968811035,3.9438959367054284e-135
Ciliated,NAF_perineurial,-0.0013817702420055866,-0.8419570922851562,0.3998119712793039
Ciliated,NK_CD16hi,0.46512123942375183,283.4133605957031,0.0
Ciliated,NKT,0.44810983538627625,273.0477600097656,0.0
Ciliated,NK_CD11d,0.4764179587364197,290.29681396484375,0.0
Ciliated,NK_CD56bright,0.4744476079940796,289.09619140625,0.0
Ciliated,Neuroendocrine,0.4614999294281006,281.2067565917969,0.0
Ciliated,SMG_Basal,0.4075165390968323,248.31295776367188,0.0
Ciliated,SMG_Duct,0.4452139437198639,271.283203125,0.0
Ciliated,SMG_Mucous,0.46778741478919983,285.0379333496094,0.0
Ciliated,SMG_Serous,0.4390972852706909,267.5561218261719,0.0
Ciliated,Schwann_Myelinating,0.36642158031463623,223.2724609375,0.0
Ciliated,Schwann_nonmyelinating,-0.11541305482387543,-70.32489013671875,0.0
Ciliated,Secretory_Club,0.23839253187179565,145.26025390625,0.0
Ciliated,Secretory_Goblet,0.3908960223197937,238.18553161621094,0.0
Ciliated,Suprabasal,0.33250442147254944,202.60565185546875,0.0
Ciliated,T_reg,0.4551571011543274,277.3418884277344,0.0
Ciliated,gdT,0.456245094537735,278.00482177734375,0.0
DC_1,DC_1,0.7959888577461243,485.0216369628906,0.0
DC_1,DC_2,0.7854130864143372,478.5774841308594,0.0
DC_1,DC_activated,0.773192822933197,471.13128662109375,0.0
DC_1,DC_plasmacytoid,0.7743883728981018,471.8597717285156,0.0
DC_1,Deuterosomal,0.0669233575463295,40.77855682373047,0.0
DC_1,Dividing_AT2,0.7427799105644226,452.5997314453125,0.0
DC_1,Dividing_Basal,0.6210371255874634,378.41790771484375,0.0
DC_1,Endothelia_Lymphatic,0.5427637696266174,330.72344970703125,0.0
DC_1,Endothelia_vascular_Cap_a,0.739354133605957,450.51226806640625,0.0
DC_1,Endothelia_vascular_Cap_g,0.7326310873031616,446.41571044921875,0.0
DC_1,Endothelia_vascular_arterial_pulmonary,0.5809081792831421,353.966064453125,0.0
DC_1,Endothelia_vascular_arterial_systemic,0.29958054423332214,182.5440673828125,0.0
DC_1,Endothelia_vascular_venous_pulmonary,0.5857429504394531,356.91204833984375,0.0
DC_1,Endothelia_vascular_venous_systemic,0.42345935106277466,258.02740478515625,0.0
DC_1,Erythrocyte,0.7329130172729492,446.5874938964844,0.0
DC_1,Fibro_adventitial,0.49557778239250183,301.97149658203125,0.0
DC_1,Fibro_alveolar,0.7197526097297668,438.5684509277344,0.0
DC_1,Fibro_immune_recruiting,0.7146527767181396,435.4609375,0.0
DC_1,Fibro_myofibroblast,0.42829257249832153,260.9724426269531,0.0
DC_1,Fibro_peribronchial,0.39282727241516113,239.3623046875,0.0
DC_1,Fibro_perichondrial,0.4436437487602234,270.326416015625,0.0
DC_1,ILC,0.7743378281593323,471.8289794921875,0.0
DC_1,Ionocyte_n_Brush,0.4264516830444336,259.8507385253906,0.0
DC_1,MAIT,0.7841342091560364,477.7982177734375,0.0
DC_1,Macro_CHIT1,0.760287880897522,463.26788330078125,0.0
DC_1,Macro_interstitial,0.7865703701972961,479.28265380859375,0.0
DC_1,Macro_AW_CX3CR1,0.7855042219161987,478.6330261230469,0.0
DC_1,Macro_alveolar_metallothioneins,0.7405763268470764,451.25701904296875,0.0
DC_1,Macro_alv,0.7526702880859375,458.6262512207031,0.0
DC_1,Macro_dividing,0.7667468190193176,467.2035217285156,0.0
DC_1,Macro_int,0.777776837348938,473.9244689941406,0.0
DC_1,Macro_CCL,0.7846122980117798,478.08953857421875,0.0
DC_1,Mast_cell,0.7029368877410889,428.32208251953125,0.0
DC_1,Megakaryocyte,0.7153594493865967,435.89154052734375,0.0
DC_1,Mesothelia,0.7220752835273743,439.9837341308594,0.0
DC_1,Macrophage_intermediate,0.7878535389900208,480.0645446777344,0.0
DC_1,Monocyte_CD14,0.7793826460838318,474.9029541015625,0.0
DC_1,Monocyte_CD16,0.7933676242828369,483.4244384765625,0.0
DC_1,Muscle_airway,-0.04058488458395004,-24.729677200317383,5.129952590589126e-135
DC_1,Muscle_pericyte_airway,0.48842447996139526,297.6127624511719,0.0
DC_1,Muscle_pericyte_parenchyma,0.7524883151054382,458.5153503417969,0.0
DC_1,Muscle_perivascular_immune_recruiting,0.691708505153656,421.4802551269531,0.0
DC_1,Muscle_smooth_pulmonary,-0.052233096212148666,-31.827306747436523,2.7130202725773612e-222
DC_1,Muscle_smooth_syst_arterial,-0.0639166310429573,-38.94646072387695,0.0
DC_1,Myoepithelial,0.6836215257644653,416.5526123046875,0.0
DC_1,NAF_endoneurial,0.0248269010335207,15.127830505371094,1.0613709794032375e-51
DC_1,NAF_perineurial,-0.0417359322309494,-25.431047439575195,1.1441864482974895e-142
DC_1,NK_CD16hi,0.7883725166320801,480.3807678222656,0.0
DC_1,NKT,0.7896649837493896,481.1683044433594,0.0
DC_1,NK_CD11d,0.7855908274650574,478.685791015625,0.0
DC_1,NK_CD56bright,0.7711840271949768,469.9072570800781,0.0
DC_1,Neuroendocrine,0.6964820623397827,424.3889465332031,0.0
DC_1,SMG_Basal,0.5103927254676819,310.99871826171875,0.0
DC_1,SMG_Duct,0.6864116787910461,418.25274658203125,0.0
DC_1,SMG_Mucous,0.721191942691803,439.4454650878906,0.0
DC_1,SMG_Serous,0.6866099834442139,418.3735656738281,0.0
DC_1,Schwann_Myelinating,0.5519075989723206,336.2950744628906,0.0
DC_1,Schwann_nonmyelinating,-0.18313540518283844,-111.59030151367188,0.0
DC_1,Secretory_Club,0.28758901357650757,175.23724365234375,0.0
DC_1,Secretory_Goblet,0.4908398687839508,299.08453369140625,0.0
DC_1,Suprabasal,0.34205859899520874,208.4273223876953,0.0
DC_1,T_reg,0.773499608039856,471.3182067871094,0.0
DC_1,gdT,0.7795605659484863,475.0113525390625,0.0
DC_2,DC_2,0.7805730700492859,475.6282958984375,0.0
DC_2,DC_activated,0.7703839540481567,469.41973876953125,0.0
DC_2,DC_plasmacytoid,0.7682552337646484,468.1226501464844,0.0
DC_2,Deuterosomal,0.07317627221345901,44.58865737915039,0.0
DC_2,Dividing_AT2,0.7396366000175476,450.68438720703125,0.0
DC_2,Dividing_Basal,0.6100490689277649,371.7225341796875,0.0
DC_2,Endothelia_Lymphatic,0.5187202095985413,316.07293701171875,0.0
DC_2,Endothelia_vascular_Cap_a,0.7423133850097656,452.3154602050781,0.0
DC_2,Endothelia_vascular_Cap_g,0.7353317141532898,448.061279296875,0.0
DC_2,Endothelia_vascular_arterial_pulmonary,0.5787013173103333,352.621337890625,0.0
DC_2,Endothelia_vascular_arterial_systemic,0.29821330308914185,181.71096801757812,0.0
DC_2,Endothelia_vascular_venous_pulmonary,0.5692867636680603,346.884765625,0.0
DC_2,Endothelia_vascular_venous_systemic,0.3999450206756592,243.6993865966797,0.0
DC_2,Erythrocyte,0.7329521179199219,446.611328125,0.0
DC_2,Fibro_adventitial,0.4690631330013275,285.8152770996094,0.0
DC_2,Fibro_alveolar,0.7225589156150818,440.2784118652344,0.0
DC_2,Fibro_immune_recruiting,0.6901149153709412,420.5092468261719,0.0
DC_2,Fibro_myofibroblast,0.40305662155151367,245.5953826904297,0.0
DC_2,Fibro_peribronchial,0.3788531422615051,230.847412109375,0.0
DC_2,Fibro_perichondrial,0.42915183305740356,261.49603271484375,0.0
DC_2,ILC,0.7664187550544739,467.0036315917969,0.0
DC_2,Ionocyte_n_Brush,0.42468371987342834,258.7734680175781,0.0
DC_2,MAIT,0.7792142033576965,474.80029296875,0.0
DC_2,Macro_CHIT1,0.7548050880432129,459.9270324707031,0.0
DC_2,Macro_interstitial,0.7813547849655151,476.1046447753906,0.0
DC_2,Macro_AW_CX3CR1,0.7752769589424133,472.4012145996094,0.0
DC_2,Macro_alveolar_metallothioneins,0.7248867750167847,441.6968688964844,0.0
DC_2,Macro_alv,0.7507955431938171,457.48388671875,0.0
DC_2,Macro_dividing,0.7635544538497925,465.2583312988281,0.0
DC_2,Macro_int,0.7639305591583252,465.48748779296875,0.0
DC_2,Macro_CCL,0.7791290879249573,474.7484436035156,0.0
DC_2,Mast_cell,0.6904411911964417,420.7080383300781,0.0
DC_2,Megakaryocyte,0.706820547580719,430.6885070800781,0.0
DC_2,Mesothelia,0.6958523392677307,424.0052490234375,0.0
DC_2,Macrophage_intermediate,0.7745059728622437,471.9314270019531,0.0
DC_2,Monocyte_CD14,0.7703811526298523,469.41802978515625,0.0
DC_2,Monocyte_CD16,0.7818178534507751,476.38677978515625,0.0
DC_2,Muscle_airway,-0.0418044775724411,-25.472814559936523,3.945552890486482e-143
DC_2,Muscle_pericyte_airway,0.4625038802623749,281.8185119628906,0.0
DC_2,Muscle_pericyte_parenchyma,0.7523565292358398,458.43505859375,0.0
DC_2,Muscle_perivascular_immune_recruiting,0.6690719127655029,407.68707275390625,0.0
DC_2,Muscle_smooth_pulmonary,-0.05182333663105965,-31.577627182006836,7.490425172115622e-219
DC_2,Muscle_smooth_syst_arterial,-0.06239546835422516,-38.019569396972656,0.0
DC_2,Myoepithelial,0.6697468757629395,408.09832763671875,0.0
DC_2,NAF_endoneurial,0.02426084503531456,14.782914161682129,1.888165741718406e-49
DC_2,NAF_perineurial,-0.043016038835048676,-26.211057662963867,1.9880497046461062e-151
DC_2,NK_CD16hi,0.7834103107452393,477.35711669921875,0.0
DC_2,NKT,0.7821007370948792,476.5591735839844,0.0
DC_2,NK_CD11d,0.780262291431427,475.4389343261719,0.0
DC_2,NK_CD56bright,0.7675229907035828,467.6764831542969,0.0
DC_2,Neuroendocrine,0.6835192441940308,416.49029541015625,0.0
DC_2,SMG_Basal,0.4987606108188629,303.910888671875,0.0
DC_2,SMG_Duct,0.6687449216842651,407.4878234863281,0.0
DC_2,SMG_Mucous,0.7076272368431091,431.1800537109375,0.0
DC_2,SMG_Serous,0.6694818735122681,407.9368591308594,0.0
DC_2,Schwann_Myelinating,0.5442754030227661,331.64453125,0.0
DC_2,Schwann_nonmyelinating,-0.1764293909072876,-107.50411224365234,0.0
DC_2,Secretory_Club,0.28634050488471985,174.4764862060547,0.0
DC_2,Secretory_Goblet,0.488805890083313,297.8451843261719,0.0
DC_2,Suprabasal,0.3365882635116577,205.0940704345703,0.0
DC_2,T_reg,0.7689801454544067,468.5643615722656,0.0
DC_2,gdT,0.7726777195930481,470.8174133300781,0.0
DC_activated,DC_activated,0.7669183611869812,467.30804443359375,0.0
DC_activated,DC_plasmacytoid,0.7616249918937683,464.0826416015625,0.0
DC_activated,Deuterosomal,0.06305292993783951,38.42018127441406,0.0
DC_activated,Dividing_AT2,0.7366569638252258,448.8688049316406,0.0
DC_activated,Dividing_Basal,0.6066899299621582,369.67572021484375,0.0
DC_activated,Endothelia_Lymphatic,0.5172420740127563,315.1722412109375,0.0
DC_activated,Endothelia_vascular_Cap_a,0.7434312105178833,452.99658203125,0.0
DC_activated,Endothelia_vascular_Cap_g,0.7359076142311096,448.4122009277344,0.0
DC_activated,Endothelia_vascular_arterial_pulmonary,0.5906628370285034,359.9098815917969,0.0
DC_activated,Endothelia_vascular_arterial_systemic,0.3151353597640991,192.02212524414062,0.0
DC_activated,Endothelia_vascular_venous_pulmonary,0.5695584416389465,347.05029296875,0.0
DC_activated,Endothelia_vascular_venous_systemic,0.39313805103302,239.5516815185547,0.0
DC_activated,Erythrocyte,0.7351662516593933,447.9604797363281,0.0
DC_activated,Fibro_adventitial,0.45717522501945496,278.57159423828125,0.0
DC_activated,Fibro_alveolar,0.7269933819770813,442.98046875,0.0
DC_activated,Fibro_immune_recruiting,0.6692406535148621,407.7898864746094,0.0
DC_activated,Fibro_myofibroblast,0.39681321382522583,241.79107666015625,0.0
DC_activated,Fibro_peribronchial,0.38901689648628235,237.04052734375,0.0
DC_activated,Fibro_perichondrial,0.4281473755836487,260.88397216796875,0.0
DC_activated,ILC,0.7615806460380554,464.05560302734375,0.0
DC_activated,Ionocyte_n_Brush,0.40826505422592163,248.76904296875,0.0
DC_activated,MAIT,0.7758113741874695,472.72686767578125,0.0
DC_activated,Macro_CHIT1,0.7490527033805847,456.42193603515625,0.0
DC_activated,Macro_interstitial,0.7748038172721863,472.1129150390625,0.0
DC_activated,Macro_AW_CX3CR1,0.7592301964759827,462.6234130859375,0.0
DC_activated,Macro_alveolar_metallothioneins,0.715215265750885,435.8036804199219,0.0
DC_activated,Macro_alv,0.7500229477882385,457.01312255859375,0.0
DC_activated,Macro_dividing,0.7586175203323364,462.2500915527344,0.0
DC_activated,Macro_int,0.751153826713562,457.70220947265625,0.0
DC_activated,Macro_CCL,0.7728132605552673,470.8999938964844,0.0
DC_activated,Mast_cell,0.690409243106842,420.6885986328125,0.0
DC_activated,Megakaryocyte,0.6968199014663696,424.5948181152344,0.0
DC_activated,Mesothelia,0.6732207536697388,410.215087890625,0.0
DC_activated,Macrophage_intermediate,0.7636867165565491,465.3388977050781,0.0
DC_activated,Monocyte_CD14,0.7649056315422058,466.0816345214844,0.0
DC_activated,Monocyte_CD16,0.7735387086868286,471.342041015625,0.0
DC_activated,Muscle_airway,-0.02400987409055233,-14.629989624023438,1.8081471759699002e-48
DC_activated,Muscle_pericyte_airway,0.4514302909374237,275.0710144042969,0.0
DC_activated,Muscle_pericyte_parenchyma,0.7543216943740845,459.63250732421875,0.0
DC_activated,Muscle_perivascular_immune_recruiting,0.6538102030754089,398.3876037597656,0.0
DC_activated,Muscle_smooth_pulmonary,-0.03643650934100151,-22.20193862915039,3.2895349840036907e-109
DC_activated,Muscle_smooth_syst_arterial,-0.04805617779493332,-29.282176971435547,1.7491328085963882e-188
DC_activated,Myoepithelial,0.6484983563423157,395.15093994140625,0.0
DC_activated,NAF_endoneurial,0.04008495807647705,24.42505645751953,9.267101838012433e-132
DC_activated,NAF_perineurial,-0.025895696133375168,-15.779081344604492,4.334506977898174e-56
DC_activated,NK_CD16hi,0.7765296697616577,473.1645202636719,0.0
DC_activated,NKT,0.7772166132926941,473.5830993652344,0.0
DC_activated,NK_CD11d,0.7706814408302307,469.60101318359375,0.0
DC_activated,NK_CD56bright,0.7590343356132507,462.5040588378906,0.0
DC_activated,Neuroendocrine,0.6732699871063232,410.2450866699219,0.0
DC_activated,SMG_Basal,0.47483205795288086,289.3304748535156,0.0
DC_activated,SMG_Duct,0.6383811235427856,388.9861755371094,0.0
DC_activated,SMG_Mucous,0.6829280853271484,416.13006591796875,0.0
DC_activated,SMG_Serous,0.6420103311538696,391.19757080078125,0.0
DC_activated,Schwann_Myelinating,0.5330959558486938,324.83251953125,0.0
DC_activated,Schwann_nonmyelinating,-0.15944238007068634,-97.15337371826172,0.0
DC_activated,Secretory_Club,0.26992225646972656,164.47232055664062,0.0
DC_activated,Secretory_Goblet,0.4763109087944031,290.2315673828125,0.0
DC_activated,Suprabasal,0.3257119655609131,198.466796875,0.0
DC_activated,T_reg,0.7654091119766235,466.388427734375,0.0
DC_activated,gdT,0.7685705423355103,468.3147888183594,0.0
DC_plasmacytoid,DC_plasmacytoid,0.7690785527229309,468.62432861328125,0.0
DC_plasmacytoid,Deuterosomal,0.07202108204364777,43.884765625,0.0
DC_plasmacytoid,Dividing_AT2,0.7354367971420288,448.1253356933594,0.0
DC_plasmacytoid,Dividing_Basal,0.630418062210083,384.134033203125,0.0
DC_plasmacytoid,Endothelia_Lymphatic,0.5413786172866821,329.8794250488281,0.0
DC_plasmacytoid,Endothelia_vascular_Cap_a,0.7277757525444031,443.45721435546875,0.0
DC_plasmacytoid,Endothelia_vascular_Cap_g,0.7196311950683594,438.49444580078125,0.0
DC_plasmacytoid,Endothelia_vascular_arterial_pulmonary,0.6027204990386963,367.25701904296875,0.0
DC_plasmacytoid,Endothelia_vascular_arterial_systemic,0.3440108299255371,209.61688232421875,0.0
DC_plasmacytoid,Endothelia_vascular_venous_pulmonary,0.5922089219093323,360.8519592285156,0.0
DC_plasmacytoid,Endothelia_vascular_venous_systemic,0.42058050632476807,256.27325439453125,0.0
DC_plasmacytoid,Erythrocyte,0.7332967519760132,446.8213195800781,0.0
DC_plasmacytoid,Fibro_adventitial,0.49088218808174133,299.1103210449219,0.0
DC_plasmacytoid,Fibro_alveolar,0.7115904092788696,433.5949401855469,0.0
DC_plasmacytoid,Fibro_immune_recruiting,0.6985635161399841,425.6572570800781,0.0
DC_plasmacytoid,Fibro_myofibroblast,0.4259258508682251,259.53033447265625,0.0
DC_plasmacytoid,Fibro_peribronchial,0.42342668771743774,258.00750732421875,0.0
DC_plasmacytoid,Fibro_perichondrial,0.4464563727378845,272.0402526855469,0.0
DC_plasmacytoid,ILC,0.7707874178886414,469.66558837890625,0.0
DC_plasmacytoid,Ionocyte_n_Brush,0.423113614320755,257.8167419433594,0.0
DC_plasmacytoid,MAIT,0.7750959396362305,472.2909240722656,0.0
DC_plasmacytoid,Macro_CHIT1,0.740790605545044,451.3875732421875,0.0
DC_plasmacytoid,Macro_interstitial,0.7680621147155762,468.0049743652344,0.0
DC_plasmacytoid,Macro_AW_CX3CR1,0.7720547318458557,470.43780517578125,0.0
DC_plasmacytoid,Macro_alveolar_metallothioneins,0.7311091423034668,445.48834228515625,0.0
DC_plasmacytoid,Macro_alv,0.7383330464363098,449.8901062011719,0.0
DC_plasmacytoid,Macro_dividing,0.7486390471458435,456.1698913574219,0.0
DC_plasmacytoid,Macro_int,0.7509194612503052,457.5594177246094,0.0
DC_plasmacytoid,Macro_CCL,0.7684534788131714,468.2434387207031,0.0
DC_plasmacytoid,Mast_cell,0.7040004730224609,428.97015380859375,0.0
DC_plasmacytoid,Megakaryocyte,0.7184787392616272,437.792236328125,0.0
DC_plasmacytoid,Mesothelia,0.6995583176612854,426.2633972167969,0.0
DC_plasmacytoid,Macrophage_intermediate,0.7731167674064636,471.0849304199219,0.0
DC_plasmacytoid,Monocyte_CD14,0.7604901194572449,463.39111328125,0.0
DC_plasmacytoid,Monocyte_CD16,0.7780487537384033,474.09014892578125,0.0
DC_plasmacytoid,Muscle_airway,0.010203891433775425,6.217559814453125,5.049457018380353e-10
DC_plasmacytoid,Muscle_pericyte_airway,0.4790162146091461,291.8800048828125,0.0
DC_plasmacytoid,Muscle_pericyte_parenchyma,0.7459948062896729,454.55865478515625,0.0
DC_plasmacytoid,Muscle_perivascular_immune_recruiting,0.6845536828041077,417.12060546875,0.0
DC_plasmacytoid,Muscle_smooth_pulmonary,-0.006973458919674158,-4.249153137207031,2.1458019436898844e-05
DC_plasmacytoid,Muscle_smooth_syst_arterial,-0.019076785072684288,-11.624099731445312,3.1085304023109315e-31
DC_plasmacytoid,Myoepithelial,0.6693661212921143,407.8663330078125,0.0
DC_plasmacytoid,NAF_endoneurial,0.07558984309434891,46.059326171875,0.0
DC_plasmacytoid,NAF_perineurial,0.005924235563725233,3.6098275184631348,0.00030640067808604225
DC_plasmacytoid,NK_CD16hi,0.7802398800849915,475.42529296875,0.0
DC_plasmacytoid,NKT,0.7792680263519287,474.8330993652344,0.0
DC_plasmacytoid,NK_CD11d,0.776790201663971,473.3232727050781,0.0
DC_plasmacytoid,NK_CD56bright,0.7629713416099548,464.90301513671875,0.0
DC_plasmacytoid,Neuroendocrine,0.7047809362411499,429.4457092285156,0.0
DC_plasmacytoid,SMG_Basal,0.5126690864562988,312.3857727050781,0.0
DC_plasmacytoid,SMG_Duct,0.6673251390457153,406.6227111816406,0.0
DC_plasmacytoid,SMG_Mucous,0.7049180865287781,429.529296875,0.0
DC_plasmacytoid,SMG_Serous,0.6680105328559875,407.04034423828125,0.0
DC_plasmacytoid,Schwann_Myelinating,0.5646200180053711,344.0411682128906,0.0
DC_plasmacytoid,Schwann_nonmyelinating,-0.13590559363365173,-82.81165313720703,0.0
DC_plasmacytoid,Secretory_Club,0.28474655747413635,173.5052490234375,0.0
DC_plasmacytoid,Secretory_Goblet,0.4981282353401184,303.52557373046875,0.0
DC_plasmacytoid,Suprabasal,0.3498910963535309,213.1999053955078,0.0
DC_plasmacytoid,T_reg,0.7688196301460266,468.466552734375,0.0
DC_plasmacytoid,gdT,0.7752675414085388,472.3954772949219,0.0
Deuterosomal,Deuterosomal,0.4475752115249634,272.72198486328125,0.0
Deuterosomal,Dividing_AT2,-0.0388471893966198,-23.67084312438965,7.201808606811058e-124
Deuterosomal,Dividing_Basal,0.007995310239493847,4.871799945831299,1.1058611514337934e-06
Deuterosomal,Endothelia_Lymphatic,-0.20070481300354004,-122.29590606689453,0.0
Deuterosomal,Endothelia_vascular_Cap_a,0.06276872754096985,38.247005462646484,0.0
Deuterosomal,Endothelia_vascular_Cap_g,0.09553983807563782,58.21549987792969,0.0
Deuterosomal,Endothelia_vascular_arterial_pulmonary,-0.08821110427379608,-53.7498664855957,0.0
Deuterosomal,Endothelia_vascular_arterial_systemic,-0.1994011551141739,-121.50154876708984,0.0
Deuterosomal,Endothelia_vascular_venous_pulmonary,-0.1526072472333908,-92.98851013183594,0.0
Deuterosomal,Endothelia_vascular_venous_systemic,-0.27649062871932983,-168.47463989257812,0.0
Deuterosomal,Erythrocyte,0.0005210999515838921,0.31752297282218933,0.750846810850914
Deuterosomal,Fibro_adventitial,-0.2540214955806732,-154.78347778320312,0.0
Deuterosomal,Fibro_alveolar,-0.0008585497853346169,-0.5231420397758484,0.6008754120859927
Deuterosomal,Fibro_immune_recruiting,-0.014720050618052483,-8.969400405883789,2.9813290136706867e-19
Deuterosomal,Fibro_myofibroblast,-0.2812279462814331,-171.36123657226562,0.0
Deuterosomal,Fibro_peribronchial,-0.27021363377571106,-164.64987182617188,0.0
Deuterosomal,Fibro_perichondrial,-0.04939659312367439,-30.098934173583984,5.00347369153525e-199
Deuterosomal,ILC,0.02605269104242325,15.874743461608887,9.479770023885399e-57
Deuterosomal,Ionocyte_n_Brush,0.12155693769454956,74.06855773925781,0.0
Deuterosomal,MAIT,0.045129962265491486,27.4991397857666,1.7977157458804005e-166
Deuterosomal,Macro_CHIT1,0.04239055886864662,25.829933166503906,4.0896784414819316e-147
Deuterosomal,Macro_interstitial,0.04923449084162712,30.000160217285156,9.766320439918012e-198
Deuterosomal,Macro_AW_CX3CR1,0.03953928500413895,24.092559814453125,2.991463801792472e-128
Deuterosomal,Macro_alveolar_metallothioneins,-0.047808386385440826,-29.131189346313477,1.4462228925575968e-186
Deuterosomal,Macro_alv,0.07006010413169861,42.689876556396484,0.0
Deuterosomal,Macro_dividing,0.06576237082481384,40.071128845214844,0.0
Deuterosomal,Macro_int,0.03174154460430145,19.341144561767578,2.420428583661722e-83
Deuterosomal,Macro_CCL,0.05447080731391907,33.190818786621094,1.4605472672547151e-241
Deuterosomal,Mast_cell,-0.09649280458688736,-58.796173095703125,0.0
Deuterosomal,Megakaryocyte,0.08528877794742584,51.969200134277344,0.0
Deuterosomal,Mesothelia,-0.00808321125805378,-4.925361156463623,8.420468341781215e-07
Deuterosomal,Macrophage_intermediate,0.018830273300409317,11.473892211914062,1.7844838371397457e-30
Deuterosomal,Monocyte_CD14,-0.005101385526359081,-3.108438491821289,0.001880787903838955
Deuterosomal,Monocyte_CD16,0.00780403520911932,4.755249977111816,1.9820101541944394e-06
Deuterosomal,Muscle_airway,-0.2879973351955414,-175.48605346679688,0.0
Deuterosomal,Muscle_pericyte_airway,-0.20171253383159637,-122.90994262695312,0.0
Deuterosomal,Muscle_pericyte_parenchyma,0.02735590562224388,16.668834686279297,2.2085837724403655e-62
Deuterosomal,Muscle_perivascular_immune_recruiting,-0.05055437237024307,-30.804407119750977,2.2874785599946828e-208
Deuterosomal,Muscle_smooth_pulmonary,-0.28701820969581604,-174.88943481445312,0.0
Deuterosomal,Muscle_smooth_syst_arterial,-0.27819564938545227,-169.51356506347656,0.0
Deuterosomal,Myoepithelial,0.09537824988365173,58.11703872680664,0.0
Deuterosomal,NAF_endoneurial,-0.08963189274072647,-54.615596771240234,0.0
Deuterosomal,NAF_perineurial,-0.25631576776504517,-156.18145751953125,0.0
Deuterosomal,NK_CD16hi,0.07564510405063629,46.09299850463867,0.0
Deuterosomal,NKT,0.021601995453238487,13.16279125213623,1.4367818631957207e-39
Deuterosomal,NK_CD11d,0.10073743760585785,61.382564544677734,0.0
Deuterosomal,NK_CD56bright,0.11918645352125168,72.6241455078125,0.0
Deuterosomal,Neuroendocrine,0.052634380757808685,32.07182312011719,1.0897929727042722e-225
Deuterosomal,SMG_Basal,0.0025109155103564262,1.5299817323684692,0.12602125069721928
Deuterosomal,SMG_Duct,0.07937032729387283,48.36289596557617,0.0
Deuterosomal,SMG_Mucous,0.06181389093399048,37.66519546508789,1.8453567953825e-310
Deuterosomal,SMG_Serous,0.07258979231119156,44.23129653930664,0.0
Deuterosomal,Schwann_Myelinating,0.2154366374015808,131.27247619628906,0.0
Deuterosomal,Schwann_nonmyelinating,0.1964881718158722,119.72657012939453,0.0
Deuterosomal,Secretory_Club,0.013715673238039017,8.357401847839355,6.411461027647621e-17
Deuterosomal,Secretory_Goblet,0.06014478951692581,36.648155212402344,4.896298381202344e-294
Deuterosomal,Suprabasal,0.0986194759607315,60.09202194213867,0.0
Deuterosomal,T_reg,0.04964437335729599,30.249916076660156,5.230556870666099e-201
Deuterosomal,gdT,0.02672201581299305,16.28258514404297,1.3120707168325514e-59
Dividing_AT2,Dividing_AT2,0.7487553954124451,456.24078369140625,0.0
Dividing_AT2,Dividing_Basal,0.6104987859725952,371.99658203125,0.0
Dividing_AT2,Endothelia_Lymphatic,0.5853977203369141,356.7016906738281,0.0
Dividing_AT2,Endothelia_vascular_Cap_a,0.7072814702987671,430.9693908691406,0.0
Dividing_AT2,Endothelia_vascular_Cap_g,0.6883239150047302,419.4179382324219,0.0
Dividing_AT2,Endothelia_vascular_arterial_pulmonary,0.6179223656654358,376.5199890136719,0.0
Dividing_AT2,Endothelia_vascular_arterial_systemic,0.40087053179740906,244.26332092285156,0.0
Dividing_AT2,Endothelia_vascular_venous_pulmonary,0.6222275495529175,379.1432800292969,0.0
Dividing_AT2,Endothelia_vascular_venous_systemic,0.486674964427948,296.5467224121094,0.0
Dividing_AT2,Erythrocyte,0.7254675626754761,442.0507507324219,0.0
Dividing_AT2,Fibro_adventitial,0.548529326915741,334.236572265625,0.0
Dividing_AT2,Fibro_alveolar,0.7119700908660889,433.8262939453125,0.0
Dividing_AT2,Fibro_immune_recruiting,0.6738559603691101,410.6021423339844,0.0
Dividing_AT2,Fibro_myofibroblast,0.5040357708930969,307.1252136230469,0.0
Dividing_AT2,Fibro_peribronchial,0.4918963313102722,299.728271484375,0.0
Dividing_AT2,Fibro_perichondrial,0.4428417682647705,269.8377380371094,0.0
Dividing_AT2,ILC,0.7491482496261597,456.48016357421875,0.0
Dividing_AT2,Ionocyte_n_Brush,0.39768990874290466,242.3252716064453,0.0
Dividing_AT2,MAIT,0.7512634992599487,457.76904296875,0.0
Dividing_AT2,Macro_CHIT1,0.7226154804229736,440.3128967285156,0.0
Dividing_AT2,Macro_interstitial,0.7449801564216614,453.9403991699219,0.0
Dividing_AT2,Macro_AW_CX3CR1,0.7477145791053772,455.6065673828125,0.0
Dividing_AT2,Macro_alveolar_metallothioneins,0.7298255562782288,444.7062072753906,0.0
Dividing_AT2,Macro_alv,0.7133509516716003,434.6676940917969,0.0
Dividing_AT2,Macro_dividing,0.7222222685813904,440.0732727050781,0.0
Dividing_AT2,Macro_int,0.7257905602455139,442.24755859375,0.0
Dividing_AT2,Macro_CCL,0.7427155375480652,452.56048583984375,0.0
Dividing_AT2,Mast_cell,0.722683846950531,440.35455322265625,0.0
Dividing_AT2,Megakaryocyte,0.6736961007118225,410.5047302246094,0.0
Dividing_AT2,Mesothelia,0.6741481423377991,410.7801818847656,0.0
Dividing_AT2,Macrophage_intermediate,0.7505807280540466,457.3529968261719,0.0
Dividing_AT2,Monocyte_CD14,0.7523577809333801,458.4358215332031,0.0
Dividing_AT2,Monocyte_CD16,0.7620266079902649,464.3273620605469,0.0
Dividing_AT2,Muscle_airway,0.0870208591222763,53.02461242675781,0.0
Dividing_AT2,Muscle_pericyte_airway,0.5245171785354614,319.6051940917969,0.0
Dividing_AT2,Muscle_pericyte_parenchyma,0.7319214344024658,445.9833068847656,0.0
Dividing_AT2,Muscle_perivascular_immune_recruiting,0.6722508072853088,409.6240539550781,0.0
Dividing_AT2,Muscle_smooth_pulmonary,0.0802752673625946,48.914306640625,0.0
Dividing_AT2,Muscle_smooth_syst_arterial,0.06609387695789337,40.273128509521484,0.0
Dividing_AT2,Myoepithelial,0.6170969605445862,376.0170593261719,0.0
Dividing_AT2,NAF_endoneurial,0.09308800846338272,56.721519470214844,0.0
Dividing_AT2,NAF_perineurial,0.08079929649829865,49.233612060546875,0.0
Dividing_AT2,NK_CD16hi,0.7457057237625122,454.38250732421875,0.0
Dividing_AT2,NKT,0.7608349323272705,463.6012268066406,0.0
Dividing_AT2,NK_CD11d,0.7348121404647827,447.74468994140625,0.0
Dividing_AT2,NK_CD56bright,0.7181240320205688,437.57611083984375,0.0
Dividing_AT2,Neuroendocrine,0.6626757383346558,403.7896728515625,0.0
Dividing_AT2,SMG_Basal,0.48843473196029663,297.6190185546875,0.0
Dividing_AT2,SMG_Duct,0.6146965622901917,374.5544128417969,0.0
Dividing_AT2,SMG_Mucous,0.6683859825134277,407.26910400390625,0.0
Dividing_AT2,SMG_Serous,0.6211475133895874,378.48516845703125,0.0
Dividing_AT2,Schwann_Myelinating,0.48368194699287415,294.7229919433594,0.0
Dividing_AT2,Schwann_nonmyelinating,-0.17995528876781464,-109.65254974365234,0.0
Dividing_AT2,Secretory_Club,0.287515252828598,175.1923065185547,0.0
Dividing_AT2,Secretory_Goblet,0.47443538904190063,289.0887756347656,0.0
Dividing_AT2,Suprabasal,0.32500001788139343,198.03297424316406,0.0
Dividing_AT2,T_reg,0.7439454197883606,453.3099060058594,0.0
Dividing_AT2,gdT,0.7540680170059204,459.4779357910156,0.0
Dividing_Basal,Dividing_Basal,0.6912361979484558,421.1924743652344,0.0
Dividing_Basal,Endothelia_Lymphatic,0.5285097360610962,322.0379943847656,0.0
Dividing_Basal,Endothelia_vascular_Cap_a,0.5719021558761597,348.4783935546875,0.0
Dividing_Basal,Endothelia_vascular_Cap_g,0.5605422258377075,341.5564270019531,0.0
Dividing_Basal,Endothelia_vascular_arterial_pulmonary,0.5313602089881897,323.7748718261719,0.0
Dividing_Basal,Endothelia_vascular_arterial_systemic,0.3509841561317444,213.86595153808594,0.0
Dividing_Basal,Endothelia_vascular_venous_pulmonary,0.5480138063430786,333.9224548339844,0.0
Dividing_Basal,Endothelia_vascular_venous_systemic,0.42301997542381287,257.75970458984375,0.0
Dividing_Basal,Erythrocyte,0.5869093537330627,357.6227722167969,0.0
Dividing_Basal,Fibro_adventitial,0.4842836856842041,295.0896301269531,0.0
Dividing_Basal,Fibro_alveolar,0.5652363896369934,344.416748046875,0.0
Dividing_Basal,Fibro_immune_recruiting,0.6124208569526672,373.1677551269531,0.0
Dividing_Basal,Fibro_myofibroblast,0.4419349133968353,269.2851867675781,0.0
Dividing_Basal,Fibro_peribronchial,0.47031348943710327,286.5771484375,0.0
Dividing_Basal,Fibro_perichondrial,0.40886086225509644,249.13209533691406,0.0
Dividing_Basal,ILC,0.6406735777854919,390.383056640625,0.0
Dividing_Basal,Ionocyte_n_Brush,0.3537766933441162,215.56753540039062,0.0
Dividing_Basal,MAIT,0.6269844174385071,382.04180908203125,0.0
Dividing_Basal,Macro_CHIT1,0.5906932950019836,359.9284362792969,0.0
Dividing_Basal,Macro_interstitial,0.6089724898338318,371.0665588378906,0.0
Dividing_Basal,Macro_AW_CX3CR1,0.6325652599334717,385.4423828125,0.0
Dividing_Basal,Macro_alveolar_metallothioneins,0.6251224875450134,380.9072570800781,0.0
Dividing_Basal,Macro_alv,0.5820266008377075,354.6475524902344,0.0
Dividing_Basal,Macro_dividing,0.585131049156189,356.5391845703125,0.0
Dividing_Basal,Macro_int,0.6002009510993958,365.7217712402344,0.0
Dividing_Basal,Macro_CCL,0.6122846603393555,373.0847473144531,0.0
Dividing_Basal,Mast_cell,0.6211861371994019,378.50872802734375,0.0
Dividing_Basal,Megakaryocyte,0.607276976108551,370.0334167480469,0.0
Dividing_Basal,Mesothelia,0.6054578423500061,368.9249572753906,0.0
Dividing_Basal,Macrophage_intermediate,0.6414122581481934,390.8331298828125,0.0
Dividing_Basal,Monocyte_CD14,0.6138848066329956,374.0597839355469,0.0
Dividing_Basal,Monocyte_CD16,0.6410308480262756,390.6007385253906,0.0
Dividing_Basal,Muscle_airway,0.10896896570920944,66.39830017089844,0.0
Dividing_Basal,Muscle_pericyte_airway,0.46189844608306885,281.4495849609375,0.0
Dividing_Basal,Muscle_pericyte_parenchyma,0.6040748953819275,368.082275390625,0.0
Dividing_Basal,Muscle_perivascular_immune_recruiting,0.6139963865280151,374.1277770996094,0.0
Dividing_Basal,Muscle_smooth_pulmonary,0.07521975040435791,45.83381652832031,0.0
Dividing_Basal,Muscle_smooth_syst_arterial,0.05580449849367142,34.00347900390625,1.979054359617594e-253
Dividing_Basal,Myoepithelial,0.5473737120628357,333.5324401855469,0.0
Dividing_Basal,NAF_endoneurial,0.1331053525209427,81.10537719726562,0.0
Dividing_Basal,NAF_perineurial,0.08744866400957108,53.28528594970703,0.0
Dividing_Basal,NK_CD16hi,0.6325551867485046,385.4362487792969,0.0
Dividing_Basal,NKT,0.637151837348938,388.23712158203125,0.0
Dividing_Basal,NK_CD11d,0.6287485361099243,383.1167297363281,0.0
Dividing_Basal,NK_CD56bright,0.6119377613067627,372.8733825683594,0.0
Dividing_Basal,Neuroendocrine,0.6173674464225769,376.1818542480469,0.0
Dividing_Basal,SMG_Basal,0.4583628475666046,279.2952575683594,0.0
Dividing_Basal,SMG_Duct,0.5504376292228699,335.3993835449219,0.0
Dividing_Basal,SMG_Mucous,0.5927526354789734,361.1832580566406,0.0
Dividing_Basal,SMG_Serous,0.548123300075531,333.9891662597656,0.0
Dividing_Basal,Schwann_Myelinating,0.47379446029663086,288.6982116699219,0.0
Dividing_Basal,Schwann_nonmyelinating,-0.09679970890283585,-58.98318099975586,0.0
Dividing_Basal,Secretory_Club,0.23688574135303497,144.3421173095703,0.0
Dividing_Basal,Secretory_Goblet,0.44591638445854187,271.7112121582031,0.0
Dividing_Basal,Suprabasal,0.3354737162590027,204.41493225097656,0.0
Dividing_Basal,T_reg,0.6284105777740479,382.9107971191406,0.0
Dividing_Basal,gdT,0.6406968832015991,390.3972473144531,0.0
Endothelia_Lymphatic,Endothelia_Lymphatic,0.6828230023384094,416.0660400390625,0.0
Endothelia_Lymphatic,Endothelia_vascular_Cap_a,0.4654366970062256,283.6055603027344,0.0
Endothelia_Lymphatic,Endothelia_vascular_Cap_g,0.43624189496040344,265.81622314453125,0.0
Endothelia_Lymphatic,Endothelia_vascular_arterial_pulmonary,0.5520936846733093,336.408447265625,0.0
Endothelia_Lymphatic,Endothelia_vascular_arterial_systemic,0.493257611989975,300.5577392578125,0.0
Endothelia_Lymphatic,Endothelia_vascular_venous_pulmonary,0.6490449905395508,395.4840087890625,0.0
Endothelia_Lymphatic,Endothelia_vascular_venous_systemic,0.6140799522399902,374.1786804199219,0.0
Endothelia_Lymphatic,Erythrocyte,0.5399422645568848,329.00421142578125,0.0
Endothelia_Lymphatic,Fibro_adventitial,0.6786321997642517,413.512451171875,0.0
Endothelia_Lymphatic,Fibro_alveolar,0.5049595236778259,307.6881103515625,0.0
Endothelia_Lymphatic,Fibro_immune_recruiting,0.6159377694129944,375.31072998046875,0.0
Endothelia_Lymphatic,Fibro_myofibroblast,0.6805957555770874,414.70892333984375,0.0
Endothelia_Lymphatic,Fibro_peribronchial,0.6441521644592285,392.5026550292969,0.0
Endothelia_Lymphatic,Fibro_perichondrial,0.4351176917552948,265.1312255859375,0.0
Endothelia_Lymphatic,ILC,0.5862797498703003,357.2391357421875,0.0
Endothelia_Lymphatic,Ionocyte_n_Brush,0.26392120122909546,160.81568908691406,0.0
Endothelia_Lymphatic,MAIT,0.5505825877189636,335.4877014160156,0.0
Endothelia_Lymphatic,Macro_CHIT1,0.5182892680168152,315.8103332519531,0.0
Endothelia_Lymphatic,Macro_interstitial,0.5303462147712708,323.1570129394531,0.0
Endothelia_Lymphatic,Macro_AW_CX3CR1,0.5750686526298523,350.4078369140625,0.0
Endothelia_Lymphatic,Macro_alveolar_metallothioneins,0.651893675327301,397.2198181152344,0.0
Endothelia_Lymphatic,Macro_alv,0.49107640981674194,299.2286682128906,0.0
Endothelia_Lymphatic,Macro_dividing,0.497293621301651,303.01702880859375,0.0
Endothelia_Lymphatic,Macro_int,0.5557619333267212,338.6436462402344,0.0
Endothelia_Lymphatic,Macro_CCL,0.5300940871238708,323.0033874511719,0.0
Endothelia_Lymphatic,Mast_cell,0.6724982261657715,409.7748107910156,0.0
Endothelia_Lymphatic,Megakaryocyte,0.5061657428741455,308.423095703125,0.0
Endothelia_Lymphatic,Mesothelia,0.6166329979896545,375.7343444824219,0.0
Endothelia_Lymphatic,Macrophage_intermediate,0.6004831194877625,365.8937072753906,0.0
Endothelia_Lymphatic,Monocyte_CD14,0.5831455588340759,355.3293762207031,0.0
Endothelia_Lymphatic,Monocyte_CD16,0.6058210730552673,369.14630126953125,0.0
Endothelia_Lymphatic,Muscle_airway,0.2988826632499695,182.11883544921875,0.0
Endothelia_Lymphatic,Muscle_pericyte_airway,0.6295527219772339,383.60675048828125,0.0
Endothelia_Lymphatic,Muscle_pericyte_parenchyma,0.5249589681625366,319.8743896484375,0.0
Endothelia_Lymphatic,Muscle_perivascular_immune_recruiting,0.6390796899795532,389.4118347167969,0.0
Endothelia_Lymphatic,Muscle_smooth_pulmonary,0.2917230427265167,177.75624084472656,0.0
Endothelia_Lymphatic,Muscle_smooth_syst_arterial,0.2671588957309723,162.78851318359375,0.0
Endothelia_Lymphatic,Myoepithelial,0.4454481899738312,271.4259338378906,0.0
Endothelia_Lymphatic,NAF_endoneurial,0.22173362970352173,135.10943603515625,0.0
Endothelia_Lymphatic,NAF_perineurial,0.2843109369277954,173.23980712890625,0.0
Endothelia_Lymphatic,NK_CD16hi,0.5347522497177124,325.8417663574219,0.0
Endothelia_Lymphatic,NKT,0.5837351679801941,355.6886291503906,0.0
Endothelia_Lymphatic,NK_CD11d,0.5163651704788208,314.637939453125,0.0
Endothelia_Lymphatic,NK_CD56bright,0.4881269931793213,297.4314880371094,0.0
Endothelia_Lymphatic,Neuroendocrine,0.5430970191955566,330.926513671875,0.0
Endothelia_Lymphatic,SMG_Basal,0.4138053357601166,252.14491271972656,0.0
Endothelia_Lymphatic,SMG_Duct,0.4668847620487213,284.4879150390625,0.0
Endothelia_Lymphatic,SMG_Mucous,0.5078514218330383,309.4502258300781,0.0
Endothelia_Lymphatic,SMG_Serous,0.46870148181915283,285.59490966796875,0.0
Endothelia_Lymphatic,Schwann_Myelinating,0.34239906072616577,208.63478088378906,0.0
Endothelia_Lymphatic,Schwann_nonmyelinating,-0.09347686171531677,-56.95846176147461,0.0
Endothelia_Lymphatic,Secretory_Club,0.22416360676288605,136.59010314941406,0.0
Endothelia_Lymphatic,Secretory_Goblet,0.3627898097038269,221.05950927734375,0.0
Endothelia_Lymphatic,Suprabasal,0.24549055099487305,149.58529663085938,0.0
Endothelia_Lymphatic,T_reg,0.5524073839187622,336.599609375,0.0
Endothelia_Lymphatic,gdT,0.5813422203063965,354.23052978515625,0.0
Endothelia_vascular_Cap_a,Endothelia_vascular_Cap_a,0.7381265759468079,449.7642822265625,0.0
Endothelia_vascular_Cap_a,Endothelia_vascular_Cap_g,0.7325213551521301,446.3488464355469,0.0
Endothelia_vascular_Cap_a,Endothelia_vascular_arterial_pulmonary,0.5610392689704895,341.8592834472656,0.0
Endothelia_vascular_Cap_a,Endothelia_vascular_arterial_systemic,0.27499911189079285,167.56581115722656,0.0
Endothelia_vascular_Cap_a,Endothelia_vascular_venous_pulmonary,0.5220654010772705,318.11126708984375,0.0
Endothelia_vascular_Cap_a,Endothelia_vascular_venous_systemic,0.33907294273376465,206.60806274414062,0.0
Endothelia_vascular_Cap_a,Erythrocyte,0.710197389125824,432.7461242675781,0.0
Endothelia_vascular_Cap_a,Fibro_adventitial,0.39431414008140564,240.268310546875,0.0
Endothelia_vascular_Cap_a,Fibro_alveolar,0.7183120846748352,437.690673828125,0.0
Endothelia_vascular_Cap_a,Fibro_immune_recruiting,0.6128371953964233,373.42144775390625,0.0
Endothelia_vascular_Cap_a,Fibro_myofibroblast,0.3384523093700409,206.22988891601562,0.0
Endothelia_vascular_Cap_a,Fibro_peribronchial,0.3380163908004761,205.9642791748047,0.0
Endothelia_vascular_Cap_a,Fibro_perichondrial,0.39180201292037964,238.73757934570312,0.0
Endothelia_vascular_Cap_a,ILC,0.7253804206848145,441.9976501464844,0.0
Endothelia_vascular_Cap_a,Ionocyte_n_Brush,0.37797820568084717,230.3142852783203,0.0
Endothelia_vascular_Cap_a,MAIT,0.748579740524292,456.13372802734375,0.0
Endothelia_vascular_Cap_a,Macro_CHIT1,0.7268496155738831,442.89288330078125,0.0
Endothelia_vascular_Cap_a,Macro_interstitial,0.7513726949691772,457.8355712890625,0.0
Endothelia_vascular_Cap_a,Macro_AW_CX3CR1,0.7171130180358887,436.9600524902344,0.0
Endothelia_vascular_Cap_a,Macro_alveolar_metallothioneins,0.6686539649963379,407.4324035644531,0.0
Endothelia_vascular_Cap_a,Macro_alv,0.7337892651557922,447.1214294433594,0.0
Endothelia_vascular_Cap_a,Macro_dividing,0.7391906380653381,450.41265869140625,0.0
Endothelia_vascular_Cap_a,Macro_int,0.7179338335990906,437.460205078125,0.0
Endothelia_vascular_Cap_a,Macro_CCL,0.7475467920303345,455.50433349609375,0.0
Endothelia_vascular_Cap_a,Mast_cell,0.6467210650444031,394.0679626464844,0.0
Endothelia_vascular_Cap_a,Megakaryocyte,0.6546683311462402,398.9104919433594,0.0
Endothelia_vascular_Cap_a,Mesothelia,0.6158012747764587,375.2275390625,0.0
Endothelia_vascular_Cap_a,Macrophage_intermediate,0.7235535979270935,440.884521484375,0.0
Endothelia_vascular_Cap_a,Monocyte_CD14,0.73698890209198,449.0710754394531,0.0
Endothelia_vascular_Cap_a,Monocyte_CD16,0.737727701663971,449.521240234375,0.0
Endothelia_vascular_Cap_a,Muscle_airway,-0.05524137243628502,-33.66034698486328,2.2003820034128455e-248
Endothelia_vascular_Cap_a,Muscle_pericyte_airway,0.3946549594402313,240.47598266601562,0.0
Endothelia_vascular_Cap_a,Muscle_pericyte_parenchyma,0.7395933866500854,450.6580810546875,0.0
Endothelia_vascular_Cap_a,Muscle_perivascular_immune_recruiting,0.5972318053245544,363.9125671386719,0.0
Endothelia_vascular_Cap_a,Muscle_smooth_pulmonary,-0.06601906567811966,-40.227542877197266,0.0
Endothelia_vascular_Cap_a,Muscle_smooth_syst_arterial,-0.0770200788974762,-46.93081283569336,0.0
Endothelia_vascular_Cap_a,Myoepithelial,0.6075245141983032,370.18426513671875,0.0
Endothelia_vascular_Cap_a,NAF_endoneurial,0.01387875434011221,8.456771850585938,2.7488097914377366e-17
Endothelia_vascular_Cap_a,NAF_perineurial,-0.05541927367448807,-33.76874923706055,5.673796986076416e-250
Endothelia_vascular_Cap_a,NK_CD16hi,0.7476245164871216,455.55169677734375,0.0
Endothelia_vascular_Cap_a,NKT,0.7464794516563416,454.8539733886719,0.0
Endothelia_vascular_Cap_a,NK_CD11d,0.7398480772972107,450.8132629394531,0.0
Endothelia_vascular_Cap_a,NK_CD56bright,0.7305648922920227,445.1567077636719,0.0
Endothelia_vascular_Cap_a,Neuroendocrine,0.6229104399681091,379.55938720703125,0.0
Endothelia_vascular_Cap_a,SMG_Basal,0.4182795286178589,254.87118530273438,0.0
Endothelia_vascular_Cap_a,SMG_Duct,0.5869615077972412,357.654541015625,0.0
Endothelia_vascular_Cap_a,SMG_Mucous,0.6366205215454102,387.91339111328125,0.0
Endothelia_vascular_Cap_a,SMG_Serous,0.5924919247627258,361.0244140625,0.0
Endothelia_vascular_Cap_a,Schwann_Myelinating,0.4967266619205475,302.6715393066406,0.0
Endothelia_vascular_Cap_a,Schwann_nonmyelinating,-0.16060218214988708,-97.8600845336914,0.0
Endothelia_vascular_Cap_a,Secretory_Club,0.2384452372789383,145.2923583984375,0.0
Endothelia_vascular_Cap_a,Secretory_Goblet,0.44060420989990234,268.4743347167969,0.0
Endothelia_vascular_Cap_a,Suprabasal,0.29080289602279663,177.19557189941406,0.0
Endothelia_vascular_Cap_a,T_reg,0.7360405325889587,448.4931945800781,0.0
Endothelia_vascular_Cap_a,gdT,0.7349269390106201,447.81463623046875,0.0
Endothelia_vascular_Cap_g,Endothelia_vascular_Cap_g,0.7313106656074524,445.61114501953125,0.0
Endothelia_vascular_Cap_g,Endothelia_vascular_arterial_pulmonary,0.5379230380058289,327.7738342285156,0.0
Endothelia_vascular_Cap_g,Endothelia_vascular_arterial_systemic,0.23863154649734497,145.4058837890625,0.0
Endothelia_vascular_Cap_g,Endothelia_vascular_venous_pulmonary,0.4949442744255066,301.5854797363281,0.0
Endothelia_vascular_Cap_g,Endothelia_vascular_venous_systemic,0.3024654984474182,184.30197143554688,0.0
Endothelia_vascular_Cap_g,Erythrocyte,0.6953169107437134,423.6789855957031,0.0
Endothelia_vascular_Cap_g,Fibro_adventitial,0.35966578125953674,219.15594482421875,0.0
Endothelia_vascular_Cap_g,Fibro_alveolar,0.7061857581138611,430.3017272949219,0.0
Endothelia_vascular_Cap_g,Fibro_immune_recruiting,0.6012174487113953,366.3411560058594,0.0
Endothelia_vascular_Cap_g,Fibro_myofibroblast,0.3008330762386322,183.30728149414062,0.0
Endothelia_vascular_Cap_g,Fibro_peribronchial,0.2989087402820587,182.1347198486328,0.0
Endothelia_vascular_Cap_g,Fibro_perichondrial,0.3801855742931366,231.65931701660156,0.0
Endothelia_vascular_Cap_g,ILC,0.7131529450416565,434.54705810546875,0.0
Endothelia_vascular_Cap_g,Ionocyte_n_Brush,0.37358805537223816,227.6392364501953,0.0
Endothelia_vascular_Cap_g,MAIT,0.7394095659255981,450.5460510253906,0.0
Endothelia_vascular_Cap_g,Macro_CHIT1,0.7191147804260254,438.1797790527344,0.0
Endothelia_vascular_Cap_g,Macro_interstitial,0.7437448501586914,453.18768310546875,0.0
Endothelia_vascular_Cap_g,Macro_AW_CX3CR1,0.7055696845054626,429.92633056640625,0.0
Endothelia_vascular_Cap_g,Macro_alveolar_metallothioneins,0.6504082083702087,396.3146667480469,0.0
Endothelia_vascular_Cap_g,Macro_alv,0.728273332118988,443.7604064941406,0.0
Endothelia_vascular_Cap_g,Macro_dividing,0.7333181500434875,446.8343505859375,0.0
Endothelia_vascular_Cap_g,Macro_int,0.710512638092041,432.938232421875,0.0
Endothelia_vascular_Cap_g,Macro_CCL,0.7402982115745544,451.0875549316406,0.0
Endothelia_vascular_Cap_g,Mast_cell,0.6220643520355225,379.0438537597656,0.0
Endothelia_vascular_Cap_g,Megakaryocyte,0.6472013592720032,394.3606262207031,0.0
Endothelia_vascular_Cap_g,Mesothelia,0.6052783131599426,368.8155822753906,0.0
Endothelia_vascular_Cap_g,Macrophage_intermediate,0.7125040292739868,434.1516418457031,0.0
Endothelia_vascular_Cap_g,Monocyte_CD14,0.7245838046073914,441.5122375488281,0.0
Endothelia_vascular_Cap_g,Monocyte_CD16,0.7257084250450134,442.197509765625,0.0
Endothelia_vascular_Cap_g,Muscle_airway,-0.09192118793725967,-56.01054000854492,0.0
Endothelia_vascular_Cap_g,Muscle_pericyte_airway,0.3658665120601654,222.9342498779297,0.0
Endothelia_vascular_Cap_g,Muscle_pericyte_parenchyma,0.730277955532074,444.98187255859375,0.0
Endothelia_vascular_Cap_g,Muscle_perivascular_immune_recruiting,0.5808101296424866,353.90631103515625,0.0
Endothelia_vascular_Cap_g,Muscle_smooth_pulmonary,-0.10376587510108948,-63.22789001464844,0.0
Endothelia_vascular_Cap_g,Muscle_smooth_syst_arterial,-0.1143045499920845,-69.64944458007812,0.0
Endothelia_vascular_Cap_g,Myoepithelial,0.6065780520439148,369.6075439453125,0.0
Endothelia_vascular_Cap_g,NAF_endoneurial,-0.004409360233694315,-2.686765193939209,0.007214765065260468
Endothelia_vascular_Cap_g,NAF_perineurial,-0.09021361172199249,-54.97005844116211,0.0
Endothelia_vascular_Cap_g,NK_CD16hi,0.7408910393714905,451.4487609863281,0.0
Endothelia_vascular_Cap_g,NKT,0.7353085875511169,448.0472106933594,0.0
Endothelia_vascular_Cap_g,NK_CD11d,0.7349820137023926,447.84820556640625,0.0
Endothelia_vascular_Cap_g,NK_CD56bright,0.7270655632019043,443.02447509765625,0.0
Endothelia_vascular_Cap_g,Neuroendocrine,0.612700343132019,373.3380432128906,0.0
Endothelia_vascular_Cap_g,SMG_Basal,0.40258726477622986,245.30938720703125,0.0
Endothelia_vascular_Cap_g,SMG_Duct,0.583939254283905,355.81298828125,0.0
Endothelia_vascular_Cap_g,SMG_Mucous,0.6289225220680237,383.2227478027344,0.0
Endothelia_vascular_Cap_g,SMG_Serous,0.5890504717826843,358.92742919921875,0.0
Endothelia_vascular_Cap_g,Schwann_Myelinating,0.5044497847557068,307.37750244140625,0.0
Endothelia_vascular_Cap_g,Schwann_nonmyelinating,-0.14788487553596497,-90.11101531982422,0.0
Endothelia_vascular_Cap_g,Secretory_Club,0.22768601775169373,138.73641967773438,0.0
Endothelia_vascular_Cap_g,Secretory_Goblet,0.43007370829582214,262.0577697753906,0.0
Endothelia_vascular_Cap_g,Suprabasal,0.282439649105072,172.09957885742188,0.0
Endothelia_vascular_Cap_g,T_reg,0.7261285185813904,442.4534912109375,0.0
Endothelia_vascular_Cap_g,gdT,0.7230809926986694,440.5965270996094,0.0
Endothelia_vascular_arterial_pulmonary,Endothelia_vascular_arterial_pulmonary,0.6194519400596619,377.4520263671875,0.0
Endothelia_vascular_arterial_pulmonary,Endothelia_vascular_arterial_systemic,0.512330174446106,312.17926025390625,0.0
Endothelia_vascular_arterial_pulmonary,Endothelia_vascular_venous_pulmonary,0.5922657251358032,360.8865661621094,0.0
Endothelia_vascular_arterial_pulmonary,Endothelia_vascular_venous_systemic,0.4814577102661133,293.36767578125,0.0
Endothelia_vascular_arterial_pulmonary,Erythrocyte,0.6268847584724426,381.9810791015625,0.0
Endothelia_vascular_arterial_pulmonary,Fibro_adventitial,0.5067542791366577,308.7817077636719,0.0
Endothelia_vascular_arterial_pulmonary,Fibro_alveolar,0.5822139382362366,354.7616882324219,0.0
Endothelia_vascular_arterial_pulmonary,Fibro_immune_recruiting,0.5467594265937805,333.1581115722656,0.0
Endothelia_vascular_arterial_pulmonary,Fibro_myofibroblast,0.48530223965644836,295.7102966308594,0.0
Endothelia_vascular_arterial_pulmonary,Fibro_peribronchial,0.5469194054603577,333.255615234375,0.0
Endothelia_vascular_arterial_pulmonary,Fibro_perichondrial,0.4043397903442383,246.37725830078125,0.0
Endothelia_vascular_arterial_pulmonary,ILC,0.629357635974884,383.4878845214844,0.0
Endothelia_vascular_arterial_pulmonary,Ionocyte_n_Brush,0.30456456542015076,185.58099365234375,0.0
Endothelia_vascular_arterial_pulmonary,MAIT,0.6123381853103638,373.11737060546875,0.0
Endothelia_vascular_arterial_pulmonary,Macro_CHIT1,0.5702518820762634,347.47283935546875,0.0
Endothelia_vascular_arterial_pulmonary,Macro_interstitial,0.5885860323905945,358.6444091796875,0.0
Endothelia_vascular_arterial_pulmonary,Macro_AW_CX3CR1,0.5972610712051392,363.9303894042969,0.0
Endothelia_vascular_arterial_pulmonary,Macro_alveolar_metallothioneins,0.6239284873008728,380.1797180175781,0.0
Endothelia_vascular_arterial_pulmonary,Macro_alv,0.5748773813247681,350.2912902832031,0.0
Endothelia_vascular_arterial_pulmonary,Macro_dividing,0.5718157291412354,348.4257507324219,0.0
Endothelia_vascular_arterial_pulmonary,Macro_int,0.5631807446479797,343.1641540527344,0.0
Endothelia_vascular_arterial_pulmonary,Macro_CCL,0.5887110829353333,358.7206115722656,0.0
Endothelia_vascular_arterial_pulmonary,Mast_cell,0.64595627784729,393.6019592285156,0.0
Endothelia_vascular_arterial_pulmonary,Megakaryocyte,0.5656228065490723,344.6521911621094,0.0
Endothelia_vascular_arterial_pulmonary,Mesothelia,0.5377010107040405,327.6385498046875,0.0
Endothelia_vascular_arterial_pulmonary,Macrophage_intermediate,0.6101266145706177,371.7698059082031,0.0
Endothelia_vascular_arterial_pulmonary,Monocyte_CD14,0.6059712767601013,369.2378234863281,0.0
Endothelia_vascular_arterial_pulmonary,Monocyte_CD16,0.6194793581962585,377.4687194824219,0.0
Endothelia_vascular_arterial_pulmonary,Muscle_airway,0.24978506565093994,152.20208740234375,0.0
Endothelia_vascular_arterial_pulmonary,Muscle_pericyte_airway,0.4786069989204407,291.6306457519531,0.0
Endothelia_vascular_arterial_pulmonary,Muscle_pericyte_parenchyma,0.5984215140342712,364.63751220703125,0.0
Endothelia_vascular_arterial_pulmonary,Muscle_perivascular_immune_recruiting,0.5793836116790771,353.0370788574219,0.0
Endothelia_vascular_arterial_pulmonary,Muscle_smooth_pulmonary,0.23824259638786316,145.16888427734375,0.0
Endothelia_vascular_arterial_pulmonary,Muscle_smooth_syst_arterial,0.22583173215389252,137.60655212402344,0.0
Endothelia_vascular_arterial_pulmonary,Myoepithelial,0.47398626804351807,288.8150939941406,0.0
Endothelia_vascular_arterial_pulmonary,NAF_endoneurial,0.23566702008247375,143.59950256347656,0.0
Endothelia_vascular_arterial_pulmonary,NAF_perineurial,0.23599648475646973,143.80026245117188,0.0
Endothelia_vascular_arterial_pulmonary,NK_CD16hi,0.6023805141448975,367.0498352050781,0.0
Endothelia_vascular_arterial_pulmonary,NKT,0.6239076852798462,380.16705322265625,0.0
Endothelia_vascular_arterial_pulmonary,NK_CD11d,0.5863413214683533,357.2766418457031,0.0
Endothelia_vascular_arterial_pulmonary,NK_CD56bright,0.5694245100021362,346.96868896484375,0.0
Endothelia_vascular_arterial_pulmonary,Neuroendocrine,0.5771703720092773,351.6885070800781,0.0
Endothelia_vascular_arterial_pulmonary,SMG_Basal,0.414617121219635,252.63955688476562,0.0
Endothelia_vascular_arterial_pulmonary,SMG_Duct,0.4597148001194,280.1190185546875,0.0
Endothelia_vascular_arterial_pulmonary,SMG_Mucous,0.5218525528907776,317.9815673828125,0.0
Endothelia_vascular_arterial_pulmonary,SMG_Serous,0.4700896739959717,286.4407653808594,0.0
Endothelia_vascular_arterial_pulmonary,Schwann_Myelinating,0.4123784899711609,251.27549743652344,0.0
Endothelia_vascular_arterial_pulmonary,Schwann_nonmyelinating,-0.036805618554353714,-22.426849365234375,2.153577563231323e-111
Endothelia_vascular_arterial_pulmonary,Secretory_Club,0.22325651347637177,136.03738403320312,0.0
Endothelia_vascular_arterial_pulmonary,Secretory_Goblet,0.3998402953147888,243.6355743408203,0.0
Endothelia_vascular_arterial_pulmonary,Suprabasal,0.27845481038093567,169.67147827148438,0.0
Endothelia_vascular_arterial_pulmonary,T_reg,0.6161021590232849,375.410888671875,0.0
Endothelia_vascular_arterial_pulmonary,gdT,0.6305114030838013,384.1908874511719,0.0
Endothelia_vascular_arterial_systemic,Endothelia_vascular_arterial_systemic,0.6075446009635925,370.1965026855469,0.0
Endothelia_vascular_arterial_systemic,Endothelia_vascular_venous_pulmonary,0.5102415084838867,310.9065856933594,0.0
Endothelia_vascular_arterial_systemic,Endothelia_vascular_venous_systemic,0.49238699674606323,300.0272521972656,0.0
Endothelia_vascular_arterial_systemic,Erythrocyte,0.40658384561538696,247.74462890625,0.0
Endothelia_vascular_arterial_systemic,Fibro_adventitial,0.4915843904018402,299.5382080078125,0.0
Endothelia_vascular_arterial_systemic,Fibro_alveolar,0.3297669291496277,200.93760681152344,0.0
Endothelia_vascular_arterial_systemic,Fibro_immune_recruiting,0.3487859070301056,212.5264892578125,0.0
Endothelia_vascular_arterial_systemic,Fibro_myofibroblast,0.5146597027778625,313.5987243652344,0.0
Endothelia_vascular_arterial_systemic,Fibro_peribronchial,0.5958443284034729,363.067138671875,0.0
Endothelia_vascular_arterial_systemic,Fibro_perichondrial,0.30036839842796326,183.02413940429688,0.0
Endothelia_vascular_arterial_systemic,ILC,0.39111486077308655,238.31887817382812,0.0
Endothelia_vascular_arterial_systemic,Ionocyte_n_Brush,0.16732072830200195,101.95391082763672,0.0
Endothelia_vascular_arterial_systemic,MAIT,0.3444872796535492,209.90719604492188,0.0
Endothelia_vascular_arterial_systemic,Macro_CHIT1,0.30000680685043335,182.80380249023438,0.0
Endothelia_vascular_arterial_systemic,Macro_interstitial,0.3064664900302887,186.73989868164062,0.0
Endothelia_vascular_arterial_systemic,Macro_AW_CX3CR1,0.35349348187446594,215.39495849609375,0.0
Endothelia_vascular_arterial_systemic,Macro_alveolar_metallothioneins,0.4397987127304077,267.9835205078125,0.0
Endothelia_vascular_arterial_systemic,Macro_alv,0.29525309801101685,179.9072265625,0.0
Endothelia_vascular_arterial_systemic,Macro_dividing,0.2875906825065613,175.23826599121094,0.0
Endothelia_vascular_arterial_systemic,Macro_int,0.29365023970603943,178.9305419921875,0.0
Endothelia_vascular_arterial_systemic,Macro_CCL,0.30837419629096985,187.90232849121094,0.0
Endothelia_vascular_arterial_systemic,Mast_cell,0.4925081729888916,300.1011047363281,0.0
Endothelia_vascular_arterial_systemic,Megakaryocyte,0.33467766642570496,203.9298858642578,0.0
Endothelia_vascular_arterial_systemic,Mesothelia,0.33830949664115906,206.1428680419922,0.0
Endothelia_vascular_arterial_systemic,Macrophage_intermediate,0.36198586225509644,220.56964111328125,0.0
Endothelia_vascular_arterial_systemic,Monocyte_CD14,0.3478500247001648,211.9562225341797,0.0
Endothelia_vascular_arterial_systemic,Monocyte_CD16,0.3665924668312073,223.37660217285156,0.0
Endothelia_vascular_arterial_systemic,Muscle_airway,0.45743560791015625,278.7302551269531,0.0
Endothelia_vascular_arterial_systemic,Muscle_pericyte_airway,0.4437055289745331,270.36407470703125,0.0
Endothelia_vascular_arterial_systemic,Muscle_pericyte_parenchyma,0.33293700218200684,202.86923217773438,0.0
Endothelia_vascular_arterial_systemic,Muscle_perivascular_immune_recruiting,0.41608691215515137,253.53515625,0.0
Endothelia_vascular_arterial_systemic,Muscle_smooth_pulmonary,0.46642065048217773,284.2051086425781,0.0
Endothelia_vascular_arterial_systemic,Muscle_smooth_syst_arterial,0.45779258012771606,278.94775390625,0.0
Endothelia_vascular_arterial_systemic,Myoepithelial,0.2282957285642624,139.10794067382812,0.0
Endothelia_vascular_arterial_systemic,NAF_endoneurial,0.36764562129974365,224.018310546875,0.0
Endothelia_vascular_arterial_systemic,NAF_perineurial,0.44383952021598816,270.4457092285156,0.0
Endothelia_vascular_arterial_systemic,NK_CD16hi,0.3276537358760834,199.6499786376953,0.0
Endothelia_vascular_arterial_systemic,NKT,0.3662324845790863,223.15724182128906,0.0
Endothelia_vascular_arterial_systemic,NK_CD11d,0.307079941034317,187.1136932373047,0.0
Endothelia_vascular_arterial_systemic,NK_CD56bright,0.287133127450943,174.95945739746094,0.0
Endothelia_vascular_arterial_systemic,Neuroendocrine,0.3790205717086792,230.94943237304688,0.0
Endothelia_vascular_arterial_systemic,SMG_Basal,0.30601784586906433,186.46652221679688,0.0
Endothelia_vascular_arterial_systemic,SMG_Duct,0.23317968845367432,142.08389282226562,0.0
Endothelia_vascular_arterial_systemic,SMG_Mucous,0.29125961661338806,177.47386169433594,0.0
Endothelia_vascular_arterial_systemic,SMG_Serous,0.24199232459068298,147.45372009277344,0.0
Endothelia_vascular_arterial_systemic,Schwann_Myelinating,0.22397689521312714,136.47633361816406,0.0
Endothelia_vascular_arterial_systemic,Schwann_nonmyelinating,0.09105686098337173,55.48387908935547,0.0
Endothelia_vascular_arterial_systemic,Secretory_Club,0.16875091195106506,102.82536315917969,0.0
Endothelia_vascular_arterial_systemic,Secretory_Goblet,0.26302868127822876,160.2718505859375,0.0
Endothelia_vascular_arterial_systemic,Suprabasal,0.19411170482635498,118.27851104736328,0.0
Endothelia_vascular_arterial_systemic,T_reg,0.36125677824020386,220.12538146972656,0.0
Endothelia_vascular_arterial_systemic,gdT,0.3851516544818878,234.685302734375,0.0
Endothelia_vascular_venous_pulmonary,Endothelia_vascular_venous_pulmonary,0.6499282717704773,396.022216796875,0.0
Endothelia_vascular_venous_pulmonary,Endothelia_vascular_venous_systemic,0.5855744481086731,356.8093566894531,0.0
Endothelia_vascular_venous_pulmonary,Erythrocyte,0.5968915224075317,363.7052307128906,0.0
Endothelia_vascular_venous_pulmonary,Fibro_adventitial,0.6381762623786926,388.8613586425781,0.0
Endothelia_vascular_venous_pulmonary,Fibro_alveolar,0.5521147847175598,336.42132568359375,0.0
Endothelia_vascular_venous_pulmonary,Fibro_immune_recruiting,0.6222192645072937,379.13824462890625,0.0
Endothelia_vascular_venous_pulmonary,Fibro_myofibroblast,0.6254339218139648,381.0970153808594,0.0
Endothelia_vascular_venous_pulmonary,Fibro_peribronchial,0.6199125051498413,377.732666015625,0.0
Endothelia_vascular_venous_pulmonary,Fibro_perichondrial,0.43574216961860657,265.5117492675781,0.0
Endothelia_vascular_venous_pulmonary,ILC,0.6299244165420532,383.8332214355469,0.0
Endothelia_vascular_venous_pulmonary,Ionocyte_n_Brush,0.3012509346008301,183.5618896484375,0.0
Endothelia_vascular_venous_pulmonary,MAIT,0.5993437170982361,365.1994323730469,0.0
Endothelia_vascular_venous_pulmonary,Macro_CHIT1,0.5626668930053711,342.8510437011719,0.0
Endothelia_vascular_venous_pulmonary,Macro_interstitial,0.5784858465194702,352.49005126953125,0.0
Endothelia_vascular_venous_pulmonary,Macro_AW_CX3CR1,0.617084801197052,376.0096435546875,0.0
Endothelia_vascular_venous_pulmonary,Macro_alveolar_metallothioneins,0.6697460412979126,408.09783935546875,0.0
Endothelia_vascular_venous_pulmonary,Macro_alv,0.5438713431358337,331.3983154296875,0.0
Endothelia_vascular_venous_pulmonary,Macro_dividing,0.5501367449760437,335.2160339355469,0.0
Endothelia_vascular_venous_pulmonary,Macro_int,0.5863497853279114,357.28179931640625,0.0
Endothelia_vascular_venous_pulmonary,Macro_CCL,0.5785675048828125,352.5398254394531,0.0
Endothelia_vascular_venous_pulmonary,Mast_cell,0.6843869090080261,417.01898193359375,0.0
Endothelia_vascular_venous_pulmonary,Megakaryocyte,0.5572736263275146,339.56475830078125,0.0
Endothelia_vascular_venous_pulmonary,Mesothelia,0.6200753450393677,377.8318786621094,0.0
Endothelia_vascular_venous_pulmonary,Macrophage_intermediate,0.6334391236305237,385.974853515625,0.0
Endothelia_vascular_venous_pulmonary,Monocyte_CD14,0.6165871620178223,375.7064208984375,0.0
Endothelia_vascular_venous_pulmonary,Monocyte_CD16,0.6385417580604553,389.08404541015625,0.0
Endothelia_vascular_venous_pulmonary,Muscle_airway,0.28068867325782776,171.03265380859375,0.0
Endothelia_vascular_venous_pulmonary,Muscle_pericyte_airway,0.5955089330673218,362.8627624511719,0.0
Endothelia_vascular_venous_pulmonary,Muscle_pericyte_parenchyma,0.5737297534942627,349.5920104980469,0.0
Endothelia_vascular_venous_pulmonary,Muscle_perivascular_immune_recruiting,0.6467275619506836,394.0719299316406,0.0
Endothelia_vascular_venous_pulmonary,Muscle_smooth_pulmonary,0.2738765776157379,166.88182067871094,0.0
Endothelia_vascular_venous_pulmonary,Muscle_smooth_syst_arterial,0.25451117753982544,155.0818634033203,0.0
Endothelia_vascular_venous_pulmonary,Myoepithelial,0.4907498061656952,299.0296630859375,0.0
Endothelia_vascular_venous_pulmonary,NAF_endoneurial,0.2271232306957245,138.39349365234375,0.0
Endothelia_vascular_venous_pulmonary,NAF_perineurial,0.2663601040840149,162.30178833007812,0.0
Endothelia_vascular_venous_pulmonary,NK_CD16hi,0.5878047347068787,358.1683654785156,0.0
Endothelia_vascular_venous_pulmonary,NKT,0.6250095963478088,380.8384704589844,0.0
Endothelia_vascular_venous_pulmonary,NK_CD11d,0.5716214776039124,348.307373046875,0.0
Endothelia_vascular_venous_pulmonary,NK_CD56bright,0.546704113483429,333.1244201660156,0.0
Endothelia_vascular_venous_pulmonary,Neuroendocrine,0.5853337645530701,356.6627197265625,0.0
Endothelia_vascular_venous_pulmonary,SMG_Basal,0.4503961205482483,274.44085693359375,0.0
Endothelia_vascular_venous_pulmonary,SMG_Duct,0.5052235126495361,307.8489685058594,0.0
Endothelia_vascular_venous_pulmonary,SMG_Mucous,0.5496005415916443,334.8893127441406,0.0
Endothelia_vascular_venous_pulmonary,SMG_Serous,0.50929194688797,310.3279724121094,0.0
Endothelia_vascular_venous_pulmonary,Schwann_Myelinating,0.39358988404273987,239.82699584960938,0.0
Endothelia_vascular_venous_pulmonary,Schwann_nonmyelinating,-0.08073624223470688,-49.1951904296875,0.0
Endothelia_vascular_venous_pulmonary,Secretory_Club,0.24329639971256256,148.2483367919922,0.0
Endothelia_vascular_venous_pulmonary,Secretory_Goblet,0.4006861448287964,244.15097045898438,0.0
Endothelia_vascular_venous_pulmonary,Suprabasal,0.2784378230571747,169.6611328125,0.0
Endothelia_vascular_venous_pulmonary,T_reg,0.6020726561546326,366.86224365234375,0.0
Endothelia_vascular_venous_pulmonary,gdT,0.6268835067749023,381.9803161621094,0.0
Endothelia_vascular_venous_systemic,Endothelia_vascular_venous_systemic,0.6251712441444397,380.9369812011719,0.0
Endothelia_vascular_venous_systemic,Erythrocyte,0.43561652302742004,265.4351806640625,0.0
Endothelia_vascular_venous_systemic,Fibro_adventitial,0.6492085456848145,395.58367919921875,0.0
Endothelia_vascular_venous_systemic,Fibro_alveolar,0.38703763484954834,235.83448791503906,0.0
Endothelia_vascular_venous_systemic,Fibro_immune_recruiting,0.5192074775695801,316.3698425292969,0.0
Endothelia_vascular_venous_systemic,Fibro_myofibroblast,0.6508999466896057,396.6142883300781,0.0
Endothelia_vascular_venous_systemic,Fibro_peribronchial,0.6125688552856445,373.2579345703125,0.0
Endothelia_vascular_venous_systemic,Fibro_perichondrial,0.37093842029571533,226.02471923828125,0.0
Endothelia_vascular_venous_systemic,ILC,0.4691292643547058,285.8555603027344,0.0
Endothelia_vascular_venous_systemic,Ionocyte_n_Brush,0.22105923295021057,134.69851684570312,0.0
Endothelia_vascular_venous_systemic,MAIT,0.42576923966407776,259.4349060058594,0.0
Endothelia_vascular_venous_systemic,Macro_CHIT1,0.4000464081764221,243.7611541748047,0.0
Endothelia_vascular_venous_systemic,Macro_interstitial,0.40887051820755005,249.13796997070312,0.0
Endothelia_vascular_venous_systemic,Macro_AW_CX3CR1,0.47083786129951477,286.89666748046875,0.0
Endothelia_vascular_venous_systemic,Macro_alveolar_metallothioneins,0.5507522821426392,335.5910949707031,0.0
Endothelia_vascular_venous_systemic,Macro_alv,0.36322903633117676,221.3271484375,0.0
Endothelia_vascular_venous_systemic,Macro_dividing,0.37491652369499207,228.44871520996094,0.0
Endothelia_vascular_venous_systemic,Macro_int,0.437433660030365,266.54241943359375,0.0
Endothelia_vascular_venous_systemic,Macro_CCL,0.4071858525276184,248.1114501953125,0.0
Endothelia_vascular_venous_systemic,Mast_cell,0.5740629434585571,349.7950439453125,0.0
Endothelia_vascular_venous_systemic,Megakaryocyte,0.40274837613105774,245.40756225585938,0.0
Endothelia_vascular_venous_systemic,Mesothelia,0.5162712335586548,314.5806884765625,0.0
Endothelia_vascular_venous_systemic,Macrophage_intermediate,0.4839087128639221,294.8611755371094,0.0
Endothelia_vascular_venous_systemic,Monocyte_CD14,0.46511414647102356,283.4090270996094,0.0
Endothelia_vascular_venous_systemic,Monocyte_CD16,0.4863573908805847,296.35321044921875,0.0
Endothelia_vascular_venous_systemic,Muscle_airway,0.34921392798423767,212.78729248046875,0.0
Endothelia_vascular_venous_systemic,Muscle_pericyte_airway,0.5919119119644165,360.6709899902344,0.0
Endothelia_vascular_venous_systemic,Muscle_pericyte_parenchyma,0.39791223406791687,242.4607391357422,0.0
Endothelia_vascular_venous_systemic,Muscle_perivascular_immune_recruiting,0.5525268316268921,336.6723937988281,0.0
Endothelia_vascular_venous_systemic,Muscle_smooth_pulmonary,0.35184141993522644,214.3883056640625,0.0
Endothelia_vascular_venous_systemic,Muscle_smooth_syst_arterial,0.3355943262577057,204.48843383789062,0.0
Endothelia_vascular_venous_systemic,Myoepithelial,0.35721737146377563,217.66404724121094,0.0
Endothelia_vascular_venous_systemic,NAF_endoneurial,0.22019018232822418,134.16897583007812,0.0
Endothelia_vascular_venous_systemic,NAF_perineurial,0.3320201635360718,202.31057739257812,0.0
Endothelia_vascular_venous_systemic,NK_CD16hi,0.409456729888916,249.49517822265625,0.0
Endothelia_vascular_venous_systemic,NKT,0.46060195565223694,280.65960693359375,0.0
Endothelia_vascular_venous_systemic,NK_CD11d,0.39237329363822937,239.08567810058594,0.0
Endothelia_vascular_venous_systemic,NK_CD56bright,0.3638682961463928,221.7166748046875,0.0
Endothelia_vascular_venous_systemic,Neuroendocrine,0.4458899199962616,271.6950988769531,0.0
Endothelia_vascular_venous_systemic,SMG_Basal,0.39811110496520996,242.5819091796875,0.0
Endothelia_vascular_venous_systemic,SMG_Duct,0.39238208532333374,239.09103393554688,0.0
Endothelia_vascular_venous_systemic,SMG_Mucous,0.43131735920906067,262.8155517578125,0.0
Endothelia_vascular_venous_systemic,SMG_Serous,0.396603524684906,241.66329956054688,0.0
Endothelia_vascular_venous_systemic,Schwann_Myelinating,0.22882941365242004,139.43313598632812,0.0
Endothelia_vascular_venous_systemic,Schwann_nonmyelinating,-0.14357049763202667,-87.48212432861328,0.0
Endothelia_vascular_venous_systemic,Secretory_Club,0.2124570608139038,129.45692443847656,0.0
Endothelia_vascular_venous_systemic,Secretory_Goblet,0.31250759959220886,190.4209442138672,0.0
Endothelia_vascular_venous_systemic,Suprabasal,0.22997713088989258,140.13247680664062,0.0
Endothelia_vascular_venous_systemic,T_reg,0.4304352402687073,262.2780456542969,0.0
Endothelia_vascular_venous_systemic,gdT,0.46222078800201416,281.64599609375,0.0
Erythrocyte,Erythrocyte,0.7363584637641907,448.6869201660156,0.0
Erythrocyte,Fibro_adventitial,0.48802006244659424,297.3663330078125,0.0
Erythrocyte,Fibro_alveolar,0.7071501016616821,430.88934326171875,0.0
Erythrocyte,Fibro_immune_recruiting,0.6428870558738708,391.7317810058594,0.0
Erythrocyte,Fibro_myofibroblast,0.4372551143169403,266.4336242675781,0.0
Erythrocyte,Fibro_peribronchial,0.4567965865135193,278.34088134765625,0.0
Erythrocyte,Fibro_perichondrial,0.4251749813556671,259.07281494140625,0.0
Erythrocyte,ILC,0.7441286444664001,453.4215393066406,0.0
Erythrocyte,Ionocyte_n_Brush,0.3816666007041931,232.56175231933594,0.0
Erythrocyte,MAIT,0.7482903003692627,455.9573669433594,0.0
Erythrocyte,Macro_CHIT1,0.7157847881317139,436.1507263183594,0.0
Erythrocyte,Macro_interstitial,0.7405349016189575,451.23175048828125,0.0
Erythrocyte,Macro_AW_CX3CR1,0.7319432497024536,445.99658203125,0.0
Erythrocyte,Macro_alveolar_metallothioneins,0.7105448246002197,432.9578552246094,0.0
Erythrocyte,Macro_alv,0.719279408454895,438.2801208496094,0.0
Erythrocyte,Macro_dividing,0.725643515586853,442.157958984375,0.0
Erythrocyte,Macro_int,0.7123015522956848,434.02825927734375,0.0
Erythrocyte,Macro_CCL,0.7383384704589844,449.8934020996094,0.0
Erythrocyte,Mast_cell,0.698813796043396,425.80975341796875,0.0
Erythrocyte,Megakaryocyte,0.6739227175712585,410.642822265625,0.0
Erythrocyte,Mesothelia,0.644559919834137,392.7511291503906,0.0
Erythrocyte,Macrophage_intermediate,0.7367107272148132,448.9015808105469,0.0
Erythrocyte,Monocyte_CD14,0.7391026020050049,450.3590087890625,0.0
Erythrocyte,Monocyte_CD16,0.7470439076423645,455.1979064941406,0.0
Erythrocyte,Muscle_airway,0.08446970582008362,51.47011184692383,0.0
Erythrocyte,Muscle_pericyte_airway,0.4735504388809204,288.5495300292969,0.0
Erythrocyte,Muscle_pericyte_parenchyma,0.7289621829986572,444.1801452636719,0.0
Erythrocyte,Muscle_perivascular_immune_recruiting,0.6466708183288574,394.037353515625,0.0
Erythrocyte,Muscle_smooth_pulmonary,0.07758858054876328,47.2772216796875,0.0
Erythrocyte,Muscle_smooth_syst_arterial,0.0680786743760109,41.48252868652344,0.0
Erythrocyte,Myoepithelial,0.610374391078949,371.9207763671875,0.0
Erythrocyte,NAF_endoneurial,0.12076105177402496,73.5835952758789,0.0
Erythrocyte,NAF_perineurial,0.07875018566846848,47.985023498535156,0.0
Erythrocyte,NK_CD16hi,0.744439423084259,453.61090087890625,0.0
Erythrocyte,NKT,0.7528458833694458,458.7332458496094,0.0
Erythrocyte,NK_CD11d,0.7335550785064697,446.9787292480469,0.0
Erythrocyte,NK_CD56bright,0.7195039391517639,438.41693115234375,0.0
Erythrocyte,Neuroendocrine,0.6600971817970276,402.2184753417969,0.0
Erythrocyte,SMG_Basal,0.47707077860832214,290.694580078125,0.0
Erythrocyte,SMG_Duct,0.5984658598899841,364.6645202636719,0.0
Erythrocyte,SMG_Mucous,0.6493594646453857,395.6756286621094,0.0
Erythrocyte,SMG_Serous,0.6043011546134949,368.22015380859375,0.0
Erythrocyte,Schwann_Myelinating,0.504490852355957,307.40252685546875,0.0
Erythrocyte,Schwann_nonmyelinating,-0.11798399686813354,-71.89144897460938,0.0
Erythrocyte,Secretory_Club,0.26806479692459106,163.34051513671875,0.0
Erythrocyte,Secretory_Goblet,0.45945504307746887,279.96075439453125,0.0
Erythrocyte,Suprabasal,0.3101162016391754,188.9637908935547,0.0
Erythrocyte,T_reg,0.7424723505973816,452.4123229980469,0.0
Erythrocyte,gdT,0.7499184608459473,456.949462890625,0.0
Fibro_adventitial,Fibro_adventitial,0.7237935662269592,441.0307312011719,0.0
Fibro_adventitial,Fibro_alveolar,0.44124820828437805,268.8667297363281,0.0
Fibro_adventitial,Fibro_immune_recruiting,0.6143436431884766,374.33935546875,0.0
Fibro_adventitial,Fibro_myofibroblast,0.7192927002906799,438.2882080078125,0.0
Fibro_adventitial,Fibro_peribronchial,0.6540035009384155,398.5054016113281,0.0
Fibro_adventitial,Fibro_perichondrial,0.4230961203575134,257.80609130859375,0.0
Fibro_adventitial,ILC,0.5404205322265625,329.2956237792969,0.0
Fibro_adventitial,Ionocyte_n_Brush,0.2517056167125702,153.37234497070312,0.0
Fibro_adventitial,MAIT,0.4941983222961426,301.1309509277344,0.0
Fibro_adventitial,Macro_CHIT1,0.46298468112945557,282.1114807128906,0.0
Fibro_adventitial,Macro_interstitial,0.4750930666923523,289.489501953125,0.0
Fibro_adventitial,Macro_AW_CX3CR1,0.5522900819778442,336.52813720703125,0.0
Fibro_adventitial,Macro_alveolar_metallothioneins,0.630301296710968,384.0628662109375,0.0
Fibro_adventitial,Macro_alv,0.41894325613975525,255.27561950683594,0.0
Fibro_adventitial,Macro_dividing,0.43505626916885376,265.0937805175781,0.0
Fibro_adventitial,Macro_int,0.5162692666053772,314.5794982910156,0.0
Fibro_adventitial,Macro_CCL,0.47546476125717163,289.71600341796875,0.0
Fibro_adventitial,Mast_cell,0.641569197177887,390.92877197265625,0.0
Fibro_adventitial,Megakaryocyte,0.4691276252269745,285.8545837402344,0.0
Fibro_adventitial,Mesothelia,0.615857720375061,375.2619323730469,0.0
Fibro_adventitial,Macrophage_intermediate,0.5637525916099548,343.5126037597656,0.0
Fibro_adventitial,Monocyte_CD14,0.5351162552833557,326.0635681152344,0.0
Fibro_adventitial,Monocyte_CD16,0.5636597871780396,343.4560546875,0.0
Fibro_adventitial,Muscle_airway,0.33542710542678833,204.38653564453125,0.0
Fibro_adventitial,Muscle_pericyte_airway,0.6569619178771973,400.30804443359375,0.0
Fibro_adventitial,Muscle_pericyte_parenchyma,0.46075353026390076,280.751953125,0.0
Fibro_adventitial,Muscle_perivascular_immune_recruiting,0.6340094208717346,386.3223571777344,0.0
Fibro_adventitial,Muscle_smooth_pulmonary,0.33677127957344055,205.20558166503906,0.0
Fibro_adventitial,Muscle_smooth_syst_arterial,0.31511083245277405,192.00717163085938,0.0
Fibro_adventitial,Myoepithelial,0.4302782118320465,262.182373046875,0.0
Fibro_adventitial,NAF_endoneurial,0.22157593071460724,135.0133514404297,0.0
Fibro_adventitial,NAF_perineurial,0.3188914656639099,194.3108367919922,0.0
Fibro_adventitial,NK_CD16hi,0.4814872741699219,293.3857116699219,0.0
Fibro_adventitial,NKT,0.533585250377655,325.13067626953125,0.0
Fibro_adventitial,NK_CD11d,0.4652669131755829,283.5021057128906,0.0
Fibro_adventitial,NK_CD56bright,0.43252238631248474,263.5498046875,0.0
Fibro_adventitial,Neuroendocrine,0.5159415006637573,314.3797607421875,0.0
Fibro_adventitial,SMG_Basal,0.4395313560962677,267.82061767578125,0.0
Fibro_adventitial,SMG_Duct,0.4784327447414398,291.52447509765625,0.0
Fibro_adventitial,SMG_Mucous,0.5014386773109436,305.542724609375,0.0
Fibro_adventitial,SMG_Serous,0.47611674666404724,290.1132507324219,0.0
Fibro_adventitial,Schwann_Myelinating,0.3028005361557007,184.50611877441406,0.0
Fibro_adventitial,Schwann_nonmyelinating,-0.1307803839445114,-79.6886978149414,0.0
Fibro_adventitial,Secretory_Club,0.2420559525489807,147.49249267578125,0.0
Fibro_adventitial,Secretory_Goblet,0.3524545133113861,214.7618865966797,0.0
Fibro_adventitial,Suprabasal,0.2342471182346344,142.73431396484375,0.0
Fibro_adventitial,T_reg,0.49803292751312256,303.4674987792969,0.0
Fibro_adventitial,gdT,0.532854437828064,324.68536376953125,0.0
Fibro_alveolar,Fibro_alveolar,0.7145966291427612,435.4267272949219,0.0
Fibro_alveolar,Fibro_immune_recruiting,0.6073078513145447,370.0522155761719,0.0
Fibro_alveolar,Fibro_myofibroblast,0.3981211185455322,242.5880126953125,0.0
Fibro_alveolar,Fibro_peribronchial,0.40058234333992004,244.0877227783203,0.0
Fibro_alveolar,Fibro_perichondrial,0.4003925323486328,243.97206115722656,0.0
Fibro_alveolar,ILC,0.7177934646606445,437.3746643066406,0.0
Fibro_alveolar,Ionocyte_n_Brush,0.360601007938385,219.72579956054688,0.0
Fibro_alveolar,MAIT,0.7353735566139221,448.0867919921875,0.0
Fibro_alveolar,Macro_CHIT1,0.7112163305282593,433.36700439453125,0.0
Fibro_alveolar,Macro_interstitial,0.7338660955429077,447.1682434082031,0.0
Fibro_alveolar,Macro_AW_CX3CR1,0.7043827176094055,429.20306396484375,0.0
Fibro_alveolar,Macro_alveolar_metallothioneins,0.674842119216919,411.2030334472656,0.0
Fibro_alveolar,Macro_alv,0.7145676016807556,435.4090576171875,0.0
Fibro_alveolar,Macro_dividing,0.718616783618927,437.8763427734375,0.0
Fibro_alveolar,Macro_int,0.7015736699104309,427.4914245605469,0.0
Fibro_alveolar,Macro_CCL,0.7299658060073853,444.79168701171875,0.0
Fibro_alveolar,Mast_cell,0.6686615347862244,407.43701171875,0.0
Fibro_alveolar,Megakaryocyte,0.6373273134231567,388.34405517578125,0.0
Fibro_alveolar,Mesothelia,0.6082388758659363,370.6195373535156,0.0
Fibro_alveolar,Macrophage_intermediate,0.7136145234107971,434.82830810546875,0.0
Fibro_alveolar,Monocyte_CD14,0.7305946350097656,445.1748352050781,0.0
Fibro_alveolar,Monocyte_CD16,0.7302644848823547,444.9736633300781,0.0
Fibro_alveolar,Muscle_airway,0.013952509500086308,8.501713752746582,1.8681200366329876e-17
Fibro_alveolar,Muscle_pericyte_airway,0.4315502941608429,262.9574890136719,0.0
Fibro_alveolar,Muscle_pericyte_parenchyma,0.7292396426200867,444.3492126464844,0.0
Fibro_alveolar,Muscle_perivascular_immune_recruiting,0.6005947589874268,365.96173095703125,0.0
Fibro_alveolar,Muscle_smooth_pulmonary,0.00451986538246274,2.7540996074676514,0.005885385320891459
Fibro_alveolar,Muscle_smooth_syst_arterial,-0.008956420235335827,-5.457435131072998,4.830615418268425e-08
Fibro_alveolar,Myoepithelial,0.5769238471984863,351.53826904296875,0.0
Fibro_alveolar,NAF_endoneurial,0.04825646057724953,29.40421485900879,4.850875886829352e-190
Fibro_alveolar,NAF_perineurial,0.01031977403908968,6.28817081451416,3.212283559372426e-10
Fibro_alveolar,NK_CD16hi,0.7284017205238342,443.838623046875,0.0
Fibro_alveolar,NKT,0.7373759150505066,449.306884765625,0.0
Fibro_alveolar,NK_CD11d,0.7162476778030396,436.4327697753906,0.0
Fibro_alveolar,NK_CD56bright,0.7045981287956238,429.3343200683594,0.0
Fibro_alveolar,Neuroendocrine,0.6120147705078125,372.9203186035156,0.0
Fibro_alveolar,SMG_Basal,0.41090288758277893,250.37635803222656,0.0
Fibro_alveolar,SMG_Duct,0.5586759448051453,340.41925048828125,0.0
Fibro_alveolar,SMG_Mucous,0.6141976714134216,374.25042724609375,0.0
Fibro_alveolar,SMG_Serous,0.5655825138092041,344.62762451171875,0.0
Fibro_alveolar,Schwann_Myelinating,0.46198299527168274,281.5011291503906,0.0
Fibro_alveolar,Schwann_nonmyelinating,-0.16539733111858368,-100.78192138671875,0.0
Fibro_alveolar,Secretory_Club,0.23862487077713013,145.40182495117188,0.0
Fibro_alveolar,Secretory_Goblet,0.43489906191825867,264.9980163574219,0.0
Fibro_alveolar,Suprabasal,0.27987468242645264,170.53665161132812,0.0
Fibro_alveolar,T_reg,0.7240727543830872,441.2008361816406,0.0
Fibro_alveolar,gdT,0.7264813184738159,442.66845703125,0.0
Fibro_immune_recruiting,Fibro_immune_recruiting,0.7547491192817688,459.8929443359375,0.0
Fibro_immune_recruiting,Fibro_myofibroblast,0.5526314973831177,336.7361755371094,0.0
Fibro_immune_recruiting,Fibro_peribronchial,0.4847429394721985,295.3694763183594,0.0
Fibro_immune_recruiting,Fibro_perichondrial,0.46422597765922546,282.8678283691406,0.0
Fibro_immune_recruiting,ILC,0.71506667137146,435.713134765625,0.0
Fibro_immune_recruiting,Ionocyte_n_Brush,0.3770701587200165,229.760986328125,0.0
Fibro_immune_recruiting,MAIT,0.6966418623924255,424.486328125,0.0
Fibro_immune_recruiting,Macro_CHIT1,0.6648057103157043,405.0875244140625,0.0
Fibro_immune_recruiting,Macro_interstitial,0.6894404292106628,420.0982666015625,0.0
Fibro_immune_recruiting,Macro_AW_CX3CR1,0.7408880591392517,451.44696044921875,0.0
Fibro_immune_recruiting,Macro_alveolar_metallothioneins,0.7352701425552368,448.0237731933594,0.0
Fibro_immune_recruiting,Macro_alv,0.6337606310844421,386.1707763671875,0.0
Fibro_immune_recruiting,Macro_dividing,0.6545946002006531,398.8655700683594,0.0
Fibro_immune_recruiting,Macro_int,0.7175849080085754,437.2475891113281,0.0
Fibro_immune_recruiting,Macro_CCL,0.6916388869285583,421.4378356933594,0.0
Fibro_immune_recruiting,Mast_cell,0.6897569894790649,420.2911376953125,0.0
Fibro_immune_recruiting,Megakaryocyte,0.667382001876831,406.6573486328125,0.0
Fibro_immune_recruiting,Mesothelia,0.76080721616745,463.5843505859375,0.0
Fibro_immune_recruiting,Macrophage_intermediate,0.7443846464157104,453.5775451660156,0.0
Fibro_immune_recruiting,Monocyte_CD14,0.7047613859176636,429.4338073730469,0.0
Fibro_immune_recruiting,Monocyte_CD16,0.7386826872825623,450.1031494140625,0.0
Fibro_immune_recruiting,Muscle_airway,0.06729554384946823,41.005340576171875,0.0
Fibro_immune_recruiting,Muscle_pericyte_airway,0.581777036190033,354.4954833984375,0.0
Fibro_immune_recruiting,Muscle_pericyte_parenchyma,0.6534892320632935,398.1920471191406,0.0
Fibro_immune_recruiting,Muscle_perivascular_immune_recruiting,0.7341569066047668,447.345458984375,0.0
Fibro_immune_recruiting,Muscle_smooth_pulmonary,0.05287851020693779,32.220577239990234,9.09063523779314e-228
Fibro_immune_recruiting,Muscle_smooth_syst_arterial,0.03688335791230202,22.474218368530273,7.419817672055788e-112
Fibro_immune_recruiting,Myoepithelial,0.6620656847953796,403.4179382324219,0.0
Fibro_immune_recruiting,NAF_endoneurial,0.08871689438819885,54.05805969238281,0.0
Fibro_immune_recruiting,NAF_perineurial,0.056575607508420944,34.47333908081055,2.0132557619261505e-260
Fibro_immune_recruiting,NK_CD16hi,0.7053437829017639,429.7886657714844,0.0
Fibro_immune_recruiting,NKT,0.7192897200584412,438.286376953125,0.0
Fibro_immune_recruiting,NK_CD11d,0.7026410102844238,428.14178466796875,0.0
Fibro_immune_recruiting,NK_CD56bright,0.6757569313049316,411.7604675292969,0.0
Fibro_immune_recruiting,Neuroendocrine,0.6856221556663513,417.77166748046875,0.0
Fibro_immune_recruiting,SMG_Basal,0.53045254945755,323.2218322753906,0.0
Fibro_immune_recruiting,SMG_Duct,0.6990840435028076,425.97442626953125,0.0
Fibro_immune_recruiting,SMG_Mucous,0.7028199434280396,428.2508239746094,0.0
Fibro_immune_recruiting,SMG_Serous,0.6901796460151672,420.5486755371094,0.0
Fibro_immune_recruiting,Schwann_Myelinating,0.5290178060531616,322.34759521484375,0.0
Fibro_immune_recruiting,Schwann_nonmyelinating,-0.16527503728866577,-100.70740509033203,0.0
Fibro_immune_recruiting,Secretory_Club,0.2792810797691345,170.17495727539062,0.0
Fibro_immune_recruiting,Secretory_Goblet,0.46042966842651367,280.55462646484375,0.0
Fibro_immune_recruiting,Suprabasal,0.31472593545913696,191.77264404296875,0.0
Fibro_immune_recruiting,T_reg,0.6921619176864624,421.75653076171875,0.0
Fibro_immune_recruiting,gdT,0.7134445905685425,434.7247619628906,0.0
Fibro_myofibroblast,Fibro_myofibroblast,0.7468908429145813,455.1046447753906,0.0
Fibro_myofibroblast,Fibro_peribronchial,0.676705002784729,412.338134765625,0.0
Fibro_myofibroblast,Fibro_perichondrial,0.3973909020423889,242.14306640625,0.0
Fibro_myofibroblast,ILC,0.4824322462081909,293.9615173339844,0.0
Fibro_myofibroblast,Ionocyte_n_Brush,0.20988549292087555,127.8899917602539,0.0
Fibro_myofibroblast,MAIT,0.43363451957702637,264.22747802734375,0.0
Fibro_myofibroblast,Macro_CHIT1,0.407113254070282,248.0672149658203,0.0
Fibro_myofibroblast,Macro_interstitial,0.4130304455757141,251.67274475097656,0.0
Fibro_myofibroblast,Macro_AW_CX3CR1,0.4844149649143219,295.1696472167969,0.0
Fibro_myofibroblast,Macro_alveolar_metallothioneins,0.5882179141044617,358.42010498046875,0.0
Fibro_myofibroblast,Macro_alv,0.36349982023239136,221.4921417236328,0.0
Fibro_myofibroblast,Macro_dividing,0.37395644187927246,227.86370849609375,0.0
Fibro_myofibroblast,Macro_int,0.45318689942359924,276.141357421875,0.0
Fibro_myofibroblast,Macro_CCL,0.41207432746887207,251.0901641845703,0.0
Fibro_myofibroblast,Mast_cell,0.6185909509658813,376.9273986816406,0.0
Fibro_myofibroblast,Megakaryocyte,0.39656904339790344,241.6422882080078,0.0
Fibro_myofibroblast,Mesothelia,0.5560120344161987,338.7960510253906,0.0
Fibro_myofibroblast,Macrophage_intermediate,0.5025600790977478,306.2260437011719,0.0
Fibro_myofibroblast,Monocyte_CD14,0.4828531742095947,294.2179870605469,0.0
Fibro_myofibroblast,Monocyte_CD16,0.5071999430656433,309.0532531738281,0.0
Fibro_myofibroblast,Muscle_airway,0.3803144693374634,231.73785400390625,0.0
Fibro_myofibroblast,Muscle_pericyte_airway,0.6537643671035767,398.35968017578125,0.0
Fibro_myofibroblast,Muscle_pericyte_parenchyma,0.4085049331188202,248.9152069091797,0.0
Fibro_myofibroblast,Muscle_perivascular_immune_recruiting,0.5824460983276367,354.9031677246094,0.0
Fibro_myofibroblast,Muscle_smooth_pulmonary,0.3913865089416504,238.48440551757812,0.0
Fibro_myofibroblast,Muscle_smooth_syst_arterial,0.36670976877212524,223.4480743408203,0.0
Fibro_myofibroblast,Myoepithelial,0.3423522412776947,208.6062469482422,0.0
Fibro_myofibroblast,NAF_endoneurial,0.2443409413099289,148.8848114013672,0.0
Fibro_myofibroblast,NAF_perineurial,0.36686187982559204,223.54075622558594,0.0
Fibro_myofibroblast,NK_CD16hi,0.4137968122959137,252.1397247314453,0.0
Fibro_myofibroblast,NKT,0.4760803282260895,290.091064453125,0.0
Fibro_myofibroblast,NK_CD11d,0.3932493031024933,239.6194610595703,0.0
Fibro_myofibroblast,NK_CD56bright,0.36109745502471924,220.02830505371094,0.0
Fibro_myofibroblast,Neuroendocrine,0.44583097100257874,271.6591796875,0.0
Fibro_myofibroblast,SMG_Basal,0.36818429827690125,224.34654235839844,0.0
Fibro_myofibroblast,SMG_Duct,0.38784295320510864,236.3251953125,0.0
Fibro_myofibroblast,SMG_Mucous,0.4212954640388489,256.7088928222656,0.0
Fibro_myofibroblast,SMG_Serous,0.38748249411582947,236.10556030273438,0.0
Fibro_myofibroblast,Schwann_Myelinating,0.23676276206970215,144.26718139648438,0.0
Fibro_myofibroblast,Schwann_nonmyelinating,-0.08539768308401108,-52.03555679321289,0.0
Fibro_myofibroblast,Secretory_Club,0.2153368592262268,131.21168518066406,0.0
Fibro_myofibroblast,Secretory_Goblet,0.3076551556587219,187.4641876220703,0.0
Fibro_myofibroblast,Suprabasal,0.20202161371707916,123.09827423095703,0.0
Fibro_myofibroblast,T_reg,0.43908748030662537,267.5501403808594,0.0
Fibro_myofibroblast,gdT,0.4740471839904785,288.8522033691406,0.0
Fibro_peribronchial,Fibro_peribronchial,0.7190234661102295,438.1241455078125,0.0
Fibro_peribronchial,Fibro_perichondrial,0.39514315128326416,240.77345275878906,0.0
Fibro_peribronchial,ILC,0.47850996255874634,291.571533203125,0.0
Fibro_peribronchial,Ionocyte_n_Brush,0.20679888129234314,126.00921630859375,0.0
Fibro_peribronchial,MAIT,0.42552757263183594,259.28765869140625,0.0
Fibro_peribronchial,Macro_CHIT1,0.37760528922080994,230.08706665039062,0.0
Fibro_peribronchial,Macro_interstitial,0.38697195053100586,235.79446411132812,0.0
Fibro_peribronchial,Macro_AW_CX3CR1,0.4474719166755676,272.6590576171875,0.0
Fibro_peribronchial,Macro_alveolar_metallothioneins,0.5494222044944763,334.7806396484375,0.0
Fibro_peribronchial,Macro_alv,0.3602104187011719,219.48780822753906,0.0
Fibro_peribronchial,Macro_dividing,0.3583073019981384,218.3281707763672,0.0
Fibro_peribronchial,Macro_int,0.3939455449581146,240.043701171875,0.0
Fibro_peribronchial,Macro_CCL,0.38915571570396423,237.12510681152344,0.0
Fibro_peribronchial,Mast_cell,0.6103407144546509,371.9002380371094,0.0
Fibro_peribronchial,Megakaryocyte,0.41325023770332336,251.80667114257812,0.0
Fibro_peribronchial,Mesothelia,0.4714660942554474,287.27947998046875,0.0
Fibro_peribronchial,Macrophage_intermediate,0.4666617214679718,284.3520202636719,0.0
Fibro_peribronchial,Monocyte_CD14,0.4488128423690796,273.4761047363281,0.0
Fibro_peribronchial,Monocyte_CD16,0.4724808931350708,287.8978271484375,0.0
Fibro_peribronchial,Muscle_airway,0.4793720841407776,292.09686279296875,0.0
Fibro_peribronchial,Muscle_pericyte_airway,0.5871928930282593,357.7955322265625,0.0
Fibro_peribronchial,Muscle_pericyte_parenchyma,0.4082236588001251,248.7438201904297,0.0
Fibro_peribronchial,Muscle_perivascular_immune_recruiting,0.5393109917640686,328.61956787109375,0.0
Fibro_peribronchial,Muscle_smooth_pulmonary,0.4670655131340027,284.5980529785156,0.0
Fibro_peribronchial,Muscle_smooth_syst_arterial,0.4420100152492523,269.3309326171875,0.0
Fibro_peribronchial,Myoepithelial,0.3094007670879364,188.52784729003906,0.0
Fibro_peribronchial,NAF_endoneurial,0.3546691834926605,216.11135864257812,0.0
Fibro_peribronchial,NAF_perineurial,0.45432597398757935,276.83544921875,0.0
Fibro_peribronchial,NK_CD16hi,0.4051418602466583,246.86598205566406,0.0
Fibro_peribronchial,NKT,0.4581758975982666,279.18133544921875,0.0
Fibro_peribronchial,NK_CD11d,0.3826363682746887,233.1526641845703,0.0
Fibro_peribronchial,NK_CD56bright,0.35620585083961487,217.04769897460938,0.0
Fibro_peribronchial,Neuroendocrine,0.46296030282974243,282.09661865234375,0.0
Fibro_peribronchial,SMG_Basal,0.3749719560146332,228.48248291015625,0.0
Fibro_peribronchial,SMG_Duct,0.3222683370113373,196.36846923828125,0.0
Fibro_peribronchial,SMG_Mucous,0.37844863533973694,230.60093688964844,0.0
Fibro_peribronchial,SMG_Serous,0.3291129469871521,200.53912353515625,0.0
Fibro_peribronchial,Schwann_Myelinating,0.25952306389808655,158.13575744628906,0.0
Fibro_peribronchial,Schwann_nonmyelinating,0.007416682317852974,4.519223213195801,6.206693141755905e-06
Fibro_peribronchial,Secretory_Club,0.2044134885072708,124.55571746826172,0.0
Fibro_peribronchial,Secretory_Goblet,0.3230646252632141,196.8536834716797,0.0
Fibro_peribronchial,Suprabasal,0.22445495426654816,136.76763916015625,0.0
Fibro_peribronchial,T_reg,0.4392676055431366,267.659912109375,0.0
Fibro_peribronchial,gdT,0.4706933796405792,286.8086242675781,0.0
Fibro_perichondrial,Fibro_perichondrial,0.5019540786743164,305.8567810058594,0.0
Fibro_perichondrial,ILC,0.4628368020057678,282.0213623046875,0.0
Fibro_perichondrial,Ionocyte_n_Brush,0.23177336156368256,141.2269744873047,0.0
Fibro_perichondrial,MAIT,0.4473453760147095,272.5819396972656,0.0
Fibro_perichondrial,Macro_CHIT1,0.41070556640625,250.25613403320312,0.0
Fibro_perichondrial,Macro_interstitial,0.430793434381485,262.4963073730469,0.0
Fibro_perichondrial,Macro_AW_CX3CR1,0.4552365839481354,277.39031982421875,0.0
Fibro_perichondrial,Macro_alveolar_metallothioneins,0.4708394408226013,286.89764404296875,0.0
Fibro_perichondrial,Macro_alv,0.40281757712364197,245.44972229003906,0.0
Fibro_perichondrial,Macro_dividing,0.4088376462459564,249.11795043945312,0.0
Fibro_perichondrial,Macro_int,0.4359085261821747,265.61309814453125,0.0
Fibro_perichondrial,Macro_CCL,0.43386727571487427,264.3692932128906,0.0
Fibro_perichondrial,Mast_cell,0.475871741771698,289.9639892578125,0.0
Fibro_perichondrial,Megakaryocyte,0.4270972013473511,260.24407958984375,0.0
Fibro_perichondrial,Mesothelia,0.45717039704322815,278.5686340332031,0.0
Fibro_perichondrial,Macrophage_intermediate,0.4682866632938385,285.3421325683594,0.0
Fibro_perichondrial,Monocyte_CD14,0.451305091381073,274.9947204589844,0.0
Fibro_perichondrial,Monocyte_CD16,0.4703964293003082,286.627685546875,0.0
Fibro_perichondrial,Muscle_airway,0.11798170208930969,71.89005279541016,0.0
Fibro_perichondrial,Muscle_pericyte_airway,0.3929908871650696,239.46200561523438,0.0
Fibro_perichondrial,Muscle_pericyte_parenchyma,0.4246096909046173,258.7283630371094,0.0
Fibro_perichondrial,Muscle_perivascular_immune_recruiting,0.46679818630218506,284.4351806640625,0.0
Fibro_perichondrial,Muscle_smooth_pulmonary,0.09892243146896362,60.2766227722168,0.0
Fibro_perichondrial,Muscle_smooth_syst_arterial,0.08496632426977158,51.7727165222168,0.0
Fibro_perichondrial,Myoepithelial,0.3871621787548065,235.91038513183594,0.0
Fibro_perichondrial,NAF_endoneurial,0.11187494546175003,68.16900634765625,0.0
Fibro_perichondrial,NAF_perineurial,0.10692547261714935,65.15313720703125,0.0
Fibro_perichondrial,NK_CD16hi,0.44454148411750793,270.8734436035156,0.0
Fibro_perichondrial,NKT,0.46062028408050537,280.6707763671875,0.0
Fibro_perichondrial,NK_CD11d,0.43786197900772095,266.80340576171875,0.0
Fibro_perichondrial,NK_CD56bright,0.4231035113334656,257.81060791015625,0.0
Fibro_perichondrial,Neuroendocrine,0.4425070881843567,269.6338195800781,0.0
Fibro_perichondrial,SMG_Basal,0.30751994252204895,187.38180541992188,0.0
Fibro_perichondrial,SMG_Duct,0.38792967796325684,236.3780517578125,0.0
Fibro_perichondrial,SMG_Mucous,0.4128669798374176,251.57315063476562,0.0
Fibro_perichondrial,SMG_Serous,0.3950333297252655,240.70652770996094,0.0
Fibro_perichondrial,Schwann_Myelinating,0.3211967945098877,195.71554565429688,0.0
Fibro_perichondrial,Schwann_nonmyelinating,-0.07967221736907959,-48.54684829711914,0.0
Fibro_perichondrial,Secretory_Club,0.1641978770494461,100.05105590820312,0.0
Fibro_perichondrial,Secretory_Goblet,0.3064657747745514,186.73947143554688,0.0
Fibro_perichondrial,Suprabasal,0.20368152856826782,124.10971069335938,0.0
Fibro_perichondrial,T_reg,0.4471079111099243,272.437255859375,0.0
Fibro_perichondrial,gdT,0.461020827293396,280.9148254394531,0.0
ILC,ILC,0.7801530957221985,475.3724060058594,0.0
ILC,Ionocyte_n_Brush,0.41332313418388367,251.85108947753906,0.0
ILC,MAIT,0.7789695858955383,474.6512451171875,0.0
ILC,Macro_CHIT1,0.7431950569152832,452.8526916503906,0.0
ILC,Macro_interstitial,0.7694569230079651,468.8548889160156,0.0
ILC,Macro_AW_CX3CR1,0.7779348492622375,474.020751953125,0.0
ILC,Macro_alveolar_metallothioneins,0.7539814114570618,459.4251403808594,0.0
ILC,Macro_alv,0.7375431060791016,449.40875244140625,0.0
ILC,Macro_dividing,0.7475062012672424,455.4796142578125,0.0
ILC,Macro_int,0.7560476660728455,460.6842041015625,0.0
ILC,Macro_CCL,0.7695465683937073,468.9095153808594,0.0
ILC,Mast_cell,0.7329587936401367,446.6153869628906,0.0
ILC,Megakaryocyte,0.7186214923858643,437.87921142578125,0.0
ILC,Mesothelia,0.7164530158042908,436.5578918457031,0.0
ILC,Macrophage_intermediate,0.7829071283340454,477.050537109375,0.0
ILC,Monocyte_CD14,0.7704338431358337,469.4501647949219,0.0
ILC,Monocyte_CD16,0.7886161208152771,480.5292053222656,0.0
ILC,Muscle_airway,0.06185777485370636,37.691932678222656,0.0
ILC,Muscle_pericyte_airway,0.5222811102867126,318.2427062988281,0.0
ILC,Muscle_pericyte_parenchyma,0.750665009021759,457.40435791015625,0.0
ILC,Muscle_perivascular_immune_recruiting,0.7079651355743408,431.3859558105469,0.0
ILC,Muscle_smooth_pulmonary,0.04634153097867966,28.23738670349121,2.0333788841831892e-175
ILC,Muscle_smooth_syst_arterial,0.032391034066677094,19.736900329589844,1.039633775315446e-86
ILC,Myoepithelial,0.6650072932243347,405.2103576660156,0.0
ILC,NAF_endoneurial,0.10683078318834305,65.0954360961914,0.0
ILC,NAF_perineurial,0.055170416831970215,33.61711120605469,9.433910235703385e-248
ILC,NK_CD16hi,0.7805061340332031,475.5875244140625,0.0
ILC,NKT,0.7875607013702393,479.8861083984375,0.0
ILC,NK_CD11d,0.7735916972160339,471.37432861328125,0.0
ILC,NK_CD56bright,0.7566347718238831,461.04193115234375,0.0
ILC,Neuroendocrine,0.7119914889335632,433.83935546875,0.0
ILC,SMG_Basal,0.5195289850234985,316.56573486328125,0.0
ILC,SMG_Duct,0.6656796932220459,405.6200866699219,0.0
ILC,SMG_Mucous,0.7052995562553406,429.76171875,0.0
ILC,SMG_Serous,0.6667740345001221,406.2868957519531,0.0
ILC,Schwann_Myelinating,0.5547664761543274,338.0370788574219,0.0
ILC,Schwann_nonmyelinating,-0.13393305242061615,-81.6097183227539,0.0
ILC,Secretory_Club,0.2862699329853058,174.43348693847656,0.0
ILC,Secretory_Goblet,0.49718794226646423,302.95263671875,0.0
ILC,Suprabasal,0.34427765011787415,209.7794647216797,0.0
ILC,T_reg,0.7734653353691101,471.2973327636719,0.0
ILC,gdT,0.7838259935379028,477.61041259765625,0.0
Ionocyte_n_Brush,Ionocyte_n_Brush,0.32315441966056824,196.9084014892578,0.0
Ionocyte_n_Brush,MAIT,0.40989887714385986,249.76458740234375,0.0
Ionocyte_n_Brush,Macro_CHIT1,0.39344823360443115,239.7406768798828,0.0
Ionocyte_n_Brush,Macro_interstitial,0.4059351682662964,247.349365234375,0.0
Ionocyte_n_Brush,Macro_AW_CX3CR1,0.4329238831996918,263.7944641113281,0.0
Ionocyte_n_Brush,Macro_alveolar_metallothioneins,0.3841839134693146,234.0956268310547,0.0
Ionocyte_n_Brush,Macro_alv,0.39034759998321533,237.8513641357422,0.0
Ionocyte_n_Brush,Macro_dividing,0.3978705406188965,242.43533325195312,0.0
Ionocyte_n_Brush,Macro_int,0.3944254219532013,240.3361053466797,0.0
Ionocyte_n_Brush,Macro_CCL,0.40750956535339355,248.30870056152344,0.0
Ionocyte_n_Brush,Mast_cell,0.3668214678764343,223.51612854003906,0.0
Ionocyte_n_Brush,Megakaryocyte,0.4166964590549469,253.9065704345703,0.0
Ionocyte_n_Brush,Mesothelia,0.372565358877182,227.0160675048828,0.0
Ionocyte_n_Brush,Macrophage_intermediate,0.41238489747047424,251.27940368652344,0.0
Ionocyte_n_Brush,Monocyte_CD14,0.3939432203769684,240.04229736328125,0.0
Ionocyte_n_Brush,Monocyte_CD16,0.4099964499473572,249.82403564453125,0.0
Ionocyte_n_Brush,Muscle_airway,-0.01156211830675602,-7.045170783996582,1.8523417060917287e-12
Ionocyte_n_Brush,Muscle_pericyte_airway,0.24920137226581573,151.84642028808594,0.0
Ionocyte_n_Brush,Muscle_pericyte_parenchyma,0.37951546907424927,231.25099182128906,0.0
Ionocyte_n_Brush,Muscle_perivascular_immune_recruiting,0.36783695220947266,224.13490295410156,0.0
Ionocyte_n_Brush,Muscle_smooth_pulmonary,-0.017451556399464607,-10.633795738220215,2.074918677945301e-26
Ionocyte_n_Brush,Muscle_smooth_syst_arterial,-0.019573932513594627,-11.927027702331543,8.557469515831813e-33
Ionocyte_n_Brush,Myoepithelial,0.3864842355251312,235.49728393554688,0.0
Ionocyte_n_Brush,NAF_endoneurial,0.03476647287607193,21.1843318939209,1.3320193596356557e-99
Ionocyte_n_Brush,NAF_perineurial,-0.008216003887355328,-5.006275653839111,5.549327146205871e-07
Ionocyte_n_Brush,NK_CD16hi,0.42233023047447205,257.33941650390625,0.0
Ionocyte_n_Brush,NKT,0.40863972902297974,248.99734497070312,0.0
Ionocyte_n_Brush,NK_CD11d,0.4315573573112488,262.9617919921875,0.0
Ionocyte_n_Brush,NK_CD56bright,0.42981112003326416,261.89776611328125,0.0
Ionocyte_n_Brush,Neuroendocrine,0.40201956033706665,244.96347045898438,0.0
Ionocyte_n_Brush,SMG_Basal,0.35009658336639404,213.3251190185547,0.0
Ionocyte_n_Brush,SMG_Duct,0.39124372601509094,238.39739990234375,0.0
Ionocyte_n_Brush,SMG_Mucous,0.42354708909988403,258.08087158203125,0.0
Ionocyte_n_Brush,SMG_Serous,0.3908436596393585,238.15362548828125,0.0
Ionocyte_n_Brush,Schwann_Myelinating,0.33534038066864014,204.3336944580078,0.0
Ionocyte_n_Brush,Schwann_nonmyelinating,-0.07500902563333511,-45.705413818359375,0.0
Ionocyte_n_Brush,Secretory_Club,0.21802306175231934,132.8484649658203,0.0
Ionocyte_n_Brush,Secretory_Goblet,0.3411576747894287,207.87835693359375,0.0
Ionocyte_n_Brush,Suprabasal,0.28621166944503784,174.39797973632812,0.0
Ionocyte_n_Brush,T_reg,0.4136004149913788,252.02005004882812,0.0
Ionocyte_n_Brush,gdT,0.4127357006072998,251.49314880371094,0.0
MAIT,MAIT,0.7885222434997559,480.47198486328125,0.0
MAIT,Macro_CHIT1,0.758087694644928,461.92724609375,0.0
MAIT,Macro_interstitial,0.7844293713569641,477.97808837890625,0.0
MAIT,Macro_AW_CX3CR1,0.7760457396507263,472.8696594238281,0.0
MAIT,Macro_alveolar_metallothioneins,0.7396231889724731,450.6762390136719,0.0
MAIT,Macro_alv,0.7559823989868164,460.6444091796875,0.0
MAIT,Macro_dividing,0.7651768326759338,466.24688720703125,0.0
MAIT,Macro_int,0.7649155855178833,466.08770751953125,0.0
MAIT,Macro_CCL,0.7832048535346985,477.23193359375,0.0
MAIT,Mast_cell,0.7153745293617249,435.9007263183594,0.0
MAIT,Megakaryocyte,0.7128499746322632,434.3624572753906,0.0
MAIT,Mesothelia,0.6999228000640869,426.4855041503906,0.0
MAIT,Macrophage_intermediate,0.7820712924003601,476.5412292480469,0.0
MAIT,Monocyte_CD14,0.7787271738052368,474.5035400390625,0.0
MAIT,Monocyte_CD16,0.7908125519752502,481.8675537109375,0.0
MAIT,Muscle_airway,0.0041704666800796986,2.5411996841430664,0.01104728059153482
MAIT,Muscle_pericyte_airway,0.4836590886116028,294.70904541015625,0.0
MAIT,Muscle_pericyte_parenchyma,0.7654974460601807,466.4422302246094,0.0
MAIT,Muscle_perivascular_immune_recruiting,0.6834602952003479,416.4543762207031,0.0
MAIT,Muscle_smooth_pulmonary,-0.010408103466033936,-6.341992378234863,2.2681254012600567e-10
MAIT,Muscle_smooth_syst_arterial,-0.023370567709207535,-14.240439414978027,5.1402820532738944e-46
MAIT,Myoepithelial,0.6635211110115051,404.3047790527344,0.0
MAIT,NAF_endoneurial,0.061031583696603775,37.18851089477539,1.0465654559804971e-302
MAIT,NAF_perineurial,-0.00026524291024543345,-0.16162104904651642,0.8716042804991931
MAIT,NK_CD16hi,0.7892434597015381,480.9114685058594,0.0
MAIT,NKT,0.7928555011749268,483.1123962402344,0.0
MAIT,NK_CD11d,0.7823564410209656,476.7149658203125,0.0
MAIT,NK_CD56bright,0.7680879235267639,468.02069091796875,0.0
MAIT,Neuroendocrine,0.6957826018333435,423.9627380371094,0.0
MAIT,SMG_Basal,0.49239087104797363,300.02960205078125,0.0
MAIT,SMG_Duct,0.6573749780654907,400.55975341796875,0.0
MAIT,SMG_Mucous,0.6991584897041321,426.019775390625,0.0
MAIT,SMG_Serous,0.6599068641662598,402.1025085449219,0.0
MAIT,Schwann_Myelinating,0.5461776256561279,332.8036193847656,0.0
MAIT,Schwann_nonmyelinating,-0.15803781151771545,-96.29753112792969,0.0
MAIT,Secretory_Club,0.2746359407901764,167.3445281982422,0.0
MAIT,Secretory_Goblet,0.486589252948761,296.4945068359375,0.0
MAIT,Suprabasal,0.3311564028263092,201.7842559814453,0.0
MAIT,T_reg,0.7790838479995728,474.72088623046875,0.0
MAIT,gdT,0.7852006554603577,478.44805908203125,0.0
Macro_CHIT1,Macro_CHIT1,0.7417814135551453,451.9913024902344,0.0
Macro_CHIT1,Macro_interstitial,0.7626476287841797,464.70574951171875,0.0
Macro_CHIT1,Macro_AW_CX3CR1,0.7449792623519897,453.9398498535156,0.0
Macro_CHIT1,Macro_alveolar_metallothioneins,0.708453357219696,431.6834411621094,0.0
Macro_CHIT1,Macro_alv,0.7358781695365906,448.3942565917969,0.0
Macro_CHIT1,Macro_dividing,0.7452527284622192,454.1064758300781,0.0
Macro_CHIT1,Macro_int,0.7467835545539856,455.0392761230469,0.0
Macro_CHIT1,Macro_CCL,0.7589518427848816,462.45379638671875,0.0
Macro_CHIT1,Mast_cell,0.677884042263031,413.05657958984375,0.0
Macro_CHIT1,Megakaryocyte,0.6707404255867004,408.7037353515625,0.0
Macro_CHIT1,Mesothelia,0.6739049553871155,410.6319885253906,0.0
Macro_CHIT1,Macrophage_intermediate,0.7527487277984619,458.6740417480469,0.0
Macro_CHIT1,Monocyte_CD14,0.7553818225860596,460.2784729003906,0.0
Macro_CHIT1,Monocyte_CD16,0.7624454498291016,464.5825500488281,0.0
Macro_CHIT1,Muscle_airway,-0.03488960489630699,-21.25935935974121,2.7007784289129966e-100
Macro_CHIT1,Muscle_pericyte_airway,0.4600769877433777,280.3397216796875,0.0
Macro_CHIT1,Muscle_pericyte_parenchyma,0.7373698353767395,449.3031921386719,0.0
Macro_CHIT1,Muscle_perivascular_immune_recruiting,0.6483627557754517,395.06829833984375,0.0
Macro_CHIT1,Muscle_smooth_pulmonary,-0.04134400933980942,-25.192235946655273,4.872661540148806e-140
Macro_CHIT1,Muscle_smooth_syst_arterial,-0.052595291286706924,-32.048004150390625,2.340497164697301e-225
Macro_CHIT1,Myoepithelial,0.6353750824928284,387.1545104980469,0.0
Macro_CHIT1,NAF_endoneurial,0.01900099404156208,11.577917098999023,5.332600557719675e-31
Macro_CHIT1,NAF_perineurial,-0.03660416975617409,-22.304100036621094,3.3715041444297226e-110
Macro_CHIT1,NK_CD16hi,0.7571234703063965,461.3397216796875,0.0
Macro_CHIT1,NKT,0.7621886730194092,464.4261169433594,0.0
Macro_CHIT1,NK_CD11d,0.7504461407661438,457.27099609375,0.0
Macro_CHIT1,NK_CD56bright,0.7371920347213745,449.1948547363281,0.0
Macro_CHIT1,Neuroendocrine,0.6489662528038025,395.43603515625,0.0
Macro_CHIT1,SMG_Basal,0.460475891828537,280.5827941894531,0.0
Macro_CHIT1,SMG_Duct,0.6307438611984253,384.3325500488281,0.0
Macro_CHIT1,SMG_Mucous,0.6729201078414917,410.0318908691406,0.0
Macro_CHIT1,SMG_Serous,0.6335434317588806,386.0384216308594,0.0
Macro_CHIT1,Schwann_Myelinating,0.5041281580924988,307.1815185546875,0.0
Macro_CHIT1,Schwann_nonmyelinating,-0.18247874081134796,-111.19017028808594,0.0
Macro_CHIT1,Secretory_Club,0.2607429027557373,158.87904357910156,0.0
Macro_CHIT1,Secretory_Goblet,0.4583812355995178,279.30645751953125,0.0
Macro_CHIT1,Suprabasal,0.3125227987766266,190.43020629882812,0.0
Macro_CHIT1,T_reg,0.7455363273620605,454.279296875,0.0
Macro_CHIT1,gdT,0.7502889633178711,457.17523193359375,0.0
Macro_interstitial,Macro_interstitial,0.78846275806427,480.4357604980469,0.0
Macro_interstitial,Macro_AW_CX3CR1,0.7727805376052856,470.88006591796875,0.0
Macro_interstitial,Macro_alveolar_metallothioneins,0.7311225533485413,445.49652099609375,0.0
Macro_interstitial,Macro_alv,0.7591232061386108,462.5582275390625,0.0
Macro_interstitial,Macro_dividing,0.770517885684967,469.5013732910156,0.0
Macro_interstitial,Macro_int,0.7709251642227173,469.7495422363281,0.0
Macro_interstitial,Macro_CCL,0.7849593758583069,478.301025390625,0.0
Macro_interstitial,Mast_cell,0.698233962059021,425.4564514160156,0.0
Macro_interstitial,Megakaryocyte,0.6999097466468811,426.4775390625,0.0
Macro_interstitial,Mesothelia,0.6974570155143738,424.9830322265625,0.0
Macro_interstitial,Macrophage_intermediate,0.7786544561386108,474.459228515625,0.0
Macro_interstitial,Monocyte_CD14,0.7798263430595398,475.1733093261719,0.0
Macro_interstitial,Monocyte_CD16,0.7880021333694458,480.15509033203125,0.0
Macro_interstitial,Muscle_airway,-0.03656171262264252,-22.278228759765625,6.008744625834169e-110
Macro_interstitial,Muscle_pericyte_airway,0.4699344336986542,286.34619140625,0.0
Macro_interstitial,Muscle_pericyte_parenchyma,0.7623427510261536,464.5199890136719,0.0
Macro_interstitial,Muscle_perivascular_immune_recruiting,0.6710426211357117,408.88787841796875,0.0
Macro_interstitial,Muscle_smooth_pulmonary,-0.04580961540341377,-27.91327476501465,1.8412114760844585e-171
Macro_interstitial,Muscle_smooth_syst_arterial,-0.05716235190629959,-34.83086013793945,8.298776113560832e-266
Macro_interstitial,Myoepithelial,0.6630207300186157,403.9998779296875,0.0
Macro_interstitial,NAF_endoneurial,0.02361515909433365,14.389476776123047,6.024998887227168e-47
Macro_interstitial,NAF_perineurial,-0.03843100368976593,-23.417247772216797,2.8518562473124404e-121
Macro_interstitial,NK_CD16hi,0.7851974368095398,478.4460754394531,0.0
Macro_interstitial,NKT,0.7883962392807007,480.39520263671875,0.0
Macro_interstitial,NK_CD11d,0.7788661122322083,474.58819580078125,0.0
Macro_interstitial,NK_CD56bright,0.7650402784347534,466.1636657714844,0.0
Macro_interstitial,Neuroendocrine,0.6767053008079529,412.33831787109375,0.0
Macro_interstitial,SMG_Basal,0.4809727072715759,293.0721740722656,0.0
Macro_interstitial,SMG_Duct,0.6584354043006897,401.2059020996094,0.0
Macro_interstitial,SMG_Mucous,0.6991590261459351,426.0201110839844,0.0
Macro_interstitial,SMG_Serous,0.660386860370636,402.3949890136719,0.0
Macro_interstitial,Schwann_Myelinating,0.5309344530105591,323.5154724121094,0.0
Macro_interstitial,Schwann_nonmyelinating,-0.18332430720329285,-111.70540618896484,0.0
Macro_interstitial,Secretory_Club,0.2697364091873169,164.3590850830078,0.0
Macro_interstitial,Secretory_Goblet,0.47355204820632935,288.5505065917969,0.0
Macro_interstitial,Suprabasal,0.3202894926071167,195.16270446777344,0.0
Macro_interstitial,T_reg,0.7721949219703674,470.5232238769531,0.0
Macro_interstitial,gdT,0.7768167853355408,473.3394775390625,0.0
Macro_AW_CX3CR1,Macro_AW_CX3CR1,0.7989488244056702,486.82525634765625,0.0
Macro_AW_CX3CR1,Macro_alveolar_metallothioneins,0.7598674297332764,463.0116882324219,0.0
Macro_AW_CX3CR1,Macro_alv,0.7285975813865662,443.9579772949219,0.0
Macro_AW_CX3CR1,Macro_dividing,0.7467056512832642,454.9917907714844,0.0
Macro_AW_CX3CR1,Macro_int,0.769556999206543,468.9158630371094,0.0
Macro_AW_CX3CR1,Macro_CCL,0.7725198268890381,470.7212219238281,0.0
Macro_AW_CX3CR1,Mast_cell,0.7198615074157715,438.6347961425781,0.0
Macro_AW_CX3CR1,Megakaryocyte,0.7228354811668396,440.4469299316406,0.0
Macro_AW_CX3CR1,Mesothelia,0.7460229396820068,454.5758056640625,0.0
Macro_AW_CX3CR1,Macrophage_intermediate,0.7916148900985718,482.3564453125,0.0
Macro_AW_CX3CR1,Monocyte_CD14,0.7707588076591492,469.6481628417969,0.0
Macro_AW_CX3CR1,Monocyte_CD16,0.793003499507904,483.20257568359375,0.0
Macro_AW_CX3CR1,Muscle_airway,0.02227601781487465,13.573494911193848,5.75129791931423e-42
Macro_AW_CX3CR1,Muscle_pericyte_airway,0.5310903191566467,323.6104431152344,0.0
Macro_AW_CX3CR1,Muscle_pericyte_parenchyma,0.7404977083206177,451.2091064453125,0.0
Macro_AW_CX3CR1,Muscle_perivascular_immune_recruiting,0.7218264937400818,439.8321228027344,0.0
Macro_AW_CX3CR1,Muscle_smooth_pulmonary,0.014411913231015205,8.78164291381836,1.6110387019266603e-18
Macro_AW_CX3CR1,Muscle_smooth_syst_arterial,0.002987847663462162,1.8205918073654175,0.06866892911517909
Macro_AW_CX3CR1,Myoepithelial,0.6961484551429749,424.1856689453125,0.0
Macro_AW_CX3CR1,NAF_endoneurial,0.06981634348630905,42.54134750366211,0.0
Macro_AW_CX3CR1,NAF_perineurial,0.018909651786088943,11.522259712219238,1.0190295885512143e-30
Macro_AW_CX3CR1,NK_CD16hi,0.7835623621940613,477.44976806640625,0.0
Macro_AW_CX3CR1,NKT,0.7866145372390747,479.3095703125,0.0
Macro_AW_CX3CR1,NK_CD11d,0.7810242772102356,475.9032287597656,0.0
Macro_AW_CX3CR1,NK_CD56bright,0.7617857456207275,464.1805725097656,0.0
Macro_AW_CX3CR1,Neuroendocrine,0.7165945172309875,436.64410400390625,0.0
Macro_AW_CX3CR1,SMG_Basal,0.5485356450080872,334.24041748046875,0.0
Macro_AW_CX3CR1,SMG_Duct,0.7146556377410889,435.46270751953125,0.0
Macro_AW_CX3CR1,SMG_Mucous,0.740591287612915,451.26611328125,0.0
Macro_AW_CX3CR1,SMG_Serous,0.7110207080841064,433.247802734375,0.0
Macro_AW_CX3CR1,Schwann_Myelinating,0.5666128993034363,345.2554931640625,0.0
Macro_AW_CX3CR1,Schwann_nonmyelinating,-0.1659003645181656,-101.08843231201172,0.0
Macro_AW_CX3CR1,Secretory_Club,0.3101973533630371,189.0132293701172,0.0
Macro_AW_CX3CR1,Secretory_Goblet,0.507284939289093,309.10504150390625,0.0
Macro_AW_CX3CR1,Suprabasal,0.3491624593734741,212.7559356689453,0.0
Macro_AW_CX3CR1,T_reg,0.7695790529251099,468.9292907714844,0.0
Macro_AW_CX3CR1,gdT,0.7808440923690796,475.79345703125,0.0
Macro_alveolar_metallothioneins,Macro_alveolar_metallothioneins,0.7700403332710266,469.2103576660156,0.0
Macro_alveolar_metallothioneins,Macro_alv,0.6888131499290466,419.7160339355469,0.0
Macro_alveolar_metallothioneins,Macro_dividing,0.7023534774780273,427.9665832519531,0.0
Macro_alveolar_metallothioneins,Macro_int,0.7383747100830078,449.9154968261719,0.0
Macro_alveolar_metallothioneins,Macro_CCL,0.7297928333282471,444.686279296875,0.0
Macro_alveolar_metallothioneins,Mast_cell,0.7478798031806946,455.7072448730469,0.0
Macro_alveolar_metallothioneins,Megakaryocyte,0.6795032620429993,414.043212890625,0.0
Macro_alveolar_metallothioneins,Mesothelia,0.7432364225387573,452.8778991699219,0.0
Macro_alveolar_metallothioneins,Macrophage_intermediate,0.7684513330459595,468.2421569824219,0.0
Macro_alveolar_metallothioneins,Monocyte_CD14,0.7495463490486145,456.72271728515625,0.0
Macro_alveolar_metallothioneins,Monocyte_CD16,0.7720990777015686,470.46484375,0.0
Macro_alveolar_metallothioneins,Muscle_airway,0.13282866775989532,80.93678283691406,0.0
Macro_alveolar_metallothioneins,Muscle_pericyte_airway,0.6007819771766663,366.0758056640625,0.0
Macro_alveolar_metallothioneins,Muscle_pericyte_parenchyma,0.7071183323860168,430.8699645996094,0.0
Macro_alveolar_metallothioneins,Muscle_perivascular_immune_recruiting,0.7340434789657593,447.2763366699219,0.0
Macro_alveolar_metallothioneins,Muscle_smooth_pulmonary,0.12984447181224823,79.11841583251953,0.0
Macro_alveolar_metallothioneins,Muscle_smooth_syst_arterial,0.11369135975837708,69.27581024169922,0.0
Macro_alveolar_metallothioneins,Myoepithelial,0.6370200514793396,388.1568298339844,0.0
Macro_alveolar_metallothioneins,NAF_endoneurial,0.1401647925376892,85.40692138671875,0.0
Macro_alveolar_metallothioneins,NAF_perineurial,0.1263580322265625,76.9940185546875,0.0
Macro_alveolar_metallothioneins,NK_CD16hi,0.7374199628829956,449.333740234375,0.0
Macro_alveolar_metallothioneins,NKT,0.7599408626556396,463.0564270019531,0.0
Macro_alveolar_metallothioneins,NK_CD11d,0.7271705865859985,443.08843994140625,0.0
Macro_alveolar_metallothioneins,NK_CD56bright,0.7029613852500916,428.3370056152344,0.0
Macro_alveolar_metallothioneins,Neuroendocrine,0.6891591548919678,419.9268798828125,0.0
Macro_alveolar_metallothioneins,SMG_Basal,0.5208053588867188,317.3434753417969,0.0
Macro_alveolar_metallothioneins,SMG_Duct,0.6575051546096802,400.6390686035156,0.0
Macro_alveolar_metallothioneins,SMG_Mucous,0.6909077763557434,420.99237060546875,0.0
Macro_alveolar_metallothioneins,SMG_Serous,0.6550118923187256,399.1198425292969,0.0
Macro_alveolar_metallothioneins,Schwann_Myelinating,0.5156040787696838,314.1741638183594,0.0
Macro_alveolar_metallothioneins,Schwann_nonmyelinating,-0.1269844025373459,-77.37568664550781,0.0
Macro_alveolar_metallothioneins,Secretory_Club,0.28600797057151794,174.27386474609375,0.0
Macro_alveolar_metallothioneins,Secretory_Goblet,0.4737091660499573,288.646240234375,0.0
Macro_alveolar_metallothioneins,Suprabasal,0.321740984916687,196.04714965820312,0.0
Macro_alveolar_metallothioneins,T_reg,0.7357173562049866,448.2962646484375,0.0
Macro_alveolar_metallothioneins,gdT,0.7543737888336182,459.66424560546875,0.0
Macro_alv,Macro_alv,0.7445182800292969,453.6589660644531,0.0
Macro_alv,Macro_dividing,0.749036431312561,456.4120178222656,0.0
Macro_alv,Macro_int,0.7320009469985962,446.03173828125,0.0
Macro_alv,Macro_CCL,0.7552458047866821,460.1955871582031,0.0
Macro_alv,Mast_cell,0.6646521687507629,404.99395751953125,0.0
Macro_alv,Megakaryocyte,0.6703318953514099,408.4548034667969,0.0
Macro_alv,Mesothelia,0.6412724852561951,390.74798583984375,0.0
Macro_alv,Macrophage_intermediate,0.7390670776367188,450.3373718261719,0.0
Macro_alv,Monocyte_CD14,0.747286319732666,455.3456115722656,0.0
Macro_alv,Monocyte_CD16,0.7506001591682434,457.3648376464844,0.0
Macro_alv,Muscle_airway,-0.03795209154486656,-23.125431060791016,2.5694055706939164e-118
Macro_alv,Muscle_pericyte_airway,0.42214569449424744,257.2269592285156,0.0
Macro_alv,Muscle_pericyte_parenchyma,0.7387006282806396,450.11407470703125,0.0
Macro_alv,Muscle_perivascular_immune_recruiting,0.6214866638183594,378.69183349609375,0.0
Macro_alv,Muscle_smooth_pulmonary,-0.048929937183856964,-29.814586639404297,2.527912734992177e-195
Macro_alv,Muscle_smooth_syst_arterial,-0.05995820090174675,-36.534461975097656,3.1474610798239094e-292
Macro_alv,Myoepithelial,0.6211968064308167,378.5152282714844,0.0
Macro_alv,NAF_endoneurial,0.03346943110227585,20.39400291442871,1.8902873059669575e-92
Macro_alv,NAF_perineurial,-0.03840356692671776,-23.400529861450195,4.2208198978606485e-121
Macro_alv,NK_CD16hi,0.7546910643577576,459.8575744628906,0.0
Macro_alv,NKT,0.7559610605239868,460.63140869140625,0.0
Macro_alv,NK_CD11d,0.7477459907531738,455.6257019042969,0.0
Macro_alv,NK_CD56bright,0.7380895018577576,449.74169921875,0.0
Macro_alv,Neuroendocrine,0.6412074565887451,390.7083435058594,0.0
Macro_alv,SMG_Basal,0.4426592290401459,269.7265319824219,0.0
Macro_alv,SMG_Duct,0.6011479496955872,366.2987976074219,0.0
Macro_alv,SMG_Mucous,0.6515867114067078,397.03277587890625,0.0
Macro_alv,SMG_Serous,0.6067746877670288,369.72735595703125,0.0
Macro_alv,Schwann_Myelinating,0.5102922916412354,310.9375305175781,0.0
Macro_alv,Schwann_nonmyelinating,-0.14512938261032104,-88.4320068359375,0.0
Macro_alv,Secretory_Club,0.24935628473758698,151.94081115722656,0.0
Macro_alv,Secretory_Goblet,0.4490608870983124,273.62725830078125,0.0
Macro_alv,Suprabasal,0.3076719343662262,187.4744110107422,0.0
Macro_alv,T_reg,0.7446668744087219,453.74951171875,0.0
Macro_alv,gdT,0.7458540797233582,454.472900390625,0.0
Macro_dividing,Macro_dividing,0.7584707140922546,462.16064453125,0.0
Macro_dividing,Macro_int,0.7478872537612915,455.7117919921875,0.0
Macro_dividing,Macro_CCL,0.7665696144104004,467.0955505371094,0.0
Macro_dividing,Mast_cell,0.6712637543678284,409.0226135253906,0.0
Macro_dividing,Megakaryocyte,0.6817105412483215,415.38818359375,0.0
Macro_dividing,Mesothelia,0.6632832288742065,404.1598205566406,0.0
Macro_dividing,Macrophage_intermediate,0.75359046459198,459.18695068359375,0.0
Macro_dividing,Monocyte_CD14,0.7587334513664246,462.32073974609375,0.0
Macro_dividing,Monocyte_CD16,0.7635188102722168,465.2366027832031,0.0
Macro_dividing,Muscle_airway,-0.0468263104557991,-28.532779693603516,4.594700659237994e-179
Macro_dividing,Muscle_pericyte_airway,0.43601858615875244,265.68017578125,0.0
Macro_dividing,Muscle_pericyte_parenchyma,0.744465172290802,453.6266174316406,0.0
Macro_dividing,Muscle_perivascular_immune_recruiting,0.6380162835121155,388.76385498046875,0.0
Macro_dividing,Muscle_smooth_pulmonary,-0.05624184012413025,-34.26996612548828,2.1993665934394513e-257
Macro_dividing,Muscle_smooth_syst_arterial,-0.06640581041574478,-40.463199615478516,0.0
Macro_dividing,Myoepithelial,0.641247570514679,390.7327880859375,0.0
Macro_dividing,NAF_endoneurial,0.02262539602816105,13.786382675170898,3.0781192213152692e-43
Macro_dividing,NAF_perineurial,-0.04721199721097946,-28.767789840698242,5.426901552565801e-182
Macro_dividing,NK_CD16hi,0.7656497955322266,466.5350646972656,0.0
Macro_dividing,NKT,0.7664315700531006,467.0114440917969,0.0
Macro_dividing,NK_CD11d,0.7597733736038208,462.9543762207031,0.0
Macro_dividing,NK_CD56bright,0.7487586140632629,456.24273681640625,0.0
Macro_dividing,Neuroendocrine,0.6529368758201599,397.85546875,0.0
Macro_dividing,SMG_Basal,0.4634321630001068,282.3841552734375,0.0
Macro_dividing,SMG_Duct,0.6287789344787598,383.13525390625,0.0
Macro_dividing,SMG_Mucous,0.6729860901832581,410.07208251953125,0.0
Macro_dividing,SMG_Serous,0.6318365335464478,384.99835205078125,0.0
Macro_dividing,Schwann_Myelinating,0.5186403393745422,316.0242614746094,0.0
Macro_dividing,Schwann_nonmyelinating,-0.1645788550376892,-100.28319549560547,0.0
Macro_dividing,Secretory_Club,0.26045987010002136,158.7065887451172,0.0
Macro_dividing,Secretory_Goblet,0.4569059908390045,278.40753173828125,0.0
Macro_dividing,Suprabasal,0.31036192178726196,189.11351013183594,0.0
Macro_dividing,T_reg,0.7532804608345032,458.998046875,0.0
Macro_dividing,gdT,0.7555449604988098,460.37786865234375,0.0
Macro_int,Macro_int,0.7753909230232239,472.4706726074219,0.0
Macro_int,Macro_CCL,0.7677735090255737,467.8291320800781,0.0
Macro_int,Mast_cell,0.6952687501907349,423.6496276855469,0.0
Macro_int,Megakaryocyte,0.6860437989234924,418.028564453125,0.0
Macro_int,Mesothelia,0.7310619354248047,445.4595642089844,0.0
Macro_int,Macrophage_intermediate,0.77798992395401,474.0543212890625,0.0
Macro_int,Monocyte_CD14,0.7699541449546814,469.1578674316406,0.0
Macro_int,Monocyte_CD16,0.7831630110740662,477.2064514160156,0.0
Macro_int,Muscle_airway,-0.03838285803794861,-23.387910842895508,5.673345350042548e-121
Macro_int,Muscle_pericyte_airway,0.5073115229606628,309.1212463378906,0.0
Macro_int,Muscle_pericyte_parenchyma,0.7350032925605774,447.8611755371094,0.0
Macro_int,Muscle_perivascular_immune_recruiting,0.6930645704269409,422.3065490722656,0.0
Macro_int,Muscle_smooth_pulmonary,-0.04607398062944412,-28.074359893798828,2.0146924402986424e-173
Macro_int,Muscle_smooth_syst_arterial,-0.05864545330405235,-35.734561920166016,1.1492296574698304e-279
Macro_int,Myoepithelial,0.6657624840736389,405.6705322265625,0.0
Macro_int,NAF_endoneurial,0.012061127461493015,7.349233150482178,1.9934720411892915e-13
Macro_int,NAF_perineurial,-0.04169991984963417,-25.409103393554688,2.00045322800657e-142
Macro_int,NK_CD16hi,0.7665488123893738,467.0828857421875,0.0
Macro_int,NKT,0.774944007396698,472.1983337402344,0.0
Macro_int,NK_CD11d,0.7613407969474792,463.9094543457031,0.0
Macro_int,NK_CD56bright,0.7436860203742981,453.15185546875,0.0
Macro_int,Neuroendocrine,0.6732505559921265,410.2332458496094,0.0
Macro_int,SMG_Basal,0.490062952041626,298.61114501953125,0.0
Macro_int,SMG_Duct,0.677979588508606,413.11480712890625,0.0
Macro_int,SMG_Mucous,0.7045491933822632,429.30450439453125,0.0
Macro_int,SMG_Serous,0.6753438711166382,411.5087585449219,0.0
Macro_int,Schwann_Myelinating,0.5216897130012512,317.8823547363281,0.0
Macro_int,Schwann_nonmyelinating,-0.19986090064048767,-121.78168487548828,0.0
Macro_int,Secretory_Club,0.26913341879844666,163.9916534423828,0.0
Macro_int,Secretory_Goblet,0.46260738372802734,281.8815612792969,0.0
Macro_int,Suprabasal,0.3111141622066498,189.57188415527344,0.0
Macro_int,T_reg,0.7517437934875488,458.06170654296875,0.0
Macro_int,gdT,0.7612943053245544,463.8811340332031,0.0
Macro_CCL,Macro_CCL,0.7826017141342163,476.86444091796875,0.0
Macro_CCL,Mast_cell,0.6972265839576721,424.8426208496094,0.0
Macro_CCL,Megakaryocyte,0.7028936147689819,428.29571533203125,0.0
Macro_CCL,Mesothelia,0.6983889937400818,425.5509033203125,0.0
Macro_CCL,Macrophage_intermediate,0.7778878211975098,473.9920959472656,0.0
Macro_CCL,Monocyte_CD14,0.7761690616607666,472.9447937011719,0.0
Macro_CCL,Monocyte_CD16,0.7862821221351624,479.1070251464844,0.0
Macro_CCL,Muscle_airway,-0.03396918252110481,-20.698516845703125,3.571943990795351e-95
Macro_CCL,Muscle_pericyte_airway,0.46926701068878174,285.93951416015625,0.0
Macro_CCL,Muscle_pericyte_parenchyma,0.760033369064331,463.11279296875,0.0
Macro_CCL,Muscle_perivascular_immune_recruiting,0.6729876399040222,410.0730285644531,0.0
Macro_CCL,Muscle_smooth_pulmonary,-0.04503833130002022,-27.44330596923828,8.350881849612967e-166
Macro_CCL,Muscle_smooth_syst_arterial,-0.056596897542476654,-34.48631286621094,1.2866522491705999e-260
Macro_CCL,Myoepithelial,0.6661068201065063,405.8803405761719,0.0
Macro_CCL,NAF_endoneurial,0.02842407114803791,17.3197021484375,3.340824422774878e-67
Macro_CCL,NAF_perineurial,-0.03623237833380699,-22.07755470275879,5.1944211220460005e-108
Macro_CCL,NK_CD16hi,0.784904956817627,478.2678527832031,0.0
Macro_CCL,NKT,0.7869582176208496,479.51898193359375,0.0
Macro_CCL,NK_CD11d,0.7791603803634644,474.76751708984375,0.0
Macro_CCL,NK_CD56bright,0.7652776837348938,466.308349609375,0.0
Macro_CCL,Neuroendocrine,0.6816424131393433,415.3466796875,0.0
Macro_CCL,SMG_Basal,0.48425135016441345,295.0699462890625,0.0
Macro_CCL,SMG_Duct,0.6618881225585938,403.30975341796875,0.0
Macro_CCL,SMG_Mucous,0.7002776861190796,426.7017517089844,0.0
Macro_CCL,SMG_Serous,0.6634148359298706,404.2400207519531,0.0
Macro_CCL,Schwann_Myelinating,0.538114070892334,327.8902282714844,0.0
Macro_CCL,Schwann_nonmyelinating,-0.17774322628974915,-108.30467224121094,0.0
Macro_CCL,Secretory_Club,0.2712719440460205,165.2947235107422,0.0
Macro_CCL,Secretory_Goblet,0.4766959249973297,290.4661865234375,0.0
Macro_CCL,Suprabasal,0.32215142250061035,196.2972412109375,0.0
Macro_CCL,T_reg,0.7715523838996887,470.1317138671875,0.0
Macro_CCL,gdT,0.7765395641326904,473.1705627441406,0.0
Mast_cell,Mast_cell,0.7603757977485657,463.32147216796875,0.0
Mast_cell,Megakaryocyte,0.6534528732299805,398.1698913574219,0.0
Mast_cell,Mesothelia,0.6893302798271179,420.0311279296875,0.0
Mast_cell,Macrophage_intermediate,0.7346605062484741,447.6523132324219,0.0
Mast_cell,Monocyte_CD14,0.7265152931213379,442.6891784667969,0.0
Mast_cell,Monocyte_CD16,0.7441555857658386,453.4379577636719,0.0
Mast_cell,Muscle_airway,0.2122415453195572,129.3256072998047,0.0
Mast_cell,Muscle_pericyte_airway,0.6055459976196289,368.9786682128906,0.0
Mast_cell,Muscle_pericyte_parenchyma,0.6899518370628357,420.4098815917969,0.0
Mast_cell,Muscle_perivascular_immune_recruiting,0.7031370401382446,428.44403076171875,0.0
Mast_cell,Muscle_smooth_pulmonary,0.20146863162517548,122.76132202148438,0.0
Mast_cell,Muscle_smooth_syst_arterial,0.18096525967121124,110.26795959472656,0.0
Mast_cell,Myoepithelial,0.5724079608917236,348.7865905761719,0.0
Mast_cell,NAF_endoneurial,0.1857873797416687,113.20623016357422,0.0
Mast_cell,NAF_perineurial,0.2005091905593872,122.17670440673828,0.0
Mast_cell,NK_CD16hi,0.7045029997825623,429.2763671875,0.0
Mast_cell,NKT,0.7351648807525635,447.9596252441406,0.0
Mast_cell,NK_CD11d,0.6896052956581116,420.1986999511719,0.0
Mast_cell,NK_CD56bright,0.6680701971054077,407.0766906738281,0.0
Mast_cell,Neuroendocrine,0.663786768913269,404.4666442871094,0.0
Mast_cell,SMG_Basal,0.49056658148765564,298.91802978515625,0.0
Mast_cell,SMG_Duct,0.5801360011100769,353.49554443359375,0.0
Mast_cell,SMG_Mucous,0.6335246562957764,386.0269775390625,0.0
Mast_cell,SMG_Serous,0.5832080245018005,355.367431640625,0.0
Mast_cell,Schwann_Myelinating,0.4649490416049957,283.30841064453125,0.0
Mast_cell,Schwann_nonmyelinating,-0.11572786420583725,-70.51671600341797,0.0
Mast_cell,Secretory_Club,0.27671173214912415,168.609375,0.0
Mast_cell,Secretory_Goblet,0.4684988558292389,285.471435546875,0.0
Mast_cell,Suprabasal,0.3252119719982147,198.16212463378906,0.0
Mast_cell,T_reg,0.7142921090126038,435.2411804199219,0.0
Mast_cell,gdT,0.7328068614006042,446.5228271484375,0.0
Megakaryocyte,Megakaryocyte,0.6974323391914368,424.9679870605469,0.0
Megakaryocyte,Mesothelia,0.6605736613273621,402.5087890625,0.0
Megakaryocyte,Macrophage_intermediate,0.7183861136436462,437.73577880859375,0.0
Megakaryocyte,Monocyte_CD14,0.6919689178466797,421.6389465332031,0.0
Megakaryocyte,Monocyte_CD16,0.7169833779335022,436.8810729980469,0.0
Megakaryocyte,Muscle_airway,0.04198067635297775,25.580177307128906,2.535488522191294e-144
Megakaryocyte,Muscle_pericyte_airway,0.4524008631706238,275.66241455078125,0.0
Megakaryocyte,Muscle_pericyte_parenchyma,0.6761687397956848,412.0113830566406,0.0
Megakaryocyte,Muscle_perivascular_immune_recruiting,0.6558203101158142,399.6124267578125,0.0
Megakaryocyte,Muscle_smooth_pulmonary,0.013129331171512604,8.000123977661133,1.242939998393398e-15
Megakaryocyte,Muscle_smooth_syst_arterial,0.002324286848306656,1.4162628650665283,0.15669855603841876
Megakaryocyte,Myoepithelial,0.6475241184234619,394.55731201171875,0.0
Megakaryocyte,NAF_endoneurial,0.10694058984518051,65.16234588623047,0.0
Megakaryocyte,NAF_perineurial,0.03191055357456207,19.444128036499023,3.2678297081025373e-84
Megakaryocyte,NK_CD16hi,0.7242213487625122,441.2913818359375,0.0
Megakaryocyte,NKT,0.7172259092330933,437.0288391113281,0.0
Megakaryocyte,NK_CD11d,0.7253642082214355,441.9877624511719,0.0
Megakaryocyte,NK_CD56bright,0.7120663523674011,433.88494873046875,0.0
Megakaryocyte,Neuroendocrine,0.6902933120727539,420.6179504394531,0.0
Megakaryocyte,SMG_Basal,0.5264346599578857,320.7735900878906,0.0
Megakaryocyte,SMG_Duct,0.648053765296936,394.8800354003906,0.0
Megakaryocyte,SMG_Mucous,0.6768503189086914,412.42669677734375,0.0
Megakaryocyte,SMG_Serous,0.6472421288490295,394.3854675292969,0.0
Megakaryocyte,Schwann_Myelinating,0.559657871723175,341.017578125,0.0
Megakaryocyte,Schwann_nonmyelinating,-0.11185258626937866,-68.15538024902344,0.0
Megakaryocyte,Secretory_Club,0.2803729772567749,170.8402862548828,0.0
Megakaryocyte,Secretory_Goblet,0.4876870810985565,297.1634521484375,0.0
Megakaryocyte,Suprabasal,0.35991808772087097,219.30967712402344,0.0
Megakaryocyte,T_reg,0.7123995423316956,434.0879821777344,0.0
Megakaryocyte,gdT,0.7203541398048401,438.9349670410156,0.0
Mesothelia,Mesothelia,0.7756014466285706,472.59893798828125,0.0
Mesothelia,Macrophage_intermediate,0.7510263323783875,457.6245422363281,0.0
Mesothelia,Monocyte_CD14,0.7121016979217529,433.906494140625,0.0
Mesothelia,Monocyte_CD16,0.7449864745140076,453.9442443847656,0.0
Mesothelia,Muscle_airway,0.047464609146118164,28.921714782714844,6.368017063532926e-184
Mesothelia,Muscle_pericyte_airway,0.5873070359230042,357.8650817871094,0.0
Mesothelia,Muscle_pericyte_parenchyma,0.6550583243370056,399.14813232421875,0.0
Mesothelia,Muscle_perivascular_immune_recruiting,0.7376092076301575,449.44903564453125,0.0
Mesothelia,Muscle_smooth_pulmonary,0.04049820825457573,24.676862716674805,1.8952159267846886e-134
Mesothelia,Muscle_smooth_syst_arterial,0.02495519071817398,15.206001281738281,3.226592979212007e-52
Mesothelia,Myoepithelial,0.6645499467849731,404.9316711425781,0.0
Mesothelia,NAF_endoneurial,0.07425139099359512,45.2437629699707,0.0
Mesothelia,NAF_perineurial,0.040067072957754135,24.41415786743164,1.209817725119046e-131
Mesothelia,NK_CD16hi,0.7076608538627625,431.2005615234375,0.0
Mesothelia,NKT,0.7234369516372681,440.8134460449219,0.0
Mesothelia,NK_CD11d,0.7047498226165771,429.4267578125,0.0
Mesothelia,NK_CD56bright,0.6772468686103821,412.6683349609375,0.0
Mesothelia,Neuroendocrine,0.678624153137207,413.5075378417969,0.0
Mesothelia,SMG_Basal,0.5269162654876709,321.0670471191406,0.0
Mesothelia,SMG_Duct,0.7071607112884521,430.8957824707031,0.0
Mesothelia,SMG_Mucous,0.707537055015564,431.1251220703125,0.0
Mesothelia,SMG_Serous,0.6964207887649536,424.35162353515625,0.0
Mesothelia,Schwann_Myelinating,0.5279097557067871,321.67242431640625,0.0
Mesothelia,Schwann_nonmyelinating,-0.1586342304944992,-96.66094207763672,0.0
Mesothelia,Secretory_Club,0.2774384319782257,169.0521697998047,0.0
Mesothelia,Secretory_Goblet,0.4496029019355774,273.95751953125,0.0
Mesothelia,Suprabasal,0.30600059032440186,186.4560089111328,0.0
Mesothelia,T_reg,0.6932932734489441,422.4459228515625,0.0
Mesothelia,gdT,0.7148997187614441,435.6114196777344,0.0
Macrophage_intermediate,Macrophage_intermediate,0.7977461814880371,486.0924377441406,0.0
Macrophage_intermediate,Monocyte_CD14,0.7817221879959106,476.3284912109375,0.0
Macrophage_intermediate,Monocyte_CD16,0.8013483285903931,488.287353515625,0.0
Macrophage_intermediate,Muscle_airway,0.030393129214644432,18.519512176513672,1.4373346555720564e-76
Macrophage_intermediate,Muscle_pericyte_airway,0.5458745956420898,332.61895751953125,0.0
Macrophage_intermediate,Muscle_pericyte_parenchyma,0.7496169209480286,456.7657165527344,0.0
Macrophage_intermediate,Muscle_perivascular_immune_recruiting,0.7289276123046875,444.1590576171875,0.0
Macrophage_intermediate,Muscle_smooth_pulmonary,0.01843106374144554,11.230640411376953,2.883807177649383e-29
Macrophage_intermediate,Muscle_smooth_syst_arterial,0.004148229956626892,2.5276501178741455,0.011482872214356137
Macrophage_intermediate,Myoepithelial,0.6846397519111633,417.17303466796875,0.0
Macrophage_intermediate,NAF_endoneurial,0.07392992824316025,45.04788589477539,0.0
Macrophage_intermediate,NAF_perineurial,0.02496761456131935,15.213571548461914,2.8742481436886503e-52
Macrophage_intermediate,NK_CD16hi,0.7845539450645447,478.0539855957031,0.0
Macrophage_intermediate,NKT,0.7940415143966675,483.8350524902344,0.0
Macrophage_intermediate,NK_CD11d,0.7786408066749573,474.450927734375,0.0
Macrophage_intermediate,NK_CD56bright,0.7590207457542419,462.49578857421875,0.0
Macrophage_intermediate,Neuroendocrine,0.7135716080665588,434.8021545410156,0.0
Macrophage_intermediate,SMG_Basal,0.5268433094024658,321.0225830078125,0.0
Macrophage_intermediate,SMG_Duct,0.6952973008155823,423.6670227050781,0.0
Macrophage_intermediate,SMG_Mucous,0.7256411910057068,442.15655517578125,0.0
Macrophage_intermediate,SMG_Serous,0.6934987902641296,422.5711364746094,0.0
Macrophage_intermediate,Schwann_Myelinating,0.5540581345558167,337.60546875,0.0
Macrophage_intermediate,Schwann_nonmyelinating,-0.16665640473365784,-101.54911041259766,0.0
Macrophage_intermediate,Secretory_Club,0.2883705496788025,175.7134552001953,0.0
Macrophage_intermediate,Secretory_Goblet,0.4927442967891693,300.2449645996094,0.0
Macrophage_intermediate,Suprabasal,0.3366923928260803,205.1575164794922,0.0
Macrophage_intermediate,T_reg,0.7736736536026001,471.4242858886719,0.0
Macrophage_intermediate,gdT,0.786175012588501,479.041748046875,0.0
Monocyte_CD14,Monocyte_CD14,0.7838227152824402,477.6084289550781,0.0
Monocyte_CD14,Monocyte_CD16,0.7923125624656677,482.78155517578125,0.0
Monocyte_CD14,Muscle_airway,0.01862723007798195,11.350171089172363,7.401772694550574e-30
Monocyte_CD14,Muscle_pericyte_airway,0.5216902494430542,317.8826599121094,0.0
Monocyte_CD14,Muscle_pericyte_parenchyma,0.7560791373252869,460.703369140625,0.0
Monocyte_CD14,Muscle_perivascular_immune_recruiting,0.6921439170837402,421.7455749511719,0.0
Monocyte_CD14,Muscle_smooth_pulmonary,0.010106743313372135,6.158364295959473,7.350012702146021e-10
Monocyte_CD14,Muscle_smooth_syst_arterial,-0.004315906669944525,-2.6298208236694336,0.008542988111121164
Monocyte_CD14,Myoepithelial,0.6488755345344543,395.3807678222656,0.0
Monocyte_CD14,NAF_endoneurial,0.05205565318465233,31.71918487548828,8.450760562690562e-221
Monocyte_CD14,NAF_perineurial,0.014775602146983147,9.003250122070312,2.1913237237570984e-19
Monocyte_CD14,NK_CD16hi,0.7746543288230896,472.0218200683594,0.0
Monocyte_CD14,NKT,0.7882598042488098,480.31207275390625,0.0
Monocyte_CD14,NK_CD11d,0.7649111747741699,466.08502197265625,0.0
Monocyte_CD14,NK_CD56bright,0.7480847835540771,455.8321533203125,0.0
Monocyte_CD14,Neuroendocrine,0.6765952706336975,412.27130126953125,0.0
Monocyte_CD14,SMG_Basal,0.4838727116584778,294.8392333984375,0.0
Monocyte_CD14,SMG_Duct,0.6474676728248596,394.52288818359375,0.0
Monocyte_CD14,SMG_Mucous,0.6908625364303589,420.96478271484375,0.0
Monocyte_CD14,SMG_Serous,0.6502977609634399,396.24737548828125,0.0
Monocyte_CD14,Schwann_Myelinating,0.5096525549888611,310.5476989746094,0.0
Monocyte_CD14,Schwann_nonmyelinating,-0.18824651837348938,-114.70466613769531,0.0
Monocyte_CD14,Secretory_Club,0.27147722244262695,165.41981506347656,0.0
Monocyte_CD14,Secretory_Goblet,0.46941590309143066,286.03021240234375,0.0
Monocyte_CD14,Suprabasal,0.31349045038223267,191.0198211669922,0.0
Monocyte_CD14,T_reg,0.7672509551048279,467.5107116699219,0.0
Monocyte_CD14,gdT,0.7762981057167053,473.0234375,0.0
Monocyte_CD16,Monocyte_CD16,0.8082782626152039,492.5099792480469,0.0
Monocyte_CD16,Muscle_airway,0.03186597675085068,19.41696548461914,5.547236759688437e-84
Monocyte_CD16,Muscle_pericyte_airway,0.5461629033088684,332.7946472167969,0.0
Monocyte_CD16,Muscle_pericyte_parenchyma,0.7625632286071777,464.6543273925781,0.0
Monocyte_CD16,Muscle_perivascular_immune_recruiting,0.7248662114143372,441.684326171875,0.0
Monocyte_CD16,Muscle_smooth_pulmonary,0.021023891866207123,12.810534477233887,1.4314517269466488e-37
Monocyte_CD16,Muscle_smooth_syst_arterial,0.005922427400946617,3.6087257862091064,0.00030770464263348045
Monocyte_CD16,Myoepithelial,0.6766958832740784,412.33258056640625,0.0
Monocyte_CD16,NAF_endoneurial,0.06985857337713242,42.56707763671875,0.0
Monocyte_CD16,NAF_perineurial,0.026666836813092232,16.24896240234375,2.271767690759178e-59
Monocyte_CD16,NK_CD16hi,0.7905762195587158,481.7235412597656,0.0
Monocyte_CD16,NKT,0.8023381233215332,488.89044189453125,0.0
Monocyte_CD16,NK_CD11d,0.7827682495117188,476.9659118652344,0.0
Monocyte_CD16,NK_CD56bright,0.7637847661972046,465.3986511230469,0.0
Monocyte_CD16,Neuroendocrine,0.7086825370788574,431.8230895996094,0.0
Monocyte_CD16,SMG_Basal,0.5137483477592468,313.0434265136719,0.0
Monocyte_CD16,SMG_Duct,0.6831609010696411,416.2719421386719,0.0
Monocyte_CD16,SMG_Mucous,0.7198580503463745,438.6326904296875,0.0
Monocyte_CD16,SMG_Serous,0.6832975149154663,416.3551940917969,0.0
Monocyte_CD16,Schwann_Myelinating,0.5435968041419983,331.2310485839844,0.0
Monocyte_CD16,Schwann_nonmyelinating,-0.1741020828485489,-106.08600616455078,0.0
Monocyte_CD16,Secretory_Club,0.28481489419937134,173.54689025878906,0.0
Monocyte_CD16,Secretory_Goblet,0.4913429617881775,299.3910827636719,0.0
Monocyte_CD16,Suprabasal,0.3326992988586426,202.72439575195312,0.0
Monocyte_CD16,T_reg,0.7815365791320801,476.21539306640625,0.0
Monocyte_CD16,gdT,0.7928431630134583,483.1048583984375,0.0
Muscle_airway,Muscle_airway,0.5269032120704651,321.05908203125,0.0
Muscle_airway,Muscle_pericyte_airway,0.27576854825019836,168.03465270996094,0.0
Muscle_airway,Muscle_pericyte_parenchyma,0.0010777768911793828,0.6567241549491882,0.5113582999616519
Muscle_airway,Muscle_perivascular_immune_recruiting,0.1411558985710144,86.01083374023438,0.0
Muscle_airway,Muscle_smooth_pulmonary,0.5171298980712891,315.1039123535156,0.0
Muscle_airway,Muscle_smooth_syst_arterial,0.5055376887321472,308.0404052734375,0.0
Muscle_airway,Myoepithelial,-0.05695298686623573,-34.70328903198242,7.027811040245114e-264
Muscle_airway,NAF_endoneurial,0.3744233548641205,228.14820861816406,0.0
Muscle_airway,NAF_perineurial,0.49715709686279297,302.933837890625,0.0
Muscle_airway,NK_CD16hi,-0.015945998951792717,-9.716410636901855,2.5667003952546553e-22
Muscle_airway,NKT,0.027795743197202682,16.93684196472168,2.407043648022012e-64
Muscle_airway,NK_CD11d,-0.035635851323604584,-21.71407127380371,1.510653627944291e-104
Muscle_airway,NK_CD56bright,-0.0509929321706295,-31.071636199951172,5.821929789529834e-212
Muscle_airway,Neuroendocrine,0.09507202357053757,57.93044662475586,0.0
Muscle_airway,SMG_Basal,0.12941639125347137,78.85757446289062,0.0
Muscle_airway,SMG_Duct,-0.04919387772679329,-29.975414276123047,2.0529013355578806e-197
Muscle_airway,SMG_Mucous,-0.011068827472627163,-6.744593143463135,1.534564205190212e-11
Muscle_airway,SMG_Serous,-0.043435681611299515,-26.466758728027344,2.3404474113883107e-154
Muscle_airway,Schwann_Myelinating,-0.030330244451761246,-18.4811954498291,2.9262527263329267e-76
Muscle_airway,Schwann_nonmyelinating,0.1250048577785492,76.16948699951172,0.0
Muscle_airway,Secretory_Club,0.06309827417135239,38.447811126708984,0.0
Muscle_airway,Secretory_Goblet,0.06551256775856018,39.91891860961914,0.0
Muscle_airway,Suprabasal,0.054505787789821625,33.21213150024414,7.193242230402967e-242
Muscle_airway,T_reg,0.026631442829966545,16.22739601135254,3.22868653635397e-59
Muscle_airway,gdT,0.052088283002376556,31.73906898498535,4.493920872628063e-221
Muscle_pericyte_airway,Muscle_pericyte_airway,0.6071109771728516,369.9322814941406,0.0
Muscle_pericyte_airway,Muscle_pericyte_parenchyma,0.4510149359703064,274.81793212890625,0.0
Muscle_pericyte_airway,Muscle_perivascular_immune_recruiting,0.5986155867576599,364.7557678222656,0.0
Muscle_pericyte_airway,Muscle_smooth_pulmonary,0.27990493178367615,170.55508422851562,0.0
Muscle_pericyte_airway,Muscle_smooth_syst_arterial,0.2606496512889862,158.8222198486328,0.0
Muscle_pericyte_airway,Myoepithelial,0.41780567169189453,254.5824432373047,0.0
Muscle_pericyte_airway,NAF_endoneurial,0.18931955099105835,115.3584976196289,0.0
Muscle_pericyte_airway,NAF_perineurial,0.26450642943382263,161.1722869873047,0.0
Muscle_pericyte_airway,NK_CD16hi,0.471540242433548,287.32464599609375,0.0
Muscle_pericyte_airway,NKT,0.5181946158409119,315.7526550292969,0.0
Muscle_pericyte_airway,NK_CD11d,0.45732998847961426,278.6658935546875,0.0
Muscle_pericyte_airway,NK_CD56bright,0.4287092387676239,261.2263488769531,0.0
Muscle_pericyte_airway,Neuroendocrine,0.4908188283443451,299.07171630859375,0.0
Muscle_pericyte_airway,SMG_Basal,0.4105757474899292,250.17701721191406,0.0
Muscle_pericyte_airway,SMG_Duct,0.45670387148857117,278.28436279296875,0.0
Muscle_pericyte_airway,SMG_Mucous,0.4817578196525574,293.5505676269531,0.0
Muscle_pericyte_airway,SMG_Serous,0.4553588032722473,277.46478271484375,0.0
Muscle_pericyte_airway,Schwann_Myelinating,0.30064424872398376,183.1922149658203,0.0
Muscle_pericyte_airway,Schwann_nonmyelinating,-0.1144939586520195,-69.76485443115234,0.0
Muscle_pericyte_airway,Secretory_Club,0.22592300176620483,137.6621551513672,0.0
Muscle_pericyte_airway,Secretory_Goblet,0.33425575494766235,203.67279052734375,0.0
Muscle_pericyte_airway,Suprabasal,0.22969618439674377,139.96128845214844,0.0
Muscle_pericyte_airway,T_reg,0.4852842092514038,295.6993103027344,0.0
Muscle_pericyte_airway,gdT,0.5156829953193665,314.2222595214844,0.0
Muscle_pericyte_parenchyma,Muscle_pericyte_parenchyma,0.7540093064308167,459.442138671875,0.0
Muscle_pericyte_parenchyma,Muscle_perivascular_immune_recruiting,0.6427035927772522,391.6199951171875,0.0
Muscle_pericyte_parenchyma,Muscle_smooth_pulmonary,-0.012123438529670238,-7.387201309204102,1.4995148616538864e-13
Muscle_pericyte_parenchyma,Muscle_smooth_syst_arterial,-0.025965049862861633,-15.821340560913086,2.217210227215173e-56
Muscle_pericyte_parenchyma,Myoepithelial,0.6234585642814636,379.89337158203125,0.0
Muscle_pericyte_parenchyma,NAF_endoneurial,0.052455902099609375,31.963069915771484,3.556555960746665e-224
Muscle_pericyte_parenchyma,NAF_perineurial,-0.00345117156393826,-2.102910041809082,0.03547363387115015
Muscle_pericyte_parenchyma,NK_CD16hi,0.7631772756576538,465.02850341796875,0.0
Muscle_pericyte_parenchyma,NKT,0.7683617472648621,468.18756103515625,0.0
Muscle_pericyte_parenchyma,NK_CD11d,0.7532082200050354,458.9540100097656,0.0
Muscle_pericyte_parenchyma,NK_CD56bright,0.7396656274795532,450.70208740234375,0.0
Muscle_pericyte_parenchyma,Neuroendocrine,0.6555105447769165,399.4236755371094,0.0
Muscle_pericyte_parenchyma,SMG_Basal,0.44254928827285767,269.6595458984375,0.0
Muscle_pericyte_parenchyma,SMG_Duct,0.6101112961769104,371.7604675292969,0.0
Muscle_pericyte_parenchyma,SMG_Mucous,0.6570709943771362,400.37451171875,0.0
Muscle_pericyte_parenchyma,SMG_Serous,0.6145607233047485,374.4716491699219,0.0
Muscle_pericyte_parenchyma,Schwann_Myelinating,0.511688768863678,311.7884521484375,0.0
Muscle_pericyte_parenchyma,Schwann_nonmyelinating,-0.1554408073425293,-94.715087890625,0.0
Muscle_pericyte_parenchyma,Secretory_Club,0.24788883328437805,151.04664611816406,0.0
Muscle_pericyte_parenchyma,Secretory_Goblet,0.45750680565834045,278.77362060546875,0.0
Muscle_pericyte_parenchyma,Suprabasal,0.29890310764312744,182.13128662109375,0.0
Muscle_pericyte_parenchyma,T_reg,0.7546734809875488,459.84686279296875,0.0
Muscle_pericyte_parenchyma,gdT,0.7586426138877869,462.265380859375,0.0
Muscle_perivascular_immune_recruiting,Muscle_perivascular_immune_recruiting,0.7299489974975586,444.78143310546875,0.0
Muscle_perivascular_immune_recruiting,Muscle_smooth_pulmonary,0.1286214292049408,78.37317657470703,0.0
Muscle_perivascular_immune_recruiting,Muscle_smooth_syst_arterial,0.11273861676454544,68.69526672363281,0.0
Muscle_perivascular_immune_recruiting,Myoepithelial,0.6321009993553162,385.15948486328125,0.0
Muscle_perivascular_immune_recruiting,NAF_endoneurial,0.14645148813724518,89.23760986328125,0.0
Muscle_perivascular_immune_recruiting,NAF_perineurial,0.1294473260641098,78.87642669677734,0.0
Muscle_perivascular_immune_recruiting,NK_CD16hi,0.6874183416366577,418.8661193847656,0.0
Muscle_perivascular_immune_recruiting,NKT,0.7070311307907104,430.81683349609375,0.0
Muscle_perivascular_immune_recruiting,NK_CD11d,0.6812903881072998,415.1321716308594,0.0
Muscle_perivascular_immune_recruiting,NK_CD56bright,0.6542724967002869,398.6693115234375,0.0
Muscle_perivascular_immune_recruiting,Neuroendocrine,0.6790848970413208,413.7882995605469,0.0
Muscle_perivascular_immune_recruiting,SMG_Basal,0.5304840207099915,323.2409973144531,0.0
Muscle_perivascular_immune_recruiting,SMG_Duct,0.6622158288955688,403.5094299316406,0.0
Muscle_perivascular_immune_recruiting,SMG_Mucous,0.679096519947052,413.7953796386719,0.0
Muscle_perivascular_immune_recruiting,SMG_Serous,0.656887412071228,400.2626647949219,0.0
Muscle_perivascular_immune_recruiting,Schwann_Myelinating,0.5110245943069458,311.38372802734375,0.0
Muscle_perivascular_immune_recruiting,Schwann_nonmyelinating,-0.13181257247924805,-80.31764221191406,0.0
Muscle_perivascular_immune_recruiting,Secretory_Club,0.27819252014160156,169.51165771484375,0.0
Muscle_perivascular_immune_recruiting,Secretory_Goblet,0.45839932560920715,279.3174743652344,0.0
Muscle_perivascular_immune_recruiting,Suprabasal,0.31890714168548584,194.3203887939453,0.0
Muscle_perivascular_immune_recruiting,T_reg,0.6820793747901917,415.6129150390625,0.0
Muscle_perivascular_immune_recruiting,gdT,0.7052551507949829,429.73468017578125,0.0
Muscle_smooth_pulmonary,Muscle_smooth_pulmonary,0.5312252640724182,323.6926574707031,0.0
Muscle_smooth_pulmonary,Muscle_smooth_syst_arterial,0.523720920085907,319.1200256347656,0.0
Muscle_smooth_pulmonary,Myoepithelial,-0.07366970926523209,-44.88932800292969,0.0
Muscle_smooth_pulmonary,NAF_endoneurial,0.3656741976737976,222.8170623779297,0.0
Muscle_smooth_pulmonary,NAF_perineurial,0.4993789792060852,304.2876892089844,0.0
Muscle_smooth_pulmonary,NK_CD16hi,-0.031609922647476196,-19.260944366455078,1.1427530244722903e-82
Muscle_smooth_pulmonary,NKT,0.015076300129294395,9.186474800109863,4.059261781216313e-20
Muscle_smooth_pulmonary,NK_CD11d,-0.05206147953867912,-31.722736358642578,7.549552188856728e-221
Muscle_smooth_pulmonary,NK_CD56bright,-0.06813502311706543,-41.51686477661133,0.0
Muscle_smooth_pulmonary,Neuroendocrine,0.06544974446296692,39.880638122558594,0.0
Muscle_smooth_pulmonary,SMG_Basal,0.11413703858852386,69.54737091064453,0.0
Muscle_smooth_pulmonary,SMG_Duct,-0.05920502543449402,-36.07552719116211,5.489007550738236e-285
Muscle_smooth_pulmonary,SMG_Mucous,-0.0207760501652956,-12.659516334533691,9.91080623206674e-37
Muscle_smooth_pulmonary,SMG_Serous,-0.052882563322782516,-32.22304916381836,8.394009966743993e-228
Muscle_smooth_pulmonary,Schwann_Myelinating,-0.046273693442344666,-28.1960506439209,6.537325525158731e-175
Muscle_smooth_pulmonary,Schwann_nonmyelinating,0.14506278932094574,88.39142608642578,0.0
Muscle_smooth_pulmonary,Secretory_Club,0.06408187001943588,39.04714584350586,0.0
Muscle_smooth_pulmonary,Secretory_Goblet,0.049191296100616455,29.973840713500977,2.1521630624152712e-197
Muscle_smooth_pulmonary,Suprabasal,0.039565447717905045,24.108501434326172,2.0358270116540706e-128
Muscle_smooth_pulmonary,T_reg,0.011561818420886993,7.04498815536499,1.8547728379646245e-12
Muscle_smooth_pulmonary,gdT,0.03667981177568436,22.350191116333008,1.202280992928179e-110
Muscle_smooth_syst_arterial,Muscle_smooth_syst_arterial,0.5198847055435181,316.7825012207031,0.0
Muscle_smooth_syst_arterial,Myoepithelial,-0.07989516854286194,-48.68269729614258,0.0
Muscle_smooth_syst_arterial,NAF_endoneurial,0.35936444997787476,218.9723358154297,0.0
Muscle_smooth_syst_arterial,NAF_perineurial,0.4906003475189209,298.9385986328125,0.0
Muscle_smooth_syst_arterial,NK_CD16hi,-0.04330596700310707,-26.387720108032227,1.8955553433623694e-153
Muscle_smooth_syst_arterial,NKT,0.000810479570645839,0.49385130405426025,0.6214111974008713
Muscle_smooth_syst_arterial,NK_CD11d,-0.06266821175813675,-38.185760498046875,0.0
Muscle_smooth_syst_arterial,NK_CD56bright,-0.0778249055147171,-47.42122268676758,0.0
Muscle_smooth_syst_arterial,Neuroendocrine,0.05327342450618744,32.461212158203125,3.7630321908712564e-231
Muscle_smooth_syst_arterial,SMG_Basal,0.11250753700733185,68.5544662475586,0.0
Muscle_smooth_syst_arterial,SMG_Duct,-0.06491854786872864,-39.55696105957031,0.0
Muscle_smooth_syst_arterial,SMG_Mucous,-0.02806798182427883,-17.102725982666016,1.4162234423073059e-65
Muscle_smooth_syst_arterial,SMG_Serous,-0.05878954008221626,-35.82236099243164,4.955490586975101e-281
Muscle_smooth_syst_arterial,Schwann_Myelinating,-0.05285535752773285,-32.20647048950195,1.4326486206526044e-227
Muscle_smooth_syst_arterial,Schwann_nonmyelinating,0.14422227442264557,87.8792724609375,0.0
Muscle_smooth_syst_arterial,Secretory_Club,0.06192572042346001,37.73333740234375,0.0
Muscle_smooth_syst_arterial,Secretory_Goblet,0.042225733399391174,25.72949981689453,5.46797708990931e-146
Muscle_smooth_syst_arterial,Suprabasal,0.03810504823923111,23.2186336517334,2.952224204222618e-119
Muscle_smooth_syst_arterial,T_reg,-0.0012595768785104156,-0.7675007581710815,0.44278384258768877
Muscle_smooth_syst_arterial,gdT,0.022921210154891014,13.966631889343262,2.4913286776002645e-44
Myoepithelial,Myoepithelial,0.6713100075721741,409.0508117675781,0.0
Myoepithelial,NAF_endoneurial,0.02314595691859722,14.10357666015625,3.6099950257084475e-45
Myoepithelial,NAF_perineurial,-0.06143639609217644,-37.43517303466797,1.0469006217301098e-306
Myoepithelial,NK_CD16hi,0.6827560663223267,416.0252685546875,0.0
Myoepithelial,NKT,0.6702805161476135,408.4234924316406,0.0
Myoepithelial,NK_CD11d,0.6880338788032532,419.2412109375,0.0
Myoepithelial,NK_CD56bright,0.6701031923294067,408.3154602050781,0.0
Myoepithelial,Neuroendocrine,0.6448045372962952,392.9001770019531,0.0
Myoepithelial,SMG_Basal,0.5044386982917786,307.3707580566406,0.0
Myoepithelial,SMG_Duct,0.6821933388710022,415.682373046875,0.0
Myoepithelial,SMG_Mucous,0.6841800808906555,416.8929443359375,0.0
Myoepithelial,SMG_Serous,0.6797422170639038,414.1888122558594,0.0
Myoepithelial,Schwann_Myelinating,0.5471120476722717,333.37298583984375,0.0
Myoepithelial,Schwann_nonmyelinating,-0.15994703769683838,-97.46088409423828,0.0
Myoepithelial,Secretory_Club,0.26430484652519226,161.04945373535156,0.0
Myoepithelial,Secretory_Goblet,0.4338636100292206,264.3670654296875,0.0
Myoepithelial,Suprabasal,0.30371007323265076,185.06033325195312,0.0
Myoepithelial,T_reg,0.6573617458343506,400.5516662597656,0.0
Myoepithelial,gdT,0.6672449111938477,406.5738220214844,0.0
NAF_endoneurial,NAF_endoneurial,0.3666580617427826,223.41656494140625,0.0
NAF_endoneurial,NAF_perineurial,0.3799934983253479,231.5422821044922,0.0
NAF_endoneurial,NK_CD16hi,0.05498691275715828,33.50529479980469,4.035617889851045e-246
NAF_endoneurial,NKT,0.07359302788972855,44.84260177612305,0.0
NAF_endoneurial,NK_CD11d,0.04445085674524307,27.085338592529297,1.4656139244915184e-161
NAF_endoneurial,NK_CD56bright,0.035419441759586334,21.58220672607422,2.639646349424295e-103
NAF_endoneurial,Neuroendocrine,0.14518609642982483,88.46656036376953,0.0
NAF_endoneurial,SMG_Basal,0.13750605285167694,83.786865234375,0.0
NAF_endoneurial,SMG_Duct,0.013606519438326359,8.29089069366455,1.124035451217246e-16
NAF_endoneurial,SMG_Mucous,0.04065479338169098,24.772274017333984,1.784374967715625e-135
NAF_endoneurial,SMG_Serous,0.016359997913241386,9.968673706054688,2.0900102728824028e-23
NAF_endoneurial,Schwann_Myelinating,0.12269099056720734,74.75957489013672,0.0
NAF_endoneurial,Schwann_nonmyelinating,0.2712804675102234,165.2999267578125,0.0
NAF_endoneurial,Secretory_Club,0.05805207043886185,35.37299728393555,4.4429090425209645e-274
NAF_endoneurial,Secretory_Goblet,0.08084193617105484,49.25959396362305,0.0
NAF_endoneurial,Suprabasal,0.06858356297016144,41.7901725769043,0.0
NAF_endoneurial,T_reg,0.08308243751525879,50.62480545043945,0.0
NAF_endoneurial,gdT,0.09855575859546661,60.05319595336914,0.0
NAF_perineurial,NAF_perineurial,0.49158772826194763,299.54022216796875,0.0
NAF_perineurial,NK_CD16hi,-0.019968003034591675,-12.167147636413574,4.650510476746901e-34
NAF_perineurial,NKT,0.02234971895813942,13.618403434753418,3.112988741489068e-42
NAF_perineurial,NK_CD11d,-0.0386551134288311,-23.55380630493164,1.1475306517682024e-122
NAF_perineurial,NK_CD56bright,-0.052341029047966,-31.89307403564453,3.330855157941899e-223
NAF_perineurial,Neuroendocrine,0.0812339037656784,49.49843215942383,0.0
NAF_perineurial,SMG_Basal,0.11786496639251709,71.81891632080078,0.0
NAF_perineurial,SMG_Duct,-0.05673055723309517,-34.56775665283203,7.712531878622961e-262
NAF_perineurial,SMG_Mucous,-0.017518779262900352,-10.674756050109863,1.336079969691221e-26
NAF_perineurial,SMG_Serous,-0.05027931183576584,-30.636804580688477,3.961313721745396e-206
NAF_perineurial,Schwann_Myelinating,-0.014160508289933205,-8.628453254699707,6.2187205606473374e-18
NAF_perineurial,Schwann_nonmyelinating,0.17519314587116241,106.75082397460938,0.0
NAF_perineurial,Secretory_Club,0.05958938226103783,36.309730529785156,1.136106457633256e-288
NAF_perineurial,Secretory_Goblet,0.053860411047935486,32.81888198852539,3.1672154458895673e-236
NAF_perineurial,Suprabasal,0.0509473942220211,31.043888092041016,1.3795155969608533e-211
NAF_perineurial,T_reg,0.02189723774790764,13.342692375183105,1.3065411166743979e-40
NAF_perineurial,gdT,0.04527219384908676,27.585805892944336,1.647015106499604e-167
NK_CD16hi,NK_CD16hi,0.7951061129570007,484.4837646484375,0.0
NK_CD16hi,NKT,0.7927901148796082,483.0725402832031,0.0
NK_CD16hi,NK_CD11d,0.7912538647651672,482.136474609375,0.0
NK_CD16hi,NK_CD56bright,0.7768144607543945,473.33807373046875,0.0
NK_CD16hi,Neuroendocrine,0.7073384523391724,431.00408935546875,0.0
NK_CD16hi,SMG_Basal,0.5057170987129211,308.14971923828125,0.0
NK_CD16hi,SMG_Duct,0.6803632974624634,414.5672607421875,0.0
NK_CD16hi,SMG_Mucous,0.7160094380378723,436.28759765625,0.0
NK_CD16hi,SMG_Serous,0.6808300018310547,414.8516540527344,0.0
NK_CD16hi,Schwann_Myelinating,0.571227490901947,348.0672912597656,0.0
NK_CD16hi,Schwann_nonmyelinating,-0.14967080950737,-91.1992416381836,0.0
NK_CD16hi,Secretory_Club,0.2807386815547943,171.06312561035156,0.0
NK_CD16hi,Secretory_Goblet,0.4961506724357605,302.3205871582031,0.0
NK_CD16hi,Suprabasal,0.3399847447872162,207.1636505126953,0.0
NK_CD16hi,T_reg,0.7809657454490662,475.8675842285156,0.0
NK_CD16hi,gdT,0.7862995266914368,479.11761474609375,0.0
NKT,NKT,0.8011486530303955,488.1656799316406,0.0
NKT,NK_CD11d,0.784733235836029,478.1632385253906,0.0
NKT,NK_CD56bright,0.7675928473472595,467.71905517578125,0.0
NKT,Neuroendocrine,0.7052933573722839,429.7579650878906,0.0
NKT,SMG_Basal,0.502958357334137,306.4687194824219,0.0
NKT,SMG_Duct,0.6699798703193665,408.24029541015625,0.0
NKT,SMG_Mucous,0.7100098133087158,432.6318359375,0.0
NKT,SMG_Serous,0.6715000867843628,409.1666259765625,0.0
NKT,Schwann_Myelinating,0.5473049283027649,333.4905090332031,0.0
NKT,Schwann_nonmyelinating,-0.16068410873413086,-97.91000366210938,0.0
NKT,Secretory_Club,0.279369980096817,170.2291259765625,0.0
NKT,Secretory_Goblet,0.48958444595336914,298.319580078125,0.0
NKT,Suprabasal,0.3301544487476349,201.17373657226562,0.0
NKT,T_reg,0.7839044332504272,477.658203125,0.0
NKT,gdT,0.7928583025932312,483.1141052246094,0.0
NK_CD11d,NK_CD11d,0.7901033163070679,481.4353942871094,0.0
NK_CD11d,NK_CD56bright,0.7767133116722107,473.27642822265625,0.0
NK_CD11d,Neuroendocrine,0.7073579430580139,431.0159606933594,0.0
NK_CD11d,SMG_Basal,0.5120805501937866,312.02716064453125,0.0
NK_CD11d,SMG_Duct,0.6876949667930603,419.0346984863281,0.0
NK_CD11d,SMG_Mucous,0.7201265096664429,438.7962646484375,0.0
NK_CD11d,SMG_Serous,0.6869674324989319,418.59136962890625,0.0
NK_CD11d,Schwann_Myelinating,0.579718291759491,353.24102783203125,0.0
NK_CD11d,Schwann_nonmyelinating,-0.14804814755916595,-90.21050262451172,0.0
NK_CD11d,Secretory_Club,0.2850169241428375,173.66998291015625,0.0
NK_CD11d,Secretory_Goblet,0.5008796453475952,305.20208740234375,0.0
NK_CD11d,Suprabasal,0.34918007254600525,212.76666259765625,0.0
NK_CD11d,T_reg,0.7746861577033997,472.0412292480469,0.0
NK_CD11d,gdT,0.7789820432662964,474.6588439941406,0.0
NK_CD56bright,NK_CD56bright,0.7662584185600281,466.90594482421875,0.0
NK_CD56bright,Neuroendocrine,0.6897227764129639,420.2702941894531,0.0
NK_CD56bright,SMG_Basal,0.4980042278766632,303.45001220703125,0.0
NK_CD56bright,SMG_Duct,0.6653363108634949,405.41082763671875,0.0
NK_CD56bright,SMG_Mucous,0.7003722786903381,426.7593688964844,0.0
NK_CD56bright,SMG_Serous,0.6654325723648071,405.469482421875,0.0
NK_CD56bright,Schwann_Myelinating,0.5687001347541809,346.5273132324219,0.0
NK_CD56bright,Schwann_nonmyelinating,-0.14214324951171875,-86.61245727539062,0.0
NK_CD56bright,Secretory_Club,0.27947232127189636,170.29148864746094,0.0
NK_CD56bright,Secretory_Goblet,0.49380749464035034,300.892822265625,0.0
NK_CD56bright,Suprabasal,0.3500151038169861,213.2754669189453,0.0
NK_CD56bright,T_reg,0.7604469656944275,463.3648376464844,0.0
NK_CD56bright,gdT,0.7623944282531738,464.5514831542969,0.0
Neuroendocrine,Neuroendocrine,0.6992269158363342,426.06146240234375,0.0
Neuroendocrine,SMG_Basal,0.5348394513130188,325.8948974609375,0.0
Neuroendocrine,SMG_Duct,0.6526230573654175,397.66424560546875,0.0
Neuroendocrine,SMG_Mucous,0.6760772466659546,411.95562744140625,0.0
Neuroendocrine,SMG_Serous,0.6512929797172546,396.8537902832031,0.0
Neuroendocrine,Schwann_Myelinating,0.5603005290031433,341.4091491699219,0.0
Neuroendocrine,Schwann_nonmyelinating,-0.0955454409122467,-58.21891403198242,0.0
Neuroendocrine,Secretory_Club,0.2815254330635071,171.54251098632812,0.0
Neuroendocrine,Secretory_Goblet,0.4856497347354889,295.9220275878906,0.0
Neuroendocrine,Suprabasal,0.3557259738445282,216.7552947998047,0.0
Neuroendocrine,T_reg,0.6974593997001648,424.9844665527344,0.0
Neuroendocrine,gdT,0.7112213373184204,433.37005615234375,0.0
SMG_Basal,SMG_Basal,0.5728179812431335,349.03643798828125,0.0
SMG_Basal,SMG_Duct,0.5388323664665222,328.3279113769531,0.0
SMG_Basal,SMG_Mucous,0.5451487302780151,332.1766662597656,0.0
SMG_Basal,SMG_Serous,0.522616446018219,318.447021484375,0.0
SMG_Basal,Schwann_Myelinating,0.40495383739471436,246.7514190673828,0.0
SMG_Basal,Schwann_nonmyelinating,-0.11586735397577286,-70.6017074584961,0.0
SMG_Basal,Secretory_Club,0.2841522991657257,173.1431427001953,0.0
SMG_Basal,Secretory_Goblet,0.397931843996048,242.47268676757812,0.0
SMG_Basal,Suprabasal,0.33203357458114624,202.31875610351562,0.0
SMG_Basal,T_reg,0.49901849031448364,304.0680236816406,0.0
SMG_Basal,gdT,0.5146777629852295,313.6097412109375,0.0
SMG_Duct,SMG_Duct,0.7298617959022522,444.7283020019531,0.0
SMG_Duct,SMG_Mucous,0.7099145650863647,432.57379150390625,0.0
SMG_Duct,SMG_Serous,0.713101863861084,434.51593017578125,0.0
SMG_Duct,Schwann_Myelinating,0.5464915633201599,332.9949035644531,0.0
SMG_Duct,Schwann_nonmyelinating,-0.17917490005493164,-109.17704010009766,0.0
SMG_Duct,Secretory_Club,0.2842737138271332,173.21713256835938,0.0
SMG_Duct,Secretory_Goblet,0.44855478405952454,273.3188781738281,0.0
SMG_Duct,Suprabasal,0.31247028708457947,190.39820861816406,0.0
SMG_Duct,T_reg,0.652041494846344,397.30987548828125,0.0
SMG_Duct,gdT,0.66606605052948,405.8554992675781,0.0
SMG_Mucous,SMG_Mucous,0.7278813123703003,443.5215148925781,0.0
SMG_Mucous,SMG_Serous,0.7043585777282715,429.1883544921875,0.0
SMG_Mucous,Schwann_Myelinating,0.5479832291603088,333.9038391113281,0.0
SMG_Mucous,Schwann_nonmyelinating,-0.1817750334739685,-110.76138305664062,0.0
SMG_Mucous,Secretory_Club,0.3001202344894409,182.8729248046875,0.0
SMG_Mucous,Secretory_Goblet,0.4837856888771057,294.78619384765625,0.0
SMG_Mucous,Suprabasal,0.34897491335868835,212.6416473388672,0.0
SMG_Mucous,T_reg,0.6950756311416626,423.5319519042969,0.0
SMG_Mucous,gdT,0.706570565700531,430.53619384765625,0.0
SMG_Serous,SMG_Serous,0.7088605165481567,431.9315490722656,0.0
SMG_Serous,Schwann_Myelinating,0.5417277812957764,330.0921936035156,0.0
SMG_Serous,Schwann_nonmyelinating,-0.18141284584999084,-110.54068756103516,0.0
SMG_Serous,Secretory_Club,0.2801094949245453,170.6797332763672,0.0
SMG_Serous,Secretory_Goblet,0.44471901655197144,270.98162841796875,0.0
SMG_Serous,Suprabasal,0.3104138970375061,189.1451873779297,0.0
SMG_Serous,T_reg,0.6541981101036072,398.62396240234375,0.0
SMG_Serous,gdT,0.6677271723747253,406.86767578125,0.0
Schwann_Myelinating,Schwann_Myelinating,0.5651524066925049,344.3655700683594,0.0
Schwann_Myelinating,Schwann_nonmyelinating,0.09436081349849701,57.4970817565918,0.0
Schwann_Myelinating,Secretory_Club,0.20806145668029785,126.77854919433594,0.0
Schwann_Myelinating,Secretory_Goblet,0.37388622760772705,227.8209228515625,0.0
Schwann_Myelinating,Suprabasal,0.2644701302051544,161.15016174316406,0.0
Schwann_Myelinating,T_reg,0.5508880615234375,335.673828125,0.0
Schwann_Myelinating,gdT,0.5541523694992065,337.6628723144531,0.0
Schwann_nonmyelinating,Schwann_nonmyelinating,0.5536035895347595,337.3284912109375,0.0
Schwann_nonmyelinating,Secretory_Club,-0.06798574328422546,-41.4259033203125,0.0
Schwann_nonmyelinating,Secretory_Goblet,-0.10177493095397949,-62.01474380493164,0.0
Schwann_nonmyelinating,Suprabasal,-0.06937755644321442,-42.27397918701172,0.0
Schwann_nonmyelinating,T_reg,-0.1362096518278122,-82.9969253540039,0.0
Schwann_nonmyelinating,gdT,-0.14052462577819824,-85.62618255615234,0.0
Secretory_Club,Secretory_Club,0.1931959092617035,117.72048950195312,0.0
Secretory_Club,Secretory_Goblet,0.23664796352386475,144.1972198486328,0.0
Secretory_Club,Suprabasal,0.18364420533180237,111.90032958984375,0.0
Secretory_Club,T_reg,0.2785171866416931,169.70948791503906,0.0
Secretory_Club,gdT,0.28421181440353394,173.17941284179688,0.0
Secretory_Goblet,Secretory_Goblet,0.41991952061653137,255.8704833984375,0.0
Secretory_Goblet,Suprabasal,0.31429368257522583,191.50926208496094,0.0
Secretory_Goblet,T_reg,0.4916531443595886,299.580078125,0.0
Secretory_Goblet,gdT,0.49606266617774963,302.2669677734375,0.0
Suprabasal,Suprabasal,0.33324140310287476,203.05471801757812,0.0
Suprabasal,T_reg,0.33918216824531555,206.67462158203125,0.0
Suprabasal,gdT,0.34035325050354004,207.38819885253906,0.0
T_reg,T_reg,0.7722939252853394,470.58355712890625,0.0
T_reg,gdT,0.7787039875984192,474.4894104003906,0.0
gdT,gdT,0.7882472276687622,480.3044128417969,0.0
