spot_id,X,Y,tile_x_topleft,tile_y_topleft,tile_size
TCGA-05-4245-01A-01-BS1_x9240y1848,9240,1848,9184,1792,112
TCGA-05-4245-01A-01-BS1_x9352y1848,9352,1848,9296,1792,112
TCGA-05-4245-01A-01-BS1_x10360y1848,10360,1848,10304,1792,112
TCGA-05-4245-01A-01-BS1_x10472y1848,10472,1848,10416,1792,112
TCGA-05-4245-01A-01-BS1_x10696y1848,10696,1848,10640,1792,112
TCGA-05-4245-01A-01-BS1_x10808y1848,10808,1848,10752,1792,112
TCGA-05-4245-01A-01-BS1_x10920y1848,10920,1848,10864,1792,112
TCGA-05-4245-01A-01-BS1_x11256y1848,11256,1848,11200,1792,112
TCGA-05-4245-01A-01-BS1_x11368y1848,11368,1848,11312,1792,112
TCGA-05-4245-01A-01-BS1_x11480y1848,11480,1848,11424,1792,112
TCGA-05-4245-01A-01-BS1_x11704y1848,11704,1848,11648,1792,112
TCGA-05-4245-01A-01-BS1_x11816y1848,11816,1848,11760,1792,112
TCGA-05-4245-01A-01-BS1_x11928y1848,11928,1848,11872,1792,112
TCGA-05-4245-01A-01-BS1_x12040y1848,12040,1848,11984,1792,112
TCGA-05-4245-01A-01-BS1_x12152y1848,12152,1848,12096,1792,112
TCGA-05-4245-01A-01-BS1_x12264y1848,12264,1848,12208,1792,112
TCGA-05-4245-01A-01-BS1_x12376y1848,12376,1848,12320,1792,112
TCGA-05-4245-01A-01-BS1_x12488y1848,12488,1848,12432,1792,112
TCGA-05-4245-01A-01-BS1_x12600y1848,12600,1848,12544,1792,112
TCGA-05-4245-01A-01-BS1_x12712y1848,12712,1848,12656,1792,112
TCGA-05-4245-01A-01-BS1_x7560y1960,7560,1960,7504,1904,112
TCGA-05-4245-01A-01-BS1_x7784y1960,7784,1960,7728,1904,112
TCGA-05-4245-01A-01-BS1_x7896y1960,7896,1960,7840,1904,112
TCGA-05-4245-01A-01-BS1_x8008y1960,8008,1960,7952,1904,112
TCGA-05-4245-01A-01-BS1_x8120y1960,8120,1960,8064,1904,112
TCGA-05-4245-01A-01-BS1_x8232y1960,8232,1960,8176,1904,112
TCGA-05-4245-01A-01-BS1_x8344y1960,8344,1960,8288,1904,112
TCGA-05-4245-01A-01-BS1_x8456y1960,8456,1960,8400,1904,112
TCGA-05-4245-01A-01-BS1_x8568y1960,8568,1960,8512,1904,112
TCGA-05-4245-01A-01-BS1_x8680y1960,8680,1960,8624,1904,112
TCGA-05-4245-01A-01-BS1_x8792y1960,8792,1960,8736,1904,112
TCGA-05-4245-01A-01-BS1_x8904y1960,8904,1960,8848,1904,112
TCGA-05-4245-01A-01-BS1_x9016y1960,9016,1960,8960,1904,112
TCGA-05-4245-01A-01-BS1_x9128y1960,9128,1960,9072,1904,112
TCGA-05-4245-01A-01-BS1_x9240y1960,9240,1960,9184,1904,112
TCGA-05-4245-01A-01-BS1_x9352y1960,9352,1960,9296,1904,112
TCGA-05-4245-01A-01-BS1_x9464y1960,9464,1960,9408,1904,112
TCGA-05-4245-01A-01-BS1_x9576y1960,9576,1960,9520,1904,112
TCGA-05-4245-01A-01-BS1_x9688y1960,9688,1960,9632,1904,112
TCGA-05-4245-01A-01-BS1_x9800y1960,9800,1960,9744,1904,112
TCGA-05-4245-01A-01-BS1_x9912y1960,9912,1960,9856,1904,112
TCGA-05-4245-01A-01-BS1_x10024y1960,10024,1960,9968,1904,112
TCGA-05-4245-01A-01-BS1_x10136y1960,10136,1960,10080,1904,112
TCGA-05-4245-01A-01-BS1_x10248y1960,10248,1960,10192,1904,112
TCGA-05-4245-01A-01-BS1_x10360y1960,10360,1960,10304,1904,112
TCGA-05-4245-01A-01-BS1_x10472y1960,10472,1960,10416,1904,112
TCGA-05-4245-01A-01-BS1_x10584y1960,10584,1960,10528,1904,112
TCGA-05-4245-01A-01-BS1_x10696y1960,10696,1960,10640,1904,112
TCGA-05-4245-01A-01-BS1_x10808y1960,10808,1960,10752,1904,112
TCGA-05-4245-01A-01-BS1_x10920y1960,10920,1960,10864,1904,112
TCGA-05-4245-01A-01-BS1_x11032y1960,11032,1960,10976,1904,112
TCGA-05-4245-01A-01-BS1_x11144y1960,11144,1960,11088,1904,112
TCGA-05-4245-01A-01-BS1_x11256y1960,11256,1960,11200,1904,112
TCGA-05-4245-01A-01-BS1_x11368y1960,11368,1960,11312,1904,112
TCGA-05-4245-01A-01-BS1_x11480y1960,11480,1960,11424,1904,112
TCGA-05-4245-01A-01-BS1_x11592y1960,11592,1960,11536,1904,112
TCGA-05-4245-01A-01-BS1_x11704y1960,11704,1960,11648,1904,112
TCGA-05-4245-01A-01-BS1_x11816y1960,11816,1960,11760,1904,112
TCGA-05-4245-01A-01-BS1_x11928y1960,11928,1960,11872,1904,112
TCGA-05-4245-01A-01-BS1_x12040y1960,12040,1960,11984,1904,112
TCGA-05-4245-01A-01-BS1_x12152y1960,12152,1960,12096,1904,112
TCGA-05-4245-01A-01-BS1_x12264y1960,12264,1960,12208,1904,112
TCGA-05-4245-01A-01-BS1_x12376y1960,12376,1960,12320,1904,112
TCGA-05-4245-01A-01-BS1_x12488y1960,12488,1960,12432,1904,112
TCGA-05-4245-01A-01-BS1_x12600y1960,12600,1960,12544,1904,112
TCGA-05-4245-01A-01-BS1_x12712y1960,12712,1960,12656,1904,112
TCGA-05-4245-01A-01-BS1_x12824y1960,12824,1960,12768,1904,112
TCGA-05-4245-01A-01-BS1_x12936y1960,12936,1960,12880,1904,112
TCGA-05-4245-01A-01-BS1_x7448y2072,7448,2072,7392,2016,112
TCGA-05-4245-01A-01-BS1_x7560y2072,7560,2072,7504,2016,112
TCGA-05-4245-01A-01-BS1_x7672y2072,7672,2072,7616,2016,112
TCGA-05-4245-01A-01-BS1_x7784y2072,7784,2072,7728,2016,112
TCGA-05-4245-01A-01-BS1_x7896y2072,7896,2072,7840,2016,112
TCGA-05-4245-01A-01-BS1_x8008y2072,8008,2072,7952,2016,112
TCGA-05-4245-01A-01-BS1_x8120y2072,8120,2072,8064,2016,112
TCGA-05-4245-01A-01-BS1_x8232y2072,8232,2072,8176,2016,112
TCGA-05-4245-01A-01-BS1_x8344y2072,8344,2072,8288,2016,112
TCGA-05-4245-01A-01-BS1_x8456y2072,8456,2072,8400,2016,112
TCGA-05-4245-01A-01-BS1_x8568y2072,8568,2072,8512,2016,112
TCGA-05-4245-01A-01-BS1_x8680y2072,8680,2072,8624,2016,112
TCGA-05-4245-01A-01-BS1_x8792y2072,8792,2072,8736,2016,112
TCGA-05-4245-01A-01-BS1_x9016y2072,9016,2072,8960,2016,112
TCGA-05-4245-01A-01-BS1_x9128y2072,9128,2072,9072,2016,112
TCGA-05-4245-01A-01-BS1_x9240y2072,9240,2072,9184,2016,112
TCGA-05-4245-01A-01-BS1_x9352y2072,9352,2072,9296,2016,112
TCGA-05-4245-01A-01-BS1_x9464y2072,9464,2072,9408,2016,112
TCGA-05-4245-01A-01-BS1_x9576y2072,9576,2072,9520,2016,112
TCGA-05-4245-01A-01-BS1_x9688y2072,9688,2072,9632,2016,112
TCGA-05-4245-01A-01-BS1_x9800y2072,9800,2072,9744,2016,112
TCGA-05-4245-01A-01-BS1_x9912y2072,9912,2072,9856,2016,112
TCGA-05-4245-01A-01-BS1_x10024y2072,10024,2072,9968,2016,112
TCGA-05-4245-01A-01-BS1_x10136y2072,10136,2072,10080,2016,112
TCGA-05-4245-01A-01-BS1_x10248y2072,10248,2072,10192,2016,112
TCGA-05-4245-01A-01-BS1_x10472y2072,10472,2072,10416,2016,112
TCGA-05-4245-01A-01-BS1_x10584y2072,10584,2072,10528,2016,112
TCGA-05-4245-01A-01-BS1_x10696y2072,10696,2072,10640,2016,112
TCGA-05-4245-01A-01-BS1_x10808y2072,10808,2072,10752,2016,112
TCGA-05-4245-01A-01-BS1_x10920y2072,10920,2072,10864,2016,112
TCGA-05-4245-01A-01-BS1_x11032y2072,11032,2072,10976,2016,112
TCGA-05-4245-01A-01-BS1_x11144y2072,11144,2072,11088,2016,112
TCGA-05-4245-01A-01-BS1_x11256y2072,11256,2072,11200,2016,112
TCGA-05-4245-01A-01-BS1_x11368y2072,11368,2072,11312,2016,112
TCGA-05-4245-01A-01-BS1_x11480y2072,11480,2072,11424,2016,112
TCGA-05-4245-01A-01-BS1_x11592y2072,11592,2072,11536,2016,112
TCGA-05-4245-01A-01-BS1_x11704y2072,11704,2072,11648,2016,112
TCGA-05-4245-01A-01-BS1_x11816y2072,11816,2072,11760,2016,112
TCGA-05-4245-01A-01-BS1_x11928y2072,11928,2072,11872,2016,112
TCGA-05-4245-01A-01-BS1_x12040y2072,12040,2072,11984,2016,112
TCGA-05-4245-01A-01-BS1_x12152y2072,12152,2072,12096,2016,112
TCGA-05-4245-01A-01-BS1_x12264y2072,12264,2072,12208,2016,112
TCGA-05-4245-01A-01-BS1_x12376y2072,12376,2072,12320,2016,112
TCGA-05-4245-01A-01-BS1_x12488y2072,12488,2072,12432,2016,112
TCGA-05-4245-01A-01-BS1_x12600y2072,12600,2072,12544,2016,112
TCGA-05-4245-01A-01-BS1_x12824y2072,12824,2072,12768,2016,112
TCGA-05-4245-01A-01-BS1_x12936y2072,12936,2072,12880,2016,112
TCGA-05-4245-01A-01-BS1_x13048y2072,13048,2072,12992,2016,112
TCGA-05-4245-01A-01-BS1_x13160y2072,13160,2072,13104,2016,112
TCGA-05-4245-01A-01-BS1_x13272y2072,13272,2072,13216,2016,112
TCGA-05-4245-01A-01-BS1_x14056y2072,14056,2072,14000,2016,112
TCGA-05-4245-01A-01-BS1_x14168y2072,14168,2072,14112,2016,112
TCGA-05-4245-01A-01-BS1_x14280y2072,14280,2072,14224,2016,112
TCGA-05-4245-01A-01-BS1_x14392y2072,14392,2072,14336,2016,112
TCGA-05-4245-01A-01-BS1_x7112y2184,7112,2184,7056,2128,112
TCGA-05-4245-01A-01-BS1_x7224y2184,7224,2184,7168,2128,112
TCGA-05-4245-01A-01-BS1_x7336y2184,7336,2184,7280,2128,112
TCGA-05-4245-01A-01-BS1_x7448y2184,7448,2184,7392,2128,112
TCGA-05-4245-01A-01-BS1_x7560y2184,7560,2184,7504,2128,112
TCGA-05-4245-01A-01-BS1_x7672y2184,7672,2184,7616,2128,112
TCGA-05-4245-01A-01-BS1_x7784y2184,7784,2184,7728,2128,112
TCGA-05-4245-01A-01-BS1_x7896y2184,7896,2184,7840,2128,112
TCGA-05-4245-01A-01-BS1_x8008y2184,8008,2184,7952,2128,112
TCGA-05-4245-01A-01-BS1_x8120y2184,8120,2184,8064,2128,112
TCGA-05-4245-01A-01-BS1_x8232y2184,8232,2184,8176,2128,112
TCGA-05-4245-01A-01-BS1_x8344y2184,8344,2184,8288,2128,112
TCGA-05-4245-01A-01-BS1_x8456y2184,8456,2184,8400,2128,112
TCGA-05-4245-01A-01-BS1_x8568y2184,8568,2184,8512,2128,112
TCGA-05-4245-01A-01-BS1_x8680y2184,8680,2184,8624,2128,112
TCGA-05-4245-01A-01-BS1_x8792y2184,8792,2184,8736,2128,112
TCGA-05-4245-01A-01-BS1_x8904y2184,8904,2184,8848,2128,112
TCGA-05-4245-01A-01-BS1_x9016y2184,9016,2184,8960,2128,112
TCGA-05-4245-01A-01-BS1_x9128y2184,9128,2184,9072,2128,112
TCGA-05-4245-01A-01-BS1_x9240y2184,9240,2184,9184,2128,112
TCGA-05-4245-01A-01-BS1_x9352y2184,9352,2184,9296,2128,112
TCGA-05-4245-01A-01-BS1_x9464y2184,9464,2184,9408,2128,112
TCGA-05-4245-01A-01-BS1_x9576y2184,9576,2184,9520,2128,112
TCGA-05-4245-01A-01-BS1_x9688y2184,9688,2184,9632,2128,112
TCGA-05-4245-01A-01-BS1_x9800y2184,9800,2184,9744,2128,112
TCGA-05-4245-01A-01-BS1_x9912y2184,9912,2184,9856,2128,112
TCGA-05-4245-01A-01-BS1_x10024y2184,10024,2184,9968,2128,112
TCGA-05-4245-01A-01-BS1_x10136y2184,10136,2184,10080,2128,112
TCGA-05-4245-01A-01-BS1_x10248y2184,10248,2184,10192,2128,112
TCGA-05-4245-01A-01-BS1_x10360y2184,10360,2184,10304,2128,112
TCGA-05-4245-01A-01-BS1_x10472y2184,10472,2184,10416,2128,112
TCGA-05-4245-01A-01-BS1_x10584y2184,10584,2184,10528,2128,112
TCGA-05-4245-01A-01-BS1_x10696y2184,10696,2184,10640,2128,112
TCGA-05-4245-01A-01-BS1_x10808y2184,10808,2184,10752,2128,112
TCGA-05-4245-01A-01-BS1_x11704y2184,11704,2184,11648,2128,112
TCGA-05-4245-01A-01-BS1_x11816y2184,11816,2184,11760,2128,112
TCGA-05-4245-01A-01-BS1_x11928y2184,11928,2184,11872,2128,112
TCGA-05-4245-01A-01-BS1_x12040y2184,12040,2184,11984,2128,112
TCGA-05-4245-01A-01-BS1_x12152y2184,12152,2184,12096,2128,112
TCGA-05-4245-01A-01-BS1_x12376y2184,12376,2184,12320,2128,112
TCGA-05-4245-01A-01-BS1_x12488y2184,12488,2184,12432,2128,112
TCGA-05-4245-01A-01-BS1_x12600y2184,12600,2184,12544,2128,112
TCGA-05-4245-01A-01-BS1_x12712y2184,12712,2184,12656,2128,112
TCGA-05-4245-01A-01-BS1_x12824y2184,12824,2184,12768,2128,112
TCGA-05-4245-01A-01-BS1_x12936y2184,12936,2184,12880,2128,112
TCGA-05-4245-01A-01-BS1_x13048y2184,13048,2184,12992,2128,112
TCGA-05-4245-01A-01-BS1_x13160y2184,13160,2184,13104,2128,112
TCGA-05-4245-01A-01-BS1_x13272y2184,13272,2184,13216,2128,112
TCGA-05-4245-01A-01-BS1_x13384y2184,13384,2184,13328,2128,112
TCGA-05-4245-01A-01-BS1_x13608y2184,13608,2184,13552,2128,112
TCGA-05-4245-01A-01-BS1_x13832y2184,13832,2184,13776,2128,112
TCGA-05-4245-01A-01-BS1_x13944y2184,13944,2184,13888,2128,112
TCGA-05-4245-01A-01-BS1_x14056y2184,14056,2184,14000,2128,112
TCGA-05-4245-01A-01-BS1_x14168y2184,14168,2184,14112,2128,112
TCGA-05-4245-01A-01-BS1_x14280y2184,14280,2184,14224,2128,112
TCGA-05-4245-01A-01-BS1_x14392y2184,14392,2184,14336,2128,112
TCGA-05-4245-01A-01-BS1_x14504y2184,14504,2184,14448,2128,112
TCGA-05-4245-01A-01-BS1_x14616y2184,14616,2184,14560,2128,112
TCGA-05-4245-01A-01-BS1_x7000y2296,7000,2296,6944,2240,112
TCGA-05-4245-01A-01-BS1_x7112y2296,7112,2296,7056,2240,112
TCGA-05-4245-01A-01-BS1_x7224y2296,7224,2296,7168,2240,112
TCGA-05-4245-01A-01-BS1_x7336y2296,7336,2296,7280,2240,112
TCGA-05-4245-01A-01-BS1_x7448y2296,7448,2296,7392,2240,112
TCGA-05-4245-01A-01-BS1_x7560y2296,7560,2296,7504,2240,112
TCGA-05-4245-01A-01-BS1_x7672y2296,7672,2296,7616,2240,112
TCGA-05-4245-01A-01-BS1_x7784y2296,7784,2296,7728,2240,112
TCGA-05-4245-01A-01-BS1_x7896y2296,7896,2296,7840,2240,112
TCGA-05-4245-01A-01-BS1_x8008y2296,8008,2296,7952,2240,112
TCGA-05-4245-01A-01-BS1_x8120y2296,8120,2296,8064,2240,112
TCGA-05-4245-01A-01-BS1_x8232y2296,8232,2296,8176,2240,112
TCGA-05-4245-01A-01-BS1_x8344y2296,8344,2296,8288,2240,112
TCGA-05-4245-01A-01-BS1_x8456y2296,8456,2296,8400,2240,112
TCGA-05-4245-01A-01-BS1_x8568y2296,8568,2296,8512,2240,112
TCGA-05-4245-01A-01-BS1_x8680y2296,8680,2296,8624,2240,112
TCGA-05-4245-01A-01-BS1_x8792y2296,8792,2296,8736,2240,112
TCGA-05-4245-01A-01-BS1_x8904y2296,8904,2296,8848,2240,112
TCGA-05-4245-01A-01-BS1_x9016y2296,9016,2296,8960,2240,112
TCGA-05-4245-01A-01-BS1_x9128y2296,9128,2296,9072,2240,112
TCGA-05-4245-01A-01-BS1_x9240y2296,9240,2296,9184,2240,112
TCGA-05-4245-01A-01-BS1_x9352y2296,9352,2296,9296,2240,112
TCGA-05-4245-01A-01-BS1_x9464y2296,9464,2296,9408,2240,112
TCGA-05-4245-01A-01-BS1_x9576y2296,9576,2296,9520,2240,112
TCGA-05-4245-01A-01-BS1_x9688y2296,9688,2296,9632,2240,112
TCGA-05-4245-01A-01-BS1_x9800y2296,9800,2296,9744,2240,112
TCGA-05-4245-01A-01-BS1_x9912y2296,9912,2296,9856,2240,112
TCGA-05-4245-01A-01-BS1_x10024y2296,10024,2296,9968,2240,112
TCGA-05-4245-01A-01-BS1_x10136y2296,10136,2296,10080,2240,112
TCGA-05-4245-01A-01-BS1_x10248y2296,10248,2296,10192,2240,112
TCGA-05-4245-01A-01-BS1_x10360y2296,10360,2296,10304,2240,112
TCGA-05-4245-01A-01-BS1_x10472y2296,10472,2296,10416,2240,112
TCGA-05-4245-01A-01-BS1_x10584y2296,10584,2296,10528,2240,112
TCGA-05-4245-01A-01-BS1_x10696y2296,10696,2296,10640,2240,112
TCGA-05-4245-01A-01-BS1_x10808y2296,10808,2296,10752,2240,112
TCGA-05-4245-01A-01-BS1_x11256y2296,11256,2296,11200,2240,112
TCGA-05-4245-01A-01-BS1_x11368y2296,11368,2296,11312,2240,112
TCGA-05-4245-01A-01-BS1_x11480y2296,11480,2296,11424,2240,112
TCGA-05-4245-01A-01-BS1_x11592y2296,11592,2296,11536,2240,112
TCGA-05-4245-01A-01-BS1_x11704y2296,11704,2296,11648,2240,112
TCGA-05-4245-01A-01-BS1_x11816y2296,11816,2296,11760,2240,112
TCGA-05-4245-01A-01-BS1_x11928y2296,11928,2296,11872,2240,112
TCGA-05-4245-01A-01-BS1_x12040y2296,12040,2296,11984,2240,112
TCGA-05-4245-01A-01-BS1_x12152y2296,12152,2296,12096,2240,112
TCGA-05-4245-01A-01-BS1_x12264y2296,12264,2296,12208,2240,112
TCGA-05-4245-01A-01-BS1_x12376y2296,12376,2296,12320,2240,112
TCGA-05-4245-01A-01-BS1_x12488y2296,12488,2296,12432,2240,112
TCGA-05-4245-01A-01-BS1_x12600y2296,12600,2296,12544,2240,112
TCGA-05-4245-01A-01-BS1_x12712y2296,12712,2296,12656,2240,112
TCGA-05-4245-01A-01-BS1_x12824y2296,12824,2296,12768,2240,112
TCGA-05-4245-01A-01-BS1_x12936y2296,12936,2296,12880,2240,112
TCGA-05-4245-01A-01-BS1_x13048y2296,13048,2296,12992,2240,112
TCGA-05-4245-01A-01-BS1_x13160y2296,13160,2296,13104,2240,112
TCGA-05-4245-01A-01-BS1_x13272y2296,13272,2296,13216,2240,112
TCGA-05-4245-01A-01-BS1_x13384y2296,13384,2296,13328,2240,112
TCGA-05-4245-01A-01-BS1_x13496y2296,13496,2296,13440,2240,112
TCGA-05-4245-01A-01-BS1_x13608y2296,13608,2296,13552,2240,112
TCGA-05-4245-01A-01-BS1_x13720y2296,13720,2296,13664,2240,112
TCGA-05-4245-01A-01-BS1_x13832y2296,13832,2296,13776,2240,112
TCGA-05-4245-01A-01-BS1_x13944y2296,13944,2296,13888,2240,112
TCGA-05-4245-01A-01-BS1_x14056y2296,14056,2296,14000,2240,112
TCGA-05-4245-01A-01-BS1_x14168y2296,14168,2296,14112,2240,112
TCGA-05-4245-01A-01-BS1_x14280y2296,14280,2296,14224,2240,112
TCGA-05-4245-01A-01-BS1_x14392y2296,14392,2296,14336,2240,112
TCGA-05-4245-01A-01-BS1_x14504y2296,14504,2296,14448,2240,112
TCGA-05-4245-01A-01-BS1_x14616y2296,14616,2296,14560,2240,112
TCGA-05-4245-01A-01-BS1_x6888y2408,6888,2408,6832,2352,112
TCGA-05-4245-01A-01-BS1_x7000y2408,7000,2408,6944,2352,112
TCGA-05-4245-01A-01-BS1_x7112y2408,7112,2408,7056,2352,112
TCGA-05-4245-01A-01-BS1_x7224y2408,7224,2408,7168,2352,112
TCGA-05-4245-01A-01-BS1_x7336y2408,7336,2408,7280,2352,112
TCGA-05-4245-01A-01-BS1_x7448y2408,7448,2408,7392,2352,112
TCGA-05-4245-01A-01-BS1_x7672y2408,7672,2408,7616,2352,112
TCGA-05-4245-01A-01-BS1_x7784y2408,7784,2408,7728,2352,112
TCGA-05-4245-01A-01-BS1_x7896y2408,7896,2408,7840,2352,112
TCGA-05-4245-01A-01-BS1_x8008y2408,8008,2408,7952,2352,112
TCGA-05-4245-01A-01-BS1_x8120y2408,8120,2408,8064,2352,112
TCGA-05-4245-01A-01-BS1_x8232y2408,8232,2408,8176,2352,112
TCGA-05-4245-01A-01-BS1_x8344y2408,8344,2408,8288,2352,112
TCGA-05-4245-01A-01-BS1_x8456y2408,8456,2408,8400,2352,112
TCGA-05-4245-01A-01-BS1_x8568y2408,8568,2408,8512,2352,112
TCGA-05-4245-01A-01-BS1_x8680y2408,8680,2408,8624,2352,112
TCGA-05-4245-01A-01-BS1_x8792y2408,8792,2408,8736,2352,112
TCGA-05-4245-01A-01-BS1_x8904y2408,8904,2408,8848,2352,112
TCGA-05-4245-01A-01-BS1_x9016y2408,9016,2408,8960,2352,112
TCGA-05-4245-01A-01-BS1_x9128y2408,9128,2408,9072,2352,112
TCGA-05-4245-01A-01-BS1_x9240y2408,9240,2408,9184,2352,112
TCGA-05-4245-01A-01-BS1_x9352y2408,9352,2408,9296,2352,112
TCGA-05-4245-01A-01-BS1_x9464y2408,9464,2408,9408,2352,112
TCGA-05-4245-01A-01-BS1_x10360y2408,10360,2408,10304,2352,112
TCGA-05-4245-01A-01-BS1_x10472y2408,10472,2408,10416,2352,112
TCGA-05-4245-01A-01-BS1_x10584y2408,10584,2408,10528,2352,112
TCGA-05-4245-01A-01-BS1_x10696y2408,10696,2408,10640,2352,112
TCGA-05-4245-01A-01-BS1_x10808y2408,10808,2408,10752,2352,112
TCGA-05-4245-01A-01-BS1_x10920y2408,10920,2408,10864,2352,112
TCGA-05-4245-01A-01-BS1_x11032y2408,11032,2408,10976,2352,112
TCGA-05-4245-01A-01-BS1_x11144y2408,11144,2408,11088,2352,112
TCGA-05-4245-01A-01-BS1_x11256y2408,11256,2408,11200,2352,112
TCGA-05-4245-01A-01-BS1_x11368y2408,11368,2408,11312,2352,112
TCGA-05-4245-01A-01-BS1_x11480y2408,11480,2408,11424,2352,112
TCGA-05-4245-01A-01-BS1_x11592y2408,11592,2408,11536,2352,112
TCGA-05-4245-01A-01-BS1_x11704y2408,11704,2408,11648,2352,112
TCGA-05-4245-01A-01-BS1_x11816y2408,11816,2408,11760,2352,112
TCGA-05-4245-01A-01-BS1_x11928y2408,11928,2408,11872,2352,112
TCGA-05-4245-01A-01-BS1_x12040y2408,12040,2408,11984,2352,112
TCGA-05-4245-01A-01-BS1_x12152y2408,12152,2408,12096,2352,112
TCGA-05-4245-01A-01-BS1_x12264y2408,12264,2408,12208,2352,112
TCGA-05-4245-01A-01-BS1_x12376y2408,12376,2408,12320,2352,112
TCGA-05-4245-01A-01-BS1_x12488y2408,12488,2408,12432,2352,112
TCGA-05-4245-01A-01-BS1_x12600y2408,12600,2408,12544,2352,112
TCGA-05-4245-01A-01-BS1_x12712y2408,12712,2408,12656,2352,112
TCGA-05-4245-01A-01-BS1_x12824y2408,12824,2408,12768,2352,112
TCGA-05-4245-01A-01-BS1_x12936y2408,12936,2408,12880,2352,112
TCGA-05-4245-01A-01-BS1_x13048y2408,13048,2408,12992,2352,112
TCGA-05-4245-01A-01-BS1_x13160y2408,13160,2408,13104,2352,112
TCGA-05-4245-01A-01-BS1_x13272y2408,13272,2408,13216,2352,112
TCGA-05-4245-01A-01-BS1_x13384y2408,13384,2408,13328,2352,112
TCGA-05-4245-01A-01-BS1_x13832y2408,13832,2408,13776,2352,112
TCGA-05-4245-01A-01-BS1_x13944y2408,13944,2408,13888,2352,112
TCGA-05-4245-01A-01-BS1_x14056y2408,14056,2408,14000,2352,112
TCGA-05-4245-01A-01-BS1_x14168y2408,14168,2408,14112,2352,112
TCGA-05-4245-01A-01-BS1_x14280y2408,14280,2408,14224,2352,112
TCGA-05-4245-01A-01-BS1_x14392y2408,14392,2408,14336,2352,112
TCGA-05-4245-01A-01-BS1_x14504y2408,14504,2408,14448,2352,112
TCGA-05-4245-01A-01-BS1_x14616y2408,14616,2408,14560,2352,112
TCGA-05-4245-01A-01-BS1_x6552y2520,6552,2520,6496,2464,112
TCGA-05-4245-01A-01-BS1_x6664y2520,6664,2520,6608,2464,112
TCGA-05-4245-01A-01-BS1_x6776y2520,6776,2520,6720,2464,112
TCGA-05-4245-01A-01-BS1_x6888y2520,6888,2520,6832,2464,112
TCGA-05-4245-01A-01-BS1_x7000y2520,7000,2520,6944,2464,112
TCGA-05-4245-01A-01-BS1_x7112y2520,7112,2520,7056,2464,112
TCGA-05-4245-01A-01-BS1_x7224y2520,7224,2520,7168,2464,112
TCGA-05-4245-01A-01-BS1_x7336y2520,7336,2520,7280,2464,112
TCGA-05-4245-01A-01-BS1_x7448y2520,7448,2520,7392,2464,112
TCGA-05-4245-01A-01-BS1_x7560y2520,7560,2520,7504,2464,112
TCGA-05-4245-01A-01-BS1_x7672y2520,7672,2520,7616,2464,112
TCGA-05-4245-01A-01-BS1_x7784y2520,7784,2520,7728,2464,112
TCGA-05-4245-01A-01-BS1_x7896y2520,7896,2520,7840,2464,112
TCGA-05-4245-01A-01-BS1_x8008y2520,8008,2520,7952,2464,112
TCGA-05-4245-01A-01-BS1_x8120y2520,8120,2520,8064,2464,112
TCGA-05-4245-01A-01-BS1_x8232y2520,8232,2520,8176,2464,112
TCGA-05-4245-01A-01-BS1_x8344y2520,8344,2520,8288,2464,112
TCGA-05-4245-01A-01-BS1_x8456y2520,8456,2520,8400,2464,112
TCGA-05-4245-01A-01-BS1_x8568y2520,8568,2520,8512,2464,112
TCGA-05-4245-01A-01-BS1_x8680y2520,8680,2520,8624,2464,112
TCGA-05-4245-01A-01-BS1_x8792y2520,8792,2520,8736,2464,112
TCGA-05-4245-01A-01-BS1_x8904y2520,8904,2520,8848,2464,112
TCGA-05-4245-01A-01-BS1_x9016y2520,9016,2520,8960,2464,112
TCGA-05-4245-01A-01-BS1_x9128y2520,9128,2520,9072,2464,112
TCGA-05-4245-01A-01-BS1_x9240y2520,9240,2520,9184,2464,112
TCGA-05-4245-01A-01-BS1_x9352y2520,9352,2520,9296,2464,112
TCGA-05-4245-01A-01-BS1_x9464y2520,9464,2520,9408,2464,112
TCGA-05-4245-01A-01-BS1_x9576y2520,9576,2520,9520,2464,112
TCGA-05-4245-01A-01-BS1_x9912y2520,9912,2520,9856,2464,112
TCGA-05-4245-01A-01-BS1_x10024y2520,10024,2520,9968,2464,112
TCGA-05-4245-01A-01-BS1_x10136y2520,10136,2520,10080,2464,112
TCGA-05-4245-01A-01-BS1_x10248y2520,10248,2520,10192,2464,112
TCGA-05-4245-01A-01-BS1_x10360y2520,10360,2520,10304,2464,112
TCGA-05-4245-01A-01-BS1_x10472y2520,10472,2520,10416,2464,112
TCGA-05-4245-01A-01-BS1_x10584y2520,10584,2520,10528,2464,112
TCGA-05-4245-01A-01-BS1_x10696y2520,10696,2520,10640,2464,112
TCGA-05-4245-01A-01-BS1_x10808y2520,10808,2520,10752,2464,112
TCGA-05-4245-01A-01-BS1_x10920y2520,10920,2520,10864,2464,112
TCGA-05-4245-01A-01-BS1_x11032y2520,11032,2520,10976,2464,112
TCGA-05-4245-01A-01-BS1_x11144y2520,11144,2520,11088,2464,112
TCGA-05-4245-01A-01-BS1_x11256y2520,11256,2520,11200,2464,112
TCGA-05-4245-01A-01-BS1_x11368y2520,11368,2520,11312,2464,112
TCGA-05-4245-01A-01-BS1_x11480y2520,11480,2520,11424,2464,112
TCGA-05-4245-01A-01-BS1_x11592y2520,11592,2520,11536,2464,112
TCGA-05-4245-01A-01-BS1_x11704y2520,11704,2520,11648,2464,112
TCGA-05-4245-01A-01-BS1_x11816y2520,11816,2520,11760,2464,112
TCGA-05-4245-01A-01-BS1_x11928y2520,11928,2520,11872,2464,112
TCGA-05-4245-01A-01-BS1_x12040y2520,12040,2520,11984,2464,112
TCGA-05-4245-01A-01-BS1_x12152y2520,12152,2520,12096,2464,112
TCGA-05-4245-01A-01-BS1_x12264y2520,12264,2520,12208,2464,112
TCGA-05-4245-01A-01-BS1_x12376y2520,12376,2520,12320,2464,112
TCGA-05-4245-01A-01-BS1_x13384y2520,13384,2520,13328,2464,112
TCGA-05-4245-01A-01-BS1_x13496y2520,13496,2520,13440,2464,112
TCGA-05-4245-01A-01-BS1_x13832y2520,13832,2520,13776,2464,112
TCGA-05-4245-01A-01-BS1_x13944y2520,13944,2520,13888,2464,112
TCGA-05-4245-01A-01-BS1_x14056y2520,14056,2520,14000,2464,112
TCGA-05-4245-01A-01-BS1_x14168y2520,14168,2520,14112,2464,112
TCGA-05-4245-01A-01-BS1_x14280y2520,14280,2520,14224,2464,112
TCGA-05-4245-01A-01-BS1_x14392y2520,14392,2520,14336,2464,112
TCGA-05-4245-01A-01-BS1_x14504y2520,14504,2520,14448,2464,112
TCGA-05-4245-01A-01-BS1_x14616y2520,14616,2520,14560,2464,112
TCGA-05-4245-01A-01-BS1_x14728y2520,14728,2520,14672,2464,112
TCGA-05-4245-01A-01-BS1_x6328y2632,6328,2632,6272,2576,112
TCGA-05-4245-01A-01-BS1_x6440y2632,6440,2632,6384,2576,112
TCGA-05-4245-01A-01-BS1_x6552y2632,6552,2632,6496,2576,112
TCGA-05-4245-01A-01-BS1_x6664y2632,6664,2632,6608,2576,112
TCGA-05-4245-01A-01-BS1_x6776y2632,6776,2632,6720,2576,112
TCGA-05-4245-01A-01-BS1_x6888y2632,6888,2632,6832,2576,112
TCGA-05-4245-01A-01-BS1_x7000y2632,7000,2632,6944,2576,112
TCGA-05-4245-01A-01-BS1_x7112y2632,7112,2632,7056,2576,112
TCGA-05-4245-01A-01-BS1_x7224y2632,7224,2632,7168,2576,112
TCGA-05-4245-01A-01-BS1_x7336y2632,7336,2632,7280,2576,112
TCGA-05-4245-01A-01-BS1_x7448y2632,7448,2632,7392,2576,112
TCGA-05-4245-01A-01-BS1_x7560y2632,7560,2632,7504,2576,112
TCGA-05-4245-01A-01-BS1_x7672y2632,7672,2632,7616,2576,112
TCGA-05-4245-01A-01-BS1_x7784y2632,7784,2632,7728,2576,112
TCGA-05-4245-01A-01-BS1_x7896y2632,7896,2632,7840,2576,112
TCGA-05-4245-01A-01-BS1_x8008y2632,8008,2632,7952,2576,112
TCGA-05-4245-01A-01-BS1_x8120y2632,8120,2632,8064,2576,112
TCGA-05-4245-01A-01-BS1_x8232y2632,8232,2632,8176,2576,112
TCGA-05-4245-01A-01-BS1_x8344y2632,8344,2632,8288,2576,112
TCGA-05-4245-01A-01-BS1_x8456y2632,8456,2632,8400,2576,112
TCGA-05-4245-01A-01-BS1_x8568y2632,8568,2632,8512,2576,112
TCGA-05-4245-01A-01-BS1_x8680y2632,8680,2632,8624,2576,112
TCGA-05-4245-01A-01-BS1_x8792y2632,8792,2632,8736,2576,112
TCGA-05-4245-01A-01-BS1_x8904y2632,8904,2632,8848,2576,112
TCGA-05-4245-01A-01-BS1_x9016y2632,9016,2632,8960,2576,112
TCGA-05-4245-01A-01-BS1_x9128y2632,9128,2632,9072,2576,112
TCGA-05-4245-01A-01-BS1_x9240y2632,9240,2632,9184,2576,112
TCGA-05-4245-01A-01-BS1_x9352y2632,9352,2632,9296,2576,112
TCGA-05-4245-01A-01-BS1_x9464y2632,9464,2632,9408,2576,112
TCGA-05-4245-01A-01-BS1_x9576y2632,9576,2632,9520,2576,112
TCGA-05-4245-01A-01-BS1_x9688y2632,9688,2632,9632,2576,112
TCGA-05-4245-01A-01-BS1_x9800y2632,9800,2632,9744,2576,112
TCGA-05-4245-01A-01-BS1_x9912y2632,9912,2632,9856,2576,112
TCGA-05-4245-01A-01-BS1_x10248y2632,10248,2632,10192,2576,112
TCGA-05-4245-01A-01-BS1_x10360y2632,10360,2632,10304,2576,112
TCGA-05-4245-01A-01-BS1_x10472y2632,10472,2632,10416,2576,112
TCGA-05-4245-01A-01-BS1_x11032y2632,11032,2632,10976,2576,112
TCGA-05-4245-01A-01-BS1_x11144y2632,11144,2632,11088,2576,112
TCGA-05-4245-01A-01-BS1_x11256y2632,11256,2632,11200,2576,112
TCGA-05-4245-01A-01-BS1_x11368y2632,11368,2632,11312,2576,112
TCGA-05-4245-01A-01-BS1_x11480y2632,11480,2632,11424,2576,112
TCGA-05-4245-01A-01-BS1_x11592y2632,11592,2632,11536,2576,112
TCGA-05-4245-01A-01-BS1_x11704y2632,11704,2632,11648,2576,112
TCGA-05-4245-01A-01-BS1_x11816y2632,11816,2632,11760,2576,112
TCGA-05-4245-01A-01-BS1_x13496y2632,13496,2632,13440,2576,112
TCGA-05-4245-01A-01-BS1_x13608y2632,13608,2632,13552,2576,112
TCGA-05-4245-01A-01-BS1_x13720y2632,13720,2632,13664,2576,112
TCGA-05-4245-01A-01-BS1_x13832y2632,13832,2632,13776,2576,112
TCGA-05-4245-01A-01-BS1_x13944y2632,13944,2632,13888,2576,112
TCGA-05-4245-01A-01-BS1_x14056y2632,14056,2632,14000,2576,112
TCGA-05-4245-01A-01-BS1_x14168y2632,14168,2632,14112,2576,112
TCGA-05-4245-01A-01-BS1_x14280y2632,14280,2632,14224,2576,112
TCGA-05-4245-01A-01-BS1_x14392y2632,14392,2632,14336,2576,112
TCGA-05-4245-01A-01-BS1_x14504y2632,14504,2632,14448,2576,112
TCGA-05-4245-01A-01-BS1_x14616y2632,14616,2632,14560,2576,112
TCGA-05-4245-01A-01-BS1_x14728y2632,14728,2632,14672,2576,112
TCGA-05-4245-01A-01-BS1_x14840y2632,14840,2632,14784,2576,112
TCGA-05-4245-01A-01-BS1_x5992y2744,5992,2744,5936,2688,112
TCGA-05-4245-01A-01-BS1_x6104y2744,6104,2744,6048,2688,112
TCGA-05-4245-01A-01-BS1_x6216y2744,6216,2744,6160,2688,112
TCGA-05-4245-01A-01-BS1_x6328y2744,6328,2744,6272,2688,112
TCGA-05-4245-01A-01-BS1_x6440y2744,6440,2744,6384,2688,112
TCGA-05-4245-01A-01-BS1_x6552y2744,6552,2744,6496,2688,112
TCGA-05-4245-01A-01-BS1_x6664y2744,6664,2744,6608,2688,112
TCGA-05-4245-01A-01-BS1_x6776y2744,6776,2744,6720,2688,112
TCGA-05-4245-01A-01-BS1_x6888y2744,6888,2744,6832,2688,112
TCGA-05-4245-01A-01-BS1_x7000y2744,7000,2744,6944,2688,112
TCGA-05-4245-01A-01-BS1_x7112y2744,7112,2744,7056,2688,112
TCGA-05-4245-01A-01-BS1_x7224y2744,7224,2744,7168,2688,112
TCGA-05-4245-01A-01-BS1_x7336y2744,7336,2744,7280,2688,112
TCGA-05-4245-01A-01-BS1_x7448y2744,7448,2744,7392,2688,112
TCGA-05-4245-01A-01-BS1_x7560y2744,7560,2744,7504,2688,112
TCGA-05-4245-01A-01-BS1_x7672y2744,7672,2744,7616,2688,112
TCGA-05-4245-01A-01-BS1_x7784y2744,7784,2744,7728,2688,112
TCGA-05-4245-01A-01-BS1_x7896y2744,7896,2744,7840,2688,112
TCGA-05-4245-01A-01-BS1_x8008y2744,8008,2744,7952,2688,112
TCGA-05-4245-01A-01-BS1_x8120y2744,8120,2744,8064,2688,112
TCGA-05-4245-01A-01-BS1_x8232y2744,8232,2744,8176,2688,112
TCGA-05-4245-01A-01-BS1_x8344y2744,8344,2744,8288,2688,112
TCGA-05-4245-01A-01-BS1_x8456y2744,8456,2744,8400,2688,112
TCGA-05-4245-01A-01-BS1_x8568y2744,8568,2744,8512,2688,112
TCGA-05-4245-01A-01-BS1_x8680y2744,8680,2744,8624,2688,112
TCGA-05-4245-01A-01-BS1_x8792y2744,8792,2744,8736,2688,112
TCGA-05-4245-01A-01-BS1_x8904y2744,8904,2744,8848,2688,112
TCGA-05-4245-01A-01-BS1_x9016y2744,9016,2744,8960,2688,112
TCGA-05-4245-01A-01-BS1_x9128y2744,9128,2744,9072,2688,112
TCGA-05-4245-01A-01-BS1_x9240y2744,9240,2744,9184,2688,112
TCGA-05-4245-01A-01-BS1_x9352y2744,9352,2744,9296,2688,112
TCGA-05-4245-01A-01-BS1_x9464y2744,9464,2744,9408,2688,112
TCGA-05-4245-01A-01-BS1_x9576y2744,9576,2744,9520,2688,112
TCGA-05-4245-01A-01-BS1_x9688y2744,9688,2744,9632,2688,112
TCGA-05-4245-01A-01-BS1_x9800y2744,9800,2744,9744,2688,112
TCGA-05-4245-01A-01-BS1_x9912y2744,9912,2744,9856,2688,112
TCGA-05-4245-01A-01-BS1_x11704y2744,11704,2744,11648,2688,112
TCGA-05-4245-01A-01-BS1_x11816y2744,11816,2744,11760,2688,112
TCGA-05-4245-01A-01-BS1_x11928y2744,11928,2744,11872,2688,112
TCGA-05-4245-01A-01-BS1_x13272y2744,13272,2744,13216,2688,112
TCGA-05-4245-01A-01-BS1_x13384y2744,13384,2744,13328,2688,112
TCGA-05-4245-01A-01-BS1_x13496y2744,13496,2744,13440,2688,112
TCGA-05-4245-01A-01-BS1_x13608y2744,13608,2744,13552,2688,112
TCGA-05-4245-01A-01-BS1_x13720y2744,13720,2744,13664,2688,112
TCGA-05-4245-01A-01-BS1_x13832y2744,13832,2744,13776,2688,112
TCGA-05-4245-01A-01-BS1_x13944y2744,13944,2744,13888,2688,112
TCGA-05-4245-01A-01-BS1_x14056y2744,14056,2744,14000,2688,112
TCGA-05-4245-01A-01-BS1_x14168y2744,14168,2744,14112,2688,112
TCGA-05-4245-01A-01-BS1_x14280y2744,14280,2744,14224,2688,112
TCGA-05-4245-01A-01-BS1_x14392y2744,14392,2744,14336,2688,112
TCGA-05-4245-01A-01-BS1_x14504y2744,14504,2744,14448,2688,112
TCGA-05-4245-01A-01-BS1_x14616y2744,14616,2744,14560,2688,112
TCGA-05-4245-01A-01-BS1_x14728y2744,14728,2744,14672,2688,112
TCGA-05-4245-01A-01-BS1_x14840y2744,14840,2744,14784,2688,112
TCGA-05-4245-01A-01-BS1_x14952y2744,14952,2744,14896,2688,112
TCGA-05-4245-01A-01-BS1_x15064y2744,15064,2744,15008,2688,112
TCGA-05-4245-01A-01-BS1_x5880y2856,5880,2856,5824,2800,112
TCGA-05-4245-01A-01-BS1_x5992y2856,5992,2856,5936,2800,112
TCGA-05-4245-01A-01-BS1_x6104y2856,6104,2856,6048,2800,112
TCGA-05-4245-01A-01-BS1_x6216y2856,6216,2856,6160,2800,112
TCGA-05-4245-01A-01-BS1_x6328y2856,6328,2856,6272,2800,112
TCGA-05-4245-01A-01-BS1_x6440y2856,6440,2856,6384,2800,112
TCGA-05-4245-01A-01-BS1_x6552y2856,6552,2856,6496,2800,112
TCGA-05-4245-01A-01-BS1_x6664y2856,6664,2856,6608,2800,112
TCGA-05-4245-01A-01-BS1_x6776y2856,6776,2856,6720,2800,112
TCGA-05-4245-01A-01-BS1_x6888y2856,6888,2856,6832,2800,112
TCGA-05-4245-01A-01-BS1_x7000y2856,7000,2856,6944,2800,112
TCGA-05-4245-01A-01-BS1_x7112y2856,7112,2856,7056,2800,112
TCGA-05-4245-01A-01-BS1_x7224y2856,7224,2856,7168,2800,112
TCGA-05-4245-01A-01-BS1_x7336y2856,7336,2856,7280,2800,112
TCGA-05-4245-01A-01-BS1_x7448y2856,7448,2856,7392,2800,112
TCGA-05-4245-01A-01-BS1_x7560y2856,7560,2856,7504,2800,112
TCGA-05-4245-01A-01-BS1_x7672y2856,7672,2856,7616,2800,112
TCGA-05-4245-01A-01-BS1_x7784y2856,7784,2856,7728,2800,112
TCGA-05-4245-01A-01-BS1_x7896y2856,7896,2856,7840,2800,112
TCGA-05-4245-01A-01-BS1_x8008y2856,8008,2856,7952,2800,112
TCGA-05-4245-01A-01-BS1_x8120y2856,8120,2856,8064,2800,112
TCGA-05-4245-01A-01-BS1_x8232y2856,8232,2856,8176,2800,112
TCGA-05-4245-01A-01-BS1_x8344y2856,8344,2856,8288,2800,112
TCGA-05-4245-01A-01-BS1_x8456y2856,8456,2856,8400,2800,112
TCGA-05-4245-01A-01-BS1_x8568y2856,8568,2856,8512,2800,112
TCGA-05-4245-01A-01-BS1_x8680y2856,8680,2856,8624,2800,112
TCGA-05-4245-01A-01-BS1_x8792y2856,8792,2856,8736,2800,112
TCGA-05-4245-01A-01-BS1_x8904y2856,8904,2856,8848,2800,112
TCGA-05-4245-01A-01-BS1_x9016y2856,9016,2856,8960,2800,112
TCGA-05-4245-01A-01-BS1_x9128y2856,9128,2856,9072,2800,112
TCGA-05-4245-01A-01-BS1_x9240y2856,9240,2856,9184,2800,112
TCGA-05-4245-01A-01-BS1_x9352y2856,9352,2856,9296,2800,112
TCGA-05-4245-01A-01-BS1_x9464y2856,9464,2856,9408,2800,112
TCGA-05-4245-01A-01-BS1_x9576y2856,9576,2856,9520,2800,112
TCGA-05-4245-01A-01-BS1_x9688y2856,9688,2856,9632,2800,112
TCGA-05-4245-01A-01-BS1_x9800y2856,9800,2856,9744,2800,112
TCGA-05-4245-01A-01-BS1_x9912y2856,9912,2856,9856,2800,112
TCGA-05-4245-01A-01-BS1_x11592y2856,11592,2856,11536,2800,112
TCGA-05-4245-01A-01-BS1_x11704y2856,11704,2856,11648,2800,112
TCGA-05-4245-01A-01-BS1_x11816y2856,11816,2856,11760,2800,112
TCGA-05-4245-01A-01-BS1_x11928y2856,11928,2856,11872,2800,112
TCGA-05-4245-01A-01-BS1_x12040y2856,12040,2856,11984,2800,112
TCGA-05-4245-01A-01-BS1_x12152y2856,12152,2856,12096,2800,112
TCGA-05-4245-01A-01-BS1_x12264y2856,12264,2856,12208,2800,112
TCGA-05-4245-01A-01-BS1_x12376y2856,12376,2856,12320,2800,112
TCGA-05-4245-01A-01-BS1_x12488y2856,12488,2856,12432,2800,112
TCGA-05-4245-01A-01-BS1_x13496y2856,13496,2856,13440,2800,112
TCGA-05-4245-01A-01-BS1_x13608y2856,13608,2856,13552,2800,112
TCGA-05-4245-01A-01-BS1_x13720y2856,13720,2856,13664,2800,112
TCGA-05-4245-01A-01-BS1_x13944y2856,13944,2856,13888,2800,112
TCGA-05-4245-01A-01-BS1_x14056y2856,14056,2856,14000,2800,112
TCGA-05-4245-01A-01-BS1_x14168y2856,14168,2856,14112,2800,112
TCGA-05-4245-01A-01-BS1_x14280y2856,14280,2856,14224,2800,112
TCGA-05-4245-01A-01-BS1_x14392y2856,14392,2856,14336,2800,112
TCGA-05-4245-01A-01-BS1_x14504y2856,14504,2856,14448,2800,112
TCGA-05-4245-01A-01-BS1_x14616y2856,14616,2856,14560,2800,112
TCGA-05-4245-01A-01-BS1_x14728y2856,14728,2856,14672,2800,112
TCGA-05-4245-01A-01-BS1_x14840y2856,14840,2856,14784,2800,112
TCGA-05-4245-01A-01-BS1_x14952y2856,14952,2856,14896,2800,112
TCGA-05-4245-01A-01-BS1_x15064y2856,15064,2856,15008,2800,112
TCGA-05-4245-01A-01-BS1_x15176y2856,15176,2856,15120,2800,112
TCGA-05-4245-01A-01-BS1_x5880y2968,5880,2968,5824,2912,112
TCGA-05-4245-01A-01-BS1_x5992y2968,5992,2968,5936,2912,112
TCGA-05-4245-01A-01-BS1_x6104y2968,6104,2968,6048,2912,112
TCGA-05-4245-01A-01-BS1_x6216y2968,6216,2968,6160,2912,112
TCGA-05-4245-01A-01-BS1_x6328y2968,6328,2968,6272,2912,112
TCGA-05-4245-01A-01-BS1_x6440y2968,6440,2968,6384,2912,112
TCGA-05-4245-01A-01-BS1_x6552y2968,6552,2968,6496,2912,112
TCGA-05-4245-01A-01-BS1_x6664y2968,6664,2968,6608,2912,112
TCGA-05-4245-01A-01-BS1_x6776y2968,6776,2968,6720,2912,112
TCGA-05-4245-01A-01-BS1_x6888y2968,6888,2968,6832,2912,112
TCGA-05-4245-01A-01-BS1_x7000y2968,7000,2968,6944,2912,112
TCGA-05-4245-01A-01-BS1_x7112y2968,7112,2968,7056,2912,112
TCGA-05-4245-01A-01-BS1_x7224y2968,7224,2968,7168,2912,112
TCGA-05-4245-01A-01-BS1_x7336y2968,7336,2968,7280,2912,112
TCGA-05-4245-01A-01-BS1_x7448y2968,7448,2968,7392,2912,112
TCGA-05-4245-01A-01-BS1_x7560y2968,7560,2968,7504,2912,112
TCGA-05-4245-01A-01-BS1_x7672y2968,7672,2968,7616,2912,112
TCGA-05-4245-01A-01-BS1_x7784y2968,7784,2968,7728,2912,112
TCGA-05-4245-01A-01-BS1_x7896y2968,7896,2968,7840,2912,112
TCGA-05-4245-01A-01-BS1_x8008y2968,8008,2968,7952,2912,112
TCGA-05-4245-01A-01-BS1_x8120y2968,8120,2968,8064,2912,112
TCGA-05-4245-01A-01-BS1_x8232y2968,8232,2968,8176,2912,112
TCGA-05-4245-01A-01-BS1_x8344y2968,8344,2968,8288,2912,112
TCGA-05-4245-01A-01-BS1_x8456y2968,8456,2968,8400,2912,112
TCGA-05-4245-01A-01-BS1_x8568y2968,8568,2968,8512,2912,112
TCGA-05-4245-01A-01-BS1_x8680y2968,8680,2968,8624,2912,112
TCGA-05-4245-01A-01-BS1_x9128y2968,9128,2968,9072,2912,112
TCGA-05-4245-01A-01-BS1_x9240y2968,9240,2968,9184,2912,112
TCGA-05-4245-01A-01-BS1_x9352y2968,9352,2968,9296,2912,112
TCGA-05-4245-01A-01-BS1_x9464y2968,9464,2968,9408,2912,112
TCGA-05-4245-01A-01-BS1_x9576y2968,9576,2968,9520,2912,112
TCGA-05-4245-01A-01-BS1_x9688y2968,9688,2968,9632,2912,112
TCGA-05-4245-01A-01-BS1_x9800y2968,9800,2968,9744,2912,112
TCGA-05-4245-01A-01-BS1_x9912y2968,9912,2968,9856,2912,112
TCGA-05-4245-01A-01-BS1_x11592y2968,11592,2968,11536,2912,112
TCGA-05-4245-01A-01-BS1_x11704y2968,11704,2968,11648,2912,112
TCGA-05-4245-01A-01-BS1_x11816y2968,11816,2968,11760,2912,112
TCGA-05-4245-01A-01-BS1_x11928y2968,11928,2968,11872,2912,112
TCGA-05-4245-01A-01-BS1_x12040y2968,12040,2968,11984,2912,112
TCGA-05-4245-01A-01-BS1_x12152y2968,12152,2968,12096,2912,112
TCGA-05-4245-01A-01-BS1_x12264y2968,12264,2968,12208,2912,112
TCGA-05-4245-01A-01-BS1_x12376y2968,12376,2968,12320,2912,112
TCGA-05-4245-01A-01-BS1_x12488y2968,12488,2968,12432,2912,112
TCGA-05-4245-01A-01-BS1_x12600y2968,12600,2968,12544,2912,112
TCGA-05-4245-01A-01-BS1_x13384y2968,13384,2968,13328,2912,112
TCGA-05-4245-01A-01-BS1_x13496y2968,13496,2968,13440,2912,112
TCGA-05-4245-01A-01-BS1_x13608y2968,13608,2968,13552,2912,112
TCGA-05-4245-01A-01-BS1_x13720y2968,13720,2968,13664,2912,112
TCGA-05-4245-01A-01-BS1_x13832y2968,13832,2968,13776,2912,112
TCGA-05-4245-01A-01-BS1_x13944y2968,13944,2968,13888,2912,112
TCGA-05-4245-01A-01-BS1_x14056y2968,14056,2968,14000,2912,112
TCGA-05-4245-01A-01-BS1_x14168y2968,14168,2968,14112,2912,112
TCGA-05-4245-01A-01-BS1_x14280y2968,14280,2968,14224,2912,112
TCGA-05-4245-01A-01-BS1_x14392y2968,14392,2968,14336,2912,112
TCGA-05-4245-01A-01-BS1_x14504y2968,14504,2968,14448,2912,112
TCGA-05-4245-01A-01-BS1_x14616y2968,14616,2968,14560,2912,112
TCGA-05-4245-01A-01-BS1_x14728y2968,14728,2968,14672,2912,112
TCGA-05-4245-01A-01-BS1_x14840y2968,14840,2968,14784,2912,112
TCGA-05-4245-01A-01-BS1_x14952y2968,14952,2968,14896,2912,112
TCGA-05-4245-01A-01-BS1_x15064y2968,15064,2968,15008,2912,112
TCGA-05-4245-01A-01-BS1_x15176y2968,15176,2968,15120,2912,112
TCGA-05-4245-01A-01-BS1_x15400y2968,15400,2968,15344,2912,112
TCGA-05-4245-01A-01-BS1_x5544y3080,5544,3080,5488,3024,112
TCGA-05-4245-01A-01-BS1_x5656y3080,5656,3080,5600,3024,112
TCGA-05-4245-01A-01-BS1_x5768y3080,5768,3080,5712,3024,112
TCGA-05-4245-01A-01-BS1_x5880y3080,5880,3080,5824,3024,112
TCGA-05-4245-01A-01-BS1_x5992y3080,5992,3080,5936,3024,112
TCGA-05-4245-01A-01-BS1_x6104y3080,6104,3080,6048,3024,112
TCGA-05-4245-01A-01-BS1_x6216y3080,6216,3080,6160,3024,112
TCGA-05-4245-01A-01-BS1_x6328y3080,6328,3080,6272,3024,112
TCGA-05-4245-01A-01-BS1_x6440y3080,6440,3080,6384,3024,112
TCGA-05-4245-01A-01-BS1_x6552y3080,6552,3080,6496,3024,112
TCGA-05-4245-01A-01-BS1_x6664y3080,6664,3080,6608,3024,112
TCGA-05-4245-01A-01-BS1_x6776y3080,6776,3080,6720,3024,112
TCGA-05-4245-01A-01-BS1_x6888y3080,6888,3080,6832,3024,112
TCGA-05-4245-01A-01-BS1_x7000y3080,7000,3080,6944,3024,112
TCGA-05-4245-01A-01-BS1_x7112y3080,7112,3080,7056,3024,112
TCGA-05-4245-01A-01-BS1_x7224y3080,7224,3080,7168,3024,112
TCGA-05-4245-01A-01-BS1_x7336y3080,7336,3080,7280,3024,112
TCGA-05-4245-01A-01-BS1_x7448y3080,7448,3080,7392,3024,112
TCGA-05-4245-01A-01-BS1_x7560y3080,7560,3080,7504,3024,112
TCGA-05-4245-01A-01-BS1_x7672y3080,7672,3080,7616,3024,112
TCGA-05-4245-01A-01-BS1_x7784y3080,7784,3080,7728,3024,112
TCGA-05-4245-01A-01-BS1_x7896y3080,7896,3080,7840,3024,112
TCGA-05-4245-01A-01-BS1_x8008y3080,8008,3080,7952,3024,112
TCGA-05-4245-01A-01-BS1_x8120y3080,8120,3080,8064,3024,112
TCGA-05-4245-01A-01-BS1_x8232y3080,8232,3080,8176,3024,112
TCGA-05-4245-01A-01-BS1_x8344y3080,8344,3080,8288,3024,112
TCGA-05-4245-01A-01-BS1_x8456y3080,8456,3080,8400,3024,112
TCGA-05-4245-01A-01-BS1_x8568y3080,8568,3080,8512,3024,112
TCGA-05-4245-01A-01-BS1_x8680y3080,8680,3080,8624,3024,112
TCGA-05-4245-01A-01-BS1_x8792y3080,8792,3080,8736,3024,112
TCGA-05-4245-01A-01-BS1_x8904y3080,8904,3080,8848,3024,112
TCGA-05-4245-01A-01-BS1_x9240y3080,9240,3080,9184,3024,112
TCGA-05-4245-01A-01-BS1_x9352y3080,9352,3080,9296,3024,112
TCGA-05-4245-01A-01-BS1_x9464y3080,9464,3080,9408,3024,112
TCGA-05-4245-01A-01-BS1_x9576y3080,9576,3080,9520,3024,112
TCGA-05-4245-01A-01-BS1_x9688y3080,9688,3080,9632,3024,112
TCGA-05-4245-01A-01-BS1_x9800y3080,9800,3080,9744,3024,112
TCGA-05-4245-01A-01-BS1_x9912y3080,9912,3080,9856,3024,112
TCGA-05-4245-01A-01-BS1_x10024y3080,10024,3080,9968,3024,112
TCGA-05-4245-01A-01-BS1_x10136y3080,10136,3080,10080,3024,112
TCGA-05-4245-01A-01-BS1_x11480y3080,11480,3080,11424,3024,112
TCGA-05-4245-01A-01-BS1_x11592y3080,11592,3080,11536,3024,112
TCGA-05-4245-01A-01-BS1_x11704y3080,11704,3080,11648,3024,112
TCGA-05-4245-01A-01-BS1_x11816y3080,11816,3080,11760,3024,112
TCGA-05-4245-01A-01-BS1_x11928y3080,11928,3080,11872,3024,112
TCGA-05-4245-01A-01-BS1_x12040y3080,12040,3080,11984,3024,112
TCGA-05-4245-01A-01-BS1_x12152y3080,12152,3080,12096,3024,112
TCGA-05-4245-01A-01-BS1_x12264y3080,12264,3080,12208,3024,112
TCGA-05-4245-01A-01-BS1_x12600y3080,12600,3080,12544,3024,112
TCGA-05-4245-01A-01-BS1_x12712y3080,12712,3080,12656,3024,112
TCGA-05-4245-01A-01-BS1_x13272y3080,13272,3080,13216,3024,112
TCGA-05-4245-01A-01-BS1_x13384y3080,13384,3080,13328,3024,112
TCGA-05-4245-01A-01-BS1_x13496y3080,13496,3080,13440,3024,112
TCGA-05-4245-01A-01-BS1_x13608y3080,13608,3080,13552,3024,112
TCGA-05-4245-01A-01-BS1_x13720y3080,13720,3080,13664,3024,112
TCGA-05-4245-01A-01-BS1_x13832y3080,13832,3080,13776,3024,112
TCGA-05-4245-01A-01-BS1_x13944y3080,13944,3080,13888,3024,112
TCGA-05-4245-01A-01-BS1_x14056y3080,14056,3080,14000,3024,112
TCGA-05-4245-01A-01-BS1_x14168y3080,14168,3080,14112,3024,112
TCGA-05-4245-01A-01-BS1_x14280y3080,14280,3080,14224,3024,112
TCGA-05-4245-01A-01-BS1_x14392y3080,14392,3080,14336,3024,112
TCGA-05-4245-01A-01-BS1_x14504y3080,14504,3080,14448,3024,112
TCGA-05-4245-01A-01-BS1_x14616y3080,14616,3080,14560,3024,112
TCGA-05-4245-01A-01-BS1_x14728y3080,14728,3080,14672,3024,112
TCGA-05-4245-01A-01-BS1_x14840y3080,14840,3080,14784,3024,112
TCGA-05-4245-01A-01-BS1_x14952y3080,14952,3080,14896,3024,112
TCGA-05-4245-01A-01-BS1_x15064y3080,15064,3080,15008,3024,112
TCGA-05-4245-01A-01-BS1_x15176y3080,15176,3080,15120,3024,112
TCGA-05-4245-01A-01-BS1_x15288y3080,15288,3080,15232,3024,112
TCGA-05-4245-01A-01-BS1_x15400y3080,15400,3080,15344,3024,112
TCGA-05-4245-01A-01-BS1_x5432y3192,5432,3192,5376,3136,112
TCGA-05-4245-01A-01-BS1_x5656y3192,5656,3192,5600,3136,112
TCGA-05-4245-01A-01-BS1_x5768y3192,5768,3192,5712,3136,112
TCGA-05-4245-01A-01-BS1_x5880y3192,5880,3192,5824,3136,112
TCGA-05-4245-01A-01-BS1_x5992y3192,5992,3192,5936,3136,112
TCGA-05-4245-01A-01-BS1_x6104y3192,6104,3192,6048,3136,112
TCGA-05-4245-01A-01-BS1_x6216y3192,6216,3192,6160,3136,112
TCGA-05-4245-01A-01-BS1_x6328y3192,6328,3192,6272,3136,112
TCGA-05-4245-01A-01-BS1_x6440y3192,6440,3192,6384,3136,112
TCGA-05-4245-01A-01-BS1_x6552y3192,6552,3192,6496,3136,112
TCGA-05-4245-01A-01-BS1_x6664y3192,6664,3192,6608,3136,112
TCGA-05-4245-01A-01-BS1_x6776y3192,6776,3192,6720,3136,112
TCGA-05-4245-01A-01-BS1_x6888y3192,6888,3192,6832,3136,112
TCGA-05-4245-01A-01-BS1_x7000y3192,7000,3192,6944,3136,112
TCGA-05-4245-01A-01-BS1_x7112y3192,7112,3192,7056,3136,112
TCGA-05-4245-01A-01-BS1_x7224y3192,7224,3192,7168,3136,112
TCGA-05-4245-01A-01-BS1_x7336y3192,7336,3192,7280,3136,112
TCGA-05-4245-01A-01-BS1_x7448y3192,7448,3192,7392,3136,112
TCGA-05-4245-01A-01-BS1_x7560y3192,7560,3192,7504,3136,112
TCGA-05-4245-01A-01-BS1_x7672y3192,7672,3192,7616,3136,112
TCGA-05-4245-01A-01-BS1_x7784y3192,7784,3192,7728,3136,112
TCGA-05-4245-01A-01-BS1_x7896y3192,7896,3192,7840,3136,112
TCGA-05-4245-01A-01-BS1_x8008y3192,8008,3192,7952,3136,112
TCGA-05-4245-01A-01-BS1_x8120y3192,8120,3192,8064,3136,112
TCGA-05-4245-01A-01-BS1_x8232y3192,8232,3192,8176,3136,112
TCGA-05-4245-01A-01-BS1_x8344y3192,8344,3192,8288,3136,112
TCGA-05-4245-01A-01-BS1_x8456y3192,8456,3192,8400,3136,112
TCGA-05-4245-01A-01-BS1_x8568y3192,8568,3192,8512,3136,112
TCGA-05-4245-01A-01-BS1_x8680y3192,8680,3192,8624,3136,112
TCGA-05-4245-01A-01-BS1_x8792y3192,8792,3192,8736,3136,112
TCGA-05-4245-01A-01-BS1_x8904y3192,8904,3192,8848,3136,112
TCGA-05-4245-01A-01-BS1_x9128y3192,9128,3192,9072,3136,112
TCGA-05-4245-01A-01-BS1_x9240y3192,9240,3192,9184,3136,112
TCGA-05-4245-01A-01-BS1_x9352y3192,9352,3192,9296,3136,112
TCGA-05-4245-01A-01-BS1_x9464y3192,9464,3192,9408,3136,112
TCGA-05-4245-01A-01-BS1_x9576y3192,9576,3192,9520,3136,112
TCGA-05-4245-01A-01-BS1_x9688y3192,9688,3192,9632,3136,112
TCGA-05-4245-01A-01-BS1_x9800y3192,9800,3192,9744,3136,112
TCGA-05-4245-01A-01-BS1_x9912y3192,9912,3192,9856,3136,112
TCGA-05-4245-01A-01-BS1_x10024y3192,10024,3192,9968,3136,112
TCGA-05-4245-01A-01-BS1_x10248y3192,10248,3192,10192,3136,112
TCGA-05-4245-01A-01-BS1_x11368y3192,11368,3192,11312,3136,112
TCGA-05-4245-01A-01-BS1_x11480y3192,11480,3192,11424,3136,112
TCGA-05-4245-01A-01-BS1_x11592y3192,11592,3192,11536,3136,112
TCGA-05-4245-01A-01-BS1_x11704y3192,11704,3192,11648,3136,112
TCGA-05-4245-01A-01-BS1_x11816y3192,11816,3192,11760,3136,112
TCGA-05-4245-01A-01-BS1_x11928y3192,11928,3192,11872,3136,112
TCGA-05-4245-01A-01-BS1_x12040y3192,12040,3192,11984,3136,112
TCGA-05-4245-01A-01-BS1_x12152y3192,12152,3192,12096,3136,112
TCGA-05-4245-01A-01-BS1_x12264y3192,12264,3192,12208,3136,112
TCGA-05-4245-01A-01-BS1_x12376y3192,12376,3192,12320,3136,112
TCGA-05-4245-01A-01-BS1_x12488y3192,12488,3192,12432,3136,112
TCGA-05-4245-01A-01-BS1_x12600y3192,12600,3192,12544,3136,112
TCGA-05-4245-01A-01-BS1_x12712y3192,12712,3192,12656,3136,112
TCGA-05-4245-01A-01-BS1_x13272y3192,13272,3192,13216,3136,112
TCGA-05-4245-01A-01-BS1_x13384y3192,13384,3192,13328,3136,112
TCGA-05-4245-01A-01-BS1_x13496y3192,13496,3192,13440,3136,112
TCGA-05-4245-01A-01-BS1_x13608y3192,13608,3192,13552,3136,112
TCGA-05-4245-01A-01-BS1_x13720y3192,13720,3192,13664,3136,112
TCGA-05-4245-01A-01-BS1_x13832y3192,13832,3192,13776,3136,112
TCGA-05-4245-01A-01-BS1_x13944y3192,13944,3192,13888,3136,112
TCGA-05-4245-01A-01-BS1_x14056y3192,14056,3192,14000,3136,112
TCGA-05-4245-01A-01-BS1_x14168y3192,14168,3192,14112,3136,112
TCGA-05-4245-01A-01-BS1_x14280y3192,14280,3192,14224,3136,112
TCGA-05-4245-01A-01-BS1_x14392y3192,14392,3192,14336,3136,112
TCGA-05-4245-01A-01-BS1_x14504y3192,14504,3192,14448,3136,112
TCGA-05-4245-01A-01-BS1_x14616y3192,14616,3192,14560,3136,112
TCGA-05-4245-01A-01-BS1_x14728y3192,14728,3192,14672,3136,112
TCGA-05-4245-01A-01-BS1_x14840y3192,14840,3192,14784,3136,112
TCGA-05-4245-01A-01-BS1_x14952y3192,14952,3192,14896,3136,112
TCGA-05-4245-01A-01-BS1_x15064y3192,15064,3192,15008,3136,112
TCGA-05-4245-01A-01-BS1_x15176y3192,15176,3192,15120,3136,112
TCGA-05-4245-01A-01-BS1_x15288y3192,15288,3192,15232,3136,112
TCGA-05-4245-01A-01-BS1_x15400y3192,15400,3192,15344,3136,112
TCGA-05-4245-01A-01-BS1_x5320y3304,5320,3304,5264,3248,112
TCGA-05-4245-01A-01-BS1_x5432y3304,5432,3304,5376,3248,112
TCGA-05-4245-01A-01-BS1_x5544y3304,5544,3304,5488,3248,112
TCGA-05-4245-01A-01-BS1_x5656y3304,5656,3304,5600,3248,112
TCGA-05-4245-01A-01-BS1_x5768y3304,5768,3304,5712,3248,112
TCGA-05-4245-01A-01-BS1_x5880y3304,5880,3304,5824,3248,112
TCGA-05-4245-01A-01-BS1_x5992y3304,5992,3304,5936,3248,112
TCGA-05-4245-01A-01-BS1_x6104y3304,6104,3304,6048,3248,112
TCGA-05-4245-01A-01-BS1_x6216y3304,6216,3304,6160,3248,112
TCGA-05-4245-01A-01-BS1_x6328y3304,6328,3304,6272,3248,112
TCGA-05-4245-01A-01-BS1_x6440y3304,6440,3304,6384,3248,112
TCGA-05-4245-01A-01-BS1_x6552y3304,6552,3304,6496,3248,112
TCGA-05-4245-01A-01-BS1_x6664y3304,6664,3304,6608,3248,112
TCGA-05-4245-01A-01-BS1_x6776y3304,6776,3304,6720,3248,112
TCGA-05-4245-01A-01-BS1_x6888y3304,6888,3304,6832,3248,112
TCGA-05-4245-01A-01-BS1_x7000y3304,7000,3304,6944,3248,112
TCGA-05-4245-01A-01-BS1_x7112y3304,7112,3304,7056,3248,112
TCGA-05-4245-01A-01-BS1_x7224y3304,7224,3304,7168,3248,112
TCGA-05-4245-01A-01-BS1_x7336y3304,7336,3304,7280,3248,112
TCGA-05-4245-01A-01-BS1_x7448y3304,7448,3304,7392,3248,112
TCGA-05-4245-01A-01-BS1_x7560y3304,7560,3304,7504,3248,112
TCGA-05-4245-01A-01-BS1_x7672y3304,7672,3304,7616,3248,112
TCGA-05-4245-01A-01-BS1_x7784y3304,7784,3304,7728,3248,112
TCGA-05-4245-01A-01-BS1_x7896y3304,7896,3304,7840,3248,112
TCGA-05-4245-01A-01-BS1_x8008y3304,8008,3304,7952,3248,112
TCGA-05-4245-01A-01-BS1_x8120y3304,8120,3304,8064,3248,112
TCGA-05-4245-01A-01-BS1_x8232y3304,8232,3304,8176,3248,112
TCGA-05-4245-01A-01-BS1_x8344y3304,8344,3304,8288,3248,112
TCGA-05-4245-01A-01-BS1_x8456y3304,8456,3304,8400,3248,112
TCGA-05-4245-01A-01-BS1_x8568y3304,8568,3304,8512,3248,112
TCGA-05-4245-01A-01-BS1_x8680y3304,8680,3304,8624,3248,112
TCGA-05-4245-01A-01-BS1_x9016y3304,9016,3304,8960,3248,112
TCGA-05-4245-01A-01-BS1_x9128y3304,9128,3304,9072,3248,112
TCGA-05-4245-01A-01-BS1_x9240y3304,9240,3304,9184,3248,112
TCGA-05-4245-01A-01-BS1_x9352y3304,9352,3304,9296,3248,112
TCGA-05-4245-01A-01-BS1_x9464y3304,9464,3304,9408,3248,112
TCGA-05-4245-01A-01-BS1_x9576y3304,9576,3304,9520,3248,112
TCGA-05-4245-01A-01-BS1_x9688y3304,9688,3304,9632,3248,112
TCGA-05-4245-01A-01-BS1_x9800y3304,9800,3304,9744,3248,112
TCGA-05-4245-01A-01-BS1_x9912y3304,9912,3304,9856,3248,112
TCGA-05-4245-01A-01-BS1_x10024y3304,10024,3304,9968,3248,112
TCGA-05-4245-01A-01-BS1_x10136y3304,10136,3304,10080,3248,112
TCGA-05-4245-01A-01-BS1_x11256y3304,11256,3304,11200,3248,112
TCGA-05-4245-01A-01-BS1_x11368y3304,11368,3304,11312,3248,112
TCGA-05-4245-01A-01-BS1_x11480y3304,11480,3304,11424,3248,112
TCGA-05-4245-01A-01-BS1_x11592y3304,11592,3304,11536,3248,112
TCGA-05-4245-01A-01-BS1_x11704y3304,11704,3304,11648,3248,112
TCGA-05-4245-01A-01-BS1_x11816y3304,11816,3304,11760,3248,112
TCGA-05-4245-01A-01-BS1_x11928y3304,11928,3304,11872,3248,112
TCGA-05-4245-01A-01-BS1_x12040y3304,12040,3304,11984,3248,112
TCGA-05-4245-01A-01-BS1_x12152y3304,12152,3304,12096,3248,112
TCGA-05-4245-01A-01-BS1_x12264y3304,12264,3304,12208,3248,112
TCGA-05-4245-01A-01-BS1_x12376y3304,12376,3304,12320,3248,112
TCGA-05-4245-01A-01-BS1_x13944y3304,13944,3304,13888,3248,112
TCGA-05-4245-01A-01-BS1_x14056y3304,14056,3304,14000,3248,112
TCGA-05-4245-01A-01-BS1_x14168y3304,14168,3304,14112,3248,112
TCGA-05-4245-01A-01-BS1_x14280y3304,14280,3304,14224,3248,112
TCGA-05-4245-01A-01-BS1_x14392y3304,14392,3304,14336,3248,112
TCGA-05-4245-01A-01-BS1_x14504y3304,14504,3304,14448,3248,112
TCGA-05-4245-01A-01-BS1_x14616y3304,14616,3304,14560,3248,112
TCGA-05-4245-01A-01-BS1_x14728y3304,14728,3304,14672,3248,112
TCGA-05-4245-01A-01-BS1_x14840y3304,14840,3304,14784,3248,112
TCGA-05-4245-01A-01-BS1_x14952y3304,14952,3304,14896,3248,112
TCGA-05-4245-01A-01-BS1_x15064y3304,15064,3304,15008,3248,112
TCGA-05-4245-01A-01-BS1_x15176y3304,15176,3304,15120,3248,112
TCGA-05-4245-01A-01-BS1_x15288y3304,15288,3304,15232,3248,112
TCGA-05-4245-01A-01-BS1_x15400y3304,15400,3304,15344,3248,112
TCGA-05-4245-01A-01-BS1_x5208y3416,5208,3416,5152,3360,112
TCGA-05-4245-01A-01-BS1_x5320y3416,5320,3416,5264,3360,112
TCGA-05-4245-01A-01-BS1_x5432y3416,5432,3416,5376,3360,112
TCGA-05-4245-01A-01-BS1_x5544y3416,5544,3416,5488,3360,112
TCGA-05-4245-01A-01-BS1_x5656y3416,5656,3416,5600,3360,112
TCGA-05-4245-01A-01-BS1_x5768y3416,5768,3416,5712,3360,112
TCGA-05-4245-01A-01-BS1_x5880y3416,5880,3416,5824,3360,112
TCGA-05-4245-01A-01-BS1_x5992y3416,5992,3416,5936,3360,112
TCGA-05-4245-01A-01-BS1_x6216y3416,6216,3416,6160,3360,112
TCGA-05-4245-01A-01-BS1_x6328y3416,6328,3416,6272,3360,112
TCGA-05-4245-01A-01-BS1_x6440y3416,6440,3416,6384,3360,112
TCGA-05-4245-01A-01-BS1_x6552y3416,6552,3416,6496,3360,112
TCGA-05-4245-01A-01-BS1_x6664y3416,6664,3416,6608,3360,112
TCGA-05-4245-01A-01-BS1_x6776y3416,6776,3416,6720,3360,112
TCGA-05-4245-01A-01-BS1_x6888y3416,6888,3416,6832,3360,112
TCGA-05-4245-01A-01-BS1_x7000y3416,7000,3416,6944,3360,112
TCGA-05-4245-01A-01-BS1_x7112y3416,7112,3416,7056,3360,112
TCGA-05-4245-01A-01-BS1_x7224y3416,7224,3416,7168,3360,112
TCGA-05-4245-01A-01-BS1_x7336y3416,7336,3416,7280,3360,112
TCGA-05-4245-01A-01-BS1_x7448y3416,7448,3416,7392,3360,112
TCGA-05-4245-01A-01-BS1_x7560y3416,7560,3416,7504,3360,112
TCGA-05-4245-01A-01-BS1_x7672y3416,7672,3416,7616,3360,112
TCGA-05-4245-01A-01-BS1_x7784y3416,7784,3416,7728,3360,112
TCGA-05-4245-01A-01-BS1_x7896y3416,7896,3416,7840,3360,112
TCGA-05-4245-01A-01-BS1_x8008y3416,8008,3416,7952,3360,112
TCGA-05-4245-01A-01-BS1_x8120y3416,8120,3416,8064,3360,112
TCGA-05-4245-01A-01-BS1_x8232y3416,8232,3416,8176,3360,112
TCGA-05-4245-01A-01-BS1_x8456y3416,8456,3416,8400,3360,112
TCGA-05-4245-01A-01-BS1_x8568y3416,8568,3416,8512,3360,112
TCGA-05-4245-01A-01-BS1_x8680y3416,8680,3416,8624,3360,112
TCGA-05-4245-01A-01-BS1_x8792y3416,8792,3416,8736,3360,112
TCGA-05-4245-01A-01-BS1_x8904y3416,8904,3416,8848,3360,112
TCGA-05-4245-01A-01-BS1_x9016y3416,9016,3416,8960,3360,112
TCGA-05-4245-01A-01-BS1_x9128y3416,9128,3416,9072,3360,112
TCGA-05-4245-01A-01-BS1_x9240y3416,9240,3416,9184,3360,112
TCGA-05-4245-01A-01-BS1_x9352y3416,9352,3416,9296,3360,112
TCGA-05-4245-01A-01-BS1_x9576y3416,9576,3416,9520,3360,112
TCGA-05-4245-01A-01-BS1_x9688y3416,9688,3416,9632,3360,112
TCGA-05-4245-01A-01-BS1_x9800y3416,9800,3416,9744,3360,112
TCGA-05-4245-01A-01-BS1_x9912y3416,9912,3416,9856,3360,112
TCGA-05-4245-01A-01-BS1_x10024y3416,10024,3416,9968,3360,112
TCGA-05-4245-01A-01-BS1_x10136y3416,10136,3416,10080,3360,112
TCGA-05-4245-01A-01-BS1_x10248y3416,10248,3416,10192,3360,112
TCGA-05-4245-01A-01-BS1_x11144y3416,11144,3416,11088,3360,112
TCGA-05-4245-01A-01-BS1_x11256y3416,11256,3416,11200,3360,112
TCGA-05-4245-01A-01-BS1_x11368y3416,11368,3416,11312,3360,112
TCGA-05-4245-01A-01-BS1_x11480y3416,11480,3416,11424,3360,112
TCGA-05-4245-01A-01-BS1_x11592y3416,11592,3416,11536,3360,112
TCGA-05-4245-01A-01-BS1_x11704y3416,11704,3416,11648,3360,112
TCGA-05-4245-01A-01-BS1_x11816y3416,11816,3416,11760,3360,112
TCGA-05-4245-01A-01-BS1_x11928y3416,11928,3416,11872,3360,112
TCGA-05-4245-01A-01-BS1_x12040y3416,12040,3416,11984,3360,112
TCGA-05-4245-01A-01-BS1_x12152y3416,12152,3416,12096,3360,112
TCGA-05-4245-01A-01-BS1_x12264y3416,12264,3416,12208,3360,112
TCGA-05-4245-01A-01-BS1_x12376y3416,12376,3416,12320,3360,112
TCGA-05-4245-01A-01-BS1_x12488y3416,12488,3416,12432,3360,112
TCGA-05-4245-01A-01-BS1_x12936y3416,12936,3416,12880,3360,112
TCGA-05-4245-01A-01-BS1_x14168y3416,14168,3416,14112,3360,112
TCGA-05-4245-01A-01-BS1_x14280y3416,14280,3416,14224,3360,112
TCGA-05-4245-01A-01-BS1_x14392y3416,14392,3416,14336,3360,112
TCGA-05-4245-01A-01-BS1_x14504y3416,14504,3416,14448,3360,112
TCGA-05-4245-01A-01-BS1_x14616y3416,14616,3416,14560,3360,112
TCGA-05-4245-01A-01-BS1_x14728y3416,14728,3416,14672,3360,112
TCGA-05-4245-01A-01-BS1_x14840y3416,14840,3416,14784,3360,112
TCGA-05-4245-01A-01-BS1_x14952y3416,14952,3416,14896,3360,112
TCGA-05-4245-01A-01-BS1_x15064y3416,15064,3416,15008,3360,112
TCGA-05-4245-01A-01-BS1_x15176y3416,15176,3416,15120,3360,112
TCGA-05-4245-01A-01-BS1_x15288y3416,15288,3416,15232,3360,112
TCGA-05-4245-01A-01-BS1_x15400y3416,15400,3416,15344,3360,112
TCGA-05-4245-01A-01-BS1_x5096y3528,5096,3528,5040,3472,112
TCGA-05-4245-01A-01-BS1_x5208y3528,5208,3528,5152,3472,112
TCGA-05-4245-01A-01-BS1_x5320y3528,5320,3528,5264,3472,112
TCGA-05-4245-01A-01-BS1_x5432y3528,5432,3528,5376,3472,112
TCGA-05-4245-01A-01-BS1_x5544y3528,5544,3528,5488,3472,112
TCGA-05-4245-01A-01-BS1_x5656y3528,5656,3528,5600,3472,112
TCGA-05-4245-01A-01-BS1_x5768y3528,5768,3528,5712,3472,112
TCGA-05-4245-01A-01-BS1_x5880y3528,5880,3528,5824,3472,112
TCGA-05-4245-01A-01-BS1_x5992y3528,5992,3528,5936,3472,112
TCGA-05-4245-01A-01-BS1_x6104y3528,6104,3528,6048,3472,112
TCGA-05-4245-01A-01-BS1_x6216y3528,6216,3528,6160,3472,112
TCGA-05-4245-01A-01-BS1_x6328y3528,6328,3528,6272,3472,112
TCGA-05-4245-01A-01-BS1_x6440y3528,6440,3528,6384,3472,112
TCGA-05-4245-01A-01-BS1_x6552y3528,6552,3528,6496,3472,112
TCGA-05-4245-01A-01-BS1_x6664y3528,6664,3528,6608,3472,112
TCGA-05-4245-01A-01-BS1_x6776y3528,6776,3528,6720,3472,112
TCGA-05-4245-01A-01-BS1_x6888y3528,6888,3528,6832,3472,112
TCGA-05-4245-01A-01-BS1_x7000y3528,7000,3528,6944,3472,112
TCGA-05-4245-01A-01-BS1_x7112y3528,7112,3528,7056,3472,112
TCGA-05-4245-01A-01-BS1_x7224y3528,7224,3528,7168,3472,112
TCGA-05-4245-01A-01-BS1_x7336y3528,7336,3528,7280,3472,112
TCGA-05-4245-01A-01-BS1_x7448y3528,7448,3528,7392,3472,112
TCGA-05-4245-01A-01-BS1_x7560y3528,7560,3528,7504,3472,112
TCGA-05-4245-01A-01-BS1_x7672y3528,7672,3528,7616,3472,112
TCGA-05-4245-01A-01-BS1_x7896y3528,7896,3528,7840,3472,112
TCGA-05-4245-01A-01-BS1_x8008y3528,8008,3528,7952,3472,112
TCGA-05-4245-01A-01-BS1_x8120y3528,8120,3528,8064,3472,112
TCGA-05-4245-01A-01-BS1_x8232y3528,8232,3528,8176,3472,112
TCGA-05-4245-01A-01-BS1_x8344y3528,8344,3528,8288,3472,112
TCGA-05-4245-01A-01-BS1_x8456y3528,8456,3528,8400,3472,112
TCGA-05-4245-01A-01-BS1_x8568y3528,8568,3528,8512,3472,112
TCGA-05-4245-01A-01-BS1_x8792y3528,8792,3528,8736,3472,112
TCGA-05-4245-01A-01-BS1_x8904y3528,8904,3528,8848,3472,112
TCGA-05-4245-01A-01-BS1_x9016y3528,9016,3528,8960,3472,112
TCGA-05-4245-01A-01-BS1_x9128y3528,9128,3528,9072,3472,112
TCGA-05-4245-01A-01-BS1_x9240y3528,9240,3528,9184,3472,112
TCGA-05-4245-01A-01-BS1_x9352y3528,9352,3528,9296,3472,112
TCGA-05-4245-01A-01-BS1_x9464y3528,9464,3528,9408,3472,112
TCGA-05-4245-01A-01-BS1_x9576y3528,9576,3528,9520,3472,112
TCGA-05-4245-01A-01-BS1_x9688y3528,9688,3528,9632,3472,112
TCGA-05-4245-01A-01-BS1_x9800y3528,9800,3528,9744,3472,112
TCGA-05-4245-01A-01-BS1_x9912y3528,9912,3528,9856,3472,112
TCGA-05-4245-01A-01-BS1_x10136y3528,10136,3528,10080,3472,112
TCGA-05-4245-01A-01-BS1_x10248y3528,10248,3528,10192,3472,112
TCGA-05-4245-01A-01-BS1_x11032y3528,11032,3528,10976,3472,112
TCGA-05-4245-01A-01-BS1_x11144y3528,11144,3528,11088,3472,112
TCGA-05-4245-01A-01-BS1_x11816y3528,11816,3528,11760,3472,112
TCGA-05-4245-01A-01-BS1_x11928y3528,11928,3528,11872,3472,112
TCGA-05-4245-01A-01-BS1_x12040y3528,12040,3528,11984,3472,112
TCGA-05-4245-01A-01-BS1_x12152y3528,12152,3528,12096,3472,112
TCGA-05-4245-01A-01-BS1_x12264y3528,12264,3528,12208,3472,112
TCGA-05-4245-01A-01-BS1_x12376y3528,12376,3528,12320,3472,112
TCGA-05-4245-01A-01-BS1_x12488y3528,12488,3528,12432,3472,112
TCGA-05-4245-01A-01-BS1_x12600y3528,12600,3528,12544,3472,112
TCGA-05-4245-01A-01-BS1_x12712y3528,12712,3528,12656,3472,112
TCGA-05-4245-01A-01-BS1_x12824y3528,12824,3528,12768,3472,112
TCGA-05-4245-01A-01-BS1_x14168y3528,14168,3528,14112,3472,112
TCGA-05-4245-01A-01-BS1_x14392y3528,14392,3528,14336,3472,112
TCGA-05-4245-01A-01-BS1_x14504y3528,14504,3528,14448,3472,112
TCGA-05-4245-01A-01-BS1_x14840y3528,14840,3528,14784,3472,112
TCGA-05-4245-01A-01-BS1_x14952y3528,14952,3528,14896,3472,112
TCGA-05-4245-01A-01-BS1_x15064y3528,15064,3528,15008,3472,112
TCGA-05-4245-01A-01-BS1_x15176y3528,15176,3528,15120,3472,112
TCGA-05-4245-01A-01-BS1_x15288y3528,15288,3528,15232,3472,112
TCGA-05-4245-01A-01-BS1_x15400y3528,15400,3528,15344,3472,112
TCGA-05-4245-01A-01-BS1_x4984y3640,4984,3640,4928,3584,112
TCGA-05-4245-01A-01-BS1_x5096y3640,5096,3640,5040,3584,112
TCGA-05-4245-01A-01-BS1_x5208y3640,5208,3640,5152,3584,112
TCGA-05-4245-01A-01-BS1_x5320y3640,5320,3640,5264,3584,112
TCGA-05-4245-01A-01-BS1_x5432y3640,5432,3640,5376,3584,112
TCGA-05-4245-01A-01-BS1_x5544y3640,5544,3640,5488,3584,112
TCGA-05-4245-01A-01-BS1_x5656y3640,5656,3640,5600,3584,112
TCGA-05-4245-01A-01-BS1_x5768y3640,5768,3640,5712,3584,112
TCGA-05-4245-01A-01-BS1_x5880y3640,5880,3640,5824,3584,112
TCGA-05-4245-01A-01-BS1_x5992y3640,5992,3640,5936,3584,112
TCGA-05-4245-01A-01-BS1_x6104y3640,6104,3640,6048,3584,112
TCGA-05-4245-01A-01-BS1_x6216y3640,6216,3640,6160,3584,112
TCGA-05-4245-01A-01-BS1_x6328y3640,6328,3640,6272,3584,112
TCGA-05-4245-01A-01-BS1_x6440y3640,6440,3640,6384,3584,112
TCGA-05-4245-01A-01-BS1_x6552y3640,6552,3640,6496,3584,112
TCGA-05-4245-01A-01-BS1_x6664y3640,6664,3640,6608,3584,112
TCGA-05-4245-01A-01-BS1_x6776y3640,6776,3640,6720,3584,112
TCGA-05-4245-01A-01-BS1_x6888y3640,6888,3640,6832,3584,112
TCGA-05-4245-01A-01-BS1_x7000y3640,7000,3640,6944,3584,112
TCGA-05-4245-01A-01-BS1_x7112y3640,7112,3640,7056,3584,112
TCGA-05-4245-01A-01-BS1_x7224y3640,7224,3640,7168,3584,112
TCGA-05-4245-01A-01-BS1_x7336y3640,7336,3640,7280,3584,112
TCGA-05-4245-01A-01-BS1_x7448y3640,7448,3640,7392,3584,112
TCGA-05-4245-01A-01-BS1_x7560y3640,7560,3640,7504,3584,112
TCGA-05-4245-01A-01-BS1_x7672y3640,7672,3640,7616,3584,112
TCGA-05-4245-01A-01-BS1_x7784y3640,7784,3640,7728,3584,112
TCGA-05-4245-01A-01-BS1_x7896y3640,7896,3640,7840,3584,112
TCGA-05-4245-01A-01-BS1_x8008y3640,8008,3640,7952,3584,112
TCGA-05-4245-01A-01-BS1_x8120y3640,8120,3640,8064,3584,112
TCGA-05-4245-01A-01-BS1_x8232y3640,8232,3640,8176,3584,112
TCGA-05-4245-01A-01-BS1_x8344y3640,8344,3640,8288,3584,112
TCGA-05-4245-01A-01-BS1_x8456y3640,8456,3640,8400,3584,112
TCGA-05-4245-01A-01-BS1_x8568y3640,8568,3640,8512,3584,112
TCGA-05-4245-01A-01-BS1_x8680y3640,8680,3640,8624,3584,112
TCGA-05-4245-01A-01-BS1_x8792y3640,8792,3640,8736,3584,112
TCGA-05-4245-01A-01-BS1_x8904y3640,8904,3640,8848,3584,112
TCGA-05-4245-01A-01-BS1_x9016y3640,9016,3640,8960,3584,112
TCGA-05-4245-01A-01-BS1_x9128y3640,9128,3640,9072,3584,112
TCGA-05-4245-01A-01-BS1_x9240y3640,9240,3640,9184,3584,112
TCGA-05-4245-01A-01-BS1_x9352y3640,9352,3640,9296,3584,112
TCGA-05-4245-01A-01-BS1_x9464y3640,9464,3640,9408,3584,112
TCGA-05-4245-01A-01-BS1_x9576y3640,9576,3640,9520,3584,112
TCGA-05-4245-01A-01-BS1_x9688y3640,9688,3640,9632,3584,112
TCGA-05-4245-01A-01-BS1_x9800y3640,9800,3640,9744,3584,112
TCGA-05-4245-01A-01-BS1_x9912y3640,9912,3640,9856,3584,112
TCGA-05-4245-01A-01-BS1_x10024y3640,10024,3640,9968,3584,112
TCGA-05-4245-01A-01-BS1_x10136y3640,10136,3640,10080,3584,112
TCGA-05-4245-01A-01-BS1_x10248y3640,10248,3640,10192,3584,112
TCGA-05-4245-01A-01-BS1_x11704y3640,11704,3640,11648,3584,112
TCGA-05-4245-01A-01-BS1_x11816y3640,11816,3640,11760,3584,112
TCGA-05-4245-01A-01-BS1_x11928y3640,11928,3640,11872,3584,112
TCGA-05-4245-01A-01-BS1_x12040y3640,12040,3640,11984,3584,112
TCGA-05-4245-01A-01-BS1_x12152y3640,12152,3640,12096,3584,112
TCGA-05-4245-01A-01-BS1_x12264y3640,12264,3640,12208,3584,112
TCGA-05-4245-01A-01-BS1_x12376y3640,12376,3640,12320,3584,112
TCGA-05-4245-01A-01-BS1_x12488y3640,12488,3640,12432,3584,112
TCGA-05-4245-01A-01-BS1_x12600y3640,12600,3640,12544,3584,112
TCGA-05-4245-01A-01-BS1_x12712y3640,12712,3640,12656,3584,112
TCGA-05-4245-01A-01-BS1_x12824y3640,12824,3640,12768,3584,112
TCGA-05-4245-01A-01-BS1_x12936y3640,12936,3640,12880,3584,112
TCGA-05-4245-01A-01-BS1_x13048y3640,13048,3640,12992,3584,112
TCGA-05-4245-01A-01-BS1_x13832y3640,13832,3640,13776,3584,112
TCGA-05-4245-01A-01-BS1_x13944y3640,13944,3640,13888,3584,112
TCGA-05-4245-01A-01-BS1_x14056y3640,14056,3640,14000,3584,112
TCGA-05-4245-01A-01-BS1_x14168y3640,14168,3640,14112,3584,112
TCGA-05-4245-01A-01-BS1_x14280y3640,14280,3640,14224,3584,112
TCGA-05-4245-01A-01-BS1_x14392y3640,14392,3640,14336,3584,112
TCGA-05-4245-01A-01-BS1_x14504y3640,14504,3640,14448,3584,112
TCGA-05-4245-01A-01-BS1_x14616y3640,14616,3640,14560,3584,112
TCGA-05-4245-01A-01-BS1_x14728y3640,14728,3640,14672,3584,112
TCGA-05-4245-01A-01-BS1_x14840y3640,14840,3640,14784,3584,112
TCGA-05-4245-01A-01-BS1_x14952y3640,14952,3640,14896,3584,112
TCGA-05-4245-01A-01-BS1_x15064y3640,15064,3640,15008,3584,112
TCGA-05-4245-01A-01-BS1_x15176y3640,15176,3640,15120,3584,112
TCGA-05-4245-01A-01-BS1_x15288y3640,15288,3640,15232,3584,112
TCGA-05-4245-01A-01-BS1_x15400y3640,15400,3640,15344,3584,112
TCGA-05-4245-01A-01-BS1_x4984y3752,4984,3752,4928,3696,112
TCGA-05-4245-01A-01-BS1_x5096y3752,5096,3752,5040,3696,112
TCGA-05-4245-01A-01-BS1_x5208y3752,5208,3752,5152,3696,112
TCGA-05-4245-01A-01-BS1_x5320y3752,5320,3752,5264,3696,112
TCGA-05-4245-01A-01-BS1_x5432y3752,5432,3752,5376,3696,112
TCGA-05-4245-01A-01-BS1_x5544y3752,5544,3752,5488,3696,112
TCGA-05-4245-01A-01-BS1_x5656y3752,5656,3752,5600,3696,112
TCGA-05-4245-01A-01-BS1_x5768y3752,5768,3752,5712,3696,112
TCGA-05-4245-01A-01-BS1_x5880y3752,5880,3752,5824,3696,112
TCGA-05-4245-01A-01-BS1_x5992y3752,5992,3752,5936,3696,112
TCGA-05-4245-01A-01-BS1_x6104y3752,6104,3752,6048,3696,112
TCGA-05-4245-01A-01-BS1_x6216y3752,6216,3752,6160,3696,112
TCGA-05-4245-01A-01-BS1_x6328y3752,6328,3752,6272,3696,112
TCGA-05-4245-01A-01-BS1_x6440y3752,6440,3752,6384,3696,112
TCGA-05-4245-01A-01-BS1_x6552y3752,6552,3752,6496,3696,112
TCGA-05-4245-01A-01-BS1_x6664y3752,6664,3752,6608,3696,112
TCGA-05-4245-01A-01-BS1_x6776y3752,6776,3752,6720,3696,112
TCGA-05-4245-01A-01-BS1_x6888y3752,6888,3752,6832,3696,112
TCGA-05-4245-01A-01-BS1_x7000y3752,7000,3752,6944,3696,112
TCGA-05-4245-01A-01-BS1_x7112y3752,7112,3752,7056,3696,112
TCGA-05-4245-01A-01-BS1_x7224y3752,7224,3752,7168,3696,112
TCGA-05-4245-01A-01-BS1_x7336y3752,7336,3752,7280,3696,112
TCGA-05-4245-01A-01-BS1_x7448y3752,7448,3752,7392,3696,112
TCGA-05-4245-01A-01-BS1_x7560y3752,7560,3752,7504,3696,112
TCGA-05-4245-01A-01-BS1_x7672y3752,7672,3752,7616,3696,112
TCGA-05-4245-01A-01-BS1_x7784y3752,7784,3752,7728,3696,112
TCGA-05-4245-01A-01-BS1_x7896y3752,7896,3752,7840,3696,112
TCGA-05-4245-01A-01-BS1_x8008y3752,8008,3752,7952,3696,112
TCGA-05-4245-01A-01-BS1_x8120y3752,8120,3752,8064,3696,112
TCGA-05-4245-01A-01-BS1_x8232y3752,8232,3752,8176,3696,112
TCGA-05-4245-01A-01-BS1_x8344y3752,8344,3752,8288,3696,112
TCGA-05-4245-01A-01-BS1_x8456y3752,8456,3752,8400,3696,112
TCGA-05-4245-01A-01-BS1_x8568y3752,8568,3752,8512,3696,112
TCGA-05-4245-01A-01-BS1_x8680y3752,8680,3752,8624,3696,112
TCGA-05-4245-01A-01-BS1_x8904y3752,8904,3752,8848,3696,112
TCGA-05-4245-01A-01-BS1_x9016y3752,9016,3752,8960,3696,112
TCGA-05-4245-01A-01-BS1_x9128y3752,9128,3752,9072,3696,112
TCGA-05-4245-01A-01-BS1_x9240y3752,9240,3752,9184,3696,112
TCGA-05-4245-01A-01-BS1_x9352y3752,9352,3752,9296,3696,112
TCGA-05-4245-01A-01-BS1_x9464y3752,9464,3752,9408,3696,112
TCGA-05-4245-01A-01-BS1_x9576y3752,9576,3752,9520,3696,112
TCGA-05-4245-01A-01-BS1_x9688y3752,9688,3752,9632,3696,112
TCGA-05-4245-01A-01-BS1_x9800y3752,9800,3752,9744,3696,112
TCGA-05-4245-01A-01-BS1_x9912y3752,9912,3752,9856,3696,112
TCGA-05-4245-01A-01-BS1_x10024y3752,10024,3752,9968,3696,112
TCGA-05-4245-01A-01-BS1_x10136y3752,10136,3752,10080,3696,112
TCGA-05-4245-01A-01-BS1_x10248y3752,10248,3752,10192,3696,112
TCGA-05-4245-01A-01-BS1_x10584y3752,10584,3752,10528,3696,112
TCGA-05-4245-01A-01-BS1_x10696y3752,10696,3752,10640,3696,112
TCGA-05-4245-01A-01-BS1_x10808y3752,10808,3752,10752,3696,112
TCGA-05-4245-01A-01-BS1_x10920y3752,10920,3752,10864,3696,112
TCGA-05-4245-01A-01-BS1_x11592y3752,11592,3752,11536,3696,112
TCGA-05-4245-01A-01-BS1_x12488y3752,12488,3752,12432,3696,112
TCGA-05-4245-01A-01-BS1_x12600y3752,12600,3752,12544,3696,112
TCGA-05-4245-01A-01-BS1_x12712y3752,12712,3752,12656,3696,112
TCGA-05-4245-01A-01-BS1_x12824y3752,12824,3752,12768,3696,112
TCGA-05-4245-01A-01-BS1_x12936y3752,12936,3752,12880,3696,112
TCGA-05-4245-01A-01-BS1_x13048y3752,13048,3752,12992,3696,112
TCGA-05-4245-01A-01-BS1_x13608y3752,13608,3752,13552,3696,112
TCGA-05-4245-01A-01-BS1_x13720y3752,13720,3752,13664,3696,112
TCGA-05-4245-01A-01-BS1_x13832y3752,13832,3752,13776,3696,112
TCGA-05-4245-01A-01-BS1_x13944y3752,13944,3752,13888,3696,112
TCGA-05-4245-01A-01-BS1_x14056y3752,14056,3752,14000,3696,112
TCGA-05-4245-01A-01-BS1_x14168y3752,14168,3752,14112,3696,112
TCGA-05-4245-01A-01-BS1_x14280y3752,14280,3752,14224,3696,112
TCGA-05-4245-01A-01-BS1_x14392y3752,14392,3752,14336,3696,112
TCGA-05-4245-01A-01-BS1_x14504y3752,14504,3752,14448,3696,112
TCGA-05-4245-01A-01-BS1_x14616y3752,14616,3752,14560,3696,112
TCGA-05-4245-01A-01-BS1_x14728y3752,14728,3752,14672,3696,112
TCGA-05-4245-01A-01-BS1_x14840y3752,14840,3752,14784,3696,112
TCGA-05-4245-01A-01-BS1_x14952y3752,14952,3752,14896,3696,112
TCGA-05-4245-01A-01-BS1_x15064y3752,15064,3752,15008,3696,112
TCGA-05-4245-01A-01-BS1_x15176y3752,15176,3752,15120,3696,112
TCGA-05-4245-01A-01-BS1_x15288y3752,15288,3752,15232,3696,112
TCGA-05-4245-01A-01-BS1_x15400y3752,15400,3752,15344,3696,112
TCGA-05-4245-01A-01-BS1_x4872y3864,4872,3864,4816,3808,112
TCGA-05-4245-01A-01-BS1_x4984y3864,4984,3864,4928,3808,112
TCGA-05-4245-01A-01-BS1_x5096y3864,5096,3864,5040,3808,112
TCGA-05-4245-01A-01-BS1_x5208y3864,5208,3864,5152,3808,112
TCGA-05-4245-01A-01-BS1_x5320y3864,5320,3864,5264,3808,112
TCGA-05-4245-01A-01-BS1_x5432y3864,5432,3864,5376,3808,112
TCGA-05-4245-01A-01-BS1_x5544y3864,5544,3864,5488,3808,112
TCGA-05-4245-01A-01-BS1_x5656y3864,5656,3864,5600,3808,112
TCGA-05-4245-01A-01-BS1_x5768y3864,5768,3864,5712,3808,112
TCGA-05-4245-01A-01-BS1_x5880y3864,5880,3864,5824,3808,112
TCGA-05-4245-01A-01-BS1_x5992y3864,5992,3864,5936,3808,112
TCGA-05-4245-01A-01-BS1_x6104y3864,6104,3864,6048,3808,112
TCGA-05-4245-01A-01-BS1_x6216y3864,6216,3864,6160,3808,112
TCGA-05-4245-01A-01-BS1_x6328y3864,6328,3864,6272,3808,112
TCGA-05-4245-01A-01-BS1_x6440y3864,6440,3864,6384,3808,112
TCGA-05-4245-01A-01-BS1_x6552y3864,6552,3864,6496,3808,112
TCGA-05-4245-01A-01-BS1_x6664y3864,6664,3864,6608,3808,112
TCGA-05-4245-01A-01-BS1_x6776y3864,6776,3864,6720,3808,112
TCGA-05-4245-01A-01-BS1_x6888y3864,6888,3864,6832,3808,112
TCGA-05-4245-01A-01-BS1_x7000y3864,7000,3864,6944,3808,112
TCGA-05-4245-01A-01-BS1_x7112y3864,7112,3864,7056,3808,112
TCGA-05-4245-01A-01-BS1_x7224y3864,7224,3864,7168,3808,112
TCGA-05-4245-01A-01-BS1_x7336y3864,7336,3864,7280,3808,112
TCGA-05-4245-01A-01-BS1_x7448y3864,7448,3864,7392,3808,112
TCGA-05-4245-01A-01-BS1_x7560y3864,7560,3864,7504,3808,112
TCGA-05-4245-01A-01-BS1_x7672y3864,7672,3864,7616,3808,112
TCGA-05-4245-01A-01-BS1_x7784y3864,7784,3864,7728,3808,112
TCGA-05-4245-01A-01-BS1_x7896y3864,7896,3864,7840,3808,112
TCGA-05-4245-01A-01-BS1_x8008y3864,8008,3864,7952,3808,112
TCGA-05-4245-01A-01-BS1_x8120y3864,8120,3864,8064,3808,112
TCGA-05-4245-01A-01-BS1_x8232y3864,8232,3864,8176,3808,112
TCGA-05-4245-01A-01-BS1_x8344y3864,8344,3864,8288,3808,112
TCGA-05-4245-01A-01-BS1_x8456y3864,8456,3864,8400,3808,112
TCGA-05-4245-01A-01-BS1_x8568y3864,8568,3864,8512,3808,112
TCGA-05-4245-01A-01-BS1_x8680y3864,8680,3864,8624,3808,112
TCGA-05-4245-01A-01-BS1_x8792y3864,8792,3864,8736,3808,112
TCGA-05-4245-01A-01-BS1_x8904y3864,8904,3864,8848,3808,112
TCGA-05-4245-01A-01-BS1_x9016y3864,9016,3864,8960,3808,112
TCGA-05-4245-01A-01-BS1_x9128y3864,9128,3864,9072,3808,112
TCGA-05-4245-01A-01-BS1_x9240y3864,9240,3864,9184,3808,112
TCGA-05-4245-01A-01-BS1_x9352y3864,9352,3864,9296,3808,112
TCGA-05-4245-01A-01-BS1_x9464y3864,9464,3864,9408,3808,112
TCGA-05-4245-01A-01-BS1_x9576y3864,9576,3864,9520,3808,112
TCGA-05-4245-01A-01-BS1_x9688y3864,9688,3864,9632,3808,112
TCGA-05-4245-01A-01-BS1_x9800y3864,9800,3864,9744,3808,112
TCGA-05-4245-01A-01-BS1_x9912y3864,9912,3864,9856,3808,112
TCGA-05-4245-01A-01-BS1_x10024y3864,10024,3864,9968,3808,112
TCGA-05-4245-01A-01-BS1_x10136y3864,10136,3864,10080,3808,112
TCGA-05-4245-01A-01-BS1_x10248y3864,10248,3864,10192,3808,112
TCGA-05-4245-01A-01-BS1_x10360y3864,10360,3864,10304,3808,112
TCGA-05-4245-01A-01-BS1_x10472y3864,10472,3864,10416,3808,112
TCGA-05-4245-01A-01-BS1_x10584y3864,10584,3864,10528,3808,112
TCGA-05-4245-01A-01-BS1_x10696y3864,10696,3864,10640,3808,112
TCGA-05-4245-01A-01-BS1_x10808y3864,10808,3864,10752,3808,112
TCGA-05-4245-01A-01-BS1_x10920y3864,10920,3864,10864,3808,112
TCGA-05-4245-01A-01-BS1_x11480y3864,11480,3864,11424,3808,112
TCGA-05-4245-01A-01-BS1_x11592y3864,11592,3864,11536,3808,112
TCGA-05-4245-01A-01-BS1_x11704y3864,11704,3864,11648,3808,112
TCGA-05-4245-01A-01-BS1_x12264y3864,12264,3864,12208,3808,112
TCGA-05-4245-01A-01-BS1_x12376y3864,12376,3864,12320,3808,112
TCGA-05-4245-01A-01-BS1_x12488y3864,12488,3864,12432,3808,112
TCGA-05-4245-01A-01-BS1_x12600y3864,12600,3864,12544,3808,112
TCGA-05-4245-01A-01-BS1_x12712y3864,12712,3864,12656,3808,112
TCGA-05-4245-01A-01-BS1_x12824y3864,12824,3864,12768,3808,112
TCGA-05-4245-01A-01-BS1_x12936y3864,12936,3864,12880,3808,112
TCGA-05-4245-01A-01-BS1_x13272y3864,13272,3864,13216,3808,112
TCGA-05-4245-01A-01-BS1_x13384y3864,13384,3864,13328,3808,112
TCGA-05-4245-01A-01-BS1_x13496y3864,13496,3864,13440,3808,112
TCGA-05-4245-01A-01-BS1_x13608y3864,13608,3864,13552,3808,112
TCGA-05-4245-01A-01-BS1_x13720y3864,13720,3864,13664,3808,112
TCGA-05-4245-01A-01-BS1_x13832y3864,13832,3864,13776,3808,112
TCGA-05-4245-01A-01-BS1_x13944y3864,13944,3864,13888,3808,112
TCGA-05-4245-01A-01-BS1_x14056y3864,14056,3864,14000,3808,112
TCGA-05-4245-01A-01-BS1_x14168y3864,14168,3864,14112,3808,112
TCGA-05-4245-01A-01-BS1_x14280y3864,14280,3864,14224,3808,112
TCGA-05-4245-01A-01-BS1_x14392y3864,14392,3864,14336,3808,112
TCGA-05-4245-01A-01-BS1_x14504y3864,14504,3864,14448,3808,112
TCGA-05-4245-01A-01-BS1_x14616y3864,14616,3864,14560,3808,112
TCGA-05-4245-01A-01-BS1_x14728y3864,14728,3864,14672,3808,112
TCGA-05-4245-01A-01-BS1_x14840y3864,14840,3864,14784,3808,112
TCGA-05-4245-01A-01-BS1_x14952y3864,14952,3864,14896,3808,112
TCGA-05-4245-01A-01-BS1_x15064y3864,15064,3864,15008,3808,112
TCGA-05-4245-01A-01-BS1_x15176y3864,15176,3864,15120,3808,112
TCGA-05-4245-01A-01-BS1_x15288y3864,15288,3864,15232,3808,112
TCGA-05-4245-01A-01-BS1_x15400y3864,15400,3864,15344,3808,112
TCGA-05-4245-01A-01-BS1_x4760y3976,4760,3976,4704,3920,112
TCGA-05-4245-01A-01-BS1_x4872y3976,4872,3976,4816,3920,112
TCGA-05-4245-01A-01-BS1_x4984y3976,4984,3976,4928,3920,112
TCGA-05-4245-01A-01-BS1_x5096y3976,5096,3976,5040,3920,112
TCGA-05-4245-01A-01-BS1_x5208y3976,5208,3976,5152,3920,112
TCGA-05-4245-01A-01-BS1_x5320y3976,5320,3976,5264,3920,112
TCGA-05-4245-01A-01-BS1_x5432y3976,5432,3976,5376,3920,112
TCGA-05-4245-01A-01-BS1_x5544y3976,5544,3976,5488,3920,112
TCGA-05-4245-01A-01-BS1_x5656y3976,5656,3976,5600,3920,112
TCGA-05-4245-01A-01-BS1_x5768y3976,5768,3976,5712,3920,112
TCGA-05-4245-01A-01-BS1_x5880y3976,5880,3976,5824,3920,112
TCGA-05-4245-01A-01-BS1_x5992y3976,5992,3976,5936,3920,112
TCGA-05-4245-01A-01-BS1_x6104y3976,6104,3976,6048,3920,112
TCGA-05-4245-01A-01-BS1_x6216y3976,6216,3976,6160,3920,112
TCGA-05-4245-01A-01-BS1_x6328y3976,6328,3976,6272,3920,112
TCGA-05-4245-01A-01-BS1_x6440y3976,6440,3976,6384,3920,112
TCGA-05-4245-01A-01-BS1_x6552y3976,6552,3976,6496,3920,112
TCGA-05-4245-01A-01-BS1_x6664y3976,6664,3976,6608,3920,112
TCGA-05-4245-01A-01-BS1_x6776y3976,6776,3976,6720,3920,112
TCGA-05-4245-01A-01-BS1_x6888y3976,6888,3976,6832,3920,112
TCGA-05-4245-01A-01-BS1_x7000y3976,7000,3976,6944,3920,112
TCGA-05-4245-01A-01-BS1_x7112y3976,7112,3976,7056,3920,112
TCGA-05-4245-01A-01-BS1_x7224y3976,7224,3976,7168,3920,112
TCGA-05-4245-01A-01-BS1_x7336y3976,7336,3976,7280,3920,112
TCGA-05-4245-01A-01-BS1_x7448y3976,7448,3976,7392,3920,112
TCGA-05-4245-01A-01-BS1_x7560y3976,7560,3976,7504,3920,112
TCGA-05-4245-01A-01-BS1_x7672y3976,7672,3976,7616,3920,112
TCGA-05-4245-01A-01-BS1_x7784y3976,7784,3976,7728,3920,112
TCGA-05-4245-01A-01-BS1_x7896y3976,7896,3976,7840,3920,112
TCGA-05-4245-01A-01-BS1_x8008y3976,8008,3976,7952,3920,112
TCGA-05-4245-01A-01-BS1_x8120y3976,8120,3976,8064,3920,112
TCGA-05-4245-01A-01-BS1_x8232y3976,8232,3976,8176,3920,112
TCGA-05-4245-01A-01-BS1_x8344y3976,8344,3976,8288,3920,112
TCGA-05-4245-01A-01-BS1_x8456y3976,8456,3976,8400,3920,112
TCGA-05-4245-01A-01-BS1_x8568y3976,8568,3976,8512,3920,112
TCGA-05-4245-01A-01-BS1_x8680y3976,8680,3976,8624,3920,112
TCGA-05-4245-01A-01-BS1_x8792y3976,8792,3976,8736,3920,112
TCGA-05-4245-01A-01-BS1_x8904y3976,8904,3976,8848,3920,112
TCGA-05-4245-01A-01-BS1_x9016y3976,9016,3976,8960,3920,112
TCGA-05-4245-01A-01-BS1_x9128y3976,9128,3976,9072,3920,112
TCGA-05-4245-01A-01-BS1_x9240y3976,9240,3976,9184,3920,112
TCGA-05-4245-01A-01-BS1_x9352y3976,9352,3976,9296,3920,112
TCGA-05-4245-01A-01-BS1_x9464y3976,9464,3976,9408,3920,112
TCGA-05-4245-01A-01-BS1_x9576y3976,9576,3976,9520,3920,112
TCGA-05-4245-01A-01-BS1_x9688y3976,9688,3976,9632,3920,112
TCGA-05-4245-01A-01-BS1_x9800y3976,9800,3976,9744,3920,112
TCGA-05-4245-01A-01-BS1_x9912y3976,9912,3976,9856,3920,112
TCGA-05-4245-01A-01-BS1_x10024y3976,10024,3976,9968,3920,112
TCGA-05-4245-01A-01-BS1_x10136y3976,10136,3976,10080,3920,112
TCGA-05-4245-01A-01-BS1_x10248y3976,10248,3976,10192,3920,112
TCGA-05-4245-01A-01-BS1_x10360y3976,10360,3976,10304,3920,112
TCGA-05-4245-01A-01-BS1_x10472y3976,10472,3976,10416,3920,112
TCGA-05-4245-01A-01-BS1_x10584y3976,10584,3976,10528,3920,112
TCGA-05-4245-01A-01-BS1_x10696y3976,10696,3976,10640,3920,112
TCGA-05-4245-01A-01-BS1_x10808y3976,10808,3976,10752,3920,112
TCGA-05-4245-01A-01-BS1_x10920y3976,10920,3976,10864,3920,112
TCGA-05-4245-01A-01-BS1_x11032y3976,11032,3976,10976,3920,112
TCGA-05-4245-01A-01-BS1_x11144y3976,11144,3976,11088,3920,112
TCGA-05-4245-01A-01-BS1_x11256y3976,11256,3976,11200,3920,112
TCGA-05-4245-01A-01-BS1_x11480y3976,11480,3976,11424,3920,112
TCGA-05-4245-01A-01-BS1_x11592y3976,11592,3976,11536,3920,112
TCGA-05-4245-01A-01-BS1_x11704y3976,11704,3976,11648,3920,112
TCGA-05-4245-01A-01-BS1_x11816y3976,11816,3976,11760,3920,112
TCGA-05-4245-01A-01-BS1_x11928y3976,11928,3976,11872,3920,112
TCGA-05-4245-01A-01-BS1_x12040y3976,12040,3976,11984,3920,112
TCGA-05-4245-01A-01-BS1_x12152y3976,12152,3976,12096,3920,112
TCGA-05-4245-01A-01-BS1_x12264y3976,12264,3976,12208,3920,112
TCGA-05-4245-01A-01-BS1_x12376y3976,12376,3976,12320,3920,112
TCGA-05-4245-01A-01-BS1_x12488y3976,12488,3976,12432,3920,112
TCGA-05-4245-01A-01-BS1_x12600y3976,12600,3976,12544,3920,112
TCGA-05-4245-01A-01-BS1_x12712y3976,12712,3976,12656,3920,112
TCGA-05-4245-01A-01-BS1_x12824y3976,12824,3976,12768,3920,112
TCGA-05-4245-01A-01-BS1_x12936y3976,12936,3976,12880,3920,112
TCGA-05-4245-01A-01-BS1_x13048y3976,13048,3976,12992,3920,112
TCGA-05-4245-01A-01-BS1_x13160y3976,13160,3976,13104,3920,112
TCGA-05-4245-01A-01-BS1_x13272y3976,13272,3976,13216,3920,112
TCGA-05-4245-01A-01-BS1_x13384y3976,13384,3976,13328,3920,112
TCGA-05-4245-01A-01-BS1_x13496y3976,13496,3976,13440,3920,112
TCGA-05-4245-01A-01-BS1_x13608y3976,13608,3976,13552,3920,112
TCGA-05-4245-01A-01-BS1_x13720y3976,13720,3976,13664,3920,112
TCGA-05-4245-01A-01-BS1_x13832y3976,13832,3976,13776,3920,112
TCGA-05-4245-01A-01-BS1_x13944y3976,13944,3976,13888,3920,112
TCGA-05-4245-01A-01-BS1_x14056y3976,14056,3976,14000,3920,112
TCGA-05-4245-01A-01-BS1_x14168y3976,14168,3976,14112,3920,112
TCGA-05-4245-01A-01-BS1_x14280y3976,14280,3976,14224,3920,112
TCGA-05-4245-01A-01-BS1_x14392y3976,14392,3976,14336,3920,112
TCGA-05-4245-01A-01-BS1_x14504y3976,14504,3976,14448,3920,112
TCGA-05-4245-01A-01-BS1_x14616y3976,14616,3976,14560,3920,112
TCGA-05-4245-01A-01-BS1_x14728y3976,14728,3976,14672,3920,112
TCGA-05-4245-01A-01-BS1_x14840y3976,14840,3976,14784,3920,112
TCGA-05-4245-01A-01-BS1_x14952y3976,14952,3976,14896,3920,112
TCGA-05-4245-01A-01-BS1_x15064y3976,15064,3976,15008,3920,112
TCGA-05-4245-01A-01-BS1_x15176y3976,15176,3976,15120,3920,112
TCGA-05-4245-01A-01-BS1_x15288y3976,15288,3976,15232,3920,112
TCGA-05-4245-01A-01-BS1_x15400y3976,15400,3976,15344,3920,112
TCGA-05-4245-01A-01-BS1_x15512y3976,15512,3976,15456,3920,112
TCGA-05-4245-01A-01-BS1_x4760y4088,4760,4088,4704,4032,112
TCGA-05-4245-01A-01-BS1_x4872y4088,4872,4088,4816,4032,112
TCGA-05-4245-01A-01-BS1_x4984y4088,4984,4088,4928,4032,112
TCGA-05-4245-01A-01-BS1_x5096y4088,5096,4088,5040,4032,112
TCGA-05-4245-01A-01-BS1_x5208y4088,5208,4088,5152,4032,112
TCGA-05-4245-01A-01-BS1_x5320y4088,5320,4088,5264,4032,112
TCGA-05-4245-01A-01-BS1_x5432y4088,5432,4088,5376,4032,112
TCGA-05-4245-01A-01-BS1_x5544y4088,5544,4088,5488,4032,112
TCGA-05-4245-01A-01-BS1_x5656y4088,5656,4088,5600,4032,112
TCGA-05-4245-01A-01-BS1_x5768y4088,5768,4088,5712,4032,112
TCGA-05-4245-01A-01-BS1_x5880y4088,5880,4088,5824,4032,112
TCGA-05-4245-01A-01-BS1_x5992y4088,5992,4088,5936,4032,112
TCGA-05-4245-01A-01-BS1_x6104y4088,6104,4088,6048,4032,112
TCGA-05-4245-01A-01-BS1_x6216y4088,6216,4088,6160,4032,112
TCGA-05-4245-01A-01-BS1_x6328y4088,6328,4088,6272,4032,112
TCGA-05-4245-01A-01-BS1_x6440y4088,6440,4088,6384,4032,112
TCGA-05-4245-01A-01-BS1_x6552y4088,6552,4088,6496,4032,112
TCGA-05-4245-01A-01-BS1_x6664y4088,6664,4088,6608,4032,112
TCGA-05-4245-01A-01-BS1_x6776y4088,6776,4088,6720,4032,112
TCGA-05-4245-01A-01-BS1_x6888y4088,6888,4088,6832,4032,112
TCGA-05-4245-01A-01-BS1_x7000y4088,7000,4088,6944,4032,112
TCGA-05-4245-01A-01-BS1_x7112y4088,7112,4088,7056,4032,112
TCGA-05-4245-01A-01-BS1_x7224y4088,7224,4088,7168,4032,112
TCGA-05-4245-01A-01-BS1_x7336y4088,7336,4088,7280,4032,112
TCGA-05-4245-01A-01-BS1_x7448y4088,7448,4088,7392,4032,112
TCGA-05-4245-01A-01-BS1_x7560y4088,7560,4088,7504,4032,112
TCGA-05-4245-01A-01-BS1_x7672y4088,7672,4088,7616,4032,112
TCGA-05-4245-01A-01-BS1_x7784y4088,7784,4088,7728,4032,112
TCGA-05-4245-01A-01-BS1_x7896y4088,7896,4088,7840,4032,112
TCGA-05-4245-01A-01-BS1_x8008y4088,8008,4088,7952,4032,112
TCGA-05-4245-01A-01-BS1_x8120y4088,8120,4088,8064,4032,112
TCGA-05-4245-01A-01-BS1_x8232y4088,8232,4088,8176,4032,112
TCGA-05-4245-01A-01-BS1_x8344y4088,8344,4088,8288,4032,112
TCGA-05-4245-01A-01-BS1_x8456y4088,8456,4088,8400,4032,112
TCGA-05-4245-01A-01-BS1_x8568y4088,8568,4088,8512,4032,112
TCGA-05-4245-01A-01-BS1_x8680y4088,8680,4088,8624,4032,112
TCGA-05-4245-01A-01-BS1_x8792y4088,8792,4088,8736,4032,112
TCGA-05-4245-01A-01-BS1_x8904y4088,8904,4088,8848,4032,112
TCGA-05-4245-01A-01-BS1_x9016y4088,9016,4088,8960,4032,112
TCGA-05-4245-01A-01-BS1_x9128y4088,9128,4088,9072,4032,112
TCGA-05-4245-01A-01-BS1_x9240y4088,9240,4088,9184,4032,112
TCGA-05-4245-01A-01-BS1_x9352y4088,9352,4088,9296,4032,112
TCGA-05-4245-01A-01-BS1_x9464y4088,9464,4088,9408,4032,112
TCGA-05-4245-01A-01-BS1_x9576y4088,9576,4088,9520,4032,112
TCGA-05-4245-01A-01-BS1_x9688y4088,9688,4088,9632,4032,112
TCGA-05-4245-01A-01-BS1_x9800y4088,9800,4088,9744,4032,112
TCGA-05-4245-01A-01-BS1_x9912y4088,9912,4088,9856,4032,112
TCGA-05-4245-01A-01-BS1_x10024y4088,10024,4088,9968,4032,112
TCGA-05-4245-01A-01-BS1_x10136y4088,10136,4088,10080,4032,112
TCGA-05-4245-01A-01-BS1_x10248y4088,10248,4088,10192,4032,112
TCGA-05-4245-01A-01-BS1_x10360y4088,10360,4088,10304,4032,112
TCGA-05-4245-01A-01-BS1_x10472y4088,10472,4088,10416,4032,112
TCGA-05-4245-01A-01-BS1_x10584y4088,10584,4088,10528,4032,112
TCGA-05-4245-01A-01-BS1_x10696y4088,10696,4088,10640,4032,112
TCGA-05-4245-01A-01-BS1_x10808y4088,10808,4088,10752,4032,112
TCGA-05-4245-01A-01-BS1_x10920y4088,10920,4088,10864,4032,112
TCGA-05-4245-01A-01-BS1_x11032y4088,11032,4088,10976,4032,112
TCGA-05-4245-01A-01-BS1_x11144y4088,11144,4088,11088,4032,112
TCGA-05-4245-01A-01-BS1_x11256y4088,11256,4088,11200,4032,112
TCGA-05-4245-01A-01-BS1_x11368y4088,11368,4088,11312,4032,112
TCGA-05-4245-01A-01-BS1_x11480y4088,11480,4088,11424,4032,112
TCGA-05-4245-01A-01-BS1_x11816y4088,11816,4088,11760,4032,112
TCGA-05-4245-01A-01-BS1_x11928y4088,11928,4088,11872,4032,112
TCGA-05-4245-01A-01-BS1_x12040y4088,12040,4088,11984,4032,112
TCGA-05-4245-01A-01-BS1_x12152y4088,12152,4088,12096,4032,112
TCGA-05-4245-01A-01-BS1_x13384y4088,13384,4088,13328,4032,112
TCGA-05-4245-01A-01-BS1_x13496y4088,13496,4088,13440,4032,112
TCGA-05-4245-01A-01-BS1_x13608y4088,13608,4088,13552,4032,112
TCGA-05-4245-01A-01-BS1_x13720y4088,13720,4088,13664,4032,112
TCGA-05-4245-01A-01-BS1_x13832y4088,13832,4088,13776,4032,112
TCGA-05-4245-01A-01-BS1_x13944y4088,13944,4088,13888,4032,112
TCGA-05-4245-01A-01-BS1_x14056y4088,14056,4088,14000,4032,112
TCGA-05-4245-01A-01-BS1_x14168y4088,14168,4088,14112,4032,112
TCGA-05-4245-01A-01-BS1_x14280y4088,14280,4088,14224,4032,112
TCGA-05-4245-01A-01-BS1_x14392y4088,14392,4088,14336,4032,112
TCGA-05-4245-01A-01-BS1_x14504y4088,14504,4088,14448,4032,112
TCGA-05-4245-01A-01-BS1_x14616y4088,14616,4088,14560,4032,112
TCGA-05-4245-01A-01-BS1_x14728y4088,14728,4088,14672,4032,112
TCGA-05-4245-01A-01-BS1_x14840y4088,14840,4088,14784,4032,112
TCGA-05-4245-01A-01-BS1_x14952y4088,14952,4088,14896,4032,112
TCGA-05-4245-01A-01-BS1_x15064y4088,15064,4088,15008,4032,112
TCGA-05-4245-01A-01-BS1_x15176y4088,15176,4088,15120,4032,112
TCGA-05-4245-01A-01-BS1_x15288y4088,15288,4088,15232,4032,112
TCGA-05-4245-01A-01-BS1_x15400y4088,15400,4088,15344,4032,112
TCGA-05-4245-01A-01-BS1_x15512y4088,15512,4088,15456,4032,112
TCGA-05-4245-01A-01-BS1_x4536y4200,4536,4200,4480,4144,112
TCGA-05-4245-01A-01-BS1_x4648y4200,4648,4200,4592,4144,112
TCGA-05-4245-01A-01-BS1_x4760y4200,4760,4200,4704,4144,112
TCGA-05-4245-01A-01-BS1_x4872y4200,4872,4200,4816,4144,112
TCGA-05-4245-01A-01-BS1_x4984y4200,4984,4200,4928,4144,112
TCGA-05-4245-01A-01-BS1_x5096y4200,5096,4200,5040,4144,112
TCGA-05-4245-01A-01-BS1_x5208y4200,5208,4200,5152,4144,112
TCGA-05-4245-01A-01-BS1_x5320y4200,5320,4200,5264,4144,112
TCGA-05-4245-01A-01-BS1_x5432y4200,5432,4200,5376,4144,112
TCGA-05-4245-01A-01-BS1_x5544y4200,5544,4200,5488,4144,112
TCGA-05-4245-01A-01-BS1_x5656y4200,5656,4200,5600,4144,112
TCGA-05-4245-01A-01-BS1_x5768y4200,5768,4200,5712,4144,112
TCGA-05-4245-01A-01-BS1_x5880y4200,5880,4200,5824,4144,112
TCGA-05-4245-01A-01-BS1_x5992y4200,5992,4200,5936,4144,112
TCGA-05-4245-01A-01-BS1_x6104y4200,6104,4200,6048,4144,112
TCGA-05-4245-01A-01-BS1_x6216y4200,6216,4200,6160,4144,112
TCGA-05-4245-01A-01-BS1_x6328y4200,6328,4200,6272,4144,112
TCGA-05-4245-01A-01-BS1_x6440y4200,6440,4200,6384,4144,112
TCGA-05-4245-01A-01-BS1_x6552y4200,6552,4200,6496,4144,112
TCGA-05-4245-01A-01-BS1_x6664y4200,6664,4200,6608,4144,112
TCGA-05-4245-01A-01-BS1_x6776y4200,6776,4200,6720,4144,112
TCGA-05-4245-01A-01-BS1_x6888y4200,6888,4200,6832,4144,112
TCGA-05-4245-01A-01-BS1_x7000y4200,7000,4200,6944,4144,112
TCGA-05-4245-01A-01-BS1_x7112y4200,7112,4200,7056,4144,112
TCGA-05-4245-01A-01-BS1_x7224y4200,7224,4200,7168,4144,112
TCGA-05-4245-01A-01-BS1_x7336y4200,7336,4200,7280,4144,112
TCGA-05-4245-01A-01-BS1_x7448y4200,7448,4200,7392,4144,112
TCGA-05-4245-01A-01-BS1_x7560y4200,7560,4200,7504,4144,112
TCGA-05-4245-01A-01-BS1_x7672y4200,7672,4200,7616,4144,112
TCGA-05-4245-01A-01-BS1_x7784y4200,7784,4200,7728,4144,112
TCGA-05-4245-01A-01-BS1_x7896y4200,7896,4200,7840,4144,112
TCGA-05-4245-01A-01-BS1_x8008y4200,8008,4200,7952,4144,112
TCGA-05-4245-01A-01-BS1_x8120y4200,8120,4200,8064,4144,112
TCGA-05-4245-01A-01-BS1_x8232y4200,8232,4200,8176,4144,112
TCGA-05-4245-01A-01-BS1_x8344y4200,8344,4200,8288,4144,112
TCGA-05-4245-01A-01-BS1_x8456y4200,8456,4200,8400,4144,112
TCGA-05-4245-01A-01-BS1_x8568y4200,8568,4200,8512,4144,112
TCGA-05-4245-01A-01-BS1_x8680y4200,8680,4200,8624,4144,112
TCGA-05-4245-01A-01-BS1_x8792y4200,8792,4200,8736,4144,112
TCGA-05-4245-01A-01-BS1_x8904y4200,8904,4200,8848,4144,112
TCGA-05-4245-01A-01-BS1_x9016y4200,9016,4200,8960,4144,112
TCGA-05-4245-01A-01-BS1_x9128y4200,9128,4200,9072,4144,112
TCGA-05-4245-01A-01-BS1_x9240y4200,9240,4200,9184,4144,112
TCGA-05-4245-01A-01-BS1_x9352y4200,9352,4200,9296,4144,112
TCGA-05-4245-01A-01-BS1_x9464y4200,9464,4200,9408,4144,112
TCGA-05-4245-01A-01-BS1_x9576y4200,9576,4200,9520,4144,112
TCGA-05-4245-01A-01-BS1_x9688y4200,9688,4200,9632,4144,112
TCGA-05-4245-01A-01-BS1_x9800y4200,9800,4200,9744,4144,112
TCGA-05-4245-01A-01-BS1_x9912y4200,9912,4200,9856,4144,112
TCGA-05-4245-01A-01-BS1_x10024y4200,10024,4200,9968,4144,112
TCGA-05-4245-01A-01-BS1_x10136y4200,10136,4200,10080,4144,112
TCGA-05-4245-01A-01-BS1_x10248y4200,10248,4200,10192,4144,112
TCGA-05-4245-01A-01-BS1_x10360y4200,10360,4200,10304,4144,112
TCGA-05-4245-01A-01-BS1_x10472y4200,10472,4200,10416,4144,112
TCGA-05-4245-01A-01-BS1_x10584y4200,10584,4200,10528,4144,112
TCGA-05-4245-01A-01-BS1_x10696y4200,10696,4200,10640,4144,112
TCGA-05-4245-01A-01-BS1_x10808y4200,10808,4200,10752,4144,112
TCGA-05-4245-01A-01-BS1_x10920y4200,10920,4200,10864,4144,112
TCGA-05-4245-01A-01-BS1_x11032y4200,11032,4200,10976,4144,112
TCGA-05-4245-01A-01-BS1_x11144y4200,11144,4200,11088,4144,112
TCGA-05-4245-01A-01-BS1_x11256y4200,11256,4200,11200,4144,112
TCGA-05-4245-01A-01-BS1_x11368y4200,11368,4200,11312,4144,112
TCGA-05-4245-01A-01-BS1_x11704y4200,11704,4200,11648,4144,112
TCGA-05-4245-01A-01-BS1_x11816y4200,11816,4200,11760,4144,112
TCGA-05-4245-01A-01-BS1_x11928y4200,11928,4200,11872,4144,112
TCGA-05-4245-01A-01-BS1_x12040y4200,12040,4200,11984,4144,112
TCGA-05-4245-01A-01-BS1_x12152y4200,12152,4200,12096,4144,112
TCGA-05-4245-01A-01-BS1_x12376y4200,12376,4200,12320,4144,112
TCGA-05-4245-01A-01-BS1_x13160y4200,13160,4200,13104,4144,112
TCGA-05-4245-01A-01-BS1_x13272y4200,13272,4200,13216,4144,112
TCGA-05-4245-01A-01-BS1_x13384y4200,13384,4200,13328,4144,112
TCGA-05-4245-01A-01-BS1_x13496y4200,13496,4200,13440,4144,112
TCGA-05-4245-01A-01-BS1_x13608y4200,13608,4200,13552,4144,112
TCGA-05-4245-01A-01-BS1_x13720y4200,13720,4200,13664,4144,112
TCGA-05-4245-01A-01-BS1_x13832y4200,13832,4200,13776,4144,112
TCGA-05-4245-01A-01-BS1_x13944y4200,13944,4200,13888,4144,112
TCGA-05-4245-01A-01-BS1_x14056y4200,14056,4200,14000,4144,112
TCGA-05-4245-01A-01-BS1_x14168y4200,14168,4200,14112,4144,112
TCGA-05-4245-01A-01-BS1_x14280y4200,14280,4200,14224,4144,112
TCGA-05-4245-01A-01-BS1_x14392y4200,14392,4200,14336,4144,112
TCGA-05-4245-01A-01-BS1_x14504y4200,14504,4200,14448,4144,112
TCGA-05-4245-01A-01-BS1_x14616y4200,14616,4200,14560,4144,112
TCGA-05-4245-01A-01-BS1_x14728y4200,14728,4200,14672,4144,112
TCGA-05-4245-01A-01-BS1_x14840y4200,14840,4200,14784,4144,112
TCGA-05-4245-01A-01-BS1_x14952y4200,14952,4200,14896,4144,112
TCGA-05-4245-01A-01-BS1_x15064y4200,15064,4200,15008,4144,112
TCGA-05-4245-01A-01-BS1_x15176y4200,15176,4200,15120,4144,112
TCGA-05-4245-01A-01-BS1_x15288y4200,15288,4200,15232,4144,112
TCGA-05-4245-01A-01-BS1_x15400y4200,15400,4200,15344,4144,112
TCGA-05-4245-01A-01-BS1_x15512y4200,15512,4200,15456,4144,112
TCGA-05-4245-01A-01-BS1_x4536y4312,4536,4312,4480,4256,112
TCGA-05-4245-01A-01-BS1_x4648y4312,4648,4312,4592,4256,112
TCGA-05-4245-01A-01-BS1_x4760y4312,4760,4312,4704,4256,112
TCGA-05-4245-01A-01-BS1_x4872y4312,4872,4312,4816,4256,112
TCGA-05-4245-01A-01-BS1_x4984y4312,4984,4312,4928,4256,112
TCGA-05-4245-01A-01-BS1_x5096y4312,5096,4312,5040,4256,112
TCGA-05-4245-01A-01-BS1_x5208y4312,5208,4312,5152,4256,112
TCGA-05-4245-01A-01-BS1_x5320y4312,5320,4312,5264,4256,112
TCGA-05-4245-01A-01-BS1_x5432y4312,5432,4312,5376,4256,112
TCGA-05-4245-01A-01-BS1_x5544y4312,5544,4312,5488,4256,112
TCGA-05-4245-01A-01-BS1_x5656y4312,5656,4312,5600,4256,112
TCGA-05-4245-01A-01-BS1_x5768y4312,5768,4312,5712,4256,112
TCGA-05-4245-01A-01-BS1_x5880y4312,5880,4312,5824,4256,112
TCGA-05-4245-01A-01-BS1_x5992y4312,5992,4312,5936,4256,112
TCGA-05-4245-01A-01-BS1_x6104y4312,6104,4312,6048,4256,112
TCGA-05-4245-01A-01-BS1_x6216y4312,6216,4312,6160,4256,112
TCGA-05-4245-01A-01-BS1_x6328y4312,6328,4312,6272,4256,112
TCGA-05-4245-01A-01-BS1_x6440y4312,6440,4312,6384,4256,112
TCGA-05-4245-01A-01-BS1_x6552y4312,6552,4312,6496,4256,112
TCGA-05-4245-01A-01-BS1_x6664y4312,6664,4312,6608,4256,112
TCGA-05-4245-01A-01-BS1_x6776y4312,6776,4312,6720,4256,112
TCGA-05-4245-01A-01-BS1_x6888y4312,6888,4312,6832,4256,112
TCGA-05-4245-01A-01-BS1_x7000y4312,7000,4312,6944,4256,112
TCGA-05-4245-01A-01-BS1_x7112y4312,7112,4312,7056,4256,112
TCGA-05-4245-01A-01-BS1_x7224y4312,7224,4312,7168,4256,112
TCGA-05-4245-01A-01-BS1_x7336y4312,7336,4312,7280,4256,112
TCGA-05-4245-01A-01-BS1_x7448y4312,7448,4312,7392,4256,112
TCGA-05-4245-01A-01-BS1_x7560y4312,7560,4312,7504,4256,112
TCGA-05-4245-01A-01-BS1_x7672y4312,7672,4312,7616,4256,112
TCGA-05-4245-01A-01-BS1_x7784y4312,7784,4312,7728,4256,112
TCGA-05-4245-01A-01-BS1_x7896y4312,7896,4312,7840,4256,112
TCGA-05-4245-01A-01-BS1_x8008y4312,8008,4312,7952,4256,112
TCGA-05-4245-01A-01-BS1_x8120y4312,8120,4312,8064,4256,112
TCGA-05-4245-01A-01-BS1_x8232y4312,8232,4312,8176,4256,112
TCGA-05-4245-01A-01-BS1_x8344y4312,8344,4312,8288,4256,112
TCGA-05-4245-01A-01-BS1_x8456y4312,8456,4312,8400,4256,112
TCGA-05-4245-01A-01-BS1_x8568y4312,8568,4312,8512,4256,112
TCGA-05-4245-01A-01-BS1_x8680y4312,8680,4312,8624,4256,112
TCGA-05-4245-01A-01-BS1_x8792y4312,8792,4312,8736,4256,112
TCGA-05-4245-01A-01-BS1_x8904y4312,8904,4312,8848,4256,112
TCGA-05-4245-01A-01-BS1_x9016y4312,9016,4312,8960,4256,112
TCGA-05-4245-01A-01-BS1_x9128y4312,9128,4312,9072,4256,112
TCGA-05-4245-01A-01-BS1_x9240y4312,9240,4312,9184,4256,112
TCGA-05-4245-01A-01-BS1_x9352y4312,9352,4312,9296,4256,112
TCGA-05-4245-01A-01-BS1_x9464y4312,9464,4312,9408,4256,112
TCGA-05-4245-01A-01-BS1_x9576y4312,9576,4312,9520,4256,112
TCGA-05-4245-01A-01-BS1_x9688y4312,9688,4312,9632,4256,112
TCGA-05-4245-01A-01-BS1_x9800y4312,9800,4312,9744,4256,112
TCGA-05-4245-01A-01-BS1_x9912y4312,9912,4312,9856,4256,112
TCGA-05-4245-01A-01-BS1_x10024y4312,10024,4312,9968,4256,112
TCGA-05-4245-01A-01-BS1_x10136y4312,10136,4312,10080,4256,112
TCGA-05-4245-01A-01-BS1_x10248y4312,10248,4312,10192,4256,112
TCGA-05-4245-01A-01-BS1_x10360y4312,10360,4312,10304,4256,112
TCGA-05-4245-01A-01-BS1_x10472y4312,10472,4312,10416,4256,112
TCGA-05-4245-01A-01-BS1_x10584y4312,10584,4312,10528,4256,112
TCGA-05-4245-01A-01-BS1_x10696y4312,10696,4312,10640,4256,112
TCGA-05-4245-01A-01-BS1_x10808y4312,10808,4312,10752,4256,112
TCGA-05-4245-01A-01-BS1_x10920y4312,10920,4312,10864,4256,112
TCGA-05-4245-01A-01-BS1_x11032y4312,11032,4312,10976,4256,112
TCGA-05-4245-01A-01-BS1_x11144y4312,11144,4312,11088,4256,112
TCGA-05-4245-01A-01-BS1_x11256y4312,11256,4312,11200,4256,112
TCGA-05-4245-01A-01-BS1_x11368y4312,11368,4312,11312,4256,112
TCGA-05-4245-01A-01-BS1_x11480y4312,11480,4312,11424,4256,112
TCGA-05-4245-01A-01-BS1_x11592y4312,11592,4312,11536,4256,112
TCGA-05-4245-01A-01-BS1_x11704y4312,11704,4312,11648,4256,112
TCGA-05-4245-01A-01-BS1_x11816y4312,11816,4312,11760,4256,112
TCGA-05-4245-01A-01-BS1_x11928y4312,11928,4312,11872,4256,112
TCGA-05-4245-01A-01-BS1_x12040y4312,12040,4312,11984,4256,112
TCGA-05-4245-01A-01-BS1_x12152y4312,12152,4312,12096,4256,112
TCGA-05-4245-01A-01-BS1_x12264y4312,12264,4312,12208,4256,112
TCGA-05-4245-01A-01-BS1_x12376y4312,12376,4312,12320,4256,112
TCGA-05-4245-01A-01-BS1_x12488y4312,12488,4312,12432,4256,112
TCGA-05-4245-01A-01-BS1_x13160y4312,13160,4312,13104,4256,112
TCGA-05-4245-01A-01-BS1_x13272y4312,13272,4312,13216,4256,112
TCGA-05-4245-01A-01-BS1_x13384y4312,13384,4312,13328,4256,112
TCGA-05-4245-01A-01-BS1_x13496y4312,13496,4312,13440,4256,112
TCGA-05-4245-01A-01-BS1_x13608y4312,13608,4312,13552,4256,112
TCGA-05-4245-01A-01-BS1_x13720y4312,13720,4312,13664,4256,112
TCGA-05-4245-01A-01-BS1_x13832y4312,13832,4312,13776,4256,112
TCGA-05-4245-01A-01-BS1_x13944y4312,13944,4312,13888,4256,112
TCGA-05-4245-01A-01-BS1_x14056y4312,14056,4312,14000,4256,112
TCGA-05-4245-01A-01-BS1_x14168y4312,14168,4312,14112,4256,112
TCGA-05-4245-01A-01-BS1_x14280y4312,14280,4312,14224,4256,112
TCGA-05-4245-01A-01-BS1_x14392y4312,14392,4312,14336,4256,112
TCGA-05-4245-01A-01-BS1_x14504y4312,14504,4312,14448,4256,112
TCGA-05-4245-01A-01-BS1_x14616y4312,14616,4312,14560,4256,112
TCGA-05-4245-01A-01-BS1_x14728y4312,14728,4312,14672,4256,112
TCGA-05-4245-01A-01-BS1_x14840y4312,14840,4312,14784,4256,112
TCGA-05-4245-01A-01-BS1_x14952y4312,14952,4312,14896,4256,112
TCGA-05-4245-01A-01-BS1_x15064y4312,15064,4312,15008,4256,112
TCGA-05-4245-01A-01-BS1_x15176y4312,15176,4312,15120,4256,112
TCGA-05-4245-01A-01-BS1_x15288y4312,15288,4312,15232,4256,112
TCGA-05-4245-01A-01-BS1_x15400y4312,15400,4312,15344,4256,112
TCGA-05-4245-01A-01-BS1_x15512y4312,15512,4312,15456,4256,112
TCGA-05-4245-01A-01-BS1_x15624y4312,15624,4312,15568,4256,112
TCGA-05-4245-01A-01-BS1_x4424y4424,4424,4424,4368,4368,112
TCGA-05-4245-01A-01-BS1_x4536y4424,4536,4424,4480,4368,112
TCGA-05-4245-01A-01-BS1_x4872y4424,4872,4424,4816,4368,112
TCGA-05-4245-01A-01-BS1_x4984y4424,4984,4424,4928,4368,112
TCGA-05-4245-01A-01-BS1_x5096y4424,5096,4424,5040,4368,112
TCGA-05-4245-01A-01-BS1_x5208y4424,5208,4424,5152,4368,112
TCGA-05-4245-01A-01-BS1_x5320y4424,5320,4424,5264,4368,112
TCGA-05-4245-01A-01-BS1_x5432y4424,5432,4424,5376,4368,112
TCGA-05-4245-01A-01-BS1_x5544y4424,5544,4424,5488,4368,112
TCGA-05-4245-01A-01-BS1_x5656y4424,5656,4424,5600,4368,112
TCGA-05-4245-01A-01-BS1_x5768y4424,5768,4424,5712,4368,112
TCGA-05-4245-01A-01-BS1_x5880y4424,5880,4424,5824,4368,112
TCGA-05-4245-01A-01-BS1_x5992y4424,5992,4424,5936,4368,112
TCGA-05-4245-01A-01-BS1_x6104y4424,6104,4424,6048,4368,112
TCGA-05-4245-01A-01-BS1_x6216y4424,6216,4424,6160,4368,112
TCGA-05-4245-01A-01-BS1_x6328y4424,6328,4424,6272,4368,112
TCGA-05-4245-01A-01-BS1_x6440y4424,6440,4424,6384,4368,112
TCGA-05-4245-01A-01-BS1_x6552y4424,6552,4424,6496,4368,112
TCGA-05-4245-01A-01-BS1_x6664y4424,6664,4424,6608,4368,112
TCGA-05-4245-01A-01-BS1_x6776y4424,6776,4424,6720,4368,112
TCGA-05-4245-01A-01-BS1_x6888y4424,6888,4424,6832,4368,112
TCGA-05-4245-01A-01-BS1_x7000y4424,7000,4424,6944,4368,112
TCGA-05-4245-01A-01-BS1_x7112y4424,7112,4424,7056,4368,112
TCGA-05-4245-01A-01-BS1_x7224y4424,7224,4424,7168,4368,112
TCGA-05-4245-01A-01-BS1_x7336y4424,7336,4424,7280,4368,112
TCGA-05-4245-01A-01-BS1_x7448y4424,7448,4424,7392,4368,112
TCGA-05-4245-01A-01-BS1_x7560y4424,7560,4424,7504,4368,112
TCGA-05-4245-01A-01-BS1_x7672y4424,7672,4424,7616,4368,112
TCGA-05-4245-01A-01-BS1_x7784y4424,7784,4424,7728,4368,112
TCGA-05-4245-01A-01-BS1_x7896y4424,7896,4424,7840,4368,112
TCGA-05-4245-01A-01-BS1_x8008y4424,8008,4424,7952,4368,112
TCGA-05-4245-01A-01-BS1_x8120y4424,8120,4424,8064,4368,112
TCGA-05-4245-01A-01-BS1_x8232y4424,8232,4424,8176,4368,112
TCGA-05-4245-01A-01-BS1_x8344y4424,8344,4424,8288,4368,112
TCGA-05-4245-01A-01-BS1_x8456y4424,8456,4424,8400,4368,112
TCGA-05-4245-01A-01-BS1_x8568y4424,8568,4424,8512,4368,112
TCGA-05-4245-01A-01-BS1_x8680y4424,8680,4424,8624,4368,112
TCGA-05-4245-01A-01-BS1_x8792y4424,8792,4424,8736,4368,112
TCGA-05-4245-01A-01-BS1_x8904y4424,8904,4424,8848,4368,112
TCGA-05-4245-01A-01-BS1_x9016y4424,9016,4424,8960,4368,112
TCGA-05-4245-01A-01-BS1_x9128y4424,9128,4424,9072,4368,112
TCGA-05-4245-01A-01-BS1_x9240y4424,9240,4424,9184,4368,112
TCGA-05-4245-01A-01-BS1_x9352y4424,9352,4424,9296,4368,112
TCGA-05-4245-01A-01-BS1_x9464y4424,9464,4424,9408,4368,112
TCGA-05-4245-01A-01-BS1_x9576y4424,9576,4424,9520,4368,112
TCGA-05-4245-01A-01-BS1_x9688y4424,9688,4424,9632,4368,112
TCGA-05-4245-01A-01-BS1_x9800y4424,9800,4424,9744,4368,112
TCGA-05-4245-01A-01-BS1_x9912y4424,9912,4424,9856,4368,112
TCGA-05-4245-01A-01-BS1_x10024y4424,10024,4424,9968,4368,112
TCGA-05-4245-01A-01-BS1_x10136y4424,10136,4424,10080,4368,112
TCGA-05-4245-01A-01-BS1_x10248y4424,10248,4424,10192,4368,112
TCGA-05-4245-01A-01-BS1_x10360y4424,10360,4424,10304,4368,112
TCGA-05-4245-01A-01-BS1_x10472y4424,10472,4424,10416,4368,112
TCGA-05-4245-01A-01-BS1_x10584y4424,10584,4424,10528,4368,112
TCGA-05-4245-01A-01-BS1_x10696y4424,10696,4424,10640,4368,112
TCGA-05-4245-01A-01-BS1_x10808y4424,10808,4424,10752,4368,112
TCGA-05-4245-01A-01-BS1_x10920y4424,10920,4424,10864,4368,112
TCGA-05-4245-01A-01-BS1_x11032y4424,11032,4424,10976,4368,112
TCGA-05-4245-01A-01-BS1_x11144y4424,11144,4424,11088,4368,112
TCGA-05-4245-01A-01-BS1_x11256y4424,11256,4424,11200,4368,112
TCGA-05-4245-01A-01-BS1_x11368y4424,11368,4424,11312,4368,112
TCGA-05-4245-01A-01-BS1_x11480y4424,11480,4424,11424,4368,112
TCGA-05-4245-01A-01-BS1_x11592y4424,11592,4424,11536,4368,112
TCGA-05-4245-01A-01-BS1_x11704y4424,11704,4424,11648,4368,112
TCGA-05-4245-01A-01-BS1_x11816y4424,11816,4424,11760,4368,112
TCGA-05-4245-01A-01-BS1_x11928y4424,11928,4424,11872,4368,112
TCGA-05-4245-01A-01-BS1_x13272y4424,13272,4424,13216,4368,112
TCGA-05-4245-01A-01-BS1_x13384y4424,13384,4424,13328,4368,112
TCGA-05-4245-01A-01-BS1_x13496y4424,13496,4424,13440,4368,112
TCGA-05-4245-01A-01-BS1_x13608y4424,13608,4424,13552,4368,112
TCGA-05-4245-01A-01-BS1_x13720y4424,13720,4424,13664,4368,112
TCGA-05-4245-01A-01-BS1_x13832y4424,13832,4424,13776,4368,112
TCGA-05-4245-01A-01-BS1_x13944y4424,13944,4424,13888,4368,112
TCGA-05-4245-01A-01-BS1_x14056y4424,14056,4424,14000,4368,112
TCGA-05-4245-01A-01-BS1_x14168y4424,14168,4424,14112,4368,112
TCGA-05-4245-01A-01-BS1_x14280y4424,14280,4424,14224,4368,112
TCGA-05-4245-01A-01-BS1_x14392y4424,14392,4424,14336,4368,112
TCGA-05-4245-01A-01-BS1_x14504y4424,14504,4424,14448,4368,112
TCGA-05-4245-01A-01-BS1_x14616y4424,14616,4424,14560,4368,112
TCGA-05-4245-01A-01-BS1_x14728y4424,14728,4424,14672,4368,112
TCGA-05-4245-01A-01-BS1_x14840y4424,14840,4424,14784,4368,112
TCGA-05-4245-01A-01-BS1_x14952y4424,14952,4424,14896,4368,112
TCGA-05-4245-01A-01-BS1_x15064y4424,15064,4424,15008,4368,112
TCGA-05-4245-01A-01-BS1_x15176y4424,15176,4424,15120,4368,112
TCGA-05-4245-01A-01-BS1_x15288y4424,15288,4424,15232,4368,112
TCGA-05-4245-01A-01-BS1_x15400y4424,15400,4424,15344,4368,112
TCGA-05-4245-01A-01-BS1_x15512y4424,15512,4424,15456,4368,112
TCGA-05-4245-01A-01-BS1_x4424y4536,4424,4536,4368,4480,112
TCGA-05-4245-01A-01-BS1_x4536y4536,4536,4536,4480,4480,112
TCGA-05-4245-01A-01-BS1_x4648y4536,4648,4536,4592,4480,112
TCGA-05-4245-01A-01-BS1_x4760y4536,4760,4536,4704,4480,112
TCGA-05-4245-01A-01-BS1_x4872y4536,4872,4536,4816,4480,112
TCGA-05-4245-01A-01-BS1_x4984y4536,4984,4536,4928,4480,112
TCGA-05-4245-01A-01-BS1_x5096y4536,5096,4536,5040,4480,112
TCGA-05-4245-01A-01-BS1_x5208y4536,5208,4536,5152,4480,112
TCGA-05-4245-01A-01-BS1_x5320y4536,5320,4536,5264,4480,112
TCGA-05-4245-01A-01-BS1_x5432y4536,5432,4536,5376,4480,112
TCGA-05-4245-01A-01-BS1_x5544y4536,5544,4536,5488,4480,112
TCGA-05-4245-01A-01-BS1_x5656y4536,5656,4536,5600,4480,112
TCGA-05-4245-01A-01-BS1_x5768y4536,5768,4536,5712,4480,112
TCGA-05-4245-01A-01-BS1_x5880y4536,5880,4536,5824,4480,112
TCGA-05-4245-01A-01-BS1_x5992y4536,5992,4536,5936,4480,112
TCGA-05-4245-01A-01-BS1_x6104y4536,6104,4536,6048,4480,112
TCGA-05-4245-01A-01-BS1_x6216y4536,6216,4536,6160,4480,112
TCGA-05-4245-01A-01-BS1_x6328y4536,6328,4536,6272,4480,112
TCGA-05-4245-01A-01-BS1_x6440y4536,6440,4536,6384,4480,112
TCGA-05-4245-01A-01-BS1_x6552y4536,6552,4536,6496,4480,112
TCGA-05-4245-01A-01-BS1_x6664y4536,6664,4536,6608,4480,112
TCGA-05-4245-01A-01-BS1_x6776y4536,6776,4536,6720,4480,112
TCGA-05-4245-01A-01-BS1_x6888y4536,6888,4536,6832,4480,112
TCGA-05-4245-01A-01-BS1_x7000y4536,7000,4536,6944,4480,112
TCGA-05-4245-01A-01-BS1_x7112y4536,7112,4536,7056,4480,112
TCGA-05-4245-01A-01-BS1_x7224y4536,7224,4536,7168,4480,112
TCGA-05-4245-01A-01-BS1_x7336y4536,7336,4536,7280,4480,112
TCGA-05-4245-01A-01-BS1_x7448y4536,7448,4536,7392,4480,112
TCGA-05-4245-01A-01-BS1_x7560y4536,7560,4536,7504,4480,112
TCGA-05-4245-01A-01-BS1_x7672y4536,7672,4536,7616,4480,112
TCGA-05-4245-01A-01-BS1_x7784y4536,7784,4536,7728,4480,112
TCGA-05-4245-01A-01-BS1_x7896y4536,7896,4536,7840,4480,112
TCGA-05-4245-01A-01-BS1_x8008y4536,8008,4536,7952,4480,112
TCGA-05-4245-01A-01-BS1_x8120y4536,8120,4536,8064,4480,112
TCGA-05-4245-01A-01-BS1_x8232y4536,8232,4536,8176,4480,112
TCGA-05-4245-01A-01-BS1_x8456y4536,8456,4536,8400,4480,112
TCGA-05-4245-01A-01-BS1_x8568y4536,8568,4536,8512,4480,112
TCGA-05-4245-01A-01-BS1_x8680y4536,8680,4536,8624,4480,112
TCGA-05-4245-01A-01-BS1_x8792y4536,8792,4536,8736,4480,112
TCGA-05-4245-01A-01-BS1_x8904y4536,8904,4536,8848,4480,112
TCGA-05-4245-01A-01-BS1_x9016y4536,9016,4536,8960,4480,112
TCGA-05-4245-01A-01-BS1_x9128y4536,9128,4536,9072,4480,112
TCGA-05-4245-01A-01-BS1_x9240y4536,9240,4536,9184,4480,112
TCGA-05-4245-01A-01-BS1_x9352y4536,9352,4536,9296,4480,112
TCGA-05-4245-01A-01-BS1_x9464y4536,9464,4536,9408,4480,112
TCGA-05-4245-01A-01-BS1_x9576y4536,9576,4536,9520,4480,112
TCGA-05-4245-01A-01-BS1_x9688y4536,9688,4536,9632,4480,112
TCGA-05-4245-01A-01-BS1_x9800y4536,9800,4536,9744,4480,112
TCGA-05-4245-01A-01-BS1_x9912y4536,9912,4536,9856,4480,112
TCGA-05-4245-01A-01-BS1_x10024y4536,10024,4536,9968,4480,112
TCGA-05-4245-01A-01-BS1_x10136y4536,10136,4536,10080,4480,112
TCGA-05-4245-01A-01-BS1_x10248y4536,10248,4536,10192,4480,112
TCGA-05-4245-01A-01-BS1_x10360y4536,10360,4536,10304,4480,112
TCGA-05-4245-01A-01-BS1_x10472y4536,10472,4536,10416,4480,112
TCGA-05-4245-01A-01-BS1_x10584y4536,10584,4536,10528,4480,112
TCGA-05-4245-01A-01-BS1_x10696y4536,10696,4536,10640,4480,112
TCGA-05-4245-01A-01-BS1_x10808y4536,10808,4536,10752,4480,112
TCGA-05-4245-01A-01-BS1_x10920y4536,10920,4536,10864,4480,112
TCGA-05-4245-01A-01-BS1_x11032y4536,11032,4536,10976,4480,112
TCGA-05-4245-01A-01-BS1_x11144y4536,11144,4536,11088,4480,112
TCGA-05-4245-01A-01-BS1_x11256y4536,11256,4536,11200,4480,112
TCGA-05-4245-01A-01-BS1_x11368y4536,11368,4536,11312,4480,112
TCGA-05-4245-01A-01-BS1_x11480y4536,11480,4536,11424,4480,112
TCGA-05-4245-01A-01-BS1_x11592y4536,11592,4536,11536,4480,112
TCGA-05-4245-01A-01-BS1_x11704y4536,11704,4536,11648,4480,112
TCGA-05-4245-01A-01-BS1_x11816y4536,11816,4536,11760,4480,112
TCGA-05-4245-01A-01-BS1_x11928y4536,11928,4536,11872,4480,112
TCGA-05-4245-01A-01-BS1_x12600y4536,12600,4536,12544,4480,112
TCGA-05-4245-01A-01-BS1_x12712y4536,12712,4536,12656,4480,112
TCGA-05-4245-01A-01-BS1_x12824y4536,12824,4536,12768,4480,112
TCGA-05-4245-01A-01-BS1_x12936y4536,12936,4536,12880,4480,112
TCGA-05-4245-01A-01-BS1_x13048y4536,13048,4536,12992,4480,112
TCGA-05-4245-01A-01-BS1_x13160y4536,13160,4536,13104,4480,112
TCGA-05-4245-01A-01-BS1_x13272y4536,13272,4536,13216,4480,112
TCGA-05-4245-01A-01-BS1_x13384y4536,13384,4536,13328,4480,112
TCGA-05-4245-01A-01-BS1_x13496y4536,13496,4536,13440,4480,112
TCGA-05-4245-01A-01-BS1_x13608y4536,13608,4536,13552,4480,112
TCGA-05-4245-01A-01-BS1_x13720y4536,13720,4536,13664,4480,112
TCGA-05-4245-01A-01-BS1_x13832y4536,13832,4536,13776,4480,112
TCGA-05-4245-01A-01-BS1_x13944y4536,13944,4536,13888,4480,112
TCGA-05-4245-01A-01-BS1_x14056y4536,14056,4536,14000,4480,112
TCGA-05-4245-01A-01-BS1_x14168y4536,14168,4536,14112,4480,112
TCGA-05-4245-01A-01-BS1_x14280y4536,14280,4536,14224,4480,112
TCGA-05-4245-01A-01-BS1_x14392y4536,14392,4536,14336,4480,112
TCGA-05-4245-01A-01-BS1_x14504y4536,14504,4536,14448,4480,112
TCGA-05-4245-01A-01-BS1_x14616y4536,14616,4536,14560,4480,112
TCGA-05-4245-01A-01-BS1_x14728y4536,14728,4536,14672,4480,112
TCGA-05-4245-01A-01-BS1_x14840y4536,14840,4536,14784,4480,112
TCGA-05-4245-01A-01-BS1_x14952y4536,14952,4536,14896,4480,112
TCGA-05-4245-01A-01-BS1_x15064y4536,15064,4536,15008,4480,112
TCGA-05-4245-01A-01-BS1_x15176y4536,15176,4536,15120,4480,112
TCGA-05-4245-01A-01-BS1_x15288y4536,15288,4536,15232,4480,112
TCGA-05-4245-01A-01-BS1_x15400y4536,15400,4536,15344,4480,112
TCGA-05-4245-01A-01-BS1_x15512y4536,15512,4536,15456,4480,112
TCGA-05-4245-01A-01-BS1_x4312y4648,4312,4648,4256,4592,112
TCGA-05-4245-01A-01-BS1_x4424y4648,4424,4648,4368,4592,112
TCGA-05-4245-01A-01-BS1_x4536y4648,4536,4648,4480,4592,112
TCGA-05-4245-01A-01-BS1_x4648y4648,4648,4648,4592,4592,112
TCGA-05-4245-01A-01-BS1_x4760y4648,4760,4648,4704,4592,112
TCGA-05-4245-01A-01-BS1_x4872y4648,4872,4648,4816,4592,112
TCGA-05-4245-01A-01-BS1_x4984y4648,4984,4648,4928,4592,112
TCGA-05-4245-01A-01-BS1_x5096y4648,5096,4648,5040,4592,112
TCGA-05-4245-01A-01-BS1_x5208y4648,5208,4648,5152,4592,112
TCGA-05-4245-01A-01-BS1_x5320y4648,5320,4648,5264,4592,112
TCGA-05-4245-01A-01-BS1_x5432y4648,5432,4648,5376,4592,112
TCGA-05-4245-01A-01-BS1_x5544y4648,5544,4648,5488,4592,112
TCGA-05-4245-01A-01-BS1_x5656y4648,5656,4648,5600,4592,112
TCGA-05-4245-01A-01-BS1_x5768y4648,5768,4648,5712,4592,112
TCGA-05-4245-01A-01-BS1_x5880y4648,5880,4648,5824,4592,112
TCGA-05-4245-01A-01-BS1_x5992y4648,5992,4648,5936,4592,112
TCGA-05-4245-01A-01-BS1_x6104y4648,6104,4648,6048,4592,112
TCGA-05-4245-01A-01-BS1_x6216y4648,6216,4648,6160,4592,112
TCGA-05-4245-01A-01-BS1_x6328y4648,6328,4648,6272,4592,112
TCGA-05-4245-01A-01-BS1_x6440y4648,6440,4648,6384,4592,112
TCGA-05-4245-01A-01-BS1_x6552y4648,6552,4648,6496,4592,112
TCGA-05-4245-01A-01-BS1_x6664y4648,6664,4648,6608,4592,112
TCGA-05-4245-01A-01-BS1_x6776y4648,6776,4648,6720,4592,112
TCGA-05-4245-01A-01-BS1_x6888y4648,6888,4648,6832,4592,112
TCGA-05-4245-01A-01-BS1_x7000y4648,7000,4648,6944,4592,112
TCGA-05-4245-01A-01-BS1_x7112y4648,7112,4648,7056,4592,112
TCGA-05-4245-01A-01-BS1_x7224y4648,7224,4648,7168,4592,112
TCGA-05-4245-01A-01-BS1_x7336y4648,7336,4648,7280,4592,112
TCGA-05-4245-01A-01-BS1_x7448y4648,7448,4648,7392,4592,112
TCGA-05-4245-01A-01-BS1_x7560y4648,7560,4648,7504,4592,112
TCGA-05-4245-01A-01-BS1_x7672y4648,7672,4648,7616,4592,112
TCGA-05-4245-01A-01-BS1_x7784y4648,7784,4648,7728,4592,112
TCGA-05-4245-01A-01-BS1_x7896y4648,7896,4648,7840,4592,112
TCGA-05-4245-01A-01-BS1_x8008y4648,8008,4648,7952,4592,112
TCGA-05-4245-01A-01-BS1_x8120y4648,8120,4648,8064,4592,112
TCGA-05-4245-01A-01-BS1_x8232y4648,8232,4648,8176,4592,112
TCGA-05-4245-01A-01-BS1_x8344y4648,8344,4648,8288,4592,112
TCGA-05-4245-01A-01-BS1_x8456y4648,8456,4648,8400,4592,112
TCGA-05-4245-01A-01-BS1_x8568y4648,8568,4648,8512,4592,112
TCGA-05-4245-01A-01-BS1_x8680y4648,8680,4648,8624,4592,112
TCGA-05-4245-01A-01-BS1_x8792y4648,8792,4648,8736,4592,112
TCGA-05-4245-01A-01-BS1_x8904y4648,8904,4648,8848,4592,112
TCGA-05-4245-01A-01-BS1_x9016y4648,9016,4648,8960,4592,112
TCGA-05-4245-01A-01-BS1_x9128y4648,9128,4648,9072,4592,112
TCGA-05-4245-01A-01-BS1_x9240y4648,9240,4648,9184,4592,112
TCGA-05-4245-01A-01-BS1_x9352y4648,9352,4648,9296,4592,112
TCGA-05-4245-01A-01-BS1_x9464y4648,9464,4648,9408,4592,112
TCGA-05-4245-01A-01-BS1_x9576y4648,9576,4648,9520,4592,112
TCGA-05-4245-01A-01-BS1_x9688y4648,9688,4648,9632,4592,112
TCGA-05-4245-01A-01-BS1_x9800y4648,9800,4648,9744,4592,112
TCGA-05-4245-01A-01-BS1_x9912y4648,9912,4648,9856,4592,112
TCGA-05-4245-01A-01-BS1_x10024y4648,10024,4648,9968,4592,112
TCGA-05-4245-01A-01-BS1_x10136y4648,10136,4648,10080,4592,112
TCGA-05-4245-01A-01-BS1_x10248y4648,10248,4648,10192,4592,112
TCGA-05-4245-01A-01-BS1_x10360y4648,10360,4648,10304,4592,112
TCGA-05-4245-01A-01-BS1_x10472y4648,10472,4648,10416,4592,112
TCGA-05-4245-01A-01-BS1_x10584y4648,10584,4648,10528,4592,112
TCGA-05-4245-01A-01-BS1_x10696y4648,10696,4648,10640,4592,112
TCGA-05-4245-01A-01-BS1_x10808y4648,10808,4648,10752,4592,112
TCGA-05-4245-01A-01-BS1_x10920y4648,10920,4648,10864,4592,112
TCGA-05-4245-01A-01-BS1_x11032y4648,11032,4648,10976,4592,112
TCGA-05-4245-01A-01-BS1_x11144y4648,11144,4648,11088,4592,112
TCGA-05-4245-01A-01-BS1_x11256y4648,11256,4648,11200,4592,112
TCGA-05-4245-01A-01-BS1_x11368y4648,11368,4648,11312,4592,112
TCGA-05-4245-01A-01-BS1_x11704y4648,11704,4648,11648,4592,112
TCGA-05-4245-01A-01-BS1_x11816y4648,11816,4648,11760,4592,112
TCGA-05-4245-01A-01-BS1_x11928y4648,11928,4648,11872,4592,112
TCGA-05-4245-01A-01-BS1_x12040y4648,12040,4648,11984,4592,112
TCGA-05-4245-01A-01-BS1_x12152y4648,12152,4648,12096,4592,112
TCGA-05-4245-01A-01-BS1_x12264y4648,12264,4648,12208,4592,112
TCGA-05-4245-01A-01-BS1_x12376y4648,12376,4648,12320,4592,112
TCGA-05-4245-01A-01-BS1_x12488y4648,12488,4648,12432,4592,112
TCGA-05-4245-01A-01-BS1_x12600y4648,12600,4648,12544,4592,112
TCGA-05-4245-01A-01-BS1_x12712y4648,12712,4648,12656,4592,112
TCGA-05-4245-01A-01-BS1_x12824y4648,12824,4648,12768,4592,112
TCGA-05-4245-01A-01-BS1_x12936y4648,12936,4648,12880,4592,112
TCGA-05-4245-01A-01-BS1_x13048y4648,13048,4648,12992,4592,112
TCGA-05-4245-01A-01-BS1_x13160y4648,13160,4648,13104,4592,112
TCGA-05-4245-01A-01-BS1_x13272y4648,13272,4648,13216,4592,112
TCGA-05-4245-01A-01-BS1_x13384y4648,13384,4648,13328,4592,112
TCGA-05-4245-01A-01-BS1_x13496y4648,13496,4648,13440,4592,112
TCGA-05-4245-01A-01-BS1_x13608y4648,13608,4648,13552,4592,112
TCGA-05-4245-01A-01-BS1_x13720y4648,13720,4648,13664,4592,112
TCGA-05-4245-01A-01-BS1_x13832y4648,13832,4648,13776,4592,112
TCGA-05-4245-01A-01-BS1_x13944y4648,13944,4648,13888,4592,112
TCGA-05-4245-01A-01-BS1_x14056y4648,14056,4648,14000,4592,112
TCGA-05-4245-01A-01-BS1_x14168y4648,14168,4648,14112,4592,112
TCGA-05-4245-01A-01-BS1_x14280y4648,14280,4648,14224,4592,112
TCGA-05-4245-01A-01-BS1_x14392y4648,14392,4648,14336,4592,112
TCGA-05-4245-01A-01-BS1_x14504y4648,14504,4648,14448,4592,112
TCGA-05-4245-01A-01-BS1_x14616y4648,14616,4648,14560,4592,112
TCGA-05-4245-01A-01-BS1_x14728y4648,14728,4648,14672,4592,112
TCGA-05-4245-01A-01-BS1_x14840y4648,14840,4648,14784,4592,112
TCGA-05-4245-01A-01-BS1_x14952y4648,14952,4648,14896,4592,112
TCGA-05-4245-01A-01-BS1_x15064y4648,15064,4648,15008,4592,112
TCGA-05-4245-01A-01-BS1_x15176y4648,15176,4648,15120,4592,112
TCGA-05-4245-01A-01-BS1_x15288y4648,15288,4648,15232,4592,112
TCGA-05-4245-01A-01-BS1_x15400y4648,15400,4648,15344,4592,112
TCGA-05-4245-01A-01-BS1_x15512y4648,15512,4648,15456,4592,112
TCGA-05-4245-01A-01-BS1_x15624y4648,15624,4648,15568,4592,112
TCGA-05-4245-01A-01-BS1_x4312y4760,4312,4760,4256,4704,112
TCGA-05-4245-01A-01-BS1_x4424y4760,4424,4760,4368,4704,112
TCGA-05-4245-01A-01-BS1_x4536y4760,4536,4760,4480,4704,112
TCGA-05-4245-01A-01-BS1_x4648y4760,4648,4760,4592,4704,112
TCGA-05-4245-01A-01-BS1_x4760y4760,4760,4760,4704,4704,112
TCGA-05-4245-01A-01-BS1_x4872y4760,4872,4760,4816,4704,112
TCGA-05-4245-01A-01-BS1_x4984y4760,4984,4760,4928,4704,112
TCGA-05-4245-01A-01-BS1_x5096y4760,5096,4760,5040,4704,112
TCGA-05-4245-01A-01-BS1_x5208y4760,5208,4760,5152,4704,112
TCGA-05-4245-01A-01-BS1_x5320y4760,5320,4760,5264,4704,112
TCGA-05-4245-01A-01-BS1_x5432y4760,5432,4760,5376,4704,112
TCGA-05-4245-01A-01-BS1_x5544y4760,5544,4760,5488,4704,112
TCGA-05-4245-01A-01-BS1_x5656y4760,5656,4760,5600,4704,112
TCGA-05-4245-01A-01-BS1_x5768y4760,5768,4760,5712,4704,112
TCGA-05-4245-01A-01-BS1_x5880y4760,5880,4760,5824,4704,112
TCGA-05-4245-01A-01-BS1_x5992y4760,5992,4760,5936,4704,112
TCGA-05-4245-01A-01-BS1_x6216y4760,6216,4760,6160,4704,112
TCGA-05-4245-01A-01-BS1_x6328y4760,6328,4760,6272,4704,112
TCGA-05-4245-01A-01-BS1_x6440y4760,6440,4760,6384,4704,112
TCGA-05-4245-01A-01-BS1_x6552y4760,6552,4760,6496,4704,112
TCGA-05-4245-01A-01-BS1_x6664y4760,6664,4760,6608,4704,112
TCGA-05-4245-01A-01-BS1_x6776y4760,6776,4760,6720,4704,112
TCGA-05-4245-01A-01-BS1_x6888y4760,6888,4760,6832,4704,112
TCGA-05-4245-01A-01-BS1_x7000y4760,7000,4760,6944,4704,112
TCGA-05-4245-01A-01-BS1_x7112y4760,7112,4760,7056,4704,112
TCGA-05-4245-01A-01-BS1_x7224y4760,7224,4760,7168,4704,112
TCGA-05-4245-01A-01-BS1_x7336y4760,7336,4760,7280,4704,112
TCGA-05-4245-01A-01-BS1_x7448y4760,7448,4760,7392,4704,112
TCGA-05-4245-01A-01-BS1_x7560y4760,7560,4760,7504,4704,112
TCGA-05-4245-01A-01-BS1_x7672y4760,7672,4760,7616,4704,112
TCGA-05-4245-01A-01-BS1_x7784y4760,7784,4760,7728,4704,112
TCGA-05-4245-01A-01-BS1_x7896y4760,7896,4760,7840,4704,112
TCGA-05-4245-01A-01-BS1_x8008y4760,8008,4760,7952,4704,112
TCGA-05-4245-01A-01-BS1_x8120y4760,8120,4760,8064,4704,112
TCGA-05-4245-01A-01-BS1_x8232y4760,8232,4760,8176,4704,112
TCGA-05-4245-01A-01-BS1_x8344y4760,8344,4760,8288,4704,112
TCGA-05-4245-01A-01-BS1_x8456y4760,8456,4760,8400,4704,112
TCGA-05-4245-01A-01-BS1_x8568y4760,8568,4760,8512,4704,112
TCGA-05-4245-01A-01-BS1_x8680y4760,8680,4760,8624,4704,112
TCGA-05-4245-01A-01-BS1_x8792y4760,8792,4760,8736,4704,112
TCGA-05-4245-01A-01-BS1_x8904y4760,8904,4760,8848,4704,112
TCGA-05-4245-01A-01-BS1_x9016y4760,9016,4760,8960,4704,112
TCGA-05-4245-01A-01-BS1_x9128y4760,9128,4760,9072,4704,112
TCGA-05-4245-01A-01-BS1_x9240y4760,9240,4760,9184,4704,112
TCGA-05-4245-01A-01-BS1_x9352y4760,9352,4760,9296,4704,112
TCGA-05-4245-01A-01-BS1_x9464y4760,9464,4760,9408,4704,112
TCGA-05-4245-01A-01-BS1_x9576y4760,9576,4760,9520,4704,112
TCGA-05-4245-01A-01-BS1_x9688y4760,9688,4760,9632,4704,112
TCGA-05-4245-01A-01-BS1_x9800y4760,9800,4760,9744,4704,112
TCGA-05-4245-01A-01-BS1_x9912y4760,9912,4760,9856,4704,112
TCGA-05-4245-01A-01-BS1_x10024y4760,10024,4760,9968,4704,112
TCGA-05-4245-01A-01-BS1_x10136y4760,10136,4760,10080,4704,112
TCGA-05-4245-01A-01-BS1_x10248y4760,10248,4760,10192,4704,112
TCGA-05-4245-01A-01-BS1_x10360y4760,10360,4760,10304,4704,112
TCGA-05-4245-01A-01-BS1_x10472y4760,10472,4760,10416,4704,112
TCGA-05-4245-01A-01-BS1_x10584y4760,10584,4760,10528,4704,112
TCGA-05-4245-01A-01-BS1_x10696y4760,10696,4760,10640,4704,112
TCGA-05-4245-01A-01-BS1_x10808y4760,10808,4760,10752,4704,112
TCGA-05-4245-01A-01-BS1_x10920y4760,10920,4760,10864,4704,112
TCGA-05-4245-01A-01-BS1_x11032y4760,11032,4760,10976,4704,112
TCGA-05-4245-01A-01-BS1_x11144y4760,11144,4760,11088,4704,112
TCGA-05-4245-01A-01-BS1_x11256y4760,11256,4760,11200,4704,112
TCGA-05-4245-01A-01-BS1_x11592y4760,11592,4760,11536,4704,112
TCGA-05-4245-01A-01-BS1_x11704y4760,11704,4760,11648,4704,112
TCGA-05-4245-01A-01-BS1_x11816y4760,11816,4760,11760,4704,112
TCGA-05-4245-01A-01-BS1_x11928y4760,11928,4760,11872,4704,112
TCGA-05-4245-01A-01-BS1_x12040y4760,12040,4760,11984,4704,112
TCGA-05-4245-01A-01-BS1_x12152y4760,12152,4760,12096,4704,112
TCGA-05-4245-01A-01-BS1_x12264y4760,12264,4760,12208,4704,112
TCGA-05-4245-01A-01-BS1_x12376y4760,12376,4760,12320,4704,112
TCGA-05-4245-01A-01-BS1_x12488y4760,12488,4760,12432,4704,112
TCGA-05-4245-01A-01-BS1_x12600y4760,12600,4760,12544,4704,112
TCGA-05-4245-01A-01-BS1_x12712y4760,12712,4760,12656,4704,112
TCGA-05-4245-01A-01-BS1_x12824y4760,12824,4760,12768,4704,112
TCGA-05-4245-01A-01-BS1_x12936y4760,12936,4760,12880,4704,112
TCGA-05-4245-01A-01-BS1_x13048y4760,13048,4760,12992,4704,112
TCGA-05-4245-01A-01-BS1_x13160y4760,13160,4760,13104,4704,112
TCGA-05-4245-01A-01-BS1_x13272y4760,13272,4760,13216,4704,112
TCGA-05-4245-01A-01-BS1_x13384y4760,13384,4760,13328,4704,112
TCGA-05-4245-01A-01-BS1_x13496y4760,13496,4760,13440,4704,112
TCGA-05-4245-01A-01-BS1_x13608y4760,13608,4760,13552,4704,112
TCGA-05-4245-01A-01-BS1_x13720y4760,13720,4760,13664,4704,112
TCGA-05-4245-01A-01-BS1_x13832y4760,13832,4760,13776,4704,112
TCGA-05-4245-01A-01-BS1_x13944y4760,13944,4760,13888,4704,112
TCGA-05-4245-01A-01-BS1_x14056y4760,14056,4760,14000,4704,112
TCGA-05-4245-01A-01-BS1_x14168y4760,14168,4760,14112,4704,112
TCGA-05-4245-01A-01-BS1_x14280y4760,14280,4760,14224,4704,112
TCGA-05-4245-01A-01-BS1_x14392y4760,14392,4760,14336,4704,112
TCGA-05-4245-01A-01-BS1_x14504y4760,14504,4760,14448,4704,112
TCGA-05-4245-01A-01-BS1_x14616y4760,14616,4760,14560,4704,112
TCGA-05-4245-01A-01-BS1_x14728y4760,14728,4760,14672,4704,112
TCGA-05-4245-01A-01-BS1_x14840y4760,14840,4760,14784,4704,112
TCGA-05-4245-01A-01-BS1_x14952y4760,14952,4760,14896,4704,112
TCGA-05-4245-01A-01-BS1_x15064y4760,15064,4760,15008,4704,112
TCGA-05-4245-01A-01-BS1_x15176y4760,15176,4760,15120,4704,112
TCGA-05-4245-01A-01-BS1_x15288y4760,15288,4760,15232,4704,112
TCGA-05-4245-01A-01-BS1_x15400y4760,15400,4760,15344,4704,112
TCGA-05-4245-01A-01-BS1_x15512y4760,15512,4760,15456,4704,112
TCGA-05-4245-01A-01-BS1_x15624y4760,15624,4760,15568,4704,112
TCGA-05-4245-01A-01-BS1_x4200y4872,4200,4872,4144,4816,112
TCGA-05-4245-01A-01-BS1_x4312y4872,4312,4872,4256,4816,112
TCGA-05-4245-01A-01-BS1_x4424y4872,4424,4872,4368,4816,112
TCGA-05-4245-01A-01-BS1_x4536y4872,4536,4872,4480,4816,112
TCGA-05-4245-01A-01-BS1_x4648y4872,4648,4872,4592,4816,112
TCGA-05-4245-01A-01-BS1_x4760y4872,4760,4872,4704,4816,112
TCGA-05-4245-01A-01-BS1_x4872y4872,4872,4872,4816,4816,112
TCGA-05-4245-01A-01-BS1_x4984y4872,4984,4872,4928,4816,112
TCGA-05-4245-01A-01-BS1_x5096y4872,5096,4872,5040,4816,112
TCGA-05-4245-01A-01-BS1_x5208y4872,5208,4872,5152,4816,112
TCGA-05-4245-01A-01-BS1_x5320y4872,5320,4872,5264,4816,112
TCGA-05-4245-01A-01-BS1_x5432y4872,5432,4872,5376,4816,112
TCGA-05-4245-01A-01-BS1_x5544y4872,5544,4872,5488,4816,112
TCGA-05-4245-01A-01-BS1_x5656y4872,5656,4872,5600,4816,112
TCGA-05-4245-01A-01-BS1_x5768y4872,5768,4872,5712,4816,112
TCGA-05-4245-01A-01-BS1_x5880y4872,5880,4872,5824,4816,112
TCGA-05-4245-01A-01-BS1_x5992y4872,5992,4872,5936,4816,112
TCGA-05-4245-01A-01-BS1_x6104y4872,6104,4872,6048,4816,112
TCGA-05-4245-01A-01-BS1_x6216y4872,6216,4872,6160,4816,112
TCGA-05-4245-01A-01-BS1_x6328y4872,6328,4872,6272,4816,112
TCGA-05-4245-01A-01-BS1_x6440y4872,6440,4872,6384,4816,112
TCGA-05-4245-01A-01-BS1_x6552y4872,6552,4872,6496,4816,112
TCGA-05-4245-01A-01-BS1_x6664y4872,6664,4872,6608,4816,112
TCGA-05-4245-01A-01-BS1_x6776y4872,6776,4872,6720,4816,112
TCGA-05-4245-01A-01-BS1_x6888y4872,6888,4872,6832,4816,112
TCGA-05-4245-01A-01-BS1_x7000y4872,7000,4872,6944,4816,112
TCGA-05-4245-01A-01-BS1_x7112y4872,7112,4872,7056,4816,112
TCGA-05-4245-01A-01-BS1_x7224y4872,7224,4872,7168,4816,112
TCGA-05-4245-01A-01-BS1_x7336y4872,7336,4872,7280,4816,112
TCGA-05-4245-01A-01-BS1_x7448y4872,7448,4872,7392,4816,112
TCGA-05-4245-01A-01-BS1_x7560y4872,7560,4872,7504,4816,112
TCGA-05-4245-01A-01-BS1_x7672y4872,7672,4872,7616,4816,112
TCGA-05-4245-01A-01-BS1_x7784y4872,7784,4872,7728,4816,112
TCGA-05-4245-01A-01-BS1_x7896y4872,7896,4872,7840,4816,112
TCGA-05-4245-01A-01-BS1_x8008y4872,8008,4872,7952,4816,112
TCGA-05-4245-01A-01-BS1_x8120y4872,8120,4872,8064,4816,112
TCGA-05-4245-01A-01-BS1_x8232y4872,8232,4872,8176,4816,112
TCGA-05-4245-01A-01-BS1_x8344y4872,8344,4872,8288,4816,112
TCGA-05-4245-01A-01-BS1_x8456y4872,8456,4872,8400,4816,112
TCGA-05-4245-01A-01-BS1_x8568y4872,8568,4872,8512,4816,112
TCGA-05-4245-01A-01-BS1_x8680y4872,8680,4872,8624,4816,112
TCGA-05-4245-01A-01-BS1_x8792y4872,8792,4872,8736,4816,112
TCGA-05-4245-01A-01-BS1_x8904y4872,8904,4872,8848,4816,112
TCGA-05-4245-01A-01-BS1_x9016y4872,9016,4872,8960,4816,112
TCGA-05-4245-01A-01-BS1_x9128y4872,9128,4872,9072,4816,112
TCGA-05-4245-01A-01-BS1_x9240y4872,9240,4872,9184,4816,112
TCGA-05-4245-01A-01-BS1_x9352y4872,9352,4872,9296,4816,112
TCGA-05-4245-01A-01-BS1_x9464y4872,9464,4872,9408,4816,112
TCGA-05-4245-01A-01-BS1_x9576y4872,9576,4872,9520,4816,112
TCGA-05-4245-01A-01-BS1_x9688y4872,9688,4872,9632,4816,112
TCGA-05-4245-01A-01-BS1_x9800y4872,9800,4872,9744,4816,112
TCGA-05-4245-01A-01-BS1_x9912y4872,9912,4872,9856,4816,112
TCGA-05-4245-01A-01-BS1_x10024y4872,10024,4872,9968,4816,112
TCGA-05-4245-01A-01-BS1_x10136y4872,10136,4872,10080,4816,112
TCGA-05-4245-01A-01-BS1_x10248y4872,10248,4872,10192,4816,112
TCGA-05-4245-01A-01-BS1_x10360y4872,10360,4872,10304,4816,112
TCGA-05-4245-01A-01-BS1_x10472y4872,10472,4872,10416,4816,112
TCGA-05-4245-01A-01-BS1_x10584y4872,10584,4872,10528,4816,112
TCGA-05-4245-01A-01-BS1_x10696y4872,10696,4872,10640,4816,112
TCGA-05-4245-01A-01-BS1_x10808y4872,10808,4872,10752,4816,112
TCGA-05-4245-01A-01-BS1_x10920y4872,10920,4872,10864,4816,112
TCGA-05-4245-01A-01-BS1_x11032y4872,11032,4872,10976,4816,112
TCGA-05-4245-01A-01-BS1_x11144y4872,11144,4872,11088,4816,112
TCGA-05-4245-01A-01-BS1_x11256y4872,11256,4872,11200,4816,112
TCGA-05-4245-01A-01-BS1_x11480y4872,11480,4872,11424,4816,112
TCGA-05-4245-01A-01-BS1_x11592y4872,11592,4872,11536,4816,112
TCGA-05-4245-01A-01-BS1_x11704y4872,11704,4872,11648,4816,112
TCGA-05-4245-01A-01-BS1_x11816y4872,11816,4872,11760,4816,112
TCGA-05-4245-01A-01-BS1_x11928y4872,11928,4872,11872,4816,112
TCGA-05-4245-01A-01-BS1_x12040y4872,12040,4872,11984,4816,112
TCGA-05-4245-01A-01-BS1_x12152y4872,12152,4872,12096,4816,112
TCGA-05-4245-01A-01-BS1_x12264y4872,12264,4872,12208,4816,112
TCGA-05-4245-01A-01-BS1_x12376y4872,12376,4872,12320,4816,112
TCGA-05-4245-01A-01-BS1_x12488y4872,12488,4872,12432,4816,112
TCGA-05-4245-01A-01-BS1_x12600y4872,12600,4872,12544,4816,112
TCGA-05-4245-01A-01-BS1_x12712y4872,12712,4872,12656,4816,112
TCGA-05-4245-01A-01-BS1_x12824y4872,12824,4872,12768,4816,112
TCGA-05-4245-01A-01-BS1_x12936y4872,12936,4872,12880,4816,112
TCGA-05-4245-01A-01-BS1_x13048y4872,13048,4872,12992,4816,112
TCGA-05-4245-01A-01-BS1_x13160y4872,13160,4872,13104,4816,112
TCGA-05-4245-01A-01-BS1_x13272y4872,13272,4872,13216,4816,112
TCGA-05-4245-01A-01-BS1_x13384y4872,13384,4872,13328,4816,112
TCGA-05-4245-01A-01-BS1_x13496y4872,13496,4872,13440,4816,112
TCGA-05-4245-01A-01-BS1_x13608y4872,13608,4872,13552,4816,112
TCGA-05-4245-01A-01-BS1_x13720y4872,13720,4872,13664,4816,112
TCGA-05-4245-01A-01-BS1_x13832y4872,13832,4872,13776,4816,112
TCGA-05-4245-01A-01-BS1_x13944y4872,13944,4872,13888,4816,112
TCGA-05-4245-01A-01-BS1_x14056y4872,14056,4872,14000,4816,112
TCGA-05-4245-01A-01-BS1_x14168y4872,14168,4872,14112,4816,112
TCGA-05-4245-01A-01-BS1_x14280y4872,14280,4872,14224,4816,112
TCGA-05-4245-01A-01-BS1_x14392y4872,14392,4872,14336,4816,112
TCGA-05-4245-01A-01-BS1_x14504y4872,14504,4872,14448,4816,112
TCGA-05-4245-01A-01-BS1_x14616y4872,14616,4872,14560,4816,112
TCGA-05-4245-01A-01-BS1_x14728y4872,14728,4872,14672,4816,112
TCGA-05-4245-01A-01-BS1_x14840y4872,14840,4872,14784,4816,112
TCGA-05-4245-01A-01-BS1_x14952y4872,14952,4872,14896,4816,112
TCGA-05-4245-01A-01-BS1_x15064y4872,15064,4872,15008,4816,112
TCGA-05-4245-01A-01-BS1_x15176y4872,15176,4872,15120,4816,112
TCGA-05-4245-01A-01-BS1_x15288y4872,15288,4872,15232,4816,112
TCGA-05-4245-01A-01-BS1_x15400y4872,15400,4872,15344,4816,112
TCGA-05-4245-01A-01-BS1_x15512y4872,15512,4872,15456,4816,112
TCGA-05-4245-01A-01-BS1_x15624y4872,15624,4872,15568,4816,112
TCGA-05-4245-01A-01-BS1_x4200y4984,4200,4984,4144,4928,112
TCGA-05-4245-01A-01-BS1_x4312y4984,4312,4984,4256,4928,112
TCGA-05-4245-01A-01-BS1_x4424y4984,4424,4984,4368,4928,112
TCGA-05-4245-01A-01-BS1_x4536y4984,4536,4984,4480,4928,112
TCGA-05-4245-01A-01-BS1_x4648y4984,4648,4984,4592,4928,112
TCGA-05-4245-01A-01-BS1_x4760y4984,4760,4984,4704,4928,112
TCGA-05-4245-01A-01-BS1_x4872y4984,4872,4984,4816,4928,112
TCGA-05-4245-01A-01-BS1_x4984y4984,4984,4984,4928,4928,112
TCGA-05-4245-01A-01-BS1_x5096y4984,5096,4984,5040,4928,112
TCGA-05-4245-01A-01-BS1_x5208y4984,5208,4984,5152,4928,112
TCGA-05-4245-01A-01-BS1_x5320y4984,5320,4984,5264,4928,112
TCGA-05-4245-01A-01-BS1_x5432y4984,5432,4984,5376,4928,112
TCGA-05-4245-01A-01-BS1_x5544y4984,5544,4984,5488,4928,112
TCGA-05-4245-01A-01-BS1_x5656y4984,5656,4984,5600,4928,112
TCGA-05-4245-01A-01-BS1_x5768y4984,5768,4984,5712,4928,112
TCGA-05-4245-01A-01-BS1_x5880y4984,5880,4984,5824,4928,112
TCGA-05-4245-01A-01-BS1_x5992y4984,5992,4984,5936,4928,112
TCGA-05-4245-01A-01-BS1_x6104y4984,6104,4984,6048,4928,112
TCGA-05-4245-01A-01-BS1_x6216y4984,6216,4984,6160,4928,112
TCGA-05-4245-01A-01-BS1_x6328y4984,6328,4984,6272,4928,112
TCGA-05-4245-01A-01-BS1_x6440y4984,6440,4984,6384,4928,112
TCGA-05-4245-01A-01-BS1_x6552y4984,6552,4984,6496,4928,112
TCGA-05-4245-01A-01-BS1_x6664y4984,6664,4984,6608,4928,112
TCGA-05-4245-01A-01-BS1_x6776y4984,6776,4984,6720,4928,112
TCGA-05-4245-01A-01-BS1_x7000y4984,7000,4984,6944,4928,112
TCGA-05-4245-01A-01-BS1_x7112y4984,7112,4984,7056,4928,112
TCGA-05-4245-01A-01-BS1_x7224y4984,7224,4984,7168,4928,112
TCGA-05-4245-01A-01-BS1_x7336y4984,7336,4984,7280,4928,112
TCGA-05-4245-01A-01-BS1_x7448y4984,7448,4984,7392,4928,112
TCGA-05-4245-01A-01-BS1_x7560y4984,7560,4984,7504,4928,112
TCGA-05-4245-01A-01-BS1_x7672y4984,7672,4984,7616,4928,112
TCGA-05-4245-01A-01-BS1_x7784y4984,7784,4984,7728,4928,112
TCGA-05-4245-01A-01-BS1_x7896y4984,7896,4984,7840,4928,112
TCGA-05-4245-01A-01-BS1_x8008y4984,8008,4984,7952,4928,112
TCGA-05-4245-01A-01-BS1_x8120y4984,8120,4984,8064,4928,112
TCGA-05-4245-01A-01-BS1_x8232y4984,8232,4984,8176,4928,112
TCGA-05-4245-01A-01-BS1_x8344y4984,8344,4984,8288,4928,112
TCGA-05-4245-01A-01-BS1_x8456y4984,8456,4984,8400,4928,112
TCGA-05-4245-01A-01-BS1_x8568y4984,8568,4984,8512,4928,112
TCGA-05-4245-01A-01-BS1_x8680y4984,8680,4984,8624,4928,112
TCGA-05-4245-01A-01-BS1_x8792y4984,8792,4984,8736,4928,112
TCGA-05-4245-01A-01-BS1_x8904y4984,8904,4984,8848,4928,112
TCGA-05-4245-01A-01-BS1_x9016y4984,9016,4984,8960,4928,112
TCGA-05-4245-01A-01-BS1_x9128y4984,9128,4984,9072,4928,112
TCGA-05-4245-01A-01-BS1_x9240y4984,9240,4984,9184,4928,112
TCGA-05-4245-01A-01-BS1_x9352y4984,9352,4984,9296,4928,112
TCGA-05-4245-01A-01-BS1_x9464y4984,9464,4984,9408,4928,112
TCGA-05-4245-01A-01-BS1_x9576y4984,9576,4984,9520,4928,112
TCGA-05-4245-01A-01-BS1_x9688y4984,9688,4984,9632,4928,112
TCGA-05-4245-01A-01-BS1_x9800y4984,9800,4984,9744,4928,112
TCGA-05-4245-01A-01-BS1_x9912y4984,9912,4984,9856,4928,112
TCGA-05-4245-01A-01-BS1_x10024y4984,10024,4984,9968,4928,112
TCGA-05-4245-01A-01-BS1_x10136y4984,10136,4984,10080,4928,112
TCGA-05-4245-01A-01-BS1_x10248y4984,10248,4984,10192,4928,112
TCGA-05-4245-01A-01-BS1_x10360y4984,10360,4984,10304,4928,112
TCGA-05-4245-01A-01-BS1_x10472y4984,10472,4984,10416,4928,112
TCGA-05-4245-01A-01-BS1_x10584y4984,10584,4984,10528,4928,112
TCGA-05-4245-01A-01-BS1_x10696y4984,10696,4984,10640,4928,112
TCGA-05-4245-01A-01-BS1_x10808y4984,10808,4984,10752,4928,112
TCGA-05-4245-01A-01-BS1_x10920y4984,10920,4984,10864,4928,112
TCGA-05-4245-01A-01-BS1_x11032y4984,11032,4984,10976,4928,112
TCGA-05-4245-01A-01-BS1_x11144y4984,11144,4984,11088,4928,112
TCGA-05-4245-01A-01-BS1_x11256y4984,11256,4984,11200,4928,112
TCGA-05-4245-01A-01-BS1_x11368y4984,11368,4984,11312,4928,112
TCGA-05-4245-01A-01-BS1_x11480y4984,11480,4984,11424,4928,112
TCGA-05-4245-01A-01-BS1_x11592y4984,11592,4984,11536,4928,112
TCGA-05-4245-01A-01-BS1_x11704y4984,11704,4984,11648,4928,112
TCGA-05-4245-01A-01-BS1_x11816y4984,11816,4984,11760,4928,112
TCGA-05-4245-01A-01-BS1_x11928y4984,11928,4984,11872,4928,112
TCGA-05-4245-01A-01-BS1_x12040y4984,12040,4984,11984,4928,112
TCGA-05-4245-01A-01-BS1_x12152y4984,12152,4984,12096,4928,112
TCGA-05-4245-01A-01-BS1_x12264y4984,12264,4984,12208,4928,112
TCGA-05-4245-01A-01-BS1_x12376y4984,12376,4984,12320,4928,112
TCGA-05-4245-01A-01-BS1_x12488y4984,12488,4984,12432,4928,112
TCGA-05-4245-01A-01-BS1_x12600y4984,12600,4984,12544,4928,112
TCGA-05-4245-01A-01-BS1_x12712y4984,12712,4984,12656,4928,112
TCGA-05-4245-01A-01-BS1_x12824y4984,12824,4984,12768,4928,112
TCGA-05-4245-01A-01-BS1_x12936y4984,12936,4984,12880,4928,112
TCGA-05-4245-01A-01-BS1_x13048y4984,13048,4984,12992,4928,112
TCGA-05-4245-01A-01-BS1_x13160y4984,13160,4984,13104,4928,112
TCGA-05-4245-01A-01-BS1_x13272y4984,13272,4984,13216,4928,112
TCGA-05-4245-01A-01-BS1_x13384y4984,13384,4984,13328,4928,112
TCGA-05-4245-01A-01-BS1_x13496y4984,13496,4984,13440,4928,112
TCGA-05-4245-01A-01-BS1_x13608y4984,13608,4984,13552,4928,112
TCGA-05-4245-01A-01-BS1_x13720y4984,13720,4984,13664,4928,112
TCGA-05-4245-01A-01-BS1_x13832y4984,13832,4984,13776,4928,112
TCGA-05-4245-01A-01-BS1_x13944y4984,13944,4984,13888,4928,112
TCGA-05-4245-01A-01-BS1_x14056y4984,14056,4984,14000,4928,112
TCGA-05-4245-01A-01-BS1_x14168y4984,14168,4984,14112,4928,112
TCGA-05-4245-01A-01-BS1_x14280y4984,14280,4984,14224,4928,112
TCGA-05-4245-01A-01-BS1_x14392y4984,14392,4984,14336,4928,112
TCGA-05-4245-01A-01-BS1_x14504y4984,14504,4984,14448,4928,112
TCGA-05-4245-01A-01-BS1_x14616y4984,14616,4984,14560,4928,112
TCGA-05-4245-01A-01-BS1_x14728y4984,14728,4984,14672,4928,112
TCGA-05-4245-01A-01-BS1_x14840y4984,14840,4984,14784,4928,112
TCGA-05-4245-01A-01-BS1_x14952y4984,14952,4984,14896,4928,112
TCGA-05-4245-01A-01-BS1_x15064y4984,15064,4984,15008,4928,112
TCGA-05-4245-01A-01-BS1_x15176y4984,15176,4984,15120,4928,112
TCGA-05-4245-01A-01-BS1_x15288y4984,15288,4984,15232,4928,112
TCGA-05-4245-01A-01-BS1_x15400y4984,15400,4984,15344,4928,112
TCGA-05-4245-01A-01-BS1_x15512y4984,15512,4984,15456,4928,112
TCGA-05-4245-01A-01-BS1_x15624y4984,15624,4984,15568,4928,112
TCGA-05-4245-01A-01-BS1_x4088y5096,4088,5096,4032,5040,112
TCGA-05-4245-01A-01-BS1_x4200y5096,4200,5096,4144,5040,112
TCGA-05-4245-01A-01-BS1_x4312y5096,4312,5096,4256,5040,112
TCGA-05-4245-01A-01-BS1_x4648y5096,4648,5096,4592,5040,112
TCGA-05-4245-01A-01-BS1_x4760y5096,4760,5096,4704,5040,112
TCGA-05-4245-01A-01-BS1_x4872y5096,4872,5096,4816,5040,112
TCGA-05-4245-01A-01-BS1_x4984y5096,4984,5096,4928,5040,112
TCGA-05-4245-01A-01-BS1_x5096y5096,5096,5096,5040,5040,112
TCGA-05-4245-01A-01-BS1_x5208y5096,5208,5096,5152,5040,112
TCGA-05-4245-01A-01-BS1_x5320y5096,5320,5096,5264,5040,112
TCGA-05-4245-01A-01-BS1_x5432y5096,5432,5096,5376,5040,112
TCGA-05-4245-01A-01-BS1_x5544y5096,5544,5096,5488,5040,112
TCGA-05-4245-01A-01-BS1_x5656y5096,5656,5096,5600,5040,112
TCGA-05-4245-01A-01-BS1_x5768y5096,5768,5096,5712,5040,112
TCGA-05-4245-01A-01-BS1_x5880y5096,5880,5096,5824,5040,112
TCGA-05-4245-01A-01-BS1_x5992y5096,5992,5096,5936,5040,112
TCGA-05-4245-01A-01-BS1_x6104y5096,6104,5096,6048,5040,112
TCGA-05-4245-01A-01-BS1_x6216y5096,6216,5096,6160,5040,112
TCGA-05-4245-01A-01-BS1_x6328y5096,6328,5096,6272,5040,112
TCGA-05-4245-01A-01-BS1_x6440y5096,6440,5096,6384,5040,112
TCGA-05-4245-01A-01-BS1_x6552y5096,6552,5096,6496,5040,112
TCGA-05-4245-01A-01-BS1_x6664y5096,6664,5096,6608,5040,112
TCGA-05-4245-01A-01-BS1_x6776y5096,6776,5096,6720,5040,112
TCGA-05-4245-01A-01-BS1_x7000y5096,7000,5096,6944,5040,112
TCGA-05-4245-01A-01-BS1_x7112y5096,7112,5096,7056,5040,112
TCGA-05-4245-01A-01-BS1_x7224y5096,7224,5096,7168,5040,112
TCGA-05-4245-01A-01-BS1_x7336y5096,7336,5096,7280,5040,112
TCGA-05-4245-01A-01-BS1_x7448y5096,7448,5096,7392,5040,112
TCGA-05-4245-01A-01-BS1_x7560y5096,7560,5096,7504,5040,112
TCGA-05-4245-01A-01-BS1_x7672y5096,7672,5096,7616,5040,112
TCGA-05-4245-01A-01-BS1_x7784y5096,7784,5096,7728,5040,112
TCGA-05-4245-01A-01-BS1_x7896y5096,7896,5096,7840,5040,112
TCGA-05-4245-01A-01-BS1_x8008y5096,8008,5096,7952,5040,112
TCGA-05-4245-01A-01-BS1_x8120y5096,8120,5096,8064,5040,112
TCGA-05-4245-01A-01-BS1_x8232y5096,8232,5096,8176,5040,112
TCGA-05-4245-01A-01-BS1_x8344y5096,8344,5096,8288,5040,112
TCGA-05-4245-01A-01-BS1_x8456y5096,8456,5096,8400,5040,112
TCGA-05-4245-01A-01-BS1_x8568y5096,8568,5096,8512,5040,112
TCGA-05-4245-01A-01-BS1_x8680y5096,8680,5096,8624,5040,112
TCGA-05-4245-01A-01-BS1_x8792y5096,8792,5096,8736,5040,112
TCGA-05-4245-01A-01-BS1_x8904y5096,8904,5096,8848,5040,112
TCGA-05-4245-01A-01-BS1_x9016y5096,9016,5096,8960,5040,112
TCGA-05-4245-01A-01-BS1_x9128y5096,9128,5096,9072,5040,112
TCGA-05-4245-01A-01-BS1_x9240y5096,9240,5096,9184,5040,112
TCGA-05-4245-01A-01-BS1_x9352y5096,9352,5096,9296,5040,112
TCGA-05-4245-01A-01-BS1_x9464y5096,9464,5096,9408,5040,112
TCGA-05-4245-01A-01-BS1_x9576y5096,9576,5096,9520,5040,112
TCGA-05-4245-01A-01-BS1_x9688y5096,9688,5096,9632,5040,112
TCGA-05-4245-01A-01-BS1_x9800y5096,9800,5096,9744,5040,112
TCGA-05-4245-01A-01-BS1_x9912y5096,9912,5096,9856,5040,112
TCGA-05-4245-01A-01-BS1_x10024y5096,10024,5096,9968,5040,112
TCGA-05-4245-01A-01-BS1_x10136y5096,10136,5096,10080,5040,112
TCGA-05-4245-01A-01-BS1_x10248y5096,10248,5096,10192,5040,112
TCGA-05-4245-01A-01-BS1_x10360y5096,10360,5096,10304,5040,112
TCGA-05-4245-01A-01-BS1_x10472y5096,10472,5096,10416,5040,112
TCGA-05-4245-01A-01-BS1_x10584y5096,10584,5096,10528,5040,112
TCGA-05-4245-01A-01-BS1_x10696y5096,10696,5096,10640,5040,112
TCGA-05-4245-01A-01-BS1_x10808y5096,10808,5096,10752,5040,112
TCGA-05-4245-01A-01-BS1_x10920y5096,10920,5096,10864,5040,112
TCGA-05-4245-01A-01-BS1_x11032y5096,11032,5096,10976,5040,112
TCGA-05-4245-01A-01-BS1_x11144y5096,11144,5096,11088,5040,112
TCGA-05-4245-01A-01-BS1_x11256y5096,11256,5096,11200,5040,112
TCGA-05-4245-01A-01-BS1_x11368y5096,11368,5096,11312,5040,112
TCGA-05-4245-01A-01-BS1_x11480y5096,11480,5096,11424,5040,112
TCGA-05-4245-01A-01-BS1_x11592y5096,11592,5096,11536,5040,112
TCGA-05-4245-01A-01-BS1_x11704y5096,11704,5096,11648,5040,112
TCGA-05-4245-01A-01-BS1_x11816y5096,11816,5096,11760,5040,112
TCGA-05-4245-01A-01-BS1_x11928y5096,11928,5096,11872,5040,112
TCGA-05-4245-01A-01-BS1_x12040y5096,12040,5096,11984,5040,112
TCGA-05-4245-01A-01-BS1_x12152y5096,12152,5096,12096,5040,112
TCGA-05-4245-01A-01-BS1_x12264y5096,12264,5096,12208,5040,112
TCGA-05-4245-01A-01-BS1_x12376y5096,12376,5096,12320,5040,112
TCGA-05-4245-01A-01-BS1_x12488y5096,12488,5096,12432,5040,112
TCGA-05-4245-01A-01-BS1_x12600y5096,12600,5096,12544,5040,112
TCGA-05-4245-01A-01-BS1_x12712y5096,12712,5096,12656,5040,112
TCGA-05-4245-01A-01-BS1_x12824y5096,12824,5096,12768,5040,112
TCGA-05-4245-01A-01-BS1_x12936y5096,12936,5096,12880,5040,112
TCGA-05-4245-01A-01-BS1_x13048y5096,13048,5096,12992,5040,112
TCGA-05-4245-01A-01-BS1_x13160y5096,13160,5096,13104,5040,112
TCGA-05-4245-01A-01-BS1_x13272y5096,13272,5096,13216,5040,112
TCGA-05-4245-01A-01-BS1_x13384y5096,13384,5096,13328,5040,112
TCGA-05-4245-01A-01-BS1_x13496y5096,13496,5096,13440,5040,112
TCGA-05-4245-01A-01-BS1_x13608y5096,13608,5096,13552,5040,112
TCGA-05-4245-01A-01-BS1_x13720y5096,13720,5096,13664,5040,112
TCGA-05-4245-01A-01-BS1_x13832y5096,13832,5096,13776,5040,112
TCGA-05-4245-01A-01-BS1_x13944y5096,13944,5096,13888,5040,112
TCGA-05-4245-01A-01-BS1_x14056y5096,14056,5096,14000,5040,112
TCGA-05-4245-01A-01-BS1_x14168y5096,14168,5096,14112,5040,112
TCGA-05-4245-01A-01-BS1_x14280y5096,14280,5096,14224,5040,112
TCGA-05-4245-01A-01-BS1_x14392y5096,14392,5096,14336,5040,112
TCGA-05-4245-01A-01-BS1_x14504y5096,14504,5096,14448,5040,112
TCGA-05-4245-01A-01-BS1_x14616y5096,14616,5096,14560,5040,112
TCGA-05-4245-01A-01-BS1_x14728y5096,14728,5096,14672,5040,112
TCGA-05-4245-01A-01-BS1_x14840y5096,14840,5096,14784,5040,112
TCGA-05-4245-01A-01-BS1_x14952y5096,14952,5096,14896,5040,112
TCGA-05-4245-01A-01-BS1_x15064y5096,15064,5096,15008,5040,112
TCGA-05-4245-01A-01-BS1_x15176y5096,15176,5096,15120,5040,112
TCGA-05-4245-01A-01-BS1_x15288y5096,15288,5096,15232,5040,112
TCGA-05-4245-01A-01-BS1_x15400y5096,15400,5096,15344,5040,112
TCGA-05-4245-01A-01-BS1_x15512y5096,15512,5096,15456,5040,112
TCGA-05-4245-01A-01-BS1_x15624y5096,15624,5096,15568,5040,112
TCGA-05-4245-01A-01-BS1_x3864y5208,3864,5208,3808,5152,112
TCGA-05-4245-01A-01-BS1_x3976y5208,3976,5208,3920,5152,112
TCGA-05-4245-01A-01-BS1_x4088y5208,4088,5208,4032,5152,112
TCGA-05-4245-01A-01-BS1_x4200y5208,4200,5208,4144,5152,112
TCGA-05-4245-01A-01-BS1_x4312y5208,4312,5208,4256,5152,112
TCGA-05-4245-01A-01-BS1_x4424y5208,4424,5208,4368,5152,112
TCGA-05-4245-01A-01-BS1_x4536y5208,4536,5208,4480,5152,112
TCGA-05-4245-01A-01-BS1_x4648y5208,4648,5208,4592,5152,112
TCGA-05-4245-01A-01-BS1_x4760y5208,4760,5208,4704,5152,112
TCGA-05-4245-01A-01-BS1_x4872y5208,4872,5208,4816,5152,112
TCGA-05-4245-01A-01-BS1_x4984y5208,4984,5208,4928,5152,112
TCGA-05-4245-01A-01-BS1_x5096y5208,5096,5208,5040,5152,112
TCGA-05-4245-01A-01-BS1_x5208y5208,5208,5208,5152,5152,112
TCGA-05-4245-01A-01-BS1_x5320y5208,5320,5208,5264,5152,112
TCGA-05-4245-01A-01-BS1_x5432y5208,5432,5208,5376,5152,112
TCGA-05-4245-01A-01-BS1_x5544y5208,5544,5208,5488,5152,112
TCGA-05-4245-01A-01-BS1_x5656y5208,5656,5208,5600,5152,112
TCGA-05-4245-01A-01-BS1_x5768y5208,5768,5208,5712,5152,112
TCGA-05-4245-01A-01-BS1_x5880y5208,5880,5208,5824,5152,112
TCGA-05-4245-01A-01-BS1_x5992y5208,5992,5208,5936,5152,112
TCGA-05-4245-01A-01-BS1_x6104y5208,6104,5208,6048,5152,112
TCGA-05-4245-01A-01-BS1_x6216y5208,6216,5208,6160,5152,112
TCGA-05-4245-01A-01-BS1_x6328y5208,6328,5208,6272,5152,112
TCGA-05-4245-01A-01-BS1_x6440y5208,6440,5208,6384,5152,112
TCGA-05-4245-01A-01-BS1_x6552y5208,6552,5208,6496,5152,112
TCGA-05-4245-01A-01-BS1_x6664y5208,6664,5208,6608,5152,112
TCGA-05-4245-01A-01-BS1_x6776y5208,6776,5208,6720,5152,112
TCGA-05-4245-01A-01-BS1_x7112y5208,7112,5208,7056,5152,112
TCGA-05-4245-01A-01-BS1_x7224y5208,7224,5208,7168,5152,112
TCGA-05-4245-01A-01-BS1_x7336y5208,7336,5208,7280,5152,112
TCGA-05-4245-01A-01-BS1_x7448y5208,7448,5208,7392,5152,112
TCGA-05-4245-01A-01-BS1_x7560y5208,7560,5208,7504,5152,112
TCGA-05-4245-01A-01-BS1_x7672y5208,7672,5208,7616,5152,112
TCGA-05-4245-01A-01-BS1_x7784y5208,7784,5208,7728,5152,112
TCGA-05-4245-01A-01-BS1_x7896y5208,7896,5208,7840,5152,112
TCGA-05-4245-01A-01-BS1_x8008y5208,8008,5208,7952,5152,112
TCGA-05-4245-01A-01-BS1_x8120y5208,8120,5208,8064,5152,112
TCGA-05-4245-01A-01-BS1_x8232y5208,8232,5208,8176,5152,112
TCGA-05-4245-01A-01-BS1_x8344y5208,8344,5208,8288,5152,112
TCGA-05-4245-01A-01-BS1_x8456y5208,8456,5208,8400,5152,112
TCGA-05-4245-01A-01-BS1_x8568y5208,8568,5208,8512,5152,112
TCGA-05-4245-01A-01-BS1_x8680y5208,8680,5208,8624,5152,112
TCGA-05-4245-01A-01-BS1_x8792y5208,8792,5208,8736,5152,112
TCGA-05-4245-01A-01-BS1_x8904y5208,8904,5208,8848,5152,112
TCGA-05-4245-01A-01-BS1_x9016y5208,9016,5208,8960,5152,112
TCGA-05-4245-01A-01-BS1_x9128y5208,9128,5208,9072,5152,112
TCGA-05-4245-01A-01-BS1_x9240y5208,9240,5208,9184,5152,112
TCGA-05-4245-01A-01-BS1_x9352y5208,9352,5208,9296,5152,112
TCGA-05-4245-01A-01-BS1_x9464y5208,9464,5208,9408,5152,112
TCGA-05-4245-01A-01-BS1_x9576y5208,9576,5208,9520,5152,112
TCGA-05-4245-01A-01-BS1_x9688y5208,9688,5208,9632,5152,112
TCGA-05-4245-01A-01-BS1_x9800y5208,9800,5208,9744,5152,112
TCGA-05-4245-01A-01-BS1_x9912y5208,9912,5208,9856,5152,112
TCGA-05-4245-01A-01-BS1_x10024y5208,10024,5208,9968,5152,112
TCGA-05-4245-01A-01-BS1_x10136y5208,10136,5208,10080,5152,112
TCGA-05-4245-01A-01-BS1_x10248y5208,10248,5208,10192,5152,112
TCGA-05-4245-01A-01-BS1_x10360y5208,10360,5208,10304,5152,112
TCGA-05-4245-01A-01-BS1_x10472y5208,10472,5208,10416,5152,112
TCGA-05-4245-01A-01-BS1_x10584y5208,10584,5208,10528,5152,112
TCGA-05-4245-01A-01-BS1_x10696y5208,10696,5208,10640,5152,112
TCGA-05-4245-01A-01-BS1_x10808y5208,10808,5208,10752,5152,112
TCGA-05-4245-01A-01-BS1_x10920y5208,10920,5208,10864,5152,112
TCGA-05-4245-01A-01-BS1_x11032y5208,11032,5208,10976,5152,112
TCGA-05-4245-01A-01-BS1_x11144y5208,11144,5208,11088,5152,112
TCGA-05-4245-01A-01-BS1_x11256y5208,11256,5208,11200,5152,112
TCGA-05-4245-01A-01-BS1_x11368y5208,11368,5208,11312,5152,112
TCGA-05-4245-01A-01-BS1_x11480y5208,11480,5208,11424,5152,112
TCGA-05-4245-01A-01-BS1_x11592y5208,11592,5208,11536,5152,112
TCGA-05-4245-01A-01-BS1_x11704y5208,11704,5208,11648,5152,112
TCGA-05-4245-01A-01-BS1_x11816y5208,11816,5208,11760,5152,112
TCGA-05-4245-01A-01-BS1_x11928y5208,11928,5208,11872,5152,112
TCGA-05-4245-01A-01-BS1_x12040y5208,12040,5208,11984,5152,112
TCGA-05-4245-01A-01-BS1_x12152y5208,12152,5208,12096,5152,112
TCGA-05-4245-01A-01-BS1_x12264y5208,12264,5208,12208,5152,112
TCGA-05-4245-01A-01-BS1_x12376y5208,12376,5208,12320,5152,112
TCGA-05-4245-01A-01-BS1_x12488y5208,12488,5208,12432,5152,112
TCGA-05-4245-01A-01-BS1_x12600y5208,12600,5208,12544,5152,112
TCGA-05-4245-01A-01-BS1_x12712y5208,12712,5208,12656,5152,112
TCGA-05-4245-01A-01-BS1_x12824y5208,12824,5208,12768,5152,112
TCGA-05-4245-01A-01-BS1_x12936y5208,12936,5208,12880,5152,112
TCGA-05-4245-01A-01-BS1_x13048y5208,13048,5208,12992,5152,112
TCGA-05-4245-01A-01-BS1_x13160y5208,13160,5208,13104,5152,112
TCGA-05-4245-01A-01-BS1_x13272y5208,13272,5208,13216,5152,112
TCGA-05-4245-01A-01-BS1_x13384y5208,13384,5208,13328,5152,112
TCGA-05-4245-01A-01-BS1_x13496y5208,13496,5208,13440,5152,112
TCGA-05-4245-01A-01-BS1_x13608y5208,13608,5208,13552,5152,112
TCGA-05-4245-01A-01-BS1_x13720y5208,13720,5208,13664,5152,112
TCGA-05-4245-01A-01-BS1_x13832y5208,13832,5208,13776,5152,112
TCGA-05-4245-01A-01-BS1_x13944y5208,13944,5208,13888,5152,112
TCGA-05-4245-01A-01-BS1_x14056y5208,14056,5208,14000,5152,112
TCGA-05-4245-01A-01-BS1_x14168y5208,14168,5208,14112,5152,112
TCGA-05-4245-01A-01-BS1_x14280y5208,14280,5208,14224,5152,112
TCGA-05-4245-01A-01-BS1_x14392y5208,14392,5208,14336,5152,112
TCGA-05-4245-01A-01-BS1_x14504y5208,14504,5208,14448,5152,112
TCGA-05-4245-01A-01-BS1_x14616y5208,14616,5208,14560,5152,112
TCGA-05-4245-01A-01-BS1_x14728y5208,14728,5208,14672,5152,112
TCGA-05-4245-01A-01-BS1_x15064y5208,15064,5208,15008,5152,112
TCGA-05-4245-01A-01-BS1_x15176y5208,15176,5208,15120,5152,112
TCGA-05-4245-01A-01-BS1_x15288y5208,15288,5208,15232,5152,112
TCGA-05-4245-01A-01-BS1_x15400y5208,15400,5208,15344,5152,112
TCGA-05-4245-01A-01-BS1_x15512y5208,15512,5208,15456,5152,112
TCGA-05-4245-01A-01-BS1_x15624y5208,15624,5208,15568,5152,112
TCGA-05-4245-01A-01-BS1_x15736y5208,15736,5208,15680,5152,112
TCGA-05-4245-01A-01-BS1_x3752y5320,3752,5320,3696,5264,112
TCGA-05-4245-01A-01-BS1_x3864y5320,3864,5320,3808,5264,112
TCGA-05-4245-01A-01-BS1_x4088y5320,4088,5320,4032,5264,112
TCGA-05-4245-01A-01-BS1_x4200y5320,4200,5320,4144,5264,112
TCGA-05-4245-01A-01-BS1_x4312y5320,4312,5320,4256,5264,112
TCGA-05-4245-01A-01-BS1_x4424y5320,4424,5320,4368,5264,112
TCGA-05-4245-01A-01-BS1_x4536y5320,4536,5320,4480,5264,112
TCGA-05-4245-01A-01-BS1_x4648y5320,4648,5320,4592,5264,112
TCGA-05-4245-01A-01-BS1_x4760y5320,4760,5320,4704,5264,112
TCGA-05-4245-01A-01-BS1_x4872y5320,4872,5320,4816,5264,112
TCGA-05-4245-01A-01-BS1_x4984y5320,4984,5320,4928,5264,112
TCGA-05-4245-01A-01-BS1_x5096y5320,5096,5320,5040,5264,112
TCGA-05-4245-01A-01-BS1_x5208y5320,5208,5320,5152,5264,112
TCGA-05-4245-01A-01-BS1_x5320y5320,5320,5320,5264,5264,112
TCGA-05-4245-01A-01-BS1_x5432y5320,5432,5320,5376,5264,112
TCGA-05-4245-01A-01-BS1_x5544y5320,5544,5320,5488,5264,112
TCGA-05-4245-01A-01-BS1_x5656y5320,5656,5320,5600,5264,112
TCGA-05-4245-01A-01-BS1_x5768y5320,5768,5320,5712,5264,112
TCGA-05-4245-01A-01-BS1_x5880y5320,5880,5320,5824,5264,112
TCGA-05-4245-01A-01-BS1_x5992y5320,5992,5320,5936,5264,112
TCGA-05-4245-01A-01-BS1_x6104y5320,6104,5320,6048,5264,112
TCGA-05-4245-01A-01-BS1_x6216y5320,6216,5320,6160,5264,112
TCGA-05-4245-01A-01-BS1_x6328y5320,6328,5320,6272,5264,112
TCGA-05-4245-01A-01-BS1_x6440y5320,6440,5320,6384,5264,112
TCGA-05-4245-01A-01-BS1_x6552y5320,6552,5320,6496,5264,112
TCGA-05-4245-01A-01-BS1_x6664y5320,6664,5320,6608,5264,112
TCGA-05-4245-01A-01-BS1_x7112y5320,7112,5320,7056,5264,112
TCGA-05-4245-01A-01-BS1_x7224y5320,7224,5320,7168,5264,112
TCGA-05-4245-01A-01-BS1_x7336y5320,7336,5320,7280,5264,112
TCGA-05-4245-01A-01-BS1_x7448y5320,7448,5320,7392,5264,112
TCGA-05-4245-01A-01-BS1_x7560y5320,7560,5320,7504,5264,112
TCGA-05-4245-01A-01-BS1_x7672y5320,7672,5320,7616,5264,112
TCGA-05-4245-01A-01-BS1_x7784y5320,7784,5320,7728,5264,112
TCGA-05-4245-01A-01-BS1_x7896y5320,7896,5320,7840,5264,112
TCGA-05-4245-01A-01-BS1_x8008y5320,8008,5320,7952,5264,112
TCGA-05-4245-01A-01-BS1_x8120y5320,8120,5320,8064,5264,112
TCGA-05-4245-01A-01-BS1_x8232y5320,8232,5320,8176,5264,112
TCGA-05-4245-01A-01-BS1_x8344y5320,8344,5320,8288,5264,112
TCGA-05-4245-01A-01-BS1_x8456y5320,8456,5320,8400,5264,112
TCGA-05-4245-01A-01-BS1_x8568y5320,8568,5320,8512,5264,112
TCGA-05-4245-01A-01-BS1_x8680y5320,8680,5320,8624,5264,112
TCGA-05-4245-01A-01-BS1_x8792y5320,8792,5320,8736,5264,112
TCGA-05-4245-01A-01-BS1_x8904y5320,8904,5320,8848,5264,112
TCGA-05-4245-01A-01-BS1_x9016y5320,9016,5320,8960,5264,112
TCGA-05-4245-01A-01-BS1_x9128y5320,9128,5320,9072,5264,112
TCGA-05-4245-01A-01-BS1_x9240y5320,9240,5320,9184,5264,112
TCGA-05-4245-01A-01-BS1_x9352y5320,9352,5320,9296,5264,112
TCGA-05-4245-01A-01-BS1_x9464y5320,9464,5320,9408,5264,112
TCGA-05-4245-01A-01-BS1_x9576y5320,9576,5320,9520,5264,112
TCGA-05-4245-01A-01-BS1_x9688y5320,9688,5320,9632,5264,112
TCGA-05-4245-01A-01-BS1_x9800y5320,9800,5320,9744,5264,112
TCGA-05-4245-01A-01-BS1_x9912y5320,9912,5320,9856,5264,112
TCGA-05-4245-01A-01-BS1_x10024y5320,10024,5320,9968,5264,112
TCGA-05-4245-01A-01-BS1_x10136y5320,10136,5320,10080,5264,112
TCGA-05-4245-01A-01-BS1_x10248y5320,10248,5320,10192,5264,112
TCGA-05-4245-01A-01-BS1_x10360y5320,10360,5320,10304,5264,112
TCGA-05-4245-01A-01-BS1_x10472y5320,10472,5320,10416,5264,112
TCGA-05-4245-01A-01-BS1_x10584y5320,10584,5320,10528,5264,112
TCGA-05-4245-01A-01-BS1_x10696y5320,10696,5320,10640,5264,112
TCGA-05-4245-01A-01-BS1_x10808y5320,10808,5320,10752,5264,112
TCGA-05-4245-01A-01-BS1_x10920y5320,10920,5320,10864,5264,112
TCGA-05-4245-01A-01-BS1_x11032y5320,11032,5320,10976,5264,112
TCGA-05-4245-01A-01-BS1_x11144y5320,11144,5320,11088,5264,112
TCGA-05-4245-01A-01-BS1_x11256y5320,11256,5320,11200,5264,112
TCGA-05-4245-01A-01-BS1_x11368y5320,11368,5320,11312,5264,112
TCGA-05-4245-01A-01-BS1_x11480y5320,11480,5320,11424,5264,112
TCGA-05-4245-01A-01-BS1_x11592y5320,11592,5320,11536,5264,112
TCGA-05-4245-01A-01-BS1_x11704y5320,11704,5320,11648,5264,112
TCGA-05-4245-01A-01-BS1_x11816y5320,11816,5320,11760,5264,112
TCGA-05-4245-01A-01-BS1_x11928y5320,11928,5320,11872,5264,112
TCGA-05-4245-01A-01-BS1_x12040y5320,12040,5320,11984,5264,112
TCGA-05-4245-01A-01-BS1_x12152y5320,12152,5320,12096,5264,112
TCGA-05-4245-01A-01-BS1_x12264y5320,12264,5320,12208,5264,112
TCGA-05-4245-01A-01-BS1_x12376y5320,12376,5320,12320,5264,112
TCGA-05-4245-01A-01-BS1_x12488y5320,12488,5320,12432,5264,112
TCGA-05-4245-01A-01-BS1_x12600y5320,12600,5320,12544,5264,112
TCGA-05-4245-01A-01-BS1_x12712y5320,12712,5320,12656,5264,112
TCGA-05-4245-01A-01-BS1_x12824y5320,12824,5320,12768,5264,112
TCGA-05-4245-01A-01-BS1_x12936y5320,12936,5320,12880,5264,112
TCGA-05-4245-01A-01-BS1_x13048y5320,13048,5320,12992,5264,112
TCGA-05-4245-01A-01-BS1_x13160y5320,13160,5320,13104,5264,112
TCGA-05-4245-01A-01-BS1_x13272y5320,13272,5320,13216,5264,112
TCGA-05-4245-01A-01-BS1_x13384y5320,13384,5320,13328,5264,112
TCGA-05-4245-01A-01-BS1_x13496y5320,13496,5320,13440,5264,112
TCGA-05-4245-01A-01-BS1_x13608y5320,13608,5320,13552,5264,112
TCGA-05-4245-01A-01-BS1_x13720y5320,13720,5320,13664,5264,112
TCGA-05-4245-01A-01-BS1_x13832y5320,13832,5320,13776,5264,112
TCGA-05-4245-01A-01-BS1_x13944y5320,13944,5320,13888,5264,112
TCGA-05-4245-01A-01-BS1_x14056y5320,14056,5320,14000,5264,112
TCGA-05-4245-01A-01-BS1_x14168y5320,14168,5320,14112,5264,112
TCGA-05-4245-01A-01-BS1_x14280y5320,14280,5320,14224,5264,112
TCGA-05-4245-01A-01-BS1_x14392y5320,14392,5320,14336,5264,112
TCGA-05-4245-01A-01-BS1_x14504y5320,14504,5320,14448,5264,112
TCGA-05-4245-01A-01-BS1_x14616y5320,14616,5320,14560,5264,112
TCGA-05-4245-01A-01-BS1_x14728y5320,14728,5320,14672,5264,112
TCGA-05-4245-01A-01-BS1_x15064y5320,15064,5320,15008,5264,112
TCGA-05-4245-01A-01-BS1_x15176y5320,15176,5320,15120,5264,112
TCGA-05-4245-01A-01-BS1_x15288y5320,15288,5320,15232,5264,112
TCGA-05-4245-01A-01-BS1_x15400y5320,15400,5320,15344,5264,112
TCGA-05-4245-01A-01-BS1_x15512y5320,15512,5320,15456,5264,112
TCGA-05-4245-01A-01-BS1_x15624y5320,15624,5320,15568,5264,112
TCGA-05-4245-01A-01-BS1_x15736y5320,15736,5320,15680,5264,112
TCGA-05-4245-01A-01-BS1_x3976y5432,3976,5432,3920,5376,112
TCGA-05-4245-01A-01-BS1_x4088y5432,4088,5432,4032,5376,112
TCGA-05-4245-01A-01-BS1_x4200y5432,4200,5432,4144,5376,112
TCGA-05-4245-01A-01-BS1_x4312y5432,4312,5432,4256,5376,112
TCGA-05-4245-01A-01-BS1_x4424y5432,4424,5432,4368,5376,112
TCGA-05-4245-01A-01-BS1_x4536y5432,4536,5432,4480,5376,112
TCGA-05-4245-01A-01-BS1_x4648y5432,4648,5432,4592,5376,112
TCGA-05-4245-01A-01-BS1_x4760y5432,4760,5432,4704,5376,112
TCGA-05-4245-01A-01-BS1_x4872y5432,4872,5432,4816,5376,112
TCGA-05-4245-01A-01-BS1_x4984y5432,4984,5432,4928,5376,112
TCGA-05-4245-01A-01-BS1_x5096y5432,5096,5432,5040,5376,112
TCGA-05-4245-01A-01-BS1_x5208y5432,5208,5432,5152,5376,112
TCGA-05-4245-01A-01-BS1_x5320y5432,5320,5432,5264,5376,112
TCGA-05-4245-01A-01-BS1_x5432y5432,5432,5432,5376,5376,112
TCGA-05-4245-01A-01-BS1_x5544y5432,5544,5432,5488,5376,112
TCGA-05-4245-01A-01-BS1_x5656y5432,5656,5432,5600,5376,112
TCGA-05-4245-01A-01-BS1_x5768y5432,5768,5432,5712,5376,112
TCGA-05-4245-01A-01-BS1_x5880y5432,5880,5432,5824,5376,112
TCGA-05-4245-01A-01-BS1_x5992y5432,5992,5432,5936,5376,112
TCGA-05-4245-01A-01-BS1_x6104y5432,6104,5432,6048,5376,112
TCGA-05-4245-01A-01-BS1_x6216y5432,6216,5432,6160,5376,112
TCGA-05-4245-01A-01-BS1_x6328y5432,6328,5432,6272,5376,112
TCGA-05-4245-01A-01-BS1_x6440y5432,6440,5432,6384,5376,112
TCGA-05-4245-01A-01-BS1_x6552y5432,6552,5432,6496,5376,112
TCGA-05-4245-01A-01-BS1_x6664y5432,6664,5432,6608,5376,112
TCGA-05-4245-01A-01-BS1_x6776y5432,6776,5432,6720,5376,112
TCGA-05-4245-01A-01-BS1_x6888y5432,6888,5432,6832,5376,112
TCGA-05-4245-01A-01-BS1_x7000y5432,7000,5432,6944,5376,112
TCGA-05-4245-01A-01-BS1_x7112y5432,7112,5432,7056,5376,112
TCGA-05-4245-01A-01-BS1_x7224y5432,7224,5432,7168,5376,112
TCGA-05-4245-01A-01-BS1_x7336y5432,7336,5432,7280,5376,112
TCGA-05-4245-01A-01-BS1_x7448y5432,7448,5432,7392,5376,112
TCGA-05-4245-01A-01-BS1_x7560y5432,7560,5432,7504,5376,112
TCGA-05-4245-01A-01-BS1_x7672y5432,7672,5432,7616,5376,112
TCGA-05-4245-01A-01-BS1_x7784y5432,7784,5432,7728,5376,112
TCGA-05-4245-01A-01-BS1_x7896y5432,7896,5432,7840,5376,112
TCGA-05-4245-01A-01-BS1_x8008y5432,8008,5432,7952,5376,112
TCGA-05-4245-01A-01-BS1_x8120y5432,8120,5432,8064,5376,112
TCGA-05-4245-01A-01-BS1_x8232y5432,8232,5432,8176,5376,112
TCGA-05-4245-01A-01-BS1_x8344y5432,8344,5432,8288,5376,112
TCGA-05-4245-01A-01-BS1_x8456y5432,8456,5432,8400,5376,112
TCGA-05-4245-01A-01-BS1_x8568y5432,8568,5432,8512,5376,112
TCGA-05-4245-01A-01-BS1_x8680y5432,8680,5432,8624,5376,112
TCGA-05-4245-01A-01-BS1_x8792y5432,8792,5432,8736,5376,112
TCGA-05-4245-01A-01-BS1_x8904y5432,8904,5432,8848,5376,112
TCGA-05-4245-01A-01-BS1_x9016y5432,9016,5432,8960,5376,112
TCGA-05-4245-01A-01-BS1_x9128y5432,9128,5432,9072,5376,112
TCGA-05-4245-01A-01-BS1_x9240y5432,9240,5432,9184,5376,112
TCGA-05-4245-01A-01-BS1_x9352y5432,9352,5432,9296,5376,112
TCGA-05-4245-01A-01-BS1_x9464y5432,9464,5432,9408,5376,112
TCGA-05-4245-01A-01-BS1_x9576y5432,9576,5432,9520,5376,112
TCGA-05-4245-01A-01-BS1_x9688y5432,9688,5432,9632,5376,112
TCGA-05-4245-01A-01-BS1_x9800y5432,9800,5432,9744,5376,112
TCGA-05-4245-01A-01-BS1_x9912y5432,9912,5432,9856,5376,112
TCGA-05-4245-01A-01-BS1_x10024y5432,10024,5432,9968,5376,112
TCGA-05-4245-01A-01-BS1_x10136y5432,10136,5432,10080,5376,112
TCGA-05-4245-01A-01-BS1_x10248y5432,10248,5432,10192,5376,112
TCGA-05-4245-01A-01-BS1_x10360y5432,10360,5432,10304,5376,112
TCGA-05-4245-01A-01-BS1_x10472y5432,10472,5432,10416,5376,112
TCGA-05-4245-01A-01-BS1_x10584y5432,10584,5432,10528,5376,112
TCGA-05-4245-01A-01-BS1_x10696y5432,10696,5432,10640,5376,112
TCGA-05-4245-01A-01-BS1_x10808y5432,10808,5432,10752,5376,112
TCGA-05-4245-01A-01-BS1_x10920y5432,10920,5432,10864,5376,112
TCGA-05-4245-01A-01-BS1_x11032y5432,11032,5432,10976,5376,112
TCGA-05-4245-01A-01-BS1_x11144y5432,11144,5432,11088,5376,112
TCGA-05-4245-01A-01-BS1_x11256y5432,11256,5432,11200,5376,112
TCGA-05-4245-01A-01-BS1_x11368y5432,11368,5432,11312,5376,112
TCGA-05-4245-01A-01-BS1_x11480y5432,11480,5432,11424,5376,112
TCGA-05-4245-01A-01-BS1_x11592y5432,11592,5432,11536,5376,112
TCGA-05-4245-01A-01-BS1_x11704y5432,11704,5432,11648,5376,112
TCGA-05-4245-01A-01-BS1_x11816y5432,11816,5432,11760,5376,112
TCGA-05-4245-01A-01-BS1_x11928y5432,11928,5432,11872,5376,112
TCGA-05-4245-01A-01-BS1_x12040y5432,12040,5432,11984,5376,112
TCGA-05-4245-01A-01-BS1_x12152y5432,12152,5432,12096,5376,112
TCGA-05-4245-01A-01-BS1_x12264y5432,12264,5432,12208,5376,112
TCGA-05-4245-01A-01-BS1_x13160y5432,13160,5432,13104,5376,112
TCGA-05-4245-01A-01-BS1_x13272y5432,13272,5432,13216,5376,112
TCGA-05-4245-01A-01-BS1_x13384y5432,13384,5432,13328,5376,112
TCGA-05-4245-01A-01-BS1_x13496y5432,13496,5432,13440,5376,112
TCGA-05-4245-01A-01-BS1_x13608y5432,13608,5432,13552,5376,112
TCGA-05-4245-01A-01-BS1_x13720y5432,13720,5432,13664,5376,112
TCGA-05-4245-01A-01-BS1_x13832y5432,13832,5432,13776,5376,112
TCGA-05-4245-01A-01-BS1_x13944y5432,13944,5432,13888,5376,112
TCGA-05-4245-01A-01-BS1_x14056y5432,14056,5432,14000,5376,112
TCGA-05-4245-01A-01-BS1_x14168y5432,14168,5432,14112,5376,112
TCGA-05-4245-01A-01-BS1_x14280y5432,14280,5432,14224,5376,112
TCGA-05-4245-01A-01-BS1_x14392y5432,14392,5432,14336,5376,112
TCGA-05-4245-01A-01-BS1_x14504y5432,14504,5432,14448,5376,112
TCGA-05-4245-01A-01-BS1_x14616y5432,14616,5432,14560,5376,112
TCGA-05-4245-01A-01-BS1_x14728y5432,14728,5432,14672,5376,112
TCGA-05-4245-01A-01-BS1_x14840y5432,14840,5432,14784,5376,112
TCGA-05-4245-01A-01-BS1_x14952y5432,14952,5432,14896,5376,112
TCGA-05-4245-01A-01-BS1_x15064y5432,15064,5432,15008,5376,112
TCGA-05-4245-01A-01-BS1_x15176y5432,15176,5432,15120,5376,112
TCGA-05-4245-01A-01-BS1_x15288y5432,15288,5432,15232,5376,112
TCGA-05-4245-01A-01-BS1_x15400y5432,15400,5432,15344,5376,112
TCGA-05-4245-01A-01-BS1_x15512y5432,15512,5432,15456,5376,112
TCGA-05-4245-01A-01-BS1_x15624y5432,15624,5432,15568,5376,112
TCGA-05-4245-01A-01-BS1_x15736y5432,15736,5432,15680,5376,112
TCGA-05-4245-01A-01-BS1_x3752y5544,3752,5544,3696,5488,112
TCGA-05-4245-01A-01-BS1_x3864y5544,3864,5544,3808,5488,112
TCGA-05-4245-01A-01-BS1_x3976y5544,3976,5544,3920,5488,112
TCGA-05-4245-01A-01-BS1_x4088y5544,4088,5544,4032,5488,112
TCGA-05-4245-01A-01-BS1_x4200y5544,4200,5544,4144,5488,112
TCGA-05-4245-01A-01-BS1_x4312y5544,4312,5544,4256,5488,112
TCGA-05-4245-01A-01-BS1_x4424y5544,4424,5544,4368,5488,112
TCGA-05-4245-01A-01-BS1_x4536y5544,4536,5544,4480,5488,112
TCGA-05-4245-01A-01-BS1_x4648y5544,4648,5544,4592,5488,112
TCGA-05-4245-01A-01-BS1_x4760y5544,4760,5544,4704,5488,112
TCGA-05-4245-01A-01-BS1_x4872y5544,4872,5544,4816,5488,112
TCGA-05-4245-01A-01-BS1_x4984y5544,4984,5544,4928,5488,112
TCGA-05-4245-01A-01-BS1_x5096y5544,5096,5544,5040,5488,112
TCGA-05-4245-01A-01-BS1_x5208y5544,5208,5544,5152,5488,112
TCGA-05-4245-01A-01-BS1_x5320y5544,5320,5544,5264,5488,112
TCGA-05-4245-01A-01-BS1_x5432y5544,5432,5544,5376,5488,112
TCGA-05-4245-01A-01-BS1_x5544y5544,5544,5544,5488,5488,112
TCGA-05-4245-01A-01-BS1_x5656y5544,5656,5544,5600,5488,112
TCGA-05-4245-01A-01-BS1_x5768y5544,5768,5544,5712,5488,112
TCGA-05-4245-01A-01-BS1_x5880y5544,5880,5544,5824,5488,112
TCGA-05-4245-01A-01-BS1_x5992y5544,5992,5544,5936,5488,112
TCGA-05-4245-01A-01-BS1_x6104y5544,6104,5544,6048,5488,112
TCGA-05-4245-01A-01-BS1_x6216y5544,6216,5544,6160,5488,112
TCGA-05-4245-01A-01-BS1_x6328y5544,6328,5544,6272,5488,112
TCGA-05-4245-01A-01-BS1_x6440y5544,6440,5544,6384,5488,112
TCGA-05-4245-01A-01-BS1_x6552y5544,6552,5544,6496,5488,112
TCGA-05-4245-01A-01-BS1_x6664y5544,6664,5544,6608,5488,112
TCGA-05-4245-01A-01-BS1_x6776y5544,6776,5544,6720,5488,112
TCGA-05-4245-01A-01-BS1_x6888y5544,6888,5544,6832,5488,112
TCGA-05-4245-01A-01-BS1_x7000y5544,7000,5544,6944,5488,112
TCGA-05-4245-01A-01-BS1_x7112y5544,7112,5544,7056,5488,112
TCGA-05-4245-01A-01-BS1_x7224y5544,7224,5544,7168,5488,112
TCGA-05-4245-01A-01-BS1_x7336y5544,7336,5544,7280,5488,112
TCGA-05-4245-01A-01-BS1_x7448y5544,7448,5544,7392,5488,112
TCGA-05-4245-01A-01-BS1_x7560y5544,7560,5544,7504,5488,112
TCGA-05-4245-01A-01-BS1_x7672y5544,7672,5544,7616,5488,112
TCGA-05-4245-01A-01-BS1_x7784y5544,7784,5544,7728,5488,112
TCGA-05-4245-01A-01-BS1_x7896y5544,7896,5544,7840,5488,112
TCGA-05-4245-01A-01-BS1_x8008y5544,8008,5544,7952,5488,112
TCGA-05-4245-01A-01-BS1_x8120y5544,8120,5544,8064,5488,112
TCGA-05-4245-01A-01-BS1_x8232y5544,8232,5544,8176,5488,112
TCGA-05-4245-01A-01-BS1_x8344y5544,8344,5544,8288,5488,112
TCGA-05-4245-01A-01-BS1_x8456y5544,8456,5544,8400,5488,112
TCGA-05-4245-01A-01-BS1_x8568y5544,8568,5544,8512,5488,112
TCGA-05-4245-01A-01-BS1_x8680y5544,8680,5544,8624,5488,112
TCGA-05-4245-01A-01-BS1_x8792y5544,8792,5544,8736,5488,112
TCGA-05-4245-01A-01-BS1_x8904y5544,8904,5544,8848,5488,112
TCGA-05-4245-01A-01-BS1_x9016y5544,9016,5544,8960,5488,112
TCGA-05-4245-01A-01-BS1_x9128y5544,9128,5544,9072,5488,112
TCGA-05-4245-01A-01-BS1_x9240y5544,9240,5544,9184,5488,112
TCGA-05-4245-01A-01-BS1_x9352y5544,9352,5544,9296,5488,112
TCGA-05-4245-01A-01-BS1_x9464y5544,9464,5544,9408,5488,112
TCGA-05-4245-01A-01-BS1_x9576y5544,9576,5544,9520,5488,112
TCGA-05-4245-01A-01-BS1_x9688y5544,9688,5544,9632,5488,112
TCGA-05-4245-01A-01-BS1_x9800y5544,9800,5544,9744,5488,112
TCGA-05-4245-01A-01-BS1_x9912y5544,9912,5544,9856,5488,112
TCGA-05-4245-01A-01-BS1_x10024y5544,10024,5544,9968,5488,112
TCGA-05-4245-01A-01-BS1_x10136y5544,10136,5544,10080,5488,112
TCGA-05-4245-01A-01-BS1_x10248y5544,10248,5544,10192,5488,112
TCGA-05-4245-01A-01-BS1_x10360y5544,10360,5544,10304,5488,112
TCGA-05-4245-01A-01-BS1_x10472y5544,10472,5544,10416,5488,112
TCGA-05-4245-01A-01-BS1_x10584y5544,10584,5544,10528,5488,112
TCGA-05-4245-01A-01-BS1_x10696y5544,10696,5544,10640,5488,112
TCGA-05-4245-01A-01-BS1_x10808y5544,10808,5544,10752,5488,112
TCGA-05-4245-01A-01-BS1_x10920y5544,10920,5544,10864,5488,112
TCGA-05-4245-01A-01-BS1_x11032y5544,11032,5544,10976,5488,112
TCGA-05-4245-01A-01-BS1_x11144y5544,11144,5544,11088,5488,112
TCGA-05-4245-01A-01-BS1_x11256y5544,11256,5544,11200,5488,112
TCGA-05-4245-01A-01-BS1_x11368y5544,11368,5544,11312,5488,112
TCGA-05-4245-01A-01-BS1_x11480y5544,11480,5544,11424,5488,112
TCGA-05-4245-01A-01-BS1_x11592y5544,11592,5544,11536,5488,112
TCGA-05-4245-01A-01-BS1_x11704y5544,11704,5544,11648,5488,112
TCGA-05-4245-01A-01-BS1_x11816y5544,11816,5544,11760,5488,112
TCGA-05-4245-01A-01-BS1_x11928y5544,11928,5544,11872,5488,112
TCGA-05-4245-01A-01-BS1_x12040y5544,12040,5544,11984,5488,112
TCGA-05-4245-01A-01-BS1_x12152y5544,12152,5544,12096,5488,112
TCGA-05-4245-01A-01-BS1_x12264y5544,12264,5544,12208,5488,112
TCGA-05-4245-01A-01-BS1_x12376y5544,12376,5544,12320,5488,112
TCGA-05-4245-01A-01-BS1_x12488y5544,12488,5544,12432,5488,112
TCGA-05-4245-01A-01-BS1_x12600y5544,12600,5544,12544,5488,112
TCGA-05-4245-01A-01-BS1_x12712y5544,12712,5544,12656,5488,112
TCGA-05-4245-01A-01-BS1_x12824y5544,12824,5544,12768,5488,112
TCGA-05-4245-01A-01-BS1_x12936y5544,12936,5544,12880,5488,112
TCGA-05-4245-01A-01-BS1_x13160y5544,13160,5544,13104,5488,112
TCGA-05-4245-01A-01-BS1_x13272y5544,13272,5544,13216,5488,112
TCGA-05-4245-01A-01-BS1_x13384y5544,13384,5544,13328,5488,112
TCGA-05-4245-01A-01-BS1_x13496y5544,13496,5544,13440,5488,112
TCGA-05-4245-01A-01-BS1_x13608y5544,13608,5544,13552,5488,112
TCGA-05-4245-01A-01-BS1_x13720y5544,13720,5544,13664,5488,112
TCGA-05-4245-01A-01-BS1_x13832y5544,13832,5544,13776,5488,112
TCGA-05-4245-01A-01-BS1_x13944y5544,13944,5544,13888,5488,112
TCGA-05-4245-01A-01-BS1_x14056y5544,14056,5544,14000,5488,112
TCGA-05-4245-01A-01-BS1_x14168y5544,14168,5544,14112,5488,112
TCGA-05-4245-01A-01-BS1_x14280y5544,14280,5544,14224,5488,112
TCGA-05-4245-01A-01-BS1_x14392y5544,14392,5544,14336,5488,112
TCGA-05-4245-01A-01-BS1_x14504y5544,14504,5544,14448,5488,112
TCGA-05-4245-01A-01-BS1_x14616y5544,14616,5544,14560,5488,112
TCGA-05-4245-01A-01-BS1_x14728y5544,14728,5544,14672,5488,112
TCGA-05-4245-01A-01-BS1_x14840y5544,14840,5544,14784,5488,112
TCGA-05-4245-01A-01-BS1_x14952y5544,14952,5544,14896,5488,112
TCGA-05-4245-01A-01-BS1_x15064y5544,15064,5544,15008,5488,112
TCGA-05-4245-01A-01-BS1_x15176y5544,15176,5544,15120,5488,112
TCGA-05-4245-01A-01-BS1_x15288y5544,15288,5544,15232,5488,112
TCGA-05-4245-01A-01-BS1_x15400y5544,15400,5544,15344,5488,112
TCGA-05-4245-01A-01-BS1_x15512y5544,15512,5544,15456,5488,112
TCGA-05-4245-01A-01-BS1_x15624y5544,15624,5544,15568,5488,112
TCGA-05-4245-01A-01-BS1_x15736y5544,15736,5544,15680,5488,112
TCGA-05-4245-01A-01-BS1_x3976y5656,3976,5656,3920,5600,112
TCGA-05-4245-01A-01-BS1_x4088y5656,4088,5656,4032,5600,112
TCGA-05-4245-01A-01-BS1_x4200y5656,4200,5656,4144,5600,112
TCGA-05-4245-01A-01-BS1_x4312y5656,4312,5656,4256,5600,112
TCGA-05-4245-01A-01-BS1_x4424y5656,4424,5656,4368,5600,112
TCGA-05-4245-01A-01-BS1_x4536y5656,4536,5656,4480,5600,112
TCGA-05-4245-01A-01-BS1_x4648y5656,4648,5656,4592,5600,112
TCGA-05-4245-01A-01-BS1_x4760y5656,4760,5656,4704,5600,112
TCGA-05-4245-01A-01-BS1_x4872y5656,4872,5656,4816,5600,112
TCGA-05-4245-01A-01-BS1_x4984y5656,4984,5656,4928,5600,112
TCGA-05-4245-01A-01-BS1_x5096y5656,5096,5656,5040,5600,112
TCGA-05-4245-01A-01-BS1_x5208y5656,5208,5656,5152,5600,112
TCGA-05-4245-01A-01-BS1_x5320y5656,5320,5656,5264,5600,112
TCGA-05-4245-01A-01-BS1_x5432y5656,5432,5656,5376,5600,112
TCGA-05-4245-01A-01-BS1_x5544y5656,5544,5656,5488,5600,112
TCGA-05-4245-01A-01-BS1_x5656y5656,5656,5656,5600,5600,112
TCGA-05-4245-01A-01-BS1_x5768y5656,5768,5656,5712,5600,112
TCGA-05-4245-01A-01-BS1_x5880y5656,5880,5656,5824,5600,112
TCGA-05-4245-01A-01-BS1_x5992y5656,5992,5656,5936,5600,112
TCGA-05-4245-01A-01-BS1_x6104y5656,6104,5656,6048,5600,112
TCGA-05-4245-01A-01-BS1_x6216y5656,6216,5656,6160,5600,112
TCGA-05-4245-01A-01-BS1_x6328y5656,6328,5656,6272,5600,112
TCGA-05-4245-01A-01-BS1_x6440y5656,6440,5656,6384,5600,112
TCGA-05-4245-01A-01-BS1_x6552y5656,6552,5656,6496,5600,112
TCGA-05-4245-01A-01-BS1_x6664y5656,6664,5656,6608,5600,112
TCGA-05-4245-01A-01-BS1_x6776y5656,6776,5656,6720,5600,112
TCGA-05-4245-01A-01-BS1_x6888y5656,6888,5656,6832,5600,112
TCGA-05-4245-01A-01-BS1_x7000y5656,7000,5656,6944,5600,112
TCGA-05-4245-01A-01-BS1_x7112y5656,7112,5656,7056,5600,112
TCGA-05-4245-01A-01-BS1_x7224y5656,7224,5656,7168,5600,112
TCGA-05-4245-01A-01-BS1_x7336y5656,7336,5656,7280,5600,112
TCGA-05-4245-01A-01-BS1_x7448y5656,7448,5656,7392,5600,112
TCGA-05-4245-01A-01-BS1_x7560y5656,7560,5656,7504,5600,112
TCGA-05-4245-01A-01-BS1_x7672y5656,7672,5656,7616,5600,112
TCGA-05-4245-01A-01-BS1_x7784y5656,7784,5656,7728,5600,112
TCGA-05-4245-01A-01-BS1_x7896y5656,7896,5656,7840,5600,112
TCGA-05-4245-01A-01-BS1_x8008y5656,8008,5656,7952,5600,112
TCGA-05-4245-01A-01-BS1_x8120y5656,8120,5656,8064,5600,112
TCGA-05-4245-01A-01-BS1_x8232y5656,8232,5656,8176,5600,112
TCGA-05-4245-01A-01-BS1_x8344y5656,8344,5656,8288,5600,112
TCGA-05-4245-01A-01-BS1_x8456y5656,8456,5656,8400,5600,112
TCGA-05-4245-01A-01-BS1_x8568y5656,8568,5656,8512,5600,112
TCGA-05-4245-01A-01-BS1_x8680y5656,8680,5656,8624,5600,112
TCGA-05-4245-01A-01-BS1_x8792y5656,8792,5656,8736,5600,112
TCGA-05-4245-01A-01-BS1_x8904y5656,8904,5656,8848,5600,112
TCGA-05-4245-01A-01-BS1_x9016y5656,9016,5656,8960,5600,112
TCGA-05-4245-01A-01-BS1_x9128y5656,9128,5656,9072,5600,112
TCGA-05-4245-01A-01-BS1_x9240y5656,9240,5656,9184,5600,112
TCGA-05-4245-01A-01-BS1_x9352y5656,9352,5656,9296,5600,112
TCGA-05-4245-01A-01-BS1_x9464y5656,9464,5656,9408,5600,112
TCGA-05-4245-01A-01-BS1_x9576y5656,9576,5656,9520,5600,112
TCGA-05-4245-01A-01-BS1_x9688y5656,9688,5656,9632,5600,112
TCGA-05-4245-01A-01-BS1_x9800y5656,9800,5656,9744,5600,112
TCGA-05-4245-01A-01-BS1_x9912y5656,9912,5656,9856,5600,112
TCGA-05-4245-01A-01-BS1_x10024y5656,10024,5656,9968,5600,112
TCGA-05-4245-01A-01-BS1_x10136y5656,10136,5656,10080,5600,112
TCGA-05-4245-01A-01-BS1_x10248y5656,10248,5656,10192,5600,112
TCGA-05-4245-01A-01-BS1_x10360y5656,10360,5656,10304,5600,112
TCGA-05-4245-01A-01-BS1_x10472y5656,10472,5656,10416,5600,112
TCGA-05-4245-01A-01-BS1_x10584y5656,10584,5656,10528,5600,112
TCGA-05-4245-01A-01-BS1_x10696y5656,10696,5656,10640,5600,112
TCGA-05-4245-01A-01-BS1_x10808y5656,10808,5656,10752,5600,112
TCGA-05-4245-01A-01-BS1_x10920y5656,10920,5656,10864,5600,112
TCGA-05-4245-01A-01-BS1_x11032y5656,11032,5656,10976,5600,112
TCGA-05-4245-01A-01-BS1_x11144y5656,11144,5656,11088,5600,112
TCGA-05-4245-01A-01-BS1_x11256y5656,11256,5656,11200,5600,112
TCGA-05-4245-01A-01-BS1_x11368y5656,11368,5656,11312,5600,112
TCGA-05-4245-01A-01-BS1_x11592y5656,11592,5656,11536,5600,112
TCGA-05-4245-01A-01-BS1_x11704y5656,11704,5656,11648,5600,112
TCGA-05-4245-01A-01-BS1_x11816y5656,11816,5656,11760,5600,112
TCGA-05-4245-01A-01-BS1_x11928y5656,11928,5656,11872,5600,112
TCGA-05-4245-01A-01-BS1_x12040y5656,12040,5656,11984,5600,112
TCGA-05-4245-01A-01-BS1_x12152y5656,12152,5656,12096,5600,112
TCGA-05-4245-01A-01-BS1_x12264y5656,12264,5656,12208,5600,112
TCGA-05-4245-01A-01-BS1_x12376y5656,12376,5656,12320,5600,112
TCGA-05-4245-01A-01-BS1_x12488y5656,12488,5656,12432,5600,112
TCGA-05-4245-01A-01-BS1_x12600y5656,12600,5656,12544,5600,112
TCGA-05-4245-01A-01-BS1_x12712y5656,12712,5656,12656,5600,112
TCGA-05-4245-01A-01-BS1_x12824y5656,12824,5656,12768,5600,112
TCGA-05-4245-01A-01-BS1_x12936y5656,12936,5656,12880,5600,112
TCGA-05-4245-01A-01-BS1_x13048y5656,13048,5656,12992,5600,112
TCGA-05-4245-01A-01-BS1_x13160y5656,13160,5656,13104,5600,112
TCGA-05-4245-01A-01-BS1_x13272y5656,13272,5656,13216,5600,112
TCGA-05-4245-01A-01-BS1_x13384y5656,13384,5656,13328,5600,112
TCGA-05-4245-01A-01-BS1_x13496y5656,13496,5656,13440,5600,112
TCGA-05-4245-01A-01-BS1_x13608y5656,13608,5656,13552,5600,112
TCGA-05-4245-01A-01-BS1_x13720y5656,13720,5656,13664,5600,112
TCGA-05-4245-01A-01-BS1_x13832y5656,13832,5656,13776,5600,112
TCGA-05-4245-01A-01-BS1_x13944y5656,13944,5656,13888,5600,112
TCGA-05-4245-01A-01-BS1_x14056y5656,14056,5656,14000,5600,112
TCGA-05-4245-01A-01-BS1_x14168y5656,14168,5656,14112,5600,112
TCGA-05-4245-01A-01-BS1_x14280y5656,14280,5656,14224,5600,112
TCGA-05-4245-01A-01-BS1_x14392y5656,14392,5656,14336,5600,112
TCGA-05-4245-01A-01-BS1_x14504y5656,14504,5656,14448,5600,112
TCGA-05-4245-01A-01-BS1_x14616y5656,14616,5656,14560,5600,112
TCGA-05-4245-01A-01-BS1_x14728y5656,14728,5656,14672,5600,112
TCGA-05-4245-01A-01-BS1_x14840y5656,14840,5656,14784,5600,112
TCGA-05-4245-01A-01-BS1_x14952y5656,14952,5656,14896,5600,112
TCGA-05-4245-01A-01-BS1_x15064y5656,15064,5656,15008,5600,112
TCGA-05-4245-01A-01-BS1_x15176y5656,15176,5656,15120,5600,112
TCGA-05-4245-01A-01-BS1_x15288y5656,15288,5656,15232,5600,112
TCGA-05-4245-01A-01-BS1_x15400y5656,15400,5656,15344,5600,112
TCGA-05-4245-01A-01-BS1_x15512y5656,15512,5656,15456,5600,112
TCGA-05-4245-01A-01-BS1_x15624y5656,15624,5656,15568,5600,112
TCGA-05-4245-01A-01-BS1_x15736y5656,15736,5656,15680,5600,112
TCGA-05-4245-01A-01-BS1_x3528y5768,3528,5768,3472,5712,112
TCGA-05-4245-01A-01-BS1_x3640y5768,3640,5768,3584,5712,112
TCGA-05-4245-01A-01-BS1_x3752y5768,3752,5768,3696,5712,112
TCGA-05-4245-01A-01-BS1_x3864y5768,3864,5768,3808,5712,112
TCGA-05-4245-01A-01-BS1_x3976y5768,3976,5768,3920,5712,112
TCGA-05-4245-01A-01-BS1_x4088y5768,4088,5768,4032,5712,112
TCGA-05-4245-01A-01-BS1_x4312y5768,4312,5768,4256,5712,112
TCGA-05-4245-01A-01-BS1_x4424y5768,4424,5768,4368,5712,112
TCGA-05-4245-01A-01-BS1_x4536y5768,4536,5768,4480,5712,112
TCGA-05-4245-01A-01-BS1_x4648y5768,4648,5768,4592,5712,112
TCGA-05-4245-01A-01-BS1_x4760y5768,4760,5768,4704,5712,112
TCGA-05-4245-01A-01-BS1_x4872y5768,4872,5768,4816,5712,112
TCGA-05-4245-01A-01-BS1_x4984y5768,4984,5768,4928,5712,112
TCGA-05-4245-01A-01-BS1_x5096y5768,5096,5768,5040,5712,112
TCGA-05-4245-01A-01-BS1_x5208y5768,5208,5768,5152,5712,112
TCGA-05-4245-01A-01-BS1_x5320y5768,5320,5768,5264,5712,112
TCGA-05-4245-01A-01-BS1_x5432y5768,5432,5768,5376,5712,112
TCGA-05-4245-01A-01-BS1_x5544y5768,5544,5768,5488,5712,112
TCGA-05-4245-01A-01-BS1_x5656y5768,5656,5768,5600,5712,112
TCGA-05-4245-01A-01-BS1_x5768y5768,5768,5768,5712,5712,112
TCGA-05-4245-01A-01-BS1_x5880y5768,5880,5768,5824,5712,112
TCGA-05-4245-01A-01-BS1_x5992y5768,5992,5768,5936,5712,112
TCGA-05-4245-01A-01-BS1_x6104y5768,6104,5768,6048,5712,112
TCGA-05-4245-01A-01-BS1_x6216y5768,6216,5768,6160,5712,112
TCGA-05-4245-01A-01-BS1_x6328y5768,6328,5768,6272,5712,112
TCGA-05-4245-01A-01-BS1_x6440y5768,6440,5768,6384,5712,112
TCGA-05-4245-01A-01-BS1_x6552y5768,6552,5768,6496,5712,112
TCGA-05-4245-01A-01-BS1_x6664y5768,6664,5768,6608,5712,112
TCGA-05-4245-01A-01-BS1_x6776y5768,6776,5768,6720,5712,112
TCGA-05-4245-01A-01-BS1_x6888y5768,6888,5768,6832,5712,112
TCGA-05-4245-01A-01-BS1_x7000y5768,7000,5768,6944,5712,112
TCGA-05-4245-01A-01-BS1_x7112y5768,7112,5768,7056,5712,112
TCGA-05-4245-01A-01-BS1_x7224y5768,7224,5768,7168,5712,112
TCGA-05-4245-01A-01-BS1_x7336y5768,7336,5768,7280,5712,112
TCGA-05-4245-01A-01-BS1_x7448y5768,7448,5768,7392,5712,112
TCGA-05-4245-01A-01-BS1_x7560y5768,7560,5768,7504,5712,112
TCGA-05-4245-01A-01-BS1_x7672y5768,7672,5768,7616,5712,112
TCGA-05-4245-01A-01-BS1_x7784y5768,7784,5768,7728,5712,112
TCGA-05-4245-01A-01-BS1_x7896y5768,7896,5768,7840,5712,112
TCGA-05-4245-01A-01-BS1_x8008y5768,8008,5768,7952,5712,112
TCGA-05-4245-01A-01-BS1_x8120y5768,8120,5768,8064,5712,112
TCGA-05-4245-01A-01-BS1_x8232y5768,8232,5768,8176,5712,112
TCGA-05-4245-01A-01-BS1_x8344y5768,8344,5768,8288,5712,112
TCGA-05-4245-01A-01-BS1_x8456y5768,8456,5768,8400,5712,112
TCGA-05-4245-01A-01-BS1_x8568y5768,8568,5768,8512,5712,112
TCGA-05-4245-01A-01-BS1_x8680y5768,8680,5768,8624,5712,112
TCGA-05-4245-01A-01-BS1_x8792y5768,8792,5768,8736,5712,112
TCGA-05-4245-01A-01-BS1_x8904y5768,8904,5768,8848,5712,112
TCGA-05-4245-01A-01-BS1_x9016y5768,9016,5768,8960,5712,112
TCGA-05-4245-01A-01-BS1_x9128y5768,9128,5768,9072,5712,112
TCGA-05-4245-01A-01-BS1_x9240y5768,9240,5768,9184,5712,112
TCGA-05-4245-01A-01-BS1_x9352y5768,9352,5768,9296,5712,112
TCGA-05-4245-01A-01-BS1_x9464y5768,9464,5768,9408,5712,112
TCGA-05-4245-01A-01-BS1_x9576y5768,9576,5768,9520,5712,112
TCGA-05-4245-01A-01-BS1_x9688y5768,9688,5768,9632,5712,112
TCGA-05-4245-01A-01-BS1_x9800y5768,9800,5768,9744,5712,112
TCGA-05-4245-01A-01-BS1_x9912y5768,9912,5768,9856,5712,112
TCGA-05-4245-01A-01-BS1_x10024y5768,10024,5768,9968,5712,112
TCGA-05-4245-01A-01-BS1_x10136y5768,10136,5768,10080,5712,112
TCGA-05-4245-01A-01-BS1_x10248y5768,10248,5768,10192,5712,112
TCGA-05-4245-01A-01-BS1_x10360y5768,10360,5768,10304,5712,112
TCGA-05-4245-01A-01-BS1_x10472y5768,10472,5768,10416,5712,112
TCGA-05-4245-01A-01-BS1_x10584y5768,10584,5768,10528,5712,112
TCGA-05-4245-01A-01-BS1_x10696y5768,10696,5768,10640,5712,112
TCGA-05-4245-01A-01-BS1_x10808y5768,10808,5768,10752,5712,112
TCGA-05-4245-01A-01-BS1_x10920y5768,10920,5768,10864,5712,112
TCGA-05-4245-01A-01-BS1_x11032y5768,11032,5768,10976,5712,112
TCGA-05-4245-01A-01-BS1_x11144y5768,11144,5768,11088,5712,112
TCGA-05-4245-01A-01-BS1_x11256y5768,11256,5768,11200,5712,112
TCGA-05-4245-01A-01-BS1_x11368y5768,11368,5768,11312,5712,112
TCGA-05-4245-01A-01-BS1_x11480y5768,11480,5768,11424,5712,112
TCGA-05-4245-01A-01-BS1_x11592y5768,11592,5768,11536,5712,112
TCGA-05-4245-01A-01-BS1_x11704y5768,11704,5768,11648,5712,112
TCGA-05-4245-01A-01-BS1_x11816y5768,11816,5768,11760,5712,112
TCGA-05-4245-01A-01-BS1_x11928y5768,11928,5768,11872,5712,112
TCGA-05-4245-01A-01-BS1_x12040y5768,12040,5768,11984,5712,112
TCGA-05-4245-01A-01-BS1_x12152y5768,12152,5768,12096,5712,112
TCGA-05-4245-01A-01-BS1_x12264y5768,12264,5768,12208,5712,112
TCGA-05-4245-01A-01-BS1_x12376y5768,12376,5768,12320,5712,112
TCGA-05-4245-01A-01-BS1_x12488y5768,12488,5768,12432,5712,112
TCGA-05-4245-01A-01-BS1_x12600y5768,12600,5768,12544,5712,112
TCGA-05-4245-01A-01-BS1_x12712y5768,12712,5768,12656,5712,112
TCGA-05-4245-01A-01-BS1_x12824y5768,12824,5768,12768,5712,112
TCGA-05-4245-01A-01-BS1_x12936y5768,12936,5768,12880,5712,112
TCGA-05-4245-01A-01-BS1_x13048y5768,13048,5768,12992,5712,112
TCGA-05-4245-01A-01-BS1_x13160y5768,13160,5768,13104,5712,112
TCGA-05-4245-01A-01-BS1_x13272y5768,13272,5768,13216,5712,112
TCGA-05-4245-01A-01-BS1_x13384y5768,13384,5768,13328,5712,112
TCGA-05-4245-01A-01-BS1_x13496y5768,13496,5768,13440,5712,112
TCGA-05-4245-01A-01-BS1_x13608y5768,13608,5768,13552,5712,112
TCGA-05-4245-01A-01-BS1_x13720y5768,13720,5768,13664,5712,112
TCGA-05-4245-01A-01-BS1_x13832y5768,13832,5768,13776,5712,112
TCGA-05-4245-01A-01-BS1_x13944y5768,13944,5768,13888,5712,112
TCGA-05-4245-01A-01-BS1_x14056y5768,14056,5768,14000,5712,112
TCGA-05-4245-01A-01-BS1_x14168y5768,14168,5768,14112,5712,112
TCGA-05-4245-01A-01-BS1_x14280y5768,14280,5768,14224,5712,112
TCGA-05-4245-01A-01-BS1_x14392y5768,14392,5768,14336,5712,112
TCGA-05-4245-01A-01-BS1_x14504y5768,14504,5768,14448,5712,112
TCGA-05-4245-01A-01-BS1_x14616y5768,14616,5768,14560,5712,112
TCGA-05-4245-01A-01-BS1_x14728y5768,14728,5768,14672,5712,112
TCGA-05-4245-01A-01-BS1_x14840y5768,14840,5768,14784,5712,112
TCGA-05-4245-01A-01-BS1_x14952y5768,14952,5768,14896,5712,112
TCGA-05-4245-01A-01-BS1_x15064y5768,15064,5768,15008,5712,112
TCGA-05-4245-01A-01-BS1_x15176y5768,15176,5768,15120,5712,112
TCGA-05-4245-01A-01-BS1_x15288y5768,15288,5768,15232,5712,112
TCGA-05-4245-01A-01-BS1_x15400y5768,15400,5768,15344,5712,112
TCGA-05-4245-01A-01-BS1_x15512y5768,15512,5768,15456,5712,112
TCGA-05-4245-01A-01-BS1_x15624y5768,15624,5768,15568,5712,112
TCGA-05-4245-01A-01-BS1_x15736y5768,15736,5768,15680,5712,112
TCGA-05-4245-01A-01-BS1_x3416y5880,3416,5880,3360,5824,112
TCGA-05-4245-01A-01-BS1_x3528y5880,3528,5880,3472,5824,112
TCGA-05-4245-01A-01-BS1_x3640y5880,3640,5880,3584,5824,112
TCGA-05-4245-01A-01-BS1_x3864y5880,3864,5880,3808,5824,112
TCGA-05-4245-01A-01-BS1_x3976y5880,3976,5880,3920,5824,112
TCGA-05-4245-01A-01-BS1_x4088y5880,4088,5880,4032,5824,112
TCGA-05-4245-01A-01-BS1_x4200y5880,4200,5880,4144,5824,112
TCGA-05-4245-01A-01-BS1_x4312y5880,4312,5880,4256,5824,112
TCGA-05-4245-01A-01-BS1_x4424y5880,4424,5880,4368,5824,112
TCGA-05-4245-01A-01-BS1_x4536y5880,4536,5880,4480,5824,112
TCGA-05-4245-01A-01-BS1_x4648y5880,4648,5880,4592,5824,112
TCGA-05-4245-01A-01-BS1_x4760y5880,4760,5880,4704,5824,112
TCGA-05-4245-01A-01-BS1_x4872y5880,4872,5880,4816,5824,112
TCGA-05-4245-01A-01-BS1_x4984y5880,4984,5880,4928,5824,112
TCGA-05-4245-01A-01-BS1_x5096y5880,5096,5880,5040,5824,112
TCGA-05-4245-01A-01-BS1_x5208y5880,5208,5880,5152,5824,112
TCGA-05-4245-01A-01-BS1_x5320y5880,5320,5880,5264,5824,112
TCGA-05-4245-01A-01-BS1_x5432y5880,5432,5880,5376,5824,112
TCGA-05-4245-01A-01-BS1_x5544y5880,5544,5880,5488,5824,112
TCGA-05-4245-01A-01-BS1_x5656y5880,5656,5880,5600,5824,112
TCGA-05-4245-01A-01-BS1_x5768y5880,5768,5880,5712,5824,112
TCGA-05-4245-01A-01-BS1_x5880y5880,5880,5880,5824,5824,112
TCGA-05-4245-01A-01-BS1_x5992y5880,5992,5880,5936,5824,112
TCGA-05-4245-01A-01-BS1_x6104y5880,6104,5880,6048,5824,112
TCGA-05-4245-01A-01-BS1_x6216y5880,6216,5880,6160,5824,112
TCGA-05-4245-01A-01-BS1_x6328y5880,6328,5880,6272,5824,112
TCGA-05-4245-01A-01-BS1_x6440y5880,6440,5880,6384,5824,112
TCGA-05-4245-01A-01-BS1_x6552y5880,6552,5880,6496,5824,112
TCGA-05-4245-01A-01-BS1_x6664y5880,6664,5880,6608,5824,112
TCGA-05-4245-01A-01-BS1_x6776y5880,6776,5880,6720,5824,112
TCGA-05-4245-01A-01-BS1_x6888y5880,6888,5880,6832,5824,112
TCGA-05-4245-01A-01-BS1_x7000y5880,7000,5880,6944,5824,112
TCGA-05-4245-01A-01-BS1_x7112y5880,7112,5880,7056,5824,112
TCGA-05-4245-01A-01-BS1_x7224y5880,7224,5880,7168,5824,112
TCGA-05-4245-01A-01-BS1_x7336y5880,7336,5880,7280,5824,112
TCGA-05-4245-01A-01-BS1_x7448y5880,7448,5880,7392,5824,112
TCGA-05-4245-01A-01-BS1_x7560y5880,7560,5880,7504,5824,112
TCGA-05-4245-01A-01-BS1_x7672y5880,7672,5880,7616,5824,112
TCGA-05-4245-01A-01-BS1_x7784y5880,7784,5880,7728,5824,112
TCGA-05-4245-01A-01-BS1_x7896y5880,7896,5880,7840,5824,112
TCGA-05-4245-01A-01-BS1_x8008y5880,8008,5880,7952,5824,112
TCGA-05-4245-01A-01-BS1_x8120y5880,8120,5880,8064,5824,112
TCGA-05-4245-01A-01-BS1_x8232y5880,8232,5880,8176,5824,112
TCGA-05-4245-01A-01-BS1_x8344y5880,8344,5880,8288,5824,112
TCGA-05-4245-01A-01-BS1_x8456y5880,8456,5880,8400,5824,112
TCGA-05-4245-01A-01-BS1_x8568y5880,8568,5880,8512,5824,112
TCGA-05-4245-01A-01-BS1_x8680y5880,8680,5880,8624,5824,112
TCGA-05-4245-01A-01-BS1_x8792y5880,8792,5880,8736,5824,112
TCGA-05-4245-01A-01-BS1_x8904y5880,8904,5880,8848,5824,112
TCGA-05-4245-01A-01-BS1_x9016y5880,9016,5880,8960,5824,112
TCGA-05-4245-01A-01-BS1_x9128y5880,9128,5880,9072,5824,112
TCGA-05-4245-01A-01-BS1_x9240y5880,9240,5880,9184,5824,112
TCGA-05-4245-01A-01-BS1_x9352y5880,9352,5880,9296,5824,112
TCGA-05-4245-01A-01-BS1_x9464y5880,9464,5880,9408,5824,112
TCGA-05-4245-01A-01-BS1_x9576y5880,9576,5880,9520,5824,112
TCGA-05-4245-01A-01-BS1_x9688y5880,9688,5880,9632,5824,112
TCGA-05-4245-01A-01-BS1_x9800y5880,9800,5880,9744,5824,112
TCGA-05-4245-01A-01-BS1_x9912y5880,9912,5880,9856,5824,112
TCGA-05-4245-01A-01-BS1_x10024y5880,10024,5880,9968,5824,112
TCGA-05-4245-01A-01-BS1_x10136y5880,10136,5880,10080,5824,112
TCGA-05-4245-01A-01-BS1_x10248y5880,10248,5880,10192,5824,112
TCGA-05-4245-01A-01-BS1_x10360y5880,10360,5880,10304,5824,112
TCGA-05-4245-01A-01-BS1_x10472y5880,10472,5880,10416,5824,112
TCGA-05-4245-01A-01-BS1_x10584y5880,10584,5880,10528,5824,112
TCGA-05-4245-01A-01-BS1_x10696y5880,10696,5880,10640,5824,112
TCGA-05-4245-01A-01-BS1_x10808y5880,10808,5880,10752,5824,112
TCGA-05-4245-01A-01-BS1_x10920y5880,10920,5880,10864,5824,112
TCGA-05-4245-01A-01-BS1_x11032y5880,11032,5880,10976,5824,112
TCGA-05-4245-01A-01-BS1_x11144y5880,11144,5880,11088,5824,112
TCGA-05-4245-01A-01-BS1_x11256y5880,11256,5880,11200,5824,112
TCGA-05-4245-01A-01-BS1_x11368y5880,11368,5880,11312,5824,112
TCGA-05-4245-01A-01-BS1_x11480y5880,11480,5880,11424,5824,112
TCGA-05-4245-01A-01-BS1_x11592y5880,11592,5880,11536,5824,112
TCGA-05-4245-01A-01-BS1_x11704y5880,11704,5880,11648,5824,112
TCGA-05-4245-01A-01-BS1_x11816y5880,11816,5880,11760,5824,112
TCGA-05-4245-01A-01-BS1_x11928y5880,11928,5880,11872,5824,112
TCGA-05-4245-01A-01-BS1_x12040y5880,12040,5880,11984,5824,112
TCGA-05-4245-01A-01-BS1_x12152y5880,12152,5880,12096,5824,112
TCGA-05-4245-01A-01-BS1_x12264y5880,12264,5880,12208,5824,112
TCGA-05-4245-01A-01-BS1_x12376y5880,12376,5880,12320,5824,112
TCGA-05-4245-01A-01-BS1_x12488y5880,12488,5880,12432,5824,112
TCGA-05-4245-01A-01-BS1_x12600y5880,12600,5880,12544,5824,112
TCGA-05-4245-01A-01-BS1_x12712y5880,12712,5880,12656,5824,112
TCGA-05-4245-01A-01-BS1_x12824y5880,12824,5880,12768,5824,112
TCGA-05-4245-01A-01-BS1_x12936y5880,12936,5880,12880,5824,112
TCGA-05-4245-01A-01-BS1_x13048y5880,13048,5880,12992,5824,112
TCGA-05-4245-01A-01-BS1_x13160y5880,13160,5880,13104,5824,112
TCGA-05-4245-01A-01-BS1_x13272y5880,13272,5880,13216,5824,112
TCGA-05-4245-01A-01-BS1_x13384y5880,13384,5880,13328,5824,112
TCGA-05-4245-01A-01-BS1_x13496y5880,13496,5880,13440,5824,112
TCGA-05-4245-01A-01-BS1_x13608y5880,13608,5880,13552,5824,112
TCGA-05-4245-01A-01-BS1_x13720y5880,13720,5880,13664,5824,112
TCGA-05-4245-01A-01-BS1_x13832y5880,13832,5880,13776,5824,112
TCGA-05-4245-01A-01-BS1_x13944y5880,13944,5880,13888,5824,112
TCGA-05-4245-01A-01-BS1_x14056y5880,14056,5880,14000,5824,112
TCGA-05-4245-01A-01-BS1_x14168y5880,14168,5880,14112,5824,112
TCGA-05-4245-01A-01-BS1_x14280y5880,14280,5880,14224,5824,112
TCGA-05-4245-01A-01-BS1_x14392y5880,14392,5880,14336,5824,112
TCGA-05-4245-01A-01-BS1_x14504y5880,14504,5880,14448,5824,112
TCGA-05-4245-01A-01-BS1_x14616y5880,14616,5880,14560,5824,112
TCGA-05-4245-01A-01-BS1_x14728y5880,14728,5880,14672,5824,112
TCGA-05-4245-01A-01-BS1_x14840y5880,14840,5880,14784,5824,112
TCGA-05-4245-01A-01-BS1_x14952y5880,14952,5880,14896,5824,112
TCGA-05-4245-01A-01-BS1_x15064y5880,15064,5880,15008,5824,112
TCGA-05-4245-01A-01-BS1_x15176y5880,15176,5880,15120,5824,112
TCGA-05-4245-01A-01-BS1_x15288y5880,15288,5880,15232,5824,112
TCGA-05-4245-01A-01-BS1_x15400y5880,15400,5880,15344,5824,112
TCGA-05-4245-01A-01-BS1_x15512y5880,15512,5880,15456,5824,112
TCGA-05-4245-01A-01-BS1_x15624y5880,15624,5880,15568,5824,112
TCGA-05-4245-01A-01-BS1_x15736y5880,15736,5880,15680,5824,112
TCGA-05-4245-01A-01-BS1_x3416y5992,3416,5992,3360,5936,112
TCGA-05-4245-01A-01-BS1_x3528y5992,3528,5992,3472,5936,112
TCGA-05-4245-01A-01-BS1_x3752y5992,3752,5992,3696,5936,112
TCGA-05-4245-01A-01-BS1_x3976y5992,3976,5992,3920,5936,112
TCGA-05-4245-01A-01-BS1_x4088y5992,4088,5992,4032,5936,112
TCGA-05-4245-01A-01-BS1_x4200y5992,4200,5992,4144,5936,112
TCGA-05-4245-01A-01-BS1_x4312y5992,4312,5992,4256,5936,112
TCGA-05-4245-01A-01-BS1_x4424y5992,4424,5992,4368,5936,112
TCGA-05-4245-01A-01-BS1_x4536y5992,4536,5992,4480,5936,112
TCGA-05-4245-01A-01-BS1_x4648y5992,4648,5992,4592,5936,112
TCGA-05-4245-01A-01-BS1_x4760y5992,4760,5992,4704,5936,112
TCGA-05-4245-01A-01-BS1_x4872y5992,4872,5992,4816,5936,112
TCGA-05-4245-01A-01-BS1_x4984y5992,4984,5992,4928,5936,112
TCGA-05-4245-01A-01-BS1_x5096y5992,5096,5992,5040,5936,112
TCGA-05-4245-01A-01-BS1_x5208y5992,5208,5992,5152,5936,112
TCGA-05-4245-01A-01-BS1_x5320y5992,5320,5992,5264,5936,112
TCGA-05-4245-01A-01-BS1_x5432y5992,5432,5992,5376,5936,112
TCGA-05-4245-01A-01-BS1_x5544y5992,5544,5992,5488,5936,112
TCGA-05-4245-01A-01-BS1_x5656y5992,5656,5992,5600,5936,112
TCGA-05-4245-01A-01-BS1_x5768y5992,5768,5992,5712,5936,112
TCGA-05-4245-01A-01-BS1_x5880y5992,5880,5992,5824,5936,112
TCGA-05-4245-01A-01-BS1_x5992y5992,5992,5992,5936,5936,112
TCGA-05-4245-01A-01-BS1_x6104y5992,6104,5992,6048,5936,112
TCGA-05-4245-01A-01-BS1_x6216y5992,6216,5992,6160,5936,112
TCGA-05-4245-01A-01-BS1_x6328y5992,6328,5992,6272,5936,112
TCGA-05-4245-01A-01-BS1_x6440y5992,6440,5992,6384,5936,112
TCGA-05-4245-01A-01-BS1_x6552y5992,6552,5992,6496,5936,112
TCGA-05-4245-01A-01-BS1_x6664y5992,6664,5992,6608,5936,112
TCGA-05-4245-01A-01-BS1_x6776y5992,6776,5992,6720,5936,112
TCGA-05-4245-01A-01-BS1_x6888y5992,6888,5992,6832,5936,112
TCGA-05-4245-01A-01-BS1_x7000y5992,7000,5992,6944,5936,112
TCGA-05-4245-01A-01-BS1_x7112y5992,7112,5992,7056,5936,112
TCGA-05-4245-01A-01-BS1_x7224y5992,7224,5992,7168,5936,112
TCGA-05-4245-01A-01-BS1_x7336y5992,7336,5992,7280,5936,112
TCGA-05-4245-01A-01-BS1_x7448y5992,7448,5992,7392,5936,112
TCGA-05-4245-01A-01-BS1_x7560y5992,7560,5992,7504,5936,112
TCGA-05-4245-01A-01-BS1_x7672y5992,7672,5992,7616,5936,112
TCGA-05-4245-01A-01-BS1_x7784y5992,7784,5992,7728,5936,112
TCGA-05-4245-01A-01-BS1_x7896y5992,7896,5992,7840,5936,112
TCGA-05-4245-01A-01-BS1_x8008y5992,8008,5992,7952,5936,112
TCGA-05-4245-01A-01-BS1_x8120y5992,8120,5992,8064,5936,112
TCGA-05-4245-01A-01-BS1_x8232y5992,8232,5992,8176,5936,112
TCGA-05-4245-01A-01-BS1_x8344y5992,8344,5992,8288,5936,112
TCGA-05-4245-01A-01-BS1_x8456y5992,8456,5992,8400,5936,112
TCGA-05-4245-01A-01-BS1_x8568y5992,8568,5992,8512,5936,112
TCGA-05-4245-01A-01-BS1_x8680y5992,8680,5992,8624,5936,112
TCGA-05-4245-01A-01-BS1_x8792y5992,8792,5992,8736,5936,112
TCGA-05-4245-01A-01-BS1_x8904y5992,8904,5992,8848,5936,112
TCGA-05-4245-01A-01-BS1_x9016y5992,9016,5992,8960,5936,112
TCGA-05-4245-01A-01-BS1_x9128y5992,9128,5992,9072,5936,112
TCGA-05-4245-01A-01-BS1_x9240y5992,9240,5992,9184,5936,112
TCGA-05-4245-01A-01-BS1_x9352y5992,9352,5992,9296,5936,112
TCGA-05-4245-01A-01-BS1_x9464y5992,9464,5992,9408,5936,112
TCGA-05-4245-01A-01-BS1_x9576y5992,9576,5992,9520,5936,112
TCGA-05-4245-01A-01-BS1_x9688y5992,9688,5992,9632,5936,112
TCGA-05-4245-01A-01-BS1_x9800y5992,9800,5992,9744,5936,112
TCGA-05-4245-01A-01-BS1_x9912y5992,9912,5992,9856,5936,112
TCGA-05-4245-01A-01-BS1_x10024y5992,10024,5992,9968,5936,112
TCGA-05-4245-01A-01-BS1_x10136y5992,10136,5992,10080,5936,112
TCGA-05-4245-01A-01-BS1_x10248y5992,10248,5992,10192,5936,112
TCGA-05-4245-01A-01-BS1_x10360y5992,10360,5992,10304,5936,112
TCGA-05-4245-01A-01-BS1_x10472y5992,10472,5992,10416,5936,112
TCGA-05-4245-01A-01-BS1_x10584y5992,10584,5992,10528,5936,112
TCGA-05-4245-01A-01-BS1_x10696y5992,10696,5992,10640,5936,112
TCGA-05-4245-01A-01-BS1_x10808y5992,10808,5992,10752,5936,112
TCGA-05-4245-01A-01-BS1_x10920y5992,10920,5992,10864,5936,112
TCGA-05-4245-01A-01-BS1_x11032y5992,11032,5992,10976,5936,112
TCGA-05-4245-01A-01-BS1_x11256y5992,11256,5992,11200,5936,112
TCGA-05-4245-01A-01-BS1_x11368y5992,11368,5992,11312,5936,112
TCGA-05-4245-01A-01-BS1_x11480y5992,11480,5992,11424,5936,112
TCGA-05-4245-01A-01-BS1_x11592y5992,11592,5992,11536,5936,112
TCGA-05-4245-01A-01-BS1_x11704y5992,11704,5992,11648,5936,112
TCGA-05-4245-01A-01-BS1_x11816y5992,11816,5992,11760,5936,112
TCGA-05-4245-01A-01-BS1_x11928y5992,11928,5992,11872,5936,112
TCGA-05-4245-01A-01-BS1_x12040y5992,12040,5992,11984,5936,112
TCGA-05-4245-01A-01-BS1_x12152y5992,12152,5992,12096,5936,112
TCGA-05-4245-01A-01-BS1_x12264y5992,12264,5992,12208,5936,112
TCGA-05-4245-01A-01-BS1_x12376y5992,12376,5992,12320,5936,112
TCGA-05-4245-01A-01-BS1_x12488y5992,12488,5992,12432,5936,112
TCGA-05-4245-01A-01-BS1_x12600y5992,12600,5992,12544,5936,112
TCGA-05-4245-01A-01-BS1_x12712y5992,12712,5992,12656,5936,112
TCGA-05-4245-01A-01-BS1_x12824y5992,12824,5992,12768,5936,112
TCGA-05-4245-01A-01-BS1_x12936y5992,12936,5992,12880,5936,112
TCGA-05-4245-01A-01-BS1_x13048y5992,13048,5992,12992,5936,112
TCGA-05-4245-01A-01-BS1_x13160y5992,13160,5992,13104,5936,112
TCGA-05-4245-01A-01-BS1_x13272y5992,13272,5992,13216,5936,112
TCGA-05-4245-01A-01-BS1_x13384y5992,13384,5992,13328,5936,112
TCGA-05-4245-01A-01-BS1_x13496y5992,13496,5992,13440,5936,112
TCGA-05-4245-01A-01-BS1_x13608y5992,13608,5992,13552,5936,112
TCGA-05-4245-01A-01-BS1_x13720y5992,13720,5992,13664,5936,112
TCGA-05-4245-01A-01-BS1_x13832y5992,13832,5992,13776,5936,112
TCGA-05-4245-01A-01-BS1_x13944y5992,13944,5992,13888,5936,112
TCGA-05-4245-01A-01-BS1_x14056y5992,14056,5992,14000,5936,112
TCGA-05-4245-01A-01-BS1_x14168y5992,14168,5992,14112,5936,112
TCGA-05-4245-01A-01-BS1_x14280y5992,14280,5992,14224,5936,112
TCGA-05-4245-01A-01-BS1_x14392y5992,14392,5992,14336,5936,112
TCGA-05-4245-01A-01-BS1_x14504y5992,14504,5992,14448,5936,112
TCGA-05-4245-01A-01-BS1_x14616y5992,14616,5992,14560,5936,112
TCGA-05-4245-01A-01-BS1_x14728y5992,14728,5992,14672,5936,112
TCGA-05-4245-01A-01-BS1_x14840y5992,14840,5992,14784,5936,112
TCGA-05-4245-01A-01-BS1_x14952y5992,14952,5992,14896,5936,112
TCGA-05-4245-01A-01-BS1_x15064y5992,15064,5992,15008,5936,112
TCGA-05-4245-01A-01-BS1_x15176y5992,15176,5992,15120,5936,112
TCGA-05-4245-01A-01-BS1_x15288y5992,15288,5992,15232,5936,112
TCGA-05-4245-01A-01-BS1_x15400y5992,15400,5992,15344,5936,112
TCGA-05-4245-01A-01-BS1_x15512y5992,15512,5992,15456,5936,112
TCGA-05-4245-01A-01-BS1_x15624y5992,15624,5992,15568,5936,112
TCGA-05-4245-01A-01-BS1_x15736y5992,15736,5992,15680,5936,112
TCGA-05-4245-01A-01-BS1_x3304y6104,3304,6104,3248,6048,112
TCGA-05-4245-01A-01-BS1_x3416y6104,3416,6104,3360,6048,112
TCGA-05-4245-01A-01-BS1_x3528y6104,3528,6104,3472,6048,112
TCGA-05-4245-01A-01-BS1_x3640y6104,3640,6104,3584,6048,112
TCGA-05-4245-01A-01-BS1_x3864y6104,3864,6104,3808,6048,112
TCGA-05-4245-01A-01-BS1_x3976y6104,3976,6104,3920,6048,112
TCGA-05-4245-01A-01-BS1_x4088y6104,4088,6104,4032,6048,112
TCGA-05-4245-01A-01-BS1_x4200y6104,4200,6104,4144,6048,112
TCGA-05-4245-01A-01-BS1_x4312y6104,4312,6104,4256,6048,112
TCGA-05-4245-01A-01-BS1_x4424y6104,4424,6104,4368,6048,112
TCGA-05-4245-01A-01-BS1_x4536y6104,4536,6104,4480,6048,112
TCGA-05-4245-01A-01-BS1_x4648y6104,4648,6104,4592,6048,112
TCGA-05-4245-01A-01-BS1_x4760y6104,4760,6104,4704,6048,112
TCGA-05-4245-01A-01-BS1_x4872y6104,4872,6104,4816,6048,112
TCGA-05-4245-01A-01-BS1_x4984y6104,4984,6104,4928,6048,112
TCGA-05-4245-01A-01-BS1_x5096y6104,5096,6104,5040,6048,112
TCGA-05-4245-01A-01-BS1_x5208y6104,5208,6104,5152,6048,112
TCGA-05-4245-01A-01-BS1_x5320y6104,5320,6104,5264,6048,112
TCGA-05-4245-01A-01-BS1_x5432y6104,5432,6104,5376,6048,112
TCGA-05-4245-01A-01-BS1_x5544y6104,5544,6104,5488,6048,112
TCGA-05-4245-01A-01-BS1_x5656y6104,5656,6104,5600,6048,112
TCGA-05-4245-01A-01-BS1_x5768y6104,5768,6104,5712,6048,112
TCGA-05-4245-01A-01-BS1_x5880y6104,5880,6104,5824,6048,112
TCGA-05-4245-01A-01-BS1_x5992y6104,5992,6104,5936,6048,112
TCGA-05-4245-01A-01-BS1_x6104y6104,6104,6104,6048,6048,112
TCGA-05-4245-01A-01-BS1_x6216y6104,6216,6104,6160,6048,112
TCGA-05-4245-01A-01-BS1_x6328y6104,6328,6104,6272,6048,112
TCGA-05-4245-01A-01-BS1_x6440y6104,6440,6104,6384,6048,112
TCGA-05-4245-01A-01-BS1_x6552y6104,6552,6104,6496,6048,112
TCGA-05-4245-01A-01-BS1_x6664y6104,6664,6104,6608,6048,112
TCGA-05-4245-01A-01-BS1_x6776y6104,6776,6104,6720,6048,112
TCGA-05-4245-01A-01-BS1_x6888y6104,6888,6104,6832,6048,112
TCGA-05-4245-01A-01-BS1_x7000y6104,7000,6104,6944,6048,112
TCGA-05-4245-01A-01-BS1_x7112y6104,7112,6104,7056,6048,112
TCGA-05-4245-01A-01-BS1_x7224y6104,7224,6104,7168,6048,112
TCGA-05-4245-01A-01-BS1_x7336y6104,7336,6104,7280,6048,112
TCGA-05-4245-01A-01-BS1_x7448y6104,7448,6104,7392,6048,112
TCGA-05-4245-01A-01-BS1_x7560y6104,7560,6104,7504,6048,112
TCGA-05-4245-01A-01-BS1_x7672y6104,7672,6104,7616,6048,112
TCGA-05-4245-01A-01-BS1_x7784y6104,7784,6104,7728,6048,112
TCGA-05-4245-01A-01-BS1_x7896y6104,7896,6104,7840,6048,112
TCGA-05-4245-01A-01-BS1_x8344y6104,8344,6104,8288,6048,112
TCGA-05-4245-01A-01-BS1_x8456y6104,8456,6104,8400,6048,112
TCGA-05-4245-01A-01-BS1_x8568y6104,8568,6104,8512,6048,112
TCGA-05-4245-01A-01-BS1_x8680y6104,8680,6104,8624,6048,112
TCGA-05-4245-01A-01-BS1_x8792y6104,8792,6104,8736,6048,112
TCGA-05-4245-01A-01-BS1_x8904y6104,8904,6104,8848,6048,112
TCGA-05-4245-01A-01-BS1_x9016y6104,9016,6104,8960,6048,112
TCGA-05-4245-01A-01-BS1_x9128y6104,9128,6104,9072,6048,112
TCGA-05-4245-01A-01-BS1_x9240y6104,9240,6104,9184,6048,112
TCGA-05-4245-01A-01-BS1_x9352y6104,9352,6104,9296,6048,112
TCGA-05-4245-01A-01-BS1_x9464y6104,9464,6104,9408,6048,112
TCGA-05-4245-01A-01-BS1_x9576y6104,9576,6104,9520,6048,112
TCGA-05-4245-01A-01-BS1_x9688y6104,9688,6104,9632,6048,112
TCGA-05-4245-01A-01-BS1_x9800y6104,9800,6104,9744,6048,112
TCGA-05-4245-01A-01-BS1_x9912y6104,9912,6104,9856,6048,112
TCGA-05-4245-01A-01-BS1_x10024y6104,10024,6104,9968,6048,112
TCGA-05-4245-01A-01-BS1_x10136y6104,10136,6104,10080,6048,112
TCGA-05-4245-01A-01-BS1_x10248y6104,10248,6104,10192,6048,112
TCGA-05-4245-01A-01-BS1_x10360y6104,10360,6104,10304,6048,112
TCGA-05-4245-01A-01-BS1_x10472y6104,10472,6104,10416,6048,112
TCGA-05-4245-01A-01-BS1_x10584y6104,10584,6104,10528,6048,112
TCGA-05-4245-01A-01-BS1_x10696y6104,10696,6104,10640,6048,112
TCGA-05-4245-01A-01-BS1_x10808y6104,10808,6104,10752,6048,112
TCGA-05-4245-01A-01-BS1_x10920y6104,10920,6104,10864,6048,112
TCGA-05-4245-01A-01-BS1_x11368y6104,11368,6104,11312,6048,112
TCGA-05-4245-01A-01-BS1_x11480y6104,11480,6104,11424,6048,112
TCGA-05-4245-01A-01-BS1_x11592y6104,11592,6104,11536,6048,112
TCGA-05-4245-01A-01-BS1_x11704y6104,11704,6104,11648,6048,112
TCGA-05-4245-01A-01-BS1_x11816y6104,11816,6104,11760,6048,112
TCGA-05-4245-01A-01-BS1_x11928y6104,11928,6104,11872,6048,112
TCGA-05-4245-01A-01-BS1_x12040y6104,12040,6104,11984,6048,112
TCGA-05-4245-01A-01-BS1_x12152y6104,12152,6104,12096,6048,112
TCGA-05-4245-01A-01-BS1_x12264y6104,12264,6104,12208,6048,112
TCGA-05-4245-01A-01-BS1_x12376y6104,12376,6104,12320,6048,112
TCGA-05-4245-01A-01-BS1_x12488y6104,12488,6104,12432,6048,112
TCGA-05-4245-01A-01-BS1_x12600y6104,12600,6104,12544,6048,112
TCGA-05-4245-01A-01-BS1_x12712y6104,12712,6104,12656,6048,112
TCGA-05-4245-01A-01-BS1_x12824y6104,12824,6104,12768,6048,112
TCGA-05-4245-01A-01-BS1_x12936y6104,12936,6104,12880,6048,112
TCGA-05-4245-01A-01-BS1_x13048y6104,13048,6104,12992,6048,112
TCGA-05-4245-01A-01-BS1_x13160y6104,13160,6104,13104,6048,112
TCGA-05-4245-01A-01-BS1_x13272y6104,13272,6104,13216,6048,112
TCGA-05-4245-01A-01-BS1_x13384y6104,13384,6104,13328,6048,112
TCGA-05-4245-01A-01-BS1_x13496y6104,13496,6104,13440,6048,112
TCGA-05-4245-01A-01-BS1_x13608y6104,13608,6104,13552,6048,112
TCGA-05-4245-01A-01-BS1_x13720y6104,13720,6104,13664,6048,112
TCGA-05-4245-01A-01-BS1_x14056y6104,14056,6104,14000,6048,112
TCGA-05-4245-01A-01-BS1_x14168y6104,14168,6104,14112,6048,112
TCGA-05-4245-01A-01-BS1_x14280y6104,14280,6104,14224,6048,112
TCGA-05-4245-01A-01-BS1_x14392y6104,14392,6104,14336,6048,112
TCGA-05-4245-01A-01-BS1_x14504y6104,14504,6104,14448,6048,112
TCGA-05-4245-01A-01-BS1_x14616y6104,14616,6104,14560,6048,112
TCGA-05-4245-01A-01-BS1_x14728y6104,14728,6104,14672,6048,112
TCGA-05-4245-01A-01-BS1_x14840y6104,14840,6104,14784,6048,112
TCGA-05-4245-01A-01-BS1_x14952y6104,14952,6104,14896,6048,112
TCGA-05-4245-01A-01-BS1_x15064y6104,15064,6104,15008,6048,112
TCGA-05-4245-01A-01-BS1_x15176y6104,15176,6104,15120,6048,112
TCGA-05-4245-01A-01-BS1_x15288y6104,15288,6104,15232,6048,112
TCGA-05-4245-01A-01-BS1_x15400y6104,15400,6104,15344,6048,112
TCGA-05-4245-01A-01-BS1_x15512y6104,15512,6104,15456,6048,112
TCGA-05-4245-01A-01-BS1_x15624y6104,15624,6104,15568,6048,112
TCGA-05-4245-01A-01-BS1_x15736y6104,15736,6104,15680,6048,112
TCGA-05-4245-01A-01-BS1_x3192y6216,3192,6216,3136,6160,112
TCGA-05-4245-01A-01-BS1_x3304y6216,3304,6216,3248,6160,112
TCGA-05-4245-01A-01-BS1_x3416y6216,3416,6216,3360,6160,112
TCGA-05-4245-01A-01-BS1_x3528y6216,3528,6216,3472,6160,112
TCGA-05-4245-01A-01-BS1_x3640y6216,3640,6216,3584,6160,112
TCGA-05-4245-01A-01-BS1_x3752y6216,3752,6216,3696,6160,112
TCGA-05-4245-01A-01-BS1_x3864y6216,3864,6216,3808,6160,112
TCGA-05-4245-01A-01-BS1_x3976y6216,3976,6216,3920,6160,112
TCGA-05-4245-01A-01-BS1_x4088y6216,4088,6216,4032,6160,112
TCGA-05-4245-01A-01-BS1_x4200y6216,4200,6216,4144,6160,112
TCGA-05-4245-01A-01-BS1_x4312y6216,4312,6216,4256,6160,112
TCGA-05-4245-01A-01-BS1_x4424y6216,4424,6216,4368,6160,112
TCGA-05-4245-01A-01-BS1_x4536y6216,4536,6216,4480,6160,112
TCGA-05-4245-01A-01-BS1_x4648y6216,4648,6216,4592,6160,112
TCGA-05-4245-01A-01-BS1_x4760y6216,4760,6216,4704,6160,112
TCGA-05-4245-01A-01-BS1_x4872y6216,4872,6216,4816,6160,112
TCGA-05-4245-01A-01-BS1_x4984y6216,4984,6216,4928,6160,112
TCGA-05-4245-01A-01-BS1_x5096y6216,5096,6216,5040,6160,112
TCGA-05-4245-01A-01-BS1_x5208y6216,5208,6216,5152,6160,112
TCGA-05-4245-01A-01-BS1_x5320y6216,5320,6216,5264,6160,112
TCGA-05-4245-01A-01-BS1_x5432y6216,5432,6216,5376,6160,112
TCGA-05-4245-01A-01-BS1_x5544y6216,5544,6216,5488,6160,112
TCGA-05-4245-01A-01-BS1_x5656y6216,5656,6216,5600,6160,112
TCGA-05-4245-01A-01-BS1_x5768y6216,5768,6216,5712,6160,112
TCGA-05-4245-01A-01-BS1_x5880y6216,5880,6216,5824,6160,112
TCGA-05-4245-01A-01-BS1_x5992y6216,5992,6216,5936,6160,112
TCGA-05-4245-01A-01-BS1_x6104y6216,6104,6216,6048,6160,112
TCGA-05-4245-01A-01-BS1_x6216y6216,6216,6216,6160,6160,112
TCGA-05-4245-01A-01-BS1_x6328y6216,6328,6216,6272,6160,112
TCGA-05-4245-01A-01-BS1_x6440y6216,6440,6216,6384,6160,112
TCGA-05-4245-01A-01-BS1_x6552y6216,6552,6216,6496,6160,112
TCGA-05-4245-01A-01-BS1_x6664y6216,6664,6216,6608,6160,112
TCGA-05-4245-01A-01-BS1_x6776y6216,6776,6216,6720,6160,112
TCGA-05-4245-01A-01-BS1_x6888y6216,6888,6216,6832,6160,112
TCGA-05-4245-01A-01-BS1_x7000y6216,7000,6216,6944,6160,112
TCGA-05-4245-01A-01-BS1_x7112y6216,7112,6216,7056,6160,112
TCGA-05-4245-01A-01-BS1_x7224y6216,7224,6216,7168,6160,112
TCGA-05-4245-01A-01-BS1_x7336y6216,7336,6216,7280,6160,112
TCGA-05-4245-01A-01-BS1_x7448y6216,7448,6216,7392,6160,112
TCGA-05-4245-01A-01-BS1_x7560y6216,7560,6216,7504,6160,112
TCGA-05-4245-01A-01-BS1_x7672y6216,7672,6216,7616,6160,112
TCGA-05-4245-01A-01-BS1_x7784y6216,7784,6216,7728,6160,112
TCGA-05-4245-01A-01-BS1_x7896y6216,7896,6216,7840,6160,112
TCGA-05-4245-01A-01-BS1_x8008y6216,8008,6216,7952,6160,112
TCGA-05-4245-01A-01-BS1_x8120y6216,8120,6216,8064,6160,112
TCGA-05-4245-01A-01-BS1_x8344y6216,8344,6216,8288,6160,112
TCGA-05-4245-01A-01-BS1_x8456y6216,8456,6216,8400,6160,112
TCGA-05-4245-01A-01-BS1_x8568y6216,8568,6216,8512,6160,112
TCGA-05-4245-01A-01-BS1_x8680y6216,8680,6216,8624,6160,112
TCGA-05-4245-01A-01-BS1_x8792y6216,8792,6216,8736,6160,112
TCGA-05-4245-01A-01-BS1_x8904y6216,8904,6216,8848,6160,112
TCGA-05-4245-01A-01-BS1_x9016y6216,9016,6216,8960,6160,112
TCGA-05-4245-01A-01-BS1_x9128y6216,9128,6216,9072,6160,112
TCGA-05-4245-01A-01-BS1_x9240y6216,9240,6216,9184,6160,112
TCGA-05-4245-01A-01-BS1_x9352y6216,9352,6216,9296,6160,112
TCGA-05-4245-01A-01-BS1_x9464y6216,9464,6216,9408,6160,112
TCGA-05-4245-01A-01-BS1_x9576y6216,9576,6216,9520,6160,112
TCGA-05-4245-01A-01-BS1_x9688y6216,9688,6216,9632,6160,112
TCGA-05-4245-01A-01-BS1_x9800y6216,9800,6216,9744,6160,112
TCGA-05-4245-01A-01-BS1_x9912y6216,9912,6216,9856,6160,112
TCGA-05-4245-01A-01-BS1_x10024y6216,10024,6216,9968,6160,112
TCGA-05-4245-01A-01-BS1_x10136y6216,10136,6216,10080,6160,112
TCGA-05-4245-01A-01-BS1_x10248y6216,10248,6216,10192,6160,112
TCGA-05-4245-01A-01-BS1_x10360y6216,10360,6216,10304,6160,112
TCGA-05-4245-01A-01-BS1_x10472y6216,10472,6216,10416,6160,112
TCGA-05-4245-01A-01-BS1_x10584y6216,10584,6216,10528,6160,112
TCGA-05-4245-01A-01-BS1_x10696y6216,10696,6216,10640,6160,112
TCGA-05-4245-01A-01-BS1_x10808y6216,10808,6216,10752,6160,112
TCGA-05-4245-01A-01-BS1_x10920y6216,10920,6216,10864,6160,112
TCGA-05-4245-01A-01-BS1_x11256y6216,11256,6216,11200,6160,112
TCGA-05-4245-01A-01-BS1_x11368y6216,11368,6216,11312,6160,112
TCGA-05-4245-01A-01-BS1_x11480y6216,11480,6216,11424,6160,112
TCGA-05-4245-01A-01-BS1_x11592y6216,11592,6216,11536,6160,112
TCGA-05-4245-01A-01-BS1_x11704y6216,11704,6216,11648,6160,112
TCGA-05-4245-01A-01-BS1_x11816y6216,11816,6216,11760,6160,112
TCGA-05-4245-01A-01-BS1_x11928y6216,11928,6216,11872,6160,112
TCGA-05-4245-01A-01-BS1_x12040y6216,12040,6216,11984,6160,112
TCGA-05-4245-01A-01-BS1_x12152y6216,12152,6216,12096,6160,112
TCGA-05-4245-01A-01-BS1_x12264y6216,12264,6216,12208,6160,112
TCGA-05-4245-01A-01-BS1_x12376y6216,12376,6216,12320,6160,112
TCGA-05-4245-01A-01-BS1_x12488y6216,12488,6216,12432,6160,112
TCGA-05-4245-01A-01-BS1_x12600y6216,12600,6216,12544,6160,112
TCGA-05-4245-01A-01-BS1_x12712y6216,12712,6216,12656,6160,112
TCGA-05-4245-01A-01-BS1_x12824y6216,12824,6216,12768,6160,112
TCGA-05-4245-01A-01-BS1_x12936y6216,12936,6216,12880,6160,112
TCGA-05-4245-01A-01-BS1_x13048y6216,13048,6216,12992,6160,112
TCGA-05-4245-01A-01-BS1_x13160y6216,13160,6216,13104,6160,112
TCGA-05-4245-01A-01-BS1_x13272y6216,13272,6216,13216,6160,112
TCGA-05-4245-01A-01-BS1_x13384y6216,13384,6216,13328,6160,112
TCGA-05-4245-01A-01-BS1_x13496y6216,13496,6216,13440,6160,112
TCGA-05-4245-01A-01-BS1_x13608y6216,13608,6216,13552,6160,112
TCGA-05-4245-01A-01-BS1_x13720y6216,13720,6216,13664,6160,112
TCGA-05-4245-01A-01-BS1_x13832y6216,13832,6216,13776,6160,112
TCGA-05-4245-01A-01-BS1_x13944y6216,13944,6216,13888,6160,112
TCGA-05-4245-01A-01-BS1_x14056y6216,14056,6216,14000,6160,112
TCGA-05-4245-01A-01-BS1_x14168y6216,14168,6216,14112,6160,112
TCGA-05-4245-01A-01-BS1_x14280y6216,14280,6216,14224,6160,112
TCGA-05-4245-01A-01-BS1_x14392y6216,14392,6216,14336,6160,112
TCGA-05-4245-01A-01-BS1_x14504y6216,14504,6216,14448,6160,112
TCGA-05-4245-01A-01-BS1_x14616y6216,14616,6216,14560,6160,112
TCGA-05-4245-01A-01-BS1_x14728y6216,14728,6216,14672,6160,112
TCGA-05-4245-01A-01-BS1_x14840y6216,14840,6216,14784,6160,112
TCGA-05-4245-01A-01-BS1_x14952y6216,14952,6216,14896,6160,112
TCGA-05-4245-01A-01-BS1_x15064y6216,15064,6216,15008,6160,112
TCGA-05-4245-01A-01-BS1_x15176y6216,15176,6216,15120,6160,112
TCGA-05-4245-01A-01-BS1_x15288y6216,15288,6216,15232,6160,112
TCGA-05-4245-01A-01-BS1_x15400y6216,15400,6216,15344,6160,112
TCGA-05-4245-01A-01-BS1_x3192y6328,3192,6328,3136,6272,112
TCGA-05-4245-01A-01-BS1_x3304y6328,3304,6328,3248,6272,112
TCGA-05-4245-01A-01-BS1_x3416y6328,3416,6328,3360,6272,112
TCGA-05-4245-01A-01-BS1_x3528y6328,3528,6328,3472,6272,112
TCGA-05-4245-01A-01-BS1_x3640y6328,3640,6328,3584,6272,112
TCGA-05-4245-01A-01-BS1_x3752y6328,3752,6328,3696,6272,112
TCGA-05-4245-01A-01-BS1_x3864y6328,3864,6328,3808,6272,112
TCGA-05-4245-01A-01-BS1_x3976y6328,3976,6328,3920,6272,112
TCGA-05-4245-01A-01-BS1_x4088y6328,4088,6328,4032,6272,112
TCGA-05-4245-01A-01-BS1_x4200y6328,4200,6328,4144,6272,112
TCGA-05-4245-01A-01-BS1_x4312y6328,4312,6328,4256,6272,112
TCGA-05-4245-01A-01-BS1_x4424y6328,4424,6328,4368,6272,112
TCGA-05-4245-01A-01-BS1_x4536y6328,4536,6328,4480,6272,112
TCGA-05-4245-01A-01-BS1_x4648y6328,4648,6328,4592,6272,112
TCGA-05-4245-01A-01-BS1_x4760y6328,4760,6328,4704,6272,112
TCGA-05-4245-01A-01-BS1_x4872y6328,4872,6328,4816,6272,112
TCGA-05-4245-01A-01-BS1_x4984y6328,4984,6328,4928,6272,112
TCGA-05-4245-01A-01-BS1_x5096y6328,5096,6328,5040,6272,112
TCGA-05-4245-01A-01-BS1_x5208y6328,5208,6328,5152,6272,112
TCGA-05-4245-01A-01-BS1_x5320y6328,5320,6328,5264,6272,112
TCGA-05-4245-01A-01-BS1_x5432y6328,5432,6328,5376,6272,112
TCGA-05-4245-01A-01-BS1_x5544y6328,5544,6328,5488,6272,112
TCGA-05-4245-01A-01-BS1_x5656y6328,5656,6328,5600,6272,112
TCGA-05-4245-01A-01-BS1_x5768y6328,5768,6328,5712,6272,112
TCGA-05-4245-01A-01-BS1_x5880y6328,5880,6328,5824,6272,112
TCGA-05-4245-01A-01-BS1_x5992y6328,5992,6328,5936,6272,112
TCGA-05-4245-01A-01-BS1_x6104y6328,6104,6328,6048,6272,112
TCGA-05-4245-01A-01-BS1_x6216y6328,6216,6328,6160,6272,112
TCGA-05-4245-01A-01-BS1_x6328y6328,6328,6328,6272,6272,112
TCGA-05-4245-01A-01-BS1_x6440y6328,6440,6328,6384,6272,112
TCGA-05-4245-01A-01-BS1_x6552y6328,6552,6328,6496,6272,112
TCGA-05-4245-01A-01-BS1_x6664y6328,6664,6328,6608,6272,112
TCGA-05-4245-01A-01-BS1_x6776y6328,6776,6328,6720,6272,112
TCGA-05-4245-01A-01-BS1_x6888y6328,6888,6328,6832,6272,112
TCGA-05-4245-01A-01-BS1_x7000y6328,7000,6328,6944,6272,112
TCGA-05-4245-01A-01-BS1_x7112y6328,7112,6328,7056,6272,112
TCGA-05-4245-01A-01-BS1_x7224y6328,7224,6328,7168,6272,112
TCGA-05-4245-01A-01-BS1_x7336y6328,7336,6328,7280,6272,112
TCGA-05-4245-01A-01-BS1_x7448y6328,7448,6328,7392,6272,112
TCGA-05-4245-01A-01-BS1_x7560y6328,7560,6328,7504,6272,112
TCGA-05-4245-01A-01-BS1_x7672y6328,7672,6328,7616,6272,112
TCGA-05-4245-01A-01-BS1_x7784y6328,7784,6328,7728,6272,112
TCGA-05-4245-01A-01-BS1_x7896y6328,7896,6328,7840,6272,112
TCGA-05-4245-01A-01-BS1_x8344y6328,8344,6328,8288,6272,112
TCGA-05-4245-01A-01-BS1_x8456y6328,8456,6328,8400,6272,112
TCGA-05-4245-01A-01-BS1_x8568y6328,8568,6328,8512,6272,112
TCGA-05-4245-01A-01-BS1_x8680y6328,8680,6328,8624,6272,112
TCGA-05-4245-01A-01-BS1_x8792y6328,8792,6328,8736,6272,112
TCGA-05-4245-01A-01-BS1_x8904y6328,8904,6328,8848,6272,112
TCGA-05-4245-01A-01-BS1_x9016y6328,9016,6328,8960,6272,112
TCGA-05-4245-01A-01-BS1_x9128y6328,9128,6328,9072,6272,112
TCGA-05-4245-01A-01-BS1_x9240y6328,9240,6328,9184,6272,112
TCGA-05-4245-01A-01-BS1_x9352y6328,9352,6328,9296,6272,112
TCGA-05-4245-01A-01-BS1_x9464y6328,9464,6328,9408,6272,112
TCGA-05-4245-01A-01-BS1_x9576y6328,9576,6328,9520,6272,112
TCGA-05-4245-01A-01-BS1_x9688y6328,9688,6328,9632,6272,112
TCGA-05-4245-01A-01-BS1_x9800y6328,9800,6328,9744,6272,112
TCGA-05-4245-01A-01-BS1_x9912y6328,9912,6328,9856,6272,112
TCGA-05-4245-01A-01-BS1_x10024y6328,10024,6328,9968,6272,112
TCGA-05-4245-01A-01-BS1_x10136y6328,10136,6328,10080,6272,112
TCGA-05-4245-01A-01-BS1_x10248y6328,10248,6328,10192,6272,112
TCGA-05-4245-01A-01-BS1_x10360y6328,10360,6328,10304,6272,112
TCGA-05-4245-01A-01-BS1_x10472y6328,10472,6328,10416,6272,112
TCGA-05-4245-01A-01-BS1_x10584y6328,10584,6328,10528,6272,112
TCGA-05-4245-01A-01-BS1_x10696y6328,10696,6328,10640,6272,112
TCGA-05-4245-01A-01-BS1_x10808y6328,10808,6328,10752,6272,112
TCGA-05-4245-01A-01-BS1_x10920y6328,10920,6328,10864,6272,112
TCGA-05-4245-01A-01-BS1_x11032y6328,11032,6328,10976,6272,112
TCGA-05-4245-01A-01-BS1_x11144y6328,11144,6328,11088,6272,112
TCGA-05-4245-01A-01-BS1_x11256y6328,11256,6328,11200,6272,112
TCGA-05-4245-01A-01-BS1_x11368y6328,11368,6328,11312,6272,112
TCGA-05-4245-01A-01-BS1_x11480y6328,11480,6328,11424,6272,112
TCGA-05-4245-01A-01-BS1_x11592y6328,11592,6328,11536,6272,112
TCGA-05-4245-01A-01-BS1_x11704y6328,11704,6328,11648,6272,112
TCGA-05-4245-01A-01-BS1_x11816y6328,11816,6328,11760,6272,112
TCGA-05-4245-01A-01-BS1_x11928y6328,11928,6328,11872,6272,112
TCGA-05-4245-01A-01-BS1_x12040y6328,12040,6328,11984,6272,112
TCGA-05-4245-01A-01-BS1_x12152y6328,12152,6328,12096,6272,112
TCGA-05-4245-01A-01-BS1_x12264y6328,12264,6328,12208,6272,112
TCGA-05-4245-01A-01-BS1_x12376y6328,12376,6328,12320,6272,112
TCGA-05-4245-01A-01-BS1_x12488y6328,12488,6328,12432,6272,112
TCGA-05-4245-01A-01-BS1_x12600y6328,12600,6328,12544,6272,112
TCGA-05-4245-01A-01-BS1_x12712y6328,12712,6328,12656,6272,112
TCGA-05-4245-01A-01-BS1_x12824y6328,12824,6328,12768,6272,112
TCGA-05-4245-01A-01-BS1_x12936y6328,12936,6328,12880,6272,112
TCGA-05-4245-01A-01-BS1_x13048y6328,13048,6328,12992,6272,112
TCGA-05-4245-01A-01-BS1_x13160y6328,13160,6328,13104,6272,112
TCGA-05-4245-01A-01-BS1_x13272y6328,13272,6328,13216,6272,112
TCGA-05-4245-01A-01-BS1_x13384y6328,13384,6328,13328,6272,112
TCGA-05-4245-01A-01-BS1_x13496y6328,13496,6328,13440,6272,112
TCGA-05-4245-01A-01-BS1_x13608y6328,13608,6328,13552,6272,112
TCGA-05-4245-01A-01-BS1_x13720y6328,13720,6328,13664,6272,112
TCGA-05-4245-01A-01-BS1_x13832y6328,13832,6328,13776,6272,112
TCGA-05-4245-01A-01-BS1_x13944y6328,13944,6328,13888,6272,112
TCGA-05-4245-01A-01-BS1_x14056y6328,14056,6328,14000,6272,112
TCGA-05-4245-01A-01-BS1_x14168y6328,14168,6328,14112,6272,112
TCGA-05-4245-01A-01-BS1_x14280y6328,14280,6328,14224,6272,112
TCGA-05-4245-01A-01-BS1_x14392y6328,14392,6328,14336,6272,112
TCGA-05-4245-01A-01-BS1_x14504y6328,14504,6328,14448,6272,112
TCGA-05-4245-01A-01-BS1_x14616y6328,14616,6328,14560,6272,112
TCGA-05-4245-01A-01-BS1_x14728y6328,14728,6328,14672,6272,112
TCGA-05-4245-01A-01-BS1_x14840y6328,14840,6328,14784,6272,112
TCGA-05-4245-01A-01-BS1_x14952y6328,14952,6328,14896,6272,112
TCGA-05-4245-01A-01-BS1_x15064y6328,15064,6328,15008,6272,112
TCGA-05-4245-01A-01-BS1_x15176y6328,15176,6328,15120,6272,112
TCGA-05-4245-01A-01-BS1_x15288y6328,15288,6328,15232,6272,112
TCGA-05-4245-01A-01-BS1_x15400y6328,15400,6328,15344,6272,112
TCGA-05-4245-01A-01-BS1_x15512y6328,15512,6328,15456,6272,112
TCGA-05-4245-01A-01-BS1_x15624y6328,15624,6328,15568,6272,112
TCGA-05-4245-01A-01-BS1_x3080y6440,3080,6440,3024,6384,112
TCGA-05-4245-01A-01-BS1_x3192y6440,3192,6440,3136,6384,112
TCGA-05-4245-01A-01-BS1_x3304y6440,3304,6440,3248,6384,112
TCGA-05-4245-01A-01-BS1_x3416y6440,3416,6440,3360,6384,112
TCGA-05-4245-01A-01-BS1_x3528y6440,3528,6440,3472,6384,112
TCGA-05-4245-01A-01-BS1_x3752y6440,3752,6440,3696,6384,112
TCGA-05-4245-01A-01-BS1_x3864y6440,3864,6440,3808,6384,112
TCGA-05-4245-01A-01-BS1_x3976y6440,3976,6440,3920,6384,112
TCGA-05-4245-01A-01-BS1_x4088y6440,4088,6440,4032,6384,112
TCGA-05-4245-01A-01-BS1_x4200y6440,4200,6440,4144,6384,112
TCGA-05-4245-01A-01-BS1_x4312y6440,4312,6440,4256,6384,112
TCGA-05-4245-01A-01-BS1_x4424y6440,4424,6440,4368,6384,112
TCGA-05-4245-01A-01-BS1_x4536y6440,4536,6440,4480,6384,112
TCGA-05-4245-01A-01-BS1_x4648y6440,4648,6440,4592,6384,112
TCGA-05-4245-01A-01-BS1_x4760y6440,4760,6440,4704,6384,112
TCGA-05-4245-01A-01-BS1_x4872y6440,4872,6440,4816,6384,112
TCGA-05-4245-01A-01-BS1_x4984y6440,4984,6440,4928,6384,112
TCGA-05-4245-01A-01-BS1_x5096y6440,5096,6440,5040,6384,112
TCGA-05-4245-01A-01-BS1_x5208y6440,5208,6440,5152,6384,112
TCGA-05-4245-01A-01-BS1_x5320y6440,5320,6440,5264,6384,112
TCGA-05-4245-01A-01-BS1_x5432y6440,5432,6440,5376,6384,112
TCGA-05-4245-01A-01-BS1_x5544y6440,5544,6440,5488,6384,112
TCGA-05-4245-01A-01-BS1_x5656y6440,5656,6440,5600,6384,112
TCGA-05-4245-01A-01-BS1_x5768y6440,5768,6440,5712,6384,112
TCGA-05-4245-01A-01-BS1_x5880y6440,5880,6440,5824,6384,112
TCGA-05-4245-01A-01-BS1_x5992y6440,5992,6440,5936,6384,112
TCGA-05-4245-01A-01-BS1_x6104y6440,6104,6440,6048,6384,112
TCGA-05-4245-01A-01-BS1_x6216y6440,6216,6440,6160,6384,112
TCGA-05-4245-01A-01-BS1_x6328y6440,6328,6440,6272,6384,112
TCGA-05-4245-01A-01-BS1_x6440y6440,6440,6440,6384,6384,112
TCGA-05-4245-01A-01-BS1_x6552y6440,6552,6440,6496,6384,112
TCGA-05-4245-01A-01-BS1_x6664y6440,6664,6440,6608,6384,112
TCGA-05-4245-01A-01-BS1_x6776y6440,6776,6440,6720,6384,112
TCGA-05-4245-01A-01-BS1_x6888y6440,6888,6440,6832,6384,112
TCGA-05-4245-01A-01-BS1_x7000y6440,7000,6440,6944,6384,112
TCGA-05-4245-01A-01-BS1_x7112y6440,7112,6440,7056,6384,112
TCGA-05-4245-01A-01-BS1_x7224y6440,7224,6440,7168,6384,112
TCGA-05-4245-01A-01-BS1_x7336y6440,7336,6440,7280,6384,112
TCGA-05-4245-01A-01-BS1_x7448y6440,7448,6440,7392,6384,112
TCGA-05-4245-01A-01-BS1_x7560y6440,7560,6440,7504,6384,112
TCGA-05-4245-01A-01-BS1_x7672y6440,7672,6440,7616,6384,112
TCGA-05-4245-01A-01-BS1_x7784y6440,7784,6440,7728,6384,112
TCGA-05-4245-01A-01-BS1_x7896y6440,7896,6440,7840,6384,112
TCGA-05-4245-01A-01-BS1_x8008y6440,8008,6440,7952,6384,112
TCGA-05-4245-01A-01-BS1_x8120y6440,8120,6440,8064,6384,112
TCGA-05-4245-01A-01-BS1_x8344y6440,8344,6440,8288,6384,112
TCGA-05-4245-01A-01-BS1_x8456y6440,8456,6440,8400,6384,112
TCGA-05-4245-01A-01-BS1_x8568y6440,8568,6440,8512,6384,112
TCGA-05-4245-01A-01-BS1_x8680y6440,8680,6440,8624,6384,112
TCGA-05-4245-01A-01-BS1_x8792y6440,8792,6440,8736,6384,112
TCGA-05-4245-01A-01-BS1_x8904y6440,8904,6440,8848,6384,112
TCGA-05-4245-01A-01-BS1_x9016y6440,9016,6440,8960,6384,112
TCGA-05-4245-01A-01-BS1_x9128y6440,9128,6440,9072,6384,112
TCGA-05-4245-01A-01-BS1_x9240y6440,9240,6440,9184,6384,112
TCGA-05-4245-01A-01-BS1_x9352y6440,9352,6440,9296,6384,112
TCGA-05-4245-01A-01-BS1_x9464y6440,9464,6440,9408,6384,112
TCGA-05-4245-01A-01-BS1_x9576y6440,9576,6440,9520,6384,112
TCGA-05-4245-01A-01-BS1_x9688y6440,9688,6440,9632,6384,112
TCGA-05-4245-01A-01-BS1_x9800y6440,9800,6440,9744,6384,112
TCGA-05-4245-01A-01-BS1_x9912y6440,9912,6440,9856,6384,112
TCGA-05-4245-01A-01-BS1_x10024y6440,10024,6440,9968,6384,112
TCGA-05-4245-01A-01-BS1_x10136y6440,10136,6440,10080,6384,112
TCGA-05-4245-01A-01-BS1_x10248y6440,10248,6440,10192,6384,112
TCGA-05-4245-01A-01-BS1_x10360y6440,10360,6440,10304,6384,112
TCGA-05-4245-01A-01-BS1_x10472y6440,10472,6440,10416,6384,112
TCGA-05-4245-01A-01-BS1_x10584y6440,10584,6440,10528,6384,112
TCGA-05-4245-01A-01-BS1_x10696y6440,10696,6440,10640,6384,112
TCGA-05-4245-01A-01-BS1_x10808y6440,10808,6440,10752,6384,112
TCGA-05-4245-01A-01-BS1_x10920y6440,10920,6440,10864,6384,112
TCGA-05-4245-01A-01-BS1_x11032y6440,11032,6440,10976,6384,112
TCGA-05-4245-01A-01-BS1_x11144y6440,11144,6440,11088,6384,112
TCGA-05-4245-01A-01-BS1_x11256y6440,11256,6440,11200,6384,112
TCGA-05-4245-01A-01-BS1_x11368y6440,11368,6440,11312,6384,112
TCGA-05-4245-01A-01-BS1_x11480y6440,11480,6440,11424,6384,112
TCGA-05-4245-01A-01-BS1_x11592y6440,11592,6440,11536,6384,112
TCGA-05-4245-01A-01-BS1_x11704y6440,11704,6440,11648,6384,112
TCGA-05-4245-01A-01-BS1_x11816y6440,11816,6440,11760,6384,112
TCGA-05-4245-01A-01-BS1_x11928y6440,11928,6440,11872,6384,112
TCGA-05-4245-01A-01-BS1_x12040y6440,12040,6440,11984,6384,112
TCGA-05-4245-01A-01-BS1_x12152y6440,12152,6440,12096,6384,112
TCGA-05-4245-01A-01-BS1_x12264y6440,12264,6440,12208,6384,112
TCGA-05-4245-01A-01-BS1_x12376y6440,12376,6440,12320,6384,112
TCGA-05-4245-01A-01-BS1_x12488y6440,12488,6440,12432,6384,112
TCGA-05-4245-01A-01-BS1_x12600y6440,12600,6440,12544,6384,112
TCGA-05-4245-01A-01-BS1_x12712y6440,12712,6440,12656,6384,112
TCGA-05-4245-01A-01-BS1_x12824y6440,12824,6440,12768,6384,112
TCGA-05-4245-01A-01-BS1_x12936y6440,12936,6440,12880,6384,112
TCGA-05-4245-01A-01-BS1_x13048y6440,13048,6440,12992,6384,112
TCGA-05-4245-01A-01-BS1_x13160y6440,13160,6440,13104,6384,112
TCGA-05-4245-01A-01-BS1_x13272y6440,13272,6440,13216,6384,112
TCGA-05-4245-01A-01-BS1_x13384y6440,13384,6440,13328,6384,112
TCGA-05-4245-01A-01-BS1_x13496y6440,13496,6440,13440,6384,112
TCGA-05-4245-01A-01-BS1_x13608y6440,13608,6440,13552,6384,112
TCGA-05-4245-01A-01-BS1_x13720y6440,13720,6440,13664,6384,112
TCGA-05-4245-01A-01-BS1_x13832y6440,13832,6440,13776,6384,112
TCGA-05-4245-01A-01-BS1_x13944y6440,13944,6440,13888,6384,112
TCGA-05-4245-01A-01-BS1_x14056y6440,14056,6440,14000,6384,112
TCGA-05-4245-01A-01-BS1_x14168y6440,14168,6440,14112,6384,112
TCGA-05-4245-01A-01-BS1_x14280y6440,14280,6440,14224,6384,112
TCGA-05-4245-01A-01-BS1_x14392y6440,14392,6440,14336,6384,112
TCGA-05-4245-01A-01-BS1_x14504y6440,14504,6440,14448,6384,112
TCGA-05-4245-01A-01-BS1_x14616y6440,14616,6440,14560,6384,112
TCGA-05-4245-01A-01-BS1_x14728y6440,14728,6440,14672,6384,112
TCGA-05-4245-01A-01-BS1_x14840y6440,14840,6440,14784,6384,112
TCGA-05-4245-01A-01-BS1_x14952y6440,14952,6440,14896,6384,112
TCGA-05-4245-01A-01-BS1_x15064y6440,15064,6440,15008,6384,112
TCGA-05-4245-01A-01-BS1_x15176y6440,15176,6440,15120,6384,112
TCGA-05-4245-01A-01-BS1_x15288y6440,15288,6440,15232,6384,112
TCGA-05-4245-01A-01-BS1_x15400y6440,15400,6440,15344,6384,112
TCGA-05-4245-01A-01-BS1_x15512y6440,15512,6440,15456,6384,112
TCGA-05-4245-01A-01-BS1_x15624y6440,15624,6440,15568,6384,112
TCGA-05-4245-01A-01-BS1_x15736y6440,15736,6440,15680,6384,112
TCGA-05-4245-01A-01-BS1_x2968y6552,2968,6552,2912,6496,112
TCGA-05-4245-01A-01-BS1_x3080y6552,3080,6552,3024,6496,112
TCGA-05-4245-01A-01-BS1_x3192y6552,3192,6552,3136,6496,112
TCGA-05-4245-01A-01-BS1_x3304y6552,3304,6552,3248,6496,112
TCGA-05-4245-01A-01-BS1_x3416y6552,3416,6552,3360,6496,112
TCGA-05-4245-01A-01-BS1_x3528y6552,3528,6552,3472,6496,112
TCGA-05-4245-01A-01-BS1_x3640y6552,3640,6552,3584,6496,112
TCGA-05-4245-01A-01-BS1_x3752y6552,3752,6552,3696,6496,112
TCGA-05-4245-01A-01-BS1_x3864y6552,3864,6552,3808,6496,112
TCGA-05-4245-01A-01-BS1_x3976y6552,3976,6552,3920,6496,112
TCGA-05-4245-01A-01-BS1_x4088y6552,4088,6552,4032,6496,112
TCGA-05-4245-01A-01-BS1_x4200y6552,4200,6552,4144,6496,112
TCGA-05-4245-01A-01-BS1_x4312y6552,4312,6552,4256,6496,112
TCGA-05-4245-01A-01-BS1_x4424y6552,4424,6552,4368,6496,112
TCGA-05-4245-01A-01-BS1_x4536y6552,4536,6552,4480,6496,112
TCGA-05-4245-01A-01-BS1_x4648y6552,4648,6552,4592,6496,112
TCGA-05-4245-01A-01-BS1_x4760y6552,4760,6552,4704,6496,112
TCGA-05-4245-01A-01-BS1_x4872y6552,4872,6552,4816,6496,112
TCGA-05-4245-01A-01-BS1_x4984y6552,4984,6552,4928,6496,112
TCGA-05-4245-01A-01-BS1_x5096y6552,5096,6552,5040,6496,112
TCGA-05-4245-01A-01-BS1_x5208y6552,5208,6552,5152,6496,112
TCGA-05-4245-01A-01-BS1_x5320y6552,5320,6552,5264,6496,112
TCGA-05-4245-01A-01-BS1_x5432y6552,5432,6552,5376,6496,112
TCGA-05-4245-01A-01-BS1_x5544y6552,5544,6552,5488,6496,112
TCGA-05-4245-01A-01-BS1_x5656y6552,5656,6552,5600,6496,112
TCGA-05-4245-01A-01-BS1_x5768y6552,5768,6552,5712,6496,112
TCGA-05-4245-01A-01-BS1_x5880y6552,5880,6552,5824,6496,112
TCGA-05-4245-01A-01-BS1_x5992y6552,5992,6552,5936,6496,112
TCGA-05-4245-01A-01-BS1_x6104y6552,6104,6552,6048,6496,112
TCGA-05-4245-01A-01-BS1_x6216y6552,6216,6552,6160,6496,112
TCGA-05-4245-01A-01-BS1_x6328y6552,6328,6552,6272,6496,112
TCGA-05-4245-01A-01-BS1_x6440y6552,6440,6552,6384,6496,112
TCGA-05-4245-01A-01-BS1_x6552y6552,6552,6552,6496,6496,112
TCGA-05-4245-01A-01-BS1_x6664y6552,6664,6552,6608,6496,112
TCGA-05-4245-01A-01-BS1_x6776y6552,6776,6552,6720,6496,112
TCGA-05-4245-01A-01-BS1_x6888y6552,6888,6552,6832,6496,112
TCGA-05-4245-01A-01-BS1_x7000y6552,7000,6552,6944,6496,112
TCGA-05-4245-01A-01-BS1_x7112y6552,7112,6552,7056,6496,112
TCGA-05-4245-01A-01-BS1_x7224y6552,7224,6552,7168,6496,112
TCGA-05-4245-01A-01-BS1_x7336y6552,7336,6552,7280,6496,112
TCGA-05-4245-01A-01-BS1_x7448y6552,7448,6552,7392,6496,112
TCGA-05-4245-01A-01-BS1_x7560y6552,7560,6552,7504,6496,112
TCGA-05-4245-01A-01-BS1_x7672y6552,7672,6552,7616,6496,112
TCGA-05-4245-01A-01-BS1_x7784y6552,7784,6552,7728,6496,112
TCGA-05-4245-01A-01-BS1_x7896y6552,7896,6552,7840,6496,112
TCGA-05-4245-01A-01-BS1_x8008y6552,8008,6552,7952,6496,112
TCGA-05-4245-01A-01-BS1_x8120y6552,8120,6552,8064,6496,112
TCGA-05-4245-01A-01-BS1_x8232y6552,8232,6552,8176,6496,112
TCGA-05-4245-01A-01-BS1_x8456y6552,8456,6552,8400,6496,112
TCGA-05-4245-01A-01-BS1_x8568y6552,8568,6552,8512,6496,112
TCGA-05-4245-01A-01-BS1_x8680y6552,8680,6552,8624,6496,112
TCGA-05-4245-01A-01-BS1_x8792y6552,8792,6552,8736,6496,112
TCGA-05-4245-01A-01-BS1_x8904y6552,8904,6552,8848,6496,112
TCGA-05-4245-01A-01-BS1_x9016y6552,9016,6552,8960,6496,112
TCGA-05-4245-01A-01-BS1_x9128y6552,9128,6552,9072,6496,112
TCGA-05-4245-01A-01-BS1_x9240y6552,9240,6552,9184,6496,112
TCGA-05-4245-01A-01-BS1_x9352y6552,9352,6552,9296,6496,112
TCGA-05-4245-01A-01-BS1_x9464y6552,9464,6552,9408,6496,112
TCGA-05-4245-01A-01-BS1_x9576y6552,9576,6552,9520,6496,112
TCGA-05-4245-01A-01-BS1_x9688y6552,9688,6552,9632,6496,112
TCGA-05-4245-01A-01-BS1_x9800y6552,9800,6552,9744,6496,112
TCGA-05-4245-01A-01-BS1_x9912y6552,9912,6552,9856,6496,112
TCGA-05-4245-01A-01-BS1_x10024y6552,10024,6552,9968,6496,112
TCGA-05-4245-01A-01-BS1_x10136y6552,10136,6552,10080,6496,112
TCGA-05-4245-01A-01-BS1_x10248y6552,10248,6552,10192,6496,112
TCGA-05-4245-01A-01-BS1_x10360y6552,10360,6552,10304,6496,112
TCGA-05-4245-01A-01-BS1_x10472y6552,10472,6552,10416,6496,112
TCGA-05-4245-01A-01-BS1_x10584y6552,10584,6552,10528,6496,112
TCGA-05-4245-01A-01-BS1_x10696y6552,10696,6552,10640,6496,112
TCGA-05-4245-01A-01-BS1_x10808y6552,10808,6552,10752,6496,112
TCGA-05-4245-01A-01-BS1_x10920y6552,10920,6552,10864,6496,112
TCGA-05-4245-01A-01-BS1_x11032y6552,11032,6552,10976,6496,112
TCGA-05-4245-01A-01-BS1_x11144y6552,11144,6552,11088,6496,112
TCGA-05-4245-01A-01-BS1_x11256y6552,11256,6552,11200,6496,112
TCGA-05-4245-01A-01-BS1_x11368y6552,11368,6552,11312,6496,112
TCGA-05-4245-01A-01-BS1_x11480y6552,11480,6552,11424,6496,112
TCGA-05-4245-01A-01-BS1_x11592y6552,11592,6552,11536,6496,112
TCGA-05-4245-01A-01-BS1_x11704y6552,11704,6552,11648,6496,112
TCGA-05-4245-01A-01-BS1_x11816y6552,11816,6552,11760,6496,112
TCGA-05-4245-01A-01-BS1_x11928y6552,11928,6552,11872,6496,112
TCGA-05-4245-01A-01-BS1_x12040y6552,12040,6552,11984,6496,112
TCGA-05-4245-01A-01-BS1_x12152y6552,12152,6552,12096,6496,112
TCGA-05-4245-01A-01-BS1_x12264y6552,12264,6552,12208,6496,112
TCGA-05-4245-01A-01-BS1_x12376y6552,12376,6552,12320,6496,112
TCGA-05-4245-01A-01-BS1_x12488y6552,12488,6552,12432,6496,112
TCGA-05-4245-01A-01-BS1_x12600y6552,12600,6552,12544,6496,112
TCGA-05-4245-01A-01-BS1_x12712y6552,12712,6552,12656,6496,112
TCGA-05-4245-01A-01-BS1_x12824y6552,12824,6552,12768,6496,112
TCGA-05-4245-01A-01-BS1_x12936y6552,12936,6552,12880,6496,112
TCGA-05-4245-01A-01-BS1_x13048y6552,13048,6552,12992,6496,112
TCGA-05-4245-01A-01-BS1_x13160y6552,13160,6552,13104,6496,112
TCGA-05-4245-01A-01-BS1_x13272y6552,13272,6552,13216,6496,112
TCGA-05-4245-01A-01-BS1_x13384y6552,13384,6552,13328,6496,112
TCGA-05-4245-01A-01-BS1_x13496y6552,13496,6552,13440,6496,112
TCGA-05-4245-01A-01-BS1_x13608y6552,13608,6552,13552,6496,112
TCGA-05-4245-01A-01-BS1_x13720y6552,13720,6552,13664,6496,112
TCGA-05-4245-01A-01-BS1_x13832y6552,13832,6552,13776,6496,112
TCGA-05-4245-01A-01-BS1_x13944y6552,13944,6552,13888,6496,112
TCGA-05-4245-01A-01-BS1_x14056y6552,14056,6552,14000,6496,112
TCGA-05-4245-01A-01-BS1_x14168y6552,14168,6552,14112,6496,112
TCGA-05-4245-01A-01-BS1_x14280y6552,14280,6552,14224,6496,112
TCGA-05-4245-01A-01-BS1_x14392y6552,14392,6552,14336,6496,112
TCGA-05-4245-01A-01-BS1_x14504y6552,14504,6552,14448,6496,112
TCGA-05-4245-01A-01-BS1_x14616y6552,14616,6552,14560,6496,112
TCGA-05-4245-01A-01-BS1_x14728y6552,14728,6552,14672,6496,112
TCGA-05-4245-01A-01-BS1_x14840y6552,14840,6552,14784,6496,112
TCGA-05-4245-01A-01-BS1_x14952y6552,14952,6552,14896,6496,112
TCGA-05-4245-01A-01-BS1_x15064y6552,15064,6552,15008,6496,112
TCGA-05-4245-01A-01-BS1_x15176y6552,15176,6552,15120,6496,112
TCGA-05-4245-01A-01-BS1_x15288y6552,15288,6552,15232,6496,112
TCGA-05-4245-01A-01-BS1_x15400y6552,15400,6552,15344,6496,112
TCGA-05-4245-01A-01-BS1_x15512y6552,15512,6552,15456,6496,112
TCGA-05-4245-01A-01-BS1_x15624y6552,15624,6552,15568,6496,112
TCGA-05-4245-01A-01-BS1_x15736y6552,15736,6552,15680,6496,112
TCGA-05-4245-01A-01-BS1_x2856y6664,2856,6664,2800,6608,112
TCGA-05-4245-01A-01-BS1_x2968y6664,2968,6664,2912,6608,112
TCGA-05-4245-01A-01-BS1_x3080y6664,3080,6664,3024,6608,112
TCGA-05-4245-01A-01-BS1_x3192y6664,3192,6664,3136,6608,112
TCGA-05-4245-01A-01-BS1_x3304y6664,3304,6664,3248,6608,112
TCGA-05-4245-01A-01-BS1_x3416y6664,3416,6664,3360,6608,112
TCGA-05-4245-01A-01-BS1_x3528y6664,3528,6664,3472,6608,112
TCGA-05-4245-01A-01-BS1_x3640y6664,3640,6664,3584,6608,112
TCGA-05-4245-01A-01-BS1_x3752y6664,3752,6664,3696,6608,112
TCGA-05-4245-01A-01-BS1_x3864y6664,3864,6664,3808,6608,112
TCGA-05-4245-01A-01-BS1_x3976y6664,3976,6664,3920,6608,112
TCGA-05-4245-01A-01-BS1_x4088y6664,4088,6664,4032,6608,112
TCGA-05-4245-01A-01-BS1_x4200y6664,4200,6664,4144,6608,112
TCGA-05-4245-01A-01-BS1_x4312y6664,4312,6664,4256,6608,112
TCGA-05-4245-01A-01-BS1_x4424y6664,4424,6664,4368,6608,112
TCGA-05-4245-01A-01-BS1_x4536y6664,4536,6664,4480,6608,112
TCGA-05-4245-01A-01-BS1_x4648y6664,4648,6664,4592,6608,112
TCGA-05-4245-01A-01-BS1_x4760y6664,4760,6664,4704,6608,112
TCGA-05-4245-01A-01-BS1_x4872y6664,4872,6664,4816,6608,112
TCGA-05-4245-01A-01-BS1_x4984y6664,4984,6664,4928,6608,112
TCGA-05-4245-01A-01-BS1_x5096y6664,5096,6664,5040,6608,112
TCGA-05-4245-01A-01-BS1_x5208y6664,5208,6664,5152,6608,112
TCGA-05-4245-01A-01-BS1_x5320y6664,5320,6664,5264,6608,112
TCGA-05-4245-01A-01-BS1_x5432y6664,5432,6664,5376,6608,112
TCGA-05-4245-01A-01-BS1_x5544y6664,5544,6664,5488,6608,112
TCGA-05-4245-01A-01-BS1_x5656y6664,5656,6664,5600,6608,112
TCGA-05-4245-01A-01-BS1_x5768y6664,5768,6664,5712,6608,112
TCGA-05-4245-01A-01-BS1_x5880y6664,5880,6664,5824,6608,112
TCGA-05-4245-01A-01-BS1_x5992y6664,5992,6664,5936,6608,112
TCGA-05-4245-01A-01-BS1_x6104y6664,6104,6664,6048,6608,112
TCGA-05-4245-01A-01-BS1_x6216y6664,6216,6664,6160,6608,112
TCGA-05-4245-01A-01-BS1_x6328y6664,6328,6664,6272,6608,112
TCGA-05-4245-01A-01-BS1_x6440y6664,6440,6664,6384,6608,112
TCGA-05-4245-01A-01-BS1_x6552y6664,6552,6664,6496,6608,112
TCGA-05-4245-01A-01-BS1_x6664y6664,6664,6664,6608,6608,112
TCGA-05-4245-01A-01-BS1_x6776y6664,6776,6664,6720,6608,112
TCGA-05-4245-01A-01-BS1_x6888y6664,6888,6664,6832,6608,112
TCGA-05-4245-01A-01-BS1_x7000y6664,7000,6664,6944,6608,112
TCGA-05-4245-01A-01-BS1_x7112y6664,7112,6664,7056,6608,112
TCGA-05-4245-01A-01-BS1_x7224y6664,7224,6664,7168,6608,112
TCGA-05-4245-01A-01-BS1_x7336y6664,7336,6664,7280,6608,112
TCGA-05-4245-01A-01-BS1_x7448y6664,7448,6664,7392,6608,112
TCGA-05-4245-01A-01-BS1_x7560y6664,7560,6664,7504,6608,112
TCGA-05-4245-01A-01-BS1_x7672y6664,7672,6664,7616,6608,112
TCGA-05-4245-01A-01-BS1_x7784y6664,7784,6664,7728,6608,112
TCGA-05-4245-01A-01-BS1_x7896y6664,7896,6664,7840,6608,112
TCGA-05-4245-01A-01-BS1_x8008y6664,8008,6664,7952,6608,112
TCGA-05-4245-01A-01-BS1_x8120y6664,8120,6664,8064,6608,112
TCGA-05-4245-01A-01-BS1_x8232y6664,8232,6664,8176,6608,112
TCGA-05-4245-01A-01-BS1_x8344y6664,8344,6664,8288,6608,112
TCGA-05-4245-01A-01-BS1_x8456y6664,8456,6664,8400,6608,112
TCGA-05-4245-01A-01-BS1_x8568y6664,8568,6664,8512,6608,112
TCGA-05-4245-01A-01-BS1_x8680y6664,8680,6664,8624,6608,112
TCGA-05-4245-01A-01-BS1_x8792y6664,8792,6664,8736,6608,112
TCGA-05-4245-01A-01-BS1_x8904y6664,8904,6664,8848,6608,112
TCGA-05-4245-01A-01-BS1_x9016y6664,9016,6664,8960,6608,112
TCGA-05-4245-01A-01-BS1_x9128y6664,9128,6664,9072,6608,112
TCGA-05-4245-01A-01-BS1_x9240y6664,9240,6664,9184,6608,112
TCGA-05-4245-01A-01-BS1_x9352y6664,9352,6664,9296,6608,112
TCGA-05-4245-01A-01-BS1_x9464y6664,9464,6664,9408,6608,112
TCGA-05-4245-01A-01-BS1_x9576y6664,9576,6664,9520,6608,112
TCGA-05-4245-01A-01-BS1_x9688y6664,9688,6664,9632,6608,112
TCGA-05-4245-01A-01-BS1_x9800y6664,9800,6664,9744,6608,112
TCGA-05-4245-01A-01-BS1_x9912y6664,9912,6664,9856,6608,112
TCGA-05-4245-01A-01-BS1_x10024y6664,10024,6664,9968,6608,112
TCGA-05-4245-01A-01-BS1_x10136y6664,10136,6664,10080,6608,112
TCGA-05-4245-01A-01-BS1_x10248y6664,10248,6664,10192,6608,112
TCGA-05-4245-01A-01-BS1_x10360y6664,10360,6664,10304,6608,112
TCGA-05-4245-01A-01-BS1_x10472y6664,10472,6664,10416,6608,112
TCGA-05-4245-01A-01-BS1_x10584y6664,10584,6664,10528,6608,112
TCGA-05-4245-01A-01-BS1_x10696y6664,10696,6664,10640,6608,112
TCGA-05-4245-01A-01-BS1_x10808y6664,10808,6664,10752,6608,112
TCGA-05-4245-01A-01-BS1_x10920y6664,10920,6664,10864,6608,112
TCGA-05-4245-01A-01-BS1_x11032y6664,11032,6664,10976,6608,112
TCGA-05-4245-01A-01-BS1_x11144y6664,11144,6664,11088,6608,112
TCGA-05-4245-01A-01-BS1_x11256y6664,11256,6664,11200,6608,112
TCGA-05-4245-01A-01-BS1_x11368y6664,11368,6664,11312,6608,112
TCGA-05-4245-01A-01-BS1_x11480y6664,11480,6664,11424,6608,112
TCGA-05-4245-01A-01-BS1_x11592y6664,11592,6664,11536,6608,112
TCGA-05-4245-01A-01-BS1_x11704y6664,11704,6664,11648,6608,112
TCGA-05-4245-01A-01-BS1_x11816y6664,11816,6664,11760,6608,112
TCGA-05-4245-01A-01-BS1_x11928y6664,11928,6664,11872,6608,112
TCGA-05-4245-01A-01-BS1_x12040y6664,12040,6664,11984,6608,112
TCGA-05-4245-01A-01-BS1_x12152y6664,12152,6664,12096,6608,112
TCGA-05-4245-01A-01-BS1_x12264y6664,12264,6664,12208,6608,112
TCGA-05-4245-01A-01-BS1_x12376y6664,12376,6664,12320,6608,112
TCGA-05-4245-01A-01-BS1_x12488y6664,12488,6664,12432,6608,112
TCGA-05-4245-01A-01-BS1_x12600y6664,12600,6664,12544,6608,112
TCGA-05-4245-01A-01-BS1_x12712y6664,12712,6664,12656,6608,112
TCGA-05-4245-01A-01-BS1_x12824y6664,12824,6664,12768,6608,112
TCGA-05-4245-01A-01-BS1_x12936y6664,12936,6664,12880,6608,112
TCGA-05-4245-01A-01-BS1_x13048y6664,13048,6664,12992,6608,112
TCGA-05-4245-01A-01-BS1_x13160y6664,13160,6664,13104,6608,112
TCGA-05-4245-01A-01-BS1_x13272y6664,13272,6664,13216,6608,112
TCGA-05-4245-01A-01-BS1_x13384y6664,13384,6664,13328,6608,112
TCGA-05-4245-01A-01-BS1_x13496y6664,13496,6664,13440,6608,112
TCGA-05-4245-01A-01-BS1_x13608y6664,13608,6664,13552,6608,112
TCGA-05-4245-01A-01-BS1_x13720y6664,13720,6664,13664,6608,112
TCGA-05-4245-01A-01-BS1_x13832y6664,13832,6664,13776,6608,112
TCGA-05-4245-01A-01-BS1_x13944y6664,13944,6664,13888,6608,112
TCGA-05-4245-01A-01-BS1_x14056y6664,14056,6664,14000,6608,112
TCGA-05-4245-01A-01-BS1_x14168y6664,14168,6664,14112,6608,112
TCGA-05-4245-01A-01-BS1_x14280y6664,14280,6664,14224,6608,112
TCGA-05-4245-01A-01-BS1_x14392y6664,14392,6664,14336,6608,112
TCGA-05-4245-01A-01-BS1_x14504y6664,14504,6664,14448,6608,112
TCGA-05-4245-01A-01-BS1_x14616y6664,14616,6664,14560,6608,112
TCGA-05-4245-01A-01-BS1_x14728y6664,14728,6664,14672,6608,112
TCGA-05-4245-01A-01-BS1_x14840y6664,14840,6664,14784,6608,112
TCGA-05-4245-01A-01-BS1_x14952y6664,14952,6664,14896,6608,112
TCGA-05-4245-01A-01-BS1_x15064y6664,15064,6664,15008,6608,112
TCGA-05-4245-01A-01-BS1_x15176y6664,15176,6664,15120,6608,112
TCGA-05-4245-01A-01-BS1_x15288y6664,15288,6664,15232,6608,112
TCGA-05-4245-01A-01-BS1_x15400y6664,15400,6664,15344,6608,112
TCGA-05-4245-01A-01-BS1_x15512y6664,15512,6664,15456,6608,112
TCGA-05-4245-01A-01-BS1_x15624y6664,15624,6664,15568,6608,112
TCGA-05-4245-01A-01-BS1_x15736y6664,15736,6664,15680,6608,112
TCGA-05-4245-01A-01-BS1_x2744y6776,2744,6776,2688,6720,112
TCGA-05-4245-01A-01-BS1_x2856y6776,2856,6776,2800,6720,112
TCGA-05-4245-01A-01-BS1_x2968y6776,2968,6776,2912,6720,112
TCGA-05-4245-01A-01-BS1_x3080y6776,3080,6776,3024,6720,112
TCGA-05-4245-01A-01-BS1_x3192y6776,3192,6776,3136,6720,112
TCGA-05-4245-01A-01-BS1_x3304y6776,3304,6776,3248,6720,112
TCGA-05-4245-01A-01-BS1_x3416y6776,3416,6776,3360,6720,112
TCGA-05-4245-01A-01-BS1_x3528y6776,3528,6776,3472,6720,112
TCGA-05-4245-01A-01-BS1_x3640y6776,3640,6776,3584,6720,112
TCGA-05-4245-01A-01-BS1_x3752y6776,3752,6776,3696,6720,112
TCGA-05-4245-01A-01-BS1_x3864y6776,3864,6776,3808,6720,112
TCGA-05-4245-01A-01-BS1_x3976y6776,3976,6776,3920,6720,112
TCGA-05-4245-01A-01-BS1_x4088y6776,4088,6776,4032,6720,112
TCGA-05-4245-01A-01-BS1_x4200y6776,4200,6776,4144,6720,112
TCGA-05-4245-01A-01-BS1_x4312y6776,4312,6776,4256,6720,112
TCGA-05-4245-01A-01-BS1_x4424y6776,4424,6776,4368,6720,112
TCGA-05-4245-01A-01-BS1_x4536y6776,4536,6776,4480,6720,112
TCGA-05-4245-01A-01-BS1_x4648y6776,4648,6776,4592,6720,112
TCGA-05-4245-01A-01-BS1_x4760y6776,4760,6776,4704,6720,112
TCGA-05-4245-01A-01-BS1_x4872y6776,4872,6776,4816,6720,112
TCGA-05-4245-01A-01-BS1_x4984y6776,4984,6776,4928,6720,112
TCGA-05-4245-01A-01-BS1_x5096y6776,5096,6776,5040,6720,112
TCGA-05-4245-01A-01-BS1_x5208y6776,5208,6776,5152,6720,112
TCGA-05-4245-01A-01-BS1_x5320y6776,5320,6776,5264,6720,112
TCGA-05-4245-01A-01-BS1_x5432y6776,5432,6776,5376,6720,112
TCGA-05-4245-01A-01-BS1_x5544y6776,5544,6776,5488,6720,112
TCGA-05-4245-01A-01-BS1_x5656y6776,5656,6776,5600,6720,112
TCGA-05-4245-01A-01-BS1_x5768y6776,5768,6776,5712,6720,112
TCGA-05-4245-01A-01-BS1_x5880y6776,5880,6776,5824,6720,112
TCGA-05-4245-01A-01-BS1_x5992y6776,5992,6776,5936,6720,112
TCGA-05-4245-01A-01-BS1_x6104y6776,6104,6776,6048,6720,112
TCGA-05-4245-01A-01-BS1_x6216y6776,6216,6776,6160,6720,112
TCGA-05-4245-01A-01-BS1_x6328y6776,6328,6776,6272,6720,112
TCGA-05-4245-01A-01-BS1_x6440y6776,6440,6776,6384,6720,112
TCGA-05-4245-01A-01-BS1_x6552y6776,6552,6776,6496,6720,112
TCGA-05-4245-01A-01-BS1_x6664y6776,6664,6776,6608,6720,112
TCGA-05-4245-01A-01-BS1_x6776y6776,6776,6776,6720,6720,112
TCGA-05-4245-01A-01-BS1_x6888y6776,6888,6776,6832,6720,112
TCGA-05-4245-01A-01-BS1_x7000y6776,7000,6776,6944,6720,112
TCGA-05-4245-01A-01-BS1_x7112y6776,7112,6776,7056,6720,112
TCGA-05-4245-01A-01-BS1_x7224y6776,7224,6776,7168,6720,112
TCGA-05-4245-01A-01-BS1_x7336y6776,7336,6776,7280,6720,112
TCGA-05-4245-01A-01-BS1_x7448y6776,7448,6776,7392,6720,112
TCGA-05-4245-01A-01-BS1_x7560y6776,7560,6776,7504,6720,112
TCGA-05-4245-01A-01-BS1_x7672y6776,7672,6776,7616,6720,112
TCGA-05-4245-01A-01-BS1_x7784y6776,7784,6776,7728,6720,112
TCGA-05-4245-01A-01-BS1_x7896y6776,7896,6776,7840,6720,112
TCGA-05-4245-01A-01-BS1_x8008y6776,8008,6776,7952,6720,112
TCGA-05-4245-01A-01-BS1_x8120y6776,8120,6776,8064,6720,112
TCGA-05-4245-01A-01-BS1_x8232y6776,8232,6776,8176,6720,112
TCGA-05-4245-01A-01-BS1_x8344y6776,8344,6776,8288,6720,112
TCGA-05-4245-01A-01-BS1_x8456y6776,8456,6776,8400,6720,112
TCGA-05-4245-01A-01-BS1_x8568y6776,8568,6776,8512,6720,112
TCGA-05-4245-01A-01-BS1_x8680y6776,8680,6776,8624,6720,112
TCGA-05-4245-01A-01-BS1_x8792y6776,8792,6776,8736,6720,112
TCGA-05-4245-01A-01-BS1_x8904y6776,8904,6776,8848,6720,112
TCGA-05-4245-01A-01-BS1_x9016y6776,9016,6776,8960,6720,112
TCGA-05-4245-01A-01-BS1_x9128y6776,9128,6776,9072,6720,112
TCGA-05-4245-01A-01-BS1_x9240y6776,9240,6776,9184,6720,112
TCGA-05-4245-01A-01-BS1_x9352y6776,9352,6776,9296,6720,112
TCGA-05-4245-01A-01-BS1_x9464y6776,9464,6776,9408,6720,112
TCGA-05-4245-01A-01-BS1_x9576y6776,9576,6776,9520,6720,112
TCGA-05-4245-01A-01-BS1_x9688y6776,9688,6776,9632,6720,112
TCGA-05-4245-01A-01-BS1_x9800y6776,9800,6776,9744,6720,112
TCGA-05-4245-01A-01-BS1_x9912y6776,9912,6776,9856,6720,112
TCGA-05-4245-01A-01-BS1_x10136y6776,10136,6776,10080,6720,112
TCGA-05-4245-01A-01-BS1_x10248y6776,10248,6776,10192,6720,112
TCGA-05-4245-01A-01-BS1_x10360y6776,10360,6776,10304,6720,112
TCGA-05-4245-01A-01-BS1_x10472y6776,10472,6776,10416,6720,112
TCGA-05-4245-01A-01-BS1_x10584y6776,10584,6776,10528,6720,112
TCGA-05-4245-01A-01-BS1_x10696y6776,10696,6776,10640,6720,112
TCGA-05-4245-01A-01-BS1_x10808y6776,10808,6776,10752,6720,112
TCGA-05-4245-01A-01-BS1_x10920y6776,10920,6776,10864,6720,112
TCGA-05-4245-01A-01-BS1_x11032y6776,11032,6776,10976,6720,112
TCGA-05-4245-01A-01-BS1_x11144y6776,11144,6776,11088,6720,112
TCGA-05-4245-01A-01-BS1_x11256y6776,11256,6776,11200,6720,112
TCGA-05-4245-01A-01-BS1_x11368y6776,11368,6776,11312,6720,112
TCGA-05-4245-01A-01-BS1_x11480y6776,11480,6776,11424,6720,112
TCGA-05-4245-01A-01-BS1_x11592y6776,11592,6776,11536,6720,112
TCGA-05-4245-01A-01-BS1_x11704y6776,11704,6776,11648,6720,112
TCGA-05-4245-01A-01-BS1_x11816y6776,11816,6776,11760,6720,112
TCGA-05-4245-01A-01-BS1_x11928y6776,11928,6776,11872,6720,112
TCGA-05-4245-01A-01-BS1_x12040y6776,12040,6776,11984,6720,112
TCGA-05-4245-01A-01-BS1_x12152y6776,12152,6776,12096,6720,112
TCGA-05-4245-01A-01-BS1_x12264y6776,12264,6776,12208,6720,112
TCGA-05-4245-01A-01-BS1_x12376y6776,12376,6776,12320,6720,112
TCGA-05-4245-01A-01-BS1_x12488y6776,12488,6776,12432,6720,112
TCGA-05-4245-01A-01-BS1_x12600y6776,12600,6776,12544,6720,112
TCGA-05-4245-01A-01-BS1_x12712y6776,12712,6776,12656,6720,112
TCGA-05-4245-01A-01-BS1_x12824y6776,12824,6776,12768,6720,112
TCGA-05-4245-01A-01-BS1_x12936y6776,12936,6776,12880,6720,112
TCGA-05-4245-01A-01-BS1_x13048y6776,13048,6776,12992,6720,112
TCGA-05-4245-01A-01-BS1_x13160y6776,13160,6776,13104,6720,112
TCGA-05-4245-01A-01-BS1_x13272y6776,13272,6776,13216,6720,112
TCGA-05-4245-01A-01-BS1_x13384y6776,13384,6776,13328,6720,112
TCGA-05-4245-01A-01-BS1_x13496y6776,13496,6776,13440,6720,112
TCGA-05-4245-01A-01-BS1_x13608y6776,13608,6776,13552,6720,112
TCGA-05-4245-01A-01-BS1_x13720y6776,13720,6776,13664,6720,112
TCGA-05-4245-01A-01-BS1_x13832y6776,13832,6776,13776,6720,112
TCGA-05-4245-01A-01-BS1_x13944y6776,13944,6776,13888,6720,112
TCGA-05-4245-01A-01-BS1_x14056y6776,14056,6776,14000,6720,112
TCGA-05-4245-01A-01-BS1_x14168y6776,14168,6776,14112,6720,112
TCGA-05-4245-01A-01-BS1_x14280y6776,14280,6776,14224,6720,112
TCGA-05-4245-01A-01-BS1_x14392y6776,14392,6776,14336,6720,112
TCGA-05-4245-01A-01-BS1_x14504y6776,14504,6776,14448,6720,112
TCGA-05-4245-01A-01-BS1_x14616y6776,14616,6776,14560,6720,112
TCGA-05-4245-01A-01-BS1_x14728y6776,14728,6776,14672,6720,112
TCGA-05-4245-01A-01-BS1_x14840y6776,14840,6776,14784,6720,112
TCGA-05-4245-01A-01-BS1_x14952y6776,14952,6776,14896,6720,112
TCGA-05-4245-01A-01-BS1_x15064y6776,15064,6776,15008,6720,112
TCGA-05-4245-01A-01-BS1_x15176y6776,15176,6776,15120,6720,112
TCGA-05-4245-01A-01-BS1_x15288y6776,15288,6776,15232,6720,112
TCGA-05-4245-01A-01-BS1_x15400y6776,15400,6776,15344,6720,112
TCGA-05-4245-01A-01-BS1_x15512y6776,15512,6776,15456,6720,112
TCGA-05-4245-01A-01-BS1_x15624y6776,15624,6776,15568,6720,112
TCGA-05-4245-01A-01-BS1_x15736y6776,15736,6776,15680,6720,112
TCGA-05-4245-01A-01-BS1_x2632y6888,2632,6888,2576,6832,112
TCGA-05-4245-01A-01-BS1_x2744y6888,2744,6888,2688,6832,112
TCGA-05-4245-01A-01-BS1_x2856y6888,2856,6888,2800,6832,112
TCGA-05-4245-01A-01-BS1_x2968y6888,2968,6888,2912,6832,112
TCGA-05-4245-01A-01-BS1_x3080y6888,3080,6888,3024,6832,112
TCGA-05-4245-01A-01-BS1_x3192y6888,3192,6888,3136,6832,112
TCGA-05-4245-01A-01-BS1_x3304y6888,3304,6888,3248,6832,112
TCGA-05-4245-01A-01-BS1_x3416y6888,3416,6888,3360,6832,112
TCGA-05-4245-01A-01-BS1_x3528y6888,3528,6888,3472,6832,112
TCGA-05-4245-01A-01-BS1_x3640y6888,3640,6888,3584,6832,112
TCGA-05-4245-01A-01-BS1_x3752y6888,3752,6888,3696,6832,112
TCGA-05-4245-01A-01-BS1_x3864y6888,3864,6888,3808,6832,112
TCGA-05-4245-01A-01-BS1_x3976y6888,3976,6888,3920,6832,112
TCGA-05-4245-01A-01-BS1_x4088y6888,4088,6888,4032,6832,112
TCGA-05-4245-01A-01-BS1_x4200y6888,4200,6888,4144,6832,112
TCGA-05-4245-01A-01-BS1_x4312y6888,4312,6888,4256,6832,112
TCGA-05-4245-01A-01-BS1_x4424y6888,4424,6888,4368,6832,112
TCGA-05-4245-01A-01-BS1_x4536y6888,4536,6888,4480,6832,112
TCGA-05-4245-01A-01-BS1_x4648y6888,4648,6888,4592,6832,112
TCGA-05-4245-01A-01-BS1_x4760y6888,4760,6888,4704,6832,112
TCGA-05-4245-01A-01-BS1_x4872y6888,4872,6888,4816,6832,112
TCGA-05-4245-01A-01-BS1_x4984y6888,4984,6888,4928,6832,112
TCGA-05-4245-01A-01-BS1_x5096y6888,5096,6888,5040,6832,112
TCGA-05-4245-01A-01-BS1_x5208y6888,5208,6888,5152,6832,112
TCGA-05-4245-01A-01-BS1_x5320y6888,5320,6888,5264,6832,112
TCGA-05-4245-01A-01-BS1_x5432y6888,5432,6888,5376,6832,112
TCGA-05-4245-01A-01-BS1_x5544y6888,5544,6888,5488,6832,112
TCGA-05-4245-01A-01-BS1_x5656y6888,5656,6888,5600,6832,112
TCGA-05-4245-01A-01-BS1_x5768y6888,5768,6888,5712,6832,112
TCGA-05-4245-01A-01-BS1_x5880y6888,5880,6888,5824,6832,112
TCGA-05-4245-01A-01-BS1_x5992y6888,5992,6888,5936,6832,112
TCGA-05-4245-01A-01-BS1_x6104y6888,6104,6888,6048,6832,112
TCGA-05-4245-01A-01-BS1_x6216y6888,6216,6888,6160,6832,112
TCGA-05-4245-01A-01-BS1_x6328y6888,6328,6888,6272,6832,112
TCGA-05-4245-01A-01-BS1_x6440y6888,6440,6888,6384,6832,112
TCGA-05-4245-01A-01-BS1_x6552y6888,6552,6888,6496,6832,112
TCGA-05-4245-01A-01-BS1_x6664y6888,6664,6888,6608,6832,112
TCGA-05-4245-01A-01-BS1_x6776y6888,6776,6888,6720,6832,112
TCGA-05-4245-01A-01-BS1_x6888y6888,6888,6888,6832,6832,112
TCGA-05-4245-01A-01-BS1_x7000y6888,7000,6888,6944,6832,112
TCGA-05-4245-01A-01-BS1_x7112y6888,7112,6888,7056,6832,112
TCGA-05-4245-01A-01-BS1_x7224y6888,7224,6888,7168,6832,112
TCGA-05-4245-01A-01-BS1_x7336y6888,7336,6888,7280,6832,112
TCGA-05-4245-01A-01-BS1_x7448y6888,7448,6888,7392,6832,112
TCGA-05-4245-01A-01-BS1_x7560y6888,7560,6888,7504,6832,112
TCGA-05-4245-01A-01-BS1_x7672y6888,7672,6888,7616,6832,112
TCGA-05-4245-01A-01-BS1_x7784y6888,7784,6888,7728,6832,112
TCGA-05-4245-01A-01-BS1_x7896y6888,7896,6888,7840,6832,112
TCGA-05-4245-01A-01-BS1_x8008y6888,8008,6888,7952,6832,112
TCGA-05-4245-01A-01-BS1_x8120y6888,8120,6888,8064,6832,112
TCGA-05-4245-01A-01-BS1_x8232y6888,8232,6888,8176,6832,112
TCGA-05-4245-01A-01-BS1_x8344y6888,8344,6888,8288,6832,112
TCGA-05-4245-01A-01-BS1_x8456y6888,8456,6888,8400,6832,112
TCGA-05-4245-01A-01-BS1_x8568y6888,8568,6888,8512,6832,112
TCGA-05-4245-01A-01-BS1_x8680y6888,8680,6888,8624,6832,112
TCGA-05-4245-01A-01-BS1_x8792y6888,8792,6888,8736,6832,112
TCGA-05-4245-01A-01-BS1_x8904y6888,8904,6888,8848,6832,112
TCGA-05-4245-01A-01-BS1_x9016y6888,9016,6888,8960,6832,112
TCGA-05-4245-01A-01-BS1_x9128y6888,9128,6888,9072,6832,112
TCGA-05-4245-01A-01-BS1_x9240y6888,9240,6888,9184,6832,112
TCGA-05-4245-01A-01-BS1_x9352y6888,9352,6888,9296,6832,112
TCGA-05-4245-01A-01-BS1_x9464y6888,9464,6888,9408,6832,112
TCGA-05-4245-01A-01-BS1_x9576y6888,9576,6888,9520,6832,112
TCGA-05-4245-01A-01-BS1_x9688y6888,9688,6888,9632,6832,112
TCGA-05-4245-01A-01-BS1_x9800y6888,9800,6888,9744,6832,112
TCGA-05-4245-01A-01-BS1_x9912y6888,9912,6888,9856,6832,112
TCGA-05-4245-01A-01-BS1_x10024y6888,10024,6888,9968,6832,112
TCGA-05-4245-01A-01-BS1_x10136y6888,10136,6888,10080,6832,112
TCGA-05-4245-01A-01-BS1_x10248y6888,10248,6888,10192,6832,112
TCGA-05-4245-01A-01-BS1_x10360y6888,10360,6888,10304,6832,112
TCGA-05-4245-01A-01-BS1_x10472y6888,10472,6888,10416,6832,112
TCGA-05-4245-01A-01-BS1_x10584y6888,10584,6888,10528,6832,112
TCGA-05-4245-01A-01-BS1_x10696y6888,10696,6888,10640,6832,112
TCGA-05-4245-01A-01-BS1_x10808y6888,10808,6888,10752,6832,112
TCGA-05-4245-01A-01-BS1_x10920y6888,10920,6888,10864,6832,112
TCGA-05-4245-01A-01-BS1_x11032y6888,11032,6888,10976,6832,112
TCGA-05-4245-01A-01-BS1_x11144y6888,11144,6888,11088,6832,112
TCGA-05-4245-01A-01-BS1_x11256y6888,11256,6888,11200,6832,112
TCGA-05-4245-01A-01-BS1_x11368y6888,11368,6888,11312,6832,112
TCGA-05-4245-01A-01-BS1_x11480y6888,11480,6888,11424,6832,112
TCGA-05-4245-01A-01-BS1_x11592y6888,11592,6888,11536,6832,112
TCGA-05-4245-01A-01-BS1_x11704y6888,11704,6888,11648,6832,112
TCGA-05-4245-01A-01-BS1_x11816y6888,11816,6888,11760,6832,112
TCGA-05-4245-01A-01-BS1_x11928y6888,11928,6888,11872,6832,112
TCGA-05-4245-01A-01-BS1_x12040y6888,12040,6888,11984,6832,112
TCGA-05-4245-01A-01-BS1_x12152y6888,12152,6888,12096,6832,112
TCGA-05-4245-01A-01-BS1_x12264y6888,12264,6888,12208,6832,112
TCGA-05-4245-01A-01-BS1_x12376y6888,12376,6888,12320,6832,112
TCGA-05-4245-01A-01-BS1_x12488y6888,12488,6888,12432,6832,112
TCGA-05-4245-01A-01-BS1_x12600y6888,12600,6888,12544,6832,112
TCGA-05-4245-01A-01-BS1_x12712y6888,12712,6888,12656,6832,112
TCGA-05-4245-01A-01-BS1_x12824y6888,12824,6888,12768,6832,112
TCGA-05-4245-01A-01-BS1_x12936y6888,12936,6888,12880,6832,112
TCGA-05-4245-01A-01-BS1_x13048y6888,13048,6888,12992,6832,112
TCGA-05-4245-01A-01-BS1_x13160y6888,13160,6888,13104,6832,112
TCGA-05-4245-01A-01-BS1_x13272y6888,13272,6888,13216,6832,112
TCGA-05-4245-01A-01-BS1_x13384y6888,13384,6888,13328,6832,112
TCGA-05-4245-01A-01-BS1_x13496y6888,13496,6888,13440,6832,112
TCGA-05-4245-01A-01-BS1_x13608y6888,13608,6888,13552,6832,112
TCGA-05-4245-01A-01-BS1_x13720y6888,13720,6888,13664,6832,112
TCGA-05-4245-01A-01-BS1_x13832y6888,13832,6888,13776,6832,112
TCGA-05-4245-01A-01-BS1_x13944y6888,13944,6888,13888,6832,112
TCGA-05-4245-01A-01-BS1_x14056y6888,14056,6888,14000,6832,112
TCGA-05-4245-01A-01-BS1_x14168y6888,14168,6888,14112,6832,112
TCGA-05-4245-01A-01-BS1_x14280y6888,14280,6888,14224,6832,112
TCGA-05-4245-01A-01-BS1_x14616y6888,14616,6888,14560,6832,112
TCGA-05-4245-01A-01-BS1_x14728y6888,14728,6888,14672,6832,112
TCGA-05-4245-01A-01-BS1_x14840y6888,14840,6888,14784,6832,112
TCGA-05-4245-01A-01-BS1_x14952y6888,14952,6888,14896,6832,112
TCGA-05-4245-01A-01-BS1_x15064y6888,15064,6888,15008,6832,112
TCGA-05-4245-01A-01-BS1_x15176y6888,15176,6888,15120,6832,112
TCGA-05-4245-01A-01-BS1_x15288y6888,15288,6888,15232,6832,112
TCGA-05-4245-01A-01-BS1_x15400y6888,15400,6888,15344,6832,112
TCGA-05-4245-01A-01-BS1_x15512y6888,15512,6888,15456,6832,112
TCGA-05-4245-01A-01-BS1_x15624y6888,15624,6888,15568,6832,112
TCGA-05-4245-01A-01-BS1_x15736y6888,15736,6888,15680,6832,112
TCGA-05-4245-01A-01-BS1_x2632y7000,2632,7000,2576,6944,112
TCGA-05-4245-01A-01-BS1_x2744y7000,2744,7000,2688,6944,112
TCGA-05-4245-01A-01-BS1_x2856y7000,2856,7000,2800,6944,112
TCGA-05-4245-01A-01-BS1_x2968y7000,2968,7000,2912,6944,112
TCGA-05-4245-01A-01-BS1_x3080y7000,3080,7000,3024,6944,112
TCGA-05-4245-01A-01-BS1_x3192y7000,3192,7000,3136,6944,112
TCGA-05-4245-01A-01-BS1_x3304y7000,3304,7000,3248,6944,112
TCGA-05-4245-01A-01-BS1_x3416y7000,3416,7000,3360,6944,112
TCGA-05-4245-01A-01-BS1_x3528y7000,3528,7000,3472,6944,112
TCGA-05-4245-01A-01-BS1_x3640y7000,3640,7000,3584,6944,112
TCGA-05-4245-01A-01-BS1_x3752y7000,3752,7000,3696,6944,112
TCGA-05-4245-01A-01-BS1_x3864y7000,3864,7000,3808,6944,112
TCGA-05-4245-01A-01-BS1_x3976y7000,3976,7000,3920,6944,112
TCGA-05-4245-01A-01-BS1_x4088y7000,4088,7000,4032,6944,112
TCGA-05-4245-01A-01-BS1_x4200y7000,4200,7000,4144,6944,112
TCGA-05-4245-01A-01-BS1_x4312y7000,4312,7000,4256,6944,112
TCGA-05-4245-01A-01-BS1_x4424y7000,4424,7000,4368,6944,112
TCGA-05-4245-01A-01-BS1_x4536y7000,4536,7000,4480,6944,112
TCGA-05-4245-01A-01-BS1_x4648y7000,4648,7000,4592,6944,112
TCGA-05-4245-01A-01-BS1_x4760y7000,4760,7000,4704,6944,112
TCGA-05-4245-01A-01-BS1_x4872y7000,4872,7000,4816,6944,112
TCGA-05-4245-01A-01-BS1_x4984y7000,4984,7000,4928,6944,112
TCGA-05-4245-01A-01-BS1_x5096y7000,5096,7000,5040,6944,112
TCGA-05-4245-01A-01-BS1_x5208y7000,5208,7000,5152,6944,112
TCGA-05-4245-01A-01-BS1_x5320y7000,5320,7000,5264,6944,112
TCGA-05-4245-01A-01-BS1_x5432y7000,5432,7000,5376,6944,112
TCGA-05-4245-01A-01-BS1_x5544y7000,5544,7000,5488,6944,112
TCGA-05-4245-01A-01-BS1_x5656y7000,5656,7000,5600,6944,112
TCGA-05-4245-01A-01-BS1_x5768y7000,5768,7000,5712,6944,112
TCGA-05-4245-01A-01-BS1_x5880y7000,5880,7000,5824,6944,112
TCGA-05-4245-01A-01-BS1_x5992y7000,5992,7000,5936,6944,112
TCGA-05-4245-01A-01-BS1_x6104y7000,6104,7000,6048,6944,112
TCGA-05-4245-01A-01-BS1_x6216y7000,6216,7000,6160,6944,112
TCGA-05-4245-01A-01-BS1_x6328y7000,6328,7000,6272,6944,112
TCGA-05-4245-01A-01-BS1_x6440y7000,6440,7000,6384,6944,112
TCGA-05-4245-01A-01-BS1_x6552y7000,6552,7000,6496,6944,112
TCGA-05-4245-01A-01-BS1_x6664y7000,6664,7000,6608,6944,112
TCGA-05-4245-01A-01-BS1_x6776y7000,6776,7000,6720,6944,112
TCGA-05-4245-01A-01-BS1_x6888y7000,6888,7000,6832,6944,112
TCGA-05-4245-01A-01-BS1_x7000y7000,7000,7000,6944,6944,112
TCGA-05-4245-01A-01-BS1_x7112y7000,7112,7000,7056,6944,112
TCGA-05-4245-01A-01-BS1_x7224y7000,7224,7000,7168,6944,112
TCGA-05-4245-01A-01-BS1_x7336y7000,7336,7000,7280,6944,112
TCGA-05-4245-01A-01-BS1_x7448y7000,7448,7000,7392,6944,112
TCGA-05-4245-01A-01-BS1_x7560y7000,7560,7000,7504,6944,112
TCGA-05-4245-01A-01-BS1_x7672y7000,7672,7000,7616,6944,112
TCGA-05-4245-01A-01-BS1_x7784y7000,7784,7000,7728,6944,112
TCGA-05-4245-01A-01-BS1_x7896y7000,7896,7000,7840,6944,112
TCGA-05-4245-01A-01-BS1_x8008y7000,8008,7000,7952,6944,112
TCGA-05-4245-01A-01-BS1_x8120y7000,8120,7000,8064,6944,112
TCGA-05-4245-01A-01-BS1_x8232y7000,8232,7000,8176,6944,112
TCGA-05-4245-01A-01-BS1_x8344y7000,8344,7000,8288,6944,112
TCGA-05-4245-01A-01-BS1_x8456y7000,8456,7000,8400,6944,112
TCGA-05-4245-01A-01-BS1_x8568y7000,8568,7000,8512,6944,112
TCGA-05-4245-01A-01-BS1_x8680y7000,8680,7000,8624,6944,112
TCGA-05-4245-01A-01-BS1_x8792y7000,8792,7000,8736,6944,112
TCGA-05-4245-01A-01-BS1_x8904y7000,8904,7000,8848,6944,112
TCGA-05-4245-01A-01-BS1_x9016y7000,9016,7000,8960,6944,112
TCGA-05-4245-01A-01-BS1_x9128y7000,9128,7000,9072,6944,112
TCGA-05-4245-01A-01-BS1_x9240y7000,9240,7000,9184,6944,112
TCGA-05-4245-01A-01-BS1_x9352y7000,9352,7000,9296,6944,112
TCGA-05-4245-01A-01-BS1_x9464y7000,9464,7000,9408,6944,112
TCGA-05-4245-01A-01-BS1_x9576y7000,9576,7000,9520,6944,112
TCGA-05-4245-01A-01-BS1_x9688y7000,9688,7000,9632,6944,112
TCGA-05-4245-01A-01-BS1_x9800y7000,9800,7000,9744,6944,112
TCGA-05-4245-01A-01-BS1_x9912y7000,9912,7000,9856,6944,112
TCGA-05-4245-01A-01-BS1_x10024y7000,10024,7000,9968,6944,112
TCGA-05-4245-01A-01-BS1_x10136y7000,10136,7000,10080,6944,112
TCGA-05-4245-01A-01-BS1_x10248y7000,10248,7000,10192,6944,112
TCGA-05-4245-01A-01-BS1_x10360y7000,10360,7000,10304,6944,112
TCGA-05-4245-01A-01-BS1_x10472y7000,10472,7000,10416,6944,112
TCGA-05-4245-01A-01-BS1_x10584y7000,10584,7000,10528,6944,112
TCGA-05-4245-01A-01-BS1_x10696y7000,10696,7000,10640,6944,112
TCGA-05-4245-01A-01-BS1_x10808y7000,10808,7000,10752,6944,112
TCGA-05-4245-01A-01-BS1_x10920y7000,10920,7000,10864,6944,112
TCGA-05-4245-01A-01-BS1_x11032y7000,11032,7000,10976,6944,112
TCGA-05-4245-01A-01-BS1_x11144y7000,11144,7000,11088,6944,112
TCGA-05-4245-01A-01-BS1_x11256y7000,11256,7000,11200,6944,112
TCGA-05-4245-01A-01-BS1_x11368y7000,11368,7000,11312,6944,112
TCGA-05-4245-01A-01-BS1_x11480y7000,11480,7000,11424,6944,112
TCGA-05-4245-01A-01-BS1_x11592y7000,11592,7000,11536,6944,112
TCGA-05-4245-01A-01-BS1_x11704y7000,11704,7000,11648,6944,112
TCGA-05-4245-01A-01-BS1_x11816y7000,11816,7000,11760,6944,112
TCGA-05-4245-01A-01-BS1_x11928y7000,11928,7000,11872,6944,112
TCGA-05-4245-01A-01-BS1_x12040y7000,12040,7000,11984,6944,112
TCGA-05-4245-01A-01-BS1_x12152y7000,12152,7000,12096,6944,112
TCGA-05-4245-01A-01-BS1_x12264y7000,12264,7000,12208,6944,112
TCGA-05-4245-01A-01-BS1_x12376y7000,12376,7000,12320,6944,112
TCGA-05-4245-01A-01-BS1_x12488y7000,12488,7000,12432,6944,112
TCGA-05-4245-01A-01-BS1_x12600y7000,12600,7000,12544,6944,112
TCGA-05-4245-01A-01-BS1_x12712y7000,12712,7000,12656,6944,112
TCGA-05-4245-01A-01-BS1_x12824y7000,12824,7000,12768,6944,112
TCGA-05-4245-01A-01-BS1_x12936y7000,12936,7000,12880,6944,112
TCGA-05-4245-01A-01-BS1_x13048y7000,13048,7000,12992,6944,112
TCGA-05-4245-01A-01-BS1_x13160y7000,13160,7000,13104,6944,112
TCGA-05-4245-01A-01-BS1_x13272y7000,13272,7000,13216,6944,112
TCGA-05-4245-01A-01-BS1_x13384y7000,13384,7000,13328,6944,112
TCGA-05-4245-01A-01-BS1_x13496y7000,13496,7000,13440,6944,112
TCGA-05-4245-01A-01-BS1_x13608y7000,13608,7000,13552,6944,112
TCGA-05-4245-01A-01-BS1_x13720y7000,13720,7000,13664,6944,112
TCGA-05-4245-01A-01-BS1_x13832y7000,13832,7000,13776,6944,112
TCGA-05-4245-01A-01-BS1_x13944y7000,13944,7000,13888,6944,112
TCGA-05-4245-01A-01-BS1_x14056y7000,14056,7000,14000,6944,112
TCGA-05-4245-01A-01-BS1_x14168y7000,14168,7000,14112,6944,112
TCGA-05-4245-01A-01-BS1_x14280y7000,14280,7000,14224,6944,112
TCGA-05-4245-01A-01-BS1_x14392y7000,14392,7000,14336,6944,112
TCGA-05-4245-01A-01-BS1_x14504y7000,14504,7000,14448,6944,112
TCGA-05-4245-01A-01-BS1_x14616y7000,14616,7000,14560,6944,112
TCGA-05-4245-01A-01-BS1_x14728y7000,14728,7000,14672,6944,112
TCGA-05-4245-01A-01-BS1_x14840y7000,14840,7000,14784,6944,112
TCGA-05-4245-01A-01-BS1_x14952y7000,14952,7000,14896,6944,112
TCGA-05-4245-01A-01-BS1_x15064y7000,15064,7000,15008,6944,112
TCGA-05-4245-01A-01-BS1_x15176y7000,15176,7000,15120,6944,112
TCGA-05-4245-01A-01-BS1_x15288y7000,15288,7000,15232,6944,112
TCGA-05-4245-01A-01-BS1_x15400y7000,15400,7000,15344,6944,112
TCGA-05-4245-01A-01-BS1_x15512y7000,15512,7000,15456,6944,112
TCGA-05-4245-01A-01-BS1_x15624y7000,15624,7000,15568,6944,112
TCGA-05-4245-01A-01-BS1_x15736y7000,15736,7000,15680,6944,112
TCGA-05-4245-01A-01-BS1_x15848y7000,15848,7000,15792,6944,112
TCGA-05-4245-01A-01-BS1_x2520y7112,2520,7112,2464,7056,112
TCGA-05-4245-01A-01-BS1_x2632y7112,2632,7112,2576,7056,112
TCGA-05-4245-01A-01-BS1_x2744y7112,2744,7112,2688,7056,112
TCGA-05-4245-01A-01-BS1_x2856y7112,2856,7112,2800,7056,112
TCGA-05-4245-01A-01-BS1_x2968y7112,2968,7112,2912,7056,112
TCGA-05-4245-01A-01-BS1_x3080y7112,3080,7112,3024,7056,112
TCGA-05-4245-01A-01-BS1_x3192y7112,3192,7112,3136,7056,112
TCGA-05-4245-01A-01-BS1_x3304y7112,3304,7112,3248,7056,112
TCGA-05-4245-01A-01-BS1_x3416y7112,3416,7112,3360,7056,112
TCGA-05-4245-01A-01-BS1_x3528y7112,3528,7112,3472,7056,112
TCGA-05-4245-01A-01-BS1_x3640y7112,3640,7112,3584,7056,112
TCGA-05-4245-01A-01-BS1_x3752y7112,3752,7112,3696,7056,112
TCGA-05-4245-01A-01-BS1_x3864y7112,3864,7112,3808,7056,112
TCGA-05-4245-01A-01-BS1_x3976y7112,3976,7112,3920,7056,112
TCGA-05-4245-01A-01-BS1_x4088y7112,4088,7112,4032,7056,112
TCGA-05-4245-01A-01-BS1_x4200y7112,4200,7112,4144,7056,112
TCGA-05-4245-01A-01-BS1_x4312y7112,4312,7112,4256,7056,112
TCGA-05-4245-01A-01-BS1_x4424y7112,4424,7112,4368,7056,112
TCGA-05-4245-01A-01-BS1_x4536y7112,4536,7112,4480,7056,112
TCGA-05-4245-01A-01-BS1_x4648y7112,4648,7112,4592,7056,112
TCGA-05-4245-01A-01-BS1_x4760y7112,4760,7112,4704,7056,112
TCGA-05-4245-01A-01-BS1_x4872y7112,4872,7112,4816,7056,112
TCGA-05-4245-01A-01-BS1_x4984y7112,4984,7112,4928,7056,112
TCGA-05-4245-01A-01-BS1_x5096y7112,5096,7112,5040,7056,112
TCGA-05-4245-01A-01-BS1_x5208y7112,5208,7112,5152,7056,112
TCGA-05-4245-01A-01-BS1_x5320y7112,5320,7112,5264,7056,112
TCGA-05-4245-01A-01-BS1_x5432y7112,5432,7112,5376,7056,112
TCGA-05-4245-01A-01-BS1_x5544y7112,5544,7112,5488,7056,112
TCGA-05-4245-01A-01-BS1_x5656y7112,5656,7112,5600,7056,112
TCGA-05-4245-01A-01-BS1_x5768y7112,5768,7112,5712,7056,112
TCGA-05-4245-01A-01-BS1_x5880y7112,5880,7112,5824,7056,112
TCGA-05-4245-01A-01-BS1_x5992y7112,5992,7112,5936,7056,112
TCGA-05-4245-01A-01-BS1_x6104y7112,6104,7112,6048,7056,112
TCGA-05-4245-01A-01-BS1_x6216y7112,6216,7112,6160,7056,112
TCGA-05-4245-01A-01-BS1_x6328y7112,6328,7112,6272,7056,112
TCGA-05-4245-01A-01-BS1_x6440y7112,6440,7112,6384,7056,112
TCGA-05-4245-01A-01-BS1_x6552y7112,6552,7112,6496,7056,112
TCGA-05-4245-01A-01-BS1_x6664y7112,6664,7112,6608,7056,112
TCGA-05-4245-01A-01-BS1_x6776y7112,6776,7112,6720,7056,112
TCGA-05-4245-01A-01-BS1_x6888y7112,6888,7112,6832,7056,112
TCGA-05-4245-01A-01-BS1_x7000y7112,7000,7112,6944,7056,112
TCGA-05-4245-01A-01-BS1_x7112y7112,7112,7112,7056,7056,112
TCGA-05-4245-01A-01-BS1_x7224y7112,7224,7112,7168,7056,112
TCGA-05-4245-01A-01-BS1_x7336y7112,7336,7112,7280,7056,112
TCGA-05-4245-01A-01-BS1_x7448y7112,7448,7112,7392,7056,112
TCGA-05-4245-01A-01-BS1_x7560y7112,7560,7112,7504,7056,112
TCGA-05-4245-01A-01-BS1_x7672y7112,7672,7112,7616,7056,112
TCGA-05-4245-01A-01-BS1_x7784y7112,7784,7112,7728,7056,112
TCGA-05-4245-01A-01-BS1_x7896y7112,7896,7112,7840,7056,112
TCGA-05-4245-01A-01-BS1_x8008y7112,8008,7112,7952,7056,112
TCGA-05-4245-01A-01-BS1_x8120y7112,8120,7112,8064,7056,112
TCGA-05-4245-01A-01-BS1_x8232y7112,8232,7112,8176,7056,112
TCGA-05-4245-01A-01-BS1_x8344y7112,8344,7112,8288,7056,112
TCGA-05-4245-01A-01-BS1_x8456y7112,8456,7112,8400,7056,112
TCGA-05-4245-01A-01-BS1_x8568y7112,8568,7112,8512,7056,112
TCGA-05-4245-01A-01-BS1_x8680y7112,8680,7112,8624,7056,112
TCGA-05-4245-01A-01-BS1_x8792y7112,8792,7112,8736,7056,112
TCGA-05-4245-01A-01-BS1_x8904y7112,8904,7112,8848,7056,112
TCGA-05-4245-01A-01-BS1_x9016y7112,9016,7112,8960,7056,112
TCGA-05-4245-01A-01-BS1_x9128y7112,9128,7112,9072,7056,112
TCGA-05-4245-01A-01-BS1_x9240y7112,9240,7112,9184,7056,112
TCGA-05-4245-01A-01-BS1_x9352y7112,9352,7112,9296,7056,112
TCGA-05-4245-01A-01-BS1_x9464y7112,9464,7112,9408,7056,112
TCGA-05-4245-01A-01-BS1_x9576y7112,9576,7112,9520,7056,112
TCGA-05-4245-01A-01-BS1_x9688y7112,9688,7112,9632,7056,112
TCGA-05-4245-01A-01-BS1_x9800y7112,9800,7112,9744,7056,112
TCGA-05-4245-01A-01-BS1_x9912y7112,9912,7112,9856,7056,112
TCGA-05-4245-01A-01-BS1_x10024y7112,10024,7112,9968,7056,112
TCGA-05-4245-01A-01-BS1_x10136y7112,10136,7112,10080,7056,112
TCGA-05-4245-01A-01-BS1_x10248y7112,10248,7112,10192,7056,112
TCGA-05-4245-01A-01-BS1_x10360y7112,10360,7112,10304,7056,112
TCGA-05-4245-01A-01-BS1_x10472y7112,10472,7112,10416,7056,112
TCGA-05-4245-01A-01-BS1_x10584y7112,10584,7112,10528,7056,112
TCGA-05-4245-01A-01-BS1_x10696y7112,10696,7112,10640,7056,112
TCGA-05-4245-01A-01-BS1_x10808y7112,10808,7112,10752,7056,112
TCGA-05-4245-01A-01-BS1_x10920y7112,10920,7112,10864,7056,112
TCGA-05-4245-01A-01-BS1_x11032y7112,11032,7112,10976,7056,112
TCGA-05-4245-01A-01-BS1_x11144y7112,11144,7112,11088,7056,112
TCGA-05-4245-01A-01-BS1_x11256y7112,11256,7112,11200,7056,112
TCGA-05-4245-01A-01-BS1_x11368y7112,11368,7112,11312,7056,112
TCGA-05-4245-01A-01-BS1_x11480y7112,11480,7112,11424,7056,112
TCGA-05-4245-01A-01-BS1_x11592y7112,11592,7112,11536,7056,112
TCGA-05-4245-01A-01-BS1_x11704y7112,11704,7112,11648,7056,112
TCGA-05-4245-01A-01-BS1_x11816y7112,11816,7112,11760,7056,112
TCGA-05-4245-01A-01-BS1_x11928y7112,11928,7112,11872,7056,112
TCGA-05-4245-01A-01-BS1_x12040y7112,12040,7112,11984,7056,112
TCGA-05-4245-01A-01-BS1_x12152y7112,12152,7112,12096,7056,112
TCGA-05-4245-01A-01-BS1_x12264y7112,12264,7112,12208,7056,112
TCGA-05-4245-01A-01-BS1_x12376y7112,12376,7112,12320,7056,112
TCGA-05-4245-01A-01-BS1_x12488y7112,12488,7112,12432,7056,112
TCGA-05-4245-01A-01-BS1_x12600y7112,12600,7112,12544,7056,112
TCGA-05-4245-01A-01-BS1_x12712y7112,12712,7112,12656,7056,112
TCGA-05-4245-01A-01-BS1_x12824y7112,12824,7112,12768,7056,112
TCGA-05-4245-01A-01-BS1_x12936y7112,12936,7112,12880,7056,112
TCGA-05-4245-01A-01-BS1_x13048y7112,13048,7112,12992,7056,112
TCGA-05-4245-01A-01-BS1_x13160y7112,13160,7112,13104,7056,112
TCGA-05-4245-01A-01-BS1_x13272y7112,13272,7112,13216,7056,112
TCGA-05-4245-01A-01-BS1_x13384y7112,13384,7112,13328,7056,112
TCGA-05-4245-01A-01-BS1_x13496y7112,13496,7112,13440,7056,112
TCGA-05-4245-01A-01-BS1_x13608y7112,13608,7112,13552,7056,112
TCGA-05-4245-01A-01-BS1_x13720y7112,13720,7112,13664,7056,112
TCGA-05-4245-01A-01-BS1_x13832y7112,13832,7112,13776,7056,112
TCGA-05-4245-01A-01-BS1_x13944y7112,13944,7112,13888,7056,112
TCGA-05-4245-01A-01-BS1_x14056y7112,14056,7112,14000,7056,112
TCGA-05-4245-01A-01-BS1_x14168y7112,14168,7112,14112,7056,112
TCGA-05-4245-01A-01-BS1_x14280y7112,14280,7112,14224,7056,112
TCGA-05-4245-01A-01-BS1_x14392y7112,14392,7112,14336,7056,112
TCGA-05-4245-01A-01-BS1_x14504y7112,14504,7112,14448,7056,112
TCGA-05-4245-01A-01-BS1_x14616y7112,14616,7112,14560,7056,112
TCGA-05-4245-01A-01-BS1_x14728y7112,14728,7112,14672,7056,112
TCGA-05-4245-01A-01-BS1_x14840y7112,14840,7112,14784,7056,112
TCGA-05-4245-01A-01-BS1_x14952y7112,14952,7112,14896,7056,112
TCGA-05-4245-01A-01-BS1_x15064y7112,15064,7112,15008,7056,112
TCGA-05-4245-01A-01-BS1_x15176y7112,15176,7112,15120,7056,112
TCGA-05-4245-01A-01-BS1_x15288y7112,15288,7112,15232,7056,112
TCGA-05-4245-01A-01-BS1_x15400y7112,15400,7112,15344,7056,112
TCGA-05-4245-01A-01-BS1_x15512y7112,15512,7112,15456,7056,112
TCGA-05-4245-01A-01-BS1_x15624y7112,15624,7112,15568,7056,112
TCGA-05-4245-01A-01-BS1_x15736y7112,15736,7112,15680,7056,112
TCGA-05-4245-01A-01-BS1_x15848y7112,15848,7112,15792,7056,112
TCGA-05-4245-01A-01-BS1_x2408y7224,2408,7224,2352,7168,112
TCGA-05-4245-01A-01-BS1_x2520y7224,2520,7224,2464,7168,112
TCGA-05-4245-01A-01-BS1_x2632y7224,2632,7224,2576,7168,112
TCGA-05-4245-01A-01-BS1_x2744y7224,2744,7224,2688,7168,112
TCGA-05-4245-01A-01-BS1_x2856y7224,2856,7224,2800,7168,112
TCGA-05-4245-01A-01-BS1_x2968y7224,2968,7224,2912,7168,112
TCGA-05-4245-01A-01-BS1_x3080y7224,3080,7224,3024,7168,112
TCGA-05-4245-01A-01-BS1_x3192y7224,3192,7224,3136,7168,112
TCGA-05-4245-01A-01-BS1_x3304y7224,3304,7224,3248,7168,112
TCGA-05-4245-01A-01-BS1_x3416y7224,3416,7224,3360,7168,112
TCGA-05-4245-01A-01-BS1_x3528y7224,3528,7224,3472,7168,112
TCGA-05-4245-01A-01-BS1_x3640y7224,3640,7224,3584,7168,112
TCGA-05-4245-01A-01-BS1_x3752y7224,3752,7224,3696,7168,112
TCGA-05-4245-01A-01-BS1_x3864y7224,3864,7224,3808,7168,112
TCGA-05-4245-01A-01-BS1_x3976y7224,3976,7224,3920,7168,112
TCGA-05-4245-01A-01-BS1_x4088y7224,4088,7224,4032,7168,112
TCGA-05-4245-01A-01-BS1_x4200y7224,4200,7224,4144,7168,112
TCGA-05-4245-01A-01-BS1_x4312y7224,4312,7224,4256,7168,112
TCGA-05-4245-01A-01-BS1_x4424y7224,4424,7224,4368,7168,112
TCGA-05-4245-01A-01-BS1_x4536y7224,4536,7224,4480,7168,112
TCGA-05-4245-01A-01-BS1_x4648y7224,4648,7224,4592,7168,112
TCGA-05-4245-01A-01-BS1_x4760y7224,4760,7224,4704,7168,112
TCGA-05-4245-01A-01-BS1_x4872y7224,4872,7224,4816,7168,112
TCGA-05-4245-01A-01-BS1_x4984y7224,4984,7224,4928,7168,112
TCGA-05-4245-01A-01-BS1_x5096y7224,5096,7224,5040,7168,112
TCGA-05-4245-01A-01-BS1_x5208y7224,5208,7224,5152,7168,112
TCGA-05-4245-01A-01-BS1_x5320y7224,5320,7224,5264,7168,112
TCGA-05-4245-01A-01-BS1_x5432y7224,5432,7224,5376,7168,112
TCGA-05-4245-01A-01-BS1_x5544y7224,5544,7224,5488,7168,112
TCGA-05-4245-01A-01-BS1_x5656y7224,5656,7224,5600,7168,112
TCGA-05-4245-01A-01-BS1_x5768y7224,5768,7224,5712,7168,112
TCGA-05-4245-01A-01-BS1_x5880y7224,5880,7224,5824,7168,112
TCGA-05-4245-01A-01-BS1_x5992y7224,5992,7224,5936,7168,112
TCGA-05-4245-01A-01-BS1_x6104y7224,6104,7224,6048,7168,112
TCGA-05-4245-01A-01-BS1_x6216y7224,6216,7224,6160,7168,112
TCGA-05-4245-01A-01-BS1_x6328y7224,6328,7224,6272,7168,112
TCGA-05-4245-01A-01-BS1_x6440y7224,6440,7224,6384,7168,112
TCGA-05-4245-01A-01-BS1_x6552y7224,6552,7224,6496,7168,112
TCGA-05-4245-01A-01-BS1_x6664y7224,6664,7224,6608,7168,112
TCGA-05-4245-01A-01-BS1_x6776y7224,6776,7224,6720,7168,112
TCGA-05-4245-01A-01-BS1_x6888y7224,6888,7224,6832,7168,112
TCGA-05-4245-01A-01-BS1_x7000y7224,7000,7224,6944,7168,112
TCGA-05-4245-01A-01-BS1_x7112y7224,7112,7224,7056,7168,112
TCGA-05-4245-01A-01-BS1_x7224y7224,7224,7224,7168,7168,112
TCGA-05-4245-01A-01-BS1_x7336y7224,7336,7224,7280,7168,112
TCGA-05-4245-01A-01-BS1_x7448y7224,7448,7224,7392,7168,112
TCGA-05-4245-01A-01-BS1_x7560y7224,7560,7224,7504,7168,112
TCGA-05-4245-01A-01-BS1_x7672y7224,7672,7224,7616,7168,112
TCGA-05-4245-01A-01-BS1_x7784y7224,7784,7224,7728,7168,112
TCGA-05-4245-01A-01-BS1_x7896y7224,7896,7224,7840,7168,112
TCGA-05-4245-01A-01-BS1_x8008y7224,8008,7224,7952,7168,112
TCGA-05-4245-01A-01-BS1_x8120y7224,8120,7224,8064,7168,112
TCGA-05-4245-01A-01-BS1_x8232y7224,8232,7224,8176,7168,112
TCGA-05-4245-01A-01-BS1_x8344y7224,8344,7224,8288,7168,112
TCGA-05-4245-01A-01-BS1_x8456y7224,8456,7224,8400,7168,112
TCGA-05-4245-01A-01-BS1_x8568y7224,8568,7224,8512,7168,112
TCGA-05-4245-01A-01-BS1_x8680y7224,8680,7224,8624,7168,112
TCGA-05-4245-01A-01-BS1_x8792y7224,8792,7224,8736,7168,112
TCGA-05-4245-01A-01-BS1_x8904y7224,8904,7224,8848,7168,112
TCGA-05-4245-01A-01-BS1_x9016y7224,9016,7224,8960,7168,112
TCGA-05-4245-01A-01-BS1_x9128y7224,9128,7224,9072,7168,112
TCGA-05-4245-01A-01-BS1_x9240y7224,9240,7224,9184,7168,112
TCGA-05-4245-01A-01-BS1_x9352y7224,9352,7224,9296,7168,112
TCGA-05-4245-01A-01-BS1_x9464y7224,9464,7224,9408,7168,112
TCGA-05-4245-01A-01-BS1_x9576y7224,9576,7224,9520,7168,112
TCGA-05-4245-01A-01-BS1_x9688y7224,9688,7224,9632,7168,112
TCGA-05-4245-01A-01-BS1_x9800y7224,9800,7224,9744,7168,112
TCGA-05-4245-01A-01-BS1_x9912y7224,9912,7224,9856,7168,112
TCGA-05-4245-01A-01-BS1_x10024y7224,10024,7224,9968,7168,112
TCGA-05-4245-01A-01-BS1_x10136y7224,10136,7224,10080,7168,112
TCGA-05-4245-01A-01-BS1_x10248y7224,10248,7224,10192,7168,112
TCGA-05-4245-01A-01-BS1_x10360y7224,10360,7224,10304,7168,112
TCGA-05-4245-01A-01-BS1_x10472y7224,10472,7224,10416,7168,112
TCGA-05-4245-01A-01-BS1_x10584y7224,10584,7224,10528,7168,112
TCGA-05-4245-01A-01-BS1_x10696y7224,10696,7224,10640,7168,112
TCGA-05-4245-01A-01-BS1_x10808y7224,10808,7224,10752,7168,112
TCGA-05-4245-01A-01-BS1_x10920y7224,10920,7224,10864,7168,112
TCGA-05-4245-01A-01-BS1_x11032y7224,11032,7224,10976,7168,112
TCGA-05-4245-01A-01-BS1_x11144y7224,11144,7224,11088,7168,112
TCGA-05-4245-01A-01-BS1_x11256y7224,11256,7224,11200,7168,112
TCGA-05-4245-01A-01-BS1_x12264y7224,12264,7224,12208,7168,112
TCGA-05-4245-01A-01-BS1_x12376y7224,12376,7224,12320,7168,112
TCGA-05-4245-01A-01-BS1_x12488y7224,12488,7224,12432,7168,112
TCGA-05-4245-01A-01-BS1_x12600y7224,12600,7224,12544,7168,112
TCGA-05-4245-01A-01-BS1_x12712y7224,12712,7224,12656,7168,112
TCGA-05-4245-01A-01-BS1_x12824y7224,12824,7224,12768,7168,112
TCGA-05-4245-01A-01-BS1_x12936y7224,12936,7224,12880,7168,112
TCGA-05-4245-01A-01-BS1_x13048y7224,13048,7224,12992,7168,112
TCGA-05-4245-01A-01-BS1_x13160y7224,13160,7224,13104,7168,112
TCGA-05-4245-01A-01-BS1_x13272y7224,13272,7224,13216,7168,112
TCGA-05-4245-01A-01-BS1_x13384y7224,13384,7224,13328,7168,112
TCGA-05-4245-01A-01-BS1_x13496y7224,13496,7224,13440,7168,112
TCGA-05-4245-01A-01-BS1_x13608y7224,13608,7224,13552,7168,112
TCGA-05-4245-01A-01-BS1_x13720y7224,13720,7224,13664,7168,112
TCGA-05-4245-01A-01-BS1_x13832y7224,13832,7224,13776,7168,112
TCGA-05-4245-01A-01-BS1_x13944y7224,13944,7224,13888,7168,112
TCGA-05-4245-01A-01-BS1_x14056y7224,14056,7224,14000,7168,112
TCGA-05-4245-01A-01-BS1_x14168y7224,14168,7224,14112,7168,112
TCGA-05-4245-01A-01-BS1_x14280y7224,14280,7224,14224,7168,112
TCGA-05-4245-01A-01-BS1_x14392y7224,14392,7224,14336,7168,112
TCGA-05-4245-01A-01-BS1_x14504y7224,14504,7224,14448,7168,112
TCGA-05-4245-01A-01-BS1_x14616y7224,14616,7224,14560,7168,112
TCGA-05-4245-01A-01-BS1_x14728y7224,14728,7224,14672,7168,112
TCGA-05-4245-01A-01-BS1_x14840y7224,14840,7224,14784,7168,112
TCGA-05-4245-01A-01-BS1_x14952y7224,14952,7224,14896,7168,112
TCGA-05-4245-01A-01-BS1_x15064y7224,15064,7224,15008,7168,112
TCGA-05-4245-01A-01-BS1_x15176y7224,15176,7224,15120,7168,112
TCGA-05-4245-01A-01-BS1_x15288y7224,15288,7224,15232,7168,112
TCGA-05-4245-01A-01-BS1_x15400y7224,15400,7224,15344,7168,112
TCGA-05-4245-01A-01-BS1_x15512y7224,15512,7224,15456,7168,112
TCGA-05-4245-01A-01-BS1_x15624y7224,15624,7224,15568,7168,112
TCGA-05-4245-01A-01-BS1_x15736y7224,15736,7224,15680,7168,112
TCGA-05-4245-01A-01-BS1_x15848y7224,15848,7224,15792,7168,112
TCGA-05-4245-01A-01-BS1_x2408y7336,2408,7336,2352,7280,112
TCGA-05-4245-01A-01-BS1_x2520y7336,2520,7336,2464,7280,112
TCGA-05-4245-01A-01-BS1_x2632y7336,2632,7336,2576,7280,112
TCGA-05-4245-01A-01-BS1_x2744y7336,2744,7336,2688,7280,112
TCGA-05-4245-01A-01-BS1_x2856y7336,2856,7336,2800,7280,112
TCGA-05-4245-01A-01-BS1_x2968y7336,2968,7336,2912,7280,112
TCGA-05-4245-01A-01-BS1_x3080y7336,3080,7336,3024,7280,112
TCGA-05-4245-01A-01-BS1_x3192y7336,3192,7336,3136,7280,112
TCGA-05-4245-01A-01-BS1_x3304y7336,3304,7336,3248,7280,112
TCGA-05-4245-01A-01-BS1_x3416y7336,3416,7336,3360,7280,112
TCGA-05-4245-01A-01-BS1_x3528y7336,3528,7336,3472,7280,112
TCGA-05-4245-01A-01-BS1_x3640y7336,3640,7336,3584,7280,112
TCGA-05-4245-01A-01-BS1_x3752y7336,3752,7336,3696,7280,112
TCGA-05-4245-01A-01-BS1_x3864y7336,3864,7336,3808,7280,112
TCGA-05-4245-01A-01-BS1_x3976y7336,3976,7336,3920,7280,112
TCGA-05-4245-01A-01-BS1_x4088y7336,4088,7336,4032,7280,112
TCGA-05-4245-01A-01-BS1_x4200y7336,4200,7336,4144,7280,112
TCGA-05-4245-01A-01-BS1_x4312y7336,4312,7336,4256,7280,112
TCGA-05-4245-01A-01-BS1_x4424y7336,4424,7336,4368,7280,112
TCGA-05-4245-01A-01-BS1_x4536y7336,4536,7336,4480,7280,112
TCGA-05-4245-01A-01-BS1_x4648y7336,4648,7336,4592,7280,112
TCGA-05-4245-01A-01-BS1_x4760y7336,4760,7336,4704,7280,112
TCGA-05-4245-01A-01-BS1_x4872y7336,4872,7336,4816,7280,112
TCGA-05-4245-01A-01-BS1_x4984y7336,4984,7336,4928,7280,112
TCGA-05-4245-01A-01-BS1_x5096y7336,5096,7336,5040,7280,112
TCGA-05-4245-01A-01-BS1_x5208y7336,5208,7336,5152,7280,112
TCGA-05-4245-01A-01-BS1_x5320y7336,5320,7336,5264,7280,112
TCGA-05-4245-01A-01-BS1_x5432y7336,5432,7336,5376,7280,112
TCGA-05-4245-01A-01-BS1_x5544y7336,5544,7336,5488,7280,112
TCGA-05-4245-01A-01-BS1_x5656y7336,5656,7336,5600,7280,112
TCGA-05-4245-01A-01-BS1_x5768y7336,5768,7336,5712,7280,112
TCGA-05-4245-01A-01-BS1_x5880y7336,5880,7336,5824,7280,112
TCGA-05-4245-01A-01-BS1_x5992y7336,5992,7336,5936,7280,112
TCGA-05-4245-01A-01-BS1_x6104y7336,6104,7336,6048,7280,112
TCGA-05-4245-01A-01-BS1_x6216y7336,6216,7336,6160,7280,112
TCGA-05-4245-01A-01-BS1_x6328y7336,6328,7336,6272,7280,112
TCGA-05-4245-01A-01-BS1_x6440y7336,6440,7336,6384,7280,112
TCGA-05-4245-01A-01-BS1_x6552y7336,6552,7336,6496,7280,112
TCGA-05-4245-01A-01-BS1_x6664y7336,6664,7336,6608,7280,112
TCGA-05-4245-01A-01-BS1_x6776y7336,6776,7336,6720,7280,112
TCGA-05-4245-01A-01-BS1_x6888y7336,6888,7336,6832,7280,112
TCGA-05-4245-01A-01-BS1_x7000y7336,7000,7336,6944,7280,112
TCGA-05-4245-01A-01-BS1_x7112y7336,7112,7336,7056,7280,112
TCGA-05-4245-01A-01-BS1_x7224y7336,7224,7336,7168,7280,112
TCGA-05-4245-01A-01-BS1_x7336y7336,7336,7336,7280,7280,112
TCGA-05-4245-01A-01-BS1_x7448y7336,7448,7336,7392,7280,112
TCGA-05-4245-01A-01-BS1_x7560y7336,7560,7336,7504,7280,112
TCGA-05-4245-01A-01-BS1_x7672y7336,7672,7336,7616,7280,112
TCGA-05-4245-01A-01-BS1_x7784y7336,7784,7336,7728,7280,112
TCGA-05-4245-01A-01-BS1_x7896y7336,7896,7336,7840,7280,112
TCGA-05-4245-01A-01-BS1_x8008y7336,8008,7336,7952,7280,112
TCGA-05-4245-01A-01-BS1_x8120y7336,8120,7336,8064,7280,112
TCGA-05-4245-01A-01-BS1_x8232y7336,8232,7336,8176,7280,112
TCGA-05-4245-01A-01-BS1_x8344y7336,8344,7336,8288,7280,112
TCGA-05-4245-01A-01-BS1_x8456y7336,8456,7336,8400,7280,112
TCGA-05-4245-01A-01-BS1_x8568y7336,8568,7336,8512,7280,112
TCGA-05-4245-01A-01-BS1_x8680y7336,8680,7336,8624,7280,112
TCGA-05-4245-01A-01-BS1_x8792y7336,8792,7336,8736,7280,112
TCGA-05-4245-01A-01-BS1_x8904y7336,8904,7336,8848,7280,112
TCGA-05-4245-01A-01-BS1_x9016y7336,9016,7336,8960,7280,112
TCGA-05-4245-01A-01-BS1_x9128y7336,9128,7336,9072,7280,112
TCGA-05-4245-01A-01-BS1_x9240y7336,9240,7336,9184,7280,112
TCGA-05-4245-01A-01-BS1_x9352y7336,9352,7336,9296,7280,112
TCGA-05-4245-01A-01-BS1_x9464y7336,9464,7336,9408,7280,112
TCGA-05-4245-01A-01-BS1_x9576y7336,9576,7336,9520,7280,112
TCGA-05-4245-01A-01-BS1_x9688y7336,9688,7336,9632,7280,112
TCGA-05-4245-01A-01-BS1_x9800y7336,9800,7336,9744,7280,112
TCGA-05-4245-01A-01-BS1_x9912y7336,9912,7336,9856,7280,112
TCGA-05-4245-01A-01-BS1_x10136y7336,10136,7336,10080,7280,112
TCGA-05-4245-01A-01-BS1_x10248y7336,10248,7336,10192,7280,112
TCGA-05-4245-01A-01-BS1_x10360y7336,10360,7336,10304,7280,112
TCGA-05-4245-01A-01-BS1_x10472y7336,10472,7336,10416,7280,112
TCGA-05-4245-01A-01-BS1_x10584y7336,10584,7336,10528,7280,112
TCGA-05-4245-01A-01-BS1_x10696y7336,10696,7336,10640,7280,112
TCGA-05-4245-01A-01-BS1_x10808y7336,10808,7336,10752,7280,112
TCGA-05-4245-01A-01-BS1_x10920y7336,10920,7336,10864,7280,112
TCGA-05-4245-01A-01-BS1_x11032y7336,11032,7336,10976,7280,112
TCGA-05-4245-01A-01-BS1_x11144y7336,11144,7336,11088,7280,112
TCGA-05-4245-01A-01-BS1_x11256y7336,11256,7336,11200,7280,112
TCGA-05-4245-01A-01-BS1_x11368y7336,11368,7336,11312,7280,112
TCGA-05-4245-01A-01-BS1_x11480y7336,11480,7336,11424,7280,112
TCGA-05-4245-01A-01-BS1_x11592y7336,11592,7336,11536,7280,112
TCGA-05-4245-01A-01-BS1_x11704y7336,11704,7336,11648,7280,112
TCGA-05-4245-01A-01-BS1_x11816y7336,11816,7336,11760,7280,112
TCGA-05-4245-01A-01-BS1_x12040y7336,12040,7336,11984,7280,112
TCGA-05-4245-01A-01-BS1_x12152y7336,12152,7336,12096,7280,112
TCGA-05-4245-01A-01-BS1_x12264y7336,12264,7336,12208,7280,112
TCGA-05-4245-01A-01-BS1_x12376y7336,12376,7336,12320,7280,112
TCGA-05-4245-01A-01-BS1_x12488y7336,12488,7336,12432,7280,112
TCGA-05-4245-01A-01-BS1_x12600y7336,12600,7336,12544,7280,112
TCGA-05-4245-01A-01-BS1_x12712y7336,12712,7336,12656,7280,112
TCGA-05-4245-01A-01-BS1_x12824y7336,12824,7336,12768,7280,112
TCGA-05-4245-01A-01-BS1_x12936y7336,12936,7336,12880,7280,112
TCGA-05-4245-01A-01-BS1_x13048y7336,13048,7336,12992,7280,112
TCGA-05-4245-01A-01-BS1_x13160y7336,13160,7336,13104,7280,112
TCGA-05-4245-01A-01-BS1_x13272y7336,13272,7336,13216,7280,112
TCGA-05-4245-01A-01-BS1_x13384y7336,13384,7336,13328,7280,112
TCGA-05-4245-01A-01-BS1_x13496y7336,13496,7336,13440,7280,112
TCGA-05-4245-01A-01-BS1_x13608y7336,13608,7336,13552,7280,112
TCGA-05-4245-01A-01-BS1_x13720y7336,13720,7336,13664,7280,112
TCGA-05-4245-01A-01-BS1_x13832y7336,13832,7336,13776,7280,112
TCGA-05-4245-01A-01-BS1_x13944y7336,13944,7336,13888,7280,112
TCGA-05-4245-01A-01-BS1_x14056y7336,14056,7336,14000,7280,112
TCGA-05-4245-01A-01-BS1_x14168y7336,14168,7336,14112,7280,112
TCGA-05-4245-01A-01-BS1_x14280y7336,14280,7336,14224,7280,112
TCGA-05-4245-01A-01-BS1_x14392y7336,14392,7336,14336,7280,112
TCGA-05-4245-01A-01-BS1_x14504y7336,14504,7336,14448,7280,112
TCGA-05-4245-01A-01-BS1_x14616y7336,14616,7336,14560,7280,112
TCGA-05-4245-01A-01-BS1_x14728y7336,14728,7336,14672,7280,112
TCGA-05-4245-01A-01-BS1_x14840y7336,14840,7336,14784,7280,112
TCGA-05-4245-01A-01-BS1_x14952y7336,14952,7336,14896,7280,112
TCGA-05-4245-01A-01-BS1_x15064y7336,15064,7336,15008,7280,112
TCGA-05-4245-01A-01-BS1_x15176y7336,15176,7336,15120,7280,112
TCGA-05-4245-01A-01-BS1_x15288y7336,15288,7336,15232,7280,112
TCGA-05-4245-01A-01-BS1_x15400y7336,15400,7336,15344,7280,112
TCGA-05-4245-01A-01-BS1_x15512y7336,15512,7336,15456,7280,112
TCGA-05-4245-01A-01-BS1_x15624y7336,15624,7336,15568,7280,112
TCGA-05-4245-01A-01-BS1_x15736y7336,15736,7336,15680,7280,112
TCGA-05-4245-01A-01-BS1_x15848y7336,15848,7336,15792,7280,112
TCGA-05-4245-01A-01-BS1_x2408y7448,2408,7448,2352,7392,112
TCGA-05-4245-01A-01-BS1_x2520y7448,2520,7448,2464,7392,112
TCGA-05-4245-01A-01-BS1_x2632y7448,2632,7448,2576,7392,112
TCGA-05-4245-01A-01-BS1_x2744y7448,2744,7448,2688,7392,112
TCGA-05-4245-01A-01-BS1_x3192y7448,3192,7448,3136,7392,112
TCGA-05-4245-01A-01-BS1_x3304y7448,3304,7448,3248,7392,112
TCGA-05-4245-01A-01-BS1_x3416y7448,3416,7448,3360,7392,112
TCGA-05-4245-01A-01-BS1_x3528y7448,3528,7448,3472,7392,112
TCGA-05-4245-01A-01-BS1_x3640y7448,3640,7448,3584,7392,112
TCGA-05-4245-01A-01-BS1_x3752y7448,3752,7448,3696,7392,112
TCGA-05-4245-01A-01-BS1_x3864y7448,3864,7448,3808,7392,112
TCGA-05-4245-01A-01-BS1_x3976y7448,3976,7448,3920,7392,112
TCGA-05-4245-01A-01-BS1_x4088y7448,4088,7448,4032,7392,112
TCGA-05-4245-01A-01-BS1_x4200y7448,4200,7448,4144,7392,112
TCGA-05-4245-01A-01-BS1_x4312y7448,4312,7448,4256,7392,112
TCGA-05-4245-01A-01-BS1_x4424y7448,4424,7448,4368,7392,112
TCGA-05-4245-01A-01-BS1_x4536y7448,4536,7448,4480,7392,112
TCGA-05-4245-01A-01-BS1_x4648y7448,4648,7448,4592,7392,112
TCGA-05-4245-01A-01-BS1_x4760y7448,4760,7448,4704,7392,112
TCGA-05-4245-01A-01-BS1_x4872y7448,4872,7448,4816,7392,112
TCGA-05-4245-01A-01-BS1_x4984y7448,4984,7448,4928,7392,112
TCGA-05-4245-01A-01-BS1_x5096y7448,5096,7448,5040,7392,112
TCGA-05-4245-01A-01-BS1_x5208y7448,5208,7448,5152,7392,112
TCGA-05-4245-01A-01-BS1_x5320y7448,5320,7448,5264,7392,112
TCGA-05-4245-01A-01-BS1_x5432y7448,5432,7448,5376,7392,112
TCGA-05-4245-01A-01-BS1_x5544y7448,5544,7448,5488,7392,112
TCGA-05-4245-01A-01-BS1_x5656y7448,5656,7448,5600,7392,112
TCGA-05-4245-01A-01-BS1_x5768y7448,5768,7448,5712,7392,112
TCGA-05-4245-01A-01-BS1_x5880y7448,5880,7448,5824,7392,112
TCGA-05-4245-01A-01-BS1_x5992y7448,5992,7448,5936,7392,112
TCGA-05-4245-01A-01-BS1_x6104y7448,6104,7448,6048,7392,112
TCGA-05-4245-01A-01-BS1_x6216y7448,6216,7448,6160,7392,112
TCGA-05-4245-01A-01-BS1_x6328y7448,6328,7448,6272,7392,112
TCGA-05-4245-01A-01-BS1_x6440y7448,6440,7448,6384,7392,112
TCGA-05-4245-01A-01-BS1_x6552y7448,6552,7448,6496,7392,112
TCGA-05-4245-01A-01-BS1_x6664y7448,6664,7448,6608,7392,112
TCGA-05-4245-01A-01-BS1_x6776y7448,6776,7448,6720,7392,112
TCGA-05-4245-01A-01-BS1_x6888y7448,6888,7448,6832,7392,112
TCGA-05-4245-01A-01-BS1_x7000y7448,7000,7448,6944,7392,112
TCGA-05-4245-01A-01-BS1_x7112y7448,7112,7448,7056,7392,112
TCGA-05-4245-01A-01-BS1_x7224y7448,7224,7448,7168,7392,112
TCGA-05-4245-01A-01-BS1_x7336y7448,7336,7448,7280,7392,112
TCGA-05-4245-01A-01-BS1_x7448y7448,7448,7448,7392,7392,112
TCGA-05-4245-01A-01-BS1_x7560y7448,7560,7448,7504,7392,112
TCGA-05-4245-01A-01-BS1_x7672y7448,7672,7448,7616,7392,112
TCGA-05-4245-01A-01-BS1_x7784y7448,7784,7448,7728,7392,112
TCGA-05-4245-01A-01-BS1_x7896y7448,7896,7448,7840,7392,112
TCGA-05-4245-01A-01-BS1_x8008y7448,8008,7448,7952,7392,112
TCGA-05-4245-01A-01-BS1_x8120y7448,8120,7448,8064,7392,112
TCGA-05-4245-01A-01-BS1_x8232y7448,8232,7448,8176,7392,112
TCGA-05-4245-01A-01-BS1_x8344y7448,8344,7448,8288,7392,112
TCGA-05-4245-01A-01-BS1_x8456y7448,8456,7448,8400,7392,112
TCGA-05-4245-01A-01-BS1_x8568y7448,8568,7448,8512,7392,112
TCGA-05-4245-01A-01-BS1_x8680y7448,8680,7448,8624,7392,112
TCGA-05-4245-01A-01-BS1_x8792y7448,8792,7448,8736,7392,112
TCGA-05-4245-01A-01-BS1_x8904y7448,8904,7448,8848,7392,112
TCGA-05-4245-01A-01-BS1_x9016y7448,9016,7448,8960,7392,112
TCGA-05-4245-01A-01-BS1_x9128y7448,9128,7448,9072,7392,112
TCGA-05-4245-01A-01-BS1_x9240y7448,9240,7448,9184,7392,112
TCGA-05-4245-01A-01-BS1_x9352y7448,9352,7448,9296,7392,112
TCGA-05-4245-01A-01-BS1_x9464y7448,9464,7448,9408,7392,112
TCGA-05-4245-01A-01-BS1_x9576y7448,9576,7448,9520,7392,112
TCGA-05-4245-01A-01-BS1_x9688y7448,9688,7448,9632,7392,112
TCGA-05-4245-01A-01-BS1_x9800y7448,9800,7448,9744,7392,112
TCGA-05-4245-01A-01-BS1_x9912y7448,9912,7448,9856,7392,112
TCGA-05-4245-01A-01-BS1_x10024y7448,10024,7448,9968,7392,112
TCGA-05-4245-01A-01-BS1_x10136y7448,10136,7448,10080,7392,112
TCGA-05-4245-01A-01-BS1_x10248y7448,10248,7448,10192,7392,112
TCGA-05-4245-01A-01-BS1_x10360y7448,10360,7448,10304,7392,112
TCGA-05-4245-01A-01-BS1_x10472y7448,10472,7448,10416,7392,112
TCGA-05-4245-01A-01-BS1_x10584y7448,10584,7448,10528,7392,112
TCGA-05-4245-01A-01-BS1_x10696y7448,10696,7448,10640,7392,112
TCGA-05-4245-01A-01-BS1_x10808y7448,10808,7448,10752,7392,112
TCGA-05-4245-01A-01-BS1_x10920y7448,10920,7448,10864,7392,112
TCGA-05-4245-01A-01-BS1_x11032y7448,11032,7448,10976,7392,112
TCGA-05-4245-01A-01-BS1_x11144y7448,11144,7448,11088,7392,112
TCGA-05-4245-01A-01-BS1_x11256y7448,11256,7448,11200,7392,112
TCGA-05-4245-01A-01-BS1_x11368y7448,11368,7448,11312,7392,112
TCGA-05-4245-01A-01-BS1_x11480y7448,11480,7448,11424,7392,112
TCGA-05-4245-01A-01-BS1_x11592y7448,11592,7448,11536,7392,112
TCGA-05-4245-01A-01-BS1_x11704y7448,11704,7448,11648,7392,112
TCGA-05-4245-01A-01-BS1_x11816y7448,11816,7448,11760,7392,112
TCGA-05-4245-01A-01-BS1_x11928y7448,11928,7448,11872,7392,112
TCGA-05-4245-01A-01-BS1_x12040y7448,12040,7448,11984,7392,112
TCGA-05-4245-01A-01-BS1_x12152y7448,12152,7448,12096,7392,112
TCGA-05-4245-01A-01-BS1_x12264y7448,12264,7448,12208,7392,112
TCGA-05-4245-01A-01-BS1_x12376y7448,12376,7448,12320,7392,112
TCGA-05-4245-01A-01-BS1_x12488y7448,12488,7448,12432,7392,112
TCGA-05-4245-01A-01-BS1_x12600y7448,12600,7448,12544,7392,112
TCGA-05-4245-01A-01-BS1_x12712y7448,12712,7448,12656,7392,112
TCGA-05-4245-01A-01-BS1_x12824y7448,12824,7448,12768,7392,112
TCGA-05-4245-01A-01-BS1_x12936y7448,12936,7448,12880,7392,112
TCGA-05-4245-01A-01-BS1_x13048y7448,13048,7448,12992,7392,112
TCGA-05-4245-01A-01-BS1_x13160y7448,13160,7448,13104,7392,112
TCGA-05-4245-01A-01-BS1_x13272y7448,13272,7448,13216,7392,112
TCGA-05-4245-01A-01-BS1_x13384y7448,13384,7448,13328,7392,112
TCGA-05-4245-01A-01-BS1_x13496y7448,13496,7448,13440,7392,112
TCGA-05-4245-01A-01-BS1_x13608y7448,13608,7448,13552,7392,112
TCGA-05-4245-01A-01-BS1_x13720y7448,13720,7448,13664,7392,112
TCGA-05-4245-01A-01-BS1_x13832y7448,13832,7448,13776,7392,112
TCGA-05-4245-01A-01-BS1_x13944y7448,13944,7448,13888,7392,112
TCGA-05-4245-01A-01-BS1_x14056y7448,14056,7448,14000,7392,112
TCGA-05-4245-01A-01-BS1_x14168y7448,14168,7448,14112,7392,112
TCGA-05-4245-01A-01-BS1_x14280y7448,14280,7448,14224,7392,112
TCGA-05-4245-01A-01-BS1_x14392y7448,14392,7448,14336,7392,112
TCGA-05-4245-01A-01-BS1_x14504y7448,14504,7448,14448,7392,112
TCGA-05-4245-01A-01-BS1_x14616y7448,14616,7448,14560,7392,112
TCGA-05-4245-01A-01-BS1_x14728y7448,14728,7448,14672,7392,112
TCGA-05-4245-01A-01-BS1_x14840y7448,14840,7448,14784,7392,112
TCGA-05-4245-01A-01-BS1_x14952y7448,14952,7448,14896,7392,112
TCGA-05-4245-01A-01-BS1_x15064y7448,15064,7448,15008,7392,112
TCGA-05-4245-01A-01-BS1_x15176y7448,15176,7448,15120,7392,112
TCGA-05-4245-01A-01-BS1_x15288y7448,15288,7448,15232,7392,112
TCGA-05-4245-01A-01-BS1_x15400y7448,15400,7448,15344,7392,112
TCGA-05-4245-01A-01-BS1_x15512y7448,15512,7448,15456,7392,112
TCGA-05-4245-01A-01-BS1_x15624y7448,15624,7448,15568,7392,112
TCGA-05-4245-01A-01-BS1_x15736y7448,15736,7448,15680,7392,112
TCGA-05-4245-01A-01-BS1_x15848y7448,15848,7448,15792,7392,112
TCGA-05-4245-01A-01-BS1_x2296y7560,2296,7560,2240,7504,112
TCGA-05-4245-01A-01-BS1_x2408y7560,2408,7560,2352,7504,112
TCGA-05-4245-01A-01-BS1_x2520y7560,2520,7560,2464,7504,112
TCGA-05-4245-01A-01-BS1_x2632y7560,2632,7560,2576,7504,112
TCGA-05-4245-01A-01-BS1_x2744y7560,2744,7560,2688,7504,112
TCGA-05-4245-01A-01-BS1_x2856y7560,2856,7560,2800,7504,112
TCGA-05-4245-01A-01-BS1_x2968y7560,2968,7560,2912,7504,112
TCGA-05-4245-01A-01-BS1_x3080y7560,3080,7560,3024,7504,112
TCGA-05-4245-01A-01-BS1_x3192y7560,3192,7560,3136,7504,112
TCGA-05-4245-01A-01-BS1_x3304y7560,3304,7560,3248,7504,112
TCGA-05-4245-01A-01-BS1_x3416y7560,3416,7560,3360,7504,112
TCGA-05-4245-01A-01-BS1_x3528y7560,3528,7560,3472,7504,112
TCGA-05-4245-01A-01-BS1_x3640y7560,3640,7560,3584,7504,112
TCGA-05-4245-01A-01-BS1_x3752y7560,3752,7560,3696,7504,112
TCGA-05-4245-01A-01-BS1_x3864y7560,3864,7560,3808,7504,112
TCGA-05-4245-01A-01-BS1_x3976y7560,3976,7560,3920,7504,112
TCGA-05-4245-01A-01-BS1_x4088y7560,4088,7560,4032,7504,112
TCGA-05-4245-01A-01-BS1_x4200y7560,4200,7560,4144,7504,112
TCGA-05-4245-01A-01-BS1_x4312y7560,4312,7560,4256,7504,112
TCGA-05-4245-01A-01-BS1_x4424y7560,4424,7560,4368,7504,112
TCGA-05-4245-01A-01-BS1_x4536y7560,4536,7560,4480,7504,112
TCGA-05-4245-01A-01-BS1_x4648y7560,4648,7560,4592,7504,112
TCGA-05-4245-01A-01-BS1_x4760y7560,4760,7560,4704,7504,112
TCGA-05-4245-01A-01-BS1_x4872y7560,4872,7560,4816,7504,112
TCGA-05-4245-01A-01-BS1_x4984y7560,4984,7560,4928,7504,112
TCGA-05-4245-01A-01-BS1_x5096y7560,5096,7560,5040,7504,112
TCGA-05-4245-01A-01-BS1_x5208y7560,5208,7560,5152,7504,112
TCGA-05-4245-01A-01-BS1_x5320y7560,5320,7560,5264,7504,112
TCGA-05-4245-01A-01-BS1_x5432y7560,5432,7560,5376,7504,112
TCGA-05-4245-01A-01-BS1_x5544y7560,5544,7560,5488,7504,112
TCGA-05-4245-01A-01-BS1_x5656y7560,5656,7560,5600,7504,112
TCGA-05-4245-01A-01-BS1_x5768y7560,5768,7560,5712,7504,112
TCGA-05-4245-01A-01-BS1_x5880y7560,5880,7560,5824,7504,112
TCGA-05-4245-01A-01-BS1_x5992y7560,5992,7560,5936,7504,112
TCGA-05-4245-01A-01-BS1_x6104y7560,6104,7560,6048,7504,112
TCGA-05-4245-01A-01-BS1_x6216y7560,6216,7560,6160,7504,112
TCGA-05-4245-01A-01-BS1_x6328y7560,6328,7560,6272,7504,112
TCGA-05-4245-01A-01-BS1_x6440y7560,6440,7560,6384,7504,112
TCGA-05-4245-01A-01-BS1_x6552y7560,6552,7560,6496,7504,112
TCGA-05-4245-01A-01-BS1_x6664y7560,6664,7560,6608,7504,112
TCGA-05-4245-01A-01-BS1_x6776y7560,6776,7560,6720,7504,112
TCGA-05-4245-01A-01-BS1_x6888y7560,6888,7560,6832,7504,112
TCGA-05-4245-01A-01-BS1_x7000y7560,7000,7560,6944,7504,112
TCGA-05-4245-01A-01-BS1_x7112y7560,7112,7560,7056,7504,112
TCGA-05-4245-01A-01-BS1_x7224y7560,7224,7560,7168,7504,112
TCGA-05-4245-01A-01-BS1_x7336y7560,7336,7560,7280,7504,112
TCGA-05-4245-01A-01-BS1_x7448y7560,7448,7560,7392,7504,112
TCGA-05-4245-01A-01-BS1_x7560y7560,7560,7560,7504,7504,112
TCGA-05-4245-01A-01-BS1_x7672y7560,7672,7560,7616,7504,112
TCGA-05-4245-01A-01-BS1_x7784y7560,7784,7560,7728,7504,112
TCGA-05-4245-01A-01-BS1_x7896y7560,7896,7560,7840,7504,112
TCGA-05-4245-01A-01-BS1_x8008y7560,8008,7560,7952,7504,112
TCGA-05-4245-01A-01-BS1_x8120y7560,8120,7560,8064,7504,112
TCGA-05-4245-01A-01-BS1_x8232y7560,8232,7560,8176,7504,112
TCGA-05-4245-01A-01-BS1_x8344y7560,8344,7560,8288,7504,112
TCGA-05-4245-01A-01-BS1_x8456y7560,8456,7560,8400,7504,112
TCGA-05-4245-01A-01-BS1_x8568y7560,8568,7560,8512,7504,112
TCGA-05-4245-01A-01-BS1_x8680y7560,8680,7560,8624,7504,112
TCGA-05-4245-01A-01-BS1_x8792y7560,8792,7560,8736,7504,112
TCGA-05-4245-01A-01-BS1_x8904y7560,8904,7560,8848,7504,112
TCGA-05-4245-01A-01-BS1_x9016y7560,9016,7560,8960,7504,112
TCGA-05-4245-01A-01-BS1_x9128y7560,9128,7560,9072,7504,112
TCGA-05-4245-01A-01-BS1_x9240y7560,9240,7560,9184,7504,112
TCGA-05-4245-01A-01-BS1_x9352y7560,9352,7560,9296,7504,112
TCGA-05-4245-01A-01-BS1_x9464y7560,9464,7560,9408,7504,112
TCGA-05-4245-01A-01-BS1_x9576y7560,9576,7560,9520,7504,112
TCGA-05-4245-01A-01-BS1_x9688y7560,9688,7560,9632,7504,112
TCGA-05-4245-01A-01-BS1_x9800y7560,9800,7560,9744,7504,112
TCGA-05-4245-01A-01-BS1_x9912y7560,9912,7560,9856,7504,112
TCGA-05-4245-01A-01-BS1_x10024y7560,10024,7560,9968,7504,112
TCGA-05-4245-01A-01-BS1_x10136y7560,10136,7560,10080,7504,112
TCGA-05-4245-01A-01-BS1_x10248y7560,10248,7560,10192,7504,112
TCGA-05-4245-01A-01-BS1_x10360y7560,10360,7560,10304,7504,112
TCGA-05-4245-01A-01-BS1_x10472y7560,10472,7560,10416,7504,112
TCGA-05-4245-01A-01-BS1_x10584y7560,10584,7560,10528,7504,112
TCGA-05-4245-01A-01-BS1_x10696y7560,10696,7560,10640,7504,112
TCGA-05-4245-01A-01-BS1_x10808y7560,10808,7560,10752,7504,112
TCGA-05-4245-01A-01-BS1_x10920y7560,10920,7560,10864,7504,112
TCGA-05-4245-01A-01-BS1_x11032y7560,11032,7560,10976,7504,112
TCGA-05-4245-01A-01-BS1_x11144y7560,11144,7560,11088,7504,112
TCGA-05-4245-01A-01-BS1_x11256y7560,11256,7560,11200,7504,112
TCGA-05-4245-01A-01-BS1_x11368y7560,11368,7560,11312,7504,112
TCGA-05-4245-01A-01-BS1_x11592y7560,11592,7560,11536,7504,112
TCGA-05-4245-01A-01-BS1_x11704y7560,11704,7560,11648,7504,112
TCGA-05-4245-01A-01-BS1_x11816y7560,11816,7560,11760,7504,112
TCGA-05-4245-01A-01-BS1_x11928y7560,11928,7560,11872,7504,112
TCGA-05-4245-01A-01-BS1_x12040y7560,12040,7560,11984,7504,112
TCGA-05-4245-01A-01-BS1_x12152y7560,12152,7560,12096,7504,112
TCGA-05-4245-01A-01-BS1_x12264y7560,12264,7560,12208,7504,112
TCGA-05-4245-01A-01-BS1_x12376y7560,12376,7560,12320,7504,112
TCGA-05-4245-01A-01-BS1_x12488y7560,12488,7560,12432,7504,112
TCGA-05-4245-01A-01-BS1_x12600y7560,12600,7560,12544,7504,112
TCGA-05-4245-01A-01-BS1_x12712y7560,12712,7560,12656,7504,112
TCGA-05-4245-01A-01-BS1_x12824y7560,12824,7560,12768,7504,112
TCGA-05-4245-01A-01-BS1_x12936y7560,12936,7560,12880,7504,112
TCGA-05-4245-01A-01-BS1_x13048y7560,13048,7560,12992,7504,112
TCGA-05-4245-01A-01-BS1_x13160y7560,13160,7560,13104,7504,112
TCGA-05-4245-01A-01-BS1_x13272y7560,13272,7560,13216,7504,112
TCGA-05-4245-01A-01-BS1_x13384y7560,13384,7560,13328,7504,112
TCGA-05-4245-01A-01-BS1_x13496y7560,13496,7560,13440,7504,112
TCGA-05-4245-01A-01-BS1_x13608y7560,13608,7560,13552,7504,112
TCGA-05-4245-01A-01-BS1_x13720y7560,13720,7560,13664,7504,112
TCGA-05-4245-01A-01-BS1_x13832y7560,13832,7560,13776,7504,112
TCGA-05-4245-01A-01-BS1_x13944y7560,13944,7560,13888,7504,112
TCGA-05-4245-01A-01-BS1_x14056y7560,14056,7560,14000,7504,112
TCGA-05-4245-01A-01-BS1_x14168y7560,14168,7560,14112,7504,112
TCGA-05-4245-01A-01-BS1_x14280y7560,14280,7560,14224,7504,112
TCGA-05-4245-01A-01-BS1_x14392y7560,14392,7560,14336,7504,112
TCGA-05-4245-01A-01-BS1_x14504y7560,14504,7560,14448,7504,112
TCGA-05-4245-01A-01-BS1_x14616y7560,14616,7560,14560,7504,112
TCGA-05-4245-01A-01-BS1_x14728y7560,14728,7560,14672,7504,112
TCGA-05-4245-01A-01-BS1_x14840y7560,14840,7560,14784,7504,112
TCGA-05-4245-01A-01-BS1_x14952y7560,14952,7560,14896,7504,112
TCGA-05-4245-01A-01-BS1_x15064y7560,15064,7560,15008,7504,112
TCGA-05-4245-01A-01-BS1_x15176y7560,15176,7560,15120,7504,112
TCGA-05-4245-01A-01-BS1_x15288y7560,15288,7560,15232,7504,112
TCGA-05-4245-01A-01-BS1_x15400y7560,15400,7560,15344,7504,112
TCGA-05-4245-01A-01-BS1_x15512y7560,15512,7560,15456,7504,112
TCGA-05-4245-01A-01-BS1_x15624y7560,15624,7560,15568,7504,112
TCGA-05-4245-01A-01-BS1_x15736y7560,15736,7560,15680,7504,112
TCGA-05-4245-01A-01-BS1_x15848y7560,15848,7560,15792,7504,112
TCGA-05-4245-01A-01-BS1_x2296y7672,2296,7672,2240,7616,112
TCGA-05-4245-01A-01-BS1_x2408y7672,2408,7672,2352,7616,112
TCGA-05-4245-01A-01-BS1_x2520y7672,2520,7672,2464,7616,112
TCGA-05-4245-01A-01-BS1_x2632y7672,2632,7672,2576,7616,112
TCGA-05-4245-01A-01-BS1_x2744y7672,2744,7672,2688,7616,112
TCGA-05-4245-01A-01-BS1_x2856y7672,2856,7672,2800,7616,112
TCGA-05-4245-01A-01-BS1_x2968y7672,2968,7672,2912,7616,112
TCGA-05-4245-01A-01-BS1_x3080y7672,3080,7672,3024,7616,112
TCGA-05-4245-01A-01-BS1_x3192y7672,3192,7672,3136,7616,112
TCGA-05-4245-01A-01-BS1_x3304y7672,3304,7672,3248,7616,112
TCGA-05-4245-01A-01-BS1_x3416y7672,3416,7672,3360,7616,112
TCGA-05-4245-01A-01-BS1_x3528y7672,3528,7672,3472,7616,112
TCGA-05-4245-01A-01-BS1_x3640y7672,3640,7672,3584,7616,112
TCGA-05-4245-01A-01-BS1_x3752y7672,3752,7672,3696,7616,112
TCGA-05-4245-01A-01-BS1_x3864y7672,3864,7672,3808,7616,112
TCGA-05-4245-01A-01-BS1_x3976y7672,3976,7672,3920,7616,112
TCGA-05-4245-01A-01-BS1_x4088y7672,4088,7672,4032,7616,112
TCGA-05-4245-01A-01-BS1_x4200y7672,4200,7672,4144,7616,112
TCGA-05-4245-01A-01-BS1_x4312y7672,4312,7672,4256,7616,112
TCGA-05-4245-01A-01-BS1_x4424y7672,4424,7672,4368,7616,112
TCGA-05-4245-01A-01-BS1_x4536y7672,4536,7672,4480,7616,112
TCGA-05-4245-01A-01-BS1_x4648y7672,4648,7672,4592,7616,112
TCGA-05-4245-01A-01-BS1_x4760y7672,4760,7672,4704,7616,112
TCGA-05-4245-01A-01-BS1_x4872y7672,4872,7672,4816,7616,112
TCGA-05-4245-01A-01-BS1_x4984y7672,4984,7672,4928,7616,112
TCGA-05-4245-01A-01-BS1_x5096y7672,5096,7672,5040,7616,112
TCGA-05-4245-01A-01-BS1_x5208y7672,5208,7672,5152,7616,112
TCGA-05-4245-01A-01-BS1_x5320y7672,5320,7672,5264,7616,112
TCGA-05-4245-01A-01-BS1_x5432y7672,5432,7672,5376,7616,112
TCGA-05-4245-01A-01-BS1_x5544y7672,5544,7672,5488,7616,112
TCGA-05-4245-01A-01-BS1_x5656y7672,5656,7672,5600,7616,112
TCGA-05-4245-01A-01-BS1_x5768y7672,5768,7672,5712,7616,112
TCGA-05-4245-01A-01-BS1_x5880y7672,5880,7672,5824,7616,112
TCGA-05-4245-01A-01-BS1_x5992y7672,5992,7672,5936,7616,112
TCGA-05-4245-01A-01-BS1_x6104y7672,6104,7672,6048,7616,112
TCGA-05-4245-01A-01-BS1_x6216y7672,6216,7672,6160,7616,112
TCGA-05-4245-01A-01-BS1_x6328y7672,6328,7672,6272,7616,112
TCGA-05-4245-01A-01-BS1_x6440y7672,6440,7672,6384,7616,112
TCGA-05-4245-01A-01-BS1_x6552y7672,6552,7672,6496,7616,112
TCGA-05-4245-01A-01-BS1_x6664y7672,6664,7672,6608,7616,112
TCGA-05-4245-01A-01-BS1_x6776y7672,6776,7672,6720,7616,112
TCGA-05-4245-01A-01-BS1_x6888y7672,6888,7672,6832,7616,112
TCGA-05-4245-01A-01-BS1_x7000y7672,7000,7672,6944,7616,112
TCGA-05-4245-01A-01-BS1_x7112y7672,7112,7672,7056,7616,112
TCGA-05-4245-01A-01-BS1_x7224y7672,7224,7672,7168,7616,112
TCGA-05-4245-01A-01-BS1_x7336y7672,7336,7672,7280,7616,112
TCGA-05-4245-01A-01-BS1_x7448y7672,7448,7672,7392,7616,112
TCGA-05-4245-01A-01-BS1_x7560y7672,7560,7672,7504,7616,112
TCGA-05-4245-01A-01-BS1_x7672y7672,7672,7672,7616,7616,112
TCGA-05-4245-01A-01-BS1_x7784y7672,7784,7672,7728,7616,112
TCGA-05-4245-01A-01-BS1_x7896y7672,7896,7672,7840,7616,112
TCGA-05-4245-01A-01-BS1_x8008y7672,8008,7672,7952,7616,112
TCGA-05-4245-01A-01-BS1_x8120y7672,8120,7672,8064,7616,112
TCGA-05-4245-01A-01-BS1_x8232y7672,8232,7672,8176,7616,112
TCGA-05-4245-01A-01-BS1_x8344y7672,8344,7672,8288,7616,112
TCGA-05-4245-01A-01-BS1_x8456y7672,8456,7672,8400,7616,112
TCGA-05-4245-01A-01-BS1_x8568y7672,8568,7672,8512,7616,112
TCGA-05-4245-01A-01-BS1_x8680y7672,8680,7672,8624,7616,112
TCGA-05-4245-01A-01-BS1_x8792y7672,8792,7672,8736,7616,112
TCGA-05-4245-01A-01-BS1_x8904y7672,8904,7672,8848,7616,112
TCGA-05-4245-01A-01-BS1_x9016y7672,9016,7672,8960,7616,112
TCGA-05-4245-01A-01-BS1_x9128y7672,9128,7672,9072,7616,112
TCGA-05-4245-01A-01-BS1_x9240y7672,9240,7672,9184,7616,112
TCGA-05-4245-01A-01-BS1_x9352y7672,9352,7672,9296,7616,112
TCGA-05-4245-01A-01-BS1_x9464y7672,9464,7672,9408,7616,112
TCGA-05-4245-01A-01-BS1_x9576y7672,9576,7672,9520,7616,112
TCGA-05-4245-01A-01-BS1_x9688y7672,9688,7672,9632,7616,112
TCGA-05-4245-01A-01-BS1_x9800y7672,9800,7672,9744,7616,112
TCGA-05-4245-01A-01-BS1_x9912y7672,9912,7672,9856,7616,112
TCGA-05-4245-01A-01-BS1_x10024y7672,10024,7672,9968,7616,112
TCGA-05-4245-01A-01-BS1_x10136y7672,10136,7672,10080,7616,112
TCGA-05-4245-01A-01-BS1_x10248y7672,10248,7672,10192,7616,112
TCGA-05-4245-01A-01-BS1_x10360y7672,10360,7672,10304,7616,112
TCGA-05-4245-01A-01-BS1_x10472y7672,10472,7672,10416,7616,112
TCGA-05-4245-01A-01-BS1_x10584y7672,10584,7672,10528,7616,112
TCGA-05-4245-01A-01-BS1_x10696y7672,10696,7672,10640,7616,112
TCGA-05-4245-01A-01-BS1_x10808y7672,10808,7672,10752,7616,112
TCGA-05-4245-01A-01-BS1_x10920y7672,10920,7672,10864,7616,112
TCGA-05-4245-01A-01-BS1_x11032y7672,11032,7672,10976,7616,112
TCGA-05-4245-01A-01-BS1_x11144y7672,11144,7672,11088,7616,112
TCGA-05-4245-01A-01-BS1_x11256y7672,11256,7672,11200,7616,112
TCGA-05-4245-01A-01-BS1_x11368y7672,11368,7672,11312,7616,112
TCGA-05-4245-01A-01-BS1_x11480y7672,11480,7672,11424,7616,112
TCGA-05-4245-01A-01-BS1_x11592y7672,11592,7672,11536,7616,112
TCGA-05-4245-01A-01-BS1_x11704y7672,11704,7672,11648,7616,112
TCGA-05-4245-01A-01-BS1_x11816y7672,11816,7672,11760,7616,112
TCGA-05-4245-01A-01-BS1_x11928y7672,11928,7672,11872,7616,112
TCGA-05-4245-01A-01-BS1_x12040y7672,12040,7672,11984,7616,112
TCGA-05-4245-01A-01-BS1_x12152y7672,12152,7672,12096,7616,112
TCGA-05-4245-01A-01-BS1_x12264y7672,12264,7672,12208,7616,112
TCGA-05-4245-01A-01-BS1_x12376y7672,12376,7672,12320,7616,112
TCGA-05-4245-01A-01-BS1_x12488y7672,12488,7672,12432,7616,112
TCGA-05-4245-01A-01-BS1_x12600y7672,12600,7672,12544,7616,112
TCGA-05-4245-01A-01-BS1_x12712y7672,12712,7672,12656,7616,112
TCGA-05-4245-01A-01-BS1_x12824y7672,12824,7672,12768,7616,112
TCGA-05-4245-01A-01-BS1_x12936y7672,12936,7672,12880,7616,112
TCGA-05-4245-01A-01-BS1_x13048y7672,13048,7672,12992,7616,112
TCGA-05-4245-01A-01-BS1_x13160y7672,13160,7672,13104,7616,112
TCGA-05-4245-01A-01-BS1_x13272y7672,13272,7672,13216,7616,112
TCGA-05-4245-01A-01-BS1_x13384y7672,13384,7672,13328,7616,112
TCGA-05-4245-01A-01-BS1_x13496y7672,13496,7672,13440,7616,112
TCGA-05-4245-01A-01-BS1_x13608y7672,13608,7672,13552,7616,112
TCGA-05-4245-01A-01-BS1_x13720y7672,13720,7672,13664,7616,112
TCGA-05-4245-01A-01-BS1_x13832y7672,13832,7672,13776,7616,112
TCGA-05-4245-01A-01-BS1_x13944y7672,13944,7672,13888,7616,112
TCGA-05-4245-01A-01-BS1_x14056y7672,14056,7672,14000,7616,112
TCGA-05-4245-01A-01-BS1_x14168y7672,14168,7672,14112,7616,112
TCGA-05-4245-01A-01-BS1_x14280y7672,14280,7672,14224,7616,112
TCGA-05-4245-01A-01-BS1_x14392y7672,14392,7672,14336,7616,112
TCGA-05-4245-01A-01-BS1_x14504y7672,14504,7672,14448,7616,112
TCGA-05-4245-01A-01-BS1_x14616y7672,14616,7672,14560,7616,112
TCGA-05-4245-01A-01-BS1_x14728y7672,14728,7672,14672,7616,112
TCGA-05-4245-01A-01-BS1_x14840y7672,14840,7672,14784,7616,112
TCGA-05-4245-01A-01-BS1_x14952y7672,14952,7672,14896,7616,112
TCGA-05-4245-01A-01-BS1_x15064y7672,15064,7672,15008,7616,112
TCGA-05-4245-01A-01-BS1_x15176y7672,15176,7672,15120,7616,112
TCGA-05-4245-01A-01-BS1_x15288y7672,15288,7672,15232,7616,112
TCGA-05-4245-01A-01-BS1_x15400y7672,15400,7672,15344,7616,112
TCGA-05-4245-01A-01-BS1_x15512y7672,15512,7672,15456,7616,112
TCGA-05-4245-01A-01-BS1_x15624y7672,15624,7672,15568,7616,112
TCGA-05-4245-01A-01-BS1_x15736y7672,15736,7672,15680,7616,112
TCGA-05-4245-01A-01-BS1_x2296y7784,2296,7784,2240,7728,112
TCGA-05-4245-01A-01-BS1_x2408y7784,2408,7784,2352,7728,112
TCGA-05-4245-01A-01-BS1_x2520y7784,2520,7784,2464,7728,112
TCGA-05-4245-01A-01-BS1_x2632y7784,2632,7784,2576,7728,112
TCGA-05-4245-01A-01-BS1_x2744y7784,2744,7784,2688,7728,112
TCGA-05-4245-01A-01-BS1_x2856y7784,2856,7784,2800,7728,112
TCGA-05-4245-01A-01-BS1_x2968y7784,2968,7784,2912,7728,112
TCGA-05-4245-01A-01-BS1_x3080y7784,3080,7784,3024,7728,112
TCGA-05-4245-01A-01-BS1_x3192y7784,3192,7784,3136,7728,112
TCGA-05-4245-01A-01-BS1_x3304y7784,3304,7784,3248,7728,112
TCGA-05-4245-01A-01-BS1_x3416y7784,3416,7784,3360,7728,112
TCGA-05-4245-01A-01-BS1_x3528y7784,3528,7784,3472,7728,112
TCGA-05-4245-01A-01-BS1_x3640y7784,3640,7784,3584,7728,112
TCGA-05-4245-01A-01-BS1_x3752y7784,3752,7784,3696,7728,112
TCGA-05-4245-01A-01-BS1_x3864y7784,3864,7784,3808,7728,112
TCGA-05-4245-01A-01-BS1_x3976y7784,3976,7784,3920,7728,112
TCGA-05-4245-01A-01-BS1_x4088y7784,4088,7784,4032,7728,112
TCGA-05-4245-01A-01-BS1_x4200y7784,4200,7784,4144,7728,112
TCGA-05-4245-01A-01-BS1_x4312y7784,4312,7784,4256,7728,112
TCGA-05-4245-01A-01-BS1_x4424y7784,4424,7784,4368,7728,112
TCGA-05-4245-01A-01-BS1_x4536y7784,4536,7784,4480,7728,112
TCGA-05-4245-01A-01-BS1_x4648y7784,4648,7784,4592,7728,112
TCGA-05-4245-01A-01-BS1_x4760y7784,4760,7784,4704,7728,112
TCGA-05-4245-01A-01-BS1_x4872y7784,4872,7784,4816,7728,112
TCGA-05-4245-01A-01-BS1_x4984y7784,4984,7784,4928,7728,112
TCGA-05-4245-01A-01-BS1_x5096y7784,5096,7784,5040,7728,112
TCGA-05-4245-01A-01-BS1_x5208y7784,5208,7784,5152,7728,112
TCGA-05-4245-01A-01-BS1_x5320y7784,5320,7784,5264,7728,112
TCGA-05-4245-01A-01-BS1_x5432y7784,5432,7784,5376,7728,112
TCGA-05-4245-01A-01-BS1_x5544y7784,5544,7784,5488,7728,112
TCGA-05-4245-01A-01-BS1_x5656y7784,5656,7784,5600,7728,112
TCGA-05-4245-01A-01-BS1_x5768y7784,5768,7784,5712,7728,112
TCGA-05-4245-01A-01-BS1_x5880y7784,5880,7784,5824,7728,112
TCGA-05-4245-01A-01-BS1_x5992y7784,5992,7784,5936,7728,112
TCGA-05-4245-01A-01-BS1_x6104y7784,6104,7784,6048,7728,112
TCGA-05-4245-01A-01-BS1_x6216y7784,6216,7784,6160,7728,112
TCGA-05-4245-01A-01-BS1_x6328y7784,6328,7784,6272,7728,112
TCGA-05-4245-01A-01-BS1_x6440y7784,6440,7784,6384,7728,112
TCGA-05-4245-01A-01-BS1_x6552y7784,6552,7784,6496,7728,112
TCGA-05-4245-01A-01-BS1_x6664y7784,6664,7784,6608,7728,112
TCGA-05-4245-01A-01-BS1_x6776y7784,6776,7784,6720,7728,112
TCGA-05-4245-01A-01-BS1_x6888y7784,6888,7784,6832,7728,112
TCGA-05-4245-01A-01-BS1_x7000y7784,7000,7784,6944,7728,112
TCGA-05-4245-01A-01-BS1_x7112y7784,7112,7784,7056,7728,112
TCGA-05-4245-01A-01-BS1_x7224y7784,7224,7784,7168,7728,112
TCGA-05-4245-01A-01-BS1_x7336y7784,7336,7784,7280,7728,112
TCGA-05-4245-01A-01-BS1_x7448y7784,7448,7784,7392,7728,112
TCGA-05-4245-01A-01-BS1_x7560y7784,7560,7784,7504,7728,112
TCGA-05-4245-01A-01-BS1_x7672y7784,7672,7784,7616,7728,112
TCGA-05-4245-01A-01-BS1_x7784y7784,7784,7784,7728,7728,112
TCGA-05-4245-01A-01-BS1_x7896y7784,7896,7784,7840,7728,112
TCGA-05-4245-01A-01-BS1_x8008y7784,8008,7784,7952,7728,112
TCGA-05-4245-01A-01-BS1_x8120y7784,8120,7784,8064,7728,112
TCGA-05-4245-01A-01-BS1_x8232y7784,8232,7784,8176,7728,112
TCGA-05-4245-01A-01-BS1_x8344y7784,8344,7784,8288,7728,112
TCGA-05-4245-01A-01-BS1_x8456y7784,8456,7784,8400,7728,112
TCGA-05-4245-01A-01-BS1_x8568y7784,8568,7784,8512,7728,112
TCGA-05-4245-01A-01-BS1_x8680y7784,8680,7784,8624,7728,112
TCGA-05-4245-01A-01-BS1_x8792y7784,8792,7784,8736,7728,112
TCGA-05-4245-01A-01-BS1_x8904y7784,8904,7784,8848,7728,112
TCGA-05-4245-01A-01-BS1_x9016y7784,9016,7784,8960,7728,112
TCGA-05-4245-01A-01-BS1_x9128y7784,9128,7784,9072,7728,112
TCGA-05-4245-01A-01-BS1_x9240y7784,9240,7784,9184,7728,112
TCGA-05-4245-01A-01-BS1_x9352y7784,9352,7784,9296,7728,112
TCGA-05-4245-01A-01-BS1_x9464y7784,9464,7784,9408,7728,112
TCGA-05-4245-01A-01-BS1_x9576y7784,9576,7784,9520,7728,112
TCGA-05-4245-01A-01-BS1_x9688y7784,9688,7784,9632,7728,112
TCGA-05-4245-01A-01-BS1_x9800y7784,9800,7784,9744,7728,112
TCGA-05-4245-01A-01-BS1_x9912y7784,9912,7784,9856,7728,112
TCGA-05-4245-01A-01-BS1_x10024y7784,10024,7784,9968,7728,112
TCGA-05-4245-01A-01-BS1_x10136y7784,10136,7784,10080,7728,112
TCGA-05-4245-01A-01-BS1_x10248y7784,10248,7784,10192,7728,112
TCGA-05-4245-01A-01-BS1_x10360y7784,10360,7784,10304,7728,112
TCGA-05-4245-01A-01-BS1_x10472y7784,10472,7784,10416,7728,112
TCGA-05-4245-01A-01-BS1_x10584y7784,10584,7784,10528,7728,112
TCGA-05-4245-01A-01-BS1_x10696y7784,10696,7784,10640,7728,112
TCGA-05-4245-01A-01-BS1_x10808y7784,10808,7784,10752,7728,112
TCGA-05-4245-01A-01-BS1_x10920y7784,10920,7784,10864,7728,112
TCGA-05-4245-01A-01-BS1_x11032y7784,11032,7784,10976,7728,112
TCGA-05-4245-01A-01-BS1_x11144y7784,11144,7784,11088,7728,112
TCGA-05-4245-01A-01-BS1_x11256y7784,11256,7784,11200,7728,112
TCGA-05-4245-01A-01-BS1_x11368y7784,11368,7784,11312,7728,112
TCGA-05-4245-01A-01-BS1_x11480y7784,11480,7784,11424,7728,112
TCGA-05-4245-01A-01-BS1_x11592y7784,11592,7784,11536,7728,112
TCGA-05-4245-01A-01-BS1_x11704y7784,11704,7784,11648,7728,112
TCGA-05-4245-01A-01-BS1_x11816y7784,11816,7784,11760,7728,112
TCGA-05-4245-01A-01-BS1_x11928y7784,11928,7784,11872,7728,112
TCGA-05-4245-01A-01-BS1_x12040y7784,12040,7784,11984,7728,112
TCGA-05-4245-01A-01-BS1_x12152y7784,12152,7784,12096,7728,112
TCGA-05-4245-01A-01-BS1_x12264y7784,12264,7784,12208,7728,112
TCGA-05-4245-01A-01-BS1_x12376y7784,12376,7784,12320,7728,112
TCGA-05-4245-01A-01-BS1_x12488y7784,12488,7784,12432,7728,112
TCGA-05-4245-01A-01-BS1_x12600y7784,12600,7784,12544,7728,112
TCGA-05-4245-01A-01-BS1_x12712y7784,12712,7784,12656,7728,112
TCGA-05-4245-01A-01-BS1_x12824y7784,12824,7784,12768,7728,112
TCGA-05-4245-01A-01-BS1_x12936y7784,12936,7784,12880,7728,112
TCGA-05-4245-01A-01-BS1_x13048y7784,13048,7784,12992,7728,112
TCGA-05-4245-01A-01-BS1_x13160y7784,13160,7784,13104,7728,112
TCGA-05-4245-01A-01-BS1_x13272y7784,13272,7784,13216,7728,112
TCGA-05-4245-01A-01-BS1_x13384y7784,13384,7784,13328,7728,112
TCGA-05-4245-01A-01-BS1_x13608y7784,13608,7784,13552,7728,112
TCGA-05-4245-01A-01-BS1_x13720y7784,13720,7784,13664,7728,112
TCGA-05-4245-01A-01-BS1_x13832y7784,13832,7784,13776,7728,112
TCGA-05-4245-01A-01-BS1_x13944y7784,13944,7784,13888,7728,112
TCGA-05-4245-01A-01-BS1_x14056y7784,14056,7784,14000,7728,112
TCGA-05-4245-01A-01-BS1_x14168y7784,14168,7784,14112,7728,112
TCGA-05-4245-01A-01-BS1_x14280y7784,14280,7784,14224,7728,112
TCGA-05-4245-01A-01-BS1_x14392y7784,14392,7784,14336,7728,112
TCGA-05-4245-01A-01-BS1_x14504y7784,14504,7784,14448,7728,112
TCGA-05-4245-01A-01-BS1_x14616y7784,14616,7784,14560,7728,112
TCGA-05-4245-01A-01-BS1_x14728y7784,14728,7784,14672,7728,112
TCGA-05-4245-01A-01-BS1_x14840y7784,14840,7784,14784,7728,112
TCGA-05-4245-01A-01-BS1_x14952y7784,14952,7784,14896,7728,112
TCGA-05-4245-01A-01-BS1_x15064y7784,15064,7784,15008,7728,112
TCGA-05-4245-01A-01-BS1_x15176y7784,15176,7784,15120,7728,112
TCGA-05-4245-01A-01-BS1_x15288y7784,15288,7784,15232,7728,112
TCGA-05-4245-01A-01-BS1_x15400y7784,15400,7784,15344,7728,112
TCGA-05-4245-01A-01-BS1_x15512y7784,15512,7784,15456,7728,112
TCGA-05-4245-01A-01-BS1_x15624y7784,15624,7784,15568,7728,112
TCGA-05-4245-01A-01-BS1_x15736y7784,15736,7784,15680,7728,112
TCGA-05-4245-01A-01-BS1_x15848y7784,15848,7784,15792,7728,112
TCGA-05-4245-01A-01-BS1_x2184y7896,2184,7896,2128,7840,112
TCGA-05-4245-01A-01-BS1_x2296y7896,2296,7896,2240,7840,112
TCGA-05-4245-01A-01-BS1_x2408y7896,2408,7896,2352,7840,112
TCGA-05-4245-01A-01-BS1_x2968y7896,2968,7896,2912,7840,112
TCGA-05-4245-01A-01-BS1_x3080y7896,3080,7896,3024,7840,112
TCGA-05-4245-01A-01-BS1_x3192y7896,3192,7896,3136,7840,112
TCGA-05-4245-01A-01-BS1_x3304y7896,3304,7896,3248,7840,112
TCGA-05-4245-01A-01-BS1_x3416y7896,3416,7896,3360,7840,112
TCGA-05-4245-01A-01-BS1_x3528y7896,3528,7896,3472,7840,112
TCGA-05-4245-01A-01-BS1_x3640y7896,3640,7896,3584,7840,112
TCGA-05-4245-01A-01-BS1_x3752y7896,3752,7896,3696,7840,112
TCGA-05-4245-01A-01-BS1_x3864y7896,3864,7896,3808,7840,112
TCGA-05-4245-01A-01-BS1_x3976y7896,3976,7896,3920,7840,112
TCGA-05-4245-01A-01-BS1_x4088y7896,4088,7896,4032,7840,112
TCGA-05-4245-01A-01-BS1_x4200y7896,4200,7896,4144,7840,112
TCGA-05-4245-01A-01-BS1_x4312y7896,4312,7896,4256,7840,112
TCGA-05-4245-01A-01-BS1_x4424y7896,4424,7896,4368,7840,112
TCGA-05-4245-01A-01-BS1_x4536y7896,4536,7896,4480,7840,112
TCGA-05-4245-01A-01-BS1_x4648y7896,4648,7896,4592,7840,112
TCGA-05-4245-01A-01-BS1_x4760y7896,4760,7896,4704,7840,112
TCGA-05-4245-01A-01-BS1_x4872y7896,4872,7896,4816,7840,112
TCGA-05-4245-01A-01-BS1_x4984y7896,4984,7896,4928,7840,112
TCGA-05-4245-01A-01-BS1_x5096y7896,5096,7896,5040,7840,112
TCGA-05-4245-01A-01-BS1_x5208y7896,5208,7896,5152,7840,112
TCGA-05-4245-01A-01-BS1_x5320y7896,5320,7896,5264,7840,112
TCGA-05-4245-01A-01-BS1_x5432y7896,5432,7896,5376,7840,112
TCGA-05-4245-01A-01-BS1_x5544y7896,5544,7896,5488,7840,112
TCGA-05-4245-01A-01-BS1_x5656y7896,5656,7896,5600,7840,112
TCGA-05-4245-01A-01-BS1_x5768y7896,5768,7896,5712,7840,112
TCGA-05-4245-01A-01-BS1_x5880y7896,5880,7896,5824,7840,112
TCGA-05-4245-01A-01-BS1_x5992y7896,5992,7896,5936,7840,112
TCGA-05-4245-01A-01-BS1_x6104y7896,6104,7896,6048,7840,112
TCGA-05-4245-01A-01-BS1_x6216y7896,6216,7896,6160,7840,112
TCGA-05-4245-01A-01-BS1_x6328y7896,6328,7896,6272,7840,112
TCGA-05-4245-01A-01-BS1_x6440y7896,6440,7896,6384,7840,112
TCGA-05-4245-01A-01-BS1_x6552y7896,6552,7896,6496,7840,112
TCGA-05-4245-01A-01-BS1_x6664y7896,6664,7896,6608,7840,112
TCGA-05-4245-01A-01-BS1_x6776y7896,6776,7896,6720,7840,112
TCGA-05-4245-01A-01-BS1_x6888y7896,6888,7896,6832,7840,112
TCGA-05-4245-01A-01-BS1_x7000y7896,7000,7896,6944,7840,112
TCGA-05-4245-01A-01-BS1_x7112y7896,7112,7896,7056,7840,112
TCGA-05-4245-01A-01-BS1_x7224y7896,7224,7896,7168,7840,112
TCGA-05-4245-01A-01-BS1_x7336y7896,7336,7896,7280,7840,112
TCGA-05-4245-01A-01-BS1_x7448y7896,7448,7896,7392,7840,112
TCGA-05-4245-01A-01-BS1_x7560y7896,7560,7896,7504,7840,112
TCGA-05-4245-01A-01-BS1_x7672y7896,7672,7896,7616,7840,112
TCGA-05-4245-01A-01-BS1_x7784y7896,7784,7896,7728,7840,112
TCGA-05-4245-01A-01-BS1_x7896y7896,7896,7896,7840,7840,112
TCGA-05-4245-01A-01-BS1_x8008y7896,8008,7896,7952,7840,112
TCGA-05-4245-01A-01-BS1_x8120y7896,8120,7896,8064,7840,112
TCGA-05-4245-01A-01-BS1_x8232y7896,8232,7896,8176,7840,112
TCGA-05-4245-01A-01-BS1_x8344y7896,8344,7896,8288,7840,112
TCGA-05-4245-01A-01-BS1_x8456y7896,8456,7896,8400,7840,112
TCGA-05-4245-01A-01-BS1_x8568y7896,8568,7896,8512,7840,112
TCGA-05-4245-01A-01-BS1_x8680y7896,8680,7896,8624,7840,112
TCGA-05-4245-01A-01-BS1_x8792y7896,8792,7896,8736,7840,112
TCGA-05-4245-01A-01-BS1_x8904y7896,8904,7896,8848,7840,112
TCGA-05-4245-01A-01-BS1_x9016y7896,9016,7896,8960,7840,112
TCGA-05-4245-01A-01-BS1_x9128y7896,9128,7896,9072,7840,112
TCGA-05-4245-01A-01-BS1_x9240y7896,9240,7896,9184,7840,112
TCGA-05-4245-01A-01-BS1_x9352y7896,9352,7896,9296,7840,112
TCGA-05-4245-01A-01-BS1_x9464y7896,9464,7896,9408,7840,112
TCGA-05-4245-01A-01-BS1_x9576y7896,9576,7896,9520,7840,112
TCGA-05-4245-01A-01-BS1_x9688y7896,9688,7896,9632,7840,112
TCGA-05-4245-01A-01-BS1_x9800y7896,9800,7896,9744,7840,112
TCGA-05-4245-01A-01-BS1_x9912y7896,9912,7896,9856,7840,112
TCGA-05-4245-01A-01-BS1_x10024y7896,10024,7896,9968,7840,112
TCGA-05-4245-01A-01-BS1_x10136y7896,10136,7896,10080,7840,112
TCGA-05-4245-01A-01-BS1_x10248y7896,10248,7896,10192,7840,112
TCGA-05-4245-01A-01-BS1_x10360y7896,10360,7896,10304,7840,112
TCGA-05-4245-01A-01-BS1_x10472y7896,10472,7896,10416,7840,112
TCGA-05-4245-01A-01-BS1_x10584y7896,10584,7896,10528,7840,112
TCGA-05-4245-01A-01-BS1_x10696y7896,10696,7896,10640,7840,112
TCGA-05-4245-01A-01-BS1_x10808y7896,10808,7896,10752,7840,112
TCGA-05-4245-01A-01-BS1_x10920y7896,10920,7896,10864,7840,112
TCGA-05-4245-01A-01-BS1_x11032y7896,11032,7896,10976,7840,112
TCGA-05-4245-01A-01-BS1_x11144y7896,11144,7896,11088,7840,112
TCGA-05-4245-01A-01-BS1_x11256y7896,11256,7896,11200,7840,112
TCGA-05-4245-01A-01-BS1_x11368y7896,11368,7896,11312,7840,112
TCGA-05-4245-01A-01-BS1_x11480y7896,11480,7896,11424,7840,112
TCGA-05-4245-01A-01-BS1_x11592y7896,11592,7896,11536,7840,112
TCGA-05-4245-01A-01-BS1_x11704y7896,11704,7896,11648,7840,112
TCGA-05-4245-01A-01-BS1_x11816y7896,11816,7896,11760,7840,112
TCGA-05-4245-01A-01-BS1_x11928y7896,11928,7896,11872,7840,112
TCGA-05-4245-01A-01-BS1_x12040y7896,12040,7896,11984,7840,112
TCGA-05-4245-01A-01-BS1_x12152y7896,12152,7896,12096,7840,112
TCGA-05-4245-01A-01-BS1_x12264y7896,12264,7896,12208,7840,112
TCGA-05-4245-01A-01-BS1_x12376y7896,12376,7896,12320,7840,112
TCGA-05-4245-01A-01-BS1_x12488y7896,12488,7896,12432,7840,112
TCGA-05-4245-01A-01-BS1_x12600y7896,12600,7896,12544,7840,112
TCGA-05-4245-01A-01-BS1_x12712y7896,12712,7896,12656,7840,112
TCGA-05-4245-01A-01-BS1_x12824y7896,12824,7896,12768,7840,112
TCGA-05-4245-01A-01-BS1_x12936y7896,12936,7896,12880,7840,112
TCGA-05-4245-01A-01-BS1_x13048y7896,13048,7896,12992,7840,112
TCGA-05-4245-01A-01-BS1_x13160y7896,13160,7896,13104,7840,112
TCGA-05-4245-01A-01-BS1_x13272y7896,13272,7896,13216,7840,112
TCGA-05-4245-01A-01-BS1_x13384y7896,13384,7896,13328,7840,112
TCGA-05-4245-01A-01-BS1_x13496y7896,13496,7896,13440,7840,112
TCGA-05-4245-01A-01-BS1_x13944y7896,13944,7896,13888,7840,112
TCGA-05-4245-01A-01-BS1_x14056y7896,14056,7896,14000,7840,112
TCGA-05-4245-01A-01-BS1_x14168y7896,14168,7896,14112,7840,112
TCGA-05-4245-01A-01-BS1_x14280y7896,14280,7896,14224,7840,112
TCGA-05-4245-01A-01-BS1_x14392y7896,14392,7896,14336,7840,112
TCGA-05-4245-01A-01-BS1_x14504y7896,14504,7896,14448,7840,112
TCGA-05-4245-01A-01-BS1_x14616y7896,14616,7896,14560,7840,112
TCGA-05-4245-01A-01-BS1_x14728y7896,14728,7896,14672,7840,112
TCGA-05-4245-01A-01-BS1_x14840y7896,14840,7896,14784,7840,112
TCGA-05-4245-01A-01-BS1_x14952y7896,14952,7896,14896,7840,112
TCGA-05-4245-01A-01-BS1_x15064y7896,15064,7896,15008,7840,112
TCGA-05-4245-01A-01-BS1_x15176y7896,15176,7896,15120,7840,112
TCGA-05-4245-01A-01-BS1_x15288y7896,15288,7896,15232,7840,112
TCGA-05-4245-01A-01-BS1_x15400y7896,15400,7896,15344,7840,112
TCGA-05-4245-01A-01-BS1_x15512y7896,15512,7896,15456,7840,112
TCGA-05-4245-01A-01-BS1_x15624y7896,15624,7896,15568,7840,112
TCGA-05-4245-01A-01-BS1_x15736y7896,15736,7896,15680,7840,112
TCGA-05-4245-01A-01-BS1_x15848y7896,15848,7896,15792,7840,112
TCGA-05-4245-01A-01-BS1_x2184y8008,2184,8008,2128,7952,112
TCGA-05-4245-01A-01-BS1_x2520y8008,2520,8008,2464,7952,112
TCGA-05-4245-01A-01-BS1_x2632y8008,2632,8008,2576,7952,112
TCGA-05-4245-01A-01-BS1_x2744y8008,2744,8008,2688,7952,112
TCGA-05-4245-01A-01-BS1_x2856y8008,2856,8008,2800,7952,112
TCGA-05-4245-01A-01-BS1_x2968y8008,2968,8008,2912,7952,112
TCGA-05-4245-01A-01-BS1_x3080y8008,3080,8008,3024,7952,112
TCGA-05-4245-01A-01-BS1_x3192y8008,3192,8008,3136,7952,112
TCGA-05-4245-01A-01-BS1_x3304y8008,3304,8008,3248,7952,112
TCGA-05-4245-01A-01-BS1_x3416y8008,3416,8008,3360,7952,112
TCGA-05-4245-01A-01-BS1_x3528y8008,3528,8008,3472,7952,112
TCGA-05-4245-01A-01-BS1_x3640y8008,3640,8008,3584,7952,112
TCGA-05-4245-01A-01-BS1_x3752y8008,3752,8008,3696,7952,112
TCGA-05-4245-01A-01-BS1_x3864y8008,3864,8008,3808,7952,112
TCGA-05-4245-01A-01-BS1_x3976y8008,3976,8008,3920,7952,112
TCGA-05-4245-01A-01-BS1_x4088y8008,4088,8008,4032,7952,112
TCGA-05-4245-01A-01-BS1_x4200y8008,4200,8008,4144,7952,112
TCGA-05-4245-01A-01-BS1_x4312y8008,4312,8008,4256,7952,112
TCGA-05-4245-01A-01-BS1_x4424y8008,4424,8008,4368,7952,112
TCGA-05-4245-01A-01-BS1_x4536y8008,4536,8008,4480,7952,112
TCGA-05-4245-01A-01-BS1_x4648y8008,4648,8008,4592,7952,112
TCGA-05-4245-01A-01-BS1_x4760y8008,4760,8008,4704,7952,112
TCGA-05-4245-01A-01-BS1_x4872y8008,4872,8008,4816,7952,112
TCGA-05-4245-01A-01-BS1_x4984y8008,4984,8008,4928,7952,112
TCGA-05-4245-01A-01-BS1_x5096y8008,5096,8008,5040,7952,112
TCGA-05-4245-01A-01-BS1_x5208y8008,5208,8008,5152,7952,112
TCGA-05-4245-01A-01-BS1_x5320y8008,5320,8008,5264,7952,112
TCGA-05-4245-01A-01-BS1_x5432y8008,5432,8008,5376,7952,112
TCGA-05-4245-01A-01-BS1_x5544y8008,5544,8008,5488,7952,112
TCGA-05-4245-01A-01-BS1_x5656y8008,5656,8008,5600,7952,112
TCGA-05-4245-01A-01-BS1_x5768y8008,5768,8008,5712,7952,112
TCGA-05-4245-01A-01-BS1_x5880y8008,5880,8008,5824,7952,112
TCGA-05-4245-01A-01-BS1_x5992y8008,5992,8008,5936,7952,112
TCGA-05-4245-01A-01-BS1_x6104y8008,6104,8008,6048,7952,112
TCGA-05-4245-01A-01-BS1_x6216y8008,6216,8008,6160,7952,112
TCGA-05-4245-01A-01-BS1_x6328y8008,6328,8008,6272,7952,112
TCGA-05-4245-01A-01-BS1_x6440y8008,6440,8008,6384,7952,112
TCGA-05-4245-01A-01-BS1_x6552y8008,6552,8008,6496,7952,112
TCGA-05-4245-01A-01-BS1_x6664y8008,6664,8008,6608,7952,112
TCGA-05-4245-01A-01-BS1_x6776y8008,6776,8008,6720,7952,112
TCGA-05-4245-01A-01-BS1_x6888y8008,6888,8008,6832,7952,112
TCGA-05-4245-01A-01-BS1_x7000y8008,7000,8008,6944,7952,112
TCGA-05-4245-01A-01-BS1_x7112y8008,7112,8008,7056,7952,112
TCGA-05-4245-01A-01-BS1_x7224y8008,7224,8008,7168,7952,112
TCGA-05-4245-01A-01-BS1_x7336y8008,7336,8008,7280,7952,112
TCGA-05-4245-01A-01-BS1_x7448y8008,7448,8008,7392,7952,112
TCGA-05-4245-01A-01-BS1_x7560y8008,7560,8008,7504,7952,112
TCGA-05-4245-01A-01-BS1_x7672y8008,7672,8008,7616,7952,112
TCGA-05-4245-01A-01-BS1_x7784y8008,7784,8008,7728,7952,112
TCGA-05-4245-01A-01-BS1_x7896y8008,7896,8008,7840,7952,112
TCGA-05-4245-01A-01-BS1_x8008y8008,8008,8008,7952,7952,112
TCGA-05-4245-01A-01-BS1_x8120y8008,8120,8008,8064,7952,112
TCGA-05-4245-01A-01-BS1_x8232y8008,8232,8008,8176,7952,112
TCGA-05-4245-01A-01-BS1_x8344y8008,8344,8008,8288,7952,112
TCGA-05-4245-01A-01-BS1_x8456y8008,8456,8008,8400,7952,112
TCGA-05-4245-01A-01-BS1_x8568y8008,8568,8008,8512,7952,112
TCGA-05-4245-01A-01-BS1_x8680y8008,8680,8008,8624,7952,112
TCGA-05-4245-01A-01-BS1_x8792y8008,8792,8008,8736,7952,112
TCGA-05-4245-01A-01-BS1_x8904y8008,8904,8008,8848,7952,112
TCGA-05-4245-01A-01-BS1_x9016y8008,9016,8008,8960,7952,112
TCGA-05-4245-01A-01-BS1_x9128y8008,9128,8008,9072,7952,112
TCGA-05-4245-01A-01-BS1_x9240y8008,9240,8008,9184,7952,112
TCGA-05-4245-01A-01-BS1_x9352y8008,9352,8008,9296,7952,112
TCGA-05-4245-01A-01-BS1_x9464y8008,9464,8008,9408,7952,112
TCGA-05-4245-01A-01-BS1_x9576y8008,9576,8008,9520,7952,112
TCGA-05-4245-01A-01-BS1_x9688y8008,9688,8008,9632,7952,112
TCGA-05-4245-01A-01-BS1_x9800y8008,9800,8008,9744,7952,112
TCGA-05-4245-01A-01-BS1_x9912y8008,9912,8008,9856,7952,112
TCGA-05-4245-01A-01-BS1_x10024y8008,10024,8008,9968,7952,112
TCGA-05-4245-01A-01-BS1_x10136y8008,10136,8008,10080,7952,112
TCGA-05-4245-01A-01-BS1_x10248y8008,10248,8008,10192,7952,112
TCGA-05-4245-01A-01-BS1_x10360y8008,10360,8008,10304,7952,112
TCGA-05-4245-01A-01-BS1_x10472y8008,10472,8008,10416,7952,112
TCGA-05-4245-01A-01-BS1_x10584y8008,10584,8008,10528,7952,112
TCGA-05-4245-01A-01-BS1_x10696y8008,10696,8008,10640,7952,112
TCGA-05-4245-01A-01-BS1_x10808y8008,10808,8008,10752,7952,112
TCGA-05-4245-01A-01-BS1_x10920y8008,10920,8008,10864,7952,112
TCGA-05-4245-01A-01-BS1_x11032y8008,11032,8008,10976,7952,112
TCGA-05-4245-01A-01-BS1_x11144y8008,11144,8008,11088,7952,112
TCGA-05-4245-01A-01-BS1_x11256y8008,11256,8008,11200,7952,112
TCGA-05-4245-01A-01-BS1_x11368y8008,11368,8008,11312,7952,112
TCGA-05-4245-01A-01-BS1_x11480y8008,11480,8008,11424,7952,112
TCGA-05-4245-01A-01-BS1_x11592y8008,11592,8008,11536,7952,112
TCGA-05-4245-01A-01-BS1_x11704y8008,11704,8008,11648,7952,112
TCGA-05-4245-01A-01-BS1_x11816y8008,11816,8008,11760,7952,112
TCGA-05-4245-01A-01-BS1_x11928y8008,11928,8008,11872,7952,112
TCGA-05-4245-01A-01-BS1_x12040y8008,12040,8008,11984,7952,112
TCGA-05-4245-01A-01-BS1_x12152y8008,12152,8008,12096,7952,112
TCGA-05-4245-01A-01-BS1_x12264y8008,12264,8008,12208,7952,112
TCGA-05-4245-01A-01-BS1_x12376y8008,12376,8008,12320,7952,112
TCGA-05-4245-01A-01-BS1_x12488y8008,12488,8008,12432,7952,112
TCGA-05-4245-01A-01-BS1_x12600y8008,12600,8008,12544,7952,112
TCGA-05-4245-01A-01-BS1_x12712y8008,12712,8008,12656,7952,112
TCGA-05-4245-01A-01-BS1_x12824y8008,12824,8008,12768,7952,112
TCGA-05-4245-01A-01-BS1_x12936y8008,12936,8008,12880,7952,112
TCGA-05-4245-01A-01-BS1_x13048y8008,13048,8008,12992,7952,112
TCGA-05-4245-01A-01-BS1_x13160y8008,13160,8008,13104,7952,112
TCGA-05-4245-01A-01-BS1_x13272y8008,13272,8008,13216,7952,112
TCGA-05-4245-01A-01-BS1_x13384y8008,13384,8008,13328,7952,112
TCGA-05-4245-01A-01-BS1_x13496y8008,13496,8008,13440,7952,112
TCGA-05-4245-01A-01-BS1_x13608y8008,13608,8008,13552,7952,112
TCGA-05-4245-01A-01-BS1_x13720y8008,13720,8008,13664,7952,112
TCGA-05-4245-01A-01-BS1_x13832y8008,13832,8008,13776,7952,112
TCGA-05-4245-01A-01-BS1_x13944y8008,13944,8008,13888,7952,112
TCGA-05-4245-01A-01-BS1_x14056y8008,14056,8008,14000,7952,112
TCGA-05-4245-01A-01-BS1_x14168y8008,14168,8008,14112,7952,112
TCGA-05-4245-01A-01-BS1_x14280y8008,14280,8008,14224,7952,112
TCGA-05-4245-01A-01-BS1_x14392y8008,14392,8008,14336,7952,112
TCGA-05-4245-01A-01-BS1_x14504y8008,14504,8008,14448,7952,112
TCGA-05-4245-01A-01-BS1_x14616y8008,14616,8008,14560,7952,112
TCGA-05-4245-01A-01-BS1_x14728y8008,14728,8008,14672,7952,112
TCGA-05-4245-01A-01-BS1_x14840y8008,14840,8008,14784,7952,112
TCGA-05-4245-01A-01-BS1_x14952y8008,14952,8008,14896,7952,112
TCGA-05-4245-01A-01-BS1_x15064y8008,15064,8008,15008,7952,112
TCGA-05-4245-01A-01-BS1_x15176y8008,15176,8008,15120,7952,112
TCGA-05-4245-01A-01-BS1_x15288y8008,15288,8008,15232,7952,112
TCGA-05-4245-01A-01-BS1_x15400y8008,15400,8008,15344,7952,112
TCGA-05-4245-01A-01-BS1_x15512y8008,15512,8008,15456,7952,112
TCGA-05-4245-01A-01-BS1_x15624y8008,15624,8008,15568,7952,112
TCGA-05-4245-01A-01-BS1_x15736y8008,15736,8008,15680,7952,112
TCGA-05-4245-01A-01-BS1_x15848y8008,15848,8008,15792,7952,112
TCGA-05-4245-01A-01-BS1_x2184y8120,2184,8120,2128,8064,112
TCGA-05-4245-01A-01-BS1_x2296y8120,2296,8120,2240,8064,112
TCGA-05-4245-01A-01-BS1_x2408y8120,2408,8120,2352,8064,112
TCGA-05-4245-01A-01-BS1_x2520y8120,2520,8120,2464,8064,112
TCGA-05-4245-01A-01-BS1_x2632y8120,2632,8120,2576,8064,112
TCGA-05-4245-01A-01-BS1_x2744y8120,2744,8120,2688,8064,112
TCGA-05-4245-01A-01-BS1_x2856y8120,2856,8120,2800,8064,112
TCGA-05-4245-01A-01-BS1_x2968y8120,2968,8120,2912,8064,112
TCGA-05-4245-01A-01-BS1_x3080y8120,3080,8120,3024,8064,112
TCGA-05-4245-01A-01-BS1_x3192y8120,3192,8120,3136,8064,112
TCGA-05-4245-01A-01-BS1_x3304y8120,3304,8120,3248,8064,112
TCGA-05-4245-01A-01-BS1_x3416y8120,3416,8120,3360,8064,112
TCGA-05-4245-01A-01-BS1_x3528y8120,3528,8120,3472,8064,112
TCGA-05-4245-01A-01-BS1_x3640y8120,3640,8120,3584,8064,112
TCGA-05-4245-01A-01-BS1_x3752y8120,3752,8120,3696,8064,112
TCGA-05-4245-01A-01-BS1_x3864y8120,3864,8120,3808,8064,112
TCGA-05-4245-01A-01-BS1_x3976y8120,3976,8120,3920,8064,112
TCGA-05-4245-01A-01-BS1_x4088y8120,4088,8120,4032,8064,112
TCGA-05-4245-01A-01-BS1_x4200y8120,4200,8120,4144,8064,112
TCGA-05-4245-01A-01-BS1_x4312y8120,4312,8120,4256,8064,112
TCGA-05-4245-01A-01-BS1_x4424y8120,4424,8120,4368,8064,112
TCGA-05-4245-01A-01-BS1_x4536y8120,4536,8120,4480,8064,112
TCGA-05-4245-01A-01-BS1_x4648y8120,4648,8120,4592,8064,112
TCGA-05-4245-01A-01-BS1_x4760y8120,4760,8120,4704,8064,112
TCGA-05-4245-01A-01-BS1_x4872y8120,4872,8120,4816,8064,112
TCGA-05-4245-01A-01-BS1_x4984y8120,4984,8120,4928,8064,112
TCGA-05-4245-01A-01-BS1_x5096y8120,5096,8120,5040,8064,112
TCGA-05-4245-01A-01-BS1_x5208y8120,5208,8120,5152,8064,112
TCGA-05-4245-01A-01-BS1_x5320y8120,5320,8120,5264,8064,112
TCGA-05-4245-01A-01-BS1_x5432y8120,5432,8120,5376,8064,112
TCGA-05-4245-01A-01-BS1_x5544y8120,5544,8120,5488,8064,112
TCGA-05-4245-01A-01-BS1_x5656y8120,5656,8120,5600,8064,112
TCGA-05-4245-01A-01-BS1_x5768y8120,5768,8120,5712,8064,112
TCGA-05-4245-01A-01-BS1_x5880y8120,5880,8120,5824,8064,112
TCGA-05-4245-01A-01-BS1_x5992y8120,5992,8120,5936,8064,112
TCGA-05-4245-01A-01-BS1_x6104y8120,6104,8120,6048,8064,112
TCGA-05-4245-01A-01-BS1_x6216y8120,6216,8120,6160,8064,112
TCGA-05-4245-01A-01-BS1_x6328y8120,6328,8120,6272,8064,112
TCGA-05-4245-01A-01-BS1_x6440y8120,6440,8120,6384,8064,112
TCGA-05-4245-01A-01-BS1_x6552y8120,6552,8120,6496,8064,112
TCGA-05-4245-01A-01-BS1_x6664y8120,6664,8120,6608,8064,112
TCGA-05-4245-01A-01-BS1_x6776y8120,6776,8120,6720,8064,112
TCGA-05-4245-01A-01-BS1_x6888y8120,6888,8120,6832,8064,112
TCGA-05-4245-01A-01-BS1_x7000y8120,7000,8120,6944,8064,112
TCGA-05-4245-01A-01-BS1_x7112y8120,7112,8120,7056,8064,112
TCGA-05-4245-01A-01-BS1_x7224y8120,7224,8120,7168,8064,112
TCGA-05-4245-01A-01-BS1_x7336y8120,7336,8120,7280,8064,112
TCGA-05-4245-01A-01-BS1_x7448y8120,7448,8120,7392,8064,112
TCGA-05-4245-01A-01-BS1_x7560y8120,7560,8120,7504,8064,112
TCGA-05-4245-01A-01-BS1_x7672y8120,7672,8120,7616,8064,112
TCGA-05-4245-01A-01-BS1_x7784y8120,7784,8120,7728,8064,112
TCGA-05-4245-01A-01-BS1_x7896y8120,7896,8120,7840,8064,112
TCGA-05-4245-01A-01-BS1_x8008y8120,8008,8120,7952,8064,112
TCGA-05-4245-01A-01-BS1_x8120y8120,8120,8120,8064,8064,112
TCGA-05-4245-01A-01-BS1_x8232y8120,8232,8120,8176,8064,112
TCGA-05-4245-01A-01-BS1_x8344y8120,8344,8120,8288,8064,112
TCGA-05-4245-01A-01-BS1_x8456y8120,8456,8120,8400,8064,112
TCGA-05-4245-01A-01-BS1_x8568y8120,8568,8120,8512,8064,112
TCGA-05-4245-01A-01-BS1_x8680y8120,8680,8120,8624,8064,112
TCGA-05-4245-01A-01-BS1_x8792y8120,8792,8120,8736,8064,112
TCGA-05-4245-01A-01-BS1_x8904y8120,8904,8120,8848,8064,112
TCGA-05-4245-01A-01-BS1_x9016y8120,9016,8120,8960,8064,112
TCGA-05-4245-01A-01-BS1_x9128y8120,9128,8120,9072,8064,112
TCGA-05-4245-01A-01-BS1_x9240y8120,9240,8120,9184,8064,112
TCGA-05-4245-01A-01-BS1_x9352y8120,9352,8120,9296,8064,112
TCGA-05-4245-01A-01-BS1_x9464y8120,9464,8120,9408,8064,112
TCGA-05-4245-01A-01-BS1_x9576y8120,9576,8120,9520,8064,112
TCGA-05-4245-01A-01-BS1_x9688y8120,9688,8120,9632,8064,112
TCGA-05-4245-01A-01-BS1_x9800y8120,9800,8120,9744,8064,112
TCGA-05-4245-01A-01-BS1_x9912y8120,9912,8120,9856,8064,112
TCGA-05-4245-01A-01-BS1_x10024y8120,10024,8120,9968,8064,112
TCGA-05-4245-01A-01-BS1_x10136y8120,10136,8120,10080,8064,112
TCGA-05-4245-01A-01-BS1_x10248y8120,10248,8120,10192,8064,112
TCGA-05-4245-01A-01-BS1_x10360y8120,10360,8120,10304,8064,112
TCGA-05-4245-01A-01-BS1_x10472y8120,10472,8120,10416,8064,112
TCGA-05-4245-01A-01-BS1_x10584y8120,10584,8120,10528,8064,112
TCGA-05-4245-01A-01-BS1_x10696y8120,10696,8120,10640,8064,112
TCGA-05-4245-01A-01-BS1_x10808y8120,10808,8120,10752,8064,112
TCGA-05-4245-01A-01-BS1_x10920y8120,10920,8120,10864,8064,112
TCGA-05-4245-01A-01-BS1_x11032y8120,11032,8120,10976,8064,112
TCGA-05-4245-01A-01-BS1_x11144y8120,11144,8120,11088,8064,112
TCGA-05-4245-01A-01-BS1_x11256y8120,11256,8120,11200,8064,112
TCGA-05-4245-01A-01-BS1_x11368y8120,11368,8120,11312,8064,112
TCGA-05-4245-01A-01-BS1_x11480y8120,11480,8120,11424,8064,112
TCGA-05-4245-01A-01-BS1_x11592y8120,11592,8120,11536,8064,112
TCGA-05-4245-01A-01-BS1_x11704y8120,11704,8120,11648,8064,112
TCGA-05-4245-01A-01-BS1_x11816y8120,11816,8120,11760,8064,112
TCGA-05-4245-01A-01-BS1_x11928y8120,11928,8120,11872,8064,112
TCGA-05-4245-01A-01-BS1_x12040y8120,12040,8120,11984,8064,112
TCGA-05-4245-01A-01-BS1_x12152y8120,12152,8120,12096,8064,112
TCGA-05-4245-01A-01-BS1_x12264y8120,12264,8120,12208,8064,112
TCGA-05-4245-01A-01-BS1_x12376y8120,12376,8120,12320,8064,112
TCGA-05-4245-01A-01-BS1_x12488y8120,12488,8120,12432,8064,112
TCGA-05-4245-01A-01-BS1_x12600y8120,12600,8120,12544,8064,112
TCGA-05-4245-01A-01-BS1_x12712y8120,12712,8120,12656,8064,112
TCGA-05-4245-01A-01-BS1_x12824y8120,12824,8120,12768,8064,112
TCGA-05-4245-01A-01-BS1_x12936y8120,12936,8120,12880,8064,112
TCGA-05-4245-01A-01-BS1_x13048y8120,13048,8120,12992,8064,112
TCGA-05-4245-01A-01-BS1_x13160y8120,13160,8120,13104,8064,112
TCGA-05-4245-01A-01-BS1_x13272y8120,13272,8120,13216,8064,112
TCGA-05-4245-01A-01-BS1_x13384y8120,13384,8120,13328,8064,112
TCGA-05-4245-01A-01-BS1_x13496y8120,13496,8120,13440,8064,112
TCGA-05-4245-01A-01-BS1_x13608y8120,13608,8120,13552,8064,112
TCGA-05-4245-01A-01-BS1_x13720y8120,13720,8120,13664,8064,112
TCGA-05-4245-01A-01-BS1_x13832y8120,13832,8120,13776,8064,112
TCGA-05-4245-01A-01-BS1_x13944y8120,13944,8120,13888,8064,112
TCGA-05-4245-01A-01-BS1_x14056y8120,14056,8120,14000,8064,112
TCGA-05-4245-01A-01-BS1_x14168y8120,14168,8120,14112,8064,112
TCGA-05-4245-01A-01-BS1_x14280y8120,14280,8120,14224,8064,112
TCGA-05-4245-01A-01-BS1_x14392y8120,14392,8120,14336,8064,112
TCGA-05-4245-01A-01-BS1_x14504y8120,14504,8120,14448,8064,112
TCGA-05-4245-01A-01-BS1_x14616y8120,14616,8120,14560,8064,112
TCGA-05-4245-01A-01-BS1_x14728y8120,14728,8120,14672,8064,112
TCGA-05-4245-01A-01-BS1_x14840y8120,14840,8120,14784,8064,112
TCGA-05-4245-01A-01-BS1_x14952y8120,14952,8120,14896,8064,112
TCGA-05-4245-01A-01-BS1_x15064y8120,15064,8120,15008,8064,112
TCGA-05-4245-01A-01-BS1_x15176y8120,15176,8120,15120,8064,112
TCGA-05-4245-01A-01-BS1_x15288y8120,15288,8120,15232,8064,112
TCGA-05-4245-01A-01-BS1_x15400y8120,15400,8120,15344,8064,112
TCGA-05-4245-01A-01-BS1_x15512y8120,15512,8120,15456,8064,112
TCGA-05-4245-01A-01-BS1_x15624y8120,15624,8120,15568,8064,112
TCGA-05-4245-01A-01-BS1_x15736y8120,15736,8120,15680,8064,112
TCGA-05-4245-01A-01-BS1_x2184y8232,2184,8232,2128,8176,112
TCGA-05-4245-01A-01-BS1_x2296y8232,2296,8232,2240,8176,112
TCGA-05-4245-01A-01-BS1_x2408y8232,2408,8232,2352,8176,112
TCGA-05-4245-01A-01-BS1_x2520y8232,2520,8232,2464,8176,112
TCGA-05-4245-01A-01-BS1_x2632y8232,2632,8232,2576,8176,112
TCGA-05-4245-01A-01-BS1_x2744y8232,2744,8232,2688,8176,112
TCGA-05-4245-01A-01-BS1_x2856y8232,2856,8232,2800,8176,112
TCGA-05-4245-01A-01-BS1_x2968y8232,2968,8232,2912,8176,112
TCGA-05-4245-01A-01-BS1_x3080y8232,3080,8232,3024,8176,112
TCGA-05-4245-01A-01-BS1_x3192y8232,3192,8232,3136,8176,112
TCGA-05-4245-01A-01-BS1_x3304y8232,3304,8232,3248,8176,112
TCGA-05-4245-01A-01-BS1_x3416y8232,3416,8232,3360,8176,112
TCGA-05-4245-01A-01-BS1_x3528y8232,3528,8232,3472,8176,112
TCGA-05-4245-01A-01-BS1_x3640y8232,3640,8232,3584,8176,112
TCGA-05-4245-01A-01-BS1_x3752y8232,3752,8232,3696,8176,112
TCGA-05-4245-01A-01-BS1_x3864y8232,3864,8232,3808,8176,112
TCGA-05-4245-01A-01-BS1_x3976y8232,3976,8232,3920,8176,112
TCGA-05-4245-01A-01-BS1_x4088y8232,4088,8232,4032,8176,112
TCGA-05-4245-01A-01-BS1_x4200y8232,4200,8232,4144,8176,112
TCGA-05-4245-01A-01-BS1_x4312y8232,4312,8232,4256,8176,112
TCGA-05-4245-01A-01-BS1_x4424y8232,4424,8232,4368,8176,112
TCGA-05-4245-01A-01-BS1_x4536y8232,4536,8232,4480,8176,112
TCGA-05-4245-01A-01-BS1_x4648y8232,4648,8232,4592,8176,112
TCGA-05-4245-01A-01-BS1_x4760y8232,4760,8232,4704,8176,112
TCGA-05-4245-01A-01-BS1_x4872y8232,4872,8232,4816,8176,112
TCGA-05-4245-01A-01-BS1_x4984y8232,4984,8232,4928,8176,112
TCGA-05-4245-01A-01-BS1_x5096y8232,5096,8232,5040,8176,112
TCGA-05-4245-01A-01-BS1_x5208y8232,5208,8232,5152,8176,112
TCGA-05-4245-01A-01-BS1_x5320y8232,5320,8232,5264,8176,112
TCGA-05-4245-01A-01-BS1_x5432y8232,5432,8232,5376,8176,112
TCGA-05-4245-01A-01-BS1_x5544y8232,5544,8232,5488,8176,112
TCGA-05-4245-01A-01-BS1_x5656y8232,5656,8232,5600,8176,112
TCGA-05-4245-01A-01-BS1_x5768y8232,5768,8232,5712,8176,112
TCGA-05-4245-01A-01-BS1_x5880y8232,5880,8232,5824,8176,112
TCGA-05-4245-01A-01-BS1_x5992y8232,5992,8232,5936,8176,112
TCGA-05-4245-01A-01-BS1_x6104y8232,6104,8232,6048,8176,112
TCGA-05-4245-01A-01-BS1_x6216y8232,6216,8232,6160,8176,112
TCGA-05-4245-01A-01-BS1_x6328y8232,6328,8232,6272,8176,112
TCGA-05-4245-01A-01-BS1_x6440y8232,6440,8232,6384,8176,112
TCGA-05-4245-01A-01-BS1_x6552y8232,6552,8232,6496,8176,112
TCGA-05-4245-01A-01-BS1_x6664y8232,6664,8232,6608,8176,112
TCGA-05-4245-01A-01-BS1_x6776y8232,6776,8232,6720,8176,112
TCGA-05-4245-01A-01-BS1_x6888y8232,6888,8232,6832,8176,112
TCGA-05-4245-01A-01-BS1_x7000y8232,7000,8232,6944,8176,112
TCGA-05-4245-01A-01-BS1_x7112y8232,7112,8232,7056,8176,112
TCGA-05-4245-01A-01-BS1_x7224y8232,7224,8232,7168,8176,112
TCGA-05-4245-01A-01-BS1_x7336y8232,7336,8232,7280,8176,112
TCGA-05-4245-01A-01-BS1_x7448y8232,7448,8232,7392,8176,112
TCGA-05-4245-01A-01-BS1_x7560y8232,7560,8232,7504,8176,112
TCGA-05-4245-01A-01-BS1_x7672y8232,7672,8232,7616,8176,112
TCGA-05-4245-01A-01-BS1_x7784y8232,7784,8232,7728,8176,112
TCGA-05-4245-01A-01-BS1_x7896y8232,7896,8232,7840,8176,112
TCGA-05-4245-01A-01-BS1_x8008y8232,8008,8232,7952,8176,112
TCGA-05-4245-01A-01-BS1_x8120y8232,8120,8232,8064,8176,112
TCGA-05-4245-01A-01-BS1_x8232y8232,8232,8232,8176,8176,112
TCGA-05-4245-01A-01-BS1_x8344y8232,8344,8232,8288,8176,112
TCGA-05-4245-01A-01-BS1_x8456y8232,8456,8232,8400,8176,112
TCGA-05-4245-01A-01-BS1_x8568y8232,8568,8232,8512,8176,112
TCGA-05-4245-01A-01-BS1_x8680y8232,8680,8232,8624,8176,112
TCGA-05-4245-01A-01-BS1_x8792y8232,8792,8232,8736,8176,112
TCGA-05-4245-01A-01-BS1_x8904y8232,8904,8232,8848,8176,112
TCGA-05-4245-01A-01-BS1_x9016y8232,9016,8232,8960,8176,112
TCGA-05-4245-01A-01-BS1_x9128y8232,9128,8232,9072,8176,112
TCGA-05-4245-01A-01-BS1_x9240y8232,9240,8232,9184,8176,112
TCGA-05-4245-01A-01-BS1_x9352y8232,9352,8232,9296,8176,112
TCGA-05-4245-01A-01-BS1_x9464y8232,9464,8232,9408,8176,112
TCGA-05-4245-01A-01-BS1_x9576y8232,9576,8232,9520,8176,112
TCGA-05-4245-01A-01-BS1_x9688y8232,9688,8232,9632,8176,112
TCGA-05-4245-01A-01-BS1_x9800y8232,9800,8232,9744,8176,112
TCGA-05-4245-01A-01-BS1_x9912y8232,9912,8232,9856,8176,112
TCGA-05-4245-01A-01-BS1_x10024y8232,10024,8232,9968,8176,112
TCGA-05-4245-01A-01-BS1_x10136y8232,10136,8232,10080,8176,112
TCGA-05-4245-01A-01-BS1_x10248y8232,10248,8232,10192,8176,112
TCGA-05-4245-01A-01-BS1_x10360y8232,10360,8232,10304,8176,112
TCGA-05-4245-01A-01-BS1_x10472y8232,10472,8232,10416,8176,112
TCGA-05-4245-01A-01-BS1_x10584y8232,10584,8232,10528,8176,112
TCGA-05-4245-01A-01-BS1_x10696y8232,10696,8232,10640,8176,112
TCGA-05-4245-01A-01-BS1_x10808y8232,10808,8232,10752,8176,112
TCGA-05-4245-01A-01-BS1_x10920y8232,10920,8232,10864,8176,112
TCGA-05-4245-01A-01-BS1_x11032y8232,11032,8232,10976,8176,112
TCGA-05-4245-01A-01-BS1_x11144y8232,11144,8232,11088,8176,112
TCGA-05-4245-01A-01-BS1_x11256y8232,11256,8232,11200,8176,112
TCGA-05-4245-01A-01-BS1_x11368y8232,11368,8232,11312,8176,112
TCGA-05-4245-01A-01-BS1_x11480y8232,11480,8232,11424,8176,112
TCGA-05-4245-01A-01-BS1_x11592y8232,11592,8232,11536,8176,112
TCGA-05-4245-01A-01-BS1_x11704y8232,11704,8232,11648,8176,112
TCGA-05-4245-01A-01-BS1_x11816y8232,11816,8232,11760,8176,112
TCGA-05-4245-01A-01-BS1_x11928y8232,11928,8232,11872,8176,112
TCGA-05-4245-01A-01-BS1_x12040y8232,12040,8232,11984,8176,112
TCGA-05-4245-01A-01-BS1_x12152y8232,12152,8232,12096,8176,112
TCGA-05-4245-01A-01-BS1_x12264y8232,12264,8232,12208,8176,112
TCGA-05-4245-01A-01-BS1_x12376y8232,12376,8232,12320,8176,112
TCGA-05-4245-01A-01-BS1_x12488y8232,12488,8232,12432,8176,112
TCGA-05-4245-01A-01-BS1_x12600y8232,12600,8232,12544,8176,112
TCGA-05-4245-01A-01-BS1_x12712y8232,12712,8232,12656,8176,112
TCGA-05-4245-01A-01-BS1_x12824y8232,12824,8232,12768,8176,112
TCGA-05-4245-01A-01-BS1_x12936y8232,12936,8232,12880,8176,112
TCGA-05-4245-01A-01-BS1_x13048y8232,13048,8232,12992,8176,112
TCGA-05-4245-01A-01-BS1_x13160y8232,13160,8232,13104,8176,112
TCGA-05-4245-01A-01-BS1_x13272y8232,13272,8232,13216,8176,112
TCGA-05-4245-01A-01-BS1_x13384y8232,13384,8232,13328,8176,112
TCGA-05-4245-01A-01-BS1_x13496y8232,13496,8232,13440,8176,112
TCGA-05-4245-01A-01-BS1_x13608y8232,13608,8232,13552,8176,112
TCGA-05-4245-01A-01-BS1_x13720y8232,13720,8232,13664,8176,112
TCGA-05-4245-01A-01-BS1_x13832y8232,13832,8232,13776,8176,112
TCGA-05-4245-01A-01-BS1_x13944y8232,13944,8232,13888,8176,112
TCGA-05-4245-01A-01-BS1_x14056y8232,14056,8232,14000,8176,112
TCGA-05-4245-01A-01-BS1_x14168y8232,14168,8232,14112,8176,112
TCGA-05-4245-01A-01-BS1_x14280y8232,14280,8232,14224,8176,112
TCGA-05-4245-01A-01-BS1_x14392y8232,14392,8232,14336,8176,112
TCGA-05-4245-01A-01-BS1_x14504y8232,14504,8232,14448,8176,112
TCGA-05-4245-01A-01-BS1_x14616y8232,14616,8232,14560,8176,112
TCGA-05-4245-01A-01-BS1_x14728y8232,14728,8232,14672,8176,112
TCGA-05-4245-01A-01-BS1_x15288y8232,15288,8232,15232,8176,112
TCGA-05-4245-01A-01-BS1_x15400y8232,15400,8232,15344,8176,112
TCGA-05-4245-01A-01-BS1_x15512y8232,15512,8232,15456,8176,112
TCGA-05-4245-01A-01-BS1_x15624y8232,15624,8232,15568,8176,112
TCGA-05-4245-01A-01-BS1_x15736y8232,15736,8232,15680,8176,112
TCGA-05-4245-01A-01-BS1_x2072y8344,2072,8344,2016,8288,112
TCGA-05-4245-01A-01-BS1_x2184y8344,2184,8344,2128,8288,112
TCGA-05-4245-01A-01-BS1_x2296y8344,2296,8344,2240,8288,112
TCGA-05-4245-01A-01-BS1_x2408y8344,2408,8344,2352,8288,112
TCGA-05-4245-01A-01-BS1_x2520y8344,2520,8344,2464,8288,112
TCGA-05-4245-01A-01-BS1_x2632y8344,2632,8344,2576,8288,112
TCGA-05-4245-01A-01-BS1_x2744y8344,2744,8344,2688,8288,112
TCGA-05-4245-01A-01-BS1_x2856y8344,2856,8344,2800,8288,112
TCGA-05-4245-01A-01-BS1_x2968y8344,2968,8344,2912,8288,112
TCGA-05-4245-01A-01-BS1_x3080y8344,3080,8344,3024,8288,112
TCGA-05-4245-01A-01-BS1_x3192y8344,3192,8344,3136,8288,112
TCGA-05-4245-01A-01-BS1_x3304y8344,3304,8344,3248,8288,112
TCGA-05-4245-01A-01-BS1_x3416y8344,3416,8344,3360,8288,112
TCGA-05-4245-01A-01-BS1_x3528y8344,3528,8344,3472,8288,112
TCGA-05-4245-01A-01-BS1_x3640y8344,3640,8344,3584,8288,112
TCGA-05-4245-01A-01-BS1_x3752y8344,3752,8344,3696,8288,112
TCGA-05-4245-01A-01-BS1_x3864y8344,3864,8344,3808,8288,112
TCGA-05-4245-01A-01-BS1_x3976y8344,3976,8344,3920,8288,112
TCGA-05-4245-01A-01-BS1_x4424y8344,4424,8344,4368,8288,112
TCGA-05-4245-01A-01-BS1_x4536y8344,4536,8344,4480,8288,112
TCGA-05-4245-01A-01-BS1_x4648y8344,4648,8344,4592,8288,112
TCGA-05-4245-01A-01-BS1_x4760y8344,4760,8344,4704,8288,112
TCGA-05-4245-01A-01-BS1_x4872y8344,4872,8344,4816,8288,112
TCGA-05-4245-01A-01-BS1_x4984y8344,4984,8344,4928,8288,112
TCGA-05-4245-01A-01-BS1_x5096y8344,5096,8344,5040,8288,112
TCGA-05-4245-01A-01-BS1_x5208y8344,5208,8344,5152,8288,112
TCGA-05-4245-01A-01-BS1_x5320y8344,5320,8344,5264,8288,112
TCGA-05-4245-01A-01-BS1_x5432y8344,5432,8344,5376,8288,112
TCGA-05-4245-01A-01-BS1_x5544y8344,5544,8344,5488,8288,112
TCGA-05-4245-01A-01-BS1_x5656y8344,5656,8344,5600,8288,112
TCGA-05-4245-01A-01-BS1_x5768y8344,5768,8344,5712,8288,112
TCGA-05-4245-01A-01-BS1_x5880y8344,5880,8344,5824,8288,112
TCGA-05-4245-01A-01-BS1_x5992y8344,5992,8344,5936,8288,112
TCGA-05-4245-01A-01-BS1_x6104y8344,6104,8344,6048,8288,112
TCGA-05-4245-01A-01-BS1_x6216y8344,6216,8344,6160,8288,112
TCGA-05-4245-01A-01-BS1_x6328y8344,6328,8344,6272,8288,112
TCGA-05-4245-01A-01-BS1_x6440y8344,6440,8344,6384,8288,112
TCGA-05-4245-01A-01-BS1_x6552y8344,6552,8344,6496,8288,112
TCGA-05-4245-01A-01-BS1_x6664y8344,6664,8344,6608,8288,112
TCGA-05-4245-01A-01-BS1_x6776y8344,6776,8344,6720,8288,112
TCGA-05-4245-01A-01-BS1_x6888y8344,6888,8344,6832,8288,112
TCGA-05-4245-01A-01-BS1_x7000y8344,7000,8344,6944,8288,112
TCGA-05-4245-01A-01-BS1_x7112y8344,7112,8344,7056,8288,112
TCGA-05-4245-01A-01-BS1_x7224y8344,7224,8344,7168,8288,112
TCGA-05-4245-01A-01-BS1_x7336y8344,7336,8344,7280,8288,112
TCGA-05-4245-01A-01-BS1_x7448y8344,7448,8344,7392,8288,112
TCGA-05-4245-01A-01-BS1_x7560y8344,7560,8344,7504,8288,112
TCGA-05-4245-01A-01-BS1_x7672y8344,7672,8344,7616,8288,112
TCGA-05-4245-01A-01-BS1_x7784y8344,7784,8344,7728,8288,112
TCGA-05-4245-01A-01-BS1_x7896y8344,7896,8344,7840,8288,112
TCGA-05-4245-01A-01-BS1_x8008y8344,8008,8344,7952,8288,112
TCGA-05-4245-01A-01-BS1_x8120y8344,8120,8344,8064,8288,112
TCGA-05-4245-01A-01-BS1_x8232y8344,8232,8344,8176,8288,112
TCGA-05-4245-01A-01-BS1_x8344y8344,8344,8344,8288,8288,112
TCGA-05-4245-01A-01-BS1_x8456y8344,8456,8344,8400,8288,112
TCGA-05-4245-01A-01-BS1_x8568y8344,8568,8344,8512,8288,112
TCGA-05-4245-01A-01-BS1_x8680y8344,8680,8344,8624,8288,112
TCGA-05-4245-01A-01-BS1_x8792y8344,8792,8344,8736,8288,112
TCGA-05-4245-01A-01-BS1_x8904y8344,8904,8344,8848,8288,112
TCGA-05-4245-01A-01-BS1_x9016y8344,9016,8344,8960,8288,112
TCGA-05-4245-01A-01-BS1_x9128y8344,9128,8344,9072,8288,112
TCGA-05-4245-01A-01-BS1_x9240y8344,9240,8344,9184,8288,112
TCGA-05-4245-01A-01-BS1_x9352y8344,9352,8344,9296,8288,112
TCGA-05-4245-01A-01-BS1_x9464y8344,9464,8344,9408,8288,112
TCGA-05-4245-01A-01-BS1_x9576y8344,9576,8344,9520,8288,112
TCGA-05-4245-01A-01-BS1_x9688y8344,9688,8344,9632,8288,112
TCGA-05-4245-01A-01-BS1_x9800y8344,9800,8344,9744,8288,112
TCGA-05-4245-01A-01-BS1_x9912y8344,9912,8344,9856,8288,112
TCGA-05-4245-01A-01-BS1_x10024y8344,10024,8344,9968,8288,112
TCGA-05-4245-01A-01-BS1_x10136y8344,10136,8344,10080,8288,112
TCGA-05-4245-01A-01-BS1_x10248y8344,10248,8344,10192,8288,112
TCGA-05-4245-01A-01-BS1_x10360y8344,10360,8344,10304,8288,112
TCGA-05-4245-01A-01-BS1_x10472y8344,10472,8344,10416,8288,112
TCGA-05-4245-01A-01-BS1_x10584y8344,10584,8344,10528,8288,112
TCGA-05-4245-01A-01-BS1_x10696y8344,10696,8344,10640,8288,112
TCGA-05-4245-01A-01-BS1_x10808y8344,10808,8344,10752,8288,112
TCGA-05-4245-01A-01-BS1_x10920y8344,10920,8344,10864,8288,112
TCGA-05-4245-01A-01-BS1_x11032y8344,11032,8344,10976,8288,112
TCGA-05-4245-01A-01-BS1_x11144y8344,11144,8344,11088,8288,112
TCGA-05-4245-01A-01-BS1_x11256y8344,11256,8344,11200,8288,112
TCGA-05-4245-01A-01-BS1_x11368y8344,11368,8344,11312,8288,112
TCGA-05-4245-01A-01-BS1_x11480y8344,11480,8344,11424,8288,112
TCGA-05-4245-01A-01-BS1_x11592y8344,11592,8344,11536,8288,112
TCGA-05-4245-01A-01-BS1_x11704y8344,11704,8344,11648,8288,112
TCGA-05-4245-01A-01-BS1_x11816y8344,11816,8344,11760,8288,112
TCGA-05-4245-01A-01-BS1_x11928y8344,11928,8344,11872,8288,112
TCGA-05-4245-01A-01-BS1_x12040y8344,12040,8344,11984,8288,112
TCGA-05-4245-01A-01-BS1_x12152y8344,12152,8344,12096,8288,112
TCGA-05-4245-01A-01-BS1_x12264y8344,12264,8344,12208,8288,112
TCGA-05-4245-01A-01-BS1_x12376y8344,12376,8344,12320,8288,112
TCGA-05-4245-01A-01-BS1_x12488y8344,12488,8344,12432,8288,112
TCGA-05-4245-01A-01-BS1_x12600y8344,12600,8344,12544,8288,112
TCGA-05-4245-01A-01-BS1_x12712y8344,12712,8344,12656,8288,112
TCGA-05-4245-01A-01-BS1_x12824y8344,12824,8344,12768,8288,112
TCGA-05-4245-01A-01-BS1_x12936y8344,12936,8344,12880,8288,112
TCGA-05-4245-01A-01-BS1_x13048y8344,13048,8344,12992,8288,112
TCGA-05-4245-01A-01-BS1_x13160y8344,13160,8344,13104,8288,112
TCGA-05-4245-01A-01-BS1_x13272y8344,13272,8344,13216,8288,112
TCGA-05-4245-01A-01-BS1_x13384y8344,13384,8344,13328,8288,112
TCGA-05-4245-01A-01-BS1_x13496y8344,13496,8344,13440,8288,112
TCGA-05-4245-01A-01-BS1_x13608y8344,13608,8344,13552,8288,112
TCGA-05-4245-01A-01-BS1_x13720y8344,13720,8344,13664,8288,112
TCGA-05-4245-01A-01-BS1_x13832y8344,13832,8344,13776,8288,112
TCGA-05-4245-01A-01-BS1_x13944y8344,13944,8344,13888,8288,112
TCGA-05-4245-01A-01-BS1_x14056y8344,14056,8344,14000,8288,112
TCGA-05-4245-01A-01-BS1_x14168y8344,14168,8344,14112,8288,112
TCGA-05-4245-01A-01-BS1_x14280y8344,14280,8344,14224,8288,112
TCGA-05-4245-01A-01-BS1_x14392y8344,14392,8344,14336,8288,112
TCGA-05-4245-01A-01-BS1_x14504y8344,14504,8344,14448,8288,112
TCGA-05-4245-01A-01-BS1_x14616y8344,14616,8344,14560,8288,112
TCGA-05-4245-01A-01-BS1_x14728y8344,14728,8344,14672,8288,112
TCGA-05-4245-01A-01-BS1_x14840y8344,14840,8344,14784,8288,112
TCGA-05-4245-01A-01-BS1_x14952y8344,14952,8344,14896,8288,112
TCGA-05-4245-01A-01-BS1_x15064y8344,15064,8344,15008,8288,112
TCGA-05-4245-01A-01-BS1_x15176y8344,15176,8344,15120,8288,112
TCGA-05-4245-01A-01-BS1_x15288y8344,15288,8344,15232,8288,112
TCGA-05-4245-01A-01-BS1_x15400y8344,15400,8344,15344,8288,112
TCGA-05-4245-01A-01-BS1_x15512y8344,15512,8344,15456,8288,112
TCGA-05-4245-01A-01-BS1_x15624y8344,15624,8344,15568,8288,112
TCGA-05-4245-01A-01-BS1_x15736y8344,15736,8344,15680,8288,112
TCGA-05-4245-01A-01-BS1_x2072y8456,2072,8456,2016,8400,112
TCGA-05-4245-01A-01-BS1_x2184y8456,2184,8456,2128,8400,112
TCGA-05-4245-01A-01-BS1_x2296y8456,2296,8456,2240,8400,112
TCGA-05-4245-01A-01-BS1_x2408y8456,2408,8456,2352,8400,112
TCGA-05-4245-01A-01-BS1_x2520y8456,2520,8456,2464,8400,112
TCGA-05-4245-01A-01-BS1_x2632y8456,2632,8456,2576,8400,112
TCGA-05-4245-01A-01-BS1_x2744y8456,2744,8456,2688,8400,112
TCGA-05-4245-01A-01-BS1_x2856y8456,2856,8456,2800,8400,112
TCGA-05-4245-01A-01-BS1_x2968y8456,2968,8456,2912,8400,112
TCGA-05-4245-01A-01-BS1_x3080y8456,3080,8456,3024,8400,112
TCGA-05-4245-01A-01-BS1_x3192y8456,3192,8456,3136,8400,112
TCGA-05-4245-01A-01-BS1_x3304y8456,3304,8456,3248,8400,112
TCGA-05-4245-01A-01-BS1_x3416y8456,3416,8456,3360,8400,112
TCGA-05-4245-01A-01-BS1_x3528y8456,3528,8456,3472,8400,112
TCGA-05-4245-01A-01-BS1_x3640y8456,3640,8456,3584,8400,112
TCGA-05-4245-01A-01-BS1_x3752y8456,3752,8456,3696,8400,112
TCGA-05-4245-01A-01-BS1_x3864y8456,3864,8456,3808,8400,112
TCGA-05-4245-01A-01-BS1_x3976y8456,3976,8456,3920,8400,112
TCGA-05-4245-01A-01-BS1_x4088y8456,4088,8456,4032,8400,112
TCGA-05-4245-01A-01-BS1_x4200y8456,4200,8456,4144,8400,112
TCGA-05-4245-01A-01-BS1_x4312y8456,4312,8456,4256,8400,112
TCGA-05-4245-01A-01-BS1_x4424y8456,4424,8456,4368,8400,112
TCGA-05-4245-01A-01-BS1_x4536y8456,4536,8456,4480,8400,112
TCGA-05-4245-01A-01-BS1_x4648y8456,4648,8456,4592,8400,112
TCGA-05-4245-01A-01-BS1_x4760y8456,4760,8456,4704,8400,112
TCGA-05-4245-01A-01-BS1_x4872y8456,4872,8456,4816,8400,112
TCGA-05-4245-01A-01-BS1_x4984y8456,4984,8456,4928,8400,112
TCGA-05-4245-01A-01-BS1_x5096y8456,5096,8456,5040,8400,112
TCGA-05-4245-01A-01-BS1_x5208y8456,5208,8456,5152,8400,112
TCGA-05-4245-01A-01-BS1_x5320y8456,5320,8456,5264,8400,112
TCGA-05-4245-01A-01-BS1_x5432y8456,5432,8456,5376,8400,112
TCGA-05-4245-01A-01-BS1_x5544y8456,5544,8456,5488,8400,112
TCGA-05-4245-01A-01-BS1_x5656y8456,5656,8456,5600,8400,112
TCGA-05-4245-01A-01-BS1_x5768y8456,5768,8456,5712,8400,112
TCGA-05-4245-01A-01-BS1_x5880y8456,5880,8456,5824,8400,112
TCGA-05-4245-01A-01-BS1_x5992y8456,5992,8456,5936,8400,112
TCGA-05-4245-01A-01-BS1_x6104y8456,6104,8456,6048,8400,112
TCGA-05-4245-01A-01-BS1_x6216y8456,6216,8456,6160,8400,112
TCGA-05-4245-01A-01-BS1_x6328y8456,6328,8456,6272,8400,112
TCGA-05-4245-01A-01-BS1_x6440y8456,6440,8456,6384,8400,112
TCGA-05-4245-01A-01-BS1_x6552y8456,6552,8456,6496,8400,112
TCGA-05-4245-01A-01-BS1_x6664y8456,6664,8456,6608,8400,112
TCGA-05-4245-01A-01-BS1_x6776y8456,6776,8456,6720,8400,112
TCGA-05-4245-01A-01-BS1_x6888y8456,6888,8456,6832,8400,112
TCGA-05-4245-01A-01-BS1_x7000y8456,7000,8456,6944,8400,112
TCGA-05-4245-01A-01-BS1_x7112y8456,7112,8456,7056,8400,112
TCGA-05-4245-01A-01-BS1_x7224y8456,7224,8456,7168,8400,112
TCGA-05-4245-01A-01-BS1_x7336y8456,7336,8456,7280,8400,112
TCGA-05-4245-01A-01-BS1_x7448y8456,7448,8456,7392,8400,112
TCGA-05-4245-01A-01-BS1_x7560y8456,7560,8456,7504,8400,112
TCGA-05-4245-01A-01-BS1_x7672y8456,7672,8456,7616,8400,112
TCGA-05-4245-01A-01-BS1_x7784y8456,7784,8456,7728,8400,112
TCGA-05-4245-01A-01-BS1_x7896y8456,7896,8456,7840,8400,112
TCGA-05-4245-01A-01-BS1_x8008y8456,8008,8456,7952,8400,112
TCGA-05-4245-01A-01-BS1_x8120y8456,8120,8456,8064,8400,112
TCGA-05-4245-01A-01-BS1_x8232y8456,8232,8456,8176,8400,112
TCGA-05-4245-01A-01-BS1_x8344y8456,8344,8456,8288,8400,112
TCGA-05-4245-01A-01-BS1_x8456y8456,8456,8456,8400,8400,112
TCGA-05-4245-01A-01-BS1_x8568y8456,8568,8456,8512,8400,112
TCGA-05-4245-01A-01-BS1_x8680y8456,8680,8456,8624,8400,112
TCGA-05-4245-01A-01-BS1_x8792y8456,8792,8456,8736,8400,112
TCGA-05-4245-01A-01-BS1_x8904y8456,8904,8456,8848,8400,112
TCGA-05-4245-01A-01-BS1_x9016y8456,9016,8456,8960,8400,112
TCGA-05-4245-01A-01-BS1_x9128y8456,9128,8456,9072,8400,112
TCGA-05-4245-01A-01-BS1_x9240y8456,9240,8456,9184,8400,112
TCGA-05-4245-01A-01-BS1_x9352y8456,9352,8456,9296,8400,112
TCGA-05-4245-01A-01-BS1_x9464y8456,9464,8456,9408,8400,112
TCGA-05-4245-01A-01-BS1_x9576y8456,9576,8456,9520,8400,112
TCGA-05-4245-01A-01-BS1_x9688y8456,9688,8456,9632,8400,112
TCGA-05-4245-01A-01-BS1_x9800y8456,9800,8456,9744,8400,112
TCGA-05-4245-01A-01-BS1_x9912y8456,9912,8456,9856,8400,112
TCGA-05-4245-01A-01-BS1_x10024y8456,10024,8456,9968,8400,112
TCGA-05-4245-01A-01-BS1_x10136y8456,10136,8456,10080,8400,112
TCGA-05-4245-01A-01-BS1_x10248y8456,10248,8456,10192,8400,112
TCGA-05-4245-01A-01-BS1_x10360y8456,10360,8456,10304,8400,112
TCGA-05-4245-01A-01-BS1_x10472y8456,10472,8456,10416,8400,112
TCGA-05-4245-01A-01-BS1_x10584y8456,10584,8456,10528,8400,112
TCGA-05-4245-01A-01-BS1_x10696y8456,10696,8456,10640,8400,112
TCGA-05-4245-01A-01-BS1_x10808y8456,10808,8456,10752,8400,112
TCGA-05-4245-01A-01-BS1_x10920y8456,10920,8456,10864,8400,112
TCGA-05-4245-01A-01-BS1_x11032y8456,11032,8456,10976,8400,112
TCGA-05-4245-01A-01-BS1_x11144y8456,11144,8456,11088,8400,112
TCGA-05-4245-01A-01-BS1_x11256y8456,11256,8456,11200,8400,112
TCGA-05-4245-01A-01-BS1_x11704y8456,11704,8456,11648,8400,112
TCGA-05-4245-01A-01-BS1_x11816y8456,11816,8456,11760,8400,112
TCGA-05-4245-01A-01-BS1_x11928y8456,11928,8456,11872,8400,112
TCGA-05-4245-01A-01-BS1_x12040y8456,12040,8456,11984,8400,112
TCGA-05-4245-01A-01-BS1_x12152y8456,12152,8456,12096,8400,112
TCGA-05-4245-01A-01-BS1_x12264y8456,12264,8456,12208,8400,112
TCGA-05-4245-01A-01-BS1_x12376y8456,12376,8456,12320,8400,112
TCGA-05-4245-01A-01-BS1_x12488y8456,12488,8456,12432,8400,112
TCGA-05-4245-01A-01-BS1_x12600y8456,12600,8456,12544,8400,112
TCGA-05-4245-01A-01-BS1_x12712y8456,12712,8456,12656,8400,112
TCGA-05-4245-01A-01-BS1_x12824y8456,12824,8456,12768,8400,112
TCGA-05-4245-01A-01-BS1_x12936y8456,12936,8456,12880,8400,112
TCGA-05-4245-01A-01-BS1_x13048y8456,13048,8456,12992,8400,112
TCGA-05-4245-01A-01-BS1_x13160y8456,13160,8456,13104,8400,112
TCGA-05-4245-01A-01-BS1_x13272y8456,13272,8456,13216,8400,112
TCGA-05-4245-01A-01-BS1_x13384y8456,13384,8456,13328,8400,112
TCGA-05-4245-01A-01-BS1_x13496y8456,13496,8456,13440,8400,112
TCGA-05-4245-01A-01-BS1_x13608y8456,13608,8456,13552,8400,112
TCGA-05-4245-01A-01-BS1_x13720y8456,13720,8456,13664,8400,112
TCGA-05-4245-01A-01-BS1_x13832y8456,13832,8456,13776,8400,112
TCGA-05-4245-01A-01-BS1_x13944y8456,13944,8456,13888,8400,112
TCGA-05-4245-01A-01-BS1_x14056y8456,14056,8456,14000,8400,112
TCGA-05-4245-01A-01-BS1_x14168y8456,14168,8456,14112,8400,112
TCGA-05-4245-01A-01-BS1_x14280y8456,14280,8456,14224,8400,112
TCGA-05-4245-01A-01-BS1_x14392y8456,14392,8456,14336,8400,112
TCGA-05-4245-01A-01-BS1_x14504y8456,14504,8456,14448,8400,112
TCGA-05-4245-01A-01-BS1_x14616y8456,14616,8456,14560,8400,112
TCGA-05-4245-01A-01-BS1_x14728y8456,14728,8456,14672,8400,112
TCGA-05-4245-01A-01-BS1_x14840y8456,14840,8456,14784,8400,112
TCGA-05-4245-01A-01-BS1_x14952y8456,14952,8456,14896,8400,112
TCGA-05-4245-01A-01-BS1_x15064y8456,15064,8456,15008,8400,112
TCGA-05-4245-01A-01-BS1_x15176y8456,15176,8456,15120,8400,112
TCGA-05-4245-01A-01-BS1_x15288y8456,15288,8456,15232,8400,112
TCGA-05-4245-01A-01-BS1_x15400y8456,15400,8456,15344,8400,112
TCGA-05-4245-01A-01-BS1_x15512y8456,15512,8456,15456,8400,112
TCGA-05-4245-01A-01-BS1_x15624y8456,15624,8456,15568,8400,112
TCGA-05-4245-01A-01-BS1_x2072y8568,2072,8568,2016,8512,112
TCGA-05-4245-01A-01-BS1_x2184y8568,2184,8568,2128,8512,112
TCGA-05-4245-01A-01-BS1_x2296y8568,2296,8568,2240,8512,112
TCGA-05-4245-01A-01-BS1_x2408y8568,2408,8568,2352,8512,112
TCGA-05-4245-01A-01-BS1_x2520y8568,2520,8568,2464,8512,112
TCGA-05-4245-01A-01-BS1_x2632y8568,2632,8568,2576,8512,112
TCGA-05-4245-01A-01-BS1_x2744y8568,2744,8568,2688,8512,112
TCGA-05-4245-01A-01-BS1_x2856y8568,2856,8568,2800,8512,112
TCGA-05-4245-01A-01-BS1_x2968y8568,2968,8568,2912,8512,112
TCGA-05-4245-01A-01-BS1_x3080y8568,3080,8568,3024,8512,112
TCGA-05-4245-01A-01-BS1_x3192y8568,3192,8568,3136,8512,112
TCGA-05-4245-01A-01-BS1_x3304y8568,3304,8568,3248,8512,112
TCGA-05-4245-01A-01-BS1_x3416y8568,3416,8568,3360,8512,112
TCGA-05-4245-01A-01-BS1_x3528y8568,3528,8568,3472,8512,112
TCGA-05-4245-01A-01-BS1_x3640y8568,3640,8568,3584,8512,112
TCGA-05-4245-01A-01-BS1_x3752y8568,3752,8568,3696,8512,112
TCGA-05-4245-01A-01-BS1_x3864y8568,3864,8568,3808,8512,112
TCGA-05-4245-01A-01-BS1_x3976y8568,3976,8568,3920,8512,112
TCGA-05-4245-01A-01-BS1_x4088y8568,4088,8568,4032,8512,112
TCGA-05-4245-01A-01-BS1_x4200y8568,4200,8568,4144,8512,112
TCGA-05-4245-01A-01-BS1_x4312y8568,4312,8568,4256,8512,112
TCGA-05-4245-01A-01-BS1_x4424y8568,4424,8568,4368,8512,112
TCGA-05-4245-01A-01-BS1_x4536y8568,4536,8568,4480,8512,112
TCGA-05-4245-01A-01-BS1_x4648y8568,4648,8568,4592,8512,112
TCGA-05-4245-01A-01-BS1_x4760y8568,4760,8568,4704,8512,112
TCGA-05-4245-01A-01-BS1_x4872y8568,4872,8568,4816,8512,112
TCGA-05-4245-01A-01-BS1_x4984y8568,4984,8568,4928,8512,112
TCGA-05-4245-01A-01-BS1_x5096y8568,5096,8568,5040,8512,112
TCGA-05-4245-01A-01-BS1_x5208y8568,5208,8568,5152,8512,112
TCGA-05-4245-01A-01-BS1_x5320y8568,5320,8568,5264,8512,112
TCGA-05-4245-01A-01-BS1_x5432y8568,5432,8568,5376,8512,112
TCGA-05-4245-01A-01-BS1_x5544y8568,5544,8568,5488,8512,112
TCGA-05-4245-01A-01-BS1_x5656y8568,5656,8568,5600,8512,112
TCGA-05-4245-01A-01-BS1_x5768y8568,5768,8568,5712,8512,112
TCGA-05-4245-01A-01-BS1_x5880y8568,5880,8568,5824,8512,112
TCGA-05-4245-01A-01-BS1_x5992y8568,5992,8568,5936,8512,112
TCGA-05-4245-01A-01-BS1_x6104y8568,6104,8568,6048,8512,112
TCGA-05-4245-01A-01-BS1_x6216y8568,6216,8568,6160,8512,112
TCGA-05-4245-01A-01-BS1_x6328y8568,6328,8568,6272,8512,112
TCGA-05-4245-01A-01-BS1_x6440y8568,6440,8568,6384,8512,112
TCGA-05-4245-01A-01-BS1_x6552y8568,6552,8568,6496,8512,112
TCGA-05-4245-01A-01-BS1_x6664y8568,6664,8568,6608,8512,112
TCGA-05-4245-01A-01-BS1_x6776y8568,6776,8568,6720,8512,112
TCGA-05-4245-01A-01-BS1_x6888y8568,6888,8568,6832,8512,112
TCGA-05-4245-01A-01-BS1_x7000y8568,7000,8568,6944,8512,112
TCGA-05-4245-01A-01-BS1_x7112y8568,7112,8568,7056,8512,112
TCGA-05-4245-01A-01-BS1_x7224y8568,7224,8568,7168,8512,112
TCGA-05-4245-01A-01-BS1_x7336y8568,7336,8568,7280,8512,112
TCGA-05-4245-01A-01-BS1_x7448y8568,7448,8568,7392,8512,112
TCGA-05-4245-01A-01-BS1_x7560y8568,7560,8568,7504,8512,112
TCGA-05-4245-01A-01-BS1_x7672y8568,7672,8568,7616,8512,112
TCGA-05-4245-01A-01-BS1_x7784y8568,7784,8568,7728,8512,112
TCGA-05-4245-01A-01-BS1_x7896y8568,7896,8568,7840,8512,112
TCGA-05-4245-01A-01-BS1_x8008y8568,8008,8568,7952,8512,112
TCGA-05-4245-01A-01-BS1_x8120y8568,8120,8568,8064,8512,112
TCGA-05-4245-01A-01-BS1_x8232y8568,8232,8568,8176,8512,112
TCGA-05-4245-01A-01-BS1_x8344y8568,8344,8568,8288,8512,112
TCGA-05-4245-01A-01-BS1_x8456y8568,8456,8568,8400,8512,112
TCGA-05-4245-01A-01-BS1_x8568y8568,8568,8568,8512,8512,112
TCGA-05-4245-01A-01-BS1_x8680y8568,8680,8568,8624,8512,112
TCGA-05-4245-01A-01-BS1_x8792y8568,8792,8568,8736,8512,112
TCGA-05-4245-01A-01-BS1_x8904y8568,8904,8568,8848,8512,112
TCGA-05-4245-01A-01-BS1_x9016y8568,9016,8568,8960,8512,112
TCGA-05-4245-01A-01-BS1_x9128y8568,9128,8568,9072,8512,112
TCGA-05-4245-01A-01-BS1_x9240y8568,9240,8568,9184,8512,112
TCGA-05-4245-01A-01-BS1_x9352y8568,9352,8568,9296,8512,112
TCGA-05-4245-01A-01-BS1_x9464y8568,9464,8568,9408,8512,112
TCGA-05-4245-01A-01-BS1_x9576y8568,9576,8568,9520,8512,112
TCGA-05-4245-01A-01-BS1_x9688y8568,9688,8568,9632,8512,112
TCGA-05-4245-01A-01-BS1_x9800y8568,9800,8568,9744,8512,112
TCGA-05-4245-01A-01-BS1_x9912y8568,9912,8568,9856,8512,112
TCGA-05-4245-01A-01-BS1_x10024y8568,10024,8568,9968,8512,112
TCGA-05-4245-01A-01-BS1_x10136y8568,10136,8568,10080,8512,112
TCGA-05-4245-01A-01-BS1_x10248y8568,10248,8568,10192,8512,112
TCGA-05-4245-01A-01-BS1_x10360y8568,10360,8568,10304,8512,112
TCGA-05-4245-01A-01-BS1_x10472y8568,10472,8568,10416,8512,112
TCGA-05-4245-01A-01-BS1_x10584y8568,10584,8568,10528,8512,112
TCGA-05-4245-01A-01-BS1_x10696y8568,10696,8568,10640,8512,112
TCGA-05-4245-01A-01-BS1_x10808y8568,10808,8568,10752,8512,112
TCGA-05-4245-01A-01-BS1_x10920y8568,10920,8568,10864,8512,112
TCGA-05-4245-01A-01-BS1_x11032y8568,11032,8568,10976,8512,112
TCGA-05-4245-01A-01-BS1_x11144y8568,11144,8568,11088,8512,112
TCGA-05-4245-01A-01-BS1_x11928y8568,11928,8568,11872,8512,112
TCGA-05-4245-01A-01-BS1_x12040y8568,12040,8568,11984,8512,112
TCGA-05-4245-01A-01-BS1_x12152y8568,12152,8568,12096,8512,112
TCGA-05-4245-01A-01-BS1_x12264y8568,12264,8568,12208,8512,112
TCGA-05-4245-01A-01-BS1_x12376y8568,12376,8568,12320,8512,112
TCGA-05-4245-01A-01-BS1_x12488y8568,12488,8568,12432,8512,112
TCGA-05-4245-01A-01-BS1_x12600y8568,12600,8568,12544,8512,112
TCGA-05-4245-01A-01-BS1_x12712y8568,12712,8568,12656,8512,112
TCGA-05-4245-01A-01-BS1_x12824y8568,12824,8568,12768,8512,112
TCGA-05-4245-01A-01-BS1_x12936y8568,12936,8568,12880,8512,112
TCGA-05-4245-01A-01-BS1_x13048y8568,13048,8568,12992,8512,112
TCGA-05-4245-01A-01-BS1_x13160y8568,13160,8568,13104,8512,112
TCGA-05-4245-01A-01-BS1_x13272y8568,13272,8568,13216,8512,112
TCGA-05-4245-01A-01-BS1_x13384y8568,13384,8568,13328,8512,112
TCGA-05-4245-01A-01-BS1_x13496y8568,13496,8568,13440,8512,112
TCGA-05-4245-01A-01-BS1_x13608y8568,13608,8568,13552,8512,112
TCGA-05-4245-01A-01-BS1_x13720y8568,13720,8568,13664,8512,112
TCGA-05-4245-01A-01-BS1_x13832y8568,13832,8568,13776,8512,112
TCGA-05-4245-01A-01-BS1_x13944y8568,13944,8568,13888,8512,112
TCGA-05-4245-01A-01-BS1_x14056y8568,14056,8568,14000,8512,112
TCGA-05-4245-01A-01-BS1_x14168y8568,14168,8568,14112,8512,112
TCGA-05-4245-01A-01-BS1_x14280y8568,14280,8568,14224,8512,112
TCGA-05-4245-01A-01-BS1_x14392y8568,14392,8568,14336,8512,112
TCGA-05-4245-01A-01-BS1_x14504y8568,14504,8568,14448,8512,112
TCGA-05-4245-01A-01-BS1_x14616y8568,14616,8568,14560,8512,112
TCGA-05-4245-01A-01-BS1_x14728y8568,14728,8568,14672,8512,112
TCGA-05-4245-01A-01-BS1_x14840y8568,14840,8568,14784,8512,112
TCGA-05-4245-01A-01-BS1_x14952y8568,14952,8568,14896,8512,112
TCGA-05-4245-01A-01-BS1_x15064y8568,15064,8568,15008,8512,112
TCGA-05-4245-01A-01-BS1_x15176y8568,15176,8568,15120,8512,112
TCGA-05-4245-01A-01-BS1_x15288y8568,15288,8568,15232,8512,112
TCGA-05-4245-01A-01-BS1_x15400y8568,15400,8568,15344,8512,112
TCGA-05-4245-01A-01-BS1_x15512y8568,15512,8568,15456,8512,112
TCGA-05-4245-01A-01-BS1_x15624y8568,15624,8568,15568,8512,112
TCGA-05-4245-01A-01-BS1_x2072y8680,2072,8680,2016,8624,112
TCGA-05-4245-01A-01-BS1_x2184y8680,2184,8680,2128,8624,112
TCGA-05-4245-01A-01-BS1_x2296y8680,2296,8680,2240,8624,112
TCGA-05-4245-01A-01-BS1_x2408y8680,2408,8680,2352,8624,112
TCGA-05-4245-01A-01-BS1_x2520y8680,2520,8680,2464,8624,112
TCGA-05-4245-01A-01-BS1_x2632y8680,2632,8680,2576,8624,112
TCGA-05-4245-01A-01-BS1_x2744y8680,2744,8680,2688,8624,112
TCGA-05-4245-01A-01-BS1_x2856y8680,2856,8680,2800,8624,112
TCGA-05-4245-01A-01-BS1_x2968y8680,2968,8680,2912,8624,112
TCGA-05-4245-01A-01-BS1_x3080y8680,3080,8680,3024,8624,112
TCGA-05-4245-01A-01-BS1_x3192y8680,3192,8680,3136,8624,112
TCGA-05-4245-01A-01-BS1_x3304y8680,3304,8680,3248,8624,112
TCGA-05-4245-01A-01-BS1_x3416y8680,3416,8680,3360,8624,112
TCGA-05-4245-01A-01-BS1_x3528y8680,3528,8680,3472,8624,112
TCGA-05-4245-01A-01-BS1_x3640y8680,3640,8680,3584,8624,112
TCGA-05-4245-01A-01-BS1_x3752y8680,3752,8680,3696,8624,112
TCGA-05-4245-01A-01-BS1_x3864y8680,3864,8680,3808,8624,112
TCGA-05-4245-01A-01-BS1_x3976y8680,3976,8680,3920,8624,112
TCGA-05-4245-01A-01-BS1_x4088y8680,4088,8680,4032,8624,112
TCGA-05-4245-01A-01-BS1_x4200y8680,4200,8680,4144,8624,112
TCGA-05-4245-01A-01-BS1_x4312y8680,4312,8680,4256,8624,112
TCGA-05-4245-01A-01-BS1_x4424y8680,4424,8680,4368,8624,112
TCGA-05-4245-01A-01-BS1_x4536y8680,4536,8680,4480,8624,112
TCGA-05-4245-01A-01-BS1_x4648y8680,4648,8680,4592,8624,112
TCGA-05-4245-01A-01-BS1_x4760y8680,4760,8680,4704,8624,112
TCGA-05-4245-01A-01-BS1_x4872y8680,4872,8680,4816,8624,112
TCGA-05-4245-01A-01-BS1_x4984y8680,4984,8680,4928,8624,112
TCGA-05-4245-01A-01-BS1_x5096y8680,5096,8680,5040,8624,112
TCGA-05-4245-01A-01-BS1_x5208y8680,5208,8680,5152,8624,112
TCGA-05-4245-01A-01-BS1_x5320y8680,5320,8680,5264,8624,112
TCGA-05-4245-01A-01-BS1_x5432y8680,5432,8680,5376,8624,112
TCGA-05-4245-01A-01-BS1_x5544y8680,5544,8680,5488,8624,112
TCGA-05-4245-01A-01-BS1_x5656y8680,5656,8680,5600,8624,112
TCGA-05-4245-01A-01-BS1_x5768y8680,5768,8680,5712,8624,112
TCGA-05-4245-01A-01-BS1_x5880y8680,5880,8680,5824,8624,112
TCGA-05-4245-01A-01-BS1_x5992y8680,5992,8680,5936,8624,112
TCGA-05-4245-01A-01-BS1_x6104y8680,6104,8680,6048,8624,112
TCGA-05-4245-01A-01-BS1_x6216y8680,6216,8680,6160,8624,112
TCGA-05-4245-01A-01-BS1_x6328y8680,6328,8680,6272,8624,112
TCGA-05-4245-01A-01-BS1_x6440y8680,6440,8680,6384,8624,112
TCGA-05-4245-01A-01-BS1_x6552y8680,6552,8680,6496,8624,112
TCGA-05-4245-01A-01-BS1_x6664y8680,6664,8680,6608,8624,112
TCGA-05-4245-01A-01-BS1_x6776y8680,6776,8680,6720,8624,112
TCGA-05-4245-01A-01-BS1_x6888y8680,6888,8680,6832,8624,112
TCGA-05-4245-01A-01-BS1_x7000y8680,7000,8680,6944,8624,112
TCGA-05-4245-01A-01-BS1_x7112y8680,7112,8680,7056,8624,112
TCGA-05-4245-01A-01-BS1_x7224y8680,7224,8680,7168,8624,112
TCGA-05-4245-01A-01-BS1_x7336y8680,7336,8680,7280,8624,112
TCGA-05-4245-01A-01-BS1_x7448y8680,7448,8680,7392,8624,112
TCGA-05-4245-01A-01-BS1_x7560y8680,7560,8680,7504,8624,112
TCGA-05-4245-01A-01-BS1_x7672y8680,7672,8680,7616,8624,112
TCGA-05-4245-01A-01-BS1_x7784y8680,7784,8680,7728,8624,112
TCGA-05-4245-01A-01-BS1_x7896y8680,7896,8680,7840,8624,112
TCGA-05-4245-01A-01-BS1_x8008y8680,8008,8680,7952,8624,112
TCGA-05-4245-01A-01-BS1_x8120y8680,8120,8680,8064,8624,112
TCGA-05-4245-01A-01-BS1_x8232y8680,8232,8680,8176,8624,112
TCGA-05-4245-01A-01-BS1_x8344y8680,8344,8680,8288,8624,112
TCGA-05-4245-01A-01-BS1_x8456y8680,8456,8680,8400,8624,112
TCGA-05-4245-01A-01-BS1_x8568y8680,8568,8680,8512,8624,112
TCGA-05-4245-01A-01-BS1_x8680y8680,8680,8680,8624,8624,112
TCGA-05-4245-01A-01-BS1_x8792y8680,8792,8680,8736,8624,112
TCGA-05-4245-01A-01-BS1_x8904y8680,8904,8680,8848,8624,112
TCGA-05-4245-01A-01-BS1_x9016y8680,9016,8680,8960,8624,112
TCGA-05-4245-01A-01-BS1_x9128y8680,9128,8680,9072,8624,112
TCGA-05-4245-01A-01-BS1_x9240y8680,9240,8680,9184,8624,112
TCGA-05-4245-01A-01-BS1_x9352y8680,9352,8680,9296,8624,112
TCGA-05-4245-01A-01-BS1_x9464y8680,9464,8680,9408,8624,112
TCGA-05-4245-01A-01-BS1_x9576y8680,9576,8680,9520,8624,112
TCGA-05-4245-01A-01-BS1_x9688y8680,9688,8680,9632,8624,112
TCGA-05-4245-01A-01-BS1_x9800y8680,9800,8680,9744,8624,112
TCGA-05-4245-01A-01-BS1_x9912y8680,9912,8680,9856,8624,112
TCGA-05-4245-01A-01-BS1_x10024y8680,10024,8680,9968,8624,112
TCGA-05-4245-01A-01-BS1_x10136y8680,10136,8680,10080,8624,112
TCGA-05-4245-01A-01-BS1_x10248y8680,10248,8680,10192,8624,112
TCGA-05-4245-01A-01-BS1_x10360y8680,10360,8680,10304,8624,112
TCGA-05-4245-01A-01-BS1_x10472y8680,10472,8680,10416,8624,112
TCGA-05-4245-01A-01-BS1_x10584y8680,10584,8680,10528,8624,112
TCGA-05-4245-01A-01-BS1_x10696y8680,10696,8680,10640,8624,112
TCGA-05-4245-01A-01-BS1_x10808y8680,10808,8680,10752,8624,112
TCGA-05-4245-01A-01-BS1_x10920y8680,10920,8680,10864,8624,112
TCGA-05-4245-01A-01-BS1_x11032y8680,11032,8680,10976,8624,112
TCGA-05-4245-01A-01-BS1_x11144y8680,11144,8680,11088,8624,112
TCGA-05-4245-01A-01-BS1_x11256y8680,11256,8680,11200,8624,112
TCGA-05-4245-01A-01-BS1_x11368y8680,11368,8680,11312,8624,112
TCGA-05-4245-01A-01-BS1_x11928y8680,11928,8680,11872,8624,112
TCGA-05-4245-01A-01-BS1_x12040y8680,12040,8680,11984,8624,112
TCGA-05-4245-01A-01-BS1_x12152y8680,12152,8680,12096,8624,112
TCGA-05-4245-01A-01-BS1_x12264y8680,12264,8680,12208,8624,112
TCGA-05-4245-01A-01-BS1_x12376y8680,12376,8680,12320,8624,112
TCGA-05-4245-01A-01-BS1_x12488y8680,12488,8680,12432,8624,112
TCGA-05-4245-01A-01-BS1_x12600y8680,12600,8680,12544,8624,112
TCGA-05-4245-01A-01-BS1_x12824y8680,12824,8680,12768,8624,112
TCGA-05-4245-01A-01-BS1_x12936y8680,12936,8680,12880,8624,112
TCGA-05-4245-01A-01-BS1_x13048y8680,13048,8680,12992,8624,112
TCGA-05-4245-01A-01-BS1_x13160y8680,13160,8680,13104,8624,112
TCGA-05-4245-01A-01-BS1_x13272y8680,13272,8680,13216,8624,112
TCGA-05-4245-01A-01-BS1_x13384y8680,13384,8680,13328,8624,112
TCGA-05-4245-01A-01-BS1_x13496y8680,13496,8680,13440,8624,112
TCGA-05-4245-01A-01-BS1_x13608y8680,13608,8680,13552,8624,112
TCGA-05-4245-01A-01-BS1_x13720y8680,13720,8680,13664,8624,112
TCGA-05-4245-01A-01-BS1_x13832y8680,13832,8680,13776,8624,112
TCGA-05-4245-01A-01-BS1_x13944y8680,13944,8680,13888,8624,112
TCGA-05-4245-01A-01-BS1_x14056y8680,14056,8680,14000,8624,112
TCGA-05-4245-01A-01-BS1_x14168y8680,14168,8680,14112,8624,112
TCGA-05-4245-01A-01-BS1_x14280y8680,14280,8680,14224,8624,112
TCGA-05-4245-01A-01-BS1_x14392y8680,14392,8680,14336,8624,112
TCGA-05-4245-01A-01-BS1_x14504y8680,14504,8680,14448,8624,112
TCGA-05-4245-01A-01-BS1_x14616y8680,14616,8680,14560,8624,112
TCGA-05-4245-01A-01-BS1_x14728y8680,14728,8680,14672,8624,112
TCGA-05-4245-01A-01-BS1_x14840y8680,14840,8680,14784,8624,112
TCGA-05-4245-01A-01-BS1_x14952y8680,14952,8680,14896,8624,112
TCGA-05-4245-01A-01-BS1_x15064y8680,15064,8680,15008,8624,112
TCGA-05-4245-01A-01-BS1_x15176y8680,15176,8680,15120,8624,112
TCGA-05-4245-01A-01-BS1_x15288y8680,15288,8680,15232,8624,112
TCGA-05-4245-01A-01-BS1_x15400y8680,15400,8680,15344,8624,112
TCGA-05-4245-01A-01-BS1_x15512y8680,15512,8680,15456,8624,112
TCGA-05-4245-01A-01-BS1_x15624y8680,15624,8680,15568,8624,112
TCGA-05-4245-01A-01-BS1_x1960y8792,1960,8792,1904,8736,112
TCGA-05-4245-01A-01-BS1_x2072y8792,2072,8792,2016,8736,112
TCGA-05-4245-01A-01-BS1_x2184y8792,2184,8792,2128,8736,112
TCGA-05-4245-01A-01-BS1_x2296y8792,2296,8792,2240,8736,112
TCGA-05-4245-01A-01-BS1_x2408y8792,2408,8792,2352,8736,112
TCGA-05-4245-01A-01-BS1_x2520y8792,2520,8792,2464,8736,112
TCGA-05-4245-01A-01-BS1_x2632y8792,2632,8792,2576,8736,112
TCGA-05-4245-01A-01-BS1_x2744y8792,2744,8792,2688,8736,112
TCGA-05-4245-01A-01-BS1_x2856y8792,2856,8792,2800,8736,112
TCGA-05-4245-01A-01-BS1_x2968y8792,2968,8792,2912,8736,112
TCGA-05-4245-01A-01-BS1_x3080y8792,3080,8792,3024,8736,112
TCGA-05-4245-01A-01-BS1_x3192y8792,3192,8792,3136,8736,112
TCGA-05-4245-01A-01-BS1_x3304y8792,3304,8792,3248,8736,112
TCGA-05-4245-01A-01-BS1_x3416y8792,3416,8792,3360,8736,112
TCGA-05-4245-01A-01-BS1_x3528y8792,3528,8792,3472,8736,112
TCGA-05-4245-01A-01-BS1_x3640y8792,3640,8792,3584,8736,112
TCGA-05-4245-01A-01-BS1_x3752y8792,3752,8792,3696,8736,112
TCGA-05-4245-01A-01-BS1_x3864y8792,3864,8792,3808,8736,112
TCGA-05-4245-01A-01-BS1_x3976y8792,3976,8792,3920,8736,112
TCGA-05-4245-01A-01-BS1_x4088y8792,4088,8792,4032,8736,112
TCGA-05-4245-01A-01-BS1_x4200y8792,4200,8792,4144,8736,112
TCGA-05-4245-01A-01-BS1_x4312y8792,4312,8792,4256,8736,112
TCGA-05-4245-01A-01-BS1_x4424y8792,4424,8792,4368,8736,112
TCGA-05-4245-01A-01-BS1_x4536y8792,4536,8792,4480,8736,112
TCGA-05-4245-01A-01-BS1_x4648y8792,4648,8792,4592,8736,112
TCGA-05-4245-01A-01-BS1_x4760y8792,4760,8792,4704,8736,112
TCGA-05-4245-01A-01-BS1_x4872y8792,4872,8792,4816,8736,112
TCGA-05-4245-01A-01-BS1_x4984y8792,4984,8792,4928,8736,112
TCGA-05-4245-01A-01-BS1_x5096y8792,5096,8792,5040,8736,112
TCGA-05-4245-01A-01-BS1_x5208y8792,5208,8792,5152,8736,112
TCGA-05-4245-01A-01-BS1_x5320y8792,5320,8792,5264,8736,112
TCGA-05-4245-01A-01-BS1_x5432y8792,5432,8792,5376,8736,112
TCGA-05-4245-01A-01-BS1_x5544y8792,5544,8792,5488,8736,112
TCGA-05-4245-01A-01-BS1_x5656y8792,5656,8792,5600,8736,112
TCGA-05-4245-01A-01-BS1_x5768y8792,5768,8792,5712,8736,112
TCGA-05-4245-01A-01-BS1_x5880y8792,5880,8792,5824,8736,112
TCGA-05-4245-01A-01-BS1_x5992y8792,5992,8792,5936,8736,112
TCGA-05-4245-01A-01-BS1_x6104y8792,6104,8792,6048,8736,112
TCGA-05-4245-01A-01-BS1_x6216y8792,6216,8792,6160,8736,112
TCGA-05-4245-01A-01-BS1_x6328y8792,6328,8792,6272,8736,112
TCGA-05-4245-01A-01-BS1_x6440y8792,6440,8792,6384,8736,112
TCGA-05-4245-01A-01-BS1_x6552y8792,6552,8792,6496,8736,112
TCGA-05-4245-01A-01-BS1_x6664y8792,6664,8792,6608,8736,112
TCGA-05-4245-01A-01-BS1_x6776y8792,6776,8792,6720,8736,112
TCGA-05-4245-01A-01-BS1_x6888y8792,6888,8792,6832,8736,112
TCGA-05-4245-01A-01-BS1_x7000y8792,7000,8792,6944,8736,112
TCGA-05-4245-01A-01-BS1_x7112y8792,7112,8792,7056,8736,112
TCGA-05-4245-01A-01-BS1_x7224y8792,7224,8792,7168,8736,112
TCGA-05-4245-01A-01-BS1_x7336y8792,7336,8792,7280,8736,112
TCGA-05-4245-01A-01-BS1_x7448y8792,7448,8792,7392,8736,112
TCGA-05-4245-01A-01-BS1_x7560y8792,7560,8792,7504,8736,112
TCGA-05-4245-01A-01-BS1_x7672y8792,7672,8792,7616,8736,112
TCGA-05-4245-01A-01-BS1_x7784y8792,7784,8792,7728,8736,112
TCGA-05-4245-01A-01-BS1_x7896y8792,7896,8792,7840,8736,112
TCGA-05-4245-01A-01-BS1_x8008y8792,8008,8792,7952,8736,112
TCGA-05-4245-01A-01-BS1_x8120y8792,8120,8792,8064,8736,112
TCGA-05-4245-01A-01-BS1_x8232y8792,8232,8792,8176,8736,112
TCGA-05-4245-01A-01-BS1_x8344y8792,8344,8792,8288,8736,112
TCGA-05-4245-01A-01-BS1_x8456y8792,8456,8792,8400,8736,112
TCGA-05-4245-01A-01-BS1_x8568y8792,8568,8792,8512,8736,112
TCGA-05-4245-01A-01-BS1_x8680y8792,8680,8792,8624,8736,112
TCGA-05-4245-01A-01-BS1_x8792y8792,8792,8792,8736,8736,112
TCGA-05-4245-01A-01-BS1_x8904y8792,8904,8792,8848,8736,112
TCGA-05-4245-01A-01-BS1_x9016y8792,9016,8792,8960,8736,112
TCGA-05-4245-01A-01-BS1_x9128y8792,9128,8792,9072,8736,112
TCGA-05-4245-01A-01-BS1_x9240y8792,9240,8792,9184,8736,112
TCGA-05-4245-01A-01-BS1_x9352y8792,9352,8792,9296,8736,112
TCGA-05-4245-01A-01-BS1_x9464y8792,9464,8792,9408,8736,112
TCGA-05-4245-01A-01-BS1_x9576y8792,9576,8792,9520,8736,112
TCGA-05-4245-01A-01-BS1_x9688y8792,9688,8792,9632,8736,112
TCGA-05-4245-01A-01-BS1_x9800y8792,9800,8792,9744,8736,112
TCGA-05-4245-01A-01-BS1_x9912y8792,9912,8792,9856,8736,112
TCGA-05-4245-01A-01-BS1_x10024y8792,10024,8792,9968,8736,112
TCGA-05-4245-01A-01-BS1_x10136y8792,10136,8792,10080,8736,112
TCGA-05-4245-01A-01-BS1_x10248y8792,10248,8792,10192,8736,112
TCGA-05-4245-01A-01-BS1_x10360y8792,10360,8792,10304,8736,112
TCGA-05-4245-01A-01-BS1_x10472y8792,10472,8792,10416,8736,112
TCGA-05-4245-01A-01-BS1_x10584y8792,10584,8792,10528,8736,112
TCGA-05-4245-01A-01-BS1_x10696y8792,10696,8792,10640,8736,112
TCGA-05-4245-01A-01-BS1_x10808y8792,10808,8792,10752,8736,112
TCGA-05-4245-01A-01-BS1_x10920y8792,10920,8792,10864,8736,112
TCGA-05-4245-01A-01-BS1_x11032y8792,11032,8792,10976,8736,112
TCGA-05-4245-01A-01-BS1_x11144y8792,11144,8792,11088,8736,112
TCGA-05-4245-01A-01-BS1_x11256y8792,11256,8792,11200,8736,112
TCGA-05-4245-01A-01-BS1_x11368y8792,11368,8792,11312,8736,112
TCGA-05-4245-01A-01-BS1_x11480y8792,11480,8792,11424,8736,112
TCGA-05-4245-01A-01-BS1_x11592y8792,11592,8792,11536,8736,112
TCGA-05-4245-01A-01-BS1_x11704y8792,11704,8792,11648,8736,112
TCGA-05-4245-01A-01-BS1_x11816y8792,11816,8792,11760,8736,112
TCGA-05-4245-01A-01-BS1_x11928y8792,11928,8792,11872,8736,112
TCGA-05-4245-01A-01-BS1_x12040y8792,12040,8792,11984,8736,112
TCGA-05-4245-01A-01-BS1_x12152y8792,12152,8792,12096,8736,112
TCGA-05-4245-01A-01-BS1_x12264y8792,12264,8792,12208,8736,112
TCGA-05-4245-01A-01-BS1_x12376y8792,12376,8792,12320,8736,112
TCGA-05-4245-01A-01-BS1_x12488y8792,12488,8792,12432,8736,112
TCGA-05-4245-01A-01-BS1_x12600y8792,12600,8792,12544,8736,112
TCGA-05-4245-01A-01-BS1_x12712y8792,12712,8792,12656,8736,112
TCGA-05-4245-01A-01-BS1_x12824y8792,12824,8792,12768,8736,112
TCGA-05-4245-01A-01-BS1_x12936y8792,12936,8792,12880,8736,112
TCGA-05-4245-01A-01-BS1_x13048y8792,13048,8792,12992,8736,112
TCGA-05-4245-01A-01-BS1_x13160y8792,13160,8792,13104,8736,112
TCGA-05-4245-01A-01-BS1_x13272y8792,13272,8792,13216,8736,112
TCGA-05-4245-01A-01-BS1_x13384y8792,13384,8792,13328,8736,112
TCGA-05-4245-01A-01-BS1_x13496y8792,13496,8792,13440,8736,112
TCGA-05-4245-01A-01-BS1_x13608y8792,13608,8792,13552,8736,112
TCGA-05-4245-01A-01-BS1_x13720y8792,13720,8792,13664,8736,112
TCGA-05-4245-01A-01-BS1_x13832y8792,13832,8792,13776,8736,112
TCGA-05-4245-01A-01-BS1_x13944y8792,13944,8792,13888,8736,112
TCGA-05-4245-01A-01-BS1_x14056y8792,14056,8792,14000,8736,112
TCGA-05-4245-01A-01-BS1_x14168y8792,14168,8792,14112,8736,112
TCGA-05-4245-01A-01-BS1_x14280y8792,14280,8792,14224,8736,112
TCGA-05-4245-01A-01-BS1_x14392y8792,14392,8792,14336,8736,112
TCGA-05-4245-01A-01-BS1_x14504y8792,14504,8792,14448,8736,112
TCGA-05-4245-01A-01-BS1_x14616y8792,14616,8792,14560,8736,112
TCGA-05-4245-01A-01-BS1_x14728y8792,14728,8792,14672,8736,112
TCGA-05-4245-01A-01-BS1_x14840y8792,14840,8792,14784,8736,112
TCGA-05-4245-01A-01-BS1_x14952y8792,14952,8792,14896,8736,112
TCGA-05-4245-01A-01-BS1_x15064y8792,15064,8792,15008,8736,112
TCGA-05-4245-01A-01-BS1_x15176y8792,15176,8792,15120,8736,112
TCGA-05-4245-01A-01-BS1_x15288y8792,15288,8792,15232,8736,112
TCGA-05-4245-01A-01-BS1_x15400y8792,15400,8792,15344,8736,112
TCGA-05-4245-01A-01-BS1_x15512y8792,15512,8792,15456,8736,112
TCGA-05-4245-01A-01-BS1_x1960y8904,1960,8904,1904,8848,112
TCGA-05-4245-01A-01-BS1_x2072y8904,2072,8904,2016,8848,112
TCGA-05-4245-01A-01-BS1_x2184y8904,2184,8904,2128,8848,112
TCGA-05-4245-01A-01-BS1_x2296y8904,2296,8904,2240,8848,112
TCGA-05-4245-01A-01-BS1_x2408y8904,2408,8904,2352,8848,112
TCGA-05-4245-01A-01-BS1_x2520y8904,2520,8904,2464,8848,112
TCGA-05-4245-01A-01-BS1_x2632y8904,2632,8904,2576,8848,112
TCGA-05-4245-01A-01-BS1_x2744y8904,2744,8904,2688,8848,112
TCGA-05-4245-01A-01-BS1_x2856y8904,2856,8904,2800,8848,112
TCGA-05-4245-01A-01-BS1_x2968y8904,2968,8904,2912,8848,112
TCGA-05-4245-01A-01-BS1_x3080y8904,3080,8904,3024,8848,112
TCGA-05-4245-01A-01-BS1_x3192y8904,3192,8904,3136,8848,112
TCGA-05-4245-01A-01-BS1_x3304y8904,3304,8904,3248,8848,112
TCGA-05-4245-01A-01-BS1_x3416y8904,3416,8904,3360,8848,112
TCGA-05-4245-01A-01-BS1_x3528y8904,3528,8904,3472,8848,112
TCGA-05-4245-01A-01-BS1_x3640y8904,3640,8904,3584,8848,112
TCGA-05-4245-01A-01-BS1_x3752y8904,3752,8904,3696,8848,112
TCGA-05-4245-01A-01-BS1_x3864y8904,3864,8904,3808,8848,112
TCGA-05-4245-01A-01-BS1_x3976y8904,3976,8904,3920,8848,112
TCGA-05-4245-01A-01-BS1_x4088y8904,4088,8904,4032,8848,112
TCGA-05-4245-01A-01-BS1_x4200y8904,4200,8904,4144,8848,112
TCGA-05-4245-01A-01-BS1_x4312y8904,4312,8904,4256,8848,112
TCGA-05-4245-01A-01-BS1_x4424y8904,4424,8904,4368,8848,112
TCGA-05-4245-01A-01-BS1_x4536y8904,4536,8904,4480,8848,112
TCGA-05-4245-01A-01-BS1_x4648y8904,4648,8904,4592,8848,112
TCGA-05-4245-01A-01-BS1_x4760y8904,4760,8904,4704,8848,112
TCGA-05-4245-01A-01-BS1_x4872y8904,4872,8904,4816,8848,112
TCGA-05-4245-01A-01-BS1_x4984y8904,4984,8904,4928,8848,112
TCGA-05-4245-01A-01-BS1_x5096y8904,5096,8904,5040,8848,112
TCGA-05-4245-01A-01-BS1_x5208y8904,5208,8904,5152,8848,112
TCGA-05-4245-01A-01-BS1_x5320y8904,5320,8904,5264,8848,112
TCGA-05-4245-01A-01-BS1_x5432y8904,5432,8904,5376,8848,112
TCGA-05-4245-01A-01-BS1_x5544y8904,5544,8904,5488,8848,112
TCGA-05-4245-01A-01-BS1_x5656y8904,5656,8904,5600,8848,112
TCGA-05-4245-01A-01-BS1_x5768y8904,5768,8904,5712,8848,112
TCGA-05-4245-01A-01-BS1_x5880y8904,5880,8904,5824,8848,112
TCGA-05-4245-01A-01-BS1_x5992y8904,5992,8904,5936,8848,112
TCGA-05-4245-01A-01-BS1_x6104y8904,6104,8904,6048,8848,112
TCGA-05-4245-01A-01-BS1_x6216y8904,6216,8904,6160,8848,112
TCGA-05-4245-01A-01-BS1_x6328y8904,6328,8904,6272,8848,112
TCGA-05-4245-01A-01-BS1_x6440y8904,6440,8904,6384,8848,112
TCGA-05-4245-01A-01-BS1_x6552y8904,6552,8904,6496,8848,112
TCGA-05-4245-01A-01-BS1_x6664y8904,6664,8904,6608,8848,112
TCGA-05-4245-01A-01-BS1_x6776y8904,6776,8904,6720,8848,112
TCGA-05-4245-01A-01-BS1_x6888y8904,6888,8904,6832,8848,112
TCGA-05-4245-01A-01-BS1_x7000y8904,7000,8904,6944,8848,112
TCGA-05-4245-01A-01-BS1_x7112y8904,7112,8904,7056,8848,112
TCGA-05-4245-01A-01-BS1_x7224y8904,7224,8904,7168,8848,112
TCGA-05-4245-01A-01-BS1_x7336y8904,7336,8904,7280,8848,112
TCGA-05-4245-01A-01-BS1_x7448y8904,7448,8904,7392,8848,112
TCGA-05-4245-01A-01-BS1_x7560y8904,7560,8904,7504,8848,112
TCGA-05-4245-01A-01-BS1_x7672y8904,7672,8904,7616,8848,112
TCGA-05-4245-01A-01-BS1_x7784y8904,7784,8904,7728,8848,112
TCGA-05-4245-01A-01-BS1_x7896y8904,7896,8904,7840,8848,112
TCGA-05-4245-01A-01-BS1_x8008y8904,8008,8904,7952,8848,112
TCGA-05-4245-01A-01-BS1_x8120y8904,8120,8904,8064,8848,112
TCGA-05-4245-01A-01-BS1_x8232y8904,8232,8904,8176,8848,112
TCGA-05-4245-01A-01-BS1_x8344y8904,8344,8904,8288,8848,112
TCGA-05-4245-01A-01-BS1_x8456y8904,8456,8904,8400,8848,112
TCGA-05-4245-01A-01-BS1_x8568y8904,8568,8904,8512,8848,112
TCGA-05-4245-01A-01-BS1_x8680y8904,8680,8904,8624,8848,112
TCGA-05-4245-01A-01-BS1_x8792y8904,8792,8904,8736,8848,112
TCGA-05-4245-01A-01-BS1_x8904y8904,8904,8904,8848,8848,112
TCGA-05-4245-01A-01-BS1_x9016y8904,9016,8904,8960,8848,112
TCGA-05-4245-01A-01-BS1_x9128y8904,9128,8904,9072,8848,112
TCGA-05-4245-01A-01-BS1_x9240y8904,9240,8904,9184,8848,112
TCGA-05-4245-01A-01-BS1_x9352y8904,9352,8904,9296,8848,112
TCGA-05-4245-01A-01-BS1_x9464y8904,9464,8904,9408,8848,112
TCGA-05-4245-01A-01-BS1_x9576y8904,9576,8904,9520,8848,112
TCGA-05-4245-01A-01-BS1_x9688y8904,9688,8904,9632,8848,112
TCGA-05-4245-01A-01-BS1_x9800y8904,9800,8904,9744,8848,112
TCGA-05-4245-01A-01-BS1_x9912y8904,9912,8904,9856,8848,112
TCGA-05-4245-01A-01-BS1_x10024y8904,10024,8904,9968,8848,112
TCGA-05-4245-01A-01-BS1_x10136y8904,10136,8904,10080,8848,112
TCGA-05-4245-01A-01-BS1_x10248y8904,10248,8904,10192,8848,112
TCGA-05-4245-01A-01-BS1_x10360y8904,10360,8904,10304,8848,112
TCGA-05-4245-01A-01-BS1_x10472y8904,10472,8904,10416,8848,112
TCGA-05-4245-01A-01-BS1_x10584y8904,10584,8904,10528,8848,112
TCGA-05-4245-01A-01-BS1_x10696y8904,10696,8904,10640,8848,112
TCGA-05-4245-01A-01-BS1_x10808y8904,10808,8904,10752,8848,112
TCGA-05-4245-01A-01-BS1_x10920y8904,10920,8904,10864,8848,112
TCGA-05-4245-01A-01-BS1_x11032y8904,11032,8904,10976,8848,112
TCGA-05-4245-01A-01-BS1_x11144y8904,11144,8904,11088,8848,112
TCGA-05-4245-01A-01-BS1_x11256y8904,11256,8904,11200,8848,112
TCGA-05-4245-01A-01-BS1_x11368y8904,11368,8904,11312,8848,112
TCGA-05-4245-01A-01-BS1_x11480y8904,11480,8904,11424,8848,112
TCGA-05-4245-01A-01-BS1_x11592y8904,11592,8904,11536,8848,112
TCGA-05-4245-01A-01-BS1_x11704y8904,11704,8904,11648,8848,112
TCGA-05-4245-01A-01-BS1_x11816y8904,11816,8904,11760,8848,112
TCGA-05-4245-01A-01-BS1_x11928y8904,11928,8904,11872,8848,112
TCGA-05-4245-01A-01-BS1_x12040y8904,12040,8904,11984,8848,112
TCGA-05-4245-01A-01-BS1_x12152y8904,12152,8904,12096,8848,112
TCGA-05-4245-01A-01-BS1_x12264y8904,12264,8904,12208,8848,112
TCGA-05-4245-01A-01-BS1_x12376y8904,12376,8904,12320,8848,112
TCGA-05-4245-01A-01-BS1_x12488y8904,12488,8904,12432,8848,112
TCGA-05-4245-01A-01-BS1_x12600y8904,12600,8904,12544,8848,112
TCGA-05-4245-01A-01-BS1_x12712y8904,12712,8904,12656,8848,112
TCGA-05-4245-01A-01-BS1_x12824y8904,12824,8904,12768,8848,112
TCGA-05-4245-01A-01-BS1_x12936y8904,12936,8904,12880,8848,112
TCGA-05-4245-01A-01-BS1_x13048y8904,13048,8904,12992,8848,112
TCGA-05-4245-01A-01-BS1_x13160y8904,13160,8904,13104,8848,112
TCGA-05-4245-01A-01-BS1_x13272y8904,13272,8904,13216,8848,112
TCGA-05-4245-01A-01-BS1_x13384y8904,13384,8904,13328,8848,112
TCGA-05-4245-01A-01-BS1_x13496y8904,13496,8904,13440,8848,112
TCGA-05-4245-01A-01-BS1_x13608y8904,13608,8904,13552,8848,112
TCGA-05-4245-01A-01-BS1_x13720y8904,13720,8904,13664,8848,112
TCGA-05-4245-01A-01-BS1_x13832y8904,13832,8904,13776,8848,112
TCGA-05-4245-01A-01-BS1_x13944y8904,13944,8904,13888,8848,112
TCGA-05-4245-01A-01-BS1_x14056y8904,14056,8904,14000,8848,112
TCGA-05-4245-01A-01-BS1_x14168y8904,14168,8904,14112,8848,112
TCGA-05-4245-01A-01-BS1_x14280y8904,14280,8904,14224,8848,112
TCGA-05-4245-01A-01-BS1_x14392y8904,14392,8904,14336,8848,112
TCGA-05-4245-01A-01-BS1_x14504y8904,14504,8904,14448,8848,112
TCGA-05-4245-01A-01-BS1_x14616y8904,14616,8904,14560,8848,112
TCGA-05-4245-01A-01-BS1_x14728y8904,14728,8904,14672,8848,112
TCGA-05-4245-01A-01-BS1_x14840y8904,14840,8904,14784,8848,112
TCGA-05-4245-01A-01-BS1_x14952y8904,14952,8904,14896,8848,112
TCGA-05-4245-01A-01-BS1_x15064y8904,15064,8904,15008,8848,112
TCGA-05-4245-01A-01-BS1_x15176y8904,15176,8904,15120,8848,112
TCGA-05-4245-01A-01-BS1_x15288y8904,15288,8904,15232,8848,112
TCGA-05-4245-01A-01-BS1_x15400y8904,15400,8904,15344,8848,112
TCGA-05-4245-01A-01-BS1_x15512y8904,15512,8904,15456,8848,112
TCGA-05-4245-01A-01-BS1_x1960y9016,1960,9016,1904,8960,112
TCGA-05-4245-01A-01-BS1_x2072y9016,2072,9016,2016,8960,112
TCGA-05-4245-01A-01-BS1_x2184y9016,2184,9016,2128,8960,112
TCGA-05-4245-01A-01-BS1_x2296y9016,2296,9016,2240,8960,112
TCGA-05-4245-01A-01-BS1_x2408y9016,2408,9016,2352,8960,112
TCGA-05-4245-01A-01-BS1_x2520y9016,2520,9016,2464,8960,112
TCGA-05-4245-01A-01-BS1_x2632y9016,2632,9016,2576,8960,112
TCGA-05-4245-01A-01-BS1_x2744y9016,2744,9016,2688,8960,112
TCGA-05-4245-01A-01-BS1_x2856y9016,2856,9016,2800,8960,112
TCGA-05-4245-01A-01-BS1_x2968y9016,2968,9016,2912,8960,112
TCGA-05-4245-01A-01-BS1_x3080y9016,3080,9016,3024,8960,112
TCGA-05-4245-01A-01-BS1_x3192y9016,3192,9016,3136,8960,112
TCGA-05-4245-01A-01-BS1_x3304y9016,3304,9016,3248,8960,112
TCGA-05-4245-01A-01-BS1_x3416y9016,3416,9016,3360,8960,112
TCGA-05-4245-01A-01-BS1_x3528y9016,3528,9016,3472,8960,112
TCGA-05-4245-01A-01-BS1_x3640y9016,3640,9016,3584,8960,112
TCGA-05-4245-01A-01-BS1_x3752y9016,3752,9016,3696,8960,112
TCGA-05-4245-01A-01-BS1_x3864y9016,3864,9016,3808,8960,112
TCGA-05-4245-01A-01-BS1_x3976y9016,3976,9016,3920,8960,112
TCGA-05-4245-01A-01-BS1_x4088y9016,4088,9016,4032,8960,112
TCGA-05-4245-01A-01-BS1_x4200y9016,4200,9016,4144,8960,112
TCGA-05-4245-01A-01-BS1_x4312y9016,4312,9016,4256,8960,112
TCGA-05-4245-01A-01-BS1_x4424y9016,4424,9016,4368,8960,112
TCGA-05-4245-01A-01-BS1_x4536y9016,4536,9016,4480,8960,112
TCGA-05-4245-01A-01-BS1_x4648y9016,4648,9016,4592,8960,112
TCGA-05-4245-01A-01-BS1_x4760y9016,4760,9016,4704,8960,112
TCGA-05-4245-01A-01-BS1_x4872y9016,4872,9016,4816,8960,112
TCGA-05-4245-01A-01-BS1_x4984y9016,4984,9016,4928,8960,112
TCGA-05-4245-01A-01-BS1_x5096y9016,5096,9016,5040,8960,112
TCGA-05-4245-01A-01-BS1_x5208y9016,5208,9016,5152,8960,112
TCGA-05-4245-01A-01-BS1_x5320y9016,5320,9016,5264,8960,112
TCGA-05-4245-01A-01-BS1_x5432y9016,5432,9016,5376,8960,112
TCGA-05-4245-01A-01-BS1_x5544y9016,5544,9016,5488,8960,112
TCGA-05-4245-01A-01-BS1_x5656y9016,5656,9016,5600,8960,112
TCGA-05-4245-01A-01-BS1_x5768y9016,5768,9016,5712,8960,112
TCGA-05-4245-01A-01-BS1_x5880y9016,5880,9016,5824,8960,112
TCGA-05-4245-01A-01-BS1_x5992y9016,5992,9016,5936,8960,112
TCGA-05-4245-01A-01-BS1_x6104y9016,6104,9016,6048,8960,112
TCGA-05-4245-01A-01-BS1_x6216y9016,6216,9016,6160,8960,112
TCGA-05-4245-01A-01-BS1_x6328y9016,6328,9016,6272,8960,112
TCGA-05-4245-01A-01-BS1_x6440y9016,6440,9016,6384,8960,112
TCGA-05-4245-01A-01-BS1_x6552y9016,6552,9016,6496,8960,112
TCGA-05-4245-01A-01-BS1_x6664y9016,6664,9016,6608,8960,112
TCGA-05-4245-01A-01-BS1_x6776y9016,6776,9016,6720,8960,112
TCGA-05-4245-01A-01-BS1_x6888y9016,6888,9016,6832,8960,112
TCGA-05-4245-01A-01-BS1_x7000y9016,7000,9016,6944,8960,112
TCGA-05-4245-01A-01-BS1_x7112y9016,7112,9016,7056,8960,112
TCGA-05-4245-01A-01-BS1_x7224y9016,7224,9016,7168,8960,112
TCGA-05-4245-01A-01-BS1_x7336y9016,7336,9016,7280,8960,112
TCGA-05-4245-01A-01-BS1_x7448y9016,7448,9016,7392,8960,112
TCGA-05-4245-01A-01-BS1_x7560y9016,7560,9016,7504,8960,112
TCGA-05-4245-01A-01-BS1_x7672y9016,7672,9016,7616,8960,112
TCGA-05-4245-01A-01-BS1_x7784y9016,7784,9016,7728,8960,112
TCGA-05-4245-01A-01-BS1_x7896y9016,7896,9016,7840,8960,112
TCGA-05-4245-01A-01-BS1_x8008y9016,8008,9016,7952,8960,112
TCGA-05-4245-01A-01-BS1_x8120y9016,8120,9016,8064,8960,112
TCGA-05-4245-01A-01-BS1_x8232y9016,8232,9016,8176,8960,112
TCGA-05-4245-01A-01-BS1_x8344y9016,8344,9016,8288,8960,112
TCGA-05-4245-01A-01-BS1_x8456y9016,8456,9016,8400,8960,112
TCGA-05-4245-01A-01-BS1_x8568y9016,8568,9016,8512,8960,112
TCGA-05-4245-01A-01-BS1_x8680y9016,8680,9016,8624,8960,112
TCGA-05-4245-01A-01-BS1_x8792y9016,8792,9016,8736,8960,112
TCGA-05-4245-01A-01-BS1_x8904y9016,8904,9016,8848,8960,112
TCGA-05-4245-01A-01-BS1_x9016y9016,9016,9016,8960,8960,112
TCGA-05-4245-01A-01-BS1_x9128y9016,9128,9016,9072,8960,112
TCGA-05-4245-01A-01-BS1_x9240y9016,9240,9016,9184,8960,112
TCGA-05-4245-01A-01-BS1_x9352y9016,9352,9016,9296,8960,112
TCGA-05-4245-01A-01-BS1_x9464y9016,9464,9016,9408,8960,112
TCGA-05-4245-01A-01-BS1_x9576y9016,9576,9016,9520,8960,112
TCGA-05-4245-01A-01-BS1_x9688y9016,9688,9016,9632,8960,112
TCGA-05-4245-01A-01-BS1_x9800y9016,9800,9016,9744,8960,112
TCGA-05-4245-01A-01-BS1_x9912y9016,9912,9016,9856,8960,112
TCGA-05-4245-01A-01-BS1_x10024y9016,10024,9016,9968,8960,112
TCGA-05-4245-01A-01-BS1_x10136y9016,10136,9016,10080,8960,112
TCGA-05-4245-01A-01-BS1_x10248y9016,10248,9016,10192,8960,112
TCGA-05-4245-01A-01-BS1_x10360y9016,10360,9016,10304,8960,112
TCGA-05-4245-01A-01-BS1_x10472y9016,10472,9016,10416,8960,112
TCGA-05-4245-01A-01-BS1_x10584y9016,10584,9016,10528,8960,112
TCGA-05-4245-01A-01-BS1_x10696y9016,10696,9016,10640,8960,112
TCGA-05-4245-01A-01-BS1_x10808y9016,10808,9016,10752,8960,112
TCGA-05-4245-01A-01-BS1_x10920y9016,10920,9016,10864,8960,112
TCGA-05-4245-01A-01-BS1_x11032y9016,11032,9016,10976,8960,112
TCGA-05-4245-01A-01-BS1_x11144y9016,11144,9016,11088,8960,112
TCGA-05-4245-01A-01-BS1_x11256y9016,11256,9016,11200,8960,112
TCGA-05-4245-01A-01-BS1_x11368y9016,11368,9016,11312,8960,112
TCGA-05-4245-01A-01-BS1_x11704y9016,11704,9016,11648,8960,112
TCGA-05-4245-01A-01-BS1_x11816y9016,11816,9016,11760,8960,112
TCGA-05-4245-01A-01-BS1_x11928y9016,11928,9016,11872,8960,112
TCGA-05-4245-01A-01-BS1_x12040y9016,12040,9016,11984,8960,112
TCGA-05-4245-01A-01-BS1_x12152y9016,12152,9016,12096,8960,112
TCGA-05-4245-01A-01-BS1_x12264y9016,12264,9016,12208,8960,112
TCGA-05-4245-01A-01-BS1_x12376y9016,12376,9016,12320,8960,112
TCGA-05-4245-01A-01-BS1_x12488y9016,12488,9016,12432,8960,112
TCGA-05-4245-01A-01-BS1_x12600y9016,12600,9016,12544,8960,112
TCGA-05-4245-01A-01-BS1_x12712y9016,12712,9016,12656,8960,112
TCGA-05-4245-01A-01-BS1_x12824y9016,12824,9016,12768,8960,112
TCGA-05-4245-01A-01-BS1_x12936y9016,12936,9016,12880,8960,112
TCGA-05-4245-01A-01-BS1_x13048y9016,13048,9016,12992,8960,112
TCGA-05-4245-01A-01-BS1_x13160y9016,13160,9016,13104,8960,112
TCGA-05-4245-01A-01-BS1_x13272y9016,13272,9016,13216,8960,112
TCGA-05-4245-01A-01-BS1_x13384y9016,13384,9016,13328,8960,112
TCGA-05-4245-01A-01-BS1_x13496y9016,13496,9016,13440,8960,112
TCGA-05-4245-01A-01-BS1_x13608y9016,13608,9016,13552,8960,112
TCGA-05-4245-01A-01-BS1_x13720y9016,13720,9016,13664,8960,112
TCGA-05-4245-01A-01-BS1_x13832y9016,13832,9016,13776,8960,112
TCGA-05-4245-01A-01-BS1_x13944y9016,13944,9016,13888,8960,112
TCGA-05-4245-01A-01-BS1_x14056y9016,14056,9016,14000,8960,112
TCGA-05-4245-01A-01-BS1_x14168y9016,14168,9016,14112,8960,112
TCGA-05-4245-01A-01-BS1_x14280y9016,14280,9016,14224,8960,112
TCGA-05-4245-01A-01-BS1_x14392y9016,14392,9016,14336,8960,112
TCGA-05-4245-01A-01-BS1_x14504y9016,14504,9016,14448,8960,112
TCGA-05-4245-01A-01-BS1_x14616y9016,14616,9016,14560,8960,112
TCGA-05-4245-01A-01-BS1_x14728y9016,14728,9016,14672,8960,112
TCGA-05-4245-01A-01-BS1_x14840y9016,14840,9016,14784,8960,112
TCGA-05-4245-01A-01-BS1_x14952y9016,14952,9016,14896,8960,112
TCGA-05-4245-01A-01-BS1_x15064y9016,15064,9016,15008,8960,112
TCGA-05-4245-01A-01-BS1_x15176y9016,15176,9016,15120,8960,112
TCGA-05-4245-01A-01-BS1_x15288y9016,15288,9016,15232,8960,112
TCGA-05-4245-01A-01-BS1_x15400y9016,15400,9016,15344,8960,112
TCGA-05-4245-01A-01-BS1_x1960y9128,1960,9128,1904,9072,112
TCGA-05-4245-01A-01-BS1_x2072y9128,2072,9128,2016,9072,112
TCGA-05-4245-01A-01-BS1_x2184y9128,2184,9128,2128,9072,112
TCGA-05-4245-01A-01-BS1_x2296y9128,2296,9128,2240,9072,112
TCGA-05-4245-01A-01-BS1_x2408y9128,2408,9128,2352,9072,112
TCGA-05-4245-01A-01-BS1_x2520y9128,2520,9128,2464,9072,112
TCGA-05-4245-01A-01-BS1_x2632y9128,2632,9128,2576,9072,112
TCGA-05-4245-01A-01-BS1_x2744y9128,2744,9128,2688,9072,112
TCGA-05-4245-01A-01-BS1_x2856y9128,2856,9128,2800,9072,112
TCGA-05-4245-01A-01-BS1_x2968y9128,2968,9128,2912,9072,112
TCGA-05-4245-01A-01-BS1_x3080y9128,3080,9128,3024,9072,112
TCGA-05-4245-01A-01-BS1_x3192y9128,3192,9128,3136,9072,112
TCGA-05-4245-01A-01-BS1_x3304y9128,3304,9128,3248,9072,112
TCGA-05-4245-01A-01-BS1_x3416y9128,3416,9128,3360,9072,112
TCGA-05-4245-01A-01-BS1_x3528y9128,3528,9128,3472,9072,112
TCGA-05-4245-01A-01-BS1_x3640y9128,3640,9128,3584,9072,112
TCGA-05-4245-01A-01-BS1_x3752y9128,3752,9128,3696,9072,112
TCGA-05-4245-01A-01-BS1_x3864y9128,3864,9128,3808,9072,112
TCGA-05-4245-01A-01-BS1_x3976y9128,3976,9128,3920,9072,112
TCGA-05-4245-01A-01-BS1_x4088y9128,4088,9128,4032,9072,112
TCGA-05-4245-01A-01-BS1_x4200y9128,4200,9128,4144,9072,112
TCGA-05-4245-01A-01-BS1_x4312y9128,4312,9128,4256,9072,112
TCGA-05-4245-01A-01-BS1_x4424y9128,4424,9128,4368,9072,112
TCGA-05-4245-01A-01-BS1_x4536y9128,4536,9128,4480,9072,112
TCGA-05-4245-01A-01-BS1_x4648y9128,4648,9128,4592,9072,112
TCGA-05-4245-01A-01-BS1_x4760y9128,4760,9128,4704,9072,112
TCGA-05-4245-01A-01-BS1_x4872y9128,4872,9128,4816,9072,112
TCGA-05-4245-01A-01-BS1_x4984y9128,4984,9128,4928,9072,112
TCGA-05-4245-01A-01-BS1_x5096y9128,5096,9128,5040,9072,112
TCGA-05-4245-01A-01-BS1_x5208y9128,5208,9128,5152,9072,112
TCGA-05-4245-01A-01-BS1_x5320y9128,5320,9128,5264,9072,112
TCGA-05-4245-01A-01-BS1_x5432y9128,5432,9128,5376,9072,112
TCGA-05-4245-01A-01-BS1_x5544y9128,5544,9128,5488,9072,112
TCGA-05-4245-01A-01-BS1_x5656y9128,5656,9128,5600,9072,112
TCGA-05-4245-01A-01-BS1_x5768y9128,5768,9128,5712,9072,112
TCGA-05-4245-01A-01-BS1_x5880y9128,5880,9128,5824,9072,112
TCGA-05-4245-01A-01-BS1_x5992y9128,5992,9128,5936,9072,112
TCGA-05-4245-01A-01-BS1_x6104y9128,6104,9128,6048,9072,112
TCGA-05-4245-01A-01-BS1_x6216y9128,6216,9128,6160,9072,112
TCGA-05-4245-01A-01-BS1_x6328y9128,6328,9128,6272,9072,112
TCGA-05-4245-01A-01-BS1_x6440y9128,6440,9128,6384,9072,112
TCGA-05-4245-01A-01-BS1_x6552y9128,6552,9128,6496,9072,112
TCGA-05-4245-01A-01-BS1_x6664y9128,6664,9128,6608,9072,112
TCGA-05-4245-01A-01-BS1_x6776y9128,6776,9128,6720,9072,112
TCGA-05-4245-01A-01-BS1_x6888y9128,6888,9128,6832,9072,112
TCGA-05-4245-01A-01-BS1_x7000y9128,7000,9128,6944,9072,112
TCGA-05-4245-01A-01-BS1_x7112y9128,7112,9128,7056,9072,112
TCGA-05-4245-01A-01-BS1_x7224y9128,7224,9128,7168,9072,112
TCGA-05-4245-01A-01-BS1_x7336y9128,7336,9128,7280,9072,112
TCGA-05-4245-01A-01-BS1_x7448y9128,7448,9128,7392,9072,112
TCGA-05-4245-01A-01-BS1_x7560y9128,7560,9128,7504,9072,112
TCGA-05-4245-01A-01-BS1_x7672y9128,7672,9128,7616,9072,112
TCGA-05-4245-01A-01-BS1_x7784y9128,7784,9128,7728,9072,112
TCGA-05-4245-01A-01-BS1_x7896y9128,7896,9128,7840,9072,112
TCGA-05-4245-01A-01-BS1_x8008y9128,8008,9128,7952,9072,112
TCGA-05-4245-01A-01-BS1_x8120y9128,8120,9128,8064,9072,112
TCGA-05-4245-01A-01-BS1_x8232y9128,8232,9128,8176,9072,112
TCGA-05-4245-01A-01-BS1_x8344y9128,8344,9128,8288,9072,112
TCGA-05-4245-01A-01-BS1_x8456y9128,8456,9128,8400,9072,112
TCGA-05-4245-01A-01-BS1_x8568y9128,8568,9128,8512,9072,112
TCGA-05-4245-01A-01-BS1_x8680y9128,8680,9128,8624,9072,112
TCGA-05-4245-01A-01-BS1_x8792y9128,8792,9128,8736,9072,112
TCGA-05-4245-01A-01-BS1_x8904y9128,8904,9128,8848,9072,112
TCGA-05-4245-01A-01-BS1_x9016y9128,9016,9128,8960,9072,112
TCGA-05-4245-01A-01-BS1_x9128y9128,9128,9128,9072,9072,112
TCGA-05-4245-01A-01-BS1_x9240y9128,9240,9128,9184,9072,112
TCGA-05-4245-01A-01-BS1_x9352y9128,9352,9128,9296,9072,112
TCGA-05-4245-01A-01-BS1_x9464y9128,9464,9128,9408,9072,112
TCGA-05-4245-01A-01-BS1_x9576y9128,9576,9128,9520,9072,112
TCGA-05-4245-01A-01-BS1_x9688y9128,9688,9128,9632,9072,112
TCGA-05-4245-01A-01-BS1_x9800y9128,9800,9128,9744,9072,112
TCGA-05-4245-01A-01-BS1_x9912y9128,9912,9128,9856,9072,112
TCGA-05-4245-01A-01-BS1_x10024y9128,10024,9128,9968,9072,112
TCGA-05-4245-01A-01-BS1_x10136y9128,10136,9128,10080,9072,112
TCGA-05-4245-01A-01-BS1_x10248y9128,10248,9128,10192,9072,112
TCGA-05-4245-01A-01-BS1_x10360y9128,10360,9128,10304,9072,112
TCGA-05-4245-01A-01-BS1_x10472y9128,10472,9128,10416,9072,112
TCGA-05-4245-01A-01-BS1_x10584y9128,10584,9128,10528,9072,112
TCGA-05-4245-01A-01-BS1_x10696y9128,10696,9128,10640,9072,112
TCGA-05-4245-01A-01-BS1_x10808y9128,10808,9128,10752,9072,112
TCGA-05-4245-01A-01-BS1_x10920y9128,10920,9128,10864,9072,112
TCGA-05-4245-01A-01-BS1_x11032y9128,11032,9128,10976,9072,112
TCGA-05-4245-01A-01-BS1_x11144y9128,11144,9128,11088,9072,112
TCGA-05-4245-01A-01-BS1_x11256y9128,11256,9128,11200,9072,112
TCGA-05-4245-01A-01-BS1_x11368y9128,11368,9128,11312,9072,112
TCGA-05-4245-01A-01-BS1_x11480y9128,11480,9128,11424,9072,112
TCGA-05-4245-01A-01-BS1_x11592y9128,11592,9128,11536,9072,112
TCGA-05-4245-01A-01-BS1_x11704y9128,11704,9128,11648,9072,112
TCGA-05-4245-01A-01-BS1_x11816y9128,11816,9128,11760,9072,112
TCGA-05-4245-01A-01-BS1_x11928y9128,11928,9128,11872,9072,112
TCGA-05-4245-01A-01-BS1_x12040y9128,12040,9128,11984,9072,112
TCGA-05-4245-01A-01-BS1_x12152y9128,12152,9128,12096,9072,112
TCGA-05-4245-01A-01-BS1_x12488y9128,12488,9128,12432,9072,112
TCGA-05-4245-01A-01-BS1_x12600y9128,12600,9128,12544,9072,112
TCGA-05-4245-01A-01-BS1_x12712y9128,12712,9128,12656,9072,112
TCGA-05-4245-01A-01-BS1_x12824y9128,12824,9128,12768,9072,112
TCGA-05-4245-01A-01-BS1_x12936y9128,12936,9128,12880,9072,112
TCGA-05-4245-01A-01-BS1_x13048y9128,13048,9128,12992,9072,112
TCGA-05-4245-01A-01-BS1_x13160y9128,13160,9128,13104,9072,112
TCGA-05-4245-01A-01-BS1_x13272y9128,13272,9128,13216,9072,112
TCGA-05-4245-01A-01-BS1_x13384y9128,13384,9128,13328,9072,112
TCGA-05-4245-01A-01-BS1_x13496y9128,13496,9128,13440,9072,112
TCGA-05-4245-01A-01-BS1_x13608y9128,13608,9128,13552,9072,112
TCGA-05-4245-01A-01-BS1_x13720y9128,13720,9128,13664,9072,112
TCGA-05-4245-01A-01-BS1_x13832y9128,13832,9128,13776,9072,112
TCGA-05-4245-01A-01-BS1_x13944y9128,13944,9128,13888,9072,112
TCGA-05-4245-01A-01-BS1_x14056y9128,14056,9128,14000,9072,112
TCGA-05-4245-01A-01-BS1_x14168y9128,14168,9128,14112,9072,112
TCGA-05-4245-01A-01-BS1_x14280y9128,14280,9128,14224,9072,112
TCGA-05-4245-01A-01-BS1_x14392y9128,14392,9128,14336,9072,112
TCGA-05-4245-01A-01-BS1_x14504y9128,14504,9128,14448,9072,112
TCGA-05-4245-01A-01-BS1_x14616y9128,14616,9128,14560,9072,112
TCGA-05-4245-01A-01-BS1_x14728y9128,14728,9128,14672,9072,112
TCGA-05-4245-01A-01-BS1_x14840y9128,14840,9128,14784,9072,112
TCGA-05-4245-01A-01-BS1_x14952y9128,14952,9128,14896,9072,112
TCGA-05-4245-01A-01-BS1_x15064y9128,15064,9128,15008,9072,112
TCGA-05-4245-01A-01-BS1_x15176y9128,15176,9128,15120,9072,112
TCGA-05-4245-01A-01-BS1_x15288y9128,15288,9128,15232,9072,112
TCGA-05-4245-01A-01-BS1_x15400y9128,15400,9128,15344,9072,112
TCGA-05-4245-01A-01-BS1_x1848y9240,1848,9240,1792,9184,112
TCGA-05-4245-01A-01-BS1_x1960y9240,1960,9240,1904,9184,112
TCGA-05-4245-01A-01-BS1_x2072y9240,2072,9240,2016,9184,112
TCGA-05-4245-01A-01-BS1_x2184y9240,2184,9240,2128,9184,112
TCGA-05-4245-01A-01-BS1_x2296y9240,2296,9240,2240,9184,112
TCGA-05-4245-01A-01-BS1_x2408y9240,2408,9240,2352,9184,112
TCGA-05-4245-01A-01-BS1_x2520y9240,2520,9240,2464,9184,112
TCGA-05-4245-01A-01-BS1_x2632y9240,2632,9240,2576,9184,112
TCGA-05-4245-01A-01-BS1_x2744y9240,2744,9240,2688,9184,112
TCGA-05-4245-01A-01-BS1_x2856y9240,2856,9240,2800,9184,112
TCGA-05-4245-01A-01-BS1_x2968y9240,2968,9240,2912,9184,112
TCGA-05-4245-01A-01-BS1_x3080y9240,3080,9240,3024,9184,112
TCGA-05-4245-01A-01-BS1_x3192y9240,3192,9240,3136,9184,112
TCGA-05-4245-01A-01-BS1_x3304y9240,3304,9240,3248,9184,112
TCGA-05-4245-01A-01-BS1_x3416y9240,3416,9240,3360,9184,112
TCGA-05-4245-01A-01-BS1_x3528y9240,3528,9240,3472,9184,112
TCGA-05-4245-01A-01-BS1_x3640y9240,3640,9240,3584,9184,112
TCGA-05-4245-01A-01-BS1_x3752y9240,3752,9240,3696,9184,112
TCGA-05-4245-01A-01-BS1_x3864y9240,3864,9240,3808,9184,112
TCGA-05-4245-01A-01-BS1_x3976y9240,3976,9240,3920,9184,112
TCGA-05-4245-01A-01-BS1_x4088y9240,4088,9240,4032,9184,112
TCGA-05-4245-01A-01-BS1_x4200y9240,4200,9240,4144,9184,112
TCGA-05-4245-01A-01-BS1_x4312y9240,4312,9240,4256,9184,112
TCGA-05-4245-01A-01-BS1_x4424y9240,4424,9240,4368,9184,112
TCGA-05-4245-01A-01-BS1_x4536y9240,4536,9240,4480,9184,112
TCGA-05-4245-01A-01-BS1_x4648y9240,4648,9240,4592,9184,112
TCGA-05-4245-01A-01-BS1_x4760y9240,4760,9240,4704,9184,112
TCGA-05-4245-01A-01-BS1_x4872y9240,4872,9240,4816,9184,112
TCGA-05-4245-01A-01-BS1_x4984y9240,4984,9240,4928,9184,112
TCGA-05-4245-01A-01-BS1_x5096y9240,5096,9240,5040,9184,112
TCGA-05-4245-01A-01-BS1_x5208y9240,5208,9240,5152,9184,112
TCGA-05-4245-01A-01-BS1_x5320y9240,5320,9240,5264,9184,112
TCGA-05-4245-01A-01-BS1_x5432y9240,5432,9240,5376,9184,112
TCGA-05-4245-01A-01-BS1_x5544y9240,5544,9240,5488,9184,112
TCGA-05-4245-01A-01-BS1_x5656y9240,5656,9240,5600,9184,112
TCGA-05-4245-01A-01-BS1_x5768y9240,5768,9240,5712,9184,112
TCGA-05-4245-01A-01-BS1_x5880y9240,5880,9240,5824,9184,112
TCGA-05-4245-01A-01-BS1_x5992y9240,5992,9240,5936,9184,112
TCGA-05-4245-01A-01-BS1_x6104y9240,6104,9240,6048,9184,112
TCGA-05-4245-01A-01-BS1_x6216y9240,6216,9240,6160,9184,112
TCGA-05-4245-01A-01-BS1_x6328y9240,6328,9240,6272,9184,112
TCGA-05-4245-01A-01-BS1_x6440y9240,6440,9240,6384,9184,112
TCGA-05-4245-01A-01-BS1_x6552y9240,6552,9240,6496,9184,112
TCGA-05-4245-01A-01-BS1_x6664y9240,6664,9240,6608,9184,112
TCGA-05-4245-01A-01-BS1_x6776y9240,6776,9240,6720,9184,112
TCGA-05-4245-01A-01-BS1_x6888y9240,6888,9240,6832,9184,112
TCGA-05-4245-01A-01-BS1_x7000y9240,7000,9240,6944,9184,112
TCGA-05-4245-01A-01-BS1_x7112y9240,7112,9240,7056,9184,112
TCGA-05-4245-01A-01-BS1_x7224y9240,7224,9240,7168,9184,112
TCGA-05-4245-01A-01-BS1_x7336y9240,7336,9240,7280,9184,112
TCGA-05-4245-01A-01-BS1_x7448y9240,7448,9240,7392,9184,112
TCGA-05-4245-01A-01-BS1_x7560y9240,7560,9240,7504,9184,112
TCGA-05-4245-01A-01-BS1_x7672y9240,7672,9240,7616,9184,112
TCGA-05-4245-01A-01-BS1_x7784y9240,7784,9240,7728,9184,112
TCGA-05-4245-01A-01-BS1_x7896y9240,7896,9240,7840,9184,112
TCGA-05-4245-01A-01-BS1_x8232y9240,8232,9240,8176,9184,112
TCGA-05-4245-01A-01-BS1_x8344y9240,8344,9240,8288,9184,112
TCGA-05-4245-01A-01-BS1_x8456y9240,8456,9240,8400,9184,112
TCGA-05-4245-01A-01-BS1_x8568y9240,8568,9240,8512,9184,112
TCGA-05-4245-01A-01-BS1_x8680y9240,8680,9240,8624,9184,112
TCGA-05-4245-01A-01-BS1_x8792y9240,8792,9240,8736,9184,112
TCGA-05-4245-01A-01-BS1_x8904y9240,8904,9240,8848,9184,112
TCGA-05-4245-01A-01-BS1_x9016y9240,9016,9240,8960,9184,112
TCGA-05-4245-01A-01-BS1_x9128y9240,9128,9240,9072,9184,112
TCGA-05-4245-01A-01-BS1_x9240y9240,9240,9240,9184,9184,112
TCGA-05-4245-01A-01-BS1_x9352y9240,9352,9240,9296,9184,112
TCGA-05-4245-01A-01-BS1_x9464y9240,9464,9240,9408,9184,112
TCGA-05-4245-01A-01-BS1_x9576y9240,9576,9240,9520,9184,112
TCGA-05-4245-01A-01-BS1_x9688y9240,9688,9240,9632,9184,112
TCGA-05-4245-01A-01-BS1_x9800y9240,9800,9240,9744,9184,112
TCGA-05-4245-01A-01-BS1_x9912y9240,9912,9240,9856,9184,112
TCGA-05-4245-01A-01-BS1_x10024y9240,10024,9240,9968,9184,112
TCGA-05-4245-01A-01-BS1_x10136y9240,10136,9240,10080,9184,112
TCGA-05-4245-01A-01-BS1_x10248y9240,10248,9240,10192,9184,112
TCGA-05-4245-01A-01-BS1_x10360y9240,10360,9240,10304,9184,112
TCGA-05-4245-01A-01-BS1_x10472y9240,10472,9240,10416,9184,112
TCGA-05-4245-01A-01-BS1_x10584y9240,10584,9240,10528,9184,112
TCGA-05-4245-01A-01-BS1_x10696y9240,10696,9240,10640,9184,112
TCGA-05-4245-01A-01-BS1_x10808y9240,10808,9240,10752,9184,112
TCGA-05-4245-01A-01-BS1_x10920y9240,10920,9240,10864,9184,112
TCGA-05-4245-01A-01-BS1_x11032y9240,11032,9240,10976,9184,112
TCGA-05-4245-01A-01-BS1_x11144y9240,11144,9240,11088,9184,112
TCGA-05-4245-01A-01-BS1_x11256y9240,11256,9240,11200,9184,112
TCGA-05-4245-01A-01-BS1_x11368y9240,11368,9240,11312,9184,112
TCGA-05-4245-01A-01-BS1_x11480y9240,11480,9240,11424,9184,112
TCGA-05-4245-01A-01-BS1_x12264y9240,12264,9240,12208,9184,112
TCGA-05-4245-01A-01-BS1_x12376y9240,12376,9240,12320,9184,112
TCGA-05-4245-01A-01-BS1_x12488y9240,12488,9240,12432,9184,112
TCGA-05-4245-01A-01-BS1_x12600y9240,12600,9240,12544,9184,112
TCGA-05-4245-01A-01-BS1_x12712y9240,12712,9240,12656,9184,112
TCGA-05-4245-01A-01-BS1_x12824y9240,12824,9240,12768,9184,112
TCGA-05-4245-01A-01-BS1_x12936y9240,12936,9240,12880,9184,112
TCGA-05-4245-01A-01-BS1_x13048y9240,13048,9240,12992,9184,112
TCGA-05-4245-01A-01-BS1_x13160y9240,13160,9240,13104,9184,112
TCGA-05-4245-01A-01-BS1_x13272y9240,13272,9240,13216,9184,112
TCGA-05-4245-01A-01-BS1_x13384y9240,13384,9240,13328,9184,112
TCGA-05-4245-01A-01-BS1_x13496y9240,13496,9240,13440,9184,112
TCGA-05-4245-01A-01-BS1_x13608y9240,13608,9240,13552,9184,112
TCGA-05-4245-01A-01-BS1_x13720y9240,13720,9240,13664,9184,112
TCGA-05-4245-01A-01-BS1_x13832y9240,13832,9240,13776,9184,112
TCGA-05-4245-01A-01-BS1_x13944y9240,13944,9240,13888,9184,112
TCGA-05-4245-01A-01-BS1_x14056y9240,14056,9240,14000,9184,112
TCGA-05-4245-01A-01-BS1_x14168y9240,14168,9240,14112,9184,112
TCGA-05-4245-01A-01-BS1_x14280y9240,14280,9240,14224,9184,112
TCGA-05-4245-01A-01-BS1_x14392y9240,14392,9240,14336,9184,112
TCGA-05-4245-01A-01-BS1_x14504y9240,14504,9240,14448,9184,112
TCGA-05-4245-01A-01-BS1_x14616y9240,14616,9240,14560,9184,112
TCGA-05-4245-01A-01-BS1_x14728y9240,14728,9240,14672,9184,112
TCGA-05-4245-01A-01-BS1_x14840y9240,14840,9240,14784,9184,112
TCGA-05-4245-01A-01-BS1_x14952y9240,14952,9240,14896,9184,112
TCGA-05-4245-01A-01-BS1_x15064y9240,15064,9240,15008,9184,112
TCGA-05-4245-01A-01-BS1_x15176y9240,15176,9240,15120,9184,112
TCGA-05-4245-01A-01-BS1_x15288y9240,15288,9240,15232,9184,112
TCGA-05-4245-01A-01-BS1_x1848y9352,1848,9352,1792,9296,112
TCGA-05-4245-01A-01-BS1_x1960y9352,1960,9352,1904,9296,112
TCGA-05-4245-01A-01-BS1_x2072y9352,2072,9352,2016,9296,112
TCGA-05-4245-01A-01-BS1_x2184y9352,2184,9352,2128,9296,112
TCGA-05-4245-01A-01-BS1_x2296y9352,2296,9352,2240,9296,112
TCGA-05-4245-01A-01-BS1_x2408y9352,2408,9352,2352,9296,112
TCGA-05-4245-01A-01-BS1_x2520y9352,2520,9352,2464,9296,112
TCGA-05-4245-01A-01-BS1_x2632y9352,2632,9352,2576,9296,112
TCGA-05-4245-01A-01-BS1_x2744y9352,2744,9352,2688,9296,112
TCGA-05-4245-01A-01-BS1_x2856y9352,2856,9352,2800,9296,112
TCGA-05-4245-01A-01-BS1_x2968y9352,2968,9352,2912,9296,112
TCGA-05-4245-01A-01-BS1_x3080y9352,3080,9352,3024,9296,112
TCGA-05-4245-01A-01-BS1_x3192y9352,3192,9352,3136,9296,112
TCGA-05-4245-01A-01-BS1_x3304y9352,3304,9352,3248,9296,112
TCGA-05-4245-01A-01-BS1_x3416y9352,3416,9352,3360,9296,112
TCGA-05-4245-01A-01-BS1_x3528y9352,3528,9352,3472,9296,112
TCGA-05-4245-01A-01-BS1_x3640y9352,3640,9352,3584,9296,112
TCGA-05-4245-01A-01-BS1_x3752y9352,3752,9352,3696,9296,112
TCGA-05-4245-01A-01-BS1_x3864y9352,3864,9352,3808,9296,112
TCGA-05-4245-01A-01-BS1_x3976y9352,3976,9352,3920,9296,112
TCGA-05-4245-01A-01-BS1_x4088y9352,4088,9352,4032,9296,112
TCGA-05-4245-01A-01-BS1_x4200y9352,4200,9352,4144,9296,112
TCGA-05-4245-01A-01-BS1_x4312y9352,4312,9352,4256,9296,112
TCGA-05-4245-01A-01-BS1_x4424y9352,4424,9352,4368,9296,112
TCGA-05-4245-01A-01-BS1_x4536y9352,4536,9352,4480,9296,112
TCGA-05-4245-01A-01-BS1_x4648y9352,4648,9352,4592,9296,112
TCGA-05-4245-01A-01-BS1_x4760y9352,4760,9352,4704,9296,112
TCGA-05-4245-01A-01-BS1_x4872y9352,4872,9352,4816,9296,112
TCGA-05-4245-01A-01-BS1_x4984y9352,4984,9352,4928,9296,112
TCGA-05-4245-01A-01-BS1_x5096y9352,5096,9352,5040,9296,112
TCGA-05-4245-01A-01-BS1_x5208y9352,5208,9352,5152,9296,112
TCGA-05-4245-01A-01-BS1_x5320y9352,5320,9352,5264,9296,112
TCGA-05-4245-01A-01-BS1_x5432y9352,5432,9352,5376,9296,112
TCGA-05-4245-01A-01-BS1_x5544y9352,5544,9352,5488,9296,112
TCGA-05-4245-01A-01-BS1_x5656y9352,5656,9352,5600,9296,112
TCGA-05-4245-01A-01-BS1_x5768y9352,5768,9352,5712,9296,112
TCGA-05-4245-01A-01-BS1_x5880y9352,5880,9352,5824,9296,112
TCGA-05-4245-01A-01-BS1_x5992y9352,5992,9352,5936,9296,112
TCGA-05-4245-01A-01-BS1_x6104y9352,6104,9352,6048,9296,112
TCGA-05-4245-01A-01-BS1_x6216y9352,6216,9352,6160,9296,112
TCGA-05-4245-01A-01-BS1_x6328y9352,6328,9352,6272,9296,112
TCGA-05-4245-01A-01-BS1_x6440y9352,6440,9352,6384,9296,112
TCGA-05-4245-01A-01-BS1_x6552y9352,6552,9352,6496,9296,112
TCGA-05-4245-01A-01-BS1_x6664y9352,6664,9352,6608,9296,112
TCGA-05-4245-01A-01-BS1_x6776y9352,6776,9352,6720,9296,112
TCGA-05-4245-01A-01-BS1_x6888y9352,6888,9352,6832,9296,112
TCGA-05-4245-01A-01-BS1_x7000y9352,7000,9352,6944,9296,112
TCGA-05-4245-01A-01-BS1_x7112y9352,7112,9352,7056,9296,112
TCGA-05-4245-01A-01-BS1_x7224y9352,7224,9352,7168,9296,112
TCGA-05-4245-01A-01-BS1_x7336y9352,7336,9352,7280,9296,112
TCGA-05-4245-01A-01-BS1_x7448y9352,7448,9352,7392,9296,112
TCGA-05-4245-01A-01-BS1_x7560y9352,7560,9352,7504,9296,112
TCGA-05-4245-01A-01-BS1_x7672y9352,7672,9352,7616,9296,112
TCGA-05-4245-01A-01-BS1_x7784y9352,7784,9352,7728,9296,112
TCGA-05-4245-01A-01-BS1_x7896y9352,7896,9352,7840,9296,112
TCGA-05-4245-01A-01-BS1_x8232y9352,8232,9352,8176,9296,112
TCGA-05-4245-01A-01-BS1_x8344y9352,8344,9352,8288,9296,112
TCGA-05-4245-01A-01-BS1_x8456y9352,8456,9352,8400,9296,112
TCGA-05-4245-01A-01-BS1_x8568y9352,8568,9352,8512,9296,112
TCGA-05-4245-01A-01-BS1_x8680y9352,8680,9352,8624,9296,112
TCGA-05-4245-01A-01-BS1_x8792y9352,8792,9352,8736,9296,112
TCGA-05-4245-01A-01-BS1_x8904y9352,8904,9352,8848,9296,112
TCGA-05-4245-01A-01-BS1_x9016y9352,9016,9352,8960,9296,112
TCGA-05-4245-01A-01-BS1_x9128y9352,9128,9352,9072,9296,112
TCGA-05-4245-01A-01-BS1_x9240y9352,9240,9352,9184,9296,112
TCGA-05-4245-01A-01-BS1_x9352y9352,9352,9352,9296,9296,112
TCGA-05-4245-01A-01-BS1_x9464y9352,9464,9352,9408,9296,112
TCGA-05-4245-01A-01-BS1_x9576y9352,9576,9352,9520,9296,112
TCGA-05-4245-01A-01-BS1_x9688y9352,9688,9352,9632,9296,112
TCGA-05-4245-01A-01-BS1_x9800y9352,9800,9352,9744,9296,112
TCGA-05-4245-01A-01-BS1_x9912y9352,9912,9352,9856,9296,112
TCGA-05-4245-01A-01-BS1_x10024y9352,10024,9352,9968,9296,112
TCGA-05-4245-01A-01-BS1_x10136y9352,10136,9352,10080,9296,112
TCGA-05-4245-01A-01-BS1_x10248y9352,10248,9352,10192,9296,112
TCGA-05-4245-01A-01-BS1_x10360y9352,10360,9352,10304,9296,112
TCGA-05-4245-01A-01-BS1_x10472y9352,10472,9352,10416,9296,112
TCGA-05-4245-01A-01-BS1_x10584y9352,10584,9352,10528,9296,112
TCGA-05-4245-01A-01-BS1_x10696y9352,10696,9352,10640,9296,112
TCGA-05-4245-01A-01-BS1_x10808y9352,10808,9352,10752,9296,112
TCGA-05-4245-01A-01-BS1_x10920y9352,10920,9352,10864,9296,112
TCGA-05-4245-01A-01-BS1_x11032y9352,11032,9352,10976,9296,112
TCGA-05-4245-01A-01-BS1_x11144y9352,11144,9352,11088,9296,112
TCGA-05-4245-01A-01-BS1_x11256y9352,11256,9352,11200,9296,112
TCGA-05-4245-01A-01-BS1_x11368y9352,11368,9352,11312,9296,112
TCGA-05-4245-01A-01-BS1_x11480y9352,11480,9352,11424,9296,112
TCGA-05-4245-01A-01-BS1_x11592y9352,11592,9352,11536,9296,112
TCGA-05-4245-01A-01-BS1_x11704y9352,11704,9352,11648,9296,112
TCGA-05-4245-01A-01-BS1_x11816y9352,11816,9352,11760,9296,112
TCGA-05-4245-01A-01-BS1_x12152y9352,12152,9352,12096,9296,112
TCGA-05-4245-01A-01-BS1_x12264y9352,12264,9352,12208,9296,112
TCGA-05-4245-01A-01-BS1_x12376y9352,12376,9352,12320,9296,112
TCGA-05-4245-01A-01-BS1_x12488y9352,12488,9352,12432,9296,112
TCGA-05-4245-01A-01-BS1_x12600y9352,12600,9352,12544,9296,112
TCGA-05-4245-01A-01-BS1_x12712y9352,12712,9352,12656,9296,112
TCGA-05-4245-01A-01-BS1_x12824y9352,12824,9352,12768,9296,112
TCGA-05-4245-01A-01-BS1_x12936y9352,12936,9352,12880,9296,112
TCGA-05-4245-01A-01-BS1_x13048y9352,13048,9352,12992,9296,112
TCGA-05-4245-01A-01-BS1_x13160y9352,13160,9352,13104,9296,112
TCGA-05-4245-01A-01-BS1_x13272y9352,13272,9352,13216,9296,112
TCGA-05-4245-01A-01-BS1_x13384y9352,13384,9352,13328,9296,112
TCGA-05-4245-01A-01-BS1_x13496y9352,13496,9352,13440,9296,112
TCGA-05-4245-01A-01-BS1_x13608y9352,13608,9352,13552,9296,112
TCGA-05-4245-01A-01-BS1_x13720y9352,13720,9352,13664,9296,112
TCGA-05-4245-01A-01-BS1_x13832y9352,13832,9352,13776,9296,112
TCGA-05-4245-01A-01-BS1_x13944y9352,13944,9352,13888,9296,112
TCGA-05-4245-01A-01-BS1_x14056y9352,14056,9352,14000,9296,112
TCGA-05-4245-01A-01-BS1_x14168y9352,14168,9352,14112,9296,112
TCGA-05-4245-01A-01-BS1_x14280y9352,14280,9352,14224,9296,112
TCGA-05-4245-01A-01-BS1_x14392y9352,14392,9352,14336,9296,112
TCGA-05-4245-01A-01-BS1_x14504y9352,14504,9352,14448,9296,112
TCGA-05-4245-01A-01-BS1_x14616y9352,14616,9352,14560,9296,112
TCGA-05-4245-01A-01-BS1_x14728y9352,14728,9352,14672,9296,112
TCGA-05-4245-01A-01-BS1_x14840y9352,14840,9352,14784,9296,112
TCGA-05-4245-01A-01-BS1_x14952y9352,14952,9352,14896,9296,112
TCGA-05-4245-01A-01-BS1_x15064y9352,15064,9352,15008,9296,112
TCGA-05-4245-01A-01-BS1_x15176y9352,15176,9352,15120,9296,112
TCGA-05-4245-01A-01-BS1_x1848y9464,1848,9464,1792,9408,112
TCGA-05-4245-01A-01-BS1_x1960y9464,1960,9464,1904,9408,112
TCGA-05-4245-01A-01-BS1_x2072y9464,2072,9464,2016,9408,112
TCGA-05-4245-01A-01-BS1_x2184y9464,2184,9464,2128,9408,112
TCGA-05-4245-01A-01-BS1_x2296y9464,2296,9464,2240,9408,112
TCGA-05-4245-01A-01-BS1_x2408y9464,2408,9464,2352,9408,112
TCGA-05-4245-01A-01-BS1_x2520y9464,2520,9464,2464,9408,112
TCGA-05-4245-01A-01-BS1_x2632y9464,2632,9464,2576,9408,112
TCGA-05-4245-01A-01-BS1_x2744y9464,2744,9464,2688,9408,112
TCGA-05-4245-01A-01-BS1_x2856y9464,2856,9464,2800,9408,112
TCGA-05-4245-01A-01-BS1_x2968y9464,2968,9464,2912,9408,112
TCGA-05-4245-01A-01-BS1_x3080y9464,3080,9464,3024,9408,112
TCGA-05-4245-01A-01-BS1_x3192y9464,3192,9464,3136,9408,112
TCGA-05-4245-01A-01-BS1_x3304y9464,3304,9464,3248,9408,112
TCGA-05-4245-01A-01-BS1_x3416y9464,3416,9464,3360,9408,112
TCGA-05-4245-01A-01-BS1_x3528y9464,3528,9464,3472,9408,112
TCGA-05-4245-01A-01-BS1_x3640y9464,3640,9464,3584,9408,112
TCGA-05-4245-01A-01-BS1_x3752y9464,3752,9464,3696,9408,112
TCGA-05-4245-01A-01-BS1_x3864y9464,3864,9464,3808,9408,112
TCGA-05-4245-01A-01-BS1_x3976y9464,3976,9464,3920,9408,112
TCGA-05-4245-01A-01-BS1_x4088y9464,4088,9464,4032,9408,112
TCGA-05-4245-01A-01-BS1_x4200y9464,4200,9464,4144,9408,112
TCGA-05-4245-01A-01-BS1_x4312y9464,4312,9464,4256,9408,112
TCGA-05-4245-01A-01-BS1_x4424y9464,4424,9464,4368,9408,112
TCGA-05-4245-01A-01-BS1_x4536y9464,4536,9464,4480,9408,112
TCGA-05-4245-01A-01-BS1_x4648y9464,4648,9464,4592,9408,112
TCGA-05-4245-01A-01-BS1_x4760y9464,4760,9464,4704,9408,112
TCGA-05-4245-01A-01-BS1_x4872y9464,4872,9464,4816,9408,112
TCGA-05-4245-01A-01-BS1_x4984y9464,4984,9464,4928,9408,112
TCGA-05-4245-01A-01-BS1_x5096y9464,5096,9464,5040,9408,112
TCGA-05-4245-01A-01-BS1_x5208y9464,5208,9464,5152,9408,112
TCGA-05-4245-01A-01-BS1_x5320y9464,5320,9464,5264,9408,112
TCGA-05-4245-01A-01-BS1_x5432y9464,5432,9464,5376,9408,112
TCGA-05-4245-01A-01-BS1_x5544y9464,5544,9464,5488,9408,112
TCGA-05-4245-01A-01-BS1_x5656y9464,5656,9464,5600,9408,112
TCGA-05-4245-01A-01-BS1_x5768y9464,5768,9464,5712,9408,112
TCGA-05-4245-01A-01-BS1_x5880y9464,5880,9464,5824,9408,112
TCGA-05-4245-01A-01-BS1_x5992y9464,5992,9464,5936,9408,112
TCGA-05-4245-01A-01-BS1_x6104y9464,6104,9464,6048,9408,112
TCGA-05-4245-01A-01-BS1_x6216y9464,6216,9464,6160,9408,112
TCGA-05-4245-01A-01-BS1_x6328y9464,6328,9464,6272,9408,112
TCGA-05-4245-01A-01-BS1_x6440y9464,6440,9464,6384,9408,112
TCGA-05-4245-01A-01-BS1_x6552y9464,6552,9464,6496,9408,112
TCGA-05-4245-01A-01-BS1_x6664y9464,6664,9464,6608,9408,112
TCGA-05-4245-01A-01-BS1_x6776y9464,6776,9464,6720,9408,112
TCGA-05-4245-01A-01-BS1_x6888y9464,6888,9464,6832,9408,112
TCGA-05-4245-01A-01-BS1_x7000y9464,7000,9464,6944,9408,112
TCGA-05-4245-01A-01-BS1_x7112y9464,7112,9464,7056,9408,112
TCGA-05-4245-01A-01-BS1_x7224y9464,7224,9464,7168,9408,112
TCGA-05-4245-01A-01-BS1_x7336y9464,7336,9464,7280,9408,112
TCGA-05-4245-01A-01-BS1_x7448y9464,7448,9464,7392,9408,112
TCGA-05-4245-01A-01-BS1_x7560y9464,7560,9464,7504,9408,112
TCGA-05-4245-01A-01-BS1_x7672y9464,7672,9464,7616,9408,112
TCGA-05-4245-01A-01-BS1_x7784y9464,7784,9464,7728,9408,112
TCGA-05-4245-01A-01-BS1_x7896y9464,7896,9464,7840,9408,112
TCGA-05-4245-01A-01-BS1_x8008y9464,8008,9464,7952,9408,112
TCGA-05-4245-01A-01-BS1_x8232y9464,8232,9464,8176,9408,112
TCGA-05-4245-01A-01-BS1_x8344y9464,8344,9464,8288,9408,112
TCGA-05-4245-01A-01-BS1_x8456y9464,8456,9464,8400,9408,112
TCGA-05-4245-01A-01-BS1_x8568y9464,8568,9464,8512,9408,112
TCGA-05-4245-01A-01-BS1_x8680y9464,8680,9464,8624,9408,112
TCGA-05-4245-01A-01-BS1_x8792y9464,8792,9464,8736,9408,112
TCGA-05-4245-01A-01-BS1_x8904y9464,8904,9464,8848,9408,112
TCGA-05-4245-01A-01-BS1_x9016y9464,9016,9464,8960,9408,112
TCGA-05-4245-01A-01-BS1_x9128y9464,9128,9464,9072,9408,112
TCGA-05-4245-01A-01-BS1_x9240y9464,9240,9464,9184,9408,112
TCGA-05-4245-01A-01-BS1_x9352y9464,9352,9464,9296,9408,112
TCGA-05-4245-01A-01-BS1_x9464y9464,9464,9464,9408,9408,112
TCGA-05-4245-01A-01-BS1_x9576y9464,9576,9464,9520,9408,112
TCGA-05-4245-01A-01-BS1_x9688y9464,9688,9464,9632,9408,112
TCGA-05-4245-01A-01-BS1_x9800y9464,9800,9464,9744,9408,112
TCGA-05-4245-01A-01-BS1_x9912y9464,9912,9464,9856,9408,112
TCGA-05-4245-01A-01-BS1_x10024y9464,10024,9464,9968,9408,112
TCGA-05-4245-01A-01-BS1_x10136y9464,10136,9464,10080,9408,112
TCGA-05-4245-01A-01-BS1_x10248y9464,10248,9464,10192,9408,112
TCGA-05-4245-01A-01-BS1_x10360y9464,10360,9464,10304,9408,112
TCGA-05-4245-01A-01-BS1_x10472y9464,10472,9464,10416,9408,112
TCGA-05-4245-01A-01-BS1_x10584y9464,10584,9464,10528,9408,112
TCGA-05-4245-01A-01-BS1_x10696y9464,10696,9464,10640,9408,112
TCGA-05-4245-01A-01-BS1_x10808y9464,10808,9464,10752,9408,112
TCGA-05-4245-01A-01-BS1_x10920y9464,10920,9464,10864,9408,112
TCGA-05-4245-01A-01-BS1_x11032y9464,11032,9464,10976,9408,112
TCGA-05-4245-01A-01-BS1_x11144y9464,11144,9464,11088,9408,112
TCGA-05-4245-01A-01-BS1_x11480y9464,11480,9464,11424,9408,112
TCGA-05-4245-01A-01-BS1_x11592y9464,11592,9464,11536,9408,112
TCGA-05-4245-01A-01-BS1_x11704y9464,11704,9464,11648,9408,112
TCGA-05-4245-01A-01-BS1_x11816y9464,11816,9464,11760,9408,112
TCGA-05-4245-01A-01-BS1_x11928y9464,11928,9464,11872,9408,112
TCGA-05-4245-01A-01-BS1_x12040y9464,12040,9464,11984,9408,112
TCGA-05-4245-01A-01-BS1_x12152y9464,12152,9464,12096,9408,112
TCGA-05-4245-01A-01-BS1_x12712y9464,12712,9464,12656,9408,112
TCGA-05-4245-01A-01-BS1_x12824y9464,12824,9464,12768,9408,112
TCGA-05-4245-01A-01-BS1_x12936y9464,12936,9464,12880,9408,112
TCGA-05-4245-01A-01-BS1_x13048y9464,13048,9464,12992,9408,112
TCGA-05-4245-01A-01-BS1_x13160y9464,13160,9464,13104,9408,112
TCGA-05-4245-01A-01-BS1_x13272y9464,13272,9464,13216,9408,112
TCGA-05-4245-01A-01-BS1_x13384y9464,13384,9464,13328,9408,112
TCGA-05-4245-01A-01-BS1_x13496y9464,13496,9464,13440,9408,112
TCGA-05-4245-01A-01-BS1_x13608y9464,13608,9464,13552,9408,112
TCGA-05-4245-01A-01-BS1_x13720y9464,13720,9464,13664,9408,112
TCGA-05-4245-01A-01-BS1_x13832y9464,13832,9464,13776,9408,112
TCGA-05-4245-01A-01-BS1_x13944y9464,13944,9464,13888,9408,112
TCGA-05-4245-01A-01-BS1_x14056y9464,14056,9464,14000,9408,112
TCGA-05-4245-01A-01-BS1_x14168y9464,14168,9464,14112,9408,112
TCGA-05-4245-01A-01-BS1_x14280y9464,14280,9464,14224,9408,112
TCGA-05-4245-01A-01-BS1_x14392y9464,14392,9464,14336,9408,112
TCGA-05-4245-01A-01-BS1_x14504y9464,14504,9464,14448,9408,112
TCGA-05-4245-01A-01-BS1_x14616y9464,14616,9464,14560,9408,112
TCGA-05-4245-01A-01-BS1_x14728y9464,14728,9464,14672,9408,112
TCGA-05-4245-01A-01-BS1_x14840y9464,14840,9464,14784,9408,112
TCGA-05-4245-01A-01-BS1_x14952y9464,14952,9464,14896,9408,112
TCGA-05-4245-01A-01-BS1_x15064y9464,15064,9464,15008,9408,112
TCGA-05-4245-01A-01-BS1_x15176y9464,15176,9464,15120,9408,112
TCGA-05-4245-01A-01-BS1_x1848y9576,1848,9576,1792,9520,112
TCGA-05-4245-01A-01-BS1_x1960y9576,1960,9576,1904,9520,112
TCGA-05-4245-01A-01-BS1_x2072y9576,2072,9576,2016,9520,112
TCGA-05-4245-01A-01-BS1_x2184y9576,2184,9576,2128,9520,112
TCGA-05-4245-01A-01-BS1_x2296y9576,2296,9576,2240,9520,112
TCGA-05-4245-01A-01-BS1_x2408y9576,2408,9576,2352,9520,112
TCGA-05-4245-01A-01-BS1_x2520y9576,2520,9576,2464,9520,112
TCGA-05-4245-01A-01-BS1_x2632y9576,2632,9576,2576,9520,112
TCGA-05-4245-01A-01-BS1_x2744y9576,2744,9576,2688,9520,112
TCGA-05-4245-01A-01-BS1_x2856y9576,2856,9576,2800,9520,112
TCGA-05-4245-01A-01-BS1_x2968y9576,2968,9576,2912,9520,112
TCGA-05-4245-01A-01-BS1_x3080y9576,3080,9576,3024,9520,112
TCGA-05-4245-01A-01-BS1_x3192y9576,3192,9576,3136,9520,112
TCGA-05-4245-01A-01-BS1_x3304y9576,3304,9576,3248,9520,112
TCGA-05-4245-01A-01-BS1_x3416y9576,3416,9576,3360,9520,112
TCGA-05-4245-01A-01-BS1_x3528y9576,3528,9576,3472,9520,112
TCGA-05-4245-01A-01-BS1_x3640y9576,3640,9576,3584,9520,112
TCGA-05-4245-01A-01-BS1_x3752y9576,3752,9576,3696,9520,112
TCGA-05-4245-01A-01-BS1_x3864y9576,3864,9576,3808,9520,112
TCGA-05-4245-01A-01-BS1_x3976y9576,3976,9576,3920,9520,112
TCGA-05-4245-01A-01-BS1_x4088y9576,4088,9576,4032,9520,112
TCGA-05-4245-01A-01-BS1_x4200y9576,4200,9576,4144,9520,112
TCGA-05-4245-01A-01-BS1_x4312y9576,4312,9576,4256,9520,112
TCGA-05-4245-01A-01-BS1_x4424y9576,4424,9576,4368,9520,112
TCGA-05-4245-01A-01-BS1_x4536y9576,4536,9576,4480,9520,112
TCGA-05-4245-01A-01-BS1_x4648y9576,4648,9576,4592,9520,112
TCGA-05-4245-01A-01-BS1_x4760y9576,4760,9576,4704,9520,112
TCGA-05-4245-01A-01-BS1_x4872y9576,4872,9576,4816,9520,112
TCGA-05-4245-01A-01-BS1_x4984y9576,4984,9576,4928,9520,112
TCGA-05-4245-01A-01-BS1_x5096y9576,5096,9576,5040,9520,112
TCGA-05-4245-01A-01-BS1_x5208y9576,5208,9576,5152,9520,112
TCGA-05-4245-01A-01-BS1_x5320y9576,5320,9576,5264,9520,112
TCGA-05-4245-01A-01-BS1_x5432y9576,5432,9576,5376,9520,112
TCGA-05-4245-01A-01-BS1_x5544y9576,5544,9576,5488,9520,112
TCGA-05-4245-01A-01-BS1_x5656y9576,5656,9576,5600,9520,112
TCGA-05-4245-01A-01-BS1_x5768y9576,5768,9576,5712,9520,112
TCGA-05-4245-01A-01-BS1_x5880y9576,5880,9576,5824,9520,112
TCGA-05-4245-01A-01-BS1_x5992y9576,5992,9576,5936,9520,112
TCGA-05-4245-01A-01-BS1_x6104y9576,6104,9576,6048,9520,112
TCGA-05-4245-01A-01-BS1_x6216y9576,6216,9576,6160,9520,112
TCGA-05-4245-01A-01-BS1_x6328y9576,6328,9576,6272,9520,112
TCGA-05-4245-01A-01-BS1_x6440y9576,6440,9576,6384,9520,112
TCGA-05-4245-01A-01-BS1_x6552y9576,6552,9576,6496,9520,112
TCGA-05-4245-01A-01-BS1_x6664y9576,6664,9576,6608,9520,112
TCGA-05-4245-01A-01-BS1_x6776y9576,6776,9576,6720,9520,112
TCGA-05-4245-01A-01-BS1_x6888y9576,6888,9576,6832,9520,112
TCGA-05-4245-01A-01-BS1_x7000y9576,7000,9576,6944,9520,112
TCGA-05-4245-01A-01-BS1_x7112y9576,7112,9576,7056,9520,112
TCGA-05-4245-01A-01-BS1_x7224y9576,7224,9576,7168,9520,112
TCGA-05-4245-01A-01-BS1_x7336y9576,7336,9576,7280,9520,112
TCGA-05-4245-01A-01-BS1_x7448y9576,7448,9576,7392,9520,112
TCGA-05-4245-01A-01-BS1_x7560y9576,7560,9576,7504,9520,112
TCGA-05-4245-01A-01-BS1_x7672y9576,7672,9576,7616,9520,112
TCGA-05-4245-01A-01-BS1_x7784y9576,7784,9576,7728,9520,112
TCGA-05-4245-01A-01-BS1_x7896y9576,7896,9576,7840,9520,112
TCGA-05-4245-01A-01-BS1_x8008y9576,8008,9576,7952,9520,112
TCGA-05-4245-01A-01-BS1_x8120y9576,8120,9576,8064,9520,112
TCGA-05-4245-01A-01-BS1_x8232y9576,8232,9576,8176,9520,112
TCGA-05-4245-01A-01-BS1_x8344y9576,8344,9576,8288,9520,112
TCGA-05-4245-01A-01-BS1_x8456y9576,8456,9576,8400,9520,112
TCGA-05-4245-01A-01-BS1_x8568y9576,8568,9576,8512,9520,112
TCGA-05-4245-01A-01-BS1_x8680y9576,8680,9576,8624,9520,112
TCGA-05-4245-01A-01-BS1_x8792y9576,8792,9576,8736,9520,112
TCGA-05-4245-01A-01-BS1_x8904y9576,8904,9576,8848,9520,112
TCGA-05-4245-01A-01-BS1_x9016y9576,9016,9576,8960,9520,112
TCGA-05-4245-01A-01-BS1_x9128y9576,9128,9576,9072,9520,112
TCGA-05-4245-01A-01-BS1_x9240y9576,9240,9576,9184,9520,112
TCGA-05-4245-01A-01-BS1_x9352y9576,9352,9576,9296,9520,112
TCGA-05-4245-01A-01-BS1_x9464y9576,9464,9576,9408,9520,112
TCGA-05-4245-01A-01-BS1_x9576y9576,9576,9576,9520,9520,112
TCGA-05-4245-01A-01-BS1_x9688y9576,9688,9576,9632,9520,112
TCGA-05-4245-01A-01-BS1_x9800y9576,9800,9576,9744,9520,112
TCGA-05-4245-01A-01-BS1_x9912y9576,9912,9576,9856,9520,112
TCGA-05-4245-01A-01-BS1_x10024y9576,10024,9576,9968,9520,112
TCGA-05-4245-01A-01-BS1_x10136y9576,10136,9576,10080,9520,112
TCGA-05-4245-01A-01-BS1_x10248y9576,10248,9576,10192,9520,112
TCGA-05-4245-01A-01-BS1_x10360y9576,10360,9576,10304,9520,112
TCGA-05-4245-01A-01-BS1_x10472y9576,10472,9576,10416,9520,112
TCGA-05-4245-01A-01-BS1_x10584y9576,10584,9576,10528,9520,112
TCGA-05-4245-01A-01-BS1_x10696y9576,10696,9576,10640,9520,112
TCGA-05-4245-01A-01-BS1_x10808y9576,10808,9576,10752,9520,112
TCGA-05-4245-01A-01-BS1_x10920y9576,10920,9576,10864,9520,112
TCGA-05-4245-01A-01-BS1_x11032y9576,11032,9576,10976,9520,112
TCGA-05-4245-01A-01-BS1_x11144y9576,11144,9576,11088,9520,112
TCGA-05-4245-01A-01-BS1_x11256y9576,11256,9576,11200,9520,112
TCGA-05-4245-01A-01-BS1_x11368y9576,11368,9576,11312,9520,112
TCGA-05-4245-01A-01-BS1_x11704y9576,11704,9576,11648,9520,112
TCGA-05-4245-01A-01-BS1_x11816y9576,11816,9576,11760,9520,112
TCGA-05-4245-01A-01-BS1_x11928y9576,11928,9576,11872,9520,112
TCGA-05-4245-01A-01-BS1_x12040y9576,12040,9576,11984,9520,112
TCGA-05-4245-01A-01-BS1_x12152y9576,12152,9576,12096,9520,112
TCGA-05-4245-01A-01-BS1_x12712y9576,12712,9576,12656,9520,112
TCGA-05-4245-01A-01-BS1_x12824y9576,12824,9576,12768,9520,112
TCGA-05-4245-01A-01-BS1_x12936y9576,12936,9576,12880,9520,112
TCGA-05-4245-01A-01-BS1_x13048y9576,13048,9576,12992,9520,112
TCGA-05-4245-01A-01-BS1_x13160y9576,13160,9576,13104,9520,112
TCGA-05-4245-01A-01-BS1_x13272y9576,13272,9576,13216,9520,112
TCGA-05-4245-01A-01-BS1_x13384y9576,13384,9576,13328,9520,112
TCGA-05-4245-01A-01-BS1_x13496y9576,13496,9576,13440,9520,112
TCGA-05-4245-01A-01-BS1_x13608y9576,13608,9576,13552,9520,112
TCGA-05-4245-01A-01-BS1_x13720y9576,13720,9576,13664,9520,112
TCGA-05-4245-01A-01-BS1_x13832y9576,13832,9576,13776,9520,112
TCGA-05-4245-01A-01-BS1_x13944y9576,13944,9576,13888,9520,112
TCGA-05-4245-01A-01-BS1_x14056y9576,14056,9576,14000,9520,112
TCGA-05-4245-01A-01-BS1_x14168y9576,14168,9576,14112,9520,112
TCGA-05-4245-01A-01-BS1_x14840y9576,14840,9576,14784,9520,112
TCGA-05-4245-01A-01-BS1_x14952y9576,14952,9576,14896,9520,112
TCGA-05-4245-01A-01-BS1_x15064y9576,15064,9576,15008,9520,112
TCGA-05-4245-01A-01-BS1_x1848y9688,1848,9688,1792,9632,112
TCGA-05-4245-01A-01-BS1_x1960y9688,1960,9688,1904,9632,112
TCGA-05-4245-01A-01-BS1_x2072y9688,2072,9688,2016,9632,112
TCGA-05-4245-01A-01-BS1_x2184y9688,2184,9688,2128,9632,112
TCGA-05-4245-01A-01-BS1_x2296y9688,2296,9688,2240,9632,112
TCGA-05-4245-01A-01-BS1_x2408y9688,2408,9688,2352,9632,112
TCGA-05-4245-01A-01-BS1_x2520y9688,2520,9688,2464,9632,112
TCGA-05-4245-01A-01-BS1_x2632y9688,2632,9688,2576,9632,112
TCGA-05-4245-01A-01-BS1_x2744y9688,2744,9688,2688,9632,112
TCGA-05-4245-01A-01-BS1_x2856y9688,2856,9688,2800,9632,112
TCGA-05-4245-01A-01-BS1_x2968y9688,2968,9688,2912,9632,112
TCGA-05-4245-01A-01-BS1_x3080y9688,3080,9688,3024,9632,112
TCGA-05-4245-01A-01-BS1_x3192y9688,3192,9688,3136,9632,112
TCGA-05-4245-01A-01-BS1_x3304y9688,3304,9688,3248,9632,112
TCGA-05-4245-01A-01-BS1_x3416y9688,3416,9688,3360,9632,112
TCGA-05-4245-01A-01-BS1_x3528y9688,3528,9688,3472,9632,112
TCGA-05-4245-01A-01-BS1_x3640y9688,3640,9688,3584,9632,112
TCGA-05-4245-01A-01-BS1_x3752y9688,3752,9688,3696,9632,112
TCGA-05-4245-01A-01-BS1_x3864y9688,3864,9688,3808,9632,112
TCGA-05-4245-01A-01-BS1_x3976y9688,3976,9688,3920,9632,112
TCGA-05-4245-01A-01-BS1_x4088y9688,4088,9688,4032,9632,112
TCGA-05-4245-01A-01-BS1_x4200y9688,4200,9688,4144,9632,112
TCGA-05-4245-01A-01-BS1_x4312y9688,4312,9688,4256,9632,112
TCGA-05-4245-01A-01-BS1_x4424y9688,4424,9688,4368,9632,112
TCGA-05-4245-01A-01-BS1_x4536y9688,4536,9688,4480,9632,112
TCGA-05-4245-01A-01-BS1_x4648y9688,4648,9688,4592,9632,112
TCGA-05-4245-01A-01-BS1_x4760y9688,4760,9688,4704,9632,112
TCGA-05-4245-01A-01-BS1_x4872y9688,4872,9688,4816,9632,112
TCGA-05-4245-01A-01-BS1_x4984y9688,4984,9688,4928,9632,112
TCGA-05-4245-01A-01-BS1_x5096y9688,5096,9688,5040,9632,112
TCGA-05-4245-01A-01-BS1_x5208y9688,5208,9688,5152,9632,112
TCGA-05-4245-01A-01-BS1_x5320y9688,5320,9688,5264,9632,112
TCGA-05-4245-01A-01-BS1_x5432y9688,5432,9688,5376,9632,112
TCGA-05-4245-01A-01-BS1_x5544y9688,5544,9688,5488,9632,112
TCGA-05-4245-01A-01-BS1_x5656y9688,5656,9688,5600,9632,112
TCGA-05-4245-01A-01-BS1_x5768y9688,5768,9688,5712,9632,112
TCGA-05-4245-01A-01-BS1_x5880y9688,5880,9688,5824,9632,112
TCGA-05-4245-01A-01-BS1_x5992y9688,5992,9688,5936,9632,112
TCGA-05-4245-01A-01-BS1_x6104y9688,6104,9688,6048,9632,112
TCGA-05-4245-01A-01-BS1_x6216y9688,6216,9688,6160,9632,112
TCGA-05-4245-01A-01-BS1_x6328y9688,6328,9688,6272,9632,112
TCGA-05-4245-01A-01-BS1_x6440y9688,6440,9688,6384,9632,112
TCGA-05-4245-01A-01-BS1_x6552y9688,6552,9688,6496,9632,112
TCGA-05-4245-01A-01-BS1_x6664y9688,6664,9688,6608,9632,112
TCGA-05-4245-01A-01-BS1_x6776y9688,6776,9688,6720,9632,112
TCGA-05-4245-01A-01-BS1_x6888y9688,6888,9688,6832,9632,112
TCGA-05-4245-01A-01-BS1_x7000y9688,7000,9688,6944,9632,112
TCGA-05-4245-01A-01-BS1_x7112y9688,7112,9688,7056,9632,112
TCGA-05-4245-01A-01-BS1_x7224y9688,7224,9688,7168,9632,112
TCGA-05-4245-01A-01-BS1_x7336y9688,7336,9688,7280,9632,112
TCGA-05-4245-01A-01-BS1_x7448y9688,7448,9688,7392,9632,112
TCGA-05-4245-01A-01-BS1_x7560y9688,7560,9688,7504,9632,112
TCGA-05-4245-01A-01-BS1_x7672y9688,7672,9688,7616,9632,112
TCGA-05-4245-01A-01-BS1_x7784y9688,7784,9688,7728,9632,112
TCGA-05-4245-01A-01-BS1_x7896y9688,7896,9688,7840,9632,112
TCGA-05-4245-01A-01-BS1_x8008y9688,8008,9688,7952,9632,112
TCGA-05-4245-01A-01-BS1_x8120y9688,8120,9688,8064,9632,112
TCGA-05-4245-01A-01-BS1_x8232y9688,8232,9688,8176,9632,112
TCGA-05-4245-01A-01-BS1_x8344y9688,8344,9688,8288,9632,112
TCGA-05-4245-01A-01-BS1_x8456y9688,8456,9688,8400,9632,112
TCGA-05-4245-01A-01-BS1_x8568y9688,8568,9688,8512,9632,112
TCGA-05-4245-01A-01-BS1_x8680y9688,8680,9688,8624,9632,112
TCGA-05-4245-01A-01-BS1_x8792y9688,8792,9688,8736,9632,112
TCGA-05-4245-01A-01-BS1_x8904y9688,8904,9688,8848,9632,112
TCGA-05-4245-01A-01-BS1_x9016y9688,9016,9688,8960,9632,112
TCGA-05-4245-01A-01-BS1_x9128y9688,9128,9688,9072,9632,112
TCGA-05-4245-01A-01-BS1_x9240y9688,9240,9688,9184,9632,112
TCGA-05-4245-01A-01-BS1_x9352y9688,9352,9688,9296,9632,112
TCGA-05-4245-01A-01-BS1_x9464y9688,9464,9688,9408,9632,112
TCGA-05-4245-01A-01-BS1_x9576y9688,9576,9688,9520,9632,112
TCGA-05-4245-01A-01-BS1_x9688y9688,9688,9688,9632,9632,112
TCGA-05-4245-01A-01-BS1_x9800y9688,9800,9688,9744,9632,112
TCGA-05-4245-01A-01-BS1_x9912y9688,9912,9688,9856,9632,112
TCGA-05-4245-01A-01-BS1_x10024y9688,10024,9688,9968,9632,112
TCGA-05-4245-01A-01-BS1_x10136y9688,10136,9688,10080,9632,112
TCGA-05-4245-01A-01-BS1_x10248y9688,10248,9688,10192,9632,112
TCGA-05-4245-01A-01-BS1_x10360y9688,10360,9688,10304,9632,112
TCGA-05-4245-01A-01-BS1_x10472y9688,10472,9688,10416,9632,112
TCGA-05-4245-01A-01-BS1_x10584y9688,10584,9688,10528,9632,112
TCGA-05-4245-01A-01-BS1_x10696y9688,10696,9688,10640,9632,112
TCGA-05-4245-01A-01-BS1_x10808y9688,10808,9688,10752,9632,112
TCGA-05-4245-01A-01-BS1_x10920y9688,10920,9688,10864,9632,112
TCGA-05-4245-01A-01-BS1_x11032y9688,11032,9688,10976,9632,112
TCGA-05-4245-01A-01-BS1_x11144y9688,11144,9688,11088,9632,112
TCGA-05-4245-01A-01-BS1_x11256y9688,11256,9688,11200,9632,112
TCGA-05-4245-01A-01-BS1_x11368y9688,11368,9688,11312,9632,112
TCGA-05-4245-01A-01-BS1_x11816y9688,11816,9688,11760,9632,112
TCGA-05-4245-01A-01-BS1_x11928y9688,11928,9688,11872,9632,112
TCGA-05-4245-01A-01-BS1_x12040y9688,12040,9688,11984,9632,112
TCGA-05-4245-01A-01-BS1_x12712y9688,12712,9688,12656,9632,112
TCGA-05-4245-01A-01-BS1_x12824y9688,12824,9688,12768,9632,112
TCGA-05-4245-01A-01-BS1_x12936y9688,12936,9688,12880,9632,112
TCGA-05-4245-01A-01-BS1_x13048y9688,13048,9688,12992,9632,112
TCGA-05-4245-01A-01-BS1_x13160y9688,13160,9688,13104,9632,112
TCGA-05-4245-01A-01-BS1_x13272y9688,13272,9688,13216,9632,112
TCGA-05-4245-01A-01-BS1_x13384y9688,13384,9688,13328,9632,112
TCGA-05-4245-01A-01-BS1_x13496y9688,13496,9688,13440,9632,112
TCGA-05-4245-01A-01-BS1_x13608y9688,13608,9688,13552,9632,112
TCGA-05-4245-01A-01-BS1_x13720y9688,13720,9688,13664,9632,112
TCGA-05-4245-01A-01-BS1_x13832y9688,13832,9688,13776,9632,112
TCGA-05-4245-01A-01-BS1_x13944y9688,13944,9688,13888,9632,112
TCGA-05-4245-01A-01-BS1_x14056y9688,14056,9688,14000,9632,112
TCGA-05-4245-01A-01-BS1_x14168y9688,14168,9688,14112,9632,112
TCGA-05-4245-01A-01-BS1_x14280y9688,14280,9688,14224,9632,112
TCGA-05-4245-01A-01-BS1_x1848y9800,1848,9800,1792,9744,112
TCGA-05-4245-01A-01-BS1_x1960y9800,1960,9800,1904,9744,112
TCGA-05-4245-01A-01-BS1_x2072y9800,2072,9800,2016,9744,112
TCGA-05-4245-01A-01-BS1_x2184y9800,2184,9800,2128,9744,112
TCGA-05-4245-01A-01-BS1_x2296y9800,2296,9800,2240,9744,112
TCGA-05-4245-01A-01-BS1_x2408y9800,2408,9800,2352,9744,112
TCGA-05-4245-01A-01-BS1_x2520y9800,2520,9800,2464,9744,112
TCGA-05-4245-01A-01-BS1_x2632y9800,2632,9800,2576,9744,112
TCGA-05-4245-01A-01-BS1_x2744y9800,2744,9800,2688,9744,112
TCGA-05-4245-01A-01-BS1_x2856y9800,2856,9800,2800,9744,112
TCGA-05-4245-01A-01-BS1_x2968y9800,2968,9800,2912,9744,112
TCGA-05-4245-01A-01-BS1_x3080y9800,3080,9800,3024,9744,112
TCGA-05-4245-01A-01-BS1_x3192y9800,3192,9800,3136,9744,112
TCGA-05-4245-01A-01-BS1_x3304y9800,3304,9800,3248,9744,112
TCGA-05-4245-01A-01-BS1_x3416y9800,3416,9800,3360,9744,112
TCGA-05-4245-01A-01-BS1_x3528y9800,3528,9800,3472,9744,112
TCGA-05-4245-01A-01-BS1_x3640y9800,3640,9800,3584,9744,112
TCGA-05-4245-01A-01-BS1_x3752y9800,3752,9800,3696,9744,112
TCGA-05-4245-01A-01-BS1_x3864y9800,3864,9800,3808,9744,112
TCGA-05-4245-01A-01-BS1_x3976y9800,3976,9800,3920,9744,112
TCGA-05-4245-01A-01-BS1_x4088y9800,4088,9800,4032,9744,112
TCGA-05-4245-01A-01-BS1_x4200y9800,4200,9800,4144,9744,112
TCGA-05-4245-01A-01-BS1_x4312y9800,4312,9800,4256,9744,112
TCGA-05-4245-01A-01-BS1_x4424y9800,4424,9800,4368,9744,112
TCGA-05-4245-01A-01-BS1_x4536y9800,4536,9800,4480,9744,112
TCGA-05-4245-01A-01-BS1_x4648y9800,4648,9800,4592,9744,112
TCGA-05-4245-01A-01-BS1_x4760y9800,4760,9800,4704,9744,112
TCGA-05-4245-01A-01-BS1_x4872y9800,4872,9800,4816,9744,112
TCGA-05-4245-01A-01-BS1_x4984y9800,4984,9800,4928,9744,112
TCGA-05-4245-01A-01-BS1_x5096y9800,5096,9800,5040,9744,112
TCGA-05-4245-01A-01-BS1_x5208y9800,5208,9800,5152,9744,112
TCGA-05-4245-01A-01-BS1_x5320y9800,5320,9800,5264,9744,112
TCGA-05-4245-01A-01-BS1_x5432y9800,5432,9800,5376,9744,112
TCGA-05-4245-01A-01-BS1_x5544y9800,5544,9800,5488,9744,112
TCGA-05-4245-01A-01-BS1_x5656y9800,5656,9800,5600,9744,112
TCGA-05-4245-01A-01-BS1_x5768y9800,5768,9800,5712,9744,112
TCGA-05-4245-01A-01-BS1_x5880y9800,5880,9800,5824,9744,112
TCGA-05-4245-01A-01-BS1_x5992y9800,5992,9800,5936,9744,112
TCGA-05-4245-01A-01-BS1_x6104y9800,6104,9800,6048,9744,112
TCGA-05-4245-01A-01-BS1_x6216y9800,6216,9800,6160,9744,112
TCGA-05-4245-01A-01-BS1_x6328y9800,6328,9800,6272,9744,112
TCGA-05-4245-01A-01-BS1_x6440y9800,6440,9800,6384,9744,112
TCGA-05-4245-01A-01-BS1_x6552y9800,6552,9800,6496,9744,112
TCGA-05-4245-01A-01-BS1_x6664y9800,6664,9800,6608,9744,112
TCGA-05-4245-01A-01-BS1_x6776y9800,6776,9800,6720,9744,112
TCGA-05-4245-01A-01-BS1_x6888y9800,6888,9800,6832,9744,112
TCGA-05-4245-01A-01-BS1_x7000y9800,7000,9800,6944,9744,112
TCGA-05-4245-01A-01-BS1_x7112y9800,7112,9800,7056,9744,112
TCGA-05-4245-01A-01-BS1_x7224y9800,7224,9800,7168,9744,112
TCGA-05-4245-01A-01-BS1_x7336y9800,7336,9800,7280,9744,112
TCGA-05-4245-01A-01-BS1_x7448y9800,7448,9800,7392,9744,112
TCGA-05-4245-01A-01-BS1_x7560y9800,7560,9800,7504,9744,112
TCGA-05-4245-01A-01-BS1_x7672y9800,7672,9800,7616,9744,112
TCGA-05-4245-01A-01-BS1_x7784y9800,7784,9800,7728,9744,112
TCGA-05-4245-01A-01-BS1_x7896y9800,7896,9800,7840,9744,112
TCGA-05-4245-01A-01-BS1_x8008y9800,8008,9800,7952,9744,112
TCGA-05-4245-01A-01-BS1_x8120y9800,8120,9800,8064,9744,112
TCGA-05-4245-01A-01-BS1_x8232y9800,8232,9800,8176,9744,112
TCGA-05-4245-01A-01-BS1_x8344y9800,8344,9800,8288,9744,112
TCGA-05-4245-01A-01-BS1_x8456y9800,8456,9800,8400,9744,112
TCGA-05-4245-01A-01-BS1_x8568y9800,8568,9800,8512,9744,112
TCGA-05-4245-01A-01-BS1_x8680y9800,8680,9800,8624,9744,112
TCGA-05-4245-01A-01-BS1_x8792y9800,8792,9800,8736,9744,112
TCGA-05-4245-01A-01-BS1_x8904y9800,8904,9800,8848,9744,112
TCGA-05-4245-01A-01-BS1_x9016y9800,9016,9800,8960,9744,112
TCGA-05-4245-01A-01-BS1_x9128y9800,9128,9800,9072,9744,112
TCGA-05-4245-01A-01-BS1_x9240y9800,9240,9800,9184,9744,112
TCGA-05-4245-01A-01-BS1_x9352y9800,9352,9800,9296,9744,112
TCGA-05-4245-01A-01-BS1_x9464y9800,9464,9800,9408,9744,112
TCGA-05-4245-01A-01-BS1_x9576y9800,9576,9800,9520,9744,112
TCGA-05-4245-01A-01-BS1_x9688y9800,9688,9800,9632,9744,112
TCGA-05-4245-01A-01-BS1_x9800y9800,9800,9800,9744,9744,112
TCGA-05-4245-01A-01-BS1_x9912y9800,9912,9800,9856,9744,112
TCGA-05-4245-01A-01-BS1_x10024y9800,10024,9800,9968,9744,112
TCGA-05-4245-01A-01-BS1_x10136y9800,10136,9800,10080,9744,112
TCGA-05-4245-01A-01-BS1_x10248y9800,10248,9800,10192,9744,112
TCGA-05-4245-01A-01-BS1_x10360y9800,10360,9800,10304,9744,112
TCGA-05-4245-01A-01-BS1_x10472y9800,10472,9800,10416,9744,112
TCGA-05-4245-01A-01-BS1_x10584y9800,10584,9800,10528,9744,112
TCGA-05-4245-01A-01-BS1_x10696y9800,10696,9800,10640,9744,112
TCGA-05-4245-01A-01-BS1_x10808y9800,10808,9800,10752,9744,112
TCGA-05-4245-01A-01-BS1_x10920y9800,10920,9800,10864,9744,112
TCGA-05-4245-01A-01-BS1_x11032y9800,11032,9800,10976,9744,112
TCGA-05-4245-01A-01-BS1_x11144y9800,11144,9800,11088,9744,112
TCGA-05-4245-01A-01-BS1_x11256y9800,11256,9800,11200,9744,112
TCGA-05-4245-01A-01-BS1_x11368y9800,11368,9800,11312,9744,112
TCGA-05-4245-01A-01-BS1_x11480y9800,11480,9800,11424,9744,112
TCGA-05-4245-01A-01-BS1_x11592y9800,11592,9800,11536,9744,112
TCGA-05-4245-01A-01-BS1_x11704y9800,11704,9800,11648,9744,112
TCGA-05-4245-01A-01-BS1_x11816y9800,11816,9800,11760,9744,112
TCGA-05-4245-01A-01-BS1_x11928y9800,11928,9800,11872,9744,112
TCGA-05-4245-01A-01-BS1_x12040y9800,12040,9800,11984,9744,112
TCGA-05-4245-01A-01-BS1_x13384y9800,13384,9800,13328,9744,112
TCGA-05-4245-01A-01-BS1_x13496y9800,13496,9800,13440,9744,112
TCGA-05-4245-01A-01-BS1_x13608y9800,13608,9800,13552,9744,112
TCGA-05-4245-01A-01-BS1_x13720y9800,13720,9800,13664,9744,112
TCGA-05-4245-01A-01-BS1_x13832y9800,13832,9800,13776,9744,112
TCGA-05-4245-01A-01-BS1_x13944y9800,13944,9800,13888,9744,112
TCGA-05-4245-01A-01-BS1_x14056y9800,14056,9800,14000,9744,112
TCGA-05-4245-01A-01-BS1_x14168y9800,14168,9800,14112,9744,112
TCGA-05-4245-01A-01-BS1_x14280y9800,14280,9800,14224,9744,112
TCGA-05-4245-01A-01-BS1_x14392y9800,14392,9800,14336,9744,112
TCGA-05-4245-01A-01-BS1_x14504y9800,14504,9800,14448,9744,112
TCGA-05-4245-01A-01-BS1_x1736y9912,1736,9912,1680,9856,112
TCGA-05-4245-01A-01-BS1_x1848y9912,1848,9912,1792,9856,112
TCGA-05-4245-01A-01-BS1_x1960y9912,1960,9912,1904,9856,112
TCGA-05-4245-01A-01-BS1_x2072y9912,2072,9912,2016,9856,112
TCGA-05-4245-01A-01-BS1_x2184y9912,2184,9912,2128,9856,112
TCGA-05-4245-01A-01-BS1_x2296y9912,2296,9912,2240,9856,112
TCGA-05-4245-01A-01-BS1_x2408y9912,2408,9912,2352,9856,112
TCGA-05-4245-01A-01-BS1_x2520y9912,2520,9912,2464,9856,112
TCGA-05-4245-01A-01-BS1_x2632y9912,2632,9912,2576,9856,112
TCGA-05-4245-01A-01-BS1_x2744y9912,2744,9912,2688,9856,112
TCGA-05-4245-01A-01-BS1_x2856y9912,2856,9912,2800,9856,112
TCGA-05-4245-01A-01-BS1_x2968y9912,2968,9912,2912,9856,112
TCGA-05-4245-01A-01-BS1_x3080y9912,3080,9912,3024,9856,112
TCGA-05-4245-01A-01-BS1_x3192y9912,3192,9912,3136,9856,112
TCGA-05-4245-01A-01-BS1_x3304y9912,3304,9912,3248,9856,112
TCGA-05-4245-01A-01-BS1_x3416y9912,3416,9912,3360,9856,112
TCGA-05-4245-01A-01-BS1_x3528y9912,3528,9912,3472,9856,112
TCGA-05-4245-01A-01-BS1_x3640y9912,3640,9912,3584,9856,112
TCGA-05-4245-01A-01-BS1_x3752y9912,3752,9912,3696,9856,112
TCGA-05-4245-01A-01-BS1_x3864y9912,3864,9912,3808,9856,112
TCGA-05-4245-01A-01-BS1_x3976y9912,3976,9912,3920,9856,112
TCGA-05-4245-01A-01-BS1_x4088y9912,4088,9912,4032,9856,112
TCGA-05-4245-01A-01-BS1_x4200y9912,4200,9912,4144,9856,112
TCGA-05-4245-01A-01-BS1_x4312y9912,4312,9912,4256,9856,112
TCGA-05-4245-01A-01-BS1_x4424y9912,4424,9912,4368,9856,112
TCGA-05-4245-01A-01-BS1_x4536y9912,4536,9912,4480,9856,112
TCGA-05-4245-01A-01-BS1_x4648y9912,4648,9912,4592,9856,112
TCGA-05-4245-01A-01-BS1_x4760y9912,4760,9912,4704,9856,112
TCGA-05-4245-01A-01-BS1_x4872y9912,4872,9912,4816,9856,112
TCGA-05-4245-01A-01-BS1_x4984y9912,4984,9912,4928,9856,112
TCGA-05-4245-01A-01-BS1_x5096y9912,5096,9912,5040,9856,112
TCGA-05-4245-01A-01-BS1_x5208y9912,5208,9912,5152,9856,112
TCGA-05-4245-01A-01-BS1_x5320y9912,5320,9912,5264,9856,112
TCGA-05-4245-01A-01-BS1_x5432y9912,5432,9912,5376,9856,112
TCGA-05-4245-01A-01-BS1_x5544y9912,5544,9912,5488,9856,112
TCGA-05-4245-01A-01-BS1_x5656y9912,5656,9912,5600,9856,112
TCGA-05-4245-01A-01-BS1_x5768y9912,5768,9912,5712,9856,112
TCGA-05-4245-01A-01-BS1_x5880y9912,5880,9912,5824,9856,112
TCGA-05-4245-01A-01-BS1_x5992y9912,5992,9912,5936,9856,112
TCGA-05-4245-01A-01-BS1_x6104y9912,6104,9912,6048,9856,112
TCGA-05-4245-01A-01-BS1_x6216y9912,6216,9912,6160,9856,112
TCGA-05-4245-01A-01-BS1_x6328y9912,6328,9912,6272,9856,112
TCGA-05-4245-01A-01-BS1_x6440y9912,6440,9912,6384,9856,112
TCGA-05-4245-01A-01-BS1_x6552y9912,6552,9912,6496,9856,112
TCGA-05-4245-01A-01-BS1_x6664y9912,6664,9912,6608,9856,112
TCGA-05-4245-01A-01-BS1_x6776y9912,6776,9912,6720,9856,112
TCGA-05-4245-01A-01-BS1_x6888y9912,6888,9912,6832,9856,112
TCGA-05-4245-01A-01-BS1_x7000y9912,7000,9912,6944,9856,112
TCGA-05-4245-01A-01-BS1_x7112y9912,7112,9912,7056,9856,112
TCGA-05-4245-01A-01-BS1_x7224y9912,7224,9912,7168,9856,112
TCGA-05-4245-01A-01-BS1_x7336y9912,7336,9912,7280,9856,112
TCGA-05-4245-01A-01-BS1_x7448y9912,7448,9912,7392,9856,112
TCGA-05-4245-01A-01-BS1_x7560y9912,7560,9912,7504,9856,112
TCGA-05-4245-01A-01-BS1_x7672y9912,7672,9912,7616,9856,112
TCGA-05-4245-01A-01-BS1_x7784y9912,7784,9912,7728,9856,112
TCGA-05-4245-01A-01-BS1_x7896y9912,7896,9912,7840,9856,112
TCGA-05-4245-01A-01-BS1_x8008y9912,8008,9912,7952,9856,112
TCGA-05-4245-01A-01-BS1_x8120y9912,8120,9912,8064,9856,112
TCGA-05-4245-01A-01-BS1_x8232y9912,8232,9912,8176,9856,112
TCGA-05-4245-01A-01-BS1_x8344y9912,8344,9912,8288,9856,112
TCGA-05-4245-01A-01-BS1_x8456y9912,8456,9912,8400,9856,112
TCGA-05-4245-01A-01-BS1_x8568y9912,8568,9912,8512,9856,112
TCGA-05-4245-01A-01-BS1_x8680y9912,8680,9912,8624,9856,112
TCGA-05-4245-01A-01-BS1_x8792y9912,8792,9912,8736,9856,112
TCGA-05-4245-01A-01-BS1_x8904y9912,8904,9912,8848,9856,112
TCGA-05-4245-01A-01-BS1_x9016y9912,9016,9912,8960,9856,112
TCGA-05-4245-01A-01-BS1_x9128y9912,9128,9912,9072,9856,112
TCGA-05-4245-01A-01-BS1_x9240y9912,9240,9912,9184,9856,112
TCGA-05-4245-01A-01-BS1_x9352y9912,9352,9912,9296,9856,112
TCGA-05-4245-01A-01-BS1_x9464y9912,9464,9912,9408,9856,112
TCGA-05-4245-01A-01-BS1_x9576y9912,9576,9912,9520,9856,112
TCGA-05-4245-01A-01-BS1_x9688y9912,9688,9912,9632,9856,112
TCGA-05-4245-01A-01-BS1_x9800y9912,9800,9912,9744,9856,112
TCGA-05-4245-01A-01-BS1_x9912y9912,9912,9912,9856,9856,112
TCGA-05-4245-01A-01-BS1_x10024y9912,10024,9912,9968,9856,112
TCGA-05-4245-01A-01-BS1_x10136y9912,10136,9912,10080,9856,112
TCGA-05-4245-01A-01-BS1_x10248y9912,10248,9912,10192,9856,112
TCGA-05-4245-01A-01-BS1_x10360y9912,10360,9912,10304,9856,112
TCGA-05-4245-01A-01-BS1_x10472y9912,10472,9912,10416,9856,112
TCGA-05-4245-01A-01-BS1_x10584y9912,10584,9912,10528,9856,112
TCGA-05-4245-01A-01-BS1_x10696y9912,10696,9912,10640,9856,112
TCGA-05-4245-01A-01-BS1_x10808y9912,10808,9912,10752,9856,112
TCGA-05-4245-01A-01-BS1_x10920y9912,10920,9912,10864,9856,112
TCGA-05-4245-01A-01-BS1_x11032y9912,11032,9912,10976,9856,112
TCGA-05-4245-01A-01-BS1_x11144y9912,11144,9912,11088,9856,112
TCGA-05-4245-01A-01-BS1_x11256y9912,11256,9912,11200,9856,112
TCGA-05-4245-01A-01-BS1_x11368y9912,11368,9912,11312,9856,112
TCGA-05-4245-01A-01-BS1_x11480y9912,11480,9912,11424,9856,112
TCGA-05-4245-01A-01-BS1_x11592y9912,11592,9912,11536,9856,112
TCGA-05-4245-01A-01-BS1_x11704y9912,11704,9912,11648,9856,112
TCGA-05-4245-01A-01-BS1_x11816y9912,11816,9912,11760,9856,112
TCGA-05-4245-01A-01-BS1_x13496y9912,13496,9912,13440,9856,112
TCGA-05-4245-01A-01-BS1_x13608y9912,13608,9912,13552,9856,112
TCGA-05-4245-01A-01-BS1_x13720y9912,13720,9912,13664,9856,112
TCGA-05-4245-01A-01-BS1_x13832y9912,13832,9912,13776,9856,112
TCGA-05-4245-01A-01-BS1_x13944y9912,13944,9912,13888,9856,112
TCGA-05-4245-01A-01-BS1_x14056y9912,14056,9912,14000,9856,112
TCGA-05-4245-01A-01-BS1_x14168y9912,14168,9912,14112,9856,112
TCGA-05-4245-01A-01-BS1_x14280y9912,14280,9912,14224,9856,112
TCGA-05-4245-01A-01-BS1_x14392y9912,14392,9912,14336,9856,112
TCGA-05-4245-01A-01-BS1_x14504y9912,14504,9912,14448,9856,112
TCGA-05-4245-01A-01-BS1_x14616y9912,14616,9912,14560,9856,112
TCGA-05-4245-01A-01-BS1_x14728y9912,14728,9912,14672,9856,112
TCGA-05-4245-01A-01-BS1_x14840y9912,14840,9912,14784,9856,112
TCGA-05-4245-01A-01-BS1_x14952y9912,14952,9912,14896,9856,112
TCGA-05-4245-01A-01-BS1_x1736y10024,1736,10024,1680,9968,112
TCGA-05-4245-01A-01-BS1_x1848y10024,1848,10024,1792,9968,112
TCGA-05-4245-01A-01-BS1_x1960y10024,1960,10024,1904,9968,112
TCGA-05-4245-01A-01-BS1_x2072y10024,2072,10024,2016,9968,112
TCGA-05-4245-01A-01-BS1_x2184y10024,2184,10024,2128,9968,112
TCGA-05-4245-01A-01-BS1_x2296y10024,2296,10024,2240,9968,112
TCGA-05-4245-01A-01-BS1_x2408y10024,2408,10024,2352,9968,112
TCGA-05-4245-01A-01-BS1_x2520y10024,2520,10024,2464,9968,112
TCGA-05-4245-01A-01-BS1_x2632y10024,2632,10024,2576,9968,112
TCGA-05-4245-01A-01-BS1_x2744y10024,2744,10024,2688,9968,112
TCGA-05-4245-01A-01-BS1_x2856y10024,2856,10024,2800,9968,112
TCGA-05-4245-01A-01-BS1_x2968y10024,2968,10024,2912,9968,112
TCGA-05-4245-01A-01-BS1_x3080y10024,3080,10024,3024,9968,112
TCGA-05-4245-01A-01-BS1_x3192y10024,3192,10024,3136,9968,112
TCGA-05-4245-01A-01-BS1_x3304y10024,3304,10024,3248,9968,112
TCGA-05-4245-01A-01-BS1_x3416y10024,3416,10024,3360,9968,112
TCGA-05-4245-01A-01-BS1_x3528y10024,3528,10024,3472,9968,112
TCGA-05-4245-01A-01-BS1_x3640y10024,3640,10024,3584,9968,112
TCGA-05-4245-01A-01-BS1_x3752y10024,3752,10024,3696,9968,112
TCGA-05-4245-01A-01-BS1_x3864y10024,3864,10024,3808,9968,112
TCGA-05-4245-01A-01-BS1_x3976y10024,3976,10024,3920,9968,112
TCGA-05-4245-01A-01-BS1_x4088y10024,4088,10024,4032,9968,112
TCGA-05-4245-01A-01-BS1_x4200y10024,4200,10024,4144,9968,112
TCGA-05-4245-01A-01-BS1_x4312y10024,4312,10024,4256,9968,112
TCGA-05-4245-01A-01-BS1_x4424y10024,4424,10024,4368,9968,112
TCGA-05-4245-01A-01-BS1_x4536y10024,4536,10024,4480,9968,112
TCGA-05-4245-01A-01-BS1_x4648y10024,4648,10024,4592,9968,112
TCGA-05-4245-01A-01-BS1_x4760y10024,4760,10024,4704,9968,112
TCGA-05-4245-01A-01-BS1_x4872y10024,4872,10024,4816,9968,112
TCGA-05-4245-01A-01-BS1_x4984y10024,4984,10024,4928,9968,112
TCGA-05-4245-01A-01-BS1_x5096y10024,5096,10024,5040,9968,112
TCGA-05-4245-01A-01-BS1_x5208y10024,5208,10024,5152,9968,112
TCGA-05-4245-01A-01-BS1_x5320y10024,5320,10024,5264,9968,112
TCGA-05-4245-01A-01-BS1_x5432y10024,5432,10024,5376,9968,112
TCGA-05-4245-01A-01-BS1_x5544y10024,5544,10024,5488,9968,112
TCGA-05-4245-01A-01-BS1_x5656y10024,5656,10024,5600,9968,112
TCGA-05-4245-01A-01-BS1_x5768y10024,5768,10024,5712,9968,112
TCGA-05-4245-01A-01-BS1_x5880y10024,5880,10024,5824,9968,112
TCGA-05-4245-01A-01-BS1_x5992y10024,5992,10024,5936,9968,112
TCGA-05-4245-01A-01-BS1_x6104y10024,6104,10024,6048,9968,112
TCGA-05-4245-01A-01-BS1_x6216y10024,6216,10024,6160,9968,112
TCGA-05-4245-01A-01-BS1_x6328y10024,6328,10024,6272,9968,112
TCGA-05-4245-01A-01-BS1_x6440y10024,6440,10024,6384,9968,112
TCGA-05-4245-01A-01-BS1_x6552y10024,6552,10024,6496,9968,112
TCGA-05-4245-01A-01-BS1_x6664y10024,6664,10024,6608,9968,112
TCGA-05-4245-01A-01-BS1_x6776y10024,6776,10024,6720,9968,112
TCGA-05-4245-01A-01-BS1_x6888y10024,6888,10024,6832,9968,112
TCGA-05-4245-01A-01-BS1_x7000y10024,7000,10024,6944,9968,112
TCGA-05-4245-01A-01-BS1_x7112y10024,7112,10024,7056,9968,112
TCGA-05-4245-01A-01-BS1_x7224y10024,7224,10024,7168,9968,112
TCGA-05-4245-01A-01-BS1_x7336y10024,7336,10024,7280,9968,112
TCGA-05-4245-01A-01-BS1_x7448y10024,7448,10024,7392,9968,112
TCGA-05-4245-01A-01-BS1_x7560y10024,7560,10024,7504,9968,112
TCGA-05-4245-01A-01-BS1_x7672y10024,7672,10024,7616,9968,112
TCGA-05-4245-01A-01-BS1_x7784y10024,7784,10024,7728,9968,112
TCGA-05-4245-01A-01-BS1_x7896y10024,7896,10024,7840,9968,112
TCGA-05-4245-01A-01-BS1_x8008y10024,8008,10024,7952,9968,112
TCGA-05-4245-01A-01-BS1_x8120y10024,8120,10024,8064,9968,112
TCGA-05-4245-01A-01-BS1_x8232y10024,8232,10024,8176,9968,112
TCGA-05-4245-01A-01-BS1_x8344y10024,8344,10024,8288,9968,112
TCGA-05-4245-01A-01-BS1_x8456y10024,8456,10024,8400,9968,112
TCGA-05-4245-01A-01-BS1_x8568y10024,8568,10024,8512,9968,112
TCGA-05-4245-01A-01-BS1_x8680y10024,8680,10024,8624,9968,112
TCGA-05-4245-01A-01-BS1_x8792y10024,8792,10024,8736,9968,112
TCGA-05-4245-01A-01-BS1_x8904y10024,8904,10024,8848,9968,112
TCGA-05-4245-01A-01-BS1_x9016y10024,9016,10024,8960,9968,112
TCGA-05-4245-01A-01-BS1_x9128y10024,9128,10024,9072,9968,112
TCGA-05-4245-01A-01-BS1_x9240y10024,9240,10024,9184,9968,112
TCGA-05-4245-01A-01-BS1_x9352y10024,9352,10024,9296,9968,112
TCGA-05-4245-01A-01-BS1_x9464y10024,9464,10024,9408,9968,112
TCGA-05-4245-01A-01-BS1_x9576y10024,9576,10024,9520,9968,112
TCGA-05-4245-01A-01-BS1_x9688y10024,9688,10024,9632,9968,112
TCGA-05-4245-01A-01-BS1_x9800y10024,9800,10024,9744,9968,112
TCGA-05-4245-01A-01-BS1_x9912y10024,9912,10024,9856,9968,112
TCGA-05-4245-01A-01-BS1_x10024y10024,10024,10024,9968,9968,112
TCGA-05-4245-01A-01-BS1_x10136y10024,10136,10024,10080,9968,112
TCGA-05-4245-01A-01-BS1_x10248y10024,10248,10024,10192,9968,112
TCGA-05-4245-01A-01-BS1_x10360y10024,10360,10024,10304,9968,112
TCGA-05-4245-01A-01-BS1_x10472y10024,10472,10024,10416,9968,112
TCGA-05-4245-01A-01-BS1_x10584y10024,10584,10024,10528,9968,112
TCGA-05-4245-01A-01-BS1_x10696y10024,10696,10024,10640,9968,112
TCGA-05-4245-01A-01-BS1_x10808y10024,10808,10024,10752,9968,112
TCGA-05-4245-01A-01-BS1_x10920y10024,10920,10024,10864,9968,112
TCGA-05-4245-01A-01-BS1_x11032y10024,11032,10024,10976,9968,112
TCGA-05-4245-01A-01-BS1_x11144y10024,11144,10024,11088,9968,112
TCGA-05-4245-01A-01-BS1_x11256y10024,11256,10024,11200,9968,112
TCGA-05-4245-01A-01-BS1_x11368y10024,11368,10024,11312,9968,112
TCGA-05-4245-01A-01-BS1_x11480y10024,11480,10024,11424,9968,112
TCGA-05-4245-01A-01-BS1_x11592y10024,11592,10024,11536,9968,112
TCGA-05-4245-01A-01-BS1_x11704y10024,11704,10024,11648,9968,112
TCGA-05-4245-01A-01-BS1_x11816y10024,11816,10024,11760,9968,112
TCGA-05-4245-01A-01-BS1_x11928y10024,11928,10024,11872,9968,112
TCGA-05-4245-01A-01-BS1_x12040y10024,12040,10024,11984,9968,112
TCGA-05-4245-01A-01-BS1_x13272y10024,13272,10024,13216,9968,112
TCGA-05-4245-01A-01-BS1_x13384y10024,13384,10024,13328,9968,112
TCGA-05-4245-01A-01-BS1_x13496y10024,13496,10024,13440,9968,112
TCGA-05-4245-01A-01-BS1_x13608y10024,13608,10024,13552,9968,112
TCGA-05-4245-01A-01-BS1_x13720y10024,13720,10024,13664,9968,112
TCGA-05-4245-01A-01-BS1_x13832y10024,13832,10024,13776,9968,112
TCGA-05-4245-01A-01-BS1_x13944y10024,13944,10024,13888,9968,112
TCGA-05-4245-01A-01-BS1_x14056y10024,14056,10024,14000,9968,112
TCGA-05-4245-01A-01-BS1_x14168y10024,14168,10024,14112,9968,112
TCGA-05-4245-01A-01-BS1_x14280y10024,14280,10024,14224,9968,112
TCGA-05-4245-01A-01-BS1_x14392y10024,14392,10024,14336,9968,112
TCGA-05-4245-01A-01-BS1_x14504y10024,14504,10024,14448,9968,112
TCGA-05-4245-01A-01-BS1_x14616y10024,14616,10024,14560,9968,112
TCGA-05-4245-01A-01-BS1_x14728y10024,14728,10024,14672,9968,112
TCGA-05-4245-01A-01-BS1_x1736y10136,1736,10136,1680,10080,112
TCGA-05-4245-01A-01-BS1_x1848y10136,1848,10136,1792,10080,112
TCGA-05-4245-01A-01-BS1_x1960y10136,1960,10136,1904,10080,112
TCGA-05-4245-01A-01-BS1_x2072y10136,2072,10136,2016,10080,112
TCGA-05-4245-01A-01-BS1_x2184y10136,2184,10136,2128,10080,112
TCGA-05-4245-01A-01-BS1_x2296y10136,2296,10136,2240,10080,112
TCGA-05-4245-01A-01-BS1_x2408y10136,2408,10136,2352,10080,112
TCGA-05-4245-01A-01-BS1_x2520y10136,2520,10136,2464,10080,112
TCGA-05-4245-01A-01-BS1_x2632y10136,2632,10136,2576,10080,112
TCGA-05-4245-01A-01-BS1_x2744y10136,2744,10136,2688,10080,112
TCGA-05-4245-01A-01-BS1_x2856y10136,2856,10136,2800,10080,112
TCGA-05-4245-01A-01-BS1_x2968y10136,2968,10136,2912,10080,112
TCGA-05-4245-01A-01-BS1_x3080y10136,3080,10136,3024,10080,112
TCGA-05-4245-01A-01-BS1_x3192y10136,3192,10136,3136,10080,112
TCGA-05-4245-01A-01-BS1_x3304y10136,3304,10136,3248,10080,112
TCGA-05-4245-01A-01-BS1_x3416y10136,3416,10136,3360,10080,112
TCGA-05-4245-01A-01-BS1_x3528y10136,3528,10136,3472,10080,112
TCGA-05-4245-01A-01-BS1_x3640y10136,3640,10136,3584,10080,112
TCGA-05-4245-01A-01-BS1_x3752y10136,3752,10136,3696,10080,112
TCGA-05-4245-01A-01-BS1_x3864y10136,3864,10136,3808,10080,112
TCGA-05-4245-01A-01-BS1_x3976y10136,3976,10136,3920,10080,112
TCGA-05-4245-01A-01-BS1_x4088y10136,4088,10136,4032,10080,112
TCGA-05-4245-01A-01-BS1_x4200y10136,4200,10136,4144,10080,112
TCGA-05-4245-01A-01-BS1_x4312y10136,4312,10136,4256,10080,112
TCGA-05-4245-01A-01-BS1_x4424y10136,4424,10136,4368,10080,112
TCGA-05-4245-01A-01-BS1_x4536y10136,4536,10136,4480,10080,112
TCGA-05-4245-01A-01-BS1_x4648y10136,4648,10136,4592,10080,112
TCGA-05-4245-01A-01-BS1_x4760y10136,4760,10136,4704,10080,112
TCGA-05-4245-01A-01-BS1_x4872y10136,4872,10136,4816,10080,112
TCGA-05-4245-01A-01-BS1_x4984y10136,4984,10136,4928,10080,112
TCGA-05-4245-01A-01-BS1_x5096y10136,5096,10136,5040,10080,112
TCGA-05-4245-01A-01-BS1_x5208y10136,5208,10136,5152,10080,112
TCGA-05-4245-01A-01-BS1_x5320y10136,5320,10136,5264,10080,112
TCGA-05-4245-01A-01-BS1_x5432y10136,5432,10136,5376,10080,112
TCGA-05-4245-01A-01-BS1_x5544y10136,5544,10136,5488,10080,112
TCGA-05-4245-01A-01-BS1_x5656y10136,5656,10136,5600,10080,112
TCGA-05-4245-01A-01-BS1_x5768y10136,5768,10136,5712,10080,112
TCGA-05-4245-01A-01-BS1_x5880y10136,5880,10136,5824,10080,112
TCGA-05-4245-01A-01-BS1_x5992y10136,5992,10136,5936,10080,112
TCGA-05-4245-01A-01-BS1_x6104y10136,6104,10136,6048,10080,112
TCGA-05-4245-01A-01-BS1_x6216y10136,6216,10136,6160,10080,112
TCGA-05-4245-01A-01-BS1_x6328y10136,6328,10136,6272,10080,112
TCGA-05-4245-01A-01-BS1_x6440y10136,6440,10136,6384,10080,112
TCGA-05-4245-01A-01-BS1_x6552y10136,6552,10136,6496,10080,112
TCGA-05-4245-01A-01-BS1_x6664y10136,6664,10136,6608,10080,112
TCGA-05-4245-01A-01-BS1_x6776y10136,6776,10136,6720,10080,112
TCGA-05-4245-01A-01-BS1_x6888y10136,6888,10136,6832,10080,112
TCGA-05-4245-01A-01-BS1_x7000y10136,7000,10136,6944,10080,112
TCGA-05-4245-01A-01-BS1_x7112y10136,7112,10136,7056,10080,112
TCGA-05-4245-01A-01-BS1_x7224y10136,7224,10136,7168,10080,112
TCGA-05-4245-01A-01-BS1_x7336y10136,7336,10136,7280,10080,112
TCGA-05-4245-01A-01-BS1_x7448y10136,7448,10136,7392,10080,112
TCGA-05-4245-01A-01-BS1_x7560y10136,7560,10136,7504,10080,112
TCGA-05-4245-01A-01-BS1_x7672y10136,7672,10136,7616,10080,112
TCGA-05-4245-01A-01-BS1_x7784y10136,7784,10136,7728,10080,112
TCGA-05-4245-01A-01-BS1_x7896y10136,7896,10136,7840,10080,112
TCGA-05-4245-01A-01-BS1_x8008y10136,8008,10136,7952,10080,112
TCGA-05-4245-01A-01-BS1_x8120y10136,8120,10136,8064,10080,112
TCGA-05-4245-01A-01-BS1_x8232y10136,8232,10136,8176,10080,112
TCGA-05-4245-01A-01-BS1_x8344y10136,8344,10136,8288,10080,112
TCGA-05-4245-01A-01-BS1_x8456y10136,8456,10136,8400,10080,112
TCGA-05-4245-01A-01-BS1_x8568y10136,8568,10136,8512,10080,112
TCGA-05-4245-01A-01-BS1_x8680y10136,8680,10136,8624,10080,112
TCGA-05-4245-01A-01-BS1_x8792y10136,8792,10136,8736,10080,112
TCGA-05-4245-01A-01-BS1_x8904y10136,8904,10136,8848,10080,112
TCGA-05-4245-01A-01-BS1_x9016y10136,9016,10136,8960,10080,112
TCGA-05-4245-01A-01-BS1_x9128y10136,9128,10136,9072,10080,112
TCGA-05-4245-01A-01-BS1_x9240y10136,9240,10136,9184,10080,112
TCGA-05-4245-01A-01-BS1_x9352y10136,9352,10136,9296,10080,112
TCGA-05-4245-01A-01-BS1_x9464y10136,9464,10136,9408,10080,112
TCGA-05-4245-01A-01-BS1_x9576y10136,9576,10136,9520,10080,112
TCGA-05-4245-01A-01-BS1_x9688y10136,9688,10136,9632,10080,112
TCGA-05-4245-01A-01-BS1_x9800y10136,9800,10136,9744,10080,112
TCGA-05-4245-01A-01-BS1_x9912y10136,9912,10136,9856,10080,112
TCGA-05-4245-01A-01-BS1_x10024y10136,10024,10136,9968,10080,112
TCGA-05-4245-01A-01-BS1_x10136y10136,10136,10136,10080,10080,112
TCGA-05-4245-01A-01-BS1_x10248y10136,10248,10136,10192,10080,112
TCGA-05-4245-01A-01-BS1_x10360y10136,10360,10136,10304,10080,112
TCGA-05-4245-01A-01-BS1_x10472y10136,10472,10136,10416,10080,112
TCGA-05-4245-01A-01-BS1_x10584y10136,10584,10136,10528,10080,112
TCGA-05-4245-01A-01-BS1_x10696y10136,10696,10136,10640,10080,112
TCGA-05-4245-01A-01-BS1_x10808y10136,10808,10136,10752,10080,112
TCGA-05-4245-01A-01-BS1_x10920y10136,10920,10136,10864,10080,112
TCGA-05-4245-01A-01-BS1_x11032y10136,11032,10136,10976,10080,112
TCGA-05-4245-01A-01-BS1_x11144y10136,11144,10136,11088,10080,112
TCGA-05-4245-01A-01-BS1_x11256y10136,11256,10136,11200,10080,112
TCGA-05-4245-01A-01-BS1_x11368y10136,11368,10136,11312,10080,112
TCGA-05-4245-01A-01-BS1_x11480y10136,11480,10136,11424,10080,112
TCGA-05-4245-01A-01-BS1_x11592y10136,11592,10136,11536,10080,112
TCGA-05-4245-01A-01-BS1_x11704y10136,11704,10136,11648,10080,112
TCGA-05-4245-01A-01-BS1_x11816y10136,11816,10136,11760,10080,112
TCGA-05-4245-01A-01-BS1_x11928y10136,11928,10136,11872,10080,112
TCGA-05-4245-01A-01-BS1_x12040y10136,12040,10136,11984,10080,112
TCGA-05-4245-01A-01-BS1_x12152y10136,12152,10136,12096,10080,112
TCGA-05-4245-01A-01-BS1_x12264y10136,12264,10136,12208,10080,112
TCGA-05-4245-01A-01-BS1_x12376y10136,12376,10136,12320,10080,112
TCGA-05-4245-01A-01-BS1_x12488y10136,12488,10136,12432,10080,112
TCGA-05-4245-01A-01-BS1_x12600y10136,12600,10136,12544,10080,112
TCGA-05-4245-01A-01-BS1_x13160y10136,13160,10136,13104,10080,112
TCGA-05-4245-01A-01-BS1_x13272y10136,13272,10136,13216,10080,112
TCGA-05-4245-01A-01-BS1_x13384y10136,13384,10136,13328,10080,112
TCGA-05-4245-01A-01-BS1_x13496y10136,13496,10136,13440,10080,112
TCGA-05-4245-01A-01-BS1_x13608y10136,13608,10136,13552,10080,112
TCGA-05-4245-01A-01-BS1_x13720y10136,13720,10136,13664,10080,112
TCGA-05-4245-01A-01-BS1_x13832y10136,13832,10136,13776,10080,112
TCGA-05-4245-01A-01-BS1_x13944y10136,13944,10136,13888,10080,112
TCGA-05-4245-01A-01-BS1_x14056y10136,14056,10136,14000,10080,112
TCGA-05-4245-01A-01-BS1_x14168y10136,14168,10136,14112,10080,112
TCGA-05-4245-01A-01-BS1_x14280y10136,14280,10136,14224,10080,112
TCGA-05-4245-01A-01-BS1_x14392y10136,14392,10136,14336,10080,112
TCGA-05-4245-01A-01-BS1_x14504y10136,14504,10136,14448,10080,112
TCGA-05-4245-01A-01-BS1_x14616y10136,14616,10136,14560,10080,112
TCGA-05-4245-01A-01-BS1_x14728y10136,14728,10136,14672,10080,112
TCGA-05-4245-01A-01-BS1_x1624y10248,1624,10248,1568,10192,112
TCGA-05-4245-01A-01-BS1_x1736y10248,1736,10248,1680,10192,112
TCGA-05-4245-01A-01-BS1_x1848y10248,1848,10248,1792,10192,112
TCGA-05-4245-01A-01-BS1_x1960y10248,1960,10248,1904,10192,112
TCGA-05-4245-01A-01-BS1_x2184y10248,2184,10248,2128,10192,112
TCGA-05-4245-01A-01-BS1_x2296y10248,2296,10248,2240,10192,112
TCGA-05-4245-01A-01-BS1_x2408y10248,2408,10248,2352,10192,112
TCGA-05-4245-01A-01-BS1_x2520y10248,2520,10248,2464,10192,112
TCGA-05-4245-01A-01-BS1_x2632y10248,2632,10248,2576,10192,112
TCGA-05-4245-01A-01-BS1_x2744y10248,2744,10248,2688,10192,112
TCGA-05-4245-01A-01-BS1_x2856y10248,2856,10248,2800,10192,112
TCGA-05-4245-01A-01-BS1_x2968y10248,2968,10248,2912,10192,112
TCGA-05-4245-01A-01-BS1_x3080y10248,3080,10248,3024,10192,112
TCGA-05-4245-01A-01-BS1_x3192y10248,3192,10248,3136,10192,112
TCGA-05-4245-01A-01-BS1_x3304y10248,3304,10248,3248,10192,112
TCGA-05-4245-01A-01-BS1_x3416y10248,3416,10248,3360,10192,112
TCGA-05-4245-01A-01-BS1_x3528y10248,3528,10248,3472,10192,112
TCGA-05-4245-01A-01-BS1_x3640y10248,3640,10248,3584,10192,112
TCGA-05-4245-01A-01-BS1_x3752y10248,3752,10248,3696,10192,112
TCGA-05-4245-01A-01-BS1_x3864y10248,3864,10248,3808,10192,112
TCGA-05-4245-01A-01-BS1_x3976y10248,3976,10248,3920,10192,112
TCGA-05-4245-01A-01-BS1_x4088y10248,4088,10248,4032,10192,112
TCGA-05-4245-01A-01-BS1_x4200y10248,4200,10248,4144,10192,112
TCGA-05-4245-01A-01-BS1_x4312y10248,4312,10248,4256,10192,112
TCGA-05-4245-01A-01-BS1_x4424y10248,4424,10248,4368,10192,112
TCGA-05-4245-01A-01-BS1_x4536y10248,4536,10248,4480,10192,112
TCGA-05-4245-01A-01-BS1_x4648y10248,4648,10248,4592,10192,112
TCGA-05-4245-01A-01-BS1_x4760y10248,4760,10248,4704,10192,112
TCGA-05-4245-01A-01-BS1_x4872y10248,4872,10248,4816,10192,112
TCGA-05-4245-01A-01-BS1_x4984y10248,4984,10248,4928,10192,112
TCGA-05-4245-01A-01-BS1_x5096y10248,5096,10248,5040,10192,112
TCGA-05-4245-01A-01-BS1_x5208y10248,5208,10248,5152,10192,112
TCGA-05-4245-01A-01-BS1_x5320y10248,5320,10248,5264,10192,112
TCGA-05-4245-01A-01-BS1_x5432y10248,5432,10248,5376,10192,112
TCGA-05-4245-01A-01-BS1_x5544y10248,5544,10248,5488,10192,112
TCGA-05-4245-01A-01-BS1_x5656y10248,5656,10248,5600,10192,112
TCGA-05-4245-01A-01-BS1_x5768y10248,5768,10248,5712,10192,112
TCGA-05-4245-01A-01-BS1_x5880y10248,5880,10248,5824,10192,112
TCGA-05-4245-01A-01-BS1_x5992y10248,5992,10248,5936,10192,112
TCGA-05-4245-01A-01-BS1_x6104y10248,6104,10248,6048,10192,112
TCGA-05-4245-01A-01-BS1_x6216y10248,6216,10248,6160,10192,112
TCGA-05-4245-01A-01-BS1_x6328y10248,6328,10248,6272,10192,112
TCGA-05-4245-01A-01-BS1_x6440y10248,6440,10248,6384,10192,112
TCGA-05-4245-01A-01-BS1_x6552y10248,6552,10248,6496,10192,112
TCGA-05-4245-01A-01-BS1_x6664y10248,6664,10248,6608,10192,112
TCGA-05-4245-01A-01-BS1_x6776y10248,6776,10248,6720,10192,112
TCGA-05-4245-01A-01-BS1_x6888y10248,6888,10248,6832,10192,112
TCGA-05-4245-01A-01-BS1_x7000y10248,7000,10248,6944,10192,112
TCGA-05-4245-01A-01-BS1_x7112y10248,7112,10248,7056,10192,112
TCGA-05-4245-01A-01-BS1_x7224y10248,7224,10248,7168,10192,112
TCGA-05-4245-01A-01-BS1_x7336y10248,7336,10248,7280,10192,112
TCGA-05-4245-01A-01-BS1_x7448y10248,7448,10248,7392,10192,112
TCGA-05-4245-01A-01-BS1_x7560y10248,7560,10248,7504,10192,112
TCGA-05-4245-01A-01-BS1_x7672y10248,7672,10248,7616,10192,112
TCGA-05-4245-01A-01-BS1_x7784y10248,7784,10248,7728,10192,112
TCGA-05-4245-01A-01-BS1_x7896y10248,7896,10248,7840,10192,112
TCGA-05-4245-01A-01-BS1_x8008y10248,8008,10248,7952,10192,112
TCGA-05-4245-01A-01-BS1_x8120y10248,8120,10248,8064,10192,112
TCGA-05-4245-01A-01-BS1_x8232y10248,8232,10248,8176,10192,112
TCGA-05-4245-01A-01-BS1_x8344y10248,8344,10248,8288,10192,112
TCGA-05-4245-01A-01-BS1_x8456y10248,8456,10248,8400,10192,112
TCGA-05-4245-01A-01-BS1_x8568y10248,8568,10248,8512,10192,112
TCGA-05-4245-01A-01-BS1_x8680y10248,8680,10248,8624,10192,112
TCGA-05-4245-01A-01-BS1_x8792y10248,8792,10248,8736,10192,112
TCGA-05-4245-01A-01-BS1_x8904y10248,8904,10248,8848,10192,112
TCGA-05-4245-01A-01-BS1_x9016y10248,9016,10248,8960,10192,112
TCGA-05-4245-01A-01-BS1_x9128y10248,9128,10248,9072,10192,112
TCGA-05-4245-01A-01-BS1_x9240y10248,9240,10248,9184,10192,112
TCGA-05-4245-01A-01-BS1_x9352y10248,9352,10248,9296,10192,112
TCGA-05-4245-01A-01-BS1_x9464y10248,9464,10248,9408,10192,112
TCGA-05-4245-01A-01-BS1_x9576y10248,9576,10248,9520,10192,112
TCGA-05-4245-01A-01-BS1_x9688y10248,9688,10248,9632,10192,112
TCGA-05-4245-01A-01-BS1_x9800y10248,9800,10248,9744,10192,112
TCGA-05-4245-01A-01-BS1_x9912y10248,9912,10248,9856,10192,112
TCGA-05-4245-01A-01-BS1_x10024y10248,10024,10248,9968,10192,112
TCGA-05-4245-01A-01-BS1_x10136y10248,10136,10248,10080,10192,112
TCGA-05-4245-01A-01-BS1_x10248y10248,10248,10248,10192,10192,112
TCGA-05-4245-01A-01-BS1_x10360y10248,10360,10248,10304,10192,112
TCGA-05-4245-01A-01-BS1_x10472y10248,10472,10248,10416,10192,112
TCGA-05-4245-01A-01-BS1_x10584y10248,10584,10248,10528,10192,112
TCGA-05-4245-01A-01-BS1_x10696y10248,10696,10248,10640,10192,112
TCGA-05-4245-01A-01-BS1_x10808y10248,10808,10248,10752,10192,112
TCGA-05-4245-01A-01-BS1_x10920y10248,10920,10248,10864,10192,112
TCGA-05-4245-01A-01-BS1_x11032y10248,11032,10248,10976,10192,112
TCGA-05-4245-01A-01-BS1_x11144y10248,11144,10248,11088,10192,112
TCGA-05-4245-01A-01-BS1_x11256y10248,11256,10248,11200,10192,112
TCGA-05-4245-01A-01-BS1_x11368y10248,11368,10248,11312,10192,112
TCGA-05-4245-01A-01-BS1_x11480y10248,11480,10248,11424,10192,112
TCGA-05-4245-01A-01-BS1_x11592y10248,11592,10248,11536,10192,112
TCGA-05-4245-01A-01-BS1_x11704y10248,11704,10248,11648,10192,112
TCGA-05-4245-01A-01-BS1_x11816y10248,11816,10248,11760,10192,112
TCGA-05-4245-01A-01-BS1_x11928y10248,11928,10248,11872,10192,112
TCGA-05-4245-01A-01-BS1_x12040y10248,12040,10248,11984,10192,112
TCGA-05-4245-01A-01-BS1_x12152y10248,12152,10248,12096,10192,112
TCGA-05-4245-01A-01-BS1_x12264y10248,12264,10248,12208,10192,112
TCGA-05-4245-01A-01-BS1_x12376y10248,12376,10248,12320,10192,112
TCGA-05-4245-01A-01-BS1_x12488y10248,12488,10248,12432,10192,112
TCGA-05-4245-01A-01-BS1_x12600y10248,12600,10248,12544,10192,112
TCGA-05-4245-01A-01-BS1_x12712y10248,12712,10248,12656,10192,112
TCGA-05-4245-01A-01-BS1_x12824y10248,12824,10248,12768,10192,112
TCGA-05-4245-01A-01-BS1_x12936y10248,12936,10248,12880,10192,112
TCGA-05-4245-01A-01-BS1_x13048y10248,13048,10248,12992,10192,112
TCGA-05-4245-01A-01-BS1_x13160y10248,13160,10248,13104,10192,112
TCGA-05-4245-01A-01-BS1_x13272y10248,13272,10248,13216,10192,112
TCGA-05-4245-01A-01-BS1_x13384y10248,13384,10248,13328,10192,112
TCGA-05-4245-01A-01-BS1_x13496y10248,13496,10248,13440,10192,112
TCGA-05-4245-01A-01-BS1_x13608y10248,13608,10248,13552,10192,112
TCGA-05-4245-01A-01-BS1_x13720y10248,13720,10248,13664,10192,112
TCGA-05-4245-01A-01-BS1_x13832y10248,13832,10248,13776,10192,112
TCGA-05-4245-01A-01-BS1_x13944y10248,13944,10248,13888,10192,112
TCGA-05-4245-01A-01-BS1_x14056y10248,14056,10248,14000,10192,112
TCGA-05-4245-01A-01-BS1_x14168y10248,14168,10248,14112,10192,112
TCGA-05-4245-01A-01-BS1_x14280y10248,14280,10248,14224,10192,112
TCGA-05-4245-01A-01-BS1_x14392y10248,14392,10248,14336,10192,112
TCGA-05-4245-01A-01-BS1_x14504y10248,14504,10248,14448,10192,112
TCGA-05-4245-01A-01-BS1_x14616y10248,14616,10248,14560,10192,112
TCGA-05-4245-01A-01-BS1_x1624y10360,1624,10360,1568,10304,112
TCGA-05-4245-01A-01-BS1_x1736y10360,1736,10360,1680,10304,112
TCGA-05-4245-01A-01-BS1_x1848y10360,1848,10360,1792,10304,112
TCGA-05-4245-01A-01-BS1_x1960y10360,1960,10360,1904,10304,112
TCGA-05-4245-01A-01-BS1_x2072y10360,2072,10360,2016,10304,112
TCGA-05-4245-01A-01-BS1_x2184y10360,2184,10360,2128,10304,112
TCGA-05-4245-01A-01-BS1_x2296y10360,2296,10360,2240,10304,112
TCGA-05-4245-01A-01-BS1_x2408y10360,2408,10360,2352,10304,112
TCGA-05-4245-01A-01-BS1_x2520y10360,2520,10360,2464,10304,112
TCGA-05-4245-01A-01-BS1_x2632y10360,2632,10360,2576,10304,112
TCGA-05-4245-01A-01-BS1_x2744y10360,2744,10360,2688,10304,112
TCGA-05-4245-01A-01-BS1_x2856y10360,2856,10360,2800,10304,112
TCGA-05-4245-01A-01-BS1_x2968y10360,2968,10360,2912,10304,112
TCGA-05-4245-01A-01-BS1_x3080y10360,3080,10360,3024,10304,112
TCGA-05-4245-01A-01-BS1_x3192y10360,3192,10360,3136,10304,112
TCGA-05-4245-01A-01-BS1_x3304y10360,3304,10360,3248,10304,112
TCGA-05-4245-01A-01-BS1_x3416y10360,3416,10360,3360,10304,112
TCGA-05-4245-01A-01-BS1_x3528y10360,3528,10360,3472,10304,112
TCGA-05-4245-01A-01-BS1_x3640y10360,3640,10360,3584,10304,112
TCGA-05-4245-01A-01-BS1_x3752y10360,3752,10360,3696,10304,112
TCGA-05-4245-01A-01-BS1_x3864y10360,3864,10360,3808,10304,112
TCGA-05-4245-01A-01-BS1_x3976y10360,3976,10360,3920,10304,112
TCGA-05-4245-01A-01-BS1_x4088y10360,4088,10360,4032,10304,112
TCGA-05-4245-01A-01-BS1_x4200y10360,4200,10360,4144,10304,112
TCGA-05-4245-01A-01-BS1_x4312y10360,4312,10360,4256,10304,112
TCGA-05-4245-01A-01-BS1_x4424y10360,4424,10360,4368,10304,112
TCGA-05-4245-01A-01-BS1_x4536y10360,4536,10360,4480,10304,112
TCGA-05-4245-01A-01-BS1_x4648y10360,4648,10360,4592,10304,112
TCGA-05-4245-01A-01-BS1_x4760y10360,4760,10360,4704,10304,112
TCGA-05-4245-01A-01-BS1_x4872y10360,4872,10360,4816,10304,112
TCGA-05-4245-01A-01-BS1_x4984y10360,4984,10360,4928,10304,112
TCGA-05-4245-01A-01-BS1_x5096y10360,5096,10360,5040,10304,112
TCGA-05-4245-01A-01-BS1_x5208y10360,5208,10360,5152,10304,112
TCGA-05-4245-01A-01-BS1_x5320y10360,5320,10360,5264,10304,112
TCGA-05-4245-01A-01-BS1_x5432y10360,5432,10360,5376,10304,112
TCGA-05-4245-01A-01-BS1_x5544y10360,5544,10360,5488,10304,112
TCGA-05-4245-01A-01-BS1_x5656y10360,5656,10360,5600,10304,112
TCGA-05-4245-01A-01-BS1_x5768y10360,5768,10360,5712,10304,112
TCGA-05-4245-01A-01-BS1_x5880y10360,5880,10360,5824,10304,112
TCGA-05-4245-01A-01-BS1_x5992y10360,5992,10360,5936,10304,112
TCGA-05-4245-01A-01-BS1_x6104y10360,6104,10360,6048,10304,112
TCGA-05-4245-01A-01-BS1_x6216y10360,6216,10360,6160,10304,112
TCGA-05-4245-01A-01-BS1_x6328y10360,6328,10360,6272,10304,112
TCGA-05-4245-01A-01-BS1_x6440y10360,6440,10360,6384,10304,112
TCGA-05-4245-01A-01-BS1_x6552y10360,6552,10360,6496,10304,112
TCGA-05-4245-01A-01-BS1_x6664y10360,6664,10360,6608,10304,112
TCGA-05-4245-01A-01-BS1_x6776y10360,6776,10360,6720,10304,112
TCGA-05-4245-01A-01-BS1_x6888y10360,6888,10360,6832,10304,112
TCGA-05-4245-01A-01-BS1_x7000y10360,7000,10360,6944,10304,112
TCGA-05-4245-01A-01-BS1_x7112y10360,7112,10360,7056,10304,112
TCGA-05-4245-01A-01-BS1_x7224y10360,7224,10360,7168,10304,112
TCGA-05-4245-01A-01-BS1_x7336y10360,7336,10360,7280,10304,112
TCGA-05-4245-01A-01-BS1_x7448y10360,7448,10360,7392,10304,112
TCGA-05-4245-01A-01-BS1_x7560y10360,7560,10360,7504,10304,112
TCGA-05-4245-01A-01-BS1_x7672y10360,7672,10360,7616,10304,112
TCGA-05-4245-01A-01-BS1_x7784y10360,7784,10360,7728,10304,112
TCGA-05-4245-01A-01-BS1_x7896y10360,7896,10360,7840,10304,112
TCGA-05-4245-01A-01-BS1_x8008y10360,8008,10360,7952,10304,112
TCGA-05-4245-01A-01-BS1_x8120y10360,8120,10360,8064,10304,112
TCGA-05-4245-01A-01-BS1_x8232y10360,8232,10360,8176,10304,112
TCGA-05-4245-01A-01-BS1_x8344y10360,8344,10360,8288,10304,112
TCGA-05-4245-01A-01-BS1_x8456y10360,8456,10360,8400,10304,112
TCGA-05-4245-01A-01-BS1_x8568y10360,8568,10360,8512,10304,112
TCGA-05-4245-01A-01-BS1_x8680y10360,8680,10360,8624,10304,112
TCGA-05-4245-01A-01-BS1_x8792y10360,8792,10360,8736,10304,112
TCGA-05-4245-01A-01-BS1_x8904y10360,8904,10360,8848,10304,112
TCGA-05-4245-01A-01-BS1_x9016y10360,9016,10360,8960,10304,112
TCGA-05-4245-01A-01-BS1_x9128y10360,9128,10360,9072,10304,112
TCGA-05-4245-01A-01-BS1_x9240y10360,9240,10360,9184,10304,112
TCGA-05-4245-01A-01-BS1_x9352y10360,9352,10360,9296,10304,112
TCGA-05-4245-01A-01-BS1_x9464y10360,9464,10360,9408,10304,112
TCGA-05-4245-01A-01-BS1_x9576y10360,9576,10360,9520,10304,112
TCGA-05-4245-01A-01-BS1_x9688y10360,9688,10360,9632,10304,112
TCGA-05-4245-01A-01-BS1_x9800y10360,9800,10360,9744,10304,112
TCGA-05-4245-01A-01-BS1_x9912y10360,9912,10360,9856,10304,112
TCGA-05-4245-01A-01-BS1_x10024y10360,10024,10360,9968,10304,112
TCGA-05-4245-01A-01-BS1_x10136y10360,10136,10360,10080,10304,112
TCGA-05-4245-01A-01-BS1_x10248y10360,10248,10360,10192,10304,112
TCGA-05-4245-01A-01-BS1_x10360y10360,10360,10360,10304,10304,112
TCGA-05-4245-01A-01-BS1_x10472y10360,10472,10360,10416,10304,112
TCGA-05-4245-01A-01-BS1_x10584y10360,10584,10360,10528,10304,112
TCGA-05-4245-01A-01-BS1_x10696y10360,10696,10360,10640,10304,112
TCGA-05-4245-01A-01-BS1_x10808y10360,10808,10360,10752,10304,112
TCGA-05-4245-01A-01-BS1_x10920y10360,10920,10360,10864,10304,112
TCGA-05-4245-01A-01-BS1_x11032y10360,11032,10360,10976,10304,112
TCGA-05-4245-01A-01-BS1_x11144y10360,11144,10360,11088,10304,112
TCGA-05-4245-01A-01-BS1_x11256y10360,11256,10360,11200,10304,112
TCGA-05-4245-01A-01-BS1_x11368y10360,11368,10360,11312,10304,112
TCGA-05-4245-01A-01-BS1_x11480y10360,11480,10360,11424,10304,112
TCGA-05-4245-01A-01-BS1_x11592y10360,11592,10360,11536,10304,112
TCGA-05-4245-01A-01-BS1_x11704y10360,11704,10360,11648,10304,112
TCGA-05-4245-01A-01-BS1_x11816y10360,11816,10360,11760,10304,112
TCGA-05-4245-01A-01-BS1_x11928y10360,11928,10360,11872,10304,112
TCGA-05-4245-01A-01-BS1_x12040y10360,12040,10360,11984,10304,112
TCGA-05-4245-01A-01-BS1_x12152y10360,12152,10360,12096,10304,112
TCGA-05-4245-01A-01-BS1_x12264y10360,12264,10360,12208,10304,112
TCGA-05-4245-01A-01-BS1_x12376y10360,12376,10360,12320,10304,112
TCGA-05-4245-01A-01-BS1_x12488y10360,12488,10360,12432,10304,112
TCGA-05-4245-01A-01-BS1_x12600y10360,12600,10360,12544,10304,112
TCGA-05-4245-01A-01-BS1_x12712y10360,12712,10360,12656,10304,112
TCGA-05-4245-01A-01-BS1_x12824y10360,12824,10360,12768,10304,112
TCGA-05-4245-01A-01-BS1_x12936y10360,12936,10360,12880,10304,112
TCGA-05-4245-01A-01-BS1_x13048y10360,13048,10360,12992,10304,112
TCGA-05-4245-01A-01-BS1_x13160y10360,13160,10360,13104,10304,112
TCGA-05-4245-01A-01-BS1_x13272y10360,13272,10360,13216,10304,112
TCGA-05-4245-01A-01-BS1_x13384y10360,13384,10360,13328,10304,112
TCGA-05-4245-01A-01-BS1_x13496y10360,13496,10360,13440,10304,112
TCGA-05-4245-01A-01-BS1_x13608y10360,13608,10360,13552,10304,112
TCGA-05-4245-01A-01-BS1_x13720y10360,13720,10360,13664,10304,112
TCGA-05-4245-01A-01-BS1_x13832y10360,13832,10360,13776,10304,112
TCGA-05-4245-01A-01-BS1_x13944y10360,13944,10360,13888,10304,112
TCGA-05-4245-01A-01-BS1_x14056y10360,14056,10360,14000,10304,112
TCGA-05-4245-01A-01-BS1_x14168y10360,14168,10360,14112,10304,112
TCGA-05-4245-01A-01-BS1_x14280y10360,14280,10360,14224,10304,112
TCGA-05-4245-01A-01-BS1_x1624y10472,1624,10472,1568,10416,112
TCGA-05-4245-01A-01-BS1_x1736y10472,1736,10472,1680,10416,112
TCGA-05-4245-01A-01-BS1_x1848y10472,1848,10472,1792,10416,112
TCGA-05-4245-01A-01-BS1_x1960y10472,1960,10472,1904,10416,112
TCGA-05-4245-01A-01-BS1_x2072y10472,2072,10472,2016,10416,112
TCGA-05-4245-01A-01-BS1_x2184y10472,2184,10472,2128,10416,112
TCGA-05-4245-01A-01-BS1_x2296y10472,2296,10472,2240,10416,112
TCGA-05-4245-01A-01-BS1_x2408y10472,2408,10472,2352,10416,112
TCGA-05-4245-01A-01-BS1_x2520y10472,2520,10472,2464,10416,112
TCGA-05-4245-01A-01-BS1_x2632y10472,2632,10472,2576,10416,112
TCGA-05-4245-01A-01-BS1_x2744y10472,2744,10472,2688,10416,112
TCGA-05-4245-01A-01-BS1_x2856y10472,2856,10472,2800,10416,112
TCGA-05-4245-01A-01-BS1_x2968y10472,2968,10472,2912,10416,112
TCGA-05-4245-01A-01-BS1_x3080y10472,3080,10472,3024,10416,112
TCGA-05-4245-01A-01-BS1_x3192y10472,3192,10472,3136,10416,112
TCGA-05-4245-01A-01-BS1_x3304y10472,3304,10472,3248,10416,112
TCGA-05-4245-01A-01-BS1_x3416y10472,3416,10472,3360,10416,112
TCGA-05-4245-01A-01-BS1_x3528y10472,3528,10472,3472,10416,112
TCGA-05-4245-01A-01-BS1_x3640y10472,3640,10472,3584,10416,112
TCGA-05-4245-01A-01-BS1_x3752y10472,3752,10472,3696,10416,112
TCGA-05-4245-01A-01-BS1_x3976y10472,3976,10472,3920,10416,112
TCGA-05-4245-01A-01-BS1_x4088y10472,4088,10472,4032,10416,112
TCGA-05-4245-01A-01-BS1_x4200y10472,4200,10472,4144,10416,112
TCGA-05-4245-01A-01-BS1_x4312y10472,4312,10472,4256,10416,112
TCGA-05-4245-01A-01-BS1_x4424y10472,4424,10472,4368,10416,112
TCGA-05-4245-01A-01-BS1_x4536y10472,4536,10472,4480,10416,112
TCGA-05-4245-01A-01-BS1_x4648y10472,4648,10472,4592,10416,112
TCGA-05-4245-01A-01-BS1_x4760y10472,4760,10472,4704,10416,112
TCGA-05-4245-01A-01-BS1_x4872y10472,4872,10472,4816,10416,112
TCGA-05-4245-01A-01-BS1_x4984y10472,4984,10472,4928,10416,112
TCGA-05-4245-01A-01-BS1_x5096y10472,5096,10472,5040,10416,112
TCGA-05-4245-01A-01-BS1_x5208y10472,5208,10472,5152,10416,112
TCGA-05-4245-01A-01-BS1_x5320y10472,5320,10472,5264,10416,112
TCGA-05-4245-01A-01-BS1_x5432y10472,5432,10472,5376,10416,112
TCGA-05-4245-01A-01-BS1_x5544y10472,5544,10472,5488,10416,112
TCGA-05-4245-01A-01-BS1_x5656y10472,5656,10472,5600,10416,112
TCGA-05-4245-01A-01-BS1_x5768y10472,5768,10472,5712,10416,112
TCGA-05-4245-01A-01-BS1_x5880y10472,5880,10472,5824,10416,112
TCGA-05-4245-01A-01-BS1_x5992y10472,5992,10472,5936,10416,112
TCGA-05-4245-01A-01-BS1_x6104y10472,6104,10472,6048,10416,112
TCGA-05-4245-01A-01-BS1_x6216y10472,6216,10472,6160,10416,112
TCGA-05-4245-01A-01-BS1_x6328y10472,6328,10472,6272,10416,112
TCGA-05-4245-01A-01-BS1_x6440y10472,6440,10472,6384,10416,112
TCGA-05-4245-01A-01-BS1_x6552y10472,6552,10472,6496,10416,112
TCGA-05-4245-01A-01-BS1_x6664y10472,6664,10472,6608,10416,112
TCGA-05-4245-01A-01-BS1_x6776y10472,6776,10472,6720,10416,112
TCGA-05-4245-01A-01-BS1_x6888y10472,6888,10472,6832,10416,112
TCGA-05-4245-01A-01-BS1_x7000y10472,7000,10472,6944,10416,112
TCGA-05-4245-01A-01-BS1_x7112y10472,7112,10472,7056,10416,112
TCGA-05-4245-01A-01-BS1_x7224y10472,7224,10472,7168,10416,112
TCGA-05-4245-01A-01-BS1_x7336y10472,7336,10472,7280,10416,112
TCGA-05-4245-01A-01-BS1_x7448y10472,7448,10472,7392,10416,112
TCGA-05-4245-01A-01-BS1_x7560y10472,7560,10472,7504,10416,112
TCGA-05-4245-01A-01-BS1_x7672y10472,7672,10472,7616,10416,112
TCGA-05-4245-01A-01-BS1_x7784y10472,7784,10472,7728,10416,112
TCGA-05-4245-01A-01-BS1_x7896y10472,7896,10472,7840,10416,112
TCGA-05-4245-01A-01-BS1_x8008y10472,8008,10472,7952,10416,112
TCGA-05-4245-01A-01-BS1_x8120y10472,8120,10472,8064,10416,112
TCGA-05-4245-01A-01-BS1_x8232y10472,8232,10472,8176,10416,112
TCGA-05-4245-01A-01-BS1_x8344y10472,8344,10472,8288,10416,112
TCGA-05-4245-01A-01-BS1_x8456y10472,8456,10472,8400,10416,112
TCGA-05-4245-01A-01-BS1_x8568y10472,8568,10472,8512,10416,112
TCGA-05-4245-01A-01-BS1_x8680y10472,8680,10472,8624,10416,112
TCGA-05-4245-01A-01-BS1_x8792y10472,8792,10472,8736,10416,112
TCGA-05-4245-01A-01-BS1_x8904y10472,8904,10472,8848,10416,112
TCGA-05-4245-01A-01-BS1_x9016y10472,9016,10472,8960,10416,112
TCGA-05-4245-01A-01-BS1_x9128y10472,9128,10472,9072,10416,112
TCGA-05-4245-01A-01-BS1_x9240y10472,9240,10472,9184,10416,112
TCGA-05-4245-01A-01-BS1_x9352y10472,9352,10472,9296,10416,112
TCGA-05-4245-01A-01-BS1_x9464y10472,9464,10472,9408,10416,112
TCGA-05-4245-01A-01-BS1_x9576y10472,9576,10472,9520,10416,112
TCGA-05-4245-01A-01-BS1_x9688y10472,9688,10472,9632,10416,112
TCGA-05-4245-01A-01-BS1_x9800y10472,9800,10472,9744,10416,112
TCGA-05-4245-01A-01-BS1_x9912y10472,9912,10472,9856,10416,112
TCGA-05-4245-01A-01-BS1_x10024y10472,10024,10472,9968,10416,112
TCGA-05-4245-01A-01-BS1_x10136y10472,10136,10472,10080,10416,112
TCGA-05-4245-01A-01-BS1_x10248y10472,10248,10472,10192,10416,112
TCGA-05-4245-01A-01-BS1_x10360y10472,10360,10472,10304,10416,112
TCGA-05-4245-01A-01-BS1_x10472y10472,10472,10472,10416,10416,112
TCGA-05-4245-01A-01-BS1_x10584y10472,10584,10472,10528,10416,112
TCGA-05-4245-01A-01-BS1_x10696y10472,10696,10472,10640,10416,112
TCGA-05-4245-01A-01-BS1_x10808y10472,10808,10472,10752,10416,112
TCGA-05-4245-01A-01-BS1_x10920y10472,10920,10472,10864,10416,112
TCGA-05-4245-01A-01-BS1_x11032y10472,11032,10472,10976,10416,112
TCGA-05-4245-01A-01-BS1_x11144y10472,11144,10472,11088,10416,112
TCGA-05-4245-01A-01-BS1_x11256y10472,11256,10472,11200,10416,112
TCGA-05-4245-01A-01-BS1_x11368y10472,11368,10472,11312,10416,112
TCGA-05-4245-01A-01-BS1_x11480y10472,11480,10472,11424,10416,112
TCGA-05-4245-01A-01-BS1_x11592y10472,11592,10472,11536,10416,112
TCGA-05-4245-01A-01-BS1_x11704y10472,11704,10472,11648,10416,112
TCGA-05-4245-01A-01-BS1_x11816y10472,11816,10472,11760,10416,112
TCGA-05-4245-01A-01-BS1_x11928y10472,11928,10472,11872,10416,112
TCGA-05-4245-01A-01-BS1_x12040y10472,12040,10472,11984,10416,112
TCGA-05-4245-01A-01-BS1_x12152y10472,12152,10472,12096,10416,112
TCGA-05-4245-01A-01-BS1_x12264y10472,12264,10472,12208,10416,112
TCGA-05-4245-01A-01-BS1_x12376y10472,12376,10472,12320,10416,112
TCGA-05-4245-01A-01-BS1_x12488y10472,12488,10472,12432,10416,112
TCGA-05-4245-01A-01-BS1_x12600y10472,12600,10472,12544,10416,112
TCGA-05-4245-01A-01-BS1_x12712y10472,12712,10472,12656,10416,112
TCGA-05-4245-01A-01-BS1_x12824y10472,12824,10472,12768,10416,112
TCGA-05-4245-01A-01-BS1_x13160y10472,13160,10472,13104,10416,112
TCGA-05-4245-01A-01-BS1_x13272y10472,13272,10472,13216,10416,112
TCGA-05-4245-01A-01-BS1_x13384y10472,13384,10472,13328,10416,112
TCGA-05-4245-01A-01-BS1_x13496y10472,13496,10472,13440,10416,112
TCGA-05-4245-01A-01-BS1_x13608y10472,13608,10472,13552,10416,112
TCGA-05-4245-01A-01-BS1_x13720y10472,13720,10472,13664,10416,112
TCGA-05-4245-01A-01-BS1_x13832y10472,13832,10472,13776,10416,112
TCGA-05-4245-01A-01-BS1_x13944y10472,13944,10472,13888,10416,112
TCGA-05-4245-01A-01-BS1_x14056y10472,14056,10472,14000,10416,112
TCGA-05-4245-01A-01-BS1_x14168y10472,14168,10472,14112,10416,112
TCGA-05-4245-01A-01-BS1_x14280y10472,14280,10472,14224,10416,112
TCGA-05-4245-01A-01-BS1_x1736y10584,1736,10584,1680,10528,112
TCGA-05-4245-01A-01-BS1_x1848y10584,1848,10584,1792,10528,112
TCGA-05-4245-01A-01-BS1_x1960y10584,1960,10584,1904,10528,112
TCGA-05-4245-01A-01-BS1_x2072y10584,2072,10584,2016,10528,112
TCGA-05-4245-01A-01-BS1_x2184y10584,2184,10584,2128,10528,112
TCGA-05-4245-01A-01-BS1_x2296y10584,2296,10584,2240,10528,112
TCGA-05-4245-01A-01-BS1_x2408y10584,2408,10584,2352,10528,112
TCGA-05-4245-01A-01-BS1_x2520y10584,2520,10584,2464,10528,112
TCGA-05-4245-01A-01-BS1_x2632y10584,2632,10584,2576,10528,112
TCGA-05-4245-01A-01-BS1_x2744y10584,2744,10584,2688,10528,112
TCGA-05-4245-01A-01-BS1_x2856y10584,2856,10584,2800,10528,112
TCGA-05-4245-01A-01-BS1_x2968y10584,2968,10584,2912,10528,112
TCGA-05-4245-01A-01-BS1_x3080y10584,3080,10584,3024,10528,112
TCGA-05-4245-01A-01-BS1_x3192y10584,3192,10584,3136,10528,112
TCGA-05-4245-01A-01-BS1_x3304y10584,3304,10584,3248,10528,112
TCGA-05-4245-01A-01-BS1_x3528y10584,3528,10584,3472,10528,112
TCGA-05-4245-01A-01-BS1_x3640y10584,3640,10584,3584,10528,112
TCGA-05-4245-01A-01-BS1_x3752y10584,3752,10584,3696,10528,112
TCGA-05-4245-01A-01-BS1_x3864y10584,3864,10584,3808,10528,112
TCGA-05-4245-01A-01-BS1_x3976y10584,3976,10584,3920,10528,112
TCGA-05-4245-01A-01-BS1_x4088y10584,4088,10584,4032,10528,112
TCGA-05-4245-01A-01-BS1_x4200y10584,4200,10584,4144,10528,112
TCGA-05-4245-01A-01-BS1_x4312y10584,4312,10584,4256,10528,112
TCGA-05-4245-01A-01-BS1_x4424y10584,4424,10584,4368,10528,112
TCGA-05-4245-01A-01-BS1_x4536y10584,4536,10584,4480,10528,112
TCGA-05-4245-01A-01-BS1_x4648y10584,4648,10584,4592,10528,112
TCGA-05-4245-01A-01-BS1_x4760y10584,4760,10584,4704,10528,112
TCGA-05-4245-01A-01-BS1_x4872y10584,4872,10584,4816,10528,112
TCGA-05-4245-01A-01-BS1_x4984y10584,4984,10584,4928,10528,112
TCGA-05-4245-01A-01-BS1_x5096y10584,5096,10584,5040,10528,112
TCGA-05-4245-01A-01-BS1_x5208y10584,5208,10584,5152,10528,112
TCGA-05-4245-01A-01-BS1_x5320y10584,5320,10584,5264,10528,112
TCGA-05-4245-01A-01-BS1_x5432y10584,5432,10584,5376,10528,112
TCGA-05-4245-01A-01-BS1_x5544y10584,5544,10584,5488,10528,112
TCGA-05-4245-01A-01-BS1_x5656y10584,5656,10584,5600,10528,112
TCGA-05-4245-01A-01-BS1_x5768y10584,5768,10584,5712,10528,112
TCGA-05-4245-01A-01-BS1_x5880y10584,5880,10584,5824,10528,112
TCGA-05-4245-01A-01-BS1_x5992y10584,5992,10584,5936,10528,112
TCGA-05-4245-01A-01-BS1_x6104y10584,6104,10584,6048,10528,112
TCGA-05-4245-01A-01-BS1_x6216y10584,6216,10584,6160,10528,112
TCGA-05-4245-01A-01-BS1_x6328y10584,6328,10584,6272,10528,112
TCGA-05-4245-01A-01-BS1_x6440y10584,6440,10584,6384,10528,112
TCGA-05-4245-01A-01-BS1_x6552y10584,6552,10584,6496,10528,112
TCGA-05-4245-01A-01-BS1_x6664y10584,6664,10584,6608,10528,112
TCGA-05-4245-01A-01-BS1_x6776y10584,6776,10584,6720,10528,112
TCGA-05-4245-01A-01-BS1_x6888y10584,6888,10584,6832,10528,112
TCGA-05-4245-01A-01-BS1_x7000y10584,7000,10584,6944,10528,112
TCGA-05-4245-01A-01-BS1_x7112y10584,7112,10584,7056,10528,112
TCGA-05-4245-01A-01-BS1_x7224y10584,7224,10584,7168,10528,112
TCGA-05-4245-01A-01-BS1_x7336y10584,7336,10584,7280,10528,112
TCGA-05-4245-01A-01-BS1_x7448y10584,7448,10584,7392,10528,112
TCGA-05-4245-01A-01-BS1_x7560y10584,7560,10584,7504,10528,112
TCGA-05-4245-01A-01-BS1_x7672y10584,7672,10584,7616,10528,112
TCGA-05-4245-01A-01-BS1_x7784y10584,7784,10584,7728,10528,112
TCGA-05-4245-01A-01-BS1_x7896y10584,7896,10584,7840,10528,112
TCGA-05-4245-01A-01-BS1_x8008y10584,8008,10584,7952,10528,112
TCGA-05-4245-01A-01-BS1_x8120y10584,8120,10584,8064,10528,112
TCGA-05-4245-01A-01-BS1_x8232y10584,8232,10584,8176,10528,112
TCGA-05-4245-01A-01-BS1_x8344y10584,8344,10584,8288,10528,112
TCGA-05-4245-01A-01-BS1_x8456y10584,8456,10584,8400,10528,112
TCGA-05-4245-01A-01-BS1_x8568y10584,8568,10584,8512,10528,112
TCGA-05-4245-01A-01-BS1_x8680y10584,8680,10584,8624,10528,112
TCGA-05-4245-01A-01-BS1_x8792y10584,8792,10584,8736,10528,112
TCGA-05-4245-01A-01-BS1_x8904y10584,8904,10584,8848,10528,112
TCGA-05-4245-01A-01-BS1_x9016y10584,9016,10584,8960,10528,112
TCGA-05-4245-01A-01-BS1_x9128y10584,9128,10584,9072,10528,112
TCGA-05-4245-01A-01-BS1_x9240y10584,9240,10584,9184,10528,112
TCGA-05-4245-01A-01-BS1_x9352y10584,9352,10584,9296,10528,112
TCGA-05-4245-01A-01-BS1_x9464y10584,9464,10584,9408,10528,112
TCGA-05-4245-01A-01-BS1_x9576y10584,9576,10584,9520,10528,112
TCGA-05-4245-01A-01-BS1_x9688y10584,9688,10584,9632,10528,112
TCGA-05-4245-01A-01-BS1_x9800y10584,9800,10584,9744,10528,112
TCGA-05-4245-01A-01-BS1_x9912y10584,9912,10584,9856,10528,112
TCGA-05-4245-01A-01-BS1_x10024y10584,10024,10584,9968,10528,112
TCGA-05-4245-01A-01-BS1_x10136y10584,10136,10584,10080,10528,112
TCGA-05-4245-01A-01-BS1_x10248y10584,10248,10584,10192,10528,112
TCGA-05-4245-01A-01-BS1_x10360y10584,10360,10584,10304,10528,112
TCGA-05-4245-01A-01-BS1_x10472y10584,10472,10584,10416,10528,112
TCGA-05-4245-01A-01-BS1_x10584y10584,10584,10584,10528,10528,112
TCGA-05-4245-01A-01-BS1_x10696y10584,10696,10584,10640,10528,112
TCGA-05-4245-01A-01-BS1_x10808y10584,10808,10584,10752,10528,112
TCGA-05-4245-01A-01-BS1_x10920y10584,10920,10584,10864,10528,112
TCGA-05-4245-01A-01-BS1_x11032y10584,11032,10584,10976,10528,112
TCGA-05-4245-01A-01-BS1_x11144y10584,11144,10584,11088,10528,112
TCGA-05-4245-01A-01-BS1_x11256y10584,11256,10584,11200,10528,112
TCGA-05-4245-01A-01-BS1_x11368y10584,11368,10584,11312,10528,112
TCGA-05-4245-01A-01-BS1_x11480y10584,11480,10584,11424,10528,112
TCGA-05-4245-01A-01-BS1_x11592y10584,11592,10584,11536,10528,112
TCGA-05-4245-01A-01-BS1_x11704y10584,11704,10584,11648,10528,112
TCGA-05-4245-01A-01-BS1_x11816y10584,11816,10584,11760,10528,112
TCGA-05-4245-01A-01-BS1_x11928y10584,11928,10584,11872,10528,112
TCGA-05-4245-01A-01-BS1_x12040y10584,12040,10584,11984,10528,112
TCGA-05-4245-01A-01-BS1_x12152y10584,12152,10584,12096,10528,112
TCGA-05-4245-01A-01-BS1_x12264y10584,12264,10584,12208,10528,112
TCGA-05-4245-01A-01-BS1_x12376y10584,12376,10584,12320,10528,112
TCGA-05-4245-01A-01-BS1_x12488y10584,12488,10584,12432,10528,112
TCGA-05-4245-01A-01-BS1_x12600y10584,12600,10584,12544,10528,112
TCGA-05-4245-01A-01-BS1_x12712y10584,12712,10584,12656,10528,112
TCGA-05-4245-01A-01-BS1_x12824y10584,12824,10584,12768,10528,112
TCGA-05-4245-01A-01-BS1_x12936y10584,12936,10584,12880,10528,112
TCGA-05-4245-01A-01-BS1_x13048y10584,13048,10584,12992,10528,112
TCGA-05-4245-01A-01-BS1_x13160y10584,13160,10584,13104,10528,112
TCGA-05-4245-01A-01-BS1_x13272y10584,13272,10584,13216,10528,112
TCGA-05-4245-01A-01-BS1_x13384y10584,13384,10584,13328,10528,112
TCGA-05-4245-01A-01-BS1_x13496y10584,13496,10584,13440,10528,112
TCGA-05-4245-01A-01-BS1_x13608y10584,13608,10584,13552,10528,112
TCGA-05-4245-01A-01-BS1_x13720y10584,13720,10584,13664,10528,112
TCGA-05-4245-01A-01-BS1_x13832y10584,13832,10584,13776,10528,112
TCGA-05-4245-01A-01-BS1_x13944y10584,13944,10584,13888,10528,112
TCGA-05-4245-01A-01-BS1_x14056y10584,14056,10584,14000,10528,112
TCGA-05-4245-01A-01-BS1_x14168y10584,14168,10584,14112,10528,112
TCGA-05-4245-01A-01-BS1_x1624y10696,1624,10696,1568,10640,112
TCGA-05-4245-01A-01-BS1_x1736y10696,1736,10696,1680,10640,112
TCGA-05-4245-01A-01-BS1_x1848y10696,1848,10696,1792,10640,112
TCGA-05-4245-01A-01-BS1_x1960y10696,1960,10696,1904,10640,112
TCGA-05-4245-01A-01-BS1_x2072y10696,2072,10696,2016,10640,112
TCGA-05-4245-01A-01-BS1_x2184y10696,2184,10696,2128,10640,112
TCGA-05-4245-01A-01-BS1_x2296y10696,2296,10696,2240,10640,112
TCGA-05-4245-01A-01-BS1_x2408y10696,2408,10696,2352,10640,112
TCGA-05-4245-01A-01-BS1_x2520y10696,2520,10696,2464,10640,112
TCGA-05-4245-01A-01-BS1_x2632y10696,2632,10696,2576,10640,112
TCGA-05-4245-01A-01-BS1_x2744y10696,2744,10696,2688,10640,112
TCGA-05-4245-01A-01-BS1_x2856y10696,2856,10696,2800,10640,112
TCGA-05-4245-01A-01-BS1_x2968y10696,2968,10696,2912,10640,112
TCGA-05-4245-01A-01-BS1_x3080y10696,3080,10696,3024,10640,112
TCGA-05-4245-01A-01-BS1_x3528y10696,3528,10696,3472,10640,112
TCGA-05-4245-01A-01-BS1_x3640y10696,3640,10696,3584,10640,112
TCGA-05-4245-01A-01-BS1_x3752y10696,3752,10696,3696,10640,112
TCGA-05-4245-01A-01-BS1_x3864y10696,3864,10696,3808,10640,112
TCGA-05-4245-01A-01-BS1_x3976y10696,3976,10696,3920,10640,112
TCGA-05-4245-01A-01-BS1_x4088y10696,4088,10696,4032,10640,112
TCGA-05-4245-01A-01-BS1_x4200y10696,4200,10696,4144,10640,112
TCGA-05-4245-01A-01-BS1_x4312y10696,4312,10696,4256,10640,112
TCGA-05-4245-01A-01-BS1_x4424y10696,4424,10696,4368,10640,112
TCGA-05-4245-01A-01-BS1_x4536y10696,4536,10696,4480,10640,112
TCGA-05-4245-01A-01-BS1_x4648y10696,4648,10696,4592,10640,112
TCGA-05-4245-01A-01-BS1_x4760y10696,4760,10696,4704,10640,112
TCGA-05-4245-01A-01-BS1_x4872y10696,4872,10696,4816,10640,112
TCGA-05-4245-01A-01-BS1_x4984y10696,4984,10696,4928,10640,112
TCGA-05-4245-01A-01-BS1_x5096y10696,5096,10696,5040,10640,112
TCGA-05-4245-01A-01-BS1_x5208y10696,5208,10696,5152,10640,112
TCGA-05-4245-01A-01-BS1_x5320y10696,5320,10696,5264,10640,112
TCGA-05-4245-01A-01-BS1_x5432y10696,5432,10696,5376,10640,112
TCGA-05-4245-01A-01-BS1_x5544y10696,5544,10696,5488,10640,112
TCGA-05-4245-01A-01-BS1_x5656y10696,5656,10696,5600,10640,112
TCGA-05-4245-01A-01-BS1_x5768y10696,5768,10696,5712,10640,112
TCGA-05-4245-01A-01-BS1_x5880y10696,5880,10696,5824,10640,112
TCGA-05-4245-01A-01-BS1_x5992y10696,5992,10696,5936,10640,112
TCGA-05-4245-01A-01-BS1_x6104y10696,6104,10696,6048,10640,112
TCGA-05-4245-01A-01-BS1_x6216y10696,6216,10696,6160,10640,112
TCGA-05-4245-01A-01-BS1_x6328y10696,6328,10696,6272,10640,112
TCGA-05-4245-01A-01-BS1_x6440y10696,6440,10696,6384,10640,112
TCGA-05-4245-01A-01-BS1_x6552y10696,6552,10696,6496,10640,112
TCGA-05-4245-01A-01-BS1_x6664y10696,6664,10696,6608,10640,112
TCGA-05-4245-01A-01-BS1_x6776y10696,6776,10696,6720,10640,112
TCGA-05-4245-01A-01-BS1_x6888y10696,6888,10696,6832,10640,112
TCGA-05-4245-01A-01-BS1_x7000y10696,7000,10696,6944,10640,112
TCGA-05-4245-01A-01-BS1_x7112y10696,7112,10696,7056,10640,112
TCGA-05-4245-01A-01-BS1_x7224y10696,7224,10696,7168,10640,112
TCGA-05-4245-01A-01-BS1_x7336y10696,7336,10696,7280,10640,112
TCGA-05-4245-01A-01-BS1_x7448y10696,7448,10696,7392,10640,112
TCGA-05-4245-01A-01-BS1_x7560y10696,7560,10696,7504,10640,112
TCGA-05-4245-01A-01-BS1_x7672y10696,7672,10696,7616,10640,112
TCGA-05-4245-01A-01-BS1_x7784y10696,7784,10696,7728,10640,112
TCGA-05-4245-01A-01-BS1_x7896y10696,7896,10696,7840,10640,112
TCGA-05-4245-01A-01-BS1_x8008y10696,8008,10696,7952,10640,112
TCGA-05-4245-01A-01-BS1_x8120y10696,8120,10696,8064,10640,112
TCGA-05-4245-01A-01-BS1_x8232y10696,8232,10696,8176,10640,112
TCGA-05-4245-01A-01-BS1_x8344y10696,8344,10696,8288,10640,112
TCGA-05-4245-01A-01-BS1_x8456y10696,8456,10696,8400,10640,112
TCGA-05-4245-01A-01-BS1_x8568y10696,8568,10696,8512,10640,112
TCGA-05-4245-01A-01-BS1_x8680y10696,8680,10696,8624,10640,112
TCGA-05-4245-01A-01-BS1_x8792y10696,8792,10696,8736,10640,112
TCGA-05-4245-01A-01-BS1_x8904y10696,8904,10696,8848,10640,112
TCGA-05-4245-01A-01-BS1_x9016y10696,9016,10696,8960,10640,112
TCGA-05-4245-01A-01-BS1_x9128y10696,9128,10696,9072,10640,112
TCGA-05-4245-01A-01-BS1_x9240y10696,9240,10696,9184,10640,112
TCGA-05-4245-01A-01-BS1_x9352y10696,9352,10696,9296,10640,112
TCGA-05-4245-01A-01-BS1_x9464y10696,9464,10696,9408,10640,112
TCGA-05-4245-01A-01-BS1_x9576y10696,9576,10696,9520,10640,112
TCGA-05-4245-01A-01-BS1_x9688y10696,9688,10696,9632,10640,112
TCGA-05-4245-01A-01-BS1_x9800y10696,9800,10696,9744,10640,112
TCGA-05-4245-01A-01-BS1_x9912y10696,9912,10696,9856,10640,112
TCGA-05-4245-01A-01-BS1_x10024y10696,10024,10696,9968,10640,112
TCGA-05-4245-01A-01-BS1_x10136y10696,10136,10696,10080,10640,112
TCGA-05-4245-01A-01-BS1_x10248y10696,10248,10696,10192,10640,112
TCGA-05-4245-01A-01-BS1_x10360y10696,10360,10696,10304,10640,112
TCGA-05-4245-01A-01-BS1_x10472y10696,10472,10696,10416,10640,112
TCGA-05-4245-01A-01-BS1_x10584y10696,10584,10696,10528,10640,112
TCGA-05-4245-01A-01-BS1_x10696y10696,10696,10696,10640,10640,112
TCGA-05-4245-01A-01-BS1_x10808y10696,10808,10696,10752,10640,112
TCGA-05-4245-01A-01-BS1_x10920y10696,10920,10696,10864,10640,112
TCGA-05-4245-01A-01-BS1_x11032y10696,11032,10696,10976,10640,112
TCGA-05-4245-01A-01-BS1_x11144y10696,11144,10696,11088,10640,112
TCGA-05-4245-01A-01-BS1_x11256y10696,11256,10696,11200,10640,112
TCGA-05-4245-01A-01-BS1_x11368y10696,11368,10696,11312,10640,112
TCGA-05-4245-01A-01-BS1_x11480y10696,11480,10696,11424,10640,112
TCGA-05-4245-01A-01-BS1_x11592y10696,11592,10696,11536,10640,112
TCGA-05-4245-01A-01-BS1_x11704y10696,11704,10696,11648,10640,112
TCGA-05-4245-01A-01-BS1_x11816y10696,11816,10696,11760,10640,112
TCGA-05-4245-01A-01-BS1_x11928y10696,11928,10696,11872,10640,112
TCGA-05-4245-01A-01-BS1_x12040y10696,12040,10696,11984,10640,112
TCGA-05-4245-01A-01-BS1_x12152y10696,12152,10696,12096,10640,112
TCGA-05-4245-01A-01-BS1_x12264y10696,12264,10696,12208,10640,112
TCGA-05-4245-01A-01-BS1_x12376y10696,12376,10696,12320,10640,112
TCGA-05-4245-01A-01-BS1_x12488y10696,12488,10696,12432,10640,112
TCGA-05-4245-01A-01-BS1_x12600y10696,12600,10696,12544,10640,112
TCGA-05-4245-01A-01-BS1_x12712y10696,12712,10696,12656,10640,112
TCGA-05-4245-01A-01-BS1_x12824y10696,12824,10696,12768,10640,112
TCGA-05-4245-01A-01-BS1_x12936y10696,12936,10696,12880,10640,112
TCGA-05-4245-01A-01-BS1_x13048y10696,13048,10696,12992,10640,112
TCGA-05-4245-01A-01-BS1_x13160y10696,13160,10696,13104,10640,112
TCGA-05-4245-01A-01-BS1_x13272y10696,13272,10696,13216,10640,112
TCGA-05-4245-01A-01-BS1_x13384y10696,13384,10696,13328,10640,112
TCGA-05-4245-01A-01-BS1_x13496y10696,13496,10696,13440,10640,112
TCGA-05-4245-01A-01-BS1_x13608y10696,13608,10696,13552,10640,112
TCGA-05-4245-01A-01-BS1_x13720y10696,13720,10696,13664,10640,112
TCGA-05-4245-01A-01-BS1_x13832y10696,13832,10696,13776,10640,112
TCGA-05-4245-01A-01-BS1_x13944y10696,13944,10696,13888,10640,112
TCGA-05-4245-01A-01-BS1_x14056y10696,14056,10696,14000,10640,112
TCGA-05-4245-01A-01-BS1_x14168y10696,14168,10696,14112,10640,112
TCGA-05-4245-01A-01-BS1_x1624y10808,1624,10808,1568,10752,112
TCGA-05-4245-01A-01-BS1_x1736y10808,1736,10808,1680,10752,112
TCGA-05-4245-01A-01-BS1_x1848y10808,1848,10808,1792,10752,112
TCGA-05-4245-01A-01-BS1_x1960y10808,1960,10808,1904,10752,112
TCGA-05-4245-01A-01-BS1_x2072y10808,2072,10808,2016,10752,112
TCGA-05-4245-01A-01-BS1_x2184y10808,2184,10808,2128,10752,112
TCGA-05-4245-01A-01-BS1_x2296y10808,2296,10808,2240,10752,112
TCGA-05-4245-01A-01-BS1_x2408y10808,2408,10808,2352,10752,112
TCGA-05-4245-01A-01-BS1_x2520y10808,2520,10808,2464,10752,112
TCGA-05-4245-01A-01-BS1_x2632y10808,2632,10808,2576,10752,112
TCGA-05-4245-01A-01-BS1_x2744y10808,2744,10808,2688,10752,112
TCGA-05-4245-01A-01-BS1_x2856y10808,2856,10808,2800,10752,112
TCGA-05-4245-01A-01-BS1_x2968y10808,2968,10808,2912,10752,112
TCGA-05-4245-01A-01-BS1_x3080y10808,3080,10808,3024,10752,112
TCGA-05-4245-01A-01-BS1_x3192y10808,3192,10808,3136,10752,112
TCGA-05-4245-01A-01-BS1_x3416y10808,3416,10808,3360,10752,112
TCGA-05-4245-01A-01-BS1_x3528y10808,3528,10808,3472,10752,112
TCGA-05-4245-01A-01-BS1_x3640y10808,3640,10808,3584,10752,112
TCGA-05-4245-01A-01-BS1_x3752y10808,3752,10808,3696,10752,112
TCGA-05-4245-01A-01-BS1_x3864y10808,3864,10808,3808,10752,112
TCGA-05-4245-01A-01-BS1_x3976y10808,3976,10808,3920,10752,112
TCGA-05-4245-01A-01-BS1_x4088y10808,4088,10808,4032,10752,112
TCGA-05-4245-01A-01-BS1_x4200y10808,4200,10808,4144,10752,112
TCGA-05-4245-01A-01-BS1_x4312y10808,4312,10808,4256,10752,112
TCGA-05-4245-01A-01-BS1_x4424y10808,4424,10808,4368,10752,112
TCGA-05-4245-01A-01-BS1_x4536y10808,4536,10808,4480,10752,112
TCGA-05-4245-01A-01-BS1_x4648y10808,4648,10808,4592,10752,112
TCGA-05-4245-01A-01-BS1_x4760y10808,4760,10808,4704,10752,112
TCGA-05-4245-01A-01-BS1_x4872y10808,4872,10808,4816,10752,112
TCGA-05-4245-01A-01-BS1_x4984y10808,4984,10808,4928,10752,112
TCGA-05-4245-01A-01-BS1_x5096y10808,5096,10808,5040,10752,112
TCGA-05-4245-01A-01-BS1_x5208y10808,5208,10808,5152,10752,112
TCGA-05-4245-01A-01-BS1_x5320y10808,5320,10808,5264,10752,112
TCGA-05-4245-01A-01-BS1_x5432y10808,5432,10808,5376,10752,112
TCGA-05-4245-01A-01-BS1_x5544y10808,5544,10808,5488,10752,112
TCGA-05-4245-01A-01-BS1_x5656y10808,5656,10808,5600,10752,112
TCGA-05-4245-01A-01-BS1_x5768y10808,5768,10808,5712,10752,112
TCGA-05-4245-01A-01-BS1_x5880y10808,5880,10808,5824,10752,112
TCGA-05-4245-01A-01-BS1_x5992y10808,5992,10808,5936,10752,112
TCGA-05-4245-01A-01-BS1_x6104y10808,6104,10808,6048,10752,112
TCGA-05-4245-01A-01-BS1_x6216y10808,6216,10808,6160,10752,112
TCGA-05-4245-01A-01-BS1_x6328y10808,6328,10808,6272,10752,112
TCGA-05-4245-01A-01-BS1_x6440y10808,6440,10808,6384,10752,112
TCGA-05-4245-01A-01-BS1_x6552y10808,6552,10808,6496,10752,112
TCGA-05-4245-01A-01-BS1_x6664y10808,6664,10808,6608,10752,112
TCGA-05-4245-01A-01-BS1_x6776y10808,6776,10808,6720,10752,112
TCGA-05-4245-01A-01-BS1_x6888y10808,6888,10808,6832,10752,112
TCGA-05-4245-01A-01-BS1_x7000y10808,7000,10808,6944,10752,112
TCGA-05-4245-01A-01-BS1_x7112y10808,7112,10808,7056,10752,112
TCGA-05-4245-01A-01-BS1_x7224y10808,7224,10808,7168,10752,112
TCGA-05-4245-01A-01-BS1_x7336y10808,7336,10808,7280,10752,112
TCGA-05-4245-01A-01-BS1_x7448y10808,7448,10808,7392,10752,112
TCGA-05-4245-01A-01-BS1_x7560y10808,7560,10808,7504,10752,112
TCGA-05-4245-01A-01-BS1_x7672y10808,7672,10808,7616,10752,112
TCGA-05-4245-01A-01-BS1_x7784y10808,7784,10808,7728,10752,112
TCGA-05-4245-01A-01-BS1_x7896y10808,7896,10808,7840,10752,112
TCGA-05-4245-01A-01-BS1_x8008y10808,8008,10808,7952,10752,112
TCGA-05-4245-01A-01-BS1_x8120y10808,8120,10808,8064,10752,112
TCGA-05-4245-01A-01-BS1_x8232y10808,8232,10808,8176,10752,112
TCGA-05-4245-01A-01-BS1_x8344y10808,8344,10808,8288,10752,112
TCGA-05-4245-01A-01-BS1_x8456y10808,8456,10808,8400,10752,112
TCGA-05-4245-01A-01-BS1_x8568y10808,8568,10808,8512,10752,112
TCGA-05-4245-01A-01-BS1_x8680y10808,8680,10808,8624,10752,112
TCGA-05-4245-01A-01-BS1_x8792y10808,8792,10808,8736,10752,112
TCGA-05-4245-01A-01-BS1_x8904y10808,8904,10808,8848,10752,112
TCGA-05-4245-01A-01-BS1_x9016y10808,9016,10808,8960,10752,112
TCGA-05-4245-01A-01-BS1_x9128y10808,9128,10808,9072,10752,112
TCGA-05-4245-01A-01-BS1_x9240y10808,9240,10808,9184,10752,112
TCGA-05-4245-01A-01-BS1_x9352y10808,9352,10808,9296,10752,112
TCGA-05-4245-01A-01-BS1_x9464y10808,9464,10808,9408,10752,112
TCGA-05-4245-01A-01-BS1_x9576y10808,9576,10808,9520,10752,112
TCGA-05-4245-01A-01-BS1_x9688y10808,9688,10808,9632,10752,112
TCGA-05-4245-01A-01-BS1_x9800y10808,9800,10808,9744,10752,112
TCGA-05-4245-01A-01-BS1_x9912y10808,9912,10808,9856,10752,112
TCGA-05-4245-01A-01-BS1_x10024y10808,10024,10808,9968,10752,112
TCGA-05-4245-01A-01-BS1_x10136y10808,10136,10808,10080,10752,112
TCGA-05-4245-01A-01-BS1_x10248y10808,10248,10808,10192,10752,112
TCGA-05-4245-01A-01-BS1_x10360y10808,10360,10808,10304,10752,112
TCGA-05-4245-01A-01-BS1_x10472y10808,10472,10808,10416,10752,112
TCGA-05-4245-01A-01-BS1_x10584y10808,10584,10808,10528,10752,112
TCGA-05-4245-01A-01-BS1_x10696y10808,10696,10808,10640,10752,112
TCGA-05-4245-01A-01-BS1_x10808y10808,10808,10808,10752,10752,112
TCGA-05-4245-01A-01-BS1_x10920y10808,10920,10808,10864,10752,112
TCGA-05-4245-01A-01-BS1_x11032y10808,11032,10808,10976,10752,112
TCGA-05-4245-01A-01-BS1_x11144y10808,11144,10808,11088,10752,112
TCGA-05-4245-01A-01-BS1_x11256y10808,11256,10808,11200,10752,112
TCGA-05-4245-01A-01-BS1_x11368y10808,11368,10808,11312,10752,112
TCGA-05-4245-01A-01-BS1_x11480y10808,11480,10808,11424,10752,112
TCGA-05-4245-01A-01-BS1_x11592y10808,11592,10808,11536,10752,112
TCGA-05-4245-01A-01-BS1_x11704y10808,11704,10808,11648,10752,112
TCGA-05-4245-01A-01-BS1_x11816y10808,11816,10808,11760,10752,112
TCGA-05-4245-01A-01-BS1_x11928y10808,11928,10808,11872,10752,112
TCGA-05-4245-01A-01-BS1_x12040y10808,12040,10808,11984,10752,112
TCGA-05-4245-01A-01-BS1_x12152y10808,12152,10808,12096,10752,112
TCGA-05-4245-01A-01-BS1_x12264y10808,12264,10808,12208,10752,112
TCGA-05-4245-01A-01-BS1_x12376y10808,12376,10808,12320,10752,112
TCGA-05-4245-01A-01-BS1_x12488y10808,12488,10808,12432,10752,112
TCGA-05-4245-01A-01-BS1_x12600y10808,12600,10808,12544,10752,112
TCGA-05-4245-01A-01-BS1_x12712y10808,12712,10808,12656,10752,112
TCGA-05-4245-01A-01-BS1_x12824y10808,12824,10808,12768,10752,112
TCGA-05-4245-01A-01-BS1_x12936y10808,12936,10808,12880,10752,112
TCGA-05-4245-01A-01-BS1_x13048y10808,13048,10808,12992,10752,112
TCGA-05-4245-01A-01-BS1_x13160y10808,13160,10808,13104,10752,112
TCGA-05-4245-01A-01-BS1_x13272y10808,13272,10808,13216,10752,112
TCGA-05-4245-01A-01-BS1_x13384y10808,13384,10808,13328,10752,112
TCGA-05-4245-01A-01-BS1_x13496y10808,13496,10808,13440,10752,112
TCGA-05-4245-01A-01-BS1_x13608y10808,13608,10808,13552,10752,112
TCGA-05-4245-01A-01-BS1_x13720y10808,13720,10808,13664,10752,112
TCGA-05-4245-01A-01-BS1_x13832y10808,13832,10808,13776,10752,112
TCGA-05-4245-01A-01-BS1_x13944y10808,13944,10808,13888,10752,112
TCGA-05-4245-01A-01-BS1_x14056y10808,14056,10808,14000,10752,112
TCGA-05-4245-01A-01-BS1_x14168y10808,14168,10808,14112,10752,112
TCGA-05-4245-01A-01-BS1_x1736y10920,1736,10920,1680,10864,112
TCGA-05-4245-01A-01-BS1_x1848y10920,1848,10920,1792,10864,112
TCGA-05-4245-01A-01-BS1_x1960y10920,1960,10920,1904,10864,112
TCGA-05-4245-01A-01-BS1_x2072y10920,2072,10920,2016,10864,112
TCGA-05-4245-01A-01-BS1_x2184y10920,2184,10920,2128,10864,112
TCGA-05-4245-01A-01-BS1_x2296y10920,2296,10920,2240,10864,112
TCGA-05-4245-01A-01-BS1_x2408y10920,2408,10920,2352,10864,112
TCGA-05-4245-01A-01-BS1_x2520y10920,2520,10920,2464,10864,112
TCGA-05-4245-01A-01-BS1_x2632y10920,2632,10920,2576,10864,112
TCGA-05-4245-01A-01-BS1_x2744y10920,2744,10920,2688,10864,112
TCGA-05-4245-01A-01-BS1_x2856y10920,2856,10920,2800,10864,112
TCGA-05-4245-01A-01-BS1_x2968y10920,2968,10920,2912,10864,112
TCGA-05-4245-01A-01-BS1_x3080y10920,3080,10920,3024,10864,112
TCGA-05-4245-01A-01-BS1_x3192y10920,3192,10920,3136,10864,112
TCGA-05-4245-01A-01-BS1_x3416y10920,3416,10920,3360,10864,112
TCGA-05-4245-01A-01-BS1_x3528y10920,3528,10920,3472,10864,112
TCGA-05-4245-01A-01-BS1_x3640y10920,3640,10920,3584,10864,112
TCGA-05-4245-01A-01-BS1_x3752y10920,3752,10920,3696,10864,112
TCGA-05-4245-01A-01-BS1_x3864y10920,3864,10920,3808,10864,112
TCGA-05-4245-01A-01-BS1_x3976y10920,3976,10920,3920,10864,112
TCGA-05-4245-01A-01-BS1_x4088y10920,4088,10920,4032,10864,112
TCGA-05-4245-01A-01-BS1_x4200y10920,4200,10920,4144,10864,112
TCGA-05-4245-01A-01-BS1_x4312y10920,4312,10920,4256,10864,112
TCGA-05-4245-01A-01-BS1_x4424y10920,4424,10920,4368,10864,112
TCGA-05-4245-01A-01-BS1_x4536y10920,4536,10920,4480,10864,112
TCGA-05-4245-01A-01-BS1_x4648y10920,4648,10920,4592,10864,112
TCGA-05-4245-01A-01-BS1_x4760y10920,4760,10920,4704,10864,112
TCGA-05-4245-01A-01-BS1_x4872y10920,4872,10920,4816,10864,112
TCGA-05-4245-01A-01-BS1_x4984y10920,4984,10920,4928,10864,112
TCGA-05-4245-01A-01-BS1_x5096y10920,5096,10920,5040,10864,112
TCGA-05-4245-01A-01-BS1_x5208y10920,5208,10920,5152,10864,112
TCGA-05-4245-01A-01-BS1_x5320y10920,5320,10920,5264,10864,112
TCGA-05-4245-01A-01-BS1_x5432y10920,5432,10920,5376,10864,112
TCGA-05-4245-01A-01-BS1_x5544y10920,5544,10920,5488,10864,112
TCGA-05-4245-01A-01-BS1_x5656y10920,5656,10920,5600,10864,112
TCGA-05-4245-01A-01-BS1_x5768y10920,5768,10920,5712,10864,112
TCGA-05-4245-01A-01-BS1_x5880y10920,5880,10920,5824,10864,112
TCGA-05-4245-01A-01-BS1_x5992y10920,5992,10920,5936,10864,112
TCGA-05-4245-01A-01-BS1_x6104y10920,6104,10920,6048,10864,112
TCGA-05-4245-01A-01-BS1_x6216y10920,6216,10920,6160,10864,112
TCGA-05-4245-01A-01-BS1_x6328y10920,6328,10920,6272,10864,112
TCGA-05-4245-01A-01-BS1_x6440y10920,6440,10920,6384,10864,112
TCGA-05-4245-01A-01-BS1_x6552y10920,6552,10920,6496,10864,112
TCGA-05-4245-01A-01-BS1_x6664y10920,6664,10920,6608,10864,112
TCGA-05-4245-01A-01-BS1_x6776y10920,6776,10920,6720,10864,112
TCGA-05-4245-01A-01-BS1_x6888y10920,6888,10920,6832,10864,112
TCGA-05-4245-01A-01-BS1_x7000y10920,7000,10920,6944,10864,112
TCGA-05-4245-01A-01-BS1_x7112y10920,7112,10920,7056,10864,112
TCGA-05-4245-01A-01-BS1_x7224y10920,7224,10920,7168,10864,112
TCGA-05-4245-01A-01-BS1_x7336y10920,7336,10920,7280,10864,112
TCGA-05-4245-01A-01-BS1_x7448y10920,7448,10920,7392,10864,112
TCGA-05-4245-01A-01-BS1_x7560y10920,7560,10920,7504,10864,112
TCGA-05-4245-01A-01-BS1_x7672y10920,7672,10920,7616,10864,112
TCGA-05-4245-01A-01-BS1_x7784y10920,7784,10920,7728,10864,112
TCGA-05-4245-01A-01-BS1_x7896y10920,7896,10920,7840,10864,112
TCGA-05-4245-01A-01-BS1_x8008y10920,8008,10920,7952,10864,112
TCGA-05-4245-01A-01-BS1_x8120y10920,8120,10920,8064,10864,112
TCGA-05-4245-01A-01-BS1_x8232y10920,8232,10920,8176,10864,112
TCGA-05-4245-01A-01-BS1_x8344y10920,8344,10920,8288,10864,112
TCGA-05-4245-01A-01-BS1_x8456y10920,8456,10920,8400,10864,112
TCGA-05-4245-01A-01-BS1_x8568y10920,8568,10920,8512,10864,112
TCGA-05-4245-01A-01-BS1_x8680y10920,8680,10920,8624,10864,112
TCGA-05-4245-01A-01-BS1_x8792y10920,8792,10920,8736,10864,112
TCGA-05-4245-01A-01-BS1_x8904y10920,8904,10920,8848,10864,112
TCGA-05-4245-01A-01-BS1_x9016y10920,9016,10920,8960,10864,112
TCGA-05-4245-01A-01-BS1_x9128y10920,9128,10920,9072,10864,112
TCGA-05-4245-01A-01-BS1_x9240y10920,9240,10920,9184,10864,112
TCGA-05-4245-01A-01-BS1_x9352y10920,9352,10920,9296,10864,112
TCGA-05-4245-01A-01-BS1_x9464y10920,9464,10920,9408,10864,112
TCGA-05-4245-01A-01-BS1_x9576y10920,9576,10920,9520,10864,112
TCGA-05-4245-01A-01-BS1_x9688y10920,9688,10920,9632,10864,112
TCGA-05-4245-01A-01-BS1_x9800y10920,9800,10920,9744,10864,112
TCGA-05-4245-01A-01-BS1_x9912y10920,9912,10920,9856,10864,112
TCGA-05-4245-01A-01-BS1_x10024y10920,10024,10920,9968,10864,112
TCGA-05-4245-01A-01-BS1_x10136y10920,10136,10920,10080,10864,112
TCGA-05-4245-01A-01-BS1_x10248y10920,10248,10920,10192,10864,112
TCGA-05-4245-01A-01-BS1_x10360y10920,10360,10920,10304,10864,112
TCGA-05-4245-01A-01-BS1_x10472y10920,10472,10920,10416,10864,112
TCGA-05-4245-01A-01-BS1_x10584y10920,10584,10920,10528,10864,112
TCGA-05-4245-01A-01-BS1_x10696y10920,10696,10920,10640,10864,112
TCGA-05-4245-01A-01-BS1_x10808y10920,10808,10920,10752,10864,112
TCGA-05-4245-01A-01-BS1_x10920y10920,10920,10920,10864,10864,112
TCGA-05-4245-01A-01-BS1_x11032y10920,11032,10920,10976,10864,112
TCGA-05-4245-01A-01-BS1_x11144y10920,11144,10920,11088,10864,112
TCGA-05-4245-01A-01-BS1_x11256y10920,11256,10920,11200,10864,112
TCGA-05-4245-01A-01-BS1_x11368y10920,11368,10920,11312,10864,112
TCGA-05-4245-01A-01-BS1_x11480y10920,11480,10920,11424,10864,112
TCGA-05-4245-01A-01-BS1_x11592y10920,11592,10920,11536,10864,112
TCGA-05-4245-01A-01-BS1_x11704y10920,11704,10920,11648,10864,112
TCGA-05-4245-01A-01-BS1_x11816y10920,11816,10920,11760,10864,112
TCGA-05-4245-01A-01-BS1_x11928y10920,11928,10920,11872,10864,112
TCGA-05-4245-01A-01-BS1_x12040y10920,12040,10920,11984,10864,112
TCGA-05-4245-01A-01-BS1_x12152y10920,12152,10920,12096,10864,112
TCGA-05-4245-01A-01-BS1_x12264y10920,12264,10920,12208,10864,112
TCGA-05-4245-01A-01-BS1_x12376y10920,12376,10920,12320,10864,112
TCGA-05-4245-01A-01-BS1_x12488y10920,12488,10920,12432,10864,112
TCGA-05-4245-01A-01-BS1_x12600y10920,12600,10920,12544,10864,112
TCGA-05-4245-01A-01-BS1_x12712y10920,12712,10920,12656,10864,112
TCGA-05-4245-01A-01-BS1_x12824y10920,12824,10920,12768,10864,112
TCGA-05-4245-01A-01-BS1_x12936y10920,12936,10920,12880,10864,112
TCGA-05-4245-01A-01-BS1_x13048y10920,13048,10920,12992,10864,112
TCGA-05-4245-01A-01-BS1_x13160y10920,13160,10920,13104,10864,112
TCGA-05-4245-01A-01-BS1_x13272y10920,13272,10920,13216,10864,112
TCGA-05-4245-01A-01-BS1_x13384y10920,13384,10920,13328,10864,112
TCGA-05-4245-01A-01-BS1_x13496y10920,13496,10920,13440,10864,112
TCGA-05-4245-01A-01-BS1_x13608y10920,13608,10920,13552,10864,112
TCGA-05-4245-01A-01-BS1_x13720y10920,13720,10920,13664,10864,112
TCGA-05-4245-01A-01-BS1_x13832y10920,13832,10920,13776,10864,112
TCGA-05-4245-01A-01-BS1_x13944y10920,13944,10920,13888,10864,112
TCGA-05-4245-01A-01-BS1_x14056y10920,14056,10920,14000,10864,112
TCGA-05-4245-01A-01-BS1_x14168y10920,14168,10920,14112,10864,112
TCGA-05-4245-01A-01-BS1_x1624y11032,1624,11032,1568,10976,112
TCGA-05-4245-01A-01-BS1_x1736y11032,1736,11032,1680,10976,112
TCGA-05-4245-01A-01-BS1_x1848y11032,1848,11032,1792,10976,112
TCGA-05-4245-01A-01-BS1_x1960y11032,1960,11032,1904,10976,112
TCGA-05-4245-01A-01-BS1_x2072y11032,2072,11032,2016,10976,112
TCGA-05-4245-01A-01-BS1_x2184y11032,2184,11032,2128,10976,112
TCGA-05-4245-01A-01-BS1_x2296y11032,2296,11032,2240,10976,112
TCGA-05-4245-01A-01-BS1_x2408y11032,2408,11032,2352,10976,112
TCGA-05-4245-01A-01-BS1_x2520y11032,2520,11032,2464,10976,112
TCGA-05-4245-01A-01-BS1_x2632y11032,2632,11032,2576,10976,112
TCGA-05-4245-01A-01-BS1_x2744y11032,2744,11032,2688,10976,112
TCGA-05-4245-01A-01-BS1_x2856y11032,2856,11032,2800,10976,112
TCGA-05-4245-01A-01-BS1_x2968y11032,2968,11032,2912,10976,112
TCGA-05-4245-01A-01-BS1_x3080y11032,3080,11032,3024,10976,112
TCGA-05-4245-01A-01-BS1_x3192y11032,3192,11032,3136,10976,112
TCGA-05-4245-01A-01-BS1_x3304y11032,3304,11032,3248,10976,112
TCGA-05-4245-01A-01-BS1_x3416y11032,3416,11032,3360,10976,112
TCGA-05-4245-01A-01-BS1_x3528y11032,3528,11032,3472,10976,112
TCGA-05-4245-01A-01-BS1_x3640y11032,3640,11032,3584,10976,112
TCGA-05-4245-01A-01-BS1_x3752y11032,3752,11032,3696,10976,112
TCGA-05-4245-01A-01-BS1_x3864y11032,3864,11032,3808,10976,112
TCGA-05-4245-01A-01-BS1_x3976y11032,3976,11032,3920,10976,112
TCGA-05-4245-01A-01-BS1_x4088y11032,4088,11032,4032,10976,112
TCGA-05-4245-01A-01-BS1_x4200y11032,4200,11032,4144,10976,112
TCGA-05-4245-01A-01-BS1_x4312y11032,4312,11032,4256,10976,112
TCGA-05-4245-01A-01-BS1_x4424y11032,4424,11032,4368,10976,112
TCGA-05-4245-01A-01-BS1_x4536y11032,4536,11032,4480,10976,112
TCGA-05-4245-01A-01-BS1_x4648y11032,4648,11032,4592,10976,112
TCGA-05-4245-01A-01-BS1_x4760y11032,4760,11032,4704,10976,112
TCGA-05-4245-01A-01-BS1_x4872y11032,4872,11032,4816,10976,112
TCGA-05-4245-01A-01-BS1_x4984y11032,4984,11032,4928,10976,112
TCGA-05-4245-01A-01-BS1_x5096y11032,5096,11032,5040,10976,112
TCGA-05-4245-01A-01-BS1_x5208y11032,5208,11032,5152,10976,112
TCGA-05-4245-01A-01-BS1_x5320y11032,5320,11032,5264,10976,112
TCGA-05-4245-01A-01-BS1_x5432y11032,5432,11032,5376,10976,112
TCGA-05-4245-01A-01-BS1_x5544y11032,5544,11032,5488,10976,112
TCGA-05-4245-01A-01-BS1_x5656y11032,5656,11032,5600,10976,112
TCGA-05-4245-01A-01-BS1_x5768y11032,5768,11032,5712,10976,112
TCGA-05-4245-01A-01-BS1_x5880y11032,5880,11032,5824,10976,112
TCGA-05-4245-01A-01-BS1_x5992y11032,5992,11032,5936,10976,112
TCGA-05-4245-01A-01-BS1_x6104y11032,6104,11032,6048,10976,112
TCGA-05-4245-01A-01-BS1_x6216y11032,6216,11032,6160,10976,112
TCGA-05-4245-01A-01-BS1_x6328y11032,6328,11032,6272,10976,112
TCGA-05-4245-01A-01-BS1_x6440y11032,6440,11032,6384,10976,112
TCGA-05-4245-01A-01-BS1_x6552y11032,6552,11032,6496,10976,112
TCGA-05-4245-01A-01-BS1_x6664y11032,6664,11032,6608,10976,112
TCGA-05-4245-01A-01-BS1_x6776y11032,6776,11032,6720,10976,112
TCGA-05-4245-01A-01-BS1_x6888y11032,6888,11032,6832,10976,112
TCGA-05-4245-01A-01-BS1_x7000y11032,7000,11032,6944,10976,112
TCGA-05-4245-01A-01-BS1_x7112y11032,7112,11032,7056,10976,112
TCGA-05-4245-01A-01-BS1_x7224y11032,7224,11032,7168,10976,112
TCGA-05-4245-01A-01-BS1_x7336y11032,7336,11032,7280,10976,112
TCGA-05-4245-01A-01-BS1_x7448y11032,7448,11032,7392,10976,112
TCGA-05-4245-01A-01-BS1_x7560y11032,7560,11032,7504,10976,112
TCGA-05-4245-01A-01-BS1_x7672y11032,7672,11032,7616,10976,112
TCGA-05-4245-01A-01-BS1_x7784y11032,7784,11032,7728,10976,112
TCGA-05-4245-01A-01-BS1_x7896y11032,7896,11032,7840,10976,112
TCGA-05-4245-01A-01-BS1_x8008y11032,8008,11032,7952,10976,112
TCGA-05-4245-01A-01-BS1_x8120y11032,8120,11032,8064,10976,112
TCGA-05-4245-01A-01-BS1_x8232y11032,8232,11032,8176,10976,112
TCGA-05-4245-01A-01-BS1_x8344y11032,8344,11032,8288,10976,112
TCGA-05-4245-01A-01-BS1_x8456y11032,8456,11032,8400,10976,112
TCGA-05-4245-01A-01-BS1_x8568y11032,8568,11032,8512,10976,112
TCGA-05-4245-01A-01-BS1_x8680y11032,8680,11032,8624,10976,112
TCGA-05-4245-01A-01-BS1_x8792y11032,8792,11032,8736,10976,112
TCGA-05-4245-01A-01-BS1_x8904y11032,8904,11032,8848,10976,112
TCGA-05-4245-01A-01-BS1_x9016y11032,9016,11032,8960,10976,112
TCGA-05-4245-01A-01-BS1_x9128y11032,9128,11032,9072,10976,112
TCGA-05-4245-01A-01-BS1_x9240y11032,9240,11032,9184,10976,112
TCGA-05-4245-01A-01-BS1_x9352y11032,9352,11032,9296,10976,112
TCGA-05-4245-01A-01-BS1_x9464y11032,9464,11032,9408,10976,112
TCGA-05-4245-01A-01-BS1_x9576y11032,9576,11032,9520,10976,112
TCGA-05-4245-01A-01-BS1_x9688y11032,9688,11032,9632,10976,112
TCGA-05-4245-01A-01-BS1_x9800y11032,9800,11032,9744,10976,112
TCGA-05-4245-01A-01-BS1_x9912y11032,9912,11032,9856,10976,112
TCGA-05-4245-01A-01-BS1_x10024y11032,10024,11032,9968,10976,112
TCGA-05-4245-01A-01-BS1_x10136y11032,10136,11032,10080,10976,112
TCGA-05-4245-01A-01-BS1_x10248y11032,10248,11032,10192,10976,112
TCGA-05-4245-01A-01-BS1_x10360y11032,10360,11032,10304,10976,112
TCGA-05-4245-01A-01-BS1_x10472y11032,10472,11032,10416,10976,112
TCGA-05-4245-01A-01-BS1_x10584y11032,10584,11032,10528,10976,112
TCGA-05-4245-01A-01-BS1_x10696y11032,10696,11032,10640,10976,112
TCGA-05-4245-01A-01-BS1_x10808y11032,10808,11032,10752,10976,112
TCGA-05-4245-01A-01-BS1_x10920y11032,10920,11032,10864,10976,112
TCGA-05-4245-01A-01-BS1_x11032y11032,11032,11032,10976,10976,112
TCGA-05-4245-01A-01-BS1_x11144y11032,11144,11032,11088,10976,112
TCGA-05-4245-01A-01-BS1_x11256y11032,11256,11032,11200,10976,112
TCGA-05-4245-01A-01-BS1_x11368y11032,11368,11032,11312,10976,112
TCGA-05-4245-01A-01-BS1_x11480y11032,11480,11032,11424,10976,112
TCGA-05-4245-01A-01-BS1_x11592y11032,11592,11032,11536,10976,112
TCGA-05-4245-01A-01-BS1_x11704y11032,11704,11032,11648,10976,112
TCGA-05-4245-01A-01-BS1_x11816y11032,11816,11032,11760,10976,112
TCGA-05-4245-01A-01-BS1_x11928y11032,11928,11032,11872,10976,112
TCGA-05-4245-01A-01-BS1_x12040y11032,12040,11032,11984,10976,112
TCGA-05-4245-01A-01-BS1_x12152y11032,12152,11032,12096,10976,112
TCGA-05-4245-01A-01-BS1_x12264y11032,12264,11032,12208,10976,112
TCGA-05-4245-01A-01-BS1_x12376y11032,12376,11032,12320,10976,112
TCGA-05-4245-01A-01-BS1_x12488y11032,12488,11032,12432,10976,112
TCGA-05-4245-01A-01-BS1_x12600y11032,12600,11032,12544,10976,112
TCGA-05-4245-01A-01-BS1_x12712y11032,12712,11032,12656,10976,112
TCGA-05-4245-01A-01-BS1_x12824y11032,12824,11032,12768,10976,112
TCGA-05-4245-01A-01-BS1_x12936y11032,12936,11032,12880,10976,112
TCGA-05-4245-01A-01-BS1_x13048y11032,13048,11032,12992,10976,112
TCGA-05-4245-01A-01-BS1_x13160y11032,13160,11032,13104,10976,112
TCGA-05-4245-01A-01-BS1_x13272y11032,13272,11032,13216,10976,112
TCGA-05-4245-01A-01-BS1_x13384y11032,13384,11032,13328,10976,112
TCGA-05-4245-01A-01-BS1_x13496y11032,13496,11032,13440,10976,112
TCGA-05-4245-01A-01-BS1_x13608y11032,13608,11032,13552,10976,112
TCGA-05-4245-01A-01-BS1_x13720y11032,13720,11032,13664,10976,112
TCGA-05-4245-01A-01-BS1_x13832y11032,13832,11032,13776,10976,112
TCGA-05-4245-01A-01-BS1_x13944y11032,13944,11032,13888,10976,112
TCGA-05-4245-01A-01-BS1_x14056y11032,14056,11032,14000,10976,112
TCGA-05-4245-01A-01-BS1_x14168y11032,14168,11032,14112,10976,112
TCGA-05-4245-01A-01-BS1_x1624y11144,1624,11144,1568,11088,112
TCGA-05-4245-01A-01-BS1_x1736y11144,1736,11144,1680,11088,112
TCGA-05-4245-01A-01-BS1_x1848y11144,1848,11144,1792,11088,112
TCGA-05-4245-01A-01-BS1_x1960y11144,1960,11144,1904,11088,112
TCGA-05-4245-01A-01-BS1_x2072y11144,2072,11144,2016,11088,112
TCGA-05-4245-01A-01-BS1_x2184y11144,2184,11144,2128,11088,112
TCGA-05-4245-01A-01-BS1_x2296y11144,2296,11144,2240,11088,112
TCGA-05-4245-01A-01-BS1_x2408y11144,2408,11144,2352,11088,112
TCGA-05-4245-01A-01-BS1_x2520y11144,2520,11144,2464,11088,112
TCGA-05-4245-01A-01-BS1_x2632y11144,2632,11144,2576,11088,112
TCGA-05-4245-01A-01-BS1_x2744y11144,2744,11144,2688,11088,112
TCGA-05-4245-01A-01-BS1_x2856y11144,2856,11144,2800,11088,112
TCGA-05-4245-01A-01-BS1_x2968y11144,2968,11144,2912,11088,112
TCGA-05-4245-01A-01-BS1_x3080y11144,3080,11144,3024,11088,112
TCGA-05-4245-01A-01-BS1_x3192y11144,3192,11144,3136,11088,112
TCGA-05-4245-01A-01-BS1_x3304y11144,3304,11144,3248,11088,112
TCGA-05-4245-01A-01-BS1_x3416y11144,3416,11144,3360,11088,112
TCGA-05-4245-01A-01-BS1_x3528y11144,3528,11144,3472,11088,112
TCGA-05-4245-01A-01-BS1_x3640y11144,3640,11144,3584,11088,112
TCGA-05-4245-01A-01-BS1_x3752y11144,3752,11144,3696,11088,112
TCGA-05-4245-01A-01-BS1_x3864y11144,3864,11144,3808,11088,112
TCGA-05-4245-01A-01-BS1_x3976y11144,3976,11144,3920,11088,112
TCGA-05-4245-01A-01-BS1_x4088y11144,4088,11144,4032,11088,112
TCGA-05-4245-01A-01-BS1_x4200y11144,4200,11144,4144,11088,112
TCGA-05-4245-01A-01-BS1_x4312y11144,4312,11144,4256,11088,112
TCGA-05-4245-01A-01-BS1_x4424y11144,4424,11144,4368,11088,112
TCGA-05-4245-01A-01-BS1_x4536y11144,4536,11144,4480,11088,112
TCGA-05-4245-01A-01-BS1_x4648y11144,4648,11144,4592,11088,112
TCGA-05-4245-01A-01-BS1_x4760y11144,4760,11144,4704,11088,112
TCGA-05-4245-01A-01-BS1_x4872y11144,4872,11144,4816,11088,112
TCGA-05-4245-01A-01-BS1_x4984y11144,4984,11144,4928,11088,112
TCGA-05-4245-01A-01-BS1_x5096y11144,5096,11144,5040,11088,112
TCGA-05-4245-01A-01-BS1_x5208y11144,5208,11144,5152,11088,112
TCGA-05-4245-01A-01-BS1_x5320y11144,5320,11144,5264,11088,112
TCGA-05-4245-01A-01-BS1_x5432y11144,5432,11144,5376,11088,112
TCGA-05-4245-01A-01-BS1_x5544y11144,5544,11144,5488,11088,112
TCGA-05-4245-01A-01-BS1_x5656y11144,5656,11144,5600,11088,112
TCGA-05-4245-01A-01-BS1_x5768y11144,5768,11144,5712,11088,112
TCGA-05-4245-01A-01-BS1_x5880y11144,5880,11144,5824,11088,112
TCGA-05-4245-01A-01-BS1_x5992y11144,5992,11144,5936,11088,112
TCGA-05-4245-01A-01-BS1_x6104y11144,6104,11144,6048,11088,112
TCGA-05-4245-01A-01-BS1_x6216y11144,6216,11144,6160,11088,112
TCGA-05-4245-01A-01-BS1_x6328y11144,6328,11144,6272,11088,112
TCGA-05-4245-01A-01-BS1_x6440y11144,6440,11144,6384,11088,112
TCGA-05-4245-01A-01-BS1_x6552y11144,6552,11144,6496,11088,112
TCGA-05-4245-01A-01-BS1_x6664y11144,6664,11144,6608,11088,112
TCGA-05-4245-01A-01-BS1_x6776y11144,6776,11144,6720,11088,112
TCGA-05-4245-01A-01-BS1_x6888y11144,6888,11144,6832,11088,112
TCGA-05-4245-01A-01-BS1_x7000y11144,7000,11144,6944,11088,112
TCGA-05-4245-01A-01-BS1_x7112y11144,7112,11144,7056,11088,112
TCGA-05-4245-01A-01-BS1_x7224y11144,7224,11144,7168,11088,112
TCGA-05-4245-01A-01-BS1_x7336y11144,7336,11144,7280,11088,112
TCGA-05-4245-01A-01-BS1_x7448y11144,7448,11144,7392,11088,112
TCGA-05-4245-01A-01-BS1_x7560y11144,7560,11144,7504,11088,112
TCGA-05-4245-01A-01-BS1_x7672y11144,7672,11144,7616,11088,112
TCGA-05-4245-01A-01-BS1_x7784y11144,7784,11144,7728,11088,112
TCGA-05-4245-01A-01-BS1_x7896y11144,7896,11144,7840,11088,112
TCGA-05-4245-01A-01-BS1_x8008y11144,8008,11144,7952,11088,112
TCGA-05-4245-01A-01-BS1_x8120y11144,8120,11144,8064,11088,112
TCGA-05-4245-01A-01-BS1_x8232y11144,8232,11144,8176,11088,112
TCGA-05-4245-01A-01-BS1_x8344y11144,8344,11144,8288,11088,112
TCGA-05-4245-01A-01-BS1_x8456y11144,8456,11144,8400,11088,112
TCGA-05-4245-01A-01-BS1_x8568y11144,8568,11144,8512,11088,112
TCGA-05-4245-01A-01-BS1_x8680y11144,8680,11144,8624,11088,112
TCGA-05-4245-01A-01-BS1_x8792y11144,8792,11144,8736,11088,112
TCGA-05-4245-01A-01-BS1_x8904y11144,8904,11144,8848,11088,112
TCGA-05-4245-01A-01-BS1_x9016y11144,9016,11144,8960,11088,112
TCGA-05-4245-01A-01-BS1_x9128y11144,9128,11144,9072,11088,112
TCGA-05-4245-01A-01-BS1_x9240y11144,9240,11144,9184,11088,112
TCGA-05-4245-01A-01-BS1_x9352y11144,9352,11144,9296,11088,112
TCGA-05-4245-01A-01-BS1_x9464y11144,9464,11144,9408,11088,112
TCGA-05-4245-01A-01-BS1_x9576y11144,9576,11144,9520,11088,112
TCGA-05-4245-01A-01-BS1_x9688y11144,9688,11144,9632,11088,112
TCGA-05-4245-01A-01-BS1_x9800y11144,9800,11144,9744,11088,112
TCGA-05-4245-01A-01-BS1_x9912y11144,9912,11144,9856,11088,112
TCGA-05-4245-01A-01-BS1_x10024y11144,10024,11144,9968,11088,112
TCGA-05-4245-01A-01-BS1_x10136y11144,10136,11144,10080,11088,112
TCGA-05-4245-01A-01-BS1_x10248y11144,10248,11144,10192,11088,112
TCGA-05-4245-01A-01-BS1_x10360y11144,10360,11144,10304,11088,112
TCGA-05-4245-01A-01-BS1_x10472y11144,10472,11144,10416,11088,112
TCGA-05-4245-01A-01-BS1_x10584y11144,10584,11144,10528,11088,112
TCGA-05-4245-01A-01-BS1_x10696y11144,10696,11144,10640,11088,112
TCGA-05-4245-01A-01-BS1_x10808y11144,10808,11144,10752,11088,112
TCGA-05-4245-01A-01-BS1_x10920y11144,10920,11144,10864,11088,112
TCGA-05-4245-01A-01-BS1_x11032y11144,11032,11144,10976,11088,112
TCGA-05-4245-01A-01-BS1_x11144y11144,11144,11144,11088,11088,112
TCGA-05-4245-01A-01-BS1_x11256y11144,11256,11144,11200,11088,112
TCGA-05-4245-01A-01-BS1_x11368y11144,11368,11144,11312,11088,112
TCGA-05-4245-01A-01-BS1_x11480y11144,11480,11144,11424,11088,112
TCGA-05-4245-01A-01-BS1_x11592y11144,11592,11144,11536,11088,112
TCGA-05-4245-01A-01-BS1_x11704y11144,11704,11144,11648,11088,112
TCGA-05-4245-01A-01-BS1_x11816y11144,11816,11144,11760,11088,112
TCGA-05-4245-01A-01-BS1_x11928y11144,11928,11144,11872,11088,112
TCGA-05-4245-01A-01-BS1_x12040y11144,12040,11144,11984,11088,112
TCGA-05-4245-01A-01-BS1_x12152y11144,12152,11144,12096,11088,112
TCGA-05-4245-01A-01-BS1_x12264y11144,12264,11144,12208,11088,112
TCGA-05-4245-01A-01-BS1_x12376y11144,12376,11144,12320,11088,112
TCGA-05-4245-01A-01-BS1_x12488y11144,12488,11144,12432,11088,112
TCGA-05-4245-01A-01-BS1_x12600y11144,12600,11144,12544,11088,112
TCGA-05-4245-01A-01-BS1_x12712y11144,12712,11144,12656,11088,112
TCGA-05-4245-01A-01-BS1_x12824y11144,12824,11144,12768,11088,112
TCGA-05-4245-01A-01-BS1_x12936y11144,12936,11144,12880,11088,112
TCGA-05-4245-01A-01-BS1_x13048y11144,13048,11144,12992,11088,112
TCGA-05-4245-01A-01-BS1_x13160y11144,13160,11144,13104,11088,112
TCGA-05-4245-01A-01-BS1_x13272y11144,13272,11144,13216,11088,112
TCGA-05-4245-01A-01-BS1_x13384y11144,13384,11144,13328,11088,112
TCGA-05-4245-01A-01-BS1_x13496y11144,13496,11144,13440,11088,112
TCGA-05-4245-01A-01-BS1_x13608y11144,13608,11144,13552,11088,112
TCGA-05-4245-01A-01-BS1_x13720y11144,13720,11144,13664,11088,112
TCGA-05-4245-01A-01-BS1_x13832y11144,13832,11144,13776,11088,112
TCGA-05-4245-01A-01-BS1_x13944y11144,13944,11144,13888,11088,112
TCGA-05-4245-01A-01-BS1_x14056y11144,14056,11144,14000,11088,112
TCGA-05-4245-01A-01-BS1_x1624y11256,1624,11256,1568,11200,112
TCGA-05-4245-01A-01-BS1_x1736y11256,1736,11256,1680,11200,112
TCGA-05-4245-01A-01-BS1_x1848y11256,1848,11256,1792,11200,112
TCGA-05-4245-01A-01-BS1_x1960y11256,1960,11256,1904,11200,112
TCGA-05-4245-01A-01-BS1_x2072y11256,2072,11256,2016,11200,112
TCGA-05-4245-01A-01-BS1_x2184y11256,2184,11256,2128,11200,112
TCGA-05-4245-01A-01-BS1_x2296y11256,2296,11256,2240,11200,112
TCGA-05-4245-01A-01-BS1_x2408y11256,2408,11256,2352,11200,112
TCGA-05-4245-01A-01-BS1_x2520y11256,2520,11256,2464,11200,112
TCGA-05-4245-01A-01-BS1_x2632y11256,2632,11256,2576,11200,112
TCGA-05-4245-01A-01-BS1_x2744y11256,2744,11256,2688,11200,112
TCGA-05-4245-01A-01-BS1_x2856y11256,2856,11256,2800,11200,112
TCGA-05-4245-01A-01-BS1_x2968y11256,2968,11256,2912,11200,112
TCGA-05-4245-01A-01-BS1_x3080y11256,3080,11256,3024,11200,112
TCGA-05-4245-01A-01-BS1_x3192y11256,3192,11256,3136,11200,112
TCGA-05-4245-01A-01-BS1_x3304y11256,3304,11256,3248,11200,112
TCGA-05-4245-01A-01-BS1_x3416y11256,3416,11256,3360,11200,112
TCGA-05-4245-01A-01-BS1_x3528y11256,3528,11256,3472,11200,112
TCGA-05-4245-01A-01-BS1_x3640y11256,3640,11256,3584,11200,112
TCGA-05-4245-01A-01-BS1_x3752y11256,3752,11256,3696,11200,112
TCGA-05-4245-01A-01-BS1_x3864y11256,3864,11256,3808,11200,112
TCGA-05-4245-01A-01-BS1_x3976y11256,3976,11256,3920,11200,112
TCGA-05-4245-01A-01-BS1_x4088y11256,4088,11256,4032,11200,112
TCGA-05-4245-01A-01-BS1_x4200y11256,4200,11256,4144,11200,112
TCGA-05-4245-01A-01-BS1_x4312y11256,4312,11256,4256,11200,112
TCGA-05-4245-01A-01-BS1_x4424y11256,4424,11256,4368,11200,112
TCGA-05-4245-01A-01-BS1_x4536y11256,4536,11256,4480,11200,112
TCGA-05-4245-01A-01-BS1_x4648y11256,4648,11256,4592,11200,112
TCGA-05-4245-01A-01-BS1_x4760y11256,4760,11256,4704,11200,112
TCGA-05-4245-01A-01-BS1_x4872y11256,4872,11256,4816,11200,112
TCGA-05-4245-01A-01-BS1_x4984y11256,4984,11256,4928,11200,112
TCGA-05-4245-01A-01-BS1_x5096y11256,5096,11256,5040,11200,112
TCGA-05-4245-01A-01-BS1_x5208y11256,5208,11256,5152,11200,112
TCGA-05-4245-01A-01-BS1_x5320y11256,5320,11256,5264,11200,112
TCGA-05-4245-01A-01-BS1_x5432y11256,5432,11256,5376,11200,112
TCGA-05-4245-01A-01-BS1_x5544y11256,5544,11256,5488,11200,112
TCGA-05-4245-01A-01-BS1_x5656y11256,5656,11256,5600,11200,112
TCGA-05-4245-01A-01-BS1_x5768y11256,5768,11256,5712,11200,112
TCGA-05-4245-01A-01-BS1_x5880y11256,5880,11256,5824,11200,112
TCGA-05-4245-01A-01-BS1_x5992y11256,5992,11256,5936,11200,112
TCGA-05-4245-01A-01-BS1_x6104y11256,6104,11256,6048,11200,112
TCGA-05-4245-01A-01-BS1_x6216y11256,6216,11256,6160,11200,112
TCGA-05-4245-01A-01-BS1_x6328y11256,6328,11256,6272,11200,112
TCGA-05-4245-01A-01-BS1_x6440y11256,6440,11256,6384,11200,112
TCGA-05-4245-01A-01-BS1_x6552y11256,6552,11256,6496,11200,112
TCGA-05-4245-01A-01-BS1_x6664y11256,6664,11256,6608,11200,112
TCGA-05-4245-01A-01-BS1_x6776y11256,6776,11256,6720,11200,112
TCGA-05-4245-01A-01-BS1_x6888y11256,6888,11256,6832,11200,112
TCGA-05-4245-01A-01-BS1_x7000y11256,7000,11256,6944,11200,112
TCGA-05-4245-01A-01-BS1_x7112y11256,7112,11256,7056,11200,112
TCGA-05-4245-01A-01-BS1_x7224y11256,7224,11256,7168,11200,112
TCGA-05-4245-01A-01-BS1_x7336y11256,7336,11256,7280,11200,112
TCGA-05-4245-01A-01-BS1_x7448y11256,7448,11256,7392,11200,112
TCGA-05-4245-01A-01-BS1_x7560y11256,7560,11256,7504,11200,112
TCGA-05-4245-01A-01-BS1_x7672y11256,7672,11256,7616,11200,112
TCGA-05-4245-01A-01-BS1_x7784y11256,7784,11256,7728,11200,112
TCGA-05-4245-01A-01-BS1_x7896y11256,7896,11256,7840,11200,112
TCGA-05-4245-01A-01-BS1_x8008y11256,8008,11256,7952,11200,112
TCGA-05-4245-01A-01-BS1_x8120y11256,8120,11256,8064,11200,112
TCGA-05-4245-01A-01-BS1_x8232y11256,8232,11256,8176,11200,112
TCGA-05-4245-01A-01-BS1_x8344y11256,8344,11256,8288,11200,112
TCGA-05-4245-01A-01-BS1_x8456y11256,8456,11256,8400,11200,112
TCGA-05-4245-01A-01-BS1_x8568y11256,8568,11256,8512,11200,112
TCGA-05-4245-01A-01-BS1_x8680y11256,8680,11256,8624,11200,112
TCGA-05-4245-01A-01-BS1_x8792y11256,8792,11256,8736,11200,112
TCGA-05-4245-01A-01-BS1_x8904y11256,8904,11256,8848,11200,112
TCGA-05-4245-01A-01-BS1_x9016y11256,9016,11256,8960,11200,112
TCGA-05-4245-01A-01-BS1_x9128y11256,9128,11256,9072,11200,112
TCGA-05-4245-01A-01-BS1_x9240y11256,9240,11256,9184,11200,112
TCGA-05-4245-01A-01-BS1_x9352y11256,9352,11256,9296,11200,112
TCGA-05-4245-01A-01-BS1_x9464y11256,9464,11256,9408,11200,112
TCGA-05-4245-01A-01-BS1_x9576y11256,9576,11256,9520,11200,112
TCGA-05-4245-01A-01-BS1_x9688y11256,9688,11256,9632,11200,112
TCGA-05-4245-01A-01-BS1_x9800y11256,9800,11256,9744,11200,112
TCGA-05-4245-01A-01-BS1_x9912y11256,9912,11256,9856,11200,112
TCGA-05-4245-01A-01-BS1_x10024y11256,10024,11256,9968,11200,112
TCGA-05-4245-01A-01-BS1_x10136y11256,10136,11256,10080,11200,112
TCGA-05-4245-01A-01-BS1_x10248y11256,10248,11256,10192,11200,112
TCGA-05-4245-01A-01-BS1_x10360y11256,10360,11256,10304,11200,112
TCGA-05-4245-01A-01-BS1_x10472y11256,10472,11256,10416,11200,112
TCGA-05-4245-01A-01-BS1_x10584y11256,10584,11256,10528,11200,112
TCGA-05-4245-01A-01-BS1_x10696y11256,10696,11256,10640,11200,112
TCGA-05-4245-01A-01-BS1_x10808y11256,10808,11256,10752,11200,112
TCGA-05-4245-01A-01-BS1_x10920y11256,10920,11256,10864,11200,112
TCGA-05-4245-01A-01-BS1_x11032y11256,11032,11256,10976,11200,112
TCGA-05-4245-01A-01-BS1_x11144y11256,11144,11256,11088,11200,112
TCGA-05-4245-01A-01-BS1_x11256y11256,11256,11256,11200,11200,112
TCGA-05-4245-01A-01-BS1_x11368y11256,11368,11256,11312,11200,112
TCGA-05-4245-01A-01-BS1_x11480y11256,11480,11256,11424,11200,112
TCGA-05-4245-01A-01-BS1_x11592y11256,11592,11256,11536,11200,112
TCGA-05-4245-01A-01-BS1_x11704y11256,11704,11256,11648,11200,112
TCGA-05-4245-01A-01-BS1_x11816y11256,11816,11256,11760,11200,112
TCGA-05-4245-01A-01-BS1_x11928y11256,11928,11256,11872,11200,112
TCGA-05-4245-01A-01-BS1_x12040y11256,12040,11256,11984,11200,112
TCGA-05-4245-01A-01-BS1_x12152y11256,12152,11256,12096,11200,112
TCGA-05-4245-01A-01-BS1_x12264y11256,12264,11256,12208,11200,112
TCGA-05-4245-01A-01-BS1_x12376y11256,12376,11256,12320,11200,112
TCGA-05-4245-01A-01-BS1_x12488y11256,12488,11256,12432,11200,112
TCGA-05-4245-01A-01-BS1_x12600y11256,12600,11256,12544,11200,112
TCGA-05-4245-01A-01-BS1_x12712y11256,12712,11256,12656,11200,112
TCGA-05-4245-01A-01-BS1_x12824y11256,12824,11256,12768,11200,112
TCGA-05-4245-01A-01-BS1_x12936y11256,12936,11256,12880,11200,112
TCGA-05-4245-01A-01-BS1_x13048y11256,13048,11256,12992,11200,112
TCGA-05-4245-01A-01-BS1_x13160y11256,13160,11256,13104,11200,112
TCGA-05-4245-01A-01-BS1_x13272y11256,13272,11256,13216,11200,112
TCGA-05-4245-01A-01-BS1_x13384y11256,13384,11256,13328,11200,112
TCGA-05-4245-01A-01-BS1_x13496y11256,13496,11256,13440,11200,112
TCGA-05-4245-01A-01-BS1_x13608y11256,13608,11256,13552,11200,112
TCGA-05-4245-01A-01-BS1_x13720y11256,13720,11256,13664,11200,112
TCGA-05-4245-01A-01-BS1_x13832y11256,13832,11256,13776,11200,112
TCGA-05-4245-01A-01-BS1_x13944y11256,13944,11256,13888,11200,112
TCGA-05-4245-01A-01-BS1_x14056y11256,14056,11256,14000,11200,112
TCGA-05-4245-01A-01-BS1_x1624y11368,1624,11368,1568,11312,112
TCGA-05-4245-01A-01-BS1_x1736y11368,1736,11368,1680,11312,112
TCGA-05-4245-01A-01-BS1_x1848y11368,1848,11368,1792,11312,112
TCGA-05-4245-01A-01-BS1_x1960y11368,1960,11368,1904,11312,112
TCGA-05-4245-01A-01-BS1_x2072y11368,2072,11368,2016,11312,112
TCGA-05-4245-01A-01-BS1_x2296y11368,2296,11368,2240,11312,112
TCGA-05-4245-01A-01-BS1_x2408y11368,2408,11368,2352,11312,112
TCGA-05-4245-01A-01-BS1_x2520y11368,2520,11368,2464,11312,112
TCGA-05-4245-01A-01-BS1_x2632y11368,2632,11368,2576,11312,112
TCGA-05-4245-01A-01-BS1_x2744y11368,2744,11368,2688,11312,112
TCGA-05-4245-01A-01-BS1_x2856y11368,2856,11368,2800,11312,112
TCGA-05-4245-01A-01-BS1_x2968y11368,2968,11368,2912,11312,112
TCGA-05-4245-01A-01-BS1_x3080y11368,3080,11368,3024,11312,112
TCGA-05-4245-01A-01-BS1_x3192y11368,3192,11368,3136,11312,112
TCGA-05-4245-01A-01-BS1_x3304y11368,3304,11368,3248,11312,112
TCGA-05-4245-01A-01-BS1_x3416y11368,3416,11368,3360,11312,112
TCGA-05-4245-01A-01-BS1_x3528y11368,3528,11368,3472,11312,112
TCGA-05-4245-01A-01-BS1_x3640y11368,3640,11368,3584,11312,112
TCGA-05-4245-01A-01-BS1_x3752y11368,3752,11368,3696,11312,112
TCGA-05-4245-01A-01-BS1_x3864y11368,3864,11368,3808,11312,112
TCGA-05-4245-01A-01-BS1_x3976y11368,3976,11368,3920,11312,112
TCGA-05-4245-01A-01-BS1_x4088y11368,4088,11368,4032,11312,112
TCGA-05-4245-01A-01-BS1_x4200y11368,4200,11368,4144,11312,112
TCGA-05-4245-01A-01-BS1_x4312y11368,4312,11368,4256,11312,112
TCGA-05-4245-01A-01-BS1_x4424y11368,4424,11368,4368,11312,112
TCGA-05-4245-01A-01-BS1_x4536y11368,4536,11368,4480,11312,112
TCGA-05-4245-01A-01-BS1_x4648y11368,4648,11368,4592,11312,112
TCGA-05-4245-01A-01-BS1_x4760y11368,4760,11368,4704,11312,112
TCGA-05-4245-01A-01-BS1_x4872y11368,4872,11368,4816,11312,112
TCGA-05-4245-01A-01-BS1_x4984y11368,4984,11368,4928,11312,112
TCGA-05-4245-01A-01-BS1_x5096y11368,5096,11368,5040,11312,112
TCGA-05-4245-01A-01-BS1_x5208y11368,5208,11368,5152,11312,112
TCGA-05-4245-01A-01-BS1_x5320y11368,5320,11368,5264,11312,112
TCGA-05-4245-01A-01-BS1_x5432y11368,5432,11368,5376,11312,112
TCGA-05-4245-01A-01-BS1_x5544y11368,5544,11368,5488,11312,112
TCGA-05-4245-01A-01-BS1_x5656y11368,5656,11368,5600,11312,112
TCGA-05-4245-01A-01-BS1_x5768y11368,5768,11368,5712,11312,112
TCGA-05-4245-01A-01-BS1_x5880y11368,5880,11368,5824,11312,112
TCGA-05-4245-01A-01-BS1_x5992y11368,5992,11368,5936,11312,112
TCGA-05-4245-01A-01-BS1_x6104y11368,6104,11368,6048,11312,112
TCGA-05-4245-01A-01-BS1_x6216y11368,6216,11368,6160,11312,112
TCGA-05-4245-01A-01-BS1_x6328y11368,6328,11368,6272,11312,112
TCGA-05-4245-01A-01-BS1_x6440y11368,6440,11368,6384,11312,112
TCGA-05-4245-01A-01-BS1_x6552y11368,6552,11368,6496,11312,112
TCGA-05-4245-01A-01-BS1_x6664y11368,6664,11368,6608,11312,112
TCGA-05-4245-01A-01-BS1_x6776y11368,6776,11368,6720,11312,112
TCGA-05-4245-01A-01-BS1_x6888y11368,6888,11368,6832,11312,112
TCGA-05-4245-01A-01-BS1_x7000y11368,7000,11368,6944,11312,112
TCGA-05-4245-01A-01-BS1_x7112y11368,7112,11368,7056,11312,112
TCGA-05-4245-01A-01-BS1_x7224y11368,7224,11368,7168,11312,112
TCGA-05-4245-01A-01-BS1_x7336y11368,7336,11368,7280,11312,112
TCGA-05-4245-01A-01-BS1_x7448y11368,7448,11368,7392,11312,112
TCGA-05-4245-01A-01-BS1_x7560y11368,7560,11368,7504,11312,112
TCGA-05-4245-01A-01-BS1_x7672y11368,7672,11368,7616,11312,112
TCGA-05-4245-01A-01-BS1_x7784y11368,7784,11368,7728,11312,112
TCGA-05-4245-01A-01-BS1_x7896y11368,7896,11368,7840,11312,112
TCGA-05-4245-01A-01-BS1_x8008y11368,8008,11368,7952,11312,112
TCGA-05-4245-01A-01-BS1_x8120y11368,8120,11368,8064,11312,112
TCGA-05-4245-01A-01-BS1_x8232y11368,8232,11368,8176,11312,112
TCGA-05-4245-01A-01-BS1_x8344y11368,8344,11368,8288,11312,112
TCGA-05-4245-01A-01-BS1_x8456y11368,8456,11368,8400,11312,112
TCGA-05-4245-01A-01-BS1_x8568y11368,8568,11368,8512,11312,112
TCGA-05-4245-01A-01-BS1_x8680y11368,8680,11368,8624,11312,112
TCGA-05-4245-01A-01-BS1_x8792y11368,8792,11368,8736,11312,112
TCGA-05-4245-01A-01-BS1_x8904y11368,8904,11368,8848,11312,112
TCGA-05-4245-01A-01-BS1_x9016y11368,9016,11368,8960,11312,112
TCGA-05-4245-01A-01-BS1_x9128y11368,9128,11368,9072,11312,112
TCGA-05-4245-01A-01-BS1_x9240y11368,9240,11368,9184,11312,112
TCGA-05-4245-01A-01-BS1_x9352y11368,9352,11368,9296,11312,112
TCGA-05-4245-01A-01-BS1_x9464y11368,9464,11368,9408,11312,112
TCGA-05-4245-01A-01-BS1_x9576y11368,9576,11368,9520,11312,112
TCGA-05-4245-01A-01-BS1_x9688y11368,9688,11368,9632,11312,112
TCGA-05-4245-01A-01-BS1_x9800y11368,9800,11368,9744,11312,112
TCGA-05-4245-01A-01-BS1_x9912y11368,9912,11368,9856,11312,112
TCGA-05-4245-01A-01-BS1_x10024y11368,10024,11368,9968,11312,112
TCGA-05-4245-01A-01-BS1_x10136y11368,10136,11368,10080,11312,112
TCGA-05-4245-01A-01-BS1_x10248y11368,10248,11368,10192,11312,112
TCGA-05-4245-01A-01-BS1_x10360y11368,10360,11368,10304,11312,112
TCGA-05-4245-01A-01-BS1_x10472y11368,10472,11368,10416,11312,112
TCGA-05-4245-01A-01-BS1_x10584y11368,10584,11368,10528,11312,112
TCGA-05-4245-01A-01-BS1_x10696y11368,10696,11368,10640,11312,112
TCGA-05-4245-01A-01-BS1_x10808y11368,10808,11368,10752,11312,112
TCGA-05-4245-01A-01-BS1_x10920y11368,10920,11368,10864,11312,112
TCGA-05-4245-01A-01-BS1_x11032y11368,11032,11368,10976,11312,112
TCGA-05-4245-01A-01-BS1_x11144y11368,11144,11368,11088,11312,112
TCGA-05-4245-01A-01-BS1_x11256y11368,11256,11368,11200,11312,112
TCGA-05-4245-01A-01-BS1_x11368y11368,11368,11368,11312,11312,112
TCGA-05-4245-01A-01-BS1_x11480y11368,11480,11368,11424,11312,112
TCGA-05-4245-01A-01-BS1_x11592y11368,11592,11368,11536,11312,112
TCGA-05-4245-01A-01-BS1_x11704y11368,11704,11368,11648,11312,112
TCGA-05-4245-01A-01-BS1_x11816y11368,11816,11368,11760,11312,112
TCGA-05-4245-01A-01-BS1_x11928y11368,11928,11368,11872,11312,112
TCGA-05-4245-01A-01-BS1_x12040y11368,12040,11368,11984,11312,112
TCGA-05-4245-01A-01-BS1_x12152y11368,12152,11368,12096,11312,112
TCGA-05-4245-01A-01-BS1_x12264y11368,12264,11368,12208,11312,112
TCGA-05-4245-01A-01-BS1_x12376y11368,12376,11368,12320,11312,112
TCGA-05-4245-01A-01-BS1_x12488y11368,12488,11368,12432,11312,112
TCGA-05-4245-01A-01-BS1_x12600y11368,12600,11368,12544,11312,112
TCGA-05-4245-01A-01-BS1_x12712y11368,12712,11368,12656,11312,112
TCGA-05-4245-01A-01-BS1_x12824y11368,12824,11368,12768,11312,112
TCGA-05-4245-01A-01-BS1_x12936y11368,12936,11368,12880,11312,112
TCGA-05-4245-01A-01-BS1_x13048y11368,13048,11368,12992,11312,112
TCGA-05-4245-01A-01-BS1_x13160y11368,13160,11368,13104,11312,112
TCGA-05-4245-01A-01-BS1_x13272y11368,13272,11368,13216,11312,112
TCGA-05-4245-01A-01-BS1_x13384y11368,13384,11368,13328,11312,112
TCGA-05-4245-01A-01-BS1_x13496y11368,13496,11368,13440,11312,112
TCGA-05-4245-01A-01-BS1_x13608y11368,13608,11368,13552,11312,112
TCGA-05-4245-01A-01-BS1_x13720y11368,13720,11368,13664,11312,112
TCGA-05-4245-01A-01-BS1_x13832y11368,13832,11368,13776,11312,112
TCGA-05-4245-01A-01-BS1_x13944y11368,13944,11368,13888,11312,112
TCGA-05-4245-01A-01-BS1_x1624y11480,1624,11480,1568,11424,112
TCGA-05-4245-01A-01-BS1_x1736y11480,1736,11480,1680,11424,112
TCGA-05-4245-01A-01-BS1_x1848y11480,1848,11480,1792,11424,112
TCGA-05-4245-01A-01-BS1_x1960y11480,1960,11480,1904,11424,112
TCGA-05-4245-01A-01-BS1_x2072y11480,2072,11480,2016,11424,112
TCGA-05-4245-01A-01-BS1_x2184y11480,2184,11480,2128,11424,112
TCGA-05-4245-01A-01-BS1_x2296y11480,2296,11480,2240,11424,112
TCGA-05-4245-01A-01-BS1_x2408y11480,2408,11480,2352,11424,112
TCGA-05-4245-01A-01-BS1_x2520y11480,2520,11480,2464,11424,112
TCGA-05-4245-01A-01-BS1_x2632y11480,2632,11480,2576,11424,112
TCGA-05-4245-01A-01-BS1_x2744y11480,2744,11480,2688,11424,112
TCGA-05-4245-01A-01-BS1_x2856y11480,2856,11480,2800,11424,112
TCGA-05-4245-01A-01-BS1_x2968y11480,2968,11480,2912,11424,112
TCGA-05-4245-01A-01-BS1_x3080y11480,3080,11480,3024,11424,112
TCGA-05-4245-01A-01-BS1_x3192y11480,3192,11480,3136,11424,112
TCGA-05-4245-01A-01-BS1_x3304y11480,3304,11480,3248,11424,112
TCGA-05-4245-01A-01-BS1_x3416y11480,3416,11480,3360,11424,112
TCGA-05-4245-01A-01-BS1_x3528y11480,3528,11480,3472,11424,112
TCGA-05-4245-01A-01-BS1_x3640y11480,3640,11480,3584,11424,112
TCGA-05-4245-01A-01-BS1_x3752y11480,3752,11480,3696,11424,112
TCGA-05-4245-01A-01-BS1_x3864y11480,3864,11480,3808,11424,112
TCGA-05-4245-01A-01-BS1_x3976y11480,3976,11480,3920,11424,112
TCGA-05-4245-01A-01-BS1_x4088y11480,4088,11480,4032,11424,112
TCGA-05-4245-01A-01-BS1_x4200y11480,4200,11480,4144,11424,112
TCGA-05-4245-01A-01-BS1_x4312y11480,4312,11480,4256,11424,112
TCGA-05-4245-01A-01-BS1_x4424y11480,4424,11480,4368,11424,112
TCGA-05-4245-01A-01-BS1_x4536y11480,4536,11480,4480,11424,112
TCGA-05-4245-01A-01-BS1_x4648y11480,4648,11480,4592,11424,112
TCGA-05-4245-01A-01-BS1_x4760y11480,4760,11480,4704,11424,112
TCGA-05-4245-01A-01-BS1_x4872y11480,4872,11480,4816,11424,112
TCGA-05-4245-01A-01-BS1_x4984y11480,4984,11480,4928,11424,112
TCGA-05-4245-01A-01-BS1_x5096y11480,5096,11480,5040,11424,112
TCGA-05-4245-01A-01-BS1_x5208y11480,5208,11480,5152,11424,112
TCGA-05-4245-01A-01-BS1_x5320y11480,5320,11480,5264,11424,112
TCGA-05-4245-01A-01-BS1_x5432y11480,5432,11480,5376,11424,112
TCGA-05-4245-01A-01-BS1_x5544y11480,5544,11480,5488,11424,112
TCGA-05-4245-01A-01-BS1_x5656y11480,5656,11480,5600,11424,112
TCGA-05-4245-01A-01-BS1_x5768y11480,5768,11480,5712,11424,112
TCGA-05-4245-01A-01-BS1_x5880y11480,5880,11480,5824,11424,112
TCGA-05-4245-01A-01-BS1_x5992y11480,5992,11480,5936,11424,112
TCGA-05-4245-01A-01-BS1_x6104y11480,6104,11480,6048,11424,112
TCGA-05-4245-01A-01-BS1_x6216y11480,6216,11480,6160,11424,112
TCGA-05-4245-01A-01-BS1_x6328y11480,6328,11480,6272,11424,112
TCGA-05-4245-01A-01-BS1_x6440y11480,6440,11480,6384,11424,112
TCGA-05-4245-01A-01-BS1_x6552y11480,6552,11480,6496,11424,112
TCGA-05-4245-01A-01-BS1_x6664y11480,6664,11480,6608,11424,112
TCGA-05-4245-01A-01-BS1_x6776y11480,6776,11480,6720,11424,112
TCGA-05-4245-01A-01-BS1_x6888y11480,6888,11480,6832,11424,112
TCGA-05-4245-01A-01-BS1_x7000y11480,7000,11480,6944,11424,112
TCGA-05-4245-01A-01-BS1_x7112y11480,7112,11480,7056,11424,112
TCGA-05-4245-01A-01-BS1_x7224y11480,7224,11480,7168,11424,112
TCGA-05-4245-01A-01-BS1_x7336y11480,7336,11480,7280,11424,112
TCGA-05-4245-01A-01-BS1_x7448y11480,7448,11480,7392,11424,112
TCGA-05-4245-01A-01-BS1_x7560y11480,7560,11480,7504,11424,112
TCGA-05-4245-01A-01-BS1_x7672y11480,7672,11480,7616,11424,112
TCGA-05-4245-01A-01-BS1_x7784y11480,7784,11480,7728,11424,112
TCGA-05-4245-01A-01-BS1_x7896y11480,7896,11480,7840,11424,112
TCGA-05-4245-01A-01-BS1_x8008y11480,8008,11480,7952,11424,112
TCGA-05-4245-01A-01-BS1_x8120y11480,8120,11480,8064,11424,112
TCGA-05-4245-01A-01-BS1_x8232y11480,8232,11480,8176,11424,112
TCGA-05-4245-01A-01-BS1_x8344y11480,8344,11480,8288,11424,112
TCGA-05-4245-01A-01-BS1_x8456y11480,8456,11480,8400,11424,112
TCGA-05-4245-01A-01-BS1_x8568y11480,8568,11480,8512,11424,112
TCGA-05-4245-01A-01-BS1_x8680y11480,8680,11480,8624,11424,112
TCGA-05-4245-01A-01-BS1_x8792y11480,8792,11480,8736,11424,112
TCGA-05-4245-01A-01-BS1_x8904y11480,8904,11480,8848,11424,112
TCGA-05-4245-01A-01-BS1_x9016y11480,9016,11480,8960,11424,112
TCGA-05-4245-01A-01-BS1_x9128y11480,9128,11480,9072,11424,112
TCGA-05-4245-01A-01-BS1_x9240y11480,9240,11480,9184,11424,112
TCGA-05-4245-01A-01-BS1_x9352y11480,9352,11480,9296,11424,112
TCGA-05-4245-01A-01-BS1_x9464y11480,9464,11480,9408,11424,112
TCGA-05-4245-01A-01-BS1_x9576y11480,9576,11480,9520,11424,112
TCGA-05-4245-01A-01-BS1_x9688y11480,9688,11480,9632,11424,112
TCGA-05-4245-01A-01-BS1_x9800y11480,9800,11480,9744,11424,112
TCGA-05-4245-01A-01-BS1_x9912y11480,9912,11480,9856,11424,112
TCGA-05-4245-01A-01-BS1_x10024y11480,10024,11480,9968,11424,112
TCGA-05-4245-01A-01-BS1_x10136y11480,10136,11480,10080,11424,112
TCGA-05-4245-01A-01-BS1_x10248y11480,10248,11480,10192,11424,112
TCGA-05-4245-01A-01-BS1_x10360y11480,10360,11480,10304,11424,112
TCGA-05-4245-01A-01-BS1_x10472y11480,10472,11480,10416,11424,112
TCGA-05-4245-01A-01-BS1_x10584y11480,10584,11480,10528,11424,112
TCGA-05-4245-01A-01-BS1_x10696y11480,10696,11480,10640,11424,112
TCGA-05-4245-01A-01-BS1_x10808y11480,10808,11480,10752,11424,112
TCGA-05-4245-01A-01-BS1_x10920y11480,10920,11480,10864,11424,112
TCGA-05-4245-01A-01-BS1_x11032y11480,11032,11480,10976,11424,112
TCGA-05-4245-01A-01-BS1_x11144y11480,11144,11480,11088,11424,112
TCGA-05-4245-01A-01-BS1_x11256y11480,11256,11480,11200,11424,112
TCGA-05-4245-01A-01-BS1_x11368y11480,11368,11480,11312,11424,112
TCGA-05-4245-01A-01-BS1_x11480y11480,11480,11480,11424,11424,112
TCGA-05-4245-01A-01-BS1_x11592y11480,11592,11480,11536,11424,112
TCGA-05-4245-01A-01-BS1_x11704y11480,11704,11480,11648,11424,112
TCGA-05-4245-01A-01-BS1_x11816y11480,11816,11480,11760,11424,112
TCGA-05-4245-01A-01-BS1_x11928y11480,11928,11480,11872,11424,112
TCGA-05-4245-01A-01-BS1_x12040y11480,12040,11480,11984,11424,112
TCGA-05-4245-01A-01-BS1_x12152y11480,12152,11480,12096,11424,112
TCGA-05-4245-01A-01-BS1_x12264y11480,12264,11480,12208,11424,112
TCGA-05-4245-01A-01-BS1_x12376y11480,12376,11480,12320,11424,112
TCGA-05-4245-01A-01-BS1_x12488y11480,12488,11480,12432,11424,112
TCGA-05-4245-01A-01-BS1_x12600y11480,12600,11480,12544,11424,112
TCGA-05-4245-01A-01-BS1_x12712y11480,12712,11480,12656,11424,112
TCGA-05-4245-01A-01-BS1_x12824y11480,12824,11480,12768,11424,112
TCGA-05-4245-01A-01-BS1_x12936y11480,12936,11480,12880,11424,112
TCGA-05-4245-01A-01-BS1_x13048y11480,13048,11480,12992,11424,112
TCGA-05-4245-01A-01-BS1_x13160y11480,13160,11480,13104,11424,112
TCGA-05-4245-01A-01-BS1_x13272y11480,13272,11480,13216,11424,112
TCGA-05-4245-01A-01-BS1_x1736y11592,1736,11592,1680,11536,112
TCGA-05-4245-01A-01-BS1_x1848y11592,1848,11592,1792,11536,112
TCGA-05-4245-01A-01-BS1_x1960y11592,1960,11592,1904,11536,112
TCGA-05-4245-01A-01-BS1_x2072y11592,2072,11592,2016,11536,112
TCGA-05-4245-01A-01-BS1_x2184y11592,2184,11592,2128,11536,112
TCGA-05-4245-01A-01-BS1_x2296y11592,2296,11592,2240,11536,112
TCGA-05-4245-01A-01-BS1_x2408y11592,2408,11592,2352,11536,112
TCGA-05-4245-01A-01-BS1_x2520y11592,2520,11592,2464,11536,112
TCGA-05-4245-01A-01-BS1_x2632y11592,2632,11592,2576,11536,112
TCGA-05-4245-01A-01-BS1_x2744y11592,2744,11592,2688,11536,112
TCGA-05-4245-01A-01-BS1_x2856y11592,2856,11592,2800,11536,112
TCGA-05-4245-01A-01-BS1_x2968y11592,2968,11592,2912,11536,112
TCGA-05-4245-01A-01-BS1_x3080y11592,3080,11592,3024,11536,112
TCGA-05-4245-01A-01-BS1_x3192y11592,3192,11592,3136,11536,112
TCGA-05-4245-01A-01-BS1_x3304y11592,3304,11592,3248,11536,112
TCGA-05-4245-01A-01-BS1_x3416y11592,3416,11592,3360,11536,112
TCGA-05-4245-01A-01-BS1_x3528y11592,3528,11592,3472,11536,112
TCGA-05-4245-01A-01-BS1_x3640y11592,3640,11592,3584,11536,112
TCGA-05-4245-01A-01-BS1_x3752y11592,3752,11592,3696,11536,112
TCGA-05-4245-01A-01-BS1_x3864y11592,3864,11592,3808,11536,112
TCGA-05-4245-01A-01-BS1_x3976y11592,3976,11592,3920,11536,112
TCGA-05-4245-01A-01-BS1_x4088y11592,4088,11592,4032,11536,112
TCGA-05-4245-01A-01-BS1_x4200y11592,4200,11592,4144,11536,112
TCGA-05-4245-01A-01-BS1_x4312y11592,4312,11592,4256,11536,112
TCGA-05-4245-01A-01-BS1_x4424y11592,4424,11592,4368,11536,112
TCGA-05-4245-01A-01-BS1_x4536y11592,4536,11592,4480,11536,112
TCGA-05-4245-01A-01-BS1_x4648y11592,4648,11592,4592,11536,112
TCGA-05-4245-01A-01-BS1_x4760y11592,4760,11592,4704,11536,112
TCGA-05-4245-01A-01-BS1_x4872y11592,4872,11592,4816,11536,112
TCGA-05-4245-01A-01-BS1_x4984y11592,4984,11592,4928,11536,112
TCGA-05-4245-01A-01-BS1_x5096y11592,5096,11592,5040,11536,112
TCGA-05-4245-01A-01-BS1_x5208y11592,5208,11592,5152,11536,112
TCGA-05-4245-01A-01-BS1_x5320y11592,5320,11592,5264,11536,112
TCGA-05-4245-01A-01-BS1_x5432y11592,5432,11592,5376,11536,112
TCGA-05-4245-01A-01-BS1_x5544y11592,5544,11592,5488,11536,112
TCGA-05-4245-01A-01-BS1_x5656y11592,5656,11592,5600,11536,112
TCGA-05-4245-01A-01-BS1_x5768y11592,5768,11592,5712,11536,112
TCGA-05-4245-01A-01-BS1_x5880y11592,5880,11592,5824,11536,112
TCGA-05-4245-01A-01-BS1_x5992y11592,5992,11592,5936,11536,112
TCGA-05-4245-01A-01-BS1_x6104y11592,6104,11592,6048,11536,112
TCGA-05-4245-01A-01-BS1_x6216y11592,6216,11592,6160,11536,112
TCGA-05-4245-01A-01-BS1_x6328y11592,6328,11592,6272,11536,112
TCGA-05-4245-01A-01-BS1_x6440y11592,6440,11592,6384,11536,112
TCGA-05-4245-01A-01-BS1_x6552y11592,6552,11592,6496,11536,112
TCGA-05-4245-01A-01-BS1_x6664y11592,6664,11592,6608,11536,112
TCGA-05-4245-01A-01-BS1_x6776y11592,6776,11592,6720,11536,112
TCGA-05-4245-01A-01-BS1_x6888y11592,6888,11592,6832,11536,112
TCGA-05-4245-01A-01-BS1_x7000y11592,7000,11592,6944,11536,112
TCGA-05-4245-01A-01-BS1_x7112y11592,7112,11592,7056,11536,112
TCGA-05-4245-01A-01-BS1_x7224y11592,7224,11592,7168,11536,112
TCGA-05-4245-01A-01-BS1_x7336y11592,7336,11592,7280,11536,112
TCGA-05-4245-01A-01-BS1_x7448y11592,7448,11592,7392,11536,112
TCGA-05-4245-01A-01-BS1_x7560y11592,7560,11592,7504,11536,112
TCGA-05-4245-01A-01-BS1_x7672y11592,7672,11592,7616,11536,112
TCGA-05-4245-01A-01-BS1_x7784y11592,7784,11592,7728,11536,112
TCGA-05-4245-01A-01-BS1_x7896y11592,7896,11592,7840,11536,112
TCGA-05-4245-01A-01-BS1_x8008y11592,8008,11592,7952,11536,112
TCGA-05-4245-01A-01-BS1_x8120y11592,8120,11592,8064,11536,112
TCGA-05-4245-01A-01-BS1_x8232y11592,8232,11592,8176,11536,112
TCGA-05-4245-01A-01-BS1_x8344y11592,8344,11592,8288,11536,112
TCGA-05-4245-01A-01-BS1_x8456y11592,8456,11592,8400,11536,112
TCGA-05-4245-01A-01-BS1_x8568y11592,8568,11592,8512,11536,112
TCGA-05-4245-01A-01-BS1_x8680y11592,8680,11592,8624,11536,112
TCGA-05-4245-01A-01-BS1_x8792y11592,8792,11592,8736,11536,112
TCGA-05-4245-01A-01-BS1_x8904y11592,8904,11592,8848,11536,112
TCGA-05-4245-01A-01-BS1_x9016y11592,9016,11592,8960,11536,112
TCGA-05-4245-01A-01-BS1_x9128y11592,9128,11592,9072,11536,112
TCGA-05-4245-01A-01-BS1_x9240y11592,9240,11592,9184,11536,112
TCGA-05-4245-01A-01-BS1_x9352y11592,9352,11592,9296,11536,112
TCGA-05-4245-01A-01-BS1_x9464y11592,9464,11592,9408,11536,112
TCGA-05-4245-01A-01-BS1_x9576y11592,9576,11592,9520,11536,112
TCGA-05-4245-01A-01-BS1_x9688y11592,9688,11592,9632,11536,112
TCGA-05-4245-01A-01-BS1_x9800y11592,9800,11592,9744,11536,112
TCGA-05-4245-01A-01-BS1_x9912y11592,9912,11592,9856,11536,112
TCGA-05-4245-01A-01-BS1_x10024y11592,10024,11592,9968,11536,112
TCGA-05-4245-01A-01-BS1_x10136y11592,10136,11592,10080,11536,112
TCGA-05-4245-01A-01-BS1_x10248y11592,10248,11592,10192,11536,112
TCGA-05-4245-01A-01-BS1_x10360y11592,10360,11592,10304,11536,112
TCGA-05-4245-01A-01-BS1_x10472y11592,10472,11592,10416,11536,112
TCGA-05-4245-01A-01-BS1_x10584y11592,10584,11592,10528,11536,112
TCGA-05-4245-01A-01-BS1_x10696y11592,10696,11592,10640,11536,112
TCGA-05-4245-01A-01-BS1_x10808y11592,10808,11592,10752,11536,112
TCGA-05-4245-01A-01-BS1_x10920y11592,10920,11592,10864,11536,112
TCGA-05-4245-01A-01-BS1_x11032y11592,11032,11592,10976,11536,112
TCGA-05-4245-01A-01-BS1_x11144y11592,11144,11592,11088,11536,112
TCGA-05-4245-01A-01-BS1_x11256y11592,11256,11592,11200,11536,112
TCGA-05-4245-01A-01-BS1_x11368y11592,11368,11592,11312,11536,112
TCGA-05-4245-01A-01-BS1_x11480y11592,11480,11592,11424,11536,112
TCGA-05-4245-01A-01-BS1_x11592y11592,11592,11592,11536,11536,112
TCGA-05-4245-01A-01-BS1_x11704y11592,11704,11592,11648,11536,112
TCGA-05-4245-01A-01-BS1_x11816y11592,11816,11592,11760,11536,112
TCGA-05-4245-01A-01-BS1_x11928y11592,11928,11592,11872,11536,112
TCGA-05-4245-01A-01-BS1_x12040y11592,12040,11592,11984,11536,112
TCGA-05-4245-01A-01-BS1_x12152y11592,12152,11592,12096,11536,112
TCGA-05-4245-01A-01-BS1_x12264y11592,12264,11592,12208,11536,112
TCGA-05-4245-01A-01-BS1_x12376y11592,12376,11592,12320,11536,112
TCGA-05-4245-01A-01-BS1_x12488y11592,12488,11592,12432,11536,112
TCGA-05-4245-01A-01-BS1_x12600y11592,12600,11592,12544,11536,112
TCGA-05-4245-01A-01-BS1_x12712y11592,12712,11592,12656,11536,112
TCGA-05-4245-01A-01-BS1_x12824y11592,12824,11592,12768,11536,112
TCGA-05-4245-01A-01-BS1_x12936y11592,12936,11592,12880,11536,112
TCGA-05-4245-01A-01-BS1_x13048y11592,13048,11592,12992,11536,112
TCGA-05-4245-01A-01-BS1_x13160y11592,13160,11592,13104,11536,112
TCGA-05-4245-01A-01-BS1_x13272y11592,13272,11592,13216,11536,112
TCGA-05-4245-01A-01-BS1_x13384y11592,13384,11592,13328,11536,112
TCGA-05-4245-01A-01-BS1_x13496y11592,13496,11592,13440,11536,112
TCGA-05-4245-01A-01-BS1_x13608y11592,13608,11592,13552,11536,112
TCGA-05-4245-01A-01-BS1_x13720y11592,13720,11592,13664,11536,112
TCGA-05-4245-01A-01-BS1_x2744y11704,2744,11704,2688,11648,112
TCGA-05-4245-01A-01-BS1_x2856y11704,2856,11704,2800,11648,112
TCGA-05-4245-01A-01-BS1_x2968y11704,2968,11704,2912,11648,112
TCGA-05-4245-01A-01-BS1_x3080y11704,3080,11704,3024,11648,112
TCGA-05-4245-01A-01-BS1_x3192y11704,3192,11704,3136,11648,112
TCGA-05-4245-01A-01-BS1_x3304y11704,3304,11704,3248,11648,112
TCGA-05-4245-01A-01-BS1_x3416y11704,3416,11704,3360,11648,112
TCGA-05-4245-01A-01-BS1_x3528y11704,3528,11704,3472,11648,112
TCGA-05-4245-01A-01-BS1_x3640y11704,3640,11704,3584,11648,112
TCGA-05-4245-01A-01-BS1_x3752y11704,3752,11704,3696,11648,112
TCGA-05-4245-01A-01-BS1_x3864y11704,3864,11704,3808,11648,112
TCGA-05-4245-01A-01-BS1_x3976y11704,3976,11704,3920,11648,112
TCGA-05-4245-01A-01-BS1_x4088y11704,4088,11704,4032,11648,112
TCGA-05-4245-01A-01-BS1_x4200y11704,4200,11704,4144,11648,112
TCGA-05-4245-01A-01-BS1_x4312y11704,4312,11704,4256,11648,112
TCGA-05-4245-01A-01-BS1_x4424y11704,4424,11704,4368,11648,112
TCGA-05-4245-01A-01-BS1_x4536y11704,4536,11704,4480,11648,112
TCGA-05-4245-01A-01-BS1_x4648y11704,4648,11704,4592,11648,112
TCGA-05-4245-01A-01-BS1_x4760y11704,4760,11704,4704,11648,112
TCGA-05-4245-01A-01-BS1_x4872y11704,4872,11704,4816,11648,112
TCGA-05-4245-01A-01-BS1_x4984y11704,4984,11704,4928,11648,112
TCGA-05-4245-01A-01-BS1_x5096y11704,5096,11704,5040,11648,112
TCGA-05-4245-01A-01-BS1_x5208y11704,5208,11704,5152,11648,112
TCGA-05-4245-01A-01-BS1_x5320y11704,5320,11704,5264,11648,112
TCGA-05-4245-01A-01-BS1_x5432y11704,5432,11704,5376,11648,112
TCGA-05-4245-01A-01-BS1_x5544y11704,5544,11704,5488,11648,112
TCGA-05-4245-01A-01-BS1_x5656y11704,5656,11704,5600,11648,112
TCGA-05-4245-01A-01-BS1_x5768y11704,5768,11704,5712,11648,112
TCGA-05-4245-01A-01-BS1_x5880y11704,5880,11704,5824,11648,112
TCGA-05-4245-01A-01-BS1_x5992y11704,5992,11704,5936,11648,112
TCGA-05-4245-01A-01-BS1_x6104y11704,6104,11704,6048,11648,112
TCGA-05-4245-01A-01-BS1_x6216y11704,6216,11704,6160,11648,112
TCGA-05-4245-01A-01-BS1_x6328y11704,6328,11704,6272,11648,112
TCGA-05-4245-01A-01-BS1_x6440y11704,6440,11704,6384,11648,112
TCGA-05-4245-01A-01-BS1_x6552y11704,6552,11704,6496,11648,112
TCGA-05-4245-01A-01-BS1_x6664y11704,6664,11704,6608,11648,112
TCGA-05-4245-01A-01-BS1_x6776y11704,6776,11704,6720,11648,112
TCGA-05-4245-01A-01-BS1_x6888y11704,6888,11704,6832,11648,112
TCGA-05-4245-01A-01-BS1_x7000y11704,7000,11704,6944,11648,112
TCGA-05-4245-01A-01-BS1_x7112y11704,7112,11704,7056,11648,112
TCGA-05-4245-01A-01-BS1_x7224y11704,7224,11704,7168,11648,112
TCGA-05-4245-01A-01-BS1_x7336y11704,7336,11704,7280,11648,112
TCGA-05-4245-01A-01-BS1_x7448y11704,7448,11704,7392,11648,112
TCGA-05-4245-01A-01-BS1_x7560y11704,7560,11704,7504,11648,112
TCGA-05-4245-01A-01-BS1_x7672y11704,7672,11704,7616,11648,112
TCGA-05-4245-01A-01-BS1_x7784y11704,7784,11704,7728,11648,112
TCGA-05-4245-01A-01-BS1_x7896y11704,7896,11704,7840,11648,112
TCGA-05-4245-01A-01-BS1_x8008y11704,8008,11704,7952,11648,112
TCGA-05-4245-01A-01-BS1_x8120y11704,8120,11704,8064,11648,112
TCGA-05-4245-01A-01-BS1_x8232y11704,8232,11704,8176,11648,112
TCGA-05-4245-01A-01-BS1_x8344y11704,8344,11704,8288,11648,112
TCGA-05-4245-01A-01-BS1_x8456y11704,8456,11704,8400,11648,112
TCGA-05-4245-01A-01-BS1_x8568y11704,8568,11704,8512,11648,112
TCGA-05-4245-01A-01-BS1_x8680y11704,8680,11704,8624,11648,112
TCGA-05-4245-01A-01-BS1_x8792y11704,8792,11704,8736,11648,112
TCGA-05-4245-01A-01-BS1_x8904y11704,8904,11704,8848,11648,112
TCGA-05-4245-01A-01-BS1_x9016y11704,9016,11704,8960,11648,112
TCGA-05-4245-01A-01-BS1_x9128y11704,9128,11704,9072,11648,112
TCGA-05-4245-01A-01-BS1_x9240y11704,9240,11704,9184,11648,112
TCGA-05-4245-01A-01-BS1_x9352y11704,9352,11704,9296,11648,112
TCGA-05-4245-01A-01-BS1_x9464y11704,9464,11704,9408,11648,112
TCGA-05-4245-01A-01-BS1_x9576y11704,9576,11704,9520,11648,112
TCGA-05-4245-01A-01-BS1_x9688y11704,9688,11704,9632,11648,112
TCGA-05-4245-01A-01-BS1_x9800y11704,9800,11704,9744,11648,112
TCGA-05-4245-01A-01-BS1_x9912y11704,9912,11704,9856,11648,112
TCGA-05-4245-01A-01-BS1_x10024y11704,10024,11704,9968,11648,112
TCGA-05-4245-01A-01-BS1_x10136y11704,10136,11704,10080,11648,112
TCGA-05-4245-01A-01-BS1_x10248y11704,10248,11704,10192,11648,112
TCGA-05-4245-01A-01-BS1_x10360y11704,10360,11704,10304,11648,112
TCGA-05-4245-01A-01-BS1_x10472y11704,10472,11704,10416,11648,112
TCGA-05-4245-01A-01-BS1_x10584y11704,10584,11704,10528,11648,112
TCGA-05-4245-01A-01-BS1_x10696y11704,10696,11704,10640,11648,112
TCGA-05-4245-01A-01-BS1_x10808y11704,10808,11704,10752,11648,112
TCGA-05-4245-01A-01-BS1_x10920y11704,10920,11704,10864,11648,112
TCGA-05-4245-01A-01-BS1_x11032y11704,11032,11704,10976,11648,112
TCGA-05-4245-01A-01-BS1_x11144y11704,11144,11704,11088,11648,112
TCGA-05-4245-01A-01-BS1_x11256y11704,11256,11704,11200,11648,112
TCGA-05-4245-01A-01-BS1_x11368y11704,11368,11704,11312,11648,112
TCGA-05-4245-01A-01-BS1_x11480y11704,11480,11704,11424,11648,112
TCGA-05-4245-01A-01-BS1_x11592y11704,11592,11704,11536,11648,112
TCGA-05-4245-01A-01-BS1_x11704y11704,11704,11704,11648,11648,112
TCGA-05-4245-01A-01-BS1_x11816y11704,11816,11704,11760,11648,112
TCGA-05-4245-01A-01-BS1_x11928y11704,11928,11704,11872,11648,112
TCGA-05-4245-01A-01-BS1_x12040y11704,12040,11704,11984,11648,112
TCGA-05-4245-01A-01-BS1_x12152y11704,12152,11704,12096,11648,112
TCGA-05-4245-01A-01-BS1_x12264y11704,12264,11704,12208,11648,112
TCGA-05-4245-01A-01-BS1_x12376y11704,12376,11704,12320,11648,112
TCGA-05-4245-01A-01-BS1_x12488y11704,12488,11704,12432,11648,112
TCGA-05-4245-01A-01-BS1_x12600y11704,12600,11704,12544,11648,112
TCGA-05-4245-01A-01-BS1_x12712y11704,12712,11704,12656,11648,112
TCGA-05-4245-01A-01-BS1_x12824y11704,12824,11704,12768,11648,112
TCGA-05-4245-01A-01-BS1_x12936y11704,12936,11704,12880,11648,112
TCGA-05-4245-01A-01-BS1_x13048y11704,13048,11704,12992,11648,112
TCGA-05-4245-01A-01-BS1_x13160y11704,13160,11704,13104,11648,112
TCGA-05-4245-01A-01-BS1_x13272y11704,13272,11704,13216,11648,112
TCGA-05-4245-01A-01-BS1_x13384y11704,13384,11704,13328,11648,112
TCGA-05-4245-01A-01-BS1_x13496y11704,13496,11704,13440,11648,112
TCGA-05-4245-01A-01-BS1_x13608y11704,13608,11704,13552,11648,112
TCGA-05-4245-01A-01-BS1_x2408y11816,2408,11816,2352,11760,112
TCGA-05-4245-01A-01-BS1_x2520y11816,2520,11816,2464,11760,112
TCGA-05-4245-01A-01-BS1_x2632y11816,2632,11816,2576,11760,112
TCGA-05-4245-01A-01-BS1_x2744y11816,2744,11816,2688,11760,112
TCGA-05-4245-01A-01-BS1_x2856y11816,2856,11816,2800,11760,112
TCGA-05-4245-01A-01-BS1_x2968y11816,2968,11816,2912,11760,112
TCGA-05-4245-01A-01-BS1_x3080y11816,3080,11816,3024,11760,112
TCGA-05-4245-01A-01-BS1_x3192y11816,3192,11816,3136,11760,112
TCGA-05-4245-01A-01-BS1_x3304y11816,3304,11816,3248,11760,112
TCGA-05-4245-01A-01-BS1_x3416y11816,3416,11816,3360,11760,112
TCGA-05-4245-01A-01-BS1_x3528y11816,3528,11816,3472,11760,112
TCGA-05-4245-01A-01-BS1_x3640y11816,3640,11816,3584,11760,112
TCGA-05-4245-01A-01-BS1_x3752y11816,3752,11816,3696,11760,112
TCGA-05-4245-01A-01-BS1_x3864y11816,3864,11816,3808,11760,112
TCGA-05-4245-01A-01-BS1_x3976y11816,3976,11816,3920,11760,112
TCGA-05-4245-01A-01-BS1_x4088y11816,4088,11816,4032,11760,112
TCGA-05-4245-01A-01-BS1_x4200y11816,4200,11816,4144,11760,112
TCGA-05-4245-01A-01-BS1_x4312y11816,4312,11816,4256,11760,112
TCGA-05-4245-01A-01-BS1_x4424y11816,4424,11816,4368,11760,112
TCGA-05-4245-01A-01-BS1_x4536y11816,4536,11816,4480,11760,112
TCGA-05-4245-01A-01-BS1_x4648y11816,4648,11816,4592,11760,112
TCGA-05-4245-01A-01-BS1_x4760y11816,4760,11816,4704,11760,112
TCGA-05-4245-01A-01-BS1_x4872y11816,4872,11816,4816,11760,112
TCGA-05-4245-01A-01-BS1_x4984y11816,4984,11816,4928,11760,112
TCGA-05-4245-01A-01-BS1_x5096y11816,5096,11816,5040,11760,112
TCGA-05-4245-01A-01-BS1_x5208y11816,5208,11816,5152,11760,112
TCGA-05-4245-01A-01-BS1_x5320y11816,5320,11816,5264,11760,112
TCGA-05-4245-01A-01-BS1_x5432y11816,5432,11816,5376,11760,112
TCGA-05-4245-01A-01-BS1_x5544y11816,5544,11816,5488,11760,112
TCGA-05-4245-01A-01-BS1_x5656y11816,5656,11816,5600,11760,112
TCGA-05-4245-01A-01-BS1_x5768y11816,5768,11816,5712,11760,112
TCGA-05-4245-01A-01-BS1_x5880y11816,5880,11816,5824,11760,112
TCGA-05-4245-01A-01-BS1_x5992y11816,5992,11816,5936,11760,112
TCGA-05-4245-01A-01-BS1_x6104y11816,6104,11816,6048,11760,112
TCGA-05-4245-01A-01-BS1_x6216y11816,6216,11816,6160,11760,112
TCGA-05-4245-01A-01-BS1_x6328y11816,6328,11816,6272,11760,112
TCGA-05-4245-01A-01-BS1_x6440y11816,6440,11816,6384,11760,112
TCGA-05-4245-01A-01-BS1_x6552y11816,6552,11816,6496,11760,112
TCGA-05-4245-01A-01-BS1_x6664y11816,6664,11816,6608,11760,112
TCGA-05-4245-01A-01-BS1_x6776y11816,6776,11816,6720,11760,112
TCGA-05-4245-01A-01-BS1_x6888y11816,6888,11816,6832,11760,112
TCGA-05-4245-01A-01-BS1_x7000y11816,7000,11816,6944,11760,112
TCGA-05-4245-01A-01-BS1_x7112y11816,7112,11816,7056,11760,112
TCGA-05-4245-01A-01-BS1_x7224y11816,7224,11816,7168,11760,112
TCGA-05-4245-01A-01-BS1_x7336y11816,7336,11816,7280,11760,112
TCGA-05-4245-01A-01-BS1_x7448y11816,7448,11816,7392,11760,112
TCGA-05-4245-01A-01-BS1_x7560y11816,7560,11816,7504,11760,112
TCGA-05-4245-01A-01-BS1_x7672y11816,7672,11816,7616,11760,112
TCGA-05-4245-01A-01-BS1_x7784y11816,7784,11816,7728,11760,112
TCGA-05-4245-01A-01-BS1_x7896y11816,7896,11816,7840,11760,112
TCGA-05-4245-01A-01-BS1_x8008y11816,8008,11816,7952,11760,112
TCGA-05-4245-01A-01-BS1_x8120y11816,8120,11816,8064,11760,112
TCGA-05-4245-01A-01-BS1_x8232y11816,8232,11816,8176,11760,112
TCGA-05-4245-01A-01-BS1_x8344y11816,8344,11816,8288,11760,112
TCGA-05-4245-01A-01-BS1_x8456y11816,8456,11816,8400,11760,112
TCGA-05-4245-01A-01-BS1_x8568y11816,8568,11816,8512,11760,112
TCGA-05-4245-01A-01-BS1_x8680y11816,8680,11816,8624,11760,112
TCGA-05-4245-01A-01-BS1_x8792y11816,8792,11816,8736,11760,112
TCGA-05-4245-01A-01-BS1_x8904y11816,8904,11816,8848,11760,112
TCGA-05-4245-01A-01-BS1_x9016y11816,9016,11816,8960,11760,112
TCGA-05-4245-01A-01-BS1_x9128y11816,9128,11816,9072,11760,112
TCGA-05-4245-01A-01-BS1_x9240y11816,9240,11816,9184,11760,112
TCGA-05-4245-01A-01-BS1_x9352y11816,9352,11816,9296,11760,112
TCGA-05-4245-01A-01-BS1_x9464y11816,9464,11816,9408,11760,112
TCGA-05-4245-01A-01-BS1_x9576y11816,9576,11816,9520,11760,112
TCGA-05-4245-01A-01-BS1_x9688y11816,9688,11816,9632,11760,112
TCGA-05-4245-01A-01-BS1_x9800y11816,9800,11816,9744,11760,112
TCGA-05-4245-01A-01-BS1_x9912y11816,9912,11816,9856,11760,112
TCGA-05-4245-01A-01-BS1_x10024y11816,10024,11816,9968,11760,112
TCGA-05-4245-01A-01-BS1_x10136y11816,10136,11816,10080,11760,112
TCGA-05-4245-01A-01-BS1_x10248y11816,10248,11816,10192,11760,112
TCGA-05-4245-01A-01-BS1_x10360y11816,10360,11816,10304,11760,112
TCGA-05-4245-01A-01-BS1_x10472y11816,10472,11816,10416,11760,112
TCGA-05-4245-01A-01-BS1_x10584y11816,10584,11816,10528,11760,112
TCGA-05-4245-01A-01-BS1_x10696y11816,10696,11816,10640,11760,112
TCGA-05-4245-01A-01-BS1_x10808y11816,10808,11816,10752,11760,112
TCGA-05-4245-01A-01-BS1_x10920y11816,10920,11816,10864,11760,112
TCGA-05-4245-01A-01-BS1_x11032y11816,11032,11816,10976,11760,112
TCGA-05-4245-01A-01-BS1_x11144y11816,11144,11816,11088,11760,112
TCGA-05-4245-01A-01-BS1_x11256y11816,11256,11816,11200,11760,112
TCGA-05-4245-01A-01-BS1_x11368y11816,11368,11816,11312,11760,112
TCGA-05-4245-01A-01-BS1_x11480y11816,11480,11816,11424,11760,112
TCGA-05-4245-01A-01-BS1_x11592y11816,11592,11816,11536,11760,112
TCGA-05-4245-01A-01-BS1_x11704y11816,11704,11816,11648,11760,112
TCGA-05-4245-01A-01-BS1_x11816y11816,11816,11816,11760,11760,112
TCGA-05-4245-01A-01-BS1_x11928y11816,11928,11816,11872,11760,112
TCGA-05-4245-01A-01-BS1_x12040y11816,12040,11816,11984,11760,112
TCGA-05-4245-01A-01-BS1_x12152y11816,12152,11816,12096,11760,112
TCGA-05-4245-01A-01-BS1_x12264y11816,12264,11816,12208,11760,112
TCGA-05-4245-01A-01-BS1_x12376y11816,12376,11816,12320,11760,112
TCGA-05-4245-01A-01-BS1_x12488y11816,12488,11816,12432,11760,112
TCGA-05-4245-01A-01-BS1_x12600y11816,12600,11816,12544,11760,112
TCGA-05-4245-01A-01-BS1_x12712y11816,12712,11816,12656,11760,112
TCGA-05-4245-01A-01-BS1_x12824y11816,12824,11816,12768,11760,112
TCGA-05-4245-01A-01-BS1_x12936y11816,12936,11816,12880,11760,112
TCGA-05-4245-01A-01-BS1_x13048y11816,13048,11816,12992,11760,112
TCGA-05-4245-01A-01-BS1_x13160y11816,13160,11816,13104,11760,112
TCGA-05-4245-01A-01-BS1_x13272y11816,13272,11816,13216,11760,112
TCGA-05-4245-01A-01-BS1_x13384y11816,13384,11816,13328,11760,112
TCGA-05-4245-01A-01-BS1_x13496y11816,13496,11816,13440,11760,112
TCGA-05-4245-01A-01-BS1_x2072y11928,2072,11928,2016,11872,112
TCGA-05-4245-01A-01-BS1_x2184y11928,2184,11928,2128,11872,112
TCGA-05-4245-01A-01-BS1_x2296y11928,2296,11928,2240,11872,112
TCGA-05-4245-01A-01-BS1_x2408y11928,2408,11928,2352,11872,112
TCGA-05-4245-01A-01-BS1_x2520y11928,2520,11928,2464,11872,112
TCGA-05-4245-01A-01-BS1_x2632y11928,2632,11928,2576,11872,112
TCGA-05-4245-01A-01-BS1_x2744y11928,2744,11928,2688,11872,112
TCGA-05-4245-01A-01-BS1_x2856y11928,2856,11928,2800,11872,112
TCGA-05-4245-01A-01-BS1_x2968y11928,2968,11928,2912,11872,112
TCGA-05-4245-01A-01-BS1_x3080y11928,3080,11928,3024,11872,112
TCGA-05-4245-01A-01-BS1_x3192y11928,3192,11928,3136,11872,112
TCGA-05-4245-01A-01-BS1_x3304y11928,3304,11928,3248,11872,112
TCGA-05-4245-01A-01-BS1_x3416y11928,3416,11928,3360,11872,112
TCGA-05-4245-01A-01-BS1_x3528y11928,3528,11928,3472,11872,112
TCGA-05-4245-01A-01-BS1_x3640y11928,3640,11928,3584,11872,112
TCGA-05-4245-01A-01-BS1_x3752y11928,3752,11928,3696,11872,112
TCGA-05-4245-01A-01-BS1_x3864y11928,3864,11928,3808,11872,112
TCGA-05-4245-01A-01-BS1_x3976y11928,3976,11928,3920,11872,112
TCGA-05-4245-01A-01-BS1_x4088y11928,4088,11928,4032,11872,112
TCGA-05-4245-01A-01-BS1_x4200y11928,4200,11928,4144,11872,112
TCGA-05-4245-01A-01-BS1_x4312y11928,4312,11928,4256,11872,112
TCGA-05-4245-01A-01-BS1_x4424y11928,4424,11928,4368,11872,112
TCGA-05-4245-01A-01-BS1_x4536y11928,4536,11928,4480,11872,112
TCGA-05-4245-01A-01-BS1_x4648y11928,4648,11928,4592,11872,112
TCGA-05-4245-01A-01-BS1_x4760y11928,4760,11928,4704,11872,112
TCGA-05-4245-01A-01-BS1_x4872y11928,4872,11928,4816,11872,112
TCGA-05-4245-01A-01-BS1_x4984y11928,4984,11928,4928,11872,112
TCGA-05-4245-01A-01-BS1_x5096y11928,5096,11928,5040,11872,112
TCGA-05-4245-01A-01-BS1_x5208y11928,5208,11928,5152,11872,112
TCGA-05-4245-01A-01-BS1_x5320y11928,5320,11928,5264,11872,112
TCGA-05-4245-01A-01-BS1_x5432y11928,5432,11928,5376,11872,112
TCGA-05-4245-01A-01-BS1_x5544y11928,5544,11928,5488,11872,112
TCGA-05-4245-01A-01-BS1_x5656y11928,5656,11928,5600,11872,112
TCGA-05-4245-01A-01-BS1_x5768y11928,5768,11928,5712,11872,112
TCGA-05-4245-01A-01-BS1_x5880y11928,5880,11928,5824,11872,112
TCGA-05-4245-01A-01-BS1_x5992y11928,5992,11928,5936,11872,112
TCGA-05-4245-01A-01-BS1_x6104y11928,6104,11928,6048,11872,112
TCGA-05-4245-01A-01-BS1_x6216y11928,6216,11928,6160,11872,112
TCGA-05-4245-01A-01-BS1_x6328y11928,6328,11928,6272,11872,112
TCGA-05-4245-01A-01-BS1_x6440y11928,6440,11928,6384,11872,112
TCGA-05-4245-01A-01-BS1_x6552y11928,6552,11928,6496,11872,112
TCGA-05-4245-01A-01-BS1_x6664y11928,6664,11928,6608,11872,112
TCGA-05-4245-01A-01-BS1_x6776y11928,6776,11928,6720,11872,112
TCGA-05-4245-01A-01-BS1_x6888y11928,6888,11928,6832,11872,112
TCGA-05-4245-01A-01-BS1_x7000y11928,7000,11928,6944,11872,112
TCGA-05-4245-01A-01-BS1_x7112y11928,7112,11928,7056,11872,112
TCGA-05-4245-01A-01-BS1_x7224y11928,7224,11928,7168,11872,112
TCGA-05-4245-01A-01-BS1_x7336y11928,7336,11928,7280,11872,112
TCGA-05-4245-01A-01-BS1_x7448y11928,7448,11928,7392,11872,112
TCGA-05-4245-01A-01-BS1_x7560y11928,7560,11928,7504,11872,112
TCGA-05-4245-01A-01-BS1_x7672y11928,7672,11928,7616,11872,112
TCGA-05-4245-01A-01-BS1_x7784y11928,7784,11928,7728,11872,112
TCGA-05-4245-01A-01-BS1_x7896y11928,7896,11928,7840,11872,112
TCGA-05-4245-01A-01-BS1_x8008y11928,8008,11928,7952,11872,112
TCGA-05-4245-01A-01-BS1_x8120y11928,8120,11928,8064,11872,112
TCGA-05-4245-01A-01-BS1_x8232y11928,8232,11928,8176,11872,112
TCGA-05-4245-01A-01-BS1_x8344y11928,8344,11928,8288,11872,112
TCGA-05-4245-01A-01-BS1_x8456y11928,8456,11928,8400,11872,112
TCGA-05-4245-01A-01-BS1_x8568y11928,8568,11928,8512,11872,112
TCGA-05-4245-01A-01-BS1_x8680y11928,8680,11928,8624,11872,112
TCGA-05-4245-01A-01-BS1_x8792y11928,8792,11928,8736,11872,112
TCGA-05-4245-01A-01-BS1_x8904y11928,8904,11928,8848,11872,112
TCGA-05-4245-01A-01-BS1_x9016y11928,9016,11928,8960,11872,112
TCGA-05-4245-01A-01-BS1_x9128y11928,9128,11928,9072,11872,112
TCGA-05-4245-01A-01-BS1_x9240y11928,9240,11928,9184,11872,112
TCGA-05-4245-01A-01-BS1_x9352y11928,9352,11928,9296,11872,112
TCGA-05-4245-01A-01-BS1_x9464y11928,9464,11928,9408,11872,112
TCGA-05-4245-01A-01-BS1_x9576y11928,9576,11928,9520,11872,112
TCGA-05-4245-01A-01-BS1_x9688y11928,9688,11928,9632,11872,112
TCGA-05-4245-01A-01-BS1_x9800y11928,9800,11928,9744,11872,112
TCGA-05-4245-01A-01-BS1_x9912y11928,9912,11928,9856,11872,112
TCGA-05-4245-01A-01-BS1_x10024y11928,10024,11928,9968,11872,112
TCGA-05-4245-01A-01-BS1_x10136y11928,10136,11928,10080,11872,112
TCGA-05-4245-01A-01-BS1_x10248y11928,10248,11928,10192,11872,112
TCGA-05-4245-01A-01-BS1_x10360y11928,10360,11928,10304,11872,112
TCGA-05-4245-01A-01-BS1_x10472y11928,10472,11928,10416,11872,112
TCGA-05-4245-01A-01-BS1_x10584y11928,10584,11928,10528,11872,112
TCGA-05-4245-01A-01-BS1_x10696y11928,10696,11928,10640,11872,112
TCGA-05-4245-01A-01-BS1_x10808y11928,10808,11928,10752,11872,112
TCGA-05-4245-01A-01-BS1_x10920y11928,10920,11928,10864,11872,112
TCGA-05-4245-01A-01-BS1_x11032y11928,11032,11928,10976,11872,112
TCGA-05-4245-01A-01-BS1_x11144y11928,11144,11928,11088,11872,112
TCGA-05-4245-01A-01-BS1_x11256y11928,11256,11928,11200,11872,112
TCGA-05-4245-01A-01-BS1_x11368y11928,11368,11928,11312,11872,112
TCGA-05-4245-01A-01-BS1_x11480y11928,11480,11928,11424,11872,112
TCGA-05-4245-01A-01-BS1_x11592y11928,11592,11928,11536,11872,112
TCGA-05-4245-01A-01-BS1_x11704y11928,11704,11928,11648,11872,112
TCGA-05-4245-01A-01-BS1_x11816y11928,11816,11928,11760,11872,112
TCGA-05-4245-01A-01-BS1_x11928y11928,11928,11928,11872,11872,112
TCGA-05-4245-01A-01-BS1_x12040y11928,12040,11928,11984,11872,112
TCGA-05-4245-01A-01-BS1_x12152y11928,12152,11928,12096,11872,112
TCGA-05-4245-01A-01-BS1_x12264y11928,12264,11928,12208,11872,112
TCGA-05-4245-01A-01-BS1_x12376y11928,12376,11928,12320,11872,112
TCGA-05-4245-01A-01-BS1_x12488y11928,12488,11928,12432,11872,112
TCGA-05-4245-01A-01-BS1_x12600y11928,12600,11928,12544,11872,112
TCGA-05-4245-01A-01-BS1_x12712y11928,12712,11928,12656,11872,112
TCGA-05-4245-01A-01-BS1_x12824y11928,12824,11928,12768,11872,112
TCGA-05-4245-01A-01-BS1_x12936y11928,12936,11928,12880,11872,112
TCGA-05-4245-01A-01-BS1_x13048y11928,13048,11928,12992,11872,112
TCGA-05-4245-01A-01-BS1_x13160y11928,13160,11928,13104,11872,112
TCGA-05-4245-01A-01-BS1_x13272y11928,13272,11928,13216,11872,112
TCGA-05-4245-01A-01-BS1_x2072y12040,2072,12040,2016,11984,112
TCGA-05-4245-01A-01-BS1_x2184y12040,2184,12040,2128,11984,112
TCGA-05-4245-01A-01-BS1_x2296y12040,2296,12040,2240,11984,112
TCGA-05-4245-01A-01-BS1_x2408y12040,2408,12040,2352,11984,112
TCGA-05-4245-01A-01-BS1_x2520y12040,2520,12040,2464,11984,112
TCGA-05-4245-01A-01-BS1_x2744y12040,2744,12040,2688,11984,112
TCGA-05-4245-01A-01-BS1_x2856y12040,2856,12040,2800,11984,112
TCGA-05-4245-01A-01-BS1_x2968y12040,2968,12040,2912,11984,112
TCGA-05-4245-01A-01-BS1_x3080y12040,3080,12040,3024,11984,112
TCGA-05-4245-01A-01-BS1_x3192y12040,3192,12040,3136,11984,112
TCGA-05-4245-01A-01-BS1_x3304y12040,3304,12040,3248,11984,112
TCGA-05-4245-01A-01-BS1_x3416y12040,3416,12040,3360,11984,112
TCGA-05-4245-01A-01-BS1_x3528y12040,3528,12040,3472,11984,112
TCGA-05-4245-01A-01-BS1_x3640y12040,3640,12040,3584,11984,112
TCGA-05-4245-01A-01-BS1_x3752y12040,3752,12040,3696,11984,112
TCGA-05-4245-01A-01-BS1_x3864y12040,3864,12040,3808,11984,112
TCGA-05-4245-01A-01-BS1_x3976y12040,3976,12040,3920,11984,112
TCGA-05-4245-01A-01-BS1_x4088y12040,4088,12040,4032,11984,112
TCGA-05-4245-01A-01-BS1_x4200y12040,4200,12040,4144,11984,112
TCGA-05-4245-01A-01-BS1_x4312y12040,4312,12040,4256,11984,112
TCGA-05-4245-01A-01-BS1_x4424y12040,4424,12040,4368,11984,112
TCGA-05-4245-01A-01-BS1_x4536y12040,4536,12040,4480,11984,112
TCGA-05-4245-01A-01-BS1_x4648y12040,4648,12040,4592,11984,112
TCGA-05-4245-01A-01-BS1_x4760y12040,4760,12040,4704,11984,112
TCGA-05-4245-01A-01-BS1_x4872y12040,4872,12040,4816,11984,112
TCGA-05-4245-01A-01-BS1_x4984y12040,4984,12040,4928,11984,112
TCGA-05-4245-01A-01-BS1_x5096y12040,5096,12040,5040,11984,112
TCGA-05-4245-01A-01-BS1_x5208y12040,5208,12040,5152,11984,112
TCGA-05-4245-01A-01-BS1_x5320y12040,5320,12040,5264,11984,112
TCGA-05-4245-01A-01-BS1_x5432y12040,5432,12040,5376,11984,112
TCGA-05-4245-01A-01-BS1_x5544y12040,5544,12040,5488,11984,112
TCGA-05-4245-01A-01-BS1_x5656y12040,5656,12040,5600,11984,112
TCGA-05-4245-01A-01-BS1_x5768y12040,5768,12040,5712,11984,112
TCGA-05-4245-01A-01-BS1_x5880y12040,5880,12040,5824,11984,112
TCGA-05-4245-01A-01-BS1_x5992y12040,5992,12040,5936,11984,112
TCGA-05-4245-01A-01-BS1_x6104y12040,6104,12040,6048,11984,112
TCGA-05-4245-01A-01-BS1_x6216y12040,6216,12040,6160,11984,112
TCGA-05-4245-01A-01-BS1_x6328y12040,6328,12040,6272,11984,112
TCGA-05-4245-01A-01-BS1_x6440y12040,6440,12040,6384,11984,112
TCGA-05-4245-01A-01-BS1_x6552y12040,6552,12040,6496,11984,112
TCGA-05-4245-01A-01-BS1_x6664y12040,6664,12040,6608,11984,112
TCGA-05-4245-01A-01-BS1_x6776y12040,6776,12040,6720,11984,112
TCGA-05-4245-01A-01-BS1_x6888y12040,6888,12040,6832,11984,112
TCGA-05-4245-01A-01-BS1_x7000y12040,7000,12040,6944,11984,112
TCGA-05-4245-01A-01-BS1_x7112y12040,7112,12040,7056,11984,112
TCGA-05-4245-01A-01-BS1_x7224y12040,7224,12040,7168,11984,112
TCGA-05-4245-01A-01-BS1_x7336y12040,7336,12040,7280,11984,112
TCGA-05-4245-01A-01-BS1_x7448y12040,7448,12040,7392,11984,112
TCGA-05-4245-01A-01-BS1_x7560y12040,7560,12040,7504,11984,112
TCGA-05-4245-01A-01-BS1_x7672y12040,7672,12040,7616,11984,112
TCGA-05-4245-01A-01-BS1_x7784y12040,7784,12040,7728,11984,112
TCGA-05-4245-01A-01-BS1_x7896y12040,7896,12040,7840,11984,112
TCGA-05-4245-01A-01-BS1_x8008y12040,8008,12040,7952,11984,112
TCGA-05-4245-01A-01-BS1_x8120y12040,8120,12040,8064,11984,112
TCGA-05-4245-01A-01-BS1_x8232y12040,8232,12040,8176,11984,112
TCGA-05-4245-01A-01-BS1_x8344y12040,8344,12040,8288,11984,112
TCGA-05-4245-01A-01-BS1_x8456y12040,8456,12040,8400,11984,112
TCGA-05-4245-01A-01-BS1_x8568y12040,8568,12040,8512,11984,112
TCGA-05-4245-01A-01-BS1_x8680y12040,8680,12040,8624,11984,112
TCGA-05-4245-01A-01-BS1_x8792y12040,8792,12040,8736,11984,112
TCGA-05-4245-01A-01-BS1_x8904y12040,8904,12040,8848,11984,112
TCGA-05-4245-01A-01-BS1_x9016y12040,9016,12040,8960,11984,112
TCGA-05-4245-01A-01-BS1_x9128y12040,9128,12040,9072,11984,112
TCGA-05-4245-01A-01-BS1_x9240y12040,9240,12040,9184,11984,112
TCGA-05-4245-01A-01-BS1_x9352y12040,9352,12040,9296,11984,112
TCGA-05-4245-01A-01-BS1_x9464y12040,9464,12040,9408,11984,112
TCGA-05-4245-01A-01-BS1_x9576y12040,9576,12040,9520,11984,112
TCGA-05-4245-01A-01-BS1_x9688y12040,9688,12040,9632,11984,112
TCGA-05-4245-01A-01-BS1_x9800y12040,9800,12040,9744,11984,112
TCGA-05-4245-01A-01-BS1_x9912y12040,9912,12040,9856,11984,112
TCGA-05-4245-01A-01-BS1_x10024y12040,10024,12040,9968,11984,112
TCGA-05-4245-01A-01-BS1_x10136y12040,10136,12040,10080,11984,112
TCGA-05-4245-01A-01-BS1_x10248y12040,10248,12040,10192,11984,112
TCGA-05-4245-01A-01-BS1_x10360y12040,10360,12040,10304,11984,112
TCGA-05-4245-01A-01-BS1_x10472y12040,10472,12040,10416,11984,112
TCGA-05-4245-01A-01-BS1_x10584y12040,10584,12040,10528,11984,112
TCGA-05-4245-01A-01-BS1_x10696y12040,10696,12040,10640,11984,112
TCGA-05-4245-01A-01-BS1_x10808y12040,10808,12040,10752,11984,112
TCGA-05-4245-01A-01-BS1_x10920y12040,10920,12040,10864,11984,112
TCGA-05-4245-01A-01-BS1_x11032y12040,11032,12040,10976,11984,112
TCGA-05-4245-01A-01-BS1_x11144y12040,11144,12040,11088,11984,112
TCGA-05-4245-01A-01-BS1_x11256y12040,11256,12040,11200,11984,112
TCGA-05-4245-01A-01-BS1_x11368y12040,11368,12040,11312,11984,112
TCGA-05-4245-01A-01-BS1_x11480y12040,11480,12040,11424,11984,112
TCGA-05-4245-01A-01-BS1_x11592y12040,11592,12040,11536,11984,112
TCGA-05-4245-01A-01-BS1_x11704y12040,11704,12040,11648,11984,112
TCGA-05-4245-01A-01-BS1_x11816y12040,11816,12040,11760,11984,112
TCGA-05-4245-01A-01-BS1_x11928y12040,11928,12040,11872,11984,112
TCGA-05-4245-01A-01-BS1_x12040y12040,12040,12040,11984,11984,112
TCGA-05-4245-01A-01-BS1_x12152y12040,12152,12040,12096,11984,112
TCGA-05-4245-01A-01-BS1_x12264y12040,12264,12040,12208,11984,112
TCGA-05-4245-01A-01-BS1_x12376y12040,12376,12040,12320,11984,112
TCGA-05-4245-01A-01-BS1_x12488y12040,12488,12040,12432,11984,112
TCGA-05-4245-01A-01-BS1_x12600y12040,12600,12040,12544,11984,112
TCGA-05-4245-01A-01-BS1_x12712y12040,12712,12040,12656,11984,112
TCGA-05-4245-01A-01-BS1_x12824y12040,12824,12040,12768,11984,112
TCGA-05-4245-01A-01-BS1_x12936y12040,12936,12040,12880,11984,112
TCGA-05-4245-01A-01-BS1_x13048y12040,13048,12040,12992,11984,112
TCGA-05-4245-01A-01-BS1_x13160y12040,13160,12040,13104,11984,112
TCGA-05-4245-01A-01-BS1_x13272y12040,13272,12040,13216,11984,112
TCGA-05-4245-01A-01-BS1_x2408y12152,2408,12152,2352,12096,112
TCGA-05-4245-01A-01-BS1_x2520y12152,2520,12152,2464,12096,112
TCGA-05-4245-01A-01-BS1_x2632y12152,2632,12152,2576,12096,112
TCGA-05-4245-01A-01-BS1_x2856y12152,2856,12152,2800,12096,112
TCGA-05-4245-01A-01-BS1_x2968y12152,2968,12152,2912,12096,112
TCGA-05-4245-01A-01-BS1_x3080y12152,3080,12152,3024,12096,112
TCGA-05-4245-01A-01-BS1_x3192y12152,3192,12152,3136,12096,112
TCGA-05-4245-01A-01-BS1_x3304y12152,3304,12152,3248,12096,112
TCGA-05-4245-01A-01-BS1_x3416y12152,3416,12152,3360,12096,112
TCGA-05-4245-01A-01-BS1_x3528y12152,3528,12152,3472,12096,112
TCGA-05-4245-01A-01-BS1_x3640y12152,3640,12152,3584,12096,112
TCGA-05-4245-01A-01-BS1_x3752y12152,3752,12152,3696,12096,112
TCGA-05-4245-01A-01-BS1_x3864y12152,3864,12152,3808,12096,112
TCGA-05-4245-01A-01-BS1_x3976y12152,3976,12152,3920,12096,112
TCGA-05-4245-01A-01-BS1_x4088y12152,4088,12152,4032,12096,112
TCGA-05-4245-01A-01-BS1_x4200y12152,4200,12152,4144,12096,112
TCGA-05-4245-01A-01-BS1_x4312y12152,4312,12152,4256,12096,112
TCGA-05-4245-01A-01-BS1_x4424y12152,4424,12152,4368,12096,112
TCGA-05-4245-01A-01-BS1_x4536y12152,4536,12152,4480,12096,112
TCGA-05-4245-01A-01-BS1_x4648y12152,4648,12152,4592,12096,112
TCGA-05-4245-01A-01-BS1_x4760y12152,4760,12152,4704,12096,112
TCGA-05-4245-01A-01-BS1_x4872y12152,4872,12152,4816,12096,112
TCGA-05-4245-01A-01-BS1_x4984y12152,4984,12152,4928,12096,112
TCGA-05-4245-01A-01-BS1_x5096y12152,5096,12152,5040,12096,112
TCGA-05-4245-01A-01-BS1_x5208y12152,5208,12152,5152,12096,112
TCGA-05-4245-01A-01-BS1_x5320y12152,5320,12152,5264,12096,112
TCGA-05-4245-01A-01-BS1_x5432y12152,5432,12152,5376,12096,112
TCGA-05-4245-01A-01-BS1_x5544y12152,5544,12152,5488,12096,112
TCGA-05-4245-01A-01-BS1_x5656y12152,5656,12152,5600,12096,112
TCGA-05-4245-01A-01-BS1_x5768y12152,5768,12152,5712,12096,112
TCGA-05-4245-01A-01-BS1_x5880y12152,5880,12152,5824,12096,112
TCGA-05-4245-01A-01-BS1_x5992y12152,5992,12152,5936,12096,112
TCGA-05-4245-01A-01-BS1_x6104y12152,6104,12152,6048,12096,112
TCGA-05-4245-01A-01-BS1_x6216y12152,6216,12152,6160,12096,112
TCGA-05-4245-01A-01-BS1_x6328y12152,6328,12152,6272,12096,112
TCGA-05-4245-01A-01-BS1_x6440y12152,6440,12152,6384,12096,112
TCGA-05-4245-01A-01-BS1_x6552y12152,6552,12152,6496,12096,112
TCGA-05-4245-01A-01-BS1_x6664y12152,6664,12152,6608,12096,112
TCGA-05-4245-01A-01-BS1_x6776y12152,6776,12152,6720,12096,112
TCGA-05-4245-01A-01-BS1_x6888y12152,6888,12152,6832,12096,112
TCGA-05-4245-01A-01-BS1_x7000y12152,7000,12152,6944,12096,112
TCGA-05-4245-01A-01-BS1_x7112y12152,7112,12152,7056,12096,112
TCGA-05-4245-01A-01-BS1_x7224y12152,7224,12152,7168,12096,112
TCGA-05-4245-01A-01-BS1_x7336y12152,7336,12152,7280,12096,112
TCGA-05-4245-01A-01-BS1_x7448y12152,7448,12152,7392,12096,112
TCGA-05-4245-01A-01-BS1_x7560y12152,7560,12152,7504,12096,112
TCGA-05-4245-01A-01-BS1_x7784y12152,7784,12152,7728,12096,112
TCGA-05-4245-01A-01-BS1_x7896y12152,7896,12152,7840,12096,112
TCGA-05-4245-01A-01-BS1_x8008y12152,8008,12152,7952,12096,112
TCGA-05-4245-01A-01-BS1_x8120y12152,8120,12152,8064,12096,112
TCGA-05-4245-01A-01-BS1_x8232y12152,8232,12152,8176,12096,112
TCGA-05-4245-01A-01-BS1_x8344y12152,8344,12152,8288,12096,112
TCGA-05-4245-01A-01-BS1_x8456y12152,8456,12152,8400,12096,112
TCGA-05-4245-01A-01-BS1_x8568y12152,8568,12152,8512,12096,112
TCGA-05-4245-01A-01-BS1_x8680y12152,8680,12152,8624,12096,112
TCGA-05-4245-01A-01-BS1_x8792y12152,8792,12152,8736,12096,112
TCGA-05-4245-01A-01-BS1_x8904y12152,8904,12152,8848,12096,112
TCGA-05-4245-01A-01-BS1_x9016y12152,9016,12152,8960,12096,112
TCGA-05-4245-01A-01-BS1_x9128y12152,9128,12152,9072,12096,112
TCGA-05-4245-01A-01-BS1_x9240y12152,9240,12152,9184,12096,112
TCGA-05-4245-01A-01-BS1_x9352y12152,9352,12152,9296,12096,112
TCGA-05-4245-01A-01-BS1_x9464y12152,9464,12152,9408,12096,112
TCGA-05-4245-01A-01-BS1_x9576y12152,9576,12152,9520,12096,112
TCGA-05-4245-01A-01-BS1_x9688y12152,9688,12152,9632,12096,112
TCGA-05-4245-01A-01-BS1_x9800y12152,9800,12152,9744,12096,112
TCGA-05-4245-01A-01-BS1_x9912y12152,9912,12152,9856,12096,112
TCGA-05-4245-01A-01-BS1_x10024y12152,10024,12152,9968,12096,112
TCGA-05-4245-01A-01-BS1_x10136y12152,10136,12152,10080,12096,112
TCGA-05-4245-01A-01-BS1_x10248y12152,10248,12152,10192,12096,112
TCGA-05-4245-01A-01-BS1_x10360y12152,10360,12152,10304,12096,112
TCGA-05-4245-01A-01-BS1_x10472y12152,10472,12152,10416,12096,112
TCGA-05-4245-01A-01-BS1_x10584y12152,10584,12152,10528,12096,112
TCGA-05-4245-01A-01-BS1_x10696y12152,10696,12152,10640,12096,112
TCGA-05-4245-01A-01-BS1_x10808y12152,10808,12152,10752,12096,112
TCGA-05-4245-01A-01-BS1_x10920y12152,10920,12152,10864,12096,112
TCGA-05-4245-01A-01-BS1_x11032y12152,11032,12152,10976,12096,112
TCGA-05-4245-01A-01-BS1_x11144y12152,11144,12152,11088,12096,112
TCGA-05-4245-01A-01-BS1_x11256y12152,11256,12152,11200,12096,112
TCGA-05-4245-01A-01-BS1_x11368y12152,11368,12152,11312,12096,112
TCGA-05-4245-01A-01-BS1_x11480y12152,11480,12152,11424,12096,112
TCGA-05-4245-01A-01-BS1_x11592y12152,11592,12152,11536,12096,112
TCGA-05-4245-01A-01-BS1_x11704y12152,11704,12152,11648,12096,112
TCGA-05-4245-01A-01-BS1_x11816y12152,11816,12152,11760,12096,112
TCGA-05-4245-01A-01-BS1_x11928y12152,11928,12152,11872,12096,112
TCGA-05-4245-01A-01-BS1_x12040y12152,12040,12152,11984,12096,112
TCGA-05-4245-01A-01-BS1_x12152y12152,12152,12152,12096,12096,112
TCGA-05-4245-01A-01-BS1_x12264y12152,12264,12152,12208,12096,112
TCGA-05-4245-01A-01-BS1_x12376y12152,12376,12152,12320,12096,112
TCGA-05-4245-01A-01-BS1_x12488y12152,12488,12152,12432,12096,112
TCGA-05-4245-01A-01-BS1_x12600y12152,12600,12152,12544,12096,112
TCGA-05-4245-01A-01-BS1_x12712y12152,12712,12152,12656,12096,112
TCGA-05-4245-01A-01-BS1_x12824y12152,12824,12152,12768,12096,112
TCGA-05-4245-01A-01-BS1_x12936y12152,12936,12152,12880,12096,112
TCGA-05-4245-01A-01-BS1_x13048y12152,13048,12152,12992,12096,112
TCGA-05-4245-01A-01-BS1_x13160y12152,13160,12152,13104,12096,112
TCGA-05-4245-01A-01-BS1_x2408y12264,2408,12264,2352,12208,112
TCGA-05-4245-01A-01-BS1_x2520y12264,2520,12264,2464,12208,112
TCGA-05-4245-01A-01-BS1_x2632y12264,2632,12264,2576,12208,112
TCGA-05-4245-01A-01-BS1_x2744y12264,2744,12264,2688,12208,112
TCGA-05-4245-01A-01-BS1_x2856y12264,2856,12264,2800,12208,112
TCGA-05-4245-01A-01-BS1_x2968y12264,2968,12264,2912,12208,112
TCGA-05-4245-01A-01-BS1_x3080y12264,3080,12264,3024,12208,112
TCGA-05-4245-01A-01-BS1_x3192y12264,3192,12264,3136,12208,112
TCGA-05-4245-01A-01-BS1_x3304y12264,3304,12264,3248,12208,112
TCGA-05-4245-01A-01-BS1_x3416y12264,3416,12264,3360,12208,112
TCGA-05-4245-01A-01-BS1_x3528y12264,3528,12264,3472,12208,112
TCGA-05-4245-01A-01-BS1_x3640y12264,3640,12264,3584,12208,112
TCGA-05-4245-01A-01-BS1_x3752y12264,3752,12264,3696,12208,112
TCGA-05-4245-01A-01-BS1_x3864y12264,3864,12264,3808,12208,112
TCGA-05-4245-01A-01-BS1_x3976y12264,3976,12264,3920,12208,112
TCGA-05-4245-01A-01-BS1_x4088y12264,4088,12264,4032,12208,112
TCGA-05-4245-01A-01-BS1_x4200y12264,4200,12264,4144,12208,112
TCGA-05-4245-01A-01-BS1_x4312y12264,4312,12264,4256,12208,112
TCGA-05-4245-01A-01-BS1_x4424y12264,4424,12264,4368,12208,112
TCGA-05-4245-01A-01-BS1_x4536y12264,4536,12264,4480,12208,112
TCGA-05-4245-01A-01-BS1_x4648y12264,4648,12264,4592,12208,112
TCGA-05-4245-01A-01-BS1_x4760y12264,4760,12264,4704,12208,112
TCGA-05-4245-01A-01-BS1_x4872y12264,4872,12264,4816,12208,112
TCGA-05-4245-01A-01-BS1_x4984y12264,4984,12264,4928,12208,112
TCGA-05-4245-01A-01-BS1_x5096y12264,5096,12264,5040,12208,112
TCGA-05-4245-01A-01-BS1_x5208y12264,5208,12264,5152,12208,112
TCGA-05-4245-01A-01-BS1_x5320y12264,5320,12264,5264,12208,112
TCGA-05-4245-01A-01-BS1_x5432y12264,5432,12264,5376,12208,112
TCGA-05-4245-01A-01-BS1_x5544y12264,5544,12264,5488,12208,112
TCGA-05-4245-01A-01-BS1_x5656y12264,5656,12264,5600,12208,112
TCGA-05-4245-01A-01-BS1_x5768y12264,5768,12264,5712,12208,112
TCGA-05-4245-01A-01-BS1_x5880y12264,5880,12264,5824,12208,112
TCGA-05-4245-01A-01-BS1_x5992y12264,5992,12264,5936,12208,112
TCGA-05-4245-01A-01-BS1_x6104y12264,6104,12264,6048,12208,112
TCGA-05-4245-01A-01-BS1_x6216y12264,6216,12264,6160,12208,112
TCGA-05-4245-01A-01-BS1_x6328y12264,6328,12264,6272,12208,112
TCGA-05-4245-01A-01-BS1_x6440y12264,6440,12264,6384,12208,112
TCGA-05-4245-01A-01-BS1_x6552y12264,6552,12264,6496,12208,112
TCGA-05-4245-01A-01-BS1_x6664y12264,6664,12264,6608,12208,112
TCGA-05-4245-01A-01-BS1_x6776y12264,6776,12264,6720,12208,112
TCGA-05-4245-01A-01-BS1_x6888y12264,6888,12264,6832,12208,112
TCGA-05-4245-01A-01-BS1_x7000y12264,7000,12264,6944,12208,112
TCGA-05-4245-01A-01-BS1_x7112y12264,7112,12264,7056,12208,112
TCGA-05-4245-01A-01-BS1_x7224y12264,7224,12264,7168,12208,112
TCGA-05-4245-01A-01-BS1_x7336y12264,7336,12264,7280,12208,112
TCGA-05-4245-01A-01-BS1_x7560y12264,7560,12264,7504,12208,112
TCGA-05-4245-01A-01-BS1_x7672y12264,7672,12264,7616,12208,112
TCGA-05-4245-01A-01-BS1_x7896y12264,7896,12264,7840,12208,112
TCGA-05-4245-01A-01-BS1_x8008y12264,8008,12264,7952,12208,112
TCGA-05-4245-01A-01-BS1_x8120y12264,8120,12264,8064,12208,112
TCGA-05-4245-01A-01-BS1_x8232y12264,8232,12264,8176,12208,112
TCGA-05-4245-01A-01-BS1_x8344y12264,8344,12264,8288,12208,112
TCGA-05-4245-01A-01-BS1_x8456y12264,8456,12264,8400,12208,112
TCGA-05-4245-01A-01-BS1_x8568y12264,8568,12264,8512,12208,112
TCGA-05-4245-01A-01-BS1_x8680y12264,8680,12264,8624,12208,112
TCGA-05-4245-01A-01-BS1_x8792y12264,8792,12264,8736,12208,112
TCGA-05-4245-01A-01-BS1_x8904y12264,8904,12264,8848,12208,112
TCGA-05-4245-01A-01-BS1_x9016y12264,9016,12264,8960,12208,112
TCGA-05-4245-01A-01-BS1_x9128y12264,9128,12264,9072,12208,112
TCGA-05-4245-01A-01-BS1_x9240y12264,9240,12264,9184,12208,112
TCGA-05-4245-01A-01-BS1_x9352y12264,9352,12264,9296,12208,112
TCGA-05-4245-01A-01-BS1_x9464y12264,9464,12264,9408,12208,112
TCGA-05-4245-01A-01-BS1_x9576y12264,9576,12264,9520,12208,112
TCGA-05-4245-01A-01-BS1_x9688y12264,9688,12264,9632,12208,112
TCGA-05-4245-01A-01-BS1_x9800y12264,9800,12264,9744,12208,112
TCGA-05-4245-01A-01-BS1_x9912y12264,9912,12264,9856,12208,112
TCGA-05-4245-01A-01-BS1_x10024y12264,10024,12264,9968,12208,112
TCGA-05-4245-01A-01-BS1_x10136y12264,10136,12264,10080,12208,112
TCGA-05-4245-01A-01-BS1_x10248y12264,10248,12264,10192,12208,112
TCGA-05-4245-01A-01-BS1_x10360y12264,10360,12264,10304,12208,112
TCGA-05-4245-01A-01-BS1_x10472y12264,10472,12264,10416,12208,112
TCGA-05-4245-01A-01-BS1_x10584y12264,10584,12264,10528,12208,112
TCGA-05-4245-01A-01-BS1_x10696y12264,10696,12264,10640,12208,112
TCGA-05-4245-01A-01-BS1_x10808y12264,10808,12264,10752,12208,112
TCGA-05-4245-01A-01-BS1_x10920y12264,10920,12264,10864,12208,112
TCGA-05-4245-01A-01-BS1_x11032y12264,11032,12264,10976,12208,112
TCGA-05-4245-01A-01-BS1_x11144y12264,11144,12264,11088,12208,112
TCGA-05-4245-01A-01-BS1_x11256y12264,11256,12264,11200,12208,112
TCGA-05-4245-01A-01-BS1_x11368y12264,11368,12264,11312,12208,112
TCGA-05-4245-01A-01-BS1_x11480y12264,11480,12264,11424,12208,112
TCGA-05-4245-01A-01-BS1_x11592y12264,11592,12264,11536,12208,112
TCGA-05-4245-01A-01-BS1_x11704y12264,11704,12264,11648,12208,112
TCGA-05-4245-01A-01-BS1_x11816y12264,11816,12264,11760,12208,112
TCGA-05-4245-01A-01-BS1_x11928y12264,11928,12264,11872,12208,112
TCGA-05-4245-01A-01-BS1_x12040y12264,12040,12264,11984,12208,112
TCGA-05-4245-01A-01-BS1_x12152y12264,12152,12264,12096,12208,112
TCGA-05-4245-01A-01-BS1_x12264y12264,12264,12264,12208,12208,112
TCGA-05-4245-01A-01-BS1_x12376y12264,12376,12264,12320,12208,112
TCGA-05-4245-01A-01-BS1_x12488y12264,12488,12264,12432,12208,112
TCGA-05-4245-01A-01-BS1_x12600y12264,12600,12264,12544,12208,112
TCGA-05-4245-01A-01-BS1_x12712y12264,12712,12264,12656,12208,112
TCGA-05-4245-01A-01-BS1_x12824y12264,12824,12264,12768,12208,112
TCGA-05-4245-01A-01-BS1_x12936y12264,12936,12264,12880,12208,112
TCGA-05-4245-01A-01-BS1_x13048y12264,13048,12264,12992,12208,112
TCGA-05-4245-01A-01-BS1_x13160y12264,13160,12264,13104,12208,112
TCGA-05-4245-01A-01-BS1_x2408y12376,2408,12376,2352,12320,112
TCGA-05-4245-01A-01-BS1_x2632y12376,2632,12376,2576,12320,112
TCGA-05-4245-01A-01-BS1_x2744y12376,2744,12376,2688,12320,112
TCGA-05-4245-01A-01-BS1_x2856y12376,2856,12376,2800,12320,112
TCGA-05-4245-01A-01-BS1_x2968y12376,2968,12376,2912,12320,112
TCGA-05-4245-01A-01-BS1_x3080y12376,3080,12376,3024,12320,112
TCGA-05-4245-01A-01-BS1_x3192y12376,3192,12376,3136,12320,112
TCGA-05-4245-01A-01-BS1_x3304y12376,3304,12376,3248,12320,112
TCGA-05-4245-01A-01-BS1_x3416y12376,3416,12376,3360,12320,112
TCGA-05-4245-01A-01-BS1_x3528y12376,3528,12376,3472,12320,112
TCGA-05-4245-01A-01-BS1_x3640y12376,3640,12376,3584,12320,112
TCGA-05-4245-01A-01-BS1_x3752y12376,3752,12376,3696,12320,112
TCGA-05-4245-01A-01-BS1_x3864y12376,3864,12376,3808,12320,112
TCGA-05-4245-01A-01-BS1_x3976y12376,3976,12376,3920,12320,112
TCGA-05-4245-01A-01-BS1_x4088y12376,4088,12376,4032,12320,112
TCGA-05-4245-01A-01-BS1_x4200y12376,4200,12376,4144,12320,112
TCGA-05-4245-01A-01-BS1_x4312y12376,4312,12376,4256,12320,112
TCGA-05-4245-01A-01-BS1_x4424y12376,4424,12376,4368,12320,112
TCGA-05-4245-01A-01-BS1_x4536y12376,4536,12376,4480,12320,112
TCGA-05-4245-01A-01-BS1_x4648y12376,4648,12376,4592,12320,112
TCGA-05-4245-01A-01-BS1_x4760y12376,4760,12376,4704,12320,112
TCGA-05-4245-01A-01-BS1_x4872y12376,4872,12376,4816,12320,112
TCGA-05-4245-01A-01-BS1_x4984y12376,4984,12376,4928,12320,112
TCGA-05-4245-01A-01-BS1_x5096y12376,5096,12376,5040,12320,112
TCGA-05-4245-01A-01-BS1_x5208y12376,5208,12376,5152,12320,112
TCGA-05-4245-01A-01-BS1_x5320y12376,5320,12376,5264,12320,112
TCGA-05-4245-01A-01-BS1_x5432y12376,5432,12376,5376,12320,112
TCGA-05-4245-01A-01-BS1_x5544y12376,5544,12376,5488,12320,112
TCGA-05-4245-01A-01-BS1_x5656y12376,5656,12376,5600,12320,112
TCGA-05-4245-01A-01-BS1_x5768y12376,5768,12376,5712,12320,112
TCGA-05-4245-01A-01-BS1_x5880y12376,5880,12376,5824,12320,112
TCGA-05-4245-01A-01-BS1_x5992y12376,5992,12376,5936,12320,112
TCGA-05-4245-01A-01-BS1_x6104y12376,6104,12376,6048,12320,112
TCGA-05-4245-01A-01-BS1_x6216y12376,6216,12376,6160,12320,112
TCGA-05-4245-01A-01-BS1_x6328y12376,6328,12376,6272,12320,112
TCGA-05-4245-01A-01-BS1_x6440y12376,6440,12376,6384,12320,112
TCGA-05-4245-01A-01-BS1_x6552y12376,6552,12376,6496,12320,112
TCGA-05-4245-01A-01-BS1_x7224y12376,7224,12376,7168,12320,112
TCGA-05-4245-01A-01-BS1_x7336y12376,7336,12376,7280,12320,112
TCGA-05-4245-01A-01-BS1_x7448y12376,7448,12376,7392,12320,112
TCGA-05-4245-01A-01-BS1_x7560y12376,7560,12376,7504,12320,112
TCGA-05-4245-01A-01-BS1_x7672y12376,7672,12376,7616,12320,112
TCGA-05-4245-01A-01-BS1_x7784y12376,7784,12376,7728,12320,112
TCGA-05-4245-01A-01-BS1_x7896y12376,7896,12376,7840,12320,112
TCGA-05-4245-01A-01-BS1_x8008y12376,8008,12376,7952,12320,112
TCGA-05-4245-01A-01-BS1_x8120y12376,8120,12376,8064,12320,112
TCGA-05-4245-01A-01-BS1_x8232y12376,8232,12376,8176,12320,112
TCGA-05-4245-01A-01-BS1_x8344y12376,8344,12376,8288,12320,112
TCGA-05-4245-01A-01-BS1_x8456y12376,8456,12376,8400,12320,112
TCGA-05-4245-01A-01-BS1_x8568y12376,8568,12376,8512,12320,112
TCGA-05-4245-01A-01-BS1_x8680y12376,8680,12376,8624,12320,112
TCGA-05-4245-01A-01-BS1_x8792y12376,8792,12376,8736,12320,112
TCGA-05-4245-01A-01-BS1_x8904y12376,8904,12376,8848,12320,112
TCGA-05-4245-01A-01-BS1_x9016y12376,9016,12376,8960,12320,112
TCGA-05-4245-01A-01-BS1_x9128y12376,9128,12376,9072,12320,112
TCGA-05-4245-01A-01-BS1_x9240y12376,9240,12376,9184,12320,112
TCGA-05-4245-01A-01-BS1_x9352y12376,9352,12376,9296,12320,112
TCGA-05-4245-01A-01-BS1_x9464y12376,9464,12376,9408,12320,112
TCGA-05-4245-01A-01-BS1_x9576y12376,9576,12376,9520,12320,112
TCGA-05-4245-01A-01-BS1_x9688y12376,9688,12376,9632,12320,112
TCGA-05-4245-01A-01-BS1_x9800y12376,9800,12376,9744,12320,112
TCGA-05-4245-01A-01-BS1_x9912y12376,9912,12376,9856,12320,112
TCGA-05-4245-01A-01-BS1_x10024y12376,10024,12376,9968,12320,112
TCGA-05-4245-01A-01-BS1_x10136y12376,10136,12376,10080,12320,112
TCGA-05-4245-01A-01-BS1_x10248y12376,10248,12376,10192,12320,112
TCGA-05-4245-01A-01-BS1_x10360y12376,10360,12376,10304,12320,112
TCGA-05-4245-01A-01-BS1_x10472y12376,10472,12376,10416,12320,112
TCGA-05-4245-01A-01-BS1_x10584y12376,10584,12376,10528,12320,112
TCGA-05-4245-01A-01-BS1_x10696y12376,10696,12376,10640,12320,112
TCGA-05-4245-01A-01-BS1_x10808y12376,10808,12376,10752,12320,112
TCGA-05-4245-01A-01-BS1_x10920y12376,10920,12376,10864,12320,112
TCGA-05-4245-01A-01-BS1_x11032y12376,11032,12376,10976,12320,112
TCGA-05-4245-01A-01-BS1_x11144y12376,11144,12376,11088,12320,112
TCGA-05-4245-01A-01-BS1_x11256y12376,11256,12376,11200,12320,112
TCGA-05-4245-01A-01-BS1_x11368y12376,11368,12376,11312,12320,112
TCGA-05-4245-01A-01-BS1_x11480y12376,11480,12376,11424,12320,112
TCGA-05-4245-01A-01-BS1_x11592y12376,11592,12376,11536,12320,112
TCGA-05-4245-01A-01-BS1_x11704y12376,11704,12376,11648,12320,112
TCGA-05-4245-01A-01-BS1_x11816y12376,11816,12376,11760,12320,112
TCGA-05-4245-01A-01-BS1_x11928y12376,11928,12376,11872,12320,112
TCGA-05-4245-01A-01-BS1_x12040y12376,12040,12376,11984,12320,112
TCGA-05-4245-01A-01-BS1_x12152y12376,12152,12376,12096,12320,112
TCGA-05-4245-01A-01-BS1_x12264y12376,12264,12376,12208,12320,112
TCGA-05-4245-01A-01-BS1_x12376y12376,12376,12376,12320,12320,112
TCGA-05-4245-01A-01-BS1_x12488y12376,12488,12376,12432,12320,112
TCGA-05-4245-01A-01-BS1_x12600y12376,12600,12376,12544,12320,112
TCGA-05-4245-01A-01-BS1_x12712y12376,12712,12376,12656,12320,112
TCGA-05-4245-01A-01-BS1_x12936y12376,12936,12376,12880,12320,112
TCGA-05-4245-01A-01-BS1_x2408y12488,2408,12488,2352,12432,112
TCGA-05-4245-01A-01-BS1_x2744y12488,2744,12488,2688,12432,112
TCGA-05-4245-01A-01-BS1_x2856y12488,2856,12488,2800,12432,112
TCGA-05-4245-01A-01-BS1_x2968y12488,2968,12488,2912,12432,112
TCGA-05-4245-01A-01-BS1_x3080y12488,3080,12488,3024,12432,112
TCGA-05-4245-01A-01-BS1_x3192y12488,3192,12488,3136,12432,112
TCGA-05-4245-01A-01-BS1_x3304y12488,3304,12488,3248,12432,112
TCGA-05-4245-01A-01-BS1_x3416y12488,3416,12488,3360,12432,112
TCGA-05-4245-01A-01-BS1_x3528y12488,3528,12488,3472,12432,112
TCGA-05-4245-01A-01-BS1_x3640y12488,3640,12488,3584,12432,112
TCGA-05-4245-01A-01-BS1_x3752y12488,3752,12488,3696,12432,112
TCGA-05-4245-01A-01-BS1_x3864y12488,3864,12488,3808,12432,112
TCGA-05-4245-01A-01-BS1_x3976y12488,3976,12488,3920,12432,112
TCGA-05-4245-01A-01-BS1_x4088y12488,4088,12488,4032,12432,112
TCGA-05-4245-01A-01-BS1_x4200y12488,4200,12488,4144,12432,112
TCGA-05-4245-01A-01-BS1_x4312y12488,4312,12488,4256,12432,112
TCGA-05-4245-01A-01-BS1_x4424y12488,4424,12488,4368,12432,112
TCGA-05-4245-01A-01-BS1_x4536y12488,4536,12488,4480,12432,112
TCGA-05-4245-01A-01-BS1_x4648y12488,4648,12488,4592,12432,112
TCGA-05-4245-01A-01-BS1_x4760y12488,4760,12488,4704,12432,112
TCGA-05-4245-01A-01-BS1_x4872y12488,4872,12488,4816,12432,112
TCGA-05-4245-01A-01-BS1_x4984y12488,4984,12488,4928,12432,112
TCGA-05-4245-01A-01-BS1_x5096y12488,5096,12488,5040,12432,112
TCGA-05-4245-01A-01-BS1_x5208y12488,5208,12488,5152,12432,112
TCGA-05-4245-01A-01-BS1_x5320y12488,5320,12488,5264,12432,112
TCGA-05-4245-01A-01-BS1_x5432y12488,5432,12488,5376,12432,112
TCGA-05-4245-01A-01-BS1_x5544y12488,5544,12488,5488,12432,112
TCGA-05-4245-01A-01-BS1_x5656y12488,5656,12488,5600,12432,112
TCGA-05-4245-01A-01-BS1_x5768y12488,5768,12488,5712,12432,112
TCGA-05-4245-01A-01-BS1_x5880y12488,5880,12488,5824,12432,112
TCGA-05-4245-01A-01-BS1_x5992y12488,5992,12488,5936,12432,112
TCGA-05-4245-01A-01-BS1_x6104y12488,6104,12488,6048,12432,112
TCGA-05-4245-01A-01-BS1_x6216y12488,6216,12488,6160,12432,112
TCGA-05-4245-01A-01-BS1_x6328y12488,6328,12488,6272,12432,112
TCGA-05-4245-01A-01-BS1_x6440y12488,6440,12488,6384,12432,112
TCGA-05-4245-01A-01-BS1_x6552y12488,6552,12488,6496,12432,112
TCGA-05-4245-01A-01-BS1_x7112y12488,7112,12488,7056,12432,112
TCGA-05-4245-01A-01-BS1_x7224y12488,7224,12488,7168,12432,112
TCGA-05-4245-01A-01-BS1_x7336y12488,7336,12488,7280,12432,112
TCGA-05-4245-01A-01-BS1_x7448y12488,7448,12488,7392,12432,112
TCGA-05-4245-01A-01-BS1_x7560y12488,7560,12488,7504,12432,112
TCGA-05-4245-01A-01-BS1_x7672y12488,7672,12488,7616,12432,112
TCGA-05-4245-01A-01-BS1_x7784y12488,7784,12488,7728,12432,112
TCGA-05-4245-01A-01-BS1_x7896y12488,7896,12488,7840,12432,112
TCGA-05-4245-01A-01-BS1_x8008y12488,8008,12488,7952,12432,112
TCGA-05-4245-01A-01-BS1_x8120y12488,8120,12488,8064,12432,112
TCGA-05-4245-01A-01-BS1_x8232y12488,8232,12488,8176,12432,112
TCGA-05-4245-01A-01-BS1_x8344y12488,8344,12488,8288,12432,112
TCGA-05-4245-01A-01-BS1_x8456y12488,8456,12488,8400,12432,112
TCGA-05-4245-01A-01-BS1_x8568y12488,8568,12488,8512,12432,112
TCGA-05-4245-01A-01-BS1_x8680y12488,8680,12488,8624,12432,112
TCGA-05-4245-01A-01-BS1_x8792y12488,8792,12488,8736,12432,112
TCGA-05-4245-01A-01-BS1_x8904y12488,8904,12488,8848,12432,112
TCGA-05-4245-01A-01-BS1_x9016y12488,9016,12488,8960,12432,112
TCGA-05-4245-01A-01-BS1_x9128y12488,9128,12488,9072,12432,112
TCGA-05-4245-01A-01-BS1_x9240y12488,9240,12488,9184,12432,112
TCGA-05-4245-01A-01-BS1_x9352y12488,9352,12488,9296,12432,112
TCGA-05-4245-01A-01-BS1_x9464y12488,9464,12488,9408,12432,112
TCGA-05-4245-01A-01-BS1_x9576y12488,9576,12488,9520,12432,112
TCGA-05-4245-01A-01-BS1_x9688y12488,9688,12488,9632,12432,112
TCGA-05-4245-01A-01-BS1_x9800y12488,9800,12488,9744,12432,112
TCGA-05-4245-01A-01-BS1_x9912y12488,9912,12488,9856,12432,112
TCGA-05-4245-01A-01-BS1_x10024y12488,10024,12488,9968,12432,112
TCGA-05-4245-01A-01-BS1_x10136y12488,10136,12488,10080,12432,112
TCGA-05-4245-01A-01-BS1_x10248y12488,10248,12488,10192,12432,112
TCGA-05-4245-01A-01-BS1_x10360y12488,10360,12488,10304,12432,112
TCGA-05-4245-01A-01-BS1_x10472y12488,10472,12488,10416,12432,112
TCGA-05-4245-01A-01-BS1_x10584y12488,10584,12488,10528,12432,112
TCGA-05-4245-01A-01-BS1_x10696y12488,10696,12488,10640,12432,112
TCGA-05-4245-01A-01-BS1_x10808y12488,10808,12488,10752,12432,112
TCGA-05-4245-01A-01-BS1_x10920y12488,10920,12488,10864,12432,112
TCGA-05-4245-01A-01-BS1_x11032y12488,11032,12488,10976,12432,112
TCGA-05-4245-01A-01-BS1_x11144y12488,11144,12488,11088,12432,112
TCGA-05-4245-01A-01-BS1_x11256y12488,11256,12488,11200,12432,112
TCGA-05-4245-01A-01-BS1_x11368y12488,11368,12488,11312,12432,112
TCGA-05-4245-01A-01-BS1_x11480y12488,11480,12488,11424,12432,112
TCGA-05-4245-01A-01-BS1_x11592y12488,11592,12488,11536,12432,112
TCGA-05-4245-01A-01-BS1_x11704y12488,11704,12488,11648,12432,112
TCGA-05-4245-01A-01-BS1_x11816y12488,11816,12488,11760,12432,112
TCGA-05-4245-01A-01-BS1_x11928y12488,11928,12488,11872,12432,112
TCGA-05-4245-01A-01-BS1_x12040y12488,12040,12488,11984,12432,112
TCGA-05-4245-01A-01-BS1_x12152y12488,12152,12488,12096,12432,112
TCGA-05-4245-01A-01-BS1_x12264y12488,12264,12488,12208,12432,112
TCGA-05-4245-01A-01-BS1_x12376y12488,12376,12488,12320,12432,112
TCGA-05-4245-01A-01-BS1_x12488y12488,12488,12488,12432,12432,112
TCGA-05-4245-01A-01-BS1_x12600y12488,12600,12488,12544,12432,112
TCGA-05-4245-01A-01-BS1_x12712y12488,12712,12488,12656,12432,112
TCGA-05-4245-01A-01-BS1_x12824y12488,12824,12488,12768,12432,112
TCGA-05-4245-01A-01-BS1_x2520y12600,2520,12600,2464,12544,112
TCGA-05-4245-01A-01-BS1_x2632y12600,2632,12600,2576,12544,112
TCGA-05-4245-01A-01-BS1_x2744y12600,2744,12600,2688,12544,112
TCGA-05-4245-01A-01-BS1_x2856y12600,2856,12600,2800,12544,112
TCGA-05-4245-01A-01-BS1_x2968y12600,2968,12600,2912,12544,112
TCGA-05-4245-01A-01-BS1_x3080y12600,3080,12600,3024,12544,112
TCGA-05-4245-01A-01-BS1_x3192y12600,3192,12600,3136,12544,112
TCGA-05-4245-01A-01-BS1_x3304y12600,3304,12600,3248,12544,112
TCGA-05-4245-01A-01-BS1_x3416y12600,3416,12600,3360,12544,112
TCGA-05-4245-01A-01-BS1_x3528y12600,3528,12600,3472,12544,112
TCGA-05-4245-01A-01-BS1_x3640y12600,3640,12600,3584,12544,112
TCGA-05-4245-01A-01-BS1_x3752y12600,3752,12600,3696,12544,112
TCGA-05-4245-01A-01-BS1_x3864y12600,3864,12600,3808,12544,112
TCGA-05-4245-01A-01-BS1_x3976y12600,3976,12600,3920,12544,112
TCGA-05-4245-01A-01-BS1_x4088y12600,4088,12600,4032,12544,112
TCGA-05-4245-01A-01-BS1_x4200y12600,4200,12600,4144,12544,112
TCGA-05-4245-01A-01-BS1_x4312y12600,4312,12600,4256,12544,112
TCGA-05-4245-01A-01-BS1_x4424y12600,4424,12600,4368,12544,112
TCGA-05-4245-01A-01-BS1_x4536y12600,4536,12600,4480,12544,112
TCGA-05-4245-01A-01-BS1_x4648y12600,4648,12600,4592,12544,112
TCGA-05-4245-01A-01-BS1_x4760y12600,4760,12600,4704,12544,112
TCGA-05-4245-01A-01-BS1_x4872y12600,4872,12600,4816,12544,112
TCGA-05-4245-01A-01-BS1_x4984y12600,4984,12600,4928,12544,112
TCGA-05-4245-01A-01-BS1_x5096y12600,5096,12600,5040,12544,112
TCGA-05-4245-01A-01-BS1_x5208y12600,5208,12600,5152,12544,112
TCGA-05-4245-01A-01-BS1_x5320y12600,5320,12600,5264,12544,112
TCGA-05-4245-01A-01-BS1_x5432y12600,5432,12600,5376,12544,112
TCGA-05-4245-01A-01-BS1_x5544y12600,5544,12600,5488,12544,112
TCGA-05-4245-01A-01-BS1_x5656y12600,5656,12600,5600,12544,112
TCGA-05-4245-01A-01-BS1_x5768y12600,5768,12600,5712,12544,112
TCGA-05-4245-01A-01-BS1_x5880y12600,5880,12600,5824,12544,112
TCGA-05-4245-01A-01-BS1_x5992y12600,5992,12600,5936,12544,112
TCGA-05-4245-01A-01-BS1_x6104y12600,6104,12600,6048,12544,112
TCGA-05-4245-01A-01-BS1_x6216y12600,6216,12600,6160,12544,112
TCGA-05-4245-01A-01-BS1_x6328y12600,6328,12600,6272,12544,112
TCGA-05-4245-01A-01-BS1_x6440y12600,6440,12600,6384,12544,112
TCGA-05-4245-01A-01-BS1_x6552y12600,6552,12600,6496,12544,112
TCGA-05-4245-01A-01-BS1_x6664y12600,6664,12600,6608,12544,112
TCGA-05-4245-01A-01-BS1_x6776y12600,6776,12600,6720,12544,112
TCGA-05-4245-01A-01-BS1_x6888y12600,6888,12600,6832,12544,112
TCGA-05-4245-01A-01-BS1_x7000y12600,7000,12600,6944,12544,112
TCGA-05-4245-01A-01-BS1_x7224y12600,7224,12600,7168,12544,112
TCGA-05-4245-01A-01-BS1_x7336y12600,7336,12600,7280,12544,112
TCGA-05-4245-01A-01-BS1_x7896y12600,7896,12600,7840,12544,112
TCGA-05-4245-01A-01-BS1_x8008y12600,8008,12600,7952,12544,112
TCGA-05-4245-01A-01-BS1_x8232y12600,8232,12600,8176,12544,112
TCGA-05-4245-01A-01-BS1_x8344y12600,8344,12600,8288,12544,112
TCGA-05-4245-01A-01-BS1_x8456y12600,8456,12600,8400,12544,112
TCGA-05-4245-01A-01-BS1_x8568y12600,8568,12600,8512,12544,112
TCGA-05-4245-01A-01-BS1_x8680y12600,8680,12600,8624,12544,112
TCGA-05-4245-01A-01-BS1_x8792y12600,8792,12600,8736,12544,112
TCGA-05-4245-01A-01-BS1_x8904y12600,8904,12600,8848,12544,112
TCGA-05-4245-01A-01-BS1_x9016y12600,9016,12600,8960,12544,112
TCGA-05-4245-01A-01-BS1_x9128y12600,9128,12600,9072,12544,112
TCGA-05-4245-01A-01-BS1_x9240y12600,9240,12600,9184,12544,112
TCGA-05-4245-01A-01-BS1_x9352y12600,9352,12600,9296,12544,112
TCGA-05-4245-01A-01-BS1_x9464y12600,9464,12600,9408,12544,112
TCGA-05-4245-01A-01-BS1_x9576y12600,9576,12600,9520,12544,112
TCGA-05-4245-01A-01-BS1_x9688y12600,9688,12600,9632,12544,112
TCGA-05-4245-01A-01-BS1_x9800y12600,9800,12600,9744,12544,112
TCGA-05-4245-01A-01-BS1_x9912y12600,9912,12600,9856,12544,112
TCGA-05-4245-01A-01-BS1_x10024y12600,10024,12600,9968,12544,112
TCGA-05-4245-01A-01-BS1_x10136y12600,10136,12600,10080,12544,112
TCGA-05-4245-01A-01-BS1_x10248y12600,10248,12600,10192,12544,112
TCGA-05-4245-01A-01-BS1_x10360y12600,10360,12600,10304,12544,112
TCGA-05-4245-01A-01-BS1_x10472y12600,10472,12600,10416,12544,112
TCGA-05-4245-01A-01-BS1_x10584y12600,10584,12600,10528,12544,112
TCGA-05-4245-01A-01-BS1_x10696y12600,10696,12600,10640,12544,112
TCGA-05-4245-01A-01-BS1_x10808y12600,10808,12600,10752,12544,112
TCGA-05-4245-01A-01-BS1_x10920y12600,10920,12600,10864,12544,112
TCGA-05-4245-01A-01-BS1_x11032y12600,11032,12600,10976,12544,112
TCGA-05-4245-01A-01-BS1_x11144y12600,11144,12600,11088,12544,112
TCGA-05-4245-01A-01-BS1_x11256y12600,11256,12600,11200,12544,112
TCGA-05-4245-01A-01-BS1_x11368y12600,11368,12600,11312,12544,112
TCGA-05-4245-01A-01-BS1_x11480y12600,11480,12600,11424,12544,112
TCGA-05-4245-01A-01-BS1_x11592y12600,11592,12600,11536,12544,112
TCGA-05-4245-01A-01-BS1_x11704y12600,11704,12600,11648,12544,112
TCGA-05-4245-01A-01-BS1_x11816y12600,11816,12600,11760,12544,112
TCGA-05-4245-01A-01-BS1_x11928y12600,11928,12600,11872,12544,112
TCGA-05-4245-01A-01-BS1_x12040y12600,12040,12600,11984,12544,112
TCGA-05-4245-01A-01-BS1_x12152y12600,12152,12600,12096,12544,112
TCGA-05-4245-01A-01-BS1_x12264y12600,12264,12600,12208,12544,112
TCGA-05-4245-01A-01-BS1_x12376y12600,12376,12600,12320,12544,112
TCGA-05-4245-01A-01-BS1_x12488y12600,12488,12600,12432,12544,112
TCGA-05-4245-01A-01-BS1_x12600y12600,12600,12600,12544,12544,112
TCGA-05-4245-01A-01-BS1_x12712y12600,12712,12600,12656,12544,112
TCGA-05-4245-01A-01-BS1_x12824y12600,12824,12600,12768,12544,112
TCGA-05-4245-01A-01-BS1_x2632y12712,2632,12712,2576,12656,112
TCGA-05-4245-01A-01-BS1_x2744y12712,2744,12712,2688,12656,112
TCGA-05-4245-01A-01-BS1_x2856y12712,2856,12712,2800,12656,112
TCGA-05-4245-01A-01-BS1_x2968y12712,2968,12712,2912,12656,112
TCGA-05-4245-01A-01-BS1_x3080y12712,3080,12712,3024,12656,112
TCGA-05-4245-01A-01-BS1_x3192y12712,3192,12712,3136,12656,112
TCGA-05-4245-01A-01-BS1_x3304y12712,3304,12712,3248,12656,112
TCGA-05-4245-01A-01-BS1_x3416y12712,3416,12712,3360,12656,112
TCGA-05-4245-01A-01-BS1_x3528y12712,3528,12712,3472,12656,112
TCGA-05-4245-01A-01-BS1_x3640y12712,3640,12712,3584,12656,112
TCGA-05-4245-01A-01-BS1_x3752y12712,3752,12712,3696,12656,112
TCGA-05-4245-01A-01-BS1_x3864y12712,3864,12712,3808,12656,112
TCGA-05-4245-01A-01-BS1_x3976y12712,3976,12712,3920,12656,112
TCGA-05-4245-01A-01-BS1_x4088y12712,4088,12712,4032,12656,112
TCGA-05-4245-01A-01-BS1_x4200y12712,4200,12712,4144,12656,112
TCGA-05-4245-01A-01-BS1_x4312y12712,4312,12712,4256,12656,112
TCGA-05-4245-01A-01-BS1_x4424y12712,4424,12712,4368,12656,112
TCGA-05-4245-01A-01-BS1_x4536y12712,4536,12712,4480,12656,112
TCGA-05-4245-01A-01-BS1_x4648y12712,4648,12712,4592,12656,112
TCGA-05-4245-01A-01-BS1_x4760y12712,4760,12712,4704,12656,112
TCGA-05-4245-01A-01-BS1_x4872y12712,4872,12712,4816,12656,112
TCGA-05-4245-01A-01-BS1_x4984y12712,4984,12712,4928,12656,112
TCGA-05-4245-01A-01-BS1_x5096y12712,5096,12712,5040,12656,112
TCGA-05-4245-01A-01-BS1_x5208y12712,5208,12712,5152,12656,112
TCGA-05-4245-01A-01-BS1_x5432y12712,5432,12712,5376,12656,112
TCGA-05-4245-01A-01-BS1_x5544y12712,5544,12712,5488,12656,112
TCGA-05-4245-01A-01-BS1_x5656y12712,5656,12712,5600,12656,112
TCGA-05-4245-01A-01-BS1_x5768y12712,5768,12712,5712,12656,112
TCGA-05-4245-01A-01-BS1_x5880y12712,5880,12712,5824,12656,112
TCGA-05-4245-01A-01-BS1_x5992y12712,5992,12712,5936,12656,112
TCGA-05-4245-01A-01-BS1_x6104y12712,6104,12712,6048,12656,112
TCGA-05-4245-01A-01-BS1_x6216y12712,6216,12712,6160,12656,112
TCGA-05-4245-01A-01-BS1_x6328y12712,6328,12712,6272,12656,112
TCGA-05-4245-01A-01-BS1_x6440y12712,6440,12712,6384,12656,112
TCGA-05-4245-01A-01-BS1_x6552y12712,6552,12712,6496,12656,112
TCGA-05-4245-01A-01-BS1_x6664y12712,6664,12712,6608,12656,112
TCGA-05-4245-01A-01-BS1_x6776y12712,6776,12712,6720,12656,112
TCGA-05-4245-01A-01-BS1_x6888y12712,6888,12712,6832,12656,112
TCGA-05-4245-01A-01-BS1_x7000y12712,7000,12712,6944,12656,112
TCGA-05-4245-01A-01-BS1_x7112y12712,7112,12712,7056,12656,112
TCGA-05-4245-01A-01-BS1_x7224y12712,7224,12712,7168,12656,112
TCGA-05-4245-01A-01-BS1_x8344y12712,8344,12712,8288,12656,112
TCGA-05-4245-01A-01-BS1_x8456y12712,8456,12712,8400,12656,112
TCGA-05-4245-01A-01-BS1_x8568y12712,8568,12712,8512,12656,112
TCGA-05-4245-01A-01-BS1_x8680y12712,8680,12712,8624,12656,112
TCGA-05-4245-01A-01-BS1_x8792y12712,8792,12712,8736,12656,112
TCGA-05-4245-01A-01-BS1_x8904y12712,8904,12712,8848,12656,112
TCGA-05-4245-01A-01-BS1_x9016y12712,9016,12712,8960,12656,112
TCGA-05-4245-01A-01-BS1_x9128y12712,9128,12712,9072,12656,112
TCGA-05-4245-01A-01-BS1_x9240y12712,9240,12712,9184,12656,112
TCGA-05-4245-01A-01-BS1_x9352y12712,9352,12712,9296,12656,112
TCGA-05-4245-01A-01-BS1_x9464y12712,9464,12712,9408,12656,112
TCGA-05-4245-01A-01-BS1_x9576y12712,9576,12712,9520,12656,112
TCGA-05-4245-01A-01-BS1_x9688y12712,9688,12712,9632,12656,112
TCGA-05-4245-01A-01-BS1_x9800y12712,9800,12712,9744,12656,112
TCGA-05-4245-01A-01-BS1_x9912y12712,9912,12712,9856,12656,112
TCGA-05-4245-01A-01-BS1_x10024y12712,10024,12712,9968,12656,112
TCGA-05-4245-01A-01-BS1_x10136y12712,10136,12712,10080,12656,112
TCGA-05-4245-01A-01-BS1_x10248y12712,10248,12712,10192,12656,112
TCGA-05-4245-01A-01-BS1_x10360y12712,10360,12712,10304,12656,112
TCGA-05-4245-01A-01-BS1_x10472y12712,10472,12712,10416,12656,112
TCGA-05-4245-01A-01-BS1_x10584y12712,10584,12712,10528,12656,112
TCGA-05-4245-01A-01-BS1_x10696y12712,10696,12712,10640,12656,112
TCGA-05-4245-01A-01-BS1_x10808y12712,10808,12712,10752,12656,112
TCGA-05-4245-01A-01-BS1_x10920y12712,10920,12712,10864,12656,112
TCGA-05-4245-01A-01-BS1_x11032y12712,11032,12712,10976,12656,112
TCGA-05-4245-01A-01-BS1_x11144y12712,11144,12712,11088,12656,112
TCGA-05-4245-01A-01-BS1_x11256y12712,11256,12712,11200,12656,112
TCGA-05-4245-01A-01-BS1_x11368y12712,11368,12712,11312,12656,112
TCGA-05-4245-01A-01-BS1_x11480y12712,11480,12712,11424,12656,112
TCGA-05-4245-01A-01-BS1_x11592y12712,11592,12712,11536,12656,112
TCGA-05-4245-01A-01-BS1_x11704y12712,11704,12712,11648,12656,112
TCGA-05-4245-01A-01-BS1_x11816y12712,11816,12712,11760,12656,112
TCGA-05-4245-01A-01-BS1_x11928y12712,11928,12712,11872,12656,112
TCGA-05-4245-01A-01-BS1_x12040y12712,12040,12712,11984,12656,112
TCGA-05-4245-01A-01-BS1_x12152y12712,12152,12712,12096,12656,112
TCGA-05-4245-01A-01-BS1_x12264y12712,12264,12712,12208,12656,112
TCGA-05-4245-01A-01-BS1_x12376y12712,12376,12712,12320,12656,112
TCGA-05-4245-01A-01-BS1_x12488y12712,12488,12712,12432,12656,112
TCGA-05-4245-01A-01-BS1_x12600y12712,12600,12712,12544,12656,112
TCGA-05-4245-01A-01-BS1_x12712y12712,12712,12712,12656,12656,112
TCGA-05-4245-01A-01-BS1_x2856y12824,2856,12824,2800,12768,112
TCGA-05-4245-01A-01-BS1_x3080y12824,3080,12824,3024,12768,112
TCGA-05-4245-01A-01-BS1_x3192y12824,3192,12824,3136,12768,112
TCGA-05-4245-01A-01-BS1_x3304y12824,3304,12824,3248,12768,112
TCGA-05-4245-01A-01-BS1_x3416y12824,3416,12824,3360,12768,112
TCGA-05-4245-01A-01-BS1_x3528y12824,3528,12824,3472,12768,112
TCGA-05-4245-01A-01-BS1_x3640y12824,3640,12824,3584,12768,112
TCGA-05-4245-01A-01-BS1_x3752y12824,3752,12824,3696,12768,112
TCGA-05-4245-01A-01-BS1_x3864y12824,3864,12824,3808,12768,112
TCGA-05-4245-01A-01-BS1_x3976y12824,3976,12824,3920,12768,112
TCGA-05-4245-01A-01-BS1_x4088y12824,4088,12824,4032,12768,112
TCGA-05-4245-01A-01-BS1_x4200y12824,4200,12824,4144,12768,112
TCGA-05-4245-01A-01-BS1_x4312y12824,4312,12824,4256,12768,112
TCGA-05-4245-01A-01-BS1_x4424y12824,4424,12824,4368,12768,112
TCGA-05-4245-01A-01-BS1_x4536y12824,4536,12824,4480,12768,112
TCGA-05-4245-01A-01-BS1_x4648y12824,4648,12824,4592,12768,112
TCGA-05-4245-01A-01-BS1_x4760y12824,4760,12824,4704,12768,112
TCGA-05-4245-01A-01-BS1_x4872y12824,4872,12824,4816,12768,112
TCGA-05-4245-01A-01-BS1_x4984y12824,4984,12824,4928,12768,112
TCGA-05-4245-01A-01-BS1_x5096y12824,5096,12824,5040,12768,112
TCGA-05-4245-01A-01-BS1_x5208y12824,5208,12824,5152,12768,112
TCGA-05-4245-01A-01-BS1_x5432y12824,5432,12824,5376,12768,112
TCGA-05-4245-01A-01-BS1_x5544y12824,5544,12824,5488,12768,112
TCGA-05-4245-01A-01-BS1_x5656y12824,5656,12824,5600,12768,112
TCGA-05-4245-01A-01-BS1_x5768y12824,5768,12824,5712,12768,112
TCGA-05-4245-01A-01-BS1_x5880y12824,5880,12824,5824,12768,112
TCGA-05-4245-01A-01-BS1_x5992y12824,5992,12824,5936,12768,112
TCGA-05-4245-01A-01-BS1_x6104y12824,6104,12824,6048,12768,112
TCGA-05-4245-01A-01-BS1_x6216y12824,6216,12824,6160,12768,112
TCGA-05-4245-01A-01-BS1_x6328y12824,6328,12824,6272,12768,112
TCGA-05-4245-01A-01-BS1_x6440y12824,6440,12824,6384,12768,112
TCGA-05-4245-01A-01-BS1_x6664y12824,6664,12824,6608,12768,112
TCGA-05-4245-01A-01-BS1_x6776y12824,6776,12824,6720,12768,112
TCGA-05-4245-01A-01-BS1_x6888y12824,6888,12824,6832,12768,112
TCGA-05-4245-01A-01-BS1_x7112y12824,7112,12824,7056,12768,112
TCGA-05-4245-01A-01-BS1_x7224y12824,7224,12824,7168,12768,112
TCGA-05-4245-01A-01-BS1_x8344y12824,8344,12824,8288,12768,112
TCGA-05-4245-01A-01-BS1_x8456y12824,8456,12824,8400,12768,112
TCGA-05-4245-01A-01-BS1_x8568y12824,8568,12824,8512,12768,112
TCGA-05-4245-01A-01-BS1_x8680y12824,8680,12824,8624,12768,112
TCGA-05-4245-01A-01-BS1_x8792y12824,8792,12824,8736,12768,112
TCGA-05-4245-01A-01-BS1_x9016y12824,9016,12824,8960,12768,112
TCGA-05-4245-01A-01-BS1_x9128y12824,9128,12824,9072,12768,112
TCGA-05-4245-01A-01-BS1_x9240y12824,9240,12824,9184,12768,112
TCGA-05-4245-01A-01-BS1_x9352y12824,9352,12824,9296,12768,112
TCGA-05-4245-01A-01-BS1_x9464y12824,9464,12824,9408,12768,112
TCGA-05-4245-01A-01-BS1_x9576y12824,9576,12824,9520,12768,112
TCGA-05-4245-01A-01-BS1_x9688y12824,9688,12824,9632,12768,112
TCGA-05-4245-01A-01-BS1_x9800y12824,9800,12824,9744,12768,112
TCGA-05-4245-01A-01-BS1_x9912y12824,9912,12824,9856,12768,112
TCGA-05-4245-01A-01-BS1_x10024y12824,10024,12824,9968,12768,112
TCGA-05-4245-01A-01-BS1_x10136y12824,10136,12824,10080,12768,112
TCGA-05-4245-01A-01-BS1_x10248y12824,10248,12824,10192,12768,112
TCGA-05-4245-01A-01-BS1_x10360y12824,10360,12824,10304,12768,112
TCGA-05-4245-01A-01-BS1_x10472y12824,10472,12824,10416,12768,112
TCGA-05-4245-01A-01-BS1_x10584y12824,10584,12824,10528,12768,112
TCGA-05-4245-01A-01-BS1_x10696y12824,10696,12824,10640,12768,112
TCGA-05-4245-01A-01-BS1_x10808y12824,10808,12824,10752,12768,112
TCGA-05-4245-01A-01-BS1_x10920y12824,10920,12824,10864,12768,112
TCGA-05-4245-01A-01-BS1_x11032y12824,11032,12824,10976,12768,112
TCGA-05-4245-01A-01-BS1_x11144y12824,11144,12824,11088,12768,112
TCGA-05-4245-01A-01-BS1_x11256y12824,11256,12824,11200,12768,112
TCGA-05-4245-01A-01-BS1_x11368y12824,11368,12824,11312,12768,112
TCGA-05-4245-01A-01-BS1_x11480y12824,11480,12824,11424,12768,112
TCGA-05-4245-01A-01-BS1_x11592y12824,11592,12824,11536,12768,112
TCGA-05-4245-01A-01-BS1_x11704y12824,11704,12824,11648,12768,112
TCGA-05-4245-01A-01-BS1_x11816y12824,11816,12824,11760,12768,112
TCGA-05-4245-01A-01-BS1_x11928y12824,11928,12824,11872,12768,112
TCGA-05-4245-01A-01-BS1_x12040y12824,12040,12824,11984,12768,112
TCGA-05-4245-01A-01-BS1_x12152y12824,12152,12824,12096,12768,112
TCGA-05-4245-01A-01-BS1_x12264y12824,12264,12824,12208,12768,112
TCGA-05-4245-01A-01-BS1_x12376y12824,12376,12824,12320,12768,112
TCGA-05-4245-01A-01-BS1_x12488y12824,12488,12824,12432,12768,112
TCGA-05-4245-01A-01-BS1_x12600y12824,12600,12824,12544,12768,112
TCGA-05-4245-01A-01-BS1_x2968y12936,2968,12936,2912,12880,112
TCGA-05-4245-01A-01-BS1_x3080y12936,3080,12936,3024,12880,112
TCGA-05-4245-01A-01-BS1_x3192y12936,3192,12936,3136,12880,112
TCGA-05-4245-01A-01-BS1_x3304y12936,3304,12936,3248,12880,112
TCGA-05-4245-01A-01-BS1_x3416y12936,3416,12936,3360,12880,112
TCGA-05-4245-01A-01-BS1_x3528y12936,3528,12936,3472,12880,112
TCGA-05-4245-01A-01-BS1_x3640y12936,3640,12936,3584,12880,112
TCGA-05-4245-01A-01-BS1_x3752y12936,3752,12936,3696,12880,112
TCGA-05-4245-01A-01-BS1_x3864y12936,3864,12936,3808,12880,112
TCGA-05-4245-01A-01-BS1_x3976y12936,3976,12936,3920,12880,112
TCGA-05-4245-01A-01-BS1_x4088y12936,4088,12936,4032,12880,112
TCGA-05-4245-01A-01-BS1_x4200y12936,4200,12936,4144,12880,112
TCGA-05-4245-01A-01-BS1_x4312y12936,4312,12936,4256,12880,112
TCGA-05-4245-01A-01-BS1_x4424y12936,4424,12936,4368,12880,112
TCGA-05-4245-01A-01-BS1_x4536y12936,4536,12936,4480,12880,112
TCGA-05-4245-01A-01-BS1_x4648y12936,4648,12936,4592,12880,112
TCGA-05-4245-01A-01-BS1_x4760y12936,4760,12936,4704,12880,112
TCGA-05-4245-01A-01-BS1_x4872y12936,4872,12936,4816,12880,112
TCGA-05-4245-01A-01-BS1_x4984y12936,4984,12936,4928,12880,112
TCGA-05-4245-01A-01-BS1_x5096y12936,5096,12936,5040,12880,112
TCGA-05-4245-01A-01-BS1_x5208y12936,5208,12936,5152,12880,112
TCGA-05-4245-01A-01-BS1_x5320y12936,5320,12936,5264,12880,112
TCGA-05-4245-01A-01-BS1_x5432y12936,5432,12936,5376,12880,112
TCGA-05-4245-01A-01-BS1_x5544y12936,5544,12936,5488,12880,112
TCGA-05-4245-01A-01-BS1_x5656y12936,5656,12936,5600,12880,112
TCGA-05-4245-01A-01-BS1_x5768y12936,5768,12936,5712,12880,112
TCGA-05-4245-01A-01-BS1_x5880y12936,5880,12936,5824,12880,112
TCGA-05-4245-01A-01-BS1_x5992y12936,5992,12936,5936,12880,112
TCGA-05-4245-01A-01-BS1_x6104y12936,6104,12936,6048,12880,112
TCGA-05-4245-01A-01-BS1_x6216y12936,6216,12936,6160,12880,112
TCGA-05-4245-01A-01-BS1_x6328y12936,6328,12936,6272,12880,112
TCGA-05-4245-01A-01-BS1_x6440y12936,6440,12936,6384,12880,112
TCGA-05-4245-01A-01-BS1_x6552y12936,6552,12936,6496,12880,112
TCGA-05-4245-01A-01-BS1_x6664y12936,6664,12936,6608,12880,112
TCGA-05-4245-01A-01-BS1_x7000y12936,7000,12936,6944,12880,112
TCGA-05-4245-01A-01-BS1_x7112y12936,7112,12936,7056,12880,112
TCGA-05-4245-01A-01-BS1_x7224y12936,7224,12936,7168,12880,112
TCGA-05-4245-01A-01-BS1_x7560y12936,7560,12936,7504,12880,112
TCGA-05-4245-01A-01-BS1_x7672y12936,7672,12936,7616,12880,112
TCGA-05-4245-01A-01-BS1_x8344y12936,8344,12936,8288,12880,112
TCGA-05-4245-01A-01-BS1_x8456y12936,8456,12936,8400,12880,112
TCGA-05-4245-01A-01-BS1_x8568y12936,8568,12936,8512,12880,112
TCGA-05-4245-01A-01-BS1_x8680y12936,8680,12936,8624,12880,112
TCGA-05-4245-01A-01-BS1_x8904y12936,8904,12936,8848,12880,112
TCGA-05-4245-01A-01-BS1_x9016y12936,9016,12936,8960,12880,112
TCGA-05-4245-01A-01-BS1_x9128y12936,9128,12936,9072,12880,112
TCGA-05-4245-01A-01-BS1_x9240y12936,9240,12936,9184,12880,112
TCGA-05-4245-01A-01-BS1_x9352y12936,9352,12936,9296,12880,112
TCGA-05-4245-01A-01-BS1_x9464y12936,9464,12936,9408,12880,112
TCGA-05-4245-01A-01-BS1_x9576y12936,9576,12936,9520,12880,112
TCGA-05-4245-01A-01-BS1_x9688y12936,9688,12936,9632,12880,112
TCGA-05-4245-01A-01-BS1_x9800y12936,9800,12936,9744,12880,112
TCGA-05-4245-01A-01-BS1_x9912y12936,9912,12936,9856,12880,112
TCGA-05-4245-01A-01-BS1_x10024y12936,10024,12936,9968,12880,112
TCGA-05-4245-01A-01-BS1_x10136y12936,10136,12936,10080,12880,112
TCGA-05-4245-01A-01-BS1_x10248y12936,10248,12936,10192,12880,112
TCGA-05-4245-01A-01-BS1_x10360y12936,10360,12936,10304,12880,112
TCGA-05-4245-01A-01-BS1_x10472y12936,10472,12936,10416,12880,112
TCGA-05-4245-01A-01-BS1_x10584y12936,10584,12936,10528,12880,112
TCGA-05-4245-01A-01-BS1_x10696y12936,10696,12936,10640,12880,112
TCGA-05-4245-01A-01-BS1_x10808y12936,10808,12936,10752,12880,112
TCGA-05-4245-01A-01-BS1_x10920y12936,10920,12936,10864,12880,112
TCGA-05-4245-01A-01-BS1_x11032y12936,11032,12936,10976,12880,112
TCGA-05-4245-01A-01-BS1_x11144y12936,11144,12936,11088,12880,112
TCGA-05-4245-01A-01-BS1_x11256y12936,11256,12936,11200,12880,112
TCGA-05-4245-01A-01-BS1_x11368y12936,11368,12936,11312,12880,112
TCGA-05-4245-01A-01-BS1_x11480y12936,11480,12936,11424,12880,112
TCGA-05-4245-01A-01-BS1_x11592y12936,11592,12936,11536,12880,112
TCGA-05-4245-01A-01-BS1_x11704y12936,11704,12936,11648,12880,112
TCGA-05-4245-01A-01-BS1_x11816y12936,11816,12936,11760,12880,112
TCGA-05-4245-01A-01-BS1_x11928y12936,11928,12936,11872,12880,112
TCGA-05-4245-01A-01-BS1_x12040y12936,12040,12936,11984,12880,112
TCGA-05-4245-01A-01-BS1_x12152y12936,12152,12936,12096,12880,112
TCGA-05-4245-01A-01-BS1_x12264y12936,12264,12936,12208,12880,112
TCGA-05-4245-01A-01-BS1_x12376y12936,12376,12936,12320,12880,112
TCGA-05-4245-01A-01-BS1_x12488y12936,12488,12936,12432,12880,112
TCGA-05-4245-01A-01-BS1_x3080y13048,3080,13048,3024,12992,112
TCGA-05-4245-01A-01-BS1_x3192y13048,3192,13048,3136,12992,112
TCGA-05-4245-01A-01-BS1_x3304y13048,3304,13048,3248,12992,112
TCGA-05-4245-01A-01-BS1_x3416y13048,3416,13048,3360,12992,112
TCGA-05-4245-01A-01-BS1_x3528y13048,3528,13048,3472,12992,112
TCGA-05-4245-01A-01-BS1_x3640y13048,3640,13048,3584,12992,112
TCGA-05-4245-01A-01-BS1_x3752y13048,3752,13048,3696,12992,112
TCGA-05-4245-01A-01-BS1_x3864y13048,3864,13048,3808,12992,112
TCGA-05-4245-01A-01-BS1_x3976y13048,3976,13048,3920,12992,112
TCGA-05-4245-01A-01-BS1_x4088y13048,4088,13048,4032,12992,112
TCGA-05-4245-01A-01-BS1_x4200y13048,4200,13048,4144,12992,112
TCGA-05-4245-01A-01-BS1_x4312y13048,4312,13048,4256,12992,112
TCGA-05-4245-01A-01-BS1_x4424y13048,4424,13048,4368,12992,112
TCGA-05-4245-01A-01-BS1_x4536y13048,4536,13048,4480,12992,112
TCGA-05-4245-01A-01-BS1_x4648y13048,4648,13048,4592,12992,112
TCGA-05-4245-01A-01-BS1_x4760y13048,4760,13048,4704,12992,112
TCGA-05-4245-01A-01-BS1_x4872y13048,4872,13048,4816,12992,112
TCGA-05-4245-01A-01-BS1_x4984y13048,4984,13048,4928,12992,112
TCGA-05-4245-01A-01-BS1_x5096y13048,5096,13048,5040,12992,112
TCGA-05-4245-01A-01-BS1_x5208y13048,5208,13048,5152,12992,112
TCGA-05-4245-01A-01-BS1_x5320y13048,5320,13048,5264,12992,112
TCGA-05-4245-01A-01-BS1_x5432y13048,5432,13048,5376,12992,112
TCGA-05-4245-01A-01-BS1_x5544y13048,5544,13048,5488,12992,112
TCGA-05-4245-01A-01-BS1_x5656y13048,5656,13048,5600,12992,112
TCGA-05-4245-01A-01-BS1_x5768y13048,5768,13048,5712,12992,112
TCGA-05-4245-01A-01-BS1_x5880y13048,5880,13048,5824,12992,112
TCGA-05-4245-01A-01-BS1_x5992y13048,5992,13048,5936,12992,112
TCGA-05-4245-01A-01-BS1_x6104y13048,6104,13048,6048,12992,112
TCGA-05-4245-01A-01-BS1_x6216y13048,6216,13048,6160,12992,112
TCGA-05-4245-01A-01-BS1_x6328y13048,6328,13048,6272,12992,112
TCGA-05-4245-01A-01-BS1_x6440y13048,6440,13048,6384,12992,112
TCGA-05-4245-01A-01-BS1_x7000y13048,7000,13048,6944,12992,112
TCGA-05-4245-01A-01-BS1_x7112y13048,7112,13048,7056,12992,112
TCGA-05-4245-01A-01-BS1_x7224y13048,7224,13048,7168,12992,112
TCGA-05-4245-01A-01-BS1_x7336y13048,7336,13048,7280,12992,112
TCGA-05-4245-01A-01-BS1_x7448y13048,7448,13048,7392,12992,112
TCGA-05-4245-01A-01-BS1_x7560y13048,7560,13048,7504,12992,112
TCGA-05-4245-01A-01-BS1_x8232y13048,8232,13048,8176,12992,112
TCGA-05-4245-01A-01-BS1_x8344y13048,8344,13048,8288,12992,112
TCGA-05-4245-01A-01-BS1_x8456y13048,8456,13048,8400,12992,112
TCGA-05-4245-01A-01-BS1_x8568y13048,8568,13048,8512,12992,112
TCGA-05-4245-01A-01-BS1_x8680y13048,8680,13048,8624,12992,112
TCGA-05-4245-01A-01-BS1_x8792y13048,8792,13048,8736,12992,112
TCGA-05-4245-01A-01-BS1_x8904y13048,8904,13048,8848,12992,112
TCGA-05-4245-01A-01-BS1_x9016y13048,9016,13048,8960,12992,112
TCGA-05-4245-01A-01-BS1_x9128y13048,9128,13048,9072,12992,112
TCGA-05-4245-01A-01-BS1_x9240y13048,9240,13048,9184,12992,112
TCGA-05-4245-01A-01-BS1_x9352y13048,9352,13048,9296,12992,112
TCGA-05-4245-01A-01-BS1_x9464y13048,9464,13048,9408,12992,112
TCGA-05-4245-01A-01-BS1_x9576y13048,9576,13048,9520,12992,112
TCGA-05-4245-01A-01-BS1_x9688y13048,9688,13048,9632,12992,112
TCGA-05-4245-01A-01-BS1_x9800y13048,9800,13048,9744,12992,112
TCGA-05-4245-01A-01-BS1_x9912y13048,9912,13048,9856,12992,112
TCGA-05-4245-01A-01-BS1_x10024y13048,10024,13048,9968,12992,112
TCGA-05-4245-01A-01-BS1_x10136y13048,10136,13048,10080,12992,112
TCGA-05-4245-01A-01-BS1_x10248y13048,10248,13048,10192,12992,112
TCGA-05-4245-01A-01-BS1_x10360y13048,10360,13048,10304,12992,112
TCGA-05-4245-01A-01-BS1_x10472y13048,10472,13048,10416,12992,112
TCGA-05-4245-01A-01-BS1_x10584y13048,10584,13048,10528,12992,112
TCGA-05-4245-01A-01-BS1_x10696y13048,10696,13048,10640,12992,112
TCGA-05-4245-01A-01-BS1_x10808y13048,10808,13048,10752,12992,112
TCGA-05-4245-01A-01-BS1_x10920y13048,10920,13048,10864,12992,112
TCGA-05-4245-01A-01-BS1_x11032y13048,11032,13048,10976,12992,112
TCGA-05-4245-01A-01-BS1_x11144y13048,11144,13048,11088,12992,112
TCGA-05-4245-01A-01-BS1_x11256y13048,11256,13048,11200,12992,112
TCGA-05-4245-01A-01-BS1_x11368y13048,11368,13048,11312,12992,112
TCGA-05-4245-01A-01-BS1_x11480y13048,11480,13048,11424,12992,112
TCGA-05-4245-01A-01-BS1_x11592y13048,11592,13048,11536,12992,112
TCGA-05-4245-01A-01-BS1_x11704y13048,11704,13048,11648,12992,112
TCGA-05-4245-01A-01-BS1_x11816y13048,11816,13048,11760,12992,112
TCGA-05-4245-01A-01-BS1_x11928y13048,11928,13048,11872,12992,112
TCGA-05-4245-01A-01-BS1_x12040y13048,12040,13048,11984,12992,112
TCGA-05-4245-01A-01-BS1_x12152y13048,12152,13048,12096,12992,112
TCGA-05-4245-01A-01-BS1_x12264y13048,12264,13048,12208,12992,112
TCGA-05-4245-01A-01-BS1_x12376y13048,12376,13048,12320,12992,112
TCGA-05-4245-01A-01-BS1_x12488y13048,12488,13048,12432,12992,112
TCGA-05-4245-01A-01-BS1_x3192y13160,3192,13160,3136,13104,112
TCGA-05-4245-01A-01-BS1_x3416y13160,3416,13160,3360,13104,112
TCGA-05-4245-01A-01-BS1_x3528y13160,3528,13160,3472,13104,112
TCGA-05-4245-01A-01-BS1_x3640y13160,3640,13160,3584,13104,112
TCGA-05-4245-01A-01-BS1_x3752y13160,3752,13160,3696,13104,112
TCGA-05-4245-01A-01-BS1_x3864y13160,3864,13160,3808,13104,112
TCGA-05-4245-01A-01-BS1_x3976y13160,3976,13160,3920,13104,112
TCGA-05-4245-01A-01-BS1_x4088y13160,4088,13160,4032,13104,112
TCGA-05-4245-01A-01-BS1_x4200y13160,4200,13160,4144,13104,112
TCGA-05-4245-01A-01-BS1_x4312y13160,4312,13160,4256,13104,112
TCGA-05-4245-01A-01-BS1_x4424y13160,4424,13160,4368,13104,112
TCGA-05-4245-01A-01-BS1_x4536y13160,4536,13160,4480,13104,112
TCGA-05-4245-01A-01-BS1_x4648y13160,4648,13160,4592,13104,112
TCGA-05-4245-01A-01-BS1_x4760y13160,4760,13160,4704,13104,112
TCGA-05-4245-01A-01-BS1_x4872y13160,4872,13160,4816,13104,112
TCGA-05-4245-01A-01-BS1_x4984y13160,4984,13160,4928,13104,112
TCGA-05-4245-01A-01-BS1_x5096y13160,5096,13160,5040,13104,112
TCGA-05-4245-01A-01-BS1_x5208y13160,5208,13160,5152,13104,112
TCGA-05-4245-01A-01-BS1_x5320y13160,5320,13160,5264,13104,112
TCGA-05-4245-01A-01-BS1_x5432y13160,5432,13160,5376,13104,112
TCGA-05-4245-01A-01-BS1_x5544y13160,5544,13160,5488,13104,112
TCGA-05-4245-01A-01-BS1_x5656y13160,5656,13160,5600,13104,112
TCGA-05-4245-01A-01-BS1_x5768y13160,5768,13160,5712,13104,112
TCGA-05-4245-01A-01-BS1_x5880y13160,5880,13160,5824,13104,112
TCGA-05-4245-01A-01-BS1_x5992y13160,5992,13160,5936,13104,112
TCGA-05-4245-01A-01-BS1_x6104y13160,6104,13160,6048,13104,112
TCGA-05-4245-01A-01-BS1_x6216y13160,6216,13160,6160,13104,112
TCGA-05-4245-01A-01-BS1_x6328y13160,6328,13160,6272,13104,112
TCGA-05-4245-01A-01-BS1_x7112y13160,7112,13160,7056,13104,112
TCGA-05-4245-01A-01-BS1_x7224y13160,7224,13160,7168,13104,112
TCGA-05-4245-01A-01-BS1_x7336y13160,7336,13160,7280,13104,112
TCGA-05-4245-01A-01-BS1_x7448y13160,7448,13160,7392,13104,112
TCGA-05-4245-01A-01-BS1_x7560y13160,7560,13160,7504,13104,112
TCGA-05-4245-01A-01-BS1_x8232y13160,8232,13160,8176,13104,112
TCGA-05-4245-01A-01-BS1_x8344y13160,8344,13160,8288,13104,112
TCGA-05-4245-01A-01-BS1_x8456y13160,8456,13160,8400,13104,112
TCGA-05-4245-01A-01-BS1_x8568y13160,8568,13160,8512,13104,112
TCGA-05-4245-01A-01-BS1_x8680y13160,8680,13160,8624,13104,112
TCGA-05-4245-01A-01-BS1_x8792y13160,8792,13160,8736,13104,112
TCGA-05-4245-01A-01-BS1_x8904y13160,8904,13160,8848,13104,112
TCGA-05-4245-01A-01-BS1_x9016y13160,9016,13160,8960,13104,112
TCGA-05-4245-01A-01-BS1_x9128y13160,9128,13160,9072,13104,112
TCGA-05-4245-01A-01-BS1_x9240y13160,9240,13160,9184,13104,112
TCGA-05-4245-01A-01-BS1_x9352y13160,9352,13160,9296,13104,112
TCGA-05-4245-01A-01-BS1_x9464y13160,9464,13160,9408,13104,112
TCGA-05-4245-01A-01-BS1_x9576y13160,9576,13160,9520,13104,112
TCGA-05-4245-01A-01-BS1_x9688y13160,9688,13160,9632,13104,112
TCGA-05-4245-01A-01-BS1_x9800y13160,9800,13160,9744,13104,112
TCGA-05-4245-01A-01-BS1_x9912y13160,9912,13160,9856,13104,112
TCGA-05-4245-01A-01-BS1_x10024y13160,10024,13160,9968,13104,112
TCGA-05-4245-01A-01-BS1_x10136y13160,10136,13160,10080,13104,112
TCGA-05-4245-01A-01-BS1_x10248y13160,10248,13160,10192,13104,112
TCGA-05-4245-01A-01-BS1_x10360y13160,10360,13160,10304,13104,112
TCGA-05-4245-01A-01-BS1_x10472y13160,10472,13160,10416,13104,112
TCGA-05-4245-01A-01-BS1_x10584y13160,10584,13160,10528,13104,112
TCGA-05-4245-01A-01-BS1_x10696y13160,10696,13160,10640,13104,112
TCGA-05-4245-01A-01-BS1_x10808y13160,10808,13160,10752,13104,112
TCGA-05-4245-01A-01-BS1_x10920y13160,10920,13160,10864,13104,112
TCGA-05-4245-01A-01-BS1_x11032y13160,11032,13160,10976,13104,112
TCGA-05-4245-01A-01-BS1_x11144y13160,11144,13160,11088,13104,112
TCGA-05-4245-01A-01-BS1_x11256y13160,11256,13160,11200,13104,112
TCGA-05-4245-01A-01-BS1_x11368y13160,11368,13160,11312,13104,112
TCGA-05-4245-01A-01-BS1_x11480y13160,11480,13160,11424,13104,112
TCGA-05-4245-01A-01-BS1_x11592y13160,11592,13160,11536,13104,112
TCGA-05-4245-01A-01-BS1_x11704y13160,11704,13160,11648,13104,112
TCGA-05-4245-01A-01-BS1_x11816y13160,11816,13160,11760,13104,112
TCGA-05-4245-01A-01-BS1_x11928y13160,11928,13160,11872,13104,112
TCGA-05-4245-01A-01-BS1_x12040y13160,12040,13160,11984,13104,112
TCGA-05-4245-01A-01-BS1_x12152y13160,12152,13160,12096,13104,112
TCGA-05-4245-01A-01-BS1_x12264y13160,12264,13160,12208,13104,112
TCGA-05-4245-01A-01-BS1_x12376y13160,12376,13160,12320,13104,112
TCGA-05-4245-01A-01-BS1_x3304y13272,3304,13272,3248,13216,112
TCGA-05-4245-01A-01-BS1_x3416y13272,3416,13272,3360,13216,112
TCGA-05-4245-01A-01-BS1_x3528y13272,3528,13272,3472,13216,112
TCGA-05-4245-01A-01-BS1_x3640y13272,3640,13272,3584,13216,112
TCGA-05-4245-01A-01-BS1_x3752y13272,3752,13272,3696,13216,112
TCGA-05-4245-01A-01-BS1_x3864y13272,3864,13272,3808,13216,112
TCGA-05-4245-01A-01-BS1_x3976y13272,3976,13272,3920,13216,112
TCGA-05-4245-01A-01-BS1_x4088y13272,4088,13272,4032,13216,112
TCGA-05-4245-01A-01-BS1_x4200y13272,4200,13272,4144,13216,112
TCGA-05-4245-01A-01-BS1_x4312y13272,4312,13272,4256,13216,112
TCGA-05-4245-01A-01-BS1_x4424y13272,4424,13272,4368,13216,112
TCGA-05-4245-01A-01-BS1_x4536y13272,4536,13272,4480,13216,112
TCGA-05-4245-01A-01-BS1_x4648y13272,4648,13272,4592,13216,112
TCGA-05-4245-01A-01-BS1_x4760y13272,4760,13272,4704,13216,112
TCGA-05-4245-01A-01-BS1_x4872y13272,4872,13272,4816,13216,112
TCGA-05-4245-01A-01-BS1_x4984y13272,4984,13272,4928,13216,112
TCGA-05-4245-01A-01-BS1_x5096y13272,5096,13272,5040,13216,112
TCGA-05-4245-01A-01-BS1_x5208y13272,5208,13272,5152,13216,112
TCGA-05-4245-01A-01-BS1_x5320y13272,5320,13272,5264,13216,112
TCGA-05-4245-01A-01-BS1_x5432y13272,5432,13272,5376,13216,112
TCGA-05-4245-01A-01-BS1_x5544y13272,5544,13272,5488,13216,112
TCGA-05-4245-01A-01-BS1_x5656y13272,5656,13272,5600,13216,112
TCGA-05-4245-01A-01-BS1_x5768y13272,5768,13272,5712,13216,112
TCGA-05-4245-01A-01-BS1_x5880y13272,5880,13272,5824,13216,112
TCGA-05-4245-01A-01-BS1_x5992y13272,5992,13272,5936,13216,112
TCGA-05-4245-01A-01-BS1_x6104y13272,6104,13272,6048,13216,112
TCGA-05-4245-01A-01-BS1_x6216y13272,6216,13272,6160,13216,112
TCGA-05-4245-01A-01-BS1_x6328y13272,6328,13272,6272,13216,112
TCGA-05-4245-01A-01-BS1_x7336y13272,7336,13272,7280,13216,112
TCGA-05-4245-01A-01-BS1_x7448y13272,7448,13272,7392,13216,112
TCGA-05-4245-01A-01-BS1_x7560y13272,7560,13272,7504,13216,112
TCGA-05-4245-01A-01-BS1_x8120y13272,8120,13272,8064,13216,112
TCGA-05-4245-01A-01-BS1_x8344y13272,8344,13272,8288,13216,112
TCGA-05-4245-01A-01-BS1_x8456y13272,8456,13272,8400,13216,112
TCGA-05-4245-01A-01-BS1_x8568y13272,8568,13272,8512,13216,112
TCGA-05-4245-01A-01-BS1_x8680y13272,8680,13272,8624,13216,112
TCGA-05-4245-01A-01-BS1_x8792y13272,8792,13272,8736,13216,112
TCGA-05-4245-01A-01-BS1_x8904y13272,8904,13272,8848,13216,112
TCGA-05-4245-01A-01-BS1_x9016y13272,9016,13272,8960,13216,112
TCGA-05-4245-01A-01-BS1_x9128y13272,9128,13272,9072,13216,112
TCGA-05-4245-01A-01-BS1_x9240y13272,9240,13272,9184,13216,112
TCGA-05-4245-01A-01-BS1_x9352y13272,9352,13272,9296,13216,112
TCGA-05-4245-01A-01-BS1_x9464y13272,9464,13272,9408,13216,112
TCGA-05-4245-01A-01-BS1_x9576y13272,9576,13272,9520,13216,112
TCGA-05-4245-01A-01-BS1_x9688y13272,9688,13272,9632,13216,112
TCGA-05-4245-01A-01-BS1_x9800y13272,9800,13272,9744,13216,112
TCGA-05-4245-01A-01-BS1_x9912y13272,9912,13272,9856,13216,112
TCGA-05-4245-01A-01-BS1_x10024y13272,10024,13272,9968,13216,112
TCGA-05-4245-01A-01-BS1_x10136y13272,10136,13272,10080,13216,112
TCGA-05-4245-01A-01-BS1_x10248y13272,10248,13272,10192,13216,112
TCGA-05-4245-01A-01-BS1_x10360y13272,10360,13272,10304,13216,112
TCGA-05-4245-01A-01-BS1_x10472y13272,10472,13272,10416,13216,112
TCGA-05-4245-01A-01-BS1_x10584y13272,10584,13272,10528,13216,112
TCGA-05-4245-01A-01-BS1_x10696y13272,10696,13272,10640,13216,112
TCGA-05-4245-01A-01-BS1_x10808y13272,10808,13272,10752,13216,112
TCGA-05-4245-01A-01-BS1_x10920y13272,10920,13272,10864,13216,112
TCGA-05-4245-01A-01-BS1_x11032y13272,11032,13272,10976,13216,112
TCGA-05-4245-01A-01-BS1_x11144y13272,11144,13272,11088,13216,112
TCGA-05-4245-01A-01-BS1_x11256y13272,11256,13272,11200,13216,112
TCGA-05-4245-01A-01-BS1_x11368y13272,11368,13272,11312,13216,112
TCGA-05-4245-01A-01-BS1_x11480y13272,11480,13272,11424,13216,112
TCGA-05-4245-01A-01-BS1_x11592y13272,11592,13272,11536,13216,112
TCGA-05-4245-01A-01-BS1_x11704y13272,11704,13272,11648,13216,112
TCGA-05-4245-01A-01-BS1_x11816y13272,11816,13272,11760,13216,112
TCGA-05-4245-01A-01-BS1_x11928y13272,11928,13272,11872,13216,112
TCGA-05-4245-01A-01-BS1_x12040y13272,12040,13272,11984,13216,112
TCGA-05-4245-01A-01-BS1_x12152y13272,12152,13272,12096,13216,112
TCGA-05-4245-01A-01-BS1_x12264y13272,12264,13272,12208,13216,112
TCGA-05-4245-01A-01-BS1_x3416y13384,3416,13384,3360,13328,112
TCGA-05-4245-01A-01-BS1_x3528y13384,3528,13384,3472,13328,112
TCGA-05-4245-01A-01-BS1_x3640y13384,3640,13384,3584,13328,112
TCGA-05-4245-01A-01-BS1_x3752y13384,3752,13384,3696,13328,112
TCGA-05-4245-01A-01-BS1_x3864y13384,3864,13384,3808,13328,112
TCGA-05-4245-01A-01-BS1_x3976y13384,3976,13384,3920,13328,112
TCGA-05-4245-01A-01-BS1_x4088y13384,4088,13384,4032,13328,112
TCGA-05-4245-01A-01-BS1_x4200y13384,4200,13384,4144,13328,112
TCGA-05-4245-01A-01-BS1_x4312y13384,4312,13384,4256,13328,112
TCGA-05-4245-01A-01-BS1_x4424y13384,4424,13384,4368,13328,112
TCGA-05-4245-01A-01-BS1_x4536y13384,4536,13384,4480,13328,112
TCGA-05-4245-01A-01-BS1_x4648y13384,4648,13384,4592,13328,112
TCGA-05-4245-01A-01-BS1_x4760y13384,4760,13384,4704,13328,112
TCGA-05-4245-01A-01-BS1_x4872y13384,4872,13384,4816,13328,112
TCGA-05-4245-01A-01-BS1_x4984y13384,4984,13384,4928,13328,112
TCGA-05-4245-01A-01-BS1_x5096y13384,5096,13384,5040,13328,112
TCGA-05-4245-01A-01-BS1_x5208y13384,5208,13384,5152,13328,112
TCGA-05-4245-01A-01-BS1_x5320y13384,5320,13384,5264,13328,112
TCGA-05-4245-01A-01-BS1_x5432y13384,5432,13384,5376,13328,112
TCGA-05-4245-01A-01-BS1_x5544y13384,5544,13384,5488,13328,112
TCGA-05-4245-01A-01-BS1_x5656y13384,5656,13384,5600,13328,112
TCGA-05-4245-01A-01-BS1_x5768y13384,5768,13384,5712,13328,112
TCGA-05-4245-01A-01-BS1_x5880y13384,5880,13384,5824,13328,112
TCGA-05-4245-01A-01-BS1_x5992y13384,5992,13384,5936,13328,112
TCGA-05-4245-01A-01-BS1_x6104y13384,6104,13384,6048,13328,112
TCGA-05-4245-01A-01-BS1_x6216y13384,6216,13384,6160,13328,112
TCGA-05-4245-01A-01-BS1_x6328y13384,6328,13384,6272,13328,112
TCGA-05-4245-01A-01-BS1_x7336y13384,7336,13384,7280,13328,112
TCGA-05-4245-01A-01-BS1_x7448y13384,7448,13384,7392,13328,112
TCGA-05-4245-01A-01-BS1_x8008y13384,8008,13384,7952,13328,112
TCGA-05-4245-01A-01-BS1_x8120y13384,8120,13384,8064,13328,112
TCGA-05-4245-01A-01-BS1_x8232y13384,8232,13384,8176,13328,112
TCGA-05-4245-01A-01-BS1_x8344y13384,8344,13384,8288,13328,112
TCGA-05-4245-01A-01-BS1_x8456y13384,8456,13384,8400,13328,112
TCGA-05-4245-01A-01-BS1_x8568y13384,8568,13384,8512,13328,112
TCGA-05-4245-01A-01-BS1_x8680y13384,8680,13384,8624,13328,112
TCGA-05-4245-01A-01-BS1_x8792y13384,8792,13384,8736,13328,112
TCGA-05-4245-01A-01-BS1_x8904y13384,8904,13384,8848,13328,112
TCGA-05-4245-01A-01-BS1_x9016y13384,9016,13384,8960,13328,112
TCGA-05-4245-01A-01-BS1_x9128y13384,9128,13384,9072,13328,112
TCGA-05-4245-01A-01-BS1_x9240y13384,9240,13384,9184,13328,112
TCGA-05-4245-01A-01-BS1_x9352y13384,9352,13384,9296,13328,112
TCGA-05-4245-01A-01-BS1_x9464y13384,9464,13384,9408,13328,112
TCGA-05-4245-01A-01-BS1_x9576y13384,9576,13384,9520,13328,112
TCGA-05-4245-01A-01-BS1_x9688y13384,9688,13384,9632,13328,112
TCGA-05-4245-01A-01-BS1_x9800y13384,9800,13384,9744,13328,112
TCGA-05-4245-01A-01-BS1_x9912y13384,9912,13384,9856,13328,112
TCGA-05-4245-01A-01-BS1_x10024y13384,10024,13384,9968,13328,112
TCGA-05-4245-01A-01-BS1_x10136y13384,10136,13384,10080,13328,112
TCGA-05-4245-01A-01-BS1_x10248y13384,10248,13384,10192,13328,112
TCGA-05-4245-01A-01-BS1_x10360y13384,10360,13384,10304,13328,112
TCGA-05-4245-01A-01-BS1_x10472y13384,10472,13384,10416,13328,112
TCGA-05-4245-01A-01-BS1_x10584y13384,10584,13384,10528,13328,112
TCGA-05-4245-01A-01-BS1_x10696y13384,10696,13384,10640,13328,112
TCGA-05-4245-01A-01-BS1_x10808y13384,10808,13384,10752,13328,112
TCGA-05-4245-01A-01-BS1_x10920y13384,10920,13384,10864,13328,112
TCGA-05-4245-01A-01-BS1_x11032y13384,11032,13384,10976,13328,112
TCGA-05-4245-01A-01-BS1_x11144y13384,11144,13384,11088,13328,112
TCGA-05-4245-01A-01-BS1_x11256y13384,11256,13384,11200,13328,112
TCGA-05-4245-01A-01-BS1_x11368y13384,11368,13384,11312,13328,112
TCGA-05-4245-01A-01-BS1_x11480y13384,11480,13384,11424,13328,112
TCGA-05-4245-01A-01-BS1_x11592y13384,11592,13384,11536,13328,112
TCGA-05-4245-01A-01-BS1_x11704y13384,11704,13384,11648,13328,112
TCGA-05-4245-01A-01-BS1_x11816y13384,11816,13384,11760,13328,112
TCGA-05-4245-01A-01-BS1_x11928y13384,11928,13384,11872,13328,112
TCGA-05-4245-01A-01-BS1_x12040y13384,12040,13384,11984,13328,112
TCGA-05-4245-01A-01-BS1_x12152y13384,12152,13384,12096,13328,112
TCGA-05-4245-01A-01-BS1_x3528y13496,3528,13496,3472,13440,112
TCGA-05-4245-01A-01-BS1_x3640y13496,3640,13496,3584,13440,112
TCGA-05-4245-01A-01-BS1_x3752y13496,3752,13496,3696,13440,112
TCGA-05-4245-01A-01-BS1_x3864y13496,3864,13496,3808,13440,112
TCGA-05-4245-01A-01-BS1_x3976y13496,3976,13496,3920,13440,112
TCGA-05-4245-01A-01-BS1_x4088y13496,4088,13496,4032,13440,112
TCGA-05-4245-01A-01-BS1_x4200y13496,4200,13496,4144,13440,112
TCGA-05-4245-01A-01-BS1_x4312y13496,4312,13496,4256,13440,112
TCGA-05-4245-01A-01-BS1_x4424y13496,4424,13496,4368,13440,112
TCGA-05-4245-01A-01-BS1_x4536y13496,4536,13496,4480,13440,112
TCGA-05-4245-01A-01-BS1_x4648y13496,4648,13496,4592,13440,112
TCGA-05-4245-01A-01-BS1_x4760y13496,4760,13496,4704,13440,112
TCGA-05-4245-01A-01-BS1_x4872y13496,4872,13496,4816,13440,112
TCGA-05-4245-01A-01-BS1_x4984y13496,4984,13496,4928,13440,112
TCGA-05-4245-01A-01-BS1_x5096y13496,5096,13496,5040,13440,112
TCGA-05-4245-01A-01-BS1_x5208y13496,5208,13496,5152,13440,112
TCGA-05-4245-01A-01-BS1_x5320y13496,5320,13496,5264,13440,112
TCGA-05-4245-01A-01-BS1_x5432y13496,5432,13496,5376,13440,112
TCGA-05-4245-01A-01-BS1_x5544y13496,5544,13496,5488,13440,112
TCGA-05-4245-01A-01-BS1_x5656y13496,5656,13496,5600,13440,112
TCGA-05-4245-01A-01-BS1_x5768y13496,5768,13496,5712,13440,112
TCGA-05-4245-01A-01-BS1_x5880y13496,5880,13496,5824,13440,112
TCGA-05-4245-01A-01-BS1_x5992y13496,5992,13496,5936,13440,112
TCGA-05-4245-01A-01-BS1_x6104y13496,6104,13496,6048,13440,112
TCGA-05-4245-01A-01-BS1_x6216y13496,6216,13496,6160,13440,112
TCGA-05-4245-01A-01-BS1_x6328y13496,6328,13496,6272,13440,112
TCGA-05-4245-01A-01-BS1_x7448y13496,7448,13496,7392,13440,112
TCGA-05-4245-01A-01-BS1_x7560y13496,7560,13496,7504,13440,112
TCGA-05-4245-01A-01-BS1_x7672y13496,7672,13496,7616,13440,112
TCGA-05-4245-01A-01-BS1_x7784y13496,7784,13496,7728,13440,112
TCGA-05-4245-01A-01-BS1_x7896y13496,7896,13496,7840,13440,112
TCGA-05-4245-01A-01-BS1_x8120y13496,8120,13496,8064,13440,112
TCGA-05-4245-01A-01-BS1_x8232y13496,8232,13496,8176,13440,112
TCGA-05-4245-01A-01-BS1_x8344y13496,8344,13496,8288,13440,112
TCGA-05-4245-01A-01-BS1_x8456y13496,8456,13496,8400,13440,112
TCGA-05-4245-01A-01-BS1_x8568y13496,8568,13496,8512,13440,112
TCGA-05-4245-01A-01-BS1_x8680y13496,8680,13496,8624,13440,112
TCGA-05-4245-01A-01-BS1_x8792y13496,8792,13496,8736,13440,112
TCGA-05-4245-01A-01-BS1_x8904y13496,8904,13496,8848,13440,112
TCGA-05-4245-01A-01-BS1_x9016y13496,9016,13496,8960,13440,112
TCGA-05-4245-01A-01-BS1_x9128y13496,9128,13496,9072,13440,112
TCGA-05-4245-01A-01-BS1_x9240y13496,9240,13496,9184,13440,112
TCGA-05-4245-01A-01-BS1_x9352y13496,9352,13496,9296,13440,112
TCGA-05-4245-01A-01-BS1_x9464y13496,9464,13496,9408,13440,112
TCGA-05-4245-01A-01-BS1_x9576y13496,9576,13496,9520,13440,112
TCGA-05-4245-01A-01-BS1_x9688y13496,9688,13496,9632,13440,112
TCGA-05-4245-01A-01-BS1_x9800y13496,9800,13496,9744,13440,112
TCGA-05-4245-01A-01-BS1_x9912y13496,9912,13496,9856,13440,112
TCGA-05-4245-01A-01-BS1_x10024y13496,10024,13496,9968,13440,112
TCGA-05-4245-01A-01-BS1_x10136y13496,10136,13496,10080,13440,112
TCGA-05-4245-01A-01-BS1_x10248y13496,10248,13496,10192,13440,112
TCGA-05-4245-01A-01-BS1_x10360y13496,10360,13496,10304,13440,112
TCGA-05-4245-01A-01-BS1_x10472y13496,10472,13496,10416,13440,112
TCGA-05-4245-01A-01-BS1_x10584y13496,10584,13496,10528,13440,112
TCGA-05-4245-01A-01-BS1_x10696y13496,10696,13496,10640,13440,112
TCGA-05-4245-01A-01-BS1_x10808y13496,10808,13496,10752,13440,112
TCGA-05-4245-01A-01-BS1_x10920y13496,10920,13496,10864,13440,112
TCGA-05-4245-01A-01-BS1_x11032y13496,11032,13496,10976,13440,112
TCGA-05-4245-01A-01-BS1_x11144y13496,11144,13496,11088,13440,112
TCGA-05-4245-01A-01-BS1_x11256y13496,11256,13496,11200,13440,112
TCGA-05-4245-01A-01-BS1_x11368y13496,11368,13496,11312,13440,112
TCGA-05-4245-01A-01-BS1_x11480y13496,11480,13496,11424,13440,112
TCGA-05-4245-01A-01-BS1_x11592y13496,11592,13496,11536,13440,112
TCGA-05-4245-01A-01-BS1_x11704y13496,11704,13496,11648,13440,112
TCGA-05-4245-01A-01-BS1_x11816y13496,11816,13496,11760,13440,112
TCGA-05-4245-01A-01-BS1_x11928y13496,11928,13496,11872,13440,112
TCGA-05-4245-01A-01-BS1_x12040y13496,12040,13496,11984,13440,112
TCGA-05-4245-01A-01-BS1_x12152y13496,12152,13496,12096,13440,112
TCGA-05-4245-01A-01-BS1_x3864y13608,3864,13608,3808,13552,112
TCGA-05-4245-01A-01-BS1_x3976y13608,3976,13608,3920,13552,112
TCGA-05-4245-01A-01-BS1_x4088y13608,4088,13608,4032,13552,112
TCGA-05-4245-01A-01-BS1_x4200y13608,4200,13608,4144,13552,112
TCGA-05-4245-01A-01-BS1_x4312y13608,4312,13608,4256,13552,112
TCGA-05-4245-01A-01-BS1_x4424y13608,4424,13608,4368,13552,112
TCGA-05-4245-01A-01-BS1_x4536y13608,4536,13608,4480,13552,112
TCGA-05-4245-01A-01-BS1_x4648y13608,4648,13608,4592,13552,112
TCGA-05-4245-01A-01-BS1_x4760y13608,4760,13608,4704,13552,112
TCGA-05-4245-01A-01-BS1_x4872y13608,4872,13608,4816,13552,112
TCGA-05-4245-01A-01-BS1_x4984y13608,4984,13608,4928,13552,112
TCGA-05-4245-01A-01-BS1_x5096y13608,5096,13608,5040,13552,112
TCGA-05-4245-01A-01-BS1_x5208y13608,5208,13608,5152,13552,112
TCGA-05-4245-01A-01-BS1_x5320y13608,5320,13608,5264,13552,112
TCGA-05-4245-01A-01-BS1_x5432y13608,5432,13608,5376,13552,112
TCGA-05-4245-01A-01-BS1_x5544y13608,5544,13608,5488,13552,112
TCGA-05-4245-01A-01-BS1_x5656y13608,5656,13608,5600,13552,112
TCGA-05-4245-01A-01-BS1_x5768y13608,5768,13608,5712,13552,112
TCGA-05-4245-01A-01-BS1_x5880y13608,5880,13608,5824,13552,112
TCGA-05-4245-01A-01-BS1_x5992y13608,5992,13608,5936,13552,112
TCGA-05-4245-01A-01-BS1_x6104y13608,6104,13608,6048,13552,112
TCGA-05-4245-01A-01-BS1_x6216y13608,6216,13608,6160,13552,112
TCGA-05-4245-01A-01-BS1_x6328y13608,6328,13608,6272,13552,112
TCGA-05-4245-01A-01-BS1_x6440y13608,6440,13608,6384,13552,112
TCGA-05-4245-01A-01-BS1_x7336y13608,7336,13608,7280,13552,112
TCGA-05-4245-01A-01-BS1_x7448y13608,7448,13608,7392,13552,112
TCGA-05-4245-01A-01-BS1_x7560y13608,7560,13608,7504,13552,112
TCGA-05-4245-01A-01-BS1_x7672y13608,7672,13608,7616,13552,112
TCGA-05-4245-01A-01-BS1_x7784y13608,7784,13608,7728,13552,112
TCGA-05-4245-01A-01-BS1_x7896y13608,7896,13608,7840,13552,112
TCGA-05-4245-01A-01-BS1_x8008y13608,8008,13608,7952,13552,112
TCGA-05-4245-01A-01-BS1_x8120y13608,8120,13608,8064,13552,112
TCGA-05-4245-01A-01-BS1_x8232y13608,8232,13608,8176,13552,112
TCGA-05-4245-01A-01-BS1_x8344y13608,8344,13608,8288,13552,112
TCGA-05-4245-01A-01-BS1_x8456y13608,8456,13608,8400,13552,112
TCGA-05-4245-01A-01-BS1_x8568y13608,8568,13608,8512,13552,112
TCGA-05-4245-01A-01-BS1_x8680y13608,8680,13608,8624,13552,112
TCGA-05-4245-01A-01-BS1_x8792y13608,8792,13608,8736,13552,112
TCGA-05-4245-01A-01-BS1_x8904y13608,8904,13608,8848,13552,112
TCGA-05-4245-01A-01-BS1_x9016y13608,9016,13608,8960,13552,112
TCGA-05-4245-01A-01-BS1_x9128y13608,9128,13608,9072,13552,112
TCGA-05-4245-01A-01-BS1_x9240y13608,9240,13608,9184,13552,112
TCGA-05-4245-01A-01-BS1_x9352y13608,9352,13608,9296,13552,112
TCGA-05-4245-01A-01-BS1_x9464y13608,9464,13608,9408,13552,112
TCGA-05-4245-01A-01-BS1_x9576y13608,9576,13608,9520,13552,112
TCGA-05-4245-01A-01-BS1_x9688y13608,9688,13608,9632,13552,112
TCGA-05-4245-01A-01-BS1_x9800y13608,9800,13608,9744,13552,112
TCGA-05-4245-01A-01-BS1_x10024y13608,10024,13608,9968,13552,112
TCGA-05-4245-01A-01-BS1_x10136y13608,10136,13608,10080,13552,112
TCGA-05-4245-01A-01-BS1_x10248y13608,10248,13608,10192,13552,112
TCGA-05-4245-01A-01-BS1_x10360y13608,10360,13608,10304,13552,112
TCGA-05-4245-01A-01-BS1_x10472y13608,10472,13608,10416,13552,112
TCGA-05-4245-01A-01-BS1_x10584y13608,10584,13608,10528,13552,112
TCGA-05-4245-01A-01-BS1_x10696y13608,10696,13608,10640,13552,112
TCGA-05-4245-01A-01-BS1_x10808y13608,10808,13608,10752,13552,112
TCGA-05-4245-01A-01-BS1_x10920y13608,10920,13608,10864,13552,112
TCGA-05-4245-01A-01-BS1_x11032y13608,11032,13608,10976,13552,112
TCGA-05-4245-01A-01-BS1_x11144y13608,11144,13608,11088,13552,112
TCGA-05-4245-01A-01-BS1_x11256y13608,11256,13608,11200,13552,112
TCGA-05-4245-01A-01-BS1_x11368y13608,11368,13608,11312,13552,112
TCGA-05-4245-01A-01-BS1_x11480y13608,11480,13608,11424,13552,112
TCGA-05-4245-01A-01-BS1_x11592y13608,11592,13608,11536,13552,112
TCGA-05-4245-01A-01-BS1_x11704y13608,11704,13608,11648,13552,112
TCGA-05-4245-01A-01-BS1_x11816y13608,11816,13608,11760,13552,112
TCGA-05-4245-01A-01-BS1_x11928y13608,11928,13608,11872,13552,112
TCGA-05-4245-01A-01-BS1_x12040y13608,12040,13608,11984,13552,112
TCGA-05-4245-01A-01-BS1_x3864y13720,3864,13720,3808,13664,112
TCGA-05-4245-01A-01-BS1_x3976y13720,3976,13720,3920,13664,112
TCGA-05-4245-01A-01-BS1_x4088y13720,4088,13720,4032,13664,112
TCGA-05-4245-01A-01-BS1_x4200y13720,4200,13720,4144,13664,112
TCGA-05-4245-01A-01-BS1_x4312y13720,4312,13720,4256,13664,112
TCGA-05-4245-01A-01-BS1_x4424y13720,4424,13720,4368,13664,112
TCGA-05-4245-01A-01-BS1_x4536y13720,4536,13720,4480,13664,112
TCGA-05-4245-01A-01-BS1_x4648y13720,4648,13720,4592,13664,112
TCGA-05-4245-01A-01-BS1_x4760y13720,4760,13720,4704,13664,112
TCGA-05-4245-01A-01-BS1_x4872y13720,4872,13720,4816,13664,112
TCGA-05-4245-01A-01-BS1_x4984y13720,4984,13720,4928,13664,112
TCGA-05-4245-01A-01-BS1_x5096y13720,5096,13720,5040,13664,112
TCGA-05-4245-01A-01-BS1_x5208y13720,5208,13720,5152,13664,112
TCGA-05-4245-01A-01-BS1_x5320y13720,5320,13720,5264,13664,112
TCGA-05-4245-01A-01-BS1_x5432y13720,5432,13720,5376,13664,112
TCGA-05-4245-01A-01-BS1_x5544y13720,5544,13720,5488,13664,112
TCGA-05-4245-01A-01-BS1_x5656y13720,5656,13720,5600,13664,112
TCGA-05-4245-01A-01-BS1_x5768y13720,5768,13720,5712,13664,112
TCGA-05-4245-01A-01-BS1_x5880y13720,5880,13720,5824,13664,112
TCGA-05-4245-01A-01-BS1_x5992y13720,5992,13720,5936,13664,112
TCGA-05-4245-01A-01-BS1_x6104y13720,6104,13720,6048,13664,112
TCGA-05-4245-01A-01-BS1_x6216y13720,6216,13720,6160,13664,112
TCGA-05-4245-01A-01-BS1_x6328y13720,6328,13720,6272,13664,112
TCGA-05-4245-01A-01-BS1_x6440y13720,6440,13720,6384,13664,112
TCGA-05-4245-01A-01-BS1_x6664y13720,6664,13720,6608,13664,112
TCGA-05-4245-01A-01-BS1_x6776y13720,6776,13720,6720,13664,112
TCGA-05-4245-01A-01-BS1_x7224y13720,7224,13720,7168,13664,112
TCGA-05-4245-01A-01-BS1_x7336y13720,7336,13720,7280,13664,112
TCGA-05-4245-01A-01-BS1_x7448y13720,7448,13720,7392,13664,112
TCGA-05-4245-01A-01-BS1_x7560y13720,7560,13720,7504,13664,112
TCGA-05-4245-01A-01-BS1_x7672y13720,7672,13720,7616,13664,112
TCGA-05-4245-01A-01-BS1_x7784y13720,7784,13720,7728,13664,112
TCGA-05-4245-01A-01-BS1_x7896y13720,7896,13720,7840,13664,112
TCGA-05-4245-01A-01-BS1_x8008y13720,8008,13720,7952,13664,112
TCGA-05-4245-01A-01-BS1_x8344y13720,8344,13720,8288,13664,112
TCGA-05-4245-01A-01-BS1_x8456y13720,8456,13720,8400,13664,112
TCGA-05-4245-01A-01-BS1_x8568y13720,8568,13720,8512,13664,112
TCGA-05-4245-01A-01-BS1_x8680y13720,8680,13720,8624,13664,112
TCGA-05-4245-01A-01-BS1_x8792y13720,8792,13720,8736,13664,112
TCGA-05-4245-01A-01-BS1_x8904y13720,8904,13720,8848,13664,112
TCGA-05-4245-01A-01-BS1_x9016y13720,9016,13720,8960,13664,112
TCGA-05-4245-01A-01-BS1_x9128y13720,9128,13720,9072,13664,112
TCGA-05-4245-01A-01-BS1_x9240y13720,9240,13720,9184,13664,112
TCGA-05-4245-01A-01-BS1_x9352y13720,9352,13720,9296,13664,112
TCGA-05-4245-01A-01-BS1_x9464y13720,9464,13720,9408,13664,112
TCGA-05-4245-01A-01-BS1_x9576y13720,9576,13720,9520,13664,112
TCGA-05-4245-01A-01-BS1_x9688y13720,9688,13720,9632,13664,112
TCGA-05-4245-01A-01-BS1_x9800y13720,9800,13720,9744,13664,112
TCGA-05-4245-01A-01-BS1_x10136y13720,10136,13720,10080,13664,112
TCGA-05-4245-01A-01-BS1_x10248y13720,10248,13720,10192,13664,112
TCGA-05-4245-01A-01-BS1_x10360y13720,10360,13720,10304,13664,112
TCGA-05-4245-01A-01-BS1_x10472y13720,10472,13720,10416,13664,112
TCGA-05-4245-01A-01-BS1_x10584y13720,10584,13720,10528,13664,112
TCGA-05-4245-01A-01-BS1_x10696y13720,10696,13720,10640,13664,112
TCGA-05-4245-01A-01-BS1_x10808y13720,10808,13720,10752,13664,112
TCGA-05-4245-01A-01-BS1_x10920y13720,10920,13720,10864,13664,112
TCGA-05-4245-01A-01-BS1_x11032y13720,11032,13720,10976,13664,112
TCGA-05-4245-01A-01-BS1_x11144y13720,11144,13720,11088,13664,112
TCGA-05-4245-01A-01-BS1_x11256y13720,11256,13720,11200,13664,112
TCGA-05-4245-01A-01-BS1_x11368y13720,11368,13720,11312,13664,112
TCGA-05-4245-01A-01-BS1_x11480y13720,11480,13720,11424,13664,112
TCGA-05-4245-01A-01-BS1_x11592y13720,11592,13720,11536,13664,112
TCGA-05-4245-01A-01-BS1_x11704y13720,11704,13720,11648,13664,112
TCGA-05-4245-01A-01-BS1_x11816y13720,11816,13720,11760,13664,112
TCGA-05-4245-01A-01-BS1_x11928y13720,11928,13720,11872,13664,112
TCGA-05-4245-01A-01-BS1_x12040y13720,12040,13720,11984,13664,112
TCGA-05-4245-01A-01-BS1_x3976y13832,3976,13832,3920,13776,112
TCGA-05-4245-01A-01-BS1_x4088y13832,4088,13832,4032,13776,112
TCGA-05-4245-01A-01-BS1_x4200y13832,4200,13832,4144,13776,112
TCGA-05-4245-01A-01-BS1_x4312y13832,4312,13832,4256,13776,112
TCGA-05-4245-01A-01-BS1_x4424y13832,4424,13832,4368,13776,112
TCGA-05-4245-01A-01-BS1_x4536y13832,4536,13832,4480,13776,112
TCGA-05-4245-01A-01-BS1_x4648y13832,4648,13832,4592,13776,112
TCGA-05-4245-01A-01-BS1_x4760y13832,4760,13832,4704,13776,112
TCGA-05-4245-01A-01-BS1_x4872y13832,4872,13832,4816,13776,112
TCGA-05-4245-01A-01-BS1_x4984y13832,4984,13832,4928,13776,112
TCGA-05-4245-01A-01-BS1_x5096y13832,5096,13832,5040,13776,112
TCGA-05-4245-01A-01-BS1_x5208y13832,5208,13832,5152,13776,112
TCGA-05-4245-01A-01-BS1_x5320y13832,5320,13832,5264,13776,112
TCGA-05-4245-01A-01-BS1_x5432y13832,5432,13832,5376,13776,112
TCGA-05-4245-01A-01-BS1_x5544y13832,5544,13832,5488,13776,112
TCGA-05-4245-01A-01-BS1_x5656y13832,5656,13832,5600,13776,112
TCGA-05-4245-01A-01-BS1_x5768y13832,5768,13832,5712,13776,112
TCGA-05-4245-01A-01-BS1_x5880y13832,5880,13832,5824,13776,112
TCGA-05-4245-01A-01-BS1_x5992y13832,5992,13832,5936,13776,112
TCGA-05-4245-01A-01-BS1_x6104y13832,6104,13832,6048,13776,112
TCGA-05-4245-01A-01-BS1_x6216y13832,6216,13832,6160,13776,112
TCGA-05-4245-01A-01-BS1_x6328y13832,6328,13832,6272,13776,112
TCGA-05-4245-01A-01-BS1_x6440y13832,6440,13832,6384,13776,112
TCGA-05-4245-01A-01-BS1_x6552y13832,6552,13832,6496,13776,112
TCGA-05-4245-01A-01-BS1_x6664y13832,6664,13832,6608,13776,112
TCGA-05-4245-01A-01-BS1_x6888y13832,6888,13832,6832,13776,112
TCGA-05-4245-01A-01-BS1_x7000y13832,7000,13832,6944,13776,112
TCGA-05-4245-01A-01-BS1_x7112y13832,7112,13832,7056,13776,112
TCGA-05-4245-01A-01-BS1_x7224y13832,7224,13832,7168,13776,112
TCGA-05-4245-01A-01-BS1_x7336y13832,7336,13832,7280,13776,112
TCGA-05-4245-01A-01-BS1_x7448y13832,7448,13832,7392,13776,112
TCGA-05-4245-01A-01-BS1_x7560y13832,7560,13832,7504,13776,112
TCGA-05-4245-01A-01-BS1_x7672y13832,7672,13832,7616,13776,112
TCGA-05-4245-01A-01-BS1_x7784y13832,7784,13832,7728,13776,112
TCGA-05-4245-01A-01-BS1_x7896y13832,7896,13832,7840,13776,112
TCGA-05-4245-01A-01-BS1_x8344y13832,8344,13832,8288,13776,112
TCGA-05-4245-01A-01-BS1_x8456y13832,8456,13832,8400,13776,112
TCGA-05-4245-01A-01-BS1_x8568y13832,8568,13832,8512,13776,112
TCGA-05-4245-01A-01-BS1_x8680y13832,8680,13832,8624,13776,112
TCGA-05-4245-01A-01-BS1_x8792y13832,8792,13832,8736,13776,112
TCGA-05-4245-01A-01-BS1_x8904y13832,8904,13832,8848,13776,112
TCGA-05-4245-01A-01-BS1_x9016y13832,9016,13832,8960,13776,112
TCGA-05-4245-01A-01-BS1_x9800y13832,9800,13832,9744,13776,112
TCGA-05-4245-01A-01-BS1_x10136y13832,10136,13832,10080,13776,112
TCGA-05-4245-01A-01-BS1_x10248y13832,10248,13832,10192,13776,112
TCGA-05-4245-01A-01-BS1_x10360y13832,10360,13832,10304,13776,112
TCGA-05-4245-01A-01-BS1_x10472y13832,10472,13832,10416,13776,112
TCGA-05-4245-01A-01-BS1_x10584y13832,10584,13832,10528,13776,112
TCGA-05-4245-01A-01-BS1_x10696y13832,10696,13832,10640,13776,112
TCGA-05-4245-01A-01-BS1_x10808y13832,10808,13832,10752,13776,112
TCGA-05-4245-01A-01-BS1_x10920y13832,10920,13832,10864,13776,112
TCGA-05-4245-01A-01-BS1_x11032y13832,11032,13832,10976,13776,112
TCGA-05-4245-01A-01-BS1_x11144y13832,11144,13832,11088,13776,112
TCGA-05-4245-01A-01-BS1_x11256y13832,11256,13832,11200,13776,112
TCGA-05-4245-01A-01-BS1_x11368y13832,11368,13832,11312,13776,112
TCGA-05-4245-01A-01-BS1_x11480y13832,11480,13832,11424,13776,112
TCGA-05-4245-01A-01-BS1_x11592y13832,11592,13832,11536,13776,112
TCGA-05-4245-01A-01-BS1_x11704y13832,11704,13832,11648,13776,112
TCGA-05-4245-01A-01-BS1_x11816y13832,11816,13832,11760,13776,112
TCGA-05-4245-01A-01-BS1_x11928y13832,11928,13832,11872,13776,112
TCGA-05-4245-01A-01-BS1_x3976y13944,3976,13944,3920,13888,112
TCGA-05-4245-01A-01-BS1_x4088y13944,4088,13944,4032,13888,112
TCGA-05-4245-01A-01-BS1_x4200y13944,4200,13944,4144,13888,112
TCGA-05-4245-01A-01-BS1_x4312y13944,4312,13944,4256,13888,112
TCGA-05-4245-01A-01-BS1_x4424y13944,4424,13944,4368,13888,112
TCGA-05-4245-01A-01-BS1_x4536y13944,4536,13944,4480,13888,112
TCGA-05-4245-01A-01-BS1_x4648y13944,4648,13944,4592,13888,112
TCGA-05-4245-01A-01-BS1_x4760y13944,4760,13944,4704,13888,112
TCGA-05-4245-01A-01-BS1_x4872y13944,4872,13944,4816,13888,112
TCGA-05-4245-01A-01-BS1_x4984y13944,4984,13944,4928,13888,112
TCGA-05-4245-01A-01-BS1_x5096y13944,5096,13944,5040,13888,112
TCGA-05-4245-01A-01-BS1_x5208y13944,5208,13944,5152,13888,112
TCGA-05-4245-01A-01-BS1_x5320y13944,5320,13944,5264,13888,112
TCGA-05-4245-01A-01-BS1_x5432y13944,5432,13944,5376,13888,112
TCGA-05-4245-01A-01-BS1_x5544y13944,5544,13944,5488,13888,112
TCGA-05-4245-01A-01-BS1_x5656y13944,5656,13944,5600,13888,112
TCGA-05-4245-01A-01-BS1_x5768y13944,5768,13944,5712,13888,112
TCGA-05-4245-01A-01-BS1_x5880y13944,5880,13944,5824,13888,112
TCGA-05-4245-01A-01-BS1_x5992y13944,5992,13944,5936,13888,112
TCGA-05-4245-01A-01-BS1_x6104y13944,6104,13944,6048,13888,112
TCGA-05-4245-01A-01-BS1_x6216y13944,6216,13944,6160,13888,112
TCGA-05-4245-01A-01-BS1_x6328y13944,6328,13944,6272,13888,112
TCGA-05-4245-01A-01-BS1_x6440y13944,6440,13944,6384,13888,112
TCGA-05-4245-01A-01-BS1_x6552y13944,6552,13944,6496,13888,112
TCGA-05-4245-01A-01-BS1_x6664y13944,6664,13944,6608,13888,112
TCGA-05-4245-01A-01-BS1_x6776y13944,6776,13944,6720,13888,112
TCGA-05-4245-01A-01-BS1_x6888y13944,6888,13944,6832,13888,112
TCGA-05-4245-01A-01-BS1_x7000y13944,7000,13944,6944,13888,112
TCGA-05-4245-01A-01-BS1_x7112y13944,7112,13944,7056,13888,112
TCGA-05-4245-01A-01-BS1_x7224y13944,7224,13944,7168,13888,112
TCGA-05-4245-01A-01-BS1_x7336y13944,7336,13944,7280,13888,112
TCGA-05-4245-01A-01-BS1_x7448y13944,7448,13944,7392,13888,112
TCGA-05-4245-01A-01-BS1_x7560y13944,7560,13944,7504,13888,112
TCGA-05-4245-01A-01-BS1_x7672y13944,7672,13944,7616,13888,112
TCGA-05-4245-01A-01-BS1_x7784y13944,7784,13944,7728,13888,112
TCGA-05-4245-01A-01-BS1_x8232y13944,8232,13944,8176,13888,112
TCGA-05-4245-01A-01-BS1_x8344y13944,8344,13944,8288,13888,112
TCGA-05-4245-01A-01-BS1_x8456y13944,8456,13944,8400,13888,112
TCGA-05-4245-01A-01-BS1_x8568y13944,8568,13944,8512,13888,112
TCGA-05-4245-01A-01-BS1_x8680y13944,8680,13944,8624,13888,112
TCGA-05-4245-01A-01-BS1_x8792y13944,8792,13944,8736,13888,112
TCGA-05-4245-01A-01-BS1_x8904y13944,8904,13944,8848,13888,112
TCGA-05-4245-01A-01-BS1_x10248y13944,10248,13944,10192,13888,112
TCGA-05-4245-01A-01-BS1_x10360y13944,10360,13944,10304,13888,112
TCGA-05-4245-01A-01-BS1_x10472y13944,10472,13944,10416,13888,112
TCGA-05-4245-01A-01-BS1_x10584y13944,10584,13944,10528,13888,112
TCGA-05-4245-01A-01-BS1_x10696y13944,10696,13944,10640,13888,112
TCGA-05-4245-01A-01-BS1_x10808y13944,10808,13944,10752,13888,112
TCGA-05-4245-01A-01-BS1_x10920y13944,10920,13944,10864,13888,112
TCGA-05-4245-01A-01-BS1_x11032y13944,11032,13944,10976,13888,112
TCGA-05-4245-01A-01-BS1_x11144y13944,11144,13944,11088,13888,112
TCGA-05-4245-01A-01-BS1_x11256y13944,11256,13944,11200,13888,112
TCGA-05-4245-01A-01-BS1_x11368y13944,11368,13944,11312,13888,112
TCGA-05-4245-01A-01-BS1_x11480y13944,11480,13944,11424,13888,112
TCGA-05-4245-01A-01-BS1_x11592y13944,11592,13944,11536,13888,112
TCGA-05-4245-01A-01-BS1_x11704y13944,11704,13944,11648,13888,112
TCGA-05-4245-01A-01-BS1_x11816y13944,11816,13944,11760,13888,112
TCGA-05-4245-01A-01-BS1_x4088y14056,4088,14056,4032,14000,112
TCGA-05-4245-01A-01-BS1_x4200y14056,4200,14056,4144,14000,112
TCGA-05-4245-01A-01-BS1_x4312y14056,4312,14056,4256,14000,112
TCGA-05-4245-01A-01-BS1_x4424y14056,4424,14056,4368,14000,112
TCGA-05-4245-01A-01-BS1_x4536y14056,4536,14056,4480,14000,112
TCGA-05-4245-01A-01-BS1_x4648y14056,4648,14056,4592,14000,112
TCGA-05-4245-01A-01-BS1_x4760y14056,4760,14056,4704,14000,112
TCGA-05-4245-01A-01-BS1_x4872y14056,4872,14056,4816,14000,112
TCGA-05-4245-01A-01-BS1_x4984y14056,4984,14056,4928,14000,112
TCGA-05-4245-01A-01-BS1_x5096y14056,5096,14056,5040,14000,112
TCGA-05-4245-01A-01-BS1_x5208y14056,5208,14056,5152,14000,112
TCGA-05-4245-01A-01-BS1_x5320y14056,5320,14056,5264,14000,112
TCGA-05-4245-01A-01-BS1_x5432y14056,5432,14056,5376,14000,112
TCGA-05-4245-01A-01-BS1_x5768y14056,5768,14056,5712,14000,112
TCGA-05-4245-01A-01-BS1_x5880y14056,5880,14056,5824,14000,112
TCGA-05-4245-01A-01-BS1_x6104y14056,6104,14056,6048,14000,112
TCGA-05-4245-01A-01-BS1_x6216y14056,6216,14056,6160,14000,112
TCGA-05-4245-01A-01-BS1_x6328y14056,6328,14056,6272,14000,112
TCGA-05-4245-01A-01-BS1_x6440y14056,6440,14056,6384,14000,112
TCGA-05-4245-01A-01-BS1_x6552y14056,6552,14056,6496,14000,112
TCGA-05-4245-01A-01-BS1_x6664y14056,6664,14056,6608,14000,112
TCGA-05-4245-01A-01-BS1_x6776y14056,6776,14056,6720,14000,112
TCGA-05-4245-01A-01-BS1_x6888y14056,6888,14056,6832,14000,112
TCGA-05-4245-01A-01-BS1_x7000y14056,7000,14056,6944,14000,112
TCGA-05-4245-01A-01-BS1_x7112y14056,7112,14056,7056,14000,112
TCGA-05-4245-01A-01-BS1_x7224y14056,7224,14056,7168,14000,112
TCGA-05-4245-01A-01-BS1_x7336y14056,7336,14056,7280,14000,112
TCGA-05-4245-01A-01-BS1_x7448y14056,7448,14056,7392,14000,112
TCGA-05-4245-01A-01-BS1_x7560y14056,7560,14056,7504,14000,112
TCGA-05-4245-01A-01-BS1_x7672y14056,7672,14056,7616,14000,112
TCGA-05-4245-01A-01-BS1_x7784y14056,7784,14056,7728,14000,112
TCGA-05-4245-01A-01-BS1_x8120y14056,8120,14056,8064,14000,112
TCGA-05-4245-01A-01-BS1_x8232y14056,8232,14056,8176,14000,112
TCGA-05-4245-01A-01-BS1_x8344y14056,8344,14056,8288,14000,112
TCGA-05-4245-01A-01-BS1_x8456y14056,8456,14056,8400,14000,112
TCGA-05-4245-01A-01-BS1_x8568y14056,8568,14056,8512,14000,112
TCGA-05-4245-01A-01-BS1_x8680y14056,8680,14056,8624,14000,112
TCGA-05-4245-01A-01-BS1_x8792y14056,8792,14056,8736,14000,112
TCGA-05-4245-01A-01-BS1_x8904y14056,8904,14056,8848,14000,112
TCGA-05-4245-01A-01-BS1_x10472y14056,10472,14056,10416,14000,112
TCGA-05-4245-01A-01-BS1_x10696y14056,10696,14056,10640,14000,112
TCGA-05-4245-01A-01-BS1_x10808y14056,10808,14056,10752,14000,112
TCGA-05-4245-01A-01-BS1_x10920y14056,10920,14056,10864,14000,112
TCGA-05-4245-01A-01-BS1_x11032y14056,11032,14056,10976,14000,112
TCGA-05-4245-01A-01-BS1_x11144y14056,11144,14056,11088,14000,112
TCGA-05-4245-01A-01-BS1_x11256y14056,11256,14056,11200,14000,112
TCGA-05-4245-01A-01-BS1_x11368y14056,11368,14056,11312,14000,112
TCGA-05-4245-01A-01-BS1_x11480y14056,11480,14056,11424,14000,112
TCGA-05-4245-01A-01-BS1_x11592y14056,11592,14056,11536,14000,112
TCGA-05-4245-01A-01-BS1_x11704y14056,11704,14056,11648,14000,112
TCGA-05-4245-01A-01-BS1_x11816y14056,11816,14056,11760,14000,112
TCGA-05-4245-01A-01-BS1_x4088y14168,4088,14168,4032,14112,112
TCGA-05-4245-01A-01-BS1_x4200y14168,4200,14168,4144,14112,112
TCGA-05-4245-01A-01-BS1_x4312y14168,4312,14168,4256,14112,112
TCGA-05-4245-01A-01-BS1_x4424y14168,4424,14168,4368,14112,112
TCGA-05-4245-01A-01-BS1_x4536y14168,4536,14168,4480,14112,112
TCGA-05-4245-01A-01-BS1_x4648y14168,4648,14168,4592,14112,112
TCGA-05-4245-01A-01-BS1_x4760y14168,4760,14168,4704,14112,112
TCGA-05-4245-01A-01-BS1_x4872y14168,4872,14168,4816,14112,112
TCGA-05-4245-01A-01-BS1_x4984y14168,4984,14168,4928,14112,112
TCGA-05-4245-01A-01-BS1_x5096y14168,5096,14168,5040,14112,112
TCGA-05-4245-01A-01-BS1_x5320y14168,5320,14168,5264,14112,112
TCGA-05-4245-01A-01-BS1_x5432y14168,5432,14168,5376,14112,112
TCGA-05-4245-01A-01-BS1_x5544y14168,5544,14168,5488,14112,112
TCGA-05-4245-01A-01-BS1_x5656y14168,5656,14168,5600,14112,112
TCGA-05-4245-01A-01-BS1_x5768y14168,5768,14168,5712,14112,112
TCGA-05-4245-01A-01-BS1_x5880y14168,5880,14168,5824,14112,112
TCGA-05-4245-01A-01-BS1_x5992y14168,5992,14168,5936,14112,112
TCGA-05-4245-01A-01-BS1_x6104y14168,6104,14168,6048,14112,112
TCGA-05-4245-01A-01-BS1_x6216y14168,6216,14168,6160,14112,112
TCGA-05-4245-01A-01-BS1_x6328y14168,6328,14168,6272,14112,112
TCGA-05-4245-01A-01-BS1_x6440y14168,6440,14168,6384,14112,112
TCGA-05-4245-01A-01-BS1_x6552y14168,6552,14168,6496,14112,112
TCGA-05-4245-01A-01-BS1_x6664y14168,6664,14168,6608,14112,112
TCGA-05-4245-01A-01-BS1_x6776y14168,6776,14168,6720,14112,112
TCGA-05-4245-01A-01-BS1_x6888y14168,6888,14168,6832,14112,112
TCGA-05-4245-01A-01-BS1_x7000y14168,7000,14168,6944,14112,112
TCGA-05-4245-01A-01-BS1_x7112y14168,7112,14168,7056,14112,112
TCGA-05-4245-01A-01-BS1_x7224y14168,7224,14168,7168,14112,112
TCGA-05-4245-01A-01-BS1_x7336y14168,7336,14168,7280,14112,112
TCGA-05-4245-01A-01-BS1_x7448y14168,7448,14168,7392,14112,112
TCGA-05-4245-01A-01-BS1_x7560y14168,7560,14168,7504,14112,112
TCGA-05-4245-01A-01-BS1_x7672y14168,7672,14168,7616,14112,112
TCGA-05-4245-01A-01-BS1_x7784y14168,7784,14168,7728,14112,112
TCGA-05-4245-01A-01-BS1_x7896y14168,7896,14168,7840,14112,112
TCGA-05-4245-01A-01-BS1_x8008y14168,8008,14168,7952,14112,112
TCGA-05-4245-01A-01-BS1_x8120y14168,8120,14168,8064,14112,112
TCGA-05-4245-01A-01-BS1_x8232y14168,8232,14168,8176,14112,112
TCGA-05-4245-01A-01-BS1_x8344y14168,8344,14168,8288,14112,112
TCGA-05-4245-01A-01-BS1_x8456y14168,8456,14168,8400,14112,112
TCGA-05-4245-01A-01-BS1_x8568y14168,8568,14168,8512,14112,112
TCGA-05-4245-01A-01-BS1_x8680y14168,8680,14168,8624,14112,112
TCGA-05-4245-01A-01-BS1_x8792y14168,8792,14168,8736,14112,112
TCGA-05-4245-01A-01-BS1_x10696y14168,10696,14168,10640,14112,112
TCGA-05-4245-01A-01-BS1_x10808y14168,10808,14168,10752,14112,112
TCGA-05-4245-01A-01-BS1_x10920y14168,10920,14168,10864,14112,112
TCGA-05-4245-01A-01-BS1_x11032y14168,11032,14168,10976,14112,112
TCGA-05-4245-01A-01-BS1_x11144y14168,11144,14168,11088,14112,112
TCGA-05-4245-01A-01-BS1_x11256y14168,11256,14168,11200,14112,112
TCGA-05-4245-01A-01-BS1_x11368y14168,11368,14168,11312,14112,112
TCGA-05-4245-01A-01-BS1_x11480y14168,11480,14168,11424,14112,112
TCGA-05-4245-01A-01-BS1_x11592y14168,11592,14168,11536,14112,112
TCGA-05-4245-01A-01-BS1_x11704y14168,11704,14168,11648,14112,112
TCGA-05-4245-01A-01-BS1_x4312y14280,4312,14280,4256,14224,112
TCGA-05-4245-01A-01-BS1_x4424y14280,4424,14280,4368,14224,112
TCGA-05-4245-01A-01-BS1_x4536y14280,4536,14280,4480,14224,112
TCGA-05-4245-01A-01-BS1_x4648y14280,4648,14280,4592,14224,112
TCGA-05-4245-01A-01-BS1_x4760y14280,4760,14280,4704,14224,112
TCGA-05-4245-01A-01-BS1_x4872y14280,4872,14280,4816,14224,112
TCGA-05-4245-01A-01-BS1_x4984y14280,4984,14280,4928,14224,112
TCGA-05-4245-01A-01-BS1_x5096y14280,5096,14280,5040,14224,112
TCGA-05-4245-01A-01-BS1_x5208y14280,5208,14280,5152,14224,112
TCGA-05-4245-01A-01-BS1_x5320y14280,5320,14280,5264,14224,112
TCGA-05-4245-01A-01-BS1_x5432y14280,5432,14280,5376,14224,112
TCGA-05-4245-01A-01-BS1_x5544y14280,5544,14280,5488,14224,112
TCGA-05-4245-01A-01-BS1_x5768y14280,5768,14280,5712,14224,112
TCGA-05-4245-01A-01-BS1_x5880y14280,5880,14280,5824,14224,112
TCGA-05-4245-01A-01-BS1_x5992y14280,5992,14280,5936,14224,112
TCGA-05-4245-01A-01-BS1_x6104y14280,6104,14280,6048,14224,112
TCGA-05-4245-01A-01-BS1_x6216y14280,6216,14280,6160,14224,112
TCGA-05-4245-01A-01-BS1_x6328y14280,6328,14280,6272,14224,112
TCGA-05-4245-01A-01-BS1_x6440y14280,6440,14280,6384,14224,112
TCGA-05-4245-01A-01-BS1_x6552y14280,6552,14280,6496,14224,112
TCGA-05-4245-01A-01-BS1_x6664y14280,6664,14280,6608,14224,112
TCGA-05-4245-01A-01-BS1_x6776y14280,6776,14280,6720,14224,112
TCGA-05-4245-01A-01-BS1_x6888y14280,6888,14280,6832,14224,112
TCGA-05-4245-01A-01-BS1_x7000y14280,7000,14280,6944,14224,112
TCGA-05-4245-01A-01-BS1_x7112y14280,7112,14280,7056,14224,112
TCGA-05-4245-01A-01-BS1_x7224y14280,7224,14280,7168,14224,112
TCGA-05-4245-01A-01-BS1_x7336y14280,7336,14280,7280,14224,112
TCGA-05-4245-01A-01-BS1_x7448y14280,7448,14280,7392,14224,112
TCGA-05-4245-01A-01-BS1_x7560y14280,7560,14280,7504,14224,112
TCGA-05-4245-01A-01-BS1_x7672y14280,7672,14280,7616,14224,112
TCGA-05-4245-01A-01-BS1_x7896y14280,7896,14280,7840,14224,112
TCGA-05-4245-01A-01-BS1_x8008y14280,8008,14280,7952,14224,112
TCGA-05-4245-01A-01-BS1_x8232y14280,8232,14280,8176,14224,112
TCGA-05-4245-01A-01-BS1_x8344y14280,8344,14280,8288,14224,112
TCGA-05-4245-01A-01-BS1_x8456y14280,8456,14280,8400,14224,112
TCGA-05-4245-01A-01-BS1_x8568y14280,8568,14280,8512,14224,112
TCGA-05-4245-01A-01-BS1_x8792y14280,8792,14280,8736,14224,112
TCGA-05-4245-01A-01-BS1_x9240y14280,9240,14280,9184,14224,112
TCGA-05-4245-01A-01-BS1_x9352y14280,9352,14280,9296,14224,112
TCGA-05-4245-01A-01-BS1_x9464y14280,9464,14280,9408,14224,112
TCGA-05-4245-01A-01-BS1_x9688y14280,9688,14280,9632,14224,112
TCGA-05-4245-01A-01-BS1_x10472y14280,10472,14280,10416,14224,112
TCGA-05-4245-01A-01-BS1_x10584y14280,10584,14280,10528,14224,112
TCGA-05-4245-01A-01-BS1_x10696y14280,10696,14280,10640,14224,112
TCGA-05-4245-01A-01-BS1_x10808y14280,10808,14280,10752,14224,112
TCGA-05-4245-01A-01-BS1_x10920y14280,10920,14280,10864,14224,112
TCGA-05-4245-01A-01-BS1_x11032y14280,11032,14280,10976,14224,112
TCGA-05-4245-01A-01-BS1_x11144y14280,11144,14280,11088,14224,112
TCGA-05-4245-01A-01-BS1_x11256y14280,11256,14280,11200,14224,112
TCGA-05-4245-01A-01-BS1_x11368y14280,11368,14280,11312,14224,112
TCGA-05-4245-01A-01-BS1_x11480y14280,11480,14280,11424,14224,112
TCGA-05-4245-01A-01-BS1_x11592y14280,11592,14280,11536,14224,112
TCGA-05-4245-01A-01-BS1_x4536y14392,4536,14392,4480,14336,112
TCGA-05-4245-01A-01-BS1_x4648y14392,4648,14392,4592,14336,112
TCGA-05-4245-01A-01-BS1_x4760y14392,4760,14392,4704,14336,112
TCGA-05-4245-01A-01-BS1_x4872y14392,4872,14392,4816,14336,112
TCGA-05-4245-01A-01-BS1_x4984y14392,4984,14392,4928,14336,112
TCGA-05-4245-01A-01-BS1_x5096y14392,5096,14392,5040,14336,112
TCGA-05-4245-01A-01-BS1_x5432y14392,5432,14392,5376,14336,112
TCGA-05-4245-01A-01-BS1_x5544y14392,5544,14392,5488,14336,112
TCGA-05-4245-01A-01-BS1_x5656y14392,5656,14392,5600,14336,112
TCGA-05-4245-01A-01-BS1_x5768y14392,5768,14392,5712,14336,112
TCGA-05-4245-01A-01-BS1_x5880y14392,5880,14392,5824,14336,112
TCGA-05-4245-01A-01-BS1_x5992y14392,5992,14392,5936,14336,112
TCGA-05-4245-01A-01-BS1_x6104y14392,6104,14392,6048,14336,112
TCGA-05-4245-01A-01-BS1_x6216y14392,6216,14392,6160,14336,112
TCGA-05-4245-01A-01-BS1_x6328y14392,6328,14392,6272,14336,112
TCGA-05-4245-01A-01-BS1_x6440y14392,6440,14392,6384,14336,112
TCGA-05-4245-01A-01-BS1_x6552y14392,6552,14392,6496,14336,112
TCGA-05-4245-01A-01-BS1_x6664y14392,6664,14392,6608,14336,112
TCGA-05-4245-01A-01-BS1_x6776y14392,6776,14392,6720,14336,112
TCGA-05-4245-01A-01-BS1_x6888y14392,6888,14392,6832,14336,112
TCGA-05-4245-01A-01-BS1_x7000y14392,7000,14392,6944,14336,112
TCGA-05-4245-01A-01-BS1_x7112y14392,7112,14392,7056,14336,112
TCGA-05-4245-01A-01-BS1_x7224y14392,7224,14392,7168,14336,112
TCGA-05-4245-01A-01-BS1_x7336y14392,7336,14392,7280,14336,112
TCGA-05-4245-01A-01-BS1_x7448y14392,7448,14392,7392,14336,112
TCGA-05-4245-01A-01-BS1_x7560y14392,7560,14392,7504,14336,112
TCGA-05-4245-01A-01-BS1_x7672y14392,7672,14392,7616,14336,112
TCGA-05-4245-01A-01-BS1_x7784y14392,7784,14392,7728,14336,112
TCGA-05-4245-01A-01-BS1_x7896y14392,7896,14392,7840,14336,112
TCGA-05-4245-01A-01-BS1_x8008y14392,8008,14392,7952,14336,112
TCGA-05-4245-01A-01-BS1_x8120y14392,8120,14392,8064,14336,112
TCGA-05-4245-01A-01-BS1_x8232y14392,8232,14392,8176,14336,112
TCGA-05-4245-01A-01-BS1_x8344y14392,8344,14392,8288,14336,112
TCGA-05-4245-01A-01-BS1_x8456y14392,8456,14392,8400,14336,112
TCGA-05-4245-01A-01-BS1_x8568y14392,8568,14392,8512,14336,112
TCGA-05-4245-01A-01-BS1_x8680y14392,8680,14392,8624,14336,112
TCGA-05-4245-01A-01-BS1_x8792y14392,8792,14392,8736,14336,112
TCGA-05-4245-01A-01-BS1_x9352y14392,9352,14392,9296,14336,112
TCGA-05-4245-01A-01-BS1_x9464y14392,9464,14392,9408,14336,112
TCGA-05-4245-01A-01-BS1_x9576y14392,9576,14392,9520,14336,112
TCGA-05-4245-01A-01-BS1_x9688y14392,9688,14392,9632,14336,112
TCGA-05-4245-01A-01-BS1_x9800y14392,9800,14392,9744,14336,112
TCGA-05-4245-01A-01-BS1_x10696y14392,10696,14392,10640,14336,112
TCGA-05-4245-01A-01-BS1_x10808y14392,10808,14392,10752,14336,112
TCGA-05-4245-01A-01-BS1_x10920y14392,10920,14392,10864,14336,112
TCGA-05-4245-01A-01-BS1_x11032y14392,11032,14392,10976,14336,112
TCGA-05-4245-01A-01-BS1_x11144y14392,11144,14392,11088,14336,112
TCGA-05-4245-01A-01-BS1_x11256y14392,11256,14392,11200,14336,112
TCGA-05-4245-01A-01-BS1_x11368y14392,11368,14392,11312,14336,112
TCGA-05-4245-01A-01-BS1_x11480y14392,11480,14392,11424,14336,112
TCGA-05-4245-01A-01-BS1_x11592y14392,11592,14392,11536,14336,112
TCGA-05-4245-01A-01-BS1_x4536y14504,4536,14504,4480,14448,112
TCGA-05-4245-01A-01-BS1_x4648y14504,4648,14504,4592,14448,112
TCGA-05-4245-01A-01-BS1_x4760y14504,4760,14504,4704,14448,112
TCGA-05-4245-01A-01-BS1_x4872y14504,4872,14504,4816,14448,112
TCGA-05-4245-01A-01-BS1_x4984y14504,4984,14504,4928,14448,112
TCGA-05-4245-01A-01-BS1_x5096y14504,5096,14504,5040,14448,112
TCGA-05-4245-01A-01-BS1_x5208y14504,5208,14504,5152,14448,112
TCGA-05-4245-01A-01-BS1_x5544y14504,5544,14504,5488,14448,112
TCGA-05-4245-01A-01-BS1_x5656y14504,5656,14504,5600,14448,112
TCGA-05-4245-01A-01-BS1_x5768y14504,5768,14504,5712,14448,112
TCGA-05-4245-01A-01-BS1_x5880y14504,5880,14504,5824,14448,112
TCGA-05-4245-01A-01-BS1_x5992y14504,5992,14504,5936,14448,112
TCGA-05-4245-01A-01-BS1_x6104y14504,6104,14504,6048,14448,112
TCGA-05-4245-01A-01-BS1_x6216y14504,6216,14504,6160,14448,112
TCGA-05-4245-01A-01-BS1_x6328y14504,6328,14504,6272,14448,112
TCGA-05-4245-01A-01-BS1_x6440y14504,6440,14504,6384,14448,112
TCGA-05-4245-01A-01-BS1_x6552y14504,6552,14504,6496,14448,112
TCGA-05-4245-01A-01-BS1_x6664y14504,6664,14504,6608,14448,112
TCGA-05-4245-01A-01-BS1_x6776y14504,6776,14504,6720,14448,112
TCGA-05-4245-01A-01-BS1_x6888y14504,6888,14504,6832,14448,112
TCGA-05-4245-01A-01-BS1_x7000y14504,7000,14504,6944,14448,112
TCGA-05-4245-01A-01-BS1_x7112y14504,7112,14504,7056,14448,112
TCGA-05-4245-01A-01-BS1_x7224y14504,7224,14504,7168,14448,112
TCGA-05-4245-01A-01-BS1_x7336y14504,7336,14504,7280,14448,112
TCGA-05-4245-01A-01-BS1_x7448y14504,7448,14504,7392,14448,112
TCGA-05-4245-01A-01-BS1_x7560y14504,7560,14504,7504,14448,112
TCGA-05-4245-01A-01-BS1_x7672y14504,7672,14504,7616,14448,112
TCGA-05-4245-01A-01-BS1_x7784y14504,7784,14504,7728,14448,112
TCGA-05-4245-01A-01-BS1_x7896y14504,7896,14504,7840,14448,112
TCGA-05-4245-01A-01-BS1_x8008y14504,8008,14504,7952,14448,112
TCGA-05-4245-01A-01-BS1_x8120y14504,8120,14504,8064,14448,112
TCGA-05-4245-01A-01-BS1_x8232y14504,8232,14504,8176,14448,112
TCGA-05-4245-01A-01-BS1_x8344y14504,8344,14504,8288,14448,112
TCGA-05-4245-01A-01-BS1_x8456y14504,8456,14504,8400,14448,112
TCGA-05-4245-01A-01-BS1_x8680y14504,8680,14504,8624,14448,112
TCGA-05-4245-01A-01-BS1_x8792y14504,8792,14504,8736,14448,112
TCGA-05-4245-01A-01-BS1_x8904y14504,8904,14504,8848,14448,112
TCGA-05-4245-01A-01-BS1_x9016y14504,9016,14504,8960,14448,112
TCGA-05-4245-01A-01-BS1_x9128y14504,9128,14504,9072,14448,112
TCGA-05-4245-01A-01-BS1_x9352y14504,9352,14504,9296,14448,112
TCGA-05-4245-01A-01-BS1_x9464y14504,9464,14504,9408,14448,112
TCGA-05-4245-01A-01-BS1_x9576y14504,9576,14504,9520,14448,112
TCGA-05-4245-01A-01-BS1_x9688y14504,9688,14504,9632,14448,112
TCGA-05-4245-01A-01-BS1_x9800y14504,9800,14504,9744,14448,112
TCGA-05-4245-01A-01-BS1_x9912y14504,9912,14504,9856,14448,112
TCGA-05-4245-01A-01-BS1_x10024y14504,10024,14504,9968,14448,112
TCGA-05-4245-01A-01-BS1_x10136y14504,10136,14504,10080,14448,112
TCGA-05-4245-01A-01-BS1_x10248y14504,10248,14504,10192,14448,112
TCGA-05-4245-01A-01-BS1_x10584y14504,10584,14504,10528,14448,112
TCGA-05-4245-01A-01-BS1_x10696y14504,10696,14504,10640,14448,112
TCGA-05-4245-01A-01-BS1_x10808y14504,10808,14504,10752,14448,112
TCGA-05-4245-01A-01-BS1_x10920y14504,10920,14504,10864,14448,112
TCGA-05-4245-01A-01-BS1_x11032y14504,11032,14504,10976,14448,112
TCGA-05-4245-01A-01-BS1_x11144y14504,11144,14504,11088,14448,112
TCGA-05-4245-01A-01-BS1_x11368y14504,11368,14504,11312,14448,112
TCGA-05-4245-01A-01-BS1_x11480y14504,11480,14504,11424,14448,112
TCGA-05-4245-01A-01-BS1_x11592y14504,11592,14504,11536,14448,112
TCGA-05-4245-01A-01-BS1_x11704y14504,11704,14504,11648,14448,112
TCGA-05-4245-01A-01-BS1_x4424y14616,4424,14616,4368,14560,112
TCGA-05-4245-01A-01-BS1_x4648y14616,4648,14616,4592,14560,112
TCGA-05-4245-01A-01-BS1_x4760y14616,4760,14616,4704,14560,112
TCGA-05-4245-01A-01-BS1_x4872y14616,4872,14616,4816,14560,112
TCGA-05-4245-01A-01-BS1_x4984y14616,4984,14616,4928,14560,112
TCGA-05-4245-01A-01-BS1_x5096y14616,5096,14616,5040,14560,112
TCGA-05-4245-01A-01-BS1_x5208y14616,5208,14616,5152,14560,112
TCGA-05-4245-01A-01-BS1_x5432y14616,5432,14616,5376,14560,112
TCGA-05-4245-01A-01-BS1_x5768y14616,5768,14616,5712,14560,112
TCGA-05-4245-01A-01-BS1_x5880y14616,5880,14616,5824,14560,112
TCGA-05-4245-01A-01-BS1_x5992y14616,5992,14616,5936,14560,112
TCGA-05-4245-01A-01-BS1_x6104y14616,6104,14616,6048,14560,112
TCGA-05-4245-01A-01-BS1_x6216y14616,6216,14616,6160,14560,112
TCGA-05-4245-01A-01-BS1_x6328y14616,6328,14616,6272,14560,112
TCGA-05-4245-01A-01-BS1_x6440y14616,6440,14616,6384,14560,112
TCGA-05-4245-01A-01-BS1_x6552y14616,6552,14616,6496,14560,112
TCGA-05-4245-01A-01-BS1_x6664y14616,6664,14616,6608,14560,112
TCGA-05-4245-01A-01-BS1_x6776y14616,6776,14616,6720,14560,112
TCGA-05-4245-01A-01-BS1_x6888y14616,6888,14616,6832,14560,112
TCGA-05-4245-01A-01-BS1_x7000y14616,7000,14616,6944,14560,112
TCGA-05-4245-01A-01-BS1_x7112y14616,7112,14616,7056,14560,112
TCGA-05-4245-01A-01-BS1_x7224y14616,7224,14616,7168,14560,112
TCGA-05-4245-01A-01-BS1_x7336y14616,7336,14616,7280,14560,112
TCGA-05-4245-01A-01-BS1_x7448y14616,7448,14616,7392,14560,112
TCGA-05-4245-01A-01-BS1_x7560y14616,7560,14616,7504,14560,112
TCGA-05-4245-01A-01-BS1_x7672y14616,7672,14616,7616,14560,112
TCGA-05-4245-01A-01-BS1_x7784y14616,7784,14616,7728,14560,112
TCGA-05-4245-01A-01-BS1_x7896y14616,7896,14616,7840,14560,112
TCGA-05-4245-01A-01-BS1_x8008y14616,8008,14616,7952,14560,112
TCGA-05-4245-01A-01-BS1_x8120y14616,8120,14616,8064,14560,112
TCGA-05-4245-01A-01-BS1_x8232y14616,8232,14616,8176,14560,112
TCGA-05-4245-01A-01-BS1_x8792y14616,8792,14616,8736,14560,112
TCGA-05-4245-01A-01-BS1_x8904y14616,8904,14616,8848,14560,112
TCGA-05-4245-01A-01-BS1_x9016y14616,9016,14616,8960,14560,112
TCGA-05-4245-01A-01-BS1_x9128y14616,9128,14616,9072,14560,112
TCGA-05-4245-01A-01-BS1_x9240y14616,9240,14616,9184,14560,112
TCGA-05-4245-01A-01-BS1_x9352y14616,9352,14616,9296,14560,112
TCGA-05-4245-01A-01-BS1_x9464y14616,9464,14616,9408,14560,112
TCGA-05-4245-01A-01-BS1_x9576y14616,9576,14616,9520,14560,112
TCGA-05-4245-01A-01-BS1_x9688y14616,9688,14616,9632,14560,112
TCGA-05-4245-01A-01-BS1_x9800y14616,9800,14616,9744,14560,112
TCGA-05-4245-01A-01-BS1_x9912y14616,9912,14616,9856,14560,112
TCGA-05-4245-01A-01-BS1_x10024y14616,10024,14616,9968,14560,112
TCGA-05-4245-01A-01-BS1_x10136y14616,10136,14616,10080,14560,112
TCGA-05-4245-01A-01-BS1_x10248y14616,10248,14616,10192,14560,112
TCGA-05-4245-01A-01-BS1_x10360y14616,10360,14616,10304,14560,112
TCGA-05-4245-01A-01-BS1_x10472y14616,10472,14616,10416,14560,112
TCGA-05-4245-01A-01-BS1_x10584y14616,10584,14616,10528,14560,112
TCGA-05-4245-01A-01-BS1_x10696y14616,10696,14616,10640,14560,112
TCGA-05-4245-01A-01-BS1_x10808y14616,10808,14616,10752,14560,112
TCGA-05-4245-01A-01-BS1_x10920y14616,10920,14616,10864,14560,112
TCGA-05-4245-01A-01-BS1_x11144y14616,11144,14616,11088,14560,112
TCGA-05-4245-01A-01-BS1_x11368y14616,11368,14616,11312,14560,112
TCGA-05-4245-01A-01-BS1_x11480y14616,11480,14616,11424,14560,112
TCGA-05-4245-01A-01-BS1_x11592y14616,11592,14616,11536,14560,112
TCGA-05-4245-01A-01-BS1_x11704y14616,11704,14616,11648,14560,112
TCGA-05-4245-01A-01-BS1_x4536y14728,4536,14728,4480,14672,112
TCGA-05-4245-01A-01-BS1_x4760y14728,4760,14728,4704,14672,112
TCGA-05-4245-01A-01-BS1_x4872y14728,4872,14728,4816,14672,112
TCGA-05-4245-01A-01-BS1_x4984y14728,4984,14728,4928,14672,112
TCGA-05-4245-01A-01-BS1_x5096y14728,5096,14728,5040,14672,112
TCGA-05-4245-01A-01-BS1_x5208y14728,5208,14728,5152,14672,112
TCGA-05-4245-01A-01-BS1_x5320y14728,5320,14728,5264,14672,112
TCGA-05-4245-01A-01-BS1_x5432y14728,5432,14728,5376,14672,112
TCGA-05-4245-01A-01-BS1_x5880y14728,5880,14728,5824,14672,112
TCGA-05-4245-01A-01-BS1_x6104y14728,6104,14728,6048,14672,112
TCGA-05-4245-01A-01-BS1_x6216y14728,6216,14728,6160,14672,112
TCGA-05-4245-01A-01-BS1_x6328y14728,6328,14728,6272,14672,112
TCGA-05-4245-01A-01-BS1_x6440y14728,6440,14728,6384,14672,112
TCGA-05-4245-01A-01-BS1_x6552y14728,6552,14728,6496,14672,112
TCGA-05-4245-01A-01-BS1_x6664y14728,6664,14728,6608,14672,112
TCGA-05-4245-01A-01-BS1_x6776y14728,6776,14728,6720,14672,112
TCGA-05-4245-01A-01-BS1_x6888y14728,6888,14728,6832,14672,112
TCGA-05-4245-01A-01-BS1_x7000y14728,7000,14728,6944,14672,112
TCGA-05-4245-01A-01-BS1_x7112y14728,7112,14728,7056,14672,112
TCGA-05-4245-01A-01-BS1_x7224y14728,7224,14728,7168,14672,112
TCGA-05-4245-01A-01-BS1_x7336y14728,7336,14728,7280,14672,112
TCGA-05-4245-01A-01-BS1_x7448y14728,7448,14728,7392,14672,112
TCGA-05-4245-01A-01-BS1_x7560y14728,7560,14728,7504,14672,112
TCGA-05-4245-01A-01-BS1_x7672y14728,7672,14728,7616,14672,112
TCGA-05-4245-01A-01-BS1_x7784y14728,7784,14728,7728,14672,112
TCGA-05-4245-01A-01-BS1_x7896y14728,7896,14728,7840,14672,112
TCGA-05-4245-01A-01-BS1_x8008y14728,8008,14728,7952,14672,112
TCGA-05-4245-01A-01-BS1_x8120y14728,8120,14728,8064,14672,112
TCGA-05-4245-01A-01-BS1_x8232y14728,8232,14728,8176,14672,112
TCGA-05-4245-01A-01-BS1_x8344y14728,8344,14728,8288,14672,112
TCGA-05-4245-01A-01-BS1_x8456y14728,8456,14728,8400,14672,112
TCGA-05-4245-01A-01-BS1_x8680y14728,8680,14728,8624,14672,112
TCGA-05-4245-01A-01-BS1_x8792y14728,8792,14728,8736,14672,112
TCGA-05-4245-01A-01-BS1_x8904y14728,8904,14728,8848,14672,112
TCGA-05-4245-01A-01-BS1_x9016y14728,9016,14728,8960,14672,112
TCGA-05-4245-01A-01-BS1_x9128y14728,9128,14728,9072,14672,112
TCGA-05-4245-01A-01-BS1_x10024y14728,10024,14728,9968,14672,112
TCGA-05-4245-01A-01-BS1_x10136y14728,10136,14728,10080,14672,112
TCGA-05-4245-01A-01-BS1_x10248y14728,10248,14728,10192,14672,112
TCGA-05-4245-01A-01-BS1_x10360y14728,10360,14728,10304,14672,112
TCGA-05-4245-01A-01-BS1_x10472y14728,10472,14728,10416,14672,112
TCGA-05-4245-01A-01-BS1_x10584y14728,10584,14728,10528,14672,112
TCGA-05-4245-01A-01-BS1_x10696y14728,10696,14728,10640,14672,112
TCGA-05-4245-01A-01-BS1_x10808y14728,10808,14728,10752,14672,112
TCGA-05-4245-01A-01-BS1_x11032y14728,11032,14728,10976,14672,112
TCGA-05-4245-01A-01-BS1_x11368y14728,11368,14728,11312,14672,112
TCGA-05-4245-01A-01-BS1_x11480y14728,11480,14728,11424,14672,112
TCGA-05-4245-01A-01-BS1_x11592y14728,11592,14728,11536,14672,112
TCGA-05-4245-01A-01-BS1_x11704y14728,11704,14728,11648,14672,112
TCGA-05-4245-01A-01-BS1_x4760y14840,4760,14840,4704,14784,112
TCGA-05-4245-01A-01-BS1_x4872y14840,4872,14840,4816,14784,112
TCGA-05-4245-01A-01-BS1_x4984y14840,4984,14840,4928,14784,112
TCGA-05-4245-01A-01-BS1_x5096y14840,5096,14840,5040,14784,112
TCGA-05-4245-01A-01-BS1_x5208y14840,5208,14840,5152,14784,112
TCGA-05-4245-01A-01-BS1_x5320y14840,5320,14840,5264,14784,112
TCGA-05-4245-01A-01-BS1_x5432y14840,5432,14840,5376,14784,112
TCGA-05-4245-01A-01-BS1_x5880y14840,5880,14840,5824,14784,112
TCGA-05-4245-01A-01-BS1_x5992y14840,5992,14840,5936,14784,112
TCGA-05-4245-01A-01-BS1_x6104y14840,6104,14840,6048,14784,112
TCGA-05-4245-01A-01-BS1_x6216y14840,6216,14840,6160,14784,112
TCGA-05-4245-01A-01-BS1_x6328y14840,6328,14840,6272,14784,112
TCGA-05-4245-01A-01-BS1_x6440y14840,6440,14840,6384,14784,112
TCGA-05-4245-01A-01-BS1_x6552y14840,6552,14840,6496,14784,112
TCGA-05-4245-01A-01-BS1_x6664y14840,6664,14840,6608,14784,112
TCGA-05-4245-01A-01-BS1_x6776y14840,6776,14840,6720,14784,112
TCGA-05-4245-01A-01-BS1_x6888y14840,6888,14840,6832,14784,112
TCGA-05-4245-01A-01-BS1_x7000y14840,7000,14840,6944,14784,112
TCGA-05-4245-01A-01-BS1_x7112y14840,7112,14840,7056,14784,112
TCGA-05-4245-01A-01-BS1_x7224y14840,7224,14840,7168,14784,112
TCGA-05-4245-01A-01-BS1_x7336y14840,7336,14840,7280,14784,112
TCGA-05-4245-01A-01-BS1_x7448y14840,7448,14840,7392,14784,112
TCGA-05-4245-01A-01-BS1_x7560y14840,7560,14840,7504,14784,112
TCGA-05-4245-01A-01-BS1_x7672y14840,7672,14840,7616,14784,112
TCGA-05-4245-01A-01-BS1_x7784y14840,7784,14840,7728,14784,112
TCGA-05-4245-01A-01-BS1_x7896y14840,7896,14840,7840,14784,112
TCGA-05-4245-01A-01-BS1_x8008y14840,8008,14840,7952,14784,112
TCGA-05-4245-01A-01-BS1_x8120y14840,8120,14840,8064,14784,112
TCGA-05-4245-01A-01-BS1_x8232y14840,8232,14840,8176,14784,112
TCGA-05-4245-01A-01-BS1_x8344y14840,8344,14840,8288,14784,112
TCGA-05-4245-01A-01-BS1_x8456y14840,8456,14840,8400,14784,112
TCGA-05-4245-01A-01-BS1_x8568y14840,8568,14840,8512,14784,112
TCGA-05-4245-01A-01-BS1_x8680y14840,8680,14840,8624,14784,112
TCGA-05-4245-01A-01-BS1_x8792y14840,8792,14840,8736,14784,112
TCGA-05-4245-01A-01-BS1_x8904y14840,8904,14840,8848,14784,112
TCGA-05-4245-01A-01-BS1_x10248y14840,10248,14840,10192,14784,112
TCGA-05-4245-01A-01-BS1_x10360y14840,10360,14840,10304,14784,112
TCGA-05-4245-01A-01-BS1_x10472y14840,10472,14840,10416,14784,112
TCGA-05-4245-01A-01-BS1_x10584y14840,10584,14840,10528,14784,112
TCGA-05-4245-01A-01-BS1_x10696y14840,10696,14840,10640,14784,112
TCGA-05-4245-01A-01-BS1_x10808y14840,10808,14840,10752,14784,112
TCGA-05-4245-01A-01-BS1_x10920y14840,10920,14840,10864,14784,112
TCGA-05-4245-01A-01-BS1_x11032y14840,11032,14840,10976,14784,112
TCGA-05-4245-01A-01-BS1_x11368y14840,11368,14840,11312,14784,112
TCGA-05-4245-01A-01-BS1_x4760y14952,4760,14952,4704,14896,112
TCGA-05-4245-01A-01-BS1_x4872y14952,4872,14952,4816,14896,112
TCGA-05-4245-01A-01-BS1_x4984y14952,4984,14952,4928,14896,112
TCGA-05-4245-01A-01-BS1_x5096y14952,5096,14952,5040,14896,112
TCGA-05-4245-01A-01-BS1_x5208y14952,5208,14952,5152,14896,112
TCGA-05-4245-01A-01-BS1_x5320y14952,5320,14952,5264,14896,112
TCGA-05-4245-01A-01-BS1_x5432y14952,5432,14952,5376,14896,112
TCGA-05-4245-01A-01-BS1_x5544y14952,5544,14952,5488,14896,112
TCGA-05-4245-01A-01-BS1_x5768y14952,5768,14952,5712,14896,112
TCGA-05-4245-01A-01-BS1_x5880y14952,5880,14952,5824,14896,112
TCGA-05-4245-01A-01-BS1_x5992y14952,5992,14952,5936,14896,112
TCGA-05-4245-01A-01-BS1_x6104y14952,6104,14952,6048,14896,112
TCGA-05-4245-01A-01-BS1_x6216y14952,6216,14952,6160,14896,112
TCGA-05-4245-01A-01-BS1_x6328y14952,6328,14952,6272,14896,112
TCGA-05-4245-01A-01-BS1_x6440y14952,6440,14952,6384,14896,112
TCGA-05-4245-01A-01-BS1_x6552y14952,6552,14952,6496,14896,112
TCGA-05-4245-01A-01-BS1_x6664y14952,6664,14952,6608,14896,112
TCGA-05-4245-01A-01-BS1_x6776y14952,6776,14952,6720,14896,112
TCGA-05-4245-01A-01-BS1_x6888y14952,6888,14952,6832,14896,112
TCGA-05-4245-01A-01-BS1_x7000y14952,7000,14952,6944,14896,112
TCGA-05-4245-01A-01-BS1_x7112y14952,7112,14952,7056,14896,112
TCGA-05-4245-01A-01-BS1_x7224y14952,7224,14952,7168,14896,112
TCGA-05-4245-01A-01-BS1_x7336y14952,7336,14952,7280,14896,112
TCGA-05-4245-01A-01-BS1_x7448y14952,7448,14952,7392,14896,112
TCGA-05-4245-01A-01-BS1_x7560y14952,7560,14952,7504,14896,112
TCGA-05-4245-01A-01-BS1_x7672y14952,7672,14952,7616,14896,112
TCGA-05-4245-01A-01-BS1_x7784y14952,7784,14952,7728,14896,112
TCGA-05-4245-01A-01-BS1_x7896y14952,7896,14952,7840,14896,112
TCGA-05-4245-01A-01-BS1_x8008y14952,8008,14952,7952,14896,112
TCGA-05-4245-01A-01-BS1_x8120y14952,8120,14952,8064,14896,112
TCGA-05-4245-01A-01-BS1_x8232y14952,8232,14952,8176,14896,112
TCGA-05-4245-01A-01-BS1_x8344y14952,8344,14952,8288,14896,112
TCGA-05-4245-01A-01-BS1_x8456y14952,8456,14952,8400,14896,112
TCGA-05-4245-01A-01-BS1_x8568y14952,8568,14952,8512,14896,112
TCGA-05-4245-01A-01-BS1_x8680y14952,8680,14952,8624,14896,112
TCGA-05-4245-01A-01-BS1_x8792y14952,8792,14952,8736,14896,112
TCGA-05-4245-01A-01-BS1_x10472y14952,10472,14952,10416,14896,112
TCGA-05-4245-01A-01-BS1_x10696y14952,10696,14952,10640,14896,112
TCGA-05-4245-01A-01-BS1_x10808y14952,10808,14952,10752,14896,112
TCGA-05-4245-01A-01-BS1_x10920y14952,10920,14952,10864,14896,112
TCGA-05-4245-01A-01-BS1_x11032y14952,11032,14952,10976,14896,112
TCGA-05-4245-01A-01-BS1_x11144y14952,11144,14952,11088,14896,112
TCGA-05-4245-01A-01-BS1_x4872y15064,4872,15064,4816,15008,112
TCGA-05-4245-01A-01-BS1_x4984y15064,4984,15064,4928,15008,112
TCGA-05-4245-01A-01-BS1_x5096y15064,5096,15064,5040,15008,112
TCGA-05-4245-01A-01-BS1_x5208y15064,5208,15064,5152,15008,112
TCGA-05-4245-01A-01-BS1_x5544y15064,5544,15064,5488,15008,112
TCGA-05-4245-01A-01-BS1_x5768y15064,5768,15064,5712,15008,112
TCGA-05-4245-01A-01-BS1_x5880y15064,5880,15064,5824,15008,112
TCGA-05-4245-01A-01-BS1_x6104y15064,6104,15064,6048,15008,112
TCGA-05-4245-01A-01-BS1_x6216y15064,6216,15064,6160,15008,112
TCGA-05-4245-01A-01-BS1_x6328y15064,6328,15064,6272,15008,112
TCGA-05-4245-01A-01-BS1_x6440y15064,6440,15064,6384,15008,112
TCGA-05-4245-01A-01-BS1_x6552y15064,6552,15064,6496,15008,112
TCGA-05-4245-01A-01-BS1_x6664y15064,6664,15064,6608,15008,112
TCGA-05-4245-01A-01-BS1_x6776y15064,6776,15064,6720,15008,112
TCGA-05-4245-01A-01-BS1_x6888y15064,6888,15064,6832,15008,112
TCGA-05-4245-01A-01-BS1_x7000y15064,7000,15064,6944,15008,112
TCGA-05-4245-01A-01-BS1_x7112y15064,7112,15064,7056,15008,112
TCGA-05-4245-01A-01-BS1_x7224y15064,7224,15064,7168,15008,112
TCGA-05-4245-01A-01-BS1_x7336y15064,7336,15064,7280,15008,112
TCGA-05-4245-01A-01-BS1_x7448y15064,7448,15064,7392,15008,112
TCGA-05-4245-01A-01-BS1_x7560y15064,7560,15064,7504,15008,112
TCGA-05-4245-01A-01-BS1_x7672y15064,7672,15064,7616,15008,112
TCGA-05-4245-01A-01-BS1_x7784y15064,7784,15064,7728,15008,112
TCGA-05-4245-01A-01-BS1_x7896y15064,7896,15064,7840,15008,112
TCGA-05-4245-01A-01-BS1_x8008y15064,8008,15064,7952,15008,112
TCGA-05-4245-01A-01-BS1_x8120y15064,8120,15064,8064,15008,112
TCGA-05-4245-01A-01-BS1_x8232y15064,8232,15064,8176,15008,112
TCGA-05-4245-01A-01-BS1_x8680y15064,8680,15064,8624,15008,112
TCGA-05-4245-01A-01-BS1_x8792y15064,8792,15064,8736,15008,112
TCGA-05-4245-01A-01-BS1_x8904y15064,8904,15064,8848,15008,112
TCGA-05-4245-01A-01-BS1_x10584y15064,10584,15064,10528,15008,112
TCGA-05-4245-01A-01-BS1_x10696y15064,10696,15064,10640,15008,112
TCGA-05-4245-01A-01-BS1_x10808y15064,10808,15064,10752,15008,112
TCGA-05-4245-01A-01-BS1_x10920y15064,10920,15064,10864,15008,112
TCGA-05-4245-01A-01-BS1_x11032y15064,11032,15064,10976,15008,112
TCGA-05-4245-01A-01-BS1_x11144y15064,11144,15064,11088,15008,112
TCGA-05-4245-01A-01-BS1_x4872y15176,4872,15176,4816,15120,112
TCGA-05-4245-01A-01-BS1_x5096y15176,5096,15176,5040,15120,112
TCGA-05-4245-01A-01-BS1_x5320y15176,5320,15176,5264,15120,112
TCGA-05-4245-01A-01-BS1_x5432y15176,5432,15176,5376,15120,112
TCGA-05-4245-01A-01-BS1_x5544y15176,5544,15176,5488,15120,112
TCGA-05-4245-01A-01-BS1_x5656y15176,5656,15176,5600,15120,112
TCGA-05-4245-01A-01-BS1_x5768y15176,5768,15176,5712,15120,112
TCGA-05-4245-01A-01-BS1_x5880y15176,5880,15176,5824,15120,112
TCGA-05-4245-01A-01-BS1_x5992y15176,5992,15176,5936,15120,112
TCGA-05-4245-01A-01-BS1_x6104y15176,6104,15176,6048,15120,112
TCGA-05-4245-01A-01-BS1_x6216y15176,6216,15176,6160,15120,112
TCGA-05-4245-01A-01-BS1_x6328y15176,6328,15176,6272,15120,112
TCGA-05-4245-01A-01-BS1_x6440y15176,6440,15176,6384,15120,112
TCGA-05-4245-01A-01-BS1_x6552y15176,6552,15176,6496,15120,112
TCGA-05-4245-01A-01-BS1_x6664y15176,6664,15176,6608,15120,112
TCGA-05-4245-01A-01-BS1_x6776y15176,6776,15176,6720,15120,112
TCGA-05-4245-01A-01-BS1_x6888y15176,6888,15176,6832,15120,112
TCGA-05-4245-01A-01-BS1_x7000y15176,7000,15176,6944,15120,112
TCGA-05-4245-01A-01-BS1_x7112y15176,7112,15176,7056,15120,112
TCGA-05-4245-01A-01-BS1_x7224y15176,7224,15176,7168,15120,112
TCGA-05-4245-01A-01-BS1_x7336y15176,7336,15176,7280,15120,112
TCGA-05-4245-01A-01-BS1_x7448y15176,7448,15176,7392,15120,112
TCGA-05-4245-01A-01-BS1_x7560y15176,7560,15176,7504,15120,112
TCGA-05-4245-01A-01-BS1_x7672y15176,7672,15176,7616,15120,112
TCGA-05-4245-01A-01-BS1_x7784y15176,7784,15176,7728,15120,112
TCGA-05-4245-01A-01-BS1_x7896y15176,7896,15176,7840,15120,112
TCGA-05-4245-01A-01-BS1_x8008y15176,8008,15176,7952,15120,112
TCGA-05-4245-01A-01-BS1_x8904y15176,8904,15176,8848,15120,112
TCGA-05-4245-01A-01-BS1_x9016y15176,9016,15176,8960,15120,112
TCGA-05-4245-01A-01-BS1_x10472y15176,10472,15176,10416,15120,112
TCGA-05-4245-01A-01-BS1_x10584y15176,10584,15176,10528,15120,112
TCGA-05-4245-01A-01-BS1_x10696y15176,10696,15176,10640,15120,112
TCGA-05-4245-01A-01-BS1_x10808y15176,10808,15176,10752,15120,112
TCGA-05-4245-01A-01-BS1_x10920y15176,10920,15176,10864,15120,112
TCGA-05-4245-01A-01-BS1_x11032y15176,11032,15176,10976,15120,112
TCGA-05-4245-01A-01-BS1_x11144y15176,11144,15176,11088,15120,112
TCGA-05-4245-01A-01-BS1_x4984y15288,4984,15288,4928,15232,112
TCGA-05-4245-01A-01-BS1_x5096y15288,5096,15288,5040,15232,112
TCGA-05-4245-01A-01-BS1_x5208y15288,5208,15288,5152,15232,112
TCGA-05-4245-01A-01-BS1_x5320y15288,5320,15288,5264,15232,112
TCGA-05-4245-01A-01-BS1_x5544y15288,5544,15288,5488,15232,112
TCGA-05-4245-01A-01-BS1_x5656y15288,5656,15288,5600,15232,112
TCGA-05-4245-01A-01-BS1_x5880y15288,5880,15288,5824,15232,112
TCGA-05-4245-01A-01-BS1_x5992y15288,5992,15288,5936,15232,112
TCGA-05-4245-01A-01-BS1_x6216y15288,6216,15288,6160,15232,112
TCGA-05-4245-01A-01-BS1_x6328y15288,6328,15288,6272,15232,112
TCGA-05-4245-01A-01-BS1_x6440y15288,6440,15288,6384,15232,112
TCGA-05-4245-01A-01-BS1_x6552y15288,6552,15288,6496,15232,112
TCGA-05-4245-01A-01-BS1_x6664y15288,6664,15288,6608,15232,112
TCGA-05-4245-01A-01-BS1_x6776y15288,6776,15288,6720,15232,112
TCGA-05-4245-01A-01-BS1_x6888y15288,6888,15288,6832,15232,112
TCGA-05-4245-01A-01-BS1_x7000y15288,7000,15288,6944,15232,112
TCGA-05-4245-01A-01-BS1_x7112y15288,7112,15288,7056,15232,112
TCGA-05-4245-01A-01-BS1_x7224y15288,7224,15288,7168,15232,112
TCGA-05-4245-01A-01-BS1_x7336y15288,7336,15288,7280,15232,112
TCGA-05-4245-01A-01-BS1_x7448y15288,7448,15288,7392,15232,112
TCGA-05-4245-01A-01-BS1_x7560y15288,7560,15288,7504,15232,112
TCGA-05-4245-01A-01-BS1_x7672y15288,7672,15288,7616,15232,112
TCGA-05-4245-01A-01-BS1_x7784y15288,7784,15288,7728,15232,112
TCGA-05-4245-01A-01-BS1_x7896y15288,7896,15288,7840,15232,112
TCGA-05-4245-01A-01-BS1_x8904y15288,8904,15288,8848,15232,112
TCGA-05-4245-01A-01-BS1_x9016y15288,9016,15288,8960,15232,112
TCGA-05-4245-01A-01-BS1_x9128y15288,9128,15288,9072,15232,112
TCGA-05-4245-01A-01-BS1_x9240y15288,9240,15288,9184,15232,112
TCGA-05-4245-01A-01-BS1_x9352y15288,9352,15288,9296,15232,112
TCGA-05-4245-01A-01-BS1_x10360y15288,10360,15288,10304,15232,112
TCGA-05-4245-01A-01-BS1_x10472y15288,10472,15288,10416,15232,112
TCGA-05-4245-01A-01-BS1_x10584y15288,10584,15288,10528,15232,112
TCGA-05-4245-01A-01-BS1_x10808y15288,10808,15288,10752,15232,112
TCGA-05-4245-01A-01-BS1_x10920y15288,10920,15288,10864,15232,112
TCGA-05-4245-01A-01-BS1_x11032y15288,11032,15288,10976,15232,112
TCGA-05-4245-01A-01-BS1_x11144y15288,11144,15288,11088,15232,112
TCGA-05-4245-01A-01-BS1_x11256y15288,11256,15288,11200,15232,112
TCGA-05-4245-01A-01-BS1_x4984y15400,4984,15400,4928,15344,112
TCGA-05-4245-01A-01-BS1_x5096y15400,5096,15400,5040,15344,112
TCGA-05-4245-01A-01-BS1_x5208y15400,5208,15400,5152,15344,112
TCGA-05-4245-01A-01-BS1_x5544y15400,5544,15400,5488,15344,112
TCGA-05-4245-01A-01-BS1_x5656y15400,5656,15400,5600,15344,112
TCGA-05-4245-01A-01-BS1_x5768y15400,5768,15400,5712,15344,112
TCGA-05-4245-01A-01-BS1_x5880y15400,5880,15400,5824,15344,112
TCGA-05-4245-01A-01-BS1_x5992y15400,5992,15400,5936,15344,112
TCGA-05-4245-01A-01-BS1_x6216y15400,6216,15400,6160,15344,112
TCGA-05-4245-01A-01-BS1_x6328y15400,6328,15400,6272,15344,112
TCGA-05-4245-01A-01-BS1_x6440y15400,6440,15400,6384,15344,112
TCGA-05-4245-01A-01-BS1_x6552y15400,6552,15400,6496,15344,112
TCGA-05-4245-01A-01-BS1_x6664y15400,6664,15400,6608,15344,112
TCGA-05-4245-01A-01-BS1_x6776y15400,6776,15400,6720,15344,112
TCGA-05-4245-01A-01-BS1_x6888y15400,6888,15400,6832,15344,112
TCGA-05-4245-01A-01-BS1_x7000y15400,7000,15400,6944,15344,112
TCGA-05-4245-01A-01-BS1_x7112y15400,7112,15400,7056,15344,112
TCGA-05-4245-01A-01-BS1_x7224y15400,7224,15400,7168,15344,112
TCGA-05-4245-01A-01-BS1_x7336y15400,7336,15400,7280,15344,112
TCGA-05-4245-01A-01-BS1_x7448y15400,7448,15400,7392,15344,112
TCGA-05-4245-01A-01-BS1_x7560y15400,7560,15400,7504,15344,112
TCGA-05-4245-01A-01-BS1_x7672y15400,7672,15400,7616,15344,112
TCGA-05-4245-01A-01-BS1_x7784y15400,7784,15400,7728,15344,112
TCGA-05-4245-01A-01-BS1_x9016y15400,9016,15400,8960,15344,112
TCGA-05-4245-01A-01-BS1_x9128y15400,9128,15400,9072,15344,112
TCGA-05-4245-01A-01-BS1_x9240y15400,9240,15400,9184,15344,112
TCGA-05-4245-01A-01-BS1_x9352y15400,9352,15400,9296,15344,112
TCGA-05-4245-01A-01-BS1_x10248y15400,10248,15400,10192,15344,112
TCGA-05-4245-01A-01-BS1_x10360y15400,10360,15400,10304,15344,112
TCGA-05-4245-01A-01-BS1_x10472y15400,10472,15400,10416,15344,112
TCGA-05-4245-01A-01-BS1_x10584y15400,10584,15400,10528,15344,112
TCGA-05-4245-01A-01-BS1_x10696y15400,10696,15400,10640,15344,112
TCGA-05-4245-01A-01-BS1_x10808y15400,10808,15400,10752,15344,112
TCGA-05-4245-01A-01-BS1_x10920y15400,10920,15400,10864,15344,112
TCGA-05-4245-01A-01-BS1_x11032y15400,11032,15400,10976,15344,112
TCGA-05-4245-01A-01-BS1_x11144y15400,11144,15400,11088,15344,112
TCGA-05-4245-01A-01-BS1_x5208y15512,5208,15512,5152,15456,112
TCGA-05-4245-01A-01-BS1_x5320y15512,5320,15512,5264,15456,112
TCGA-05-4245-01A-01-BS1_x5432y15512,5432,15512,5376,15456,112
TCGA-05-4245-01A-01-BS1_x5544y15512,5544,15512,5488,15456,112
TCGA-05-4245-01A-01-BS1_x5656y15512,5656,15512,5600,15456,112
TCGA-05-4245-01A-01-BS1_x5768y15512,5768,15512,5712,15456,112
TCGA-05-4245-01A-01-BS1_x5880y15512,5880,15512,5824,15456,112
TCGA-05-4245-01A-01-BS1_x5992y15512,5992,15512,5936,15456,112
TCGA-05-4245-01A-01-BS1_x6216y15512,6216,15512,6160,15456,112
TCGA-05-4245-01A-01-BS1_x6328y15512,6328,15512,6272,15456,112
TCGA-05-4245-01A-01-BS1_x6440y15512,6440,15512,6384,15456,112
TCGA-05-4245-01A-01-BS1_x6552y15512,6552,15512,6496,15456,112
TCGA-05-4245-01A-01-BS1_x6664y15512,6664,15512,6608,15456,112
TCGA-05-4245-01A-01-BS1_x6776y15512,6776,15512,6720,15456,112
TCGA-05-4245-01A-01-BS1_x6888y15512,6888,15512,6832,15456,112
TCGA-05-4245-01A-01-BS1_x7000y15512,7000,15512,6944,15456,112
TCGA-05-4245-01A-01-BS1_x7112y15512,7112,15512,7056,15456,112
TCGA-05-4245-01A-01-BS1_x7224y15512,7224,15512,7168,15456,112
TCGA-05-4245-01A-01-BS1_x9128y15512,9128,15512,9072,15456,112
TCGA-05-4245-01A-01-BS1_x9240y15512,9240,15512,9184,15456,112
TCGA-05-4245-01A-01-BS1_x9352y15512,9352,15512,9296,15456,112
TCGA-05-4245-01A-01-BS1_x10136y15512,10136,15512,10080,15456,112
TCGA-05-4245-01A-01-BS1_x10248y15512,10248,15512,10192,15456,112
TCGA-05-4245-01A-01-BS1_x10360y15512,10360,15512,10304,15456,112
TCGA-05-4245-01A-01-BS1_x10472y15512,10472,15512,10416,15456,112
TCGA-05-4245-01A-01-BS1_x10584y15512,10584,15512,10528,15456,112
TCGA-05-4245-01A-01-BS1_x10696y15512,10696,15512,10640,15456,112
TCGA-05-4245-01A-01-BS1_x10808y15512,10808,15512,10752,15456,112
TCGA-05-4245-01A-01-BS1_x5208y15624,5208,15624,5152,15568,112
TCGA-05-4245-01A-01-BS1_x5768y15624,5768,15624,5712,15568,112
TCGA-05-4245-01A-01-BS1_x5880y15624,5880,15624,5824,15568,112
TCGA-05-4245-01A-01-BS1_x5992y15624,5992,15624,5936,15568,112
TCGA-05-4245-01A-01-BS1_x6104y15624,6104,15624,6048,15568,112
TCGA-05-4245-01A-01-BS1_x6216y15624,6216,15624,6160,15568,112
TCGA-05-4245-01A-01-BS1_x6328y15624,6328,15624,6272,15568,112
TCGA-05-4245-01A-01-BS1_x6440y15624,6440,15624,6384,15568,112
TCGA-05-4245-01A-01-BS1_x6552y15624,6552,15624,6496,15568,112
TCGA-05-4245-01A-01-BS1_x9240y15624,9240,15624,9184,15568,112
TCGA-05-4245-01A-01-BS1_x9912y15624,9912,15624,9856,15568,112
TCGA-05-4245-01A-01-BS1_x10024y15624,10024,15624,9968,15568,112
TCGA-05-4245-01A-01-BS1_x10136y15624,10136,15624,10080,15568,112
TCGA-05-4245-01A-01-BS1_x10248y15624,10248,15624,10192,15568,112
TCGA-05-4245-01A-01-BS1_x10360y15624,10360,15624,10304,15568,112
TCGA-05-4245-01A-01-BS1_x10472y15624,10472,15624,10416,15568,112
TCGA-05-4245-01A-01-BS1_x10584y15624,10584,15624,10528,15568,112
TCGA-05-4245-01A-01-BS1_x10696y15624,10696,15624,10640,15568,112
TCGA-05-4245-01A-01-BS1_x10808y15624,10808,15624,10752,15568,112
TCGA-05-4245-01A-01-BS1_x5880y15736,5880,15736,5824,15680,112
TCGA-05-4245-01A-01-BS1_x6104y15736,6104,15736,6048,15680,112
TCGA-05-4245-01A-01-BS1_x6216y15736,6216,15736,6160,15680,112
TCGA-05-4245-01A-01-BS1_x6328y15736,6328,15736,6272,15680,112
TCGA-05-4245-01A-01-BS1_x6440y15736,6440,15736,6384,15680,112
TCGA-05-4245-01A-01-BS1_x6552y15736,6552,15736,6496,15680,112
TCGA-05-4245-01A-01-BS1_x9352y15736,9352,15736,9296,15680,112
TCGA-05-4245-01A-01-BS1_x9464y15736,9464,15736,9408,15680,112
TCGA-05-4245-01A-01-BS1_x9800y15736,9800,15736,9744,15680,112
TCGA-05-4245-01A-01-BS1_x9912y15736,9912,15736,9856,15680,112
TCGA-05-4245-01A-01-BS1_x10024y15736,10024,15736,9968,15680,112
TCGA-05-4245-01A-01-BS1_x10136y15736,10136,15736,10080,15680,112
TCGA-05-4245-01A-01-BS1_x10248y15736,10248,15736,10192,15680,112
TCGA-05-4245-01A-01-BS1_x10360y15736,10360,15736,10304,15680,112
TCGA-05-4245-01A-01-BS1_x10472y15736,10472,15736,10416,15680,112
TCGA-05-4245-01A-01-BS1_x10584y15736,10584,15736,10528,15680,112
TCGA-05-4245-01A-01-BS1_x10696y15736,10696,15736,10640,15680,112
TCGA-05-4245-01A-01-BS1_x10808y15736,10808,15736,10752,15680,112
TCGA-05-4245-01A-01-BS1_x10920y15736,10920,15736,10864,15680,112
TCGA-05-4245-01A-01-BS1_x5880y15848,5880,15848,5824,15792,112
TCGA-05-4245-01A-01-BS1_x5992y15848,5992,15848,5936,15792,112
TCGA-05-4245-01A-01-BS1_x6104y15848,6104,15848,6048,15792,112
TCGA-05-4245-01A-01-BS1_x6216y15848,6216,15848,6160,15792,112
TCGA-05-4245-01A-01-BS1_x6328y15848,6328,15848,6272,15792,112
TCGA-05-4245-01A-01-BS1_x6552y15848,6552,15848,6496,15792,112
TCGA-05-4245-01A-01-BS1_x6664y15848,6664,15848,6608,15792,112
TCGA-05-4245-01A-01-BS1_x8792y15848,8792,15848,8736,15792,112
TCGA-05-4245-01A-01-BS1_x8904y15848,8904,15848,8848,15792,112
TCGA-05-4245-01A-01-BS1_x9016y15848,9016,15848,8960,15792,112
TCGA-05-4245-01A-01-BS1_x9128y15848,9128,15848,9072,15792,112
TCGA-05-4245-01A-01-BS1_x9240y15848,9240,15848,9184,15792,112
TCGA-05-4245-01A-01-BS1_x9352y15848,9352,15848,9296,15792,112
TCGA-05-4245-01A-01-BS1_x9464y15848,9464,15848,9408,15792,112
TCGA-05-4245-01A-01-BS1_x9688y15848,9688,15848,9632,15792,112
TCGA-05-4245-01A-01-BS1_x9800y15848,9800,15848,9744,15792,112
TCGA-05-4245-01A-01-BS1_x9912y15848,9912,15848,9856,15792,112
TCGA-05-4245-01A-01-BS1_x10024y15848,10024,15848,9968,15792,112
TCGA-05-4245-01A-01-BS1_x10136y15848,10136,15848,10080,15792,112
TCGA-05-4245-01A-01-BS1_x10248y15848,10248,15848,10192,15792,112
TCGA-05-4245-01A-01-BS1_x10360y15848,10360,15848,10304,15792,112
TCGA-05-4245-01A-01-BS1_x10472y15848,10472,15848,10416,15792,112
TCGA-05-4245-01A-01-BS1_x10584y15848,10584,15848,10528,15792,112
TCGA-05-4245-01A-01-BS1_x10696y15848,10696,15848,10640,15792,112
TCGA-05-4245-01A-01-BS1_x10920y15848,10920,15848,10864,15792,112
TCGA-05-4245-01A-01-BS1_x5880y15960,5880,15960,5824,15904,112
TCGA-05-4245-01A-01-BS1_x5992y15960,5992,15960,5936,15904,112
TCGA-05-4245-01A-01-BS1_x6104y15960,6104,15960,6048,15904,112
TCGA-05-4245-01A-01-BS1_x6216y15960,6216,15960,6160,15904,112
TCGA-05-4245-01A-01-BS1_x6328y15960,6328,15960,6272,15904,112
TCGA-05-4245-01A-01-BS1_x6440y15960,6440,15960,6384,15904,112
TCGA-05-4245-01A-01-BS1_x6552y15960,6552,15960,6496,15904,112
TCGA-05-4245-01A-01-BS1_x6664y15960,6664,15960,6608,15904,112
TCGA-05-4245-01A-01-BS1_x6776y15960,6776,15960,6720,15904,112
TCGA-05-4245-01A-01-BS1_x6888y15960,6888,15960,6832,15904,112
TCGA-05-4245-01A-01-BS1_x8904y15960,8904,15960,8848,15904,112
TCGA-05-4245-01A-01-BS1_x9016y15960,9016,15960,8960,15904,112
TCGA-05-4245-01A-01-BS1_x9128y15960,9128,15960,9072,15904,112
TCGA-05-4245-01A-01-BS1_x9240y15960,9240,15960,9184,15904,112
TCGA-05-4245-01A-01-BS1_x9352y15960,9352,15960,9296,15904,112
TCGA-05-4245-01A-01-BS1_x9464y15960,9464,15960,9408,15904,112
TCGA-05-4245-01A-01-BS1_x9576y15960,9576,15960,9520,15904,112
TCGA-05-4245-01A-01-BS1_x9688y15960,9688,15960,9632,15904,112
TCGA-05-4245-01A-01-BS1_x9800y15960,9800,15960,9744,15904,112
TCGA-05-4245-01A-01-BS1_x9912y15960,9912,15960,9856,15904,112
TCGA-05-4245-01A-01-BS1_x10024y15960,10024,15960,9968,15904,112
TCGA-05-4245-01A-01-BS1_x10136y15960,10136,15960,10080,15904,112
TCGA-05-4245-01A-01-BS1_x10248y15960,10248,15960,10192,15904,112
TCGA-05-4245-01A-01-BS1_x10360y15960,10360,15960,10304,15904,112
TCGA-05-4245-01A-01-BS1_x10472y15960,10472,15960,10416,15904,112
TCGA-05-4245-01A-01-BS1_x10584y15960,10584,15960,10528,15904,112
TCGA-05-4245-01A-01-BS1_x5992y16072,5992,16072,5936,16016,112
TCGA-05-4245-01A-01-BS1_x6104y16072,6104,16072,6048,16016,112
TCGA-05-4245-01A-01-BS1_x6216y16072,6216,16072,6160,16016,112
TCGA-05-4245-01A-01-BS1_x6328y16072,6328,16072,6272,16016,112
TCGA-05-4245-01A-01-BS1_x6440y16072,6440,16072,6384,16016,112
TCGA-05-4245-01A-01-BS1_x6664y16072,6664,16072,6608,16016,112
TCGA-05-4245-01A-01-BS1_x8792y16072,8792,16072,8736,16016,112
TCGA-05-4245-01A-01-BS1_x8904y16072,8904,16072,8848,16016,112
TCGA-05-4245-01A-01-BS1_x9016y16072,9016,16072,8960,16016,112
TCGA-05-4245-01A-01-BS1_x9128y16072,9128,16072,9072,16016,112
TCGA-05-4245-01A-01-BS1_x9240y16072,9240,16072,9184,16016,112
TCGA-05-4245-01A-01-BS1_x9352y16072,9352,16072,9296,16016,112
TCGA-05-4245-01A-01-BS1_x9464y16072,9464,16072,9408,16016,112
TCGA-05-4245-01A-01-BS1_x9576y16072,9576,16072,9520,16016,112
TCGA-05-4245-01A-01-BS1_x9688y16072,9688,16072,9632,16016,112
TCGA-05-4245-01A-01-BS1_x9800y16072,9800,16072,9744,16016,112
TCGA-05-4245-01A-01-BS1_x9912y16072,9912,16072,9856,16016,112
TCGA-05-4245-01A-01-BS1_x10024y16072,10024,16072,9968,16016,112
TCGA-05-4245-01A-01-BS1_x10248y16072,10248,16072,10192,16016,112
TCGA-05-4245-01A-01-BS1_x10360y16072,10360,16072,10304,16016,112
TCGA-05-4245-01A-01-BS1_x10472y16072,10472,16072,10416,16016,112
TCGA-05-4245-01A-01-BS1_x5768y16184,5768,16184,5712,16128,112
TCGA-05-4245-01A-01-BS1_x5880y16184,5880,16184,5824,16128,112
TCGA-05-4245-01A-01-BS1_x5992y16184,5992,16184,5936,16128,112
TCGA-05-4245-01A-01-BS1_x6104y16184,6104,16184,6048,16128,112
TCGA-05-4245-01A-01-BS1_x6216y16184,6216,16184,6160,16128,112
TCGA-05-4245-01A-01-BS1_x6328y16184,6328,16184,6272,16128,112
TCGA-05-4245-01A-01-BS1_x6440y16184,6440,16184,6384,16128,112
TCGA-05-4245-01A-01-BS1_x6552y16184,6552,16184,6496,16128,112
TCGA-05-4245-01A-01-BS1_x8568y16184,8568,16184,8512,16128,112
TCGA-05-4245-01A-01-BS1_x8680y16184,8680,16184,8624,16128,112
TCGA-05-4245-01A-01-BS1_x8792y16184,8792,16184,8736,16128,112
TCGA-05-4245-01A-01-BS1_x8904y16184,8904,16184,8848,16128,112
TCGA-05-4245-01A-01-BS1_x9016y16184,9016,16184,8960,16128,112
TCGA-05-4245-01A-01-BS1_x9128y16184,9128,16184,9072,16128,112
TCGA-05-4245-01A-01-BS1_x9240y16184,9240,16184,9184,16128,112
TCGA-05-4245-01A-01-BS1_x9352y16184,9352,16184,9296,16128,112
TCGA-05-4245-01A-01-BS1_x9464y16184,9464,16184,9408,16128,112
TCGA-05-4245-01A-01-BS1_x9576y16184,9576,16184,9520,16128,112
TCGA-05-4245-01A-01-BS1_x9800y16184,9800,16184,9744,16128,112
TCGA-05-4245-01A-01-BS1_x9912y16184,9912,16184,9856,16128,112
TCGA-05-4245-01A-01-BS1_x10248y16184,10248,16184,10192,16128,112
TCGA-05-4245-01A-01-BS1_x10360y16184,10360,16184,10304,16128,112
TCGA-05-4245-01A-01-BS1_x10472y16184,10472,16184,10416,16128,112
TCGA-05-4245-01A-01-BS1_x5768y16296,5768,16296,5712,16240,112
TCGA-05-4245-01A-01-BS1_x5880y16296,5880,16296,5824,16240,112
TCGA-05-4245-01A-01-BS1_x5992y16296,5992,16296,5936,16240,112
TCGA-05-4245-01A-01-BS1_x6104y16296,6104,16296,6048,16240,112
TCGA-05-4245-01A-01-BS1_x6216y16296,6216,16296,6160,16240,112
TCGA-05-4245-01A-01-BS1_x8568y16296,8568,16296,8512,16240,112
TCGA-05-4245-01A-01-BS1_x8680y16296,8680,16296,8624,16240,112
TCGA-05-4245-01A-01-BS1_x8792y16296,8792,16296,8736,16240,112
TCGA-05-4245-01A-01-BS1_x9464y16296,9464,16296,9408,16240,112
TCGA-05-4245-01A-01-BS1_x9576y16296,9576,16296,9520,16240,112
TCGA-05-4245-01A-01-BS1_x9688y16296,9688,16296,9632,16240,112
TCGA-05-4245-01A-01-BS1_x10136y16296,10136,16296,10080,16240,112
TCGA-05-4245-01A-01-BS1_x5768y16408,5768,16408,5712,16352,112
TCGA-05-4245-01A-01-BS1_x5880y16408,5880,16408,5824,16352,112
TCGA-05-4245-01A-01-BS1_x5992y16408,5992,16408,5936,16352,112
TCGA-05-4245-01A-01-BS1_x6104y16408,6104,16408,6048,16352,112
TCGA-05-4245-01A-01-BS1_x6216y16408,6216,16408,6160,16352,112
TCGA-05-4245-01A-01-BS1_x6328y16408,6328,16408,6272,16352,112
TCGA-05-4245-01A-01-BS1_x9352y16408,9352,16408,9296,16352,112
TCGA-05-4245-01A-01-BS1_x9464y16408,9464,16408,9408,16352,112
TCGA-05-4245-01A-01-BS1_x9576y16408,9576,16408,9520,16352,112
TCGA-05-4245-01A-01-BS1_x9688y16408,9688,16408,9632,16352,112
TCGA-05-4245-01A-01-BS1_x9912y16408,9912,16408,9856,16352,112
TCGA-05-4245-01A-01-BS1_x10024y16408,10024,16408,9968,16352,112
TCGA-05-4245-01A-01-BS1_x5768y16520,5768,16520,5712,16464,112
TCGA-05-4245-01A-01-BS1_x5880y16520,5880,16520,5824,16464,112
TCGA-05-4245-01A-01-BS1_x5992y16520,5992,16520,5936,16464,112
TCGA-05-4245-01A-01-BS1_x6104y16520,6104,16520,6048,16464,112
TCGA-05-4245-01A-01-BS1_x6216y16520,6216,16520,6160,16464,112
TCGA-05-4245-01A-01-BS1_x9128y16520,9128,16520,9072,16464,112
TCGA-05-4245-01A-01-BS1_x9240y16520,9240,16520,9184,16464,112
TCGA-05-4245-01A-01-BS1_x9352y16520,9352,16520,9296,16464,112
TCGA-05-4245-01A-01-BS1_x9464y16520,9464,16520,9408,16464,112
TCGA-05-4245-01A-01-BS1_x9688y16520,9688,16520,9632,16464,112
TCGA-05-4245-01A-01-BS1_x9800y16520,9800,16520,9744,16464,112
TCGA-05-4245-01A-01-BS1_x9912y16520,9912,16520,9856,16464,112
TCGA-05-4245-01A-01-BS1_x10024y16520,10024,16520,9968,16464,112
TCGA-05-4245-01A-01-BS1_x10136y16520,10136,16520,10080,16464,112
TCGA-05-4245-01A-01-BS1_x5656y16632,5656,16632,5600,16576,112
TCGA-05-4245-01A-01-BS1_x5768y16632,5768,16632,5712,16576,112
TCGA-05-4245-01A-01-BS1_x5880y16632,5880,16632,5824,16576,112
TCGA-05-4245-01A-01-BS1_x5992y16632,5992,16632,5936,16576,112
TCGA-05-4245-01A-01-BS1_x6104y16632,6104,16632,6048,16576,112
TCGA-05-4245-01A-01-BS1_x6216y16632,6216,16632,6160,16576,112
TCGA-05-4245-01A-01-BS1_x8904y16632,8904,16632,8848,16576,112
TCGA-05-4245-01A-01-BS1_x9016y16632,9016,16632,8960,16576,112
TCGA-05-4245-01A-01-BS1_x9128y16632,9128,16632,9072,16576,112
TCGA-05-4245-01A-01-BS1_x9240y16632,9240,16632,9184,16576,112
TCGA-05-4245-01A-01-BS1_x9352y16632,9352,16632,9296,16576,112
TCGA-05-4245-01A-01-BS1_x9464y16632,9464,16632,9408,16576,112
TCGA-05-4245-01A-01-BS1_x9576y16632,9576,16632,9520,16576,112
TCGA-05-4245-01A-01-BS1_x9688y16632,9688,16632,9632,16576,112
TCGA-05-4245-01A-01-BS1_x9800y16632,9800,16632,9744,16576,112
TCGA-05-4245-01A-01-BS1_x9912y16632,9912,16632,9856,16576,112
TCGA-05-4245-01A-01-BS1_x10024y16632,10024,16632,9968,16576,112
TCGA-05-4245-01A-01-BS1_x10136y16632,10136,16632,10080,16576,112
TCGA-05-4245-01A-01-BS1_x10248y16632,10248,16632,10192,16576,112
TCGA-05-4245-01A-01-BS1_x5656y16744,5656,16744,5600,16688,112
TCGA-05-4245-01A-01-BS1_x5768y16744,5768,16744,5712,16688,112
TCGA-05-4245-01A-01-BS1_x5992y16744,5992,16744,5936,16688,112
TCGA-05-4245-01A-01-BS1_x6104y16744,6104,16744,6048,16688,112
TCGA-05-4245-01A-01-BS1_x6216y16744,6216,16744,6160,16688,112
TCGA-05-4245-01A-01-BS1_x6328y16744,6328,16744,6272,16688,112
TCGA-05-4245-01A-01-BS1_x7560y16744,7560,16744,7504,16688,112
TCGA-05-4245-01A-01-BS1_x7672y16744,7672,16744,7616,16688,112
TCGA-05-4245-01A-01-BS1_x7784y16744,7784,16744,7728,16688,112
TCGA-05-4245-01A-01-BS1_x8792y16744,8792,16744,8736,16688,112
TCGA-05-4245-01A-01-BS1_x8904y16744,8904,16744,8848,16688,112
TCGA-05-4245-01A-01-BS1_x9128y16744,9128,16744,9072,16688,112
TCGA-05-4245-01A-01-BS1_x9240y16744,9240,16744,9184,16688,112
TCGA-05-4245-01A-01-BS1_x9352y16744,9352,16744,9296,16688,112
TCGA-05-4245-01A-01-BS1_x9464y16744,9464,16744,9408,16688,112
TCGA-05-4245-01A-01-BS1_x9576y16744,9576,16744,9520,16688,112
TCGA-05-4245-01A-01-BS1_x9688y16744,9688,16744,9632,16688,112
TCGA-05-4245-01A-01-BS1_x9800y16744,9800,16744,9744,16688,112
TCGA-05-4245-01A-01-BS1_x9912y16744,9912,16744,9856,16688,112
TCGA-05-4245-01A-01-BS1_x10024y16744,10024,16744,9968,16688,112
TCGA-05-4245-01A-01-BS1_x10136y16744,10136,16744,10080,16688,112
TCGA-05-4245-01A-01-BS1_x10248y16744,10248,16744,10192,16688,112
TCGA-05-4245-01A-01-BS1_x5656y16856,5656,16856,5600,16800,112
TCGA-05-4245-01A-01-BS1_x5768y16856,5768,16856,5712,16800,112
TCGA-05-4245-01A-01-BS1_x5880y16856,5880,16856,5824,16800,112
TCGA-05-4245-01A-01-BS1_x5992y16856,5992,16856,5936,16800,112
TCGA-05-4245-01A-01-BS1_x6104y16856,6104,16856,6048,16800,112
TCGA-05-4245-01A-01-BS1_x6216y16856,6216,16856,6160,16800,112
TCGA-05-4245-01A-01-BS1_x6328y16856,6328,16856,6272,16800,112
TCGA-05-4245-01A-01-BS1_x6440y16856,6440,16856,6384,16800,112
TCGA-05-4245-01A-01-BS1_x6552y16856,6552,16856,6496,16800,112
TCGA-05-4245-01A-01-BS1_x6664y16856,6664,16856,6608,16800,112
TCGA-05-4245-01A-01-BS1_x6776y16856,6776,16856,6720,16800,112
TCGA-05-4245-01A-01-BS1_x6888y16856,6888,16856,6832,16800,112
TCGA-05-4245-01A-01-BS1_x7000y16856,7000,16856,6944,16800,112
TCGA-05-4245-01A-01-BS1_x7112y16856,7112,16856,7056,16800,112
TCGA-05-4245-01A-01-BS1_x7224y16856,7224,16856,7168,16800,112
TCGA-05-4245-01A-01-BS1_x7336y16856,7336,16856,7280,16800,112
TCGA-05-4245-01A-01-BS1_x7448y16856,7448,16856,7392,16800,112
TCGA-05-4245-01A-01-BS1_x7560y16856,7560,16856,7504,16800,112
TCGA-05-4245-01A-01-BS1_x7672y16856,7672,16856,7616,16800,112
TCGA-05-4245-01A-01-BS1_x7784y16856,7784,16856,7728,16800,112
TCGA-05-4245-01A-01-BS1_x7896y16856,7896,16856,7840,16800,112
TCGA-05-4245-01A-01-BS1_x8008y16856,8008,16856,7952,16800,112
TCGA-05-4245-01A-01-BS1_x8120y16856,8120,16856,8064,16800,112
TCGA-05-4245-01A-01-BS1_x8232y16856,8232,16856,8176,16800,112
TCGA-05-4245-01A-01-BS1_x8680y16856,8680,16856,8624,16800,112
TCGA-05-4245-01A-01-BS1_x8792y16856,8792,16856,8736,16800,112
TCGA-05-4245-01A-01-BS1_x8904y16856,8904,16856,8848,16800,112
TCGA-05-4245-01A-01-BS1_x9240y16856,9240,16856,9184,16800,112
TCGA-05-4245-01A-01-BS1_x9464y16856,9464,16856,9408,16800,112
TCGA-05-4245-01A-01-BS1_x9576y16856,9576,16856,9520,16800,112
TCGA-05-4245-01A-01-BS1_x9688y16856,9688,16856,9632,16800,112
TCGA-05-4245-01A-01-BS1_x9800y16856,9800,16856,9744,16800,112
TCGA-05-4245-01A-01-BS1_x9912y16856,9912,16856,9856,16800,112
TCGA-05-4245-01A-01-BS1_x10024y16856,10024,16856,9968,16800,112
TCGA-05-4245-01A-01-BS1_x10136y16856,10136,16856,10080,16800,112
TCGA-05-4245-01A-01-BS1_x5768y16968,5768,16968,5712,16912,112
TCGA-05-4245-01A-01-BS1_x6104y16968,6104,16968,6048,16912,112
TCGA-05-4245-01A-01-BS1_x6216y16968,6216,16968,6160,16912,112
TCGA-05-4245-01A-01-BS1_x6328y16968,6328,16968,6272,16912,112
TCGA-05-4245-01A-01-BS1_x6440y16968,6440,16968,6384,16912,112
TCGA-05-4245-01A-01-BS1_x6552y16968,6552,16968,6496,16912,112
TCGA-05-4245-01A-01-BS1_x6664y16968,6664,16968,6608,16912,112
TCGA-05-4245-01A-01-BS1_x6776y16968,6776,16968,6720,16912,112
TCGA-05-4245-01A-01-BS1_x6888y16968,6888,16968,6832,16912,112
TCGA-05-4245-01A-01-BS1_x7000y16968,7000,16968,6944,16912,112
TCGA-05-4245-01A-01-BS1_x7112y16968,7112,16968,7056,16912,112
TCGA-05-4245-01A-01-BS1_x7224y16968,7224,16968,7168,16912,112
TCGA-05-4245-01A-01-BS1_x7896y16968,7896,16968,7840,16912,112
TCGA-05-4245-01A-01-BS1_x8008y16968,8008,16968,7952,16912,112
TCGA-05-4245-01A-01-BS1_x8120y16968,8120,16968,8064,16912,112
TCGA-05-4245-01A-01-BS1_x8232y16968,8232,16968,8176,16912,112
TCGA-05-4245-01A-01-BS1_x8344y16968,8344,16968,8288,16912,112
TCGA-05-4245-01A-01-BS1_x8456y16968,8456,16968,8400,16912,112
TCGA-05-4245-01A-01-BS1_x8568y16968,8568,16968,8512,16912,112
TCGA-05-4245-01A-01-BS1_x8680y16968,8680,16968,8624,16912,112
TCGA-05-4245-01A-01-BS1_x8792y16968,8792,16968,8736,16912,112
TCGA-05-4245-01A-01-BS1_x8904y16968,8904,16968,8848,16912,112
TCGA-05-4245-01A-01-BS1_x9016y16968,9016,16968,8960,16912,112
TCGA-05-4245-01A-01-BS1_x9128y16968,9128,16968,9072,16912,112
TCGA-05-4245-01A-01-BS1_x9240y16968,9240,16968,9184,16912,112
TCGA-05-4245-01A-01-BS1_x9352y16968,9352,16968,9296,16912,112
TCGA-05-4245-01A-01-BS1_x9464y16968,9464,16968,9408,16912,112
TCGA-05-4245-01A-01-BS1_x9576y16968,9576,16968,9520,16912,112
TCGA-05-4245-01A-01-BS1_x9688y16968,9688,16968,9632,16912,112
TCGA-05-4245-01A-01-BS1_x9800y16968,9800,16968,9744,16912,112
TCGA-05-4245-01A-01-BS1_x9912y16968,9912,16968,9856,16912,112
TCGA-05-4245-01A-01-BS1_x10024y16968,10024,16968,9968,16912,112
TCGA-05-4245-01A-01-BS1_x10136y16968,10136,16968,10080,16912,112
TCGA-05-4245-01A-01-BS1_x5768y17080,5768,17080,5712,17024,112
TCGA-05-4245-01A-01-BS1_x5880y17080,5880,17080,5824,17024,112
TCGA-05-4245-01A-01-BS1_x5992y17080,5992,17080,5936,17024,112
TCGA-05-4245-01A-01-BS1_x6104y17080,6104,17080,6048,17024,112
TCGA-05-4245-01A-01-BS1_x6440y17080,6440,17080,6384,17024,112
TCGA-05-4245-01A-01-BS1_x6552y17080,6552,17080,6496,17024,112
TCGA-05-4245-01A-01-BS1_x6664y17080,6664,17080,6608,17024,112
TCGA-05-4245-01A-01-BS1_x8008y17080,8008,17080,7952,17024,112
TCGA-05-4245-01A-01-BS1_x8120y17080,8120,17080,8064,17024,112
TCGA-05-4245-01A-01-BS1_x8344y17080,8344,17080,8288,17024,112
TCGA-05-4245-01A-01-BS1_x8456y17080,8456,17080,8400,17024,112
TCGA-05-4245-01A-01-BS1_x8568y17080,8568,17080,8512,17024,112
TCGA-05-4245-01A-01-BS1_x8680y17080,8680,17080,8624,17024,112
TCGA-05-4245-01A-01-BS1_x8792y17080,8792,17080,8736,17024,112
TCGA-05-4245-01A-01-BS1_x8904y17080,8904,17080,8848,17024,112
TCGA-05-4245-01A-01-BS1_x9016y17080,9016,17080,8960,17024,112
TCGA-05-4245-01A-01-BS1_x9352y17080,9352,17080,9296,17024,112
TCGA-05-4245-01A-01-BS1_x9464y17080,9464,17080,9408,17024,112
TCGA-05-4245-01A-01-BS1_x9576y17080,9576,17080,9520,17024,112
TCGA-05-4245-01A-01-BS1_x9688y17080,9688,17080,9632,17024,112
TCGA-05-4245-01A-01-BS1_x9800y17080,9800,17080,9744,17024,112
TCGA-05-4245-01A-01-BS1_x9912y17080,9912,17080,9856,17024,112
TCGA-05-4245-01A-01-BS1_x10024y17080,10024,17080,9968,17024,112
TCGA-05-4245-01A-01-BS1_x5880y17192,5880,17192,5824,17136,112
TCGA-05-4245-01A-01-BS1_x5992y17192,5992,17192,5936,17136,112
TCGA-05-4245-01A-01-BS1_x7896y17192,7896,17192,7840,17136,112
TCGA-05-4245-01A-01-BS1_x8008y17192,8008,17192,7952,17136,112
TCGA-05-4245-01A-01-BS1_x8120y17192,8120,17192,8064,17136,112
TCGA-05-4245-01A-01-BS1_x8456y17192,8456,17192,8400,17136,112
TCGA-05-4245-01A-01-BS1_x8568y17192,8568,17192,8512,17136,112
TCGA-05-4245-01A-01-BS1_x8680y17192,8680,17192,8624,17136,112
TCGA-05-4245-01A-01-BS1_x8792y17192,8792,17192,8736,17136,112
TCGA-05-4245-01A-01-BS1_x8904y17192,8904,17192,8848,17136,112
TCGA-05-4245-01A-01-BS1_x9016y17192,9016,17192,8960,17136,112
TCGA-05-4245-01A-01-BS1_x9128y17192,9128,17192,9072,17136,112
TCGA-05-4245-01A-01-BS1_x9240y17192,9240,17192,9184,17136,112
TCGA-05-4245-01A-01-BS1_x9464y17192,9464,17192,9408,17136,112
TCGA-05-4245-01A-01-BS1_x9576y17192,9576,17192,9520,17136,112
TCGA-05-4245-01A-01-BS1_x9688y17192,9688,17192,9632,17136,112
TCGA-05-4245-01A-01-BS1_x9800y17192,9800,17192,9744,17136,112
TCGA-05-4245-01A-01-BS1_x8680y17304,8680,17304,8624,17248,112
TCGA-05-4245-01A-01-BS1_x8792y17304,8792,17304,8736,17248,112
TCGA-05-4245-01A-01-BS1_x8904y17304,8904,17304,8848,17248,112
TCGA-05-4245-01A-01-BS1_x9016y17304,9016,17304,8960,17248,112
TCGA-05-4245-01A-01-BS1_x9128y17304,9128,17304,9072,17248,112
TCGA-05-4245-01A-01-BS1_x9240y17304,9240,17304,9184,17248,112
TCGA-05-4245-01A-01-BS1_x9352y17304,9352,17304,9296,17248,112
TCGA-05-4245-01A-01-BS1_x9464y17304,9464,17304,9408,17248,112
TCGA-05-4245-01A-01-BS1_x9576y17304,9576,17304,9520,17248,112
TCGA-05-4245-01A-01-BS1_x8792y17416,8792,17416,8736,17360,112
TCGA-05-4245-01A-01-BS1_x9128y17416,9128,17416,9072,17360,112
TCGA-05-4245-01A-01-BS1_x9576y17416,9576,17416,9520,17360,112
TCGA-05-4245-01A-01-BS1_x8792y17528,8792,17528,8736,17472,112
TCGA-05-4245-01A-01-BS1_x8904y17528,8904,17528,8848,17472,112
TCGA-05-4245-01A-01-BS1_x9016y17528,9016,17528,8960,17472,112
TCGA-05-4245-01A-01-BS1_x9128y17528,9128,17528,9072,17472,112
TCGA-05-4245-01A-01-BS1_x9240y17528,9240,17528,9184,17472,112
TCGA-05-4245-01A-01-BS1_x9352y17528,9352,17528,9296,17472,112
TCGA-05-4245-01A-01-BS1_x9464y17528,9464,17528,9408,17472,112
TCGA-05-4245-01A-01-BS1_x9576y17528,9576,17528,9520,17472,112
TCGA-05-4245-01A-01-BS1_x8680y17640,8680,17640,8624,17584,112
TCGA-05-4245-01A-01-BS1_x8792y17640,8792,17640,8736,17584,112
TCGA-05-4245-01A-01-BS1_x8904y17640,8904,17640,8848,17584,112
TCGA-05-4245-01A-01-BS1_x9016y17640,9016,17640,8960,17584,112
TCGA-05-4245-01A-01-BS1_x9128y17640,9128,17640,9072,17584,112
TCGA-05-4245-01A-01-BS1_x9240y17640,9240,17640,9184,17584,112
TCGA-05-4245-01A-01-BS1_x9352y17640,9352,17640,9296,17584,112
TCGA-05-4245-01A-01-BS1_x9464y17640,9464,17640,9408,17584,112
TCGA-05-4245-01A-01-BS1_x8680y17752,8680,17752,8624,17696,112
TCGA-05-4245-01A-01-BS1_x8792y17752,8792,17752,8736,17696,112
TCGA-05-4245-01A-01-BS1_x8904y17752,8904,17752,8848,17696,112
TCGA-05-4245-01A-01-BS1_x9016y17752,9016,17752,8960,17696,112
TCGA-05-4245-01A-01-BS1_x9128y17752,9128,17752,9072,17696,112
TCGA-05-4245-01A-01-BS1_x9240y17752,9240,17752,9184,17696,112
TCGA-05-4245-01A-01-BS1_x9352y17752,9352,17752,9296,17696,112
TCGA-05-4245-01A-01-BS1_x8456y17864,8456,17864,8400,17808,112
TCGA-05-4245-01A-01-BS1_x8568y17864,8568,17864,8512,17808,112
TCGA-05-4245-01A-01-BS1_x8680y17864,8680,17864,8624,17808,112
TCGA-05-4245-01A-01-BS1_x8792y17864,8792,17864,8736,17808,112
TCGA-05-4245-01A-01-BS1_x8904y17864,8904,17864,8848,17808,112
TCGA-05-4245-01A-01-BS1_x9016y17864,9016,17864,8960,17808,112
TCGA-05-4245-01A-01-BS1_x9128y17864,9128,17864,9072,17808,112
TCGA-05-4245-01A-01-BS1_x8120y17976,8120,17976,8064,17920,112
TCGA-05-4245-01A-01-BS1_x8232y17976,8232,17976,8176,17920,112
TCGA-05-4245-01A-01-BS1_x8344y17976,8344,17976,8288,17920,112
TCGA-05-4245-01A-01-BS1_x8456y17976,8456,17976,8400,17920,112
TCGA-05-4245-01A-01-BS1_x8568y17976,8568,17976,8512,17920,112
TCGA-05-4245-01A-01-BS1_x8680y17976,8680,17976,8624,17920,112
TCGA-05-4245-01A-01-BS1_x8792y17976,8792,17976,8736,17920,112
TCGA-05-4245-01A-01-BS1_x8120y18088,8120,18088,8064,18032,112
TCGA-05-4245-01A-01-BS1_x8232y18088,8232,18088,8176,18032,112
TCGA-05-4245-01A-01-BS1_x8344y18088,8344,18088,8288,18032,112
TCGA-05-4245-01A-01-BS1_x8456y18088,8456,18088,8400,18032,112
TCGA-05-4245-01A-01-BS1_x8568y18088,8568,18088,8512,18032,112
TCGA-05-4245-01A-01-BS1_x5432y15736,5432,15736,5376,15680,112
TCGA-05-4245-01A-01-BS1_x5320y15960,5320,15960,5264,15904,112
TCGA-05-4245-01A-01-BS1_x5432y16184,5432,16184,5376,16128,112
TCGA-05-4245-01A-01-BS1_x5544y16184,5544,16184,5488,16128,112
TCGA-05-4245-01A-01-BS1_x5432y16296,5432,16296,5376,16240,112
