A,B,R
AT1,AT1,0.3605329096317291
AT1,AT2,0.36185601353645325
AT1,B_memory,0.302386999130249
AT1,B_naive,0.31288930773735046
AT1,B_plasma_IgA,0.03358260542154312
AT1,B_plasma_IgG,-0.12541045248508453
AT1,B_plasmablast,-0.14589823782444
AT1,Basal,0.08884409815073013
AT1,CD4_EM_Effector,0.3302369713783264
AT1,CD4_TRM,0.3024969696998596
AT1,CD4_naive_CM,0.11278797686100006
AT1,CD8_EM,0.3296292722225189
AT1,CD8_EM_EMRA,0.32030171155929565
AT1,CD8_TRM_EM,0.34213176369667053
AT1,CD8_TRM,0.3376210331916809
AT1,Chondrocyte,-0.17900517582893372
AT1,Ciliated,0.20227278769016266
AT1,DC_1,0.294529527425766
AT1,DC_2,0.32275712490081787
AT1,DC_activated,0.348542720079422
AT1,DC_plasmacytoid,0.31865227222442627
AT1,Deuterosomal,0.18314935266971588
AT1,Dividing_AT2,0.34697428345680237
AT1,Dividing_Basal,0.14003992080688477
AT1,Endothelia_Lymphatic,-0.20904015004634857
AT1,Endothelia_vascular_Cap_a,0.35926201939582825
AT1,Endothelia_vascular_Cap_g,0.3549659550189972
AT1,Endothelia_vascular_arterial_pulmonary,0.2358955591917038
AT1,Endothelia_vascular_arterial_systemic,0.07739190012216568
AT1,Endothelia_vascular_venous_pulmonary,-0.05360009893774986
AT1,Endothelia_vascular_venous_systemic,-0.33800339698791504
AT1,Erythrocyte,0.3482920825481415
AT1,Fibro_adventitial,-0.23493389785289764
AT1,Fibro_alveolar,0.36711588501930237
AT1,Fibro_immune_recruiting,-0.18993569910526276
AT1,Fibro_myofibroblast,-0.2027801126241684
AT1,Fibro_peribronchial,0.06639986485242844
AT1,Fibro_perichondrial,-0.06665031611919403
AT1,ILC,0.3068009912967682
AT1,Ionocyte_n_Brush,0.18637466430664062
AT1,MAIT,0.335019588470459
AT1,Macro_CHIT1,0.30053362250328064
AT1,Macro_interstitial,0.31626689434051514
AT1,Macro_AW_CX3CR1,0.23115697503089905
AT1,Macro_alveolar_metallothioneins,0.0811980664730072
AT1,Macro_alv,0.3152134418487549
AT1,Macro_dividing,0.33010098338127136
AT1,Macro_int,0.14441290497779846
AT1,Macro_CCL,0.3234923183917999
AT1,Mast_cell,0.3070734143257141
AT1,Megakaryocyte,0.22748076915740967
AT1,Mesothelia,-0.19560667872428894
AT1,Macrophage_intermediate,0.19814203679561615
AT1,Monocyte_CD14,0.3061935603618622
AT1,Monocyte_CD16,0.25102657079696655
AT1,Muscle_airway,-0.006907442584633827
AT1,Muscle_pericyte_airway,-0.2641586661338806
AT1,Muscle_pericyte_parenchyma,0.33932116627693176
AT1,Muscle_perivascular_immune_recruiting,-0.2093590497970581
AT1,Muscle_smooth_pulmonary,0.05088263005018234
AT1,Muscle_smooth_syst_arterial,0.04382053762674332
AT1,Myoepithelial,-0.00509018637239933
AT1,NAF_endoneurial,0.12715251743793488
AT1,NAF_perineurial,0.03965684399008751
AT1,NK_CD16hi,0.3104853332042694
AT1,NKT,0.2974483072757721
AT1,NK_CD11d,0.3025585412979126
AT1,NK_CD56bright,0.323599249124527
AT1,Neuroendocrine,0.12909455597400665
AT1,SMG_Basal,-0.06671858578920364
AT1,SMG_Duct,-0.1221851259469986
AT1,SMG_Mucous,0.042112767696380615
AT1,SMG_Serous,-0.09359733015298843
AT1,Schwann_Myelinating,0.12940822541713715
AT1,Schwann_nonmyelinating,0.3113965690135956
AT1,Secretory_Club,0.1982404887676239
AT1,Secretory_Goblet,0.24081960320472717
AT1,Suprabasal,0.06519582867622375
AT1,T_reg,0.3304538428783417
AT1,gdT,0.3164213001728058
AT2,AT2,0.36551764607429504
AT2,B_memory,0.3043176531791687
AT2,B_naive,0.31381338834762573
AT2,B_plasma_IgA,0.027009492740035057
AT2,B_plasma_IgG,-0.13384410738945007
AT2,B_plasmablast,-0.15218690037727356
AT2,Basal,0.0877133309841156
AT2,CD4_EM_Effector,0.33255821466445923
AT2,CD4_TRM,0.30385470390319824
AT2,CD4_naive_CM,0.11602028459310532
AT2,CD8_EM,0.3316985070705414
AT2,CD8_EM_EMRA,0.32272520661354065
AT2,CD8_TRM_EM,0.34458786249160767
AT2,CD8_TRM,0.34004727005958557
AT2,Chondrocyte,-0.19595195353031158
AT2,Ciliated,0.20108239352703094
AT2,DC_1,0.29431065917015076
AT2,DC_2,0.3231724500656128
AT2,DC_activated,0.35094520449638367
AT2,DC_plasmacytoid,0.319757342338562
AT2,Deuterosomal,0.18266990780830383
AT2,Dividing_AT2,0.3497065305709839
AT2,Dividing_Basal,0.1475532501935959
AT2,Endothelia_Lymphatic,-0.20675009489059448
AT2,Endothelia_vascular_Cap_a,0.3651173710823059
AT2,Endothelia_vascular_Cap_g,0.36048728227615356
AT2,Endothelia_vascular_arterial_pulmonary,0.2416083812713623
AT2,Endothelia_vascular_arterial_systemic,0.08255196362733841
AT2,Endothelia_vascular_venous_pulmonary,-0.05113700032234192
AT2,Endothelia_vascular_venous_systemic,-0.341799795627594
AT2,Erythrocyte,0.35138264298439026
AT2,Fibro_adventitial,-0.23941871523857117
AT2,Fibro_alveolar,0.374082088470459
AT2,Fibro_immune_recruiting,-0.19641098380088806
AT2,Fibro_myofibroblast,-0.20373764634132385
AT2,Fibro_peribronchial,0.07702106982469559
AT2,Fibro_perichondrial,-0.06799621134996414
AT2,ILC,0.308287650346756
AT2,Ionocyte_n_Brush,0.18694692850112915
AT2,MAIT,0.33741268515586853
AT2,Macro_CHIT1,0.30244314670562744
AT2,Macro_interstitial,0.3172813057899475
AT2,Macro_AW_CX3CR1,0.22915524244308472
AT2,Macro_alveolar_metallothioneins,0.07795021682977676
AT2,Macro_alv,0.3184574544429779
AT2,Macro_dividing,0.33240970969200134
AT2,Macro_int,0.14116330444812775
AT2,Macro_CCL,0.32459941506385803
AT2,Mast_cell,0.31276196241378784
AT2,Megakaryocyte,0.22652223706245422
AT2,Mesothelia,-0.2030310183763504
AT2,Macrophage_intermediate,0.19640228152275085
AT2,Monocyte_CD14,0.3089068531990051
AT2,Monocyte_CD16,0.2510101795196533
AT2,Muscle_airway,0.002938676392659545
AT2,Muscle_pericyte_airway,-0.26798975467681885
AT2,Muscle_pericyte_parenchyma,0.34408748149871826
AT2,Muscle_perivascular_immune_recruiting,-0.2158629298210144
AT2,Muscle_smooth_pulmonary,0.06112876161932945
AT2,Muscle_smooth_syst_arterial,0.05174970254302025
AT2,Myoepithelial,-0.010908748023211956
AT2,NAF_endoneurial,0.13604159653186798
AT2,NAF_perineurial,0.04971388727426529
AT2,NK_CD16hi,0.311583012342453
AT2,NKT,0.2989388406276703
AT2,NK_CD11d,0.30298134684562683
AT2,NK_CD56bright,0.32476288080215454
AT2,Neuroendocrine,0.1266162395477295
AT2,SMG_Basal,-0.069390207529068
AT2,SMG_Duct,-0.13152572512626648
AT2,SMG_Mucous,0.036683909595012665
AT2,SMG_Serous,-0.10357780754566193
AT2,Schwann_Myelinating,0.1273319274187088
AT2,Schwann_nonmyelinating,0.3199376165866852
AT2,Secretory_Club,0.19629791378974915
AT2,Secretory_Goblet,0.24118486046791077
AT2,Suprabasal,0.06508859992027283
AT2,T_reg,0.33281102776527405
AT2,gdT,0.31822851300239563
B_memory,B_memory,0.2601599097251892
B_memory,B_naive,0.2652151584625244
B_memory,B_plasma_IgA,0.03140106424689293
B_memory,B_plasma_IgG,-0.08287354558706284
B_memory,B_plasmablast,-0.09561542421579361
B_memory,Basal,0.08133561909198761
B_memory,CD4_EM_Effector,0.2766033411026001
B_memory,CD4_TRM,0.257343590259552
B_memory,CD4_naive_CM,0.1258210837841034
B_memory,CD8_EM,0.2761746644973755
B_memory,CD8_EM_EMRA,0.2695015072822571
B_memory,CD8_TRM_EM,0.285700261592865
B_memory,CD8_TRM,0.28369230031967163
B_memory,Chondrocyte,-0.17690110206604004
B_memory,Ciliated,0.1729602962732315
B_memory,DC_1,0.2526005208492279
B_memory,DC_2,0.27301403880119324
B_memory,DC_activated,0.29040902853012085
B_memory,DC_plasmacytoid,0.2672921121120453
B_memory,Deuterosomal,0.1600060909986496
B_memory,Dividing_AT2,0.28774818778038025
B_memory,Dividing_Basal,0.1395394653081894
B_memory,Endothelia_Lymphatic,-0.14316828548908234
B_memory,Endothelia_vascular_Cap_a,0.3015361428260803
B_memory,Endothelia_vascular_Cap_g,0.2964286804199219
B_memory,Endothelia_vascular_arterial_pulmonary,0.19223898649215698
B_memory,Endothelia_vascular_arterial_systemic,0.055072586983442307
B_memory,Endothelia_vascular_venous_pulmonary,-0.03621665760874748
B_memory,Endothelia_vascular_venous_systemic,-0.2744676172733307
B_memory,Erythrocyte,0.2858544886112213
B_memory,Fibro_adventitial,-0.18692727386951447
B_memory,Fibro_alveolar,0.3096863925457001
B_memory,Fibro_immune_recruiting,-0.1491609662771225
B_memory,Fibro_myofibroblast,-0.1504553258419037
B_memory,Fibro_peribronchial,0.07639141380786896
B_memory,Fibro_perichondrial,-0.07418593764305115
B_memory,ILC,0.25777262449264526
B_memory,Ionocyte_n_Brush,0.16370674967765808
B_memory,MAIT,0.2798013985157013
B_memory,Macro_CHIT1,0.25143781304359436
B_memory,Macro_interstitial,0.2657797932624817
B_memory,Macro_AW_CX3CR1,0.19802245497703552
B_memory,Macro_alveolar_metallothioneins,0.08570583164691925
B_memory,Macro_alv,0.26671409606933594
B_memory,Macro_dividing,0.2772100865840912
B_memory,Macro_int,0.1377236396074295
B_memory,Macro_CCL,0.2689838111400604
B_memory,Mast_cell,0.2757321894168854
B_memory,Megakaryocyte,0.1846703439950943
B_memory,Mesothelia,-0.15112680196762085
B_memory,Macrophage_intermediate,0.17259907722473145
B_memory,Monocyte_CD14,0.2624569833278656
B_memory,Monocyte_CD16,0.21705566346645355
B_memory,Muscle_airway,-0.002566845156252384
B_memory,Muscle_pericyte_airway,-0.2076718956232071
B_memory,Muscle_pericyte_parenchyma,0.28251808881759644
B_memory,Muscle_perivascular_immune_recruiting,-0.1630025953054428
B_memory,Muscle_smooth_pulmonary,0.045327674597501755
B_memory,Muscle_smooth_syst_arterial,0.03658811375498772
B_memory,Myoepithelial,-0.010723262093961239
B_memory,NAF_endoneurial,0.11471047252416611
B_memory,NAF_perineurial,0.03526400029659271
B_memory,NK_CD16hi,0.2604645788669586
B_memory,NKT,0.2517551779747009
B_memory,NK_CD11d,0.25495803356170654
B_memory,NK_CD56bright,0.2711082398891449
B_memory,Neuroendocrine,0.10923197865486145
B_memory,SMG_Basal,-0.049161799252033234
B_memory,SMG_Duct,-0.10325261205434799
B_memory,SMG_Mucous,0.057234689593315125
B_memory,SMG_Serous,-0.09153862297534943
B_memory,Schwann_Myelinating,0.10763979703187943
B_memory,Schwann_nonmyelinating,0.2698163688182831
B_memory,Secretory_Club,0.17251092195510864
B_memory,Secretory_Goblet,0.21248918771743774
B_memory,Suprabasal,0.06429754197597504
B_memory,T_reg,0.2781376838684082
B_memory,gdT,0.2646750807762146
B_naive,B_naive,0.2711343467235565
B_naive,B_plasma_IgA,0.019006572663784027
B_naive,B_plasma_IgG,-0.09827719628810883
B_naive,B_plasmablast,-0.1127157136797905
B_naive,Basal,0.08176112174987793
B_naive,CD4_EM_Effector,0.2842225134372711
B_naive,CD4_TRM,0.262447714805603
B_naive,CD4_naive_CM,0.11979900300502777
B_naive,CD8_EM,0.2835119962692261
B_naive,CD8_EM_EMRA,0.2776927947998047
B_naive,CD8_TRM_EM,0.29423755407333374
B_naive,CD8_TRM,0.291837602853775
B_naive,Chondrocyte,-0.1717853546142578
B_naive,Ciliated,0.17372585833072662
B_naive,DC_1,0.2576945424079895
B_naive,DC_2,0.27979639172554016
B_naive,DC_activated,0.3002636134624481
B_naive,DC_plasmacytoid,0.273531973361969
B_naive,Deuterosomal,0.15684174001216888
B_naive,Dividing_AT2,0.2974797487258911
B_naive,Dividing_Basal,0.13948947191238403
B_naive,Endothelia_Lymphatic,-0.15614256262779236
B_naive,Endothelia_vascular_Cap_a,0.3123312294483185
B_naive,Endothelia_vascular_Cap_g,0.30753180384635925
B_naive,Endothelia_vascular_arterial_pulmonary,0.2040807604789734
B_naive,Endothelia_vascular_arterial_systemic,0.05897584185004234
B_naive,Endothelia_vascular_venous_pulmonary,-0.037309758365154266
B_naive,Endothelia_vascular_venous_systemic,-0.28049415349960327
B_naive,Erythrocyte,0.29789793491363525
B_naive,Fibro_adventitial,-0.20144295692443848
B_naive,Fibro_alveolar,0.31972837448120117
B_naive,Fibro_immune_recruiting,-0.16341471672058105
B_naive,Fibro_myofibroblast,-0.1660861372947693
B_naive,Fibro_peribronchial,0.07350244373083115
B_naive,Fibro_perichondrial,-0.06536577641963959
B_naive,ILC,0.2637806832790375
B_naive,Ionocyte_n_Brush,0.1648537963628769
B_naive,MAIT,0.2883484661579132
B_naive,Macro_CHIT1,0.2609310746192932
B_naive,Macro_interstitial,0.2750498950481415
B_naive,Macro_AW_CX3CR1,0.1957773119211197
B_naive,Macro_alveolar_metallothioneins,0.07998921722173691
B_naive,Macro_alv,0.27775004506111145
B_naive,Macro_dividing,0.2883480191230774
B_naive,Macro_int,0.13413752615451813
B_naive,Macro_CCL,0.2780434489250183
B_naive,Mast_cell,0.27788272500038147
B_naive,Megakaryocyte,0.1907491832971573
B_naive,Mesothelia,-0.165267214179039
B_naive,Macrophage_intermediate,0.17260557413101196
B_naive,Monocyte_CD14,0.26998916268348694
B_naive,Monocyte_CD16,0.22057409584522247
B_naive,Muscle_airway,-0.0007143201073631644
B_naive,Muscle_pericyte_airway,-0.22017648816108704
B_naive,Muscle_pericyte_parenchyma,0.29240986704826355
B_naive,Muscle_perivascular_immune_recruiting,-0.17523980140686035
B_naive,Muscle_smooth_pulmonary,0.04903915151953697
B_naive,Muscle_smooth_syst_arterial,0.04207785427570343
B_naive,Myoepithelial,-0.016276704147458076
B_naive,NAF_endoneurial,0.11831427365541458
B_naive,NAF_perineurial,0.0404035858809948
B_naive,NK_CD16hi,0.2664062976837158
B_naive,NKT,0.25806957483291626
B_naive,NK_CD11d,0.25954148173332214
B_naive,NK_CD56bright,0.27756553888320923
B_naive,Neuroendocrine,0.10468385368585587
B_naive,SMG_Basal,-0.057105060666799545
B_naive,SMG_Duct,-0.11435727775096893
B_naive,SMG_Mucous,0.0481770783662796
B_naive,SMG_Serous,-0.0995541363954544
B_naive,Schwann_Myelinating,0.10351447761058807
B_naive,Schwann_nonmyelinating,0.2719680964946747
B_naive,Secretory_Club,0.1688949167728424
B_naive,Secretory_Goblet,0.21222202479839325
B_naive,Suprabasal,0.0649559497833252
B_naive,T_reg,0.28589215874671936
B_naive,gdT,0.27152758836746216
B_plasma_IgA,B_plasma_IgA,-0.024444133043289185
B_plasma_IgA,B_plasma_IgG,-0.016281645745038986
B_plasma_IgA,B_plasmablast,0.002372574293985963
B_plasma_IgA,Basal,-0.005171575583517551
B_plasma_IgA,CD4_EM_Effector,0.03689597547054291
B_plasma_IgA,CD4_TRM,0.03459649533033371
B_plasma_IgA,CD4_naive_CM,0.07004117220640182
B_plasma_IgA,CD8_EM,0.035640690475702286
B_plasma_IgA,CD8_EM_EMRA,0.04223274067044258
B_plasma_IgA,CD8_TRM_EM,0.03761084005236626
B_plasma_IgA,CD8_TRM,0.03580164909362793
B_plasma_IgA,Chondrocyte,-0.09579604864120483
B_plasma_IgA,Ciliated,0.0030208078678697348
B_plasma_IgA,DC_1,0.031698476523160934
B_plasma_IgA,DC_2,0.031610019505023956
B_plasma_IgA,DC_activated,0.03797393664717674
B_plasma_IgA,DC_plasmacytoid,0.029365869238972664
B_plasma_IgA,Deuterosomal,0.011036056093871593
B_plasma_IgA,Dividing_AT2,0.03463807702064514
B_plasma_IgA,Dividing_Basal,0.06891757994890213
B_plasma_IgA,Endothelia_Lymphatic,0.03627270832657814
B_plasma_IgA,Endothelia_vascular_Cap_a,0.053316593170166016
B_plasma_IgA,Endothelia_vascular_Cap_g,0.049738965928554535
B_plasma_IgA,Endothelia_vascular_arterial_pulmonary,0.0306241437792778
B_plasma_IgA,Endothelia_vascular_arterial_systemic,0.008663666434586048
B_plasma_IgA,Endothelia_vascular_venous_pulmonary,0.01680193468928337
B_plasma_IgA,Endothelia_vascular_venous_systemic,-0.029503796249628067
B_plasma_IgA,Erythrocyte,0.035641707479953766
B_plasma_IgA,Fibro_adventitial,-0.02181192673742771
B_plasma_IgA,Fibro_alveolar,0.06226348876953125
B_plasma_IgA,Fibro_immune_recruiting,-0.027514997869729996
B_plasma_IgA,Fibro_myofibroblast,0.0068953633308410645
B_plasma_IgA,Fibro_peribronchial,0.06620371341705322
B_plasma_IgA,Fibro_perichondrial,-0.041855309158563614
B_plasma_IgA,ILC,0.0328800305724144
B_plasma_IgA,Ionocyte_n_Brush,0.00907912664115429
B_plasma_IgA,MAIT,0.03910026326775551
B_plasma_IgA,Macro_CHIT1,0.036526232957839966
B_plasma_IgA,Macro_interstitial,0.036466725170612335
B_plasma_IgA,Macro_AW_CX3CR1,0.012414497323334217
B_plasma_IgA,Macro_alveolar_metallothioneins,0.02325356937944889
B_plasma_IgA,Macro_alv,0.04149414226412773
B_plasma_IgA,Macro_dividing,0.03820209205150604
B_plasma_IgA,Macro_int,0.0299642663449049
B_plasma_IgA,Macro_CCL,0.03293832018971443
B_plasma_IgA,Mast_cell,0.07431685924530029
B_plasma_IgA,Megakaryocyte,-0.0008358328486792743
B_plasma_IgA,Mesothelia,-0.02415674366056919
B_plasma_IgA,Macrophage_intermediate,0.02294699102640152
B_plasma_IgA,Monocyte_CD14,0.04999515786767006
B_plasma_IgA,Monocyte_CD16,0.03530647233128548
B_plasma_IgA,Muscle_airway,0.03236379474401474
B_plasma_IgA,Muscle_pericyte_airway,-0.014166262932121754
B_plasma_IgA,Muscle_pericyte_parenchyma,0.04860064387321472
B_plasma_IgA,Muscle_perivascular_immune_recruiting,-0.02586645446717739
B_plasma_IgA,Muscle_smooth_pulmonary,0.04019244760274887
B_plasma_IgA,Muscle_smooth_syst_arterial,0.027455002069473267
B_plasma_IgA,Myoepithelial,-0.04280411824584007
B_plasma_IgA,NAF_endoneurial,0.03914878889918327
B_plasma_IgA,NAF_perineurial,0.029565060511231422
B_plasma_IgA,NK_CD16hi,0.030368153005838394
B_plasma_IgA,NKT,0.03848078474402428
B_plasma_IgA,NK_CD11d,0.025822877883911133
B_plasma_IgA,NK_CD56bright,0.02741430699825287
B_plasma_IgA,Neuroendocrine,-0.006835235748440027
B_plasma_IgA,SMG_Basal,-0.039948172867298126
B_plasma_IgA,SMG_Duct,-0.05548317730426788
B_plasma_IgA,SMG_Mucous,-0.00743838818743825
B_plasma_IgA,SMG_Serous,-0.06635011732578278
B_plasma_IgA,Schwann_Myelinating,-0.010029681958258152
B_plasma_IgA,Schwann_nonmyelinating,0.05453051999211311
B_plasma_IgA,Secretory_Club,0.001447691349312663
B_plasma_IgA,Secretory_Goblet,0.025548260658979416
B_plasma_IgA,Suprabasal,0.004261490423232317
B_plasma_IgA,T_reg,0.03841429576277733
B_plasma_IgA,gdT,0.03427119925618172
B_plasma_IgG,B_plasma_IgG,0.08883987367153168
B_plasma_IgG,B_plasmablast,0.12004877626895905
B_plasma_IgG,Basal,-0.025306573137640953
B_plasma_IgG,CD4_EM_Effector,-0.11080023646354675
B_plasma_IgG,CD4_TRM,-0.09154566377401352
B_plasma_IgG,CD4_naive_CM,0.05407559126615524
B_plasma_IgG,CD8_EM,-0.11102432757616043
B_plasma_IgG,CD8_EM_EMRA,-0.10227152705192566
B_plasma_IgG,CD8_TRM_EM,-0.11851189285516739
B_plasma_IgG,CD8_TRM,-0.11551497131586075
B_plasma_IgG,Chondrocyte,-0.006243865005671978
B_plasma_IgG,Ciliated,-0.07453867793083191
B_plasma_IgG,DC_1,-0.08603370189666748
B_plasma_IgG,DC_2,-0.10559206455945969
B_plasma_IgG,DC_activated,-0.12271145731210709
B_plasma_IgG,DC_plasmacytoid,-0.10780388116836548
B_plasma_IgG,Deuterosomal,-0.05697982385754585
B_plasma_IgG,Dividing_AT2,-0.12710458040237427
B_plasma_IgG,Dividing_Basal,0.010607301257550716
B_plasma_IgG,Endothelia_Lymphatic,0.16750606894493103
B_plasma_IgG,Endothelia_vascular_Cap_a,-0.12046244740486145
B_plasma_IgG,Endothelia_vascular_Cap_g,-0.12255208194255829
B_plasma_IgG,Endothelia_vascular_arterial_pulmonary,-0.08835495263338089
B_plasma_IgG,Endothelia_vascular_arterial_systemic,-0.04667540639638901
B_plasma_IgG,Endothelia_vascular_venous_pulmonary,0.05705707147717476
B_plasma_IgG,Endothelia_vascular_venous_systemic,0.14465434849262238
B_plasma_IgG,Erythrocyte,-0.13139872252941132
B_plasma_IgG,Fibro_adventitial,0.11325999349355698
B_plasma_IgG,Fibro_alveolar,-0.11686905473470688
B_plasma_IgG,Fibro_immune_recruiting,0.09577281773090363
B_plasma_IgG,Fibro_myofibroblast,0.12782350182533264
B_plasma_IgG,Fibro_peribronchial,0.04868973419070244
B_plasma_IgG,Fibro_perichondrial,-0.001893400214612484
B_plasma_IgG,ILC,-0.09938372671604156
B_plasma_IgG,Ionocyte_n_Brush,-0.05643106624484062
B_plasma_IgG,MAIT,-0.11376642435789108
B_plasma_IgG,Macro_CHIT1,-0.10556378215551376
B_plasma_IgG,Macro_interstitial,-0.10394705832004547
B_plasma_IgG,Macro_AW_CX3CR1,-0.06826044619083405
B_plasma_IgG,Macro_alveolar_metallothioneins,0.025111641734838486
B_plasma_IgG,Macro_alv,-0.10154039412736893
B_plasma_IgG,Macro_dividing,-0.11034251004457474
B_plasma_IgG,Macro_int,-0.0037878917064517736
B_plasma_IgG,Macro_CCL,-0.1128198578953743
B_plasma_IgG,Mast_cell,-0.05077172815799713
B_plasma_IgG,Megakaryocyte,-0.09402003139257431
B_plasma_IgG,Mesothelia,0.10418953746557236
B_plasma_IgG,Macrophage_intermediate,-0.04418034106492996
B_plasma_IgG,Monocyte_CD14,-0.08326838910579681
B_plasma_IgG,Monocyte_CD16,-0.06262422353029251
B_plasma_IgG,Muscle_airway,0.022646913304924965
B_plasma_IgG,Muscle_pericyte_airway,0.1340591311454773
B_plasma_IgG,Muscle_pericyte_parenchyma,-0.11616070568561554
B_plasma_IgG,Muscle_perivascular_immune_recruiting,0.11062745004892349
B_plasma_IgG,Muscle_smooth_pulmonary,0.0029914414044469595
B_plasma_IgG,Muscle_smooth_syst_arterial,-0.0036594588309526443
B_plasma_IgG,Myoepithelial,-0.007994343526661396
B_plasma_IgG,NAF_endoneurial,-0.009750171564519405
B_plasma_IgG,NAF_perineurial,0.003625821555033326
B_plasma_IgG,NK_CD16hi,-0.10365021228790283
B_plasma_IgG,NKT,-0.09029492735862732
B_plasma_IgG,NK_CD11d,-0.10046479105949402
B_plasma_IgG,NK_CD56bright,-0.11335962265729904
B_plasma_IgG,Neuroendocrine,-0.03938617184758186
B_plasma_IgG,SMG_Basal,0.03162967413663864
B_plasma_IgG,SMG_Duct,0.0380290150642395
B_plasma_IgG,SMG_Mucous,0.0385587252676487
B_plasma_IgG,SMG_Serous,-0.0005542385042645037
B_plasma_IgG,Schwann_Myelinating,-0.04252036660909653
B_plasma_IgG,Schwann_nonmyelinating,-0.07869173586368561
B_plasma_IgG,Secretory_Club,-0.06346452981233597
B_plasma_IgG,Secretory_Goblet,-0.06838611513376236
B_plasma_IgG,Suprabasal,-0.00929433386772871
B_plasma_IgG,T_reg,-0.10809842497110367
B_plasma_IgG,gdT,-0.1054835319519043
B_plasmablast,B_plasmablast,0.14775307476520538
B_plasmablast,Basal,-0.03429737687110901
B_plasmablast,CD4_EM_Effector,-0.12961320579051971
B_plasmablast,CD4_TRM,-0.10651537775993347
B_plasmablast,CD4_naive_CM,0.05329914391040802
B_plasmablast,CD8_EM,-0.12941358983516693
B_plasmablast,CD8_EM_EMRA,-0.12027482688426971
B_plasmablast,CD8_TRM_EM,-0.13844981789588928
B_plasmablast,CD8_TRM,-0.13619300723075867
B_plasmablast,Chondrocyte,0.006009918637573719
B_plasmablast,Ciliated,-0.08468160033226013
B_plasmablast,DC_1,-0.09903930127620697
B_plasmablast,DC_2,-0.12209764122962952
B_plasmablast,DC_activated,-0.1443314105272293
B_plasmablast,DC_plasmacytoid,-0.12463608384132385
B_plasmablast,Deuterosomal,-0.06285928934812546
B_plasmablast,Dividing_AT2,-0.1497170478105545
B_plasmablast,Dividing_Basal,0.007252286653965712
B_plasmablast,Endothelia_Lymphatic,0.18382073938846588
B_plasmablast,Endothelia_vascular_Cap_a,-0.14406940340995789
B_plasmablast,Endothelia_vascular_Cap_g,-0.14597243070602417
B_plasmablast,Endothelia_vascular_arterial_pulmonary,-0.11105579882860184
B_plasmablast,Endothelia_vascular_arterial_systemic,-0.05122074857354164
B_plasmablast,Endothelia_vascular_venous_pulmonary,0.0590558797121048
B_plasmablast,Endothelia_vascular_venous_systemic,0.16520997881889343
B_plasmablast,Erythrocyte,-0.15550024807453156
B_plasmablast,Fibro_adventitial,0.13749147951602936
B_plasmablast,Fibro_alveolar,-0.14109258353710175
B_plasmablast,Fibro_immune_recruiting,0.12203044444322586
B_plasmablast,Fibro_myofibroblast,0.14961151778697968
B_plasmablast,Fibro_peribronchial,0.03892972692847252
B_plasmablast,Fibro_perichondrial,-0.033353064209222794
B_plasmablast,ILC,-0.11515260487794876
B_plasmablast,Ionocyte_n_Brush,-0.06962970644235611
B_plasmablast,MAIT,-0.13287557661533356
B_plasmablast,Macro_CHIT1,-0.12291079014539719
B_plasmablast,Macro_interstitial,-0.12179537117481232
B_plasmablast,Macro_AW_CX3CR1,-0.07018031924962997
B_plasmablast,Macro_alveolar_metallothioneins,0.03150037303566933
B_plasmablast,Macro_alv,-0.12597109377384186
B_plasmablast,Macro_dividing,-0.133123517036438
B_plasmablast,Macro_int,0.0008951650816015899
B_plasmablast,Macro_CCL,-0.13117586076259613
B_plasmablast,Mast_cell,-0.06663133203983307
B_plasmablast,Megakaryocyte,-0.10824724286794662
B_plasmablast,Mesothelia,0.13014918565750122
B_plasmablast,Macrophage_intermediate,-0.047491405159235
B_plasmablast,Monocyte_CD14,-0.10095837712287903
B_plasmablast,Monocyte_CD16,-0.07213246077299118
B_plasmablast,Muscle_airway,0.010177244432270527
B_plasmablast,Muscle_pericyte_airway,0.15672138333320618
B_plasmablast,Muscle_pericyte_parenchyma,-0.1370118260383606
B_plasmablast,Muscle_perivascular_immune_recruiting,0.1348671168088913
B_plasmablast,Muscle_smooth_pulmonary,-0.012987281195819378
B_plasmablast,Muscle_smooth_syst_arterial,-0.020969431847333908
B_plasmablast,Myoepithelial,0.0026349478866904974
B_plasmablast,NAF_endoneurial,-0.03217346966266632
B_plasmablast,NAF_perineurial,-0.01955232210457325
B_plasmablast,NK_CD16hi,-0.11832929402589798
B_plasmablast,NKT,-0.10498858243227005
B_plasmablast,NK_CD11d,-0.11364417523145676
B_plasmablast,NK_CD56bright,-0.13097093999385834
B_plasmablast,Neuroendocrine,-0.03675400838255882
B_plasmablast,SMG_Basal,0.03251412510871887
B_plasmablast,SMG_Duct,0.06060858443379402
B_plasmablast,SMG_Mucous,0.0507204495370388
B_plasmablast,SMG_Serous,0.02237536758184433
B_plasmablast,Schwann_Myelinating,-0.03862268477678299
B_plasmablast,Schwann_nonmyelinating,-0.09750647097826004
B_plasmablast,Secretory_Club,-0.06794652342796326
B_plasmablast,Secretory_Goblet,-0.07830733060836792
B_plasmablast,Suprabasal,-0.016179785132408142
B_plasmablast,T_reg,-0.12726791203022003
B_plasmablast,gdT,-0.12211637198925018
Basal,Basal,0.019015518948435783
Basal,CD4_EM_Effector,0.07949506491422653
Basal,CD4_TRM,0.0750124529004097
Basal,CD4_naive_CM,0.03529107943177223
Basal,CD8_EM,0.07900512963533401
Basal,CD8_EM_EMRA,0.0801217183470726
Basal,CD8_TRM_EM,0.08096139878034592
Basal,CD8_TRM,0.07874403893947601
Basal,Chondrocyte,0.007006269879639149
Basal,Ciliated,0.03905882686376572
Basal,DC_1,0.07781434059143066
Basal,DC_2,0.0805959403514862
Basal,DC_activated,0.08398398756980896
Basal,DC_plasmacytoid,0.07674362510442734
Basal,Deuterosomal,0.025813033804297447
Basal,Dividing_AT2,0.07764431089162827
Basal,Dividing_Basal,0.017826678231358528
Basal,Endothelia_Lymphatic,-0.03756630793213844
Basal,Endothelia_vascular_Cap_a,0.08129680901765823
Basal,Endothelia_vascular_Cap_g,0.08147338032722473
Basal,Endothelia_vascular_arterial_pulmonary,0.06390180438756943
Basal,Endothelia_vascular_arterial_systemic,0.014073480851948261
Basal,Endothelia_vascular_venous_pulmonary,0.010056613013148308
Basal,Endothelia_vascular_venous_systemic,-0.04952892288565636
Basal,Erythrocyte,0.08567027002573013
Basal,Fibro_adventitial,-0.05183272063732147
Basal,Fibro_alveolar,0.07952194660902023
Basal,Fibro_immune_recruiting,-0.035536255687475204
Basal,Fibro_myofibroblast,-0.051176272332668304
Basal,Fibro_peribronchial,0.008826741948723793
Basal,Fibro_perichondrial,0.013601183891296387
Basal,ILC,0.07587649673223495
Basal,Ionocyte_n_Brush,0.035754475742578506
Basal,MAIT,0.0813499167561531
Basal,Macro_CHIT1,0.07581096887588501
Basal,Macro_interstitial,0.08434433490037918
Basal,Macro_AW_CX3CR1,0.052042122930288315
Basal,Macro_alveolar_metallothioneins,0.03544017672538757
Basal,Macro_alv,0.0802413672208786
Basal,Macro_dividing,0.08653382956981659
Basal,Macro_int,0.04701274633407593
Basal,Macro_CCL,0.0826822817325592
Basal,Mast_cell,0.06951362639665604
Basal,Megakaryocyte,0.06372524052858353
Basal,Mesothelia,-0.03350043296813965
Basal,Macrophage_intermediate,0.057057686150074005
Basal,Monocyte_CD14,0.07992671430110931
Basal,Monocyte_CD16,0.07002878934144974
Basal,Muscle_airway,-0.009165006689727306
Basal,Muscle_pericyte_airway,-0.049534447491168976
Basal,Muscle_pericyte_parenchyma,0.0779937356710434
Basal,Muscle_perivascular_immune_recruiting,-0.028275147080421448
Basal,Muscle_smooth_pulmonary,0.004481864161789417
Basal,Muscle_smooth_syst_arterial,0.009078187867999077
Basal,Myoepithelial,0.013692301698029041
Basal,NAF_endoneurial,0.03134918585419655
Basal,NAF_perineurial,0.008647341281175613
Basal,NK_CD16hi,0.07577697187662125
Basal,NKT,0.07644171267747879
Basal,NK_CD11d,0.07258827239274979
Basal,NK_CD56bright,0.07548784464597702
Basal,Neuroendocrine,0.030906300991773605
Basal,SMG_Basal,-0.013814046047627926
Basal,SMG_Duct,-0.015059747733175755
Basal,SMG_Mucous,0.028230976313352585
Basal,SMG_Serous,-0.01052268035709858
Basal,Schwann_Myelinating,0.03295708820223808
Basal,Schwann_nonmyelinating,0.06044473126530647
Basal,Secretory_Club,0.03528719022870064
Basal,Secretory_Goblet,0.04447774216532707
Basal,Suprabasal,0.01366611011326313
Basal,T_reg,0.08030103892087936
Basal,gdT,0.07768935710191727
CD4_EM_Effector,CD4_EM_Effector,0.29839757084846497
CD4_EM_Effector,CD4_TRM,0.27392902970314026
CD4_EM_Effector,CD4_naive_CM,0.11440759152173996
CD4_EM_Effector,CD8_EM,0.29771655797958374
CD4_EM_Effector,CD8_EM_EMRA,0.2907904386520386
CD4_EM_Effector,CD8_TRM_EM,0.30954036116600037
CD4_EM_Effector,CD8_TRM,0.30673685669898987
CD4_EM_Effector,Chondrocyte,-0.17734690010547638
CD4_EM_Effector,Ciliated,0.1834491342306137
CD4_EM_Effector,DC_1,0.26806890964508057
CD4_EM_Effector,DC_2,0.2929723560810089
CD4_EM_Effector,DC_activated,0.3160128891468048
CD4_EM_Effector,DC_plasmacytoid,0.28712138533592224
CD4_EM_Effector,Deuterosomal,0.16502836346626282
CD4_EM_Effector,Dividing_AT2,0.31428492069244385
CD4_EM_Effector,Dividing_Basal,0.14032013714313507
CD4_EM_Effector,Endothelia_Lymphatic,-0.17717787623405457
CD4_EM_Effector,Endothelia_vascular_Cap_a,0.32849958539009094
CD4_EM_Effector,Endothelia_vascular_Cap_g,0.3236936330795288
CD4_EM_Effector,Endothelia_vascular_arterial_pulmonary,0.21386976540088654
CD4_EM_Effector,Endothelia_vascular_arterial_systemic,0.06406675279140472
CD4_EM_Effector,Endothelia_vascular_venous_pulmonary,-0.04715399444103241
CD4_EM_Effector,Endothelia_vascular_venous_systemic,-0.30240538716316223
CD4_EM_Effector,Erythrocyte,0.3145295977592468
CD4_EM_Effector,Fibro_adventitial,-0.21565993130207062
CD4_EM_Effector,Fibro_alveolar,0.33616364002227783
CD4_EM_Effector,Fibro_immune_recruiting,-0.17677897214889526
CD4_EM_Effector,Fibro_myofibroblast,-0.18106941878795624
CD4_EM_Effector,Fibro_peribronchial,0.06890837848186493
CD4_EM_Effector,Fibro_perichondrial,-0.06691619753837585
CD4_EM_Effector,ILC,0.2762608528137207
CD4_EM_Effector,Ionocyte_n_Brush,0.17235317826271057
CD4_EM_Effector,MAIT,0.3029590845108032
CD4_EM_Effector,Macro_CHIT1,0.2739618420600891
CD4_EM_Effector,Macro_interstitial,0.2876250445842743
CD4_EM_Effector,Macro_AW_CX3CR1,0.204572856426239
CD4_EM_Effector,Macro_alveolar_metallothioneins,0.07579321414232254
CD4_EM_Effector,Macro_alv,0.29027432203292847
CD4_EM_Effector,Macro_dividing,0.3017566204071045
CD4_EM_Effector,Macro_int,0.1343226581811905
CD4_EM_Effector,Macro_CCL,0.2919790744781494
CD4_EM_Effector,Mast_cell,0.28607115149497986
CD4_EM_Effector,Megakaryocyte,0.20075790584087372
CD4_EM_Effector,Mesothelia,-0.1796465665102005
CD4_EM_Effector,Macrophage_intermediate,0.17750100791454315
CD4_EM_Effector,Monocyte_CD14,0.28084707260131836
CD4_EM_Effector,Monocyte_CD16,0.2280474305152893
CD4_EM_Effector,Muscle_airway,-0.002795456675812602
CD4_EM_Effector,Muscle_pericyte_airway,-0.2381020039319992
CD4_EM_Effector,Muscle_pericyte_parenchyma,0.30781733989715576
CD4_EM_Effector,Muscle_perivascular_immune_recruiting,-0.1917133331298828
CD4_EM_Effector,Muscle_smooth_pulmonary,0.04954123869538307
CD4_EM_Effector,Muscle_smooth_syst_arterial,0.04254425689578056
CD4_EM_Effector,Myoepithelial,-0.01840340904891491
CD4_EM_Effector,NAF_endoneurial,0.11972629278898239
CD4_EM_Effector,NAF_perineurial,0.04050656408071518
CD4_EM_Effector,NK_CD16hi,0.2793952226638794
CD4_EM_Effector,NKT,0.26940804719924927
CD4_EM_Effector,NK_CD11d,0.2720877528190613
CD4_EM_Effector,NK_CD56bright,0.2919960618019104
CD4_EM_Effector,Neuroendocrine,0.10857874155044556
CD4_EM_Effector,SMG_Basal,-0.06297633051872253
CD4_EM_Effector,SMG_Duct,-0.12191809713840485
CD4_EM_Effector,SMG_Mucous,0.04078531637787819
CD4_EM_Effector,SMG_Serous,-0.1023801937699318
CD4_EM_Effector,Schwann_Myelinating,0.10722573101520538
CD4_EM_Effector,Schwann_nonmyelinating,0.28311318159103394
CD4_EM_Effector,Secretory_Club,0.17799483239650726
CD4_EM_Effector,Secretory_Goblet,0.22202149033546448
CD4_EM_Effector,Suprabasal,0.06563866138458252
CD4_EM_Effector,T_reg,0.2997059226036072
CD4_EM_Effector,gdT,0.28485435247421265
CD4_TRM,CD4_TRM,0.2528195083141327
CD4_TRM,CD4_naive_CM,0.11900749802589417
CD4_TRM,CD8_EM,0.27285847067832947
CD4_TRM,CD8_EM_EMRA,0.26765599846839905
CD4_TRM,CD8_TRM_EM,0.2832147181034088
CD4_TRM,CD8_TRM,0.2807796597480774
CD4_TRM,Chondrocyte,-0.16573764383792877
CD4_TRM,Ciliated,0.16748984158039093
CD4_TRM,DC_1,0.24921484291553497
CD4_TRM,DC_2,0.27003246545791626
CD4_TRM,DC_activated,0.28905022144317627
CD4_TRM,DC_plasmacytoid,0.2632808983325958
CD4_TRM,Deuterosomal,0.15083251893520355
CD4_TRM,Dividing_AT2,0.28643742203712463
CD4_TRM,Dividing_Basal,0.13689589500427246
CD4_TRM,Endothelia_Lymphatic,-0.14859694242477417
CD4_TRM,Endothelia_vascular_Cap_a,0.3004835247993469
CD4_TRM,Endothelia_vascular_Cap_g,0.295614629983902
CD4_TRM,Endothelia_vascular_arterial_pulmonary,0.19259296357631683
CD4_TRM,Endothelia_vascular_arterial_systemic,0.051910314708948135
CD4_TRM,Endothelia_vascular_venous_pulmonary,-0.03798461705446243
CD4_TRM,Endothelia_vascular_venous_systemic,-0.27059343457221985
CD4_TRM,Erythrocyte,0.28591907024383545
CD4_TRM,Fibro_adventitial,-0.19196829199790955
CD4_TRM,Fibro_alveolar,0.30790263414382935
CD4_TRM,Fibro_immune_recruiting,-0.15548954904079437
CD4_TRM,Fibro_myofibroblast,-0.15734414756298065
CD4_TRM,Fibro_peribronchial,0.06886953115463257
CD4_TRM,Fibro_perichondrial,-0.06810256838798523
CD4_TRM,ILC,0.2539032995700836
CD4_TRM,Ionocyte_n_Brush,0.15881392359733582
CD4_TRM,MAIT,0.27766403555870056
CD4_TRM,Macro_CHIT1,0.2516230046749115
CD4_TRM,Macro_interstitial,0.265255868434906
CD4_TRM,Macro_AW_CX3CR1,0.1901044100522995
CD4_TRM,Macro_alveolar_metallothioneins,0.0795733854174614
CD4_TRM,Macro_alv,0.26674169301986694
CD4_TRM,Macro_dividing,0.27740418910980225
CD4_TRM,Macro_int,0.13306906819343567
CD4_TRM,Macro_CCL,0.2678501307964325
CD4_TRM,Mast_cell,0.2690550684928894
CD4_TRM,Megakaryocyte,0.18139134347438812
CD4_TRM,Mesothelia,-0.1562492400407791
CD4_TRM,Macrophage_intermediate,0.16758273541927338
CD4_TRM,Monocyte_CD14,0.26099342107772827
CD4_TRM,Monocyte_CD16,0.2135799527168274
CD4_TRM,Muscle_airway,-0.005458947271108627
CD4_TRM,Muscle_pericyte_airway,-0.21029293537139893
CD4_TRM,Muscle_pericyte_parenchyma,0.2812102735042572
CD4_TRM,Muscle_perivascular_immune_recruiting,-0.16751033067703247
CD4_TRM,Muscle_smooth_pulmonary,0.042789191007614136
CD4_TRM,Muscle_smooth_syst_arterial,0.0359422042965889
CD4_TRM,Myoepithelial,-0.017651865258812904
CD4_TRM,NAF_endoneurial,0.10952180624008179
CD4_TRM,NAF_perineurial,0.03392791002988815
CD4_TRM,NK_CD16hi,0.25657564401626587
CD4_TRM,NKT,0.24893060326576233
CD4_TRM,NK_CD11d,0.25007888674736023
CD4_TRM,NK_CD56bright,0.26716896891593933
CD4_TRM,Neuroendocrine,0.09969515353441238
CD4_TRM,SMG_Basal,-0.05714229494333267
CD4_TRM,SMG_Duct,-0.10921020060777664
CD4_TRM,SMG_Mucous,0.04864325001835823
CD4_TRM,SMG_Serous,-0.09606702625751495
CD4_TRM,Schwann_Myelinating,0.0977557972073555
CD4_TRM,Schwann_nonmyelinating,0.25968849658966064
CD4_TRM,Secretory_Club,0.16431644558906555
CD4_TRM,Secretory_Goblet,0.2058524638414383
CD4_TRM,Suprabasal,0.06274396181106567
CD4_TRM,T_reg,0.27516937255859375
CD4_TRM,gdT,0.2613147497177124
CD4_naive_CM,CD4_naive_CM,0.13033808767795563
CD4_naive_CM,CD8_EM,0.11025571823120117
CD4_naive_CM,CD8_EM_EMRA,0.11007755249738693
CD4_naive_CM,CD8_TRM_EM,0.10898326337337494
CD4_naive_CM,CD8_TRM,0.10768410563468933
CD4_naive_CM,Chondrocyte,-0.09628357738256454
CD4_naive_CM,Ciliated,0.07036644220352173
CD4_naive_CM,DC_1,0.11942163109779358
CD4_naive_CM,DC_2,0.11536882072687149
CD4_naive_CM,DC_activated,0.10695343464612961
CD4_naive_CM,DC_plasmacytoid,0.1096496656537056
CD4_naive_CM,Deuterosomal,0.07652412354946136
CD4_naive_CM,Dividing_AT2,0.10028821974992752
CD4_naive_CM,Dividing_Basal,0.08433929830789566
CD4_naive_CM,Endothelia_Lymphatic,0.02104886993765831
CD4_naive_CM,Endothelia_vascular_Cap_a,0.10700679570436478
CD4_naive_CM,Endothelia_vascular_Cap_g,0.102483831346035
CD4_naive_CM,Endothelia_vascular_arterial_pulmonary,0.044990427792072296
CD4_naive_CM,Endothelia_vascular_arterial_systemic,-0.007566212210804224
CD4_naive_CM,Endothelia_vascular_venous_pulmonary,0.009747005067765713
CD4_naive_CM,Endothelia_vascular_venous_systemic,-0.08494923263788223
CD4_naive_CM,Erythrocyte,0.09336919337511063
CD4_naive_CM,Fibro_adventitial,-0.019885022193193436
CD4_naive_CM,Fibro_alveolar,0.1147376224398613
CD4_naive_CM,Fibro_immune_recruiting,0.001336546614766121
CD4_naive_CM,Fibro_myofibroblast,0.006616026628762484
CD4_naive_CM,Fibro_peribronchial,0.06125855818390846
CD4_naive_CM,Fibro_perichondrial,-0.08086778223514557
CD4_naive_CM,ILC,0.10934173315763474
CD4_naive_CM,Ionocyte_n_Brush,0.06951851397752762
CD4_naive_CM,MAIT,0.10912221670150757
CD4_naive_CM,Macro_CHIT1,0.09410654008388519
CD4_naive_CM,Macro_interstitial,0.10703174024820328
CD4_naive_CM,Macro_AW_CX3CR1,0.11242187023162842
CD4_naive_CM,Macro_alveolar_metallothioneins,0.09953439980745316
CD4_naive_CM,Macro_alv,0.0956469401717186
CD4_naive_CM,Macro_dividing,0.10269299149513245
CD4_naive_CM,Macro_int,0.11734645813703537
CD4_naive_CM,Macro_CCL,0.10428953170776367
CD4_naive_CM,Mast_cell,0.14731869101524353
CD4_naive_CM,Megakaryocyte,0.06286631524562836
CD4_naive_CM,Mesothelia,0.006806252524256706
CD4_naive_CM,Macrophage_intermediate,0.1048344224691391
CD4_naive_CM,Monocyte_CD14,0.11778721213340759
CD4_naive_CM,Monocyte_CD16,0.11309432238340378
CD4_naive_CM,Muscle_airway,-0.01820797473192215
CD4_naive_CM,Muscle_pericyte_airway,-0.02912159636616707
CD4_naive_CM,Muscle_pericyte_parenchyma,0.10165471583604813
CD4_naive_CM,Muscle_perivascular_immune_recruiting,-0.0045243073254823685
CD4_naive_CM,Muscle_smooth_pulmonary,-0.0003474619588814676
CD4_naive_CM,Muscle_smooth_syst_arterial,-0.010550439357757568
CD4_naive_CM,Myoepithelial,0.01966298185288906
CD4_naive_CM,NAF_endoneurial,0.04328254610300064
CD4_naive_CM,NAF_perineurial,-0.010938357561826706
CD4_naive_CM,NK_CD16hi,0.10967815667390823
CD4_naive_CM,NKT,0.11111954599618912
CD4_naive_CM,NK_CD11d,0.11084085702896118
CD4_naive_CM,NK_CD56bright,0.10715310275554657
CD4_naive_CM,Neuroendocrine,0.07028523832559586
CD4_naive_CM,SMG_Basal,-0.0009729932644404471
CD4_naive_CM,SMG_Duct,0.0006908887880854309
CD4_naive_CM,SMG_Mucous,0.09798931330442429
CD4_naive_CM,SMG_Serous,-0.016247805207967758
CD4_naive_CM,Schwann_Myelinating,0.06717663258314133
CD4_naive_CM,Schwann_nonmyelinating,0.11997102946043015
CD4_naive_CM,Secretory_Club,0.09276075661182404
CD4_naive_CM,Secretory_Goblet,0.1015043631196022
CD4_naive_CM,Suprabasal,0.029580866917967796
CD4_naive_CM,T_reg,0.11142105609178543
CD4_naive_CM,gdT,0.10860522091388702
CD8_EM,CD8_EM,0.29738110303878784
CD8_EM,CD8_EM_EMRA,0.2906463146209717
CD8_EM,CD8_TRM_EM,0.3091995418071747
CD8_EM,CD8_TRM,0.3063693344593048
CD8_EM,Chondrocyte,-0.17789436876773834
CD8_EM,Ciliated,0.1825828105211258
CD8_EM,DC_1,0.2677285969257355
CD8_EM,DC_2,0.29254215955734253
CD8_EM,DC_activated,0.3157079517841339
CD8_EM,DC_plasmacytoid,0.2866906225681305
CD8_EM,Deuterosomal,0.1643543392419815
CD8_EM,Dividing_AT2,0.313784122467041
CD8_EM,Dividing_Basal,0.1403898000717163
CD8_EM,Endothelia_Lymphatic,-0.1759347915649414
CD8_EM,Endothelia_vascular_Cap_a,0.3283948302268982
CD8_EM,Endothelia_vascular_Cap_g,0.323595255613327
CD8_EM,Endothelia_vascular_arterial_pulmonary,0.21453802287578583
CD8_EM,Endothelia_vascular_arterial_systemic,0.06472068279981613
CD8_EM,Endothelia_vascular_venous_pulmonary,-0.04599794000387192
CD8_EM,Endothelia_vascular_venous_systemic,-0.30140402913093567
CD8_EM,Erythrocyte,0.31435734033584595
CD8_EM,Fibro_adventitial,-0.21573340892791748
CD8_EM,Fibro_alveolar,0.3361268639564514
CD8_EM,Fibro_immune_recruiting,-0.17698825895786285
CD8_EM,Fibro_myofibroblast,-0.18085519969463348
CD8_EM,Fibro_peribronchial,0.070133738219738
CD8_EM,Fibro_perichondrial,-0.06628409028053284
CD8_EM,ILC,0.2759655714035034
CD8_EM,Ionocyte_n_Brush,0.17174647748470306
CD8_EM,MAIT,0.30269452929496765
CD8_EM,Macro_CHIT1,0.2737993597984314
CD8_EM,Macro_interstitial,0.2874659299850464
CD8_EM,Macro_AW_CX3CR1,0.20370925962924957
CD8_EM,Macro_alveolar_metallothioneins,0.07578273862600327
CD8_EM,Macro_alv,0.2903915345668793
CD8_EM,Macro_dividing,0.3017043173313141
CD8_EM,Macro_int,0.13401247560977936
CD8_EM,Macro_CCL,0.2917007505893707
CD8_EM,Mast_cell,0.2862553000450134
CD8_EM,Megakaryocyte,0.20049969851970673
CD8_EM,Mesothelia,-0.17987515032291412
CD8_EM,Macrophage_intermediate,0.1772209256887436
CD8_EM,Monocyte_CD14,0.2808516025543213
CD8_EM,Monocyte_CD16,0.22790436446666718
CD8_EM,Muscle_airway,-0.001421356457285583
CD8_EM,Muscle_pericyte_airway,-0.23770910501480103
CD8_EM,Muscle_pericyte_parenchyma,0.30771613121032715
CD8_EM,Muscle_perivascular_immune_recruiting,-0.19152961671352386
CD8_EM,Muscle_smooth_pulmonary,0.05082787200808525
CD8_EM,Muscle_smooth_syst_arterial,0.043732039630413055
CD8_EM,Myoepithelial,-0.018740154802799225
CD8_EM,NAF_endoneurial,0.12086685746908188
CD8_EM,NAF_perineurial,0.04181629419326782
CD8_EM,NK_CD16hi,0.2790014445781708
CD8_EM,NKT,0.2692399024963379
CD8_EM,NK_CD11d,0.271572470664978
CD8_EM,NK_CD56bright,0.2914631962776184
CD8_EM,Neuroendocrine,0.10810311138629913
CD8_EM,SMG_Basal,-0.06325536221265793
CD8_EM,SMG_Duct,-0.12268514186143875
CD8_EM,SMG_Mucous,0.04036467522382736
CD8_EM,SMG_Serous,-0.1032838523387909
CD8_EM,Schwann_Myelinating,0.10686887800693512
CD8_EM,Schwann_nonmyelinating,0.28333786129951477
CD8_EM,Secretory_Club,0.17684128880500793
CD8_EM,Secretory_Goblet,0.2211843878030777
CD8_EM,Suprabasal,0.06541221588850021
CD8_EM,T_reg,0.2994495630264282
CD8_EM,gdT,0.28456607460975647
CD8_EM_EMRA,CD8_EM_EMRA,0.28322598338127136
CD8_EM_EMRA,CD8_TRM_EM,0.302437424659729
CD8_EM_EMRA,CD8_TRM,0.3003373444080353
CD8_EM_EMRA,Chondrocyte,-0.18102231621742249
CD8_EM_EMRA,Ciliated,0.1833096742630005
CD8_EM_EMRA,DC_1,0.2624780833721161
CD8_EM_EMRA,DC_2,0.28666871786117554
CD8_EM_EMRA,DC_activated,0.3080565333366394
CD8_EM_EMRA,DC_plasmacytoid,0.281599223613739
CD8_EM_EMRA,Deuterosomal,0.16776400804519653
CD8_EM_EMRA,Dividing_AT2,0.30671796202659607
CD8_EM_EMRA,Dividing_Basal,0.14181220531463623
CD8_EM_EMRA,Endothelia_Lymphatic,-0.17018212378025055
CD8_EM_EMRA,Endothelia_vascular_Cap_a,0.3202039301395416
CD8_EM_EMRA,Endothelia_vascular_Cap_g,0.3153139352798462
CD8_EM_EMRA,Endothelia_vascular_arterial_pulmonary,0.2077987790107727
CD8_EM_EMRA,Endothelia_vascular_arterial_systemic,0.06540311127901077
CD8_EM_EMRA,Endothelia_vascular_venous_pulmonary,-0.046227894723415375
CD8_EM_EMRA,Endothelia_vascular_venous_systemic,-0.29745587706565857
CD8_EM_EMRA,Erythrocyte,0.3054533302783966
CD8_EM_EMRA,Fibro_adventitial,-0.20821210741996765
CD8_EM_EMRA,Fibro_alveolar,0.32818886637687683
CD8_EM_EMRA,Fibro_immune_recruiting,-0.16960422694683075
CD8_EM_EMRA,Fibro_myofibroblast,-0.17278139293193817
CD8_EM_EMRA,Fibro_peribronchial,0.0727667510509491
CD8_EM_EMRA,Fibro_perichondrial,-0.07182974368333817
CD8_EM_EMRA,ILC,0.2705436944961548
CD8_EM_EMRA,Ionocyte_n_Brush,0.1719936579465866
CD8_EM_EMRA,MAIT,0.2955594062805176
CD8_EM_EMRA,Macro_CHIT1,0.26574239134788513
CD8_EM_EMRA,Macro_interstitial,0.27932924032211304
CD8_EM_EMRA,Macro_AW_CX3CR1,0.20340870320796967
CD8_EM_EMRA,Macro_alveolar_metallothioneins,0.07581004500389099
CD8_EM_EMRA,Macro_alv,0.28204792737960815
CD8_EM_EMRA,Macro_dividing,0.29284849762916565
CD8_EM_EMRA,Macro_int,0.13163037598133087
CD8_EM_EMRA,Macro_CCL,0.28399935364723206
CD8_EM_EMRA,Mast_cell,0.2824336290359497
CD8_EM_EMRA,Megakaryocyte,0.19693051278591156
CD8_EM_EMRA,Mesothelia,-0.17304761707782745
CD8_EM_EMRA,Macrophage_intermediate,0.17441268265247345
CD8_EM_EMRA,Monocyte_CD14,0.2729601562023163
CD8_EM_EMRA,Monocyte_CD16,0.22273291647434235
CD8_EM_EMRA,Muscle_airway,-0.0004977209027856588
CD8_EM_EMRA,Muscle_pericyte_airway,-0.23141637444496155
CD8_EM_EMRA,Muscle_pericyte_parenchyma,0.2999446988105774
CD8_EM_EMRA,Muscle_perivascular_immune_recruiting,-0.18548119068145752
CD8_EM_EMRA,Muscle_smooth_pulmonary,0.050556883215904236
CD8_EM_EMRA,Muscle_smooth_syst_arterial,0.042399048805236816
CD8_EM_EMRA,Myoepithelial,-0.01537985261529684
CD8_EM_EMRA,NAF_endoneurial,0.1191854253411293
CD8_EM_EMRA,NAF_perineurial,0.039780206978321075
CD8_EM_EMRA,NK_CD16hi,0.2737463712692261
CD8_EM_EMRA,NKT,0.26289281249046326
CD8_EM_EMRA,NK_CD11d,0.2674950063228607
CD8_EM_EMRA,NK_CD56bright,0.28653720021247864
CD8_EM_EMRA,Neuroendocrine,0.11152077466249466
CD8_EM_EMRA,SMG_Basal,-0.056896377354860306
CD8_EM_EMRA,SMG_Duct,-0.11648960411548615
CD8_EM_EMRA,SMG_Mucous,0.044621869921684265
CD8_EM_EMRA,SMG_Serous,-0.09806925058364868
CD8_EM_EMRA,Schwann_Myelinating,0.11004921793937683
CD8_EM_EMRA,Schwann_nonmyelinating,0.28211361169815063
CD8_EM_EMRA,Secretory_Club,0.17925795912742615
CD8_EM_EMRA,Secretory_Goblet,0.22212758660316467
CD8_EM_EMRA,Suprabasal,0.06659316271543503
CD8_EM_EMRA,T_reg,0.29307109117507935
CD8_EM_EMRA,gdT,0.2785833179950714
CD8_TRM_EM,CD8_TRM_EM,0.32167136669158936
CD8_TRM_EM,CD8_TRM,0.3185558319091797
CD8_TRM_EM,Chondrocyte,-0.1801982820034027
CD8_TRM_EM,Ciliated,0.18995733559131622
CD8_TRM_EM,DC_1,0.2774423360824585
CD8_TRM_EM,DC_2,0.3037753403186798
CD8_TRM_EM,DC_activated,0.3283436894416809
CD8_TRM_EM,DC_plasmacytoid,0.2984498143196106
CD8_TRM_EM,Deuterosomal,0.1708996742963791
CD8_TRM_EM,Dividing_AT2,0.32645946741104126
CD8_TRM_EM,Dividing_Basal,0.14169615507125854
CD8_TRM_EM,Endothelia_Lymphatic,-0.1878030002117157
CD8_TRM_EM,Endothelia_vascular_Cap_a,0.34100669622421265
CD8_TRM_EM,Endothelia_vascular_Cap_g,0.33635270595550537
CD8_TRM_EM,Endothelia_vascular_arterial_pulmonary,0.2249399721622467
CD8_TRM_EM,Endothelia_vascular_arterial_systemic,0.07088928669691086
CD8_TRM_EM,Endothelia_vascular_venous_pulmonary,-0.04789506271481514
CD8_TRM_EM,Endothelia_vascular_venous_systemic,-0.3141544461250305
CD8_TRM_EM,Erythrocyte,0.32773080468177795
CD8_TRM_EM,Fibro_adventitial,-0.22537070512771606
CD8_TRM_EM,Fibro_alveolar,0.34859099984169006
CD8_TRM_EM,Fibro_immune_recruiting,-0.18462052941322327
CD8_TRM_EM,Fibro_myofibroblast,-0.19092442095279694
CD8_TRM_EM,Fibro_peribronchial,0.07080582529306412
CD8_TRM_EM,Fibro_perichondrial,-0.06439757347106934
CD8_TRM_EM,ILC,0.28720760345458984
CD8_TRM_EM,Ionocyte_n_Brush,0.17785654962062836
CD8_TRM_EM,MAIT,0.3148207664489746
CD8_TRM_EM,Macro_CHIT1,0.2841833531856537
CD8_TRM_EM,Macro_interstitial,0.29847922921180725
CD8_TRM_EM,Macro_AW_CX3CR1,0.21174107491970062
CD8_TRM_EM,Macro_alveolar_metallothioneins,0.07626122981309891
CD8_TRM_EM,Macro_alv,0.3012802302837372
CD8_TRM_EM,Macro_dividing,0.31333768367767334
CD8_TRM_EM,Macro_int,0.13603366911411285
CD8_TRM_EM,Macro_CCL,0.3035004734992981
CD8_TRM_EM,Mast_cell,0.2944498360157013
CD8_TRM_EM,Megakaryocyte,0.2109275907278061
CD8_TRM_EM,Mesothelia,-0.18849985301494598
CD8_TRM_EM,Macrophage_intermediate,0.1835600882768631
CD8_TRM_EM,Monocyte_CD14,0.2905215322971344
CD8_TRM_EM,Monocyte_CD16,0.2359042912721634
CD8_TRM_EM,Muscle_airway,-0.0006710418383590877
CD8_TRM_EM,Muscle_pericyte_airway,-0.24897532165050507
CD8_TRM_EM,Muscle_pericyte_parenchyma,0.3200033903121948
CD8_TRM_EM,Muscle_perivascular_immune_recruiting,-0.1999620497226715
CD8_TRM_EM,Muscle_smooth_pulmonary,0.05357027426362038
CD8_TRM_EM,Muscle_smooth_syst_arterial,0.04663576930761337
CD8_TRM_EM,Myoepithelial,-0.01580999419093132
CD8_TRM_EM,NAF_endoneurial,0.12604855000972748
CD8_TRM_EM,NAF_perineurial,0.044356897473335266
CD8_TRM_EM,NK_CD16hi,0.2904059886932373
CD8_TRM_EM,NKT,0.27954989671707153
CD8_TRM_EM,NK_CD11d,0.2826654613018036
CD8_TRM_EM,NK_CD56bright,0.30343014001846313
CD8_TRM_EM,Neuroendocrine,0.11437791585922241
CD8_TRM_EM,SMG_Basal,-0.06433939188718796
CD8_TRM_EM,SMG_Duct,-0.1257069706916809
CD8_TRM_EM,SMG_Mucous,0.03978588059544563
CD8_TRM_EM,SMG_Serous,-0.1033911406993866
CD8_TRM_EM,Schwann_Myelinating,0.1137579157948494
CD8_TRM_EM,Schwann_nonmyelinating,0.29464954137802124
CD8_TRM_EM,Secretory_Club,0.1834004819393158
CD8_TRM_EM,Secretory_Goblet,0.22839970886707306
CD8_TRM_EM,Suprabasal,0.06667071580886841
CD8_TRM_EM,T_reg,0.3112943172454834
CD8_TRM_EM,gdT,0.2962377369403839
CD8_TRM,CD8_TRM,0.3129810690879822
CD8_TRM,Chondrocyte,-0.1621425449848175
CD8_TRM,Ciliated,0.1847122460603714
CD8_TRM,DC_1,0.27519840002059937
CD8_TRM,DC_2,0.30002519488334656
CD8_TRM,DC_activated,0.32342714071273804
CD8_TRM,DC_plasmacytoid,0.29433611035346985
CD8_TRM,Deuterosomal,0.16394735872745514
CD8_TRM,Dividing_AT2,0.3203789293766022
CD8_TRM,Dividing_Basal,0.13415862619876862
CD8_TRM,Endothelia_Lymphatic,-0.18413089215755463
CD8_TRM,Endothelia_vascular_Cap_a,0.33408042788505554
CD8_TRM,Endothelia_vascular_Cap_g,0.3299334645271301
CD8_TRM,Endothelia_vascular_arterial_pulmonary,0.221999853849411
CD8_TRM,Endothelia_vascular_arterial_systemic,0.06734518706798553
CD8_TRM,Endothelia_vascular_venous_pulmonary,-0.04229137301445007
CD8_TRM,Endothelia_vascular_venous_systemic,-0.3024371564388275
CD8_TRM,Erythrocyte,0.32324111461639404
CD8_TRM,Fibro_adventitial,-0.2199937403202057
CD8_TRM,Fibro_alveolar,0.34059545397758484
CD8_TRM,Fibro_immune_recruiting,-0.17793336510658264
CD8_TRM,Fibro_myofibroblast,-0.18874910473823547
CD8_TRM,Fibro_peribronchial,0.06542263180017471
CD8_TRM,Fibro_perichondrial,-0.05677281692624092
CD8_TRM,ILC,0.2837388813495636
CD8_TRM,Ionocyte_n_Brush,0.1725989580154419
CD8_TRM,MAIT,0.31043508648872375
CD8_TRM,Macro_CHIT1,0.2806261479854584
CD8_TRM,Macro_interstitial,0.2959291636943817
CD8_TRM,Macro_AW_CX3CR1,0.2092374712228775
CD8_TRM,Macro_alveolar_metallothioneins,0.07900216430425644
CD8_TRM,Macro_alv,0.2968384325504303
CD8_TRM,Macro_dividing,0.3099147379398346
CD8_TRM,Macro_int,0.1373140513896942
CD8_TRM,Macro_CCL,0.3004292845726013
CD8_TRM,Mast_cell,0.2875538766384125
CD8_TRM,Megakaryocyte,0.21049891412258148
CD8_TRM,Mesothelia,-0.1811111867427826
CD8_TRM,Macrophage_intermediate,0.18389444053173065
CD8_TRM,Monocyte_CD14,0.2873096168041229
CD8_TRM,Monocyte_CD16,0.23486576974391937
CD8_TRM,Muscle_airway,-0.0052671730518341064
CD8_TRM,Muscle_pericyte_airway,-0.24164745211601257
CD8_TRM,Muscle_pericyte_parenchyma,0.3141618072986603
CD8_TRM,Muscle_perivascular_immune_recruiting,-0.1909422129392624
CD8_TRM,Muscle_smooth_pulmonary,0.04814228042960167
CD8_TRM,Muscle_smooth_syst_arterial,0.042983151972293854
CD8_TRM,Myoepithelial,-0.00912456400692463
CD8_TRM,NAF_endoneurial,0.12181130051612854
CD8_TRM,NAF_perineurial,0.040509529411792755
CD8_TRM,NK_CD16hi,0.28674280643463135
CD8_TRM,NKT,0.2766496539115906
CD8_TRM,NK_CD11d,0.27888718247413635
CD8_TRM,NK_CD56bright,0.2986070513725281
CD8_TRM,Neuroendocrine,0.11418712139129639
CD8_TRM,SMG_Basal,-0.062120355665683746
CD8_TRM,SMG_Duct,-0.11765193939208984
CD8_TRM,SMG_Mucous,0.04397339001297951
CD8_TRM,SMG_Serous,-0.09513084590435028
CD8_TRM,Schwann_Myelinating,0.11394079774618149
CD8_TRM,Schwann_nonmyelinating,0.28552666306495667
CD8_TRM,Secretory_Club,0.1787460744380951
CD8_TRM,Secretory_Goblet,0.22103409469127655
CD8_TRM,Suprabasal,0.06436050683259964
CD8_TRM,T_reg,0.306719571352005
CD8_TRM,gdT,0.29252856969833374
Chondrocyte,Chondrocyte,-0.018260929733514786
Chondrocyte,Ciliated,-0.06384442001581192
Chondrocyte,DC_1,-0.14249223470687866
Chondrocyte,DC_2,-0.1450032889842987
Chondrocyte,DC_activated,-0.14745250344276428
Chondrocyte,DC_plasmacytoid,-0.14249905943870544
Chondrocyte,Deuterosomal,-0.05686486139893532
Chondrocyte,Dividing_AT2,-0.13930419087409973
Chondrocyte,Dividing_Basal,-0.019164595752954483
Chondrocyte,Endothelia_Lymphatic,0.0801210105419159
Chondrocyte,Endothelia_vascular_Cap_a,-0.1358262300491333
Chondrocyte,Endothelia_vascular_Cap_g,-0.13551147282123566
Chondrocyte,Endothelia_vascular_arterial_pulmonary,-0.06487993896007538
Chondrocyte,Endothelia_vascular_arterial_systemic,-0.007460434455424547
Chondrocyte,Endothelia_vascular_venous_pulmonary,0.009611076675355434
Chondrocyte,Endothelia_vascular_venous_systemic,0.1271224468946457
Chondrocyte,Erythrocyte,-0.144647017121315
Chondrocyte,Fibro_adventitial,0.047367267310619354
Chondrocyte,Fibro_alveolar,-0.1400148719549179
Chondrocyte,Fibro_immune_recruiting,0.01942088082432747
Chondrocyte,Fibro_myofibroblast,0.05059514567255974
Chondrocyte,Fibro_peribronchial,0.01568896323442459
Chondrocyte,Fibro_perichondrial,0.029502207413315773
Chondrocyte,ILC,-0.14398442208766937
Chondrocyte,Ionocyte_n_Brush,-0.04197073355317116
Chondrocyte,MAIT,-0.15028958022594452
Chondrocyte,Macro_CHIT1,-0.1302441656589508
Chondrocyte,Macro_interstitial,-0.1459791362285614
Chondrocyte,Macro_AW_CX3CR1,-0.1363086849451065
Chondrocyte,Macro_alveolar_metallothioneins,-0.08346065878868103
Chondrocyte,Macro_alv,-0.10911557078361511
Chondrocyte,Macro_dividing,-0.13288944959640503
Chondrocyte,Macro_int,-0.117416150867939
Chondrocyte,Macro_CCL,-0.15095959603786469
Chondrocyte,Mast_cell,-0.1271210014820099
Chondrocyte,Megakaryocyte,-0.09989184886217117
Chondrocyte,Mesothelia,0.01632891781628132
Chondrocyte,Macrophage_intermediate,-0.12800860404968262
Chondrocyte,Monocyte_CD14,-0.14404359459877014
Chondrocyte,Monocyte_CD16,-0.13730674982070923
Chondrocyte,Muscle_airway,0.0691586285829544
Chondrocyte,Muscle_pericyte_airway,0.06898876279592514
Chondrocyte,Muscle_pericyte_parenchyma,-0.14114829897880554
Chondrocyte,Muscle_perivascular_immune_recruiting,0.03452157974243164
Chondrocyte,Muscle_smooth_pulmonary,0.043052416294813156
Chondrocyte,Muscle_smooth_syst_arterial,0.045616306364536285
Chondrocyte,Myoepithelial,-0.05017103627324104
Chondrocyte,NAF_endoneurial,0.0037337925750762224
Chondrocyte,NAF_perineurial,0.04964955896139145
Chondrocyte,NK_CD16hi,-0.1447528898715973
Chondrocyte,NKT,-0.1443481296300888
Chondrocyte,NK_CD11d,-0.13975653052330017
Chondrocyte,NK_CD56bright,-0.1375701129436493
Chondrocyte,Neuroendocrine,-0.08153057843446732
Chondrocyte,SMG_Basal,0.04708575829863548
Chondrocyte,SMG_Duct,-0.016696525737643242
Chondrocyte,SMG_Mucous,-0.04285833612084389
Chondrocyte,SMG_Serous,-0.04074033349752426
Chondrocyte,Schwann_Myelinating,-0.0803813710808754
Chondrocyte,Schwann_nonmyelinating,-0.10030148178339005
Chondrocyte,Secretory_Club,-0.09039413183927536
Chondrocyte,Secretory_Goblet,-0.07578591257333755
Chondrocyte,Suprabasal,0.01460839994251728
Chondrocyte,T_reg,-0.141664057970047
Chondrocyte,gdT,-0.1474274843931198
Ciliated,Ciliated,0.0928410142660141
Ciliated,DC_1,0.1654813587665558
Ciliated,DC_2,0.17663724720478058
Ciliated,DC_activated,0.19118641316890717
Ciliated,DC_plasmacytoid,0.1723444163799286
Ciliated,Deuterosomal,0.07698766887187958
Ciliated,Dividing_AT2,0.18510645627975464
Ciliated,Dividing_Basal,0.07101297378540039
Ciliated,Endothelia_Lymphatic,-0.09409472346305847
Ciliated,Endothelia_vascular_Cap_a,0.19689206779003143
Ciliated,Endothelia_vascular_Cap_g,0.1953987181186676
Ciliated,Endothelia_vascular_arterial_pulmonary,0.14057104289531708
Ciliated,Endothelia_vascular_arterial_systemic,0.03665000945329666
Ciliated,Endothelia_vascular_venous_pulmonary,-0.0010845775250345469
Ciliated,Endothelia_vascular_venous_systemic,-0.15331172943115234
Ciliated,Erythrocyte,0.19385012984275818
Ciliated,Fibro_adventitial,-0.128050297498703
Ciliated,Fibro_alveolar,0.19908900558948517
Ciliated,Fibro_immune_recruiting,-0.10027220100164413
Ciliated,Fibro_myofibroblast,-0.1127782091498375
Ciliated,Fibro_peribronchial,0.04032617062330246
Ciliated,Fibro_perichondrial,-0.015699587762355804
Ciliated,ILC,0.16917335987091064
Ciliated,Ionocyte_n_Brush,0.08950730413198471
Ciliated,MAIT,0.18490533530712128
Ciliated,Macro_CHIT1,0.1692819446325302
Ciliated,Macro_interstitial,0.18105517327785492
Ciliated,Macro_AW_CX3CR1,0.11705891788005829
Ciliated,Macro_alveolar_metallothioneins,0.056728966534137726
Ciliated,Macro_alv,0.18010756373405457
Ciliated,Macro_dividing,0.18924713134765625
Ciliated,Macro_int,0.08835506439208984
Ciliated,Macro_CCL,0.18143732845783234
Ciliated,Mast_cell,0.16853027045726776
Ciliated,Megakaryocyte,0.12796145677566528
Ciliated,Mesothelia,-0.10089397430419922
Ciliated,Macrophage_intermediate,0.11487416923046112
Ciliated,Monocyte_CD14,0.1767260581254959
Ciliated,Monocyte_CD16,0.1459362506866455
Ciliated,Muscle_airway,-0.001175982179120183
Ciliated,Muscle_pericyte_airway,-0.13167282938957214
Ciliated,Muscle_pericyte_parenchyma,0.1865653246641159
Ciliated,Muscle_perivascular_immune_recruiting,-0.09866636246442795
Ciliated,Muscle_smooth_pulmonary,0.030023867264389992
Ciliated,Muscle_smooth_syst_arterial,0.030067158862948418
Ciliated,Myoepithelial,0.004005295690149069
Ciliated,NAF_endoneurial,0.07875969260931015
Ciliated,NAF_perineurial,0.029862064868211746
Ciliated,NK_CD16hi,0.1695137619972229
Ciliated,NKT,0.16802097856998444
Ciliated,NK_CD11d,0.16242551803588867
Ciliated,NK_CD56bright,0.17230989038944244
Ciliated,Neuroendocrine,0.06374986469745636
Ciliated,SMG_Basal,-0.04110119119286537
Ciliated,SMG_Duct,-0.06581603735685349
Ciliated,SMG_Mucous,0.03205360844731331
Ciliated,SMG_Serous,-0.05339200422167778
Ciliated,Schwann_Myelinating,0.0661211758852005
Ciliated,Schwann_nonmyelinating,0.16062232851982117
Ciliated,Secretory_Club,0.08684184402227402
Ciliated,Secretory_Goblet,0.11277031153440475
Ciliated,Suprabasal,0.0319983996450901
Ciliated,T_reg,0.18170927464962006
Ciliated,gdT,0.17448902130126953
DC_1,DC_1,0.2403225600719452
DC_1,DC_2,0.2605513334274292
DC_1,DC_activated,0.2783359885215759
DC_1,DC_plasmacytoid,0.2544974982738495
DC_1,Deuterosomal,0.15003123879432678
DC_1,Dividing_AT2,0.2750147879123688
DC_1,Dividing_Basal,0.13318441808223724
DC_1,Endothelia_Lymphatic,-0.13478146493434906
DC_1,Endothelia_vascular_Cap_a,0.2902056574821472
DC_1,Endothelia_vascular_Cap_g,0.2853984832763672
DC_1,Endothelia_vascular_arterial_pulmonary,0.19067931175231934
DC_1,Endothelia_vascular_arterial_systemic,0.055601105093955994
DC_1,Endothelia_vascular_venous_pulmonary,-0.03128541260957718
DC_1,Endothelia_vascular_venous_systemic,-0.258441686630249
DC_1,Erythrocyte,0.27534589171409607
DC_1,Fibro_adventitial,-0.18449893593788147
DC_1,Fibro_alveolar,0.2972933053970337
DC_1,Fibro_immune_recruiting,-0.14916151762008667
DC_1,Fibro_myofibroblast,-0.14876562356948853
DC_1,Fibro_peribronchial,0.07703589648008347
DC_1,Fibro_perichondrial,-0.06018252670764923
DC_1,ILC,0.24545855820178986
DC_1,Ionocyte_n_Brush,0.15625916421413422
DC_1,MAIT,0.26743853092193604
DC_1,Macro_CHIT1,0.241162970662117
DC_1,Macro_interstitial,0.2554568350315094
DC_1,Macro_AW_CX3CR1,0.18242813646793365
DC_1,Macro_alveolar_metallothioneins,0.07924538105726242
DC_1,Macro_alv,0.25957804918289185
DC_1,Macro_dividing,0.2681824564933777
DC_1,Macro_int,0.12797585129737854
DC_1,Macro_CCL,0.2573893666267395
DC_1,Mast_cell,0.26378577947616577
DC_1,Megakaryocyte,0.17714668810367584
DC_1,Mesothelia,-0.15071699023246765
DC_1,Macrophage_intermediate,0.16173072159290314
DC_1,Monocyte_CD14,0.25221139192581177
DC_1,Monocyte_CD16,0.20659081637859344
DC_1,Muscle_airway,0.004415628034621477
DC_1,Muscle_pericyte_airway,-0.20117402076721191
DC_1,Muscle_pericyte_parenchyma,0.2710133492946625
DC_1,Muscle_perivascular_immune_recruiting,-0.1590142697095871
DC_1,Muscle_smooth_pulmonary,0.04991443455219269
DC_1,Muscle_smooth_syst_arterial,0.04283078759908676
DC_1,Myoepithelial,-0.01516987755894661
DC_1,NAF_endoneurial,0.11691297590732574
DC_1,NAF_perineurial,0.042080357670784
DC_1,NK_CD16hi,0.24773192405700684
DC_1,NKT,0.24042026698589325
DC_1,NK_CD11d,0.24178847670555115
DC_1,NK_CD56bright,0.2581751048564911
DC_1,Neuroendocrine,0.09891415387392044
DC_1,SMG_Basal,-0.04776400700211525
DC_1,SMG_Duct,-0.10679031163454056
DC_1,SMG_Mucous,0.05142921954393387
DC_1,SMG_Serous,-0.09716197103261948
DC_1,Schwann_Myelinating,0.09829995036125183
DC_1,Schwann_nonmyelinating,0.2578892111778259
DC_1,Secretory_Club,0.1581464558839798
DC_1,Secretory_Goblet,0.19991646707057953
DC_1,Suprabasal,0.06357329338788986
DC_1,T_reg,0.2662776708602905
DC_1,gdT,0.2521941661834717
DC_2,DC_2,0.2863028049468994
DC_2,DC_activated,0.30779552459716797
DC_2,DC_plasmacytoid,0.28068748116493225
DC_2,Deuterosomal,0.16104227304458618
DC_2,Dividing_AT2,0.3045476973056793
DC_2,Dividing_Basal,0.13981029391288757
DC_2,Endothelia_Lymphatic,-0.16155070066452026
DC_2,Endothelia_vascular_Cap_a,0.32018619775772095
DC_2,Endothelia_vascular_Cap_g,0.3155670464038849
DC_2,Endothelia_vascular_arterial_pulmonary,0.21364867687225342
DC_2,Endothelia_vascular_arterial_systemic,0.06581221520900726
DC_2,Endothelia_vascular_venous_pulmonary,-0.035862088203430176
DC_2,Endothelia_vascular_venous_systemic,-0.286249041557312
DC_2,Erythrocyte,0.3064079284667969
DC_2,Fibro_adventitial,-0.2083524614572525
DC_2,Fibro_alveolar,0.327199250459671
DC_2,Fibro_immune_recruiting,-0.16879992187023163
DC_2,Fibro_myofibroblast,-0.17330344021320343
DC_2,Fibro_peribronchial,0.07704009115695953
DC_2,Fibro_perichondrial,-0.06094832718372345
DC_2,ILC,0.27067193388938904
DC_2,Ionocyte_n_Brush,0.16878679394721985
DC_2,MAIT,0.2955656349658966
DC_2,Macro_CHIT1,0.26660457253456116
DC_2,Macro_interstitial,0.2816310524940491
DC_2,Macro_AW_CX3CR1,0.19907131791114807
DC_2,Macro_alveolar_metallothioneins,0.079790860414505
DC_2,Macro_alv,0.28563740849494934
DC_2,Macro_dividing,0.29603803157806396
DC_2,Macro_int,0.13372404873371124
DC_2,Macro_CCL,0.2848757803440094
DC_2,Mast_cell,0.28300783038139343
DC_2,Megakaryocyte,0.19878563284873962
DC_2,Mesothelia,-0.17162588238716125
DC_2,Macrophage_intermediate,0.1757986843585968
DC_2,Monocyte_CD14,0.2757530212402344
DC_2,Monocyte_CD16,0.22511716187000275
DC_2,Muscle_airway,0.0036311629228293896
DC_2,Muscle_pericyte_airway,-0.22726741433143616
DC_2,Muscle_pericyte_parenchyma,0.29975900053977966
DC_2,Muscle_perivascular_immune_recruiting,-0.17994476854801178
DC_2,Muscle_smooth_pulmonary,0.054141510277986526
DC_2,Muscle_smooth_syst_arterial,0.04755324497818947
DC_2,Myoepithelial,-0.012488314881920815
DC_2,NAF_endoneurial,0.1260988414287567
DC_2,NAF_perineurial,0.0458398312330246
DC_2,NK_CD16hi,0.2732303738594055
DC_2,NKT,0.2642333507537842
DC_2,NK_CD11d,0.26614314317703247
DC_2,NK_CD56bright,0.28475385904312134
DC_2,Neuroendocrine,0.1097639873623848
DC_2,SMG_Basal,-0.05534570664167404
DC_2,SMG_Duct,-0.11727341264486313
DC_2,SMG_Mucous,0.048611413687467575
DC_2,SMG_Serous,-0.10044839233160019
DC_2,Schwann_Myelinating,0.1093483567237854
DC_2,Schwann_nonmyelinating,0.2805033028125763
DC_2,Secretory_Club,0.17122583091259003
DC_2,Secretory_Goblet,0.2153221070766449
DC_2,Suprabasal,0.06667818874120712
DC_2,T_reg,0.29326149821281433
DC_2,gdT,0.2786184251308441
DC_activated,DC_activated,0.3334476947784424
DC_activated,DC_plasmacytoid,0.3036026358604431
DC_activated,Deuterosomal,0.17478634417057037
DC_activated,Dividing_AT2,0.33161529898643494
DC_activated,Dividing_Basal,0.14084000885486603
DC_activated,Endothelia_Lymphatic,-0.1940067708492279
DC_activated,Endothelia_vascular_Cap_a,0.34586459398269653
DC_activated,Endothelia_vascular_Cap_g,0.34137794375419617
DC_activated,Endothelia_vascular_arterial_pulmonary,0.23040060698986053
DC_activated,Endothelia_vascular_arterial_systemic,0.07481835782527924
DC_activated,Endothelia_vascular_venous_pulmonary,-0.048638369888067245
DC_activated,Endothelia_vascular_venous_systemic,-0.319095641374588
DC_activated,Erythrocyte,0.333315908908844
DC_activated,Fibro_adventitial,-0.23001345992088318
DC_activated,Fibro_alveolar,0.35295045375823975
DC_activated,Fibro_immune_recruiting,-0.18794719874858856
DC_activated,Fibro_myofibroblast,-0.1964952051639557
DC_activated,Fibro_peribronchial,0.07079000025987625
DC_activated,Fibro_perichondrial,-0.06106167286634445
DC_activated,ILC,0.2918687164783478
DC_activated,Ionocyte_n_Brush,0.18167836964130402
DC_activated,MAIT,0.3195672929286957
DC_activated,Macro_CHIT1,0.2879934012889862
DC_activated,Macro_interstitial,0.3026721477508545
DC_activated,Macro_AW_CX3CR1,0.2149503231048584
DC_activated,Macro_alveolar_metallothioneins,0.07552562654018402
DC_activated,Macro_alv,0.3060499131679535
DC_activated,Macro_dividing,0.31818902492523193
DC_activated,Macro_int,0.13541769981384277
DC_activated,Macro_CCL,0.30808013677597046
DC_activated,Mast_cell,0.2966472804546356
DC_activated,Megakaryocyte,0.21701039373874664
DC_activated,Mesothelia,-0.19254392385482788
DC_activated,Macrophage_intermediate,0.18562640249729156
DC_activated,Monocyte_CD14,0.2936345040798187
DC_activated,Monocyte_CD16,0.23857071995735168
DC_activated,Muscle_airway,0.0002479093964211643
DC_activated,Muscle_pericyte_airway,-0.2544015645980835
DC_activated,Muscle_pericyte_parenchyma,0.32449522614479065
DC_activated,Muscle_perivascular_immune_recruiting,-0.203339084982872
DC_activated,Muscle_smooth_pulmonary,0.05500616505742073
DC_activated,Muscle_smooth_syst_arterial,0.04860963672399521
DC_activated,Myoepithelial,-0.012336884625256062
DC_activated,NAF_endoneurial,0.12953369319438934
DC_activated,NAF_perineurial,0.04634951427578926
DC_activated,NK_CD16hi,0.2951868772506714
DC_activated,NKT,0.28337013721466064
DC_activated,NK_CD11d,0.2875722646713257
DC_activated,NK_CD56bright,0.30883437395095825
DC_activated,Neuroendocrine,0.11858455091714859
DC_activated,SMG_Basal,-0.0615847073495388
DC_activated,SMG_Duct,-0.12595915794372559
DC_activated,SMG_Mucous,0.04071015119552612
DC_activated,SMG_Serous,-0.10207667201757431
DC_activated,Schwann_Myelinating,0.11827418208122253
DC_activated,Schwann_nonmyelinating,0.29969897866249084
DC_activated,Secretory_Club,0.18691624701023102
DC_activated,Secretory_Goblet,0.23168304562568665
DC_activated,Suprabasal,0.06851240247488022
DC_activated,T_reg,0.3162023723125458
DC_activated,gdT,0.30099421739578247
DC_plasmacytoid,DC_plasmacytoid,0.2758689522743225
DC_plasmacytoid,Deuterosomal,0.15614505112171173
DC_plasmacytoid,Dividing_AT2,0.3020738661289215
DC_plasmacytoid,Dividing_Basal,0.1369522213935852
DC_plasmacytoid,Endothelia_Lymphatic,-0.16543938219547272
DC_plasmacytoid,Endothelia_vascular_Cap_a,0.317333459854126
DC_plasmacytoid,Endothelia_vascular_Cap_g,0.3126111626625061
DC_plasmacytoid,Endothelia_vascular_arterial_pulmonary,0.2081758826971054
DC_plasmacytoid,Endothelia_vascular_arterial_systemic,0.06120561435818672
DC_plasmacytoid,Endothelia_vascular_venous_pulmonary,-0.04165010154247284
DC_plasmacytoid,Endothelia_vascular_venous_systemic,-0.2875203788280487
DC_plasmacytoid,Erythrocyte,0.30331534147262573
DC_plasmacytoid,Fibro_adventitial,-0.2085026204586029
DC_plasmacytoid,Fibro_alveolar,0.32473623752593994
DC_plasmacytoid,Fibro_immune_recruiting,-0.17139895260334015
DC_plasmacytoid,Fibro_myofibroblast,-0.1738933026790619
DC_plasmacytoid,Fibro_peribronchial,0.06992879509925842
DC_plasmacytoid,Fibro_perichondrial,-0.06244033947587013
DC_plasmacytoid,ILC,0.26585379242897034
DC_plasmacytoid,Ionocyte_n_Brush,0.1648680865764618
DC_plasmacytoid,MAIT,0.2919119596481323
DC_plasmacytoid,Macro_CHIT1,0.2648250162601471
DC_plasmacytoid,Macro_interstitial,0.27814117074012756
DC_plasmacytoid,Macro_AW_CX3CR1,0.1944282203912735
DC_plasmacytoid,Macro_alveolar_metallothioneins,0.07456502318382263
DC_plasmacytoid,Macro_alv,0.28171294927597046
DC_plasmacytoid,Macro_dividing,0.2922476828098297
DC_plasmacytoid,Macro_int,0.13065539300441742
DC_plasmacytoid,Macro_CCL,0.28149178624153137
DC_plasmacytoid,Mast_cell,0.2776721715927124
DC_plasmacytoid,Megakaryocyte,0.19240689277648926
DC_plasmacytoid,Mesothelia,-0.17352032661437988
DC_plasmacytoid,Macrophage_intermediate,0.17099155485630035
DC_plasmacytoid,Monocyte_CD14,0.2723870277404785
DC_plasmacytoid,Monocyte_CD16,0.2206350415945053
DC_plasmacytoid,Muscle_airway,-4.579171945806593e-05
DC_plasmacytoid,Muscle_pericyte_airway,-0.22792506217956543
DC_plasmacytoid,Muscle_pericyte_parenchyma,0.29698967933654785
DC_plasmacytoid,Muscle_perivascular_immune_recruiting,-0.1839051991701126
DC_plasmacytoid,Muscle_smooth_pulmonary,0.050312574952840805
DC_plasmacytoid,Muscle_smooth_syst_arterial,0.04367837682366371
DC_plasmacytoid,Myoepithelial,-0.020359279587864876
DC_plasmacytoid,NAF_endoneurial,0.11848732084035873
DC_plasmacytoid,NAF_perineurial,0.042261797934770584
DC_plasmacytoid,NK_CD16hi,0.26856356859207153
DC_plasmacytoid,NKT,0.26009535789489746
DC_plasmacytoid,NK_CD11d,0.26106324791908264
DC_plasmacytoid,NK_CD56bright,0.280283659696579
DC_plasmacytoid,Neuroendocrine,0.10175463557243347
DC_plasmacytoid,SMG_Basal,-0.06192967668175697
DC_plasmacytoid,SMG_Duct,-0.12075641006231308
DC_plasmacytoid,SMG_Mucous,0.03952778875827789
DC_plasmacytoid,SMG_Serous,-0.10356572270393372
DC_plasmacytoid,Schwann_Myelinating,0.10050088912248611
DC_plasmacytoid,Schwann_nonmyelinating,0.272698312997818
DC_plasmacytoid,Secretory_Club,0.1678679883480072
DC_plasmacytoid,Secretory_Goblet,0.2119688093662262
DC_plasmacytoid,Suprabasal,0.06370449811220169
DC_plasmacytoid,T_reg,0.2888656258583069
DC_plasmacytoid,gdT,0.27414777874946594
Deuterosomal,Deuterosomal,0.06424525380134583
Deuterosomal,Dividing_AT2,0.16672344505786896
Deuterosomal,Dividing_Basal,0.06104102358222008
Deuterosomal,Endothelia_Lymphatic,-0.07849514484405518
Deuterosomal,Endothelia_vascular_Cap_a,0.1794196218252182
Deuterosomal,Endothelia_vascular_Cap_g,0.17800696194171906
Deuterosomal,Endothelia_vascular_arterial_pulmonary,0.11957288533449173
Deuterosomal,Endothelia_vascular_arterial_systemic,0.02054225094616413
Deuterosomal,Endothelia_vascular_venous_pulmonary,0.0005385336698964238
Deuterosomal,Endothelia_vascular_venous_systemic,-0.14044837653636932
Deuterosomal,Erythrocyte,0.17524679005146027
Deuterosomal,Fibro_adventitial,-0.11051692068576813
Deuterosomal,Fibro_alveolar,0.1831069439649582
Deuterosomal,Fibro_immune_recruiting,-0.08461598306894302
Deuterosomal,Fibro_myofibroblast,-0.09341852366924286
Deuterosomal,Fibro_peribronchial,0.03269585594534874
Deuterosomal,Fibro_perichondrial,-0.023416675627231598
Deuterosomal,ILC,0.15445947647094727
Deuterosomal,Ionocyte_n_Brush,0.07502605766057968
Deuterosomal,MAIT,0.16930849850177765
Deuterosomal,Macro_CHIT1,0.1562245786190033
Deuterosomal,Macro_interstitial,0.1668158769607544
Deuterosomal,Macro_AW_CX3CR1,0.11073973774909973
Deuterosomal,Macro_alveolar_metallothioneins,0.05921446532011032
Deuterosomal,Macro_alv,0.16175977885723114
Deuterosomal,Macro_dividing,0.17167115211486816
Deuterosomal,Macro_int,0.09109825640916824
Deuterosomal,Macro_CCL,0.16674447059631348
Deuterosomal,Mast_cell,0.15742060542106628
Deuterosomal,Megakaryocyte,0.11002349108457565
Deuterosomal,Mesothelia,-0.08364526927471161
Deuterosomal,Macrophage_intermediate,0.11023552715778351
Deuterosomal,Monocyte_CD14,0.16577786207199097
Deuterosomal,Monocyte_CD16,0.1379125714302063
Deuterosomal,Muscle_airway,-0.01278476882725954
Deuterosomal,Muscle_pericyte_airway,-0.11301815509796143
Deuterosomal,Muscle_pericyte_parenchyma,0.17109045386314392
Deuterosomal,Muscle_perivascular_immune_recruiting,-0.08572104573249817
Deuterosomal,Muscle_smooth_pulmonary,0.0160510390996933
Deuterosomal,Muscle_smooth_syst_arterial,0.013937645591795444
Deuterosomal,Myoepithelial,0.003472626209259033
Deuterosomal,NAF_endoneurial,0.06053348630666733
Deuterosomal,NAF_perineurial,0.015510021708905697
Deuterosomal,NK_CD16hi,0.15477994084358215
Deuterosomal,NKT,0.15579254925251007
Deuterosomal,NK_CD11d,0.14753025770187378
Deuterosomal,NK_CD56bright,0.15516597032546997
Deuterosomal,Neuroendocrine,0.0544523224234581
Deuterosomal,SMG_Basal,-0.044637132436037064
Deuterosomal,SMG_Duct,-0.056130025535821915
Deuterosomal,SMG_Mucous,0.027750646695494652
Deuterosomal,SMG_Serous,-0.04609660431742668
Deuterosomal,Schwann_Myelinating,0.05672876909375191
Deuterosomal,Schwann_nonmyelinating,0.14340072870254517
Deuterosomal,Secretory_Club,0.07863158732652664
Deuterosomal,Secretory_Goblet,0.09950008988380432
Deuterosomal,Suprabasal,0.021350957453250885
Deuterosomal,T_reg,0.16498315334320068
Deuterosomal,gdT,0.15952014923095703
Dividing_AT2,Dividing_AT2,0.33207300305366516
Dividing_AT2,Dividing_Basal,0.13514457643032074
Dividing_AT2,Endothelia_Lymphatic,-0.19885282218456268
Dividing_AT2,Endothelia_vascular_Cap_a,0.3471441864967346
Dividing_AT2,Endothelia_vascular_Cap_g,0.343054860830307
Dividing_AT2,Endothelia_vascular_arterial_pulmonary,0.23417511582374573
Dividing_AT2,Endothelia_vascular_arterial_systemic,0.07930921018123627
Dividing_AT2,Endothelia_vascular_venous_pulmonary,-0.04739063233137131
Dividing_AT2,Endothelia_vascular_venous_systemic,-0.32010191679000854
Dividing_AT2,Erythrocyte,0.33679717779159546
Dividing_AT2,Fibro_adventitial,-0.23193052411079407
Dividing_AT2,Fibro_alveolar,0.35407257080078125
Dividing_AT2,Fibro_immune_recruiting,-0.18960414826869965
Dividing_AT2,Fibro_myofibroblast,-0.20124614238739014
Dividing_AT2,Fibro_peribronchial,0.06824047118425369
Dividing_AT2,Fibro_perichondrial,-0.058406729251146317
Dividing_AT2,ILC,0.2937030792236328
Dividing_AT2,Ionocyte_n_Brush,0.1771327555179596
Dividing_AT2,MAIT,0.3217126727104187
Dividing_AT2,Macro_CHIT1,0.2895527184009552
Dividing_AT2,Macro_interstitial,0.30473965406417847
Dividing_AT2,Macro_AW_CX3CR1,0.21432659029960632
Dividing_AT2,Macro_alveolar_metallothioneins,0.07449004799127579
Dividing_AT2,Macro_alv,0.30729392170906067
Dividing_AT2,Macro_dividing,0.3202621638774872
Dividing_AT2,Macro_int,0.13385920226573944
Dividing_AT2,Macro_CCL,0.3105166256427765
Dividing_AT2,Mast_cell,0.2946512699127197
Dividing_AT2,Megakaryocyte,0.21976959705352783
Dividing_AT2,Mesothelia,-0.19445721805095673
Dividing_AT2,Macrophage_intermediate,0.18653437495231628
Dividing_AT2,Monocyte_CD14,0.2947695851325989
Dividing_AT2,Monocyte_CD16,0.2396439015865326
Dividing_AT2,Muscle_airway,0.002299870830029249
Dividing_AT2,Muscle_pericyte_airway,-0.25687849521636963
Dividing_AT2,Muscle_pericyte_parenchyma,0.3265957832336426
Dividing_AT2,Muscle_perivascular_immune_recruiting,-0.20419736206531525
Dividing_AT2,Muscle_smooth_pulmonary,0.05770253762602806
Dividing_AT2,Muscle_smooth_syst_arterial,0.051935333758592606
Dividing_AT2,Myoepithelial,-0.007967260666191578
Dividing_AT2,NAF_endoneurial,0.1310066431760788
Dividing_AT2,NAF_perineurial,0.0479917898774147
Dividing_AT2,NK_CD16hi,0.2968708872795105
Dividing_AT2,NKT,0.2852608263492584
Dividing_AT2,NK_CD11d,0.28847184777259827
Dividing_AT2,NK_CD56bright,0.30948999524116516
Dividing_AT2,Neuroendocrine,0.12003632634878159
Dividing_AT2,SMG_Basal,-0.06622329354286194
Dividing_AT2,SMG_Duct,-0.12502580881118774
Dividing_AT2,SMG_Mucous,0.03763866052031517
Dividing_AT2,SMG_Serous,-0.09758051484823227
Dividing_AT2,Schwann_Myelinating,0.12068900465965271
Dividing_AT2,Schwann_nonmyelinating,0.29939621686935425
Dividing_AT2,Secretory_Club,0.18290884792804718
Dividing_AT2,Secretory_Goblet,0.22767464816570282
Dividing_AT2,Suprabasal,0.06350720673799515
Dividing_AT2,T_reg,0.31763505935668945
Dividing_AT2,gdT,0.3032343089580536
Dividing_Basal,Dividing_Basal,0.039363957941532135
Dividing_Basal,Endothelia_Lymphatic,-0.026169143617153168
Dividing_Basal,Endothelia_vascular_Cap_a,0.10536956787109375
Dividing_Basal,Endothelia_vascular_Cap_g,0.10417640209197998
Dividing_Basal,Endothelia_vascular_arterial_pulmonary,0.051240917295217514
Dividing_Basal,Endothelia_vascular_arterial_systemic,-0.00494690565392375
Dividing_Basal,Endothelia_vascular_venous_pulmonary,0.002328724367544055
Dividing_Basal,Endothelia_vascular_venous_systemic,-0.08236658573150635
Dividing_Basal,Erythrocyte,0.10859851539134979
Dividing_Basal,Fibro_adventitial,-0.024047963321208954
Dividing_Basal,Fibro_alveolar,0.1040443629026413
Dividing_Basal,Fibro_immune_recruiting,0.006192100699990988
Dividing_Basal,Fibro_myofibroblast,-0.023569684475660324
Dividing_Basal,Fibro_peribronchial,0.004961774684488773
Dividing_Basal,Fibro_perichondrial,-0.0433504544198513
Dividing_Basal,ILC,0.116234689950943
Dividing_Basal,Ionocyte_n_Brush,0.05019575357437134
Dividing_Basal,MAIT,0.11655150353908539
Dividing_Basal,Macro_CHIT1,0.10103495419025421
Dividing_Basal,Macro_interstitial,0.11956009268760681
Dividing_Basal,Macro_AW_CX3CR1,0.11676561832427979
Dividing_Basal,Macro_alveolar_metallothioneins,0.09756777435541153
Dividing_Basal,Macro_alv,0.09673407673835754
Dividing_Basal,Macro_dividing,0.11277102679014206
Dividing_Basal,Macro_int,0.11339997500181198
Dividing_Basal,Macro_CCL,0.11855308711528778
Dividing_Basal,Mast_cell,0.11211582273244858
Dividing_Basal,Megakaryocyte,0.08270525187253952
Dividing_Basal,Mesothelia,0.011908180080354214
Dividing_Basal,Macrophage_intermediate,0.11278007179498672
Dividing_Basal,Monocyte_CD14,0.11796686798334122
Dividing_Basal,Monocyte_CD16,0.11889468878507614
Dividing_Basal,Muscle_airway,-0.049329839646816254
Dividing_Basal,Muscle_pericyte_airway,-0.040629301220178604
Dividing_Basal,Muscle_pericyte_parenchyma,0.10602883249521255
Dividing_Basal,Muscle_perivascular_immune_recruiting,0.0036128906067460775
Dividing_Basal,Muscle_smooth_pulmonary,-0.028696347028017044
Dividing_Basal,Muscle_smooth_syst_arterial,-0.02545219287276268
Dividing_Basal,Myoepithelial,0.06206996738910675
Dividing_Basal,NAF_endoneurial,0.01629622094333172
Dividing_Basal,NAF_perineurial,-0.039719052612781525
Dividing_Basal,NK_CD16hi,0.1191163957118988
Dividing_Basal,NKT,0.11869923770427704
Dividing_Basal,NK_CD11d,0.11776626110076904
Dividing_Basal,NK_CD56bright,0.111107736825943
Dividing_Basal,Neuroendocrine,0.07792770862579346
Dividing_Basal,SMG_Basal,-0.010312761180102825
Dividing_Basal,SMG_Duct,0.03586963936686516
Dividing_Basal,SMG_Mucous,0.10294788330793381
Dividing_Basal,SMG_Serous,0.03648762404918671
Dividing_Basal,Schwann_Myelinating,0.08439501374959946
Dividing_Basal,Schwann_nonmyelinating,0.08773716539144516
Dividing_Basal,Secretory_Club,0.07361721247434616
Dividing_Basal,Secretory_Goblet,0.0752120390534401
Dividing_Basal,Suprabasal,0.008247573859989643
Dividing_Basal,T_reg,0.11494830995798111
Dividing_Basal,gdT,0.11720840632915497
Endothelia_Lymphatic,Endothelia_Lymphatic,0.18578730523586273
Endothelia_Lymphatic,Endothelia_vascular_Cap_a,-0.21925845742225647
Endothelia_Lymphatic,Endothelia_vascular_Cap_g,-0.21931593120098114
Endothelia_Lymphatic,Endothelia_vascular_arterial_pulmonary,-0.18100592494010925
Endothelia_Lymphatic,Endothelia_vascular_arterial_systemic,-0.09378904104232788
Endothelia_Lymphatic,Endothelia_vascular_venous_pulmonary,0.04140794649720192
Endothelia_Lymphatic,Endothelia_vascular_venous_systemic,0.2099960595369339
Endothelia_Lymphatic,Erythrocyte,-0.2188979983329773
Endothelia_Lymphatic,Fibro_adventitial,0.19324623048305511
Endothelia_Lymphatic,Fibro_alveolar,-0.22005519270896912
Endothelia_Lymphatic,Fibro_immune_recruiting,0.17754040658473969
Endothelia_Lymphatic,Fibro_myofibroblast,0.18337537348270416
Endothelia_Lymphatic,Fibro_peribronchial,-0.030176527798175812
Endothelia_Lymphatic,Fibro_perichondrial,-0.02449049800634384
Endothelia_Lymphatic,ILC,-0.16477280855178833
Endothelia_Lymphatic,Ionocyte_n_Brush,-0.097115658223629
Endothelia_Lymphatic,MAIT,-0.19021472334861755
Endothelia_Lymphatic,Macro_CHIT1,-0.172991082072258
Endothelia_Lymphatic,Macro_interstitial,-0.1742722988128662
Endothelia_Lymphatic,Macro_AW_CX3CR1,-0.08553440123796463
Endothelia_Lymphatic,Macro_alveolar_metallothioneins,0.027634968981146812
Endothelia_Lymphatic,Macro_alv,-0.19211043417453766
Endothelia_Lymphatic,Macro_dividing,-0.19419631361961365
Endothelia_Lymphatic,Macro_int,-0.0061111487448215485
Endothelia_Lymphatic,Macro_CCL,-0.18235649168491364
Endothelia_Lymphatic,Mast_cell,-0.13921821117401123
Endothelia_Lymphatic,Megakaryocyte,-0.13982608914375305
Endothelia_Lymphatic,Mesothelia,0.19034956395626068
Endothelia_Lymphatic,Macrophage_intermediate,-0.068388432264328
Endothelia_Lymphatic,Monocyte_CD14,-0.15861757099628448
Endothelia_Lymphatic,Monocyte_CD16,-0.11042238026857376
Endothelia_Lymphatic,Muscle_airway,-0.04345689341425896
Endothelia_Lymphatic,Muscle_pericyte_airway,0.20566536486148834
Endothelia_Lymphatic,Muscle_pericyte_parenchyma,-0.2049432247877121
Endothelia_Lymphatic,Muscle_perivascular_immune_recruiting,0.18415379524230957
Endothelia_Lymphatic,Muscle_smooth_pulmonary,-0.07576990872621536
Endothelia_Lymphatic,Muscle_smooth_syst_arterial,-0.0757625624537468
Endothelia_Lymphatic,Myoepithelial,0.030744897201657295
Endothelia_Lymphatic,NAF_endoneurial,-0.10140543431043625
Endothelia_Lymphatic,NAF_perineurial,-0.07729092985391617
Endothelia_Lymphatic,NK_CD16hi,-0.16628871858119965
Endothelia_Lymphatic,NKT,-0.15505556762218475
Endothelia_Lymphatic,NK_CD11d,-0.15698565542697906
Endothelia_Lymphatic,NK_CD56bright,-0.1799382120370865
Endothelia_Lymphatic,Neuroendocrine,-0.04364313930273056
Endothelia_Lymphatic,SMG_Basal,0.054468508809804916
Endothelia_Lymphatic,SMG_Duct,0.12672710418701172
Endothelia_Lymphatic,SMG_Mucous,0.0630820021033287
Endothelia_Lymphatic,SMG_Serous,0.08803588896989822
Endothelia_Lymphatic,Schwann_Myelinating,-0.048972900956869125
Endothelia_Lymphatic,Schwann_nonmyelinating,-0.17791087925434113
Endothelia_Lymphatic,Secretory_Club,-0.07572289556264877
Endothelia_Lymphatic,Secretory_Goblet,-0.11077850311994553
Endothelia_Lymphatic,Suprabasal,-0.029905248433351517
Endothelia_Lymphatic,T_reg,-0.18527773022651672
Endothelia_Lymphatic,gdT,-0.17402738332748413
Endothelia_vascular_Cap_a,Endothelia_vascular_Cap_a,0.35293659567832947
Endothelia_vascular_Cap_a,Endothelia_vascular_Cap_g,0.34869584441185
Endothelia_vascular_Cap_a,Endothelia_vascular_arterial_pulmonary,0.23189499974250793
Endothelia_vascular_Cap_a,Endothelia_vascular_arterial_systemic,0.07652216404676437
Endothelia_vascular_Cap_a,Endothelia_vascular_venous_pulmonary,-0.05506366491317749
Endothelia_vascular_Cap_a,Endothelia_vascular_venous_systemic,-0.33246392011642456
Endothelia_vascular_Cap_a,Erythrocyte,0.34344369173049927
Endothelia_vascular_Cap_a,Fibro_adventitial,-0.2320757955312729
Endothelia_vascular_Cap_a,Fibro_alveolar,0.36015424132347107
Endothelia_vascular_Cap_a,Fibro_immune_recruiting,-0.18706275522708893
Endothelia_vascular_Cap_a,Fibro_myofibroblast,-0.2019997388124466
Endothelia_vascular_Cap_a,Fibro_peribronchial,0.06180550158023834
Endothelia_vascular_Cap_a,Fibro_perichondrial,-0.0651116818189621
Endothelia_vascular_Cap_a,ILC,0.30247190594673157
Endothelia_vascular_Cap_a,Ionocyte_n_Brush,0.18473686277866364
Endothelia_vascular_Cap_a,MAIT,0.3301583230495453
Endothelia_vascular_Cap_a,Macro_CHIT1,0.29629918932914734
Endothelia_vascular_Cap_a,Macro_interstitial,0.312389075756073
Endothelia_vascular_Cap_a,Macro_AW_CX3CR1,0.22818830609321594
Endothelia_vascular_Cap_a,Macro_alveolar_metallothioneins,0.08057499676942825
Endothelia_vascular_Cap_a,Macro_alv,0.3111240565776825
Endothelia_vascular_Cap_a,Macro_dividing,0.32607877254486084
Endothelia_vascular_Cap_a,Macro_int,0.1428731083869934
Endothelia_vascular_Cap_a,Macro_CCL,0.31911739706993103
Endothelia_vascular_Cap_a,Mast_cell,0.30131474137306213
Endothelia_vascular_Cap_a,Megakaryocyte,0.22603926062583923
Endothelia_vascular_Cap_a,Mesothelia,-0.19152964651584625
Endothelia_vascular_Cap_a,Macrophage_intermediate,0.19550952315330505
Endothelia_vascular_Cap_a,Monocyte_CD14,0.30126842856407166
Endothelia_vascular_Cap_a,Monocyte_CD16,0.2475588023662567
Endothelia_vascular_Cap_a,Muscle_airway,-0.00945971067994833
Endothelia_vascular_Cap_a,Muscle_pericyte_airway,-0.2612529397010803
Endothelia_vascular_Cap_a,Muscle_pericyte_parenchyma,0.3331710398197174
Endothelia_vascular_Cap_a,Muscle_perivascular_immune_recruiting,-0.2055930346250534
Endothelia_vascular_Cap_a,Muscle_smooth_pulmonary,0.047539710998535156
Endothelia_vascular_Cap_a,Muscle_smooth_syst_arterial,0.041768286377191544
Endothelia_vascular_Cap_a,Myoepithelial,-0.003485648659989238
Endothelia_vascular_Cap_a,NAF_endoneurial,0.12339978665113449
Endothelia_vascular_Cap_a,NAF_perineurial,0.03656362369656563
Endothelia_vascular_Cap_a,NK_CD16hi,0.306356817483902
Endothelia_vascular_Cap_a,NKT,0.29312998056411743
Endothelia_vascular_Cap_a,NK_CD11d,0.29887935519218445
Endothelia_vascular_Cap_a,NK_CD56bright,0.3196210563182831
Endothelia_vascular_Cap_a,Neuroendocrine,0.12855805456638336
Endothelia_vascular_Cap_a,SMG_Basal,-0.06496269255876541
Endothelia_vascular_Cap_a,SMG_Duct,-0.11819715052843094
Endothelia_vascular_Cap_a,SMG_Mucous,0.044861335307359695
Endothelia_vascular_Cap_a,SMG_Serous,-0.08972679078578949
Endothelia_vascular_Cap_a,Schwann_Myelinating,0.12832604348659515
Endothelia_vascular_Cap_a,Schwann_nonmyelinating,0.3041731119155884
Endothelia_vascular_Cap_a,Secretory_Club,0.1970822513103485
Endothelia_vascular_Cap_a,Secretory_Goblet,0.23845228552818298
Endothelia_vascular_Cap_a,Suprabasal,0.0656832754611969
Endothelia_vascular_Cap_a,T_reg,0.3259009122848511
Endothelia_vascular_Cap_a,gdT,0.31186643242836
Endothelia_vascular_Cap_g,Endothelia_vascular_Cap_g,0.34488847851753235
Endothelia_vascular_Cap_g,Endothelia_vascular_arterial_pulmonary,0.2295408844947815
Endothelia_vascular_Cap_g,Endothelia_vascular_arterial_systemic,0.07600846886634827
Endothelia_vascular_Cap_g,Endothelia_vascular_venous_pulmonary,-0.05734486132860184
Endothelia_vascular_Cap_g,Endothelia_vascular_venous_systemic,-0.33039355278015137
Endothelia_vascular_Cap_g,Erythrocyte,0.3394826352596283
Endothelia_vascular_Cap_g,Fibro_adventitial,-0.23252692818641663
Endothelia_vascular_Cap_g,Fibro_alveolar,0.35619276762008667
Endothelia_vascular_Cap_g,Fibro_immune_recruiting,-0.18875402212142944
Endothelia_vascular_Cap_g,Fibro_myofibroblast,-0.20268727838993073
Endothelia_vascular_Cap_g,Fibro_peribronchial,0.0593637153506279
Endothelia_vascular_Cap_g,Fibro_perichondrial,-0.06351660937070847
Endothelia_vascular_Cap_g,ILC,0.2976073920726776
Endothelia_vascular_Cap_g,Ionocyte_n_Brush,0.18334954977035522
Endothelia_vascular_Cap_g,MAIT,0.3255932033061981
Endothelia_vascular_Cap_g,Macro_CHIT1,0.29284754395484924
Endothelia_vascular_Cap_g,Macro_interstitial,0.30787110328674316
Endothelia_vascular_Cap_g,Macro_AW_CX3CR1,0.223035529255867
Endothelia_vascular_Cap_g,Macro_alveolar_metallothioneins,0.0755062997341156
Endothelia_vascular_Cap_g,Macro_alv,0.30781710147857666
Endothelia_vascular_Cap_g,Macro_dividing,0.32201287150382996
Endothelia_vascular_Cap_g,Macro_int,0.13759511709213257
Endothelia_vascular_Cap_g,Macro_CCL,0.3145776391029358
Endothelia_vascular_Cap_g,Mast_cell,0.2960094213485718
Endothelia_vascular_Cap_g,Megakaryocyte,0.22265087068080902
Endothelia_vascular_Cap_g,Mesothelia,-0.19330118596553802
Endothelia_vascular_Cap_g,Macrophage_intermediate,0.19023030996322632
Endothelia_vascular_Cap_g,Monocyte_CD14,0.2963542640209198
Endothelia_vascular_Cap_g,Monocyte_CD16,0.24231237173080444
Endothelia_vascular_Cap_g,Muscle_airway,-0.008754145354032516
Endothelia_vascular_Cap_g,Muscle_pericyte_airway,-0.26117372512817383
Endothelia_vascular_Cap_g,Muscle_pericyte_parenchyma,0.32913339138031006
Endothelia_vascular_Cap_g,Muscle_perivascular_immune_recruiting,-0.20731617510318756
Endothelia_vascular_Cap_g,Muscle_smooth_pulmonary,0.04745844006538391
Endothelia_vascular_Cap_g,Muscle_smooth_syst_arterial,0.042006347328424454
Endothelia_vascular_Cap_g,Myoepithelial,-0.007438973058015108
Endothelia_vascular_Cap_g,NAF_endoneurial,0.12130914628505707
Endothelia_vascular_Cap_g,NAF_perineurial,0.03705447167158127
Endothelia_vascular_Cap_g,NK_CD16hi,0.3015688359737396
Endothelia_vascular_Cap_g,NKT,0.2881999909877777
Endothelia_vascular_Cap_g,NK_CD11d,0.294181764125824
Endothelia_vascular_Cap_g,NK_CD56bright,0.3154582679271698
Endothelia_vascular_Cap_g,Neuroendocrine,0.1243371069431305
Endothelia_vascular_Cap_g,SMG_Basal,-0.06536240130662918
Endothelia_vascular_Cap_g,SMG_Duct,-0.12053688615560532
Endothelia_vascular_Cap_g,SMG_Mucous,0.03968914970755577
Endothelia_vascular_Cap_g,SMG_Serous,-0.09215842187404633
Endothelia_vascular_Cap_g,Schwann_Myelinating,0.12376914918422699
Endothelia_vascular_Cap_g,Schwann_nonmyelinating,0.2993832230567932
Endothelia_vascular_Cap_g,Secretory_Club,0.19404612481594086
Endothelia_vascular_Cap_g,Secretory_Goblet,0.23612961173057556
Endothelia_vascular_Cap_g,Suprabasal,0.06589662283658981
Endothelia_vascular_Cap_g,T_reg,0.3213976323604584
Endothelia_vascular_Cap_g,gdT,0.3070303201675415
Endothelia_vascular_arterial_pulmonary,Endothelia_vascular_arterial_pulmonary,0.12680846452713013
Endothelia_vascular_arterial_pulmonary,Endothelia_vascular_arterial_systemic,0.018763743340969086
Endothelia_vascular_arterial_pulmonary,Endothelia_vascular_venous_pulmonary,-0.0640149861574173
Endothelia_vascular_arterial_pulmonary,Endothelia_vascular_venous_systemic,-0.2144804745912552
Endothelia_vascular_arterial_pulmonary,Erythrocyte,0.21007879078388214
Endothelia_vascular_arterial_pulmonary,Fibro_adventitial,-0.15539829432964325
Endothelia_vascular_arterial_pulmonary,Fibro_alveolar,0.2129666805267334
Endothelia_vascular_arterial_pulmonary,Fibro_immune_recruiting,-0.1273016333580017
Endothelia_vascular_arterial_pulmonary,Fibro_myofibroblast,-0.14573340117931366
Endothelia_vascular_arterial_pulmonary,Fibro_peribronchial,-0.007633528206497431
Endothelia_vascular_arterial_pulmonary,Fibro_perichondrial,-0.02844928205013275
Endothelia_vascular_arterial_pulmonary,ILC,0.17797240614891052
Endothelia_vascular_arterial_pulmonary,Ionocyte_n_Brush,0.12102857232093811
Endothelia_vascular_arterial_pulmonary,MAIT,0.19798806309700012
Endothelia_vascular_arterial_pulmonary,Macro_CHIT1,0.18265162408351898
Endothelia_vascular_arterial_pulmonary,Macro_interstitial,0.19010896980762482
Endothelia_vascular_arterial_pulmonary,Macro_AW_CX3CR1,0.13539673388004303
Endothelia_vascular_arterial_pulmonary,Macro_alveolar_metallothioneins,0.03162284195423126
Endothelia_vascular_arterial_pulmonary,Macro_alv,0.18958820402622223
Endothelia_vascular_arterial_pulmonary,Macro_dividing,0.20015239715576172
Endothelia_vascular_arterial_pulmonary,Macro_int,0.07904631644487381
Endothelia_vascular_arterial_pulmonary,Macro_CCL,0.19433031976222992
Endothelia_vascular_arterial_pulmonary,Mast_cell,0.1616932451725006
Endothelia_vascular_arterial_pulmonary,Megakaryocyte,0.13601069152355194
Endothelia_vascular_arterial_pulmonary,Mesothelia,-0.12636606395244598
Endothelia_vascular_arterial_pulmonary,Macrophage_intermediate,0.10909321159124374
Endothelia_vascular_arterial_pulmonary,Monocyte_CD14,0.17709679901599884
Endothelia_vascular_arterial_pulmonary,Monocyte_CD16,0.1418278068304062
Endothelia_vascular_arterial_pulmonary,Muscle_airway,-0.04023662954568863
Endothelia_vascular_arterial_pulmonary,Muscle_pericyte_airway,-0.1746111512184143
Endothelia_vascular_arterial_pulmonary,Muscle_pericyte_parenchyma,0.1972675919532776
Endothelia_vascular_arterial_pulmonary,Muscle_perivascular_immune_recruiting,-0.14145489037036896
Endothelia_vascular_arterial_pulmonary,Muscle_smooth_pulmonary,-0.0048353965394198895
Endothelia_vascular_arterial_pulmonary,Muscle_smooth_syst_arterial,-0.0009032632224261761
Endothelia_vascular_arterial_pulmonary,Myoepithelial,-0.011419444344937801
Endothelia_vascular_arterial_pulmonary,NAF_endoneurial,0.043406806886196136
Endothelia_vascular_arterial_pulmonary,NAF_perineurial,-0.004177563823759556
Endothelia_vascular_arterial_pulmonary,NK_CD16hi,0.18252462148666382
Endothelia_vascular_arterial_pulmonary,NKT,0.17145787179470062
Endothelia_vascular_arterial_pulmonary,NK_CD11d,0.17932391166687012
Endothelia_vascular_arterial_pulmonary,NK_CD56bright,0.19593557715415955
Endothelia_vascular_arterial_pulmonary,Neuroendocrine,0.06397084146738052
Endothelia_vascular_arterial_pulmonary,SMG_Basal,-0.036678873002529144
Endothelia_vascular_arterial_pulmonary,SMG_Duct,-0.07070192694664001
Endothelia_vascular_arterial_pulmonary,SMG_Mucous,0.01758444495499134
Endothelia_vascular_arterial_pulmonary,SMG_Serous,-0.05170648545026779
Endothelia_vascular_arterial_pulmonary,Schwann_Myelinating,0.05919448286294937
Endothelia_vascular_arterial_pulmonary,Schwann_nonmyelinating,0.15658587217330933
Endothelia_vascular_arterial_pulmonary,Secretory_Club,0.13001522421836853
Endothelia_vascular_arterial_pulmonary,Secretory_Goblet,0.1491343379020691
Endothelia_vascular_arterial_pulmonary,Suprabasal,0.04754744842648506
Endothelia_vascular_arterial_pulmonary,T_reg,0.19467346370220184
Endothelia_vascular_arterial_pulmonary,gdT,0.18433217704296112
Endothelia_vascular_arterial_systemic,Endothelia_vascular_arterial_systemic,-0.04225265979766846
Endothelia_vascular_arterial_systemic,Endothelia_vascular_venous_pulmonary,-0.046561386436223984
Endothelia_vascular_arterial_systemic,Endothelia_vascular_venous_systemic,-0.06095736473798752
Endothelia_vascular_arterial_systemic,Erythrocyte,0.04332050308585167
Endothelia_vascular_arterial_systemic,Fibro_adventitial,-0.04232565313577652
Endothelia_vascular_arterial_systemic,Fibro_alveolar,0.03901375085115433
Endothelia_vascular_arterial_systemic,Fibro_immune_recruiting,-0.03852471709251404
Endothelia_vascular_arterial_systemic,Fibro_myofibroblast,-0.0492478646337986
Endothelia_vascular_arterial_systemic,Fibro_peribronchial,-0.052375514060258865
Endothelia_vascular_arterial_systemic,Fibro_perichondrial,-0.0015467440243810415
Endothelia_vascular_arterial_systemic,ILC,0.027254698798060417
Endothelia_vascular_arterial_systemic,Ionocyte_n_Brush,0.022854918614029884
Endothelia_vascular_arterial_systemic,MAIT,0.03601791709661484
Endothelia_vascular_arterial_systemic,Macro_CHIT1,0.03816647827625275
Endothelia_vascular_arterial_systemic,Macro_interstitial,0.037643589079380035
Endothelia_vascular_arterial_systemic,Macro_AW_CX3CR1,0.022073933854699135
Endothelia_vascular_arterial_systemic,Macro_alveolar_metallothioneins,-0.010878503322601318
Endothelia_vascular_arterial_systemic,Macro_alv,0.0374954417347908
Endothelia_vascular_arterial_systemic,Macro_dividing,0.042297933250665665
Endothelia_vascular_arterial_systemic,Macro_int,0.01224370114505291
Endothelia_vascular_arterial_systemic,Macro_CCL,0.03904605284333229
Endothelia_vascular_arterial_systemic,Mast_cell,0.008344452828168869
Endothelia_vascular_arterial_systemic,Megakaryocyte,0.01412994135171175
Endothelia_vascular_arterial_systemic,Mesothelia,-0.03247140720486641
Endothelia_vascular_arterial_systemic,Macrophage_intermediate,0.012713824398815632
Endothelia_vascular_arterial_systemic,Monocyte_CD14,0.03279423341155052
Endothelia_vascular_arterial_systemic,Monocyte_CD16,0.019556719809770584
Endothelia_vascular_arterial_systemic,Muscle_airway,-0.04829126596450806
Endothelia_vascular_arterial_systemic,Muscle_pericyte_airway,-0.04854673892259598
Endothelia_vascular_arterial_systemic,Muscle_pericyte_parenchyma,0.03515326976776123
Endothelia_vascular_arterial_systemic,Muscle_perivascular_immune_recruiting,-0.046278201043605804
Endothelia_vascular_arterial_systemic,Muscle_smooth_pulmonary,-0.039042286574840546
Endothelia_vascular_arterial_systemic,Muscle_smooth_syst_arterial,-0.031230289489030838
Endothelia_vascular_arterial_systemic,Myoepithelial,-0.008104299195110798
Endothelia_vascular_arterial_systemic,NAF_endoneurial,-0.02603995054960251
Endothelia_vascular_arterial_systemic,NAF_perineurial,-0.032460663467645645
Endothelia_vascular_arterial_systemic,NK_CD16hi,0.03004205971956253
Endothelia_vascular_arterial_systemic,NKT,0.02724365144968033
Endothelia_vascular_arterial_systemic,NK_CD11d,0.028748590499162674
Endothelia_vascular_arterial_systemic,NK_CD56bright,0.0352323018014431
Endothelia_vascular_arterial_systemic,Neuroendocrine,-0.009217830374836922
Endothelia_vascular_arterial_systemic,SMG_Basal,-0.010485395789146423
Endothelia_vascular_arterial_systemic,SMG_Duct,-0.014073074795305729
Endothelia_vascular_arterial_systemic,SMG_Mucous,-0.009025383740663528
Endothelia_vascular_arterial_systemic,SMG_Serous,-0.007150632329285145
Endothelia_vascular_arterial_systemic,Schwann_Myelinating,-0.015139498747885227
Endothelia_vascular_arterial_systemic,Schwann_nonmyelinating,-0.003694665152579546
Endothelia_vascular_arterial_systemic,Secretory_Club,0.027089787647128105
Endothelia_vascular_arterial_systemic,Secretory_Goblet,0.019952133297920227
Endothelia_vascular_arterial_systemic,Suprabasal,0.006361497100442648
Endothelia_vascular_arterial_systemic,T_reg,0.03211897239089012
Endothelia_vascular_arterial_systemic,gdT,0.030177241191267967
Endothelia_vascular_venous_pulmonary,Endothelia_vascular_venous_pulmonary,-0.023025372996926308
Endothelia_vascular_venous_pulmonary,Endothelia_vascular_venous_systemic,0.0451764315366745
Endothelia_vascular_venous_pulmonary,Erythrocyte,-0.07316324859857559
Endothelia_vascular_venous_pulmonary,Fibro_adventitial,0.0528506264090538
Endothelia_vascular_venous_pulmonary,Fibro_alveolar,-0.07036997377872467
Endothelia_vascular_venous_pulmonary,Fibro_immune_recruiting,0.04640698432922363
Endothelia_vascular_venous_pulmonary,Fibro_myofibroblast,0.051515497267246246
Endothelia_vascular_venous_pulmonary,Fibro_peribronchial,-0.03806272894144058
Endothelia_vascular_venous_pulmonary,Fibro_perichondrial,-0.0294081699103117
Endothelia_vascular_venous_pulmonary,ILC,-0.05774880573153496
Endothelia_vascular_venous_pulmonary,Ionocyte_n_Brush,-0.013552394695580006
Endothelia_vascular_venous_pulmonary,MAIT,-0.06316465139389038
Endothelia_vascular_venous_pulmonary,Macro_CHIT1,-0.05237024277448654
Endothelia_vascular_venous_pulmonary,Macro_interstitial,-0.056658074259757996
Endothelia_vascular_venous_pulmonary,Macro_AW_CX3CR1,-0.026752667501568794
Endothelia_vascular_venous_pulmonary,Macro_alveolar_metallothioneins,0.0017146322643384337
Endothelia_vascular_venous_pulmonary,Macro_alv,-0.05855316296219826
Endothelia_vascular_venous_pulmonary,Macro_dividing,-0.061543285846710205
Endothelia_vascular_venous_pulmonary,Macro_int,0.0002752963046077639
Endothelia_vascular_venous_pulmonary,Macro_CCL,-0.06034737825393677
Endothelia_vascular_venous_pulmonary,Mast_cell,-0.047440968453884125
Endothelia_vascular_venous_pulmonary,Megakaryocyte,-0.053393080830574036
Endothelia_vascular_venous_pulmonary,Mesothelia,0.0548115149140358
Endothelia_vascular_venous_pulmonary,Macrophage_intermediate,-0.029367489740252495
Endothelia_vascular_venous_pulmonary,Monocyte_CD14,-0.053590815514326096
Endothelia_vascular_venous_pulmonary,Monocyte_CD16,-0.040846534073352814
Endothelia_vascular_venous_pulmonary,Muscle_airway,-0.040558822453022
Endothelia_vascular_venous_pulmonary,Muscle_pericyte_airway,0.05352936312556267
Endothelia_vascular_venous_pulmonary,Muscle_pericyte_parenchyma,-0.06943623721599579
Endothelia_vascular_venous_pulmonary,Muscle_perivascular_immune_recruiting,0.04243748262524605
Endothelia_vascular_venous_pulmonary,Muscle_smooth_pulmonary,-0.05093219876289368
Endothelia_vascular_venous_pulmonary,Muscle_smooth_syst_arterial,-0.04724413901567459
Endothelia_vascular_venous_pulmonary,Myoepithelial,-0.01514905784279108
Endothelia_vascular_venous_pulmonary,NAF_endoneurial,-0.05789164453744888
Endothelia_vascular_venous_pulmonary,NAF_perineurial,-0.048726990818977356
Endothelia_vascular_venous_pulmonary,NK_CD16hi,-0.05589040741324425
Endothelia_vascular_venous_pulmonary,NKT,-0.05431799590587616
Endothelia_vascular_venous_pulmonary,NK_CD11d,-0.05028250440955162
Endothelia_vascular_venous_pulmonary,NK_CD56bright,-0.054051585495471954
Endothelia_vascular_venous_pulmonary,Neuroendocrine,-0.028009038418531418
Endothelia_vascular_venous_pulmonary,SMG_Basal,0.013378605246543884
Endothelia_vascular_venous_pulmonary,SMG_Duct,0.03233928978443146
Endothelia_vascular_venous_pulmonary,SMG_Mucous,0.017215004190802574
Endothelia_vascular_venous_pulmonary,SMG_Serous,0.0118932593613863
Endothelia_vascular_venous_pulmonary,Schwann_Myelinating,-0.034508559852838516
Endothelia_vascular_venous_pulmonary,Schwann_nonmyelinating,-0.0719015821814537
Endothelia_vascular_venous_pulmonary,Secretory_Club,-0.009235936217010021
Endothelia_vascular_venous_pulmonary,Secretory_Goblet,-0.012591853737831116
Endothelia_vascular_venous_pulmonary,Suprabasal,0.00589716574177146
Endothelia_vascular_venous_pulmonary,T_reg,-0.060390159487724304
Endothelia_vascular_venous_pulmonary,gdT,-0.060815002769231796
Endothelia_vascular_venous_systemic,Endothelia_vascular_venous_systemic,0.3109388053417206
Endothelia_vascular_venous_systemic,Erythrocyte,-0.3368348777294159
Endothelia_vascular_venous_systemic,Fibro_adventitial,0.23111167550086975
Endothelia_vascular_venous_systemic,Fibro_alveolar,-0.35448896884918213
Endothelia_vascular_venous_systemic,Fibro_immune_recruiting,0.19499149918556213
Endothelia_vascular_venous_systemic,Fibro_myofibroblast,0.20257103443145752
Endothelia_vascular_venous_systemic,Fibro_peribronchial,-0.07768261432647705
Endothelia_vascular_venous_systemic,Fibro_perichondrial,0.037894267588853836
Endothelia_vascular_venous_systemic,ILC,-0.28862184286117554
Endothelia_vascular_venous_systemic,Ionocyte_n_Brush,-0.15314160287380219
Endothelia_vascular_venous_systemic,MAIT,-0.3183029294013977
Endothelia_vascular_venous_systemic,Macro_CHIT1,-0.2836073338985443
Endothelia_vascular_venous_systemic,Macro_interstitial,-0.29725924134254456
Endothelia_vascular_venous_systemic,Macro_AW_CX3CR1,-0.201450914144516
Endothelia_vascular_venous_systemic,Macro_alveolar_metallothioneins,-0.057570621371269226
Endothelia_vascular_venous_systemic,Macro_alv,-0.2967137396335602
Endothelia_vascular_venous_systemic,Macro_dividing,-0.31107625365257263
Endothelia_vascular_venous_systemic,Macro_int,-0.11632805317640305
Endothelia_vascular_venous_systemic,Macro_CCL,-0.3058641850948334
Endothelia_vascular_venous_systemic,Mast_cell,-0.2848424017429352
Endothelia_vascular_venous_systemic,Megakaryocyte,-0.21500243246555328
Endothelia_vascular_venous_systemic,Mesothelia,0.205429345369339
Endothelia_vascular_venous_systemic,Macrophage_intermediate,-0.17790575325489044
Endothelia_vascular_venous_systemic,Monocyte_CD14,-0.28995734453201294
Endothelia_vascular_venous_systemic,Monocyte_CD16,-0.231501966714859
Endothelia_vascular_venous_systemic,Muscle_airway,-0.019571390002965927
Endothelia_vascular_venous_systemic,Muscle_pericyte_airway,0.25559860467910767
Endothelia_vascular_venous_systemic,Muscle_pericyte_parenchyma,-0.32903289794921875
Endothelia_vascular_venous_systemic,Muscle_perivascular_immune_recruiting,0.21063479781150818
Endothelia_vascular_venous_systemic,Muscle_smooth_pulmonary,-0.07318873703479767
Endothelia_vascular_venous_systemic,Muscle_smooth_syst_arterial,-0.06254225969314575
Endothelia_vascular_venous_systemic,Myoepithelial,0.009575522504746914
Endothelia_vascular_venous_systemic,NAF_endoneurial,-0.13744187355041504
Endothelia_vascular_venous_systemic,NAF_perineurial,-0.06541740894317627
Endothelia_vascular_venous_systemic,NK_CD16hi,-0.28990253806114197
Endothelia_vascular_venous_systemic,NKT,-0.28036996722221375
Endothelia_vascular_venous_systemic,NK_CD11d,-0.2777934968471527
Endothelia_vascular_venous_systemic,NK_CD56bright,-0.2988034188747406
Endothelia_vascular_venous_systemic,Neuroendocrine,-0.11364766210317612
Endothelia_vascular_venous_systemic,SMG_Basal,0.08049704879522324
Endothelia_vascular_venous_systemic,SMG_Duct,0.13733240962028503
Endothelia_vascular_venous_systemic,SMG_Mucous,-0.000403480400564149
Endothelia_vascular_venous_systemic,SMG_Serous,0.09612743556499481
Endothelia_vascular_venous_systemic,Schwann_Myelinating,-0.11576462537050247
Endothelia_vascular_venous_systemic,Schwann_nonmyelinating,-0.29818278551101685
Endothelia_vascular_venous_systemic,Secretory_Club,-0.16183476150035858
Endothelia_vascular_venous_systemic,Secretory_Goblet,-0.1977483630180359
Endothelia_vascular_venous_systemic,Suprabasal,-0.04070945456624031
Endothelia_vascular_venous_systemic,T_reg,-0.31076955795288086
Endothelia_vascular_venous_systemic,gdT,-0.29947397112846375
Erythrocyte,Erythrocyte,0.33356887102127075
Erythrocyte,Fibro_adventitial,-0.23684099316596985
Erythrocyte,Fibro_alveolar,0.3524405360221863
Erythrocyte,Fibro_immune_recruiting,-0.19641371071338654
Erythrocyte,Fibro_myofibroblast,-0.2048952579498291
Erythrocyte,Fibro_peribronchial,0.0636749342083931
Erythrocyte,Fibro_perichondrial,-0.05870067700743675
Erythrocyte,ILC,0.2890610992908478
Erythrocyte,Ionocyte_n_Brush,0.1837485432624817
Erythrocyte,MAIT,0.31794196367263794
Erythrocyte,Macro_CHIT1,0.2871532738208771
Erythrocyte,Macro_interstitial,0.29994967579841614
Erythrocyte,Macro_AW_CX3CR1,0.21145978569984436
Erythrocyte,Macro_alveolar_metallothioneins,0.06420835852622986
Erythrocyte,Macro_alv,0.30464404821395874
Erythrocyte,Macro_dividing,0.3164093792438507
Erythrocyte,Macro_int,0.12573622167110443
Erythrocyte,Macro_CCL,0.3062557876110077
Erythrocyte,Mast_cell,0.29010602831840515
Erythrocyte,Megakaryocyte,0.21637703478336334
Erythrocyte,Mesothelia,-0.20133563876152039
Erythrocyte,Macrophage_intermediate,0.17862336337566376
Erythrocyte,Monocyte_CD14,0.2888282835483551
Erythrocyte,Monocyte_CD16,0.23225101828575134
Erythrocyte,Muscle_airway,-0.0005008646985515952
Erythrocyte,Muscle_pericyte_airway,-0.26316988468170166
Erythrocyte,Muscle_pericyte_parenchyma,0.32356488704681396
Erythrocyte,Muscle_perivascular_immune_recruiting,-0.2138565331697464
Erythrocyte,Muscle_smooth_pulmonary,0.054493945091962814
Erythrocyte,Muscle_smooth_syst_arterial,0.04859266057610512
Erythrocyte,Myoepithelial,-0.01836460642516613
Erythrocyte,NAF_endoneurial,0.12530022859573364
Erythrocyte,NAF_perineurial,0.04581199213862419
Erythrocyte,NK_CD16hi,0.2928633689880371
Erythrocyte,NKT,0.2793303430080414
Erythrocyte,NK_CD11d,0.2855433523654938
Erythrocyte,NK_CD56bright,0.308564156293869
Erythrocyte,Neuroendocrine,0.11490027606487274
Erythrocyte,SMG_Basal,-0.062766894698143
Erythrocyte,SMG_Duct,-0.13111132383346558
Erythrocyte,SMG_Mucous,0.030668606981635094
Erythrocyte,SMG_Serous,-0.10443373024463654
Erythrocyte,Schwann_Myelinating,0.1133761927485466
Erythrocyte,Schwann_nonmyelinating,0.29634642601013184
Erythrocyte,Secretory_Club,0.1889982372522354
Erythrocyte,Secretory_Goblet,0.23308832943439484
Erythrocyte,Suprabasal,0.07020772248506546
Erythrocyte,T_reg,0.314380943775177
Erythrocyte,gdT,0.2985619604587555
Fibro_adventitial,Fibro_adventitial,0.16613787412643433
Fibro_adventitial,Fibro_alveolar,-0.21869038045406342
Fibro_adventitial,Fibro_immune_recruiting,0.1347787082195282
Fibro_adventitial,Fibro_myofibroblast,0.16362527012825012
Fibro_adventitial,Fibro_peribronchial,-0.002650142414495349
Fibro_adventitial,Fibro_perichondrial,-0.009606131352484226
Fibro_adventitial,ILC,-0.1883544772863388
Fibro_adventitial,Ionocyte_n_Brush,-0.1133899986743927
Fibro_adventitial,MAIT,-0.20751474797725677
Fibro_adventitial,Macro_CHIT1,-0.18678385019302368
Fibro_adventitial,Macro_interstitial,-0.1963944137096405
Fibro_adventitial,Macro_AW_CX3CR1,-0.1335912048816681
Fibro_adventitial,Macro_alveolar_metallothioneins,-0.021852200850844383
Fibro_adventitial,Macro_alv,-0.19630427658557892
Fibro_adventitial,Macro_dividing,-0.20741905272006989
Fibro_adventitial,Macro_int,-0.060431282967329025
Fibro_adventitial,Macro_CCL,-0.2035524547100067
Fibro_adventitial,Mast_cell,-0.15587814152240753
Fibro_adventitial,Megakaryocyte,-0.15943659842014313
Fibro_adventitial,Mesothelia,0.14226743578910828
Fibro_adventitial,Macrophage_intermediate,-0.11037006974220276
Fibro_adventitial,Monocyte_CD14,-0.17877790331840515
Fibro_adventitial,Monocyte_CD16,-0.1442323476076126
Fibro_adventitial,Muscle_airway,0.013948197476565838
Fibro_adventitial,Muscle_pericyte_airway,0.18613389134407043
Fibro_adventitial,Muscle_pericyte_parenchyma,-0.2093295007944107
Fibro_adventitial,Muscle_perivascular_immune_recruiting,0.14551354944705963
Fibro_adventitial,Muscle_smooth_pulmonary,-0.020594272762537003
Fibro_adventitial,Muscle_smooth_syst_arterial,-0.025271456688642502
Fibro_adventitial,Myoepithelial,-0.011575629003345966
Fibro_adventitial,NAF_endoneurial,-0.06807657331228256
Fibro_adventitial,NAF_perineurial,-0.022696107625961304
Fibro_adventitial,NK_CD16hi,-0.19186553359031677
Fibro_adventitial,NKT,-0.17891345918178558
Fibro_adventitial,NK_CD11d,-0.18660737574100494
Fibro_adventitial,NK_CD56bright,-0.2031882405281067
Fibro_adventitial,Neuroendocrine,-0.07913005352020264
Fibro_adventitial,SMG_Basal,0.032698094844818115
Fibro_adventitial,SMG_Duct,0.06985145062208176
Fibro_adventitial,SMG_Mucous,-0.0013790170196443796
Fibro_adventitial,SMG_Serous,0.03714894875884056
Fibro_adventitial,Schwann_Myelinating,-0.08266241103410721
Fibro_adventitial,Schwann_nonmyelinating,-0.1743064671754837
Fibro_adventitial,Secretory_Club,-0.11637955158948898
Fibro_adventitial,Secretory_Goblet,-0.13512499630451202
Fibro_adventitial,Suprabasal,-0.036611441522836685
Fibro_adventitial,T_reg,-0.20346634089946747
Fibro_adventitial,gdT,-0.1954042762517929
Fibro_alveolar,Fibro_alveolar,0.36792904138565063
Fibro_alveolar,Fibro_immune_recruiting,-0.18516658246517181
Fibro_alveolar,Fibro_myofibroblast,-0.19993053376674652
Fibro_alveolar,Fibro_peribronchial,0.06376121193170547
Fibro_alveolar,Fibro_perichondrial,-0.06740914285182953
Fibro_alveolar,ILC,0.30987870693206787
Fibro_alveolar,Ionocyte_n_Brush,0.18604296445846558
Fibro_alveolar,MAIT,0.3375760614871979
Fibro_alveolar,Macro_CHIT1,0.30175310373306274
Fibro_alveolar,Macro_interstitial,0.31879720091819763
Fibro_alveolar,Macro_AW_CX3CR1,0.2363176941871643
Fibro_alveolar,Macro_alveolar_metallothioneins,0.08638545125722885
Fibro_alveolar,Macro_alv,0.3156510293483734
Fibro_alveolar,Macro_dividing,0.33154478669166565
Fibro_alveolar,Macro_int,0.15052685141563416
Fibro_alveolar,Macro_CCL,0.3261008560657501
Fibro_alveolar,Mast_cell,0.3094591200351715
Fibro_alveolar,Megakaryocyte,0.2295183688402176
Fibro_alveolar,Mesothelia,-0.19048961997032166
Fibro_alveolar,Macrophage_intermediate,0.20288465917110443
Fibro_alveolar,Monocyte_CD14,0.3092544376850128
Fibro_alveolar,Monocyte_CD16,0.25514641404151917
Fibro_alveolar,Muscle_airway,-0.012364082969725132
Fibro_alveolar,Muscle_pericyte_airway,-0.26218175888061523
Fibro_alveolar,Muscle_pericyte_parenchyma,0.3407658040523529
Fibro_alveolar,Muscle_perivascular_immune_recruiting,-0.2056305855512619
Fibro_alveolar,Muscle_smooth_pulmonary,0.045269884169101715
Fibro_alveolar,Muscle_smooth_syst_arterial,0.03823843225836754
Fibro_alveolar,Myoepithelial,7.717149856034666e-05
Fibro_alveolar,NAF_endoneurial,0.12447629868984222
Fibro_alveolar,NAF_perineurial,0.034609902650117874
Fibro_alveolar,NK_CD16hi,0.3136994242668152
Fibro_alveolar,NKT,0.3008044958114624
Fibro_alveolar,NK_CD11d,0.30586856603622437
Fibro_alveolar,NK_CD56bright,0.3261227607727051
Fibro_alveolar,Neuroendocrine,0.1334201991558075
Fibro_alveolar,SMG_Basal,-0.0656057670712471
Fibro_alveolar,SMG_Duct,-0.11696314066648483
Fibro_alveolar,SMG_Mucous,0.045955590903759
Fibro_alveolar,SMG_Serous,-0.08770616352558136
Fibro_alveolar,Schwann_Myelinating,0.1337159425020218
Fibro_alveolar,Schwann_nonmyelinating,0.3120974600315094
Fibro_alveolar,Secretory_Club,0.2015799731016159
Fibro_alveolar,Secretory_Goblet,0.24114558100700378
Fibro_alveolar,Suprabasal,0.06278307735919952
Fibro_alveolar,T_reg,0.3328441083431244
Fibro_alveolar,gdT,0.3194052577018738
Fibro_immune_recruiting,Fibro_immune_recruiting,0.10538294911384583
Fibro_immune_recruiting,Fibro_myofibroblast,0.13887712359428406
Fibro_immune_recruiting,Fibro_peribronchial,0.009432634338736534
Fibro_immune_recruiting,Fibro_perichondrial,-0.020321914926171303
Fibro_immune_recruiting,ILC,-0.155376598238945
Fibro_immune_recruiting,Ionocyte_n_Brush,-0.08807685226202011
Fibro_immune_recruiting,MAIT,-0.16983802616596222
Fibro_immune_recruiting,Macro_CHIT1,-0.1510879397392273
Fibro_immune_recruiting,Macro_interstitial,-0.1593165397644043
Fibro_immune_recruiting,Macro_AW_CX3CR1,-0.11314507573843002
Fibro_immune_recruiting,Macro_alveolar_metallothioneins,-0.014401978813111782
Fibro_immune_recruiting,Macro_alv,-0.15608826279640198
Fibro_immune_recruiting,Macro_dividing,-0.1675441414117813
Fibro_immune_recruiting,Macro_int,-0.04550275579094887
Fibro_immune_recruiting,Macro_CCL,-0.16734617948532104
Fibro_immune_recruiting,Mast_cell,-0.11647389829158783
Fibro_immune_recruiting,Megakaryocyte,-0.13703234493732452
Fibro_immune_recruiting,Mesothelia,0.11361879855394363
Fibro_immune_recruiting,Macrophage_intermediate,-0.09178055822849274
Fibro_immune_recruiting,Monocyte_CD14,-0.1425105184316635
Fibro_immune_recruiting,Monocyte_CD16,-0.11670073866844177
Fibro_immune_recruiting,Muscle_airway,0.015293160453438759
Fibro_immune_recruiting,Muscle_pericyte_airway,0.15338429808616638
Fibro_immune_recruiting,Muscle_pericyte_parenchyma,-0.1696305125951767
Fibro_immune_recruiting,Muscle_perivascular_immune_recruiting,0.11593789607286453
Fibro_immune_recruiting,Muscle_smooth_pulmonary,-0.012505928054451942
Fibro_immune_recruiting,Muscle_smooth_syst_arterial,-0.01777903363108635
Fibro_immune_recruiting,Myoepithelial,-0.02747133933007717
Fibro_immune_recruiting,NAF_endoneurial,-0.05283021926879883
Fibro_immune_recruiting,NAF_perineurial,-0.01589055173099041
Fibro_immune_recruiting,NK_CD16hi,-0.15824970602989197
Fibro_immune_recruiting,NKT,-0.1458648145198822
Fibro_immune_recruiting,NK_CD11d,-0.1538800746202469
Fibro_immune_recruiting,NK_CD56bright,-0.16670334339141846
Fibro_immune_recruiting,Neuroendocrine,-0.07375029474496841
Fibro_immune_recruiting,SMG_Basal,0.020135551691055298
Fibro_immune_recruiting,SMG_Duct,0.044001396745443344
Fibro_immune_recruiting,SMG_Mucous,9.505513298790902e-05
Fibro_immune_recruiting,SMG_Serous,0.009434324689209461
Fibro_immune_recruiting,Schwann_Myelinating,-0.07756032794713974
Fibro_immune_recruiting,Schwann_nonmyelinating,-0.1396724283695221
Fibro_immune_recruiting,Secretory_Club,-0.0965447723865509
Fibro_immune_recruiting,Secretory_Goblet,-0.10257867723703384
Fibro_immune_recruiting,Suprabasal,-0.02245110645890236
Fibro_immune_recruiting,T_reg,-0.16545137763023376
Fibro_immune_recruiting,gdT,-0.16136416792869568
Fibro_myofibroblast,Fibro_myofibroblast,0.16143696010112762
Fibro_myofibroblast,Fibro_peribronchial,-0.005398367997258902
Fibro_myofibroblast,Fibro_perichondrial,-0.026063987985253334
Fibro_myofibroblast,ILC,-0.15828554332256317
Fibro_myofibroblast,Ionocyte_n_Brush,-0.10274284332990646
Fibro_myofibroblast,MAIT,-0.1782582849264145
Fibro_myofibroblast,Macro_CHIT1,-0.16233445703983307
Fibro_myofibroblast,Macro_interstitial,-0.16717340052127838
Fibro_myofibroblast,Macro_AW_CX3CR1,-0.10005278140306473
Fibro_myofibroblast,Macro_alveolar_metallothioneins,0.0056870910339057446
Fibro_myofibroblast,Macro_alv,-0.17508895695209503
Fibro_myofibroblast,Macro_dividing,-0.1814647614955902
Fibro_myofibroblast,Macro_int,-0.027424944564700127
Fibro_myofibroblast,Macro_CCL,-0.1739860326051712
Fibro_myofibroblast,Mast_cell,-0.127947136759758
Fibro_myofibroblast,Megakaryocyte,-0.13790033757686615
Fibro_myofibroblast,Mesothelia,0.151287242770195
Fibro_myofibroblast,Macrophage_intermediate,-0.07846406102180481
Fibro_myofibroblast,Monocyte_CD14,-0.14913122355937958
Fibro_myofibroblast,Monocyte_CD16,-0.1127738207578659
Fibro_myofibroblast,Muscle_airway,-0.004872576333582401
Fibro_myofibroblast,Muscle_pericyte_airway,0.18063302338123322
Fibro_myofibroblast,Muscle_pericyte_parenchyma,-0.184157133102417
Fibro_myofibroblast,Muscle_perivascular_immune_recruiting,0.1509433090686798
Fibro_myofibroblast,Muscle_smooth_pulmonary,-0.03541108965873718
Fibro_myofibroblast,Muscle_smooth_syst_arterial,-0.03991048038005829
Fibro_myofibroblast,Myoepithelial,0.01071106269955635
Fibro_myofibroblast,NAF_endoneurial,-0.06903346627950668
Fibro_myofibroblast,NAF_perineurial,-0.03912407532334328
Fibro_myofibroblast,NK_CD16hi,-0.16129828989505768
Fibro_myofibroblast,NKT,-0.14845027029514313
Fibro_myofibroblast,NK_CD11d,-0.1560390591621399
Fibro_myofibroblast,NK_CD56bright,-0.17510363459587097
Fibro_myofibroblast,Neuroendocrine,-0.0541774220764637
Fibro_myofibroblast,SMG_Basal,0.031218383461236954
Fibro_myofibroblast,SMG_Duct,0.08483655005693436
Fibro_myofibroblast,SMG_Mucous,0.024343671277165413
Fibro_myofibroblast,SMG_Serous,0.054862961173057556
Fibro_myofibroblast,Schwann_Myelinating,-0.05729858577251434
Fibro_myofibroblast,Schwann_nonmyelinating,-0.1542055904865265
Fibro_myofibroblast,Secretory_Club,-0.09445703029632568
Fibro_myofibroblast,Secretory_Goblet,-0.11740651726722717
Fibro_myofibroblast,Suprabasal,-0.03780283033847809
Fibro_myofibroblast,T_reg,-0.1750970184803009
Fibro_myofibroblast,gdT,-0.16530604660511017
Fibro_peribronchial,Fibro_peribronchial,-0.036332447081804276
Fibro_peribronchial,Fibro_perichondrial,-0.043760765343904495
Fibro_peribronchial,ILC,0.05036354437470436
Fibro_peribronchial,Ionocyte_n_Brush,0.0220976360142231
Fibro_peribronchial,MAIT,0.049689698964357376
Fibro_peribronchial,Macro_CHIT1,0.0464373454451561
Fibro_peribronchial,Macro_interstitial,0.05527934804558754
Fibro_peribronchial,Macro_AW_CX3CR1,0.07056444138288498
Fibro_peribronchial,Macro_alveolar_metallothioneins,0.06642396748065948
Fibro_peribronchial,Macro_alv,0.03323405981063843
Fibro_peribronchial,Macro_dividing,0.045956965535879135
Fibro_peribronchial,Macro_int,0.08820294588804245
Fibro_peribronchial,Macro_CCL,0.05335249379277229
Fibro_peribronchial,Mast_cell,0.050226908177137375
Fibro_peribronchial,Megakaryocyte,0.022725345566868782
Fibro_peribronchial,Mesothelia,0.039968688040971756
Fibro_peribronchial,Macrophage_intermediate,0.06520632654428482
Fibro_peribronchial,Monocyte_CD14,0.058160945773124695
Fibro_peribronchial,Monocyte_CD16,0.06274142116308212
Fibro_peribronchial,Muscle_airway,-0.07876455038785934
Fibro_peribronchial,Muscle_pericyte_airway,0.000912438437808305
Fibro_peribronchial,Muscle_pericyte_parenchyma,0.03736323490738869
Fibro_peribronchial,Muscle_perivascular_immune_recruiting,0.019682906568050385
Fibro_peribronchial,Muscle_smooth_pulmonary,-0.06955259293317795
Fibro_peribronchial,Muscle_smooth_syst_arterial,-0.06585932523012161
Fibro_peribronchial,Myoepithelial,0.02909374050796032
Fibro_peribronchial,NAF_endoneurial,-0.0399477519094944
Fibro_peribronchial,NAF_perineurial,-0.07070443779230118
Fibro_peribronchial,NK_CD16hi,0.052810460329055786
Fibro_peribronchial,NKT,0.054852623492479324
Fibro_peribronchial,NK_CD11d,0.05403255298733711
Fibro_peribronchial,NK_CD56bright,0.04853265732526779
Fibro_peribronchial,Neuroendocrine,0.03276004269719124
Fibro_peribronchial,SMG_Basal,-0.005980896297842264
Fibro_peribronchial,SMG_Duct,0.041182991117239
Fibro_peribronchial,SMG_Mucous,0.06789331883192062
Fibro_peribronchial,SMG_Serous,0.03562460467219353
Fibro_peribronchial,Schwann_Myelinating,0.02637430466711521
Fibro_peribronchial,Schwann_nonmyelinating,0.009034821763634682
Fibro_peribronchial,Secretory_Club,0.054542288184165955
Fibro_peribronchial,Secretory_Goblet,0.03868397697806358
Fibro_peribronchial,Suprabasal,0.0018517879070714116
Fibro_peribronchial,T_reg,0.04737287759780884
Fibro_peribronchial,gdT,0.05004159361124039
Fibro_perichondrial,Fibro_perichondrial,-0.02888190932571888
Fibro_perichondrial,ILC,-0.052436474710702896
Fibro_perichondrial,Ionocyte_n_Brush,-0.0033239966724067926
Fibro_perichondrial,MAIT,-0.050676193088293076
Fibro_perichondrial,Macro_CHIT1,-0.03662307187914848
Fibro_perichondrial,Macro_interstitial,-0.049551475793123245
Fibro_perichondrial,Macro_AW_CX3CR1,-0.052008192986249924
Fibro_perichondrial,Macro_alveolar_metallothioneins,-0.057825423777103424
Fibro_perichondrial,Macro_alv,-0.0324133075773716
Fibro_perichondrial,Macro_dividing,-0.04054579511284828
Fibro_perichondrial,Macro_int,-0.055067092180252075
Fibro_perichondrial,Macro_CCL,-0.0505964495241642
Fibro_perichondrial,Mast_cell,-0.06297379732131958
Fibro_perichondrial,Megakaryocyte,-0.025772342458367348
Fibro_perichondrial,Mesothelia,-0.018200606107711792
Fibro_perichondrial,Macrophage_intermediate,-0.058688391000032425
Fibro_perichondrial,Monocyte_CD14,-0.05807953700423241
Fibro_perichondrial,Monocyte_CD16,-0.060052648186683655
Fibro_perichondrial,Muscle_airway,0.010121472179889679
Fibro_perichondrial,Muscle_pericyte_airway,-0.0070079900324344635
Fibro_perichondrial,Muscle_pericyte_parenchyma,-0.05378856137394905
Fibro_perichondrial,Muscle_perivascular_immune_recruiting,-0.017901688814163208
Fibro_perichondrial,Muscle_smooth_pulmonary,0.001339642913080752
Fibro_perichondrial,Muscle_smooth_syst_arterial,0.006695169024169445
Fibro_perichondrial,Myoepithelial,-0.024526258930563927
Fibro_perichondrial,NAF_endoneurial,-0.014810130931437016
Fibro_perichondrial,NAF_perineurial,0.008089235983788967
Fibro_perichondrial,NK_CD16hi,-0.051361389458179474
Fibro_perichondrial,NKT,-0.05651862174272537
Fibro_perichondrial,NK_CD11d,-0.04774508625268936
Fibro_perichondrial,NK_CD56bright,-0.04110732302069664
Fibro_perichondrial,Neuroendocrine,-0.030498920008540154
Fibro_perichondrial,SMG_Basal,0.014582480303943157
Fibro_perichondrial,SMG_Duct,-0.013667948544025421
Fibro_perichondrial,SMG_Mucous,-0.026273319497704506
Fibro_perichondrial,SMG_Serous,-0.006716120522469282
Fibro_perichondrial,Schwann_Myelinating,-0.04072301834821701
Fibro_perichondrial,Schwann_nonmyelinating,-0.05204175412654877
Fibro_perichondrial,Secretory_Club,-0.00866006314754486
Fibro_perichondrial,Secretory_Goblet,-0.016980251297354698
Fibro_perichondrial,Suprabasal,0.0161270871758461
Fibro_perichondrial,T_reg,-0.04852833226323128
Fibro_perichondrial,gdT,-0.05230991542339325
ILC,ILC,0.2558993995189667
ILC,Ionocyte_n_Brush,0.16166742146015167
ILC,MAIT,0.2809581458568573
ILC,Macro_CHIT1,0.2546820640563965
ILC,Macro_interstitial,0.2669329345226288
ILC,Macro_AW_CX3CR1,0.18947023153305054
ILC,Macro_alveolar_metallothioneins,0.07267497479915619
ILC,Macro_alv,0.2704061269760132
ILC,Macro_dividing,0.28020763397216797
ILC,Macro_int,0.1276547908782959
ILC,Macro_CCL,0.2702537775039673
ILC,Mast_cell,0.27065572142601013
ILC,Megakaryocyte,0.18279610574245453
ILC,Mesothelia,-0.1662464290857315
ILC,Macrophage_intermediate,0.16475309431552887
ILC,Monocyte_CD14,0.2621978223323822
ILC,Monocyte_CD16,0.2123538851737976
ILC,Muscle_airway,-0.0012367849703878164
ILC,Muscle_pericyte_airway,-0.2195003777742386
ILC,Muscle_pericyte_parenchyma,0.2859765589237213
ILC,Muscle_perivascular_immune_recruiting,-0.17832334339618683
ILC,Muscle_smooth_pulmonary,0.04744323343038559
ILC,Muscle_smooth_syst_arterial,0.03986523672938347
ILC,Myoepithelial,-0.023487446829676628
ILC,NAF_endoneurial,0.11230263113975525
ILC,NAF_perineurial,0.03828932344913483
ILC,NK_CD16hi,0.258747398853302
ILC,NKT,0.25022202730178833
ILC,NK_CD11d,0.2520610988140106
ILC,NK_CD56bright,0.27062302827835083
ILC,Neuroendocrine,0.0981232076883316
ILC,SMG_Basal,-0.06035345792770386
ILC,SMG_Duct,-0.11745931953191757
ILC,SMG_Mucous,0.0394231341779232
ILC,SMG_Serous,-0.10244479030370712
ILC,Schwann_Myelinating,0.09606485813856125
ILC,Schwann_nonmyelinating,0.2647021412849426
ILC,Secretory_Club,0.16590198874473572
ILC,Secretory_Goblet,0.20934827625751495
ILC,Suprabasal,0.06331240385770798
ILC,T_reg,0.27830493450164795
ILC,gdT,0.2637585699558258
Ionocyte_n_Brush,Ionocyte_n_Brush,0.08033689856529236
Ionocyte_n_Brush,MAIT,0.17012983560562134
Ionocyte_n_Brush,Macro_CHIT1,0.15508827567100525
Ionocyte_n_Brush,Macro_interstitial,0.16770753264427185
Ionocyte_n_Brush,Macro_AW_CX3CR1,0.11237644404172897
Ionocyte_n_Brush,Macro_alveolar_metallothioneins,0.058531973510980606
Ionocyte_n_Brush,Macro_alv,0.1623121052980423
Ionocyte_n_Brush,Macro_dividing,0.17275895178318024
Ionocyte_n_Brush,Macro_int,0.0878235250711441
Ionocyte_n_Brush,Macro_CCL,0.16774311661720276
Ionocyte_n_Brush,Mast_cell,0.15363648533821106
Ionocyte_n_Brush,Megakaryocyte,0.1208377256989479
Ionocyte_n_Brush,Mesothelia,-0.08324305713176727
Ionocyte_n_Brush,Macrophage_intermediate,0.11033117771148682
Ionocyte_n_Brush,Monocyte_CD14,0.16250544786453247
Ionocyte_n_Brush,Monocyte_CD16,0.13747036457061768
Ionocyte_n_Brush,Muscle_airway,-0.010788354091346264
Ionocyte_n_Brush,Muscle_pericyte_airway,-0.11647672951221466
Ionocyte_n_Brush,Muscle_pericyte_parenchyma,0.16862371563911438
Ionocyte_n_Brush,Muscle_perivascular_immune_recruiting,-0.08270923048257828
Ionocyte_n_Brush,Muscle_smooth_pulmonary,0.017831958830356598
Ionocyte_n_Brush,Muscle_smooth_syst_arterial,0.01909349486231804
Ionocyte_n_Brush,Myoepithelial,0.010358914732933044
Ionocyte_n_Brush,NAF_endoneurial,0.06355170160531998
Ionocyte_n_Brush,NAF_perineurial,0.017550881952047348
Ionocyte_n_Brush,NK_CD16hi,0.15740278363227844
Ionocyte_n_Brush,NKT,0.15585927665233612
Ionocyte_n_Brush,NK_CD11d,0.1514834314584732
Ionocyte_n_Brush,NK_CD56bright,0.15942753851413727
Ionocyte_n_Brush,Neuroendocrine,0.06416095793247223
Ionocyte_n_Brush,SMG_Basal,-0.03697221726179123
Ionocyte_n_Brush,SMG_Duct,-0.050042830407619476
Ionocyte_n_Brush,SMG_Mucous,0.0360381081700325
Ionocyte_n_Brush,SMG_Serous,-0.03694052994251251
Ionocyte_n_Brush,Schwann_Myelinating,0.0651307925581932
Ionocyte_n_Brush,Schwann_nonmyelinating,0.1414768397808075
Ionocyte_n_Brush,Secretory_Club,0.08478159457445145
Ionocyte_n_Brush,Secretory_Goblet,0.10394523292779922
Ionocyte_n_Brush,Suprabasal,0.02769438736140728
Ionocyte_n_Brush,T_reg,0.16724205017089844
Ionocyte_n_Brush,gdT,0.16138310730457306
MAIT,MAIT,0.3080643117427826
MAIT,Macro_CHIT1,0.27778446674346924
MAIT,Macro_interstitial,0.2914296090602875
MAIT,Macro_AW_CX3CR1,0.20844027400016785
MAIT,Macro_alveolar_metallothioneins,0.07490871846675873
MAIT,Macro_alv,0.29487931728363037
MAIT,Macro_dividing,0.30610838532447815
MAIT,Macro_int,0.1336345225572586
MAIT,Macro_CCL,0.2963920831680298
MAIT,Mast_cell,0.29079121351242065
MAIT,Megakaryocyte,0.20524714887142181
MAIT,Mesothelia,-0.1846284121274948
MAIT,Macrophage_intermediate,0.17938682436943054
MAIT,Monocyte_CD14,0.2842348515987396
MAIT,Monocyte_CD16,0.2306244671344757
MAIT,Muscle_airway,0.00035999302053824067
MAIT,Muscle_pericyte_airway,-0.244124636054039
MAIT,Muscle_pericyte_parenchyma,0.3133729100227356
MAIT,Muscle_perivascular_immune_recruiting,-0.19686013460159302
MAIT,Muscle_smooth_pulmonary,0.053449422121047974
MAIT,Muscle_smooth_syst_arterial,0.04579378664493561
MAIT,Myoepithelial,-0.01770549826323986
MAIT,NAF_endoneurial,0.12419114261865616
MAIT,NAF_perineurial,0.04355776682496071
MAIT,NK_CD16hi,0.28440046310424805
MAIT,NKT,0.27342501282691956
MAIT,NK_CD11d,0.27722248435020447
MAIT,NK_CD56bright,0.29766207933425903
MAIT,Neuroendocrine,0.11250738054513931
MAIT,SMG_Basal,-0.06206635385751724
MAIT,SMG_Duct,-0.12444120645523071
MAIT,SMG_Mucous,0.0400397889316082
MAIT,SMG_Serous,-0.10379853844642639
MAIT,Schwann_Myelinating,0.11152608692646027
MAIT,Schwann_nonmyelinating,0.2912622392177582
MAIT,Secretory_Club,0.1822732388973236
MAIT,Secretory_Goblet,0.22726403176784515
MAIT,Suprabasal,0.06715510040521622
MAIT,T_reg,0.30497312545776367
MAIT,gdT,0.2898654043674469
Macro_CHIT1,Macro_CHIT1,0.236348494887352
Macro_CHIT1,Macro_interstitial,0.2517930567264557
Macro_CHIT1,Macro_AW_CX3CR1,0.1802447885274887
Macro_CHIT1,Macro_alveolar_metallothioneins,0.05919087678194046
Macro_CHIT1,Macro_alv,0.25546735525131226
Macro_CHIT1,Macro_dividing,0.26518017053604126
Macro_CHIT1,Macro_int,0.10759706795215607
Macro_CHIT1,Macro_CCL,0.25708600878715515
Macro_CHIT1,Mast_cell,0.2461049109697342
Macro_CHIT1,Megakaryocyte,0.1849161684513092
Macro_CHIT1,Mesothelia,-0.1649273782968521
Macro_CHIT1,Macrophage_intermediate,0.15334618091583252
Macro_CHIT1,Monocyte_CD14,0.24355383217334747
Macro_CHIT1,Monocyte_CD16,0.1977556347846985
Macro_CHIT1,Muscle_airway,0.00023750928812660277
Macro_CHIT1,Muscle_pericyte_airway,-0.215849369764328
Macro_CHIT1,Muscle_pericyte_parenchyma,0.2714434564113617
Macro_CHIT1,Muscle_perivascular_immune_recruiting,-0.17222292721271515
Macro_CHIT1,Muscle_smooth_pulmonary,0.04648004099726677
Macro_CHIT1,Muscle_smooth_syst_arterial,0.04161247983574867
Macro_CHIT1,Myoepithelial,-0.00824877992272377
Macro_CHIT1,NAF_endoneurial,0.10961361974477768
Macro_CHIT1,NAF_perineurial,0.039466697722673416
Macro_CHIT1,NK_CD16hi,0.2474849373102188
Macro_CHIT1,NKT,0.23610489070415497
Macro_CHIT1,NK_CD11d,0.24173827469348907
Macro_CHIT1,NK_CD56bright,0.25994637608528137
Macro_CHIT1,Neuroendocrine,0.10144864767789841
Macro_CHIT1,SMG_Basal,-0.05003797262907028
Macro_CHIT1,SMG_Duct,-0.10537605732679367
Macro_CHIT1,SMG_Mucous,0.031793948262929916
Macro_CHIT1,SMG_Serous,-0.08342324197292328
Macro_CHIT1,Schwann_Myelinating,0.10345920920372009
Macro_CHIT1,Schwann_nonmyelinating,0.2545657157897949
Macro_CHIT1,Secretory_Club,0.1579524725675583
Macro_CHIT1,Secretory_Goblet,0.19706498086452484
Macro_CHIT1,Suprabasal,0.058355819433927536
Macro_CHIT1,T_reg,0.2649132013320923
Macro_CHIT1,gdT,0.25186842679977417
Macro_interstitial,Macro_interstitial,0.2724989652633667
Macro_interstitial,Macro_AW_CX3CR1,0.19658640027046204
Macro_interstitial,Macro_alveolar_metallothioneins,0.07180994004011154
Macro_interstitial,Macro_alv,0.2773589491844177
Macro_interstitial,Macro_dividing,0.28695690631866455
Macro_interstitial,Macro_int,0.12460450828075409
Macro_interstitial,Macro_CCL,0.2766896188259125
Macro_interstitial,Mast_cell,0.274662047624588
Macro_interstitial,Megakaryocyte,0.1955338716506958
Macro_interstitial,Mesothelia,-0.17196980118751526
Macro_interstitial,Macrophage_intermediate,0.168226957321167
Macro_interstitial,Monocyte_CD14,0.26516953110694885
Macro_interstitial,Monocyte_CD16,0.21607686579227448
Macro_interstitial,Muscle_airway,0.0028640120290219784
Macro_interstitial,Muscle_pericyte_airway,-0.22821637988090515
Macro_interstitial,Muscle_pericyte_parenchyma,0.29212090373039246
Macro_interstitial,Muscle_perivascular_immune_recruiting,-0.18183891475200653
Macro_interstitial,Muscle_smooth_pulmonary,0.052328359335660934
Macro_interstitial,Muscle_smooth_syst_arterial,0.04538947343826294
Macro_interstitial,Myoepithelial,-0.013835448771715164
Macro_interstitial,NAF_endoneurial,0.12072386592626572
Macro_interstitial,NAF_perineurial,0.04258425161242485
Macro_interstitial,NK_CD16hi,0.2671281099319458
Macro_interstitial,NKT,0.2557474672794342
Macro_interstitial,NK_CD11d,0.26146796345710754
Macro_interstitial,NK_CD56bright,0.2805498540401459
Macro_interstitial,Neuroendocrine,0.1100182756781578
Macro_interstitial,SMG_Basal,-0.05103376507759094
Macro_interstitial,SMG_Duct,-0.11494555324316025
Macro_interstitial,SMG_Mucous,0.04612002149224281
Macro_interstitial,SMG_Serous,-0.09719528257846832
Macro_interstitial,Schwann_Myelinating,0.10924684256315231
Macro_interstitial,Schwann_nonmyelinating,0.2769288122653961
Macro_interstitial,Secretory_Club,0.1752358227968216
Macro_interstitial,Secretory_Goblet,0.21865122020244598
Macro_interstitial,Suprabasal,0.06948452442884445
Macro_interstitial,T_reg,0.2864602506160736
Macro_interstitial,gdT,0.2715335190296173
Macro_AW_CX3CR1,Macro_AW_CX3CR1,0.13792826235294342
Macro_AW_CX3CR1,Macro_alveolar_metallothioneins,0.06617622822523117
Macro_AW_CX3CR1,Macro_alv,0.20930790901184082
Macro_AW_CX3CR1,Macro_dividing,0.2140161246061325
Macro_AW_CX3CR1,Macro_int,0.1063283160328865
Macro_AW_CX3CR1,Macro_CCL,0.2035776525735855
Macro_AW_CX3CR1,Mast_cell,0.22529248893260956
Macro_AW_CX3CR1,Megakaryocyte,0.1284097135066986
Macro_AW_CX3CR1,Mesothelia,-0.12360705435276031
Macro_AW_CX3CR1,Macrophage_intermediate,0.1274075210094452
Macro_AW_CX3CR1,Monocyte_CD14,0.2071506381034851
Macro_AW_CX3CR1,Monocyte_CD16,0.16625060141086578
Macro_AW_CX3CR1,Muscle_airway,0.01753920130431652
Macro_AW_CX3CR1,Muscle_pericyte_airway,-0.15644697844982147
Macro_AW_CX3CR1,Muscle_pericyte_parenchyma,0.22070592641830444
Macro_AW_CX3CR1,Muscle_perivascular_immune_recruiting,-0.13116134703159332
Macro_AW_CX3CR1,Muscle_smooth_pulmonary,0.054505374282598495
Macro_AW_CX3CR1,Muscle_smooth_syst_arterial,0.04391555115580559
Macro_AW_CX3CR1,Myoepithelial,-0.0328410342335701
Macro_AW_CX3CR1,NAF_endoneurial,0.10166813433170319
Macro_AW_CX3CR1,NAF_perineurial,0.043408285826444626
Macro_AW_CX3CR1,NK_CD16hi,0.194710835814476
Macro_AW_CX3CR1,NKT,0.19318759441375732
Macro_AW_CX3CR1,NK_CD11d,0.1879792958498001
Macro_AW_CX3CR1,NK_CD56bright,0.20090870559215546
Macro_AW_CX3CR1,Neuroendocrine,0.06771858781576157
Macro_AW_CX3CR1,SMG_Basal,-0.058095213025808334
Macro_AW_CX3CR1,SMG_Duct,-0.1060430109500885
Macro_AW_CX3CR1,SMG_Mucous,0.03080599196255207
Macro_AW_CX3CR1,SMG_Serous,-0.10161682218313217
Macro_AW_CX3CR1,Schwann_Myelinating,0.0655907541513443
Macro_AW_CX3CR1,Schwann_nonmyelinating,0.2114967405796051
Macro_AW_CX3CR1,Secretory_Club,0.1145978793501854
Macro_AW_CX3CR1,Secretory_Goblet,0.15655149519443512
Macro_AW_CX3CR1,Suprabasal,0.04689083248376846
Macro_AW_CX3CR1,T_reg,0.21207992732524872
Macro_AW_CX3CR1,gdT,0.1999305635690689
Macro_alveolar_metallothioneins,Macro_alveolar_metallothioneins,0.06148307025432587
Macro_alveolar_metallothioneins,Macro_alv,0.07195606827735901
Macro_alveolar_metallothioneins,Macro_dividing,0.0724402666091919
Macro_alveolar_metallothioneins,Macro_int,0.0737922415137291
Macro_alveolar_metallothioneins,Macro_CCL,0.06775955110788345
Macro_alveolar_metallothioneins,Mast_cell,0.11163903027772903
Macro_alveolar_metallothioneins,Megakaryocyte,0.03474126383662224
Macro_alveolar_metallothioneins,Mesothelia,-0.009686286561191082
Macro_alveolar_metallothioneins,Macrophage_intermediate,0.062354132533073425
Macro_alveolar_metallothioneins,Monocyte_CD14,0.08193615078926086
Macro_alveolar_metallothioneins,Monocyte_CD16,0.07313372939825058
Macro_alveolar_metallothioneins,Muscle_airway,0.0005380955408327281
Macro_alveolar_metallothioneins,Muscle_pericyte_airway,-0.024887580424547195
Macro_alveolar_metallothioneins,Muscle_pericyte_parenchyma,0.07225397974252701
Macro_alveolar_metallothioneins,Muscle_perivascular_immune_recruiting,-0.015152770094573498
Macro_alveolar_metallothioneins,Muscle_smooth_pulmonary,0.013196932151913643
Macro_alveolar_metallothioneins,Muscle_smooth_syst_arterial,0.004053821787238121
Macro_alveolar_metallothioneins,Myoepithelial,-0.014244132675230503
Macro_alveolar_metallothioneins,NAF_endoneurial,0.038631170988082886
Macro_alveolar_metallothioneins,NAF_perineurial,0.0036581354215741158
Macro_alveolar_metallothioneins,NK_CD16hi,0.0710001215338707
Macro_alveolar_metallothioneins,NKT,0.0732581689953804
Macro_alveolar_metallothioneins,NK_CD11d,0.07164359092712402
Macro_alveolar_metallothioneins,NK_CD56bright,0.07148610055446625
Macro_alveolar_metallothioneins,Neuroendocrine,0.034035466611385345
Macro_alveolar_metallothioneins,SMG_Basal,-0.010128295049071312
Macro_alveolar_metallothioneins,SMG_Duct,-0.026091022416949272
Macro_alveolar_metallothioneins,SMG_Mucous,0.060874056071043015
Macro_alveolar_metallothioneins,SMG_Serous,-0.04401646926999092
Macro_alveolar_metallothioneins,Schwann_Myelinating,0.03002293035387993
Macro_alveolar_metallothioneins,Schwann_nonmyelinating,0.08707445114850998
Macro_alveolar_metallothioneins,Secretory_Club,0.05872555822134018
Macro_alveolar_metallothioneins,Secretory_Goblet,0.07800448685884476
Macro_alveolar_metallothioneins,Suprabasal,0.032917868345975876
Macro_alveolar_metallothioneins,T_reg,0.07627664506435394
Macro_alveolar_metallothioneins,gdT,0.07042147219181061
Macro_alv,Macro_alv,0.2672899663448334
Macro_alv,Macro_dividing,0.2810828387737274
Macro_alv,Macro_int,0.12352389842271805
Macro_alv,Macro_CCL,0.2747856676578522
Macro_alv,Mast_cell,0.257144033908844
Macro_alv,Megakaryocyte,0.19931159913539886
Macro_alv,Mesothelia,-0.1631592959165573
Macro_alv,Macrophage_intermediate,0.1686422973871231
Macro_alv,Monocyte_CD14,0.2588436007499695
Macro_alv,Monocyte_CD16,0.21392162144184113
Macro_alv,Muscle_airway,-0.014994954690337181
Macro_alv,Muscle_pericyte_airway,-0.22292767465114594
Macro_alv,Muscle_pericyte_parenchyma,0.2843526005744934
Macro_alv,Muscle_perivascular_immune_recruiting,-0.1727638840675354
Macro_alv,Muscle_smooth_pulmonary,0.03367266803979874
Macro_alv,Muscle_smooth_syst_arterial,0.030410021543502808
Macro_alv,Myoepithelial,-0.001243673381395638
Macro_alv,NAF_endoneurial,0.10257955640554428
Macro_alv,NAF_perineurial,0.028215525671839714
Macro_alv,NK_CD16hi,0.26381540298461914
Macro_alv,NKT,0.25178149342536926
Macro_alv,NK_CD11d,0.2582505941390991
Macro_alv,NK_CD56bright,0.27646926045417786
Macro_alv,Neuroendocrine,0.11090131849050522
Macro_alv,SMG_Basal,-0.04904802143573761
Macro_alv,SMG_Duct,-0.09734072536230087
Macro_alv,SMG_Mucous,0.04554755613207817
Macro_alv,SMG_Serous,-0.07468514889478683
Macro_alv,Schwann_Myelinating,0.11057789623737335
Macro_alv,Schwann_nonmyelinating,0.25779929757118225
Macro_alv,Secretory_Club,0.1743263304233551
Macro_alv,Secretory_Goblet,0.20783816277980804
Macro_alv,Suprabasal,0.06294909864664078
Macro_alv,T_reg,0.28074464201927185
Macro_alv,gdT,0.26784539222717285
Macro_dividing,Macro_dividing,0.29589006304740906
Macro_dividing,Macro_int,0.12632060050964355
Macro_dividing,Macro_CCL,0.286929190158844
Macro_dividing,Mast_cell,0.2759018540382385
Macro_dividing,Megakaryocyte,0.20595921576023102
Macro_dividing,Mesothelia,-0.17752140760421753
Macro_dividing,Macrophage_intermediate,0.17343083024024963
Macro_dividing,Monocyte_CD14,0.27202486991882324
Macro_dividing,Monocyte_CD16,0.22249451279640198
Macro_dividing,Muscle_airway,-0.004323778208345175
Macro_dividing,Muscle_pericyte_airway,-0.2375161200761795
Macro_dividing,Muscle_pericyte_parenchyma,0.3003889322280884
Macro_dividing,Muscle_perivascular_immune_recruiting,-0.18741899728775024
Macro_dividing,Muscle_smooth_pulmonary,0.04680600389838219
Macro_dividing,Muscle_smooth_syst_arterial,0.04172036424279213
Macro_dividing,Myoepithelial,-0.0099207554012537
Macro_dividing,NAF_endoneurial,0.11714686453342438
Macro_dividing,NAF_perineurial,0.03871488198637962
Macro_dividing,NK_CD16hi,0.2760654091835022
Macro_dividing,NKT,0.263577938079834
Macro_dividing,NK_CD11d,0.2701745629310608
Macro_dividing,NK_CD56bright,0.29008036851882935
Macro_dividing,Neuroendocrine,0.11398618668317795
Macro_dividing,SMG_Basal,-0.05277147516608238
Macro_dividing,SMG_Duct,-0.11310867220163345
Macro_dividing,SMG_Mucous,0.04519350454211235
Macro_dividing,SMG_Serous,-0.09136132895946503
Macro_dividing,Schwann_Myelinating,0.11324304342269897
Macro_dividing,Schwann_nonmyelinating,0.2781985104084015
Macro_dividing,Secretory_Club,0.18149736523628235
Macro_dividing,Secretory_Goblet,0.22213856875896454
Macro_dividing,Suprabasal,0.06971613317728043
Macro_dividing,T_reg,0.29531219601631165
Macro_dividing,gdT,0.2805043160915375
Macro_int,Macro_int,0.09239067882299423
Macro_int,Macro_CCL,0.12873496115207672
Macro_int,Mast_cell,0.1729198545217514
Macro_int,Megakaryocyte,0.08286834508180618
Macro_int,Mesothelia,-0.052608516067266464
Macro_int,Macrophage_intermediate,0.09829389303922653
Macro_int,Monocyte_CD14,0.13913390040397644
Macro_int,Monocyte_CD16,0.11942262202501297
Macro_int,Muscle_airway,0.020187849178910255
Macro_int,Muscle_pericyte_airway,-0.07751254737377167
Macro_int,Muscle_pericyte_parenchyma,0.1390601098537445
Macro_int,Muscle_perivascular_immune_recruiting,-0.0569659024477005
Macro_int,Muscle_smooth_pulmonary,0.04341086372733116
Macro_int,Muscle_smooth_syst_arterial,0.03072343021631241
Macro_int,Myoepithelial,-0.009546743705868721
Macro_int,NAF_endoneurial,0.08217111229896545
Macro_int,NAF_perineurial,0.030779194086790085
Macro_int,NK_CD16hi,0.13079440593719482
Macro_int,NKT,0.13014161586761475
Macro_int,NK_CD11d,0.12941312789916992
Macro_int,NK_CD56bright,0.13328424096107483
Macro_int,Neuroendocrine,0.06460658460855484
Macro_int,SMG_Basal,-0.017712097615003586
Macro_int,SMG_Duct,-0.053274285048246384
Macro_int,SMG_Mucous,0.06408581882715225
Macro_int,SMG_Serous,-0.06349668651819229
Macro_int,Schwann_Myelinating,0.06288199871778488
Macro_int,Schwann_nonmyelinating,0.1603761613368988
Macro_int,Secretory_Club,0.09240223467350006
Macro_int,Secretory_Goblet,0.12056342512369156
Macro_int,Suprabasal,0.0425143800675869
Macro_int,T_reg,0.14042654633522034
Macro_int,gdT,0.1322939544916153
Macro_CCL,Macro_CCL,0.28286296129226685
Macro_CCL,Mast_cell,0.2795576751232147
Macro_CCL,Megakaryocyte,0.1977255642414093
Macro_CCL,Mesothelia,-0.18206629157066345
Macro_CCL,Macrophage_intermediate,0.16859230399131775
Macro_CCL,Monocyte_CD14,0.27099525928497314
Macro_CCL,Monocyte_CD16,0.21871645748615265
Macro_CCL,Muscle_airway,0.0055147637613117695
Macro_CCL,Muscle_pericyte_airway,-0.23766545951366425
Macro_CCL,Muscle_pericyte_parenchyma,0.3005461096763611
Macro_CCL,Muscle_perivascular_immune_recruiting,-0.1928183138370514
Macro_CCL,Muscle_smooth_pulmonary,0.05612197145819664
Macro_CCL,Muscle_smooth_syst_arterial,0.04849707707762718
Macro_CCL,Myoepithelial,-0.02026786468923092
Macro_CCL,NAF_endoneurial,0.12320341914892197
Macro_CCL,NAF_perineurial,0.04612960293889046
Macro_CCL,NK_CD16hi,0.27204692363739014
Macro_CCL,NKT,0.26078715920448303
Macro_CCL,NK_CD11d,0.2655297517776489
Macro_CCL,NK_CD56bright,0.2859077453613281
Macro_CCL,Neuroendocrine,0.10762573778629303
Macro_CCL,SMG_Basal,-0.05846108868718147
Macro_CCL,SMG_Duct,-0.12440437823534012
Macro_CCL,SMG_Mucous,0.036854714155197144
Macro_CCL,SMG_Serous,-0.10460175573825836
Macro_CCL,Schwann_Myelinating,0.10658984631299973
Macro_CCL,Schwann_nonmyelinating,0.2822236716747284
Macro_CCL,Secretory_Club,0.17544397711753845
Macro_CCL,Secretory_Goblet,0.2209782898426056
Macro_CCL,Suprabasal,0.06838025152683258
Macro_CCL,T_reg,0.2925599217414856
Macro_CCL,gdT,0.2771293818950653
Mast_cell,Mast_cell,0.2807278633117676
Mast_cell,Megakaryocyte,0.1842590719461441
Mast_cell,Mesothelia,-0.11633886396884918
Mast_cell,Macrophage_intermediate,0.19347132742404938
Mast_cell,Monocyte_CD14,0.2704239785671234
Mast_cell,Monocyte_CD16,0.2322646677494049
Mast_cell,Muscle_airway,-0.02746579982340336
Mast_cell,Muscle_pericyte_airway,-0.18354153633117676
Mast_cell,Muscle_pericyte_parenchyma,0.2788122296333313
Mast_cell,Muscle_perivascular_immune_recruiting,-0.13184386491775513
Mast_cell,Muscle_smooth_pulmonary,0.020097531378269196
Mast_cell,Muscle_smooth_syst_arterial,0.012113410048186779
Mast_cell,Myoepithelial,0.015091050416231155
Mast_cell,NAF_endoneurial,0.09967365860939026
Mast_cell,NAF_perineurial,0.010009225457906723
Mast_cell,NK_CD16hi,0.2657460868358612
Mast_cell,NKT,0.259724497795105
Mast_cell,NK_CD11d,0.26046502590179443
Mast_cell,NK_CD56bright,0.27102190256118774
Mast_cell,Neuroendocrine,0.12310618907213211
Mast_cell,SMG_Basal,-0.044828739017248154
Mast_cell,SMG_Duct,-0.07221297174692154
Mast_cell,SMG_Mucous,0.08786506205797195
Mast_cell,SMG_Serous,-0.06240277737379074
Mast_cell,Schwann_Myelinating,0.12145675718784332
Mast_cell,Schwann_nonmyelinating,0.26132524013519287
Mast_cell,Secretory_Club,0.17785707116127014
Mast_cell,Secretory_Goblet,0.20648455619812012
Mast_cell,Suprabasal,0.05499900504946709
Mast_cell,T_reg,0.27886268496513367
Mast_cell,gdT,0.2691240906715393
Megakaryocyte,Megakaryocyte,0.133372962474823
Megakaryocyte,Mesothelia,-0.14199766516685486
Megakaryocyte,Macrophage_intermediate,0.11006882041692734
Megakaryocyte,Monocyte_CD14,0.1919676661491394
Megakaryocyte,Monocyte_CD16,0.14961344003677368
Megakaryocyte,Muscle_airway,-0.006088783964514732
Megakaryocyte,Muscle_pericyte_airway,-0.17602920532226562
Megakaryocyte,Muscle_pericyte_parenchyma,0.21140478551387787
Megakaryocyte,Muscle_perivascular_immune_recruiting,-0.14970532059669495
Megakaryocyte,Muscle_smooth_pulmonary,0.030476992949843407
Megakaryocyte,Muscle_smooth_syst_arterial,0.029334736987948418
Megakaryocyte,Myoepithelial,-0.036423686891794205
Megakaryocyte,NAF_endoneurial,0.0761478915810585
Megakaryocyte,NAF_perineurial,0.02971065789461136
Megakaryocyte,NK_CD16hi,0.1865442544221878
Megakaryocyte,NKT,0.1803281009197235
Megakaryocyte,NK_CD11d,0.1809363216161728
Megakaryocyte,NK_CD56bright,0.1989031583070755
Megakaryocyte,Neuroendocrine,0.05297913774847984
Megakaryocyte,SMG_Basal,-0.050220269709825516
Megakaryocyte,SMG_Duct,-0.1029326468706131
Megakaryocyte,SMG_Mucous,0.011191252619028091
Megakaryocyte,SMG_Serous,-0.09262242168188095
Megakaryocyte,Schwann_Myelinating,0.0497109517455101
Megakaryocyte,Schwann_nonmyelinating,0.18156132102012634
Megakaryocyte,Secretory_Club,0.11692213267087936
Megakaryocyte,Secretory_Goblet,0.15401209890842438
Megakaryocyte,Suprabasal,0.05348028987646103
Megakaryocyte,T_reg,0.20418235659599304
Megakaryocyte,gdT,0.19072295725345612
Mesothelia,Mesothelia,0.12259380519390106
Mesothelia,Macrophage_intermediate,-0.09383247047662735
Mesothelia,Monocyte_CD14,-0.1495724469423294
Mesothelia,Monocyte_CD16,-0.12076091766357422
Mesothelia,Muscle_airway,0.021403398364782333
Mesothelia,Muscle_pericyte_airway,0.16402167081832886
Mesothelia,Muscle_pericyte_parenchyma,-0.17871078848838806
Mesothelia,Muscle_perivascular_immune_recruiting,0.12869402766227722
Mesothelia,Muscle_smooth_pulmonary,-0.008685430511832237
Mesothelia,Muscle_smooth_syst_arterial,-0.01427236758172512
Mesothelia,Myoepithelial,-0.019488492980599403
Mesothelia,NAF_endoneurial,-0.04747511073946953
Mesothelia,NAF_perineurial,-0.011879367753863335
Mesothelia,NK_CD16hi,-0.1642456352710724
Mesothelia,NKT,-0.15207456052303314
Mesothelia,NK_CD11d,-0.1590772420167923
Mesothelia,NK_CD56bright,-0.17351998388767242
Mesothelia,Neuroendocrine,-0.0696936845779419
Mesothelia,SMG_Basal,0.031380269676446915
Mesothelia,SMG_Duct,0.051481831818819046
Mesothelia,SMG_Mucous,0.010599920526146889
Mesothelia,SMG_Serous,0.015331821516156197
Mesothelia,Schwann_Myelinating,-0.07200254499912262
Mesothelia,Schwann_nonmyelinating,-0.1402854174375534
Mesothelia,Secretory_Club,-0.09865953773260117
Mesothelia,Secretory_Goblet,-0.10756424814462662
Mesothelia,Suprabasal,-0.021422944962978363
Mesothelia,T_reg,-0.17245075106620789
Mesothelia,gdT,-0.1680305004119873
Macrophage_intermediate,Macrophage_intermediate,0.11048325896263123
Macrophage_intermediate,Monocyte_CD14,0.17458781599998474
Macrophage_intermediate,Monocyte_CD16,0.142109215259552
Macrophage_intermediate,Muscle_airway,0.008455237373709679
Macrophage_intermediate,Muscle_pericyte_airway,-0.13042029738426208
Macrophage_intermediate,Muscle_pericyte_parenchyma,0.18463660776615143
Macrophage_intermediate,Muscle_perivascular_immune_recruiting,-0.10763803124427795
Macrophage_intermediate,Muscle_smooth_pulmonary,0.03959834948182106
Macrophage_intermediate,Muscle_smooth_syst_arterial,0.029745711013674736
Macrophage_intermediate,Myoepithelial,-0.028519602492451668
Macrophage_intermediate,NAF_endoneurial,0.08259691298007965
Macrophage_intermediate,NAF_perineurial,0.029273059219121933
Macrophage_intermediate,NK_CD16hi,0.16666267812252045
Macrophage_intermediate,NKT,0.16343702375888824
Macrophage_intermediate,NK_CD11d,0.16326360404491425
Macrophage_intermediate,NK_CD56bright,0.1739407777786255
Macrophage_intermediate,Neuroendocrine,0.06278549134731293
Macrophage_intermediate,SMG_Basal,-0.03981514275074005
Macrophage_intermediate,SMG_Duct,-0.08412176370620728
Macrophage_intermediate,SMG_Mucous,0.041204798966646194
Macrophage_intermediate,SMG_Serous,-0.0858907476067543
Macrophage_intermediate,Schwann_Myelinating,0.05996984988451004
Macrophage_intermediate,Schwann_nonmyelinating,0.184183269739151
Macrophage_intermediate,Secretory_Club,0.11161254346370697
Macrophage_intermediate,Secretory_Goblet,0.1480100005865097
Macrophage_intermediate,Suprabasal,0.04983050376176834
Macrophage_intermediate,T_reg,0.18074490129947662
Macrophage_intermediate,gdT,0.16931283473968506
Monocyte_CD14,Monocyte_CD14,0.26314806938171387
Monocyte_CD14,Monocyte_CD16,0.21775580942630768
Monocyte_CD14,Muscle_airway,0.00031031310209073126
Monocyte_CD14,Muscle_pericyte_airway,-0.2149280458688736
Monocyte_CD14,Muscle_pericyte_parenchyma,0.28595829010009766
Monocyte_CD14,Muscle_perivascular_immune_recruiting,-0.16836978495121002
Monocyte_CD14,Muscle_smooth_pulmonary,0.048800233751535416
Monocyte_CD14,Muscle_smooth_syst_arterial,0.03970413655042648
Monocyte_CD14,Myoepithelial,-0.007783709559589624
Monocyte_CD14,NAF_endoneurial,0.1177414134144783
Monocyte_CD14,NAF_perineurial,0.036928292363882065
Monocyte_CD14,NK_CD16hi,0.26467353105545044
Monocyte_CD14,NKT,0.2541584372520447
Monocyte_CD14,NK_CD11d,0.2596854865550995
Monocyte_CD14,NK_CD56bright,0.27635279297828674
Monocyte_CD14,Neuroendocrine,0.11572103202342987
Monocyte_CD14,SMG_Basal,-0.04754805192351341
Monocyte_CD14,SMG_Duct,-0.10392992198467255
Monocyte_CD14,SMG_Mucous,0.05724966898560524
Monocyte_CD14,SMG_Serous,-0.08890219777822495
Monocyte_CD14,Schwann_Myelinating,0.11377817392349243
Monocyte_CD14,Schwann_nonmyelinating,0.27630579471588135
Monocyte_CD14,Secretory_Club,0.17869214713573456
Monocyte_CD14,Secretory_Goblet,0.21805191040039062
Monocyte_CD14,Suprabasal,0.06642164289951324
Monocyte_CD14,T_reg,0.2822529375553131
Monocyte_CD14,gdT,0.26868823170661926
Monocyte_CD16,Monocyte_CD16,0.18070794641971588
Monocyte_CD16,Muscle_airway,0.0032883821986615658
Monocyte_CD16,Muscle_pericyte_airway,-0.171070396900177
Monocyte_CD16,Muscle_pericyte_parenchyma,0.23496590554714203
Monocyte_CD16,Muscle_perivascular_immune_recruiting,-0.13635385036468506
Monocyte_CD16,Muscle_smooth_pulmonary,0.0432908721268177
Monocyte_CD16,Muscle_smooth_syst_arterial,0.03411869704723358
Monocyte_CD16,Myoepithelial,-0.01865215040743351
Monocyte_CD16,NAF_endoneurial,0.10018645226955414
Monocyte_CD16,NAF_perineurial,0.03224766626954079
Monocyte_CD16,NK_CD16hi,0.21561679244041443
Monocyte_CD16,NKT,0.20901446044445038
Monocyte_CD16,NK_CD11d,0.2115345001220703
Monocyte_CD16,NK_CD56bright,0.22507542371749878
Monocyte_CD16,Neuroendocrine,0.08871257305145264
Monocyte_CD16,SMG_Basal,-0.043025996536016464
Monocyte_CD16,SMG_Duct,-0.0938047468662262
Monocyte_CD16,SMG_Mucous,0.05268874019384384
Monocyte_CD16,SMG_Serous,-0.08873641490936279
Monocyte_CD16,Schwann_Myelinating,0.08610596507787704
Monocyte_CD16,Schwann_nonmyelinating,0.2297646552324295
Monocyte_CD16,Secretory_Club,0.14533750712871552
Monocyte_CD16,Secretory_Goblet,0.18418554961681366
Monocyte_CD16,Suprabasal,0.05992637202143669
Monocyte_CD16,T_reg,0.23154883086681366
Monocyte_CD16,gdT,0.21883168816566467
Muscle_airway,Muscle_airway,-0.07829473912715912
Muscle_airway,Muscle_pericyte_airway,0.026368988677859306
Muscle_airway,Muscle_pericyte_parenchyma,-0.03236839547753334
Muscle_airway,Muscle_perivascular_immune_recruiting,0.026801809668540955
Muscle_airway,Muscle_smooth_pulmonary,-0.08053303509950638
Muscle_airway,Muscle_smooth_syst_arterial,-0.07137855887413025
Muscle_airway,Myoepithelial,0.016581442207098007
Muscle_airway,NAF_endoneurial,-0.07579003274440765
Muscle_airway,NAF_perineurial,-0.06969951838254929
Muscle_airway,NK_CD16hi,-0.019649751484394073
Muscle_airway,NKT,-0.019708355888724327
Muscle_airway,NK_CD11d,-0.017894413322210312
Muscle_airway,NK_CD56bright,-0.02069230005145073
Muscle_airway,Neuroendocrine,-0.00927899032831192
Muscle_airway,SMG_Basal,0.00346194370649755
Muscle_airway,SMG_Duct,0.04669869691133499
Muscle_airway,SMG_Mucous,0.004381215199828148
Muscle_airway,SMG_Serous,0.05149318650364876
Muscle_airway,Schwann_Myelinating,-0.01686381734907627
Muscle_airway,Schwann_nonmyelinating,-0.06962504982948303
Muscle_airway,Secretory_Club,0.004456117283552885
Muscle_airway,Secretory_Goblet,-0.0231770072132349
Muscle_airway,Suprabasal,-0.015044608153402805
Muscle_airway,T_reg,-0.02700796350836754
Muscle_airway,gdT,-0.021907392889261246
Muscle_pericyte_airway,Muscle_pericyte_airway,0.21307609975337982
Muscle_pericyte_airway,Muscle_pericyte_parenchyma,-0.24691374599933624
Muscle_pericyte_airway,Muscle_perivascular_immune_recruiting,0.17274239659309387
Muscle_pericyte_airway,Muscle_smooth_pulmonary,-0.041049882769584656
Muscle_pericyte_airway,Muscle_smooth_syst_arterial,-0.04181838408112526
Muscle_pericyte_airway,Myoepithelial,-0.0005654804990626872
Muscle_pericyte_airway,NAF_endoneurial,-0.09105616062879562
Muscle_pericyte_airway,NAF_perineurial,-0.03983462601900101
Muscle_pericyte_airway,NK_CD16hi,-0.22030700743198395
Muscle_pericyte_airway,NKT,-0.20830468833446503
Muscle_pericyte_airway,NK_CD11d,-0.21229788661003113
Muscle_pericyte_airway,NK_CD56bright,-0.2315460592508316
Muscle_pericyte_airway,Neuroendocrine,-0.08449438959360123
Muscle_pericyte_airway,SMG_Basal,0.049365073442459106
Muscle_pericyte_airway,SMG_Duct,0.09713689982891083
Muscle_pericyte_airway,SMG_Mucous,0.006354091223329306
Muscle_pericyte_airway,SMG_Serous,0.06010081246495247
Muscle_pericyte_airway,Schwann_Myelinating,-0.08697061240673065
Muscle_pericyte_airway,Schwann_nonmyelinating,-0.21077188849449158
Muscle_pericyte_airway,Secretory_Club,-0.12721528112888336
Muscle_pericyte_airway,Secretory_Goblet,-0.15130622684955597
Muscle_pericyte_airway,Suprabasal,-0.03769315406680107
Muscle_pericyte_airway,T_reg,-0.23572760820388794
Muscle_pericyte_airway,gdT,-0.22633923590183258
Muscle_pericyte_parenchyma,Muscle_pericyte_parenchyma,0.3172946870326996
Muscle_pericyte_parenchyma,Muscle_perivascular_immune_recruiting,-0.20096145570278168
Muscle_pericyte_parenchyma,Muscle_smooth_pulmonary,0.04737615957856178
Muscle_pericyte_parenchyma,Muscle_smooth_syst_arterial,0.04043547809123993
Muscle_pericyte_parenchyma,Myoepithelial,-0.01156043540686369
Muscle_pericyte_parenchyma,NAF_endoneurial,0.11771313846111298
Muscle_pericyte_parenchyma,NAF_perineurial,0.035925302654504776
Muscle_pericyte_parenchyma,NK_CD16hi,0.2894178628921509
Muscle_pericyte_parenchyma,NKT,0.27689021825790405
Muscle_pericyte_parenchyma,NK_CD11d,0.282352089881897
Muscle_pericyte_parenchyma,NK_CD56bright,0.30281564593315125
Muscle_pericyte_parenchyma,Neuroendocrine,0.11790362745523453
Muscle_pericyte_parenchyma,SMG_Basal,-0.06469433754682541
Muscle_pericyte_parenchyma,SMG_Duct,-0.1197100281715393
Muscle_pericyte_parenchyma,SMG_Mucous,0.037524282932281494
Muscle_pericyte_parenchyma,SMG_Serous,-0.09410116821527481
Muscle_pericyte_parenchyma,Schwann_Myelinating,0.11709620803594589
Muscle_pericyte_parenchyma,Schwann_nonmyelinating,0.29133719205856323
Muscle_pericyte_parenchyma,Secretory_Club,0.18724246323108673
Muscle_pericyte_parenchyma,Secretory_Goblet,0.22958630323410034
Muscle_pericyte_parenchyma,Suprabasal,0.06389445811510086
Muscle_pericyte_parenchyma,T_reg,0.30880454182624817
Muscle_pericyte_parenchyma,gdT,0.2946738600730896
Muscle_perivascular_immune_recruiting,Muscle_perivascular_immune_recruiting,0.13542112708091736
Muscle_perivascular_immune_recruiting,Muscle_smooth_pulmonary,-0.029611708596348763
Muscle_perivascular_immune_recruiting,Muscle_smooth_syst_arterial,-0.031438954174518585
Muscle_perivascular_immune_recruiting,Myoepithelial,-0.022754110395908356
Muscle_perivascular_immune_recruiting,NAF_endoneurial,-0.07078557461500168
Muscle_perivascular_immune_recruiting,NAF_perineurial,-0.03067934699356556
Muscle_perivascular_immune_recruiting,NK_CD16hi,-0.17750421166419983
Muscle_perivascular_immune_recruiting,NKT,-0.1658538281917572
Muscle_perivascular_immune_recruiting,NK_CD11d,-0.17076793313026428
Muscle_perivascular_immune_recruiting,NK_CD56bright,-0.18514536321163177
Muscle_perivascular_immune_recruiting,Neuroendocrine,-0.07843176275491714
Muscle_perivascular_immune_recruiting,SMG_Basal,0.03406456112861633
Muscle_perivascular_immune_recruiting,SMG_Duct,0.06271518766880035
Muscle_perivascular_immune_recruiting,SMG_Mucous,0.012459934689104557
Muscle_perivascular_immune_recruiting,SMG_Serous,0.023185743018984795
Muscle_perivascular_immune_recruiting,Schwann_Myelinating,-0.08368232846260071
Muscle_perivascular_immune_recruiting,Schwann_nonmyelinating,-0.16690486669540405
Muscle_perivascular_immune_recruiting,Secretory_Club,-0.09950794279575348
Muscle_perivascular_immune_recruiting,Secretory_Goblet,-0.10999704897403717
Muscle_perivascular_immune_recruiting,Suprabasal,-0.017618093639612198
Muscle_perivascular_immune_recruiting,T_reg,-0.18697592616081238
Muscle_perivascular_immune_recruiting,gdT,-0.1826225370168686
Muscle_smooth_pulmonary,Muscle_smooth_pulmonary,-0.07263331860303879
Muscle_smooth_pulmonary,Muscle_smooth_syst_arterial,-0.06472416967153549
Muscle_smooth_pulmonary,Myoepithelial,0.01654316857457161
Muscle_smooth_pulmonary,NAF_endoneurial,-0.05635800212621689
Muscle_smooth_pulmonary,NAF_perineurial,-0.06359140574932098
Muscle_smooth_pulmonary,NK_CD16hi,0.02545893006026745
Muscle_smooth_pulmonary,NKT,0.023356107994914055
Muscle_smooth_pulmonary,NK_CD11d,0.02609405107796192
Muscle_smooth_pulmonary,NK_CD56bright,0.02611035481095314
Muscle_smooth_pulmonary,Neuroendocrine,0.010105879046022892
Muscle_smooth_pulmonary,SMG_Basal,-0.00549990963190794
Muscle_smooth_pulmonary,SMG_Duct,0.028435364365577698
Muscle_smooth_pulmonary,SMG_Mucous,0.011621282435953617
Muscle_smooth_pulmonary,SMG_Serous,0.03786035254597664
Muscle_smooth_pulmonary,Schwann_Myelinating,0.0028183714020997286
Muscle_smooth_pulmonary,Schwann_nonmyelinating,-0.025216002017259598
Muscle_smooth_pulmonary,Secretory_Club,0.03290846571326256
Muscle_smooth_pulmonary,Secretory_Goblet,0.010774770751595497
Muscle_smooth_pulmonary,Suprabasal,-0.005270862020552158
Muscle_smooth_pulmonary,T_reg,0.020932694897055626
Muscle_smooth_pulmonary,gdT,0.023764580488204956
Muscle_smooth_syst_arterial,Muscle_smooth_syst_arterial,-0.05812076851725578
Muscle_smooth_syst_arterial,Myoepithelial,0.012532906606793404
Muscle_smooth_syst_arterial,NAF_endoneurial,-0.05384711176156998
Muscle_smooth_syst_arterial,NAF_perineurial,-0.056937325745821
Muscle_smooth_syst_arterial,NK_CD16hi,0.01934303157031536
Muscle_smooth_syst_arterial,NKT,0.016304105520248413
Muscle_smooth_syst_arterial,NK_CD11d,0.020334210246801376
Muscle_smooth_syst_arterial,NK_CD56bright,0.021386006847023964
Muscle_smooth_syst_arterial,Neuroendocrine,0.005506063345819712
Muscle_smooth_syst_arterial,SMG_Basal,-0.0022650682367384434
Muscle_smooth_syst_arterial,SMG_Duct,0.025035565719008446
Muscle_smooth_syst_arterial,SMG_Mucous,0.007904003374278545
Muscle_smooth_syst_arterial,SMG_Serous,0.03428780660033226
Muscle_smooth_syst_arterial,Schwann_Myelinating,-0.0012307522119954228
Muscle_smooth_syst_arterial,Schwann_nonmyelinating,-0.029103033244609833
Muscle_smooth_syst_arterial,Secretory_Club,0.029348133131861687
Muscle_smooth_syst_arterial,Secretory_Goblet,0.008929148316383362
Muscle_smooth_syst_arterial,Suprabasal,-0.0009362478740513325
Muscle_smooth_syst_arterial,T_reg,0.01563693769276142
Muscle_smooth_syst_arterial,gdT,0.017454184591770172
Myoepithelial,Myoepithelial,-0.0864962488412857
Myoepithelial,NAF_endoneurial,-0.0028871779795736074
Myoepithelial,NAF_perineurial,0.01393597200512886
Myoepithelial,NK_CD16hi,-0.019680390134453773
Myoepithelial,NKT,-0.01560246478766203
Myoepithelial,NK_CD11d,-0.020399250090122223
Myoepithelial,NK_CD56bright,-0.01291014812886715
Myoepithelial,Neuroendocrine,-0.051683809608221054
Myoepithelial,SMG_Basal,-0.03173196688294411
Myoepithelial,SMG_Duct,-0.06500357389450073
Myoepithelial,SMG_Mucous,-0.03760107234120369
Myoepithelial,SMG_Serous,-0.08103880286216736
Myoepithelial,Schwann_Myelinating,-0.059883639216423035
Myoepithelial,Schwann_nonmyelinating,-0.006965241394937038
Myoepithelial,Secretory_Club,-0.009213329292833805
Myoepithelial,Secretory_Goblet,0.01436279434710741
Myoepithelial,Suprabasal,0.01937967911362648
Myoepithelial,T_reg,-0.009857133030891418
Myoepithelial,gdT,-0.019067758694291115
NAF_endoneurial,NAF_endoneurial,-0.01824190840125084
NAF_endoneurial,NAF_perineurial,-0.04537690430879593
NAF_endoneurial,NK_CD16hi,0.09809954464435577
NAF_endoneurial,NKT,0.09502623230218887
NAF_endoneurial,NK_CD11d,0.09730920195579529
NAF_endoneurial,NK_CD56bright,0.10294037312269211
NAF_endoneurial,Neuroendocrine,0.03543467819690704
NAF_endoneurial,SMG_Basal,-0.022669699043035507
NAF_endoneurial,SMG_Duct,-0.010728888213634491
NAF_endoneurial,SMG_Mucous,0.02926778793334961
NAF_endoneurial,SMG_Serous,-0.0030438443645834923
NAF_endoneurial,Schwann_Myelinating,0.024873895570635796
NAF_endoneurial,Schwann_nonmyelinating,0.05390745401382446
NAF_endoneurial,Secretory_Club,0.08436562865972519
NAF_endoneurial,Secretory_Goblet,0.07692953199148178
NAF_endoneurial,Suprabasal,0.020979024469852448
NAF_endoneurial,T_reg,0.10104338824748993
NAF_endoneurial,gdT,0.09801124781370163
NAF_perineurial,NAF_perineurial,-0.054009757936000824
NAF_perineurial,NK_CD16hi,0.023129777982831
NAF_perineurial,NKT,0.020226402208209038
NAF_perineurial,NK_CD11d,0.024298543110489845
NAF_perineurial,NK_CD56bright,0.02606186270713806
NAF_perineurial,Neuroendocrine,0.010142911225557327
NAF_perineurial,SMG_Basal,-0.0017650468507781625
NAF_perineurial,SMG_Duct,0.02406342700123787
NAF_perineurial,SMG_Mucous,0.0060147554613649845
NAF_perineurial,SMG_Serous,0.03385096788406372
NAF_perineurial,Schwann_Myelinating,0.0004291077784728259
NAF_perineurial,Schwann_nonmyelinating,-0.023947974666953087
NAF_perineurial,Secretory_Club,0.035154569894075394
NAF_perineurial,Secretory_Goblet,0.013567889109253883
NAF_perineurial,Suprabasal,-8.131506911013275e-05
NAF_perineurial,T_reg,0.020057832822203636
NAF_perineurial,gdT,0.022055361419916153
NK_CD16hi,NK_CD16hi,0.2627856433391571
NK_CD16hi,NKT,0.25421667098999023
NK_CD16hi,NK_CD11d,0.2557441294193268
NK_CD16hi,NK_CD56bright,0.2746369540691376
NK_CD16hi,Neuroendocrine,0.09950980544090271
NK_CD16hi,SMG_Basal,-0.06222325563430786
NK_CD16hi,SMG_Duct,-0.12064570933580399
NK_CD16hi,SMG_Mucous,0.038760483264923096
NK_CD16hi,SMG_Serous,-0.10470595210790634
NK_CD16hi,Schwann_Myelinating,0.09779895842075348
NK_CD16hi,Schwann_nonmyelinating,0.26944437623023987
NK_CD16hi,Secretory_Club,0.1663394719362259
NK_CD16hi,Secretory_Goblet,0.21131040155887604
NK_CD16hi,Suprabasal,0.06400330364704132
NK_CD16hi,T_reg,0.2828138768672943
NK_CD16hi,gdT,0.26806655526161194
NKT,NKT,0.2450416088104248
NKT,NK_CD11d,0.24848057329654694
NKT,NK_CD56bright,0.26592499017715454
NKT,Neuroendocrine,0.10175847262144089
NKT,SMG_Basal,-0.054199472069740295
NKT,SMG_Duct,-0.110962875187397
NKT,SMG_Mucous,0.04563567042350769
NKT,SMG_Serous,-0.0974016934633255
NKT,Schwann_Myelinating,0.09975853562355042
NKT,Schwann_nonmyelinating,0.2640610635280609
NKT,Secretory_Club,0.16724711656570435
NKT,Secretory_Goblet,0.20947489142417908
NKT,Suprabasal,0.06433439254760742
NKT,T_reg,0.27267488837242126
NKT,gdT,0.2585916519165039
NK_CD11d,NK_CD11d,0.24831661581993103
NK_CD11d,NK_CD56bright,0.26634451746940613
NK_CD11d,Neuroendocrine,0.09520303457975388
NK_CD11d,SMG_Basal,-0.0621335469186306
NK_CD11d,SMG_Duct,-0.11775670200586319
NK_CD11d,SMG_Mucous,0.03928393870592117
NK_CD11d,SMG_Serous,-0.10331986844539642
NK_CD11d,Schwann_Myelinating,0.09380318224430084
NK_CD11d,Schwann_nonmyelinating,0.26094046235084534
NK_CD11d,Secretory_Club,0.15844035148620605
NK_CD11d,Secretory_Goblet,0.20291002094745636
NK_CD11d,Suprabasal,0.0614786297082901
NK_CD11d,T_reg,0.27540308237075806
NK_CD11d,gdT,0.26107141375541687
NK_CD56bright,NK_CD56bright,0.28516721725463867
NK_CD56bright,Neuroendocrine,0.10421688109636307
NK_CD56bright,SMG_Basal,-0.06405366957187653
NK_CD56bright,SMG_Duct,-0.12174836546182632
NK_CD56bright,SMG_Mucous,0.03791048005223274
NK_CD56bright,SMG_Serous,-0.10205681622028351
NK_CD56bright,Schwann_Myelinating,0.10371173918247223
NK_CD56bright,Schwann_nonmyelinating,0.2761653661727905
NK_CD56bright,Secretory_Club,0.16779759526252747
NK_CD56bright,Secretory_Goblet,0.21213901042938232
NK_CD56bright,Suprabasal,0.06269431859254837
NK_CD56bright,T_reg,0.2942143380641937
NK_CD56bright,gdT,0.2797006368637085
Neuroendocrine,Neuroendocrine,0.00871508289128542
Neuroendocrine,SMG_Basal,-0.04621138051152229
Neuroendocrine,SMG_Duct,-0.0738784447312355
Neuroendocrine,SMG_Mucous,0.006624714937061071
Neuroendocrine,SMG_Serous,-0.08070985972881317
Neuroendocrine,Schwann_Myelinating,0.005259368568658829
Neuroendocrine,Schwann_nonmyelinating,0.099098801612854
Neuroendocrine,Secretory_Club,0.05748412385582924
Neuroendocrine,Secretory_Goblet,0.08448193967342377
Neuroendocrine,Suprabasal,0.028045250102877617
Neuroendocrine,T_reg,0.11130069196224213
Neuroendocrine,gdT,0.1019451767206192
SMG_Basal,SMG_Basal,-0.00934707559645176
SMG_Basal,SMG_Duct,0.009235195815563202
SMG_Basal,SMG_Mucous,-0.013618024997413158
SMG_Basal,SMG_Serous,-0.0009927746141329408
SMG_Basal,Schwann_Myelinating,-0.05782109126448631
SMG_Basal,Schwann_nonmyelinating,-0.09426745772361755
SMG_Basal,Secretory_Club,-0.05587054789066315
SMG_Basal,Secretory_Goblet,-0.06137494742870331
SMG_Basal,Suprabasal,-0.010362669825553894
SMG_Basal,T_reg,-0.0791517049074173
SMG_Basal,gdT,-0.07912159711122513
SMG_Duct,SMG_Duct,-0.012619925662875175
SMG_Duct,SMG_Mucous,-0.027360977604985237
SMG_Duct,SMG_Serous,-0.03789088875055313
SMG_Duct,Schwann_Myelinating,-0.07654381543397903
SMG_Duct,Schwann_nonmyelinating,-0.0897803008556366
SMG_Duct,Secretory_Club,-0.07821862399578094
SMG_Duct,Secretory_Goblet,-0.06598147004842758
SMG_Duct,Suprabasal,-0.004213627893477678
SMG_Duct,T_reg,-0.11111230403184891
SMG_Duct,gdT,-0.11335577815771103
SMG_Mucous,SMG_Mucous,0.06161639094352722
SMG_Mucous,SMG_Serous,-0.03659774735569954
SMG_Mucous,Schwann_Myelinating,0.0016628482844680548
SMG_Mucous,Schwann_nonmyelinating,0.03045060485601425
SMG_Mucous,Secretory_Club,0.024101322516798973
SMG_Mucous,Secretory_Goblet,0.03777286782860756
SMG_Mucous,Suprabasal,0.027399631217122078
SMG_Mucous,T_reg,0.03393876552581787
SMG_Mucous,gdT,0.02854025363922119
SMG_Serous,SMG_Serous,-0.06755051016807556
SMG_Serous,Schwann_Myelinating,-0.08275985717773438
SMG_Serous,Schwann_nonmyelinating,-0.06261567026376724
SMG_Serous,Secretory_Club,-0.06875980645418167
SMG_Serous,Secretory_Goblet,-0.048001475632190704
SMG_Serous,Suprabasal,-0.0005367107805795968
SMG_Serous,T_reg,-0.0851854458451271
SMG_Serous,gdT,-0.0904524177312851
Schwann_Myelinating,Schwann_Myelinating,7.158309017540887e-05
Schwann_Myelinating,Schwann_nonmyelinating,0.09697303175926208
Schwann_Myelinating,Secretory_Club,0.06351079046726227
Schwann_Myelinating,Secretory_Goblet,0.09262203425168991
Schwann_Myelinating,Suprabasal,0.032978419214487076
Schwann_Myelinating,T_reg,0.11534852534532547
Schwann_Myelinating,gdT,0.10514657199382782
Schwann_nonmyelinating,Schwann_nonmyelinating,0.22919245064258575
Schwann_nonmyelinating,Secretory_Club,0.1700078845024109
Schwann_nonmyelinating,Secretory_Goblet,0.19479018449783325
Schwann_nonmyelinating,Suprabasal,0.047695089131593704
Schwann_nonmyelinating,T_reg,0.2763890326023102
Schwann_nonmyelinating,gdT,0.2659057378768921
Secretory_Club,Secretory_Club,0.0811716765165329
Secretory_Club,Secretory_Goblet,0.11210384964942932
Secretory_Club,Suprabasal,0.03043266013264656
Secretory_Club,T_reg,0.18135733902454376
Secretory_Club,gdT,0.17316901683807373
Secretory_Goblet,Secretory_Goblet,0.1342744082212448
Secretory_Goblet,Suprabasal,0.0334133617579937
Secretory_Goblet,T_reg,0.21756060421466827
Secretory_Goblet,gdT,0.2108076959848404
Suprabasal,Suprabasal,0.00591158214956522
Suprabasal,T_reg,0.05256495997309685
Suprabasal,gdT,0.052090950310230255
T_reg,T_reg,0.30063170194625854
T_reg,gdT,0.2860568165779114
gdT,gdT,0.27213603258132935
