A,B,R
AT1,AT1,0.3502946208627628
AT1,AT2,0.3479979021560256
AT1,B_memory,0.28888771619458137
AT1,B_naive,0.299126602766476
AT1,B_plasma_IgA,0.012556039022173185
AT1,B_plasma_IgG,-0.1326324262350517
AT1,B_plasmablast,-0.150677553189025
AT1,Basal,0.07163787177138767
AT1,CD4_EM_Effector,0.313813221249245
AT1,CD4_TRM,0.28553060223298093
AT1,CD4_naive_CM,0.10912005465949569
AT1,CD8_EM,0.31365831589232473
AT1,CD8_EM_EMRA,0.30597597539687194
AT1,CD8_TRM_EM,0.32813991607427484
AT1,CD8_TRM,0.32853347459060916
AT1,Chondrocyte,-0.190622212655645
AT1,Ciliated,0.20569886504649043
AT1,DC_1,0.28520455899525843
AT1,DC_2,0.3131972616460838
AT1,DC_activated,0.3371835717091968
AT1,DC_plasmacytoid,0.30197921484056733
AT1,Deuterosomal,0.17753439499565327
AT1,Dividing_AT2,0.3289476963508275
AT1,Dividing_Basal,0.10397568046507273
AT1,Endothelia_Lymphatic,-0.21032060895085902
AT1,Endothelia_vascular_Cap_a,0.35317307227571243
AT1,Endothelia_vascular_Cap_g,0.3472508006623443
AT1,Endothelia_vascular_arterial_pulmonary,0.22477504273781873
AT1,Endothelia_vascular_arterial_systemic,0.07823367829436549
AT1,Endothelia_vascular_venous_pulmonary,-0.08416602306075632
AT1,Endothelia_vascular_venous_systemic,-0.34381490159272987
AT1,Erythrocyte,0.3362333774372483
AT1,Fibro_adventitial,-0.2394317361380935
AT1,Fibro_alveolar,0.3606138803054938
AT1,Fibro_immune_recruiting,-0.2074738146341556
AT1,Fibro_myofibroblast,-0.20595966231460255
AT1,Fibro_peribronchial,0.045260414277091016
AT1,Fibro_perichondrial,-0.07357925001997713
AT1,ILC,0.28659082961995075
AT1,Ionocyte_n_Brush,0.18389838321930868
AT1,MAIT,0.319108711208717
AT1,Macro_CHIT1,0.28760402922642786
AT1,Macro_interstitial,0.3028385392479347
AT1,Macro_AW_CX3CR1,0.20678358333836877
AT1,Macro_alveolar_metallothioneins,0.06615402116042657
AT1,Macro_alv,0.3165498974842109
AT1,Macro_dividing,0.3236857070472909
AT1,Macro_int,0.13269054508616857
AT1,Macro_CCL,0.30637567828422607
AT1,Mast_cell,0.294741093177884
AT1,Megakaryocyte,0.21029006712696469
AT1,Mesothelia,-0.20631285897068005
AT1,Macrophage_intermediate,0.17156323656194158
AT1,Monocyte_CD14,0.2927222329269844
AT1,Monocyte_CD16,0.23273485049029888
AT1,Muscle_airway,-0.01416086226731849
AT1,Muscle_pericyte_airway,-0.27597944387856976
AT1,Muscle_pericyte_parenchyma,0.3257549636757863
AT1,Muscle_perivascular_immune_recruiting,-0.2303440871709518
AT1,Muscle_smooth_pulmonary,0.03646493997134954
AT1,Muscle_smooth_syst_arterial,0.028481888193187525
AT1,Myoepithelial,-0.049666265605244675
AT1,NAF_endoneurial,0.09163665888104182
AT1,NAF_perineurial,0.03173873189099695
AT1,NK_CD16hi,0.29164163627543677
AT1,NKT,0.2799540869819832
AT1,NK_CD11d,0.2850695047220679
AT1,NK_CD56bright,0.31130949586667683
AT1,Neuroendocrine,0.07743850152563074
AT1,SMG_Basal,-0.07624301063045516
AT1,SMG_Duct,-0.13686986516846236
AT1,SMG_Mucous,0.021755675106852054
AT1,SMG_Serous,-0.1261527891089344
AT1,Schwann_Myelinating,0.0797776477744075
AT1,Schwann_nonmyelinating,0.2793554262381566
AT1,Secretory_Club,0.21120448763138205
AT1,Secretory_Goblet,0.2351877477966996
AT1,Suprabasal,0.05647598189072284
AT1,T_reg,0.31678728927968686
AT1,gdT,0.29640938192526933
AT2,AT2,0.3478099349272415
AT2,B_memory,0.28635875199158806
AT2,B_naive,0.29539806008861574
AT2,B_plasma_IgA,0.004264507844629125
AT2,B_plasma_IgG,-0.1418679166986518
AT2,B_plasmablast,-0.15697007819970052
AT2,Basal,0.06910760837730749
AT2,CD4_EM_Effector,0.3115237335785276
AT2,CD4_TRM,0.2823525611726976
AT2,CD4_naive_CM,0.11032195441383914
AT2,CD8_EM,0.3110958943397342
AT2,CD8_EM_EMRA,0.3038542965553904
AT2,CD8_TRM_EM,0.3259264539366315
AT2,CD8_TRM,0.3264475433346897
AT2,Chondrocyte,-0.20796771202696188
AT2,Ciliated,0.20122145012922105
AT2,DC_1,0.2800439028746089
AT2,DC_2,0.308735933828591
AT2,DC_activated,0.33484631724941194
AT2,DC_plasmacytoid,0.29833008864035865
AT2,Deuterosomal,0.17511838122698167
AT2,Dividing_AT2,0.3271331801011402
AT2,Dividing_Basal,0.10964038159616511
AT2,Endothelia_Lymphatic,-0.20595841531814002
AT2,Endothelia_vascular_Cap_a,0.35476338218116305
AT2,Endothelia_vascular_Cap_g,0.3483537715155366
AT2,Endothelia_vascular_arterial_pulmonary,0.22788362822237718
AT2,Endothelia_vascular_arterial_systemic,0.08394792958589388
AT2,Endothelia_vascular_venous_pulmonary,-0.08208958723462942
AT2,Endothelia_vascular_venous_systemic,-0.34438153142472017
AT2,Erythrocyte,0.3347768596488176
AT2,Fibro_adventitial,-0.24194810103805395
AT2,Fibro_alveolar,0.3633752994683683
AT2,Fibro_immune_recruiting,-0.21362133404408784
AT2,Fibro_myofibroblast,-0.20532113977894026
AT2,Fibro_peribronchial,0.05491711798901195
AT2,Fibro_perichondrial,-0.07417220153142051
AT2,ILC,0.28347673548205465
AT2,Ionocyte_n_Brush,0.1818968309953367
AT2,MAIT,0.31685178409760456
AT2,Macro_CHIT1,0.28390948891238466
AT2,Macro_interstitial,0.2989497974235121
AT2,Macro_AW_CX3CR1,0.2002430882301281
AT2,Macro_alveolar_metallothioneins,0.060022994642110396
AT2,Macro_alv,0.31613050342596233
AT2,Macro_dividing,0.32148335025294195
AT2,Macro_int,0.1259795094621303
AT2,Macro_CCL,0.30249791719672786
AT2,Mast_cell,0.2962763386458587
AT2,Megakaryocyte,0.20606110722971244
AT2,Mesothelia,-0.21295271793838694
AT2,Macrophage_intermediate,0.16548555468377946
AT2,Monocyte_CD14,0.29083171409299047
AT2,Monocyte_CD16,0.22824280771918445
AT2,Muscle_airway,-0.0029768368801428072
AT2,Muscle_pericyte_airway,-0.27773333384895554
AT2,Muscle_pericyte_parenchyma,0.32605277859220433
AT2,Muscle_perivascular_immune_recruiting,-0.2363583605281261
AT2,Muscle_smooth_pulmonary,0.04757192778382173
AT2,Muscle_smooth_syst_arterial,0.03755510017975228
AT2,Myoepithelial,-0.0573392848400419
AT2,NAF_endoneurial,0.09985710668038368
AT2,NAF_perineurial,0.04338222489333026
AT2,NK_CD16hi,0.28804055366041964
AT2,NKT,0.2769424367999054
AT2,NK_CD11d,0.28081370770582553
AT2,NK_CD56bright,0.30782938652347624
AT2,Neuroendocrine,0.07124664241591266
AT2,SMG_Basal,-0.0782527924584285
AT2,SMG_Duct,-0.14658662235837303
AT2,SMG_Mucous,0.013287942673232842
AT2,SMG_Serous,-0.1365951814659737
AT2,Schwann_Myelinating,0.07465860531525734
AT2,Schwann_nonmyelinating,0.2838765378826929
AT2,Secretory_Club,0.20645034362792927
AT2,Secretory_Goblet,0.2319524445035032
AT2,Suprabasal,0.05554902080838956
AT2,T_reg,0.31452915760268274
AT2,gdT,0.29358389545401564
B_memory,B_memory,0.24337260050351012
B_memory,B_naive,0.24920138473044687
B_memory,B_plasma_IgA,0.009507922814317572
B_memory,B_plasma_IgG,-0.09205191400734694
B_memory,B_plasmablast,-0.10254046086041078
B_memory,Basal,0.06923936679737923
B_memory,CD4_EM_Effector,0.25849897522775594
B_memory,CD4_TRM,0.23882421400816917
B_memory,CD4_naive_CM,0.11802760474602943
B_memory,CD8_EM,0.25850539213609885
B_memory,CD8_EM_EMRA,0.252332676523376
B_memory,CD8_TRM_EM,0.269675441616662
B_memory,CD8_TRM,0.27237645977386715
B_memory,Chondrocyte,-0.191607121381655
B_memory,Ciliated,0.17354602268380379
B_memory,DC_1,0.2400398263508267
B_memory,DC_2,0.2603242210132744
B_memory,DC_activated,0.2763577833325009
B_memory,DC_plasmacytoid,0.24927363369454325
B_memory,Deuterosomal,0.15331727314429575
B_memory,Dividing_AT2,0.2682867921205474
B_memory,Dividing_Basal,0.11320019637341648
B_memory,Endothelia_Lymphatic,-0.14339718307062746
B_memory,Endothelia_vascular_Cap_a,0.2938737097590817
B_memory,Endothelia_vascular_Cap_g,0.28722842929508097
B_memory,Endothelia_vascular_arterial_pulmonary,0.18112064652855592
B_memory,Endothelia_vascular_arterial_systemic,0.05490548029655832
B_memory,Endothelia_vascular_venous_pulmonary,-0.06159094447932881
B_memory,Endothelia_vascular_venous_systemic,-0.2750873765879737
B_memory,Erythrocyte,0.27136876879941024
B_memory,Fibro_adventitial,-0.19062827236308774
B_memory,Fibro_alveolar,0.2999258695485547
B_memory,Fibro_immune_recruiting,-0.16444201925247184
B_memory,Fibro_myofibroblast,-0.1530878132080931
B_memory,Fibro_peribronchial,0.059220496008537855
B_memory,Fibro_perichondrial,-0.07668834283036532
B_memory,ILC,0.23646057950693075
B_memory,Ionocyte_n_Brush,0.16117689258574222
B_memory,MAIT,0.2618093292148871
B_memory,Macro_CHIT1,0.23648780454246215
B_memory,Macro_interstitial,0.249557277931387
B_memory,Macro_AW_CX3CR1,0.17385559494390537
B_memory,Macro_alveolar_metallothioneins,0.0683301909083079
B_memory,Macro_alv,0.26555496227582065
B_memory,Macro_dividing,0.26782292926298795
B_memory,Macro_int,0.12154800609143478
B_memory,Macro_CCL,0.24970591801166167
B_memory,Mast_cell,0.2606796562540007
B_memory,Megakaryocyte,0.16901384444781123
B_memory,Mesothelia,-0.16117710503432942
B_memory,Macrophage_intermediate,0.14574454543083534
B_memory,Monocyte_CD14,0.24566228445116622
B_memory,Monocyte_CD16,0.19653054418607402
B_memory,Muscle_airway,-0.007238340162627117
B_memory,Muscle_pericyte_airway,-0.21628908004735975
B_memory,Muscle_pericyte_parenchyma,0.2670857227680695
B_memory,Muscle_perivascular_immune_recruiting,-0.1808443597543203
B_memory,Muscle_smooth_pulmonary,0.03353922364882326
B_memory,Muscle_smooth_syst_arterial,0.024066700182346558
B_memory,Myoepithelial,-0.048917874563369046
B_memory,NAF_endoneurial,0.08301714036147449
B_memory,NAF_perineurial,0.029495849262078256
B_memory,NK_CD16hi,0.2403442636181222
B_memory,NKT,0.2319377788032957
B_memory,NK_CD11d,0.2363580463735562
B_memory,NK_CD56bright,0.2571047894361524
B_memory,Neuroendocrine,0.06304860452942891
B_memory,SMG_Basal,-0.05127258434671006
B_memory,SMG_Duct,-0.11617235335012244
B_memory,SMG_Mucous,0.03578109174841741
B_memory,SMG_Serous,-0.1194496714992608
B_memory,Schwann_Myelinating,0.06290757645240058
B_memory,Schwann_nonmyelinating,0.23684054432583868
B_memory,Secretory_Club,0.18064312878117456
B_memory,Secretory_Goblet,0.2066066315149909
B_memory,Suprabasal,0.05992586617966254
B_memory,T_reg,0.26228025245227016
B_memory,gdT,0.24338266878714931
B_naive,B_naive,0.25625275203026143
B_naive,B_plasma_IgA,-8.141296075740384e-05
B_naive,B_plasma_IgG,-0.10519733284632164
B_naive,B_plasmablast,-0.11664072685188918
B_naive,Basal,0.06943257829110863
B_naive,CD4_EM_Effector,0.26699424976459774
B_naive,CD4_TRM,0.24517359241498007
B_naive,CD4_naive_CM,0.11333986951824089
B_naive,CD8_EM,0.2667444395233251
B_naive,CD8_EM_EMRA,0.26143449599961815
B_naive,CD8_TRM_EM,0.27891171538057297
B_naive,CD8_TRM,0.28117260731700683
B_naive,Chondrocyte,-0.18463110050192477
B_naive,Ciliated,0.17555884272060593
B_naive,DC_1,0.24640718890880317
B_naive,DC_2,0.2683218297825351
B_naive,DC_activated,0.28683071935114135
B_naive,DC_plasmacytoid,0.2565499252131019
B_naive,Deuterosomal,0.15042673315640348
B_naive,Dividing_AT2,0.27842916846541066
B_naive,Dividing_Basal,0.11237786010981253
B_naive,Endothelia_Lymphatic,-0.15548729235986997
B_naive,Endothelia_vascular_Cap_a,0.3046097256901838
B_naive,Endothelia_vascular_Cap_g,0.298469049639253
B_naive,Endothelia_vascular_arterial_pulmonary,0.1932513413169551
B_naive,Endothelia_vascular_arterial_systemic,0.05956381304109272
B_naive,Endothelia_vascular_venous_pulmonary,-0.06173506254740681
B_naive,Endothelia_vascular_venous_systemic,-0.2810125312521642
B_naive,Erythrocyte,0.28376094055745965
B_naive,Fibro_adventitial,-0.20368232052370816
B_naive,Fibro_alveolar,0.3097801816566196
B_naive,Fibro_immune_recruiting,-0.17629459497572755
B_naive,Fibro_myofibroblast,-0.16705053075952925
B_naive,Fibro_peribronchial,0.05634700562224758
B_naive,Fibro_perichondrial,-0.06794328082382578
B_naive,ILC,0.24361502397863236
B_naive,Ionocyte_n_Brush,0.1628890485221878
B_naive,MAIT,0.2710987635744507
B_naive,Macro_CHIT1,0.2470742015843254
B_naive,Macro_interstitial,0.2599899641834442
B_naive,Macro_AW_CX3CR1,0.1735120806323898
B_naive,Macro_alveolar_metallothioneins,0.06574460972234396
B_naive,Macro_alv,0.2770777306232644
B_naive,Macro_dividing,0.28000281353711914
B_naive,Macro_int,0.12046370494378177
B_naive,Macro_CCL,0.2599091477956655
B_naive,Mast_cell,0.2636469558180326
B_naive,Megakaryocyte,0.17619004592601012
B_naive,Mesothelia,-0.1729222790266275
B_naive,Macrophage_intermediate,0.1478869995353165
B_naive,Monocyte_CD14,0.2540903405874469
B_naive,Monocyte_CD16,0.20187922570890615
B_naive,Muscle_airway,-0.006564009430497126
B_naive,Muscle_pericyte_airway,-0.22758357262441462
B_naive,Muscle_pericyte_parenchyma,0.2774961728741938
B_naive,Muscle_perivascular_immune_recruiting,-0.19081740559392402
B_naive,Muscle_smooth_pulmonary,0.035940638803432755
B_naive,Muscle_smooth_syst_arterial,0.02811714204872713
B_naive,Myoepithelial,-0.052273492864079944
B_naive,NAF_endoneurial,0.08537274917039879
B_naive,NAF_perineurial,0.03231319272470587
B_naive,NK_CD16hi,0.24747487045287722
B_naive,NKT,0.23948035450358296
B_naive,NK_CD11d,0.2422511356905387
B_naive,NK_CD56bright,0.2645287040706855
B_naive,Neuroendocrine,0.059909161246171946
B_naive,SMG_Basal,-0.058921111639610065
B_naive,SMG_Duct,-0.12433200778292537
B_naive,SMG_Mucous,0.0306120327785829
B_naive,SMG_Serous,-0.1254989853172695
B_naive,Schwann_Myelinating,0.06086343295068171
B_naive,Schwann_nonmyelinating,0.24062609503987492
B_naive,Secretory_Club,0.17809922238400339
B_naive,Secretory_Goblet,0.20750764732676263
B_naive,Suprabasal,0.06033028468336175
B_naive,T_reg,0.27089630380798324
B_naive,gdT,0.25124812497923127
B_plasma_IgA,B_plasma_IgA,-0.040021505121236915
B_plasma_IgA,B_plasma_IgG,-0.028542989599237577
B_plasma_IgA,B_plasmablast,-0.008124500381100413
B_plasma_IgA,Basal,-0.003470325829019264
B_plasma_IgA,CD4_EM_Effector,0.014731795104139623
B_plasma_IgA,CD4_TRM,0.012617904614453506
B_plasma_IgA,CD4_naive_CM,0.05213814156174875
B_plasma_IgA,CD8_EM,0.013589526956855003
B_plasma_IgA,CD8_EM_EMRA,0.01845407479187796
B_plasma_IgA,CD8_TRM_EM,0.015756546140881546
B_plasma_IgA,CD8_TRM,0.016710597216827806
B_plasma_IgA,Chondrocyte,-0.0955560250403387
B_plasma_IgA,Ciliated,-0.005087986441273474
B_plasma_IgA,DC_1,0.008349003901860283
B_plasma_IgA,DC_2,0.009342194863672928
B_plasma_IgA,DC_activated,0.0160698597434556
B_plasma_IgA,DC_plasmacytoid,0.007808846206453309
B_plasma_IgA,Deuterosomal,0.006750873503996956
B_plasma_IgA,Dividing_AT2,0.013948357094595434
B_plasma_IgA,Dividing_Basal,0.06069053164700177
B_plasma_IgA,Endothelia_Lymphatic,0.041212760615732355
B_plasma_IgA,Endothelia_vascular_Cap_a,0.03440239175536069
B_plasma_IgA,Endothelia_vascular_Cap_g,0.030604219588121706
B_plasma_IgA,Endothelia_vascular_arterial_pulmonary,0.020024734276528653
B_plasma_IgA,Endothelia_vascular_arterial_systemic,0.0056428386625158615
B_plasma_IgA,Endothelia_vascular_venous_pulmonary,0.01601761170129127
B_plasma_IgA,Endothelia_vascular_venous_systemic,-0.010392215423494978
B_plasma_IgA,Erythrocyte,0.013750800503625225
B_plasma_IgA,Fibro_adventitial,-0.01874210505679482
B_plasma_IgA,Fibro_alveolar,0.040342625340111446
B_plasma_IgA,Fibro_immune_recruiting,-0.030096624714555084
B_plasma_IgA,Fibro_myofibroblast,0.009995514126854491
B_plasma_IgA,Fibro_peribronchial,0.05972687965413534
B_plasma_IgA,Fibro_perichondrial,-0.024896604948605006
B_plasma_IgA,ILC,0.010218156674171173
B_plasma_IgA,Ionocyte_n_Brush,0.004166558316252226
B_plasma_IgA,MAIT,0.016141965300594467
B_plasma_IgA,Macro_CHIT1,0.01283233397708685
B_plasma_IgA,Macro_interstitial,0.01247756723559827
B_plasma_IgA,Macro_AW_CX3CR1,-0.010594908685770829
B_plasma_IgA,Macro_alveolar_metallothioneins,0.0031561697033744697
B_plasma_IgA,Macro_alv,0.02609042710332783
B_plasma_IgA,Macro_dividing,0.017150727045039678
B_plasma_IgA,Macro_int,0.004759628869514458
B_plasma_IgA,Macro_CCL,0.008784206277982208
B_plasma_IgA,Mast_cell,0.05124824945237064
B_plasma_IgA,Megakaryocyte,-0.011641679831829933
B_plasma_IgA,Mesothelia,-0.0279411617576625
B_plasma_IgA,Macrophage_intermediate,-0.0007642304649777689
B_plasma_IgA,Monocyte_CD14,0.02521083220325827
B_plasma_IgA,Monocyte_CD16,0.011267291478670026
B_plasma_IgA,Muscle_airway,0.03552593081096737
B_plasma_IgA,Muscle_pericyte_airway,-0.006284318852699676
B_plasma_IgA,Muscle_pericyte_parenchyma,0.027017553210239926
B_plasma_IgA,Muscle_perivascular_immune_recruiting,-0.026889486330285463
B_plasma_IgA,Muscle_smooth_pulmonary,0.038595458006168246
B_plasma_IgA,Muscle_smooth_syst_arterial,0.027592338405281143
B_plasma_IgA,Myoepithelial,-0.056314208181671224
B_plasma_IgA,NAF_endoneurial,0.029611073525875387
B_plasma_IgA,NAF_perineurial,0.033528953685413546
B_plasma_IgA,NK_CD16hi,0.0075561368904198175
B_plasma_IgA,NKT,0.014567581478225887
B_plasma_IgA,NK_CD11d,0.004282110900211464
B_plasma_IgA,NK_CD56bright,0.007709515131815703
B_plasma_IgA,Neuroendocrine,-0.027866793405008944
B_plasma_IgA,SMG_Basal,-0.032815073229297886
B_plasma_IgA,SMG_Duct,-0.06036585393652998
B_plasma_IgA,SMG_Mucous,-0.03048459542254234
B_plasma_IgA,SMG_Serous,-0.07274115563204839
B_plasma_IgA,Schwann_Myelinating,-0.029670642011058478
B_plasma_IgA,Schwann_nonmyelinating,0.028838032466062504
B_plasma_IgA,Secretory_Club,-0.008696113691299972
B_plasma_IgA,Secretory_Goblet,0.014809733344927446
B_plasma_IgA,Suprabasal,0.008653961794098754
B_plasma_IgA,T_reg,0.016594748972928466
B_plasma_IgA,gdT,0.011017378531582288
B_plasma_IgG,B_plasma_IgG,0.07691332770287992
B_plasma_IgG,B_plasmablast,0.11493504698222234
B_plasma_IgG,Basal,-0.013339800038603468
B_plasma_IgG,CD4_EM_Effector,-0.11920000373888505
B_plasma_IgG,CD4_TRM,-0.0995739918427969
B_plasma_IgG,CD4_naive_CM,0.04187423274380582
B_plasma_IgG,CD8_EM,-0.11945349370416788
B_plasma_IgG,CD8_EM_EMRA,-0.11259429065600604
B_plasma_IgG,CD8_TRM_EM,-0.12726831448474546
B_plasma_IgG,CD8_TRM,-0.12416225407321467
B_plasma_IgG,Chondrocyte,-0.005186420779836738
B_plasma_IgG,Ciliated,-0.08193535678091911
B_plasma_IgG,DC_1,-0.0967002581955393
B_plasma_IgG,DC_2,-0.11609100528974677
B_plasma_IgG,DC_activated,-0.1323203038811035
B_plasma_IgG,DC_plasmacytoid,-0.11544770783601585
B_plasma_IgG,Deuterosomal,-0.061817936718201766
B_plasma_IgG,Dividing_AT2,-0.13362822461028545
B_plasma_IgG,Dividing_Basal,0.033042986693804545
B_plasma_IgG,Endothelia_Lymphatic,0.1700503264056621
B_plasma_IgG,Endothelia_vascular_Cap_a,-0.12800933434760187
B_plasma_IgG,Endothelia_vascular_Cap_g,-0.12993100174061725
B_plasma_IgG,Endothelia_vascular_arterial_pulmonary,-0.09352534914868034
B_plasma_IgG,Endothelia_vascular_arterial_systemic,-0.05793125451153852
B_plasma_IgG,Endothelia_vascular_venous_pulmonary,0.06609161456347282
B_plasma_IgG,Endothelia_vascular_venous_systemic,0.16256482654378213
B_plasma_IgG,Erythrocyte,-0.14093713340944727
B_plasma_IgG,Fibro_adventitial,0.11466070681090211
B_plasma_IgG,Fibro_alveolar,-0.12886605439802376
B_plasma_IgG,Fibro_immune_recruiting,0.09948340761972504
B_plasma_IgG,Fibro_myofibroblast,0.12781325268220342
B_plasma_IgG,Fibro_peribronchial,0.050135417838120075
B_plasma_IgG,Fibro_perichondrial,0.0060108089677509855
B_plasma_IgG,ILC,-0.10685211811927463
B_plasma_IgG,Ionocyte_n_Brush,-0.05825998710845892
B_plasma_IgG,MAIT,-0.12268257188017583
B_plasma_IgG,Macro_CHIT1,-0.1109138155232308
B_plasma_IgG,Macro_interstitial,-0.1133754554895219
B_plasma_IgG,Macro_AW_CX3CR1,-0.0737471787124776
B_plasma_IgG,Macro_alveolar_metallothioneins,0.01664582688581195
B_plasma_IgG,Macro_alv,-0.10996445811335592
B_plasma_IgG,Macro_dividing,-0.12097548918675859
B_plasma_IgG,Macro_int,-0.01718506158666558
B_plasma_IgG,Macro_CCL,-0.12147723085184664
B_plasma_IgG,Mast_cell,-0.06215533770694727
B_plasma_IgG,Megakaryocyte,-0.09483393076313408
B_plasma_IgG,Mesothelia,0.10632340414526979
B_plasma_IgG,Macrophage_intermediate,-0.04917862549345264
B_plasma_IgG,Monocyte_CD14,-0.09448281934074007
B_plasma_IgG,Monocyte_CD16,-0.07151565050310546
B_plasma_IgG,Muscle_airway,0.021328612808135018
B_plasma_IgG,Muscle_pericyte_airway,0.14298119784275543
B_plasma_IgG,Muscle_pericyte_parenchyma,-0.12450882540914578
B_plasma_IgG,Muscle_perivascular_immune_recruiting,0.11716317984994405
B_plasma_IgG,Muscle_smooth_pulmonary,0.00014475485872055287
B_plasma_IgG,Muscle_smooth_syst_arterial,-0.0047236949384819975
B_plasma_IgG,Myoepithelial,-0.0003640025543845374
B_plasma_IgG,NAF_endoneurial,-0.011243321409226816
B_plasma_IgG,NAF_perineurial,0.002167031702684673
B_plasma_IgG,NK_CD16hi,-0.1111250829781779
B_plasma_IgG,NKT,-0.09960711084171625
B_plasma_IgG,NK_CD11d,-0.10754977888506363
B_plasma_IgG,NK_CD56bright,-0.12140275319844072
B_plasma_IgG,Neuroendocrine,-0.03571029055336784
B_plasma_IgG,SMG_Basal,0.044269533122643825
B_plasma_IgG,SMG_Duct,0.04068429368573013
B_plasma_IgG,SMG_Mucous,0.030109922025786287
B_plasma_IgG,SMG_Serous,0.006788001793055247
B_plasma_IgG,Schwann_Myelinating,-0.04188105970925193
B_plasma_IgG,Schwann_nonmyelinating,-0.09759398418216715
B_plasma_IgG,Secretory_Club,-0.07790343971590337
B_plasma_IgG,Secretory_Goblet,-0.07084674364020024
B_plasma_IgG,Suprabasal,0.0023444166168692273
B_plasma_IgG,T_reg,-0.11718949695334674
B_plasma_IgG,gdT,-0.11332284883030706
B_plasmablast,B_plasmablast,0.13730309674295102
B_plasmablast,Basal,-0.018285999861299328
B_plasmablast,CD4_EM_Effector,-0.13297652710728888
B_plasmablast,CD4_TRM,-0.10981302614072617
B_plasmablast,CD4_naive_CM,0.042753935554618906
B_plasmablast,CD8_EM,-0.13279150731988354
B_plasmablast,CD8_EM_EMRA,-0.12727163976983152
B_plasmablast,CD8_TRM_EM,-0.1422429418438413
B_plasmablast,CD8_TRM,-0.13950340323507532
B_plasmablast,Chondrocyte,-0.0029069841905595807
B_plasmablast,Ciliated,-0.0869263724656333
B_plasmablast,DC_1,-0.10620504530174522
B_plasmablast,DC_2,-0.1285060063689947
B_plasmablast,DC_activated,-0.1493811900033003
B_plasmablast,DC_plasmacytoid,-0.12699485425877519
B_plasmablast,Deuterosomal,-0.06132946325745975
B_plasmablast,Dividing_AT2,-0.15194533229054966
B_plasmablast,Dividing_Basal,0.03383059465245846
B_plasmablast,Endothelia_Lymphatic,0.18471571731949762
B_plasmablast,Endothelia_vascular_Cap_a,-0.14636242216851594
B_plasmablast,Endothelia_vascular_Cap_g,-0.1485276578273703
B_plasmablast,Endothelia_vascular_arterial_pulmonary,-0.11074897530529991
B_plasmablast,Endothelia_vascular_arterial_systemic,-0.055168828075577464
B_plasmablast,Endothelia_vascular_venous_pulmonary,0.06993670005830598
B_plasmablast,Endothelia_vascular_venous_systemic,0.17878129329967582
B_plasmablast,Erythrocyte,-0.1609305305989561
B_plasmablast,Fibro_adventitial,0.13552799538753033
B_plasmablast,Fibro_alveolar,-0.14773966878677453
B_plasmablast,Fibro_immune_recruiting,0.12244577599438428
B_plasmablast,Fibro_myofibroblast,0.14723120546007634
B_plasmablast,Fibro_peribronchial,0.04879636842497513
B_plasmablast,Fibro_perichondrial,-0.01831010742750681
B_plasmablast,ILC,-0.11784448641885578
B_plasmablast,Ionocyte_n_Brush,-0.06671060195375464
B_plasmablast,MAIT,-0.1373225283271296
B_plasmablast,Macro_CHIT1,-0.12833007261590845
B_plasmablast,Macro_interstitial,-0.12867389132906942
B_plasmablast,Macro_AW_CX3CR1,-0.07170428337920662
B_plasmablast,Macro_alveolar_metallothioneins,0.02190617352948032
B_plasmablast,Macro_alv,-0.13070956605470718
B_plasmablast,Macro_dividing,-0.1402554589386788
B_plasmablast,Macro_int,-0.013234279952100645
B_plasmablast,Macro_CCL,-0.13677437750814064
B_plasmablast,Mast_cell,-0.07177184386109091
B_plasmablast,Megakaryocyte,-0.10353281045843447
B_plasmablast,Mesothelia,0.12698875572839088
B_plasmablast,Macrophage_intermediate,-0.050719387376932025
B_plasmablast,Monocyte_CD14,-0.10948989207190728
B_plasmablast,Monocyte_CD16,-0.07909469617867633
B_plasmablast,Muscle_airway,0.017115525819650573
B_plasmablast,Muscle_pericyte_airway,0.16232260932762346
B_plasmablast,Muscle_pericyte_parenchyma,-0.14133773217165466
B_plasmablast,Muscle_perivascular_immune_recruiting,0.1383851804723456
B_plasmablast,Muscle_smooth_pulmonary,-0.0063725684985260446
B_plasmablast,Muscle_smooth_syst_arterial,-0.01362642372316871
B_plasmablast,Myoepithelial,0.010628971368895311
B_plasmablast,NAF_endoneurial,-0.022692017057879488
B_plasmablast,NAF_perineurial,-0.011256751148660876
B_plasmablast,NK_CD16hi,-0.12154818297814954
B_plasmablast,NKT,-0.11120300175553234
B_plasmablast,NK_CD11d,-0.11607118993011531
B_plasmablast,NK_CD56bright,-0.13366610917556185
B_plasmablast,Neuroendocrine,-0.02713551184800998
B_plasmablast,SMG_Basal,0.04915288739695512
B_plasmablast,SMG_Duct,0.05880947117589686
B_plasmablast,SMG_Mucous,0.04193309030447522
B_plasmablast,SMG_Serous,0.027177104580308677
B_plasmablast,Schwann_Myelinating,-0.03191370011283846
B_plasmablast,Schwann_nonmyelinating,-0.10264541149992322
B_plasmablast,Secretory_Club,-0.07649666724289632
B_plasmablast,Secretory_Goblet,-0.07524120116390098
B_plasmablast,Suprabasal,-0.0012211260625333736
B_plasmablast,T_reg,-0.13155508640298225
B_plasmablast,gdT,-0.12532956656133895
Basal,Basal,0.009433292401154748
Basal,CD4_EM_Effector,0.06991469528640323
Basal,CD4_TRM,0.06788282847344236
Basal,CD4_naive_CM,0.03405493958723325
Basal,CD8_EM,0.06959758665328934
Basal,CD8_EM_EMRA,0.07049613340933795
Basal,CD8_TRM_EM,0.07015720718915584
Basal,CD8_TRM,0.06731788382196248
Basal,Chondrocyte,0.01745190339582096
Basal,Ciliated,0.03494727279231727
Basal,DC_1,0.07208949533355245
Basal,DC_2,0.07262274096696149
Basal,DC_activated,0.07246418537051302
Basal,DC_plasmacytoid,0.0684901153006703
Basal,Deuterosomal,0.014479397595560882
Basal,Dividing_AT2,0.06276178001404635
Basal,Dividing_Basal,0.013016359077927114
Basal,Endothelia_Lymphatic,-0.027504402137032834
Basal,Endothelia_vascular_Cap_a,0.067669503144319
Basal,Endothelia_vascular_Cap_g,0.0685887259624442
Basal,Endothelia_vascular_arterial_pulmonary,0.05409638918831762
Basal,Endothelia_vascular_arterial_systemic,0.01460590437328552
Basal,Endothelia_vascular_venous_pulmonary,0.014119435018428012
Basal,Endothelia_vascular_venous_systemic,-0.035882244855205275
Basal,Erythrocyte,0.07331961124329928
Basal,Fibro_adventitial,-0.03598794535513583
Basal,Fibro_alveolar,0.06444727388432928
Basal,Fibro_immune_recruiting,-0.017969170085260125
Basal,Fibro_myofibroblast,-0.03787276471034206
Basal,Fibro_peribronchial,0.005974362092227482
Basal,Fibro_perichondrial,0.011383252145379462
Basal,ILC,0.06850320136198038
Basal,Ionocyte_n_Brush,0.02692880067494322
Basal,MAIT,0.07110418728674024
Basal,Macro_CHIT1,0.06859995563624567
Basal,Macro_interstitial,0.0763162397905752
Basal,Macro_AW_CX3CR1,0.051960728496064555
Basal,Macro_alveolar_metallothioneins,0.044294603539726606
Basal,Macro_alv,0.06976632649739391
Basal,Macro_dividing,0.07759605681754758
Basal,Macro_int,0.049746141659282
Basal,Macro_CCL,0.07449840882824384
Basal,Mast_cell,0.05949751238569033
Basal,Megakaryocyte,0.05898522296801945
Basal,Mesothelia,-0.014916297897910602
Basal,Macrophage_intermediate,0.058406351996617076
Basal,Monocyte_CD14,0.06989771735200231
Basal,Monocyte_CD16,0.06673598232683578
Basal,Muscle_airway,-0.013387255877514331
Basal,Muscle_pericyte_airway,-0.03493285749857939
Basal,Muscle_pericyte_parenchyma,0.06666660797473194
Basal,Muscle_perivascular_immune_recruiting,-0.010667166267975205
Basal,Muscle_smooth_pulmonary,-0.0027306951972695375
Basal,Muscle_smooth_syst_arterial,0.0009909819173521202
Basal,Myoepithelial,0.024161467243006655
Basal,NAF_endoneurial,0.017160025742590176
Basal,NAF_perineurial,-0.002840153996659275
Basal,NK_CD16hi,0.06852325452376819
Basal,NKT,0.06905729055488034
Basal,NK_CD11d,0.0661395853764807
Basal,NK_CD56bright,0.06630544336875284
Basal,Neuroendocrine,0.03217140384693815
Basal,SMG_Basal,-0.008382474226125407
Basal,SMG_Duct,0.003991818246804278
Basal,SMG_Mucous,0.04224222173400434
Basal,SMG_Serous,0.0036474138972069944
Basal,Schwann_Myelinating,0.035515176797744206
Basal,Schwann_nonmyelinating,0.04954738228940704
Basal,Secretory_Club,0.03305260805415781
Basal,Secretory_Goblet,0.03914516048897551
Basal,Suprabasal,0.006039159343415055
Basal,T_reg,0.07031066332033317
Basal,gdT,0.06955873949142156
CD4_EM_Effector,CD4_EM_Effector,0.2781344751717354
CD4_EM_Effector,CD4_TRM,0.25379334589119107
CD4_EM_Effector,CD4_naive_CM,0.1076440126096663
CD4_EM_Effector,CD8_EM,0.2779142001268354
CD4_EM_Effector,CD8_EM_EMRA,0.2717554899287952
CD4_EM_Effector,CD8_TRM_EM,0.2911666140127483
CD4_EM_Effector,CD8_TRM,0.2932821587101163
CD4_EM_Effector,Chondrocyte,-0.1880889828340883
CD4_EM_Effector,Ciliated,0.18418054152230223
CD4_EM_Effector,DC_1,0.2543331974677025
CD4_EM_Effector,DC_2,0.27876502507660744
CD4_EM_Effector,DC_activated,0.2996467995580113
CD4_EM_Effector,DC_plasmacytoid,0.26713436936262674
CD4_EM_Effector,Deuterosomal,0.15791054420477327
CD4_EM_Effector,Dividing_AT2,0.29230090285853166
CD4_EM_Effector,Dividing_Basal,0.10927593463255598
CD4_EM_Effector,Endothelia_Lymphatic,-0.1749611460685469
CD4_EM_Effector,Endothelia_vascular_Cap_a,0.3174856822753497
CD4_EM_Effector,Endothelia_vascular_Cap_g,0.3112810207714094
CD4_EM_Effector,Endothelia_vascular_arterial_pulmonary,0.20098529627618125
CD4_EM_Effector,Endothelia_vascular_arterial_systemic,0.0645681015144855
CD4_EM_Effector,Endothelia_vascular_venous_pulmonary,-0.07261490613067074
CD4_EM_Effector,Endothelia_vascular_venous_systemic,-0.30118719135521305
CD4_EM_Effector,Erythrocyte,0.297420197281442
CD4_EM_Effector,Fibro_adventitial,-0.2162539730124019
CD4_EM_Effector,Fibro_alveolar,0.3234009228060435
CD4_EM_Effector,Fibro_immune_recruiting,-0.1892195966801168
CD4_EM_Effector,Fibro_myofibroblast,-0.1806659494485431
CD4_EM_Effector,Fibro_peribronchial,0.05064556397971265
CD4_EM_Effector,Fibro_perichondrial,-0.06994049940630509
CD4_EM_Effector,ILC,0.2530464524383821
CD4_EM_Effector,Ionocyte_n_Brush,0.1691386528008189
CD4_EM_Effector,MAIT,0.2826688030141472
CD4_EM_Effector,Macro_CHIT1,0.2570285041808657
CD4_EM_Effector,Macro_interstitial,0.2696050058145252
CD4_EM_Effector,Macro_AW_CX3CR1,0.1793338306104339
CD4_EM_Effector,Macro_alveolar_metallothioneins,0.0603726500448997
CD4_EM_Effector,Macro_alv,0.28696602580972563
CD4_EM_Effector,Macro_dividing,0.2905255031284343
CD4_EM_Effector,Macro_int,0.11948316058876025
CD4_EM_Effector,Macro_CCL,0.2707098951305183
CD4_EM_Effector,Mast_cell,0.2694209806986711
CD4_EM_Effector,Megakaryocyte,0.1836115535782634
CD4_EM_Effector,Mesothelia,-0.1864331104448057
CD4_EM_Effector,Macrophage_intermediate,0.15007807367643258
CD4_EM_Effector,Monocyte_CD14,0.26241319379701517
CD4_EM_Effector,Monocyte_CD16,0.2067912334859699
CD4_EM_Effector,Muscle_airway,-0.00822419445518999
CD4_EM_Effector,Muscle_pericyte_airway,-0.24424202971467052
CD4_EM_Effector,Muscle_pericyte_parenchyma,0.2896879636750462
CD4_EM_Effector,Muscle_perivascular_immune_recruiting,-0.2068348370594566
CD4_EM_Effector,Muscle_smooth_pulmonary,0.036411253190332143
CD4_EM_Effector,Muscle_smooth_syst_arterial,0.028634799129861447
CD4_EM_Effector,Myoepithelial,-0.05656768083036249
CD4_EM_Effector,NAF_endoneurial,0.0858602414892972
CD4_EM_Effector,NAF_perineurial,0.0329366807474308
CD4_EM_Effector,NK_CD16hi,0.2573537147647847
CD4_EM_Effector,NKT,0.24804176128950967
CD4_EM_Effector,NK_CD11d,0.25177545813777924
CD4_EM_Effector,NK_CD56bright,0.27608679087547444
CD4_EM_Effector,Neuroendocrine,0.06098136374090088
CD4_EM_Effector,SMG_Basal,-0.06590750084204715
CD4_EM_Effector,SMG_Duct,-0.13207468717798654
CD4_EM_Effector,SMG_Mucous,0.022150487518531204
CD4_EM_Effector,SMG_Serous,-0.12925553869501968
CD4_EM_Effector,Schwann_Myelinating,0.06188725606212284
CD4_EM_Effector,Schwann_nonmyelinating,0.24949559916019406
CD4_EM_Effector,Secretory_Club,0.18669035792443578
CD4_EM_Effector,Secretory_Goblet,0.21490831060272814
CD4_EM_Effector,Suprabasal,0.05988479955750296
CD4_EM_Effector,T_reg,0.281825878783314
CD4_EM_Effector,gdT,0.2614656053790278
CD4_TRM,CD4_TRM,0.23332527613773485
CD4_TRM,CD4_naive_CM,0.11150869429599279
CD4_TRM,CD8_EM,0.253552458951369
CD4_TRM,CD8_EM_EMRA,0.2485829996809156
CD4_TRM,CD8_TRM_EM,0.26512558739954273
CD4_TRM,CD8_TRM,0.2673964060969832
CD4_TRM,Chondrocyte,-0.17705904138185563
CD4_TRM,Ciliated,0.16812159842870075
CD4_TRM,DC_1,0.23554461232333385
CD4_TRM,DC_2,0.25582516033095637
CD4_TRM,DC_activated,0.27267967927213643
CD4_TRM,DC_plasmacytoid,0.2440330897961399
CD4_TRM,Deuterosomal,0.14372967983632856
CD4_TRM,Dividing_AT2,0.2648276969398291
CD4_TRM,Dividing_Basal,0.11083166575468847
CD4_TRM,Endothelia_Lymphatic,-0.1460777942945995
CD4_TRM,Endothelia_vascular_Cap_a,0.2894790363099224
CD4_TRM,Endothelia_vascular_Cap_g,0.28325990110061716
CD4_TRM,Endothelia_vascular_arterial_pulmonary,0.1798674459480933
CD4_TRM,Endothelia_vascular_arterial_systemic,0.05197024982497885
CD4_TRM,Endothelia_vascular_venous_pulmonary,-0.061132234763454765
CD4_TRM,Endothelia_vascular_venous_systemic,-0.2678233303513716
CD4_TRM,Erythrocyte,0.26872024282488977
CD4_TRM,Fibro_adventitial,-0.19183041616967558
CD4_TRM,Fibro_alveolar,0.2944158428827051
CD4_TRM,Fibro_immune_recruiting,-0.1660306451291875
CD4_TRM,Fibro_myofibroblast,-0.15641023458480377
CD4_TRM,Fibro_peribronchial,0.052628522961733364
CD4_TRM,Fibro_perichondrial,-0.06944720925384838
CD4_TRM,ILC,0.23155587282307538
CD4_TRM,Ionocyte_n_Brush,0.15606752647498778
CD4_TRM,MAIT,0.25767998493827493
CD4_TRM,Macro_CHIT1,0.23531179371974853
CD4_TRM,Macro_interstitial,0.2473364325249648
CD4_TRM,Macro_AW_CX3CR1,0.16671869192506822
CD4_TRM,Macro_alveolar_metallothioneins,0.06485309858065838
CD4_TRM,Macro_alv,0.26283111962695244
CD4_TRM,Macro_dividing,0.2658794963571757
CD4_TRM,Macro_int,0.11802747705991438
CD4_TRM,Macro_CCL,0.2470369602306492
CD4_TRM,Mast_cell,0.2524164189240104
CD4_TRM,Megakaryocyte,0.16573704756883076
CD4_TRM,Mesothelia,-0.16172004304050094
CD4_TRM,Macrophage_intermediate,0.14183097116421056
CD4_TRM,Monocyte_CD14,0.24234498617593792
CD4_TRM,Monocyte_CD16,0.19286407711134326
CD4_TRM,Muscle_airway,-0.010284947604275627
CD4_TRM,Muscle_pericyte_airway,-0.21477878805036943
CD4_TRM,Muscle_pericyte_parenchyma,0.26321106869080785
CD4_TRM,Muscle_perivascular_immune_recruiting,-0.18044445714158044
CD4_TRM,Muscle_smooth_pulmonary,0.030437683840087815
CD4_TRM,Muscle_smooth_syst_arterial,0.022711183107811332
CD4_TRM,Myoepithelial,-0.05177632055643256
CD4_TRM,NAF_endoneurial,0.0770838614323525
CD4_TRM,NAF_perineurial,0.02645890416024241
CD4_TRM,NK_CD16hi,0.2353168365517182
CD4_TRM,NKT,0.22786769526704267
CD4_TRM,NK_CD11d,0.23064939109533117
CD4_TRM,NK_CD56bright,0.2517294505902841
CD4_TRM,Neuroendocrine,0.055858127828951436
CD4_TRM,SMG_Basal,-0.05712165505548362
CD4_TRM,SMG_Duct,-0.11750705106238656
CD4_TRM,SMG_Mucous,0.03138973947943953
CD4_TRM,SMG_Serous,-0.11997316039552362
CD4_TRM,Schwann_Myelinating,0.05588897406257688
CD4_TRM,Schwann_nonmyelinating,0.22677381820450626
CD4_TRM,Secretory_Club,0.17202227325969152
CD4_TRM,Secretory_Goblet,0.19971016019843255
CD4_TRM,Suprabasal,0.05893701982582682
CD4_TRM,T_reg,0.2575145481089753
CD4_TRM,gdT,0.23867786306437877
CD4_naive_CM,CD4_naive_CM,0.12368083823218251
CD4_naive_CM,CD8_EM,0.10300123177735536
CD4_naive_CM,CD8_EM_EMRA,0.10140131078165081
CD4_naive_CM,CD8_TRM_EM,0.10251064351738161
CD4_naive_CM,CD8_TRM,0.10340336229940354
CD4_naive_CM,Chondrocyte,-0.11396372424479301
CD4_naive_CM,Ciliated,0.07025594061851247
CD4_naive_CM,DC_1,0.11381823367050097
CD4_naive_CM,DC_2,0.1090645127532497
CD4_naive_CM,DC_activated,0.10099433916522696
CD4_naive_CM,DC_plasmacytoid,0.1025408258563681
CD4_naive_CM,Deuterosomal,0.07189613369475198
CD4_naive_CM,Dividing_AT2,0.09075416050269967
CD4_naive_CM,Dividing_Basal,0.08569138895374356
CD4_naive_CM,Endothelia_Lymphatic,0.01860862649855689
CD4_naive_CM,Endothelia_vascular_Cap_a,0.10668255605758974
CD4_naive_CM,Endothelia_vascular_Cap_g,0.10058543569490912
CD4_naive_CM,Endothelia_vascular_arterial_pulmonary,0.03895953484630335
CD4_naive_CM,Endothelia_vascular_arterial_systemic,-0.011877164930864142
CD4_naive_CM,Endothelia_vascular_venous_pulmonary,-0.003034388740308936
CD4_naive_CM,Endothelia_vascular_venous_systemic,-0.08461797785992763
CD4_naive_CM,Erythrocyte,0.08737440704600506
CD4_naive_CM,Fibro_adventitial,-0.023965370961932745
CD4_naive_CM,Fibro_alveolar,0.11092168001581541
CD4_naive_CM,Fibro_immune_recruiting,-0.008217096569121613
CD4_naive_CM,Fibro_myofibroblast,0.0009897298071197304
CD4_naive_CM,Fibro_peribronchial,0.05649271694303089
CD4_naive_CM,Fibro_perichondrial,-0.07845871071521289
CD4_naive_CM,ILC,0.10035312728281302
CD4_naive_CM,Ionocyte_n_Brush,0.06870803084481766
CD4_naive_CM,MAIT,0.10142112648188226
CD4_naive_CM,Macro_CHIT1,0.08778730519027962
CD4_naive_CM,Macro_interstitial,0.09870511198759381
CD4_naive_CM,Macro_AW_CX3CR1,0.10260997942644288
CD4_naive_CM,Macro_alveolar_metallothioneins,0.08755279601665902
CD4_naive_CM,Macro_alv,0.09634640417538932
CD4_naive_CM,Macro_dividing,0.09798908211186969
CD4_naive_CM,Macro_int,0.10438703698218668
CD4_naive_CM,Macro_CCL,0.09522603590134943
CD4_naive_CM,Mast_cell,0.1399070686884048
CD4_naive_CM,Megakaryocyte,0.05806296206763393
CD4_naive_CM,Mesothelia,-0.0001010717575083499
CD4_naive_CM,Macrophage_intermediate,0.09222616880644847
CD4_naive_CM,Monocyte_CD14,0.10841134702903792
CD4_naive_CM,Monocyte_CD16,0.10172868935137486
CD4_naive_CM,Muscle_airway,-0.0176543643779947
CD4_naive_CM,Muscle_pericyte_airway,-0.03430340095464814
CD4_naive_CM,Muscle_pericyte_parenchyma,0.0949073287356605
CD4_naive_CM,Muscle_perivascular_immune_recruiting,-0.014659145658873576
CD4_naive_CM,Muscle_smooth_pulmonary,-0.0030534871491315523
CD4_naive_CM,Muscle_smooth_syst_arterial,-0.013690270025663696
CD4_naive_CM,Myoepithelial,0.005116733777734568
CD4_naive_CM,NAF_endoneurial,0.029618858685432226
CD4_naive_CM,NAF_perineurial,-0.009596321758706837
CD4_naive_CM,NK_CD16hi,0.10111519647176706
CD4_naive_CM,NKT,0.10106121559944622
CD4_naive_CM,NK_CD11d,0.10322633648654472
CD4_naive_CM,NK_CD56bright,0.10173030026990966
CD4_naive_CM,Neuroendocrine,0.05033524786383805
CD4_naive_CM,SMG_Basal,0.005510825816370792
CD4_naive_CM,SMG_Duct,-0.006226123089033322
CD4_naive_CM,SMG_Mucous,0.08295750037714326
CD4_naive_CM,SMG_Serous,-0.028533200442061125
CD4_naive_CM,Schwann_Myelinating,0.046613763111205936
CD4_naive_CM,Schwann_nonmyelinating,0.09893470360162102
CD4_naive_CM,Secretory_Club,0.09638757206473217
CD4_naive_CM,Secretory_Goblet,0.10041288802673917
CD4_naive_CM,Suprabasal,0.0317709582929639
CD4_naive_CM,T_reg,0.10454619641601207
CD4_naive_CM,gdT,0.09963253444744731
CD8_EM,CD8_EM,0.27811376008325994
CD8_EM,CD8_EM_EMRA,0.272137655312699
CD8_EM,CD8_TRM_EM,0.2913682560637706
CD8_EM,CD8_TRM,0.2934377918424349
CD8_EM,Chondrocyte,-0.18888335674899182
CD8_EM,Ciliated,0.18359803461603633
CD8_EM,DC_1,0.25448340614697035
CD8_EM,DC_2,0.2788785177324476
CD8_EM,DC_activated,0.2998792457843324
CD8_EM,DC_plasmacytoid,0.26721998924478413
CD8_EM,Deuterosomal,0.1574519104097996
CD8_EM,Dividing_AT2,0.2922969432862036
CD8_EM,Dividing_Basal,0.10964584645422014
CD8_EM,Endothelia_Lymphatic,-0.17387930092787954
CD8_EM,Endothelia_vascular_Cap_a,0.3179501449986102
CD8_EM,Endothelia_vascular_Cap_g,0.3117708131412333
CD8_EM,Endothelia_vascular_arterial_pulmonary,0.20201821365992265
CD8_EM,Endothelia_vascular_arterial_systemic,0.06518852277115623
CD8_EM,Endothelia_vascular_venous_pulmonary,-0.07127057430438323
CD8_EM,Endothelia_vascular_venous_systemic,-0.30045889850910124
CD8_EM,Erythrocyte,0.29776118992666983
CD8_EM,Fibro_adventitial,-0.21662378085946316
CD8_EM,Fibro_alveolar,0.32390622180133644
CD8_EM,Fibro_immune_recruiting,-0.18954337090682613
CD8_EM,Fibro_myofibroblast,-0.18064077345566956
CD8_EM,Fibro_peribronchial,0.05190198114145655
CD8_EM,Fibro_perichondrial,-0.0693300419460024
CD8_EM,ILC,0.25327207657104955
CD8_EM,Ionocyte_n_Brush,0.1687739248860477
CD8_EM,MAIT,0.28294499670052337
CD8_EM,Macro_CHIT1,0.257366527632376
CD8_EM,Macro_interstitial,0.27000264061111956
CD8_EM,Macro_AW_CX3CR1,0.17890794821270495
CD8_EM,Macro_alveolar_metallothioneins,0.060668167049250175
CD8_EM,Macro_alv,0.2876412749827455
CD8_EM,Macro_dividing,0.2910394253652654
CD8_EM,Macro_int,0.11946962423592962
CD8_EM,Macro_CCL,0.2709815556194686
CD8_EM,Mast_cell,0.27009572121174724
CD8_EM,Megakaryocyte,0.1837750262393125
CD8_EM,Mesothelia,-0.18681055292960644
CD8_EM,Macrophage_intermediate,0.15023606079916577
CD8_EM,Monocyte_CD14,0.26290834867295826
CD8_EM,Monocyte_CD16,0.20714302907806817
CD8_EM,Muscle_airway,-0.007107278667759992
CD8_EM,Muscle_pericyte_airway,-0.2440780933560588
CD8_EM,Muscle_pericyte_parenchyma,0.29015612966778603
CD8_EM,Muscle_perivascular_immune_recruiting,-0.20675542070478736
CD8_EM,Muscle_smooth_pulmonary,0.03750925432799945
CD8_EM,Muscle_smooth_syst_arterial,0.029663454259099498
CD8_EM,Myoepithelial,-0.05678689588184092
CD8_EM,NAF_endoneurial,0.08701003453849701
CD8_EM,NAF_perineurial,0.03403922261871231
CD8_EM,NK_CD16hi,0.2574981020532759
CD8_EM,NKT,0.24839569953970358
CD8_EM,NK_CD11d,0.2517875589813052
CD8_EM,NK_CD56bright,0.2760683018699849
CD8_EM,Neuroendocrine,0.060750153599759875
CD8_EM,SMG_Basal,-0.06622631812138617
CD8_EM,SMG_Duct,-0.13282531565662561
CD8_EM,SMG_Mucous,0.021944204587273076
CD8_EM,SMG_Serous,-0.1301642447525597
CD8_EM,Schwann_Myelinating,0.06179304540653874
CD8_EM,Schwann_nonmyelinating,0.2500466009205354
CD8_EM,Secretory_Club,0.18576723285942517
CD8_EM,Secretory_Goblet,0.21452724795615566
CD8_EM,Suprabasal,0.059755825423762315
CD8_EM,T_reg,0.2821018816965055
CD8_EM,gdT,0.2617070977223946
CD8_EM_EMRA,CD8_EM_EMRA,0.2650803308242719
CD8_EM_EMRA,CD8_TRM_EM,0.2851780876958825
CD8_EM_EMRA,CD8_TRM,0.28809258883025385
CD8_EM_EMRA,Chondrocyte,-0.19306955185174102
CD8_EM_EMRA,Ciliated,0.18402534188406278
CD8_EM_EMRA,DC_1,0.24906960088198637
CD8_EM_EMRA,DC_2,0.2731718364317934
CD8_EM_EMRA,DC_activated,0.29302963812635835
CD8_EM_EMRA,DC_plasmacytoid,0.2621588536257989
CD8_EM_EMRA,Deuterosomal,0.1615113066446291
CD8_EM_EMRA,Dividing_AT2,0.28623577545267814
CD8_EM_EMRA,Dividing_Basal,0.11046231834999856
CD8_EM_EMRA,Endothelia_Lymphatic,-0.17012686880639313
CD8_EM_EMRA,Endothelia_vascular_Cap_a,0.3111525373011744
CD8_EM_EMRA,Endothelia_vascular_Cap_g,0.3048061618325809
CD8_EM_EMRA,Endothelia_vascular_arterial_pulmonary,0.19630898161786392
CD8_EM_EMRA,Endothelia_vascular_arterial_systemic,0.06582341276944571
CD8_EM_EMRA,Endothelia_vascular_venous_pulmonary,-0.07272217847292434
CD8_EM_EMRA,Endothelia_vascular_venous_systemic,-0.2975742354372798
CD8_EM_EMRA,Erythrocyte,0.2899381489150672
CD8_EM_EMRA,Fibro_adventitial,-0.21206940610789263
CD8_EM_EMRA,Fibro_alveolar,0.3175749292813345
CD8_EM_EMRA,Fibro_immune_recruiting,-0.185741092745449
CD8_EM_EMRA,Fibro_myofibroblast,-0.17539238506125623
CD8_EM_EMRA,Fibro_peribronchial,0.05368429981965498
CD8_EM_EMRA,Fibro_perichondrial,-0.07474564767357053
CD8_EM_EMRA,ILC,0.2476147160897116
CD8_EM_EMRA,Ionocyte_n_Brush,0.16913599753071398
CD8_EM_EMRA,MAIT,0.27628379667789643
CD8_EM_EMRA,Macro_CHIT1,0.24954715534879823
CD8_EM_EMRA,Macro_interstitial,0.26213118491029785
CD8_EM_EMRA,Macro_AW_CX3CR1,0.177009775635435
CD8_EM_EMRA,Macro_alveolar_metallothioneins,0.057462426060410875
CD8_EM_EMRA,Macro_alv,0.28011029234215673
CD8_EM_EMRA,Macro_dividing,0.2825752178144046
CD8_EM_EMRA,Macro_int,0.11520646387417374
CD8_EM_EMRA,Macro_CCL,0.26340228624070794
CD8_EM_EMRA,Mast_cell,0.26631691163248167
CD8_EM_EMRA,Megakaryocyte,0.17987049547367748
CD8_EM_EMRA,Mesothelia,-0.18374121945176417
CD8_EM_EMRA,Macrophage_intermediate,0.14559834811718309
CD8_EM_EMRA,Monocyte_CD14,0.2554354042590536
CD8_EM_EMRA,Monocyte_CD16,0.20107836897967835
CD8_EM_EMRA,Muscle_airway,-0.006030717368186641
CD8_EM_EMRA,Muscle_pericyte_airway,-0.2404353977603511
CD8_EM_EMRA,Muscle_pericyte_parenchyma,0.28327568909776696
CD8_EM_EMRA,Muscle_perivascular_immune_recruiting,-0.20416851419100965
CD8_EM_EMRA,Muscle_smooth_pulmonary,0.03743455281718891
CD8_EM_EMRA,Muscle_smooth_syst_arterial,0.02866231692499988
CD8_EM_EMRA,Myoepithelial,-0.05662442053507386
CD8_EM_EMRA,NAF_endoneurial,0.08620089004181886
CD8_EM_EMRA,NAF_perineurial,0.03338671308804301
CD8_EM_EMRA,NK_CD16hi,0.2520847412937526
CD8_EM_EMRA,NKT,0.24192035261193925
CD8_EM_EMRA,NK_CD11d,0.2473743264486756
CD8_EM_EMRA,NK_CD56bright,0.2713655260858521
CD8_EM_EMRA,Neuroendocrine,0.06249317274065269
CD8_EM_EMRA,SMG_Basal,-0.061456093711450444
CD8_EM_EMRA,SMG_Duct,-0.13068853688138207
CD8_EM_EMRA,SMG_Mucous,0.022078824592473473
CD8_EM_EMRA,SMG_Serous,-0.12787091529437686
CD8_EM_EMRA,Schwann_Myelinating,0.06253955483270672
CD8_EM_EMRA,Schwann_nonmyelinating,0.2481116707028466
CD8_EM_EMRA,Secretory_Club,0.18779977031488573
CD8_EM_EMRA,Secretory_Goblet,0.2149850118629971
CD8_EM_EMRA,Suprabasal,0.06122052704787855
CD8_EM_EMRA,T_reg,0.2760852834524201
CD8_EM_EMRA,gdT,0.25569425896149056
CD8_TRM_EM,CD8_TRM_EM,0.3054511261541461
CD8_TRM_EM,CD8_TRM,0.3072337426963919
CD8_TRM_EM,Chondrocyte,-0.19155797849598744
CD8_TRM_EM,Ciliated,0.19183312369701505
CD8_TRM_EM,DC_1,0.2657482694305401
CD8_TRM_EM,DC_2,0.291829336715639
CD8_TRM_EM,DC_activated,0.31431689844816146
CD8_TRM_EM,DC_plasmacytoid,0.2802169499620199
CD8_TRM_EM,Deuterosomal,0.16437216347025863
CD8_TRM_EM,Dividing_AT2,0.30641784836221214
CD8_TRM_EM,Dividing_Basal,0.10903583874432218
CD8_TRM_EM,Endothelia_Lymphatic,-0.1869475720639925
CD8_TRM_EM,Endothelia_vascular_Cap_a,0.3324315955501765
CD8_TRM_EM,Endothelia_vascular_Cap_g,0.3264015927753207
CD8_TRM_EM,Endothelia_vascular_arterial_pulmonary,0.2134519738063829
CD8_TRM_EM,Endothelia_vascular_arterial_systemic,0.07182182195520273
CD8_TRM_EM,Endothelia_vascular_venous_pulmonary,-0.07448806288158727
CD8_TRM_EM,Endothelia_vascular_venous_systemic,-0.3154232509736515
CD8_TRM_EM,Erythrocyte,0.3129983911314489
CD8_TRM_EM,Fibro_adventitial,-0.22775958736262192
CD8_TRM_EM,Fibro_alveolar,0.33859888598685967
CD8_TRM_EM,Fibro_immune_recruiting,-0.1988255951838947
CD8_TRM_EM,Fibro_myofibroblast,-0.1919464985977592
CD8_TRM_EM,Fibro_peribronchial,0.05154056739087251
CD8_TRM_EM,Fibro_perichondrial,-0.0686895199503958
CD8_TRM_EM,ILC,0.26566610052695544
CD8_TRM_EM,Ionocyte_n_Brush,0.17517642026576855
CD8_TRM_EM,MAIT,0.29667507320149533
CD8_TRM_EM,Macro_CHIT1,0.26918868313876315
CD8_TRM_EM,Macro_interstitial,0.2827842979920041
CD8_TRM_EM,Macro_AW_CX3CR1,0.18731673416242822
CD8_TRM_EM,Macro_alveolar_metallothioneins,0.061419296471101566
CD8_TRM_EM,Macro_alv,0.3004637027585384
CD8_TRM_EM,Macro_dividing,0.30462417368071193
CD8_TRM_EM,Macro_int,0.1225338721621136
CD8_TRM_EM,Macro_CCL,0.2843621181452084
CD8_TRM_EM,Mast_cell,0.27972178383259816
CD8_TRM_EM,Megakaryocyte,0.19451435268267486
CD8_TRM_EM,Mesothelia,-0.19685543224004437
CD8_TRM_EM,Macrophage_intermediate,0.15697075245741798
CD8_TRM_EM,Monocyte_CD14,0.27433244743185714
CD8_TRM_EM,Monocyte_CD16,0.216329530073447
CD8_TRM_EM,Muscle_airway,-0.0071434924508818835
CD8_TRM_EM,Muscle_pericyte_airway,-0.2573694291556438
CD8_TRM_EM,Muscle_pericyte_parenchyma,0.30424666228400293
CD8_TRM_EM,Muscle_perivascular_immune_recruiting,-0.21707191401811593
CD8_TRM_EM,Muscle_smooth_pulmonary,0.039573836960455536
CD8_TRM_EM,Muscle_smooth_syst_arterial,0.03187222753594455
CD8_TRM_EM,Myoepithelial,-0.055794430711209715
CD8_TRM_EM,NAF_endoneurial,0.09146909804977466
CD8_TRM_EM,NAF_perineurial,0.03609955420440679
CD8_TRM_EM,NK_CD16hi,0.2701650846370534
CD8_TRM_EM,NKT,0.26017631080591874
CD8_TRM_EM,NK_CD11d,0.26400888142973183
CD8_TRM_EM,NK_CD56bright,0.2893929296947633
CD8_TRM_EM,Neuroendocrine,0.06578711010185564
CD8_TRM_EM,SMG_Basal,-0.06930973921507844
CD8_TRM_EM,SMG_Duct,-0.13716225137386068
CD8_TRM_EM,SMG_Mucous,0.02107303984168781
CD8_TRM_EM,SMG_Serous,-0.1320380673845676
CD8_TRM_EM,Schwann_Myelinating,0.06754769725167127
CD8_TRM_EM,Schwann_nonmyelinating,0.2621775446173111
CD8_TRM_EM,Secretory_Club,0.19352799034301282
CD8_TRM_EM,Secretory_Goblet,0.222359599377843
CD8_TRM_EM,Suprabasal,0.05998421161492428
CD8_TRM_EM,T_reg,0.2955110977831436
CD8_TRM_EM,gdT,0.2746580265033403
CD8_TRM,CD8_TRM,0.3066072811995343
CD8_TRM,Chondrocyte,-0.17458756495605157
CD8_TRM,Ciliated,0.18930634547446187
CD8_TRM,DC_1,0.268671457410332
CD8_TRM,DC_2,0.2934357885368548
CD8_TRM,DC_activated,0.3148427672981041
CD8_TRM,DC_plasmacytoid,0.28158715950772956
CD8_TRM,Deuterosomal,0.15854370661145714
CD8_TRM,Dividing_AT2,0.3053128260730918
CD8_TRM,Dividing_Basal,0.10400384199788067
CD8_TRM,Endothelia_Lymphatic,-0.18595708479960207
CD8_TRM,Endothelia_vascular_Cap_a,0.3304796336372535
CD8_TRM,Endothelia_vascular_Cap_g,0.3250783927089117
CD8_TRM,Endothelia_vascular_arterial_pulmonary,0.21377556947864207
CD8_TRM,Endothelia_vascular_arterial_systemic,0.06994142669246373
CD8_TRM,Endothelia_vascular_venous_pulmonary,-0.06871051883076297
CD8_TRM,Endothelia_vascular_venous_systemic,-0.3084396986470456
CD8_TRM,Erythrocyte,0.3140140306335634
CD8_TRM,Fibro_adventitial,-0.22390907448786768
CD8_TRM,Fibro_alveolar,0.3356442032690221
CD8_TRM,Fibro_immune_recruiting,-0.1920529718573532
CD8_TRM,Fibro_myofibroblast,-0.19143783855746452
CD8_TRM,Fibro_peribronchial,0.0473506354193282
CD8_TRM,Fibro_perichondrial,-0.06262237623502019
CD8_TRM,ILC,0.26783839003905846
CD8_TRM,Ionocyte_n_Brush,0.17146715080033068
CD8_TRM,MAIT,0.2979033501510243
CD8_TRM,Macro_CHIT1,0.2712134327629207
CD8_TRM,Macro_interstitial,0.28583180494868005
CD8_TRM,Macro_AW_CX3CR1,0.1903390164974376
CD8_TRM,Macro_alveolar_metallothioneins,0.06803128641557653
CD8_TRM,Macro_alv,0.30035031864290873
CD8_TRM,Macro_dividing,0.3065806681655928
CD8_TRM,Macro_int,0.12795883927840063
CD8_TRM,Macro_CCL,0.2871869207081011
CD8_TRM,Mast_cell,0.27743481663339753
CD8_TRM,Megakaryocyte,0.19803639690232372
CD8_TRM,Mesothelia,-0.18955858417244467
CD8_TRM,Macrophage_intermediate,0.1626855781570505
CD8_TRM,Monocyte_CD14,0.2762167743985332
CD8_TRM,Monocyte_CD16,0.2205606841462794
CD8_TRM,Muscle_airway,-0.012179372325045266
CD8_TRM,Muscle_pericyte_airway,-0.25245587231289496
CD8_TRM,Muscle_pericyte_parenchyma,0.30385919433192715
CD8_TRM,Muscle_perivascular_immune_recruiting,-0.20837018411045513
CD8_TRM,Muscle_smooth_pulmonary,0.034518810161853895
CD8_TRM,Muscle_smooth_syst_arterial,0.028298912580793457
CD8_TRM,Myoepithelial,-0.045358237330727746
CD8_TRM,NAF_endoneurial,0.08862708780695626
CD8_TRM,NAF_perineurial,0.031229640622699503
CD8_TRM,NK_CD16hi,0.27220316949339574
CD8_TRM,NKT,0.2627653231403435
CD8_TRM,NK_CD11d,0.26573143540475813
CD8_TRM,NK_CD56bright,0.2897471486178
CD8_TRM,Neuroendocrine,0.07035807814855026
CD8_TRM,SMG_Basal,-0.06779636963185667
CD8_TRM,SMG_Duct,-0.12758686932281627
CD8_TRM,SMG_Mucous,0.029176564419531936
CD8_TRM,SMG_Serous,-0.1217247879260741
CD8_TRM,Schwann_Myelinating,0.07274101222133507
CD8_TRM,Schwann_nonmyelinating,0.2585938799206753
CD8_TRM,Secretory_Club,0.191433637606504
CD8_TRM,Secretory_Goblet,0.21830147651470858
CD8_TRM,Suprabasal,0.0569377748655364
CD8_TRM,T_reg,0.29631346697220673
CD8_TRM,gdT,0.2767028089428735
Chondrocyte,Chondrocyte,-0.010145537089533368
Chondrocyte,Ciliated,-0.07885856576986412
Chondrocyte,DC_1,-0.15961897479879605
Chondrocyte,DC_2,-0.16033806824525013
Chondrocyte,DC_activated,-0.16100838392723718
Chondrocyte,DC_plasmacytoid,-0.15492685716813115
Chondrocyte,Deuterosomal,-0.061937619870582064
Chondrocyte,Dividing_AT2,-0.14730941477247225
Chondrocyte,Dividing_Basal,-0.011794388317667836
Chondrocyte,Endothelia_Lymphatic,0.08241541488051658
Chondrocyte,Endothelia_vascular_Cap_a,-0.14709133810798836
Chondrocyte,Endothelia_vascular_Cap_g,-0.14563711052191564
Chondrocyte,Endothelia_vascular_arterial_pulmonary,-0.06803755731546912
Chondrocyte,Endothelia_vascular_arterial_systemic,-0.009796952509560258
Chondrocyte,Endothelia_vascular_venous_pulmonary,0.019778892812984037
Chondrocyte,Endothelia_vascular_venous_systemic,0.13963772879713168
Chondrocyte,Erythrocyte,-0.15629180549393973
Chondrocyte,Fibro_adventitial,0.049893203335731086
Chondrocyte,Fibro_alveolar,-0.15301744993081354
Chondrocyte,Fibro_immune_recruiting,0.022744129429532717
Chondrocyte,Fibro_myofibroblast,0.054088231166300176
Chondrocyte,Fibro_peribronchial,0.01603095942283722
Chondrocyte,Fibro_perichondrial,0.037520770036643385
Chondrocyte,ILC,-0.15547777329926935
Chondrocyte,Ionocyte_n_Brush,-0.04806227120320067
Chondrocyte,MAIT,-0.16256477281286766
Chondrocyte,Macro_CHIT1,-0.14133255233735526
Chondrocyte,Macro_interstitial,-0.15858719195604734
Chondrocyte,Macro_AW_CX3CR1,-0.14642905153243915
Chondrocyte,Macro_alveolar_metallothioneins,-0.09581623145114815
Chondrocyte,Macro_alv,-0.12226288387238383
Chondrocyte,Macro_dividing,-0.14650107514184427
Chondrocyte,Macro_int,-0.12942263097928833
Chondrocyte,Macro_CCL,-0.16310266244474217
Chondrocyte,Mast_cell,-0.1415396397935789
Chondrocyte,Megakaryocyte,-0.10612664893802305
Chondrocyte,Mesothelia,0.014968496458957113
Chondrocyte,Macrophage_intermediate,-0.1380538377531482
Chondrocyte,Monocyte_CD14,-0.15602776569810162
Chondrocyte,Monocyte_CD16,-0.14885925888014587
Chondrocyte,Muscle_airway,0.07042505032717808
Chondrocyte,Muscle_pericyte_airway,0.07606808503813517
Chondrocyte,Muscle_pericyte_parenchyma,-0.15097739516892764
Chondrocyte,Muscle_perivascular_immune_recruiting,0.038988120804964256
Chondrocyte,Muscle_smooth_pulmonary,0.04368253412140341
Chondrocyte,Muscle_smooth_syst_arterial,0.04706318903092969
Chondrocyte,Myoepithelial,-0.04371724581694906
Chondrocyte,NAF_endoneurial,0.011039949920328165
Chondrocyte,NAF_perineurial,0.049856367197698856
Chondrocyte,NK_CD16hi,-0.15627614067121035
Chondrocyte,NKT,-0.15619425303339607
Chondrocyte,NK_CD11d,-0.15180815915981893
Chondrocyte,NK_CD56bright,-0.15034649463499852
Chondrocyte,Neuroendocrine,-0.07657032556480689
Chondrocyte,SMG_Basal,0.05498779780771565
Chondrocyte,SMG_Duct,-0.018270711612430077
Chondrocyte,SMG_Mucous,-0.05165653499399188
Chondrocyte,SMG_Serous,-0.032975062923453306
Chondrocyte,Schwann_Myelinating,-0.07633803360855368
Chondrocyte,Schwann_nonmyelinating,-0.10261354787960789
Chondrocyte,Secretory_Club,-0.11094505547685435
Chondrocyte,Secretory_Goblet,-0.08622870806435645
Chondrocyte,Suprabasal,0.01963684288915938
Chondrocyte,T_reg,-0.15463927664779223
Chondrocyte,gdT,-0.1587759844797772
Ciliated,Ciliated,0.10186651154107411
Ciliated,DC_1,0.17019623230073994
Ciliated,DC_2,0.18230768287303106
Ciliated,DC_activated,0.1958493662693938
Ciliated,DC_plasmacytoid,0.1749870352009825
Ciliated,Deuterosomal,0.07595713686824278
Ciliated,Dividing_AT2,0.1852393140539061
Ciliated,Dividing_Basal,0.060897883934559915
Ciliated,Endothelia_Lymphatic,-0.10051656724296777
Ciliated,Endothelia_vascular_Cap_a,0.20441271623497081
Ciliated,Endothelia_vascular_Cap_g,0.20239618443493326
Ciliated,Endothelia_vascular_arterial_pulmonary,0.14298698810650165
Ciliated,Endothelia_vascular_arterial_systemic,0.04282062806381287
Ciliated,Endothelia_vascular_venous_pulmonary,-0.016770967010255478
Ciliated,Endothelia_vascular_venous_systemic,-0.16667277197062288
Ciliated,Erythrocyte,0.1983129507832942
Ciliated,Fibro_adventitial,-0.13387235552238883
Ciliated,Fibro_alveolar,0.20518776860734814
Ciliated,Fibro_immune_recruiting,-0.10892623728800407
Ciliated,Fibro_myofibroblast,-0.11775363908703841
Ciliated,Fibro_peribronchial,0.033419216840236056
Ciliated,Fibro_perichondrial,-0.019138198716905565
Ciliated,ILC,0.17015177299735626
Ciliated,Ionocyte_n_Brush,0.09368682609641395
Ciliated,MAIT,0.18744541915715113
Ciliated,Macro_CHIT1,0.1731286938611697
Ciliated,Macro_interstitial,0.18482029994830287
Ciliated,Macro_AW_CX3CR1,0.11598450556988942
Ciliated,Macro_alveolar_metallothioneins,0.057329926303936386
Ciliated,Macro_alv,0.1918996049287192
Ciliated,Macro_dividing,0.19808242709505583
Ciliated,Macro_int,0.08853904654590573
Ciliated,Macro_CCL,0.18403562126631456
Ciliated,Mast_cell,0.17059914299351625
Ciliated,Megakaryocyte,0.12923087890703863
Ciliated,Mesothelia,-0.10657415316332679
Ciliated,Macrophage_intermediate,0.1116084484212629
Ciliated,Monocyte_CD14,0.1782025708890963
Ciliated,Monocyte_CD16,0.14633401107780722
Ciliated,Muscle_airway,-0.0035156745600490005
Ciliated,Muscle_pericyte_airway,-0.1433635117057105
Ciliated,Muscle_pericyte_parenchyma,0.19044075645876216
Ciliated,Muscle_perivascular_immune_recruiting,-0.11007817316346843
Ciliated,Muscle_smooth_pulmonary,0.02493885857861623
Ciliated,Muscle_smooth_syst_arterial,0.024041981371238367
Ciliated,Myoepithelial,-0.00919173124503996
Ciliated,NAF_endoneurial,0.06308252606855512
Ciliated,NAF_perineurial,0.024063865152820937
Ciliated,NK_CD16hi,0.17143499289289363
Ciliated,NKT,0.1693052643030031
Ciliated,NK_CD11d,0.16506780061997509
Ciliated,NK_CD56bright,0.1769788513937765
Ciliated,Neuroendocrine,0.0466453018789031
Ciliated,SMG_Basal,-0.04146506031788326
Ciliated,SMG_Duct,-0.0679218560970429
Ciliated,SMG_Mucous,0.0327360346796049
Ciliated,SMG_Serous,-0.06596397144939176
Ciliated,Schwann_Myelinating,0.052417411725382355
Ciliated,Schwann_nonmyelinating,0.15701216721487354
Ciliated,Secretory_Club,0.09894549904931918
Ciliated,Secretory_Goblet,0.11961286370739851
Ciliated,Suprabasal,0.028478306958403095
Ciliated,T_reg,0.1854638738041801
Ciliated,gdT,0.17558789655658172
DC_1,DC_1,0.23283044830430114
DC_1,DC_2,0.25333643853265836
DC_1,DC_activated,0.2695144515778438
DC_1,DC_plasmacytoid,0.24184759271787826
DC_1,Deuterosomal,0.14542292454212716
DC_1,Dividing_AT2,0.26089577370654693
DC_1,Dividing_Basal,0.1115240218871702
DC_1,Endothelia_Lymphatic,-0.13521517387067064
DC_1,Endothelia_vascular_Cap_a,0.2878922727283159
DC_1,Endothelia_vascular_Cap_g,0.28178903400310457
DC_1,Endothelia_vascular_arterial_pulmonary,0.18370286682580514
DC_1,Endothelia_vascular_arterial_systemic,0.05670709822341001
DC_1,Endothelia_vascular_venous_pulmonary,-0.05332383650857171
DC_1,Endothelia_vascular_venous_systemic,-0.2612317629628331
DC_1,Erythrocyte,0.26581973742389065
DC_1,Fibro_adventitial,-0.19004240694851157
DC_1,Fibro_alveolar,0.2926250385008707
DC_1,Fibro_immune_recruiting,-0.16412697416052724
DC_1,Fibro_myofibroblast,-0.15161441454627478
DC_1,Fibro_peribronchial,0.06282814738070247
DC_1,Fibro_perichondrial,-0.06297577861784286
DC_1,ILC,0.22968515205707182
DC_1,Ionocyte_n_Brush,0.15666821061037092
DC_1,MAIT,0.2548578241704755
DC_1,Macro_CHIT1,0.2314565993656149
DC_1,Macro_interstitial,0.24493159779116105
DC_1,Macro_AW_CX3CR1,0.16346974685586746
DC_1,Macro_alveolar_metallothioneins,0.0661685589896911
DC_1,Macro_alv,0.26356583360305336
DC_1,Macro_dividing,0.26435533333451144
DC_1,Macro_int,0.11587343178937135
DC_1,Macro_CCL,0.24372532690527662
DC_1,Mast_cell,0.2545634211931368
DC_1,Megakaryocyte,0.16575991554022126
DC_1,Mesothelia,-0.16123061474408049
DC_1,Macrophage_intermediate,0.14016787787017723
DC_1,Monocyte_CD14,0.2406737180781387
DC_1,Monocyte_CD16,0.19168145366446973
DC_1,Muscle_airway,-0.0010398237066844849
DC_1,Muscle_pericyte_airway,-0.211050077032303
DC_1,Muscle_pericyte_parenchyma,0.26126467305848233
DC_1,Muscle_perivascular_immune_recruiting,-0.17641916833759877
DC_1,Muscle_smooth_pulmonary,0.038073998195872545
DC_1,Muscle_smooth_syst_arterial,0.029966291694116822
DC_1,Myoepithelial,-0.05106488225345402
DC_1,NAF_endoneurial,0.08707777616824117
DC_1,NAF_perineurial,0.035170209013537526
DC_1,NK_CD16hi,0.23323553693375237
DC_1,NKT,0.22611988191931573
DC_1,NK_CD11d,0.2287206939090071
DC_1,NK_CD56bright,0.2493688034116282
DC_1,Neuroendocrine,0.0572666072083284
DC_1,SMG_Basal,-0.048992581599964065
DC_1,SMG_Duct,-0.11894568824683556
DC_1,SMG_Mucous,0.03418871724379639
DC_1,SMG_Serous,-0.12446443623325291
DC_1,Schwann_Myelinating,0.05814676978384618
DC_1,Schwann_nonmyelinating,0.2308822097820695
DC_1,Secretory_Club,0.16813876174197148
DC_1,Secretory_Goblet,0.19880486988676416
DC_1,Suprabasal,0.06105334779268199
DC_1,T_reg,0.2558488220834043
DC_1,gdT,0.23642360332902898
DC_2,DC_2,0.27851912123885464
DC_2,DC_activated,0.2982416775675782
DC_2,DC_plasmacytoid,0.2668436020982471
DC_2,Deuterosomal,0.15605477019956027
DC_2,Dividing_AT2,0.28909370355510894
DC_2,Dividing_Basal,0.1125020529420111
DC_2,Endothelia_Lymphatic,-0.16374234028002085
DC_2,Endothelia_vascular_Cap_a,0.3165977287972303
DC_2,Endothelia_vascular_Cap_g,0.310695025183537
DC_2,Endothelia_vascular_arterial_pulmonary,0.2056434624614345
DC_2,Endothelia_vascular_arterial_systemic,0.06745265485943686
DC_2,Endothelia_vascular_venous_pulmonary,-0.06166475389343475
DC_2,Endothelia_vascular_venous_systemic,-0.2903650944563568
DC_2,Erythrocyte,0.29620449522418185
DC_2,Fibro_adventitial,-0.21424493353681895
DC_2,Fibro_alveolar,0.3216410696280701
DC_2,Fibro_immune_recruiting,-0.18489782720447118
DC_2,Fibro_myofibroblast,-0.17733959662268067
DC_2,Fibro_peribronchial,0.059161948346617727
DC_2,Fibro_perichondrial,-0.06446317390671662
DC_2,ILC,0.25339221834292813
DC_2,Ionocyte_n_Brush,0.16853769191849977
DC_2,MAIT,0.28184145328356075
DC_2,Macro_CHIT1,0.25605058400768027
DC_2,Macro_interstitial,0.27026597218459153
DC_2,Macro_AW_CX3CR1,0.17837359219119903
DC_2,Macro_alveolar_metallothioneins,0.06571737843465579
DC_2,Macro_alv,0.2891970728707992
DC_2,Macro_dividing,0.2917641140039497
DC_2,Macro_int,0.12121719102832232
DC_2,Macro_CCL,0.2701904315465256
DC_2,Mast_cell,0.2718060086944098
DC_2,Megakaryocyte,0.1861511801303337
DC_2,Mesothelia,-0.18249147427567758
DC_2,Macrophage_intermediate,0.1523594909553082
DC_2,Monocyte_CD14,0.26313177166132706
DC_2,Monocyte_CD16,0.20886379633981736
DC_2,Muscle_airway,-0.0032252906275233237
DC_2,Muscle_pericyte_airway,-0.23866269978711038
DC_2,Muscle_pericyte_parenchyma,0.2887138146406935
DC_2,Muscle_perivascular_immune_recruiting,-0.19889466244871126
DC_2,Muscle_smooth_pulmonary,0.040359356065263946
DC_2,Muscle_smooth_syst_arterial,0.032995754040167795
DC_2,Myoepithelial,-0.050575375077239325
DC_2,NAF_endoneurial,0.09332362077255728
DC_2,NAF_perineurial,0.03738748392225977
DC_2,NK_CD16hi,0.2574095881615614
DC_2,NKT,0.24872632541584988
DC_2,NK_CD11d,0.2518144054428839
DC_2,NK_CD56bright,0.27504393942557515
DC_2,Neuroendocrine,0.06485367179453101
DC_2,SMG_Basal,-0.05873694103553564
DC_2,SMG_Duct,-0.12955261892517145
DC_2,SMG_Mucous,0.030911083533974863
DC_2,SMG_Serous,-0.12883969007882792
DC_2,Schwann_Myelinating,0.06638451300508307
DC_2,Schwann_nonmyelinating,0.2514659140983045
DC_2,Secretory_Club,0.18247205650258952
DC_2,Secretory_Goblet,0.2131630425280372
DC_2,Suprabasal,0.06222549127156253
DC_2,T_reg,0.2817881797518594
DC_2,gdT,0.261414538113827
DC_activated,DC_activated,0.3220252921641198
DC_activated,DC_plasmacytoid,0.28742746055900364
DC_activated,Deuterosomal,0.16899503345878808
DC_activated,Dividing_AT2,0.3139776559373821
DC_activated,Dividing_Basal,0.10776009543902282
DC_activated,Endothelia_Lymphatic,-0.1951199552022448
DC_activated,Endothelia_vascular_Cap_a,0.3400897572868083
DC_activated,Endothelia_vascular_Cap_g,0.33423041990937097
DC_activated,Endothelia_vascular_arterial_pulmonary,0.2208118973537909
DC_activated,Endothelia_vascular_arterial_systemic,0.07696231338230312
DC_activated,Endothelia_vascular_venous_pulmonary,-0.07653003453437668
DC_activated,Endothelia_vascular_venous_systemic,-0.3234716588838213
DC_activated,Erythrocyte,0.32133331282465266
DC_activated,Fibro_adventitial,-0.23467196608929158
DC_activated,Fibro_alveolar,0.3460796353814595
DC_activated,Fibro_immune_recruiting,-0.20438641663992044
DC_activated,Fibro_myofibroblast,-0.19948246231243105
DC_activated,Fibro_peribronchial,0.05128179593117837
DC_activated,Fibro_perichondrial,-0.06658586689000555
DC_activated,ILC,0.2722718193353229
DC_activated,Ionocyte_n_Brush,0.17982987153491087
DC_activated,MAIT,0.30382748991777
DC_activated,Macro_CHIT1,0.27519090694166753
DC_activated,Macro_interstitial,0.28941751885033784
DC_activated,Macro_AW_CX3CR1,0.19154466981302049
DC_activated,Macro_alveolar_metallothioneins,0.06077510105473916
DC_activated,Macro_alv,0.3079467515857093
DC_activated,Macro_dividing,0.3121709878029655
DC_activated,Macro_int,0.12286441988801237
DC_activated,Macro_CCL,0.2912593213369736
DC_activated,Mast_cell,0.2840649053489866
DC_activated,Megakaryocyte,0.20159762657683686
DC_activated,Mesothelia,-0.20308650596596572
DC_activated,Macrophage_intermediate,0.1598620382650829
DC_activated,Monocyte_CD14,0.2797569936308814
DC_activated,Monocyte_CD16,0.22061799409656796
DC_activated,Muscle_airway,-0.006312806839768475
DC_activated,Muscle_pericyte_airway,-0.2656600568872852
DC_activated,Muscle_pericyte_parenchyma,0.3114017791641647
DC_activated,Muscle_perivascular_immune_recruiting,-0.2229264752088619
DC_activated,Muscle_smooth_pulmonary,0.04121923841238536
DC_activated,Muscle_smooth_syst_arterial,0.03398153353061979
DC_activated,Myoepithelial,-0.053782583783538465
DC_activated,NAF_endoneurial,0.09552469461112864
DC_activated,NAF_perineurial,0.03831162530653755
DC_activated,NK_CD16hi,0.277005048019173
DC_activated,NKT,0.2661038476729174
DC_activated,NK_CD11d,0.27081215738258757
DC_activated,NK_CD56bright,0.29694240681203293
DC_activated,Neuroendocrine,0.06994826046080987
DC_activated,SMG_Basal,-0.06790108998491835
DC_activated,SMG_Duct,-0.13918218583219005
DC_activated,SMG_Mucous,0.0217807362603283
DC_activated,SMG_Serous,-0.13247808703386343
DC_activated,Schwann_Myelinating,0.07191451238625213
DC_activated,Schwann_nonmyelinating,0.2693191122472472
DC_activated,Secretory_Club,0.19834040496218236
DC_activated,Secretory_Goblet,0.2269490691143988
DC_activated,Suprabasal,0.06137667859525399
DC_activated,T_reg,0.3027747314931997
DC_activated,gdT,0.2815178637913978
DC_plasmacytoid,DC_plasmacytoid,0.25676982278456023
DC_plasmacytoid,Deuterosomal,0.14893344559772143
DC_plasmacytoid,Dividing_AT2,0.28063484230269886
DC_plasmacytoid,Dividing_Basal,0.10828820131338238
DC_plasmacytoid,Endothelia_Lymphatic,-0.16242073899292692
DC_plasmacytoid,Endothelia_vascular_Cap_a,0.3066827770187805
DC_plasmacytoid,Endothelia_vascular_Cap_g,0.30070469209461975
DC_plasmacytoid,Endothelia_vascular_arterial_pulmonary,0.1958301634266878
DC_plasmacytoid,Endothelia_vascular_arterial_systemic,0.06155930529635738
DC_plasmacytoid,Endothelia_vascular_venous_pulmonary,-0.06489244472040474
DC_plasmacytoid,Endothelia_vascular_venous_systemic,-0.2853876189382128
DC_plasmacytoid,Erythrocyte,0.28656444802180914
DC_plasmacytoid,Fibro_adventitial,-0.20837550681218375
DC_plasmacytoid,Fibro_alveolar,0.3119916465894192
DC_plasmacytoid,Fibro_immune_recruiting,-0.18208575591319073
DC_plasmacytoid,Fibro_myofibroblast,-0.17248897161467136
DC_plasmacytoid,Fibro_peribronchial,0.052973351061464245
DC_plasmacytoid,Fibro_perichondrial,-0.06441086401704445
DC_plasmacytoid,ILC,0.24374964059589327
DC_plasmacytoid,Ionocyte_n_Brush,0.16193851030115072
DC_plasmacytoid,MAIT,0.2723314922939169
DC_plasmacytoid,Macro_CHIT1,0.24864992121899468
DC_plasmacytoid,Macro_interstitial,0.26093155489211795
DC_plasmacytoid,Macro_AW_CX3CR1,0.17085219140818364
DC_plasmacytoid,Macro_alveolar_metallothioneins,0.06088401820466295
DC_plasmacytoid,Macro_alv,0.27875061858135997
DC_plasmacytoid,Macro_dividing,0.2816351778883981
DC_plasmacytoid,Macro_int,0.1166985547276101
DC_plasmacytoid,Macro_CCL,0.2611564401025266
DC_plasmacytoid,Mast_cell,0.2617117527233044
DC_plasmacytoid,Megakaryocyte,0.1764602787705375
DC_plasmacytoid,Mesothelia,-0.17898150924154063
DC_plasmacytoid,Macrophage_intermediate,0.14539660643253272
DC_plasmacytoid,Monocyte_CD14,0.25450474119884775
DC_plasmacytoid,Monocyte_CD16,0.20064581776343537
DC_plasmacytoid,Muscle_airway,-0.005501552417897
DC_plasmacytoid,Muscle_pericyte_airway,-0.23276879579669177
DC_plasmacytoid,Muscle_pericyte_parenchyma,0.279563639141654
DC_plasmacytoid,Muscle_perivascular_immune_recruiting,-0.19706829627702652
DC_plasmacytoid,Muscle_smooth_pulmonary,0.03735206269293565
DC_plasmacytoid,Muscle_smooth_syst_arterial,0.029944265056507637
DC_plasmacytoid,Myoepithelial,-0.055803188619044305
DC_plasmacytoid,NAF_endoneurial,0.0853928715520896
DC_plasmacytoid,NAF_perineurial,0.034191490499676305
DC_plasmacytoid,NK_CD16hi,0.24760879186644671
DC_plasmacytoid,NKT,0.2396823751967917
DC_plasmacytoid,NK_CD11d,0.24184716715207352
DC_plasmacytoid,NK_CD56bright,0.2650615951651301
DC_plasmacytoid,Neuroendocrine,0.05659847056511518
DC_plasmacytoid,SMG_Basal,-0.06332936456797543
DC_plasmacytoid,SMG_Duct,-0.12903048312754234
DC_plasmacytoid,SMG_Mucous,0.023017594021037525
DC_plasmacytoid,SMG_Serous,-0.1284503693175707
DC_plasmacytoid,Schwann_Myelinating,0.05789156907456486
DC_plasmacytoid,Schwann_nonmyelinating,0.24050314407924628
DC_plasmacytoid,Secretory_Club,0.17591253407174187
DC_plasmacytoid,Secretory_Goblet,0.20579812886632634
DC_plasmacytoid,Suprabasal,0.05867352470940995
DC_plasmacytoid,T_reg,0.271673320030561
DC_plasmacytoid,gdT,0.25178804902152113
Deuterosomal,Deuterosomal,0.05705417161190987
Deuterosomal,Dividing_AT2,0.1602365916282469
Deuterosomal,Dividing_Basal,0.04432940531918957
Deuterosomal,Endothelia_Lymphatic,-0.08457562887044381
Deuterosomal,Endothelia_vascular_Cap_a,0.17919031418533107
Deuterosomal,Endothelia_vascular_Cap_g,0.17761016729902152
Deuterosomal,Endothelia_vascular_arterial_pulmonary,0.11563826128936587
Deuterosomal,Endothelia_vascular_arterial_systemic,0.022496987887975974
Deuterosomal,Endothelia_vascular_venous_pulmonary,-0.014027972078599064
Deuterosomal,Endothelia_vascular_venous_systemic,-0.14822971330559817
Deuterosomal,Erythrocyte,0.17378361826688152
Deuterosomal,Fibro_adventitial,-0.11072771225530834
Deuterosomal,Fibro_alveolar,0.18138304968993124
Deuterosomal,Fibro_immune_recruiting,-0.08801610897988096
Deuterosomal,Fibro_myofibroblast,-0.0952666294049881
Deuterosomal,Fibro_peribronchial,0.020405014627673822
Deuterosomal,Fibro_perichondrial,-0.02569974197956526
Deuterosomal,ILC,0.14974118562427116
Deuterosomal,Ionocyte_n_Brush,0.07121048020701364
Deuterosomal,MAIT,0.1657655907029418
Deuterosomal,Macro_CHIT1,0.15453995913330018
Deuterosomal,Macro_interstitial,0.1642763040720906
Deuterosomal,Macro_AW_CX3CR1,0.1058750997362695
Deuterosomal,Macro_alveolar_metallothioneins,0.056843269864488684
Deuterosomal,Macro_alv,0.164904798286326
Deuterosomal,Macro_dividing,0.172928175332079
Deuterosomal,Macro_int,0.08738818435106487
Deuterosomal,Macro_CCL,0.16393128897753523
Deuterosomal,Mast_cell,0.14996645016599175
Deuterosomal,Megakaryocyte,0.10651187768567622
Deuterosomal,Mesothelia,-0.0852293358551068
Deuterosomal,Macrophage_intermediate,0.10419255999775262
Deuterosomal,Monocyte_CD14,0.16115418295353123
Deuterosomal,Monocyte_CD16,0.13341632017822377
Deuterosomal,Muscle_airway,-0.01661913419551095
Deuterosomal,Muscle_pericyte_airway,-0.1186993024778579
Deuterosomal,Muscle_pericyte_parenchyma,0.16891411352812616
Deuterosomal,Muscle_perivascular_immune_recruiting,-0.09219384307623812
Deuterosomal,Muscle_smooth_pulmonary,0.00895878633704931
Deuterosomal,Muscle_smooth_syst_arterial,0.00648518272840121
Deuterosomal,Myoepithelial,-0.005025571688290621
Deuterosomal,NAF_endoneurial,0.04074534455147189
Deuterosomal,NAF_perineurial,0.007208921774489396
Deuterosomal,NK_CD16hi,0.15090478222540632
Deuterosomal,NKT,0.1516696028277104
Deuterosomal,NK_CD11d,0.1438973939537318
Deuterosomal,NK_CD56bright,0.1526351602336181
Deuterosomal,Neuroendocrine,0.0364812068105349
Deuterosomal,SMG_Basal,-0.04714051661645383
Deuterosomal,SMG_Duct,-0.05400398207518735
Deuterosomal,SMG_Mucous,0.02194838589878655
Deuterosomal,SMG_Serous,-0.05060938978669011
Deuterosomal,Schwann_Myelinating,0.04300431264831296
Deuterosomal,Schwann_nonmyelinating,0.1319854561162985
Deuterosomal,Secretory_Club,0.08346758162568538
Deuterosomal,Secretory_Goblet,0.09666066852245415
Deuterosomal,Suprabasal,0.011355060565059619
Deuterosomal,T_reg,0.16168189458163135
Deuterosomal,gdT,0.15505648582825002
Dividing_AT2,Dividing_AT2,0.308474598923978
Dividing_AT2,Dividing_Basal,0.09879886245218097
Dividing_AT2,Endothelia_Lymphatic,-0.198099357425458
Dividing_AT2,Endothelia_vascular_Cap_a,0.3350099173963649
Dividing_AT2,Endothelia_vascular_Cap_g,0.3299468118018418
Dividing_AT2,Endothelia_vascular_arterial_pulmonary,0.22149280818065695
Dividing_AT2,Endothelia_vascular_arterial_systemic,0.08109603649508305
Dividing_AT2,Endothelia_vascular_venous_pulmonary,-0.0730841563874486
Dividing_AT2,Endothelia_vascular_venous_systemic,-0.31903749537535847
Dividing_AT2,Erythrocyte,0.3196765474472998
Dividing_AT2,Fibro_adventitial,-0.23260542364578848
Dividing_AT2,Fibro_alveolar,0.3409596925085301
Dividing_AT2,Fibro_immune_recruiting,-0.20179250129695842
Dividing_AT2,Fibro_myofibroblast,-0.20183331516676561
Dividing_AT2,Fibro_peribronchial,0.04701357658529612
Dividing_AT2,Fibro_perichondrial,-0.062301453304528485
Dividing_AT2,ILC,0.26993399929700584
Dividing_AT2,Ionocyte_n_Brush,0.17093130038374788
Dividing_AT2,MAIT,0.3010797643855358
Dividing_AT2,Macro_CHIT1,0.27229432362017164
Dividing_AT2,Macro_interstitial,0.2868483552137955
Dividing_AT2,Macro_AW_CX3CR1,0.18794375914856612
Dividing_AT2,Macro_alveolar_metallothioneins,0.05916683117608841
Dividing_AT2,Macro_alv,0.30379457685358374
Dividing_AT2,Macro_dividing,0.3093181835175162
Dividing_AT2,Macro_int,0.11897124875174198
Dividing_AT2,Macro_CCL,0.2892683590767971
Dividing_AT2,Mast_cell,0.27603064210150824
Dividing_AT2,Megakaryocyte,0.20179964273604312
Dividing_AT2,Mesothelia,-0.200943834194853
Dividing_AT2,Macrophage_intermediate,0.15879145785371132
Dividing_AT2,Monocyte_CD14,0.275809911737652
Dividing_AT2,Monocyte_CD16,0.21818660493870773
Dividing_AT2,Muscle_airway,-0.004010808528360406
Dividing_AT2,Muscle_pericyte_airway,-0.26352047033193393
Dividing_AT2,Muscle_pericyte_parenchyma,0.30823951062925287
Dividing_AT2,Muscle_perivascular_immune_recruiting,-0.21894602692335274
Dividing_AT2,Muscle_smooth_pulmonary,0.04356129970099047
Dividing_AT2,Muscle_smooth_syst_arterial,0.037331023712036095
Dividing_AT2,Myoepithelial,-0.04552465360067983
Dividing_AT2,NAF_endoneurial,0.09610997638229705
Dividing_AT2,NAF_perineurial,0.03939845378672531
Dividing_AT2,NK_CD16hi,0.2743775391132326
Dividing_AT2,NKT,0.2637785145631895
Dividing_AT2,NK_CD11d,0.26740847945142876
Dividing_AT2,NK_CD56bright,0.2925913634843826
Dividing_AT2,Neuroendocrine,0.07200133464410807
Dividing_AT2,SMG_Basal,-0.07258019588616599
Dividing_AT2,SMG_Duct,-0.1338534116582957
Dividing_AT2,SMG_Mucous,0.019591068274312964
Dividing_AT2,SMG_Serous,-0.12304299897368577
Dividing_AT2,Schwann_Myelinating,0.07556786343815289
Dividing_AT2,Schwann_nonmyelinating,0.2657939065221841
Dividing_AT2,Secretory_Club,0.19029270137383955
Dividing_AT2,Secretory_Goblet,0.218542720054303
Dividing_AT2,Suprabasal,0.053771159663942726
Dividing_AT2,T_reg,0.29913739586044813
Dividing_AT2,gdT,0.2794894938654675
Dividing_Basal,Dividing_Basal,0.0410310433315008
Dividing_Basal,Endothelia_Lymphatic,-0.00028662315226959695
Dividing_Basal,Endothelia_vascular_Cap_a,0.07570365779309744
Dividing_Basal,Endothelia_vascular_Cap_g,0.07402701584994748
Dividing_Basal,Endothelia_vascular_arterial_pulmonary,0.02752460067170726
Dividing_Basal,Endothelia_vascular_arterial_systemic,-0.012040838419623726
Dividing_Basal,Endothelia_vascular_venous_pulmonary,0.00891773793580821
Dividing_Basal,Endothelia_vascular_venous_systemic,-0.0473219512461503
Dividing_Basal,Erythrocyte,0.07665584142597794
Dividing_Basal,Fibro_adventitial,0.0035447304156128305
Dividing_Basal,Fibro_alveolar,0.07118195747960615
Dividing_Basal,Fibro_immune_recruiting,0.031700832908321895
Dividing_Basal,Fibro_myofibroblast,0.0009452043483777942
Dividing_Basal,Fibro_peribronchial,0.008248936233486938
Dividing_Basal,Fibro_perichondrial,-0.03762315593690741
Dividing_Basal,ILC,0.09367455976850729
Dividing_Basal,Ionocyte_n_Brush,0.03828631429696369
Dividing_Basal,MAIT,0.08927904863399685
Dividing_Basal,Macro_CHIT1,0.07708637747831236
Dividing_Basal,Macro_interstitial,0.0944268475704513
Dividing_Basal,Macro_AW_CX3CR1,0.10568686005092434
Dividing_Basal,Macro_alveolar_metallothioneins,0.10265974459866585
Dividing_Basal,Macro_alv,0.0713423789180172
Dividing_Basal,Macro_dividing,0.08601617183901468
Dividing_Basal,Macro_int,0.1078969626309103
Dividing_Basal,Macro_CCL,0.0924132567594081
Dividing_Basal,Mast_cell,0.09237156577809824
Dividing_Basal,Megakaryocyte,0.06817160076430023
Dividing_Basal,Mesothelia,0.039880825024789006
Dividing_Basal,Macrophage_intermediate,0.10351718561426695
Dividing_Basal,Monocyte_CD14,0.09202703975665698
Dividing_Basal,Monocyte_CD16,0.10223842599454547
Dividing_Basal,Muscle_airway,-0.04931753547892898
Dividing_Basal,Muscle_pericyte_airway,-0.01066618392248873
Dividing_Basal,Muscle_pericyte_parenchyma,0.07655697287514114
Dividing_Basal,Muscle_perivascular_immune_recruiting,0.03129721820869595
Dividing_Basal,Muscle_smooth_pulmonary,-0.03482535500598594
Dividing_Basal,Muscle_smooth_syst_arterial,-0.033657443902734015
Dividing_Basal,Myoepithelial,0.06310640465990258
Dividing_Basal,NAF_endoneurial,-0.0038733331097558455
Dividing_Basal,NAF_perineurial,-0.045470591556704035
Dividing_Basal,NK_CD16hi,0.09590974187410166
Dividing_Basal,NKT,0.0953313665349435
Dividing_Basal,NK_CD11d,0.09689841045724944
Dividing_Basal,NK_CD56bright,0.08748164088850913
Dividing_Basal,Neuroendocrine,0.06920029640981512
Dividing_Basal,SMG_Basal,0.004301361141028401
Dividing_Basal,SMG_Duct,0.05583409351207945
Dividing_Basal,SMG_Mucous,0.1133261601892612
Dividing_Basal,SMG_Serous,0.04521525896458694
Dividing_Basal,Schwann_Myelinating,0.0751287388170786
Dividing_Basal,Schwann_nonmyelinating,0.060096049879580976
Dividing_Basal,Secretory_Club,0.06752481669501352
Dividing_Basal,Secretory_Goblet,0.06568595280857342
Dividing_Basal,Suprabasal,0.008190494789267201
Dividing_Basal,T_reg,0.08933688147010259
Dividing_Basal,gdT,0.09265196448749732
Endothelia_Lymphatic,Endothelia_Lymphatic,0.188809571115552
Endothelia_Lymphatic,Endothelia_vascular_Cap_a,-0.22216083157323238
Endothelia_Lymphatic,Endothelia_vascular_Cap_g,-0.2222609663592352
Endothelia_Lymphatic,Endothelia_vascular_arterial_pulmonary,-0.1841133410374232
Endothelia_Lymphatic,Endothelia_vascular_arterial_systemic,-0.10297915244994198
Endothelia_Lymphatic,Endothelia_vascular_venous_pulmonary,0.05520312566067871
Endothelia_Lymphatic,Endothelia_vascular_venous_systemic,0.22063352087801283
Endothelia_Lymphatic,Erythrocyte,-0.22087498377747197
Endothelia_Lymphatic,Fibro_adventitial,0.2004501852278142
Endothelia_Lymphatic,Fibro_alveolar,-0.22614840180135293
Endothelia_Lymphatic,Fibro_immune_recruiting,0.1914054359126774
Endothelia_Lymphatic,Fibro_myofibroblast,0.18667122371359193
Endothelia_Lymphatic,Fibro_peribronchial,-0.017824029926987665
Endothelia_Lymphatic,Fibro_perichondrial,-0.01741359561014748
Endothelia_Lymphatic,ILC,-0.16062041004283642
Endothelia_Lymphatic,Ionocyte_n_Brush,-0.09807650616301737
Endothelia_Lymphatic,MAIT,-0.18961042191462488
Endothelia_Lymphatic,Macro_CHIT1,-0.17080851047959145
Endothelia_Lymphatic,Macro_interstitial,-0.17563223858960178
Endothelia_Lymphatic,Macro_AW_CX3CR1,-0.07447805524123491
Endothelia_Lymphatic,Macro_alveolar_metallothioneins,0.031227198407230657
Endothelia_Lymphatic,Macro_alv,-0.20058500864283255
Endothelia_Lymphatic,Macro_dividing,-0.19972806332301707
Endothelia_Lymphatic,Macro_int,-0.006656690356221524
Endothelia_Lymphatic,Macro_CCL,-0.18112183586108987
Endothelia_Lymphatic,Mast_cell,-0.14092112485182032
Endothelia_Lymphatic,Megakaryocyte,-0.133852837802018
Endothelia_Lymphatic,Mesothelia,0.20116244622355436
Endothelia_Lymphatic,Macrophage_intermediate,-0.057777028493460364
Endothelia_Lymphatic,Monocyte_CD14,-0.1602571871753977
Endothelia_Lymphatic,Monocyte_CD16,-0.10814741724008972
Endothelia_Lymphatic,Muscle_airway,-0.038836193349161274
Endothelia_Lymphatic,Muscle_pericyte_airway,0.21806161827461995
Endothelia_Lymphatic,Muscle_pericyte_parenchyma,-0.2066008336789184
Endothelia_Lymphatic,Muscle_perivascular_immune_recruiting,0.2001100507780694
Endothelia_Lymphatic,Muscle_smooth_pulmonary,-0.06897768103547046
Endothelia_Lymphatic,Muscle_smooth_syst_arterial,-0.06919003627896379
Endothelia_Lymphatic,Myoepithelial,0.06047784703737944
Endothelia_Lymphatic,NAF_endoneurial,-0.08792029614784373
Endothelia_Lymphatic,NAF_perineurial,-0.07364730469825848
Endothelia_Lymphatic,NK_CD16hi,-0.16289649720399219
Endothelia_Lymphatic,NKT,-0.15409809291438512
Endothelia_Lymphatic,NK_CD11d,-0.15342267478448254
Endothelia_Lymphatic,NK_CD56bright,-0.1796219126561005
Endothelia_Lymphatic,Neuroendocrine,-0.01667400272206769
Endothelia_Lymphatic,SMG_Basal,0.07016493366169393
Endothelia_Lymphatic,SMG_Duct,0.13908382301301214
Endothelia_Lymphatic,SMG_Mucous,0.07096546334982541
Endothelia_Lymphatic,SMG_Serous,0.11027007076808319
Endothelia_Lymphatic,Schwann_Myelinating,-0.024834257574465828
Endothelia_Lymphatic,Schwann_nonmyelinating,-0.17547101116449743
Endothelia_Lymphatic,Secretory_Club,-0.08507456665022782
Endothelia_Lymphatic,Secretory_Goblet,-0.11087176129513729
Endothelia_Lymphatic,Suprabasal,-0.020703732644969376
Endothelia_Lymphatic,T_reg,-0.1858072429900918
Endothelia_Lymphatic,gdT,-0.1703944454795038
Endothelia_vascular_Cap_a,Endothelia_vascular_Cap_a,0.3502402044976103
Endothelia_vascular_Cap_a,Endothelia_vascular_Cap_g,0.344550198500787
Endothelia_vascular_Cap_a,Endothelia_vascular_arterial_pulmonary,0.22315244770868797
Endothelia_vascular_Cap_a,Endothelia_vascular_arterial_systemic,0.07699508062277595
Endothelia_vascular_Cap_a,Endothelia_vascular_venous_pulmonary,-0.0825516200699869
Endothelia_vascular_Cap_a,Endothelia_vascular_venous_systemic,-0.3381082050646305
Endothelia_vascular_Cap_a,Erythrocyte,0.3350162462050387
Endothelia_vascular_Cap_a,Fibro_adventitial,-0.23660776739486022
Endothelia_vascular_Cap_a,Fibro_alveolar,0.35680185849118823
Endothelia_vascular_Cap_a,Fibro_immune_recruiting,-0.20245832964258953
Endothelia_vascular_Cap_a,Fibro_myofibroblast,-0.20523642544780887
Endothelia_vascular_Cap_a,Fibro_peribronchial,0.04206381119618801
Endothelia_vascular_Cap_a,Fibro_perichondrial,-0.07359044676701516
Endothelia_vascular_Cap_a,ILC,0.28692039828984456
Endothelia_vascular_Cap_a,Ionocyte_n_Brush,0.18359784422008169
Endothelia_vascular_Cap_a,MAIT,0.31854758350562085
Endothelia_vascular_Cap_a,Macro_CHIT1,0.2876347033624237
Endothelia_vascular_Cap_a,Macro_interstitial,0.30354769321640707
Endothelia_vascular_Cap_a,Macro_AW_CX3CR1,0.208813310849897
Endothelia_vascular_Cap_a,Macro_alveolar_metallothioneins,0.07027505233962403
Endothelia_vascular_Cap_a,Macro_alv,0.31543517366489143
Endothelia_vascular_Cap_a,Macro_dividing,0.32348665065868687
Endothelia_vascular_Cap_a,Macro_int,0.13572594693309317
Endothelia_vascular_Cap_a,Macro_CCL,0.3065543219125254
Endothelia_vascular_Cap_a,Mast_cell,0.29307324713342164
Endothelia_vascular_Cap_a,Megakaryocyte,0.2127190360819853
Endothelia_vascular_Cap_a,Mesothelia,-0.20038605442559526
Endothelia_vascular_Cap_a,Macrophage_intermediate,0.17431839678056663
Endothelia_vascular_Cap_a,Monocyte_CD14,0.2921260768803023
Endothelia_vascular_Cap_a,Monocyte_CD16,0.23435012130079433
Endothelia_vascular_Cap_a,Muscle_airway,-0.019022519256914044
Endothelia_vascular_Cap_a,Muscle_pericyte_airway,-0.27272937978878387
Endothelia_vascular_Cap_a,Muscle_pericyte_parenchyma,0.32350146644419886
Endothelia_vascular_Cap_a,Muscle_perivascular_immune_recruiting,-0.22400921038892513
Endothelia_vascular_Cap_a,Muscle_smooth_pulmonary,0.031161991702710178
Endothelia_vascular_Cap_a,Muscle_smooth_syst_arterial,0.024417970016269237
Endothelia_vascular_Cap_a,Myoepithelial,-0.04379234717945454
Endothelia_vascular_Cap_a,NAF_endoneurial,0.08828765592518371
Endothelia_vascular_Cap_a,NAF_perineurial,0.026324817289551307
Endothelia_vascular_Cap_a,NK_CD16hi,0.2922345524747476
Endothelia_vascular_Cap_a,NKT,0.28029491108424115
Endothelia_vascular_Cap_a,NK_CD11d,0.2860953275292373
Endothelia_vascular_Cap_a,NK_CD56bright,0.3114201191754015
Endothelia_vascular_Cap_a,Neuroendocrine,0.08188402036748588
Endothelia_vascular_Cap_a,SMG_Basal,-0.07449503408957019
Endothelia_vascular_Cap_a,SMG_Duct,-0.13011835889304424
Endothelia_vascular_Cap_a,SMG_Mucous,0.029420879059427175
Endothelia_vascular_Cap_a,SMG_Serous,-0.11923017597841773
Endothelia_vascular_Cap_a,Schwann_Myelinating,0.0834887454929158
Endothelia_vascular_Cap_a,Schwann_nonmyelinating,0.27502406902806387
Endothelia_vascular_Cap_a,Secretory_Club,0.21205922362083413
Endothelia_vascular_Cap_a,Secretory_Goblet,0.23540521556420155
Endothelia_vascular_Cap_a,Suprabasal,0.05724763356862936
Endothelia_vascular_Cap_a,T_reg,0.31648543121660916
Endothelia_vascular_Cap_a,gdT,0.2964453125303306
Endothelia_vascular_Cap_g,Endothelia_vascular_Cap_g,0.3393726624365009
Endothelia_vascular_Cap_g,Endothelia_vascular_arterial_pulmonary,0.22017303212184455
Endothelia_vascular_Cap_g,Endothelia_vascular_arterial_systemic,0.0758256329646205
Endothelia_vascular_Cap_g,Endothelia_vascular_venous_pulmonary,-0.08435031275083849
Endothelia_vascular_Cap_g,Endothelia_vascular_venous_systemic,-0.33461291019129014
Endothelia_vascular_Cap_g,Erythrocyte,0.32974372218401066
Endothelia_vascular_Cap_g,Fibro_adventitial,-0.23676197213274924
Endothelia_vascular_Cap_g,Fibro_alveolar,0.3512300713737562
Endothelia_vascular_Cap_g,Fibro_immune_recruiting,-0.203597647791149
Endothelia_vascular_Cap_g,Fibro_myofibroblast,-0.20561538387885733
Endothelia_vascular_Cap_g,Fibro_peribronchial,0.03882239677846242
Endothelia_vascular_Cap_g,Fibro_perichondrial,-0.07186791925481893
Endothelia_vascular_Cap_g,ILC,0.28079066209633585
Endothelia_vascular_Cap_g,Ionocyte_n_Brush,0.18212303828762946
Endothelia_vascular_Cap_g,MAIT,0.3126152159237823
Endothelia_vascular_Cap_g,Macro_CHIT1,0.28320521797845183
Endothelia_vascular_Cap_g,Macro_interstitial,0.2977973936438318
Endothelia_vascular_Cap_g,Macro_AW_CX3CR1,0.20273254364960952
Endothelia_vascular_Cap_g,Macro_alveolar_metallothioneins,0.06437244035983693
Endothelia_vascular_Cap_g,Macro_alv,0.31081181305808586
Endothelia_vascular_Cap_g,Macro_dividing,0.3181271466193153
Endothelia_vascular_Cap_g,Macro_int,0.12959846310944345
Endothelia_vascular_Cap_g,Macro_CCL,0.30078079197765206
Endothelia_vascular_Cap_g,Mast_cell,0.2861049759185474
Endothelia_vascular_Cap_g,Megakaryocyte,0.20874047085598577
Endothelia_vascular_Cap_g,Mesothelia,-0.2018689118841891
Endothelia_vascular_Cap_g,Macrophage_intermediate,0.16809952647546778
Endothelia_vascular_Cap_g,Monocyte_CD14,0.28596103575729526
Endothelia_vascular_Cap_g,Monocyte_CD16,0.22798798531149606
Endothelia_vascular_Cap_g,Muscle_airway,-0.018799801801241932
Endothelia_vascular_Cap_g,Muscle_pericyte_airway,-0.2718973343509874
Endothelia_vascular_Cap_g,Muscle_pericyte_parenchyma,0.31809944061722817
Endothelia_vascular_Cap_g,Muscle_perivascular_immune_recruiting,-0.22508085635005873
Endothelia_vascular_Cap_g,Muscle_smooth_pulmonary,0.030428969752966446
Endothelia_vascular_Cap_g,Muscle_smooth_syst_arterial,0.024182868715953373
Endothelia_vascular_Cap_g,Myoepithelial,-0.047222538574310864
Endothelia_vascular_Cap_g,NAF_endoneurial,0.08585505119709141
Endothelia_vascular_Cap_g,NAF_perineurial,0.02608946117414244
Endothelia_vascular_Cap_g,NK_CD16hi,0.28621674540654624
Endothelia_vascular_Cap_g,NKT,0.2740866408652763
Endothelia_vascular_Cap_g,NK_CD11d,0.28025020279253315
Endothelia_vascular_Cap_g,NK_CD56bright,0.3061019206096272
Endothelia_vascular_Cap_g,Neuroendocrine,0.07773199980516764
Endothelia_vascular_Cap_g,SMG_Basal,-0.07434411765240521
Endothelia_vascular_Cap_g,SMG_Duct,-0.13206173278806835
Endothelia_vascular_Cap_g,SMG_Mucous,0.024189252510315784
Endothelia_vascular_Cap_g,SMG_Serous,-0.1209125409964824
Endothelia_vascular_Cap_g,Schwann_Myelinating,0.0788799844641127
Endothelia_vascular_Cap_g,Schwann_nonmyelinating,0.2693425401120273
Endothelia_vascular_Cap_g,Secretory_Club,0.20815736860240924
Endothelia_vascular_Cap_g,Secretory_Goblet,0.23230615461209714
Endothelia_vascular_Cap_g,Suprabasal,0.05792289799470847
Endothelia_vascular_Cap_g,T_reg,0.31064012807994346
Endothelia_vascular_Cap_g,gdT,0.2903045178492104
Endothelia_vascular_arterial_pulmonary,Endothelia_vascular_arterial_pulmonary,0.11788165611559745
Endothelia_vascular_arterial_pulmonary,Endothelia_vascular_arterial_systemic,0.02166828996698866
Endothelia_vascular_arterial_pulmonary,Endothelia_vascular_venous_pulmonary,-0.083942677057018
Endothelia_vascular_arterial_pulmonary,Endothelia_vascular_venous_systemic,-0.21784823401268671
Endothelia_vascular_arterial_pulmonary,Erythrocyte,0.20023712615998812
Endothelia_vascular_arterial_pulmonary,Fibro_adventitial,-0.1529616583885602
Endothelia_vascular_arterial_pulmonary,Fibro_alveolar,0.20350992042280724
Endothelia_vascular_arterial_pulmonary,Fibro_immune_recruiting,-0.13125071799701074
Endothelia_vascular_arterial_pulmonary,Fibro_myofibroblast,-0.14467415078762433
Endothelia_vascular_arterial_pulmonary,Fibro_peribronchial,-0.02134474089310803
Endothelia_vascular_arterial_pulmonary,Fibro_perichondrial,-0.036493426952688875
Endothelia_vascular_arterial_pulmonary,ILC,0.16419445914649175
Endothelia_vascular_arterial_pulmonary,Ionocyte_n_Brush,0.11849553116328723
Endothelia_vascular_arterial_pulmonary,MAIT,0.18567009389561487
Endothelia_vascular_arterial_pulmonary,Macro_CHIT1,0.17617726891543592
Endothelia_vascular_arterial_pulmonary,Macro_interstitial,0.18008007587407424
Endothelia_vascular_arterial_pulmonary,Macro_AW_CX3CR1,0.12236201446262836
Endothelia_vascular_arterial_pulmonary,Macro_alveolar_metallothioneins,0.025281264335822402
Endothelia_vascular_arterial_pulmonary,Macro_alv,0.18602037464443086
Endothelia_vascular_arterial_pulmonary,Macro_dividing,0.19353017480194407
Endothelia_vascular_arterial_pulmonary,Macro_int,0.07398359246709152
Endothelia_vascular_arterial_pulmonary,Macro_CCL,0.1826223421923957
Endothelia_vascular_arterial_pulmonary,Mast_cell,0.14969152161730506
Endothelia_vascular_arterial_pulmonary,Megakaryocyte,0.12476365543320612
Endothelia_vascular_arterial_pulmonary,Mesothelia,-0.1267181534376399
Endothelia_vascular_arterial_pulmonary,Macrophage_intermediate,0.09470823635200412
Endothelia_vascular_arterial_pulmonary,Monocyte_CD14,0.16664683708510572
Endothelia_vascular_arterial_pulmonary,Monocyte_CD16,0.13037584227889712
Endothelia_vascular_arterial_pulmonary,Muscle_airway,-0.0442797695250361
Endothelia_vascular_arterial_pulmonary,Muscle_pericyte_airway,-0.1790140892146727
Endothelia_vascular_arterial_pulmonary,Muscle_pericyte_parenchyma,0.18554948092135365
Endothelia_vascular_arterial_pulmonary,Muscle_perivascular_immune_recruiting,-0.1483834476732402
Endothelia_vascular_arterial_pulmonary,Muscle_smooth_pulmonary,-0.013986583470360801
Endothelia_vascular_arterial_pulmonary,Muscle_smooth_syst_arterial,-0.011259807218158004
Endothelia_vascular_arterial_pulmonary,Myoepithelial,-0.029624922379223758
Endothelia_vascular_arterial_pulmonary,NAF_endoneurial,0.020323313901793868
Endothelia_vascular_arterial_pulmonary,NAF_perineurial,-0.012901993605644837
Endothelia_vascular_arterial_pulmonary,NK_CD16hi,0.16974765507896222
Endothelia_vascular_arterial_pulmonary,NKT,0.15917347174254698
Endothelia_vascular_arterial_pulmonary,NK_CD11d,0.16761953883974254
Endothelia_vascular_arterial_pulmonary,NK_CD56bright,0.1864711825356988
Endothelia_vascular_arterial_pulmonary,Neuroendocrine,0.03860843053467233
Endothelia_vascular_arterial_pulmonary,SMG_Basal,-0.040129404497872424
Endothelia_vascular_arterial_pulmonary,SMG_Duct,-0.0719942663246515
Endothelia_vascular_arterial_pulmonary,SMG_Mucous,0.012209673435809289
Endothelia_vascular_arterial_pulmonary,SMG_Serous,-0.06260824441603116
Endothelia_vascular_arterial_pulmonary,Schwann_Myelinating,0.03481460264745703
Endothelia_vascular_arterial_pulmonary,Schwann_nonmyelinating,0.1370684546383766
Endothelia_vascular_arterial_pulmonary,Secretory_Club,0.13663516759519798
Endothelia_vascular_arterial_pulmonary,Secretory_Goblet,0.14330348057916587
Endothelia_vascular_arterial_pulmonary,Suprabasal,0.04078602302863785
Endothelia_vascular_arterial_pulmonary,T_reg,0.183704290381636
Endothelia_vascular_arterial_pulmonary,gdT,0.1704860167413564
Endothelia_vascular_arterial_systemic,Endothelia_vascular_arterial_systemic,-0.030743415745080174
Endothelia_vascular_arterial_systemic,Endothelia_vascular_venous_pulmonary,-0.06051297089118497
Endothelia_vascular_arterial_systemic,Endothelia_vascular_venous_systemic,-0.07270728640113228
Endothelia_vascular_arterial_systemic,Erythrocyte,0.045749557566272525
Endothelia_vascular_arterial_systemic,Fibro_adventitial,-0.04495817346149109
Endothelia_vascular_arterial_systemic,Fibro_alveolar,0.03850525737535039
Endothelia_vascular_arterial_systemic,Fibro_immune_recruiting,-0.04376237940971959
Endothelia_vascular_arterial_systemic,Fibro_myofibroblast,-0.05576899305914175
Endothelia_vascular_arterial_systemic,Fibro_peribronchial,-0.053661895203874835
Endothelia_vascular_arterial_systemic,Fibro_perichondrial,-0.0036732506029936145
Endothelia_vascular_arterial_systemic,ILC,0.02653793307159226
Endothelia_vascular_arterial_systemic,Ionocyte_n_Brush,0.02542067497371496
Endothelia_vascular_arterial_systemic,MAIT,0.0358521330254138
Endothelia_vascular_arterial_systemic,Macro_CHIT1,0.043019843431522146
Endothelia_vascular_arterial_systemic,Macro_interstitial,0.03765774548178188
Endothelia_vascular_arterial_systemic,Macro_AW_CX3CR1,0.01979854228232971
Endothelia_vascular_arterial_systemic,Macro_alveolar_metallothioneins,-0.013392893000100721
Endothelia_vascular_arterial_systemic,Macro_alv,0.04031172641510399
Endothelia_vascular_arterial_systemic,Macro_dividing,0.04422576890698779
Endothelia_vascular_arterial_systemic,Macro_int,0.009334967088323346
Endothelia_vascular_arterial_systemic,Macro_CCL,0.03947439935200633
Endothelia_vascular_arterial_systemic,Mast_cell,0.005381131696222821
Endothelia_vascular_arterial_systemic,Megakaryocyte,0.014723990778167441
Endothelia_vascular_arterial_systemic,Mesothelia,-0.03595214969516028
Endothelia_vascular_arterial_systemic,Macrophage_intermediate,0.009505044108452957
Endothelia_vascular_arterial_systemic,Monocyte_CD14,0.031239055473572915
Endothelia_vascular_arterial_systemic,Monocyte_CD16,0.017246233054873782
Endothelia_vascular_arterial_systemic,Muscle_airway,-0.039369724439936
Endothelia_vascular_arterial_systemic,Muscle_pericyte_airway,-0.05796559338549578
Endothelia_vascular_arterial_systemic,Muscle_pericyte_parenchyma,0.034248367136175434
Endothelia_vascular_arterial_systemic,Muscle_perivascular_immune_recruiting,-0.053196576838210614
Endothelia_vascular_arterial_systemic,Muscle_smooth_pulmonary,-0.03117147642113774
Endothelia_vascular_arterial_systemic,Muscle_smooth_syst_arterial,-0.02396449966058998
Endothelia_vascular_arterial_systemic,Myoepithelial,-0.009448118047811007
Endothelia_vascular_arterial_systemic,NAF_endoneurial,-0.025008084698489932
Endothelia_vascular_arterial_systemic,NAF_perineurial,-0.026837189499018428
Endothelia_vascular_arterial_systemic,NK_CD16hi,0.029711405641624722
Endothelia_vascular_arterial_systemic,NKT,0.026291701651470847
Endothelia_vascular_arterial_systemic,NK_CD11d,0.02854115655155459
Endothelia_vascular_arterial_systemic,NK_CD56bright,0.036120458894042556
Endothelia_vascular_arterial_systemic,Neuroendocrine,-0.012264028973042488
Endothelia_vascular_arterial_systemic,SMG_Basal,-0.011247114805558367
Endothelia_vascular_arterial_systemic,SMG_Duct,-0.0145496562898087
Endothelia_vascular_arterial_systemic,SMG_Mucous,-0.008361772058399858
Endothelia_vascular_arterial_systemic,SMG_Serous,-0.008516471838585447
Endothelia_vascular_arterial_systemic,Schwann_Myelinating,-0.01658073558065214
Endothelia_vascular_arterial_systemic,Schwann_nonmyelinating,-0.003354450689735423
Endothelia_vascular_arterial_systemic,Secretory_Club,0.030114869388443655
Endothelia_vascular_arterial_systemic,Secretory_Goblet,0.020706061199201927
Endothelia_vascular_arterial_systemic,Suprabasal,0.006538984374911625
Endothelia_vascular_arterial_systemic,T_reg,0.03259449239726399
Endothelia_vascular_arterial_systemic,gdT,0.02965507981358624
Endothelia_vascular_venous_pulmonary,Endothelia_vascular_venous_pulmonary,-0.015944984780005497
Endothelia_vascular_venous_pulmonary,Endothelia_vascular_venous_systemic,0.07244638002018537
Endothelia_vascular_venous_pulmonary,Erythrocyte,-0.1014068386560115
Endothelia_vascular_venous_pulmonary,Fibro_adventitial,0.07459486348724688
Endothelia_vascular_venous_pulmonary,Fibro_alveolar,-0.10276428995428745
Endothelia_vascular_venous_pulmonary,Fibro_immune_recruiting,0.06967894524806996
Endothelia_vascular_venous_pulmonary,Fibro_myofibroblast,0.06926239473740835
Endothelia_vascular_venous_pulmonary,Fibro_peribronchial,-0.03929103599083389
Endothelia_vascular_venous_pulmonary,Fibro_perichondrial,-0.028550413779028363
Endothelia_vascular_venous_pulmonary,ILC,-0.0792759417021781
Endothelia_vascular_venous_pulmonary,Ionocyte_n_Brush,-0.022904664458033484
Endothelia_vascular_venous_pulmonary,MAIT,-0.08905878207946531
Endothelia_vascular_venous_pulmonary,Macro_CHIT1,-0.07138702469849373
Endothelia_vascular_venous_pulmonary,Macro_interstitial,-0.08168094419676604
Endothelia_vascular_venous_pulmonary,Macro_AW_CX3CR1,-0.03578865847863165
Endothelia_vascular_venous_pulmonary,Macro_alveolar_metallothioneins,-0.0017055173920626522
Endothelia_vascular_venous_pulmonary,Macro_alv,-0.08665848651229248
Endothelia_vascular_venous_pulmonary,Macro_dividing,-0.08918321003844198
Endothelia_vascular_venous_pulmonary,Macro_int,-0.00873761062688624
Endothelia_vascular_venous_pulmonary,Macro_CCL,-0.08451860033075939
Endothelia_vascular_venous_pulmonary,Mast_cell,-0.072577498847604
Endothelia_vascular_venous_pulmonary,Megakaryocyte,-0.06734558959680194
Endothelia_vascular_venous_pulmonary,Mesothelia,0.0769994489918006
Endothelia_vascular_venous_pulmonary,Macrophage_intermediate,-0.03829371107033968
Endothelia_vascular_venous_pulmonary,Monocyte_CD14,-0.0775842589048417
Endothelia_vascular_venous_pulmonary,Monocyte_CD16,-0.0586906046966519
Endothelia_vascular_venous_pulmonary,Muscle_airway,-0.04294984548490055
Endothelia_vascular_venous_pulmonary,Muscle_pericyte_airway,0.07897252936737967
Endothelia_vascular_venous_pulmonary,Muscle_pericyte_parenchyma,-0.09749918251177087
Endothelia_vascular_venous_pulmonary,Muscle_perivascular_immune_recruiting,0.0667969792779108
Endothelia_vascular_venous_pulmonary,Muscle_smooth_pulmonary,-0.056469314236641685
Endothelia_vascular_venous_pulmonary,Muscle_smooth_syst_arterial,-0.05274268877439034
Endothelia_vascular_venous_pulmonary,Myoepithelial,0.004587927524255946
Endothelia_vascular_venous_pulmonary,NAF_endoneurial,-0.06528778787305689
Endothelia_vascular_venous_pulmonary,NAF_perineurial,-0.05713170498874847
Endothelia_vascular_venous_pulmonary,NK_CD16hi,-0.07764742879207488
Endothelia_vascular_venous_pulmonary,NKT,-0.07720253103779741
Endothelia_vascular_venous_pulmonary,NK_CD11d,-0.07043723473735138
Endothelia_vascular_venous_pulmonary,NK_CD56bright,-0.07721332754016372
Endothelia_vascular_venous_pulmonary,Neuroendocrine,-0.022042639528674055
Endothelia_vascular_venous_pulmonary,SMG_Basal,0.031621887990308836
Endothelia_vascular_venous_pulmonary,SMG_Duct,0.05164098477073003
Endothelia_vascular_venous_pulmonary,SMG_Mucous,0.02368041001745916
Endothelia_vascular_venous_pulmonary,SMG_Serous,0.033985767674046305
Endothelia_vascular_venous_pulmonary,Schwann_Myelinating,-0.031171024298874504
Endothelia_vascular_venous_pulmonary,Schwann_nonmyelinating,-0.0949311203875597
Endothelia_vascular_venous_pulmonary,Secretory_Club,-0.024185903919578255
Endothelia_vascular_venous_pulmonary,Secretory_Goblet,-0.028224914856179503
Endothelia_vascular_venous_pulmonary,Suprabasal,0.010238705003695553
Endothelia_vascular_venous_pulmonary,T_reg,-0.08618440338339982
Endothelia_vascular_venous_pulmonary,gdT,-0.08355936068757328
Endothelia_vascular_venous_systemic,Endothelia_vascular_venous_systemic,0.325086012660971
Endothelia_vascular_venous_systemic,Erythrocyte,-0.3384372352420367
Endothelia_vascular_venous_systemic,Fibro_adventitial,0.2467982168807994
Endothelia_vascular_venous_systemic,Fibro_alveolar,-0.3617798972206986
Endothelia_vascular_venous_systemic,Fibro_immune_recruiting,0.2232898351943623
Endothelia_vascular_venous_systemic,Fibro_myofibroblast,0.21611040463568237
Endothelia_vascular_venous_systemic,Fibro_peribronchial,-0.05921594465861273
Endothelia_vascular_venous_systemic,Fibro_perichondrial,0.038876413407649864
Endothelia_vascular_venous_systemic,ILC,-0.2793955206392392
Endothelia_vascular_venous_systemic,Ionocyte_n_Brush,-0.15443739024490435
Endothelia_vascular_venous_systemic,MAIT,-0.3148037918325416
Endothelia_vascular_venous_systemic,Macro_CHIT1,-0.276864466364503
Endothelia_vascular_venous_systemic,Macro_interstitial,-0.2943188438875014
Endothelia_vascular_venous_systemic,Macro_AW_CX3CR1,-0.18025418350017142
Endothelia_vascular_venous_systemic,Macro_alveolar_metallothioneins,-0.041603161946428525
Endothelia_vascular_venous_systemic,Macro_alv,-0.30870896661910063
Endothelia_vascular_venous_systemic,Macro_dividing,-0.31584901999308435
Endothelia_vascular_venous_systemic,Macro_int,-0.10435874787449503
Endothelia_vascular_venous_systemic,Macro_CCL,-0.3000080738026949
Endothelia_vascular_venous_systemic,Mast_cell,-0.2819069585288124
Endothelia_vascular_venous_systemic,Megakaryocyte,-0.20790822998163228
Endothelia_vascular_venous_systemic,Mesothelia,0.2283582675991884
Endothelia_vascular_venous_systemic,Macrophage_intermediate,-0.15543172631563715
Endothelia_vascular_venous_systemic,Monocyte_CD14,-0.2862132705005396
Endothelia_vascular_venous_systemic,Monocyte_CD16,-0.22069166921492225
Endothelia_vascular_venous_systemic,Muscle_airway,-0.01875856914124855
Endothelia_vascular_venous_systemic,Muscle_pericyte_airway,0.2779535460402447
Endothelia_vascular_venous_systemic,Muscle_pericyte_parenchyma,-0.3284320817043239
Endothelia_vascular_venous_systemic,Muscle_perivascular_immune_recruiting,0.24141387283974272
Endothelia_vascular_venous_systemic,Muscle_smooth_pulmonary,-0.06743775009956646
Endothelia_vascular_venous_systemic,Muscle_smooth_syst_arterial,-0.05717952708409253
Endothelia_vascular_venous_systemic,Myoepithelial,0.05764145693174578
Endothelia_vascular_venous_systemic,NAF_endoneurial,-0.11463671990480505
Endothelia_vascular_venous_systemic,NAF_perineurial,-0.06761000120225957
Endothelia_vascular_venous_systemic,NK_CD16hi,-0.28156552050036876
Endothelia_vascular_venous_systemic,NKT,-0.27366057559619883
Endothelia_vascular_venous_systemic,NK_CD11d,-0.2697327098335325
Endothelia_vascular_venous_systemic,NK_CD56bright,-0.2971239721059903
Endothelia_vascular_venous_systemic,Neuroendocrine,-0.06584607746463075
Endothelia_vascular_venous_systemic,SMG_Basal,0.09938564537164438
Endothelia_vascular_venous_systemic,SMG_Duct,0.16085084577788414
Endothelia_vascular_venous_systemic,SMG_Mucous,0.026808210988942434
Endothelia_vascular_venous_systemic,SMG_Serous,0.13423769086197532
Endothelia_vascular_venous_systemic,Schwann_Myelinating,-0.07229166670904329
Endothelia_vascular_venous_systemic,Schwann_nonmyelinating,-0.2824358659192032
Endothelia_vascular_venous_systemic,Secretory_Club,-0.17765191694506724
Endothelia_vascular_venous_systemic,Secretory_Goblet,-0.19663136289225355
Endothelia_vascular_venous_systemic,Suprabasal,-0.02956613011757572
Endothelia_vascular_venous_systemic,T_reg,-0.3092262368357325
Endothelia_vascular_venous_systemic,gdT,-0.29099138401814195
Erythrocyte,Erythrocyte,0.32113657428355485
Erythrocyte,Fibro_adventitial,-0.24171218083984478
Erythrocyte,Fibro_alveolar,0.34522065657997
Erythrocyte,Fibro_immune_recruiting,-0.21382306221390196
Erythrocyte,Fibro_myofibroblast,-0.20802801930336054
Erythrocyte,Fibro_peribronchial,0.043612560173248834
Erythrocyte,Fibro_perichondrial,-0.06430197950721947
Erythrocyte,ILC,0.26845399947044957
Erythrocyte,Ionocyte_n_Brush,0.1814042533571672
Erythrocyte,MAIT,0.3014709207917783
Erythrocyte,Macro_CHIT1,0.27353147203343753
Erythrocyte,Macro_interstitial,0.2859330282716164
Erythrocyte,Macro_AW_CX3CR1,0.1862957975293339
Erythrocyte,Macro_alveolar_metallothioneins,0.04820358194638065
Erythrocyte,Macro_alv,0.30559970226798366
Erythrocyte,Macro_dividing,0.30945333656647195
Erythrocyte,Macro_int,0.11267415615035008
Erythrocyte,Macro_CCL,0.28857347811023043
Erythrocyte,Mast_cell,0.2769851100957386
Erythrocyte,Megakaryocyte,0.19990777697494785
Erythrocyte,Mesothelia,-0.2128845069481593
Erythrocyte,Macrophage_intermediate,0.15143570631120434
Erythrocyte,Monocyte_CD14,0.27468048600666667
Erythrocyte,Monocyte_CD16,0.21345572196253562
Erythrocyte,Muscle_airway,-0.0065340312101625116
Erythrocyte,Muscle_pericyte_airway,-0.2747041427063293
Erythrocyte,Muscle_pericyte_parenchyma,0.30979266990250764
Erythrocyte,Muscle_perivascular_immune_recruiting,-0.23441164340222467
Erythrocyte,Muscle_smooth_pulmonary,0.041135291858103544
Erythrocyte,Muscle_smooth_syst_arterial,0.03435446263408926
Erythrocyte,Myoepithelial,-0.061845253513687255
Erythrocyte,NAF_endoneurial,0.09207531556999622
Erythrocyte,NAF_perineurial,0.03881199424392885
Erythrocyte,NK_CD16hi,0.27359847256544667
Erythrocyte,NKT,0.26136377525516113
Erythrocyte,NK_CD11d,0.2675821069686625
Erythrocyte,NK_CD56bright,0.29576235613398605
Erythrocyte,Neuroendocrine,0.06485361040952317
Erythrocyte,SMG_Basal,-0.07131526875275311
Erythrocyte,SMG_Duct,-0.14610610593899204
Erythrocyte,SMG_Mucous,0.009547832506759913
Erythrocyte,SMG_Serous,-0.13612818857275005
Erythrocyte,Schwann_Myelinating,0.06543313133219637
Erythrocyte,Schwann_nonmyelinating,0.26594763437836966
Erythrocyte,Secretory_Club,0.2000120926330171
Erythrocyte,Secretory_Goblet,0.22681511057126427
Erythrocyte,Suprabasal,0.06225106088761163
Erythrocyte,T_reg,0.30021843788863584
Erythrocyte,gdT,0.27813557588815757
Fibro_adventitial,Fibro_adventitial,0.17237424931288206
Fibro_adventitial,Fibro_alveolar,-0.22802019147747446
Fibro_adventitial,Fibro_immune_recruiting,0.14537624451257636
Fibro_adventitial,Fibro_myofibroblast,0.16778412421023947
Fibro_adventitial,Fibro_peribronchial,0.011046856061316964
Fibro_adventitial,Fibro_perichondrial,0.004832005351238376
Fibro_adventitial,ILC,-0.18881241234801704
Fibro_adventitial,Ionocyte_n_Brush,-0.11378981322714868
Fibro_adventitial,MAIT,-0.21141733610179392
Fibro_adventitial,Macro_CHIT1,-0.1926001607569881
Fibro_adventitial,Macro_interstitial,-0.20292973511378848
Fibro_adventitial,Macro_AW_CX3CR1,-0.13059744238640703
Fibro_adventitial,Macro_alveolar_metallothioneins,-0.02301721212662101
Fibro_adventitial,Macro_alv,-0.20673039554752914
Fibro_adventitial,Macro_dividing,-0.21680401133731436
Fibro_adventitial,Macro_int,-0.06692484333145071
Fibro_adventitial,Macro_CCL,-0.2078812720041688
Fibro_adventitial,Mast_cell,-0.16004197554890587
Fibro_adventitial,Megakaryocyte,-0.15471825637342496
Fibro_adventitial,Mesothelia,0.1493259693577189
Fibro_adventitial,Macrophage_intermediate,-0.10667941817144044
Fibro_adventitial,Monocyte_CD14,-0.18500449436982114
Fibro_adventitial,Monocyte_CD16,-0.14707146472278637
Fibro_adventitial,Muscle_airway,0.022630483020156775
Fibro_adventitial,Muscle_pericyte_airway,0.20003151261462054
Fibro_adventitial,Muscle_pericyte_parenchyma,-0.21491688041820717
Fibro_adventitial,Muscle_perivascular_immune_recruiting,0.15981240785123452
Fibro_adventitial,Muscle_smooth_pulmonary,-0.009878293444733371
Fibro_adventitial,Muscle_smooth_syst_arterial,-0.013226894270491526
Fibro_adventitial,Myoepithelial,0.011597732436502325
Fibro_adventitial,NAF_endoneurial,-0.04812203104822119
Fibro_adventitial,NAF_perineurial,-0.011980512020912043
Fibro_adventitial,NK_CD16hi,-0.1935695263521655
Fibro_adventitial,NKT,-0.18242351242557595
Fibro_adventitial,NK_CD11d,-0.18811365261999083
Fibro_adventitial,NK_CD56bright,-0.20707873546120226
Fibro_adventitial,Neuroendocrine,-0.05720664398931356
Fibro_adventitial,SMG_Basal,0.047811093648151864
Fibro_adventitial,SMG_Duct,0.07701156466161407
Fibro_adventitial,SMG_Mucous,0.0006403065507208448
Fibro_adventitial,SMG_Serous,0.054123463890935974
Fibro_adventitial,Schwann_Myelinating,-0.06190019848494672
Fibro_adventitial,Schwann_nonmyelinating,-0.17003028961357958
Fibro_adventitial,Secretory_Club,-0.1294597953521961
Fibro_adventitial,Secretory_Goblet,-0.13701871948788555
Fibro_adventitial,Suprabasal,-0.024503653165524768
Fibro_adventitial,T_reg,-0.20787918923441603
Fibro_adventitial,gdT,-0.19653085160015218
Fibro_alveolar,Fibro_alveolar,0.3653157549415992
Fibro_alveolar,Fibro_immune_recruiting,-0.20568754360777539
Fibro_alveolar,Fibro_myofibroblast,-0.20651895520716315
Fibro_alveolar,Fibro_peribronchial,0.042363863881866956
Fibro_alveolar,Fibro_perichondrial,-0.07544425762092642
Fibro_alveolar,ILC,0.2924545604013458
Fibro_alveolar,Ionocyte_n_Brush,0.18441720442449805
Fibro_alveolar,MAIT,0.32500775364013496
Fibro_alveolar,Macro_CHIT1,0.2923813987956511
Fibro_alveolar,Macro_interstitial,0.3086185891902585
Fibro_alveolar,Macro_AW_CX3CR1,0.2133999788555161
Fibro_alveolar,Macro_alveolar_metallothioneins,0.07104675547024958
Fibro_alveolar,Macro_alv,0.32022954375768203
Fibro_alveolar,Macro_dividing,0.32850743000149696
Fibro_alveolar,Macro_int,0.13929072192362602
Fibro_alveolar,Macro_CCL,0.31232250788035
Fibro_alveolar,Mast_cell,0.2993537738918965
Fibro_alveolar,Megakaryocyte,0.21417953672046686
Fibro_alveolar,Mesothelia,-0.2043216358739827
Fibro_alveolar,Macrophage_intermediate,0.17774184742813487
Fibro_alveolar,Monocyte_CD14,0.29873523061421486
Fibro_alveolar,Monocyte_CD16,0.23896500086878883
Fibro_alveolar,Muscle_airway,-0.01960816035279547
Fibro_alveolar,Muscle_pericyte_airway,-0.27747569558613944
Fibro_alveolar,Muscle_pericyte_parenchyma,0.3307617420542832
Fibro_alveolar,Muscle_perivascular_immune_recruiting,-0.22967560432106718
Fibro_alveolar,Muscle_smooth_pulmonary,0.03134308706156944
Fibro_alveolar,Muscle_smooth_syst_arterial,0.023474628142788632
Fibro_alveolar,Myoepithelial,-0.045245846806277384
Fibro_alveolar,NAF_endoneurial,0.08970035716042886
Fibro_alveolar,NAF_perineurial,0.027198155010762247
Fibro_alveolar,NK_CD16hi,0.29771077280314256
Fibro_alveolar,NKT,0.28612419418950263
Fibro_alveolar,NK_CD11d,0.2909714967976222
Fibro_alveolar,NK_CD56bright,0.31670145590109466
Fibro_alveolar,Neuroendocrine,0.08224677918986871
Fibro_alveolar,SMG_Basal,-0.07707004064122015
Fibro_alveolar,SMG_Duct,-0.13381450804622255
Fibro_alveolar,SMG_Mucous,0.024090932768100537
Fibro_alveolar,SMG_Serous,-0.12169262433695714
Fibro_alveolar,Schwann_Myelinating,0.08453321610311906
Fibro_alveolar,Schwann_nonmyelinating,0.28216584210784895
Fibro_alveolar,Secretory_Club,0.2155763789057041
Fibro_alveolar,Secretory_Goblet,0.23677614336900016
Fibro_alveolar,Suprabasal,0.05365964127894011
Fibro_alveolar,T_reg,0.32231933227767107
Fibro_alveolar,gdT,0.30238067932900886
Fibro_immune_recruiting,Fibro_immune_recruiting,0.12005575977771175
Fibro_immune_recruiting,Fibro_myofibroblast,0.1490118042754346
Fibro_immune_recruiting,Fibro_peribronchial,0.019562667324092297
Fibro_immune_recruiting,Fibro_perichondrial,-0.004319136060907991
Fibro_immune_recruiting,ILC,-0.1661779366080523
Fibro_immune_recruiting,Ionocyte_n_Brush,-0.09047282746227205
Fibro_immune_recruiting,MAIT,-0.1846677247161438
Fibro_immune_recruiting,Macro_CHIT1,-0.16561750403443154
Fibro_immune_recruiting,Macro_interstitial,-0.17571612424622632
Fibro_immune_recruiting,Macro_AW_CX3CR1,-0.11783428544325948
Fibro_immune_recruiting,Macro_alveolar_metallothioneins,-0.0196545462152427
Fibro_immune_recruiting,Macro_alv,-0.17430121219280528
Fibro_immune_recruiting,Macro_dividing,-0.18631485249218735
Fibro_immune_recruiting,Macro_int,-0.05798804359069365
Fibro_immune_recruiting,Macro_CCL,-0.18222046195649136
Fibro_immune_recruiting,Mast_cell,-0.1302681857521849
Fibro_immune_recruiting,Megakaryocyte,-0.13855957188124354
Fibro_immune_recruiting,Mesothelia,0.12431125306011272
Fibro_immune_recruiting,Macrophage_intermediate,-0.09600986919913122
Fibro_immune_recruiting,Monocyte_CD14,-0.15880510841731726
Fibro_immune_recruiting,Monocyte_CD16,-0.12811536295492093
Fibro_immune_recruiting,Muscle_airway,0.02083203719189619
Fibro_immune_recruiting,Muscle_pericyte_airway,0.17386727342412442
Fibro_immune_recruiting,Muscle_pericyte_parenchyma,-0.18557063268132384
Fibro_immune_recruiting,Muscle_perivascular_immune_recruiting,0.13457347763954924
Fibro_immune_recruiting,Muscle_smooth_pulmonary,-0.007706612520650901
Fibro_immune_recruiting,Muscle_smooth_syst_arterial,-0.011683551243527822
Fibro_immune_recruiting,Myoepithelial,-0.00837817878733843
Fibro_immune_recruiting,NAF_endoneurial,-0.04242370050340843
Fibro_immune_recruiting,NAF_perineurial,-0.010613621046010126
Fibro_immune_recruiting,NK_CD16hi,-0.16998385944728903
Fibro_immune_recruiting,NKT,-0.15957267792014823
Fibro_immune_recruiting,NK_CD11d,-0.16455220204688376
Fibro_immune_recruiting,NK_CD56bright,-0.17967988829721812
Fibro_immune_recruiting,Neuroendocrine,-0.0596971598265444
Fibro_immune_recruiting,SMG_Basal,0.03945832236946884
Fibro_immune_recruiting,SMG_Duct,0.05350553116811788
Fibro_immune_recruiting,SMG_Mucous,-0.00024692279153577725
Fibro_immune_recruiting,SMG_Serous,0.026058827513541757
Fibro_immune_recruiting,Schwann_Myelinating,-0.06513624706887285
Fibro_immune_recruiting,Schwann_nonmyelinating,-0.14787188950237892
Fibro_immune_recruiting,Secretory_Club,-0.11278281021459705
Fibro_immune_recruiting,Secretory_Goblet,-0.108401099516854
Fibro_immune_recruiting,Suprabasal,-0.009112718373523584
Fibro_immune_recruiting,T_reg,-0.18013215398555493
Fibro_immune_recruiting,gdT,-0.17328229738262826
Fibro_myofibroblast,Fibro_myofibroblast,0.16215765131087406
Fibro_myofibroblast,Fibro_peribronchial,0.004976661843134164
Fibro_myofibroblast,Fibro_perichondrial,-0.013652438798830236
Fibro_myofibroblast,ILC,-0.1581107363897726
Fibro_myofibroblast,Ionocyte_n_Brush,-0.10316927766627959
Fibro_myofibroblast,MAIT,-0.18131225713933707
Fibro_myofibroblast,Macro_CHIT1,-0.1661022781834409
Fibro_myofibroblast,Macro_interstitial,-0.17260168376444807
Fibro_myofibroblast,Macro_AW_CX3CR1,-0.09588251632433159
Fibro_myofibroblast,Macro_alveolar_metallothioneins,0.003982775570501187
Fibro_myofibroblast,Macro_alv,-0.18409371528737456
Fibro_myofibroblast,Macro_dividing,-0.18947203156881148
Fibro_myofibroblast,Macro_int,-0.03450234820847289
Fibro_myofibroblast,Macro_CCL,-0.1771946296941586
Fibro_myofibroblast,Mast_cell,-0.13344891069815043
Fibro_myofibroblast,Megakaryocyte,-0.1321084322744988
Fibro_myofibroblast,Mesothelia,0.15795275513025855
Fibro_myofibroblast,Macrophage_intermediate,-0.07427224064710503
Fibro_myofibroblast,Monocyte_CD14,-0.15528052441497614
Fibro_myofibroblast,Monocyte_CD16,-0.1154806082014013
Fibro_myofibroblast,Muscle_airway,0.0016039542281767853
Fibro_myofibroblast,Muscle_pericyte_airway,0.1920485049285596
Fibro_myofibroblast,Muscle_pericyte_parenchyma,-0.18933318365341872
Fibro_myofibroblast,Muscle_perivascular_immune_recruiting,0.1642673260281571
Fibro_myofibroblast,Muscle_smooth_pulmonary,-0.027425167980919922
Fibro_myofibroblast,Muscle_smooth_syst_arterial,-0.030419340774984507
Fibro_myofibroblast,Myoepithelial,0.035637752646139456
Fibro_myofibroblast,NAF_endoneurial,-0.0525807728248529
Fibro_myofibroblast,NAF_perineurial,-0.031225784385174118
Fibro_myofibroblast,NK_CD16hi,-0.1619899126409698
Fibro_myofibroblast,NKT,-0.15154316288729663
Fibro_myofibroblast,NK_CD11d,-0.15636759485512333
Fibro_myofibroblast,NK_CD56bright,-0.17782188907480667
Fibro_myofibroblast,Neuroendocrine,-0.03211662922560279
Fibro_myofibroblast,SMG_Basal,0.04635294543814777
Fibro_myofibroblast,SMG_Duct,0.09364460430930657
Fibro_myofibroblast,SMG_Mucous,0.027464531045560996
Fibro_myofibroblast,SMG_Serous,0.07321603263548489
Fibro_myofibroblast,Schwann_Myelinating,-0.03684769315796136
Fibro_myofibroblast,Schwann_nonmyelinating,-0.15318485561854206
Fibro_myofibroblast,Secretory_Club,-0.10525523444390014
Fibro_myofibroblast,Secretory_Goblet,-0.11900526645958877
Fibro_myofibroblast,Suprabasal,-0.026837502622074814
Fibro_myofibroblast,T_reg,-0.17871807571666865
Fibro_myofibroblast,gdT,-0.16569040373257357
Fibro_peribronchial,Fibro_peribronchial,-0.030373096265290507
Fibro_peribronchial,Fibro_perichondrial,-0.04040500723282609
Fibro_peribronchial,ILC,0.03555652594735164
Fibro_peribronchial,Ionocyte_n_Brush,0.015105657297929164
Fibro_peribronchial,MAIT,0.03174490934446594
Fibro_peribronchial,Macro_CHIT1,0.03383558118307829
Fibro_peribronchial,Macro_interstitial,0.03734986520392298
Fibro_peribronchial,Macro_AW_CX3CR1,0.06271770528282497
Fibro_peribronchial,Macro_alveolar_metallothioneins,0.06513360060669234
Fibro_peribronchial,Macro_alv,0.015928595295046026
Fibro_peribronchial,Macro_dividing,0.027788840398692328
Fibro_peribronchial,Macro_int,0.07946531160817455
Fibro_peribronchial,Macro_CCL,0.03618052130794876
Fibro_peribronchial,Mast_cell,0.03472774199135766
Fibro_peribronchial,Megakaryocyte,0.013422422403079044
Fibro_peribronchial,Mesothelia,0.05451977848282486
Fibro_peribronchial,Macrophage_intermediate,0.05758201883075739
Fibro_peribronchial,Monocyte_CD14,0.03981604025286086
Fibro_peribronchial,Monocyte_CD16,0.04912200444120822
Fibro_peribronchial,Muscle_airway,-0.0688991735077659
Fibro_peribronchial,Muscle_pericyte_airway,0.015401851578982145
Fibro_peribronchial,Muscle_pericyte_parenchyma,0.017496663680037033
Fibro_peribronchial,Muscle_perivascular_immune_recruiting,0.03330094955393504
Fibro_peribronchial,Muscle_smooth_pulmonary,-0.06304541642572586
Fibro_peribronchial,Muscle_smooth_syst_arterial,-0.06118227198648363
Fibro_peribronchial,Myoepithelial,0.03642032744245448
Fibro_peribronchial,NAF_endoneurial,-0.04464377216674205
Fibro_peribronchial,NAF_perineurial,-0.06661246741663289
Fibro_peribronchial,NK_CD16hi,0.037406984759606667
Fibro_peribronchial,NKT,0.03832878775618432
Fibro_peribronchial,NK_CD11d,0.03994636192336721
Fibro_peribronchial,NK_CD56bright,0.033057024489729574
Fibro_peribronchial,Neuroendocrine,0.030293151394117396
Fibro_peribronchial,SMG_Basal,0.006055130854365739
Fibro_peribronchial,SMG_Duct,0.05337123418169477
Fibro_peribronchial,SMG_Mucous,0.07219676868127138
Fibro_peribronchial,SMG_Serous,0.04318749583310719
Fibro_peribronchial,Schwann_Myelinating,0.02439849302600682
Fibro_peribronchial,Schwann_nonmyelinating,-0.006097827071088277
Fibro_peribronchial,Secretory_Club,0.049295505425526756
Fibro_peribronchial,Secretory_Goblet,0.029641511298173162
Fibro_peribronchial,Suprabasal,0.0022755252791459477
Fibro_peribronchial,T_reg,0.030378402210816377
Fibro_peribronchial,gdT,0.034179194074680654
Fibro_perichondrial,Fibro_perichondrial,-0.027015770528850538
Fibro_perichondrial,ILC,-0.05760441436466286
Fibro_perichondrial,Ionocyte_n_Brush,-0.008398905694908691
Fibro_perichondrial,MAIT,-0.059051036919055416
Fibro_perichondrial,Macro_CHIT1,-0.04164320078432917
Fibro_perichondrial,Macro_interstitial,-0.05730924092206676
Fibro_perichondrial,Macro_AW_CX3CR1,-0.04804454275372418
Fibro_perichondrial,Macro_alveolar_metallothioneins,-0.049459265805559274
Fibro_perichondrial,Macro_alv,-0.04574877770734685
Fibro_perichondrial,Macro_dividing,-0.05118036894128582
Fibro_perichondrial,Macro_int,-0.049479654038738545
Fibro_perichondrial,Macro_CCL,-0.057426825038372924
Fibro_perichondrial,Mast_cell,-0.06995801698531903
Fibro_perichondrial,Megakaryocyte,-0.031778605001474516
Fibro_perichondrial,Mesothelia,0.0002854896142709587
Fibro_perichondrial,Macrophage_intermediate,-0.054700680479262874
Fibro_perichondrial,Monocyte_CD14,-0.06488352365706754
Fibro_perichondrial,Monocyte_CD16,-0.061843261451136826
Fibro_perichondrial,Muscle_airway,0.004982582937560191
Fibro_perichondrial,Muscle_pericyte_airway,0.007248950970640556
Fibro_perichondrial,Muscle_pericyte_parenchyma,-0.06454821491999593
Fibro_perichondrial,Muscle_perivascular_immune_recruiting,5.948944762437531e-05
Fibro_perichondrial,Muscle_smooth_pulmonary,-0.004025298812009486
Fibro_perichondrial,Muscle_smooth_syst_arterial,0.0019514096662282452
Fibro_perichondrial,Myoepithelial,-0.006066196279473681
Fibro_perichondrial,NAF_endoneurial,-0.01350488103332773
Fibro_perichondrial,NAF_perineurial,0.0004229698123299639
Fibro_perichondrial,NK_CD16hi,-0.05652492172689903
Fibro_perichondrial,NKT,-0.06193887304737624
Fibro_perichondrial,NK_CD11d,-0.05239094685049282
Fibro_perichondrial,NK_CD56bright,-0.04883155620056579
Fibro_perichondrial,Neuroendocrine,-0.018220654278487458
Fibro_perichondrial,SMG_Basal,0.022056927573927052
Fibro_perichondrial,SMG_Duct,0.0034367495336865613
Fibro_perichondrial,SMG_Mucous,-0.01049973273593036
Fibro_perichondrial,SMG_Serous,0.011771829964197011
Fibro_perichondrial,Schwann_Myelinating,-0.02819918550029453
Fibro_perichondrial,Schwann_nonmyelinating,-0.05393749423570871
Fibro_perichondrial,Secretory_Club,-0.01163777463748472
Fibro_perichondrial,Secretory_Goblet,-0.02350364459747871
Fibro_perichondrial,Suprabasal,0.011646096419623603
Fibro_perichondrial,T_reg,-0.05691449499398584
Fibro_perichondrial,gdT,-0.05809309760101501
ILC,ILC,0.2302237108332115
ILC,Ionocyte_n_Brush,0.1576935101961423
ILC,MAIT,0.25755772443506514
ILC,Macro_CHIT1,0.2348022602774924
ILC,Macro_interstitial,0.2456462314335022
ILC,Macro_AW_CX3CR1,0.16293001827314488
ILC,Macro_alveolar_metallothioneins,0.05638846738067453
ILC,Macro_alv,0.26359010505297076
ILC,Macro_dividing,0.26534511210396605
ILC,Macro_int,0.1107824357907122
ILC,Macro_CCL,0.2459000727093864
ILC,Mast_cell,0.2513441372284334
ILC,Megakaryocyte,0.1645927440924573
ILC,Mesothelia,-0.17092193501749825
ILC,Macrophage_intermediate,0.13614536578549094
ILC,Monocyte_CD14,0.24062168886295185
ILC,Monocyte_CD16,0.1887810099757946
ILC,Muscle_airway,-0.005823525759712747
ILC,Muscle_pericyte_airway,-0.22196587917843882
ILC,Muscle_pericyte_parenchyma,0.2645745051058922
ILC,Muscle_perivascular_immune_recruiting,-0.1902691069812587
ILC,Muscle_smooth_pulmonary,0.03495616528952872
ILC,Muscle_smooth_syst_arterial,0.026734092142118443
ILC,Myoepithelial,-0.059211824548685336
ILC,NAF_endoneurial,0.07952312913605561
ILC,NAF_perineurial,0.03133484374714271
ILC,NK_CD16hi,0.23409668149142343
ILC,NKT,0.22603870533932044
ILC,NK_CD11d,0.22932501475902134
ILC,NK_CD56bright,0.25191597897799456
ILC,Neuroendocrine,0.052016019950758746
ILC,SMG_Basal,-0.06039818356383792
ILC,SMG_Duct,-0.1259733792642793
ILC,SMG_Mucous,0.020726362705747944
ILC,SMG_Serous,-0.1268740043997062
ILC,Schwann_Myelinating,0.05196967612136414
ILC,Schwann_nonmyelinating,0.22924063862616645
ILC,Secretory_Club,0.17192380671828125
ILC,Secretory_Goblet,0.2007994278901372
ILC,Suprabasal,0.059240347979456084
ILC,T_reg,0.25736292854668724
ILC,gdT,0.23771582197761895
Ionocyte_n_Brush,Ionocyte_n_Brush,0.0797921563741244
Ionocyte_n_Brush,MAIT,0.17032377622614564
Ionocyte_n_Brush,Macro_CHIT1,0.1571139628052971
Ionocyte_n_Brush,Macro_interstitial,0.16934964941813604
Ionocyte_n_Brush,Macro_AW_CX3CR1,0.11254846141367424
Ionocyte_n_Brush,Macro_alveolar_metallothioneins,0.06208151984103622
Ionocyte_n_Brush,Macro_alv,0.1682225388784223
Ionocyte_n_Brush,Macro_dividing,0.17740190477167625
Ionocyte_n_Brush,Macro_int,0.08928832473651932
Ionocyte_n_Brush,Macro_CCL,0.16864677887936616
Ionocyte_n_Brush,Mast_cell,0.15246512132277162
Ionocyte_n_Brush,Megakaryocyte,0.12139068357710817
Ionocyte_n_Brush,Mesothelia,-0.08209651236014738
Ionocyte_n_Brush,Macrophage_intermediate,0.10961863844514157
Ionocyte_n_Brush,Monocyte_CD14,0.16162946479985368
Ionocyte_n_Brush,Monocyte_CD16,0.13801093126352068
Ionocyte_n_Brush,Muscle_airway,-0.015192659265707514
Ionocyte_n_Brush,Muscle_pericyte_airway,-0.1209385293180822
Ionocyte_n_Brush,Muscle_pericyte_parenchyma,0.16922908875342205
Ionocyte_n_Brush,Muscle_perivascular_immune_recruiting,-0.08571234098977817
Ionocyte_n_Brush,Muscle_smooth_pulmonary,0.010599936135502216
Ionocyte_n_Brush,Muscle_smooth_syst_arterial,0.010914405129447208
Ionocyte_n_Brush,Myoepithelial,0.0041065044028103
Ionocyte_n_Brush,NAF_endoneurial,0.046602602625206914
Ionocyte_n_Brush,NAF_perineurial,0.00882610621533718
Ionocyte_n_Brush,NK_CD16hi,0.15789049658658205
Ionocyte_n_Brush,NKT,0.1559156205957214
Ionocyte_n_Brush,NK_CD11d,0.15263903641310989
Ionocyte_n_Brush,NK_CD56bright,0.16120393566338412
Ionocyte_n_Brush,Neuroendocrine,0.052732878546561945
Ionocyte_n_Brush,SMG_Basal,-0.03849264182608291
Ionocyte_n_Brush,SMG_Duct,-0.04543579807549011
Ionocyte_n_Brush,SMG_Mucous,0.03900894390413798
Ionocyte_n_Brush,SMG_Serous,-0.040746700029747604
Ionocyte_n_Brush,Schwann_Myelinating,0.05641171660250394
Ionocyte_n_Brush,Schwann_nonmyelinating,0.13567597935517647
Ionocyte_n_Brush,Secretory_Club,0.09389914144955006
Ionocyte_n_Brush,Secretory_Goblet,0.10717703919051653
Ionocyte_n_Brush,Suprabasal,0.02061634363763208
Ionocyte_n_Brush,T_reg,0.16817168601780189
Ionocyte_n_Brush,gdT,0.16111265120772086
MAIT,MAIT,0.287739554188888
MAIT,Macro_CHIT1,0.26065282807688334
MAIT,Macro_interstitial,0.2734465783116579
MAIT,Macro_AW_CX3CR1,0.18196849448462407
MAIT,Macro_alveolar_metallothioneins,0.05815213934776854
MAIT,Macro_alv,0.29213147956413726
MAIT,Macro_dividing,0.29508057132147386
MAIT,Macro_int,0.11819211947515401
MAIT,Macro_CCL,0.27492230255230626
MAIT,Mast_cell,0.27420969263382955
MAIT,Megakaryocyte,0.18736268005932422
MAIT,Mesothelia,-0.1931388974631137
MAIT,Macrophage_intermediate,0.15073272357702974
MAIT,Monocyte_CD14,0.2659881213186603
MAIT,Monocyte_CD16,0.20886656146030227
MAIT,Muscle_airway,-0.00560421377511302
MAIT,Muscle_pericyte_airway,-0.25151522630587564
MAIT,Muscle_pericyte_parenchyma,0.29550410133677646
MAIT,Muscle_perivascular_immune_recruiting,-0.21380852597532876
MAIT,Muscle_smooth_pulmonary,0.039739453295363686
MAIT,Muscle_smooth_syst_arterial,0.03141005206202749
MAIT,Myoepithelial,-0.05859802669382368
MAIT,NAF_endoneurial,0.08981681304628478
MAIT,NAF_perineurial,0.036110535634260026
MAIT,NK_CD16hi,0.2619540500486848
MAIT,NKT,0.2518486983952197
MAIT,NK_CD11d,0.25641369297588695
MAIT,NK_CD56bright,0.2815607105716193
MAIT,Neuroendocrine,0.06283472000700913
MAIT,SMG_Basal,-0.06636238226215896
MAIT,SMG_Duct,-0.13671409495692496
MAIT,SMG_Mucous,0.019445934604605593
MAIT,SMG_Serous,-0.13287860830885256
MAIT,Schwann_Myelinating,0.063901796033538
MAIT,Schwann_nonmyelinating,0.256780002415421
MAIT,Secretory_Club,0.19094123425242548
MAIT,Secretory_Goblet,0.21978804941271943
MAIT,Suprabasal,0.06111737928252478
MAIT,T_reg,0.2870442029109861
MAIT,gdT,0.2660951800414448
Macro_CHIT1,Macro_CHIT1,0.2221579651210491
Macro_CHIT1,Macro_interstitial,0.2392374660576185
Macro_CHIT1,Macro_AW_CX3CR1,0.1590504360081714
Macro_CHIT1,Macro_alveolar_metallothioneins,0.0462182074851136
Macro_CHIT1,Macro_alv,0.2559243291650447
Macro_CHIT1,Macro_dividing,0.25856115922023026
Macro_CHIT1,Macro_int,0.09552913046217819
Macro_CHIT1,Macro_CCL,0.24091446103281594
Macro_CHIT1,Mast_cell,0.23556651920966057
Macro_CHIT1,Megakaryocyte,0.17326778335615392
Macro_CHIT1,Mesothelia,-0.17375311783577466
Macro_CHIT1,Macrophage_intermediate,0.1302771085558856
Macro_CHIT1,Monocyte_CD14,0.23041118733673752
Macro_CHIT1,Monocyte_CD16,0.18174430693224852
Macro_CHIT1,Muscle_airway,-0.0036584229006990927
Macro_CHIT1,Muscle_pericyte_airway,-0.22334431486172474
Macro_CHIT1,Muscle_pericyte_parenchyma,0.25916301042758655
Macro_CHIT1,Muscle_perivascular_immune_recruiting,-0.18606405413695898
Macro_CHIT1,Muscle_smooth_pulmonary,0.035457517855919336
Macro_CHIT1,Muscle_smooth_syst_arterial,0.029636476874449424
Macro_CHIT1,Myoepithelial,-0.043409858791658235
Macro_CHIT1,NAF_endoneurial,0.08270362354607609
Macro_CHIT1,NAF_perineurial,0.03443825040595728
Macro_CHIT1,NK_CD16hi,0.230963922424539
Macro_CHIT1,NKT,0.22023158577592122
Macro_CHIT1,NK_CD11d,0.22673888912180595
Macro_CHIT1,NK_CD56bright,0.2489635134349223
Macro_CHIT1,Neuroendocrine,0.06188541772234627
Macro_CHIT1,SMG_Basal,-0.05219755015521871
Macro_CHIT1,SMG_Duct,-0.11677156652836482
Macro_CHIT1,SMG_Mucous,0.01783971291239272
Macro_CHIT1,SMG_Serous,-0.11000369852767596
Macro_CHIT1,Schwann_Myelinating,0.0653145921110464
Macro_CHIT1,Schwann_nonmyelinating,0.23019938221662656
Macro_CHIT1,Secretory_Club,0.16678744922231814
Macro_CHIT1,Secretory_Goblet,0.1934842954413808
Macro_CHIT1,Suprabasal,0.05517251456540776
Macro_CHIT1,T_reg,0.252523478435392
Macro_CHIT1,gdT,0.23394146852793166
Macro_interstitial,Macro_interstitial,0.25712672604529835
Macro_interstitial,Macro_AW_CX3CR1,0.1719877822224825
Macro_interstitial,Macro_alveolar_metallothioneins,0.054672612649235466
Macro_interstitial,Macro_alv,0.27688323472694876
Macro_interstitial,Macro_dividing,0.27831649579660583
Macro_interstitial,Macro_int,0.10956252237351731
Macro_interstitial,Macro_CCL,0.25772068673713977
Macro_interstitial,Mast_cell,0.26009368441096486
Macro_interstitial,Megakaryocyte,0.17996860931872408
Macro_interstitial,Mesothelia,-0.18261982895851997
Macro_interstitial,Macrophage_intermediate,0.14105419407005293
Macro_interstitial,Monocyte_CD14,0.24910648768861135
Macro_interstitial,Monocyte_CD16,0.1961294014340852
Macro_interstitial,Muscle_airway,-0.004206811092359934
Macro_interstitial,Muscle_pericyte_airway,-0.23756980741013695
Macro_interstitial,Muscle_pericyte_parenchyma,0.277001133839248
Macro_interstitial,Muscle_perivascular_immune_recruiting,-0.1999263296872876
Macro_interstitial,Muscle_smooth_pulmonary,0.03771492586803686
Macro_interstitial,Muscle_smooth_syst_arterial,0.0301864158549361
Macro_interstitial,Myoepithelial,-0.05428815637563036
Macro_interstitial,NAF_endoneurial,0.08761080212627073
Macro_interstitial,NAF_perineurial,0.03450291970353528
Macro_interstitial,NK_CD16hi,0.24716864922595327
Macro_interstitial,NKT,0.23631160336605578
Macro_interstitial,NK_CD11d,0.2431232507785564
Macro_interstitial,NK_CD56bright,0.26701038047601
Macro_interstitial,Neuroendocrine,0.06320636887115728
Macro_interstitial,SMG_Basal,-0.05466395603900221
Macro_interstitial,SMG_Duct,-0.12877252607668696
Macro_interstitial,SMG_Mucous,0.025745081878831975
Macro_interstitial,SMG_Serous,-0.12647583889175928
Macro_interstitial,Schwann_Myelinating,0.06328557469291198
Macro_interstitial,Schwann_nonmyelinating,0.24410513994035357
Macro_interstitial,Secretory_Club,0.18432010877778002
Macro_interstitial,Secretory_Goblet,0.21349355286555352
Macro_interstitial,Suprabasal,0.06548815286109648
Macro_interstitial,T_reg,0.2710270934158059
Macro_interstitial,gdT,0.2501602911277888
Macro_AW_CX3CR1,Macro_AW_CX3CR1,0.11101064279387904
Macro_AW_CX3CR1,Macro_alveolar_metallothioneins,0.04983447253430907
Macro_AW_CX3CR1,Macro_alv,0.1979889885562496
Macro_AW_CX3CR1,Macro_dividing,0.19448505138422675
Macro_AW_CX3CR1,Macro_int,0.08581264040111394
Macro_AW_CX3CR1,Macro_CCL,0.17603308683056468
Macro_AW_CX3CR1,Mast_cell,0.20319944795426934
Macro_AW_CX3CR1,Megakaryocyte,0.11155844665494363
Macro_AW_CX3CR1,Mesothelia,-0.12474337241961678
Macro_AW_CX3CR1,Macrophage_intermediate,0.09940267082083402
Macro_AW_CX3CR1,Monocyte_CD14,0.18154608258197974
Macro_AW_CX3CR1,Monocyte_CD16,0.14086404090513296
Macro_AW_CX3CR1,Muscle_airway,0.014586975831471505
Macro_AW_CX3CR1,Muscle_pericyte_airway,-0.15096692050402669
Macro_AW_CX3CR1,Muscle_pericyte_parenchyma,0.1958135246627872
Macro_AW_CX3CR1,Muscle_perivascular_immune_recruiting,-0.13543113024556624
Macro_AW_CX3CR1,Muscle_smooth_pulmonary,0.04375884011734538
Macro_AW_CX3CR1,Muscle_smooth_syst_arterial,0.033424207819145575
Macro_AW_CX3CR1,Myoepithelial,-0.061180303547148276
Macro_AW_CX3CR1,NAF_endoneurial,0.0743381760765119
Macro_AW_CX3CR1,NAF_perineurial,0.038904980633989505
Macro_AW_CX3CR1,NK_CD16hi,0.16799159462664676
Macro_AW_CX3CR1,NKT,0.16639728360644848
Macro_AW_CX3CR1,NK_CD11d,0.16335429208873822
Macro_AW_CX3CR1,NK_CD56bright,0.17917193539232606
Macro_AW_CX3CR1,Neuroendocrine,0.02815527546750829
Macro_AW_CX3CR1,SMG_Basal,-0.05210194571811293
Macro_AW_CX3CR1,SMG_Duct,-0.1108693215466819
Macro_AW_CX3CR1,SMG_Mucous,0.012542822572182788
Macro_AW_CX3CR1,SMG_Serous,-0.11997659841266661
Macro_AW_CX3CR1,Schwann_Myelinating,0.027992428911246366
Macro_AW_CX3CR1,Schwann_nonmyelinating,0.17516417294069345
Macro_AW_CX3CR1,Secretory_Club,0.11418040408719696
Macro_AW_CX3CR1,Secretory_Goblet,0.14724458593511291
Macro_AW_CX3CR1,Suprabasal,0.04765972977371338
Macro_AW_CX3CR1,T_reg,0.18795818074339166
Macro_AW_CX3CR1,gdT,0.17180815950306838
Macro_alveolar_metallothioneins,Macro_alveolar_metallothioneins,0.0449580140091929
Macro_alveolar_metallothioneins,Macro_alv,0.06380306479904757
Macro_alveolar_metallothioneins,Macro_dividing,0.0579985857079249
Macro_alveolar_metallothioneins,Macro_int,0.05416613186615455
Macro_alveolar_metallothioneins,Macro_CCL,0.048868263649967436
Macro_alveolar_metallothioneins,Mast_cell,0.09631325157052249
Macro_alveolar_metallothioneins,Megakaryocyte,0.02762836907617647
Macro_alveolar_metallothioneins,Mesothelia,-0.01401105176456154
Macro_alveolar_metallothioneins,Macrophage_intermediate,0.0430044302546347
Macro_alveolar_metallothioneins,Monocyte_CD14,0.06282638658605694
Macro_alveolar_metallothioneins,Monocyte_CD16,0.053879770384369974
Macro_alveolar_metallothioneins,Muscle_airway,0.002456629055992312
Macro_alveolar_metallothioneins,Muscle_pericyte_airway,-0.02251249188374465
Macro_alveolar_metallothioneins,Muscle_pericyte_parenchyma,0.05573021623454247
Macro_alveolar_metallothioneins,Muscle_perivascular_immune_recruiting,-0.019383567421025098
Macro_alveolar_metallothioneins,Muscle_smooth_pulmonary,0.01010350840087503
Macro_alveolar_metallothioneins,Muscle_smooth_syst_arterial,0.000988921106985885
Macro_alveolar_metallothioneins,Myoepithelial,-0.02844566029570251
Macro_alveolar_metallothioneins,NAF_endoneurial,0.026279320066753785
Macro_alveolar_metallothioneins,NAF_perineurial,0.0050788598059375795
Macro_alveolar_metallothioneins,NK_CD16hi,0.0539278985762321
Macro_alveolar_metallothioneins,NKT,0.054061214490594055
Macro_alveolar_metallothioneins,NK_CD11d,0.05652614562008672
Macro_alveolar_metallothioneins,NK_CD56bright,0.05865180792312329
Macro_alveolar_metallothioneins,Neuroendocrine,0.014838656991080706
Macro_alveolar_metallothioneins,SMG_Basal,0.002927399879101415
Macro_alveolar_metallothioneins,SMG_Duct,-0.03183025948349383
Macro_alveolar_metallothioneins,SMG_Mucous,0.045159164296968576
Macro_alveolar_metallothioneins,SMG_Serous,-0.05422088944988487
Macro_alveolar_metallothioneins,Schwann_Myelinating,0.009424887113875345
Macro_alveolar_metallothioneins,Schwann_nonmyelinating,0.06288523466844782
Macro_alveolar_metallothioneins,Secretory_Club,0.05762599505219416
Macro_alveolar_metallothioneins,Secretory_Goblet,0.07523823962932158
Macro_alveolar_metallothioneins,Suprabasal,0.04185424036078602
Macro_alveolar_metallothioneins,T_reg,0.060588852798005084
Macro_alveolar_metallothioneins,gdT,0.05242053610324816
Macro_alv,Macro_alv,0.277740558547003
Macro_alv,Macro_dividing,0.28648474440230765
Macro_alv,Macro_int,0.12160540149952634
Macro_alv,Macro_CCL,0.2716294622675557
Macro_alv,Mast_cell,0.2568502297359977
Macro_alv,Megakaryocyte,0.19325230746127983
Macro_alv,Mesothelia,-0.17391595662493187
Macro_alv,Macrophage_intermediate,0.15562253530388298
Macro_alv,Monocyte_CD14,0.25751847816152573
Macro_alv,Monocyte_CD16,0.20853154997398549
Macro_alv,Muscle_airway,-0.02449066778371497
Macro_alv,Muscle_pericyte_airway,-0.2390115072688783
Macro_alv,Muscle_pericyte_parenchyma,0.28346780428065926
Macro_alv,Muscle_perivascular_immune_recruiting,-0.19287065739827794
Macro_alv,Muscle_smooth_pulmonary,0.01940142084684196
Macro_alv,Muscle_smooth_syst_arterial,0.014756934502450714
Macro_alv,Myoepithelial,-0.03597492662816682
Macro_alv,NAF_endoneurial,0.07228890024550826
Macro_alv,NAF_perineurial,0.017490616668330315
Macro_alv,NK_CD16hi,0.25901509203728285
Macro_alv,NKT,0.24739197034495217
Macro_alv,NK_CD11d,0.25469934308369585
Macro_alv,NK_CD56bright,0.27730273282601064
Macro_alv,Neuroendocrine,0.07517228994156189
Macro_alv,SMG_Basal,-0.05734679700144424
Macro_alv,SMG_Duct,-0.10892858512720985
Macro_alv,SMG_Mucous,0.03504278652960702
Macro_alv,SMG_Serous,-0.10058086888495608
Macro_alv,Schwann_Myelinating,0.07547412179078232
Macro_alv,Schwann_nonmyelinating,0.23981273291251623
Macro_alv,Secretory_Club,0.19398634394636557
Macro_alv,Secretory_Goblet,0.21221033933465222
Macro_alv,Suprabasal,0.05677300698315082
Macro_alv,T_reg,0.2801548217887855
Macro_alv,gdT,0.2618299683178701
Macro_dividing,Macro_dividing,0.2941947136338619
Macro_dividing,Macro_int,0.1164001334642854
Macro_dividing,Macro_CCL,0.27530970242376757
Macro_dividing,Mast_cell,0.2680324241068517
Macro_dividing,Megakaryocyte,0.19499557577933155
Macro_dividing,Mesothelia,-0.1899569636476436
Macro_dividing,Macrophage_intermediate,0.1518059387625003
Macro_dividing,Monocyte_CD14,0.26271233000762484
Macro_dividing,Monocyte_CD16,0.20885585820738106
Macro_dividing,Muscle_airway,-0.012319401191041421
Macro_dividing,Muscle_pericyte_airway,-0.25159931272943126
Macro_dividing,Muscle_pericyte_parenchyma,0.29221255715061
Macro_dividing,Muscle_perivascular_immune_recruiting,-0.20836971922289613
Macro_dividing,Muscle_smooth_pulmonary,0.03234705256048795
Macro_dividing,Muscle_smooth_syst_arterial,0.026311986259121414
Macro_dividing,Myoepithelial,-0.050150585851558085
Macro_dividing,NAF_endoneurial,0.08489192253711203
Macro_dividing,NAF_perineurial,0.029814389254263822
Macro_dividing,NK_CD16hi,0.2631073251821895
Macro_dividing,NKT,0.25101253035361704
Macro_dividing,NK_CD11d,0.25873993450001775
Macro_dividing,NK_CD56bright,0.28367248444941073
Macro_dividing,Neuroendocrine,0.07079212320342375
Macro_dividing,SMG_Basal,-0.059485951005142826
Macro_dividing,SMG_Duct,-0.1273712289156993
Macro_dividing,SMG_Mucous,0.027901848960394698
Macro_dividing,SMG_Serous,-0.12104353364753613
Macro_dividing,Schwann_Myelinating,0.07071528180507589
Macro_dividing,Schwann_nonmyelinating,0.2522374545524401
Macro_dividing,Secretory_Club,0.1963802897199245
Macro_dividing,Secretory_Goblet,0.22220202162707542
Macro_dividing,Suprabasal,0.06486517424741534
Macro_dividing,T_reg,0.28709503856321555
Macro_dividing,gdT,0.2662060819603079
Macro_int,Macro_int,0.07133665048524143
Macro_int,Macro_CCL,0.11075852320143717
Macro_int,Mast_cell,0.1578020189345163
Macro_int,Megakaryocyte,0.07356814611515827
Macro_int,Mesothelia,-0.06336481059273243
Macro_int,Macrophage_intermediate,0.07477832983169247
Macro_int,Monocyte_CD14,0.12176943263940333
Macro_int,Monocyte_CD16,0.09956577688078358
Macro_int,Muscle_airway,0.018391658552826647
Macro_int,Muscle_pericyte_airway,-0.0816390075392497
Macro_int,Muscle_pericyte_parenchyma,0.1250770177425802
Macro_int,Muscle_perivascular_immune_recruiting,-0.06943691306260037
Macro_int,Muscle_smooth_pulmonary,0.03606249985582182
Macro_int,Muscle_smooth_syst_arterial,0.024194386451015525
Macro_int,Myoepithelial,-0.035983331651750404
Macro_int,NAF_endoneurial,0.06358900016951373
Macro_int,NAF_perineurial,0.03117082551099116
Macro_int,NK_CD16hi,0.11327022112675308
Macro_int,NKT,0.11157469474582128
Macro_int,NK_CD11d,0.11324917991677111
Macro_int,NK_CD56bright,0.12064315745004403
Macro_int,Neuroendocrine,0.03323164830794936
Macro_int,SMG_Basal,-0.012426470914539163
Macro_int,SMG_Duct,-0.06558201869114452
Macro_int,SMG_Mucous,0.04071070776188631
Macro_int,SMG_Serous,-0.08321157850337299
Macro_int,Schwann_Myelinating,0.030923943259767297
Macro_int,Schwann_nonmyelinating,0.13093795007444226
Macro_int,Secretory_Club,0.09203025046420736
Macro_int,Secretory_Goblet,0.1163333994422919
Macro_int,Suprabasal,0.04682220911758645
Macro_int,T_reg,0.12587681446020987
Macro_int,gdT,0.11395878413561265
Macro_CCL,Macro_CCL,0.26029665166109545
Macro_CCL,Mast_cell,0.2622826971688112
Macro_CCL,Megakaryocyte,0.18003771300946192
Macro_CCL,Mesothelia,-0.191334318132813
Macro_CCL,Macrophage_intermediate,0.13888304371819818
Macro_CCL,Monocyte_CD14,0.25167891139914844
Macro_CCL,Monocyte_CD16,0.19593093304003614
Macro_CCL,Muscle_airway,-0.00024283499267599478
Macro_CCL,Muscle_pericyte_airway,-0.24459484603588288
Macro_CCL,Muscle_pericyte_parenchyma,0.2818865462837707
Macro_CCL,Muscle_perivascular_immune_recruiting,-0.20940422424423072
Macro_CCL,Muscle_smooth_pulmonary,0.04240660705406851
Macro_CCL,Muscle_smooth_syst_arterial,0.03428393506283236
Macro_CCL,Myoepithelial,-0.061290568226649376
Macro_CCL,NAF_endoneurial,0.09017921013388243
Macro_CCL,NAF_perineurial,0.03921033730723657
Macro_CCL,NK_CD16hi,0.2487877344046802
Macro_CCL,NKT,0.2382062923092201
Macro_CCL,NK_CD11d,0.24402791945267654
Macro_CCL,NK_CD56bright,0.26917183490707103
Macro_CCL,Neuroendocrine,0.05894416219216815
Macro_CCL,SMG_Basal,-0.0615492813794019
Macro_CCL,SMG_Duct,-0.13754082748560661
Macro_CCL,SMG_Mucous,0.015631554700109573
Macro_CCL,SMG_Serous,-0.13384095447212485
Macro_CCL,Schwann_Myelinating,0.059346611571552195
Macro_CCL,Schwann_nonmyelinating,0.24776390009128013
Macro_CCL,Secretory_Club,0.18308697246335154
Macro_CCL,Secretory_Goblet,0.21365787068631295
Macro_CCL,Suprabasal,0.06401283705335471
Macro_CCL,T_reg,0.27383682974220946
Macro_CCL,gdT,0.2524608369978655
Mast_cell,Mast_cell,0.2655557857765111
Mast_cell,Megakaryocyte,0.17027859778094814
Mast_cell,Mesothelia,-0.12300490124626418
Mast_cell,Macrophage_intermediate,0.16982454155023274
Mast_cell,Monocyte_CD14,0.25368449367992996
Mast_cell,Monocyte_CD16,0.21303861170026941
Mast_cell,Muscle_airway,-0.030652070614661246
Mast_cell,Muscle_pericyte_airway,-0.1910692795082043
Mast_cell,Muscle_pericyte_parenchyma,0.2633262994381353
Mast_cell,Muscle_perivascular_immune_recruiting,-0.1467550941958474
Mast_cell,Muscle_smooth_pulmonary,0.009976354228678258
Mast_cell,Muscle_smooth_syst_arterial,0.0011001830277245423
Mast_cell,Myoepithelial,-0.016865518939569148
Mast_cell,NAF_endoneurial,0.0682719686560742
Mast_cell,NAF_perineurial,0.004614851104377104
Mast_cell,NK_CD16hi,0.24727139094168976
Mast_cell,NKT,0.24095032053633825
Mast_cell,NK_CD11d,0.24358317958858391
Mast_cell,NK_CD56bright,0.2579953985955486
Mast_cell,Neuroendocrine,0.08113623592317346
Mast_cell,SMG_Basal,-0.04442853538232508
Mast_cell,SMG_Duct,-0.08064256551452194
Mast_cell,SMG_Mucous,0.07062980815498145
Mast_cell,SMG_Serous,-0.08577148466559883
Mast_cell,Schwann_Myelinating,0.081066195428906
Mast_cell,Schwann_nonmyelinating,0.22782820840193058
Mast_cell,Secretory_Club,0.18671279525342316
Mast_cell,Secretory_Goblet,0.2009464350985483
Mast_cell,Suprabasal,0.05040907334243306
Mast_cell,T_reg,0.2638870091208315
Mast_cell,gdT,0.24946018942173276
Megakaryocyte,Megakaryocyte,0.1211565570621604
Megakaryocyte,Mesothelia,-0.1379398172852686
Megakaryocyte,Macrophage_intermediate,0.09431209408045205
Megakaryocyte,Monocyte_CD14,0.17703779147602303
Megakaryocyte,Monocyte_CD16,0.13571678731829484
Megakaryocyte,Muscle_airway,-0.012201100130141264
Megakaryocyte,Muscle_pericyte_airway,-0.17364314444578377
Megakaryocyte,Muscle_pericyte_parenchyma,0.19551185138058513
Megakaryocyte,Muscle_perivascular_immune_recruiting,-0.1516313094374529
Megakaryocyte,Muscle_smooth_pulmonary,0.01854913206560497
Megakaryocyte,Muscle_smooth_syst_arterial,0.01640171500986356
Megakaryocyte,Myoepithelial,-0.05453180968504843
Megakaryocyte,NAF_endoneurial,0.04848489516478123
Megakaryocyte,NAF_perineurial,0.017769778913626164
Megakaryocyte,NK_CD16hi,0.1703201230439776
Megakaryocyte,NKT,0.16430370615723106
Megakaryocyte,NK_CD11d,0.1664264218781292
Megakaryocyte,NK_CD56bright,0.18612994616604703
Megakaryocyte,Neuroendocrine,0.024855689291273398
Megakaryocyte,SMG_Basal,-0.04799373811151839
Megakaryocyte,SMG_Duct,-0.10043532196739349
Megakaryocyte,SMG_Mucous,0.006517806046241373
Megakaryocyte,SMG_Serous,-0.10215437954416269
Megakaryocyte,Schwann_Myelinating,0.023836070213929524
Megakaryocyte,Schwann_nonmyelinating,0.15743103294037733
Megakaryocyte,Secretory_Club,0.12241063274621844
Megakaryocyte,Secretory_Goblet,0.14905198495089922
Megakaryocyte,Suprabasal,0.049309233049856224
Megakaryocyte,T_reg,0.18923479313693647
Megakaryocyte,gdT,0.17305184658922335
Mesothelia,Mesothelia,0.12854903568969442
Mesothelia,Macrophage_intermediate,-0.09550137889376639
Mesothelia,Monocyte_CD14,-0.16083082320147357
Mesothelia,Monocyte_CD16,-0.12834920517334364
Mesothelia,Muscle_airway,0.028148118198310458
Mesothelia,Muscle_pericyte_airway,0.17933820528501354
Mesothelia,Muscle_pericyte_parenchyma,-0.18845411607192292
Mesothelia,Muscle_perivascular_immune_recruiting,0.1424646832625672
Mesothelia,Muscle_smooth_pulmonary,-0.0017833250009799994
Mesothelia,Muscle_smooth_syst_arterial,-0.006351262382376658
Mesothelia,Myoepithelial,-0.0032632410592448313
Mesothelia,NAF_endoneurial,-0.03406700131737716
Mesothelia,NAF_perineurial,-0.0042709871337284445
Mesothelia,NK_CD16hi,-0.1708077036156525
Mesothelia,NKT,-0.16082818304262755
Mesothelia,NK_CD11d,-0.16481714117441323
Mesothelia,NK_CD56bright,-0.18103106195041518
Mesothelia,Neuroendocrine,-0.05406189152299271
Mesothelia,SMG_Basal,0.04990367071524488
Mesothelia,SMG_Duct,0.0566564384492918
Mesothelia,SMG_Mucous,0.00858976755593381
Mesothelia,SMG_Serous,0.02832911751210407
Mesothelia,Schwann_Myelinating,-0.058764947496475484
Mesothelia,Schwann_nonmyelinating,-0.1431921526437372
Mesothelia,Secretory_Club,-0.11188755525988961
Mesothelia,Secretory_Goblet,-0.10890532328202136
Mesothelia,Suprabasal,-0.007017029895469211
Mesothelia,T_reg,-0.18135311593626396
Mesothelia,gdT,-0.1745300569454303
Macrophage_intermediate,Macrophage_intermediate,0.08130245084829543
Macrophage_intermediate,Monocyte_CD14,0.1471711981997248
Macrophage_intermediate,Monocyte_CD16,0.1147202134249038
Macrophage_intermediate,Muscle_airway,0.0068275206677203635
Macrophage_intermediate,Muscle_pericyte_airway,-0.12377379277240548
Macrophage_intermediate,Muscle_pericyte_parenchyma,0.15771717612327227
Macrophage_intermediate,Muscle_perivascular_immune_recruiting,-0.1108711022308334
Macrophage_intermediate,Muscle_smooth_pulmonary,0.030300558158994
Macrophage_intermediate,Muscle_smooth_syst_arterial,0.0205161097935519
Macrophage_intermediate,Myoepithelial,-0.05476041901121579
Macrophage_intermediate,NAF_endoneurial,0.05780563061143899
Macrophage_intermediate,NAF_perineurial,0.02598298379948308
Macrophage_intermediate,NK_CD16hi,0.13826751327304557
Macrophage_intermediate,NKT,0.13459014916065914
Macrophage_intermediate,NK_CD11d,0.13711228926257996
Macrophage_intermediate,NK_CD56bright,0.15058265115430053
Macrophage_intermediate,Neuroendocrine,0.026272692961230467
Macrophage_intermediate,SMG_Basal,-0.03080736951939979
Macrophage_intermediate,SMG_Duct,-0.08947760094769489
Macrophage_intermediate,SMG_Mucous,0.022779933289428914
Macrophage_intermediate,SMG_Serous,-0.10262270129135306
Macrophage_intermediate,Schwann_Myelinating,0.023888521153265153
Macrophage_intermediate,Schwann_nonmyelinating,0.14754298373532437
Macrophage_intermediate,Secretory_Club,0.1094285892096829
Macrophage_intermediate,Secretory_Goblet,0.13766628183102309
Macrophage_intermediate,Suprabasal,0.052709726850981825
Macrophage_intermediate,T_reg,0.15465360289031135
Macrophage_intermediate,gdT,0.13952575852410593
Monocyte_CD14,Monocyte_CD14,0.24583565046489825
Monocyte_CD14,Monocyte_CD16,0.1963529887605183
Monocyte_CD14,Muscle_airway,-0.005614889298269335
Monocyte_CD14,Muscle_pericyte_airway,-0.2236095413002581
Monocyte_CD14,Muscle_pericyte_parenchyma,0.2698543535674097
Monocyte_CD14,Muscle_perivascular_immune_recruiting,-0.18648504323425827
Monocyte_CD14,Muscle_smooth_pulmonary,0.0353913037165196
Monocyte_CD14,Muscle_smooth_syst_arterial,0.02594381931337393
Monocyte_CD14,Myoepithelial,-0.0475356665798832
Monocyte_CD14,NAF_endoneurial,0.08559254113335511
Monocyte_CD14,NAF_perineurial,0.0308875953809544
Monocyte_CD14,NK_CD16hi,0.243504648506908
Monocyte_CD14,NKT,0.23358179764424938
Monocyte_CD14,NK_CD11d,0.23989719978317792
Monocyte_CD14,NK_CD56bright,0.26128410680727854
Monocyte_CD14,Neuroendocrine,0.06805304496544434
Monocyte_CD14,SMG_Basal,-0.05182286525156035
Monocyte_CD14,SMG_Duct,-0.11808194452933267
Monocyte_CD14,SMG_Mucous,0.0337131980594016
Monocyte_CD14,SMG_Serous,-0.11767627178431762
Monocyte_CD14,Schwann_Myelinating,0.0672932594978051
Monocyte_CD14,Schwann_nonmyelinating,0.24136816496462266
Monocyte_CD14,Secretory_Club,0.1856414773521831
Monocyte_CD14,Secretory_Goblet,0.21025910804409131
Monocyte_CD14,Suprabasal,0.06096114023240361
Monocyte_CD14,T_reg,0.26555817320487396
Monocyte_CD14,gdT,0.24636269720883597
Monocyte_CD16,Monocyte_CD16,0.15716316972033703
Monocyte_CD16,Muscle_airway,-0.0009489870418161617
Monocyte_CD16,Muscle_pericyte_airway,-0.17388349880265444
Monocyte_CD16,Muscle_pericyte_parenchyma,0.21477924416450492
Monocyte_CD16,Muscle_perivascular_immune_recruiting,-0.14833045681014811
Monocyte_CD16,Muscle_smooth_pulmonary,0.03150810521818334
Monocyte_CD16,Muscle_smooth_syst_arterial,0.022145092686641606
Monocyte_CD16,Myoepithelial,-0.05111383250905392
Monocyte_CD16,NAF_endoneurial,0.07136620992834905
Monocyte_CD16,NAF_perineurial,0.026913311896872502
Monocyte_CD16,NK_CD16hi,0.1922134490290785
Monocyte_CD16,NKT,0.1853855969283828
Monocyte_CD16,NK_CD11d,0.19001569902171056
Monocyte_CD16,NK_CD56bright,0.2074841350554724
Monocyte_CD16,Neuroendocrine,0.04723839980851412
Monocyte_CD16,SMG_Basal,-0.04002770611068296
Monocyte_CD16,SMG_Duct,-0.10374706843234852
Monocyte_CD16,SMG_Mucous,0.03227830045960117
Monocyte_CD16,SMG_Serous,-0.11146087617139355
Monocyte_CD16,Schwann_Myelinating,0.04526455825933747
Monocyte_CD16,Schwann_nonmyelinating,0.19447890299211748
Monocyte_CD16,Secretory_Club,0.1491098826985534
Monocyte_CD16,Secretory_Goblet,0.1765183244888611
Monocyte_CD16,Suprabasal,0.05957021580172199
Monocyte_CD16,T_reg,0.21156601037644315
Monocyte_CD16,gdT,0.1940867821878303
Muscle_airway,Muscle_airway,-0.06331168515337506
Muscle_airway,Muscle_pericyte_airway,0.03036373026959433
Muscle_airway,Muscle_pericyte_parenchyma,-0.03794768336396884
Muscle_airway,Muscle_perivascular_immune_recruiting,0.03209784530557215
Muscle_airway,Muscle_smooth_pulmonary,-0.06507373941723596
Muscle_airway,Muscle_smooth_syst_arterial,-0.05823079038040115
Muscle_airway,Myoepithelial,0.026185872395616143
Muscle_airway,NAF_endoneurial,-0.06591731929747069
Muscle_airway,NAF_perineurial,-0.06023516356136336
Muscle_airway,NK_CD16hi,-0.02246263120105985
Muscle_airway,NKT,-0.022712763835681098
Muscle_airway,NK_CD11d,-0.02074219704390566
Muscle_airway,NK_CD56bright,-0.024526913093435795
Muscle_airway,Neuroendocrine,-0.0004850802071914602
Muscle_airway,SMG_Basal,0.004080678456989703
Muscle_airway,SMG_Duct,0.052339621101685496
Muscle_airway,SMG_Mucous,0.009245851667781508
Muscle_airway,SMG_Serous,0.05848998336122973
Muscle_airway,Schwann_Myelinating,-0.0078046887521343155
Muscle_airway,Schwann_nonmyelinating,-0.06301939136553864
Muscle_airway,Secretory_Club,0.002891219183596859
Muscle_airway,Secretory_Goblet,-0.027520103888246168
Muscle_airway,Suprabasal,-0.017998759452369464
Muscle_airway,T_reg,-0.030734858013880848
Muscle_airway,gdT,-0.024133352751579473
Muscle_pericyte_airway,Muscle_pericyte_airway,0.23513410345928074
Muscle_pericyte_airway,Muscle_pericyte_parenchyma,-0.256938101311281
Muscle_pericyte_airway,Muscle_perivascular_immune_recruiting,0.1972451128637935
Muscle_pericyte_airway,Muscle_smooth_pulmonary,-0.03341878976841597
Muscle_pericyte_airway,Muscle_smooth_syst_arterial,-0.03310824552635774
Muscle_pericyte_airway,Myoepithelial,0.033060711544330705
Muscle_pericyte_airway,NAF_endoneurial,-0.07210476319198181
Muscle_pericyte_airway,NAF_perineurial,-0.03482122024069645
Muscle_pericyte_airway,NK_CD16hi,-0.22409687189855906
Muscle_pericyte_airway,NKT,-0.21411910820068233
Muscle_pericyte_airway,NK_CD11d,-0.2156444171009023
Muscle_pericyte_airway,NK_CD56bright,-0.2391574092345823
Muscle_pericyte_airway,Neuroendocrine,-0.05422279914926462
Muscle_pericyte_airway,SMG_Basal,0.0691419791098847
Muscle_pericyte_airway,SMG_Duct,0.11294638585591289
Muscle_pericyte_airway,SMG_Mucous,0.016826121132882225
Muscle_pericyte_airway,SMG_Serous,0.08740794158892475
Muscle_pericyte_airway,Schwann_Myelinating,-0.05932364867338184
Muscle_pericyte_airway,Schwann_nonmyelinating,-0.20849741521721007
Muscle_pericyte_airway,Secretory_Club,-0.14410161198186228
Muscle_pericyte_airway,Secretory_Goblet,-0.15584050342802533
Muscle_pericyte_airway,Suprabasal,-0.02624062158879901
Muscle_pericyte_airway,T_reg,-0.24425686102138944
Muscle_pericyte_airway,gdT,-0.2299430880503117
Muscle_pericyte_parenchyma,Muscle_pericyte_parenchyma,0.3004262990040704
Muscle_pericyte_parenchyma,Muscle_perivascular_immune_recruiting,-0.21844790885099655
Muscle_pericyte_parenchyma,Muscle_smooth_pulmonary,0.032280774361978834
Muscle_pericyte_parenchyma,Muscle_smooth_syst_arterial,0.024846596655896773
Muscle_pericyte_parenchyma,Myoepithelial,-0.052457829761103886
Muscle_pericyte_parenchyma,NAF_endoneurial,0.08309503839256259
Muscle_pericyte_parenchyma,NAF_perineurial,0.027513296203778445
Muscle_pericyte_parenchyma,NK_CD16hi,0.2681105781101108
Muscle_pericyte_parenchyma,NKT,0.25663528541812125
Muscle_pericyte_parenchyma,NK_CD11d,0.2626244767435978
Muscle_pericyte_parenchyma,NK_CD56bright,0.28789002469418845
Muscle_pericyte_parenchyma,Neuroendocrine,0.06856594430342726
Muscle_pericyte_parenchyma,SMG_Basal,-0.0714587941116332
Muscle_pericyte_parenchyma,SMG_Duct,-0.13238064961372029
Muscle_pericyte_parenchyma,SMG_Mucous,0.01789544765321375
Muscle_pericyte_parenchyma,SMG_Serous,-0.1233330286984642
Muscle_pericyte_parenchyma,Schwann_Myelinating,0.06953993049136452
Muscle_pericyte_parenchyma,Schwann_nonmyelinating,0.25720027759286934
Muscle_pericyte_parenchyma,Secretory_Club,0.19720000986072164
Muscle_pericyte_parenchyma,Secretory_Goblet,0.2220954809425005
Muscle_pericyte_parenchyma,Suprabasal,0.05733877790423387
Muscle_pericyte_parenchyma,T_reg,0.29215446582398796
Muscle_pericyte_parenchyma,gdT,0.2720158079158493
Muscle_perivascular_immune_recruiting,Muscle_perivascular_immune_recruiting,0.15850268306145354
Muscle_perivascular_immune_recruiting,Muscle_smooth_pulmonary,-0.025072048904956908
Muscle_perivascular_immune_recruiting,Muscle_smooth_syst_arterial,-0.02629771916069091
Muscle_perivascular_immune_recruiting,Myoepithelial,0.0013303556273553626
Muscle_perivascular_immune_recruiting,NAF_endoneurial,-0.060766740188504184
Muscle_perivascular_immune_recruiting,NAF_perineurial,-0.027415763568119887
Muscle_perivascular_immune_recruiting,NK_CD16hi,-0.19018027019817785
Muscle_perivascular_immune_recruiting,NKT,-0.18067082808816518
Muscle_perivascular_immune_recruiting,NK_CD11d,-0.18229666780048098
Muscle_perivascular_immune_recruiting,NK_CD56bright,-0.1997778493776758
Muscle_perivascular_immune_recruiting,Neuroendocrine,-0.060328063927619836
Muscle_perivascular_immune_recruiting,SMG_Basal,0.05631642828207983
Muscle_perivascular_immune_recruiting,SMG_Duct,0.0760358819073405
Muscle_perivascular_immune_recruiting,SMG_Mucous,0.015475995599152994
Muscle_perivascular_immune_recruiting,SMG_Serous,0.04444929263667631
Muscle_perivascular_immune_recruiting,Schwann_Myelinating,-0.06797779151444833
Muscle_perivascular_immune_recruiting,Schwann_nonmyelinating,-0.17552368661417697
Muscle_perivascular_immune_recruiting,Secretory_Club,-0.11784966139932647
Muscle_perivascular_immune_recruiting,Secretory_Goblet,-0.11694937128772251
Muscle_perivascular_immune_recruiting,Suprabasal,-0.003987212192899714
Muscle_perivascular_immune_recruiting,T_reg,-0.20355928699002124
Muscle_perivascular_immune_recruiting,gdT,-0.1955947055591673
Muscle_smooth_pulmonary,Muscle_smooth_pulmonary,-0.057908926916511894
Muscle_smooth_pulmonary,Muscle_smooth_syst_arterial,-0.0522574167873433
Muscle_smooth_pulmonary,Myoepithelial,0.018703892506516388
Muscle_smooth_pulmonary,NAF_endoneurial,-0.05132957580023372
Muscle_smooth_pulmonary,NAF_perineurial,-0.05347280449095133
Muscle_smooth_pulmonary,NK_CD16hi,0.015121641843657706
Muscle_smooth_pulmonary,NKT,0.012951839400440255
Muscle_smooth_pulmonary,NK_CD11d,0.015999201389050255
Muscle_smooth_pulmonary,NK_CD56bright,0.015813009048538874
Muscle_smooth_pulmonary,Neuroendocrine,0.009760223611862124
Muscle_smooth_pulmonary,SMG_Basal,-0.005106784070711246
Muscle_smooth_pulmonary,SMG_Duct,0.03161728826812538
Muscle_smooth_pulmonary,SMG_Mucous,0.0098837986951297
Muscle_smooth_pulmonary,SMG_Serous,0.04052483131058104
Muscle_smooth_pulmonary,Schwann_Myelinating,0.002628767216477212
Muscle_smooth_pulmonary,Schwann_nonmyelinating,-0.0268950497385213
Muscle_smooth_pulmonary,Secretory_Club,0.02970430651417878
Muscle_smooth_pulmonary,Secretory_Goblet,0.0021378718693467608
Muscle_smooth_pulmonary,Suprabasal,-0.010010944503388262
Muscle_smooth_pulmonary,T_reg,0.01036732106457637
Muscle_smooth_pulmonary,gdT,0.013975658996038259
Muscle_smooth_syst_arterial,Muscle_smooth_syst_arterial,-0.04761832083896726
Muscle_smooth_syst_arterial,Myoepithelial,0.014717665829550476
Muscle_smooth_syst_arterial,NAF_endoneurial,-0.050332276677178045
Muscle_smooth_syst_arterial,NAF_perineurial,-0.04895986403280012
Muscle_smooth_syst_arterial,NK_CD16hi,0.00871591644935205
Muscle_smooth_syst_arterial,NKT,0.005742200311269296
Muscle_smooth_syst_arterial,NK_CD11d,0.009908388089579967
Muscle_smooth_syst_arterial,NK_CD56bright,0.01068250027334197
Muscle_smooth_syst_arterial,Neuroendocrine,0.005541859755497408
Muscle_smooth_syst_arterial,SMG_Basal,-0.002509874250018485
Muscle_smooth_syst_arterial,SMG_Duct,0.028537824953940322
Muscle_smooth_syst_arterial,SMG_Mucous,0.005661808892120323
Muscle_smooth_syst_arterial,SMG_Serous,0.037990746048082516
Muscle_smooth_syst_arterial,Schwann_Myelinating,-0.001430339801216608
Muscle_smooth_syst_arterial,Schwann_nonmyelinating,-0.03071993508093006
Muscle_smooth_syst_arterial,Secretory_Club,0.025678225694661518
Muscle_smooth_syst_arterial,Secretory_Goblet,-6.359107595659126e-05
Muscle_smooth_syst_arterial,Suprabasal,-0.006803799686603894
Muscle_smooth_syst_arterial,T_reg,0.004562477988866052
Muscle_smooth_syst_arterial,gdT,0.0074138509593257365
Myoepithelial,Myoepithelial,-0.08960572432176594
Myoepithelial,NAF_endoneurial,-0.013628006211537395
Myoepithelial,NAF_perineurial,0.013199885490050644
Myoepithelial,NK_CD16hi,-0.054156487961143515
Myoepithelial,NKT,-0.05003404226038304
Myoepithelial,NK_CD11d,-0.05272328890029732
Myoepithelial,NK_CD56bright,-0.046109296187350636
Myoepithelial,Neuroendocrine,-0.06602856662565162
Myoepithelial,SMG_Basal,-0.015369498042917299
Myoepithelial,SMG_Duct,-0.05545174405496866
Myoepithelial,SMG_Mucous,-0.050665093747599234
Myoepithelial,SMG_Serous,-0.07451806375245289
Myoepithelial,Schwann_Myelinating,-0.07454922371189439
Myoepithelial,Schwann_nonmyelinating,-0.03790935310912848
Myoepithelial,Secretory_Club,-0.027856703855887215
Myoepithelial,Secretory_Goblet,-0.003932847132473532
Myoepithelial,Suprabasal,0.02498417773400274
Myoepithelial,T_reg,-0.045826810298822206
Myoepithelial,gdT,-0.054473171754134755
NAF_endoneurial,NAF_endoneurial,-0.034690987536952364
NAF_endoneurial,NAF_perineurial,-0.044949395836447394
NAF_endoneurial,NK_CD16hi,0.06719363296540595
NAF_endoneurial,NKT,0.06496755958104367
NAF_endoneurial,NK_CD11d,0.06710566932529033
NAF_endoneurial,NK_CD56bright,0.07237414554339122
NAF_endoneurial,Neuroendocrine,0.014592683923780863
NAF_endoneurial,SMG_Basal,-0.02034457769638899
NAF_endoneurial,SMG_Duct,-0.0015015387896166318
NAF_endoneurial,SMG_Mucous,0.01745398670474799
NAF_endoneurial,SMG_Serous,0.0007635850985302309
NAF_endoneurial,Schwann_Myelinating,0.0061707103114918786
NAF_endoneurial,Schwann_nonmyelinating,0.025572384156862225
NAF_endoneurial,Secretory_Club,0.07144910265966027
NAF_endoneurial,Secretory_Goblet,0.05286556727691243
NAF_endoneurial,Suprabasal,0.00903118569613848
NAF_endoneurial,T_reg,0.06921495233689852
NAF_endoneurial,gdT,0.06699526077984247
NAF_perineurial,NAF_perineurial,-0.04732810284190265
NAF_perineurial,NK_CD16hi,0.01622630426367805
NAF_perineurial,NKT,0.013999332566133877
NAF_perineurial,NK_CD11d,0.01703112980721365
NAF_perineurial,NK_CD56bright,0.017934005241080478
NAF_perineurial,Neuroendocrine,0.010463368849334877
NAF_perineurial,SMG_Basal,-0.004442897936904796
NAF_perineurial,SMG_Duct,0.028978630855664392
NAF_perineurial,SMG_Mucous,0.007247037421187148
NAF_perineurial,SMG_Serous,0.038394607803131295
NAF_perineurial,Schwann_Myelinating,0.001753150067952449
NAF_perineurial,Schwann_nonmyelinating,-0.02308061472515008
NAF_perineurial,Secretory_Club,0.03335839262603984
NAF_perineurial,Secretory_Goblet,0.004056642413370823
NAF_perineurial,Suprabasal,-0.0093038528328424
NAF_perineurial,T_reg,0.012458293779025085
NAF_perineurial,gdT,0.01585446517050414
NK_CD16hi,NK_CD16hi,0.23917133063188542
NK_CD16hi,NKT,0.23113002454215037
NK_CD16hi,NK_CD11d,0.233986794734084
NK_CD16hi,NK_CD56bright,0.25711407186558194
NK_CD16hi,Neuroendocrine,0.052579508744934694
NK_CD16hi,SMG_Basal,-0.06333298158135911
NK_CD16hi,SMG_Duct,-0.13027322947584508
NK_CD16hi,SMG_Mucous,0.01940522587470689
NK_CD16hi,SMG_Serous,-0.1304633283627048
NK_CD16hi,Schwann_Myelinating,0.05288373585714825
NK_CD16hi,Schwann_nonmyelinating,0.23436419033419678
NK_CD16hi,Secretory_Club,0.17313547848358946
NK_CD16hi,Secretory_Goblet,0.20364143697597556
NK_CD16hi,Suprabasal,0.059954535862144616
NK_CD16hi,T_reg,0.26312028526549364
NK_CD16hi,gdT,0.24302858454051732
NKT,NKT,0.22174639398797227
NKT,NK_CD11d,0.2265265971807365
NKT,NK_CD56bright,0.24851089271288285
NKT,Neuroendocrine,0.054672873538920044
NKT,SMG_Basal,-0.055619887314102515
NKT,SMG_Duct,-0.12302022502089763
NKT,SMG_Mucous,0.023668950229186112
NKT,SMG_Serous,-0.12428083201340777
NKT,Schwann_Myelinating,0.054007621656178756
NKT,Schwann_nonmyelinating,0.22844794266334126
NKT,Secretory_Club,0.1735413751488131
NKT,Secretory_Goblet,0.20126495585585324
NKT,Suprabasal,0.06066452529571309
NKT,T_reg,0.2531362912970781
NKT,gdT,0.23360740929586615
NK_CD11d,NK_CD11d,0.2289559714104707
NK_CD11d,NK_CD56bright,0.25087335426313906
NK_CD11d,Neuroendocrine,0.051327269679769236
NK_CD11d,SMG_Basal,-0.06234268918463007
NK_CD11d,SMG_Duct,-0.12557079192170498
NK_CD11d,SMG_Mucous,0.02244806153137406
NK_CD11d,SMG_Serous,-0.1270225065542943
NK_CD11d,Schwann_Myelinating,0.052206101861527326
NK_CD11d,Schwann_nonmyelinating,0.22830557530087495
NK_CD11d,Secretory_Club,0.1658146941771811
NK_CD11d,Secretory_Goblet,0.19698579181226747
NK_CD11d,Suprabasal,0.05779503295770776
NK_CD11d,T_reg,0.2577536988493837
NK_CD11d,gdT,0.23842236892120364
NK_CD56bright,NK_CD56bright,0.27399482469318226
NK_CD56bright,Neuroendocrine,0.06093121677522327
NK_CD56bright,SMG_Basal,-0.06738927824113443
NK_CD56bright,SMG_Duct,-0.13017571599986652
NK_CD56bright,SMG_Mucous,0.023116242212235998
NK_CD56bright,SMG_Serous,-0.12695864914152116
NK_CD56bright,Schwann_Myelinating,0.06322830359363389
NK_CD56bright,Schwann_nonmyelinating,0.24773019905893545
NK_CD56bright,Secretory_Club,0.17832784793026757
NK_CD56bright,Secretory_Goblet,0.20842519632511458
NK_CD56bright,Suprabasal,0.05670628788624286
NK_CD56bright,T_reg,0.28127812122481255
NK_CD56bright,gdT,0.26158315483792216
Neuroendocrine,Neuroendocrine,-0.022871513936148273
Neuroendocrine,SMG_Basal,-0.03144287694075697
Neuroendocrine,SMG_Duct,-0.06340636605875233
Neuroendocrine,SMG_Mucous,-0.006941307792444248
Neuroendocrine,SMG_Serous,-0.08009758586295909
Neuroendocrine,Schwann_Myelinating,-0.024111219993720106
Neuroendocrine,Schwann_nonmyelinating,0.05386553464060501
Neuroendocrine,Secretory_Club,0.038430734584498846
Neuroendocrine,Secretory_Goblet,0.06071909878265168
Neuroendocrine,Suprabasal,0.02851354248760784
Neuroendocrine,T_reg,0.06720269799889125
Neuroendocrine,gdT,0.05723442148867838
SMG_Basal,SMG_Basal,0.0006892694241742767
SMG_Basal,SMG_Duct,0.03122118696230042
SMG_Basal,SMG_Mucous,0.006153110254345966
SMG_Basal,SMG_Serous,0.0222307177809384
SMG_Basal,Schwann_Myelinating,-0.0374853164385575
SMG_Basal,Schwann_nonmyelinating,-0.09135379239364524
SMG_Basal,Secretory_Club,-0.05732286172651353
SMG_Basal,Secretory_Goblet,-0.05931750394510184
SMG_Basal,Suprabasal,-0.007289754280943868
SMG_Basal,T_reg,-0.08098758837912402
SMG_Basal,gdT,-0.07754163893223634
SMG_Duct,SMG_Duct,-0.008874098049301752
SMG_Duct,SMG_Mucous,-0.0316510133357746
SMG_Duct,SMG_Serous,-0.029700207265582545
SMG_Duct,Schwann_Myelinating,-0.07095303053587333
SMG_Duct,Schwann_nonmyelinating,-0.09463619581431353
SMG_Duct,Secretory_Club,-0.0872288505802898
SMG_Duct,Secretory_Goblet,-0.06735413351316916
SMG_Duct,Suprabasal,0.009139298026038262
SMG_Duct,T_reg,-0.12215402349285145
SMG_Duct,gdT,-0.12329709010146744
SMG_Mucous,SMG_Mucous,0.04492646726213586
SMG_Mucous,SMG_Serous,-0.04100442128191526
SMG_Mucous,Schwann_Myelinating,-0.012787051443340504
SMG_Mucous,Schwann_nonmyelinating,0.008103605760148768
SMG_Mucous,Secretory_Club,0.01768007108427668
SMG_Mucous,Secretory_Goblet,0.03758747117586417
SMG_Mucous,Suprabasal,0.03859271839450017
SMG_Mucous,T_reg,0.01760243618729776
SMG_Mucous,gdT,0.011030608816875122
SMG_Serous,SMG_Serous,-0.058280241447531016
SMG_Serous,Schwann_Myelinating,-0.08693711874223756
SMG_Serous,Schwann_nonmyelinating,-0.08198357098422113
SMG_Serous,Secretory_Club,-0.08725507944852877
SMG_Serous,Secretory_Goblet,-0.06186713193827521
SMG_Serous,Suprabasal,0.00829761901778907
SMG_Serous,T_reg,-0.11155575316062435
SMG_Serous,gdT,-0.11557839350159323
Schwann_Myelinating,Schwann_Myelinating,-0.03152688729403945
Schwann_Myelinating,Schwann_nonmyelinating,0.05223086577915296
Schwann_Myelinating,Secretory_Club,0.0467826002730948
Schwann_Myelinating,Secretory_Goblet,0.06955485624551802
Schwann_Myelinating,Suprabasal,0.03371511049231681
Schwann_Myelinating,T_reg,0.07173146122183115
Schwann_Myelinating,gdT,0.06040197019337687
Schwann_nonmyelinating,Schwann_nonmyelinating,0.18485118381590987
Schwann_nonmyelinating,Secretory_Club,0.1672412558194862
Schwann_nonmyelinating,Secretory_Goblet,0.1759430182215263
Schwann_nonmyelinating,Suprabasal,0.039038895342338065
Schwann_nonmyelinating,T_reg,0.2439931983314201
Schwann_nonmyelinating,gdT,0.22946842002217982
Secretory_Club,Secretory_Club,0.09627720925260132
Secretory_Club,Secretory_Goblet,0.12269857550983827
Secretory_Club,Suprabasal,0.02813549353691247
Secretory_Club,T_reg,0.1921739773319151
Secretory_Club,gdT,0.1805714718482534
Secretory_Goblet,Secretory_Goblet,0.1372034252328061
Secretory_Goblet,Suprabasal,0.030060282727678266
Secretory_Goblet,T_reg,0.21254629726404073
Secretory_Goblet,gdT,0.20316395703429452
Suprabasal,Suprabasal,0.00016058918650238083
Suprabasal,T_reg,0.05076037698272536
Suprabasal,gdT,0.052381606556470256
T_reg,T_reg,0.2853216978370576
T_reg,gdT,0.2651731734873912
gdT,gdT,0.24558394138642414
