gene,n_a,n_b,log2_mean_a,log2_mean_b,log2_fc,U,p,p_bh
SSB,5,9,17.808963679467322,18.20241669932939,-0.3934530198620685,0.0,0.000999000999000999,0.8903349614812064
CNPY2,5,9,16.115908473769206,16.712507814864036,-0.59659934109483,0.0,0.000999000999000999,0.8903349614812064
ISLR,5,8,15.193516041132986,16.34609666656744,-1.1525806254344548,0.0,0.001554001554001554,0.8903349614812064
PACSIN2,5,9,17.875390152528198,18.354069807951742,-0.4786796554235444,1.0,0.001998001998001998,0.8903349614812064
MTDH,5,9,19.261439259881985,19.74828351454317,-0.48684425466118597,1.0,0.001998001998001998,0.8903349614812064
LUC7L3,5,9,17.30968219083885,17.67594908520531,-0.3662668943664613,2.0,0.003996003996003996,0.8903349614812064
SUN2,5,9,18.108738524192635,18.435158711168224,-0.3264201869755894,2.0,0.003996003996003996,0.8903349614812064
OGFR,5,9,17.723266177273757,18.00480161215303,-0.2815354348792738,2.0,0.003996003996003996,0.8903349614812064
SELENOM,5,9,15.839645192681555,16.506733299576386,-0.6670881068948304,2.0,0.003996003996003996,0.8903349614812064
CMPK1,5,9,17.83757604922078,18.39871320592881,-0.5611371567080319,2.0,0.003996003996003996,0.8903349614812064
DHTKD1,4,8,15.103773369434158,15.977359661165845,-0.8735862917316872,0.0,0.00404040404040404,0.8903349614812064
HBG2,4,7,19.79957224268889,16.614463453073366,3.185108789615523,28.0,0.006060606060606061,0.8903349614812064
IFIT5,4,7,15.845366994571954,15.136251708111617,0.709115286460337,28.0,0.006060606060606061,0.8903349614812064
ANK3,5,8,15.591236671387204,16.41187418101589,-0.8206375096286855,2.0,0.006216006216006216,0.8903349614812064
CLTB,5,8,17.48509810899809,18.042209546933226,-0.5571114379351343,2.0,0.006216006216006216,0.8903349614812064
LONP1,5,9,18.428668624439066,18.824817873133707,-0.3961492486946412,3.0,0.006993006993006993,0.8903349614812064
TIA1,5,9,19.718596613447453,19.995279205529187,-0.27668259208173396,3.0,0.006993006993006993,0.8903349614812064
LEMD2,5,9,16.97988020636324,17.507369951562918,-0.5274897451996772,3.0,0.006993006993006993,0.8903349614812064
PGRMC1,5,9,18.862320389395226,19.58326623042789,-0.7209458410326626,3.0,0.006993006993006993,0.8903349614812064
RPS21,5,9,20.342911167302727,20.697934411183315,-0.3550232438805878,3.0,0.006993006993006993,0.8903349614812064
IDH2,5,9,20.60356056357511,21.160280131684956,-0.5567195681098482,3.0,0.006993006993006993,0.8903349614812064
PAFAH1B3,5,9,19.63366226686807,20.111684711342296,-0.47802244447422737,3.0,0.006993006993006993,0.8903349614812064
ATP5PD,5,9,19.512625367903908,19.900067300490562,-0.38744193258665405,3.0,0.006993006993006993,0.8903349614812064
ARHGEF2,5,9,20.814522349516267,21.1297475920517,-0.3152252425354334,3.0,0.006993006993006993,0.8903349614812064
SERBP1,5,9,19.19461752271395,19.494631455225814,-0.30001393251186315,3.0,0.006993006993006993,0.8903349614812064
KCNAB2,4,8,16.26348563739087,15.87603772837002,0.3874479090208478,31.0,0.00808080808080808,0.8903349614812064
ENAH,4,8,17.07062768631824,17.879410353354885,-0.8087826670366454,1.0,0.00808080808080808,0.8903349614812064
HEBP2,5,8,16.31588881331377,16.86889425838541,-0.5530054450716406,3.0,0.010878010878010878,0.8903349614812064
FBLN5,4,9,17.648455671595592,18.55339819172653,-0.9049425201309376,2.0,0.011188811188811189,0.8903349614812064
PUF60,4,9,18.65811286728181,18.953642712478832,-0.2955298451970201,2.0,0.011188811188811189,0.8903349614812064
LCMT1,4,9,13.91494538071694,14.679767938675958,-0.7648225579590182,2.0,0.011188811188811189,0.8903349614812064
CHMP3,4,9,17.336801457036934,17.944031119808958,-0.6072296627720242,2.0,0.011188811188811189,0.8903349614812064
ATP6V0A1,5,9,16.255092739110523,15.796633966213777,0.45845877289674597,41.0,0.011988011988011988,0.8903349614812064
BAG6,5,9,17.051602183201865,17.21692353639033,-0.16532135318846386,4.0,0.011988011988011988,0.8903349614812064
PSMD2,5,9,20.041453320304377,20.297969570947252,-0.25651625064287487,4.0,0.011988011988011988,0.8903349614812064
EIF3E,5,9,18.027976220098243,18.313562372062346,-0.28558615196410386,4.0,0.011988011988011988,0.8903349614812064
STMN1,5,9,20.226962857859753,20.692590490632597,-0.46562763277284347,4.0,0.011988011988011988,0.8903349614812064
POR,5,9,18.022269517251992,18.50150690234809,-0.4792373850960985,4.0,0.011988011988011988,0.8903349614812064
AK2,5,9,19.145146761539316,19.450470823492626,-0.30532406195331063,4.0,0.011988011988011988,0.8903349614812064
CALB2,5,9,17.742277907803018,19.145489530497812,-1.4032116226947942,4.0,0.011988011988011988,0.8903349614812064
GNAS,5,9,19.457769359588852,19.244762598138497,0.21300676145035524,41.0,0.011988011988011988,0.8903349614812064
RPS2,5,9,20.234075955571882,20.560559630480157,-0.3264836749082747,4.0,0.011988011988011988,0.8903349614812064
HIBADH,5,9,17.412782799070506,17.777686850798425,-0.36490405172791895,4.0,0.011988011988011988,0.8903349614812064
ZC3H4,3,8,14.144396851981236,13.692027347526507,0.45236950445472957,24.0,0.012121212121212121,0.8903349614812064
RAB9A,4,5,14.792186266945585,15.361834236234818,-0.5696479692892336,0.0,0.015873015873015872,0.8903349614812064
TRIM65,4,8,17.135012397087557,16.697888918843386,0.4371234782441711,30.0,0.01616161616161616,0.8903349614812064
FBXO22,4,8,14.913426272551114,15.580948343164359,-0.667522070613245,2.0,0.01616161616161616,0.8903349614812064
RPE,4,8,16.039480204991854,15.721604340141923,0.31787586484993113,30.0,0.01616161616161616,0.8903349614812064
NME1,4,8,17.2826313001422,17.95373679890838,-0.6711054987661811,2.0,0.01616161616161616,0.8903349614812064
RBM28,3,7,16.383869986532236,15.91243627537277,0.47143371115946664,21.0,0.016666666666666666,0.8903349614812064
ZGPAT,3,7,12.825710397428688,12.277922594184819,0.5477878032438692,21.0,0.016666666666666666,0.8903349614812064
COMMD2,3,7,15.162686585262216,15.635123968243288,-0.47243738298107196,0.0,0.016666666666666666,0.8903349614812064
RNASEH2A,3,7,13.98020640448006,13.18744075537545,0.7927656491046093,21.0,0.016666666666666666,0.8903349614812064
TLK2,3,7,14.20405607164183,14.765146283334131,-0.5610902116923011,0.0,0.016666666666666666,0.8903349614812064
NDRG3,3,7,13.822291513738103,14.45332115677984,-0.631029643041737,0.0,0.016666666666666666,0.8903349614812064
ATXN2L,3,9,16.245961160381245,16.50476069553425,-0.25879953515300613,1.0,0.01818181818181818,0.8903349614812064
AKR1C3,5,8,16.171644168509406,15.548714735151881,0.622929433357525,36.0,0.018648018648018648,0.8903349614812064
OCIAD1,5,8,15.685323226710523,16.089368314491388,-0.40404508778086523,4.0,0.018648018648018648,0.8903349614812064
SLC25A6,5,9,19.041364106797015,19.495680466027636,-0.45431635923062075,5.0,0.01898101898101898,0.8903349614812064
RPL3,5,9,20.97062446635557,21.34884509340751,-0.37822062705193815,5.0,0.01898101898101898,0.8903349614812064
CYB5R1,5,9,16.25187132401162,16.796681590582104,-0.544810266570483,5.0,0.01898101898101898,0.8903349614812064
PSMD3,5,9,18.14786848006501,18.39146812411255,-0.24359964404753853,5.0,0.01898101898101898,0.8903349614812064
PPP2R1A,5,9,19.506992869142078,19.795199842842603,-0.2882069737005253,5.0,0.01898101898101898,0.8903349614812064
PPP1CB,5,9,18.84684355154491,19.217122176629548,-0.37027862508463727,5.0,0.01898101898101898,0.8903349614812064
PRKDC,5,9,21.526629629427042,21.81925728419465,-0.29262765476760677,5.0,0.01898101898101898,0.8903349614812064
GSTK1,5,9,19.75646936305013,20.06241945120557,-0.30595008815544134,5.0,0.01898101898101898,0.8903349614812064
HDGF,5,9,18.98880591286282,19.491548001248944,-0.5027420883861247,5.0,0.01898101898101898,0.8903349614812064
YBX1,5,9,18.37148597833485,18.82648365759697,-0.45499767926212087,5.0,0.01898101898101898,0.8903349614812064
LDHB,5,9,21.168716819537575,21.569886003858482,-0.4011691843209064,5.0,0.01898101898101898,0.8903349614812064
PDAP1,5,9,18.00432488115447,18.511691686420427,-0.5073668052659563,5.0,0.01898101898101898,0.8903349614812064
EIF4G1,5,9,18.54779175008391,18.970944998462237,-0.4231532483783269,5.0,0.01898101898101898,0.8903349614812064
CHD4,5,9,18.238070368807637,18.525435338550306,-0.28736496974266856,5.0,0.01898101898101898,0.8903349614812064
ACAT1,5,9,19.525701480277554,19.820354282562146,-0.2946528022845918,5.0,0.01898101898101898,0.8903349614812064
NARS1,5,9,18.670840583775878,19.093871442847785,-0.42303085907190763,5.0,0.01898101898101898,0.8903349614812064
NNT,5,9,17.33655319721717,17.755871755876363,-0.4193185586591923,5.0,0.01898101898101898,0.8903349614812064
COPG2,4,9,16.029035746676087,16.42114905725004,-0.39211331057395427,3.0,0.019580419580419582,0.8903349614812064
GLS,4,9,18.152210903168623,18.685952559862994,-0.5337416566943709,3.0,0.019580419580419582,0.8903349614812064
FDPS,4,9,17.112972723764667,17.62263328551539,-0.5096605617507244,3.0,0.019580419580419582,0.8903349614812064
NUDT16,4,9,14.903205800934282,14.30912715588736,0.5940786450469222,33.0,0.019580419580419582,0.8903349614812064
EIF2S2,4,9,16.613014683501667,16.968200348829466,-0.3551856653277987,3.0,0.019580419580419582,0.8903349614812064
SPOUT1,3,6,17.393564744986616,16.525690619183894,0.8678741258027216,18.0,0.023809523809523808,0.8903349614812064
TPRKB,3,6,13.099109425461512,14.014445896462172,-0.9153364710006606,0.0,0.023809523809523808,0.8903349614812064
ANAPC1,4,7,11.810414308578876,12.149521628800246,-0.3391073202213697,2.0,0.024242424242424242,0.8903349614812064
PPP1R14B,3,8,13.685625930593853,14.697781812858109,-1.0121558822642562,1.0,0.024242424242424242,0.8903349614812064
IGBP1,3,8,15.07991719765853,14.632102818497376,0.4478143791611533,23.0,0.024242424242424242,0.8903349614812064
UBXN7,3,8,15.09902392001374,15.73312787009219,-0.6341039500784493,1.0,0.024242424242424242,0.8903349614812064
AP1S1,3,8,14.190486411218659,14.823652997986954,-0.6331665867682954,1.0,0.024242424242424242,0.8903349614812064
SMS,3,8,15.978693247603923,16.394118311143814,-0.4154250635398906,1.0,0.024242424242424242,0.8903349614812064
PTGES2,3,8,16.015262461468318,16.50540413914046,-0.4901416776721419,1.0,0.024242424242424242,0.8903349614812064
HARS2,4,7,18.67557153750065,18.034379754827548,0.6411917826731042,26.0,0.024242424242424242,0.8903349614812064
BMS1,3,8,15.21729394844327,14.835285751253611,0.38200819718965917,23.0,0.024242424242424242,0.8903349614812064
CLIP2,4,7,13.514401374333211,14.180967842476418,-0.6665664681432073,2.0,0.024242424242424242,0.8903349614812064
ITGA6,4,8,14.769512000635519,15.169258687182243,-0.39974668654672385,3.0,0.028282828282828285,0.8903349614812064
LSG1,4,8,15.46499939642323,15.047391179490027,0.4176082169332034,29.0,0.028282828282828285,0.8903349614812064
TMX3,4,8,16.936358850744842,17.098907166994316,-0.16254831624947386,3.0,0.028282828282828285,0.8903349614812064
UBLCP1,4,8,17.598965503382328,17.876465648201926,-0.27750014481959795,3.0,0.028282828282828285,0.8903349614812064
HEBP1,5,9,18.03490040573371,18.586923181800355,-0.5520227760666465,6.0,0.02897102897102897,0.8903349614812064
PDLIM5,5,9,18.211460387416047,18.71830203310124,-0.5068416456851921,6.0,0.02897102897102897,0.8903349614812064
IMMT,5,9,19.067498173057857,19.266429085237085,-0.19893091217922887,6.0,0.02897102897102897,0.8903349614812064
CCDC6,5,9,16.99496549507048,17.455611327866166,-0.4606458327956844,6.0,0.02897102897102897,0.8903349614812064
HUWE1,5,9,17.863043295623662,18.17214808896887,-0.30910479334520957,6.0,0.02897102897102897,0.8903349614812064
RPL5,5,9,20.64836679850163,20.97480129553692,-0.32643449703529015,6.0,0.02897102897102897,0.8903349614812064
RPL30,5,9,19.29834078866687,19.584023569060648,-0.2856827803937776,6.0,0.02897102897102897,0.8903349614812064
ITGB1,5,9,17.929654801272843,18.458859100492123,-0.5292042992192805,6.0,0.02897102897102897,0.8903349614812064
PDXDC1,5,9,17.329934207068803,17.83366900720332,-0.5037348001345165,6.0,0.02897102897102897,0.8903349614812064
NDUFA9,5,9,18.1642721295919,18.488529574046076,-0.3242574444541759,6.0,0.02897102897102897,0.8903349614812064
DDX3X,5,9,20.511677893856344,20.821854815469838,-0.3101769216134933,6.0,0.02897102897102897,0.8903349614812064
PABPC1,5,9,19.12585883398064,19.549862899302845,-0.4240040653222046,6.0,0.02897102897102897,0.8903349614812064
ME2,5,9,18.82896387388494,19.092313575293495,-0.2633497014085542,6.0,0.02897102897102897,0.8903349614812064
GPD2,5,9,19.269926935119724,19.558727418773888,-0.288800483654164,6.0,0.02897102897102897,0.8903349614812064
TARS1,5,9,18.31272172390243,18.58874496046367,-0.2760232365612403,6.0,0.02897102897102897,0.8903349614812064
TFRC,5,9,16.44276543065112,17.13780672936029,-0.6950412987091674,6.0,0.02897102897102897,0.8903349614812064
TOR1AIP1,5,9,19.874459226178594,20.155985454359705,-0.28152622818111084,6.0,0.02897102897102897,0.8903349614812064
CSRP1,5,9,19.014111429294424,19.517011488315106,-0.502900059020682,6.0,0.02897102897102897,0.8903349614812064
UMPS,5,9,17.20609718996796,17.485029574965477,-0.2789323849975176,6.0,0.02897102897102897,0.8903349614812064
XPNPEP3,5,8,20.53657875552769,21.078700696393057,-0.5421219408653677,5.0,0.029526029526029528,0.8903349614812064
SREK1,5,8,17.284911387995333,17.521107857221487,-0.23619646922615445,5.0,0.029526029526029528,0.8903349614812064
IVD,5,8,16.115343875716402,16.5468284950922,-0.43148461937579796,5.0,0.029526029526029528,0.8903349614812064
SPRR3,3,7,19.932926603715337,16.729795565425164,3.2031310382901736,20.0,0.03333333333333333,0.8903349614812064
DRAP1,3,7,14.464000513296215,15.242982954374996,-0.7789824410787816,1.0,0.03333333333333333,0.8903349614812064
EIF2AK2,4,9,17.533737781060445,17.894132838426202,-0.36039505736575705,4.0,0.033566433566433566,0.8903349614812064
OSBPL9,4,9,16.660221836329047,16.142622814121815,0.5175990222072322,32.0,0.033566433566433566,0.8903349614812064
THEM6,4,9,17.05667777606536,17.691229719972558,-0.6345519439071978,4.0,0.033566433566433566,0.8903349614812064
HACD3,4,9,17.96086186196173,18.263579283313586,-0.3027174213518542,4.0,0.033566433566433566,0.8903349614812064
NAT10,4,9,17.178146615486682,16.918921032338673,0.2592255831480088,32.0,0.033566433566433566,0.8903349614812064
SEC13,4,9,16.22682470597259,17.03609311719338,-0.809268411220792,4.0,0.033566433566433566,0.8903349614812064
RFC5,4,9,16.899511708425745,16.614186386717346,0.28532532170839886,32.0,0.033566433566433566,0.8903349614812064
DERA,4,9,19.270974223344872,18.719920841719194,0.5510533816256782,32.0,0.033566433566433566,0.8903349614812064
PBXIP1,4,9,16.222551821193388,16.57482739085946,-0.3522755696660731,4.0,0.033566433566433566,0.8903349614812064
KRAS,4,9,16.83395749831304,16.47441976810259,0.35953773021045166,32.0,0.033566433566433566,0.8903349614812064
DHX29,3,5,14.243513462283454,13.80047645258333,0.4430370097001237,15.0,0.03571428571428571,0.8903349614812064
ABRAXAS2,3,9,14.873668932804923,14.129921852370895,0.7437470804340283,25.0,0.03636363636363636,0.8903349614812064
ARFGEF2,4,6,13.704328557589138,14.315952350235667,-0.6116237926465296,2.0,0.0380952380952381,0.8903349614812064
GBP4,4,6,13.916520933699973,13.605903568146667,0.31061736555330555,22.0,0.0380952380952381,0.8903349614812064
FABP4,4,6,17.939750320527416,16.40506242821203,1.534687892315386,22.0,0.0380952380952381,0.8903349614812064
KLKB1,4,6,17.554543465590054,16.683577035115665,0.8709664304743896,22.0,0.0380952380952381,0.8903349614812064
SARM1,4,6,13.345196295029677,13.933932404864159,-0.5887361098344819,2.0,0.0380952380952381,0.8903349614812064
YWHAE,5,9,22.26111691390653,22.656735952757852,-0.3956190388513221,7.0,0.04195804195804195,0.8903349614812064
PRPF6,5,9,19.10031173518386,19.402015252367814,-0.30170351718395594,7.0,0.04195804195804195,0.8903349614812064
GYG1,5,9,18.1009175407301,18.533717452700035,-0.4327999119699335,7.0,0.04195804195804195,0.8903349614812064
PTMA,5,9,21.60526343954064,22.127117489829576,-0.5218540502889368,7.0,0.04195804195804195,0.8903349614812064
EIF3C,5,9,18.38883620464198,18.649055407827532,-0.260219203185553,7.0,0.04195804195804195,0.8903349614812064
RPS17,5,9,18.241402556564985,18.688158501623224,-0.44675594505823923,7.0,0.04195804195804195,0.8903349614812064
ADAR,5,9,19.385101335188935,19.718046112357825,-0.3329447771688905,7.0,0.04195804195804195,0.8903349614812064
PDCD5,5,9,19.276599346422923,19.538754178684048,-0.2621548322611247,7.0,0.04195804195804195,0.8903349614812064
OSBP,5,9,16.612409154519142,16.98815579404753,-0.37574663952838705,7.0,0.04195804195804195,0.8903349614812064
PCBP1,5,9,21.807922633787843,22.08007781837532,-0.2721551845874757,7.0,0.04195804195804195,0.8903349614812064
HYOU1,5,9,19.104725204787307,19.58495493296829,-0.48022972818098353,7.0,0.04195804195804195,0.8903349614812064
CDK5RAP3,5,9,19.12748862952881,19.414374293376376,-0.286885663847567,7.0,0.04195804195804195,0.8903349614812064
GLO1,5,9,17.235370551853226,17.718488162729074,-0.4831176108758477,7.0,0.04195804195804195,0.8903349614812064
KRT18,5,9,18.161326499431972,19.246975900315395,-1.0856494008834225,7.0,0.04195804195804195,0.8903349614812064
FKBP4,5,9,19.76695838081688,20.266808308838932,-0.4998499280220514,7.0,0.04195804195804195,0.8903349614812064
VAPA,5,9,16.50196376715586,16.894838128373,-0.3928743612171388,7.0,0.04195804195804195,0.8903349614812064
MAGOHB,5,9,18.839817505062395,19.189936779733507,-0.3501192746711119,7.0,0.04195804195804195,0.8903349614812064
MAPK3,5,9,18.715911499934787,18.869056409761992,-0.15314490982720486,7.0,0.04195804195804195,0.8903349614812064
MAT2B,5,9,18.281272015620704,18.57799021617246,-0.296718200551755,7.0,0.04195804195804195,0.8903349614812064
MIF,5,9,21.01221327825784,21.491018381245212,-0.4788051029873728,7.0,0.04195804195804195,0.8903349614812064
NAMPT,5,9,17.9700597535749,18.17433420654855,-0.20427445297364955,7.0,0.04195804195804195,0.8903349614812064
NUP93,5,9,17.974414254977397,18.165448597285284,-0.19103434230788707,7.0,0.04195804195804195,0.8903349614812064
HBB,5,9,27.7368008407812,26.400740164671046,1.3360606761101543,38.0,0.04195804195804195,0.8903349614812064
HP,5,9,21.15309046580667,20.64778079058287,0.5053096752237991,38.0,0.04195804195804195,0.8903349614812064
PAPSS1,5,9,18.231362774002637,18.530635890297926,-0.2992731162952893,7.0,0.04195804195804195,0.8903349614812064
TSTD1,5,9,17.89901034768169,18.493266450370314,-0.5942561026886253,7.0,0.04195804195804195,0.8903349614812064
SCFD1,5,9,18.87936498004043,19.197578137593677,-0.3182131575532452,7.0,0.04195804195804195,0.8903349614812064
CTNNB1,5,9,18.742170658433324,19.355837468881123,-0.6136668104477998,7.0,0.04195804195804195,0.8903349614812064
SDHB,5,9,18.027936770257973,18.244776242647927,-0.21683947238995316,7.0,0.04195804195804195,0.8903349614812064
ST13,5,9,19.206685578347084,19.495548682223223,-0.2888631038761389,7.0,0.04195804195804195,0.8903349614812064
DBI,5,9,23.656974944474534,24.23862288437332,-0.5816479398987866,7.0,0.04195804195804195,0.8903349614812064
ATOX1,4,7,14.651243602439024,15.234127743810392,-0.5828841413713679,3.0,0.04242424242424242,0.8903349614812064
QTRT1,5,8,17.06383064703426,17.327163413618287,-0.2633327665840284,6.0,0.04506604506604507,0.8903349614812064
GLMN,3,6,12.935794567295597,12.298794662954782,0.636999904340815,17.0,0.047619047619047616,0.8903349614812064
TNS2,3,6,11.684933989993176,12.210161766191176,-0.5252277761979993,1.0,0.047619047619047616,0.8903349614812064
GGT1,3,6,12.823285698008865,13.756764887108924,-0.9334791891000584,1.0,0.047619047619047616,0.8903349614812064
INO80C,3,6,11.721231369045748,10.71240378357244,1.0088275854733073,17.0,0.047619047619047616,0.8903349614812064
HINT3,3,6,15.164948026821923,14.522420241831066,0.6425277849908575,17.0,0.047619047619047616,0.8903349614812064
MRPS26,3,6,15.515076400690184,15.038950618197054,0.47612578249312953,17.0,0.047619047619047616,0.8903349614812064
IGKV2-24;IGKV2D-24,3,6,17.75663096926473,17.113927741232445,0.6427032280322855,17.0,0.047619047619047616,0.8903349614812064
CYBA,5,7,18.073836275221968,18.808685084285194,-0.7348488090632266,5.0,0.04797979797979798,0.8903349614812064
MTX1,3,8,17.44684194748759,17.918570559597377,-0.47172861210978567,2.0,0.048484848484848485,0.8903349614812064
TFEB,3,8,17.38442037308823,16.679245383132184,0.7051749899560456,22.0,0.048484848484848485,0.8903349614812064
SLC2A3,4,8,16.117734477683605,16.345154197067394,-0.22741971938378924,4.0,0.04848484848484849,0.8903349614812064
IFIT1,4,8,16.34251045834652,17.096491346310444,-0.7539808879639232,4.0,0.04848484848484849,0.8903349614812064
DNAJA2,4,8,17.252936726261247,17.67354010074235,-0.42060337448110374,4.0,0.04848484848484849,0.8903349614812064
SYMPK,4,8,15.466305307012922,15.8027821753608,-0.33647686834787827,4.0,0.04848484848484849,0.8903349614812064
MRPL17,4,8,15.0332505234279,15.424327934346628,-0.3910774109187276,4.0,0.04848484848484849,0.8903349614812064
SORBS2,4,8,16.350441921269027,17.271722428066134,-0.9212805067971068,4.0,0.04848484848484849,0.8903349614812064
ARAP1,4,8,17.464560972534667,17.30994517057229,0.15461580196237534,28.0,0.04848484848484849,0.8903349614812064
ANKFY1,4,8,18.5808038445431,18.877945180243483,-0.29714133570038115,4.0,0.04848484848484849,0.8903349614812064
NAE1,4,9,16.942191827466132,17.42555590028037,-0.4833640728142363,5.0,0.050349650349650346,0.8903349614812064
HNRNPH2,4,9,16.77255474348882,17.2724564802489,-0.49990173676008,5.0,0.050349650349650346,0.8903349614812064
PTMS,4,9,16.35596159994185,16.986094320783867,-0.6301327208420169,5.0,0.050349650349650346,0.8903349614812064
UCHL3,4,9,16.935062123765814,17.376963244639168,-0.44190112087335365,5.0,0.050349650349650346,0.8903349614812064
STX4,4,9,19.325974720734237,19.701700607013226,-0.37572588627898895,5.0,0.050349650349650346,0.8903349614812064
NUTF2,4,9,19.138590932639705,19.609702718473628,-0.4711117858339229,5.0,0.050349650349650346,0.8903349614812064
DCTN4,4,9,16.754772451065534,17.08605187904936,-0.3312794279838265,5.0,0.050349650349650346,0.8903349614812064
SBDS,4,9,16.672249146337997,17.173819855395188,-0.5015707090571908,5.0,0.050349650349650346,0.8903349614812064
CAPRIN1,4,9,17.228816889848115,17.542434761856924,-0.313617872008809,5.0,0.050349650349650346,0.8903349614812064
TOMM70,4,9,16.737835329259152,17.35573722139437,-0.6179018921352188,5.0,0.050349650349650346,0.8903349614812064
CYP1B1,4,9,17.54321213954879,16.95632203336959,0.5868901061791973,31.0,0.050349650349650346,0.8903349614812064
TRIP6,4,9,17.595536358429865,17.89274191117877,-0.29720555274890614,5.0,0.050349650349650346,0.8903349614812064
ATAD3A,4,9,17.435457416075803,17.701750489550633,-0.2662930734748308,5.0,0.050349650349650346,0.8903349614812064
AK1,4,9,17.02200520372574,16.541414534919284,0.48059066880645673,31.0,0.050349650349650346,0.8903349614812064
ABI1,4,9,15.590677311851644,15.859659080062519,-0.2689817682108746,5.0,0.050349650349650346,0.8903349614812064
LYPLAL1,4,9,16.04903027900827,16.28542175477267,-0.23639147576439967,5.0,0.050349650349650346,0.8903349614812064
STAT3,4,9,17.306663175047557,17.561721142762753,-0.25505796771519584,5.0,0.050349650349650346,0.8903349614812064
NDUFB11,4,9,17.105499289043816,17.45615812686017,-0.3506588378163542,5.0,0.050349650349650346,0.8903349614812064
YBX3,4,9,19.483895320312524,19.973636128387504,-0.48974080807498055,5.0,0.050349650349650346,0.8903349614812064
BPNT1,4,9,17.223301688723566,17.705619893029752,-0.48231820430618555,5.0,0.050349650349650346,0.8903349614812064
ANXA8,4,9,18.739423859681207,17.88583311332298,0.8535907463582255,31.0,0.050349650349650346,0.8903349614812064
ITGA2B,3,4,14.015907119214118,12.898669120632078,1.1172379985820395,12.0,0.05714285714285714,0.8903349614812064
FYCO1,3,4,13.671136090471528,13.007321659330062,0.663814431141466,12.0,0.05714285714285714,0.8903349614812064
PPP2R5A,3,4,15.84452024442048,15.395733958158482,0.44878628626199735,12.0,0.05714285714285714,0.8903349614812064
HBG1,4,3,17.776372115104824,15.944412554223343,1.8319595608814812,12.0,0.05714285714285714,0.8903349614812064
MANF,5,9,18.254859819988983,18.87448811543554,-0.6196282954465566,8.0,0.05994005994005994,0.8903349614812064
CSE1L,5,9,19.4045669029099,19.59816586313046,-0.19359896022056233,8.0,0.05994005994005994,0.8903349614812064
HADHB,5,9,20.442787787263505,20.70697451730564,-0.2641867300421339,8.0,0.05994005994005994,0.8903349614812064
COPA,5,9,19.694374460956034,20.06384022104842,-0.3694657600923854,8.0,0.05994005994005994,0.8903349614812064
KRT7,5,9,21.243662718692924,22.5462504016163,-1.3025876829233773,8.0,0.05994005994005994,0.8903349614812064
PSMD5,5,9,18.039581498937867,18.18519527128356,-0.14561377234569406,8.0,0.05994005994005994,0.8903349614812064
VWA1,5,9,18.3697173376046,18.00601304895305,0.3637042886515509,37.0,0.05994005994005994,0.8903349614812064
PSMD11,5,9,19.26208803884453,19.48904998617637,-0.22696194733183717,8.0,0.05994005994005994,0.8903349614812064
PRSS2,5,9,18.843606834051922,17.544692203287767,1.2989146307641555,37.0,0.05994005994005994,0.8903349614812064
HBA1,5,9,25.867948547335754,24.46995465960577,1.3979938877299851,37.0,0.05994005994005994,0.8903349614812064
DDX46,5,9,18.964089004027834,19.16681917550198,-0.20273017147414762,8.0,0.05994005994005994,0.8903349614812064
CAPNS1,5,9,19.7215259149062,19.889886979152738,-0.16836106424653963,8.0,0.05994005994005994,0.8903349614812064
PREX1,5,9,17.15475303071141,17.327232320666234,-0.17247928995482198,8.0,0.05994005994005994,0.8903349614812064
MARS1,5,9,17.41395538362347,17.693262762620027,-0.2793073789965561,8.0,0.05994005994005994,0.8903349614812064
CPSF6,5,9,18.126803028352203,18.488435615651643,-0.3616325872994395,8.0,0.05994005994005994,0.8903349614812064
TUBB3,5,9,21.939221020566414,22.537903103442854,-0.5986820828764401,8.0,0.05994005994005994,0.8903349614812064
USP14,5,9,19.00769000107673,19.256501977637175,-0.24881197656044662,8.0,0.05994005994005994,0.8903349614812064
TOM1,5,9,17.544731683383066,17.826678765951915,-0.2819470825688484,8.0,0.05994005994005994,0.8903349614812064
STOML2,5,9,18.271564275609762,18.56755976679209,-0.29599549118232815,8.0,0.05994005994005994,0.8903349614812064
SDHA,5,9,20.48996299691766,20.54870566916715,-0.058742672249486816,8.0,0.05994005994005994,0.8903349614812064
CAST,5,9,18.16184790436885,18.42957835368361,-0.2677304493147581,8.0,0.05994005994005994,0.8903349614812064
TARDBP,5,9,18.670202859439968,18.973760221645115,-0.3035573622051473,8.0,0.05994005994005994,0.8903349614812064
ARFGEF1,5,9,16.94725981278515,17.485096673917116,-0.5378368611319679,8.0,0.05994005994005994,0.8903349614812064
SF3B6,5,9,18.131791209576008,18.356391673873254,-0.22460046429724656,8.0,0.05994005994005994,0.8903349614812064
ATP2B4,5,9,16.961686223546277,17.276664110825898,-0.31497788727962117,8.0,0.05994005994005994,0.8903349614812064
NAA15,5,9,17.5010613251827,17.674836792803628,-0.17377546762092777,8.0,0.05994005994005994,0.8903349614812064
UQCRC2,5,9,17.897286871503667,18.106035374528634,-0.2087485030249674,8.0,0.05994005994005994,0.8903349614812064
SF3B1,5,9,18.240884516433024,18.386352416793297,-0.14546790036027346,8.0,0.05994005994005994,0.8903349614812064
DDB1,5,9,17.803498271418594,17.96715538169555,-0.16365711027695795,8.0,0.05994005994005994,0.8903349614812064
PEA15,5,9,18.802042434811263,19.003101309201462,-0.2010588743901991,8.0,0.05994005994005994,0.8903349614812064
S100A13,5,9,16.121461807141326,16.753820061179766,-0.63235825403844,8.0,0.05994005994005994,0.8903349614812064
RAB2A,5,9,20.022836234869526,20.398365977138063,-0.37552974226853664,8.0,0.05994005994005994,0.8903349614812064
ALDH18A1,5,9,16.75181518882014,17.18990271350717,-0.43808752468703105,8.0,0.05994005994005994,0.8903349614812064
ARCN1,5,9,19.090739106519937,19.493291599077587,-0.4025524925576498,8.0,0.05994005994005994,0.8903349614812064
USP9X,5,9,17.68627481147987,17.890192197210784,-0.20391738573091445,8.0,0.05994005994005994,0.8903349614812064
RPL10A,5,9,20.817360298457988,21.041991298232666,-0.22463099977467849,8.0,0.05994005994005994,0.8903349614812064
ARF5,5,9,21.478379266040598,21.89181371031236,-0.41343444427176124,8.0,0.05994005994005994,0.8903349614812064
LMO7,5,9,16.283074350190688,15.823075057854075,0.4599992923366134,37.0,0.05994005994005994,0.8903349614812064
COX6C,5,9,19.357364149517906,19.66782855433955,-0.3104644048216443,8.0,0.05994005994005994,0.8903349614812064
RAB13,5,9,18.68393170851983,18.911417615955283,-0.2274859074354545,8.0,0.05994005994005994,0.8903349614812064
COL6A6,4,5,17.724730281525087,16.462070293495554,1.262659988029533,18.0,0.06349206349206349,0.9378253119429588
ARAF,3,9,14.062558400606108,13.640532957317252,0.42202544328885594,24.0,0.06363636363636363,0.9378253119429588
DDX27,5,8,16.214162550866117,16.462926596681548,-0.248764045815431,7.0,0.06526806526806528,0.9525982256020279
HNRNPLL,3,7,16.5087070095518,15.961659994694687,0.547047014857112,19.0,0.06666666666666667,0.9525982256020279
TEX10,4,6,15.84757940725034,15.459468471049,0.38811093620133974,21.0,0.06666666666666667,0.9525982256020279
MRPL54,3,7,13.82328917614017,14.194063511998706,-0.3707743358585365,2.0,0.06666666666666667,0.9525982256020279
SCO1,3,7,15.238647639377128,14.976559477741576,0.2620881616355515,19.0,0.06666666666666667,0.9525982256020279
RGS10,3,7,15.969470577638115,16.439142408700146,-0.4696718310620316,2.0,0.06666666666666667,0.9525982256020279
FLYWCH2,3,7,14.303749507220651,13.495622924267197,0.8081265829534541,19.0,0.06666666666666667,0.9525982256020279
TBC1D10A,3,7,12.473306913626663,11.869168485383332,0.6041384282433313,19.0,0.06666666666666667,0.9525982256020279
ATP2A1,3,5,18.6613500728065,17.83106903393087,0.8302810388756292,14.0,0.07142857142857142,0.9710751142621813
RAI14,3,5,14.982471368479352,14.52969563656121,0.4527757319181429,14.0,0.07142857142857142,0.9710751142621813
MRPS27,4,7,15.556916407417077,15.282323109073028,0.27459329834404933,24.0,0.07272727272727272,0.9710751142621813
MYL1,4,7,15.697379453605741,17.167842450566557,-1.4704629969608156,4.0,0.07272727272727272,0.9710751142621813
FAM91A1,4,7,15.523828165083106,15.88715760792966,-0.36332944284655433,4.0,0.07272727272727272,0.9710751142621813
TNPO2,4,7,13.392219676781567,13.726367196437536,-0.33414751965596956,4.0,0.07272727272727272,0.9710751142621813
OAT,4,8,16.658781790229895,17.194320661199583,-0.5355388709696882,5.0,0.07272727272727274,0.9710751142621813
MT-ND5,4,8,15.006304037871336,14.639794901809156,0.36650913606218083,27.0,0.07272727272727274,0.9710751142621813
MAN2A1,4,8,14.618833468887136,14.039176952101208,0.5796565167859278,27.0,0.07272727272727274,0.9710751142621813
LSM1,4,8,16.894831940667693,17.464654718824512,-0.5698227781568193,5.0,0.07272727272727274,0.9710751142621813
PPIL2,4,8,14.278419320834768,14.005381280698522,0.273038040136246,27.0,0.07272727272727274,0.9710751142621813
S100B,4,8,16.73821847767755,17.668571182451466,-0.9303527047739166,5.0,0.07272727272727274,0.9710751142621813
SNX9,4,9,14.973373090628904,14.533079994076852,0.4402930965520522,30.0,0.07552447552447553,0.9710751142621813
CLPP,4,9,18.832272669497677,19.163885382344624,-0.3316127128469475,6.0,0.07552447552447553,0.9710751142621813
WNK1,4,9,16.23018448232048,16.4639908438552,-0.23380636153471812,6.0,0.07552447552447553,0.9710751142621813
BID,4,9,17.043141428311305,17.42336626004251,-0.3802248317312049,6.0,0.07552447552447553,0.9710751142621813
SUMF2,4,9,17.940409233751836,18.324542779035948,-0.3841335452841115,6.0,0.07552447552447553,0.9710751142621813
AP1G1,4,9,16.619017211496377,16.824937478462363,-0.2059202669659861,6.0,0.07552447552447553,0.9710751142621813
PSMF1,4,9,14.966318420709683,15.207607305912534,-0.24128888520285052,6.0,0.07552447552447553,0.9710751142621813
ADSL,4,9,16.932986591865543,17.180970717492002,-0.24798412562645922,6.0,0.07552447552447553,0.9710751142621813
PDHB,5,9,19.2527285140641,19.531989317508632,-0.27926080344453297,9.0,0.08291708291708291,0.9710751142621813
EIF5B,5,9,17.130808482654007,17.364569017948774,-0.23376053529476692,9.0,0.08291708291708291,0.9710751142621813
CSTF2T,5,9,16.793846540831076,17.16433023118255,-0.3704836903514739,9.0,0.08291708291708291,0.9710751142621813
UBA1,5,9,22.712085792779767,22.939572812716314,-0.22748701993654663,9.0,0.08291708291708291,0.9710751142621813
FLNB,5,9,19.755080779273733,20.134862573717733,-0.37978179444399984,9.0,0.08291708291708291,0.9710751142621813
CALU,5,9,18.648909472913665,19.319739842327138,-0.6708303694134727,9.0,0.08291708291708291,0.9710751142621813
NSFL1C,5,9,17.675671667759982,17.975291858629387,-0.2996201908694047,9.0,0.08291708291708291,0.9710751142621813
ACO2,5,9,19.33246675619111,19.575143448055876,-0.24267669186476581,9.0,0.08291708291708291,0.9710751142621813
NDUFS1,5,9,18.604336316380994,18.825189897225425,-0.2208535808444303,9.0,0.08291708291708291,0.9710751142621813
ATP13A1,5,9,17.04526287561534,17.451044934853087,-0.40578205923774746,9.0,0.08291708291708291,0.9710751142621813
NAPA,5,9,18.095525879760817,18.358247025595023,-0.262721145834206,9.0,0.08291708291708291,0.9710751142621813
USP5,5,9,19.19118928301038,19.438837894255066,-0.24764861124468496,9.0,0.08291708291708291,0.9710751142621813
NACA,5,9,20.047631596339194,19.815236342193405,0.2323952541457892,36.0,0.08291708291708291,0.9710751142621813
MATR3,5,9,20.297342476897203,20.501886525444757,-0.20454404854755381,9.0,0.08291708291708291,0.9710751142621813
TUBB2A,5,9,19.733381165896716,20.640137333659634,-0.9067561677629179,9.0,0.08291708291708291,0.9710751142621813
SNX12,5,9,17.510581610885986,17.803518145351532,-0.29293653446554657,9.0,0.08291708291708291,0.9710751142621813
AGRN,5,9,16.89083035858736,17.38357094829845,-0.49274058971109014,9.0,0.08291708291708291,0.9710751142621813
DGLUCY,5,9,15.332400892491373,15.65746218709026,-0.32506129459888733,9.0,0.08291708291708291,0.9710751142621813
COPG1,5,9,18.945357975558387,19.287347343950493,-0.34198936839210603,9.0,0.08291708291708291,0.9710751142621813
CCDC124,5,9,18.81838456073698,19.03441538620078,-0.21603082546380037,9.0,0.08291708291708291,0.9710751142621813
DYNC1H1,5,9,20.350563909677934,20.57122255733805,-0.220658647660116,9.0,0.08291708291708291,0.9710751142621813
PSMC3,5,9,19.341301647287032,19.515684975802134,-0.17438332851510197,9.0,0.08291708291708291,0.9710751142621813
HSPD1,5,9,21.765237417984796,21.92312214058439,-0.15788472259959363,9.0,0.08291708291708291,0.9710751142621813
DHRS7,5,9,17.233429985748867,17.670289767427203,-0.4368597816783364,9.0,0.08291708291708291,0.9710751142621813
TPR,5,9,20.30355136722365,20.466625708476773,-0.1630743412531217,9.0,0.08291708291708291,0.9710751142621813
API5,5,9,16.91925678152513,17.212442729521797,-0.2931859479966654,9.0,0.08291708291708291,0.9710751142621813
RPL23A,5,9,21.29614637856049,21.511313562515934,-0.21516718395544387,9.0,0.08291708291708291,0.9710751142621813
PNPLA6,5,9,16.085322968665672,15.901097682390255,0.18422528627541723,36.0,0.08291708291708291,0.9710751142621813
HMGB2,5,9,23.032741493908155,22.444574870502827,0.5881666234053284,36.0,0.08291708291708291,0.9710751142621813
CMAS,5,9,17.08891920695744,17.376530791099068,-0.28761158414162935,9.0,0.08291708291708291,0.9710751142621813
QARS1,5,9,19.031740346677157,19.30911525484556,-0.27737490816840094,9.0,0.08291708291708291,0.9710751142621813
RAB10,5,9,19.394905422847117,19.671536048886612,-0.27663062603949484,9.0,0.08291708291708291,0.9710751142621813
RAB1A,5,9,19.606644150060788,19.912379293280676,-0.3057351432198878,9.0,0.08291708291708291,0.9710751142621813
CPSF1,5,9,20.15624006966339,19.98570752661113,0.17053254305226062,36.0,0.08291708291708291,0.9710751142621813
FARSB,5,9,18.78842194760488,18.96130779396219,-0.1728858463573104,9.0,0.08291708291708291,0.9710751142621813
GRN,3,8,14.728379984762439,14.092479727556112,0.6359002572063268,21.0,0.08484848484848484,0.9710751142621813
NT5DC1,3,8,15.605447712640393,16.158564279109914,-0.5531165664695212,3.0,0.08484848484848484,0.9710751142621813
METTL13,3,8,12.430193619020327,12.823744235153917,-0.39355061613358977,3.0,0.08484848484848484,0.9710751142621813
KLK11,3,8,17.160859002034424,15.62833739804487,1.5325216039895544,21.0,0.08484848484848484,0.9710751142621813
PON2,3,8,15.65888034437448,16.289694975367265,-0.6308146309927842,3.0,0.08484848484848484,0.9710751142621813
MBD2,3,8,17.242540904912016,17.524514672251883,-0.281973767339867,3.0,0.08484848484848484,0.9710751142621813
MAOB,3,8,14.847435905730338,15.457791633163865,-0.610355727433527,3.0,0.08484848484848484,0.9710751142621813
GADD45GIP1,3,8,13.684732260284166,14.027290379407102,-0.3425581191229359,3.0,0.08484848484848484,0.9710751142621813
RPS27,5,8,17.52394752931354,17.860073135670298,-0.3361256063567595,8.0,0.09324009324009325,0.9710751142621813
GATD3;GATD3B,5,8,18.19115263406349,17.906330622347326,0.2848220117161624,32.0,0.09324009324009325,0.9710751142621813
IGF2R,5,8,14.133642828966046,14.375412151758814,-0.2417693227927682,8.0,0.09324009324009325,0.9710751142621813
BIN1,5,8,15.525342668733325,15.895343343392032,-0.3700006746587068,8.0,0.09324009324009325,0.9710751142621813
CDC37,5,8,19.44408854445625,19.752496836780814,-0.30840829232456457,8.0,0.09324009324009325,0.9710751142621813
AGFG1,5,8,14.532778653535672,14.868065672385065,-0.3352870188493924,8.0,0.09324009324009325,0.9710751142621813
MTOR,5,8,17.820889450256022,18.034052813249303,-0.21316336299328142,8.0,0.09324009324009325,0.9710751142621813
CTNNBL1,5,8,16.226368524587276,16.405385751622624,-0.17901722703534872,8.0,0.09324009324009325,0.9710751142621813
XPO5,3,6,15.330811531409916,15.619068291395257,-0.28825675998534095,2.0,0.09523809523809523,0.9710751142621813
SELENOF,3,9,20.39196401544282,20.774691109135787,-0.3827270936929672,4.0,0.09999999999999999,0.9710751142621813
CSPG4,3,9,17.59672799335801,18.28130770477196,-0.6845797114139529,4.0,0.09999999999999999,0.9710751142621813
MBOAT2,3,3,13.557115371876009,11.993073179159273,1.5640421927167356,9.0,0.1,0.9710751142621813
PRXL2A,5,7,15.06614417493194,15.508028862883378,-0.441884687951438,7.0,0.10606060606060606,0.9710751142621813
F11R,4,9,17.538606720680097,17.900270748945488,-0.3616640282653911,7.0,0.1062937062937063,0.9710751142621813
CDK1,4,9,17.75738018478922,18.371661235008435,-0.6142810502192155,7.0,0.1062937062937063,0.9710751142621813
SKP1,4,9,17.12202119094885,17.633180977239622,-0.5111597862907722,7.0,0.1062937062937063,0.9710751142621813
PTK2,4,9,15.455384302256498,15.965723082114392,-0.5103387798578947,7.0,0.1062937062937063,0.9710751142621813
IRF9,4,9,15.658152099364282,16.19138419322942,-0.5332320938651396,7.0,0.1062937062937063,0.9710751142621813
RPA3,4,9,18.397679797352808,18.13185173233968,0.26582806501312817,29.0,0.1062937062937063,0.9710751142621813
PCNA,4,9,17.173859847335724,17.470221700535184,-0.2963618531994605,7.0,0.1062937062937063,0.9710751142621813
PLAA,4,9,15.485329542096649,15.792520176477028,-0.30719063438037963,7.0,0.1062937062937063,0.9710751142621813
FIS1,4,9,16.946867282147835,17.36661326467666,-0.41974598252882345,7.0,0.1062937062937063,0.9710751142621813
ACAP2,4,9,15.625362916608806,15.305691387190002,0.3196715294188035,29.0,0.1062937062937063,0.9710751142621813
PPP4C,4,9,15.785142683209132,16.08399778573091,-0.29885510252177916,7.0,0.1062937062937063,0.9710751142621813
EIF3J,4,9,20.423537859708816,20.71667114578086,-0.29313328607204525,7.0,0.1062937062937063,0.9710751142621813
MEMO1,4,9,16.347157622464543,15.834093812565628,0.5130638098989149,29.0,0.1062937062937063,0.9710751142621813
EIF4B,4,9,18.16178270329401,18.494366631359274,-0.33258392806526516,7.0,0.1062937062937063,0.9710751142621813
SLIRP,4,9,17.499169004796627,17.797872902224714,-0.2987038974280871,7.0,0.1062937062937063,0.9710751142621813
CKB,4,9,16.6941551275099,17.807850544450023,-1.1136954169401214,7.0,0.1062937062937063,0.9710751142621813
TXNRD1,4,9,17.860422649236007,18.222964704714236,-0.3625420554782295,7.0,0.1062937062937063,0.9710751142621813
MMAB,4,9,14.05186053844777,14.525546353554681,-0.47368581510691143,7.0,0.1062937062937063,0.9710751142621813
RSL1D1,4,9,16.89848878430941,17.3793037710564,-0.48081498674698864,7.0,0.1062937062937063,0.9710751142621813
IAH1,4,9,16.26648054781012,16.553701907781,-0.28722135997088216,7.0,0.1062937062937063,0.9710751142621813
TARS2,4,9,17.443771138286778,17.739763314910746,-0.2959921766239688,7.0,0.1062937062937063,0.9710751142621813
KIF2A,4,9,19.5966311780392,19.309430980892817,0.2872001971463831,29.0,0.1062937062937063,0.9710751142621813
PSMD6,4,9,18.043896554415596,18.25999297190271,-0.2160964174871154,7.0,0.1062937062937063,0.9710751142621813
SDC1,4,9,15.781994483547148,16.743787693195284,-0.9617932096481354,7.0,0.1062937062937063,0.9710751142621813
PPM1G,4,9,17.361900337828548,17.57955766362722,-0.21765732579867247,7.0,0.1062937062937063,0.9710751142621813
LAGE3,4,7,13.998233979010065,13.500816905156967,0.4974170738530983,23.0,0.10909090909090909,0.9710751142621813
MFF,4,7,14.08792904228308,14.805324461476546,-0.7173954191934673,5.0,0.10909090909090909,0.9710751142621813
NOP9,4,7,14.927131704506497,14.60573890912364,0.3213927953828577,23.0,0.10909090909090909,0.9710751142621813
CHMP2B,4,8,16.977442924083604,16.539745760754947,0.43769716332865727,26.0,0.1090909090909091,0.9710751142621813
ZPR1,4,8,15.855058282359789,15.59512956547185,0.25992871688793784,26.0,0.1090909090909091,0.9710751142621813
LAMTOR4,4,8,16.284481353379633,15.948368023481876,0.33611332989775633,26.0,0.1090909090909091,0.9710751142621813
HLA-F,4,8,17.57926090242102,17.32342292866953,0.25583797375148976,26.0,0.1090909090909091,0.9710751142621813
SUPT5H,4,8,16.711062986700487,16.930947887062274,-0.21988490036178732,6.0,0.1090909090909091,0.9710751142621813
PPP3CB,4,8,14.948826569375022,15.26431244701792,-0.3154858776428977,6.0,0.1090909090909091,0.9710751142621813
IGHV3-30;IGHV3-30-5,4,8,16.779751110872027,16.275312520260666,0.5044385906113611,26.0,0.1090909090909091,0.9710751142621813
LBP,4,8,17.46534252669764,16.77404975770901,0.6912927689886281,26.0,0.1090909090909091,0.9710751142621813
HS1BP3,4,8,14.071904823461544,13.782114706270898,0.2897901171906465,26.0,0.1090909090909091,0.9710751142621813
PTPRE,4,8,15.741630365032428,15.290676931961263,0.45095343307116487,26.0,0.1090909090909091,0.9710751142621813
THUMPD3,4,8,12.130685831226451,12.45027078552869,-0.31958495430223977,6.0,0.1090909090909091,0.9710751142621813
CFAP20,4,8,14.663821067456517,14.282393145924743,0.38142792153177396,26.0,0.1090909090909091,0.9710751142621813
IFI44,4,8,15.92993642680235,16.675661155379125,-0.745724728576775,6.0,0.1090909090909091,0.9710751142621813
GLG1,5,9,18.510981410574,18.915999080928238,-0.40501767035423697,10.0,0.11188811188811189,0.9710751142621813
CANX,5,9,21.14208643182042,21.459441570916884,-0.3173551390964633,10.0,0.11188811188811189,0.9710751142621813
CAPS,5,9,18.522144290227274,19.549851650261985,-1.0277073600347109,10.0,0.11188811188811189,0.9710751142621813
HADHA,5,9,19.461477467077334,19.79839164243358,-0.33691417535624524,10.0,0.11188811188811189,0.9710751142621813
CPPED1,5,9,18.360580236845763,18.58167940050122,-0.221099163655456,10.0,0.11188811188811189,0.9710751142621813
SUCLG2,5,9,18.63016745652947,18.777793906976342,-0.14762645044687162,10.0,0.11188811188811189,0.9710751142621813
KRT17,5,9,27.1682971723732,26.164702236753463,1.0035949356197378,35.0,0.11188811188811189,0.9710751142621813
ISOC1,5,9,18.09873920060875,18.335710757538394,-0.23697155692964245,10.0,0.11188811188811189,0.9710751142621813
COL6A1,5,9,24.087979092958168,22.73303982307535,1.3549392698828164,35.0,0.11188811188811189,0.9710751142621813
KRT6A,5,9,27.47791895809042,26.153875282453505,1.324043675636915,35.0,0.11188811188811189,0.9710751142621813
KRT6B,5,9,24.09333124268015,22.740117873559416,1.3532133691207342,35.0,0.11188811188811189,0.9710751142621813
HSPA1L,5,9,22.124683578907007,22.540361873150243,-0.41567829424323577,10.0,0.11188811188811189,0.9710751142621813
HSP90AB1,5,9,22.566327615203498,22.826569792217228,-0.26024217701372976,10.0,0.11188811188811189,0.9710751142621813
COL6A3,5,9,25.407790232647024,24.106400101419506,1.3013901312275173,35.0,0.11188811188811189,0.9710751142621813
HBD,5,9,21.253740438614336,20.089104693319833,1.164635745294504,35.0,0.11188811188811189,0.9710751142621813
GMPS,5,9,18.157580556423007,18.36848460741242,-0.2109040509894129,10.0,0.11188811188811189,0.9710751142621813
SSBP1,5,9,19.84384088632691,20.204792664872922,-0.36095177854601346,10.0,0.11188811188811189,0.9710751142621813
YARS1,5,9,17.83733475644062,18.002007735077402,-0.16467297863678354,10.0,0.11188811188811189,0.9710751142621813
CD2AP,5,9,16.044060244562978,16.38279906354594,-0.33873881898296077,10.0,0.11188811188811189,0.9710751142621813
COL6A2,5,9,23.69705153288652,22.369149844758926,1.327901688127593,35.0,0.11188811188811189,0.9710751142621813
COX5A,5,9,20.180954174219195,20.27917062508793,-0.09821645086873332,10.0,0.11188811188811189,0.9710751142621813
DDX60,5,9,12.714780970210612,13.344141873176227,-0.6293609029656153,10.0,0.11188811188811189,0.9710751142621813
PNN,5,9,17.78680070662056,17.983903621813997,-0.1971029151934367,10.0,0.11188811188811189,0.9710751142621813
UBE2L3,5,9,17.097796142917407,17.540553284524,-0.4427571416065952,10.0,0.11188811188811189,0.9710751142621813
TXNL1,5,9,17.5494641038455,17.844793482347175,-0.2953293785016733,10.0,0.11188811188811189,0.9710751142621813
ATP6V0D1,5,9,16.532975383981523,16.928421891992468,-0.39544650801094505,10.0,0.11188811188811189,0.9710751142621813
PDHA1,5,9,20.401790959769137,20.641788203996995,-0.23999724422785818,10.0,0.11188811188811189,0.9710751142621813
PGAM1,5,9,20.514949436444887,20.82401150309061,-0.30906206664572267,10.0,0.11188811188811189,0.9710751142621813
PGLYRP2,5,9,16.378053532652626,15.890389192399457,0.4876643402531684,35.0,0.11188811188811189,0.9710751142621813
ASS1,5,9,17.685448885654534,18.308507434599726,-0.6230585489451919,10.0,0.11188811188811189,0.9710751142621813
EIF3B,5,9,18.996348020988208,19.15248181105409,-0.15613379006588346,10.0,0.11188811188811189,0.9710751142621813
MAPRE1,5,9,17.6908325321666,18.009528367058707,-0.3186958348921074,10.0,0.11188811188811189,0.9710751142621813
ACTG1,5,9,19.288691596423526,19.52521133121381,-0.23651973479028499,10.0,0.11188811188811189,0.9710751142621813
ALDOA,5,9,23.452614166211724,23.610399502566334,-0.15778533635461045,10.0,0.11188811188811189,0.9710751142621813
PRDX5,5,9,21.005241260315593,21.27986060426595,-0.2746193439503557,10.0,0.11188811188811189,0.9710751142621813
CLTA,5,9,19.040850727894842,19.297061838959284,-0.2562111110644416,10.0,0.11188811188811189,0.9710751142621813
PSMC2,5,9,18.479747245337563,18.667292673915,-0.18754542857743672,10.0,0.11188811188811189,0.9710751142621813
TMX1,5,9,19.159494874170726,19.407921951133584,-0.2484270769628587,10.0,0.11188811188811189,0.9710751142621813
SH3BGRL,5,9,20.1837151679243,20.486598874636652,-0.30288370671235043,10.0,0.11188811188811189,0.9710751142621813
SF3B2,5,9,19.10529862849096,19.360910445893552,-0.25561181740259187,10.0,0.11188811188811189,0.9710751142621813
SF1,5,9,20.32602976959923,20.511656176833583,-0.1856264072343521,10.0,0.11188811188811189,0.9710751142621813
DPY30,5,9,16.451557389908714,16.826657471538013,-0.37510008162929864,10.0,0.11188811188811189,0.9710751142621813
SYNCRIP,5,9,20.802849464868647,20.963171082632712,-0.1603216177640654,10.0,0.11188811188811189,0.9710751142621813
TBCA,5,9,17.170860485580256,17.366155124135588,-0.1952946385553318,10.0,0.11188811188811189,0.9710751142621813
NUCB1,5,9,19.48081680380527,19.705603833730333,-0.22478702992506427,10.0,0.11188811188811189,0.9710751142621813
UBE2V2,5,9,19.592308882629276,19.89070428455098,-0.2983954019217059,10.0,0.11188811188811189,0.9710751142621813
NOP2,5,9,17.956843645321282,18.19838970467833,-0.24154605935704865,10.0,0.11188811188811189,0.9710751142621813
MRPL39,5,9,17.51462854108068,17.780824405972982,-0.2661958648923033,10.0,0.11188811188811189,0.9710751142621813
BTF3L4,5,9,18.147608393870545,18.452977726330868,-0.30536933246032305,10.0,0.11188811188811189,0.9710751142621813
SUMO2,5,9,18.73602798725413,19.115264419598823,-0.37923643234469395,10.0,0.11188811188811189,0.9710751142621813
EMD,5,9,18.880862954520435,19.233506456321567,-0.3526435018011327,10.0,0.11188811188811189,0.9710751142621813
ETFA,5,9,18.57136063278151,18.78550943037885,-0.21414879759733907,10.0,0.11188811188811189,0.9710751142621813
ESYT2,5,9,17.00247376465442,17.407435408226263,-0.4049616435718413,10.0,0.11188811188811189,0.9710751142621813
NMNAT1,4,6,15.582873410281163,14.880277656864328,0.7025957534168352,20.0,0.11428571428571428,0.9850589777195281
TBCEL,3,4,12.099942696523216,11.399701585857501,0.7002411106657149,11.0,0.11428571428571428,0.9850589777195281
CPE,4,4,16.161773121756188,14.912000611480702,1.249772510275486,14.0,0.11428571428571428,0.9850589777195281
TIGAR,3,7,16.656740441953833,16.981940545454496,-0.32520010350066286,3.0,0.11666666666666667,0.9874624624624625
PUS7,3,7,13.987340618651594,14.613944617833694,-0.6266039991821,3.0,0.11666666666666667,0.9874624624624625
VAV2,3,7,14.21944258086844,13.301481149235883,0.9179614316325573,18.0,0.11666666666666667,0.9874624624624625
XPO4,3,7,15.053524256155058,15.566551613488338,-0.5130273573332804,3.0,0.11666666666666667,0.9874624624624625
HDAC6,3,7,13.528527690250712,14.172582177960676,-0.6440544877099637,3.0,0.11666666666666667,0.9874624624624625
EIF3M,3,7,17.578963527938303,17.292743675283468,0.28621985265483474,18.0,0.11666666666666667,0.9874624624624625
WDR33,3,7,13.504896085542958,13.719296990295632,-0.21440090475267404,3.0,0.11666666666666667,0.9874624624624625
WDR44,3,7,13.32053730980631,13.76601469118214,-0.44547738137582904,3.0,0.11666666666666667,0.9874624624624625
ASMTL,5,8,15.13184715747811,15.394219909812561,-0.2623727523344517,9.0,0.12742812742812742,0.9918131513876195
ANKRD13A,5,8,14.270582605652066,14.804479220140465,-0.5338966144883983,9.0,0.12742812742812742,0.9918131513876195
CA1,5,8,20.2511566150453,19.313913306765187,0.937243308280113,31.0,0.12742812742812742,0.9918131513876195
PRPSAP2,5,8,16.9738157867946,17.474411882678922,-0.5005960958843225,9.0,0.12742812742812742,0.9918131513876195
PPP1R9B,5,8,15.376929851558817,15.687227508921186,-0.31029765736236925,9.0,0.12742812742812742,0.9918131513876195
TRAPPC9,3,8,13.68539074638749,14.204619317877146,-0.5192285714896556,4.0,0.13333333333333333,0.9918131513876195
WDR36,3,8,16.172672388416434,15.886567417210085,0.28610497120634903,20.0,0.13333333333333333,0.9918131513876195
CYP20A1,3,8,12.691969465938,13.248864253268312,-0.5568947873303127,4.0,0.13333333333333333,0.9918131513876195
VPS45,3,8,14.662846870827792,14.967319295305998,-0.304472424478206,4.0,0.13333333333333333,0.9918131513876195
PGP,3,8,15.360666666848898,15.739579925812857,-0.37891325896395855,4.0,0.13333333333333333,0.9918131513876195
CCDC43,3,5,14.434859982248454,13.961592304552065,0.47326767769638955,13.0,0.14285714285714285,0.9918131513876195
HBS1L,3,5,14.583678495694516,14.869655579734195,-0.28597708403967914,2.0,0.14285714285714285,0.9918131513876195
RBP1,3,5,15.625327092828568,16.407058144323205,-0.7817310514946367,2.0,0.14285714285714285,0.9918131513876195
RPP25L,3,5,14.175115986067402,13.43538589318183,0.739730092885571,13.0,0.14285714285714285,0.9918131513876195
VRK1,3,5,13.746119877047919,14.19353719474043,-0.44741731769251025,2.0,0.14285714285714285,0.9918131513876195
SPTLC1,3,9,16.049678217110696,16.45869311733939,-0.40901490022869424,5.0,0.14545454545454545,0.9918131513876195
SLC4A1AP,3,9,14.353741921666876,14.868416092720391,-0.5146741710535156,5.0,0.14545454545454545,0.9918131513876195
NUDCD1,3,9,17.776806204686068,17.9580042867275,-0.1811980820414334,5.0,0.14545454545454545,0.9918131513876195
VPS36,3,9,17.943026345822414,18.434696460439195,-0.491670114616781,5.0,0.14545454545454545,0.9918131513876195
PSME1,5,9,20.127250230397216,20.46614186323761,-0.3388916328403937,11.0,0.14685314685314685,0.9918131513876195
PSMD1,5,9,18.060450043590638,18.25144748389314,-0.1909974403025032,11.0,0.14685314685314685,0.9918131513876195
HSP90AA1,5,9,22.388504861737207,22.635122546024675,-0.2466176842874681,11.0,0.14685314685314685,0.9918131513876195
PTBP1,5,9,20.448365534103072,20.62759316704755,-0.1792276329444782,11.0,0.14685314685314685,0.9918131513876195
HSPA6,5,9,22.470131709855973,22.76305482403756,-0.2929231141815869,11.0,0.14685314685314685,0.9918131513876195
USP39,5,9,17.073136337211963,17.233799872766472,-0.16066353555450874,11.0,0.14685314685314685,0.9918131513876195
CCT7,5,9,19.259224196797,19.411979102943814,-0.1527549061468143,11.0,0.14685314685314685,0.9918131513876195
COPB1,5,9,18.07753779196254,18.428298052655894,-0.3507602606933524,11.0,0.14685314685314685,0.9918131513876195
EHD4,5,9,19.750426538974345,19.467861517483932,0.28256502149041296,34.0,0.14685314685314685,0.9918131513876195
SCAMP3,5,9,18.179295939279825,18.36975687030942,-0.1904609310295946,11.0,0.14685314685314685,0.9918131513876195
SARS1,5,9,17.912854813975066,18.213017444339442,-0.30016263036437607,11.0,0.14685314685314685,0.9918131513876195
S100A6,5,9,23.865018464546832,24.31281277340364,-0.4477943088568068,11.0,0.14685314685314685,0.9918131513876195
RUVBL1,5,9,19.216342192368472,19.38252270030029,-0.16618050793181638,11.0,0.14685314685314685,0.9918131513876195
RTRAF,5,9,17.141686378027618,17.38051450523587,-0.23882812720825086,11.0,0.14685314685314685,0.9918131513876195
COL14A1,5,9,22.94149819132219,21.749354465864766,1.1921437254574236,34.0,0.14685314685314685,0.9918131513876195
FAM3C,5,9,18.841755399383594,19.264020526391278,-0.4222651270076838,11.0,0.14685314685314685,0.9918131513876195
RPS10,5,9,20.103424964649967,20.383629207645114,-0.280204242995147,11.0,0.14685314685314685,0.9918131513876195
MAP1S,5,9,16.16891536122463,16.366442602477253,-0.19752724125262233,11.0,0.14685314685314685,0.9918131513876195
DLD,5,9,20.297488353313128,20.43671877149258,-0.13923041817945148,11.0,0.14685314685314685,0.9918131513876195
DNAJA1,5,9,15.587742510020067,16.038761181076495,-0.4510186710564277,11.0,0.14685314685314685,0.9918131513876195
MACROH2A2,5,9,21.47884319505486,21.63795010673318,-0.15910691167831814,11.0,0.14685314685314685,0.9918131513876195
MNDA,5,9,17.7571108484554,17.47310904286776,0.28400180558764276,34.0,0.14685314685314685,0.9918131513876195
HNRNPA1,5,9,23.125697756701587,23.292433531297906,-0.16673577459631872,11.0,0.14685314685314685,0.9918131513876195
RPL9,5,9,19.773875671455283,19.967591640697844,-0.19371596924256096,11.0,0.14685314685314685,0.9918131513876195
ARHGDIA,5,9,21.20899298119556,21.452470669246676,-0.24347768805111514,11.0,0.14685314685314685,0.9918131513876195
LANCL1,5,9,16.6629638787419,16.91886608587967,-0.25590220713777256,11.0,0.14685314685314685,0.9918131513876195
PSMB8,5,9,18.722183965163662,18.87642992517985,-0.15424596001618696,11.0,0.14685314685314685,0.9918131513876195
PCYT1A,5,9,17.062449949519255,17.29107362855359,-0.22862367903433523,11.0,0.14685314685314685,0.9918131513876195
PAK2,5,9,17.110511909162177,17.30007316875715,-0.18956125959497427,11.0,0.14685314685314685,0.9918131513876195
EIF3L,5,9,17.965897406997392,18.21813841151059,-0.2522410045131984,11.0,0.14685314685314685,0.9918131513876195
SPRR1A,5,9,22.314049113726508,20.517158349121612,1.7968907646048962,34.0,0.14685314685314685,0.9918131513876195
PA2G4,5,9,19.913187839456658,20.034884978893647,-0.12169713943698923,11.0,0.14685314685314685,0.9918131513876195
AK3,5,9,20.66034930872157,20.86189782196535,-0.20154851324377887,11.0,0.14685314685314685,0.9918131513876195
SLC25A13,5,9,16.36524007277949,16.85855855734501,-0.4933184845655205,11.0,0.14685314685314685,0.9918131513876195
SMARCA5,5,9,18.20586623795246,18.33768836693129,-0.13182212897882906,11.0,0.14685314685314685,0.9918131513876195
KRT3,5,9,25.381839714871262,24.206564052458987,1.1752756624122753,34.0,0.14685314685314685,0.9918131513876195
CALR,5,9,21.44801465952292,21.78718956764361,-0.3391749081206896,11.0,0.14685314685314685,0.9918131513876195
CREB1,5,9,15.513784776572146,15.06683589657443,0.4469488799977164,34.0,0.14685314685314685,0.9918131513876195
EIF6,5,9,18.638907583069106,19.07882968521993,-0.43992210215082395,11.0,0.14685314685314685,0.9918131513876195
KTN1,5,9,18.164178151317664,18.405863969571936,-0.24168581825427182,11.0,0.14685314685314685,0.9918131513876195
ELOB,5,9,17.00112163042099,17.17283672914167,-0.17171509872068214,11.0,0.14685314685314685,0.9918131513876195
SMC1A,5,9,19.28635741568035,19.369457957048304,-0.08310054136795486,11.0,0.14685314685314685,0.9918131513876195
SRSF6,5,9,18.90871069683076,19.199992375336524,-0.29128167850576503,11.0,0.14685314685314685,0.9918131513876195
FARSA,5,9,17.64051487566248,17.83570053133849,-0.19518565567600987,11.0,0.14685314685314685,0.9918131513876195
IGKV3D-7,5,9,22.06051716166542,21.466859926197007,0.5936572354684131,34.0,0.14685314685314685,0.9918131513876195
LNPK,5,9,13.534888017329962,13.808560490229256,-0.2736724728992943,11.0,0.14685314685314685,0.9918131513876195
CLINT1,5,9,16.529821270118866,16.7250576535095,-0.19523638339063254,11.0,0.14685314685314685,0.9918131513876195
SRRT,5,9,18.075998223367684,18.36175798903864,-0.2857597656709565,11.0,0.14685314685314685,0.9918131513876195
ASL,5,9,14.021447825180667,14.224107296506544,-0.2026594713258767,11.0,0.14685314685314685,0.9918131513876195
PPCS,5,9,18.24345028889237,18.132871667767418,0.11057862112495087,34.0,0.14685314685314685,0.9918131513876195
IGKV4-1,5,9,19.44913644099962,18.964276295094958,0.484860145904662,34.0,0.14685314685314685,0.9918131513876195
IARS2,5,9,16.731356519288987,17.01123211716251,-0.2798755978735237,11.0,0.14685314685314685,0.9918131513876195
PRPF31,5,9,16.382324022988875,16.705778136246924,-0.3234541132580482,11.0,0.14685314685314685,0.9918131513876195
CTTN,5,9,19.485818902707656,19.900732111338183,-0.4149132086305265,11.0,0.14685314685314685,0.9918131513876195
MYL6,5,9,22.746482881555252,23.078891915116927,-0.3324090335616745,11.0,0.14685314685314685,0.9918131513876195
CRKL,5,9,17.296145189523095,17.518622085176972,-0.22247689565387674,11.0,0.14685314685314685,0.9918131513876195
ACTN1,5,9,21.158080708204622,21.592540254160227,-0.43445954595560465,11.0,0.14685314685314685,0.9918131513876195
SRSF10,5,9,18.91047871030073,19.00198356348442,-0.0915048531836895,11.0,0.14685314685314685,0.9918131513876195
SNRNP200,5,9,18.634216103932562,18.749297003856867,-0.1150808999243047,11.0,0.14685314685314685,0.9918131513876195
DDX19A,4,9,19.458658802306786,19.6626491100441,-0.20399030773731397,8.0,0.14825174825174825,0.9918131513876195
CRIP2,4,9,14.745384687778785,15.063144452550128,-0.3177597647713437,8.0,0.14825174825174825,0.9918131513876195
FUBP3,4,9,18.265647631667356,18.470073980514865,-0.20442634884750888,8.0,0.14825174825174825,0.9918131513876195
FAM98B,4,9,16.957496704705033,17.2573206681501,-0.2998239634450677,8.0,0.14825174825174825,0.9918131513876195
DTD1,4,9,17.39308030012387,17.022895336562033,0.3701849635618366,28.0,0.14825174825174825,0.9918131513876195
DHCR7,4,9,17.982549472862694,18.56512957365716,-0.5825801007944662,8.0,0.14825174825174825,0.9918131513876195
CRIP1,4,9,19.67205296511995,19.954321072760408,-0.2822681076404585,8.0,0.14825174825174825,0.9918131513876195
NUP160,4,9,15.592826512269248,15.316635269958864,0.27619124231038406,28.0,0.14825174825174825,0.9918131513876195
MAP2K3,4,9,16.469560298547727,16.21841565442911,0.25114464411861803,28.0,0.14825174825174825,0.9918131513876195
BZW2,4,9,17.668294911220034,18.093997056527613,-0.42570214530757866,8.0,0.14825174825174825,0.9918131513876195
KPNA1,4,9,15.551252809505437,15.211165846126717,0.34008696337872024,28.0,0.14825174825174825,0.9918131513876195
PRKAA1,4,9,16.050807094611777,16.327774113201418,-0.2769670185896409,8.0,0.14825174825174825,0.9918131513876195
ADSS2,4,9,17.91532980634034,18.0662629633975,-0.15093315705716037,8.0,0.14825174825174825,0.9918131513876195
RNF31,4,9,13.82530985578356,14.155941440349453,-0.3306315845658929,8.0,0.14825174825174825,0.9918131513876195
NSUN2,4,9,18.297122500787108,18.534307245208883,-0.23718474442177495,8.0,0.14825174825174825,0.9918131513876195
CARHSP1,4,9,17.709164922555118,17.904040880078426,-0.19487595752330833,8.0,0.14825174825174825,0.9918131513876195
UQCRB,4,9,16.128945063205688,16.374439171405722,-0.2454941082000346,8.0,0.14825174825174825,0.9918131513876195
CDH1,4,9,17.272836333282154,17.90713263160551,-0.6342962983233562,8.0,0.14825174825174825,0.9918131513876195
PDPR,4,9,15.878133855673948,16.220878851105958,-0.3427449954320103,8.0,0.14825174825174825,0.9918131513876195
PC,4,9,17.746491824996856,18.409155940472314,-0.662664115475458,8.0,0.14825174825174825,0.9918131513876195
C11orf98,4,9,15.318302339407122,15.00567158801014,0.3126307513969824,28.0,0.14825174825174825,0.9918131513876195
OSGEP,4,9,16.027304135501435,16.403093221894625,-0.37578908639319053,8.0,0.14825174825174825,0.9918131513876195
CCDC22,4,9,22.625243218210905,22.488604297703382,0.13663892050752224,28.0,0.14825174825174825,0.9918131513876195
YY1,4,9,17.303051539138984,17.769600535312115,-0.46654899617313106,8.0,0.14825174825174825,0.9918131513876195
SEPHS1,4,9,15.510574736048753,15.934749134591215,-0.424174398542462,8.0,0.14825174825174825,0.9918131513876195
HEATR1,4,9,14.809451131449432,14.608080429427806,0.20137070202162555,28.0,0.14825174825174825,0.9918131513876195
SSRP1,4,9,19.386234579360778,19.64285767440404,-0.2566230950432633,8.0,0.14825174825174825,0.9918131513876195
RBM22,4,9,14.869158255891044,15.16956311812573,-0.30040486223468577,8.0,0.14825174825174825,0.9918131513876195
DDB2,5,5,14.53167167920281,13.956634160531427,0.5750375186713832,20.0,0.15079365079365079,0.9918131513876195
NRBP1,4,8,14.611079963482954,15.258896969594442,-0.6478170061114881,7.0,0.15353535353535355,0.9918131513876195
PIGK,4,8,15.625018086289236,16.018061027499282,-0.39304294121004624,7.0,0.15353535353535355,0.9918131513876195
NDUFB5,4,8,15.924795161746255,15.530394647608222,0.3944005141380327,25.0,0.15353535353535355,0.9918131513876195
OVCA2,4,8,12.49416243821424,12.912113866441297,-0.4179514282270578,7.0,0.15353535353535355,0.9918131513876195
CSTF2,4,8,15.96827440207696,16.364175329384793,-0.39590092730783333,7.0,0.15353535353535355,0.9918131513876195
TBCD,4,8,16.056282364535733,15.830294562991982,0.22598780154375042,25.0,0.15353535353535355,0.9918131513876195
AGBL2,4,8,18.697310908140107,17.687071917099857,1.01023899104025,25.0,0.15353535353535355,0.9918131513876195
STING1,4,8,15.654833173373733,15.269315825710024,0.3855173476637095,25.0,0.15353535353535355,0.9918131513876195
IGKV1-17,4,8,15.285485971747596,14.775484759383222,0.510001212364374,25.0,0.15353535353535355,0.9918131513876195
AP1G2,4,8,16.407738305180246,16.671016112294204,-0.2632778071139583,7.0,0.15353535353535355,0.9918131513876195
WASHC5,4,8,15.069452213361902,15.200029837522518,-0.13057762416061536,7.0,0.15353535353535355,0.9918131513876195
VTA1,4,8,16.622293429576068,16.908929246958174,-0.28663581738210553,7.0,0.15353535353535355,0.9918131513876195
VPS39,4,8,14.345874379366599,13.876002693570566,0.4698716857960328,25.0,0.15353535353535355,0.9918131513876195
KGD4,4,8,15.337686236968977,15.533052809254864,-0.19536657228588616,7.0,0.15353535353535355,0.9918131513876195
RFC4,4,8,16.159407506657576,16.386461682815533,-0.22705417615795653,7.0,0.15353535353535355,0.9918131513876195
REPS1,4,8,15.03359060320632,15.384761721981539,-0.351171118775218,7.0,0.15353535353535355,0.9918131513876195
LARP1,4,8,14.808704023712595,14.543731940371465,0.26497208334112976,25.0,0.15353535353535355,0.9918131513876195
ARID2,4,7,11.515790015498068,11.990066063153392,-0.4742760476553247,6.0,0.16363636363636364,0.9918131513876195
IGLV3-25,4,7,16.993144863809896,16.606426362474558,0.3867185013353378,22.0,0.16363636363636364,0.9918131513876195
MRPL46,3,6,15.896907983700737,15.506051548540766,0.3908564351599715,15.0,0.16666666666666666,0.9918131513876195
SYNE3,3,6,12.790477155205691,13.405610326279037,-0.6151331710733459,3.0,0.16666666666666666,0.9918131513876195
KDELR1,3,6,15.098182749569032,14.348454096513741,0.7497286530552909,15.0,0.16666666666666666,0.9918131513876195
PLB1,3,6,14.589228397384327,13.572834167189532,1.0163942301947948,15.0,0.16666666666666666,0.9918131513876195
IRF8,3,6,13.322995474987927,12.7637411521058,0.5592543228821274,15.0,0.16666666666666666,0.9918131513876195
MED25,3,6,10.956935227776995,10.440266851571609,0.5166683762053861,15.0,0.16666666666666666,0.9918131513876195
CYFIP2,5,8,17.840626496374927,18.385391283524875,-0.5447647871499477,10.0,0.17094017094017094,0.9918131513876195
EFL1,5,8,16.334377649661683,16.568790904243652,-0.2344132545819697,10.0,0.17094017094017094,0.9918131513876195
SHMT1,5,8,15.9319981750992,16.14817251978565,-0.21617434468645058,10.0,0.17094017094017094,0.9918131513876195
EIF1AX,5,8,18.858395956872915,19.163526908599394,-0.3051309517264791,10.0,0.17094017094017094,0.9918131513876195
OGA,5,8,15.506582692652177,15.796714946385396,-0.29013225373321916,10.0,0.17094017094017094,0.9918131513876195
SH3BP1,5,8,17.698826042185036,18.136703509210257,-0.43787746702522057,10.0,0.17094017094017094,0.9918131513876195
CXorf38,5,8,13.440398727139874,13.138714846522827,0.30168388061704654,30.0,0.17094017094017094,0.9918131513876195
TNPO3,5,8,15.771285241887872,15.992491266029049,-0.22120602414117663,10.0,0.17094017094017094,0.9918131513876195
NFATC2,5,8,17.789035477200894,18.22017359008447,-0.43113811288357695,10.0,0.17094017094017094,0.9918131513876195
HRG,5,8,18.424936630801266,18.03143092062261,0.39350571017865477,30.0,0.17094017094017094,0.9918131513876195
UBQLN2,5,8,16.250036972988863,16.43179988072013,-0.1817629077312688,10.0,0.17094017094017094,0.9918131513876195
ENO2,5,8,18.859919843192305,19.24126052277301,-0.38134067958070617,10.0,0.17094017094017094,0.9918131513876195
MAGED2,5,8,15.334114287386416,15.843419784760158,-0.5093054973737416,10.0,0.17094017094017094,0.9918131513876195
MOB1A,5,8,19.252889545103137,19.4263485052343,-0.17345896013116402,10.0,0.17094017094017094,0.9918131513876195
CAMK2D,5,8,17.831442137312145,17.616102136616725,0.21534000069542003,30.0,0.17094017094017094,0.9918131513876195
RPS6KA1,4,6,15.554221589396768,15.170424361302885,0.38379722809388284,19.0,0.17142857142857143,0.9918131513876195
RNMT,3,7,15.40972778489492,14.923442367224272,0.4862854176706488,17.0,0.18333333333333335,0.9918131513876195
OARD1,3,7,14.103570241325615,13.344635106783656,0.758935134541959,17.0,0.18333333333333335,0.9918131513876195
PTPRA,3,7,13.931583850650272,13.604901878132655,0.3266819725176173,17.0,0.18333333333333335,0.9918131513876195
NAXD,3,7,14.21827187898881,13.525193174896188,0.6930787040926223,17.0,0.18333333333333335,0.9918131513876195
ACP7,3,7,18.804387798493565,17.786218356881708,1.0181694416118567,17.0,0.18333333333333335,0.9918131513876195
COG3,3,7,16.12197741994995,15.745784817448083,0.3761926025018667,17.0,0.18333333333333335,0.9918131513876195
PQBP1,3,7,13.907879479684047,14.56498510345806,-0.6571056237740134,4.0,0.18333333333333335,0.9918131513876195
PPIG,3,7,14.265154628190237,14.63386214305026,-0.3687075148600236,4.0,0.18333333333333335,0.9918131513876195
ESRP1,3,7,16.973732397900857,17.46523067525019,-0.4914982773493328,4.0,0.18333333333333335,0.9918131513876195
NCBP2,3,7,14.721417244055639,15.074247194375564,-0.3528299503199257,4.0,0.18333333333333335,0.9918131513876195
XPO7,5,9,16.147561427146833,16.32261150020662,-0.17505007305978637,12.0,0.18981018981018982,0.9918131513876195
SMARCA4,5,9,17.37505674432503,17.500862576455265,-0.12580583213023644,12.0,0.18981018981018982,0.9918131513876195
SHMT2,5,9,19.18358087007005,19.32777615603125,-0.14419528596119946,12.0,0.18981018981018982,0.9918131513876195
SOD3,5,9,18.459813289784826,18.94919176381933,-0.48937847403450263,12.0,0.18981018981018982,0.9918131513876195
YTHDC1,5,9,17.17503438673234,17.512408369129307,-0.3373739823969686,12.0,0.18981018981018982,0.9918131513876195
DDX1,5,9,19.398950701660006,19.54971116070066,-0.15076045904065438,12.0,0.18981018981018982,0.9918131513876195
CPSF7,5,9,18.906165994024445,19.11978507655436,-0.21361908252991668,12.0,0.18981018981018982,0.9918131513876195
VPS35,5,9,18.9475626327397,19.04866612035362,-0.10110348761391919,12.0,0.18981018981018982,0.9918131513876195
DARS2,5,9,16.680526417229828,16.494496690292138,0.18602972693769004,33.0,0.18981018981018982,0.9918131513876195
SUGT1,5,9,18.418494567377397,18.754206826590316,-0.3357122592129187,12.0,0.18981018981018982,0.9918131513876195
VPS29,5,9,17.92800458691905,18.1291409530145,-0.20113636609544727,12.0,0.18981018981018982,0.9918131513876195
SRP14,5,9,19.660222451778974,19.888038002492586,-0.22781555071361126,12.0,0.18981018981018982,0.9918131513876195
SRSF5,5,9,20.904926456889683,21.189006425109124,-0.2840799682194408,12.0,0.18981018981018982,0.9918131513876195
UGP2,5,9,18.637748777362948,18.786904618234896,-0.14915584087194844,12.0,0.18981018981018982,0.9918131513876195
U2AF1,5,9,18.98516822210891,19.177995804008084,-0.1928275818991736,12.0,0.18981018981018982,0.9918131513876195
TUBB6,5,9,19.83862127492578,20.11641534904477,-0.27779407411899015,12.0,0.18981018981018982,0.9918131513876195
CTBP1,5,9,19.166062071443072,19.34039831887828,-0.17433624743520681,12.0,0.18981018981018982,0.9918131513876195
TUBA4A,5,9,23.566143383587256,23.84808465284116,-0.2819412692539025,12.0,0.18981018981018982,0.9918131513876195
CTNND1,5,9,18.50839732422184,18.9037920067415,-0.3953946825196617,12.0,0.18981018981018982,0.9918131513876195
TPD52L2,5,9,17.334056293643282,17.740335561516424,-0.40627926787314195,12.0,0.18981018981018982,0.9918131513876195
TFG,5,9,17.79886805515593,18.061199424625674,-0.2623313694697451,12.0,0.18981018981018982,0.9918131513876195
TPD52,5,9,16.494824390517525,17.0337940573062,-0.5389696667886739,12.0,0.18981018981018982,0.9918131513876195
TMSB10,5,9,18.926517265775818,19.23336666085836,-0.3068493950825406,12.0,0.18981018981018982,0.9918131513876195
DARS1,5,9,18.832720214531268,18.99802133975864,-0.16530112522737284,12.0,0.18981018981018982,0.9918131513876195
GSTO1,5,9,19.69808457048315,19.874067131589875,-0.17598256110672494,12.0,0.18981018981018982,0.9918131513876195
PYCARD,5,9,18.66675372099389,18.998123455932554,-0.33136973493866506,12.0,0.18981018981018982,0.9918131513876195
SEC31A,5,9,18.204405226121892,18.49988989439235,-0.2954846682704577,12.0,0.18981018981018982,0.9918131513876195
ESYT1,5,9,18.886939515129704,19.054350959323255,-0.1674114441935508,12.0,0.18981018981018982,0.9918131513876195
NDUFB10,5,9,17.414356343838943,17.588931325244097,-0.17457498140515426,12.0,0.18981018981018982,0.9918131513876195
EWSR1,5,9,18.22036237928936,18.436919041133546,-0.2165566618441872,12.0,0.18981018981018982,0.9918131513876195
MPST,5,9,18.052684464758602,18.315480243098765,-0.26279577834016266,12.0,0.18981018981018982,0.9918131513876195
MOGS,5,9,19.252382246506734,19.47040828694126,-0.2180260404345269,12.0,0.18981018981018982,0.9918131513876195
FABP5,5,9,22.70077852037116,21.80155574877807,0.899222771593088,33.0,0.18981018981018982,0.9918131513876195
FBL,5,9,19.97777673612843,20.166930451642614,-0.18915371551418403,12.0,0.18981018981018982,0.9918131513876195
LRPPRC,5,9,19.020667003189402,19.17164176228253,-0.15097475909312763,12.0,0.18981018981018982,0.9918131513876195
LGALS1,5,9,20.463559990103185,21.011345502119777,-0.547785512016592,12.0,0.18981018981018982,0.9918131513876195
LARS1,5,9,20.98365982479488,21.16223075606818,-0.17857093127329904,12.0,0.18981018981018982,0.9918131513876195
KRT75,5,9,25.98456821106543,24.69620621319264,1.2883619978727907,33.0,0.18981018981018982,0.9918131513876195
KRT2,5,9,30.53848915679489,29.6613763858295,0.8771127709653896,33.0,0.18981018981018982,0.9918131513876195
KIAA1217,5,9,15.39281178709248,15.686150831251098,-0.29333904415861767,12.0,0.18981018981018982,0.9918131513876195
G6PD,5,9,19.57307458084285,19.722938842972326,-0.14986426212947634,12.0,0.18981018981018982,0.9918131513876195
GFPT1,5,9,19.602749747726456,19.934074242810503,-0.33132449508404704,12.0,0.18981018981018982,0.9918131513876195
GFUS,5,9,17.506374268965594,17.75223879513756,-0.2458645261719674,12.0,0.18981018981018982,0.9918131513876195
IGLC3,5,9,22.127531745415652,21.64359270509009,0.4839390403255628,33.0,0.18981018981018982,0.9918131513876195
IGHA1,5,9,24.276439631072684,23.692414650294193,0.5840249807784907,33.0,0.18981018981018982,0.9918131513876195
HSD17B10,5,9,20.68613274579709,20.896381212795763,-0.2102484669986744,12.0,0.18981018981018982,0.9918131513876195
ERP44,5,9,18.43235156443735,18.834299137831582,-0.4019475733942315,12.0,0.18981018981018982,0.9918131513876195
DDX39A,5,9,19.289516364124943,19.033983149754825,0.2555332143701179,33.0,0.18981018981018982,0.9918131513876195
EML4,5,9,18.809133023136006,18.966263415577885,-0.15713039244187854,12.0,0.18981018981018982,0.9918131513876195
EIF5A,5,9,19.780676542165534,20.058978200174924,-0.27830165800939,12.0,0.18981018981018982,0.9918131513876195
SEC23B,5,9,18.720022377037232,19.114037237807555,-0.3940148607703229,12.0,0.18981018981018982,0.9918131513876195
SCRIB,5,9,16.755162471345336,17.181411708887776,-0.4262492375424394,12.0,0.18981018981018982,0.9918131513876195
RPS3A,5,9,20.207251184771987,20.470359385017005,-0.2631082002450178,12.0,0.18981018981018982,0.9918131513876195
RPRD1B,5,9,20.50879665393253,20.74963159397989,-0.24083494004735684,12.0,0.18981018981018982,0.9918131513876195
RPL6,5,9,21.474416611361498,21.623108151251266,-0.1486915398897679,12.0,0.18981018981018982,0.9918131513876195
RDH11,5,9,16.406835118294122,16.653057828264252,-0.24622270997013018,12.0,0.18981018981018982,0.9918131513876195
DNPEP,5,9,18.39299340424302,18.175370099969204,0.2176233042738147,33.0,0.18981018981018982,0.9918131513876195
RBM12,5,9,17.349101554057953,17.549832327615366,-0.20073077355741376,12.0,0.18981018981018982,0.9918131513876195
RARS1,5,9,19.70018106108897,19.856133564633502,-0.15595250354453327,12.0,0.18981018981018982,0.9918131513876195
RALY,5,9,19.95781344392793,20.18232000726859,-0.2245065633406611,12.0,0.18981018981018982,0.9918131513876195
EEF1A2,5,9,24.86990716089742,25.072986744694912,-0.2030795837974928,12.0,0.18981018981018982,0.9918131513876195
EEF1E1,5,9,18.62381346505787,18.77261709772661,-0.14880363266873786,12.0,0.18981018981018982,0.9918131513876195
RAB11B,5,9,19.216163195422396,19.47957806146475,-0.2634148660423534,12.0,0.18981018981018982,0.9918131513876195
PTX3,5,9,18.485724245091866,19.489398578408252,-1.0036743333163862,12.0,0.18981018981018982,0.9918131513876195
EIF2S1,5,9,19.871903063925117,20.05914053600549,-0.18723747208037267,12.0,0.18981018981018982,0.9918131513876195
PRDX6,5,9,21.26877250436616,21.536096884837047,-0.26732438047088536,12.0,0.18981018981018982,0.9918131513876195
EIF3A,5,9,21.035899621753952,21.24020974987976,-0.20431012812580818,12.0,0.18981018981018982,0.9918131513876195
PDIA6,5,9,21.94123665309948,22.469542671541333,-0.5283060184418531,12.0,0.18981018981018982,0.9918131513876195
PABPC4,5,9,19.132341146036016,19.400090162221975,-0.2677490161859595,12.0,0.18981018981018982,0.9918131513876195
NHERF1,5,9,20.238377065903812,20.479091901990138,-0.24071483608632605,12.0,0.18981018981018982,0.9918131513876195
CPB1,5,9,16.712105918238244,15.791093579585663,0.9210123386525808,33.0,0.18981018981018982,0.9918131513876195
ZYX,5,9,18.767934561235258,19.09921620855641,-0.33128164732115195,12.0,0.18981018981018982,0.9918131513876195
CHCHD2,5,9,15.943342332343684,16.122200941801417,-0.17885860945773224,12.0,0.18981018981018982,0.9918131513876195
CAVIN1,5,9,20.019397073757307,19.311716838214064,0.7076802355432434,33.0,0.18981018981018982,0.9918131513876195
APOB,5,9,19.49898785425862,19.108639395155834,0.3903484591027855,33.0,0.18981018981018982,0.9918131513876195
ALOX5,5,9,17.848001917174507,17.591231265976667,0.25677065119784004,33.0,0.18981018981018982,0.9918131513876195
ALAD,5,9,19.09198994687594,18.602330999213034,0.48965894766290674,33.0,0.18981018981018982,0.9918131513876195
ARF4,5,9,20.451596747285823,20.72590827760389,-0.2743115303180659,12.0,0.18981018981018982,0.9918131513876195
CCT5,5,9,20.258304245457143,20.470450093883933,-0.21214584842678974,12.0,0.18981018981018982,0.9918131513876195
ACTN4,5,9,23.78182265484339,24.10521142872517,-0.32338877388178133,12.0,0.18981018981018982,0.9918131513876195
ACTN2,5,9,18.740020619076354,19.21879657487545,-0.4787759557990974,12.0,0.18981018981018982,0.9918131513876195
BSG,5,9,18.438483415891056,18.82866201251486,-0.39017859662380516,12.0,0.18981018981018982,0.9918131513876195
ACSF2,4,5,14.52484384127672,14.118227737656587,0.40661610362013256,16.0,0.19047619047619047,0.9918131513876195
PRKAG1,4,5,13.118167778751861,12.879045408916838,0.2391223698350231,16.0,0.19047619047619047,0.9918131513876195
WDR7,3,8,12.902000444508987,13.187670018638352,-0.2856695741293649,5.0,0.19393939393939394,0.9918131513876195
LYSMD2,3,8,15.302814347174397,14.798160371669297,0.5046539755051,19.0,0.19393939393939394,0.9918131513876195
MIDEAS,3,8,13.586086073017972,13.110213668046,0.47587240497197136,19.0,0.19393939393939394,0.9918131513876195
CUX1,3,8,13.83098065322244,14.234406037107659,-0.4034253838852191,5.0,0.19393939393939394,0.9918131513876195
PIK3R4,3,8,15.032524884176704,14.769683496532993,0.2628413876437108,19.0,0.19393939393939394,0.9918131513876195
AFG2A,3,8,14.092633188297972,13.862278380168622,0.23035480812935027,19.0,0.19393939393939394,0.9918131513876195
DCAKD,3,8,14.774988328631379,15.004685903565353,-0.22969757493397402,5.0,0.19393939393939394,0.9918131513876195
CMBL,3,8,16.45459469750759,17.03003764092619,-0.5754429434185973,5.0,0.19393939393939394,0.9918131513876195
TARBP1,3,8,15.157325611399196,15.665716243565798,-0.5083906321666021,5.0,0.19393939393939394,0.9918131513876195
CR2,3,8,16.64582995020204,17.603645402479707,-0.9578154522776678,5.0,0.19393939393939394,0.9918131513876195
CDC42BPB,3,8,15.267251543122319,15.05298177369455,0.21426976942776932,19.0,0.19393939393939394,0.9918131513876195
OGT,3,8,13.653128091105065,13.911978322186807,-0.2588502310817411,5.0,0.19393939393939394,0.9918131513876195
DDX41,3,8,15.357846545901024,15.745202549864715,-0.3873560039636903,5.0,0.19393939393939394,0.9918131513876195
APOBEC3C,3,8,15.836515312453935,15.569001064773538,0.26751424768039733,19.0,0.19393939393939394,0.9918131513876195
ACAP1,4,9,17.666566568976375,17.887047009483368,-0.2204804405069929,9.0,0.1986013986013986,0.9918131513876195
CBFB,4,9,17.45952245849084,17.7009349901911,-0.24141253170025934,9.0,0.1986013986013986,0.9918131513876195
CYB5B,4,9,16.432385521020436,16.969825473639112,-0.5374399526186764,9.0,0.1986013986013986,0.9918131513876195
CUL4A,4,9,17.212263230737467,17.430235595972086,-0.21797236523461905,9.0,0.1986013986013986,0.9918131513876195
SRPRA,4,9,16.98053726877684,17.24184885742703,-0.2613115886501909,9.0,0.1986013986013986,0.9918131513876195
PFN2,4,9,17.227600190566474,17.53980537682792,-0.31220518626144766,9.0,0.1986013986013986,0.9918131513876195
PRMT1,4,9,18.40019455567382,18.539339056269725,-0.13914450059590422,9.0,0.1986013986013986,0.9918131513876195
PIP4K2C,4,9,16.312305092094043,16.563994400233284,-0.25168930813924106,9.0,0.1986013986013986,0.9918131513876195
SH3GLB1,4,9,17.3253637143155,17.516135684962972,-0.19077197064747153,9.0,0.1986013986013986,0.9918131513876195
PTK7,4,9,16.91187981376636,17.30093801704604,-0.3890582032796779,9.0,0.1986013986013986,0.9918131513876195
HGS,4,9,16.931288009203417,17.160766710413647,-0.22947870121022973,9.0,0.1986013986013986,0.9918131513876195
PRRC1,4,9,16.43276455389673,16.72912632114399,-0.2963617672472587,9.0,0.1986013986013986,0.9918131513876195
HSPA13,4,9,14.578239319675278,15.275886734793911,-0.6976474151186327,9.0,0.1986013986013986,0.9918131513876195
PHGDH,4,9,17.692501712642304,18.35381007503234,-0.6613083623900344,9.0,0.1986013986013986,0.9918131513876195
AP2B1,4,9,17.176476604038477,17.280707146640776,-0.10423054260229847,9.0,0.1986013986013986,0.9918131513876195
MCM4,4,9,18.55159919042039,18.76427288078326,-0.21267369036286965,9.0,0.1986013986013986,0.9918131513876195
LSS,4,9,15.939168249620339,16.32494933090042,-0.38578108128008104,9.0,0.1986013986013986,0.9918131513876195
G3BP1,4,9,19.209664547230645,19.450178022354837,-0.2405134751241924,9.0,0.1986013986013986,0.9918131513876195
ANXA3,4,9,17.384285587082292,17.919529525847363,-0.5352439387650705,9.0,0.1986013986013986,0.9918131513876195
LETM1,4,9,16.257203657820693,16.420916376782866,-0.16371271896217365,9.0,0.1986013986013986,0.9918131513876195
DDT,4,9,19.66801781885362,19.85918832524069,-0.19117050638707056,9.0,0.1986013986013986,0.9918131513876195
LAS1L,4,9,14.688343995233767,14.929543819148973,-0.24119982391520622,9.0,0.1986013986013986,0.9918131513876195
DPP9,4,9,13.820736918228791,14.132080409872147,-0.3113434916433562,9.0,0.1986013986013986,0.9918131513876195
TAX1BP3,4,9,16.363291044836256,16.817476637904495,-0.4541855930682388,9.0,0.1986013986013986,0.9918131513876195
COMT,4,9,17.924757629457286,18.256704644115,-0.3319470146577146,9.0,0.1986013986013986,0.9918131513876195
MMRN2,4,4,11.0143521246156,11.676772897602422,-0.6624207729868221,3.0,0.2,0.9918131513876195
RUNX1,3,3,13.673063796688746,14.017613102995556,-0.3445493063068099,1.0,0.2,0.9918131513876195
TRMT10C,4,4,14.490237628727415,14.836546506026533,-0.3463088772991174,3.0,0.2,0.9918131513876195
NDUFB1,3,9,14.939038854614418,15.423861447611419,-0.48482259299700026,6.0,0.20909090909090908,0.9918131513876195
CHERP,3,9,15.467798083724768,15.635074073782464,-0.16727599005769633,6.0,0.20909090909090908,0.9918131513876195
ETV6,3,9,15.584869549049591,15.756330157215324,-0.1714606081657326,6.0,0.20909090909090908,0.9918131513876195
ARFGAP1,3,9,17.538007213103317,17.74380049162435,-0.2057932785210319,6.0,0.20909090909090908,0.9918131513876195
PADI2,3,9,17.806083417061117,18.365701522885324,-0.5596181058242067,6.0,0.20909090909090908,0.9918131513876195
SYNM,3,9,19.39360913772604,20.08598717472151,-0.6923780369954713,6.0,0.20909090909090908,0.9918131513876195
LPCAT1,3,9,15.266254101667348,15.597482824298377,-0.3312287226310282,6.0,0.20909090909090908,0.9918131513876195
PYCR2,3,9,15.784240020643125,16.16445075248328,-0.38021073184015464,6.0,0.20909090909090908,0.9918131513876195
HECTD3,4,8,14.86916323638604,14.78282394304592,0.0863392933401208,24.0,0.21414141414141416,0.9918131513876195
RELB,4,8,12.759831607970856,12.282470043780858,0.477361564189998,24.0,0.21414141414141416,0.9918131513876195
OPRPN,4,8,17.7339149204594,16.42853573181693,1.3053791886424726,24.0,0.21414141414141416,0.9918131513876195
RRS1,4,8,17.512035749852846,17.812406484413955,-0.30037073456110974,8.0,0.21414141414141416,0.9918131513876195
ITGAX,4,8,18.08451685939195,17.717827583693932,0.36668927569801824,24.0,0.21414141414141416,0.9918131513876195
ARHGEF7,4,8,15.455292595090484,15.690013121224327,-0.23472052613384342,8.0,0.21414141414141416,0.9918131513876195
FRYL,4,8,13.352701441593705,13.426617019883949,-0.07391557829024364,8.0,0.21414141414141416,0.9918131513876195
IRF3,4,8,16.226820655788348,16.580701484140015,-0.35388082835166657,8.0,0.21414141414141416,0.9918131513876195
ARHGAP9,4,8,13.561132134780424,14.024932367862554,-0.4638002330821305,8.0,0.21414141414141416,0.9918131513876195
SHOC2,4,8,12.811643483786634,12.355299973353018,0.45634351043361576,24.0,0.21414141414141416,0.9918131513876195
HDHD3,4,8,17.844995152129346,18.09198867873579,-0.24699352660644536,8.0,0.21414141414141416,0.9918131513876195
BRK1,4,8,17.712265681239835,18.16993100081866,-0.45766531957882606,8.0,0.21414141414141416,0.9918131513876195
PTGES3,4,8,14.35814207089081,14.692630975139137,-0.33448890424832634,8.0,0.21414141414141416,0.9918131513876195
NFKB2,4,8,17.3409155969426,17.17724157327263,0.16367402366996942,24.0,0.21414141414141416,0.9918131513876195
NBAS,4,8,13.337739635877474,13.685623605578048,-0.34788396970057356,8.0,0.21414141414141416,0.9918131513876195
BIRC6,4,8,13.158396261375302,13.011323578098644,0.147072683276658,24.0,0.21414141414141416,0.9918131513876195
RAB11FIP1,4,8,15.392030727819302,15.16395377163396,0.22807695618534218,24.0,0.21414141414141416,0.9918131513876195
ARHGAP17,4,8,16.17775374963923,16.32977484269172,-0.15202109305248968,8.0,0.21414141414141416,0.9918131513876195
TMED1,4,8,17.24196404620866,17.5648187312531,-0.32285468504444026,8.0,0.21414141414141416,0.9918131513876195
VPS4A,4,8,18.143446860806094,18.377102875704484,-0.23365601489838994,8.0,0.21414141414141416,0.9918131513876195
USP24,4,8,16.434732342298904,17.02049054690665,-0.5857582046077461,8.0,0.21414141414141416,0.9918131513876195
PARP10,4,8,20.78309863994919,21.08927101648166,-0.3061723765324693,8.0,0.21414141414141416,0.9918131513876195
ISYNA1,4,8,16.627663635001163,16.991088392701464,-0.3634247577003009,8.0,0.21414141414141416,0.9918131513876195
RELA,5,8,16.842863722812066,17.034414037930176,-0.1915503151181106,11.0,0.2222222222222222,0.9918131513876195
UBA6,5,8,18.19966542888239,18.44337655444712,-0.2437111255647295,11.0,0.2222222222222222,0.9918131513876195
APOL3,5,8,15.601004528448167,15.833201859550837,-0.23219733110266993,11.0,0.2222222222222222,0.9918131513876195
C1QB,5,8,20.49544058935813,19.780095299365744,0.7153452899923849,29.0,0.2222222222222222,0.9918131513876195
AOC3,5,8,18.587593002509134,17.86387071941004,0.723722283099093,29.0,0.2222222222222222,0.9918131513876195
RAB3GAP2,5,8,16.058664280912563,16.21373347748621,-0.15506919657364548,11.0,0.2222222222222222,0.9918131513876195
CP,5,8,18.107996967225425,17.831259970816145,0.27673699640928007,29.0,0.2222222222222222,0.9918131513876195
ATG3,5,8,16.540509585173993,16.778556860180608,-0.2380472750066147,11.0,0.2222222222222222,0.9918131513876195
TRAPPC3,5,8,17.267340481518737,17.60498631208219,-0.3376458305634529,11.0,0.2222222222222222,0.9918131513876195
MARCKSL1,5,8,18.650860840397147,19.197987198623817,-0.5471263582266701,11.0,0.2222222222222222,0.9918131513876195
SERPIND1,5,8,18.142371218391908,17.57544450154167,0.5669267168502365,29.0,0.2222222222222222,0.9918131513876195
CLIC4,5,8,19.21113072858253,19.686100965495665,-0.474970236913137,11.0,0.2222222222222222,0.9918131513876195
LEMD3,5,8,18.746659307272804,19.070004550699217,-0.323345243426413,11.0,0.2222222222222222,0.9918131513876195
SLC25A20,5,8,15.96562074682177,16.174052343581515,-0.20843159675974476,11.0,0.2222222222222222,0.9918131513876195
IGHV3-49,5,8,17.92053439149894,17.45069670938049,0.4698376821184489,29.0,0.2222222222222222,0.9918131513876195
SCLY,5,8,15.188087896459475,15.689688066190472,-0.5016001697309971,11.0,0.2222222222222222,0.9918131513876195
CARD18,3,4,15.797630121724032,14.883306240166311,0.9143238815577206,10.0,0.22857142857142856,0.9918131513876195
NTMT1,3,4,12.933720475172569,12.319522920231334,0.6141975549412351,10.0,0.22857142857142856,0.9918131513876195
ZNRF2,3,4,15.986815100661659,15.633520303297443,0.35329479736421554,10.0,0.22857142857142856,0.9918131513876195
EP300,3,4,12.627704240700773,13.05770058718215,-0.42999634648137786,2.0,0.22857142857142856,0.9918131513876195
GBF1,4,7,17.279596238578122,16.944143179890265,0.33545305868785746,21.0,0.2303030303030303,0.9918131513876195
VPS8,4,7,11.89325186887908,12.151523898469028,-0.2582720295899481,7.0,0.2303030303030303,0.9918131513876195
BST1,4,7,13.67260204743722,14.099695979300252,-0.42709393186303224,7.0,0.2303030303030303,0.9918131513876195
DMAP1,4,7,14.716948096001072,14.336488029420313,0.3804600665807598,21.0,0.2303030303030303,0.9918131513876195
PPIE,4,7,14.48094461027241,14.12172988894944,0.35921472132296905,21.0,0.2303030303030303,0.9918131513876195
MRPL47,4,7,13.167311177108006,13.673705377521657,-0.5063942004136504,7.0,0.2303030303030303,0.9918131513876195
BORCS6,4,7,14.037663988909674,13.626764605212097,0.4108993836975774,21.0,0.2303030303030303,0.9918131513876195
TPT1,5,9,18.30989939205121,18.451177562207462,-0.14127817015625155,13.0,0.23976023976023977,0.9918131513876195
SEC61B,5,9,18.086406531719188,18.48847119814768,-0.40206466642849037,13.0,0.23976023976023977,0.9918131513876195
SCRN1,5,9,16.984083563639977,17.30617693849593,-0.32209337485595313,13.0,0.23976023976023977,0.9918131513876195
ACTR1A,5,9,18.199820906218548,18.50918030367203,-0.3093593974534805,13.0,0.23976023976023977,0.9918131513876195
SF3B3,5,9,20.257438475882093,20.373291021089795,-0.1158525452077015,13.0,0.23976023976023977,0.9918131513876195
EDC4,5,9,17.438650271774108,17.496306195038144,-0.057655923264036346,13.0,0.23976023976023977,0.9918131513876195
TAGLN2,5,9,23.79641834381176,24.056638660222664,-0.26022031641090493,13.0,0.23976023976023977,0.9918131513876195
EIF3D,5,9,19.53551913148232,19.62840887337873,-0.09288974189641053,13.0,0.23976023976023977,0.9918131513876195
EIF4G2,5,9,17.961590125870583,18.055614636115607,-0.09402451024502412,13.0,0.23976023976023977,0.9918131513876195
SNX6,5,9,19.783499531276814,19.920262711095866,-0.13676317981905228,13.0,0.23976023976023977,0.9918131513876195
SNU13,5,9,19.43918908915841,19.65464257987154,-0.21545349071312714,13.0,0.23976023976023977,0.9918131513876195
ESD,5,9,18.236523605257325,18.462809050749488,-0.226285445492163,13.0,0.23976023976023977,0.9918131513876195
SERPINA3,5,9,20.16609516179213,19.994106204599397,0.1719889571927311,32.0,0.23976023976023977,0.9918131513876195
SLC25A11,5,9,19.01276744375494,18.83957068834064,0.17319675541429902,32.0,0.23976023976023977,0.9918131513876195
SFN,5,9,16.662268662981397,17.12923521789115,-0.46696655490975303,13.0,0.23976023976023977,0.9918131513876195
TKFC,5,9,17.897382424672024,18.188289081663225,-0.29090665699120066,13.0,0.23976023976023977,0.9918131513876195
FGA,5,9,21.622284836739844,20.80741426225072,0.8148705744891238,32.0,0.23976023976023977,0.9918131513876195
PSAP,5,9,18.016643221649222,18.470888526192752,-0.4542453045435302,13.0,0.23976023976023977,0.9918131513876195
FGG,5,9,20.84946463639684,20.19959670325765,0.6498679331391877,32.0,0.23976023976023977,0.9918131513876195
IGHV3-72,5,9,18.851265387464217,18.239242947948,0.6120224395162168,32.0,0.23976023976023977,0.9918131513876195
IGKC,5,9,25.390389250853257,25.00815079201889,0.3822384588343688,32.0,0.23976023976023977,0.9918131513876195
IGKV3-20,5,9,23.20023262850438,22.781638750249236,0.4185938782551446,32.0,0.23976023976023977,0.9918131513876195
PAFAH1B2,5,9,19.980571629501434,20.308327247839813,-0.3277556183383794,13.0,0.23976023976023977,0.9918131513876195
ILF3,5,9,20.10826214803355,20.262668387816845,-0.15440623978329526,13.0,0.23976023976023977,0.9918131513876195
OAS3,5,9,18.937290477209647,19.340203193702486,-0.402912716492839,13.0,0.23976023976023977,0.9918131513876195
BASP1,5,9,17.265416869040372,17.39332584156766,-0.12790897252728683,13.0,0.23976023976023977,0.9918131513876195
KARS1,5,9,18.755869696693466,18.97244408759206,-0.2165743908985931,13.0,0.23976023976023977,0.9918131513876195
BAX,5,9,19.788913387943506,20.039024496081257,-0.2501111081377516,13.0,0.23976023976023977,0.9918131513876195
PDIA4,5,9,19.65960005914087,20.122839461615094,-0.4632394024742226,13.0,0.23976023976023977,0.9918131513876195
CAPZA2,5,9,19.72927651004834,19.892164665830894,-0.16288815578255367,13.0,0.23976023976023977,0.9918131513876195
NASP,5,9,18.015627880563365,18.294853920507975,-0.2792260399446107,13.0,0.23976023976023977,0.9918131513876195
KRT9,5,9,29.877954175077456,29.167173459376322,0.7107807157011337,32.0,0.23976023976023977,0.9918131513876195
CAD,5,9,17.882824584706434,18.014034345459855,-0.13120976075342128,13.0,0.23976023976023977,0.9918131513876195
BPIFA1,5,9,18.570498795335727,17.62971188992016,0.9407869054155675,32.0,0.23976023976023977,0.9918131513876195
C4BPA,5,9,19.42665196100101,18.787994380536716,0.6386575804642938,32.0,0.23976023976023977,0.9918131513876195
LRBA,5,9,18.9724461532925,19.15964665887889,-0.187200505586393,13.0,0.23976023976023977,0.9918131513876195
C4B,5,9,20.02259606111086,19.456068475889097,0.5665275852217633,32.0,0.23976023976023977,0.9918131513876195
LRRC59,5,9,18.765241744935295,19.110116361936857,-0.34487461700156175,13.0,0.23976023976023977,0.9918131513876195
LSM8,5,9,17.194069527578893,17.38425153045236,-0.19018200287346687,13.0,0.23976023976023977,0.9918131513876195
KRT16,5,9,27.36865174550591,26.356291286100834,1.0123604594050768,32.0,0.23976023976023977,0.9918131513876195
FGB,5,9,21.297892373289077,20.574939073458065,0.722953299831012,32.0,0.23976023976023977,0.9918131513876195
CCAR2,5,9,18.694902204897936,18.888822543468514,-0.1939203385705781,13.0,0.23976023976023977,0.9918131513876195
PHB2,5,9,21.44889669950524,21.490601205911762,-0.04170450640652135,13.0,0.23976023976023977,0.9918131513876195
FLG,5,9,21.20234109546211,20.619040942201163,0.5833001532609465,32.0,0.23976023976023977,0.9918131513876195
FLOT2,5,9,18.539540118067674,18.858025865328884,-0.31848574726121015,13.0,0.23976023976023977,0.9918131513876195
RTCA,5,9,15.845878849184377,16.068238104430108,-0.2223592552457312,13.0,0.23976023976023977,0.9918131513876195
GAA,5,9,19.904332179370556,20.390959912083485,-0.4866277327129289,13.0,0.23976023976023977,0.9918131513876195
RPS24,5,9,19.8543570903932,20.032389619169148,-0.17803252877594744,13.0,0.23976023976023977,0.9918131513876195
RPL18A,5,9,19.640508118525485,19.83164451280159,-0.19113639427610352,13.0,0.23976023976023977,0.9918131513876195
RBM39,5,9,23.770393154685195,23.909803472157233,-0.1394103174720378,13.0,0.23976023976023977,0.9918131513876195
GPS1,5,9,17.51683679356957,17.705900470882856,-0.18906367731328544,13.0,0.23976023976023977,0.9918131513876195
GSTP1,5,9,22.570711210491858,22.88088801803006,-0.31017680753820187,13.0,0.23976023976023977,0.9918131513876195
ATP1A1,5,9,18.656665430612566,18.925079078772505,-0.26841364815993884,13.0,0.23976023976023977,0.9918131513876195
H2AC25;H2AC4;H2AC6,5,9,22.386745923382968,21.795347238671155,0.5913986847118125,32.0,0.23976023976023977,0.9918131513876195
PRSS3,5,9,21.504369796387433,20.317656322940522,1.1867134734469111,32.0,0.23976023976023977,0.9918131513876195
PRKAR2A,5,9,18.115608117544788,18.282119896253633,-0.16651177870884482,13.0,0.23976023976023977,0.9918131513876195
PPP2CA,5,9,19.327690079532065,19.573651525465184,-0.2459614459331192,13.0,0.23976023976023977,0.9918131513876195
ARPC5L,5,9,20.06655829791154,20.24698210826302,-0.1804238103514777,13.0,0.23976023976023977,0.9918131513876195
HK1,5,9,20.297973314100556,20.458315516845825,-0.16034220274526945,13.0,0.23976023976023977,0.9918131513876195
HLA-C,5,9,18.818996671405277,19.058604215773933,-0.23960754436865628,13.0,0.23976023976023977,0.9918131513876195
PPA1,5,9,19.73413762971169,19.925621135755662,-0.1914835060439728,13.0,0.23976023976023977,0.9918131513876195
PNP,5,9,20.961051683261154,20.66737863182432,0.29367305143683353,32.0,0.23976023976023977,0.9918131513876195
PLS3,5,9,17.792984884482173,18.111829695777303,-0.3188448112951292,13.0,0.23976023976023977,0.9918131513876195
PSMB1,5,9,20.302268670090953,20.068316216481318,0.23395245360963557,32.0,0.23976023976023977,0.9918131513876195
DHX15,5,9,18.5603573994772,18.655052531947174,-0.09469513246997252,13.0,0.23976023976023977,0.9918131513876195
RCC1,5,9,19.076603225592862,19.300091967595357,-0.2234887420024947,13.0,0.23976023976023977,0.9918131513876195
USO1,5,9,17.87931089638797,18.159560017106767,-0.28024912071879626,13.0,0.23976023976023977,0.9918131513876195
UQCRH,5,9,17.924964698814485,18.28976585264259,-0.36480115382810396,13.0,0.23976023976023977,0.9918131513876195
ACBD3,5,9,16.436960135955324,16.720765678901664,-0.28380554294633953,13.0,0.23976023976023977,0.9918131513876195
TUBB,5,9,25.017490069580166,25.18799821815606,-0.17050814857589458,13.0,0.23976023976023977,0.9918131513876195
VPS13C,5,9,16.17071368934875,16.123411408376747,0.04730228097200495,32.0,0.23976023976023977,0.9918131513876195
UGDH,5,9,19.46677420366475,19.812004194876213,-0.34522999121146114,13.0,0.23976023976023977,0.9918131513876195
DECR1,5,9,18.680367734815725,18.8489793164607,-0.16861158164497425,13.0,0.23976023976023977,0.9918131513876195
DCXR,5,9,19.02956495002413,18.518354851557486,0.5112100984666448,32.0,0.23976023976023977,0.9918131513876195
COX7A2,5,9,18.188820863085837,18.003000144536298,0.18582071854953952,32.0,0.23976023976023977,0.9918131513876195
CPQ,5,9,17.213033496369388,17.555718982316602,-0.3426854859472144,13.0,0.23976023976023977,0.9918131513876195
UBE2L6,5,9,18.674710409589924,18.896824137663955,-0.2221137280740315,13.0,0.23976023976023977,0.9918131513876195
TYMP,5,9,21.816956614269227,22.1101913827152,-0.2932347684459735,13.0,0.23976023976023977,0.9918131513876195
WARS1,5,9,20.13584466624411,20.569382227501222,-0.4335375612571113,13.0,0.23976023976023977,0.9918131513876195
YWHAQ,5,9,20.43421786302589,20.725779877199717,-0.2915620141738273,13.0,0.23976023976023977,0.9918131513876195
YWHAZ,5,9,22.918040527778643,23.165639482188322,-0.24759895440967838,13.0,0.23976023976023977,0.9918131513876195
C2CD5,5,6,14.6671699842424,14.385033720273709,0.28213626396869174,22.0,0.24675324675324672,0.9918131513876195
PPP1R14A,5,6,17.407148223849312,15.78088702638383,1.6262611974654817,22.0,0.24675324675324672,0.9918131513876195
BLOC1S5,3,5,13.853942908585632,13.407736923401876,0.44620598518375587,12.0,0.25,0.9918131513876195
C19orf25,3,5,14.574789917486529,14.819267940925789,-0.24447802343926028,3.0,0.25,0.9918131513876195
MTHFR,3,5,12.679855261265507,12.297248502491577,0.3826067587739299,12.0,0.25,0.9918131513876195
CLP1,3,5,13.563365782279734,13.371646324048953,0.1917194582307804,12.0,0.25,0.9918131513876195
HSPB6,3,5,14.24551378369337,13.568384683190795,0.6771291005025759,12.0,0.25,0.9918131513876195
NUDCD3,3,5,14.579669219899513,15.145659604589786,-0.5659903846902736,3.0,0.25,0.9918131513876195
PRCC,3,5,14.770532836008227,14.248616480110233,0.5219163558979947,12.0,0.25,0.9918131513876195
CHORDC1,4,6,15.087358389815407,14.842869239138958,0.24448915067644883,18.0,0.2571428571428571,0.9918131513876195
CLPTM1L,4,6,13.931347045587724,14.412588585910088,-0.48124154032236355,6.0,0.2571428571428571,0.9918131513876195
GNB4,4,6,15.078214496808123,15.343401777213785,-0.2651872804056623,6.0,0.2571428571428571,0.9918131513876195
ENDOG,4,6,13.437202774002662,13.76759697154793,-0.33039419754526733,6.0,0.2571428571428571,0.9918131513876195
NUDT1,4,6,13.61222954456401,13.787096234067093,-0.1748666895030837,6.0,0.2571428571428571,0.9918131513876195
WBP11,4,9,17.40119410883728,17.547493206695034,-0.14629909785775297,10.0,0.2601398601398601,0.9918131513876195
TIPRL,4,9,18.612425856580444,18.80215466295671,-0.18972880637626588,10.0,0.2601398601398601,0.9918131513876195
MSH2,4,9,18.445687661174716,18.639328484009038,-0.19364082283432182,10.0,0.2601398601398601,0.9918131513876195
CA2,4,9,17.565684788900775,17.253610189011212,0.3120745998895629,26.0,0.2601398601398601,0.9918131513876195
TCOF1,4,9,17.451602370665533,17.632373429833294,-0.18077105916776048,10.0,0.2601398601398601,0.9918131513876195
PRPF4,4,9,17.766249064480554,17.548486289249983,0.21776277523057175,26.0,0.2601398601398601,0.9918131513876195
ARL8B,4,9,18.43403928281819,18.566780829899972,-0.13274154708178187,10.0,0.2601398601398601,0.9918131513876195
PPIH,4,9,16.70103647135874,16.892889340017913,-0.19185286865917206,10.0,0.2601398601398601,0.9918131513876195
COPS6,4,9,16.592207659244572,16.35687429386218,0.2353333653823917,26.0,0.2601398601398601,0.9918131513876195
NCBP1,4,9,16.326105117751784,16.514246263754227,-0.1881411460024438,10.0,0.2601398601398601,0.9918131513876195
CASP3,4,9,17.076872583997396,17.50872049333192,-0.4318479093345253,10.0,0.2601398601398601,0.9918131513876195
NUP43,4,9,14.885129874815659,15.199129760945384,-0.31399988612972507,10.0,0.2601398601398601,0.9918131513876195
IRF2BP2,4,9,16.07550564433232,16.26154994056445,-0.18604429623212937,10.0,0.2601398601398601,0.9918131513876195
NUDT19,4,9,16.5268244129067,16.24893136251528,0.27789305039141965,26.0,0.2601398601398601,0.9918131513876195
STIM1,4,9,16.971468151668546,17.16178337515946,-0.1903152234909129,10.0,0.2601398601398601,0.9918131513876195
WDR77,4,9,16.399523458359088,16.015144814636376,0.38437864372271235,26.0,0.2601398601398601,0.9918131513876195
PPA2,4,9,17.25354046695937,17.479036817029353,-0.2254963500699816,10.0,0.2601398601398601,0.9918131513876195
PFDN6,4,9,17.12480812716541,17.342435819367246,-0.21762769220183742,10.0,0.2601398601398601,0.9918131513876195
FAM120A,4,9,16.48231120274637,16.77913721104916,-0.2968260083027907,10.0,0.2601398601398601,0.9918131513876195
NDUFB4,4,9,17.640362732483087,17.85552138924286,-0.21515865675977253,10.0,0.2601398601398601,0.9918131513876195
ACADS,4,9,15.847025454692762,15.603328911047877,0.24369654364488547,26.0,0.2601398601398601,0.9918131513876195
ABCF1,4,9,16.87270961327088,17.078392756457657,-0.20568314318677494,10.0,0.2601398601398601,0.9918131513876195
POLDIP3,4,9,15.745194266077366,15.934106178649838,-0.18891191257247186,10.0,0.2601398601398601,0.9918131513876195
NCOA5,4,9,15.77487368353207,15.930856213575794,-0.1559825300437243,10.0,0.2601398601398601,0.9918131513876195
FAF2,4,9,15.577768200225702,15.782043225448215,-0.20427502522251295,10.0,0.2601398601398601,0.9918131513876195
KPNA4,4,9,16.50067121285046,16.68370511412469,-0.18303390127423214,10.0,0.2601398601398601,0.9918131513876195
ECPAS,4,9,16.483261540192654,16.71051798701631,-0.22725644682365598,10.0,0.2601398601398601,0.9918131513876195
TXNDC17,4,9,17.527068598653766,17.3519995424484,0.17506905620536628,26.0,0.2601398601398601,0.9918131513876195
GARS1,4,9,17.723562676210495,17.972008378344427,-0.2484457021339317,10.0,0.2601398601398601,0.9918131513876195
CPT1A,4,9,17.345000418050997,17.60331721485433,-0.2583167968033315,10.0,0.2601398601398601,0.9918131513876195
TOMM22,4,9,17.65162384426136,17.794880661629897,-0.14325681736853824,10.0,0.2601398601398601,0.9918131513876195
MGP,4,9,17.922047270632618,18.73349515266873,-0.8114478820361128,10.0,0.2601398601398601,0.9918131513876195
DNAJC7,4,9,16.7521780803081,16.601670241861868,0.15050783844623083,26.0,0.2601398601398601,0.9918131513876195
PUS1,4,9,17.0890215368992,17.360517868510307,-0.2714963316111074,10.0,0.2601398601398601,0.9918131513876195
LRRC40,4,9,14.770158737753327,15.004881075556288,-0.23472233780296037,10.0,0.2601398601398601,0.9918131513876195
DPM1,4,9,16.496429742902016,16.736948645995383,-0.240518903093367,10.0,0.2601398601398601,0.9918131513876195
GTPBP1,4,9,16.056643044861072,16.163684451079188,-0.10704140621811575,10.0,0.2601398601398601,0.9918131513876195
RAB18,4,9,17.064230979998726,17.20247070077348,-0.13823972077475233,10.0,0.2601398601398601,0.9918131513876195
TNKS1BP1,4,9,17.801654620351833,18.164865942603306,-0.36321132225147323,10.0,0.2601398601398601,0.9918131513876195
LSM7,4,9,16.411517523587662,16.010491921625274,0.4010256019623881,26.0,0.2601398601398601,0.9918131513876195
ACSS1,4,9,17.078645909013204,17.009185906824907,0.06946000218829695,26.0,0.2601398601398601,0.9918131513876195
GORASP2,4,9,16.355775094324805,16.87502176645397,-0.5192466721291638,10.0,0.2601398601398601,0.9918131513876195
MCM2,4,9,17.013983457209914,17.217982299397598,-0.2039988421876835,10.0,0.2601398601398601,0.9918131513876195
DIS3,4,9,16.513010378375338,16.578066946430848,-0.06505656805551041,10.0,0.2601398601398601,0.9918131513876195
ISG20L2,3,6,13.389650900212269,12.78943479274752,0.6002161074647496,14.0,0.26190476190476186,0.9918131513876195
IRF5,3,6,15.55237288133118,15.904235986387517,-0.3518631050563368,4.0,0.26190476190476186,0.9918131513876195
IDS,3,6,15.816265955937583,14.713738501790258,1.1025274541473244,14.0,0.26190476190476186,0.9918131513876195
PODN,3,6,13.074867862838508,12.448655142766533,0.6262127200719743,14.0,0.26190476190476186,0.9918131513876195
WDR43,3,6,14.114801160407238,13.842735912043402,0.2720652483638357,14.0,0.26190476190476186,0.9918131513876195
TAF6,3,6,14.802650343139154,15.042713928379776,-0.24006358524062144,4.0,0.26190476190476186,0.9918131513876195
ELP1,3,6,15.276857246792545,15.202342143100731,0.07451510369181413,14.0,0.26190476190476186,0.9918131513876195
PON1,3,6,17.067949202966787,16.022854910665323,1.0450942923014637,14.0,0.26190476190476186,0.9918131513876195
UEVLD,3,6,16.481470409645038,16.027509036433162,0.45396137321187524,14.0,0.26190476190476186,0.9918131513876195
AFG2B,3,6,11.636568451969724,11.3881612276365,0.24840722433322426,14.0,0.26190476190476186,0.9918131513876195
FYTTD1,3,6,13.053976124583572,12.656317082873331,0.39765904171024147,14.0,0.26190476190476186,0.9918131513876195
NDUFB8,3,6,13.637139373939297,14.085387434859534,-0.4482480609202373,4.0,0.26190476190476186,0.9918131513876195
KLK8,3,6,14.446565454048674,12.662456133556779,1.7841093204918952,14.0,0.26190476190476186,0.9918131513876195
GZMA,3,6,12.72339813323965,13.252218037869028,-0.528819904629378,4.0,0.26190476190476186,0.9918131513876195
UBE4A,3,6,17.886557543757153,17.718800039328517,0.16775750442863568,14.0,0.26190476190476186,0.9918131513876195
PIK3CG,3,7,10.797434326274853,11.165075496709516,-0.3676411704346627,5.0,0.26666666666666666,0.9918131513876195
C7,3,7,16.32117442899121,15.777419368495364,0.5437550604958457,16.0,0.26666666666666666,0.9918131513876195
VSIG8,3,7,18.625369437664215,17.865686121794106,0.7596833158701095,16.0,0.26666666666666666,0.9918131513876195
LY6G6C,3,7,17.57429665799914,16.617517580150075,0.9567790778490668,16.0,0.26666666666666666,0.9918131513876195
MDP1,3,7,15.062171184217867,14.738459234530763,0.3237119496871035,16.0,0.26666666666666666,0.9918131513876195
DUSP3,3,7,15.476334782308987,15.091732765374699,0.38460201693428786,16.0,0.26666666666666666,0.9918131513876195
UBE3C,3,7,11.789930369702594,12.226928570079904,-0.4369982003773103,5.0,0.26666666666666666,0.9918131513876195
HEATR3,3,7,15.947587903966971,16.153704118160633,-0.20611621419366166,5.0,0.26666666666666666,0.9918131513876195
CRAT,3,7,16.09749468678534,15.650355968493258,0.44713871829208074,16.0,0.26666666666666666,0.9918131513876195
GOLPH3,3,7,15.845189464446966,16.224722363120648,-0.37953289867368234,5.0,0.26666666666666666,0.9918131513876195
RCL1,3,7,15.089852871728658,14.892862393486011,0.19699047824264682,16.0,0.26666666666666666,0.9918131513876195
CYLD,3,7,13.567458028991503,13.069570726171564,0.4978873028199384,16.0,0.26666666666666666,0.9918131513876195
CD22,3,7,14.775944526960965,14.196975422034697,0.5789691049262675,16.0,0.26666666666666666,0.9918131513876195
FCGR1A,3,7,15.821031618304678,14.996158910988484,0.8248727073161941,16.0,0.26666666666666666,0.9918131513876195
PBRM1,3,7,15.048481651485751,15.443670536229252,-0.3951888847435008,5.0,0.26666666666666666,0.9918131513876195
TBC1D2B,3,7,13.826479175887817,14.288275599693122,-0.46179642380530517,5.0,0.26666666666666666,0.9918131513876195
SP140,3,7,13.051227362422104,12.450034304082076,0.6011930583400282,16.0,0.26666666666666666,0.9918131513876195
CASP6,3,7,16.40447793557284,16.61824012299282,-0.21376218741998088,5.0,0.26666666666666666,0.9918131513876195
CR1,5,7,17.785674180017473,18.260824199675714,-0.47515001965824055,10.0,0.26767676767676774,0.9918131513876195
TKTL1,3,8,16.785327572614314,17.638389348109783,-0.853061775495469,6.0,0.2787878787878788,0.9918131513876195
WTAP,3,8,14.253310889084075,13.919899781741659,0.33341110734241575,18.0,0.2787878787878788,0.9918131513876195
AUH,3,8,14.400413926127257,14.783205137748343,-0.3827912116210861,6.0,0.2787878787878788,0.9918131513876195
CST6,3,8,17.495247045122106,16.5465605816106,0.9486864635115069,18.0,0.2787878787878788,0.9918131513876195
PHF5A,3,8,13.701673483819397,14.01853378126617,-0.31686029744677313,6.0,0.2787878787878788,0.9918131513876195
ATG5,3,8,15.577598098764776,16.17778590681941,-0.600187808054633,6.0,0.2787878787878788,0.9918131513876195
ITPR2,3,8,16.21156685389032,15.963997652716124,0.24756920117419767,18.0,0.2787878787878788,0.9918131513876195
CNOT2,3,8,16.240102135857644,16.377593822008272,-0.13749168615062857,6.0,0.2787878787878788,0.9918131513876195
IKZF1,3,8,15.19863411722321,14.902212406287628,0.2964217109355811,18.0,0.2787878787878788,0.9918131513876195
SMARCA2,3,8,15.45097165163395,15.225727652813495,0.22524399882045465,18.0,0.2787878787878788,0.9918131513876195
UBR2,3,8,13.201656559677838,12.93703597566022,0.264620584017619,18.0,0.2787878787878788,0.9918131513876195
UVRAG,3,8,14.712171623433369,14.382518771561184,0.3296528518721846,18.0,0.2787878787878788,0.9918131513876195
COPS7A,3,8,15.598732226936738,15.8805752037268,-0.28184297679006143,6.0,0.2787878787878788,0.9918131513876195
SMPD4,3,8,14.014166308759485,14.273485099557927,-0.2593187907984422,6.0,0.2787878787878788,0.9918131513876195
MRPL21,3,8,13.186229246813745,12.470299693231425,0.7159295535823205,18.0,0.2787878787878788,0.9918131513876195
EPHX3,3,8,16.406954646922177,15.261125893425728,1.145828753496449,18.0,0.2787878787878788,0.9918131513876195
CD47,3,8,16.082764332276554,15.770784821738598,0.3119795105379559,18.0,0.2787878787878788,0.9918131513876195
PRR4,3,8,20.091147709167725,18.91720349623983,1.1739442129278963,18.0,0.2787878787878788,0.9918131513876195
PLXDC2,3,8,15.409608845032936,15.66198664515614,-0.2523778001232042,6.0,0.2787878787878788,0.9918131513876195
LLGL1,3,8,14.647525127697355,14.38461807411776,0.2629070535795943,18.0,0.2787878787878788,0.9918131513876195
PPIL4,3,8,14.297899668986943,13.986643313388809,0.31125635559813425,18.0,0.2787878787878788,0.9918131513876195
MRPS14,3,8,15.898708590771394,16.10264952966652,-0.2039409388951281,6.0,0.2787878787878788,0.9918131513876195
NELFCD,3,8,15.541854544755076,15.837463859953335,-0.2956093151982593,6.0,0.2787878787878788,0.9918131513876195
NCOR2,3,8,13.829056059228115,13.524860280248367,0.30419577897974825,18.0,0.2787878787878788,0.9918131513876195
MRI1,3,8,15.497574644899503,15.831084324120148,-0.33350967922064534,6.0,0.2787878787878788,0.9918131513876195
MTX2,3,8,16.104154162951243,16.592228312802234,-0.4880741498509913,6.0,0.2787878787878788,0.9918131513876195
TEP1,3,8,14.994232084495946,15.159598618764784,-0.16536653426883774,6.0,0.2787878787878788,0.9918131513876195
DDAH1,3,8,16.243956906974052,16.61647063697794,-0.3725137300038881,6.0,0.2787878787878788,0.9918131513876195
NDUFS6,3,8,18.177550981546755,17.880089855336983,0.2974611262097717,18.0,0.2787878787878788,0.9918131513876195
PMPCA,3,9,16.426808749055937,16.586038137294082,-0.15922938823814548,7.0,0.2818181818181818,0.9918131513876195
FAHD2A,3,9,16.109373751121854,16.692808353066845,-0.5834346019449903,7.0,0.2818181818181818,0.9918131513876195
TJP1,3,9,15.870223149227145,16.18674310740969,-0.3165199581825444,7.0,0.2818181818181818,0.9918131513876195
ADO,3,9,15.086239983502345,15.41189883056906,-0.32565884706671433,7.0,0.2818181818181818,0.9918131513876195
EIF1,3,9,14.64439252416384,14.185018463028866,0.45937406113497303,20.0,0.2818181818181818,0.9918131513876195
RAP2C,3,9,15.243340788490386,14.921441420821319,0.3218993676690669,20.0,0.2818181818181818,0.9918131513876195
IGFBP7,3,9,14.859940631315064,15.354622137013429,-0.4946815056983649,7.0,0.2818181818181818,0.9918131513876195
CCDC9,3,9,13.783859000467258,14.017316501865643,-0.2334575013983855,7.0,0.2818181818181818,0.9918131513876195
ASPSCR1,3,9,16.362731572357834,16.19643781363108,0.16629375872675567,20.0,0.2818181818181818,0.9918131513876195
NOLC1,3,9,17.86588767620753,18.083947631703676,-0.21805995549614465,7.0,0.2818181818181818,0.9918131513876195
ACAA1,3,9,16.916755643127726,17.219802112869633,-0.30304646974190774,7.0,0.2818181818181818,0.9918131513876195
NADK2,4,8,15.981093319913667,15.799763954329052,0.18132936558461488,23.0,0.2828282828282829,0.9918131513876195
ILKAP,4,8,15.605547520293298,15.453784839409918,0.15176268088337963,23.0,0.2828282828282829,0.9918131513876195
FKBP15,4,8,15.53370248914025,15.327327570584217,0.2063749185560333,23.0,0.2828282828282829,0.9918131513876195
TDRD10,4,8,16.016647986531996,15.667706733098,0.3489412534339955,23.0,0.2828282828282829,0.9918131513876195
UBXN6,4,8,13.692143138857773,13.451434454707979,0.2407086841497943,23.0,0.2828282828282829,0.9918131513876195
PAAF1,4,8,17.088460854783595,16.8724262000512,0.21603465473239325,23.0,0.2828282828282829,0.9918131513876195
PPP1CC,4,8,16.710224241665223,16.906241587482864,-0.19601734581764063,9.0,0.2828282828282829,0.9918131513876195
SCCPDH,4,8,15.320050426385066,15.602989148582587,-0.28293872219752103,9.0,0.2828282828282829,0.9918131513876195
UBE2V1,4,8,18.039106888452828,18.38216660511833,-0.3430597166655005,9.0,0.2828282828282829,0.9918131513876195
CDKN2AIP,4,8,14.165664697830156,13.973480288197717,0.1921844096324392,23.0,0.2828282828282829,0.9918131513876195
PDIA5,4,8,15.055144155157603,15.446970125236781,-0.39182597007917863,9.0,0.2828282828282829,0.9918131513876195
RABL6,4,8,18.499010300946566,18.285045120408967,0.21396518053759905,23.0,0.2828282828282829,0.9918131513876195
MRPL12,4,8,16.60822599967911,16.740862877647185,-0.13263687796807488,9.0,0.2828282828282829,0.9918131513876195
PLD2,4,8,16.315934687399274,15.96813057734451,0.3478041100547635,23.0,0.2828282828282829,0.9918131513876195
ABR,4,8,15.246597226611607,15.426992656047961,-0.1803954294363539,9.0,0.2828282828282829,0.9918131513876195
LIMA1,4,8,15.579105855789155,15.314651334656272,0.26445452113288326,23.0,0.2828282828282829,0.9918131513876195
MFAP2,4,8,18.65141141454402,18.8406012045897,-0.1891897900456776,9.0,0.2828282828282829,0.9918131513876195
EXOC4,4,8,17.753659889660703,18.043076324523785,-0.28941643486308166,9.0,0.2828282828282829,0.9918131513876195
COL5A3,4,8,17.70892327439795,16.82206943642919,0.8868538379687614,23.0,0.2828282828282829,0.9918131513876195
KPNA2,4,8,17.597886302269515,18.016518304000424,-0.4186320017309093,9.0,0.2828282828282829,0.9918131513876195
VPS35L,4,8,14.436761450423768,14.234488785239236,0.20227266518453213,23.0,0.2828282828282829,0.9918131513876195
EVL,4,8,17.34272433792215,17.64111192428009,-0.29838758635793994,9.0,0.2828282828282829,0.9918131513876195
PRKD2,4,8,12.818492941445912,13.178588618216125,-0.3600956767702126,9.0,0.2828282828282829,0.9918131513876195
H1-2,4,8,15.353175065750651,14.815116707044846,0.5380583587058059,23.0,0.2828282828282829,0.9918131513876195
RNASE7,4,8,19.169215786193497,18.24273452620482,0.9264812599886767,23.0,0.2828282828282829,0.9918131513876195
LRRFIP1,4,8,16.7007500200907,16.844011598147585,-0.1432615780568831,9.0,0.2828282828282829,0.9918131513876195
SELENOK,5,8,15.916858414891118,15.263531282367522,0.6533271325235965,28.0,0.28438228438228436,0.9918131513876195
EXOC7,5,8,15.290744020891058,15.450176899251137,-0.1594328783600787,12.0,0.28438228438228436,0.9918131513876195
SLC4A1,5,8,18.361185630051615,17.544147468440336,0.8170381616112792,28.0,0.28438228438228436,0.9918131513876195
HMGCL,5,8,15.995140567403336,16.277371483843346,-0.2822309164400103,12.0,0.28438228438228436,0.9918131513876195
CELF2,5,8,14.201857680393832,14.71836688934402,-0.5165092089501879,12.0,0.28438228438228436,0.9918131513876195
CBR3,5,8,18.838756610774368,18.67801959205842,0.16073701871594892,28.0,0.28438228438228436,0.9918131513876195
RIGI,5,8,15.637924286059192,15.958797939858172,-0.32087365379898003,12.0,0.28438228438228436,0.9918131513876195
CLEC3B,5,8,15.983381611173547,16.354446501623897,-0.3710648904503504,12.0,0.28438228438228436,0.9918131513876195
PANK4,5,8,14.268541503206041,14.013966365277994,0.25457513792804676,28.0,0.28438228438228436,0.9918131513876195
LUC7L,5,8,18.18744928405372,18.34288491850878,-0.1554356344550598,12.0,0.28438228438228436,0.9918131513876195
GATM,4,5,14.39442030603803,14.092767642310784,0.3016526637272463,15.0,0.2857142857142857,0.9918131513876195
RRM1,4,5,13.253235975464829,12.97884928084857,0.2743866946162594,15.0,0.2857142857142857,0.9918131513876195
DDX18,5,9,18.649388416670995,18.794418880834208,-0.14503046416321297,14.0,0.2977022977022977,0.9918131513876195
MX1,5,9,20.457521790275244,20.859023974142488,-0.4015021838672439,14.0,0.2977022977022977,0.9918131513876195
FKBP1A,5,9,19.81255170166235,20.024367512722332,-0.21181581105998148,14.0,0.2977022977022977,0.9918131513876195
KHSRP,5,9,20.615222901619312,20.838609805133498,-0.22338690351418578,14.0,0.2977022977022977,0.9918131513876195
ECHS1,5,9,19.667900722295382,19.52944013386802,0.13846058842736042,31.0,0.2977022977022977,0.9918131513876195
KRT72,5,9,21.883147238698292,21.11657187921926,0.766575359479031,31.0,0.2977022977022977,0.9918131513876195
VCL,5,9,20.40943299159202,20.250632995118835,0.158799996473185,31.0,0.2977022977022977,0.9918131513876195
NAGK,5,9,19.622062750776088,19.491648311197856,0.13041443957823162,31.0,0.2977022977022977,0.9918131513876195
UBE2M,5,9,17.89947694151287,18.269395493107545,-0.3699185515946759,14.0,0.2977022977022977,0.9918131513876195
AMY1A;AMY1B;AMY1C,5,9,18.868097676202535,18.065763411878457,0.8023342643240774,31.0,0.2977022977022977,0.9918131513876195
TPP1,5,9,21.06432570631,20.853965252828356,0.21036045348164478,31.0,0.2977022977022977,0.9918131513876195
XRCC6,5,9,20.84743151572504,20.9640138180458,-0.11658230232075795,14.0,0.2977022977022977,0.9918131513876195
ACOT9,5,9,17.087209848668778,17.221217553753554,-0.13400770508477677,14.0,0.2977022977022977,0.9918131513876195
GCN1,5,9,19.051776108543347,19.19716354060754,-0.1453874320641937,14.0,0.2977022977022977,0.9918131513876195
RAB7A,5,9,21.53389082551528,21.446483772565294,0.08740705294998463,31.0,0.2977022977022977,0.9918131513876195
NDRG1,5,9,18.831530376938353,19.291324299248632,-0.45979392231027916,14.0,0.2977022977022977,0.9918131513876195
EFTUD2,5,9,18.37774068510145,18.432608164954313,-0.054867479852863,14.0,0.2977022977022977,0.9918131513876195
SEPTIN2,5,9,19.77251912954977,19.99836015525243,-0.2258410257026604,14.0,0.2977022977022977,0.9918131513876195
NDUFA13,5,9,20.67901235367316,20.80956714290534,-0.1305547892321819,14.0,0.2977022977022977,0.9918131513876195
LUC7L2,5,9,18.56693578174101,18.822606584925996,-0.25567080318498725,14.0,0.2977022977022977,0.9918131513876195
HNRNPA2B1,5,9,23.859500090088147,24.071199436080878,-0.21169934599273077,14.0,0.2977022977022977,0.9918131513876195
HNRNPC,5,9,23.234742212409458,23.391851970607107,-0.15710975819764883,14.0,0.2977022977022977,0.9918131513876195
KIF5B,5,9,17.550649903261807,17.884108677797116,-0.33345877453530903,14.0,0.2977022977022977,0.9918131513876195
SAE1,5,9,18.687814549995572,18.848407822682518,-0.16059327268694545,14.0,0.2977022977022977,0.9918131513876195
PSMB10,5,9,19.090188650767693,19.412221130130334,-0.32203247936264034,14.0,0.2977022977022977,0.9918131513876195
LAMP2,5,9,20.45838566222117,20.126718467312998,0.33166719490817087,31.0,0.2977022977022977,0.9918131513876195
ANXA7,5,9,21.379351495770727,21.192038482199663,0.1873130135710639,31.0,0.2977022977022977,0.9918131513876195
DNM1L,5,9,17.603077546782547,17.782065997109047,-0.17898845032650001,14.0,0.2977022977022977,0.9918131513876195
AP1B1,5,9,19.22868104600979,19.436540447419507,-0.20785940140971704,14.0,0.2977022977022977,0.9918131513876195
RPS28,5,9,22.571619080359888,22.734364695641002,-0.1627456152811142,14.0,0.2977022977022977,0.9918131513876195
PSMD8,5,9,17.693374902281427,17.82933681909331,-0.1359619168118833,14.0,0.2977022977022977,0.9918131513876195
LMNA,5,9,23.550115760750238,23.947251558697968,-0.3971357979477297,14.0,0.2977022977022977,0.9918131513876195
MRPL23,5,9,16.36853117443299,16.049097427008327,0.31943374742466446,31.0,0.2977022977022977,0.9918131513876195
H2AC21,5,9,28.676997132961752,28.354444520297935,0.3225526126638165,31.0,0.2977022977022977,0.9918131513876195
FUS,5,9,18.952668320529927,19.142732448266628,-0.19006412773670078,14.0,0.2977022977022977,0.9918131513876195
TRIM28,5,9,19.953475607486784,20.10535850707025,-0.151882899583466,14.0,0.2977022977022977,0.9918131513876195
UNC45A,5,9,18.21774353769817,18.360387035666236,-0.1426434979680664,14.0,0.2977022977022977,0.9918131513876195
KHDRBS1,5,9,19.796867745834454,19.928517319941403,-0.1316495741069481,14.0,0.2977022977022977,0.9918131513876195
DR1,5,9,18.187294400984914,18.481057587374252,-0.29376318638933796,14.0,0.2977022977022977,0.9918131513876195
HARS1,5,9,19.407217091717534,19.260232886473293,0.14698420524424094,31.0,0.2977022977022977,0.9918131513876195
LCN2,5,9,18.65897757189605,17.931094199115662,0.7278833727803864,31.0,0.2977022977022977,0.9918131513876195
ANXA11,5,9,20.145717532268126,19.948004994447167,0.19771253782095854,31.0,0.2977022977022977,0.9918131513876195
BPNT2,5,9,16.887394488893502,17.349987588721355,-0.4625930998278527,14.0,0.2977022977022977,0.9918131513876195
S100A4,5,9,22.04895021761616,22.41995431587006,-0.371004098253902,14.0,0.2977022977022977,0.9918131513876195
CD44,5,9,20.246895994895162,20.49432111803905,-0.24742512314388776,14.0,0.2977022977022977,0.9918131513876195
CUTA,5,9,20.768311436041827,20.95511950871798,-0.18680807267615407,14.0,0.2977022977022977,0.9918131513876195
AP2S1,5,9,16.757868010203786,16.95789153777348,-0.20002352756969444,14.0,0.2977022977022977,0.9918131513876195
UNC119B,5,9,16.690699839909882,16.144554307616083,0.5461455322937994,31.0,0.2977022977022977,0.9918131513876195
MFGE8,5,9,17.49167075464493,17.816674576029563,-0.3250038213846338,14.0,0.2977022977022977,0.9918131513876195
RPL19,5,9,20.71674655518688,20.971194476343257,-0.2544479211563768,14.0,0.2977022977022977,0.9918131513876195
PRRC2C,5,9,16.945005060180677,17.058842984177748,-0.11383792399707104,14.0,0.2977022977022977,0.9918131513876195
TGFBI,5,9,21.853480778731207,21.49690059771917,0.35658018101203837,31.0,0.2977022977022977,0.9918131513876195
ARFIP1,5,9,16.0551067492101,16.313495354072668,-0.2583886048625672,14.0,0.2977022977022977,0.9918131513876195
RANBP2,5,9,18.239264116630785,18.357705691256136,-0.11844157462535065,14.0,0.2977022977022977,0.9918131513876195
SRSF11,5,9,19.338866664778255,19.551816458543744,-0.21294979376548895,14.0,0.2977022977022977,0.9918131513876195
ALDH1B1,5,9,18.126346169508402,18.420561665648457,-0.2942154961400547,14.0,0.2977022977022977,0.9918131513876195
BUB3,5,9,18.06666475097749,18.377932894446275,-0.3112681434687836,14.0,0.2977022977022977,0.9918131513876195
HSPG2,5,9,20.64136463447758,20.44468928477953,0.1966753496980509,31.0,0.2977022977022977,0.9918131513876195
ATP5F1D,5,9,19.837967171212878,20.081954665868448,-0.24398749465557046,14.0,0.2977022977022977,0.9918131513876195
NT5C,5,9,15.52770751264772,15.813046041454161,-0.2853385288064416,14.0,0.2977022977022977,0.9918131513876195
PCK2,5,9,18.110881758336536,18.26983549066877,-0.15895373233223253,14.0,0.2977022977022977,0.9918131513876195
TUFM,5,9,21.247526226267006,21.450924238086905,-0.2033980118198997,14.0,0.2977022977022977,0.9918131513876195
STIP1,5,9,20.134699455194454,20.27124083541418,-0.13654138021972528,14.0,0.2977022977022977,0.9918131513876195
PCMT1,5,9,19.528371139461036,19.640488047146746,-0.11211690768571003,14.0,0.2977022977022977,0.9918131513876195
IARS1,5,9,17.938118060237553,18.068589841769633,-0.13047178153207994,14.0,0.2977022977022977,0.9918131513876195
IDH3A,5,9,19.62189471169101,19.752947270445645,-0.13105255875463584,14.0,0.2977022977022977,0.9918131513876195
SLC25A3,5,9,21.207526046232644,21.30338201755897,-0.09585597132632628,14.0,0.2977022977022977,0.9918131513876195
IGHG2,5,9,21.883292265915337,21.49202409990552,0.39126816600981584,31.0,0.2977022977022977,0.9918131513876195
ISOC2,5,9,16.129905179502753,16.413644372944987,-0.28373919344223353,14.0,0.2977022977022977,0.9918131513876195
TRAP1,5,9,23.539379306916594,23.767508342081083,-0.22812903516448912,14.0,0.2977022977022977,0.9918131513876195
GGT5,5,9,17.333135153696553,17.606476795270446,-0.27334164157389296,14.0,0.2977022977022977,0.9918131513876195
DIAPH1,5,9,17.203449441577497,17.354948633330256,-0.15149919175275883,14.0,0.2977022977022977,0.9918131513876195
SLC25A1,5,9,18.19478266875766,18.37339531667985,-0.1786126479221899,14.0,0.2977022977022977,0.9918131513876195
U2AF2,5,9,18.88919301978606,19.023609435381655,-0.13441641559559514,14.0,0.2977022977022977,0.9918131513876195
HSPE1,5,9,21.429305930168596,21.585373251856467,-0.15606732168787119,14.0,0.2977022977022977,0.9918131513876195
IGHV3-7,5,9,18.1469019391719,17.780521849021895,0.36638009015000605,31.0,0.2977022977022977,0.9918131513876195
EIF4A1,5,9,22.66887707472856,22.795109868590604,-0.12623279386204445,14.0,0.2977022977022977,0.9918131513876195
IGKV2-29,5,9,21.073155782476327,20.672870978657453,0.40028480381887377,31.0,0.2977022977022977,0.9918131513876195
STX7,5,9,19.566563174951757,19.24118296681531,0.32538020813644764,31.0,0.2977022977022977,0.9918131513876195
CSDE1,5,9,18.12692869526989,18.254004521263468,-0.12707582599357892,14.0,0.2977022977022977,0.9918131513876195
MAP4,5,9,22.183978617792693,22.424622130062787,-0.2406435122700934,14.0,0.2977022977022977,0.9918131513876195
COL4A2,5,9,18.582074875943213,18.983534120566706,-0.40145924462349214,14.0,0.2977022977022977,0.9918131513876195
NOP56,5,9,18.769555104881412,19.063594218360215,-0.29403911347880296,14.0,0.2977022977022977,0.9918131513876195
COPS3,5,9,18.408855685764188,18.611506103195765,-0.20265041743157752,14.0,0.2977022977022977,0.9918131513876195
RANBP3,5,9,16.38462808089489,16.687174845656642,-0.3025467647617539,14.0,0.2977022977022977,0.9918131513876195
HRNR,5,9,24.771031810403674,23.648215922410785,1.1228158879928891,31.0,0.2977022977022977,0.9918131513876195
OXSR1,5,9,18.5072938792102,18.666673810754087,-0.15937993154388863,14.0,0.2977022977022977,0.9918131513876195
ITIH4,5,9,18.803572833560573,18.5277510820269,0.27582175153367317,31.0,0.2977022977022977,0.9918131513876195
PGM1,5,9,19.88025831121717,20.16502643126187,-0.28476812004470275,14.0,0.2977022977022977,0.9918131513876195
EIF4A2,5,9,18.08801876890704,18.386300479402895,-0.2982817104958535,14.0,0.2977022977022977,0.9918131513876195
HSPA4,5,9,18.26698891917072,18.37233264734854,-0.10534372817781801,14.0,0.2977022977022977,0.9918131513876195
KRT38,5,5,14.606777958079851,14.088380618457956,0.5183973396218953,18.0,0.30952380952380953,1.0
PTGR3,4,7,12.248531744153054,12.736042113935552,-0.4875103697824983,8.0,0.3151515151515151,1.0
WASH6P,4,7,14.498156940763291,14.776311279639405,-0.2781543388761136,8.0,0.3151515151515151,1.0
COL21A1,4,7,14.412393515477106,13.68126711370957,0.7311264017675363,20.0,0.3151515151515151,1.0
ARL1,4,9,16.144350782623412,16.429804119285606,-0.28545333666219364,11.0,0.3300699300699301,1.0
RPL39;RPL39P5,4,9,18.31775883066203,17.683122198758664,0.6346366319033656,25.0,0.3300699300699301,1.0
SNAP29,4,9,16.06992213565059,16.15108932948823,-0.08116719383763993,11.0,0.3300699300699301,1.0
SPAG9,4,9,14.832411944902514,15.097036601662687,-0.2646246567601729,11.0,0.3300699300699301,1.0
SRC,4,9,18.27325534507812,18.404142154271128,-0.130886809193008,11.0,0.3300699300699301,1.0
MOV10,4,9,15.725386730999638,15.941145878912579,-0.21575914791294082,11.0,0.3300699300699301,1.0
RECQL,4,9,19.086252235711278,19.220146042021515,-0.13389380631023684,11.0,0.3300699300699301,1.0
LPP,4,9,16.293905898098544,16.823644540506887,-0.5297386424083435,11.0,0.3300699300699301,1.0
NUP133,4,9,15.824193475679593,16.03141218989414,-0.20721871421454807,11.0,0.3300699300699301,1.0
UBR4,4,9,16.687171779848413,16.82995925329796,-0.14278747344954823,11.0,0.3300699300699301,1.0
SNW1,4,9,16.845993306617405,16.909157976086956,-0.06316466946955046,11.0,0.3300699300699301,1.0
SLAIN2,4,9,14.103683555859513,14.267087593985186,-0.16340403812567317,11.0,0.3300699300699301,1.0
TACSTD2,4,9,16.60370512877512,17.006673477090512,-0.40296834831539385,11.0,0.3300699300699301,1.0
UFC1,4,9,17.65149083450806,17.936248340700743,-0.28475750619268325,11.0,0.3300699300699301,1.0
SCGB1D2,4,9,20.36692956349081,18.76091294805951,1.606016615431301,25.0,0.3300699300699301,1.0
VBP1,4,9,16.16699926882909,16.407330903469763,-0.24033163464067187,11.0,0.3300699300699301,1.0
CMPK2,4,9,16.90156298314027,16.843440289569486,0.05812269357078392,25.0,0.3300699300699301,1.0
NCLN,4,9,18.787046829612137,19.05299638809497,-0.2659495584828342,11.0,0.3300699300699301,1.0
STUB1,4,9,16.257276649539634,16.06543675748614,0.19183989205349405,25.0,0.3300699300699301,1.0
RAB32,4,9,16.73228883103526,16.45215269322743,0.28013613780782975,25.0,0.3300699300699301,1.0
CD163,4,9,17.431751873199143,17.719127417288014,-0.2873755440888708,11.0,0.3300699300699301,1.0
DNAJA3,4,9,14.765975727830552,15.0021566893886,-0.23618096155804835,11.0,0.3300699300699301,1.0
VCPIP1,4,9,16.804817567085856,17.074534418549636,-0.2697168514637802,11.0,0.3300699300699301,1.0
BCKDHA,4,9,17.357314039172444,17.254119774701557,0.10319426447088631,25.0,0.3300699300699301,1.0
ABCF2,4,9,16.559581243904233,16.861731367471286,-0.30215012356705273,11.0,0.3300699300699301,1.0
PKN1,4,9,17.531749409393566,17.245282157221038,0.2864672521725282,25.0,0.3300699300699301,1.0
SULT1A1,4,9,16.69023737731157,16.824285598461774,-0.13404822115020565,11.0,0.3300699300699301,1.0
EBP,4,9,14.155781344245412,13.858997359563663,0.29678398468174905,25.0,0.3300699300699301,1.0
ABCF3,4,9,16.9717100920406,17.11403617942123,-0.14232608738063135,11.0,0.3300699300699301,1.0
PMVK,4,9,16.372447619253606,16.462143825907464,-0.08969620665385847,11.0,0.3300699300699301,1.0
FAM32A,5,7,17.29001655509042,16.612772695482544,0.6772438596078771,24.0,0.3434343434343435,1.0
CEPT1,4,6,14.017781882724135,14.112513168944853,-0.09473128622071769,7.0,0.35238095238095235,1.0
MAX,4,6,14.493445922009517,14.758364223711837,-0.2649183017023198,7.0,0.35238095238095235,1.0
PRRC2A,4,6,17.409662933418346,17.563513592386958,-0.1538506589686115,7.0,0.35238095238095235,1.0
RABGAP1L,4,6,13.348995106465948,13.8433748182536,-0.49437971178765316,7.0,0.35238095238095235,1.0
RBM26,4,6,17.02418707186088,16.8723914943924,0.15179557746848005,17.0,0.35238095238095235,1.0
TOR1A,4,6,16.072420727882225,15.781948236057872,0.2904724918243531,17.0,0.35238095238095235,1.0
SIDT2,4,6,13.048503839086333,12.258181368652783,0.7903224704335496,17.0,0.35238095238095235,1.0
TMA7,5,8,18.44830620132032,17.816331558875884,0.6319746424444368,27.0,0.3543123543123543,1.0
NEDD8,5,8,20.009662398868027,20.211456112205063,-0.201793713337036,13.0,0.3543123543123543,1.0
CFH,5,8,17.38492530454989,16.979391463243736,0.405533841306152,27.0,0.3543123543123543,1.0
NUP153,5,8,16.035130236017203,16.207976783583632,-0.17284654756642936,13.0,0.3543123543123543,1.0
ATP5F1E;ATP5F1EP2,5,8,18.398662847736855,18.666172422574906,-0.2675095748380514,13.0,0.3543123543123543,1.0
DERPC,5,8,15.151638181740893,15.41603692155246,-0.2643987398115666,13.0,0.3543123543123543,1.0
INPP5D,5,8,16.42062715403833,16.618766960684386,-0.1981398066460578,13.0,0.3543123543123543,1.0
ADD1,5,8,16.050569494045142,16.322581589321267,-0.2720120952761249,13.0,0.3543123543123543,1.0
GAPVD1,5,8,16.64065065591271,16.772392431248143,-0.1317417753354313,13.0,0.3543123543123543,1.0
SAR1B,5,8,17.4659151448762,17.907252879384586,-0.4413377345083873,13.0,0.3543123543123543,1.0
VAV1,5,8,16.932743613066897,17.181281661612644,-0.2485380485457469,13.0,0.3543123543123543,1.0
SPRR2G,5,8,20.728439437472808,20.165134221954773,0.5633052155180351,27.0,0.3543123543123543,1.0
HTT,5,8,14.109362001564383,14.181904592141626,-0.07254259057724255,13.0,0.3543123543123543,1.0
BOD1L1,5,8,12.708001167654073,12.301765452227777,0.40623571542629655,27.0,0.3543123543123543,1.0
TRMT6,5,8,14.74869475546331,14.9258183618352,-0.1771236063718895,13.0,0.3543123543123543,1.0
PLCB2,5,8,18.67888047948544,18.765373488512196,-0.08649300902675705,13.0,0.3543123543123543,1.0
COX5B,5,9,18.94116813290979,19.17360888904469,-0.23244075613489912,15.0,0.36363636363636365,1.0
APOL2,5,9,18.765418357094163,19.078237352131836,-0.31281899503767363,15.0,0.36363636363636365,1.0
LSM6,5,9,17.06258189832538,17.170798783142647,-0.1082168848172671,15.0,0.36363636363636365,1.0
ARFGAP2,5,9,16.208483535548098,16.33711843198775,-0.1286348964396531,15.0,0.36363636363636365,1.0
GOT2,5,9,20.481383655154414,20.607148772914517,-0.12576511776010335,15.0,0.36363636363636365,1.0
C3,5,9,22.020047132881565,21.50256276500208,0.5174843678794865,30.0,0.36363636363636365,1.0
GPX3,5,9,18.568350958224197,17.98258105537124,0.5857699028529559,30.0,0.36363636363636365,1.0
ARF1,5,9,21.325567381009357,21.537796170484604,-0.21222878947524748,15.0,0.36363636363636365,1.0
APPL1,5,9,16.21161526928023,16.467965504034144,-0.2563502347539135,15.0,0.36363636363636365,1.0
ZRANB2,5,9,16.9786568315311,17.06942069923359,-0.09076386770248845,15.0,0.36363636363636365,1.0
DAD1,5,9,18.291949630657943,18.535209787569702,-0.2432601569117594,15.0,0.36363636363636365,1.0
IGLV1-47,5,9,19.111558500186256,18.56003604472648,0.5515224554597751,30.0,0.36363636363636365,1.0
GTF2I,5,9,18.897694012397867,19.101826685971265,-0.20413267357339748,15.0,0.36363636363636365,1.0
POTEKP,5,9,17.654159027526006,17.344024337803333,0.31013468972267333,30.0,0.36363636363636365,1.0
KRT1,5,9,31.499192740278595,30.822821771927547,0.6763709683510477,30.0,0.36363636363636365,1.0
HLA-DRB1,5,9,19.160389399185373,18.968055771727638,0.1923336274577352,30.0,0.36363636363636365,1.0
PLP2,5,9,19.709904668403766,19.835080220197298,-0.12517555179353224,15.0,0.36363636363636365,1.0
PLCG2,5,9,19.20689635693784,19.392142107576174,-0.18524575063833382,15.0,0.36363636363636365,1.0
CCT6A,5,9,19.834659838322047,19.95593216533296,-0.12127232701091373,15.0,0.36363636363636365,1.0
HSPA1A;HSPA1B,5,9,20.652084917746002,20.968310249720457,-0.31622533197445435,15.0,0.36363636363636365,1.0
ISG15,5,9,18.22238729522943,18.633604641105837,-0.41121734587640546,15.0,0.36363636363636365,1.0
HLA-DPA1,5,9,18.21265828635385,17.74438041170819,0.4682778746456613,30.0,0.36363636363636365,1.0
IDH3G,5,9,16.285146653110235,16.119893850002764,0.16525280310747092,30.0,0.36363636363636365,1.0
CBX3,5,9,20.83897421539574,21.029144364329586,-0.19017014893384498,15.0,0.36363636363636365,1.0
NUP205,5,9,15.952267295698817,16.07789230973515,-0.1256250140363342,15.0,0.36363636363636365,1.0
IGHG1,5,9,23.5395640426638,23.17465211897426,0.3649119236895402,30.0,0.36363636363636365,1.0
DBN1,5,9,17.66562108199189,17.939513396704704,-0.27389231471281406,15.0,0.36363636363636365,1.0
IMPDH2,5,9,19.131658712256144,19.203463825292918,-0.07180511303677406,15.0,0.36363636363636365,1.0
ORM1,5,9,19.043298798535943,18.77018024963641,0.27311854889953224,30.0,0.36363636363636365,1.0
ATP5ME,5,9,18.572722958962544,18.69370267212885,-0.12097971316630662,15.0,0.36363636363636365,1.0
PALLD,5,9,17.29439202741137,17.55602791594553,-0.26163588853416186,15.0,0.36363636363636365,1.0
PDIA3,5,9,23.125465269998596,23.386268623708062,-0.2608033537094663,15.0,0.36363636363636365,1.0
NAP1L4,5,9,18.843624340188406,19.033306642124316,-0.1896823019359104,15.0,0.36363636363636365,1.0
MYL9,5,9,21.627411387381052,21.987361301825747,-0.3599499144446945,15.0,0.36363636363636365,1.0
MYCBP2,5,9,20.020457904836235,20.140434246074435,-0.11997634123819978,15.0,0.36363636363636365,1.0
LMNB2,5,9,20.600870237897343,20.735500027161535,-0.1346297892641921,15.0,0.36363636363636365,1.0
ARG1,5,9,22.840577039901792,22.183209844681535,0.6573671952202567,30.0,0.36363636363636365,1.0
CDC42,5,9,20.189350416931582,20.38734099891339,-0.1979905819818093,15.0,0.36363636363636365,1.0
LGALS9,5,9,19.246245976103083,19.464443885788377,-0.21819790968529418,15.0,0.36363636363636365,1.0
H2AC11;H2AC12;H2AC14;H2AC7;H2AJ,5,9,25.0569516395814,24.772979942774764,0.2839716968066348,30.0,0.36363636363636365,1.0
H2BC26,5,9,25.879743311731197,26.047376503976395,-0.1676331922451979,15.0,0.36363636363636365,1.0
LDHA,5,9,22.104629853608323,22.20162718802452,-0.09699733441619784,15.0,0.36363636363636365,1.0
PRPS2,5,9,18.490760106959097,18.59307120733328,-0.1023111003741839,15.0,0.36363636363636365,1.0
PRPF8,5,9,17.892451920825316,17.97651806660719,-0.08406614578187543,15.0,0.36363636363636365,1.0
MRPL37,5,9,15.191516736868568,15.125051077914943,0.066465658953625,30.0,0.36363636363636365,1.0
COTL1,5,9,20.296824874350417,20.52535931693673,-0.22853444258631228,15.0,0.36363636363636365,1.0
PRKCD,5,9,16.685635129414266,16.981751144881155,-0.2961160154668896,15.0,0.36363636363636365,1.0
PREP,5,9,19.477134098397148,19.609477149678728,-0.13234305128158041,15.0,0.36363636363636365,1.0
AARS2,5,9,18.5969750681826,18.859997617025275,-0.26302254884267384,15.0,0.36363636363636365,1.0
LAP3,5,9,20.262236591991563,20.494856932711798,-0.23262034072023496,15.0,0.36363636363636365,1.0
ACAD9,5,9,15.812711652294713,16.025810265400228,-0.21309861310551526,15.0,0.36363636363636365,1.0
VARS1,5,9,19.265780576671762,19.45398012150047,-0.18819954482870926,15.0,0.36363636363636365,1.0
PPP1R7,5,9,18.03969786452691,18.136336802609375,-0.09663893808246371,15.0,0.36363636363636365,1.0
ARPC5,5,9,20.24505659017894,20.40654674061872,-0.16149015043977855,15.0,0.36363636363636365,1.0
AARS1,5,9,19.027479863538808,19.226538291008858,-0.19905842747004954,15.0,0.36363636363636365,1.0
PPP1CA,5,9,18.799156082181533,18.91259287646083,-0.11343679427929843,15.0,0.36363636363636365,1.0
MAP2K2,5,9,15.582014675942423,15.830458362102215,-0.24844368615979207,15.0,0.36363636363636365,1.0
ELAVL1,5,9,20.938779643619686,21.110654038355086,-0.17187439473540067,15.0,0.36363636363636365,1.0
SAFB,5,9,17.052072530607166,17.224880711242033,-0.17280818063486691,15.0,0.36363636363636365,1.0
ACP1,5,9,21.35295323192111,21.5169475000382,-0.16399426811709006,15.0,0.36363636363636365,1.0
SERPINA1,5,9,20.82607641928214,20.484638923842823,0.34143749543931534,30.0,0.36363636363636365,1.0
DLAT,5,9,18.52930809856111,18.555811653224122,-0.026503554663012352,15.0,0.36363636363636365,1.0
S100A8,5,9,21.798983572655963,21.28731767059071,0.5116659020652534,30.0,0.36363636363636365,1.0
RPL13A,5,9,22.053550472988203,22.17009053454159,-0.11654006155338692,15.0,0.36363636363636365,1.0
RPL14,5,9,21.997671245960923,22.157084121394305,-0.15941287543338234,15.0,0.36363636363636365,1.0
CHI3L1,5,9,16.939350078934563,17.430141702531117,-0.4907916235965537,15.0,0.36363636363636365,1.0
RPL17,5,9,19.623585186324895,19.819411981093396,-0.19582679476850018,15.0,0.36363636363636365,1.0
EIF3I,5,9,19.497241986471906,19.652855081738622,-0.15561309526671607,15.0,0.36363636363636365,1.0
S100A7,5,9,23.772054327946236,23.271739434372662,0.5003148935735737,30.0,0.36363636363636365,1.0
U2SURP,5,9,17.78034622178823,17.996638003693686,-0.21629178190545773,15.0,0.36363636363636365,1.0
SUB1,5,9,20.71350769677978,20.982325631524215,-0.2688179347444368,15.0,0.36363636363636365,1.0
ALB,5,9,26.940584196786517,26.447632246813082,0.4929519499734347,30.0,0.36363636363636365,1.0
DDX39B,5,9,22.676997315155894,22.77638736405065,-0.09939004889475456,15.0,0.36363636363636365,1.0
FLII,5,9,18.169137043465017,18.204816543133948,-0.03567949966893025,15.0,0.36363636363636365,1.0
TUBA1A,5,9,19.432503710788467,20.183792987713122,-0.7512892769246555,15.0,0.36363636363636365,1.0
RPLP2,5,9,20.898789650384877,21.054294687751863,-0.15550503736698573,15.0,0.36363636363636365,1.0
RPS12,5,9,26.397432114701626,26.730774054738944,-0.3333419400373181,15.0,0.36363636363636365,1.0
RPS15,5,9,17.936119860654447,18.156106051276122,-0.21998619062167535,15.0,0.36363636363636365,1.0
ETHE1,5,9,19.555146292480117,19.692414533200186,-0.1372682407200685,15.0,0.36363636363636365,1.0
SERPINB6,5,9,20.948938876600778,20.71962637240798,0.22931250419279792,30.0,0.36363636363636365,1.0
DHX9,5,9,21.583712919319602,21.773176340381884,-0.18946342106228187,15.0,0.36363636363636365,1.0
TOP1,5,9,17.96299934742033,18.066130065986314,-0.10313071856598555,15.0,0.36363636363636365,1.0
TPI1,5,9,23.385488798323973,23.492592377918754,-0.10710357959478145,15.0,0.36363636363636365,1.0
TES,5,9,17.093384400593237,17.495031830555877,-0.40164742996264025,15.0,0.36363636363636365,1.0
SH3BGRL3,5,9,21.377451057452124,21.221203498392473,0.1562475590596506,30.0,0.36363636363636365,1.0
SF3A3,5,9,18.258532041603168,18.413182991488192,-0.15465094988502415,15.0,0.36363636363636365,1.0
THRAP3,5,9,18.126809319020328,18.306925082337038,-0.1801157633167101,15.0,0.36363636363636365,1.0
EIF4A3,5,9,20.40861134424096,20.618239384855777,-0.20962804061481677,15.0,0.36363636363636365,1.0
ERP29,5,9,19.639636079996883,19.83336968998664,-0.19373360998975642,15.0,0.36363636363636365,1.0
SF3B4,5,9,16.66072632716412,16.7784063158708,-0.11767998870667995,15.0,0.36363636363636365,1.0
TTR,5,9,20.355782585180517,19.94172726203448,0.4140553231460373,30.0,0.36363636363636365,1.0
STK4,5,9,18.272222080721377,18.47723569499224,-0.20501361427086096,15.0,0.36363636363636365,1.0
SSR4,5,9,21.676833785740282,21.41204841638944,0.26478536935084307,30.0,0.36363636363636365,1.0
TMCO1,5,9,17.635943320047808,17.37768883395499,0.25825448609281665,30.0,0.36363636363636365,1.0
SRSF2,5,9,21.57963756538789,21.79716776248064,-0.21753019709274923,15.0,0.36363636363636365,1.0
TSN,5,9,19.013900183092822,19.173989468810003,-0.16008928571718073,15.0,0.36363636363636365,1.0
EMC1,5,9,17.153928807201545,16.872643724113484,0.2812850830880613,30.0,0.36363636363636365,1.0
TSNAX,5,9,17.183185368298602,17.416159414742392,-0.23297404644378972,15.0,0.36363636363636365,1.0
CNOT1,5,9,17.571837174528753,17.64420648429363,-0.07236930976487699,15.0,0.36363636363636365,1.0
AIFM1,5,9,18.643837567306015,18.73315663732004,-0.0893190700140245,15.0,0.36363636363636365,1.0
MESD,4,8,17.933590346669263,18.04726892133545,-0.11367857466618858,10.0,0.3676767676767677,1.0
PDE12,4,8,16.067882026155072,16.306652195032314,-0.23877016887724167,10.0,0.3676767676767677,1.0
PPOX,4,8,17.061776654777006,17.243169178394986,-0.18139252361797986,10.0,0.3676767676767677,1.0
ADPRH,4,8,14.026657924961922,14.153588103014245,-0.12693017805232287,10.0,0.3676767676767677,1.0
ITPA,4,8,17.84963832846396,18.136772454314723,-0.2871341258507627,10.0,0.3676767676767677,1.0
HSPA14,4,8,16.519477750426773,16.77839064992692,-0.25891289950014595,10.0,0.3676767676767677,1.0
MYO6,4,8,15.978000978512084,16.11089282881524,-0.13289185030315487,10.0,0.3676767676767677,1.0
MTMR1,4,8,13.72854804240405,13.428188665396824,0.3003593770072257,22.0,0.3676767676767677,1.0
LAIR1,4,8,17.922352379563918,17.58943361722943,0.3329187623344865,22.0,0.3676767676767677,1.0
DCTN3,4,8,16.339053664941794,16.0913675641377,0.2476861008040956,22.0,0.3676767676767677,1.0
ACTA1,4,8,20.435956870219027,20.204613927324903,0.23134294289412338,22.0,0.3676767676767677,1.0
BUD31,4,8,20.177638256575506,20.457910754654385,-0.28027249807887955,10.0,0.3676767676767677,1.0
G3BP2,4,8,17.073910071653362,17.189588358082396,-0.11567828642903422,10.0,0.3676767676767677,1.0
CLIC2,4,8,13.897543988627227,14.13647806052418,-0.23893407189695282,10.0,0.3676767676767677,1.0
VPS37C,4,8,13.805551396111127,13.444730260027287,0.3608211360838407,22.0,0.3676767676767677,1.0
SERPINA5,4,8,15.256457651039668,15.49435522377065,-0.2378975727309829,10.0,0.3676767676767677,1.0
ELMO2,4,8,14.622110363762278,14.26759619025083,0.35451417351144876,22.0,0.3676767676767677,1.0
PSIP1,4,8,14.591737471661778,15.099165042784936,-0.5074275711231575,10.0,0.3676767676767677,1.0
SUN1,4,8,15.502360988628649,15.796829069418116,-0.29446808078946773,10.0,0.3676767676767677,1.0
SH2D1A,4,8,16.030463648614248,16.323439981688306,-0.29297633307405846,10.0,0.3676767676767677,1.0
EXOSC5,4,8,17.432447188976283,17.093105171134706,0.33934201784157736,22.0,0.3676767676767677,1.0
UTRN,4,8,16.786880155004702,16.889607388633234,-0.10272723362853142,10.0,0.3676767676767677,1.0
MTREX,4,8,15.18500374237521,15.13569820094477,0.049305541430440414,22.0,0.3676767676767677,1.0
OTULIN,4,8,16.001445220922484,16.289115505543585,-0.28767028462110034,10.0,0.3676767676767677,1.0
PARP4,4,8,14.984191283407467,14.868987360643434,0.11520392276403335,22.0,0.3676767676767677,1.0
AAAS,4,8,14.383635184181385,14.245494330204153,0.13814085397723197,22.0,0.3676767676767677,1.0
ROCK1,4,8,13.79658371579465,13.945732438831982,-0.14914872303733162,10.0,0.3676767676767677,1.0
TIAL1,4,8,14.764474479615638,14.990690815844685,-0.22621633622904724,10.0,0.3676767676767677,1.0
DHX30,4,8,18.49073000975755,18.60316428223178,-0.11243427247423199,10.0,0.3676767676767677,1.0
ENOPH1,4,8,15.357501302457369,15.220695087034173,0.1368062154231957,22.0,0.3676767676767677,1.0
SNAPIN,4,8,15.481400565226615,15.652577721054264,-0.17117715582764959,10.0,0.3676767676767677,1.0
CDK11B,4,8,16.76570864455171,16.558391903034398,0.20731674151731383,22.0,0.3676767676767677,1.0
SLPI,4,8,16.91846881360014,16.360247083949766,0.5582217296503735,22.0,0.3676767676767677,1.0
MAN1A1,4,8,18.860857553316503,18.473690705561086,0.38716684775541665,22.0,0.3676767676767677,1.0
RPL36A,4,8,15.49908455865031,15.810219496585272,-0.3111349379349626,10.0,0.3676767676767677,1.0
ERMP1,4,8,15.708179402446786,15.953298588350053,-0.24511918590326687,10.0,0.3676767676767677,1.0
CAB39,4,8,16.54299507659923,16.348189692231873,0.19480538436735628,22.0,0.3676767676767677,1.0
NSDHL,4,8,14.391308163734458,14.743030127900784,-0.35172196416632673,10.0,0.3676767676767677,1.0
COL16A1,4,8,15.99651110458641,15.49452527694441,0.5019858276420006,22.0,0.3676767676767677,1.0
RNASET2,4,8,16.136123638978734,16.34811235370035,-0.21198871472161684,10.0,0.3676767676767677,1.0
UNC13D,4,8,16.897831275933626,17.154866335416408,-0.2570350594827815,10.0,0.3676767676767677,1.0
CPSF3,4,8,16.145051853026494,16.27044192307001,-0.12539007004351532,10.0,0.3676767676767677,1.0
NIPSNAP3A,3,9,17.200060332409826,16.77529800824,0.4247623241698264,19.0,0.3727272727272727,1.0
DYNC1LI2,3,9,15.066059717975675,15.333371422330483,-0.26731170435480855,8.0,0.3727272727272727,1.0
MCTS1,3,9,18.095612289911532,18.231238935843294,-0.13562664593176166,8.0,0.3727272727272727,1.0
ACOX3,3,9,15.031291143189456,15.35251191945913,-0.3212207762696746,8.0,0.3727272727272727,1.0
CKMT1A,3,9,18.40087337697778,17.669142348528744,0.7317310284490368,19.0,0.3727272727272727,1.0
ABCD3,3,9,15.407186354348553,15.624744751450432,-0.21755839710187885,8.0,0.3727272727272727,1.0
LCP2,3,8,16.01771745521945,16.16417489759756,-0.14645744237811087,7.0,0.3757575757575758,1.0
CLASP1,3,8,14.217724697274187,13.942547704530634,0.27517699274355323,17.0,0.3757575757575758,1.0
ARHGEF18,3,8,13.594027710181644,13.303785257638811,0.29024245254283265,17.0,0.3757575757575758,1.0
RRP9,3,8,15.782749258831567,16.219968031057633,-0.43721877222606587,7.0,0.3757575757575758,1.0
MELTF,3,8,14.295083053690556,14.63160525757043,-0.3365222038798734,7.0,0.3757575757575758,1.0
GOLGA5,3,8,13.525990368339544,13.757729893587005,-0.23173952524746078,7.0,0.3757575757575758,1.0
TP53RK,3,8,15.995634154616992,16.184905838131378,-0.18927168351438617,7.0,0.3757575757575758,1.0
PHLDB1,3,8,13.9556587786473,13.377833917006637,0.5778248616406625,17.0,0.3757575757575758,1.0
ENY2,3,8,15.46749485472238,15.794698169899846,-0.32720331517746537,7.0,0.3757575757575758,1.0
ROCK2,3,8,13.67598781871183,14.071332971400452,-0.3953451526886216,7.0,0.3757575757575758,1.0
DMKN,3,8,17.650133241721875,16.708190662326537,0.941942579395338,17.0,0.3757575757575758,1.0
DSG2,3,8,16.340987277157577,16.883267054227325,-0.5422797770697478,7.0,0.3757575757575758,1.0
TRABD,3,8,14.552034881151187,14.245882499942553,0.30615238120863353,17.0,0.3757575757575758,1.0
TCF25,3,8,15.018738904818832,15.213341114985266,-0.1946022101664333,7.0,0.3757575757575758,1.0
SH3PXD2B,3,8,14.68165998594399,14.97096619756172,-0.2893062116177312,7.0,0.3757575757575758,1.0
SCGB1D1,3,8,18.076477870797568,16.377336807192414,1.699141063605154,17.0,0.3757575757575758,1.0
CLCN7,3,8,16.477099569716952,16.779962265487736,-0.3028626957707843,7.0,0.3757575757575758,1.0
POGLUT3,3,8,15.435883845543131,15.556455986825206,-0.12057214128207505,7.0,0.3757575757575758,1.0
SHPK,3,8,15.654762185292105,15.25195495841737,0.40280722687473514,17.0,0.3757575757575758,1.0
PTGFRN,3,8,15.127318223746366,15.041168747730822,0.08614947601554412,17.0,0.3757575757575758,1.0
LSM4,3,8,17.441924758032144,17.689572483335603,-0.2476477253034588,7.0,0.3757575757575758,1.0
GALNT2,3,8,18.441383313869895,18.214468240176885,0.22691507369301078,17.0,0.3757575757575758,1.0
YTHDF3,3,8,16.366435554424317,16.50880613726196,-0.1423705828376427,7.0,0.3757575757575758,1.0
PCF11,3,8,13.333607105316448,12.95438190589843,0.379225199418018,17.0,0.3757575757575758,1.0
CHMP5,3,8,16.224311372040237,15.822573143616552,0.40173822842368523,17.0,0.3757575757575758,1.0
MON2,3,8,12.6263085141791,12.866004286478685,-0.23969577229958539,7.0,0.3757575757575758,1.0
SAMD9,3,8,13.24183665858281,13.15880140822087,0.08303525036193982,17.0,0.3757575757575758,1.0
PITRM1,3,8,17.112645825717166,17.355887583990537,-0.24324175827337058,7.0,0.3757575757575758,1.0
SYNGR1,3,6,14.180195841181865,13.704200204993917,0.4759956361879478,13.0,0.38095238095238093,1.0
MINK1,3,6,12.728798283246896,13.060201473736418,-0.3314031904895227,5.0,0.38095238095238093,1.0
KLK14,3,6,14.864071103214293,13.773117924911242,1.0909531783030513,13.0,0.38095238095238093,1.0
ZMPSTE24,3,6,14.185492790417195,14.450948531128063,-0.26545574071086797,5.0,0.38095238095238093,1.0
OAS1,3,6,10.971886199979915,11.667194093535675,-0.6953078935557606,5.0,0.38095238095238093,1.0
ITGA5,3,6,14.29131859020785,14.163427574999181,0.12789101520866808,13.0,0.38095238095238093,1.0
BRD1,3,6,14.483886214693635,14.701372959844088,-0.21748674515045252,5.0,0.38095238095238093,1.0
KHDRBS3,3,6,13.908537973889693,14.936606520459867,-1.0280685465701733,5.0,0.38095238095238093,1.0
BABAM2,3,6,12.34593927478622,12.773638329667529,-0.4276990548813089,5.0,0.38095238095238093,1.0
SIGMAR1,3,6,15.882237139196242,15.093634472929482,0.78860266626676,13.0,0.38095238095238093,1.0
NT5C3A,3,6,17.682470853923405,17.56971713857489,0.1127537153485143,13.0,0.38095238095238093,1.0
RASGRP2,3,6,11.13461751754322,10.652267711027067,0.48234980651615267,13.0,0.38095238095238093,1.0
AP5B1,3,6,11.892475688785618,12.17731913642348,-0.2848434476378614,5.0,0.38095238095238093,1.0
POGZ,3,7,15.643938522014002,15.41468446012295,0.22925406189105146,15.0,0.3833333333333333,1.0
HERC4,3,7,12.955719426004277,13.30310229920607,-0.3473828732017932,6.0,0.3833333333333333,1.0
EIF2A,3,7,15.765868924788265,15.985141045841187,-0.2192721210529225,6.0,0.3833333333333333,1.0
SNTB1,3,7,12.872537383964053,13.067413298744302,-0.19487591478024946,6.0,0.3833333333333333,1.0
MAP3K4,3,7,12.843302695950351,12.107186508746054,0.7361161872042974,15.0,0.3833333333333333,1.0
MRPS2,3,7,14.382732895102928,14.16304250282808,0.2196903922748472,15.0,0.3833333333333333,1.0
BORCS5,3,7,13.033443783526279,12.903596920839261,0.1298468626870175,15.0,0.3833333333333333,1.0
MUC5B,3,7,17.810712481018424,17.10205986277428,0.7086526182441446,15.0,0.3833333333333333,1.0
UBE2Z,3,7,15.237788838391575,15.28281849092959,-0.045029652538014275,6.0,0.3833333333333333,1.0
VPS51,3,7,15.334099072664602,15.567184061458986,-0.23308498879438488,6.0,0.3833333333333333,1.0
HAAO,3,7,14.483189235397077,14.228319368326423,0.2548698670706546,15.0,0.3833333333333333,1.0
ATP1B3,3,7,16.646682873396063,16.942746886738302,-0.29606401334223875,6.0,0.3833333333333333,1.0
RINT1,3,7,11.481314961699042,11.735275877521113,-0.2539609158220717,6.0,0.3833333333333333,1.0
PTER,3,7,15.554891359357816,15.868571453501895,-0.31368009414407894,6.0,0.3833333333333333,1.0
MTHFS,3,7,13.136829881996844,13.425004042124176,-0.28817416012733155,6.0,0.3833333333333333,1.0
NOL10,3,7,15.01627246239948,15.168294213096098,-0.15202175069661905,6.0,0.3833333333333333,1.0
MFN2,3,5,13.495699002005376,13.261357853125617,0.23434114887975888,11.0,0.39285714285714285,1.0
THOC7,3,5,17.120474849864436,16.759503020455114,0.3609718294093227,11.0,0.39285714285714285,1.0
ECHDC2,3,5,12.570939296157396,13.290290158295232,-0.7193508621378353,4.0,0.39285714285714285,1.0
TINAGL1,3,5,16.512158864036365,16.161280262153383,0.35087860188298237,11.0,0.39285714285714285,1.0
ATP2B1,3,5,14.535798602958636,14.927267154922555,-0.3914685519639196,4.0,0.39285714285714285,1.0
JAK1,3,5,11.718755701727735,11.9412124922943,-0.22245679056656442,4.0,0.39285714285714285,1.0
ENPP4,3,4,12.646395493538698,13.207870289234261,-0.5614747956955632,3.0,0.4,1.0
POLR1D,3,4,12.944706926964876,13.542753561755008,-0.5980466347901316,3.0,0.4,1.0
MFSD5,3,4,12.892612572149218,12.288017962185371,0.6045946099638471,9.0,0.4,1.0
TOR2A,3,3,13.490865503379048,13.18510929277039,0.3057562106086582,7.0,0.4,1.0
NR2C2,3,4,12.290523173014018,11.86842128196075,0.4221018910532681,9.0,0.4,1.0
ALOX15B,3,4,14.658102677050051,13.924247870687601,0.7338548063624497,9.0,0.4,1.0
TRIP11,3,3,14.00045285886747,14.399127579735465,-0.3986747208679944,2.0,0.4,1.0
RNASE1,3,3,13.674288997049677,13.110312909381475,0.5639760876682018,7.0,0.4,1.0
GLMP,3,4,14.751520134970214,14.27992252341786,0.4715976115523546,9.0,0.4,1.0
LCLAT1,3,4,13.718169183121068,14.042592630633541,-0.32442344751247276,3.0,0.4,1.0
FGL2,3,3,14.1105043244067,13.639398016736862,0.47110630766983697,7.0,0.4,1.0
MRPL28,3,4,13.135597777858194,13.687875954897422,-0.5522781770392271,3.0,0.4,1.0
PPP2R5C,3,4,14.436522798080006,14.137074813966,0.2994479841140052,9.0,0.4,1.0
CDC42EP1,4,7,16.56418437451249,16.003475689251626,0.5607086852608631,19.0,0.4121212121212121,1.0
ANKHD1,4,7,16.14830745915662,16.00035931473088,0.14794814442574022,19.0,0.4121212121212121,1.0
C2,4,7,17.548741109618977,17.11368467990973,0.4350564297092454,19.0,0.4121212121212121,1.0
GZMM,4,7,15.230697079212012,15.656411858800283,-0.42571477958827053,9.0,0.4121212121212121,1.0
NUP58,4,7,16.174441725065563,16.31458533377358,-0.14014360870801568,9.0,0.4121212121212121,1.0
RRAGC,4,7,14.50519692060914,14.792417926225692,-0.2872210056165514,9.0,0.4121212121212121,1.0
MOB4,4,5,15.875109881538421,16.14446209812417,-0.26935221658574804,6.0,0.4126984126984127,1.0
VAMP2,4,9,15.773230455699895,15.490253298714748,0.28297715698514736,24.0,0.413986013986014,1.0
FMR1,4,9,15.957383676903477,16.106695359199605,-0.149311682296128,12.0,0.413986013986014,1.0
RBBP4,4,9,18.740961570472493,18.890627601991167,-0.14966603151867375,12.0,0.413986013986014,1.0
OXCT1,4,9,19.194858463874297,19.366380604478977,-0.1715221406046794,12.0,0.413986013986014,1.0
GMDS,4,9,16.564713511406435,16.738438687708292,-0.1737251763018577,12.0,0.413986013986014,1.0
ITGAM,4,9,17.507441107469127,17.219160574168924,0.28828053330020253,24.0,0.413986013986014,1.0
SURF4,4,9,17.059172688649564,17.33548994643743,-0.2763172577878663,12.0,0.413986013986014,1.0
WDFY1,4,9,15.070594639694221,15.06964687572191,0.0009477639723112219,12.0,0.413986013986014,1.0
SNX5,4,9,17.6487754776415,17.439080536928177,0.20969494071332306,24.0,0.413986013986014,1.0
SFXN3,4,9,17.298931959832956,17.440587182698245,-0.14165522286528898,12.0,0.413986013986014,1.0
PARP9,4,9,15.94672547439404,16.12349066622529,-0.17676519183125095,12.0,0.413986013986014,1.0
ANP32E,4,9,17.719001547245558,17.99323075201412,-0.27422920476856305,12.0,0.413986013986014,1.0
PBDC1,4,9,18.485366400677087,18.600574624095927,-0.11520822341883985,12.0,0.413986013986014,1.0
IGKV1-8,4,9,17.534345333625225,17.91088153061633,-0.3765361969911041,12.0,0.413986013986014,1.0
USP47,4,9,16.835311578399708,16.567852345161334,0.2674592332383732,24.0,0.413986013986014,1.0
GOLGB1,4,9,18.55643879804293,18.732689349796352,-0.17625055175342297,12.0,0.413986013986014,1.0
PDP1,4,9,16.48008726892557,16.616812675058956,-0.13672540613338668,12.0,0.413986013986014,1.0
ERGIC1,4,9,17.57451473376061,17.26377551446915,0.31073921929145953,24.0,0.413986013986014,1.0
SLC3A2,4,9,17.03617876989727,17.142032376028844,-0.1058536061315749,12.0,0.413986013986014,1.0
NME3,4,9,14.893272365062739,15.090857681367348,-0.1975853163046093,12.0,0.413986013986014,1.0
KLK7,4,9,20.097800120970966,19.03446121555435,1.0633389054166145,24.0,0.413986013986014,1.0
OPTN,4,9,16.19324939428135,16.502631313498924,-0.3093819192175751,12.0,0.413986013986014,1.0
CHP1,4,9,17.76441733462645,17.671335734538147,0.09308160008830413,24.0,0.413986013986014,1.0
FKBP8,4,9,16.47274091804836,16.745246947077423,-0.2725060290290635,12.0,0.413986013986014,1.0
CUL3,4,9,19.39886987861937,19.72091579275054,-0.32204591413117,12.0,0.413986013986014,1.0
SAMM50,4,9,16.11552252387293,16.289238941526495,-0.1737164176535657,12.0,0.413986013986014,1.0
COQ8A,4,9,15.063475913790281,15.368790452432348,-0.30531453864206703,12.0,0.413986013986014,1.0
SEC63,4,9,15.295475669917792,15.631650178046016,-0.3361745081282237,12.0,0.413986013986014,1.0
ZG16B,4,9,18.946184348051386,18.041260634404125,0.9049237136472605,24.0,0.413986013986014,1.0
TWF1,4,9,16.983536710213066,17.085275186034295,-0.10173847582122875,12.0,0.413986013986014,1.0
AHSG,4,9,18.099311580722073,17.69214514627546,0.40716643444661216,24.0,0.413986013986014,1.0
TMEM123,4,9,17.802132603011042,18.01318010144407,-0.21104749843302884,12.0,0.413986013986014,1.0
GOLT1B,5,6,13.783759150359973,14.174524122766513,-0.39076497240654007,10.0,0.42857142857142855,1.0
NUDT4,5,7,14.594663440238403,14.546145580371093,0.048517859867310165,23.0,0.4318181818181819,1.0
UPF2,5,7,16.6360825615243,16.706019524279007,-0.0699369627547064,12.0,0.4318181818181819,1.0
WDR13,5,7,13.123577282983524,13.47583641731114,-0.3522591343276158,12.0,0.4318181818181819,1.0
AKAP17A,5,8,20.94242621007266,20.68514636874771,0.2572798413249515,26.0,0.43512043512043513,1.0
THYN1,5,8,15.132068834513424,14.913108265109303,0.21896056940412123,26.0,0.43512043512043513,1.0
TRNT1,5,8,15.71256033860746,15.546473283739028,0.16608705486843256,26.0,0.43512043512043513,1.0
EXOSC6,5,8,16.73351956402548,16.871893954532315,-0.13837439050683287,14.0,0.43512043512043513,1.0
CCDC50,5,8,17.71686618460726,18.01141519074781,-0.2945490061405529,14.0,0.43512043512043513,1.0
NEK9,5,8,22.866780158951027,23.087978528932716,-0.22119836998168907,14.0,0.43512043512043513,1.0
UROD,5,8,17.659481451647345,17.384924859579595,0.27455659206774996,26.0,0.43512043512043513,1.0
PPIL3,5,8,14.884278388026683,14.570863658180372,0.31341472984631125,26.0,0.43512043512043513,1.0
ASPH,5,8,18.798732563505094,18.949479232169544,-0.15074666866444986,14.0,0.43512043512043513,1.0
NFU1,5,8,15.010678760315702,14.710723360123708,0.29995540019199396,26.0,0.43512043512043513,1.0
HLA-E,5,8,20.42530118157282,20.640606487748784,-0.21530530617596355,14.0,0.43512043512043513,1.0
DCN,5,8,19.73672645966048,19.14793835898881,0.5887881006716711,26.0,0.43512043512043513,1.0
TBC1D1,5,8,15.143882441396809,15.316025024337877,-0.17214258294106877,14.0,0.43512043512043513,1.0
PLG,5,8,18.713410670196083,18.27669396178183,0.43671670841425225,26.0,0.43512043512043513,1.0
MFSD10,5,8,17.296857568813543,17.441577524680596,-0.14471995586705333,14.0,0.43512043512043513,1.0
C4A,5,8,18.011500814593337,17.644359737406603,0.3671410771867336,26.0,0.43512043512043513,1.0
IFI35,5,8,18.1842500329091,18.31267269586786,-0.1284226629587586,14.0,0.43512043512043513,1.0
CCDC59,5,8,15.37047984124897,14.962185140678516,0.4082947005704547,26.0,0.43512043512043513,1.0
BCLAF1,5,8,17.216482312799847,17.400898094454092,-0.18441578165424488,14.0,0.43512043512043513,1.0
DDX24,5,8,18.80573673702163,18.959520762032678,-0.15378402501104915,14.0,0.43512043512043513,1.0
SKIC2,5,8,16.243939265210134,16.388986563669157,-0.14504729845902276,14.0,0.43512043512043513,1.0
RBM15,5,8,16.220545767820123,16.318920299339805,-0.09837453151968134,14.0,0.43512043512043513,1.0
RUFY1,5,8,15.828663489263096,16.050469562815973,-0.22180607355287663,14.0,0.43512043512043513,1.0
UGGT1,5,9,18.428810057039676,18.57037294127171,-0.14156288423203378,16.0,0.43756243756243757,1.0
IGHA2,5,9,19.166999651763394,18.793231721193216,0.3737679305701782,29.0,0.43756243756243757,1.0
LRRC47,5,9,19.53857599477592,19.644493279384353,-0.10591728460843441,16.0,0.43756243756243757,1.0
DTYMK,5,9,17.493592436345843,17.58670915437081,-0.0931167180249659,16.0,0.43756243756243757,1.0
DPP3,5,9,18.203038224906948,18.317402344822277,-0.11436411991532935,16.0,0.43756243756243757,1.0
NOMO1,5,9,16.71362930176421,16.913257671504923,-0.19962836974071152,16.0,0.43756243756243757,1.0
RPL27A,5,9,20.603986262326288,20.852641990139542,-0.2486557278132544,16.0,0.43756243756243757,1.0
IGHV3-74,5,9,20.270195842380993,19.832679151683696,0.43751669069729715,29.0,0.43756243756243757,1.0
GPI,5,9,20.754421473535302,20.849031493640027,-0.09461002010472441,16.0,0.43756243756243757,1.0
JCHAIN,5,9,20.100509151645866,19.78611677081458,0.3143923808312863,29.0,0.43756243756243757,1.0
MAPK1,5,9,18.271573988254538,18.42925812862305,-0.15768414036851297,16.0,0.43756243756243757,1.0
C1QBP,5,9,18.90447080549731,19.02845241335498,-0.12398160785766876,16.0,0.43756243756243757,1.0
GPSM3,5,9,17.470005476016333,17.622187668325086,-0.15218219230875363,16.0,0.43756243756243757,1.0
CASP1,5,9,17.135390578908265,17.322968559899152,-0.18757798099088774,16.0,0.43756243756243757,1.0
ABHD10,5,9,17.886732138127044,18.066488640522813,-0.1797565023957688,16.0,0.43756243756243757,1.0
GLOD4,5,9,18.67148819325161,18.83219931699442,-0.1607111237428107,16.0,0.43756243756243757,1.0
EML2,5,9,15.888910903282431,16.021663806799626,-0.13275290351719526,16.0,0.43756243756243757,1.0
SPR,5,9,17.148850840310534,17.405142760499317,-0.256291920188783,16.0,0.43756243756243757,1.0
OGN,5,9,22.714629022829882,22.133963939455676,0.5806650833742069,29.0,0.43756243756243757,1.0
OTUB1,5,9,19.145333204656133,19.010852549823145,0.13448065483298777,29.0,0.43756243756243757,1.0
WDFY4,5,9,20.299461511294258,20.031442336565092,0.26801917472916514,29.0,0.43756243756243757,1.0
COL5A1,5,9,21.493931170639552,20.87259665918232,0.6213345114572313,29.0,0.43756243756243757,1.0
MRPL15,5,9,15.88960635448891,15.998386776028326,-0.10878042153941614,16.0,0.43756243756243757,1.0
SOD2,5,9,21.167833406918113,21.501611097199984,-0.3337776902818703,16.0,0.43756243756243757,1.0
DDX5,5,9,21.35116953910491,21.448730484410316,-0.09756094530540693,16.0,0.43756243756243757,1.0
DNAJC11,5,9,16.073937199462055,16.196890579429397,-0.1229533799673419,16.0,0.43756243756243757,1.0
LGALS7,5,9,20.025207834897664,19.387937808009454,0.6372700268882099,29.0,0.43756243756243757,1.0
PCYOX1,5,9,17.75056524958004,17.628186311290477,0.12237893828956103,29.0,0.43756243756243757,1.0
IGHV6-1,5,9,19.201254788719318,18.81028749680067,0.3909672919186491,29.0,0.43756243756243757,1.0
SPTBN2,5,9,19.436378593772908,19.52025932009014,-0.08388072631723276,16.0,0.43756243756243757,1.0
TWF2,5,9,18.445161718626544,18.531605823011457,-0.08644410438491335,16.0,0.43756243756243757,1.0
RO60,5,9,19.595930886983773,19.65506526919075,-0.05913438220697742,16.0,0.43756243756243757,1.0
PARK7,5,9,21.00981884197322,21.163092080315593,-0.15327323834237205,16.0,0.43756243756243757,1.0
CSTB,5,9,20.41299344130882,20.525409782694037,-0.11241634138521661,16.0,0.43756243756243757,1.0
RANBP1,5,9,18.702975642523114,18.740592686161378,-0.03761704363826368,16.0,0.43756243756243757,1.0
RAE1,5,9,16.50578006971653,16.360804482901,0.14497558681553002,29.0,0.43756243756243757,1.0
COPZ1,5,9,17.92377544004409,18.181670426022656,-0.25789498597856664,16.0,0.43756243756243757,1.0
TMEM33,5,9,19.68115613882135,19.89124489562512,-0.2100887568037706,16.0,0.43756243756243757,1.0
SRSF7,5,9,22.26440901386863,22.464106463381817,-0.19969744951318802,16.0,0.43756243756243757,1.0
RAB6A,5,9,18.732785740661836,18.907371162352188,-0.1745854216903524,16.0,0.43756243756243757,1.0
ABHD14B,5,9,19.972894347076647,19.78068848815025,0.1922058589263962,29.0,0.43756243756243757,1.0
IGKV1-12;IGKV1D-12,5,9,17.761390064504283,17.282863696535887,0.47852636796839576,29.0,0.43756243756243757,1.0
RNPS1,5,9,17.563820929075305,17.768309409084267,-0.20448848000896191,16.0,0.43756243756243757,1.0
RCN3,5,9,17.466409907769727,17.720543284463716,-0.2541333766939893,16.0,0.43756243756243757,1.0
VIM,5,9,25.960801987145423,25.782944110759715,0.17785787638570838,29.0,0.43756243756243757,1.0
PYCR3,5,9,15.535394860016732,15.475994680278525,0.05940017973820666,29.0,0.43756243756243757,1.0
KRT14,5,9,26.696146955795154,25.958015604065935,0.7381313517292192,29.0,0.43756243756243757,1.0
SERPINB3,5,9,22.118239600457198,21.558425206164152,0.5598143942930456,29.0,0.43756243756243757,1.0
PRELP,5,9,21.70254552547268,21.231992444033885,0.47055308143879415,29.0,0.43756243756243757,1.0
TAPBP,5,9,20.232709232655395,20.467820261151882,-0.2351110284964868,16.0,0.43756243756243757,1.0
COL1A1,5,9,28.7146106147262,27.91766873074788,0.7969418839783202,29.0,0.43756243756243757,1.0
HDAC1,5,9,17.852305818683725,18.010284110229012,-0.15797829154528742,16.0,0.43756243756243757,1.0
PLIN3,5,9,19.293833702742425,19.44950124348823,-0.15566754074580302,16.0,0.43756243756243757,1.0
FLOT1,5,9,17.688543790097846,17.813659835274354,-0.1251160451765081,16.0,0.43756243756243757,1.0
VPS33A,5,9,16.716631035037427,16.88731206370441,-0.17068102866698354,16.0,0.43756243756243757,1.0
TUBA8,5,9,20.052865148804266,20.349771186466068,-0.29690603766180246,16.0,0.43756243756243757,1.0
MCM7,5,9,18.083236008568218,18.212694359920924,-0.12945835135270656,16.0,0.43756243756243757,1.0
KRT84,5,9,21.549040540460304,22.277549114926185,-0.7285085744658808,16.0,0.43756243756243757,1.0
PYGB,5,9,19.230030109005433,19.441964934529224,-0.21193482552379095,16.0,0.43756243756243757,1.0
RUSF1,5,9,20.797618299728885,20.993194384030023,-0.1955760843011376,16.0,0.43756243756243757,1.0
TAP2,5,9,19.079606109106038,19.295528970946027,-0.21592286183998866,16.0,0.43756243756243757,1.0
FLNA,5,9,22.295568771390453,22.550057527755538,-0.2544887563650846,16.0,0.43756243756243757,1.0
ZNF207,5,9,15.933692572164182,16.131814245996125,-0.19812167383194357,16.0,0.43756243756243757,1.0
MX2,5,9,16.23749204563513,16.60933875760277,-0.37184671196764185,16.0,0.43756243756243757,1.0
KRT5,5,9,27.687681020491873,26.987707665067454,0.6999733554244187,29.0,0.43756243756243757,1.0
CALML3,5,9,20.55493672686758,20.288659457632765,0.2662772692348163,29.0,0.43756243756243757,1.0
MDH2,5,9,22.289121605438147,22.394501874999307,-0.10538026956115942,16.0,0.43756243756243757,1.0
COL1A2,5,9,27.257183589604836,26.278328966798753,0.9788546228060824,29.0,0.43756243756243757,1.0
SBSN,5,9,20.037388462285993,19.45795173569094,0.579436726595052,29.0,0.43756243756243757,1.0
SAR1A,5,9,18.839617207148844,19.089652537929535,-0.2500353307806904,16.0,0.43756243756243757,1.0
HMGA1,5,9,19.2079363444117,19.533184650597157,-0.32524830618545764,16.0,0.43756243756243757,1.0
CHCHD3,5,9,18.952906816487165,19.070584002147967,-0.11767718566080276,16.0,0.43756243756243757,1.0
KRT8,5,9,22.653826911024066,23.08106008235056,-0.4272331713264954,16.0,0.43756243756243757,1.0
EEF1G,5,9,20.532036949197646,20.787585223208858,-0.25554827401121116,16.0,0.43756243756243757,1.0
HNRNPAB,5,9,18.360894074339022,18.455775494965913,-0.09488142062689064,16.0,0.43756243756243757,1.0
SACM1L,5,9,18.430818255734103,18.578833652663338,-0.14801539692923527,16.0,0.43756243756243757,1.0
PML,5,9,19.324332666666074,19.466629212890894,-0.14229654622482002,16.0,0.43756243756243757,1.0
NCF1,5,9,16.993735208497675,16.730970362751954,0.26276484574572123,29.0,0.43756243756243757,1.0
HNRNPH1,5,9,21.780242332638778,21.892579828614675,-0.11233749597589693,16.0,0.43756243756243757,1.0
ABRACL,5,9,20.01844563985672,20.293113575506627,-0.27466793564990866,16.0,0.43756243756243757,1.0
CLU,5,9,20.325065100038948,20.055809324528706,0.26925577551024205,29.0,0.43756243756243757,1.0
A2M,5,9,20.09710635513081,20.121060857877627,-0.023954502746818207,29.0,0.43756243756243757,1.0
LTA4H,5,9,19.34565957597787,19.109764435666317,0.2358951403115519,29.0,0.43756243756243757,1.0
H1-5,5,9,22.627097679411907,22.712065131065717,-0.08496745165381014,16.0,0.43756243756243757,1.0
PRPF19,5,9,18.170493013204084,18.28201428203692,-0.11152126883283486,16.0,0.43756243756243757,1.0
CHMP4B,5,9,18.2362555050706,17.89765313979303,0.3386023652775698,29.0,0.43756243756243757,1.0
TUBB4B,5,9,21.039551364240946,21.16630998385132,-0.12675861961037427,16.0,0.43756243756243757,1.0
H1-3,5,9,22.76329068508711,22.441093020380308,0.32219766470680256,29.0,0.43756243756243757,1.0
ICAM1,5,9,18.030375006785718,18.272053028565338,-0.24167802177962017,16.0,0.43756243756243757,1.0
NFYC,5,9,16.55223272749379,16.713168778366178,-0.16093605087238672,16.0,0.43756243756243757,1.0
NIPSNAP1,5,9,18.933993707345007,19.223387989709693,-0.289394282364686,16.0,0.43756243756243757,1.0
RPS4X,5,9,21.552605321645256,21.75122492491354,-0.1986196032682841,16.0,0.43756243756243757,1.0
ANXA4,5,9,20.945601256226524,21.073873801860504,-0.12827254563397972,16.0,0.43756243756243757,1.0
MARCKS,5,9,17.54974603292332,17.702890304544535,-0.15314427162121547,16.0,0.43756243756243757,1.0
MT-CO2,5,9,22.199155716572076,22.146021624996813,0.05313409157526294,16.0,0.43756243756243757,1.0
MAGT1,5,9,18.504422890473936,18.667241063004155,-0.16281817253021913,16.0,0.43756243756243757,1.0
PTPA,5,9,17.306496576884236,17.08150686731562,0.22498970956861442,29.0,0.43756243756243757,1.0
CC2D1A,5,9,16.526600526548613,16.60418593365216,-0.07758540710354822,16.0,0.43756243756243757,1.0
DCD,5,9,23.72072730096677,23.00341124590385,0.7173160550629234,29.0,0.43756243756243757,1.0
RPL4,5,9,21.692362986613432,21.801916857019503,-0.10955387040607079,16.0,0.43756243756243757,1.0
RPS9,5,9,21.80140668111421,21.97028533810353,-0.16887865698932103,16.0,0.43756243756243757,1.0
HSPH1,5,9,18.436128610522765,18.51634629998484,-0.0802176894620743,16.0,0.43756243756243757,1.0
BLVRB,5,9,19.64715093920331,19.572137705406597,0.07501323379671376,29.0,0.43756243756243757,1.0
H3-3A;H3C1;H3C15,5,9,23.36574035287461,23.023063690536823,0.34267666233778726,29.0,0.43756243756243757,1.0
HSP90B1,5,9,22.204943394425054,22.546019261118957,-0.34107586669390244,16.0,0.43756243756243757,1.0
CLTC,5,9,21.47946014084507,21.635387151365236,-0.15592701052016622,16.0,0.43756243756243757,1.0
RTCB,5,9,18.26326304527591,18.325010077098316,-0.061747031822406484,16.0,0.43756243756243757,1.0
TOMM34,5,9,16.02205047461212,16.345530310980262,-0.3234798363681435,16.0,0.43756243756243757,1.0
RSU1,5,9,16.983605560310345,17.222296123468183,-0.23869056315783865,16.0,0.43756243756243757,1.0
CYB5R3,5,9,20.46577839233507,20.64355665050743,-0.17777825817235993,16.0,0.43756243756243757,1.0
HSPA5,5,9,22.609020509611536,22.837987398408707,-0.22896688879717075,16.0,0.43756243756243757,1.0
CTHRC1,5,9,15.989020555765356,15.451624231594378,0.5373963241709774,29.0,0.43756243756243757,1.0
H4C1,5,9,28.60465324770899,28.337600269122227,0.26705297858676147,29.0,0.43756243756243757,1.0
ACADM,5,9,18.077482208668865,18.22291334017326,-0.14543113150439524,16.0,0.43756243756243757,1.0
ANXA2,5,9,24.761473920425587,24.556727857403143,0.20474606302244425,29.0,0.43756243756243757,1.0
HSPA9,5,9,21.69578824215863,21.76813153819445,-0.07234329603581813,16.0,0.43756243756243757,1.0
FTL,5,9,23.452051581371826,23.927363931217215,-0.47531234984538884,16.0,0.43756243756243757,1.0
LCK,4,8,14.694132982257239,15.076075969259225,-0.38194298700198637,11.0,0.46060606060606063,1.0
CARMIL2,4,8,14.134162780852204,13.812824308510407,0.3213384723417967,21.0,0.46060606060606063,1.0
TBC1D5,4,8,17.933338903709064,18.107598292645896,-0.17425938893683224,11.0,0.46060606060606063,1.0
MRPS7,4,8,13.98206923033308,13.887037165995787,0.09503206433729261,21.0,0.46060606060606063,1.0
TMED5,4,8,16.561078002318272,16.711876488836637,-0.15079848651836514,11.0,0.46060606060606063,1.0
TAOK3,4,8,15.442153069277765,15.358631013761133,0.08352205551663161,21.0,0.46060606060606063,1.0
TSG101,4,8,17.28898292662068,17.12251758746504,0.1664653391556392,21.0,0.46060606060606063,1.0
ABCC1,4,8,13.57911094781723,13.676911756837331,-0.09780080902010191,11.0,0.46060606060606063,1.0
MRPL13,4,8,14.783491721548668,14.945063172344373,-0.16157145079570512,11.0,0.46060606060606063,1.0
NDUFA10,4,8,15.793419276656696,15.893472994336264,-0.10005371767956817,11.0,0.46060606060606063,1.0
NUCKS1,4,8,16.372237934343197,16.585146776911497,-0.21290884256830012,11.0,0.46060606060606063,1.0
SUPV3L1,4,8,15.059659657667256,14.919469866829544,0.14018979083771121,21.0,0.46060606060606063,1.0
ACP5,4,8,16.87564564197441,17.52736380603931,-0.6517181640649028,11.0,0.46060606060606063,1.0
GLA,4,8,15.066020793791465,15.2128869264072,-0.14686613261573633,11.0,0.46060606060606063,1.0
WDR18,4,8,18.744369375410685,18.874357579756875,-0.12998820434619063,11.0,0.46060606060606063,1.0
PI4KA,4,8,14.205259749806988,14.25030306101289,-0.04504331120590166,11.0,0.46060606060606063,1.0
DMAC2L,4,8,13.429153478150464,13.643922695438452,-0.21476921728798715,11.0,0.46060606060606063,1.0
PIP4K2A,4,8,18.07386398611537,18.311598955594626,-0.23773496947925565,11.0,0.46060606060606063,1.0
SERPINA4,4,8,16.62367355551774,16.230408625193235,0.3932649303245057,21.0,0.46060606060606063,1.0
SEPTIN6,4,8,18.127244025626286,17.764801478388957,0.36244254723732894,21.0,0.46060606060606063,1.0
ISCA2,4,8,14.357841180642323,14.241702929836649,0.1161382508056743,21.0,0.46060606060606063,1.0
POLR2E,4,8,16.948454094738175,17.08402821553379,-0.13557412079561715,11.0,0.46060606060606063,1.0
UBE2K,4,8,16.20356794238851,16.381433247738894,-0.1778653053503838,11.0,0.46060606060606063,1.0
SASH3,4,8,16.727407791732666,16.525341875276496,0.20206591645617067,21.0,0.46060606060606063,1.0
PDS5B,4,8,14.638738308200802,14.47981846910413,0.15891983909667218,21.0,0.46060606060606063,1.0
CUL2,4,8,14.67273357364064,14.555334678298266,0.11739889534237413,21.0,0.46060606060606063,1.0
GALT,4,8,15.353295901324307,15.167487887794186,0.18580801353012077,21.0,0.46060606060606063,1.0
PTPN23,4,8,16.177711311907046,16.240692618775686,-0.06298130686863956,11.0,0.46060606060606063,1.0
DBT,4,8,15.124859223220739,14.99811760904392,0.12674161417681873,21.0,0.46060606060606063,1.0
GEMIN5,4,8,17.190058045476505,17.143825052861906,0.046232992614598345,21.0,0.46060606060606063,1.0
RAD23A,4,8,17.503876690015012,17.278472986832654,0.22540370318235858,21.0,0.46060606060606063,1.0
GNG2,4,8,14.224139848146159,14.468107898854633,-0.2439680507084745,11.0,0.46060606060606063,1.0
RASA3,4,8,19.588134122996614,19.233101098278603,0.35503302471801135,21.0,0.46060606060606063,1.0
RMDN3,4,8,14.72719348828128,14.8961884942239,-0.16899500594261951,11.0,0.46060606060606063,1.0
RIOX1,4,8,14.73370285048746,14.660499027274177,0.0732038232132819,21.0,0.46060606060606063,1.0
DHX38,4,8,14.307749642510338,14.51462789383905,-0.20687825132871218,11.0,0.46060606060606063,1.0
PDLIM7,4,8,17.484000126963544,17.857111959993475,-0.373111833029931,11.0,0.46060606060606063,1.0
FBXL8,4,8,13.711600885970045,13.91748488234203,-0.20588399637198584,11.0,0.46060606060606063,1.0
LMCD1,4,8,15.316839004509259,15.53568094461059,-0.2188419401013313,11.0,0.46060606060606063,1.0
IGHV3-35,4,8,12.91553602378263,13.223063212114214,-0.30752718833158355,11.0,0.46060606060606063,1.0
TP53I3,4,8,16.07844129593199,15.861417339386641,0.21702395654535067,21.0,0.46060606060606063,1.0
SMAD2,4,8,17.21363259148206,17.429220493682674,-0.21558790220061397,11.0,0.46060606060606063,1.0
P3H3,4,8,17.30766466639958,17.68303124941668,-0.37536658301709735,11.0,0.46060606060606063,1.0
SNX8,4,8,16.403512995790674,16.231942646193524,0.17157034959715034,21.0,0.46060606060606063,1.0
IGHV5-51,4,6,15.913215848699704,15.528491555429921,0.3847242932697821,16.0,0.47619047619047616,1.0
GPAA1,4,6,18.060712231074728,17.891582138895117,0.1691300921796106,16.0,0.47619047619047616,1.0
TSEN34,4,6,13.105496407960114,13.299911024679139,-0.19441461671902438,8.0,0.47619047619047616,1.0
NDUFS4,4,6,12.695044000177813,12.85790111944081,-0.16285711926299662,8.0,0.47619047619047616,1.0
DOK2,4,6,13.465136708739287,13.153500928225286,0.31163578051400087,16.0,0.47619047619047616,1.0
RNF2,4,6,13.686340606571584,13.192690836128401,0.4936497704431826,16.0,0.47619047619047616,1.0
HPS6,4,6,20.199111126108008,20.004393420698694,0.19471770540931388,16.0,0.47619047619047616,1.0
PCYOX1L,4,6,14.971785171455636,14.723037063135449,0.24874810832018746,16.0,0.47619047619047616,1.0
CHMP6,3,9,14.76279124867969,14.551765951187914,0.21102529749177634,18.0,0.48181818181818176,1.0
SARG,3,9,15.495596593939839,15.232677396068965,0.2629191978708736,18.0,0.48181818181818176,1.0
BAG2,3,9,18.32298591427757,18.227589355398564,0.09539655887900622,18.0,0.48181818181818176,1.0
METAP2,3,9,15.776990630072751,15.261098052727325,0.5158925773454257,18.0,0.48181818181818176,1.0
PPP3R1,3,9,14.37863321376224,13.8996604949586,0.47897271880364123,18.0,0.48181818181818176,1.0
ALG5,3,9,15.226847152998,15.206852326819975,0.019994826178024283,18.0,0.48181818181818176,1.0
PNPT1,3,9,17.645206330436924,17.813484783420478,-0.1682784529835537,9.0,0.48181818181818176,1.0
SPRYD4,3,9,14.793395833425032,14.607141250642265,0.18625458278276774,18.0,0.48181818181818176,1.0
RCN2,3,9,16.321432409386723,16.704230908206974,-0.3827984988202502,9.0,0.48181818181818176,1.0
SEC24D,3,9,14.473929333134825,14.275358716958515,0.1985706161763101,18.0,0.48181818181818176,1.0
DRG2,3,9,15.331580673113242,15.164950132783538,0.16663054032970415,18.0,0.48181818181818176,1.0
TIMM13,3,9,15.012057103871257,15.296242297753972,-0.2841851938827151,9.0,0.48181818181818176,1.0
PDK3,3,9,17.8219887377907,17.963693604095372,-0.14170486630467138,9.0,0.48181818181818176,1.0
LGALSL,3,9,17.09252919802756,16.368360911300922,0.7241682867266377,18.0,0.48181818181818176,1.0
TSR1,3,8,16.14186146472986,15.977618378937462,0.164243085792398,16.0,0.496969696969697,1.0
KRT35,3,8,19.86725085510007,19.687740615337898,0.17951023976217328,16.0,0.496969696969697,1.0
SDR39U1,3,8,14.578086916521054,14.160952038230544,0.41713487829050955,16.0,0.496969696969697,1.0
RTF1,3,8,14.658634628072527,14.541476676180022,0.117157951892505,16.0,0.496969696969697,1.0
HECTD1,3,8,13.952090166505135,13.826265882621032,0.1258242838841035,16.0,0.496969696969697,1.0
HDGFL2,3,8,15.258892864469523,15.422486043470393,-0.16359317900086978,8.0,0.496969696969697,1.0
TERF2IP,3,8,17.554675211783074,17.74397546101917,-0.18930024923609423,8.0,0.496969696969697,1.0
UBL4A,3,8,16.411990259854594,16.622099499890187,-0.2101092400355924,8.0,0.496969696969697,1.0
MRPS23,3,8,15.366274874608822,15.575434787341887,-0.20915991273306567,8.0,0.496969696969697,1.0
CIAO2B,3,8,14.630188734628552,14.716840941701484,-0.08665220707293209,8.0,0.496969696969697,1.0
AVL9,3,8,14.240472305830103,14.34489391641103,-0.10442161058092658,8.0,0.496969696969697,1.0
RNGTT,3,8,12.520210361975286,12.653226776216467,-0.13301641424118138,8.0,0.496969696969697,1.0
TMEM30A,3,8,20.832483443262337,20.3324516212042,0.500031822058137,16.0,0.496969696969697,1.0
GIT1,3,8,16.331884031166297,16.295366519698646,0.036517511467650365,16.0,0.496969696969697,1.0
ZC3H18,3,8,15.647401466587143,15.578940652925965,0.06846081366117751,16.0,0.496969696969697,1.0
CNOT6L,3,8,11.8173704476706,11.918159000952928,-0.10078855328232805,8.0,0.496969696969697,1.0
IL36G,3,8,16.369324003575468,15.833180801956928,0.5361432016185397,16.0,0.496969696969697,1.0
CHMP2A,3,8,15.838917549321659,15.622138740484633,0.2167788088370255,16.0,0.496969696969697,1.0
SGPL1,3,8,15.629722746684871,15.479646498571661,0.1500762481132103,16.0,0.496969696969697,1.0
PCCB,3,8,17.07980198482995,16.88192822261315,0.19787376221679764,16.0,0.496969696969697,1.0
CLPTM1,3,8,16.013543278326882,16.172757860735775,-0.15921458240889308,8.0,0.496969696969697,1.0
SNX4,3,8,16.751219052462183,16.94003793750193,-0.18881888503974764,8.0,0.496969696969697,1.0
GHDC,4,9,15.471671792419752,15.599925210881988,-0.12825341846223637,13.0,0.5034965034965035,1.0
EIF2S3,4,9,18.42696035486405,18.70532378721268,-0.27836343234863037,13.0,0.5034965034965035,1.0
FUCA1,4,9,16.525921856456378,16.10347910153105,0.4224427549253278,23.0,0.5034965034965035,1.0
STRN,4,9,15.043969354226247,15.246932055683764,-0.20296270145751727,13.0,0.5034965034965035,1.0
CPM,4,9,17.36024613447934,16.867264750677887,0.4929813838014532,23.0,0.5034965034965035,1.0
PSPH,4,9,16.090470056472405,15.950126564255779,0.14034349221662623,23.0,0.5034965034965035,1.0
PTDSS1,4,9,16.655591200151633,16.86996222954387,-0.21437102939223607,13.0,0.5034965034965035,1.0
RBM10,4,9,15.353221002256591,15.168823407274207,0.18439759498238395,23.0,0.5034965034965035,1.0
IQGAP2,4,9,19.485026946023215,19.287281176941363,0.19774576908185182,23.0,0.5034965034965035,1.0
PLD3,4,9,19.13179407101876,18.88306924279904,0.24872482821972142,23.0,0.5034965034965035,1.0
CRYL1,4,9,20.781319590831153,20.51797634718358,0.2633432436475722,23.0,0.5034965034965035,1.0
UQCRQ,4,9,17.465688616269517,17.391632221050273,0.07405639521924456,23.0,0.5034965034965035,1.0
NMT1,4,9,16.810075385721127,16.890435222146973,-0.08035983642584554,13.0,0.5034965034965035,1.0
TMT1A,4,9,18.699640798080583,18.484795363995104,0.21484543408547907,23.0,0.5034965034965035,1.0
MGAT1,4,9,17.732441492687617,17.463692288391186,0.2687492042964301,23.0,0.5034965034965035,1.0
GNB1,4,9,18.81344699980596,19.065752131318146,-0.25230513151218403,13.0,0.5034965034965035,1.0
GATAD2A,4,9,17.038829514314898,17.054924387469995,-0.01609487315509739,13.0,0.5034965034965035,1.0
SMARCB1,4,9,13.185059927449302,13.332601257301299,-0.14754132985199675,13.0,0.5034965034965035,1.0
QDPR,4,9,16.869243741386047,17.04948560545191,-0.18024186406586296,13.0,0.5034965034965035,1.0
SUMO1P1,4,9,18.11254891779393,18.175302919905366,-0.06275400211143634,13.0,0.5034965034965035,1.0
GPX4,4,9,16.65000911599867,16.533238185686514,0.1167709303121569,23.0,0.5034965034965035,1.0
HTRA2,4,9,15.89768399009992,16.132527957953503,-0.23484396785358364,13.0,0.5034965034965035,1.0
PDLIM3,4,9,16.789821046254758,17.290876315783695,-0.501055269528937,13.0,0.5034965034965035,1.0
XPNPEP1,4,9,16.795043033139034,16.95404698557763,-0.15900395243859577,13.0,0.5034965034965035,1.0
TMEM119,4,9,16.049618184201503,15.693871190936326,0.35574699326517667,23.0,0.5034965034965035,1.0
RBM42,4,9,16.837911988073387,16.845384441713644,-0.007472453640257726,13.0,0.5034965034965035,1.0
RAB5A,4,9,16.42741547578794,16.42077292360285,0.006642552185088135,13.0,0.5034965034965035,1.0
PES1,4,9,16.002895650317583,15.872527284053369,0.13036836626421433,23.0,0.5034965034965035,1.0
MRPL11,4,9,17.800956361097533,17.776818134174402,0.02413822692313161,23.0,0.5034965034965035,1.0
PLXNB2,4,9,15.570497456956307,15.425017139972429,0.1454803169838783,23.0,0.5034965034965035,1.0
HMOX2,4,9,16.000216774567008,16.202689737519297,-0.20247296295228878,13.0,0.5034965034965035,1.0
HMOX1,4,9,16.903757740997115,16.63988240984268,0.2638753311544342,23.0,0.5034965034965035,1.0
HPCAL1,4,9,17.81301837135173,17.94259005624348,-0.1295716848917472,13.0,0.5034965034965035,1.0
NPTN,4,9,16.116287804352975,16.34997320501305,-0.23368540066007526,13.0,0.5034965034965035,1.0
SRP9,4,9,18.430449674806272,18.315985917294114,0.11446375751215854,23.0,0.5034965034965035,1.0
IGLV8-61,4,9,19.93965480343922,19.503896849635268,0.4357579538039502,23.0,0.5034965034965035,1.0
JPT2,4,9,14.180000828678164,14.376879434340802,-0.19687860566263815,13.0,0.5034965034965035,1.0
MYOF,4,9,17.405851741803883,17.16364330622747,0.24220843557641203,23.0,0.5034965034965035,1.0
PDLIM4,4,9,16.52085917458956,16.64678317722474,-0.12592400263518044,13.0,0.5034965034965035,1.0
TRIP12,4,9,18.792361869976787,18.81980422109167,-0.027442351114881802,23.0,0.5034965034965035,1.0
STXBP3,4,9,15.775886413278862,15.63272454632596,0.14316186695290156,23.0,0.5034965034965035,1.0
MYO1F,4,9,18.091751927277997,17.902367767810276,0.18938415946772125,23.0,0.5034965034965035,1.0
MYO1E,4,9,14.888544787021656,15.256432323167552,-0.3678875361458953,13.0,0.5034965034965035,1.0
IGFALS,4,9,15.948590413364357,15.707622377196621,0.240968036167736,23.0,0.5034965034965035,1.0
RCN1,4,9,18.59324293658348,18.74412197731145,-0.15087904072797187,13.0,0.5034965034965035,1.0
EIF2B3,4,9,16.22554584684179,15.976224270065225,0.2493215767765644,23.0,0.5034965034965035,1.0
AZU1,4,9,19.541577719070045,18.957413355672657,0.5841643633973881,23.0,0.5034965034965035,1.0
HSPA2,4,9,16.752012704258114,17.074650573722852,-0.3226378694647387,13.0,0.5034965034965035,1.0
MRPL19,4,9,17.291610378785716,17.37343219012466,-0.08182181133894417,13.0,0.5034965034965035,1.0
AFG3L2,4,9,17.012530219732994,17.074360235562366,-0.06183001582937209,13.0,0.5034965034965035,1.0
GLRX5,3,7,14.641512246879259,14.745806821939786,-0.10429457506052664,7.0,0.5166666666666666,1.0
TRAPPC5,3,7,14.646226566537939,14.788565826757232,-0.142339260219293,7.0,0.5166666666666666,1.0
MROH1,3,7,14.274148499583328,14.37426330185433,-0.100114802271003,7.0,0.5166666666666666,1.0
LIMD2,3,7,13.577071988017613,13.916951872981334,-0.3398798849637217,7.0,0.5166666666666666,1.0
RIOX2,3,7,15.235240233779592,14.787212007627177,0.4480282261524149,14.0,0.5166666666666666,1.0
IFT27,3,7,12.869126814645576,12.9583165431683,-0.08918972852272411,7.0,0.5166666666666666,1.0
PLCD1,3,7,14.743298045835074,14.552419104900588,0.19087894093448554,14.0,0.5166666666666666,1.0
APPL2,3,7,12.460795662318034,12.61711940854849,-0.15632374623045564,7.0,0.5166666666666666,1.0
PARVA,3,7,17.224084434190505,17.560256469239444,-0.3361720350489392,7.0,0.5166666666666666,1.0
DDX10,3,7,14.40360867234188,14.031287312606077,0.37232135973580327,14.0,0.5166666666666666,1.0
CST3,3,7,17.336313444576874,17.177381243840962,0.15893220073591152,14.0,0.5166666666666666,1.0
SERPINF2,3,7,16.98320063660024,16.58218830184472,0.4010123347555208,14.0,0.5166666666666666,1.0
BLOC1S2,3,7,15.525742012270522,15.031204033932,0.4945379783385224,14.0,0.5166666666666666,1.0
HLA-DMB,3,7,17.886804151016378,17.813208894070826,0.07359525694555202,14.0,0.5166666666666666,1.0
PPFIBP1,3,7,18.910328490695335,19.12525347247011,-0.21492498177477515,7.0,0.5166666666666666,1.0
HSDL2,3,7,16.65976792340018,16.510122532262866,0.1496453911373159,14.0,0.5166666666666666,1.0
TPPP3,3,7,15.741203418898651,15.516667648561283,0.2245357703373685,14.0,0.5166666666666666,1.0
CNOT3,3,7,15.65592873470853,15.56297322013711,0.09295551457142004,14.0,0.5166666666666666,1.0
ZC3H11A,3,7,14.498020742748231,14.517264681976611,-0.019243939228379858,14.0,0.5166666666666666,1.0
GDA,3,7,16.066090198060564,15.431372821085153,0.6347173769754111,14.0,0.5166666666666666,1.0
NECTIN2,3,7,16.809513410334688,17.02102165866231,-0.21150824832762183,7.0,0.5166666666666666,1.0
ABCB7,3,7,13.842879885453648,13.940479984859406,-0.0976000994057582,7.0,0.5166666666666666,1.0
MTIF2,3,7,14.90995010977006,14.795503896536745,0.11444621323331461,14.0,0.5166666666666666,1.0
UBXN4,3,7,14.44445924102753,14.685475823528957,-0.24101658250142677,7.0,0.5166666666666666,1.0
MT-ND4,3,7,13.659638933628562,13.317762623401848,0.3418763102267146,14.0,0.5166666666666666,1.0
SORL1,3,7,14.855993823791726,14.614257255318403,0.24173656847332303,14.0,0.5166666666666666,1.0
EMILIN2,3,7,13.747553123431048,13.877207471917355,-0.12965434848630686,7.0,0.5166666666666666,1.0
VAMP3,3,7,14.792387007663857,14.76508463036485,0.027302377299006864,14.0,0.5166666666666666,1.0
CBL,3,7,14.58535940195624,14.422820871918942,0.16253853003729724,14.0,0.5166666666666666,1.0
TPP2,5,9,20.463990323628792,20.381667664870083,0.08232265875870937,28.0,0.5184815184815185,1.0
TNPO1,5,9,18.893866744659167,19.038547868909703,-0.14468112425053548,17.0,0.5184815184815185,1.0
MAT2A,5,9,19.27550626280825,19.425217923081007,-0.14971166027275729,17.0,0.5184815184815185,1.0
TNFAIP2,5,9,16.909165719206698,17.09791181116519,-0.18874609195849246,17.0,0.5184815184815185,1.0
TNC,5,9,20.836571968675788,20.895317615178744,-0.058745646502956106,17.0,0.5184815184815185,1.0
SNRPA1,5,9,18.10482911016202,18.22443447238804,-0.11960536222602158,17.0,0.5184815184815185,1.0
ADA,5,9,15.093278948234408,15.231602636554802,-0.1383236883203942,17.0,0.5184815184815185,1.0
PGM3,5,9,17.61054335575755,17.863369181850672,-0.25282582609312243,17.0,0.5184815184815185,1.0
UBA2,5,9,18.27680160984457,18.380219579100597,-0.10341796925602864,17.0,0.5184815184815185,1.0
SF3A1,5,9,18.277426964551744,18.446503051663335,-0.16907608711159128,17.0,0.5184815184815185,1.0
PIGS,5,9,16.69551109919137,16.77558437735975,-0.08007327816837773,17.0,0.5184815184815185,1.0
SERPING1,5,9,19.81350100326741,19.545443269682576,0.2680577335848362,28.0,0.5184815184815185,1.0
PKM,5,9,24.33066743216691,24.51793899265652,-0.1872715604896129,17.0,0.5184815184815185,1.0
SERPINB4,5,9,19.918152285450212,19.584260555271566,0.33389173017864593,28.0,0.5184815184815185,1.0
VPS26A,5,9,18.694261995717834,18.447419597767034,0.24684239795080032,28.0,0.5184815184815185,1.0
SERPINA12,5,9,19.935048869130707,19.275141448505412,0.6599074206252951,28.0,0.5184815184815185,1.0
SEPTIN7,5,9,19.76472946065829,19.817183448563192,-0.052453987904900856,17.0,0.5184815184815185,1.0
POLR1C,5,9,17.669749760629138,17.710501607629062,-0.040751846999924624,17.0,0.5184815184815185,1.0
POLR2B,5,9,16.654601771952077,16.724490600509395,-0.0698888285573176,17.0,0.5184815184815185,1.0
SEC22B,5,9,21.2319276130162,21.3658369735527,-0.13390936053649938,17.0,0.5184815184815185,1.0
PRDX4,5,9,20.30381471521559,20.73177145264365,-0.4279567374280582,17.0,0.5184815184815185,1.0
PGM2,5,9,19.409635707943828,19.509713429301144,-0.10007772135731585,17.0,0.5184815184815185,1.0
PRKAR1A,5,9,18.791751001235593,18.95613258976924,-0.16438158853364726,17.0,0.5184815184815185,1.0
RRBP1,5,9,19.478113240155626,19.83022352788814,-0.35211028773251485,17.0,0.5184815184815185,1.0
RPS8,5,9,21.15234981231034,21.11131192699929,0.041037885311052236,28.0,0.5184815184815185,1.0
RPS7,5,9,20.140065570527202,20.187830716276874,-0.047765145749671944,17.0,0.5184815184815185,1.0
PSMD13,5,9,17.31933433924441,17.45963322558233,-0.14029888633791998,17.0,0.5184815184815185,1.0
PSMD4,5,9,17.900415357958895,17.931220852461177,-0.03080549450228176,17.0,0.5184815184815185,1.0
PSME3,5,9,17.904559641546008,17.83144357356879,0.07311606797721737,28.0,0.5184815184815185,1.0
ANXA5,5,9,22.719036227267186,22.896056651813293,-0.17702042454610734,17.0,0.5184815184815185,1.0
RPLP0,5,9,21.64185006237756,21.75147678474175,-0.10962672236419024,17.0,0.5184815184815185,1.0
RPL38,5,9,20.35420292410277,20.18853257950774,0.1656703445950285,28.0,0.5184815184815185,1.0
RPL28,5,9,20.344553280563787,20.441522417964123,-0.09696913740033608,17.0,0.5184815184815185,1.0
ACLY,5,9,20.028654531285316,20.075524287361155,-0.04686975607583932,17.0,0.5184815184815185,1.0
RAB1B,5,9,19.390435045110127,19.54302619952348,-0.15259115441335425,17.0,0.5184815184815185,1.0
RPL10,5,9,20.960500220636668,21.06578380259795,-0.10528358196128096,17.0,0.5184815184815185,1.0
RBM25,5,9,18.254525435529143,18.348586877480237,-0.09406144195109434,17.0,0.5184815184815185,1.0
S100A10,5,9,19.512755216399206,19.24956042418328,0.263194792215927,28.0,0.5184815184815185,1.0
TMSB4X,5,9,21.61314889767329,21.817344482513057,-0.2041955848397663,17.0,0.5184815184815185,1.0
SFRP4,5,9,14.88516575217804,14.55088018709802,0.3342855650800196,28.0,0.5184815184815185,1.0
PGD,5,9,19.427634559797305,19.343408515863704,0.08422604393360089,28.0,0.5184815184815185,1.0
MTCH2,5,9,17.386871247197075,17.50950071522965,-0.12262946803257435,17.0,0.5184815184815185,1.0
THBS2,5,9,18.30451038483173,18.579393003720856,-0.27488261888912646,17.0,0.5184815184815185,1.0
MTHFD1,5,9,19.159011349515836,19.22945628495011,-0.07044493543427421,17.0,0.5184815184815185,1.0
TF,5,9,22.08302544307509,21.762701734354433,0.3203237087206574,28.0,0.5184815184815185,1.0
YLPM1,5,9,15.714204595514047,15.655678705460723,0.05852589005332476,28.0,0.5184815184815185,1.0
MUCL1,5,9,18.495477532902743,18.86607755312681,-0.37060002022406735,17.0,0.5184815184815185,1.0
MYDGF,5,9,16.770733333728153,16.713102959309033,0.057630374419119335,28.0,0.5184815184815185,1.0
MYH14,5,9,17.90213438226481,18.380953212522297,-0.47881883025748806,17.0,0.5184815184815185,1.0
TCERG1,5,9,17.305515960510185,17.262262530666614,0.0432534298435705,28.0,0.5184815184815185,1.0
MYO1D,5,9,17.711649212670164,17.89086251843344,-0.17921330576327676,17.0,0.5184815184815185,1.0
MYO9B,5,9,15.591130347574182,15.73076761458896,-0.13963726701477697,17.0,0.5184815184815185,1.0
XRN2,5,9,17.911532899882832,18.009185082294955,-0.09765218241212281,17.0,0.5184815184815185,1.0
NAXE,5,9,18.270443920637298,18.407450903976514,-0.1370069833392158,17.0,0.5184815184815185,1.0
NDUFV2,5,9,18.918121078766564,19.028060169590233,-0.10993909082366926,17.0,0.5184815184815185,1.0
SFXN1,5,9,17.780445474604583,18.03468727762123,-0.25424180301664734,17.0,0.5184815184815185,1.0
NES,5,9,17.320551250455008,17.459789110328792,-0.13923785987378423,17.0,0.5184815184815185,1.0
STT3A,5,9,19.16489129526004,19.385980824902365,-0.22108952964232387,17.0,0.5184815184815185,1.0
B2M,5,9,21.292432396422033,21.434745623962964,-0.14231322754093156,17.0,0.5184815184815185,1.0
NUDT21,5,9,20.29424439946731,20.357928257102845,-0.06368385763553519,17.0,0.5184815184815185,1.0
NUMA1,5,9,19.692806213107673,19.75530865715772,-0.06250244405004679,17.0,0.5184815184815185,1.0
OGDH,5,9,18.75695611979003,18.817678823866405,-0.06072270407637603,17.0,0.5184815184815185,1.0
OLFML1,5,9,18.005806493649047,17.356219744688225,0.6495867489608216,28.0,0.5184815184815185,1.0
AKR7A2,5,9,19.35165687140176,19.41841630568071,-0.06675943427894993,17.0,0.5184815184815185,1.0
ATP6V1A,5,9,19.491570844067024,19.58959110124737,-0.09802025718034457,17.0,0.5184815184815185,1.0
P4HB,5,9,20.812834339160794,21.02717955063038,-0.21434521146958474,17.0,0.5184815184815185,1.0
PDCD6IP,5,9,19.493736370259388,19.54502308303552,-0.051286712776132504,17.0,0.5184815184815185,1.0
ATP2A2,5,9,21.585353766069474,21.722785923489916,-0.13743215742044157,17.0,0.5184815184815185,1.0
PDLIM1,5,9,19.99610083733334,19.79088915951543,0.2052116778179105,28.0,0.5184815184815185,1.0
PDXP,5,9,13.927598040175834,13.745160876213426,0.18243716396240828,28.0,0.5184815184815185,1.0
PEPD,5,9,20.06912224985488,19.84215651938471,0.22696573047016955,28.0,0.5184815184815185,1.0
NME2,5,9,20.904020947706215,21.02860878417517,-0.12458783646895455,17.0,0.5184815184815185,1.0
TRIM25,5,9,17.612902555997717,17.67595711820207,-0.06305456220435346,17.0,0.5184815184815185,1.0
NUP210,5,9,19.58906572296226,19.683175271466343,-0.0941095485040826,17.0,0.5184815184815185,1.0
CCT2,5,9,20.595677396323318,20.68771771035967,-0.09204031403635327,17.0,0.5184815184815185,1.0
FMNL1,5,9,18.572402438705545,18.705166115627016,-0.13276367692147062,17.0,0.5184815184815185,1.0
GLRX3,5,9,15.646156736554692,15.570103530940088,0.07605320561460438,28.0,0.5184815184815185,1.0
GLRX,5,9,18.50828337935202,18.065550046828815,0.4427333325232041,28.0,0.5184815184815185,1.0
HCFC1,5,9,17.395106493411806,17.49510803899569,-0.10000154558388274,17.0,0.5184815184815185,1.0
COL3A1,5,9,25.496933663805514,24.492111918653507,1.0048217451520074,28.0,0.5184815184815185,1.0
DPT,5,9,26.73710288458439,26.192660860748315,0.5444420238360763,28.0,0.5184815184815185,1.0
IGHV4-34,5,9,18.888834284532138,18.4266340687007,0.46220021583143733,28.0,0.5184815184815185,1.0
CAPN2,5,9,17.535044408256958,17.667021956622534,-0.13197754836557607,17.0,0.5184815184815185,1.0
DDX21,5,9,20.448730022885705,20.55647066743485,-0.10774064454914623,17.0,0.5184815184815185,1.0
COL15A1,5,9,16.350403995075315,16.02324338465834,0.32716061041697486,28.0,0.5184815184815185,1.0
GDI2,5,9,21.630800768085827,21.6775167424988,-0.04671597441297237,17.0,0.5184815184815185,1.0
COL12A1,5,9,20.955061024239907,20.476809461865756,0.478251562374151,28.0,0.5184815184815185,1.0
GDI1,5,9,17.884651576611947,17.99134686451316,-0.10669528790121419,17.0,0.5184815184815185,1.0
LXN,5,9,18.786434772742933,18.908796681982682,-0.12236190923974988,17.0,0.5184815184815185,1.0
JUP,5,9,23.49390509526907,22.992549570591724,0.5013555246773471,28.0,0.5184815184815185,1.0
GBP1,5,9,18.957046662593203,19.19278378589422,-0.2357371233010177,17.0,0.5184815184815185,1.0
HLA-A,5,9,23.968133523977713,24.05115738008905,-0.083023856111339,17.0,0.5184815184815185,1.0
CAT,5,9,22.22757854882845,21.74057530235013,0.48700324647832005,28.0,0.5184815184815185,1.0
LUM,5,9,24.246750176819994,23.648543581967495,0.598206594852499,28.0,0.5184815184815185,1.0
HLA-DPB1,5,9,21.945745002198876,21.632800608760338,0.3129443934385385,28.0,0.5184815184815185,1.0
GART,5,9,20.595580676397045,20.639563841899836,-0.04398316550279091,17.0,0.5184815184815185,1.0
GAPDH,5,9,25.060470593493005,24.948817216897897,0.11165337659510755,28.0,0.5184815184815185,1.0
KRT77,5,9,22.80567966586758,23.354772178683564,-0.5490925128159851,17.0,0.5184815184815185,1.0
DNAJB1,5,9,17.38225714236073,17.439013530489735,-0.0567563881290063,17.0,0.5184815184815185,1.0
FTH1,5,9,19.168015873228246,19.595749879420847,-0.42773400619260116,17.0,0.5184815184815185,1.0
IGHM,5,9,20.2854122585715,20.007671247814926,0.277741010756575,28.0,0.5184815184815185,1.0
FKBP3,5,9,18.504594319903834,18.559167196448286,-0.05457287654445153,17.0,0.5184815184815185,1.0
IMPA1,5,9,16.569072815142057,16.331294054677908,0.23777876046414903,28.0,0.5184815184815185,1.0
GNAI2,5,9,20.688107285783694,20.560933903619915,0.12717338216377883,28.0,0.5184815184815185,1.0
H3-5,5,9,20.444313626185327,20.251245451485765,0.19306817469956172,28.0,0.5184815184815185,1.0
KPNB1,5,9,20.59838219129435,20.69213396409262,-0.09375177279827085,17.0,0.5184815184815185,1.0
EIF3F,5,9,19.17812602527554,19.377443490585275,-0.19931746530973626,17.0,0.5184815184815185,1.0
CORO1C,5,9,23.691660618946894,23.81885523273165,-0.12719461378475572,17.0,0.5184815184815185,1.0
H1-0,5,9,20.08400988625967,20.322904045836637,-0.2388941595769687,17.0,0.5184815184815185,1.0
HRAS,5,9,14.74845443723174,14.567522042419897,0.1809323948118422,28.0,0.5184815184815185,1.0
GYS1,5,9,15.912739692722175,16.10742770116361,-0.19468800844143352,17.0,0.5184815184815185,1.0
HPX,5,9,20.41643071004257,20.170860059671025,0.24557065037154402,28.0,0.5184815184815185,1.0
CSNK1A1,5,9,15.65037413550798,15.733718873659338,-0.08334473815135901,17.0,0.5184815184815185,1.0
IGKV3-11;IGKV3D-11,5,9,20.91177830677277,20.413849378963466,0.49792892780930487,28.0,0.5184815184815185,1.0
CAPZB,5,9,20.785914428694554,20.85559523888448,-0.06968081018992578,17.0,0.5184815184815185,1.0
EEF1D,5,9,21.055196334375033,21.28719086255597,-0.23199452818093746,17.0,0.5184815184815185,1.0
CTSB,5,9,19.848080546523263,20.13730049937283,-0.28921995284956736,17.0,0.5184815184815185,1.0
HNRNPU,5,9,22.4214330886757,22.544955879787558,-0.12352279111185993,17.0,0.5184815184815185,1.0
FKBP10,5,9,17.949909605041718,18.219987264814776,-0.2700776597730581,17.0,0.5184815184815185,1.0
C1S,5,9,16.27840691189309,16.32855543245135,-0.05014852055825969,17.0,0.5184815184815185,1.0
DRG1,5,9,17.94520479276317,18.037519228221957,-0.09231443545878548,17.0,0.5184815184815185,1.0
CYCS,5,9,18.088615667310524,18.365536611842572,-0.27692094453204774,17.0,0.5184815184815185,1.0
IGHG3,5,9,18.660462933057985,18.34439224412459,0.31607068893339374,28.0,0.5184815184815185,1.0
EEF1B2,5,9,19.66941246068788,19.803431745817434,-0.13401928512955408,17.0,0.5184815184815185,1.0
DNM2,5,9,22.141963739520765,22.199749184146295,-0.05778544462553015,17.0,0.5184815184815185,1.0
EFEMP2,5,8,16.343589715253945,16.64157735320898,-0.29798763795503547,15.0,0.5236985236985237,1.0
EXOSC4,5,8,17.21039871745291,17.131017629871003,0.07938108758190765,25.0,0.5236985236985237,1.0
EHBP1L1,5,8,17.54132039766381,17.67133422685617,-0.13001382919236093,15.0,0.5236985236985237,1.0
ATP1B1,5,8,16.011442326448595,15.882747954444014,0.12869437200458123,25.0,0.5236985236985237,1.0
TBL3,5,8,16.53993668261879,16.654063027502623,-0.11412634488383233,15.0,0.5236985236985237,1.0
CGGBP1,5,8,16.505684597857904,16.380988885323756,0.12469571253414813,25.0,0.5236985236985237,1.0
EPB41L2,5,8,18.54705191455624,18.748168070630015,-0.20111615607377686,15.0,0.5236985236985237,1.0
EML3,5,8,15.156339008352052,15.31367599516525,-0.1573369868131973,15.0,0.5236985236985237,1.0
CFB,5,8,17.03912825590904,17.09278569574544,-0.05365743983639959,15.0,0.5236985236985237,1.0
KRR1,5,8,18.89041055353144,19.02377162247787,-0.13336106894643152,15.0,0.5236985236985237,1.0
CRLF3,5,8,16.415091422412527,16.652146552092656,-0.23705512968012954,15.0,0.5236985236985237,1.0
PTK2B,5,8,16.727510140854218,16.91466973321767,-0.1871595923634537,15.0,0.5236985236985237,1.0
NRF1,5,8,14.008712819458035,13.748492834300698,0.26021998515733635,25.0,0.5236985236985237,1.0
ATP6AP1,5,8,16.51672094426423,16.133987048117195,0.3827338961470339,25.0,0.5236985236985237,1.0
SPON1,4,7,15.407573514798253,14.872893116929331,0.5346803978689216,18.0,0.5272727272727272,1.0
PSMD10,4,7,13.922917438822047,13.61001759776174,0.31289984106030744,18.0,0.5272727272727272,1.0
WDR37,4,7,14.938089505685522,14.772125124433975,0.16596438125154656,18.0,0.5272727272727272,1.0
NFIX,4,7,15.794502692624945,15.694008293673162,0.10049439895178303,18.0,0.5272727272727272,1.0
MOCS3,4,7,11.869896389996718,11.634622331393334,0.2352740586033839,18.0,0.5272727272727272,1.0
MFAP5,4,7,16.871018726239555,16.392706953651203,0.4783117725883521,18.0,0.5272727272727272,1.0
SEL1L,4,7,18.16934579569412,18.037922999218114,0.13142279647600574,18.0,0.5272727272727272,1.0
HLA-DQA1,4,7,16.80577496846482,16.506213974398154,0.2995609940666668,18.0,0.5272727272727272,1.0
RBMXL1,4,7,15.496441212370524,15.512870660326081,-0.016429447955557563,10.0,0.5272727272727272,1.0
TNXB,5,7,18.551505325549943,18.23750025584369,0.31400506970625486,22.0,0.5303030303030304,1.0
EPB41,5,7,15.492525689115983,15.685424472671041,-0.19289878355505863,13.0,0.5303030303030304,1.0
AKT1,3,6,13.113982940430752,12.851351035514346,0.26263190491640565,12.0,0.5476190476190476,1.0
PHAX,3,6,15.879449149458315,15.733487819791629,0.14596132966668662,12.0,0.5476190476190476,1.0
DMXL2,3,6,12.974177553490549,13.192837892743349,-0.21866033925279993,6.0,0.5476190476190476,1.0
ABHD16A,3,6,16.917240672616092,17.024853609802147,-0.10761293718605458,6.0,0.5476190476190476,1.0
CD8A,3,6,14.618852602441592,14.137790088875386,0.4810625135662061,12.0,0.5476190476190476,1.0
MICAL3,3,6,13.972462726992973,14.040146598724649,-0.0676838717316759,6.0,0.5476190476190476,1.0
TBC1D22A,3,6,11.650028595513717,11.445324291591952,0.20470430392176553,12.0,0.5476190476190476,1.0
NRP1,3,6,16.936790681167377,17.204232213186675,-0.26744153201929777,6.0,0.5476190476190476,1.0
MRPL44,3,6,14.428058520631213,14.570605261023404,-0.1425467403921914,6.0,0.5476190476190476,1.0
HDAC2,3,6,15.894758125776294,15.745318368270341,0.1494397575059523,12.0,0.5476190476190476,1.0
RTN1,3,6,14.084350665900253,13.67323986473369,0.4111108011665632,12.0,0.5476190476190476,1.0
PRKCH,3,6,13.066462335678821,13.18423375975451,-0.11777142407568952,12.0,0.5476190476190476,1.0
POP7,3,6,13.101723219939338,13.11491050462351,-0.01318728468417163,6.0,0.5476190476190476,1.0
FTSJ3,3,6,15.263704904107621,15.171830774595795,0.09187412951182594,12.0,0.5476190476190476,1.0
SP110,3,6,12.891477420841028,13.35594648486026,-0.46446906401923194,6.0,0.5476190476190476,1.0
HSPA12B,3,6,12.617369019038648,12.412358846671856,0.20501017236679253,12.0,0.5476190476190476,1.0
TIMP1,3,6,14.344927571524929,14.902915200413668,-0.5579876288887391,6.0,0.5476190476190476,1.0
LACTB,3,6,15.525553644371884,15.680773200708586,-0.1552195563367018,6.0,0.5476190476190476,1.0
DTNBP1,3,6,11.137505006587679,11.33488010011029,-0.19737509352261107,6.0,0.5476190476190476,1.0
MLKL,3,6,11.406266878986004,11.683451152215731,-0.27718427322972694,6.0,0.5476190476190476,1.0
SCGB2A1,3,6,18.3628986458644,17.818631035218925,0.5442676106454769,12.0,0.5476190476190476,1.0
DUSP14,3,6,17.20439066442878,16.427988467356986,0.7764021970717927,12.0,0.5476190476190476,1.0
LDHAL6B,3,6,19.086377591195568,18.45737215121928,0.6290054399762894,12.0,0.5476190476190476,1.0
CARD8,3,6,11.409164944302761,11.256174996773671,0.15298994752908968,12.0,0.5476190476190476,1.0
MRPL55,3,6,13.917749281338544,13.851338511884473,0.06641076945407143,12.0,0.5476190476190476,1.0
PRUNE1,3,6,13.400454162856805,13.234216571283996,0.16623759157280915,12.0,0.5476190476190476,1.0
GOSR1,4,5,14.494525396049378,14.354953834006333,0.1395715620430451,13.0,0.5555555555555556,1.0
SNX27,4,8,16.61776140371933,16.666650089996313,-0.04888868627698173,12.0,0.5696969696969697,1.0
EPS15,4,8,18.85112100579124,18.728735258648094,0.1223857471431451,20.0,0.5696969696969697,1.0
MT-ATP6,4,8,16.00279382171259,15.828271541445188,0.1745222802674018,20.0,0.5696969696969697,1.0
PRP4K,4,8,16.230077484394414,16.336276408843617,-0.10619892444920254,12.0,0.5696969696969697,1.0
SLC44A1,4,8,14.691332867306143,15.044278738745888,-0.3529458714397453,12.0,0.5696969696969697,1.0
ERAP2,4,8,16.356246549701606,16.230892563646833,0.12535398605477255,20.0,0.5696969696969697,1.0
GTF2B,4,8,14.462617984412704,14.52956472099865,-0.06694673658594574,12.0,0.5696969696969697,1.0
PTGS1,4,8,16.058535722585017,15.725210125090836,0.33332559749418067,20.0,0.5696969696969697,1.0
NAAA,4,8,14.615154471532879,14.200282434098458,0.4148720374344208,20.0,0.5696969696969697,1.0
RP2,4,8,15.620928200146862,15.545221341203916,0.07570685894294549,20.0,0.5696969696969697,1.0
AQP5,4,8,16.088958401491848,15.705027879958706,0.38393052153314144,20.0,0.5696969696969697,1.0
F12,4,8,17.21637973055762,16.973116969971606,0.24326276058601337,20.0,0.5696969696969697,1.0
CHMP1A,4,8,17.223848680071185,17.344519845677638,-0.12067116560645275,12.0,0.5696969696969697,1.0
NEMF,4,8,14.5347132036663,14.649492362335822,-0.11477915866952237,12.0,0.5696969696969697,1.0
NCF4,4,8,17.23615083135027,17.30058925206859,-0.06443842071832151,12.0,0.5696969696969697,1.0
AMDHD2,4,8,13.325942072030168,13.552961788337667,-0.22701971630749895,12.0,0.5696969696969697,1.0
MYD88,4,8,15.04921294477598,15.225262454800975,-0.1760495100249937,12.0,0.5696969696969697,1.0
PRPF3,4,8,16.317370527640346,16.469628371643836,-0.15225784400348985,12.0,0.5696969696969697,1.0
ALDH1A3,4,8,18.39218156621391,18.096232096615864,0.295949469598046,20.0,0.5696969696969697,1.0
PRPF38B,4,8,15.70490318444699,15.803300667219158,-0.09839748277216742,12.0,0.5696969696969697,1.0
GIMAP5,4,8,19.255309420431942,19.122209466735185,0.13309995369675676,20.0,0.5696969696969697,1.0
TBC1D17,4,8,14.166592967162131,13.989351031627676,0.17724193553445566,20.0,0.5696969696969697,1.0
VTI1B,4,8,17.354578620863837,17.132833632488666,0.2217449883751712,20.0,0.5696969696969697,1.0
TNS3,4,8,16.981369510808037,17.05671280306251,-0.07534329225447323,12.0,0.5696969696969697,1.0
TNS1,4,8,15.479154965788076,15.656480354419312,-0.17732538863123537,12.0,0.5696969696969697,1.0
COASY,4,8,15.648331179478669,15.80691916385451,-0.1585879843758402,12.0,0.5696969696969697,1.0
EIF3H,4,8,17.606111370142347,17.65400062583648,-0.047889255694133936,12.0,0.5696969696969697,1.0
EIF4E,4,8,16.668196181126852,16.800705700408074,-0.13250951928122134,12.0,0.5696969696969697,1.0
STK26,4,8,14.475704262746563,14.655487691174347,-0.1797834284277844,12.0,0.5696969696969697,1.0
IGKV1-33;IGKV1D-33,4,8,16.87688930967967,17.141042201363323,-0.2641528916836542,12.0,0.5696969696969697,1.0
TCAF2,4,8,11.349643594202995,11.522096511661552,-0.17245291745855695,12.0,0.5696969696969697,1.0
STK11IP,4,8,12.048657850067174,12.259356371297468,-0.21069852123029342,12.0,0.5696969696969697,1.0
CROCC,4,8,18.45980269507181,18.759084549997702,-0.29928185492589066,12.0,0.5696969696969697,1.0
TCIRG1,4,8,15.83331177983576,15.9469304151513,-0.1136186353155395,12.0,0.5696969696969697,1.0
CCDC88B,4,8,14.85400896424223,14.76415067801719,0.08985828622503966,20.0,0.5696969696969697,1.0
CPSF2,4,8,16.245047782775835,16.166940959181936,0.07810682359389887,20.0,0.5696969696969697,1.0
MMAA,4,8,12.701719564184906,12.697837858254644,0.003881705930261603,12.0,0.5696969696969697,1.0
DHX16,4,8,15.63900183850212,15.571804518531213,0.06719731997090683,20.0,0.5696969696969697,1.0
ZAP70,4,8,14.38843751155587,14.533576019178124,-0.14513850762225466,12.0,0.5696969696969697,1.0
SRSF4,4,8,14.025194351265585,14.197276872737048,-0.17208252147146297,12.0,0.5696969696969697,1.0
MICAL1,4,8,18.501444037100274,18.420825618500935,0.08061841859933949,20.0,0.5696969696969697,1.0
DNM1,4,8,13.838916625734607,13.636210626384045,0.20270599935056133,20.0,0.5696969696969697,1.0
THAP11,4,8,15.230102842051899,15.112167715284421,0.11793512676747753,20.0,0.5696969696969697,1.0
TMEM106B,4,8,15.107133308833511,14.658953082983517,0.4481802258499936,20.0,0.5696969696969697,1.0
NOC2L,4,8,16.16957161815125,16.012855131269177,0.15671648688207185,20.0,0.5696969696969697,1.0
C8A,4,8,15.343542195322888,14.94896462848111,0.394577566841777,20.0,0.5696969696969697,1.0
DCLK1,3,5,12.640474819290025,12.179660260135988,0.4608145591540378,10.0,0.5714285714285714,1.0
USP4,3,5,11.473308942391284,11.326142257965248,0.1471666844260362,10.0,0.5714285714285714,1.0
NXN,3,5,14.769034335168433,14.881043873223774,-0.1120095380553412,10.0,0.5714285714285714,1.0
PYGM,3,5,17.083264091044203,17.49712488237813,-0.41386079133392784,5.0,0.5714285714285714,1.0
USE1,3,5,12.574159995055552,12.773052980737875,-0.19889298568232228,5.0,0.5714285714285714,1.0
BLNK,3,5,10.339997311808423,10.571045527278915,-0.23104821547049248,5.0,0.5714285714285714,1.0
NCAN,3,5,16.826315549200416,16.535368319930445,0.2909472292699711,10.0,0.5714285714285714,1.0
RSRC2,3,5,14.347849990962871,14.204287921698533,0.14356206926433757,10.0,0.5714285714285714,1.0
SLC35F6,3,5,14.264687684862965,14.365009703535415,-0.1003220186724505,5.0,0.5714285714285714,1.0
HPSE,3,5,15.765584360830971,14.906045602306037,0.8595387585249341,10.0,0.5714285714285714,1.0
LCE2B;LCE2C,3,5,13.553793058195742,13.03137549055478,0.5224175676409626,10.0,0.5714285714285714,1.0
EHMT2,3,5,15.740572956917527,15.481402592902622,0.25917036401490456,10.0,0.5714285714285714,1.0
HS2ST1,3,5,16.62876928522749,16.3284808458289,0.3002884393985923,10.0,0.5714285714285714,1.0
PHF23,3,5,14.483178672955477,14.56908970399112,-0.0859110310356428,5.0,0.5714285714285714,1.0
MRPS22,3,5,14.478197742298219,14.324878628650561,0.15331911364765816,10.0,0.5714285714285714,1.0
LAX1,3,5,11.832844081788144,11.562732946900107,0.27011113488803673,10.0,0.5714285714285714,1.0
PERP,3,5,17.01054326419956,16.307026596870294,0.7035166673292643,10.0,0.5714285714285714,1.0
CEP170,3,9,15.116995989264204,15.054885502074686,0.06211048718951773,17.0,0.6,1.0
GIT2,3,9,15.620568340717435,15.54252283494315,0.07804550577428593,17.0,0.6,1.0
RHOT2,3,9,14.82832306511166,14.791459068713213,0.03686399639844673,17.0,0.6,1.0
HAPLN3,3,9,15.669818751107648,15.191175264702029,0.4786434864056197,17.0,0.6,1.0
AHSA1,3,9,18.007611947301392,18.083696312921127,-0.0760843656197352,10.0,0.6,1.0
ACOT7,3,9,16.947172847540738,17.377519479072493,-0.430346631531755,10.0,0.6,1.0
SCAMP2,3,9,17.200205813867885,17.051581465491143,0.14862434837674243,17.0,0.6,1.0
IRF2BPL,3,9,16.63187993190485,16.989124877684066,-0.3572449457792146,10.0,0.6,1.0
EPN1,3,9,14.740416556063082,14.62884196790791,0.11157458815517174,17.0,0.6,1.0
CRABP1,3,9,18.253570764266527,18.662441394957813,-0.40887063069128615,10.0,0.6,1.0
MPI,3,9,15.086637472482685,15.192239808986919,-0.10560233650423356,10.0,0.6,1.0
MRPL41,3,9,15.292464307460145,15.04975568939553,0.24270861806461497,17.0,0.6,1.0
DENND4C,4,9,13.612185726422958,13.46049992229772,0.15168580412523802,22.0,0.6041958041958042,1.0
GBP2,4,9,16.758386798331852,16.584080051122996,0.1743067472088562,22.0,0.6041958041958042,1.0
AP3B1,4,9,15.634343806150573,15.729120132268227,-0.0947763261176533,14.0,0.6041958041958042,1.0
NAGLU,4,9,15.250732829668507,15.059837502097261,0.19089532757124594,22.0,0.6041958041958042,1.0
HEXA,4,9,19.72334936619369,19.84823214931451,-0.12488278312081746,14.0,0.6041958041958042,1.0
ATP6V1H,4,9,18.26489049023284,18.361449829852535,-0.0965593396196951,14.0,0.6041958041958042,1.0
UBA5,4,9,14.633875036133574,14.81742104287062,-0.18354600673704624,14.0,0.6041958041958042,1.0
PRPSAP1,4,9,16.861683379057446,16.909658706277842,-0.04797532722039577,14.0,0.6041958041958042,1.0
NDUFA2,4,9,14.527496295567456,14.375715679643852,0.15178061592360415,22.0,0.6041958041958042,1.0
KPNA3,4,9,16.749596287188616,16.69269860848684,0.056897678701776755,22.0,0.6041958041958042,1.0
CREG1,4,9,18.273562885999095,18.602067221967552,-0.3285043359684572,14.0,0.6041958041958042,1.0
CARS1,4,9,18.548877965181244,18.685296671148524,-0.13641870596728012,14.0,0.6041958041958042,1.0
PSMD7,4,9,18.233255762349447,18.17547222984087,0.057783532508576485,22.0,0.6041958041958042,1.0
CSNK2A1,4,9,17.88441374641294,17.95644962515229,-0.07203587873934936,14.0,0.6041958041958042,1.0
DDX42,4,9,16.728757274908556,16.786535132502813,-0.05777785759425669,14.0,0.6041958041958042,1.0
NXF1,4,9,16.849092476350535,16.70281068628965,0.14628179006088615,22.0,0.6041958041958042,1.0
IMPA2,4,9,19.00410891141439,18.884437702222463,0.11967120919192809,22.0,0.6041958041958042,1.0
GOLGA2,4,9,16.76174186985518,17.01582083802962,-0.25407896817444,14.0,0.6041958041958042,1.0
APOBEC3G,4,9,14.320034851364204,14.488534221984764,-0.16849937062056064,14.0,0.6041958041958042,1.0
IL4I1,4,9,18.776332117316173,18.83436184458954,-0.05802972727336808,14.0,0.6041958041958042,1.0
NPEPL1,4,9,17.388024021340197,17.54927805812984,-0.1612540367896429,14.0,0.6041958041958042,1.0
MCM5,4,9,18.00821978946093,18.086361751817975,-0.07814196235704429,14.0,0.6041958041958042,1.0
NDUFS5,4,9,15.706789884581964,15.826243923620549,-0.11945403903858498,14.0,0.6041958041958042,1.0
QKI,4,9,17.389696511985218,17.520896789254497,-0.1312002772692793,14.0,0.6041958041958042,1.0
ARPIN,4,9,13.816941210216655,14.0066002959384,-0.18965908572174506,14.0,0.6041958041958042,1.0
SRP72,4,9,16.028939330698066,16.17671389098454,-0.14777456028647507,14.0,0.6041958041958042,1.0
CNOT9,4,9,14.919243686870605,15.097172820005438,-0.1779291331348336,14.0,0.6041958041958042,1.0
EDF1,4,9,18.25828122101523,18.419514068068263,-0.1612328470530322,14.0,0.6041958041958042,1.0
NFKB1,4,9,15.919494679387814,15.747226156617115,0.1722685227706986,22.0,0.6041958041958042,1.0
LNPEP,4,9,15.382369258010469,15.281291186785003,0.10107807122546575,14.0,0.6041958041958042,1.0
HTATSF1,4,9,15.398482305672353,15.224639376563156,0.1738429291091972,22.0,0.6041958041958042,1.0
CACYBP,4,9,16.574469288652168,16.658028486593107,-0.08355919794093936,14.0,0.6041958041958042,1.0
ARSA,4,9,15.716270835005446,15.851919233792822,-0.13564839878737622,14.0,0.6041958041958042,1.0
PIN1,4,9,19.414959032697784,19.597918046631488,-0.18295901393370428,14.0,0.6041958041958042,1.0
ATL3,4,9,16.447877736185205,16.42793426116103,0.019943475024174262,22.0,0.6041958041958042,1.0
KLC1,4,9,15.210972506826874,15.143180092901977,0.06779241392489688,22.0,0.6041958041958042,1.0
PICALM,4,9,17.638238430403057,17.747194793562983,-0.10895636315992618,14.0,0.6041958041958042,1.0
MYADM,4,9,15.971830115938692,16.22176045235009,-0.2499303364113974,14.0,0.6041958041958042,1.0
EXOC2,4,9,14.917121854738127,15.011915196733813,-0.09479334199568612,14.0,0.6041958041958042,1.0
THOP1,4,9,15.798496646316956,15.535228603403327,0.26326804291362826,22.0,0.6041958041958042,1.0
DUT,4,9,17.634753029887886,17.80455063703544,-0.16979760714755443,14.0,0.6041958041958042,1.0
AMPD2,4,9,16.699421530044315,16.81593527300081,-0.11651374295649575,14.0,0.6041958041958042,1.0
KLK10,4,9,17.75855933302845,16.988512412643356,0.770046920385095,22.0,0.6041958041958042,1.0
IGKV3D-20,4,9,15.915733856921356,15.601868300733555,0.31386555618780143,22.0,0.6041958041958042,1.0
DOCK11,4,9,15.184386593072269,14.887330527770015,0.2970560653022538,22.0,0.6041958041958042,1.0
NIBAN1,4,9,16.771871949909855,16.70139075277817,0.07048119713168433,22.0,0.6041958041958042,1.0
CISD2,4,9,17.976560536142124,18.246800189630285,-0.2702396534881615,14.0,0.6041958041958042,1.0
SIRT2,4,9,15.058412531766841,14.922634986891836,0.1357775448750047,22.0,0.6041958041958042,1.0
TM9SF2,4,9,16.374121595834783,16.63520453578566,-0.26108293995087806,14.0,0.6041958041958042,1.0
PDCD11,4,9,15.039399152243893,15.188652034272256,-0.14925288202836207,14.0,0.6041958041958042,1.0
POLR2H,4,9,15.971015336832416,16.001334703625055,-0.030319366792639357,14.0,0.6041958041958042,1.0
PFKL,5,9,18.563799201802322,18.650756651775755,-0.08695744997343269,18.0,0.6063936063936064,1.0
ISG20,5,9,17.536854862904498,17.687051589550762,-0.15019672664626427,18.0,0.6063936063936064,1.0
ASPN,5,9,18.99799611172126,18.61794151190836,0.380054599812901,27.0,0.6063936063936064,1.0
PFKM,5,9,17.22217773970871,17.102849643165776,0.11932809654293308,27.0,0.6063936063936064,1.0
CCT3,5,9,20.58502809856612,20.637419004075227,-0.052390905509106744,18.0,0.6063936063936064,1.0
PGK1,5,9,23.01597787098408,23.06560353486283,-0.049625663878750004,18.0,0.6063936063936064,1.0
CCT4,5,9,21.593057429093896,21.700978224713467,-0.10792079561957024,18.0,0.6063936063936064,1.0
PEF1,5,9,19.63982829590857,19.568224668160408,0.07160362774816065,27.0,0.6063936063936064,1.0
ASPRV1,5,9,20.394260857836493,19.94299987174889,0.451260986087604,27.0,0.6063936063936064,1.0
IDH1,5,9,23.512678590045056,23.304053340185682,0.2086252498593737,27.0,0.6063936063936064,1.0
HNRNPL,5,9,20.23210935127758,20.34111850283044,-0.10900915155286128,18.0,0.6063936063936064,1.0
ATP5MF,5,9,19.7387119861143,19.70488988258505,0.03382210352924986,27.0,0.6063936063936064,1.0
PARP14,5,9,15.410539174222645,15.515904811581626,-0.10536563735898063,18.0,0.6063936063936064,1.0
ARPC3,5,9,22.48347432978153,22.456586931993982,0.02688739778754723,18.0,0.6063936063936064,1.0
HDHD5,5,9,17.040846439673015,17.12149681831707,-0.08065037864405511,18.0,0.6063936063936064,1.0
IGLL5,5,9,17.934504908801365,17.887318617129324,0.047186291672041136,27.0,0.6063936063936064,1.0
ATP5PO,5,9,19.985322523323177,20.077575468629814,-0.09225294530663675,18.0,0.6063936063936064,1.0
PLEC,5,9,22.57712706608745,22.710594756124884,-0.13346769003743475,18.0,0.6063936063936064,1.0
PABPN1,5,9,19.979581832799056,19.71985076119153,0.2597310716075256,27.0,0.6063936063936064,1.0
ATP2A3,5,9,18.293122297052882,18.157039859400452,0.1360824376524299,18.0,0.6063936063936064,1.0
PMPCB,5,9,16.787136352350398,16.852865783190005,-0.0657294308396068,18.0,0.6063936063936064,1.0
PRMT5,5,9,17.78410120897842,17.908478295005878,-0.124377086027458,18.0,0.6063936063936064,1.0
OLFML3,5,9,18.279121627664075,17.853569628837185,0.4255519988268901,27.0,0.6063936063936064,1.0
HNRNPF,5,9,22.25160495359423,22.323318222256596,-0.07171326866236427,18.0,0.6063936063936064,1.0
PLOD1,5,9,18.609258310063492,18.67811466946861,-0.06885635940511747,18.0,0.6063936063936064,1.0
PDCD6,5,9,19.166550321237757,19.11450059663808,0.052049724599676495,27.0,0.6063936063936064,1.0
HADH,5,9,18.43776997631052,18.521714788885212,-0.08394481257469266,18.0,0.6063936063936064,1.0
ALOX5AP,5,9,20.923902376286996,20.863595680033942,0.06030669625305407,27.0,0.6063936063936064,1.0
H3-7,5,9,28.539728371017183,28.3812757381733,0.15845263284388267,27.0,0.6063936063936064,1.0
TMEM43,5,9,20.924615922517326,20.79983624698044,0.12477967553688529,27.0,0.6063936063936064,1.0
TMEM109,5,9,22.62205471676817,22.54793053174346,0.07412418502470786,27.0,0.6063936063936064,1.0
DPYSL2,5,9,19.949643003990122,20.05790975852243,-0.10826675453230905,18.0,0.6063936063936064,1.0
DPYSL3,5,9,20.40121912605253,20.30385651983022,0.09736260622231185,27.0,0.6063936063936064,1.0
CNDP2,5,9,20.455899485555364,20.425018298211434,0.03088118734392964,18.0,0.6063936063936064,1.0
ADK,5,9,20.979339625757447,20.83403771996833,0.14530190578911828,27.0,0.6063936063936064,1.0
TFAM,5,9,18.212239953700955,18.26237357426248,-0.050133620561524594,18.0,0.6063936063936064,1.0
DYNLRB1,5,9,18.960566220169465,19.057073266277136,-0.09650704610767136,18.0,0.6063936063936064,1.0
TBCB,5,9,18.432306157899557,18.59171852282883,-0.15941236492927402,18.0,0.6063936063936064,1.0
TMPO,5,9,20.406601197806516,20.517440667601896,-0.11083946979537984,18.0,0.6063936063936064,1.0
ADRM1,5,9,18.03590419076408,18.17627521902419,-0.1403710282601125,18.0,0.6063936063936064,1.0
SYNGR2,5,9,18.82341602201684,18.978569262771774,-0.15515324075493453,18.0,0.6063936063936064,1.0
CKAP4,5,9,19.512797298098906,19.36717303600424,0.1456242620946675,27.0,0.6063936063936064,1.0
SRSF9,5,9,18.9326034388441,18.90226843818569,0.030335000658411104,18.0,0.6063936063936064,1.0
SRSF3,5,9,22.74518446622696,22.715985866374783,0.029198599852175988,27.0,0.6063936063936064,1.0
SRSF1,5,9,21.549589049675724,21.713205728282965,-0.16361667860724083,18.0,0.6063936063936064,1.0
CILP,5,9,18.411328221982664,18.588509020888058,-0.1771807989053933,18.0,0.6063936063936064,1.0
SRI,5,9,20.02240223346086,20.223923391238102,-0.20152115777724333,18.0,0.6063936063936064,1.0
SQOR,5,9,21.224983976680583,21.318666448111223,-0.09368247143063968,18.0,0.6063936063936064,1.0
EMILIN1,5,9,21.25580557359411,20.982307532875915,0.27349804071819506,27.0,0.6063936063936064,1.0
EHD1,5,9,19.044142288655316,19.206490086084482,-0.16234779742916672,18.0,0.6063936063936064,1.0
EPB41L3,5,9,17.981261899286853,17.840181184609097,0.14108071467775574,27.0,0.6063936063936064,1.0
DOCK8,5,9,16.958239132790148,17.255103871362607,-0.29686473857245943,18.0,0.6063936063936064,1.0
TPM3,5,9,23.380210586388095,23.352125609807825,0.02808497658027065,27.0,0.6063936063936064,1.0
CORO1B,5,9,19.440529364141078,19.621935403329537,-0.18140603918845954,18.0,0.6063936063936064,1.0
ABCE1,5,9,17.847291255527647,17.923342608883914,-0.07605135335626656,18.0,0.6063936063936064,1.0
XPO1,5,9,19.015932125120504,19.055585056202514,-0.03965293108200996,18.0,0.6063936063936064,1.0
VPS18,5,9,14.623229767362357,14.693390446761795,-0.0701606793994376,18.0,0.6063936063936064,1.0
CTSS,5,9,18.552634034332975,18.796862358285622,-0.24422832395264749,18.0,0.6063936063936064,1.0
VDAC3,5,9,18.889921640905307,18.75845622116342,0.13146541974188608,27.0,0.6063936063936064,1.0
VCP,5,9,21.5608700262092,21.60434811657584,-0.04347809036663719,18.0,0.6063936063936064,1.0
CTSZ,5,9,20.625130249681924,20.736334782335287,-0.11120453265336394,18.0,0.6063936063936064,1.0
USP7,5,9,16.939186266818204,16.862027540204913,0.07715872661329115,18.0,0.6063936063936064,1.0
ACTL6A,5,9,17.33806463110951,17.431932794594672,-0.09386816348516192,18.0,0.6063936063936064,1.0
CYRIB,5,9,20.189990066399062,20.212113018226127,-0.022122951827064696,18.0,0.6063936063936064,1.0
DCTN1,5,9,20.1907083515896,20.303347398600895,-0.1126390470112959,18.0,0.6063936063936064,1.0
DCTPP1,5,9,18.20169871657918,18.281521793151207,-0.07982307657202625,18.0,0.6063936063936064,1.0
UBE2N,5,9,20.50066801941667,20.607753230528388,-0.10708521111171976,18.0,0.6063936063936064,1.0
UBAP2L,5,9,18.364114590974978,18.563953200246292,-0.19983860927131403,18.0,0.6063936063936064,1.0
DDX17,5,9,21.13907480816702,21.29903628393317,-0.15996147576614916,18.0,0.6063936063936064,1.0
TUBA4B,5,9,21.57623565236581,21.83457982420464,-0.25834417183882863,18.0,0.6063936063936064,1.0
TUBA1C,5,9,26.330892444947228,26.491964205698757,-0.16107176075152907,18.0,0.6063936063936064,1.0
CNP,5,9,17.580305968193485,17.67104974105226,-0.09074377285877588,18.0,0.6063936063936064,1.0
DKC1,5,9,18.693714124986364,18.81188631408737,-0.11817218910100635,18.0,0.6063936063936064,1.0
DAZAP1,5,9,19.43909441035215,19.305403391510804,0.13369101884134693,27.0,0.6063936063936064,1.0
H6PD,5,9,17.538000373658328,17.489052376860105,0.048947996798222704,27.0,0.6063936063936064,1.0
SNRPG;SNRPGP15,5,9,20.21439550197187,19.934491648567416,0.27990385340445556,27.0,0.6063936063936064,1.0
SNRPB2,5,9,15.414989436231632,15.390225628364757,0.02476380786687571,27.0,0.6063936063936064,1.0
RPL8,5,9,21.944411979989344,22.08310054227042,-0.13868856228107518,18.0,0.6063936063936064,1.0
RPL7,5,9,22.271229771465592,22.449855698506017,-0.17862592704042513,18.0,0.6063936063936064,1.0
AP2M1,5,9,18.773325928238553,18.65969541559505,0.11363051264350332,27.0,0.6063936063936064,1.0
GBE1,5,9,17.573861232817666,17.54926713289282,0.024594099924847512,27.0,0.6063936063936064,1.0
RPL31,5,9,21.784459181031647,21.906404094690288,-0.12194491365864124,18.0,0.6063936063936064,1.0
RPL23,5,9,21.059372137154277,20.934669658640324,0.124702478513953,27.0,0.6063936063936064,1.0
RPA2,5,9,19.161055510176826,19.11232268445459,0.048732825722236583,27.0,0.6063936063936064,1.0
APCS,5,9,18.575697732958876,18.019272443957888,0.5564252890009875,27.0,0.6063936063936064,1.0
APEH,5,9,22.004525733137587,21.966805465323848,0.03772026781373938,18.0,0.6063936063936064,1.0
AP1M1,5,9,17.381517229741206,17.415204045979923,-0.03368681623871694,18.0,0.6063936063936064,1.0
GLIPR2,5,9,17.77541240202863,17.995438688860204,-0.2200262868315761,18.0,0.6063936063936064,1.0
GNA13,5,9,19.500349180336194,19.338644845440513,0.16170433489568126,27.0,0.6063936063936064,1.0
RAP1A,5,9,19.340381246257817,19.39019444994601,-0.049813203688191976,18.0,0.6063936063936064,1.0
RAD50,5,9,16.22920039971252,16.24170006343909,-0.012499663726568855,27.0,0.6063936063936064,1.0
RAB14,5,9,20.417300499271054,20.463883383173204,-0.046582883902150485,18.0,0.6063936063936064,1.0
GSS,5,9,18.51441081289583,18.410330030559273,0.10408078233655615,18.0,0.6063936063936064,1.0
PSMC4,5,9,18.27321025373547,18.289872766391998,-0.016662512656527184,18.0,0.6063936063936064,1.0
PSMB3,5,9,21.594699678885075,21.476877796212438,0.11782188267263649,27.0,0.6063936063936064,1.0
H2BC1,5,9,28.42892777772817,28.119184849595825,0.3097429281323443,27.0,0.6063936063936064,1.0
PSMA7,5,9,21.03192984305867,20.818971316059006,0.2129585269996639,27.0,0.6063936063936064,1.0
GLUD1,5,9,19.82717395824941,19.86090942775458,-0.03373546950517081,18.0,0.6063936063936064,1.0
SNRPD3,5,9,20.380524079550952,20.526694522499167,-0.14617044294821468,18.0,0.6063936063936064,1.0
RPS15A,5,9,20.399252688732844,20.53872978779518,-0.1394770990623364,18.0,0.6063936063936064,1.0
RPS5,5,9,21.075328473676393,21.150906386654086,-0.07557791297769256,18.0,0.6063936063936064,1.0
SNRNP70,5,9,19.46357086638083,19.52625144421694,-0.06268057783610814,18.0,0.6063936063936064,1.0
EPRS1,5,9,18.895086355394163,18.992448638258228,-0.09736228286406501,18.0,0.6063936063936064,1.0
SMARCE1,5,9,18.000956736956496,17.92736029020438,0.0735964467521164,27.0,0.6063936063936064,1.0
SMAP2,5,9,17.48691652031676,17.259291561414763,0.2276249589019983,27.0,0.6063936063936064,1.0
ALDH2,5,9,20.12504163311768,20.169693529209017,-0.04465189609133802,18.0,0.6063936063936064,1.0
SLFN5,5,9,16.77489263137436,17.065144999832793,-0.2902523684584324,18.0,0.6063936063936064,1.0
ERH,5,9,19.703567834578664,19.811028685736417,-0.10746085115775372,18.0,0.6063936063936064,1.0
SLC25A5,5,9,20.47792187236696,20.713937813823996,-0.23601594145703686,18.0,0.6063936063936064,1.0
SLC25A24,5,9,17.021981968968547,17.22584687990845,-0.20386491093990244,18.0,0.6063936063936064,1.0
RPS23,5,9,20.568472799147628,20.64389427375285,-0.0754214746052213,18.0,0.6063936063936064,1.0
SLC25A12,5,9,16.03205975364034,16.21253400025494,-0.18047424661460099,18.0,0.6063936063936064,1.0
ALDH9A1,5,9,21.216218656356094,21.347469029127275,-0.13125037277118068,18.0,0.6063936063936064,1.0
SH3KBP1,5,9,17.670277160569317,17.68260815644172,-0.012330995872403605,18.0,0.6063936063936064,1.0
SH3GLB2,5,9,15.934348941720543,16.055862985405007,-0.1215140436844635,18.0,0.6063936063936064,1.0
SET,5,9,21.23837220319299,21.31027283345895,-0.07190063026595794,18.0,0.6063936063936064,1.0
SERPINB12,5,9,22.878786576727855,22.430195602528897,0.4485909741989573,27.0,0.6063936063936064,1.0
SERPINB1,5,9,20.559563238195366,20.46996837860951,0.08959485958585489,27.0,0.6063936063936064,1.0
FASN,5,9,18.65326615641817,18.84640112639356,-0.19313496997538948,18.0,0.6063936063936064,1.0
FBLN1,5,9,20.09799627085364,19.925512052409086,0.17248421844455208,27.0,0.6063936063936064,1.0
SDCBP,5,9,15.75287451449709,15.911203108929836,-0.15832859443274572,18.0,0.6063936063936064,1.0
ETF1,5,9,19.07187042056643,19.076317395031108,-0.004446974464677567,18.0,0.6063936063936064,1.0
ITGB2,5,9,22.512683533405276,22.758726202640666,-0.24604266923538987,18.0,0.6063936063936064,1.0
A1BG,5,9,19.274337748146046,19.090906849962632,0.1834308981834134,27.0,0.6063936063936064,1.0
BDH2,5,9,15.27376435793298,15.454029939719383,-0.18026558178640428,18.0,0.6063936063936064,1.0
LYZ,5,9,22.607897561977488,21.933586662590944,0.6743108993865441,27.0,0.6063936063936064,1.0
LMAN1,5,9,20.833881035136393,21.076269117385504,-0.24238808224911068,18.0,0.6063936063936064,1.0
LYPLA2,5,9,17.962040009051044,17.87449835793441,0.08754165111663426,27.0,0.6063936063936064,1.0
BRIX1,5,9,16.989394856456563,17.358347089501528,-0.36895223304496483,18.0,0.6063936063936064,1.0
MAN2B1,5,9,18.240402112349994,18.391142937867638,-0.15074082551764434,18.0,0.6063936063936064,1.0
CALM1;CALM2;CALM3,5,9,23.121985126194108,23.223763893757642,-0.10177876756353399,18.0,0.6063936063936064,1.0
CALML5,5,9,23.398549482827253,23.553324931486554,-0.1547754486593007,18.0,0.6063936063936064,1.0
LHPP,5,9,16.987909857093868,16.8604869518271,0.12742290526676925,27.0,0.6063936063936064,1.0
KRT4,5,9,21.431315695061837,20.48199911079189,0.9493165842699476,27.0,0.6063936063936064,1.0
KRT13,5,9,20.88316561114862,20.001714385706975,0.8814512254416442,27.0,0.6063936063936064,1.0
LGALS3BP,5,9,18.8492842146729,19.032190653731384,-0.1829064390584847,18.0,0.6063936063936064,1.0
NONO,5,9,22.317796330300187,22.43829018539247,-0.12049385509228472,18.0,0.6063936063936064,1.0
BANF1,5,9,19.08032673103681,19.327636741852828,-0.2473100108160189,18.0,0.6063936063936064,1.0
BLMH,5,9,23.73045143050914,23.2058416413826,0.52460978912654,27.0,0.6063936063936064,1.0
LAMB2,5,9,17.012500778077104,17.428876409744596,-0.41637563166749203,18.0,0.6063936063936064,1.0
LTBP2,5,9,18.02811873012978,17.481307427734844,0.5468113023949357,27.0,0.6063936063936064,1.0
LBR,5,9,17.932933336072374,18.041771040453806,-0.10883770438143259,18.0,0.6063936063936064,1.0
NIT1,5,9,16.693713204452887,16.60868324852616,0.08502995592672846,27.0,0.6063936063936064,1.0
C8orf82,5,9,16.782184264180426,16.616721904460174,0.16546235972025158,27.0,0.6063936063936064,1.0
NANS,5,9,18.623651513074417,18.79135036773,-0.16769885465558332,18.0,0.6063936063936064,1.0
TRIM56,4,6,15.202693554731145,15.357782010777626,-0.15508845604648158,9.0,0.6095238095238095,1.0
ARMC8,4,6,15.467083066158537,15.337388627680618,0.1296944384779195,15.0,0.6095238095238095,1.0
STX11,4,6,15.695970246989546,15.346330295915953,0.349639951073593,15.0,0.6095238095238095,1.0
IGKV3D-15,4,6,17.585299834248847,17.961135808385496,-0.37583597413664904,9.0,0.6095238095238095,1.0
EXOSC7,4,6,15.640811729242282,15.324749539992345,0.3160621892499371,15.0,0.6095238095238095,1.0
IDH3B,5,8,18.22353956278009,18.495116127102158,-0.2715765643220678,16.0,0.6216006216006216,1.0
CLUH,5,8,16.612473470005718,16.710175856348194,-0.09770238634247619,16.0,0.6216006216006216,1.0
CAVIN2,5,8,18.399566566652375,17.79718035124579,0.602386215406586,24.0,0.6216006216006216,1.0
ALG2,5,8,17.836778767442432,18.04263458431621,-0.20585581687377896,16.0,0.6216006216006216,1.0
SNX17,5,8,15.737724092451026,15.647262457703897,0.09046163474712898,24.0,0.6216006216006216,1.0
STAT6,5,8,15.782314492579468,16.014029856363656,-0.231715363784188,16.0,0.6216006216006216,1.0
PIK3CD,5,8,14.957553900491959,15.245827007889698,-0.2882731073977389,16.0,0.6216006216006216,1.0
FNTA,5,8,15.127687562278457,15.23411654325818,-0.10642898097972342,16.0,0.6216006216006216,1.0
HVCN1,5,8,19.046237509390476,18.932819477468836,0.1134180319216398,24.0,0.6216006216006216,1.0
BTK,5,8,16.073240784187682,15.927193813370428,0.14604697081725426,24.0,0.6216006216006216,1.0
SP100,5,8,19.91342167857909,19.52257273563832,0.3908489429407709,24.0,0.6216006216006216,1.0
BRCC3,5,8,15.340647426347934,15.018863722186994,0.32178370416093927,24.0,0.6216006216006216,1.0
MAL2,5,8,17.23794727187979,16.66294510675735,0.5750021651224415,24.0,0.6216006216006216,1.0
CD37,5,8,15.48871451568939,15.592869185794488,-0.10415467010509794,16.0,0.6216006216006216,1.0
GFPT2,3,4,10.952484268793825,11.607764753221966,-0.6552804844281415,4.0,0.6285714285714286,1.0
ARFIP2,3,4,15.651609941218368,15.719175870922243,-0.06756592970387487,4.0,0.6285714285714286,1.0
ZDHHC5,4,3,14.74451803446398,14.271131805593411,0.47338622887056836,8.0,0.6285714285714286,1.0
ATP6V0D2,3,4,15.307933674790434,14.938629520234361,0.36930415455607246,8.0,0.6285714285714286,1.0
PLA2G4B,3,4,15.678354775813796,15.286883440408953,0.3914713354048427,8.0,0.6285714285714286,1.0
CA6,3,4,18.017157161493074,17.28525472257592,0.7319024389171531,8.0,0.6285714285714286,1.0
ACOX1,3,8,15.255158244628651,14.93674561216411,0.31841263246454155,15.0,0.6303030303030304,1.0
BRD4,3,8,17.639620594051276,17.559962486978808,0.07965810707246845,9.0,0.6303030303030304,1.0
VPS11,3,8,12.958688220516416,12.874566867472183,0.08412135304423352,15.0,0.6303030303030304,1.0
CERT1,3,8,13.732955779276674,13.491280861567084,0.24167491770958982,15.0,0.6303030303030304,1.0
GATAD2B,3,8,15.093041708555495,15.000394921302163,0.0926467872533312,15.0,0.6303030303030304,1.0
TTC1,3,8,14.997708603812415,15.364585090347695,-0.36687648653528093,9.0,0.6303030303030304,1.0
MYO5A,3,8,16.51599557951062,16.595944447045596,-0.0799488675349771,9.0,0.6303030303030304,1.0
MMS19,3,8,17.67340130580027,17.55552021106597,0.11788109473429742,15.0,0.6303030303030304,1.0
RASAL1,3,8,13.727650202112983,13.280930436615911,0.4467197654970718,15.0,0.6303030303030304,1.0
ATP6AP2,3,8,15.655100888400957,15.432199645817459,0.22290124258349842,15.0,0.6303030303030304,1.0
PAPSS2,3,8,13.804640291926995,14.055269222007986,-0.25062893008099074,9.0,0.6303030303030304,1.0
COG6,3,8,14.733220424273336,14.628536586920296,0.10468383735303988,15.0,0.6303030303030304,1.0
ELF1,3,8,12.311359204710719,12.370266779358184,-0.05890757464746521,9.0,0.6303030303030304,1.0
FIBP,3,8,13.449062554703316,13.733581864922225,-0.28451931021890964,9.0,0.6303030303030304,1.0
MRPL43,3,8,15.457010632300518,15.613537152146726,-0.15652651984620825,9.0,0.6303030303030304,1.0
SRGAP2,3,8,14.086118252622668,14.321051044472608,-0.2349327918499391,9.0,0.6303030303030304,1.0
PEX11B,3,8,15.36215418201536,15.071426214128158,0.2907279678872019,15.0,0.6303030303030304,1.0
COG5,3,8,14.73764256139638,14.73774133845647,-9.877706009042697e-05,9.0,0.6303030303030304,1.0
PIN4,3,8,14.71520013489041,14.921645589039285,-0.20644545414887538,9.0,0.6303030303030304,1.0
HTATIP2,3,8,15.393252623463253,15.511789868618882,-0.11853724515562902,9.0,0.6303030303030304,1.0
LARP7,3,8,13.892967781920754,13.636768196902679,0.2561995850180754,15.0,0.6303030303030304,1.0
XPOT,3,8,13.64893297145258,13.855735745520937,-0.2068027740683558,9.0,0.6303030303030304,1.0
CD109,3,8,13.36274975435085,12.998641320043689,0.3641084343071608,15.0,0.6303030303030304,1.0
SLC27A3,3,8,14.873228527290166,14.688536109350748,0.18469241793941826,15.0,0.6303030303030304,1.0
MAPK1IP1L,3,8,14.583078201339454,14.339233594549357,0.24384460679009656,15.0,0.6303030303030304,1.0
ASH2L,3,8,13.81838924242332,13.963467561251214,-0.14507831882789368,9.0,0.6303030303030304,1.0
FKBP5,3,8,15.913569814579077,16.075963634855114,-0.1623938202760371,9.0,0.6303030303030304,1.0
NEK7,3,8,16.022497227733904,16.20233217053483,-0.1798349428009267,9.0,0.6303030303030304,1.0
PPAT,3,8,15.971037890054319,15.85303209601639,0.11800579403792888,15.0,0.6303030303030304,1.0
DDX54,3,8,15.870022961226946,15.578959786826271,0.29106317440067464,15.0,0.6303030303030304,1.0
CD53,3,8,15.830396061560862,15.901102379558008,-0.07070631799714633,15.0,0.6303030303030304,1.0
HCK,3,8,17.041073996860863,16.500079056623754,0.540994940237109,15.0,0.6303030303030304,1.0
IFI44L,3,8,16.133645922926856,16.12217330205378,0.011472620873075101,15.0,0.6303030303030304,1.0
ALG1,3,8,12.753269942178129,13.007028458032082,-0.2537585158539528,9.0,0.6303030303030304,1.0
STX5,3,8,13.860309664007707,13.729454134336649,0.13085552967105762,15.0,0.6303030303030304,1.0
FCHO1,3,8,12.646029587988428,12.27432970835639,0.3716998796320379,15.0,0.6303030303030304,1.0
BANK1,3,8,16.24303681531924,16.004470989320964,0.23856582599827547,15.0,0.6303030303030304,1.0
PAK1,3,8,14.803298962997706,14.95591659079541,-0.15261762779770294,9.0,0.6303030303030304,1.0
CD248,3,8,17.365796902859312,16.8214976177954,0.5442992850639108,15.0,0.6303030303030304,1.0
FAHD1,3,8,13.789983203135298,14.181088416599188,-0.3911052134638897,9.0,0.6303030303030304,1.0
XPC,3,8,13.54838452402099,13.433958356645899,0.11442616737509148,15.0,0.6303030303030304,1.0
OASL,3,8,16.01543016358173,16.145400590903403,-0.1299704273216733,9.0,0.6303030303030304,1.0
LRG1,5,7,15.556454028058775,15.6595147345403,-0.10306070648152499,14.0,0.638888888888889,1.0
NOB1,5,7,13.849054665391808,13.787281173201688,0.061773492190120294,21.0,0.638888888888889,1.0
XRN1,5,7,13.623282716685983,13.722005680940878,-0.09872296425489502,14.0,0.638888888888889,1.0
UAP1L1,5,7,14.880612888967837,14.846414954087118,0.034197934880719316,21.0,0.638888888888889,1.0
FCHSD1,4,7,14.425940497076457,14.601639035255628,-0.17569853817917114,11.0,0.6484848484848484,1.0
PPP1R21,4,7,13.867021149909489,13.98935276775804,-0.12233161784855184,11.0,0.6484848484848484,1.0
PYGL,4,7,17.178665184775607,17.03312612161712,0.14553906315848764,17.0,0.6484848484848484,1.0
RUNX3,4,7,14.816437239588089,14.924318857161154,-0.10788161757306547,11.0,0.6484848484848484,1.0
TBXAS1,4,7,17.634923149952485,17.478297136867916,0.15662601308456914,17.0,0.6484848484848484,1.0
LRWD1,4,7,13.451852106275258,13.63260917215048,-0.18075706587522156,11.0,0.6484848484848484,1.0
PARP12,4,7,13.984683821986522,13.837836584738868,0.1468472372476537,17.0,0.6484848484848484,1.0
EIF4G3,4,7,16.63951358355543,16.8357936272648,-0.19628004370936836,11.0,0.6484848484848484,1.0
RFC2,4,7,16.280210636442945,16.162341283071385,0.11786935337156024,17.0,0.6484848484848484,1.0
DOK3,4,7,14.311601907626693,14.54032164876987,-0.22871974114317695,11.0,0.6484848484848484,1.0
MRPS34,4,7,17.378604935500256,17.219021440417162,0.1595834950830941,17.0,0.6484848484848484,1.0
ERG28,3,7,14.390157258006449,14.207799626868349,0.18235763113809966,13.0,0.6666666666666666,1.0
BCAT2,3,7,16.249104030599465,16.390778581188858,-0.14167455058939282,8.0,0.6666666666666666,1.0
SDCBP2,3,7,14.009276884667132,13.518559065986711,0.4907178186804213,13.0,0.6666666666666666,1.0
SEPHS2,3,7,14.47073644788018,14.323639510918587,0.1470969369615922,13.0,0.6666666666666666,1.0
CYP2S1,3,7,13.419683055381162,13.071128436940805,0.34855461844035673,13.0,0.6666666666666666,1.0
PPP1R12C,3,7,13.76697654822201,13.958587663025414,-0.1916111148034041,8.0,0.6666666666666666,1.0
MED23,3,7,11.792557998318046,11.65529558278983,0.13726241552821605,13.0,0.6666666666666666,1.0
FAP,3,7,14.940666533292378,14.416998312390735,0.5236682209016426,13.0,0.6666666666666666,1.0
ADA2,3,7,12.848030346840034,13.108270534976226,-0.26024018813619243,8.0,0.6666666666666666,1.0
TLN2,3,7,15.791571686704026,15.390445247601631,0.401126439102395,13.0,0.6666666666666666,1.0
LPXN,3,7,14.46513263214844,14.660131792353086,-0.19499916020464525,8.0,0.6666666666666666,1.0
TUBGCP3,3,7,15.021496563104902,15.085922229295324,-0.06442566619042189,8.0,0.6666666666666666,1.0
KDM1A,3,7,16.075831636891742,15.97760397185913,0.09822766503261171,13.0,0.6666666666666666,1.0
SIRPA,3,7,14.404396767113104,14.616794709710343,-0.21239794259723865,8.0,0.6666666666666666,1.0
CHUK,3,7,11.65345490452365,11.843012324119144,-0.18955741959549322,8.0,0.6666666666666666,1.0
PLXNC1,3,7,12.97460430410591,12.67840545559268,0.29619884851322986,13.0,0.6666666666666666,1.0
MRPS18A,3,7,13.332400364362785,13.310468145932763,0.021932218430022132,8.0,0.6666666666666666,1.0
TMPPE,3,7,11.295332338847409,11.953320394516997,-0.6579880556695876,8.0,0.6666666666666666,1.0
NDUFAB1,3,7,17.041681135911634,16.847591511328545,0.1940896245830892,13.0,0.6666666666666666,1.0
TNFAIP8L2,3,7,16.67182628383331,16.423796402477755,0.24802988135555282,13.0,0.6666666666666666,1.0
RNF40,3,7,16.77294849672181,16.69980487758392,0.07314361913789114,13.0,0.6666666666666666,1.0
DNAJC9,3,7,17.180377850925957,17.61610736025442,-0.4357295093284641,8.0,0.6666666666666666,1.0
DNAJB6,3,7,15.262049653289111,15.477671722952504,-0.21562206966339303,8.0,0.6666666666666666,1.0
NBN,3,7,14.821352162126635,14.91484874950193,-0.09349658737529509,8.0,0.6666666666666666,1.0
NBEAL2,3,7,13.397615337763275,13.625060005473825,-0.22744466771055016,8.0,0.6666666666666666,1.0
FHOD1,3,7,13.686947335963012,13.873565776492196,-0.18661844052918397,8.0,0.6666666666666666,1.0
CYB5R2,3,7,15.061313060444425,14.477475798911547,0.583837261532878,13.0,0.6666666666666666,1.0
CST1,4,8,18.18441687433384,17.56782652907468,0.6165903452591621,19.0,0.6828282828282828,1.0
TMX4,4,8,17.696651851308495,17.775549046751557,-0.07889719544306217,13.0,0.6828282828282828,1.0
STK17B,4,8,13.273307984494076,13.139979573629248,0.13332841086482894,19.0,0.6828282828282828,1.0
SLK,4,8,15.094724308267104,15.01856403960866,0.07616026865844283,19.0,0.6828282828282828,1.0
RASSF2,4,8,13.855876592350302,13.928520767579805,-0.0726441752295024,13.0,0.6828282828282828,1.0
ACSF3,4,8,14.448279402611591,14.73408779716799,-0.2858083945563994,13.0,0.6828282828282828,1.0
EPS15L1,4,8,17.517958122046466,17.459016172225162,0.0589419498213033,19.0,0.6828282828282828,1.0
SNTB2,4,8,14.941588792200296,15.050101885269239,-0.10851309306894308,13.0,0.6828282828282828,1.0
NELFA,4,8,15.615660518488053,15.829297734163934,-0.213637215675881,13.0,0.6828282828282828,1.0
VPS33B,4,8,19.39761577460733,19.451296302760277,-0.05368052815294533,13.0,0.6828282828282828,1.0
SORBS3,4,8,15.571638676103758,15.514264989765945,0.05737368633781337,19.0,0.6828282828282828,1.0
CELF1,4,8,15.17587409466647,15.211166423339463,-0.03529232867299292,19.0,0.6828282828282828,1.0
RBP4,4,8,15.715823314919527,15.479142110965299,0.23668120395422854,19.0,0.6828282828282828,1.0
M6PR,4,8,17.22744355902461,17.342790195644493,-0.11534663661988276,13.0,0.6828282828282828,1.0
PIK3C3,4,8,13.992965106960186,13.947794714646806,0.0451703923133806,19.0,0.6828282828282828,1.0
REXO2,4,8,15.511734950210757,15.768505635705019,-0.25677068549426174,13.0,0.6828282828282828,1.0
DCTD,4,8,16.344844250649203,16.476785978145866,-0.13194172749666322,13.0,0.6828282828282828,1.0
SIN3A,4,8,15.13561053823112,15.220188176427733,-0.08457763819661324,13.0,0.6828282828282828,1.0
ASCC2,4,8,15.035845253415234,15.364243339851257,-0.32839808643602275,13.0,0.6828282828282828,1.0
WASHC4,4,8,16.208498136330483,16.19301549995965,0.015482636370833802,13.0,0.6828282828282828,1.0
ARHGEF6,4,8,17.472538844909767,17.35395674235157,0.11858210255819657,19.0,0.6828282828282828,1.0
ARGLU1,4,8,19.618360252186335,19.2925938630355,0.3257663891508358,19.0,0.6828282828282828,1.0
FECH,4,8,13.353472558045468,13.544239506813943,-0.19076694876847533,13.0,0.6828282828282828,1.0
UBE2G1,4,8,16.160737205295835,16.37055447102638,-0.20981726573054615,13.0,0.6828282828282828,1.0
CD5,4,8,16.675946420279207,16.980200284507646,-0.30425386422843914,13.0,0.6828282828282828,1.0
SEC24B,4,8,15.574404487240445,15.379635864315738,0.1947686229247072,19.0,0.6828282828282828,1.0
ARL3,4,8,15.509419892084466,15.678717565508196,-0.16929767342372948,13.0,0.6828282828282828,1.0
RIC8A,4,8,15.632040895677328,15.771481169727192,-0.13944027404986414,13.0,0.6828282828282828,1.0
CD3D,4,8,12.795305012000954,13.213953861586887,-0.4186488495859333,13.0,0.6828282828282828,1.0
EXOC6B,4,8,13.659826368833706,13.850202894134231,-0.1903765253005254,19.0,0.6828282828282828,1.0
GSDMD,4,8,15.743265093150626,15.662729874122686,0.08053521902794003,19.0,0.6828282828282828,1.0
FARP1,4,8,15.385088944434028,15.358727072696226,0.02636187173780158,19.0,0.6828282828282828,1.0
RAB4B,4,8,15.530269265990663,15.440951179944545,0.08931808604611824,19.0,0.6828282828282828,1.0
MBOAT7,4,8,14.719641919371806,14.733183068824786,-0.013541149452979795,13.0,0.6828282828282828,1.0
FRK,4,8,15.808418265074462,15.69925432883517,0.1091639362392911,19.0,0.6828282828282828,1.0
GABPA,4,8,14.534734792993307,14.422250278355463,0.1124845146378437,19.0,0.6828282828282828,1.0
AP2A2,4,8,16.97669019632728,17.148495450524884,-0.17180525419760428,13.0,0.6828282828282828,1.0
AGT,4,8,15.958822231594315,15.966832275904906,-0.008010044310591269,19.0,0.6828282828282828,1.0
DEF6,4,8,16.666175914015614,16.78736981972765,-0.12119390571203681,13.0,0.6828282828282828,1.0
KRT33B,4,8,21.45072497871859,22.718667705305172,-1.2679427265865826,13.0,0.6828282828282828,1.0
DYNC1LI1,4,8,16.926965919952657,17.11059618898022,-0.18363026902756374,13.0,0.6828282828282828,1.0
APIP,4,8,15.265584066740338,15.18351746182924,0.0820666049110983,19.0,0.6828282828282828,1.0
RAB8B,4,8,18.422812390585555,18.229885407453928,0.1929269831316276,19.0,0.6828282828282828,1.0
NUP35,4,8,15.077376427899742,15.2119127405575,-0.13453631265775812,13.0,0.6828282828282828,1.0
NTPCR,4,8,16.006370960874662,16.11530473817752,-0.10893377730285891,13.0,0.6828282828282828,1.0
P4HA1,4,8,14.604935103569765,15.019533773567527,-0.41459866999776196,13.0,0.6828282828282828,1.0
ITPR3,4,8,14.407404429237468,14.272893170515554,0.13451125872191483,19.0,0.6828282828282828,1.0
PDK1,4,8,15.92497118337564,16.17092839436169,-0.2459572109860524,13.0,0.6828282828282828,1.0
OAS2,4,8,15.667227353601865,15.876991543604401,-0.2097641900025362,13.0,0.6828282828282828,1.0
PELP1,4,8,17.113279198897274,17.150861738628628,-0.03758253973135339,13.0,0.6828282828282828,1.0
TRIM21,4,8,16.108186805910798,16.278900757873767,-0.1707139519629699,13.0,0.6828282828282828,1.0
MVK,4,4,12.691918262968581,12.652779008118692,0.03913925484988923,10.0,0.6857142857142857,1.0
BCR,4,4,13.03554081870358,12.824641610921171,0.21089920778240945,10.0,0.6857142857142857,1.0
AFM,4,4,15.12357668107955,14.845146675109607,0.27843000596994294,10.0,0.6857142857142857,1.0
ATP6V1B2,5,9,19.97284516909145,20.058966009293414,-0.0861208402019642,19.0,0.6993006993006993,1.0
OSTF1,5,9,17.99593748526285,18.108281811664064,-0.11234432640121383,19.0,0.6993006993006993,1.0
PSMA4,5,9,20.666312273313153,20.4511468502202,0.2151654230929516,26.0,0.6993006993006993,1.0
ANXA6,5,9,22.790476896674612,22.781881408144603,0.008595488530009021,19.0,0.6993006993006993,1.0
KRT78,5,9,24.42736144394137,24.018442658777175,0.4089187851641931,26.0,0.6993006993006993,1.0
DDOST,5,9,21.40077584189245,21.54606981989843,-0.14529397800598076,19.0,0.6993006993006993,1.0
SERPINC1,5,9,20.50702740608948,20.302005567786818,0.20502183830266318,26.0,0.6993006993006993,1.0
PSMA1,5,9,21.52592876721272,21.290736073921167,0.2351926932915518,26.0,0.6993006993006993,1.0
PSMA2,5,9,20.859242627349524,20.617457032219868,0.24178559512965592,26.0,0.6993006993006993,1.0
RPS6KA3,5,9,15.553188232981231,15.460892191661893,0.09229604131933833,26.0,0.6993006993006993,1.0
RPS3,5,9,22.15517523236584,22.239916859334716,-0.08474162696887788,19.0,0.6993006993006993,1.0
PSMA6,5,9,20.563824265430217,20.471775433118495,0.0920488323117219,26.0,0.6993006993006993,1.0
AZGP1,5,9,22.27941964882708,21.983278780839935,0.2961408679871447,26.0,0.6993006993006993,1.0
RPL26,5,9,19.50753316152332,19.296776490792045,0.2107566707312749,26.0,0.6993006993006993,1.0
HNRNPD,5,9,22.013910218879587,21.958776070702985,0.05513414817660234,26.0,0.6993006993006993,1.0
PRDX2,5,9,21.572960153825704,21.443704503175923,0.12925565064978173,26.0,0.6993006993006993,1.0
GC,5,9,21.266509080756684,21.14447576578827,0.12203331496841585,26.0,0.6993006993006993,1.0
H1-4,5,9,25.11388990691638,24.957633554014095,0.156256352902286,26.0,0.6993006993006993,1.0
HNRNPA0,5,9,19.93474549124117,19.834620916716702,0.1001245745244681,26.0,0.6993006993006993,1.0
DNAJC13,5,9,18.441265170989745,18.47361810713965,-0.03235293614990553,19.0,0.6993006993006993,1.0
HMGB1,5,9,21.409123232502708,21.368364955003816,0.040758277498891715,26.0,0.6993006993006993,1.0
ALDOC,5,9,17.71069264021324,17.986765334839657,-0.2760726946264178,19.0,0.6993006993006993,1.0
EIF4H,5,9,19.747291263542223,19.728410004400587,0.01888125914163652,26.0,0.6993006993006993,1.0
PSMB9,5,9,20.492054408358534,20.433793199987306,0.058261208371227724,26.0,0.6993006993006993,1.0
C11orf68,5,9,15.99260343421545,16.024618543738526,-0.03201510952307629,19.0,0.6993006993006993,1.0
RPL34,5,9,20.10282545394323,20.140378317276483,-0.03755286333325358,19.0,0.6993006993006993,1.0
RPL7A,5,9,21.46954252425985,21.576079849819642,-0.1065373255597919,19.0,0.6993006993006993,1.0
EHD2,5,9,19.710899298527202,19.40767261765268,0.3032266808745234,26.0,0.6993006993006993,1.0
VAT1,5,9,22.98016381368506,22.846599217042794,0.13356459664226605,26.0,0.6993006993006993,1.0
P3H1,5,9,16.94913651561837,17.113183671435877,-0.1640471558175065,19.0,0.6993006993006993,1.0
PSMA5,5,9,21.27423250447599,21.18823567963537,0.08599682484062043,26.0,0.6993006993006993,1.0
PPIA,5,9,23.192792073203908,23.323057110833517,-0.13026503762960928,19.0,0.6993006993006993,1.0
ATP5F1B,5,9,22.70059427126153,22.79985042150531,-0.09925615024378232,19.0,0.6993006993006993,1.0
SERPINB9,5,9,20.091193211962327,20.10011322113113,-0.0089200091688042,19.0,0.6993006993006993,1.0
HDLBP,5,9,19.325975643499362,19.530869168050764,-0.20489352455140164,19.0,0.6993006993006993,1.0
ALOXE3,5,9,18.53594921956607,18.594177945816416,-0.05822872625034492,19.0,0.6993006993006993,1.0
CYFIP1,5,9,19.62270656555851,19.621562570595167,0.0011439949633427204,19.0,0.6993006993006993,1.0
CORO1A,5,9,23.542565375168046,23.279335347275907,0.26323002789213845,26.0,0.6993006993006993,1.0
SEC24A,5,9,16.41884260331046,16.611078296901887,-0.192235693591428,19.0,0.6993006993006993,1.0
SEC11A,5,9,18.560922695955785,18.450294360597955,0.11062833535783057,26.0,0.6993006993006993,1.0
ARPC2,5,9,20.26636116913716,20.388866714246994,-0.12250554510983491,19.0,0.6993006993006993,1.0
LSM3,5,9,19.77574169650355,19.851391314415903,-0.07564961791235092,19.0,0.6993006993006993,1.0
OPLAH,5,9,16.658652609033773,16.91202106795178,-0.25336845891800763,19.0,0.6993006993006993,1.0
DSP,5,9,23.71926244416989,23.202824646043535,0.5164377981263542,26.0,0.6993006993006993,1.0
KNG1,5,9,18.45357636461516,18.188379305329338,0.26519705928582127,26.0,0.6993006993006993,1.0
OPA1,5,9,16.629344305084594,16.659359436553636,-0.030015131469042444,19.0,0.6993006993006993,1.0
FH,5,9,18.689896578897056,18.84305582055288,-0.15315924165582473,19.0,0.6993006993006993,1.0
PRDX1,5,9,23.91886331664491,24.007818069417223,-0.08895475277231313,19.0,0.6993006993006993,1.0
HCLS1,5,9,20.7863525812385,20.701794555230133,0.08455802600836648,19.0,0.6993006993006993,1.0
ANP32A,5,9,19.619751102120745,19.548684448584062,0.07106665353668262,26.0,0.6993006993006993,1.0
MACROH2A1,5,9,21.30639307147453,21.415538625622617,-0.10914555414808547,19.0,0.6993006993006993,1.0
ARPC4,5,9,22.7044184134847,22.640409502742127,0.06400891074257231,19.0,0.6993006993006993,1.0
PSMD12,5,9,17.374871029467243,17.455608816707162,-0.08073778723991865,19.0,0.6993006993006993,1.0
WDR1,5,9,21.052531569578683,21.062736358784896,-0.01020478920621315,26.0,0.6993006993006993,1.0
ACTB,5,9,27.818692880920196,27.765182827201848,0.05351005371834816,26.0,0.6993006993006993,1.0
MVP,5,9,19.861581785254568,19.95290176041395,-0.09131997515938295,19.0,0.6993006993006993,1.0
SEPTIN11,5,9,18.131929610425093,18.335103979399793,-0.20317436897470031,19.0,0.6993006993006993,1.0
UBA7,5,9,16.376703932256042,16.487184455689572,-0.11048052343353021,19.0,0.6993006993006993,1.0
RTN4,5,9,21.039135727653388,21.16118841324377,-0.12205268559038274,19.0,0.6993006993006993,1.0
TKT,5,9,21.75275812774639,21.746712580732645,0.006045547013744823,19.0,0.6993006993006993,1.0
FN1,5,9,23.107163854842028,23.103336634873937,0.0038272199680911,26.0,0.6993006993006993,1.0
ATP6V1G1,5,9,18.76935143806418,18.70717943406035,0.062172004003830494,26.0,0.6993006993006993,1.0
SELENOH,5,9,18.692223060664848,18.562368293907667,0.12985476675718033,26.0,0.6993006993006993,1.0
ATP6V1E1,5,9,20.171775173840704,20.13494821484363,0.03682695899707511,26.0,0.6993006993006993,1.0
SELENBP1,5,9,19.07807845915463,19.185428314051528,-0.10734985489689919,19.0,0.6993006993006993,1.0
DSG1,5,9,23.304971790404984,22.815074306587015,0.4898974838179697,26.0,0.6993006993006993,1.0
S100A11,5,9,21.458336708036587,21.65980007172162,-0.2014633636850327,19.0,0.6993006993006993,1.0
XAB2,5,9,16.174511233860795,16.267158123489704,-0.09264688962890943,19.0,0.6993006993006993,1.0
EFHD2,5,9,18.54154600871106,18.66986358534936,-0.12831757663830246,19.0,0.6993006993006993,1.0
DNPH1,5,9,18.773275795599044,18.89068477950176,-0.11740898390271681,19.0,0.6993006993006993,1.0
TAGLN,5,9,20.453611044974416,20.76785849612576,-0.31424745115134556,19.0,0.6993006993006993,1.0
RASAL3,5,9,16.634530860627574,16.711509826837602,-0.07697896621002798,19.0,0.6993006993006993,1.0
PIGR,5,9,19.75037533478956,19.253742657185118,0.49663267760444185,26.0,0.6993006993006993,1.0
PARP1,5,9,21.163143897360023,21.23016375056075,-0.06701985320072623,19.0,0.6993006993006993,1.0
CTSA,5,9,19.383354396660856,19.124505990763655,0.2588484058972007,26.0,0.6993006993006993,1.0
LSP1,5,9,19.73840605584701,19.557930094751747,0.18047596109526154,26.0,0.6993006993006993,1.0
ACOT1,5,9,16.412418865013695,16.511297486665327,-0.09887862165163241,19.0,0.6993006993006993,1.0
NCKAP1,5,9,18.036452041619626,18.29726353894035,-0.2608114973207236,19.0,0.6993006993006993,1.0
PTPRK,5,9,14.826704546052735,15.034982830108056,-0.20827828405532145,19.0,0.6993006993006993,1.0
RPL12,5,9,21.564311544751227,21.610769925064897,-0.04645838031366978,19.0,0.6993006993006993,1.0
TOP2B,5,9,17.241214007533223,17.376781365885517,-0.1355673583522936,19.0,0.6993006993006993,1.0
CHTOP,5,9,18.90831631146905,18.838328429266376,0.06998788220267471,26.0,0.6993006993006993,1.0
DYNC1I2,5,9,18.696245615940626,18.797097850636348,-0.10085223469572213,19.0,0.6993006993006993,1.0
RBM3,5,9,21.24974659970399,21.41365295529419,-0.16390635559019984,19.0,0.6993006993006993,1.0
SNX3,5,9,18.36149484006567,18.54576633289051,-0.18427149282483768,19.0,0.6993006993006993,1.0
YWHAB,5,9,21.0364364794194,21.0842316706654,-0.04779519124599929,19.0,0.6993006993006993,1.0
PTPN11,5,9,17.622601239298714,17.526230235166352,0.09637100413236155,26.0,0.6993006993006993,1.0
RAN,5,9,20.956629967539133,21.150138061232965,-0.1935080936938327,19.0,0.6993006993006993,1.0
GRB2,5,9,21.102281119031993,20.763128701163822,0.33915241786817063,26.0,0.6993006993006993,1.0
ELMO1,5,9,18.60002251044891,18.445552649650793,0.1544698607981161,19.0,0.6993006993006993,1.0
APOD,5,9,19.12814329559665,18.951274357874365,0.1768689377222863,26.0,0.6993006993006993,1.0
NIPSNAP2,5,9,20.647166111061885,20.640890142853355,0.006275968208530713,19.0,0.6993006993006993,1.0
CAP1,5,9,22.008538575673008,21.96646853289064,0.04207004278236681,26.0,0.6993006993006993,1.0
COPS5,5,9,16.967729088262352,16.798890133152,0.16883895511035263,26.0,0.6993006993006993,1.0
RAD23B,5,9,19.081837941091546,19.13914808311839,-0.057310142026842925,19.0,0.6993006993006993,1.0
QSOX1,5,9,17.455410811595605,17.281428300835007,0.17398251076059879,26.0,0.6993006993006993,1.0
SRRM2,5,9,19.934621193974724,20.051911491776707,-0.11729029780198275,19.0,0.6993006993006993,1.0
NCCRP1,5,9,21.43536521932339,21.1625138749547,0.2728513443686893,26.0,0.6993006993006993,1.0
SRM,5,9,18.62712505358681,18.78683707866616,-0.1597120250793509,19.0,0.6993006993006993,1.0
NID2,5,9,17.838343810740653,17.868006784509387,-0.02966297376873328,26.0,0.6993006993006993,1.0
PHB1,5,9,21.551212498195447,21.555566771363754,-0.0043542731683068325,19.0,0.6993006993006993,1.0
RALA,5,9,17.38889681704914,17.14951362094738,0.23938319610175895,26.0,0.6993006993006993,1.0
AKR1B1,5,9,18.923835517072824,18.974823914417627,-0.05098839734480265,19.0,0.6993006993006993,1.0
SSR1,5,9,20.189545368161177,20.346834510725696,-0.15728914256451887,19.0,0.6993006993006993,1.0
GSR,5,9,18.01443652212884,18.132256851867883,-0.11782032973904322,19.0,0.6993006993006993,1.0
ARF6,5,9,18.876330964910125,18.81801961213302,0.05831135277710331,26.0,0.6993006993006993,1.0
RBMX,5,9,21.535299523466207,21.556036364704,-0.020736841237791737,19.0,0.6993006993006993,1.0
ETFB,5,9,18.12488807760173,18.214363503333388,-0.08947542573165634,19.0,0.6993006993006993,1.0
LAMC1,5,9,19.90476438860255,20.134131738935686,-0.22936735033313482,19.0,0.6993006993006993,1.0
HNRNPK,5,9,22.541924586776624,22.685087147263243,-0.14316256048661913,19.0,0.6993006993006993,1.0
GGCT,5,9,20.570600402694403,20.30995616611212,0.26064423658228364,26.0,0.6993006993006993,1.0
EFEMP1,5,9,17.017194115430307,17.18369223707832,-0.16649812164801148,19.0,0.6993006993006993,1.0
KRT10,5,9,30.115236053655877,29.708574625410993,0.4066614282448846,26.0,0.6993006993006993,1.0
BOLA2,5,9,17.656640540702927,17.76882532329275,-0.11218478258982145,19.0,0.6993006993006993,1.0
RHOA,5,9,21.050636933364682,21.179251604928933,-0.12861467156425022,19.0,0.6993006993006993,1.0
EIF5,5,9,17.328808915052527,17.41689493429052,-0.08808601923799486,19.0,0.6993006993006993,1.0
RBM8A,5,9,18.201616009714733,18.270965224050205,-0.06934921433547103,19.0,0.6993006993006993,1.0
AFDN,5,9,17.949184023714935,17.85241092345297,0.09677310026196295,26.0,0.6993006993006993,1.0
AHCY,5,9,20.531184074706026,20.65185515180238,-0.12067107709635394,19.0,0.6993006993006993,1.0
TGM3,5,9,21.651802034769688,21.185065353891762,0.46673668087792564,26.0,0.6993006993006993,1.0
MCCC1,5,9,16.363800574628858,16.229361600228614,0.13443897440024344,26.0,0.6993006993006993,1.0
APOA1,5,9,21.33840430305779,21.055552740492953,0.28285156256483646,26.0,0.6993006993006993,1.0
PSPC1,5,9,18.728510520811685,18.723111551225884,0.005398969585801439,19.0,0.6993006993006993,1.0
ALDH1A1,5,9,20.23902095048406,20.01237641639598,0.22664453408808072,26.0,0.6993006993006993,1.0
DDX47,5,9,15.513600013555536,15.385829671147611,0.12777034240792418,26.0,0.6993006993006993,1.0
SNRPE,5,9,19.615455444601423,19.55213358651518,0.06332185808624402,26.0,0.6993006993006993,1.0
KRT19,5,9,24.605044691405176,24.579228864476633,0.025815826928543117,26.0,0.6993006993006993,1.0
STAT5A,5,9,15.661764085695783,15.808990489429865,-0.14722640373408247,19.0,0.6993006993006993,1.0
PLBD1,5,9,19.561984190842104,19.222348293096626,0.3396358977454774,26.0,0.6993006993006993,1.0
UBE2D3,5,9,17.349748064635172,17.47010237697558,-0.12035431234040672,19.0,0.6993006993006993,1.0
CTSG,5,9,19.6871922230415,19.913198659883967,-0.2260064368424679,19.0,0.6993006993006993,1.0
APOA4,5,9,19.159830495158555,18.958219853906137,0.2016106412524188,26.0,0.6993006993006993,1.0
HSP90AB2P,3,3,19.946842524264582,20.04806091645968,-0.1012183921950971,3.0,0.7,1.0
TRPV2,3,3,15.07872632519278,14.960243255548605,0.1184830696441761,6.0,0.7,1.0
CA3,3,3,16.759625781081084,15.489508233211842,1.2701175478692424,6.0,0.7,1.0
NAGA,4,9,15.48648659082394,15.637063397062683,-0.15057680623874248,15.0,0.7104895104895105,1.0
EBNA1BP2,4,9,16.863209174603067,16.955690621421798,-0.09248144681873072,21.0,0.7104895104895105,1.0
RAB35,4,9,18.129484248847525,18.214533178876675,-0.08504893002914926,15.0,0.7104895104895105,1.0
USP11,4,9,14.171447224073113,14.009367952018076,0.16207927205503658,21.0,0.7104895104895105,1.0
BROX,4,9,15.30975887429743,15.207960183112,0.10179869118542939,21.0,0.7104895104895105,1.0
CYC1,4,9,16.731284533498286,16.70261659159355,0.028667941904735983,15.0,0.7104895104895105,1.0
ZC3HAV1,4,9,16.717793623884837,16.785509736875486,-0.06771611299064872,15.0,0.7104895104895105,1.0
NADSYN1,4,9,17.444160480479947,17.146373190862512,0.2977872896174354,21.0,0.7104895104895105,1.0
TXNDC12,4,9,16.348797375642274,16.248907937087452,0.09988943855482191,21.0,0.7104895104895105,1.0
MRE11,4,9,19.730365878252314,19.756597552290593,-0.02623167403827864,15.0,0.7104895104895105,1.0
AGO2,4,9,15.269548766333566,15.00410304206051,0.26544572427305546,21.0,0.7104895104895105,1.0
RPL37A,4,9,13.383197434743938,13.52687035440537,-0.14367291966143192,15.0,0.7104895104895105,1.0
GLB1,4,9,16.972446340886613,16.75728760060854,0.21515874027807413,21.0,0.7104895104895105,1.0
AQR,4,9,16.620952536420152,16.649952460356587,-0.02899992393643558,15.0,0.7104895104895105,1.0
RANGAP1,4,9,16.940238003962577,16.995157215781887,-0.054919211819310476,15.0,0.7104895104895105,1.0
GAR1,4,9,15.75388048365868,15.775606801715425,-0.02172631805674463,15.0,0.7104895104895105,1.0
TUBG1,4,9,17.107720088019853,17.039738892837534,0.06798119518231971,15.0,0.7104895104895105,1.0
DYNLL1,4,9,16.72339465721712,16.59056866909375,0.13282598812337199,21.0,0.7104895104895105,1.0
FKBP2,4,9,17.310066285856884,17.417911307108255,-0.10784502125137152,15.0,0.7104895104895105,1.0
FLAD1,4,9,17.318619911395984,17.400748428129152,-0.08212851673316734,15.0,0.7104895104895105,1.0
TOLLIP,4,9,17.994213451511854,17.623438639490825,0.370774812021029,21.0,0.7104895104895105,1.0
PRPS1,4,9,16.007099265958427,16.071933731597372,-0.06483446563894546,15.0,0.7104895104895105,1.0
PTGR1,4,9,16.37535687481986,16.406806265495746,-0.031449390675884814,21.0,0.7104895104895105,1.0
EEA1,4,9,17.41822819656776,17.24557374532183,0.17265445124592915,21.0,0.7104895104895105,1.0
CDC73,4,9,15.281875656984102,15.221179455782456,0.06069620120164565,21.0,0.7104895104895105,1.0
TECR,4,9,18.405664046540405,18.062722517701197,0.3429415288392086,21.0,0.7104895104895105,1.0
GNS,4,9,16.982155470009427,16.816605816380388,0.16554965362903928,21.0,0.7104895104895105,1.0
IFI30,4,9,18.969205118309134,19.318906398840625,-0.34970128053149097,15.0,0.7104895104895105,1.0
UFD1,4,9,17.02555989591339,16.978031983007455,0.0475279129059345,21.0,0.7104895104895105,1.0
ABCD1,4,9,16.201338199607417,16.372247920966405,-0.17090972135898852,15.0,0.7104895104895105,1.0
IPO7,4,9,16.56912234360319,16.629610235154857,-0.06048789155166645,15.0,0.7104895104895105,1.0
HLA-DRB4,4,9,18.707893643383144,18.473201469993295,0.23469217338984905,21.0,0.7104895104895105,1.0
SGSH,4,9,19.020123850305595,18.79620962446108,0.22391422584451348,21.0,0.7104895104895105,1.0
STRAP,4,9,17.70921115027156,17.8607063258729,-0.1514951756013403,15.0,0.7104895104895105,1.0
AHCYL1,4,9,17.790199836445403,17.760878136252924,0.029321700192479483,21.0,0.7104895104895105,1.0
CYTH1,4,9,16.89733850631344,16.992784616333406,-0.09544611001996728,15.0,0.7104895104895105,1.0
IPO4,4,9,16.952045821486468,17.007587155863824,-0.05554133437735587,15.0,0.7104895104895105,1.0
PITHD1,4,9,15.902734676768805,15.70348849684904,0.1992461799197649,21.0,0.7104895104895105,1.0
PKP3,4,9,17.123297021799342,17.165348814574394,-0.042051792775051666,15.0,0.7104895104895105,1.0
CKAP5,4,9,19.335760403819755,19.366166531264987,-0.0304061274452323,15.0,0.7104895104895105,1.0
NRM,4,9,15.979663344558151,15.929297618967029,0.05036572559112251,15.0,0.7104895104895105,1.0
UBQLN4,4,9,17.854704526138782,17.950396886638398,-0.0956923604996156,15.0,0.7104895104895105,1.0
EPHX2,4,9,14.556751967358435,14.7110406512036,-0.1542886838451647,15.0,0.7104895104895105,1.0
NIBAN2,4,9,19.088711684276184,19.137383371460405,-0.04867168718422121,21.0,0.7104895104895105,1.0
NUDT5,4,9,17.985763877086345,17.88201072206457,0.10375315502177429,21.0,0.7104895104895105,1.0
SMARCC2,4,9,18.11945008880031,18.200576158948408,-0.08112607014809825,15.0,0.7104895104895105,1.0
MTHFD1L,4,9,15.191944516092327,15.289510896181156,-0.09756638008882845,15.0,0.7104895104895105,1.0
BCAS2,4,9,17.623443118752824,17.660384614349258,-0.03694149559643378,15.0,0.7104895104895105,1.0
HDHD2,4,9,15.769264875286058,16.034547747070537,-0.2652828717844784,15.0,0.7104895104895105,1.0
AIMP1,4,9,17.26800974505925,17.42054930269778,-0.15253955763853,15.0,0.7104895104895105,1.0
MTA2,4,9,17.454072544522457,17.492036476031203,-0.03796393150874522,15.0,0.7104895104895105,1.0
DFFA,4,9,16.593421894109905,16.644258486368837,-0.050836592258932,15.0,0.7104895104895105,1.0
DIABLO,4,9,20.02295099061631,19.98444074056998,0.03851025004632902,21.0,0.7104895104895105,1.0
COL4A1,4,9,18.12363824112174,18.24847268235112,-0.12483444122938181,15.0,0.7104895104895105,1.0
ZNF326,4,9,16.28093948896847,16.25449682129601,0.026442667672462505,21.0,0.7104895104895105,1.0
IMPDH1,4,9,14.967379125697457,15.05783277838605,-0.09045365268859307,15.0,0.7104895104895105,1.0
PMM2,4,9,19.162938349586824,19.30850776354741,-0.14556941396058676,15.0,0.7104895104895105,1.0
ACSL3,4,9,15.053008780287188,15.201115444608085,-0.14810666432089725,15.0,0.7104895104895105,1.0
EVI2B,3,6,13.422963601191244,13.474980575200682,-0.0520169740094385,7.0,0.7142857142857142,1.0
TASOR,3,6,12.882449098282757,12.881495877781747,0.0009532205010103212,7.0,0.7142857142857142,1.0
PSTPIP1,3,6,12.455124817233525,12.176496536140194,0.27862828109333115,11.0,0.7142857142857142,1.0
GUCY1B1,3,6,12.077273607027697,12.02826220827365,0.04901139875404681,7.0,0.7142857142857142,1.0
NFATC2IP,3,6,12.875475777339426,12.639171022223278,0.2363047551161479,11.0,0.7142857142857142,1.0
SYNPO,3,6,13.525842112139438,13.293036533379889,0.23280557875954955,11.0,0.7142857142857142,1.0
MTMR6,3,6,15.189371424084433,15.28148626233324,-0.09211483824880773,7.0,0.7142857142857142,1.0
CCDC115,3,6,14.99652887963468,14.72738345858326,0.2691454210514195,11.0,0.7142857142857142,1.0
WARS2,3,6,14.298656217588487,14.447843445483139,-0.149187227894652,7.0,0.7142857142857142,1.0
CARD16,3,6,15.146084504718731,14.796769143863118,0.34931536085561277,11.0,0.7142857142857142,1.0
SLC2A1,3,6,17.298573007583176,17.277725230375218,0.020847777207958273,11.0,0.7142857142857142,1.0
NISCH,3,6,11.996360778918428,11.750533112143458,0.2458276667749697,11.0,0.7142857142857142,1.0
WDR26,3,6,13.306103539040308,13.419797195991215,-0.1136936569509075,7.0,0.7142857142857142,1.0
ACSS2,3,6,15.03406823533814,15.305247590461525,-0.271179355123385,7.0,0.7142857142857142,1.0
SDSL,3,6,14.931250486321035,14.662636211686374,0.26861427463466114,11.0,0.7142857142857142,1.0
LSM14A,3,6,17.131206113855765,16.962174271647893,0.16903184220787182,11.0,0.7142857142857142,1.0
NTHL1,3,6,12.490867737890033,12.339283656961387,0.15158408092864661,11.0,0.7142857142857142,1.0
COMP,3,6,16.187996292190434,15.67210458589065,0.515891706299783,11.0,0.7142857142857142,1.0
RAP2B,5,8,16.619956737140075,16.55879251881031,0.06116421832976471,23.0,0.7241647241647241,1.0
NUP54,5,8,15.49002024612752,15.518798893377369,-0.028778647249849243,17.0,0.7241647241647241,1.0
UBTF,5,8,17.144904418178584,17.235071232360955,-0.09016681418237127,17.0,0.7241647241647241,1.0
LRP1,5,8,16.91393229308533,16.979869221467816,-0.06593692838248444,17.0,0.7241647241647241,1.0
IGKV1-5,5,8,18.580704996503936,18.67624683319891,-0.09554183669497363,17.0,0.7241647241647241,1.0
HLA-DOA,5,8,17.117539905832174,17.060621607807047,0.05691829802512771,23.0,0.7241647241647241,1.0
C1R,5,8,18.90446883534643,18.88463479541653,0.019834039929900626,17.0,0.7241647241647241,1.0
FDXR,5,8,16.846144142275136,16.88738293218009,-0.041238789904952,17.0,0.7241647241647241,1.0
GNG5,5,8,17.479017062706525,17.09550665146716,0.3835104112393637,23.0,0.7241647241647241,1.0
AASDHPPT,5,8,15.573225582451945,15.59604585459113,-0.02282027213918525,17.0,0.7241647241647241,1.0
CPVL,5,8,15.774154827858927,16.042490316093435,-0.2683354882345075,17.0,0.7241647241647241,1.0
MYH11,5,8,18.486835432866023,18.817288935092698,-0.3304535022266748,17.0,0.7241647241647241,1.0
APOH,5,8,18.421267123960583,18.528266457258837,-0.10699933329825484,17.0,0.7241647241647241,1.0
HLA-H,5,8,16.772092432584486,16.800786090831895,-0.028693658247409104,17.0,0.7241647241647241,1.0
POLDIP2,5,8,15.927496639682335,15.99850195792723,-0.07100531824489487,17.0,0.7241647241647241,1.0
MRC2,5,8,16.148206211485846,16.16707258595089,-0.0188663744650448,17.0,0.7241647241647241,1.0
LACRT,5,8,19.732558269456643,19.159524719871815,0.573033549584828,23.0,0.7241647241647241,1.0
MARK2,5,8,15.865132085847662,16.078479394718645,-0.21334730887098274,17.0,0.7241647241647241,1.0
GM2A,5,8,16.832846927021283,16.86379060904579,-0.030943682024506813,23.0,0.7241647241647241,1.0
VWF,5,8,17.007972302255915,16.837658008856124,0.17031429339979098,23.0,0.7241647241647241,1.0
DPM3,5,8,17.29869757990733,17.392723579668658,-0.0940259997613282,17.0,0.7241647241647241,1.0
EXOSC9,5,8,15.135826667781505,14.990596894255535,0.1452297735259691,23.0,0.7241647241647241,1.0
PRPF40A,5,8,16.82776259460858,16.883406198076884,-0.05564360346830455,17.0,0.7241647241647241,1.0
TSPO,5,8,19.649215989931957,19.834296044616885,-0.18508005468492783,17.0,0.7241647241647241,1.0
VWA5A,5,8,17.532761069999303,17.558015902013622,-0.025254832014319106,17.0,0.7241647241647241,1.0
F13A1,5,8,18.630833247526486,18.315848287979158,0.31498495954732775,23.0,0.7241647241647241,1.0
F2,5,8,18.238854286744093,18.00620934202826,0.2326449447158332,23.0,0.7241647241647241,1.0
CRK,3,9,17.54709355822906,17.412703937367663,0.13438962086139838,16.0,0.7272727272727273,1.0
PLA2G4E,3,9,15.973483574698555,15.309235145004585,0.6642484296939699,16.0,0.7272727272727273,1.0
PTRH2,3,9,16.71165110981491,16.60151026220138,0.11014084761352905,16.0,0.7272727272727273,1.0
TBL1XR1,3,9,16.72996418008552,16.683206657474184,0.04675752261133681,16.0,0.7272727272727273,1.0
MAP7D1,3,9,16.40145591176718,16.44484405260341,-0.04338814083623177,16.0,0.7272727272727273,1.0
HSPBP1,3,9,16.346920090883543,16.422298794550326,-0.07537870366678234,11.0,0.7272727272727273,1.0
PFKFB2,3,9,15.053586320235171,14.91915998762395,0.1344263326112216,11.0,0.7272727272727273,1.0
HOOK3,3,9,14.103504621868701,14.31246380026445,-0.20895917839574807,11.0,0.7272727272727273,1.0
ARMC10,3,9,15.608232214002072,15.805995902848382,-0.1977636888463099,11.0,0.7272727272727273,1.0
MIOS,3,9,13.148058571246144,12.903729129154893,0.24432944209125118,16.0,0.7272727272727273,1.0
TLE3,3,9,15.502470696532109,15.694333964810154,-0.19186326827804479,11.0,0.7272727272727273,1.0
CHKB,3,9,15.501553787225541,15.6480622511411,-0.14650846391555916,11.0,0.7272727272727273,1.0
AHCTF1,3,9,14.481493029287636,14.553881051840058,-0.07238802255242227,11.0,0.7272727272727273,1.0
SIAE,3,9,16.55176666083904,16.935306031423252,-0.38353937058421295,11.0,0.7272727272727273,1.0
NUP214,3,9,18.796992126697102,18.707317163319345,0.08967496337775671,16.0,0.7272727272727273,1.0
AGPAT5,4,5,15.827239771019912,15.93446138523721,-0.10722161421729837,8.0,0.7301587301587302,1.0
RABGEF1,4,5,11.398757616280026,11.310548349910324,0.08820926636970228,12.0,0.7301587301587302,1.0
NPC2,4,5,14.540008932277699,14.523517666208104,0.016491266069595056,12.0,0.7301587301587302,1.0
AKT2,4,5,14.07898448011727,14.100181941227174,-0.02119746110990306,12.0,0.7301587301587302,1.0
F9,5,7,14.951851527415595,14.920407257055317,0.03144427036027864,20.0,0.7550505050505051,1.0
RABIF,4,6,14.972158270696712,14.864430934124941,0.10772733657177014,10.0,0.7619047619047619,1.0
MMGT1,4,6,15.722031422893696,15.542320530056765,0.17971089283693154,14.0,0.7619047619047619,1.0
PALD1,4,6,14.204739343599268,14.343124912395156,-0.13838556879588815,10.0,0.7619047619047619,1.0
CCT6B,4,6,19.34202742345237,18.2729992744809,1.0690281489714728,10.0,0.7619047619047619,1.0
CARD11,3,8,12.684192748484728,13.006290597948157,-0.3220978494634288,10.0,0.7757575757575759,1.0
PPP1R13L,3,8,15.41383185580194,15.486536382964573,-0.07270452716263343,10.0,0.7757575757575759,1.0
TFCP2,3,8,15.616118125234857,15.801785321485397,-0.18566719625053985,10.0,0.7757575757575759,1.0
GRPEL1,3,8,17.389662909645526,17.351257183022806,0.03840572662272024,14.0,0.7757575757575759,1.0
HAT1,3,8,16.545818399724514,16.424049528562726,0.12176887116178747,14.0,0.7757575757575759,1.0
PXDN,3,8,14.06248659500658,13.984499783020963,0.07798681198561752,10.0,0.7757575757575759,1.0
CTR9,3,8,14.577503136206824,14.479475627243964,0.0980275089628595,14.0,0.7757575757575759,1.0
IWS1,3,8,12.751252109002555,12.801780226692145,-0.050528117689589536,14.0,0.7757575757575759,1.0
TRIM29,3,8,16.194143765492083,16.025800595661728,0.16834316983035436,14.0,0.7757575757575759,1.0
KRT82,3,8,18.103066214464366,18.148947001496452,-0.04588078703208609,14.0,0.7757575757575759,1.0
MRPL38,3,8,15.685287866091246,15.71035444108422,-0.02506657499297482,10.0,0.7757575757575759,1.0
TINCR,3,8,17.06678510577962,16.304107985020323,0.762677120759296,14.0,0.7757575757575759,1.0
INTS1,3,8,15.301042180841767,15.211085518505598,0.08995666233616895,14.0,0.7757575757575759,1.0
SUMO1,3,8,17.624321954994773,17.44274303029957,0.1815789246952022,14.0,0.7757575757575759,1.0
WDR82,3,8,17.66207538708827,17.56820506315951,0.09387032392875838,10.0,0.7757575757575759,1.0
DNASE2,3,8,17.260270231491315,17.524217602664624,-0.2639473711733089,10.0,0.7757575757575759,1.0
PPP6C,3,8,14.823668403352054,14.805680430488449,0.01798797286360454,10.0,0.7757575757575759,1.0
SBNO1,3,8,13.890955253315829,13.722691327629462,0.16826392568636628,14.0,0.7757575757575759,1.0
SSR3,3,8,17.523776661271636,17.47479425604459,0.04898240522704711,14.0,0.7757575757575759,1.0
KDSR,3,8,15.288080980399391,15.12900236976428,0.15907861063511142,14.0,0.7757575757575759,1.0
RHOT1,3,8,14.000704554758562,14.077089208212168,-0.07638465345360679,10.0,0.7757575757575759,1.0
TBC1D9B,3,8,14.581397360425298,14.728071338514287,-0.1466739780889892,10.0,0.7757575757575759,1.0
MAN2B2,3,8,17.457630887220347,17.29257310597636,0.16505778124398773,10.0,0.7757575757575759,1.0
CAMK1D,3,8,14.823899902182134,14.783829948111043,0.040069954071091374,14.0,0.7757575757575759,1.0
EXOSC3,3,8,16.518817781300715,16.684715472492492,-0.16589769119177689,10.0,0.7757575757575759,1.0
MRTO4,3,8,15.179896680297967,15.140361699977568,0.039534980320398816,14.0,0.7757575757575759,1.0
ARFGAP3,3,8,15.303275856951677,15.386139999589744,-0.0828641426380674,10.0,0.7757575757575759,1.0
FGD2,3,8,16.09402285519342,15.924525957368354,0.1694968978250646,14.0,0.7757575757575759,1.0
NLRX1,3,8,14.392983848267251,14.421127256892067,-0.02814340862481579,14.0,0.7757575757575759,1.0
PNKP,3,8,17.231896903033185,17.114413675316186,0.11748322771699904,14.0,0.7757575757575759,1.0
ALKBH5,3,8,14.474620376721939,14.919584793195924,-0.44496441647398477,10.0,0.7757575757575759,1.0
PTPN12,3,8,14.59673511129832,14.664767166484955,-0.06803205518663447,10.0,0.7757575757575759,1.0
CWF19L1,3,8,14.488331340987346,14.516762610721287,-0.028431269733941278,14.0,0.7757575757575759,1.0
MDC1,3,8,15.113652235203368,15.071069660454576,0.04258257474879201,14.0,0.7757575757575759,1.0
DIP2B,3,8,15.86099367177546,15.685067742183982,0.1759259295914788,14.0,0.7757575757575759,1.0
TOR4A,3,8,13.13896421218456,12.869011069110037,0.2699531430745221,14.0,0.7757575757575759,1.0
GOLGA7,3,8,13.878393005850496,13.728333507540626,0.15005949830987042,14.0,0.7757575757575759,1.0
DENND4B,3,8,13.32268553210461,13.081609453070786,0.24107607903382267,14.0,0.7757575757575759,1.0
AP3D1,3,8,16.608564133147194,16.501775393341752,0.10678873980544168,14.0,0.7757575757575759,1.0
RBM5,3,8,14.78920810013325,14.788215599034544,0.0009925010987057448,14.0,0.7757575757575759,1.0
STRBP,3,8,14.266532911647289,14.432161475070664,-0.1656285634233754,10.0,0.7757575757575759,1.0
APOC3,3,5,16.858151324602122,16.542101631932987,0.31604969266913585,9.0,0.7857142857142857,1.0
SPRR1B,3,5,20.608293030175798,19.334085447578264,1.2742075825975334,9.0,0.7857142857142857,1.0
PHPT1,3,5,13.769347712973534,14.05013164493847,-0.280783931964935,6.0,0.7857142857142857,1.0
CSRP2,3,5,12.98461697943226,13.153339188402933,-0.16872220897067258,6.0,0.7857142857142857,1.0
CFI,3,5,14.333045780482228,14.325135122138466,0.007910658343762478,9.0,0.7857142857142857,1.0
PDE4DIP,3,5,14.157641704386164,13.98280327627732,0.17483842810884376,9.0,0.7857142857142857,1.0
TFIP11,3,5,13.04491223065399,13.106355999517936,-0.061443768863945536,6.0,0.7857142857142857,1.0
STXBP1,3,5,14.636908204755818,14.50813554912651,0.12877265562930695,9.0,0.7857142857142857,1.0
SUPT4H1,3,5,16.46234008770817,16.65410639143159,-0.19176630372341918,6.0,0.7857142857142857,1.0
IFT25,3,5,14.75394017385017,14.925635484132576,-0.1716953102824057,6.0,0.7857142857142857,1.0
RAB33B,3,5,19.896645871786934,19.77992467874069,0.11672119304624218,9.0,0.7857142857142857,1.0
NEU1,3,5,13.855546170607326,14.063348534298797,-0.20780236369147076,6.0,0.7857142857142857,1.0
UBL3,3,5,13.881420084782034,14.198239086159727,-0.31681900137769325,6.0,0.7857142857142857,1.0
SENP3,3,5,13.027807771415524,13.30009989126071,-0.27229211984518464,6.0,0.7857142857142857,1.0
SAP30BP,3,5,12.162348803547722,11.9913882447462,0.1709605588015215,9.0,0.7857142857142857,1.0
SLC35A4,3,5,12.00307550887595,11.767600749660122,0.23547475921582794,9.0,0.7857142857142857,1.0
SCP2,4,7,14.6505290392918,14.791253223562977,-0.1407241842711766,12.0,0.7878787878787878,1.0
SKIC8,4,7,14.42370428378234,14.32134663449291,0.1023576492894307,16.0,0.7878787878787878,1.0
CTPS2,4,7,16.31608374725676,16.40710620000763,-0.09102245275087029,12.0,0.7878787878787878,1.0
ZBP1,4,7,14.522272715446661,14.386141883192494,0.13613083225416744,16.0,0.7878787878787878,1.0
UBQLN1,4,7,17.174980854547684,17.316873152772924,-0.1418922982252404,12.0,0.7878787878787878,1.0
CES1,4,7,14.37036685455532,14.570027652640876,-0.19966079808555648,12.0,0.7878787878787878,1.0
SERPINE2,4,7,13.572980983459033,13.406767616384329,0.1662133670747039,12.0,0.7878787878787878,1.0
SMYD5,4,7,13.683789454563533,13.781515098497563,-0.09772564393403016,12.0,0.7878787878787878,1.0
CMTR1,4,7,16.69659062879618,16.67333554323565,0.023255085560531796,16.0,0.7878787878787878,1.0
SEC62,4,7,15.713681746935698,15.674858128059482,0.03882361887621677,12.0,0.7878787878787878,1.0
ITGB5,4,7,15.437343541817855,15.26753430012578,0.16980924169207512,16.0,0.7878787878787878,1.0
UAP1,4,7,15.291237518726545,15.143968774074917,0.14726874465162787,16.0,0.7878787878787878,1.0
PPP4R1,4,7,14.308877239277408,14.279370763230064,0.029506476047343355,16.0,0.7878787878787878,1.0
GUK1,4,7,14.582102838582907,14.555272277512541,0.026830561070365633,16.0,0.7878787878787878,1.0
PITPNA,4,7,15.42492453268135,15.459130645633829,-0.03420611295247866,12.0,0.7878787878787878,1.0
CD19,4,7,13.65015986407556,13.33739347115671,0.31276639291884933,16.0,0.7878787878787878,1.0
THOC3,4,7,17.51904152960408,17.390661941334894,0.12837958826918694,16.0,0.7878787878787878,1.0
PSME4,4,7,16.015743562284257,16.092837866881897,-0.07709430459764022,12.0,0.7878787878787878,1.0
CDA,5,6,16.647052288359504,17.063897233089875,-0.4168449447303715,13.0,0.7922077922077921,1.0
PRKACB,5,6,15.310586075901409,15.242593926588775,0.06799214931263364,13.0,0.7922077922077921,1.0
RPL35,5,9,20.23765312623731,20.29166206679281,-0.05400894055550154,25.0,0.7972027972027972,1.0
RPL35A,5,9,20.584901900817094,20.64605221555755,-0.061150314740455514,20.0,0.7972027972027972,1.0
RPL36,5,9,19.229279780591327,19.39164347870065,-0.16236369810932416,25.0,0.7972027972027972,1.0
PSMB7,5,9,17.015971137630714,17.064364167685042,-0.048393030054327824,20.0,0.7972027972027972,1.0
POLR2A,5,9,20.96697922851335,20.94138533525616,0.025593893257187972,20.0,0.7972027972027972,1.0
SYPL1,5,9,21.409499425165404,21.13194237776201,0.2775570474033948,20.0,0.7972027972027972,1.0
DLST,5,9,19.2543078866565,19.175691092118647,0.07861679453785086,25.0,0.7972027972027972,1.0
ARHGDIB,5,9,22.08672798859329,22.124949172919283,-0.03822118432599453,20.0,0.7972027972027972,1.0
PSMB5,5,9,18.595615067735068,18.364523186676095,0.2310918810589726,25.0,0.7972027972027972,1.0
IK,5,9,14.875078657656312,14.770014570052378,0.10506408760393349,25.0,0.7972027972027972,1.0
RPN2,5,9,19.0362705740817,19.266942053635415,-0.23067147955371325,20.0,0.7972027972027972,1.0
DNMT1,5,9,17.31049352298244,17.370896033011736,-0.06040251002929509,20.0,0.7972027972027972,1.0
AP2A1,5,9,18.533246001287683,18.510495861546456,0.02275013974122686,25.0,0.7972027972027972,1.0
CAPG,5,9,23.286620172976846,23.31574409630752,-0.029123923330672596,20.0,0.7972027972027972,1.0
CSTA,5,9,20.123149120617324,19.849212357318628,0.2739367632986962,25.0,0.7972027972027972,1.0
POSTN,5,9,26.199387472625055,25.691264879632435,0.5081225929926205,25.0,0.7972027972027972,1.0
MYO1G,5,9,17.865853580414974,17.663741919646355,0.20211166076861886,25.0,0.7972027972027972,1.0
CNN2,5,9,18.84494590064513,18.91134874427476,-0.066402843629632,20.0,0.7972027972027972,1.0
PSMC1,5,9,19.399258881864398,19.44237338033391,-0.04311449846951021,20.0,0.7972027972027972,1.0
NCEH1,5,9,18.30733809342537,18.3205154662556,-0.013177372830231349,25.0,0.7972027972027972,1.0
SERPINF1,5,9,18.43990162665233,18.209748202754017,0.23015342389831162,25.0,0.7972027972027972,1.0
CNN3,5,9,18.2663595727095,18.326877261744258,-0.06051768903475718,20.0,0.7972027972027972,1.0
TALDO1,5,9,20.270282707459682,20.238021313834594,0.032261393625088175,25.0,0.7972027972027972,1.0
RNPEP,5,9,19.237119282346555,19.197246601060797,0.039872681285757494,25.0,0.7972027972027972,1.0
COX4I1,5,9,18.798597547346347,18.85072900508268,-0.05213145773633343,20.0,0.7972027972027972,1.0
ATP5PB,5,9,19.302295883668336,19.307848419163825,-0.005552535495489508,20.0,0.7972027972027972,1.0
GFM1,5,9,17.94620049904284,18.083270692949384,-0.1370701939065455,20.0,0.7972027972027972,1.0
NAP1L1,5,9,20.955130464541796,20.96404904698139,-0.008918582439594758,20.0,0.7972027972027972,1.0
RPA1,5,9,19.164914005733237,19.341074223100552,-0.1761602173673147,20.0,0.7972027972027972,1.0
GET3,5,9,19.826964899435175,19.87929234379895,-0.05232744436377601,20.0,0.7972027972027972,1.0
RPL11,5,9,20.466344827458617,20.574861239584713,-0.10851641212609664,20.0,0.7972027972027972,1.0
POFUT1,5,9,15.983248603707342,15.95145221420857,0.03179638949877095,25.0,0.7972027972027972,1.0
CPA4,5,9,20.634745012853124,20.16911084485086,0.4656341680022642,25.0,0.7972027972027972,1.0
LAMB1,5,9,17.58119431305132,17.679459158328243,-0.09826484527692259,20.0,0.7972027972027972,1.0
ALDH7A1,5,9,19.209002546738805,19.155927389509756,0.0530751572290491,25.0,0.7972027972027972,1.0
RPL21,5,9,18.821204335669986,19.03393069684097,-0.21272636117098287,20.0,0.7972027972027972,1.0
SIPA1,5,9,16.96913124636753,16.96315866749631,0.005972578871222822,20.0,0.7972027972027972,1.0
TRA2A,5,9,19.802441500992575,19.731095142269847,0.0713463587227281,25.0,0.7972027972027972,1.0
HNRNPA3,5,9,21.47585910560678,21.516414540611642,-0.040555435004861806,20.0,0.7972027972027972,1.0
RPL27,5,9,22.12075954445561,22.066680355263884,0.05407918919172516,25.0,0.7972027972027972,1.0
GCA,5,9,16.18091835663298,16.36032696605271,-0.17940860941973114,20.0,0.7972027972027972,1.0
RPL29,5,9,20.47807094541664,20.509756307473666,-0.03168536205702566,20.0,0.7972027972027972,1.0
THBS1,5,9,21.11128020411956,21.088089845125438,0.02319035899412114,20.0,0.7972027972027972,1.0
RPL13,5,9,22.43064322152086,22.532505311358722,-0.10186208983786216,20.0,0.7972027972027972,1.0
H2BC12;H2BC14;H2BC15;H2BC18;H2BC4;H2BC5;H2BC9,5,9,24.018534018200477,23.94829015364913,0.07024386455134746,25.0,0.7972027972027972,1.0
GANAB,5,9,21.217765757470275,21.35439947980923,-0.13663372233895643,20.0,0.7972027972027972,1.0
PPID,5,9,17.463445601249134,17.403940429067024,0.059505172182110044,25.0,0.7972027972027972,1.0
AGO1,5,9,15.18435931735992,15.081494914209856,0.10286440315006473,20.0,0.7972027972027972,1.0
S100A16,5,9,20.065811806678603,20.319277050047155,-0.25346524336855225,20.0,0.7972027972027972,1.0
SDR9C7,5,9,21.17172097204869,20.833146422215044,0.33857454983364477,25.0,0.7972027972027972,1.0
CSK,5,9,18.74362881184453,18.587308410273256,0.15632040157127491,25.0,0.7972027972027972,1.0
FLG2,5,9,25.096272028832555,24.846712681208814,0.249559347623741,25.0,0.7972027972027972,1.0
CD74,5,9,20.056601984106788,19.870940870743382,0.1856611133634054,20.0,0.7972027972027972,1.0
S100A9,5,9,23.865161624257034,23.69527354123301,0.16988808302402347,25.0,0.7972027972027972,1.0
ANP32B,5,9,19.154002742825703,19.150649389206862,0.0033533536188414814,20.0,0.7972027972027972,1.0
KRT80,5,9,21.318237192505098,21.124926092509593,0.19331109999550478,25.0,0.7972027972027972,1.0
SAMHD1,5,9,20.597639085231748,20.716513283624934,-0.11887419839318625,20.0,0.7972027972027972,1.0
PRKCSH,5,9,19.27546199052718,19.500923542491066,-0.2254615519638854,20.0,0.7972027972027972,1.0
ACADVL,5,9,19.38908281968982,19.439420961959375,-0.05033814226955613,20.0,0.7972027972027972,1.0
PDCD4,5,9,20.013548588215663,20.004048813364296,0.009499774851366993,20.0,0.7972027972027972,1.0
EIF3G,5,9,19.99585226903053,20.01451404948621,-0.018661780455680343,25.0,0.7972027972027972,1.0
SARNP,5,9,18.85236818144562,18.99896619738502,-0.14659801593940003,20.0,0.7972027972027972,1.0
ABHD11,5,9,18.496328919639172,18.607441474125785,-0.11111255448661339,20.0,0.7972027972027972,1.0
SART3,5,9,19.0626602732563,19.071401299690777,-0.008741026434478272,20.0,0.7972027972027972,1.0
FIP1L1,5,9,17.285795477562072,17.35125055642444,-0.06545507886236734,20.0,0.7972027972027972,1.0
RAB5C,5,9,19.886761736829712,19.915731307040208,-0.028969570210495732,20.0,0.7972027972027972,1.0
MLEC,5,9,17.235545386817286,17.413572824854853,-0.17802743803756726,20.0,0.7972027972027972,1.0
PRDX3,5,9,22.17993285111783,22.202408070350128,-0.022475219232298116,20.0,0.7972027972027972,1.0
TPM1,5,9,20.48308059284808,20.421406468154572,0.06167412469350708,25.0,0.7972027972027972,1.0
RPS16,5,9,21.917214010397622,22.05490931266351,-0.13769530226588955,20.0,0.7972027972027972,1.0
ATP5F1A,5,9,24.30865144265859,24.396391536468954,-0.08774009381036407,20.0,0.7972027972027972,1.0
TPM4,5,9,21.781470864138747,21.84984805498884,-0.06837719085009297,25.0,0.7972027972027972,1.0
TAP1,5,9,18.610442340061702,18.694129259241336,-0.08368691917963389,20.0,0.7972027972027972,1.0
RPS20,5,9,20.86286359864864,20.857150600954785,0.0057129976938554705,25.0,0.7972027972027972,1.0
SERPINB7,5,9,20.838133550165153,20.443671714523074,0.3944618356420797,25.0,0.7972027972027972,1.0
VAMP8,5,9,19.07860343579386,19.15596162906777,-0.07735819327391269,20.0,0.7972027972027972,1.0
RPS25,5,9,21.3187382135456,21.34464422958673,-0.025906016041130187,25.0,0.7972027972027972,1.0
CRYZ,5,9,19.542475220592063,19.602421136199048,-0.05994591560698481,20.0,0.7972027972027972,1.0
TM9SF4,5,9,18.25665098778026,18.342968312127425,-0.08631732434716355,25.0,0.7972027972027972,1.0
ICAM3,5,9,17.697334253802403,17.55653372777111,0.1408005260312919,25.0,0.7972027972027972,1.0
IDE,5,9,17.902414322812948,17.75871008908189,0.14370423373105723,25.0,0.7972027972027972,1.0
TUBB4A,5,9,22.342845183202282,22.34006006992018,0.0027851132821012925,20.0,0.7972027972027972,1.0
SEPTIN9,5,9,18.79227905388097,18.970830408642968,-0.17855135476199635,20.0,0.7972027972027972,1.0
SWAP70,5,9,18.33022417580193,18.32261796008232,0.007606215719611953,20.0,0.7972027972027972,1.0
KRT85,5,9,20.132438411868534,21.001087816877305,-0.868649405008771,20.0,0.7972027972027972,1.0
RPSA,5,9,24.851611507889942,24.922973678679533,-0.07136217078959106,20.0,0.7972027972027972,1.0
ATP6V1D,5,9,17.43181373785386,17.323436097601782,0.10837764025207974,25.0,0.7972027972027972,1.0
MYO1B,5,9,15.284081789905338,15.418302242485275,-0.1342204525799371,20.0,0.7972027972027972,1.0
UQCRC1,5,9,19.424218256645524,19.45322432925715,-0.02900607261162591,20.0,0.7972027972027972,1.0
FUBP1,5,9,20.386435774521086,20.468490871966647,-0.08205509744556139,20.0,0.7972027972027972,1.0
PPP1R12A,5,9,17.987357833634412,18.065012117338647,-0.07765428370423422,20.0,0.7972027972027972,1.0
MYL12A;MYL12B,5,9,21.97364165159109,21.973955909945133,-0.00031425835404164104,25.0,0.7972027972027972,1.0
NDUFV1,5,9,19.882202059860305,19.875874524229395,0.0063275356309091535,25.0,0.7972027972027972,1.0
RUVBL2,5,9,18.819670326286655,18.944855202432777,-0.12518487614612184,20.0,0.7972027972027972,1.0
LAMP1,5,9,20.52393974897404,20.34899582716513,0.17494392180891083,25.0,0.7972027972027972,1.0
CAPZA1,5,9,22.21259033129008,22.18638650246789,0.02620382882219019,25.0,0.7972027972027972,1.0
ELANE,5,9,18.550200262786383,18.195170609143062,0.35502965364332084,25.0,0.7972027972027972,1.0
CPNE3,5,9,21.16098874294772,21.107568169053778,0.05342057389394128,20.0,0.7972027972027972,1.0
HP1BP3,5,9,21.974058288296916,22.050885002712636,-0.07682671441571998,20.0,0.7972027972027972,1.0
SMU1,5,9,17.374126646949055,17.39671662073219,-0.0225899737831341,20.0,0.7972027972027972,1.0
HNRNPUL1,5,9,18.17921665577021,18.376775341762986,-0.19755868599277449,20.0,0.7972027972027972,1.0
GNB2,5,9,21.123529975530438,21.11122536904155,0.012304606488889647,20.0,0.7972027972027972,1.0
QPCT,5,9,16.69602011560658,16.450516691693412,0.24550342391316704,25.0,0.7972027972027972,1.0
GMPPB,5,9,15.33490582701675,15.731528425362399,-0.3966225983456493,20.0,0.7972027972027972,1.0
KRT23,5,9,22.197617840366362,21.845237839907888,0.3523800004584743,25.0,0.7972027972027972,1.0
SND1,5,9,20.268257403816513,20.502626893572273,-0.23436948975576044,20.0,0.7972027972027972,1.0
GTPBP4,5,9,16.497848140936803,16.48484909017536,0.012999050761443698,25.0,0.7972027972027972,1.0
RNF213,5,9,19.149144180208005,19.259937192597995,-0.11079301238999051,20.0,0.7972027972027972,1.0
MDH1,5,9,20.620758617529617,20.56446856302079,0.05629005450882829,25.0,0.7972027972027972,1.0
DOCK2,5,9,18.005967847012652,18.083273069004576,-0.07730522199192436,20.0,0.7972027972027972,1.0
SNRPB,5,9,21.742938391493094,21.760291036860533,-0.017352645367438413,20.0,0.7972027972027972,1.0
PTPN6,5,9,22.88060804343759,22.65703084442437,0.2235771990132207,25.0,0.7972027972027972,1.0
SNRPD1,5,9,18.51185159406689,18.53927559282193,-0.027423998755040202,20.0,0.7972027972027972,1.0
CAND1,5,9,18.83758522828274,18.886444393461797,-0.04885916517905642,20.0,0.7972027972027972,1.0
ACTR3,5,9,21.244796638957247,21.156486348524496,0.08831029043275151,25.0,0.7972027972027972,1.0
IGHV1-3,5,9,18.27282952688053,17.97434177074489,0.29848775613563916,25.0,0.7972027972027972,1.0
GLUL,5,9,18.47312745607753,18.29574551266599,0.17738194341153957,25.0,0.7972027972027972,1.0
XRCC1,5,9,17.201535299780623,17.12682828068171,0.07470701909891275,20.0,0.7972027972027972,1.0
COL18A1,5,9,17.93842175550956,17.86156679030914,0.07685496520041823,25.0,0.7972027972027972,1.0
PKP1,5,9,21.60251708042847,21.267266016324996,0.33525106410347405,25.0,0.7972027972027972,1.0
TGM1,5,9,22.025345745415667,21.723164825167824,0.30218092024784227,25.0,0.7972027972027972,1.0
NID1,5,9,17.680020732021028,17.858502298592995,-0.17848156657196768,20.0,0.7972027972027972,1.0
SPTAN1,5,9,19.934202663946465,19.972509319476497,-0.03830665553003243,20.0,0.7972027972027972,1.0
NSF,5,9,18.027582193457793,18.120597499546015,-0.09301530608822262,20.0,0.7972027972027972,1.0
UBXN1,5,9,18.522844760601664,18.586180977474683,-0.06333621687301871,20.0,0.7972027972027972,1.0
SMC3,5,9,18.167603486596697,18.16458360360211,0.0030198829945859984,20.0,0.7972027972027972,1.0
NCL,5,9,22.182074748053154,22.28320586069708,-0.10113111264392671,20.0,0.7972027972027972,1.0
STAT1,5,9,21.28640384768703,21.45111397818982,-0.16471013050279026,20.0,0.7972027972027972,1.0
PGLS,5,9,20.74151783237652,20.7703647766874,-0.02884694431088164,20.0,0.7972027972027972,1.0
EEF2,5,9,22.71462398993952,22.736512812509876,-0.02188882257035729,25.0,0.7972027972027972,1.0
PLD4,5,9,14.006759618349568,13.976800877899274,0.029958740450293675,25.0,0.7972027972027972,1.0
LRRC15,5,9,16.367894549083076,16.18158375716538,0.18631079191769473,25.0,0.7972027972027972,1.0
ECHDC1,5,9,19.223664524104482,19.09518537671298,0.12847914739150212,25.0,0.7972027972027972,1.0
APRT,5,9,22.02722304270082,22.04596995322207,-0.018746910521247884,20.0,0.7972027972027972,1.0
ARHGAP1,5,9,18.085672231067512,18.21380456052178,-0.12813232945426734,20.0,0.7972027972027972,1.0
ABI3,5,9,16.367609992625294,16.577491407447287,-0.20988141482199296,20.0,0.7972027972027972,1.0
HNRNPM,5,9,22.664499163778533,22.643326492775323,0.021172671003210297,25.0,0.7972027972027972,1.0
LYPLA1,5,9,19.062420399333682,19.1036327098467,-0.04121231051301777,25.0,0.7972027972027972,1.0
PSME2,5,9,21.661260131396265,21.595467175079957,0.065792956316308,25.0,0.7972027972027972,1.0
GNPDA1,5,9,18.63607707601243,18.598764491155872,0.03731258485655786,25.0,0.7972027972027972,1.0
BIN2,5,9,17.57747301325466,17.491087079670603,0.086385933584058,25.0,0.7972027972027972,1.0
GGH,5,9,19.741747633701234,19.48069284652361,0.2610547871776241,25.0,0.7972027972027972,1.0
C1QC,5,9,18.9166373780105,18.571439163594366,0.34519821441613274,25.0,0.7972027972027972,1.0
ENO1,5,9,24.25703846188562,24.31462028982497,-0.057581827939348074,20.0,0.7972027972027972,1.0
ITIH1,5,9,20.71639974684815,20.351640583610248,0.3647591632379026,25.0,0.7972027972027972,1.0
WASF2,5,9,18.84791497165168,18.85530089457363,-0.007385922921951504,20.0,0.7972027972027972,1.0
AIP,5,9,19.69270659292151,19.703854464764756,-0.011147871843245838,20.0,0.7972027972027972,1.0
NIT2,5,9,18.023247957801722,18.12309812341026,-0.09985016560853666,20.0,0.7972027972027972,1.0
MYLK,4,8,17.023048198612493,17.098739335300955,-0.07569113668846228,14.0,0.8080808080808081,1.0
WFDC12,4,8,19.28172973507171,19.18656778275099,0.09516195232071922,18.0,0.8080808080808081,1.0
OSBPL8,4,8,12.382759272686204,12.322494209562727,0.06026506312347735,18.0,0.8080808080808081,1.0
C8B,4,8,17.655129398648,17.20511478599095,0.4500146126570499,18.0,0.8080808080808081,1.0
MRPL2,4,8,15.499086797317215,15.516213085570502,-0.017126288253287214,14.0,0.8080808080808081,1.0
CYB5A,4,8,17.4507261429476,17.313540278208094,0.13718586473950722,18.0,0.8080808080808081,1.0
PPM1B,4,8,16.30505490531129,16.11737389893849,0.18768100637280227,18.0,0.8080808080808081,1.0
MEAK7,4,8,15.649677672955328,15.814317967746671,-0.16464029479134368,14.0,0.8080808080808081,1.0
STX8,4,8,14.639347611769889,14.534089037235027,0.10525857453486154,18.0,0.8080808080808081,1.0
THEMIS2,4,8,15.947558896848367,16.037884340840883,-0.09032544399251563,14.0,0.8080808080808081,1.0
NGLY1,4,8,14.54318199869131,14.442582325796028,0.1005996728952816,18.0,0.8080808080808081,1.0
MAP4K1,4,8,18.062906309200788,18.270694956410736,-0.2077886472099486,14.0,0.8080808080808081,1.0
PPP6R1,4,8,16.828165736334643,16.883934952335565,-0.05576921600092177,14.0,0.8080808080808081,1.0
SERPINB13,4,8,18.544853882894426,18.369956994834446,0.17489688805997972,18.0,0.8080808080808081,1.0
STAG2,4,8,15.717843203463108,15.740964876392837,-0.023121672929729442,14.0,0.8080808080808081,1.0
KRT86,4,8,19.054635075054826,19.850049181990453,-0.7954141069356275,14.0,0.8080808080808081,1.0
MAPK14,4,8,15.538284232054153,15.446693057650702,0.09159117440345099,18.0,0.8080808080808081,1.0
NRDC,4,8,13.985977026096087,13.782875763941298,0.20310126215478874,18.0,0.8080808080808081,1.0
HDDC2,4,8,16.11898262978949,15.978970079938348,0.1400125498511411,18.0,0.8080808080808081,1.0
SAFB2,4,8,14.326392446432699,14.277479079208746,0.04891336722395323,18.0,0.8080808080808081,1.0
S100A7A,4,8,18.4344237816606,18.124481644303206,0.3099421373573925,18.0,0.8080808080808081,1.0
VPS52,4,8,14.6749257124479,14.789966215301686,-0.11504050285378575,14.0,0.8080808080808081,1.0
C1QA,4,8,18.959994377729252,18.837163536235256,0.1228308414939967,14.0,0.8080808080808081,1.0
PLRG1,4,8,16.51875979812866,16.503235508257,0.015524289871660102,18.0,0.8080808080808081,1.0
TNFAIP8,4,8,19.18395473505599,19.194500366964284,-0.010545631908293274,14.0,0.8080808080808081,1.0
PLCXD1,4,8,17.232816759087868,17.45421392956186,-0.22139717047399188,14.0,0.8080808080808081,1.0
NPC1,4,8,14.553082546940132,14.390734872773848,0.16234767416628415,14.0,0.8080808080808081,1.0
CHMP7,4,8,14.02418331323852,14.061481564365513,-0.03729825112699281,18.0,0.8080808080808081,1.0
LAMTOR3,4,8,15.713692351234027,15.538914135162893,0.1747782160711342,18.0,0.8080808080808081,1.0
SARS2,4,8,16.70690001351658,16.73269079652868,-0.025790783012098473,14.0,0.8080808080808081,1.0
GNG12,4,8,17.350713315561926,17.321289851955434,0.029423463606491396,18.0,0.8080808080808081,1.0
MGST2,4,8,16.015753414625514,15.769025737914344,0.24672767671117057,18.0,0.8080808080808081,1.0
PLCG1,4,8,14.589719148638228,14.652282304493939,-0.06256315585571137,14.0,0.8080808080808081,1.0
MCAM,4,8,20.077599579422444,20.205066963675513,-0.12746738425306958,14.0,0.8080808080808081,1.0
MTM1,4,8,16.137384940062276,16.232694040098327,-0.09530910003605086,14.0,0.8080808080808081,1.0
RETREG3,4,8,16.259478512290713,16.21937163647648,0.04010687581423156,18.0,0.8080808080808081,1.0
ASCC3,4,8,17.935415847371623,17.88581996779156,0.04959587958006395,18.0,0.8080808080808081,1.0
DNAJC10,4,8,16.079916808076074,16.327817019192707,-0.24790021111663307,14.0,0.8080808080808081,1.0
CYBB,4,8,16.516643677723632,16.451207799496053,0.06543587822757857,18.0,0.8080808080808081,1.0
BTAF1,4,8,13.566791640669225,13.662996174634639,-0.09620453396541429,14.0,0.8080808080808081,1.0
TBC1D10B,4,8,15.994942766192233,15.956634813151709,0.03830795304052437,18.0,0.8080808080808081,1.0
UBR5,4,8,15.037745451275086,15.117305637802563,-0.07956018652747687,14.0,0.8080808080808081,1.0
KDM2A,4,8,15.997736650963787,16.1911382297872,-0.19340157882341202,14.0,0.8080808080808081,1.0
REEP5,4,8,18.130924124061178,17.98827108074628,0.1426530433148976,18.0,0.8080808080808081,1.0
KRT79,4,8,16.685933964859885,16.68741978739988,-0.001485822539994075,18.0,0.8080808080808081,1.0
ADPGK,4,8,17.725327687780048,17.68451385044822,0.04081383733182875,14.0,0.8080808080808081,1.0
USP15,4,9,16.74570044826111,16.643760291590954,0.10194015667015677,20.0,0.8251748251748252,1.0
CD2BP2,4,9,16.637514415942512,16.72822462090825,-0.09071020496573823,16.0,0.8251748251748252,1.0
NDUFS2,4,9,18.91869890376711,18.856571701233424,0.06212720253368431,20.0,0.8251748251748252,1.0
SRPRB,4,9,17.1571107094622,17.127754518635168,0.02935619082703056,20.0,0.8251748251748252,1.0
LORICRIN,4,9,20.381602306959934,19.976339861062836,0.4052624458970975,20.0,0.8251748251748252,1.0
YKT6,4,9,16.67117276490236,16.683394039110922,-0.01222127420856367,16.0,0.8251748251748252,1.0
UBE2I,4,9,17.557935869637,17.482602716549536,0.07533315308746324,20.0,0.8251748251748252,1.0
FKBP9,4,9,17.557690924762902,17.7306137817937,-0.17292285703079813,16.0,0.8251748251748252,1.0
EIF3K,4,9,17.752610997803874,17.68453291723866,0.0680780805652148,20.0,0.8251748251748252,1.0
SCPEP1,4,9,16.759117044481023,16.412323545118493,0.3467934993625299,20.0,0.8251748251748252,1.0
PCBD1,4,9,16.22662293754575,16.19928938053185,0.027333557013896836,16.0,0.8251748251748252,1.0
CCAR1,4,9,16.508866937917198,16.472692044057524,0.03617489385967332,16.0,0.8251748251748252,1.0
PPP2R5D,4,9,14.886421999620032,14.970607527333653,-0.08418552771362187,16.0,0.8251748251748252,1.0
DDI2,4,9,17.707066615993302,17.598707327974644,0.1083592880186579,20.0,0.8251748251748252,1.0
PPM1F,4,9,17.991157186068687,17.853473593469282,0.1376835925994051,20.0,0.8251748251748252,1.0
PDS5A,4,9,14.734573155987984,14.760486582605324,-0.025913426617339752,20.0,0.8251748251748252,1.0
KREMEN2,4,9,20.433827364319363,19.973159934712765,0.46066742960659823,20.0,0.8251748251748252,1.0
MTPN,4,9,16.708945518767788,16.686066830712495,0.02287868805529314,16.0,0.8251748251748252,1.0
VAC14,4,9,17.77168650814066,17.762021873623983,0.009664634516678206,20.0,0.8251748251748252,1.0
TBC1D10C,4,9,17.26477304209729,17.074128907122322,0.19064413497496702,20.0,0.8251748251748252,1.0
PSMB6,4,9,18.44775004816891,18.507496989983537,-0.05974694181462681,16.0,0.8251748251748252,1.0
PECAM1,4,9,15.768425940277652,15.539889346039859,0.22853659423779327,20.0,0.8251748251748252,1.0
ALDH3A2,4,9,16.570895606679834,16.55587876510161,0.01501684157822325,16.0,0.8251748251748252,1.0
SNRNP40,4,9,16.900361420824783,16.968266000587178,-0.06790457976239495,20.0,0.8251748251748252,1.0
POLD1,4,9,18.513226594720134,18.516906688449946,-0.0036800937298124836,16.0,0.8251748251748252,1.0
NAPRT,4,9,18.324199837025066,18.42303021628972,-0.09883037926465477,16.0,0.8251748251748252,1.0
RER1,4,9,16.679264571832924,16.773729164084067,-0.09446459225114268,16.0,0.8251748251748252,1.0
PLPBP,4,9,17.84765109750959,17.81462735632933,0.03302374118026208,20.0,0.8251748251748252,1.0
COPS8,4,9,17.069420760260247,17.00604678246177,0.0633739777984772,20.0,0.8251748251748252,1.0
PREB,4,9,15.212165081614504,15.240875837480088,-0.028710755865583693,20.0,0.8251748251748252,1.0
MAN2C1,4,9,15.43812774007805,15.317306304850026,0.12082143522802369,20.0,0.8251748251748252,1.0
VDAC1,4,9,19.639278414627757,19.67000293025746,-0.030724515629703575,16.0,0.8251748251748252,1.0
GIMAP4,4,9,19.585173644526634,19.42378578288008,0.16138786164655272,16.0,0.8251748251748252,1.0
ERLIN2,4,9,16.488488758914578,16.399145699473852,0.08934305944072563,20.0,0.8251748251748252,1.0
IRGQ,4,9,16.195335977878557,16.332144291593707,-0.13680831371515012,16.0,0.8251748251748252,1.0
FAH,4,9,19.427223113822166,19.34310026636351,0.08412284745865506,20.0,0.8251748251748252,1.0
GNAI3,4,9,17.75108988849034,17.85201377552842,-0.10092388703807842,16.0,0.8251748251748252,1.0
NUDC,4,9,17.281402539558048,17.336794109400405,-0.0553915698423566,16.0,0.8251748251748252,1.0
PFAS,4,9,16.36878471969775,16.201934154486153,0.1668505652115968,20.0,0.8251748251748252,1.0
ADPRS,4,9,16.371598516857706,16.25646110176962,0.1151374150880855,20.0,0.8251748251748252,1.0
ME1,4,9,17.806859677702324,17.317641755681407,0.4892179220209165,20.0,0.8251748251748252,1.0
APOBEC3F,4,9,18.17532564004252,18.33112508263107,-0.15579944258854894,16.0,0.8251748251748252,1.0
MOB3A,4,9,14.903431353772719,14.62922428755732,0.27420706621539814,20.0,0.8251748251748252,1.0
NDUFA6,4,9,17.289118224083108,17.369301889782932,-0.08018366569982405,16.0,0.8251748251748252,1.0
GAK,4,9,15.8159680479549,15.848238646548205,-0.032270598593305166,16.0,0.8251748251748252,1.0
CUTC,4,9,15.189010672677929,15.135126386399675,0.05388428627825448,20.0,0.8251748251748252,1.0
PSMD9,4,9,16.76167117468363,16.819006336685227,-0.057335162001596274,16.0,0.8251748251748252,1.0
NECAP2,4,9,16.719990552163257,16.628225278874396,0.09176527328886053,20.0,0.8251748251748252,1.0
GMPPA,4,9,18.226400374984664,18.4126155009249,-0.1862151259402367,16.0,0.8251748251748252,1.0
VWA8,4,9,16.950172670157865,17.127135946568885,-0.17696327641101917,16.0,0.8251748251748252,1.0
PDLIM2,4,9,17.179138449001208,17.18423883579254,-0.005100386791333733,16.0,0.8251748251748252,1.0
CDV3,4,9,17.51501172989058,17.650510958927622,-0.13549922903704115,16.0,0.8251748251748252,1.0
RBM4B,4,9,17.43481768216304,17.487690123137142,-0.052872440974102375,16.0,0.8251748251748252,1.0
TSC22D4,4,9,16.720461911798193,16.755852308871706,-0.03539039707351321,16.0,0.8251748251748252,1.0
SLTM,5,8,17.256739295491535,17.252578885525292,0.004160409966242895,22.0,0.8329448329448329,1.0
MYG1,5,8,16.371953940503218,16.457389653682558,-0.08543571317933996,18.0,0.8329448329448329,1.0
EXOC3,5,8,13.859979756052132,13.844109321325,0.01587043472713212,18.0,0.8329448329448329,1.0
SNAP23,5,8,17.770872981635172,17.85329509946184,-0.08242211782666686,18.0,0.8329448329448329,1.0
AMPD3,5,8,18.04615759366424,18.19142758872698,-0.14526999506274052,18.0,0.8329448329448329,1.0
SF3A2,5,8,17.59570410214956,17.718250472860717,-0.12254637071115582,18.0,0.8329448329448329,1.0
HLA-DOB,5,8,15.477487863474582,15.696027996832449,-0.21854013335786604,18.0,0.8329448329448329,1.0
HSD17B12,5,8,16.015864802861095,15.961724033766265,0.05414076909483079,22.0,0.8329448329448329,1.0
SERPINB2,5,8,17.453203487325062,17.297415632350805,0.15578785497425685,22.0,0.8329448329448329,1.0
BAZ1B,5,8,16.31064533042741,16.325303363741995,-0.014658033314585595,18.0,0.8329448329448329,1.0
ATM,5,8,16.24078378643057,16.405146911922458,-0.1643631254918887,18.0,0.8329448329448329,1.0
DGKA,5,8,14.808860012419776,15.038851656127342,-0.22999164370756553,18.0,0.8329448329448329,1.0
PRKACA,5,8,17.74413490653506,17.86608011471983,-0.12194520818476917,18.0,0.8329448329448329,1.0
PCCA,5,8,15.123484735425976,15.041844158950102,0.08164057647587342,22.0,0.8329448329448329,1.0
FNBP1,5,8,15.269210905188604,15.526143748095631,-0.2569328429070268,18.0,0.8329448329448329,1.0
PTPRCAP,5,8,17.777314904549648,17.81493342379121,-0.0376185192415619,22.0,0.8329448329448329,1.0
RPS6KA4,5,8,14.614040646681946,14.400111335173023,0.2139293115089238,22.0,0.8329448329448329,1.0
MAP1B,5,8,14.455353064070966,14.527679798362115,-0.07232673429114911,18.0,0.8329448329448329,1.0
GRK2,5,8,17.632963987078295,17.676916026626685,-0.04395203954839033,18.0,0.8329448329448329,1.0
ARHGAP30,5,8,14.181259258822573,14.036145165897315,0.14511409292525812,22.0,0.8329448329448329,1.0
GATD1,5,8,16.004508781842894,15.940467668350786,0.06404111349210773,22.0,0.8329448329448329,1.0
C8G,5,8,15.63688828947872,15.40221704252409,0.2346712469546297,22.0,0.8329448329448329,1.0
ARHGAP25,5,8,18.167217736562087,18.36385114427371,-0.19663340771162297,18.0,0.8329448329448329,1.0
MMP2,5,8,16.338760029055713,16.249333846547792,0.08942618250792123,22.0,0.8329448329448329,1.0
FTO,5,8,16.32157369588928,16.409546165572184,-0.08797246968290295,22.0,0.8329448329448329,1.0
ABI3BP,5,8,17.004087078368837,16.805191074463984,0.19889600390485285,22.0,0.8329448329448329,1.0
STX18,3,7,13.885775925109591,13.898254615390524,-0.012478690280932625,9.0,0.8333333333333333,1.0
SPARC,3,7,14.41751228755088,14.651178596862053,-0.2336663093111735,9.0,0.8333333333333333,1.0
KLC4,3,7,16.261610544761243,16.211754252594485,0.049856292166758465,12.0,0.8333333333333333,1.0
NCKIPSD,3,7,12.659625498302512,12.724898708818404,-0.06527321051589219,9.0,0.8333333333333333,1.0
PPAN,3,7,15.925631346601017,15.926182837111309,-0.0005514905102916856,9.0,0.8333333333333333,1.0
NHP2,3,7,16.484916289444133,16.37329840754545,0.11161788189868105,12.0,0.8333333333333333,1.0
DNAJC3,3,7,20.359679221724374,20.23655210628909,0.12312711543528465,12.0,0.8333333333333333,1.0
MATN2,3,7,14.741973268365099,14.994792797393744,-0.25281952902864546,9.0,0.8333333333333333,1.0
BLOC1S3,3,7,14.957472155125531,15.054404396981017,-0.09693224185548566,9.0,0.8333333333333333,1.0
TATDN3,3,7,12.793474142222768,12.748720145037566,0.04475399718520201,9.0,0.8333333333333333,1.0
RFC3,3,7,15.593436908199884,15.616745329917196,-0.023308421717311845,12.0,0.8333333333333333,1.0
SMPD3,3,7,15.583441273345663,15.439364264029734,0.1440770093159287,9.0,0.8333333333333333,1.0
CSTF1,3,7,16.102408602650854,16.192711417470246,-0.09030281481939184,9.0,0.8333333333333333,1.0
MIA3,3,7,16.401470314417296,16.339355454402078,0.06211486001521749,12.0,0.8333333333333333,1.0
GZMK,3,7,17.91382783581648,18.058994993853105,-0.1451671580366245,9.0,0.8333333333333333,1.0
GCHFR,3,7,14.452686278563633,14.35895513384872,0.09373114471491206,12.0,0.8333333333333333,1.0
PLSCR3,3,7,16.18156423865796,15.781041768497756,0.4005224701602028,9.0,0.8333333333333333,1.0
KRT31,3,7,20.367544905145934,21.001011395429433,-0.6334664902834994,9.0,0.8333333333333333,1.0
SLC25A4,3,7,14.385422222204765,14.48431462947014,-0.09889240726537452,9.0,0.8333333333333333,1.0
AP3S1,3,7,15.211386356384493,15.178507826049032,0.032878530335461065,12.0,0.8333333333333333,1.0
GTF2F1,3,7,16.361118423137018,16.341189963770994,0.019928459366024498,12.0,0.8333333333333333,1.0
PHYKPL,3,7,16.148609732115755,15.91806141079737,0.23054832131838587,12.0,0.8333333333333333,1.0
SLC27A4,3,7,16.024407474616922,15.94741752592761,0.0769899486893113,12.0,0.8333333333333333,1.0
PRPF38A,3,7,13.753776486023368,13.79416774466714,-0.04039125864377269,9.0,0.8333333333333333,1.0
GPLD1,3,7,15.505975475247281,14.732639171133616,0.7733363041136645,12.0,0.8333333333333333,1.0
FCGRT,3,7,13.558346439971787,13.234573028436172,0.32377341153561545,12.0,0.8333333333333333,1.0
ANK2,3,7,13.6802638548821,13.63673608319063,0.04352777169146904,12.0,0.8333333333333333,1.0
EMC4,3,7,14.499712243250563,14.393078558414619,0.10663368483594482,12.0,0.8333333333333333,1.0
DSG3,3,7,16.638277380741723,16.660556960392906,-0.022279579651183212,12.0,0.8333333333333333,1.0
DYSF,3,7,14.020598449473098,14.024953533610274,-0.00435508413717578,9.0,0.8333333333333333,1.0
EMC8,3,7,15.39978462494355,15.29308121650637,0.10670340843718051,12.0,0.8333333333333333,1.0
SNX29,3,4,13.570778705672467,13.996472044477615,-0.42569333880514826,5.0,0.8571428571428571,1.0
LCE2D,3,4,15.327101602518917,14.944502266132128,0.38259933638678945,7.0,0.8571428571428571,1.0
IGLV1-51,3,4,15.178927821221329,15.777669697185523,-0.598741875964194,5.0,0.8571428571428571,1.0
TBCK,3,4,13.858031706485084,14.114749173568546,-0.25671746708346177,7.0,0.8571428571428571,1.0
SRPX2,3,4,13.909302807730711,13.571417498535641,0.33788530919506954,7.0,0.8571428571428571,1.0
CYP7B1,3,9,16.60423785364176,16.74191687977735,-0.13767902613559002,12.0,0.8636363636363636,1.0
NSUN5,3,9,14.612050160019587,14.649474652840086,-0.037424492820498756,12.0,0.8636363636363636,1.0
TXLNA,3,9,15.424870101094072,15.431859775202222,-0.006989674108149657,12.0,0.8636363636363636,1.0
SDF2L1,3,9,14.827559133563746,14.856785775731923,-0.02922664216817772,12.0,0.8636363636363636,1.0
GNL1,3,9,16.731346744939653,16.713067091916898,0.018279653022755582,12.0,0.8636363636363636,1.0
FAF1,3,9,16.34435133345548,16.333539882200633,0.010811451254848947,12.0,0.8636363636363636,1.0
COX6B1,3,9,17.3721376926387,17.42490981714555,-0.05277212450685198,12.0,0.8636363636363636,1.0
EEFSEC,3,9,15.567414423408815,15.420598481453132,0.14681594195568337,15.0,0.8636363636363636,1.0
PTPRF,3,9,17.842265908521778,18.094850052052408,-0.25258414353062975,12.0,0.8636363636363636,1.0
RNF20,3,9,16.20991952135019,16.183583945946072,0.026335575404118572,12.0,0.8636363636363636,1.0
ALDH5A1,3,9,17.345730823287735,17.243993033377883,0.10173778990985127,15.0,0.8636363636363636,1.0
NDUFA8,3,9,15.120000970999476,15.164336725724448,-0.04433575472497253,12.0,0.8636363636363636,1.0
LMF2,3,9,16.527237958761464,16.599220345661454,-0.07198238689998959,12.0,0.8636363636363636,1.0
ERGIC3,3,9,15.789093832326051,15.687315707634346,0.10177812469170533,15.0,0.8636363636363636,1.0
SLC44A2,3,9,15.20616159885261,15.329399228167818,-0.12323762931520754,12.0,0.8636363636363636,1.0
ARHGAP27,3,9,13.814145604556929,13.809187787858368,0.0049578166985604355,12.0,0.8636363636363636,1.0
BTF3,3,9,16.993372535628016,16.943859980797683,0.04951255483033279,12.0,0.8636363636363636,1.0
RRP12,3,9,15.112880954250775,15.372091421930277,-0.25921046767950173,12.0,0.8636363636363636,1.0
MPG,5,7,15.015137760812362,15.235581996822189,-0.22044423600982732,16.0,0.8762626262626263,1.0
VPS4B,5,9,18.802455859504718,18.81381843442832,-0.011362574923602153,21.0,0.8981018981018981,1.0
PFN1,5,9,24.867950420765723,24.927959296348522,-0.06000887558279899,21.0,0.8981018981018981,1.0
TGM5,5,9,17.570040438087496,17.31259624526271,0.25744419282478503,24.0,0.8981018981018981,1.0
APEX1,5,9,20.015316889814592,20.014352952311548,0.0009639375030445763,21.0,0.8981018981018981,1.0
HNRNPR,5,9,21.520970955455763,21.58105491150378,-0.060083956048018194,24.0,0.8981018981018981,1.0
SRP68,5,9,17.38155372755489,17.525500099910843,-0.14394637235595198,21.0,0.8981018981018981,1.0
LCP1,5,9,23.219036519614924,23.113246651870668,0.10578986774425658,21.0,0.8981018981018981,1.0
APMAP,5,9,19.548002565462248,19.646465375897307,-0.09846281043505911,21.0,0.8981018981018981,1.0
GUSB,5,9,16.1473628412164,16.113328216129148,0.03403462508725141,24.0,0.8981018981018981,1.0
CIRBP,5,9,17.86485739112112,17.812303873513425,0.052553517607695,24.0,0.8981018981018981,1.0
ERAP1,5,9,18.760660586994373,18.623881053023847,0.13677953397052534,24.0,0.8981018981018981,1.0
ATIC,5,9,20.102260506760306,20.15048863627833,-0.04822812951802291,24.0,0.8981018981018981,1.0
ECI1,5,9,20.750689859709773,20.730530397864687,0.020159461845086213,24.0,0.8981018981018981,1.0
PLEKHO2,5,9,16.370931324925245,16.313859179595788,0.0570721453294567,24.0,0.8981018981018981,1.0
LAMTOR1,5,9,18.127887831829035,18.112729259044144,0.015158572784891078,24.0,0.8981018981018981,1.0
BOP1,5,9,15.889928197599778,15.899543172188041,-0.009614974588263436,24.0,0.8981018981018981,1.0
ELN,5,9,17.681289585926613,17.704813870720088,-0.023524284793474237,21.0,0.8981018981018981,1.0
TTLL12,5,9,19.029766593951077,19.07753893807039,-0.04777234411931275,21.0,0.8981018981018981,1.0
CDSN,5,9,20.643729647234753,20.62613192729429,0.017597719940464884,24.0,0.8981018981018981,1.0
TCEA1,5,9,19.11034260105621,19.11184688331976,-0.0015042822635500386,24.0,0.8981018981018981,1.0
ACIN1,5,9,18.361973021184426,18.415060175033805,-0.05308715384937912,24.0,0.8981018981018981,1.0
DBNL,5,9,22.86410912589752,22.814011128884815,0.05009799701270623,24.0,0.8981018981018981,1.0
LGALS3,5,9,20.870049182067493,21.019129392147317,-0.14908021007982342,21.0,0.8981018981018981,1.0
PALM2AKAP2,5,9,17.396578478279018,17.31162119516616,0.08495728311285689,24.0,0.8981018981018981,1.0
CTNNA1,5,9,19.648072872590085,19.786183597625136,-0.13811072503505173,21.0,0.8981018981018981,1.0
MSN,5,9,24.191614419571223,24.22141231580495,-0.029797896233727528,21.0,0.8981018981018981,1.0
C9,5,9,18.061381886423856,18.00694697382782,0.05443491259603661,24.0,0.8981018981018981,1.0
SPTBN1,5,9,20.465963309570235,20.523361409699973,-0.05739810012973834,21.0,0.8981018981018981,1.0
PIP,5,9,22.196558746723095,21.998647521150634,0.19791122557246155,24.0,0.8981018981018981,1.0
GSDMA,5,9,21.280323404002075,21.07450426253379,0.20581914146828595,24.0,0.8981018981018981,1.0
MAGOH,5,9,17.541283754417474,17.498998485487338,0.04228526893013651,24.0,0.8981018981018981,1.0
GOT1,5,9,17.732966262348683,17.654493654278344,0.07847260807033862,21.0,0.8981018981018981,1.0
SON,5,9,17.618721253022947,17.63917679358593,-0.020455540562981156,21.0,0.8981018981018981,1.0
DCTN2,5,9,21.202423737491607,21.205851650779906,-0.003427913288298612,21.0,0.8981018981018981,1.0
AKR1A1,5,9,20.244889793916464,20.318754626180617,-0.07386483226415308,21.0,0.8981018981018981,1.0
SORD,5,9,17.590097578097534,17.539709503787076,0.05038807431045811,24.0,0.8981018981018981,1.0
PCBP2,5,9,21.399573496477643,21.539300679895153,-0.13972718341750934,21.0,0.8981018981018981,1.0
BCAP31,5,9,18.066580210437145,18.076881049034185,-0.010300838597039785,21.0,0.8981018981018981,1.0
GRHPR,5,9,19.375967600272755,19.37727011165974,-0.0013025113869851168,21.0,0.8981018981018981,1.0
LCN1,5,9,20.66337735173963,19.86169430489782,0.8016830468418092,24.0,0.8981018981018981,1.0
HSD17B4,5,9,18.50209475921673,18.413136228152023,0.08895853106470852,21.0,0.8981018981018981,1.0
SPCS3,5,9,19.23094300160311,19.276894975543225,-0.04595197394011663,21.0,0.8981018981018981,1.0
GPX1,5,9,19.39208010542847,19.43391009926362,-0.04182999383515096,21.0,0.8981018981018981,1.0
PITPNB,5,9,16.25685108368257,16.32606399165914,-0.06921290797657065,21.0,0.8981018981018981,1.0
RAC2,5,9,21.941752553743857,21.886289567897656,0.05546298584620146,21.0,0.8981018981018981,1.0
RNH1,5,9,22.338881221369,22.431605562572948,-0.09272434120394735,21.0,0.8981018981018981,1.0
SNX2,5,9,20.370001845803024,20.463791527146405,-0.09378968134338095,21.0,0.8981018981018981,1.0
HNRNPUL2,5,9,20.11978456417802,20.094809975473098,0.02497458870492153,21.0,0.8981018981018981,1.0
RACK1,5,9,21.637468811033834,21.668013362883233,-0.03054455184939897,21.0,0.8981018981018981,1.0
ATP5F1C,5,9,19.749279769680033,19.84489844770677,-0.09561867802673518,21.0,0.8981018981018981,1.0
PGRMC2,5,9,19.389065646152805,19.395750441847323,-0.006684795694518186,21.0,0.8981018981018981,1.0
CASP14,5,9,21.820293164032087,21.702505519862694,0.11778764416939325,24.0,0.8981018981018981,1.0
RAB25,5,9,19.216350849150352,19.214756035328833,0.0015948138215193808,21.0,0.8981018981018981,1.0
PLBD2,5,9,18.65957648501176,18.400970117492175,0.2586063675195831,24.0,0.8981018981018981,1.0
DDX23,5,9,17.329376370831614,17.35314311191975,-0.023766741088135035,21.0,0.8981018981018981,1.0
SNRPD2,5,9,20.377401388309128,20.365627389372687,0.011773998936440933,24.0,0.8981018981018981,1.0
ACAA2,5,9,18.347358666537552,18.46683199002839,-0.11947332349083695,21.0,0.8981018981018981,1.0
SNRPF,5,9,20.250988397973863,20.337720453487822,-0.08673205551395924,21.0,0.8981018981018981,1.0
IGHG4,5,9,20.06675533433457,19.953358088698522,0.11339724563604747,24.0,0.8981018981018981,1.0
CCT8,5,9,20.42755874171389,20.383974067027424,0.04358467468646765,24.0,0.8981018981018981,1.0
EPHX1,5,9,21.70099821110764,21.838004099135812,-0.13700588802817393,21.0,0.8981018981018981,1.0
GMFB,5,9,18.894163294692493,18.92978397659056,-0.035620681898066664,21.0,0.8981018981018981,1.0
GSN,5,9,22.189835802825602,22.225535362404337,-0.03569955957873461,24.0,0.8981018981018981,1.0
ACO1,5,9,19.260334589807456,19.2666585266943,-0.0063239368868437396,21.0,0.8981018981018981,1.0
LASP1,5,9,21.52292883913307,21.504444506367204,0.018484332765865474,24.0,0.8981018981018981,1.0
RAB21,5,9,17.512625622810493,17.53665779425961,-0.024032171449118067,24.0,0.8981018981018981,1.0
TICAM2,5,9,17.598669327643044,17.61338005620722,-0.014710728564175213,24.0,0.8981018981018981,1.0
ILF2,5,9,20.47040495052523,20.599290098531704,-0.128885148006475,21.0,0.8981018981018981,1.0
FBN1,5,9,21.926854052261017,21.562891420629448,0.36396263163156917,24.0,0.8981018981018981,1.0
MYO18A,5,9,19.243565786167647,19.260246303855485,-0.016680517687838403,21.0,0.8981018981018981,1.0
CBR1,5,9,19.396422611144196,19.362886400650975,0.033536210493220864,21.0,0.8981018981018981,1.0
LTF,5,9,20.52017779905448,19.988951336453155,0.5312264626013246,24.0,0.8981018981018981,1.0
SEPTIN8,5,9,19.45850831072422,19.429466899360552,0.02904141136366789,21.0,0.8981018981018981,1.0
DUSP23,5,9,16.78893729345836,16.869643441393535,-0.0807061479351745,21.0,0.8981018981018981,1.0
DDRGK1,5,9,17.667693135059174,17.701033111787215,-0.033339976728040455,21.0,0.8981018981018981,1.0
FAU,5,9,19.58702450398312,19.778760807847267,-0.19173630386414686,21.0,0.8981018981018981,1.0
CS,5,9,20.029527037873297,20.08955402224757,-0.060026984374271564,21.0,0.8981018981018981,1.0
RPS6,5,9,20.351116889169937,20.523800555780028,-0.17268366661009082,21.0,0.8981018981018981,1.0
HAL,5,9,21.324761912158568,20.963381678007583,0.3613802341509853,24.0,0.8981018981018981,1.0
MYO1C,5,9,18.647730892761107,18.58762256320261,0.060108329558495655,24.0,0.8981018981018981,1.0
RPS29,5,9,19.889600481434865,19.87085615662468,0.01874432481018573,21.0,0.8981018981018981,1.0
RPS27A,5,9,24.735246523778965,24.719770553791122,0.015475969987843285,21.0,0.8981018981018981,1.0
UPF1,5,9,18.782612519069385,18.767916932031497,0.014695587037888203,24.0,0.8981018981018981,1.0
NDUFA5,5,9,17.561170356095285,17.58360004155341,-0.022429685458124737,21.0,0.8981018981018981,1.0
RPS26,5,9,21.689690150755006,21.740835680077975,-0.05114552932296945,21.0,0.8981018981018981,1.0
CUL5,5,9,16.04529796248246,15.994117899404538,0.051180063077923776,21.0,0.8981018981018981,1.0
NEU2,5,9,18.206799638918717,18.0043583925344,0.2024412463843177,21.0,0.8981018981018981,1.0
RPS18,5,9,22.208972312310877,22.241516895174687,-0.032544582863810234,24.0,0.8981018981018981,1.0
HLA-B,5,9,21.84919386849736,21.9341986044531,-0.0850047359557422,21.0,0.8981018981018981,1.0
PSMA3,5,9,19.48445064509611,19.445986215628405,0.03846442946770523,24.0,0.8981018981018981,1.0
ARHGEF1,5,9,19.62455920898847,19.77811915483926,-0.15355994585079102,21.0,0.8981018981018981,1.0
RPS14,5,9,21.643543121429285,21.782748336126627,-0.13920521469734126,21.0,0.8981018981018981,1.0
FOXK1,5,9,16.176355023407776,16.31855776122203,-0.1422027378142552,21.0,0.8981018981018981,1.0
CAPN1,5,9,20.26975509132119,20.12314847475669,0.14660661656450102,24.0,0.8981018981018981,1.0
ARL6IP5,5,9,20.98977422121689,21.019227004767075,-0.02945278355018388,21.0,0.8981018981018981,1.0
DSTN,5,9,17.656448292790653,17.743066447034344,-0.08661815424369124,21.0,0.8981018981018981,1.0
KCTD12,5,9,20.954360155694467,20.992244779259114,-0.03788462356464706,21.0,0.8981018981018981,1.0
LMAN2,5,9,19.380067656625606,19.460060305035704,-0.0799926484100979,21.0,0.8981018981018981,1.0
ITIH2,5,9,18.67849836998598,18.4801726154509,0.19832575453508028,21.0,0.8981018981018981,1.0
NNMT,5,9,18.30544558768249,18.352642019858823,-0.047196432176331626,24.0,0.8981018981018981,1.0
OLA1,5,9,18.237717401254645,18.239074565612537,-0.0013571643578913495,21.0,0.8981018981018981,1.0
NPM1,5,9,21.65737824739806,21.64544441006766,0.011933837330399655,24.0,0.8981018981018981,1.0
CLIC1,5,9,21.839793645397464,21.80296754959303,0.03682609580443241,24.0,0.8981018981018981,1.0
TIMM8A,5,9,16.73188402420255,16.905029638599117,-0.17314561439656728,21.0,0.8981018981018981,1.0
IFI16,5,9,18.733320269977156,18.69563853508891,0.037681734888245444,21.0,0.8981018981018981,1.0
NDUFB9,5,9,17.273843416475408,17.22236055513149,0.05148286134391711,24.0,0.8981018981018981,1.0
SEC11C,5,9,17.881724571007066,17.924212775295807,-0.042488204288741116,24.0,0.8981018981018981,1.0
AMBP,5,9,15.516203983678503,15.325236483024689,0.19096750065381407,24.0,0.8981018981018981,1.0
USP10,5,9,16.44692585008163,16.483098126160552,-0.03617227607892204,21.0,0.8981018981018981,1.0
SEC23A,5,9,20.204839433400814,20.20426613134173,0.0005733020590845683,21.0,0.8981018981018981,1.0
ALYREF,5,9,20.52239238909771,20.44433710369661,0.07805528540109918,21.0,0.8981018981018981,1.0
STXBP2,5,9,16.7133371086635,16.720461860388927,-0.007124751725427814,24.0,0.8981018981018981,1.0
DDX6,5,9,19.221337662691365,19.179520335891713,0.04181732679965222,24.0,0.8981018981018981,1.0
PPP3CA,5,9,18.070282720630978,18.052496227339017,0.017786493291961136,24.0,0.8981018981018981,1.0
PPP2R2A,5,9,17.727676560162145,17.749658830024245,-0.021982269862100168,21.0,0.8981018981018981,1.0
PPP1R18,5,9,18.0883473318177,18.037210347899197,0.05113698391850363,21.0,0.8981018981018981,1.0
ANXA1,5,9,21.868962857532882,21.599716315824804,0.26924654170807827,24.0,0.8981018981018981,1.0
SERPINH1,5,9,22.323514988362902,22.342817624176405,-0.01930263581350289,24.0,0.8981018981018981,1.0
ERO1A,5,9,18.32550456090737,18.19135437856709,0.13415018234027798,24.0,0.8981018981018981,1.0
VASP,5,9,18.99867611658895,18.95539351534582,0.043282601243131325,21.0,0.8981018981018981,1.0
NPEPPS,5,9,20.95805753121413,20.870675700931507,0.0873818302826237,24.0,0.8981018981018981,1.0
RPS13,5,9,20.976465525789763,21.073891101988572,-0.09742557619880898,21.0,0.8981018981018981,1.0
TMED2,5,9,20.400612139657408,20.4351602771404,-0.03454813748299301,24.0,0.8981018981018981,1.0
GCDH,5,9,16.856400391321728,16.909863010689598,-0.053462619367870445,21.0,0.8981018981018981,1.0
PSMC5,5,9,19.361953282577623,19.420845298569773,-0.05889201599214999,21.0,0.8981018981018981,1.0
LAMA5,5,9,17.590660794681327,17.786702678634,-0.19604188395267386,21.0,0.8981018981018981,1.0
EVPL,5,9,18.763242578448295,18.539249436646458,0.22399314180183794,21.0,0.8981018981018981,1.0
RPL24,5,9,21.12771308924531,21.23058440212764,-0.10287131288232843,21.0,0.8981018981018981,1.0
ARHGAP4,5,9,17.1417946940405,17.076823007955756,0.06497168608474269,21.0,0.8981018981018981,1.0
CTSV,5,9,18.965885695879013,18.558518366039376,0.4073673298396372,24.0,0.8981018981018981,1.0
STK24,5,9,16.538226731367438,16.58185006976163,-0.04362333839419108,21.0,0.8981018981018981,1.0
YWHAG,5,9,19.96976007301326,20.08857433856846,-0.11881426555520136,21.0,0.8981018981018981,1.0
CSTF3,5,9,17.365524640745086,17.376564149100393,-0.011039508355306538,24.0,0.8981018981018981,1.0
TMED9,5,9,19.63318127977815,19.71349500638592,-0.08031372660776981,21.0,0.8981018981018981,1.0
SLC12A9,5,9,15.394474455757308,15.254782821741722,0.13969163401558582,24.0,0.8981018981018981,1.0
PSMD14,5,9,17.37400407323272,17.442237188244505,-0.06823311501178608,21.0,0.8981018981018981,1.0
H1-1,5,9,24.63598415176646,24.60599674711024,0.029987404656221628,24.0,0.8981018981018981,1.0
RPIA,5,9,16.837104607706944,16.60824221293042,0.22886239477652381,24.0,0.8981018981018981,1.0
PLOD3,5,9,17.434025335546565,17.531299733430384,-0.09727439788381886,21.0,0.8981018981018981,1.0
CRYAB,5,9,19.76280486963052,20.192377651673866,-0.42957278204334415,21.0,0.8981018981018981,1.0
STOM,5,9,19.005090339277185,19.149722695505247,-0.1446323562280618,21.0,0.8981018981018981,1.0
POF1B,5,9,20.38420705071938,20.25784394585712,0.12636310486226066,24.0,0.8981018981018981,1.0
IPO5,5,9,19.824081780654307,19.866366236142817,-0.042284455488509565,21.0,0.8981018981018981,1.0
UFL1,5,9,18.155281078778398,18.224521583009594,-0.0692405042311961,21.0,0.8981018981018981,1.0
PSMB4,5,9,20.684737850686716,20.5521023632566,0.13263548743011455,24.0,0.8981018981018981,1.0
TMED10,5,9,20.714746341413846,20.717469929198973,-0.002723587785126824,21.0,0.8981018981018981,1.0
YWHAH,5,9,21.396386521547733,21.526164859828597,-0.1297783382808646,21.0,0.8981018981018981,1.0
HLA-DRB3,5,9,21.492268574524974,21.46255041006835,0.029718164456625118,24.0,0.8981018981018981,1.0
IL16,5,9,18.047887469914734,17.721507971789997,0.3263794981247372,24.0,0.8981018981018981,1.0
SFPQ,5,9,21.888471539028615,21.96173722283987,-0.07326568381125398,21.0,0.8981018981018981,1.0
GBA1,5,9,19.307796083097607,18.90170474487041,0.40609133822719556,24.0,0.8981018981018981,1.0
HLA-DRA,5,9,22.245847394716797,22.172289174446455,0.07355822027034264,24.0,0.8981018981018981,1.0
VCAN,5,9,20.25112388410991,20.031802265324803,0.2193216187851057,24.0,0.8981018981018981,1.0
H2AZ1;H2AZ2,5,9,21.918216714910262,21.899071639542495,0.019145075367767106,24.0,0.8981018981018981,1.0
HLA-DQB1,5,9,20.79175490982369,20.550380843716724,0.24137406610696743,24.0,0.8981018981018981,1.0
CDK2,3,6,14.033539973564828,13.949381935489972,0.08415803807485567,10.0,0.9047619047619047,1.0
NAA20,3,6,12.53448993971285,12.517037824890096,0.01745211482275444,8.0,0.9047619047619047,1.0
NLN,3,6,15.31171442779594,15.365570885715414,-0.053856457919474465,8.0,0.9047619047619047,1.0
PRKCA,3,6,14.169173574983267,14.240386161214388,-0.07121258623112148,10.0,0.9047619047619047,1.0
ANKZF1,3,6,12.606730451100916,12.795959505824909,-0.18922905472399343,8.0,0.9047619047619047,1.0
KRT71,3,6,22.82612036681895,22.563435042591397,0.2626853242275544,10.0,0.9047619047619047,1.0
ACBD5,3,6,17.451020260968445,17.53146032809276,-0.0804400671243144,8.0,0.9047619047619047,1.0
FGD3,3,6,13.157720006845134,12.886055300823088,0.2716647060220456,8.0,0.9047619047619047,1.0
PTPN2,3,6,14.802992215901293,14.732575145152502,0.07041707074879078,10.0,0.9047619047619047,1.0
CPXM1,3,6,14.283807663426282,13.832636201953726,0.4511714614725566,10.0,0.9047619047619047,1.0
CD59,3,6,16.152364614573667,15.692702162047757,0.45966245252590987,10.0,0.9047619047619047,1.0
AIF1,3,6,14.93352912198173,14.865003297174887,0.06852582480684255,10.0,0.9047619047619047,1.0
ARPC1A,3,6,15.841907105732924,15.800151495746128,0.041755609986795506,10.0,0.9047619047619047,1.0
AGAP2,3,6,14.205415058857705,14.2011653255175,0.004249733340204287,8.0,0.9047619047619047,1.0
DERL3,3,6,15.210079733529227,14.972570360257757,0.23750937327146993,10.0,0.9047619047619047,1.0
SMPD1,3,6,13.490034671554502,13.187906908109992,0.30212776344450987,8.0,0.9047619047619047,1.0
DDX20,3,6,13.850237342160499,13.879411643498711,-0.029174301338212416,10.0,0.9047619047619047,1.0
IRF4,3,6,15.099570709371113,15.411613043426918,-0.31204233405580517,8.0,0.9047619047619047,1.0
ZFP91,3,6,15.215901496950432,15.404007152577174,-0.18810565562674242,8.0,0.9047619047619047,1.0
PTCD3,3,6,15.801199885362559,15.846727381832757,-0.04552749647019816,8.0,0.9047619047619047,1.0
MMP1,3,6,15.997124197093484,15.677861772113163,0.3192624249803213,10.0,0.9047619047619047,1.0
CASP7,3,6,12.957805083504155,12.929802982117154,0.028002101387000877,10.0,0.9047619047619047,1.0
HTRA1,3,6,16.416128518499466,16.301626291289697,0.1145022272097691,10.0,0.9047619047619047,1.0
MSI2,3,6,15.36802860159301,15.460382845338652,-0.09235424374564083,8.0,0.9047619047619047,1.0
AKAP9,3,6,14.961197105298647,14.993602928960845,-0.032405823662198685,8.0,0.9047619047619047,1.0
ERCC2,3,6,14.969916527724122,14.795893393159787,0.17402313456433482,10.0,0.9047619047619047,1.0
ATP6V1F,3,6,14.420422187046912,14.33465797160189,0.08576421544502111,8.0,0.9047619047619047,1.0
MRPL45,4,5,14.847716157476551,14.833101782763674,0.01461437471287752,11.0,0.9047619047619049,1.0
QPCTL,4,5,14.804456664424343,14.896724206059261,-0.0922675416349179,9.0,0.9047619047619049,1.0
SMAD1,4,5,11.798676468753388,11.790492139123263,0.00818432963012583,9.0,0.9047619047619049,1.0
TPM2,4,6,16.55789333090265,16.466600105097275,0.09129322580537647,13.0,0.9142857142857143,1.0
C19orf53,4,6,17.341168246279572,17.55715368892628,-0.2159854426467085,13.0,0.9142857142857143,1.0
SPI1,4,6,14.625422281759707,14.534023900590952,0.0913983811687551,13.0,0.9142857142857143,1.0
GBA2,4,6,12.894220356158609,12.441924034786366,0.45229632137224307,13.0,0.9142857142857143,1.0
FRMD8,4,6,14.122151487338755,14.129321141473262,-0.0071696541345076525,11.0,0.9142857142857143,1.0
CCZ1;CCZ1B,4,6,14.39302017341437,14.398227244706055,-0.005207071291684073,13.0,0.9142857142857143,1.0
JPT1,3,8,16.39709735302742,16.459235457292422,-0.06213810426500288,11.0,0.9212121212121214,1.0
BRI3BP,3,8,17.400059270925055,17.27618538197492,0.12387388895013629,13.0,0.9212121212121214,1.0
GSTM2,3,8,16.710667381103395,16.69904819992631,0.01161918117708538,11.0,0.9212121212121214,1.0
NIPBL,3,8,12.593290446530233,12.616969788164102,-0.0236793416338692,11.0,0.9212121212121214,1.0
BDH1,3,8,14.357745058344884,14.304435111883123,0.053309946461761015,11.0,0.9212121212121214,1.0
PLEKHA2,3,8,15.900739028943425,15.820210380454382,0.08052864848904306,13.0,0.9212121212121214,1.0
LIG3,3,8,15.412060690015402,15.484661594978054,-0.07260090496265192,11.0,0.9212121212121214,1.0
TMEM258,3,8,15.896388927721683,15.950380836678894,-0.05399190895721162,13.0,0.9212121212121214,1.0
TMED3,3,8,16.128467550598373,16.351877916568547,-0.2234103659701745,11.0,0.9212121212121214,1.0
CRTAP,3,8,16.606632254924037,16.491983803179274,0.11464845174476324,13.0,0.9212121212121214,1.0
GGA2,3,8,16.35110996873989,16.276045194831035,0.07506477390885635,13.0,0.9212121212121214,1.0
BTN3A3,3,8,13.569437453530647,13.608104425347943,-0.03866697181729606,11.0,0.9212121212121214,1.0
SCRN2,3,8,14.057687504438016,14.174808261146541,-0.11712075670852506,11.0,0.9212121212121214,1.0
MCU,3,8,15.22402394714908,15.300776005520913,-0.07675205837183263,11.0,0.9212121212121214,1.0
PYM1,3,8,15.268610661244947,15.286470197651184,-0.017859536406236387,11.0,0.9212121212121214,1.0
SRRM1,3,8,14.476447845383367,14.490242608657217,-0.013794763273850208,11.0,0.9212121212121214,1.0
CTDP1,3,8,13.611574528245185,13.58565421012802,0.025920318117165664,11.0,0.9212121212121214,1.0
CAMK2G,3,8,13.720470561084982,13.57541139164476,0.14505916944022168,13.0,0.9212121212121214,1.0
MTCH1,3,8,15.517263109647622,15.581254743547944,-0.06399163390032214,11.0,0.9212121212121214,1.0
PTPN7,3,8,15.509999219704417,15.60698372608115,-0.09698450637673339,11.0,0.9212121212121214,1.0
TAF9,3,8,13.043751448919375,12.960749867194421,0.08300158172495387,11.0,0.9212121212121214,1.0
MRPL22,3,8,13.654522312638504,13.616382289121894,0.03814002351660939,11.0,0.9212121212121214,1.0
CDK9,3,8,14.370913265690836,14.188240957131601,0.18267230855923522,13.0,0.9212121212121214,1.0
IKBKB,3,8,14.832013684257044,14.828467833727657,0.003545850529386385,13.0,0.9212121212121214,1.0
B3GAT3,3,8,13.968905059782324,13.947660851528703,0.02124420825362172,11.0,0.9212121212121214,1.0
ZCCHC8,3,8,13.02510619342425,12.966069358189795,0.0590368352344548,13.0,0.9212121212121214,1.0
ZFR,3,8,17.626368477359954,17.698745128926646,-0.07237665156669237,11.0,0.9212121212121214,1.0
TRIM14,3,8,12.752083280603097,12.911368060003607,-0.1592847794005099,11.0,0.9212121212121214,1.0
ITGA1,3,8,14.806178551334023,15.005963452642408,-0.19978490130838544,11.0,0.9212121212121214,1.0
IGLV7-46,3,8,16.397076530923382,16.592045470403654,-0.1949689394802725,11.0,0.9212121212121214,1.0
RGS19,3,8,16.41637910657639,16.476268546695334,-0.05988944011894404,11.0,0.9212121212121214,1.0
NUCB2,4,7,17.21502080011224,17.37342760420644,-0.15840680409420216,15.0,0.9272727272727272,1.0
CTSH,4,7,17.05087810690489,16.725773757245165,0.3251043496597248,15.0,0.9272727272727272,1.0
DENND1C,4,7,13.42527066745781,13.614349486293289,-0.18907881883547972,15.0,0.9272727272727272,1.0
RFTN1,4,7,19.20970754276299,19.3149200879495,-0.10521254518650736,13.0,0.9272727272727272,1.0
INTS9,4,7,15.125269436965906,15.11256823382054,0.012701203145367046,13.0,0.9272727272727272,1.0
TRIM47,4,7,14.897959403286258,14.927663777173672,-0.029704373887414093,13.0,0.9272727272727272,1.0
DSC2,4,7,16.805060199446324,16.83534324734939,-0.030283047903065352,15.0,0.9272727272727272,1.0
ACE,4,7,15.634705043674376,15.630314360103517,0.004390683570859366,13.0,0.9272727272727272,1.0
ACY1,4,7,15.556773540991067,15.618277606515232,-0.061504065524164986,13.0,0.9272727272727272,1.0
ENGASE,4,7,13.337903453058725,13.251746965725138,0.0861564873335876,13.0,0.9272727272727272,1.0
ILVBL,4,7,14.838481950008434,14.63269457192277,0.20578737808566494,15.0,0.9272727272727272,1.0
IGHV1-2,4,7,17.686852879405546,17.451731575794586,0.23512130361095984,15.0,0.9272727272727272,1.0
STK38,4,7,15.369872979052536,15.318368217889189,0.05150476116334701,15.0,0.9272727272727272,1.0
EPS8L1,4,7,20.560684665493426,20.536917418458227,0.023767247035198835,13.0,0.9272727272727272,1.0
ALDH1L2,4,7,14.065830938736587,14.401699838163141,-0.3358688994265542,13.0,0.9272727272727272,1.0
REL,4,7,18.388604846674617,18.336845335560195,0.05175951111442245,15.0,0.9272727272727272,1.0
ACP3,4,7,17.399505678549893,17.305111054026707,0.09439462452318637,13.0,0.9272727272727272,1.0
TCL1A,5,6,17.25142818576105,17.348930805347454,-0.09750261958640394,16.0,0.9307359307359306,1.0
NCKAP1L,4,8,16.26984785637776,16.29238477642991,-0.022536920052150577,15.0,0.9333333333333333,1.0
GRAP2,4,8,14.74698292447913,14.800173210847925,-0.053190286368794304,15.0,0.9333333333333333,1.0
RDX,4,8,16.29261203455318,16.224519461751875,0.0680925728013051,17.0,0.9333333333333333,1.0
VRK3,4,8,12.719787473016053,12.672667986025413,0.04711948699064017,17.0,0.9333333333333333,1.0
GNL3,4,8,16.454251296656253,16.494663948845457,-0.04041265218920387,17.0,0.9333333333333333,1.0
APOBR,4,8,16.877449584443404,16.7377394197032,0.1397101647402046,17.0,0.9333333333333333,1.0
TBL2,4,8,16.86599403971166,16.91504076618341,-0.0490467264717509,17.0,0.9333333333333333,1.0
GNG10,4,8,16.28604847804577,16.183361127807803,0.10268735023796793,17.0,0.9333333333333333,1.0
TBK1,4,8,18.697584698469605,18.70074113867143,-0.00315644020182404,15.0,0.9333333333333333,1.0
MPDU1,4,8,17.307537151936124,17.34271352439942,-0.03517637246329741,17.0,0.9333333333333333,1.0
TERF2,4,8,13.737617834106103,13.664310804050755,0.07330703005534822,17.0,0.9333333333333333,1.0
TBCE,4,8,14.524857919313812,14.580843666696904,-0.05598574738309203,15.0,0.9333333333333333,1.0
ELP3,4,8,14.904790335918907,14.941323189564875,-0.03653285364596748,15.0,0.9333333333333333,1.0
PTBP3,4,8,17.426276343120847,17.45420902581381,-0.02793268269296334,17.0,0.9333333333333333,1.0
ITGAL,4,8,17.341691547269,17.369500310300047,-0.027808763031046624,15.0,0.9333333333333333,1.0
NUB1,4,8,14.562505232454289,14.694655661988723,-0.132150429534434,15.0,0.9333333333333333,1.0
NUBP2,4,8,17.41649387748434,17.477564513650858,-0.06107063616651942,17.0,0.9333333333333333,1.0
ITGA4,4,8,14.61925564924795,14.530641544959188,0.08861410428876226,17.0,0.9333333333333333,1.0
CPOX,4,8,15.715662641584156,15.822756660099557,-0.10709401851540079,15.0,0.9333333333333333,1.0
METAP1,4,8,15.886210688664441,15.811645702944343,0.07456498572009806,15.0,0.9333333333333333,1.0
PACS1,4,8,15.65281850502571,15.619068479653066,0.03375002537264393,17.0,0.9333333333333333,1.0
IGLV3-9,4,8,17.489385514834673,17.57929363684813,-0.08990812201345832,15.0,0.9333333333333333,1.0
PANK2,4,8,14.324273127901268,14.321995466457237,0.002277661444031409,17.0,0.9333333333333333,1.0
KCMF1,4,8,16.263949121569105,16.279043731031535,-0.015094609462430242,17.0,0.9333333333333333,1.0
CBX5,4,8,14.574534804271467,14.688824139238648,-0.11428933496718052,15.0,0.9333333333333333,1.0
IBA57,4,8,14.616877232188962,14.619755684417143,-0.002878452228181061,15.0,0.9333333333333333,1.0
MMP9,4,8,14.732088173822584,14.747533931743163,-0.01544575792057934,15.0,0.9333333333333333,1.0
NIFK,4,8,16.70536363811825,16.62189385673097,0.08346978138727934,17.0,0.9333333333333333,1.0
NHLRC2,4,8,15.33384038227841,15.35209250929711,-0.018252127018699937,15.0,0.9333333333333333,1.0
KIF13B,4,8,15.879632333407917,15.76050874987219,0.1191235835357265,17.0,0.9333333333333333,1.0
MGST3,4,8,16.31643734951367,16.01769868769211,0.2987386618215595,17.0,0.9333333333333333,1.0
HK3,4,8,17.561013491220855,17.294736394182845,0.26627709703801017,17.0,0.9333333333333333,1.0
TM9SF3,4,8,16.430680864401552,16.107892894283204,0.32278797011834826,15.0,0.9333333333333333,1.0
ARRB1,4,8,16.07810959542863,16.057604973408104,0.02050462202052472,17.0,0.9333333333333333,1.0
HINT2,4,8,16.639445778977773,16.559734452032103,0.07971132694567018,17.0,0.9333333333333333,1.0
NDUFS7,4,8,14.578307845017605,14.611674723125581,-0.03336687810797656,15.0,0.9333333333333333,1.0
ADD3,4,8,18.370268302842607,18.20930993130513,0.16095837153747894,17.0,0.9333333333333333,1.0
NDUFC2,4,8,17.85450573718933,17.817822568165028,0.03668316902430391,15.0,0.9333333333333333,1.0
ARID1A,4,8,17.79847544479214,17.647821928223316,0.15065351656882342,17.0,0.9333333333333333,1.0
ARHGAP18,4,8,14.54062024683304,14.51110701234017,0.029513234492869245,15.0,0.9333333333333333,1.0
HSD17B11,4,8,12.616445579814375,12.529797611471292,0.08664796834308319,15.0,0.9333333333333333,1.0
GIMAP1,4,8,18.27289324767273,18.146416202629634,0.12647704504309587,17.0,0.9333333333333333,1.0
GRIPAP1,4,8,16.463768842023452,16.427556220009137,0.03621262201431463,17.0,0.9333333333333333,1.0
EXOSC10,4,8,15.939436630322955,15.875853465738945,0.06358316458400992,15.0,0.9333333333333333,1.0
DCK,4,8,15.122673297307802,15.09647906057505,0.026194236732752785,17.0,0.9333333333333333,1.0
FYB1,4,8,16.07367565461135,15.968158696938628,0.10551695767272129,17.0,0.9333333333333333,1.0
MCM6,4,8,19.239211900220027,19.211686181410904,0.027525718809123134,17.0,0.9333333333333333,1.0
SYNPO2,4,8,14.0685106899547,14.003499709449223,0.06501098050547682,15.0,0.9333333333333333,1.0
SKIC3,4,8,12.985297827514858,12.97587273759109,0.009425089923768226,15.0,0.9333333333333333,1.0
RRAGA,4,8,16.3519751223106,16.35181386140168,0.0001612609089178818,17.0,0.9333333333333333,1.0
SPN,4,8,16.395424628376485,16.420773339205518,-0.02534871082903223,15.0,0.9333333333333333,1.0
SBF1,4,8,15.35135902389475,15.589370234327903,-0.23801121043315376,15.0,0.9333333333333333,1.0
RNASE3,4,8,16.99730051319931,17.411560712240387,-0.41426019904107747,15.0,0.9333333333333333,1.0
COPS2,4,8,17.896336883317893,17.876113234306878,0.020223649011015254,17.0,0.9333333333333333,1.0
SCYL1,4,8,15.211374365605945,15.211594478052039,-0.0002201124460938786,15.0,0.9333333333333333,1.0
AKAP13,4,8,12.636192971742233,12.74393683594943,-0.1077438642071975,15.0,0.9333333333333333,1.0
STX16,4,8,16.302289197335178,16.42176715682632,-0.11947795949114237,15.0,0.9333333333333333,1.0
AP3M1,4,8,13.19578283851657,13.032854968027644,0.1629278704889252,17.0,0.9333333333333333,1.0
MPP1,4,8,15.667437334221521,15.673039707473961,-0.005602373252440174,17.0,0.9333333333333333,1.0
USP8,4,8,13.837108056880583,13.652466624314691,0.1846414325658916,17.0,0.9333333333333333,1.0
CHMP4A,4,8,17.474213306142044,17.50522418680555,-0.03101088066350499,17.0,0.9333333333333333,1.0
SKAP1,4,9,14.54557699507103,14.552340228622562,-0.0067632335515313,17.0,0.9398601398601399,1.0
MYH10,4,9,17.18863935589814,17.211881444427306,-0.023242088529165983,17.0,0.9398601398601399,1.0
ABHD12,4,9,18.062689540134983,18.16036999568044,-0.09768045554545779,19.0,0.9398601398601399,1.0
PRTN3,4,9,15.365800840639663,15.073440284977885,0.2923605556617783,19.0,0.9398601398601399,1.0
ADH5,4,9,16.059962821722397,16.10499465725707,-0.04503183553467238,19.0,0.9398601398601399,1.0
WBP2,4,9,17.77393878251655,17.7599796452696,0.013959137246949638,19.0,0.9398601398601399,1.0
STS,4,9,17.43241125240457,16.903093625007653,0.5293176273969173,19.0,0.9398601398601399,1.0
FLNC,4,9,15.932055904906044,15.655601932432697,0.27645397247334635,19.0,0.9398601398601399,1.0
MSH6,4,9,15.034215874665321,14.975722077746914,0.05849379691840717,19.0,0.9398601398601399,1.0
CASP8,4,9,15.085411097926233,15.111327201193957,-0.025916103267723756,19.0,0.9398601398601399,1.0
TIMM44,4,9,16.38748894728527,16.343288758144936,0.044200189140333634,19.0,0.9398601398601399,1.0
CRYBG1,4,9,14.895610035143024,14.854342972283535,0.041267062859489556,17.0,0.9398601398601399,1.0
PPP5C,4,9,15.319713687017842,15.372332272600229,-0.052618585582386856,19.0,0.9398601398601399,1.0
HSD17B8,4,9,15.4637631106569,15.50460561549676,-0.04084250483986018,19.0,0.9398601398601399,1.0
STX12,4,9,17.373337112435898,17.30320367054027,0.07013344189562787,19.0,0.9398601398601399,1.0
TMEM205,4,9,19.13221035849368,19.086777194529493,0.04543316396418717,19.0,0.9398601398601399,1.0
DPYD,4,9,16.571186160767176,16.54850337844734,0.022682782319837003,17.0,0.9398601398601399,1.0
UFM1,4,9,19.052471438224035,19.170796009396483,-0.11832457117244743,17.0,0.9398601398601399,1.0
DEFA1;DEFA3,4,9,19.3345818254355,19.602827253067687,-0.2682454276321877,17.0,0.9398601398601399,1.0
ATG7,4,9,16.210314637137703,16.154454462743608,0.05586017439409474,19.0,0.9398601398601399,1.0
FBP1,4,9,18.27212284223323,17.98070275868539,0.2914200835478411,19.0,0.9398601398601399,1.0
PGAM5,4,9,17.49493037237799,17.606595407965706,-0.11166503558771623,17.0,0.9398601398601399,1.0
PDXK,4,9,18.337902167789398,18.349075719455815,-0.01117355166641687,19.0,0.9398601398601399,1.0
LRCH4,4,9,15.974977159507308,15.958858794968162,0.016118364539146057,17.0,0.9398601398601399,1.0
KRT83,4,9,20.77255282414813,21.546731027169123,-0.7741782030209947,17.0,0.9398601398601399,1.0
MBNL1,4,9,16.86706165704698,16.917323051652158,-0.05026139460517953,19.0,0.9398601398601399,1.0
SH3GL1,4,9,16.22636287024294,16.187714493459836,0.03864837678310451,17.0,0.9398601398601399,1.0
MAVS,4,9,14.580826729656502,14.567640781552,0.013185948104501577,19.0,0.9398601398601399,1.0
SUCLA2,4,9,14.533780763504701,14.546027151180173,-0.012246387675471482,19.0,0.9398601398601399,1.0
PPP1R8,4,9,14.168968363061433,14.174806856724516,-0.0058384936630826445,17.0,0.9398601398601399,1.0
PPT1,4,9,16.388620697802427,16.308440181946168,0.0801805158562594,19.0,0.9398601398601399,1.0
EIF2B4,4,9,15.612729982198598,15.729130014097457,-0.11640003189885917,17.0,0.9398601398601399,1.0
CYBRD1,4,9,16.92827352783724,16.74814958070614,0.1801239471311007,17.0,0.9398601398601399,1.0
PTPN1,4,9,18.665090060416276,18.65806003315223,0.007030027264047334,19.0,0.9398601398601399,1.0
AGA,4,9,18.218812846910602,18.169069892923407,0.04974295398719519,17.0,0.9398601398601399,1.0
RAC1,4,9,18.69986907384021,18.65447277139701,0.04539630244319781,17.0,0.9398601398601399,1.0
TRAM1,4,9,16.239898606619725,16.16604413196705,0.07385447465267703,19.0,0.9398601398601399,1.0
GALM,4,9,16.323950060007448,16.406722018373006,-0.08277195836555862,17.0,0.9398601398601399,1.0
IMP3,4,9,16.78045048276779,16.737252685121963,0.04319779764582776,17.0,0.9398601398601399,1.0
CDIPT,4,9,15.957300009321768,16.038736135370396,-0.0814361260486276,19.0,0.9398601398601399,1.0
ACAD8,4,9,18.226717515062745,18.2724804934656,-0.04576297840285548,17.0,0.9398601398601399,1.0
TRAPPC4,4,9,13.851469606105708,13.673319152963659,0.1781504531420488,19.0,0.9398601398601399,1.0
GMIP,4,9,15.679030694714406,15.730488759847212,-0.05145806513280604,17.0,0.9398601398601399,1.0
CARM1,4,9,16.348098755883836,16.383607364846476,-0.03550860896264041,17.0,0.9398601398601399,1.0
GLYR1,4,9,16.275164368193806,16.30555926865827,-0.030394900464465024,19.0,0.9398601398601399,1.0
VPS26B,4,9,15.04410112135616,15.05930552724893,-0.015204405892768946,19.0,0.9398601398601399,1.0
MRPL4,4,9,17.72767108092657,17.932638050220497,-0.20496696929392755,19.0,0.9398601398601399,1.0
TRIOBP,4,9,14.250936686447979,14.269772564726395,-0.018835878278416374,19.0,0.9398601398601399,1.0
BZW1,4,9,16.810270207837817,16.820448176286966,-0.010177968449148977,17.0,0.9398601398601399,1.0
RABEP2,4,9,15.678307092704681,15.668840515313828,0.009466577390853104,17.0,0.9398601398601399,1.0
IPO9,4,9,16.83888749851453,16.911192590856327,-0.0723050923417965,17.0,0.9398601398601399,1.0
NUP107,4,9,16.64055057224804,16.574870452179905,0.06568012006813362,17.0,0.9398601398601399,1.0
NUP98,4,9,19.97799158239829,20.10973309045992,-0.13174150806162999,17.0,0.9398601398601399,1.0
RRAS,4,9,17.054284658315552,16.88654684610306,0.1677378122124935,19.0,0.9398601398601399,1.0
STAT2,4,9,16.539843159193524,16.487921100021328,0.05192205917219539,19.0,0.9398601398601399,1.0
RAB5B,4,9,16.766248349628412,16.746463647779276,0.01978470184913661,19.0,0.9398601398601399,1.0
SUPT16H,4,9,17.972271902568316,18.03686008005041,-0.06458817748209356,17.0,0.9398601398601399,1.0
NCK1,4,9,16.481595781417617,16.402114837168554,0.07948094424906316,19.0,0.9398601398601399,1.0
APBB1IP,5,8,16.7914075182727,16.98325453572306,-0.19184701745036037,19.0,0.9432789432789432,1.0
INF2,5,8,16.87598921148684,16.862862568601592,0.013126642885247009,19.0,0.9432789432789432,1.0
DERL1,5,8,21.03766078315297,21.011863245547403,0.025797537605566134,19.0,0.9432789432789432,1.0
CZIB,5,8,16.031132973508655,16.257597019269035,-0.22646404576038037,19.0,0.9432789432789432,1.0
SYK,5,8,15.571921989031381,15.451093729479409,0.1208282595519723,21.0,0.9432789432789432,1.0
TRIM22,5,8,14.843303376277689,14.879648739430891,-0.03634536315320247,19.0,0.9432789432789432,1.0
ARHGAP45,5,8,18.607930280139165,18.727711145074515,-0.11978086493535045,19.0,0.9432789432789432,1.0
NIF3L1,5,8,16.555053553319524,16.45442557429844,0.100627979021084,21.0,0.9432789432789432,1.0
STAB1,5,8,17.78595202686187,17.87659508022125,-0.09064305335937917,19.0,0.9432789432789432,1.0
CTSC,5,8,17.318133106931935,17.39974666008125,-0.08161355314931384,19.0,0.9432789432789432,1.0
IST1,5,8,17.534990346771743,17.552280304256804,-0.01728995748506179,19.0,0.9432789432789432,1.0
FBLIM1,5,8,14.175720169003782,14.244377040789708,-0.06865687178592594,21.0,0.9432789432789432,1.0
NEDD4,5,8,13.990419211410643,14.026878485106486,-0.036459273695843564,21.0,0.9432789432789432,1.0
PIK3R1,5,8,15.568001534158636,15.537222235301785,0.030779298856851156,19.0,0.9432789432789432,1.0
KLK5,5,8,19.1053010828437,18.751276728012098,0.35402435483160133,19.0,0.9432789432789432,1.0
HIBCH,5,8,15.421788651674285,15.397777806637905,0.024010845036380957,21.0,0.9432789432789432,1.0
ENG,5,8,13.17738541886985,13.09633893717164,0.08104648169821083,21.0,0.9432789432789432,1.0
TST,5,8,20.77791795225165,20.746694952455062,0.031222999796586492,21.0,0.9432789432789432,1.0
HAGH,5,8,16.819151746675388,16.691093651052014,0.12805809562337345,21.0,0.9432789432789432,1.0
LYN,5,8,18.582352448686354,18.581176317793314,0.0011761308930395842,19.0,0.9432789432789432,1.0
COPS4,5,8,17.606092169800988,17.570260315513917,0.03583185428707125,19.0,0.9432789432789432,1.0
FEN1,5,8,16.29747802813269,16.32351039299565,-0.026032364862960122,19.0,0.9432789432789432,1.0
ZC3H12D,3,7,11.858612389013535,11.88318912559184,-0.024576736578305614,10.0,0.9999999999999999,1.0
STRIP1,3,7,13.100393788894118,13.177235311495545,-0.07684152260142696,11.0,0.9999999999999999,1.0
STAT5B,3,7,12.087760218188635,11.885224636070449,0.2025355821181858,10.0,0.9999999999999999,1.0
DNAJC2,3,7,14.667766305438603,14.699424361173309,-0.031658055734705925,10.0,0.9999999999999999,1.0
NUP37,3,7,14.107127315198747,13.95963811903528,0.1474891961634679,11.0,0.9999999999999999,1.0
IL18,3,7,15.598722020847106,15.617985261312741,-0.019263240465635434,10.0,0.9999999999999999,1.0
ALG11,3,7,11.150071408735558,10.798031672497327,0.3520397362382308,11.0,0.9999999999999999,1.0
ATXN3,3,7,15.676969019516102,15.563389911024222,0.11357910849188002,11.0,0.9999999999999999,1.0
PGGT1B,3,7,13.888960862854418,13.88419855179462,0.004762311059797852,11.0,0.9999999999999999,1.0
SHTN1,3,7,16.396173517394054,16.44100943939002,-0.04483592199596487,10.0,0.9999999999999999,1.0
NUDT18,3,7,12.254563726021457,11.97361224534178,0.28095148067967735,10.0,0.9999999999999999,1.0
TRAPPC11,3,7,11.684163904265624,11.618779591546959,0.06538431271866507,11.0,0.9999999999999999,1.0
HYI,3,7,12.297537128812627,12.177615494401197,0.11992163441142978,10.0,0.9999999999999999,1.0
CIAO2A,3,7,15.363793882521444,15.367703813487887,-0.003909930966443653,11.0,0.9999999999999999,1.0
NOP14,3,7,13.349008834643755,13.316389530101944,0.032619304541810834,11.0,0.9999999999999999,1.0
DHRS4,3,7,16.072846766341446,16.072980215498045,-0.0001334491565998519,11.0,0.9999999999999999,1.0
GTF3C1,3,7,14.886169250652335,14.947506651781437,-0.061337401129101465,10.0,0.9999999999999999,1.0
PIK3R2,3,7,12.145585927907044,11.94635318245225,0.1992327454547933,11.0,0.9999999999999999,1.0
NDE1,3,7,15.288477297775204,15.139082784945144,0.14939451283006022,11.0,0.9999999999999999,1.0
PSD4,3,7,14.01915406203436,13.920102591765486,0.09905147026887384,11.0,0.9999999999999999,1.0
CDC40,3,7,13.608381248665014,13.644256518705111,-0.03587527004009772,10.0,0.9999999999999999,1.0
ANO10,3,7,13.635452837340011,13.71458076228349,-0.07912792494347798,10.0,0.9999999999999999,1.0
RPP25,3,7,13.392600845056654,13.27720162490645,0.11539922015020387,11.0,0.9999999999999999,1.0
PPWD1,3,7,18.909885513950005,18.845418266336086,0.0644672476139192,10.0,0.9999999999999999,1.0
RBCK1,3,7,15.757071134437728,15.674286581148975,0.08278455328875367,10.0,0.9999999999999999,1.0
SVIL,3,7,13.117003608940529,13.090006837588238,0.02699677135229095,11.0,0.9999999999999999,1.0
C5,3,7,15.053111540685828,15.069611820848165,-0.016500280162336622,10.0,0.9999999999999999,1.0
GMPR2,3,7,13.58897919450031,13.552594458162645,0.03638473633766459,11.0,0.9999999999999999,1.0
MAD1L1,3,7,15.36920772059703,15.35072958544826,0.01847813514877039,11.0,0.9999999999999999,1.0
FBXO7,3,7,15.967494723227068,15.800456239903891,0.16703848332317683,11.0,0.9999999999999999,1.0
HGH1,3,7,16.97690018363316,17.0536081940279,-0.07670801039473929,10.0,0.9999999999999999,1.0
APOA2,3,7,16.914582623771665,16.92484982674454,-0.010267202972876532,10.0,0.9999999999999999,1.0
HMCN1,3,7,14.170936273209099,14.2002635980845,-0.029327324875401573,10.0,0.9999999999999999,1.0
NFKBIE,3,7,11.588497270616834,11.483521813979465,0.10497545663736929,11.0,0.9999999999999999,1.0
POLR1A,3,7,15.81052950775466,15.86748466928052,-0.056955161525859666,10.0,0.9999999999999999,1.0
DHRS11,4,6,14.114138585939907,14.097854866073481,0.016283719866425628,12.0,1.0,1.0
TXNDC5,5,9,21.31749914523574,21.45517374387688,-0.13767459864114073,22.0,1.0,1.0
DES,4,9,20.527122330342948,20.50282483109856,0.024297499244386955,18.0,1.0,1.0
ACP2,4,9,15.76246827023408,15.639261468806865,0.12320680142721585,18.0,1.0,1.0
VPS25,4,7,13.327799943102674,13.284820675877969,0.04297926722470535,14.0,1.0,1.0
CTPS1,4,9,17.297750843332892,17.309886508272765,-0.012135664939872726,18.0,1.0,1.0
CPNE1,5,9,20.000115224197195,19.923937997406775,0.0761772267904206,22.0,1.0,1.0
MACF1,5,9,17.778367299917797,17.79347009686165,-0.015102796943853747,22.0,1.0,1.0
MCCC2,4,9,17.840714050102424,17.875192629708938,-0.034478579606513904,18.0,1.0,1.0
ZNF512,5,9,15.105304183384675,14.944826794815661,0.1604773885690136,23.0,1.0,1.0
TRRAP,4,9,15.143551154712862,15.190416957730058,-0.04686580301719623,18.0,1.0,1.0
ABLIM1,4,9,14.719640990601308,14.81917955384442,-0.09953856324311161,18.0,1.0,1.0
CUL4B,5,9,16.899071404159706,16.94320531137188,-0.04413390721217425,22.0,1.0,1.0
MCM3,5,8,19.278770360296797,19.311622783365372,-0.03285242306857583,20.0,1.0,1.0
UBE3A,4,8,15.119690812416161,15.086605889107341,0.03308492330882018,16.0,1.0,1.0
CUL1,3,8,15.132879698283686,15.173865714211209,-0.0409860159275226,12.0,1.0,1.0
VDAC2,5,9,20.116162250294625,20.03808109027809,0.07808116001653431,23.0,1.0,1.0
COG1,3,9,14.85173212556279,14.881808003931736,-0.030075878368945652,13.0,1.0,1.0
CTSD,5,9,22.715233961342097,22.66608438778014,0.049149573561958704,23.0,1.0,1.0
DDAH2,5,9,19.64521726017869,19.54545091719195,0.09976634298674014,23.0,1.0,1.0
BYSL,5,9,15.94233670298965,15.915056446914914,0.02728025607473583,23.0,1.0,1.0
A2ML1,5,9,20.662494611873687,20.43391263894092,0.2285819729327656,23.0,1.0,1.0
CRNKL1,4,8,16.694746391562685,16.721396830587977,-0.026650439025292627,16.0,1.0,1.0
COPB2,5,9,19.83720298083834,19.960575399374868,-0.12337241853652614,23.0,1.0,1.0
XRCC5,5,9,20.030252745595064,20.07382859712778,-0.04357585153271515,22.0,1.0,1.0
CYRIA,4,7,15.724133191789843,15.739889829571547,-0.01575663778170444,14.0,1.0,1.0
COLGALT1,5,9,18.749126050425396,18.70831719538465,0.04080885504074416,23.0,1.0,1.0
ACAT2,5,9,18.161091897049868,18.201188066765294,-0.040096169715425845,23.0,1.0,1.0
DEK,5,9,18.61795061054777,18.68661772433597,-0.06866711378820156,22.0,1.0,1.0
UQCRFS1,5,9,17.868763408688174,17.801993426774477,0.06676998191369776,22.0,1.0,1.0
CRTC3,3,6,14.433520967834825,14.413299786987892,0.02022118084693325,9.0,1.0,1.0
YOD1,5,9,18.711423739609877,18.51659986948555,0.19482387012432767,23.0,1.0,1.0
MECP2,5,9,18.19649285893315,18.139975282409907,0.05651757652324463,22.0,1.0,1.0
CORO7,5,9,19.200542174483076,19.238750367615424,-0.038208193132348356,22.0,1.0,1.0
COMMD3,3,8,14.001310027098777,14.020166722644145,-0.018856695545368396,12.0,1.0,1.0
WIPF1,5,9,17.66210184412027,17.459732559458764,0.20236928466150417,22.0,1.0,1.0
CRABP2,4,9,17.98555994483059,17.99558144936029,-0.010021504529699854,18.0,1.0,1.0
DAB2,4,8,13.26786739229718,13.035773542496363,0.23209384980081715,16.0,1.0,1.0
COIL,3,5,13.116810330657605,12.783484304895143,0.33332602576246195,7.0,1.0,1.0
ACSL1,5,9,18.011294373285203,17.990113420591225,0.021180952693978128,23.0,1.0,1.0
WDR91,5,8,15.914508858474244,16.0013119835046,-0.08680312503035559,20.0,1.0,1.0
MAPKAPK2,4,6,14.422276039329212,14.307787353358108,0.11448868597110362,12.0,1.0,1.0
MAPKBP1,3,4,10.300000755531654,10.47398239355211,-0.17398163802045552,6.0,1.0,1.0
C11orf54,5,9,18.465727775155727,18.39268943161879,0.07303834353693617,23.0,1.0,1.0
TUBGCP2,3,8,17.69903587209608,17.644946981698805,0.05408889039727427,12.0,1.0,1.0
UCHL5,3,9,18.10523985363938,18.08841212881753,0.016827724821848022,14.0,1.0,1.0
CSNK2A2,5,8,16.23210627729619,16.28937737408699,-0.05727109679079945,20.0,1.0,1.0
DCPS,5,9,17.32477358159613,17.2780275316714,0.046746049924731636,22.0,1.0,1.0
WAS,5,9,16.981570747791764,17.05516996191013,-0.07359921411836723,23.0,1.0,1.0
TXN,5,9,21.218717287527078,21.21285901706129,0.005858270465786575,23.0,1.0,1.0
VTN,5,9,19.659656441061713,19.599439541615485,0.06021689944622821,23.0,1.0,1.0
COPE,5,9,17.448411518747637,17.53687215250133,-0.0884606337536944,23.0,1.0,1.0
VPS16,4,9,18.927182744872177,18.884031548590837,0.043151196281339566,18.0,1.0,1.0
NT5C2,4,7,16.31937184371775,16.328169041074098,-0.008797197356347652,14.0,1.0,1.0
TRIM3,3,5,10.329460054004091,10.439902339010468,-0.11044228500637665,7.0,1.0,1.0
RABGGTA,4,8,14.7551098347035,14.71049062218509,0.04461921251841083,16.0,1.0,1.0
RAB8A,5,9,18.353578765344245,18.23907455944643,0.11450420589781629,23.0,1.0,1.0
RAB3GAP1,3,9,15.41646478898628,15.397180618085612,0.019284170900668585,14.0,1.0,1.0
RAB31,3,8,15.606950595473592,15.589439240667769,0.017511354805822776,12.0,1.0,1.0
APOE,5,9,18.97066399355744,18.96136884894525,0.009295144612192274,22.0,1.0,1.0
RAB27A,5,9,19.67733761674834,19.92696100375996,-0.24962338701162068,23.0,1.0,1.0
GPNMB,4,9,19.19271297288634,18.885789817560543,0.30692315532579784,18.0,1.0,1.0
CDC5L,5,9,18.305569149623047,18.426666149841154,-0.1210970002181071,23.0,1.0,1.0
PXDC1,3,4,13.167223587546056,13.426282231108472,-0.25905864356241537,6.0,1.0,1.0
PURB,4,9,16.120184730163388,16.133453331935403,-0.013268601772015387,18.0,1.0,1.0
PURA,5,9,18.698618585271795,18.678726362739827,0.01989222253196843,23.0,1.0,1.0
PTPRC,5,9,21.818362652736646,21.77577007158574,0.04259258115090603,23.0,1.0,1.0
GSPT1,5,9,19.132142004464853,19.088548043014423,0.04359396145042993,23.0,1.0,1.0
KRT15,4,9,16.795450253122027,17.060051293899935,-0.264601040777908,18.0,1.0,1.0
GTF2A1,4,8,16.31036625487376,16.324994552771493,-0.014628297897733233,16.0,1.0,1.0
NCOR1,3,8,16.93203942267397,16.923097009259642,0.008942413414327888,12.0,1.0,1.0
PTGIS,5,9,17.067109484907352,16.901916553662844,0.1651929312445084,23.0,1.0,1.0
NCSTN,5,9,18.127088790101492,18.029241588043444,0.09784720205804831,23.0,1.0,1.0
H1-10,5,9,19.295898605831166,19.240483971768555,0.05541463406261116,22.0,1.0,1.0
NDRG2,4,9,18.188968349454388,18.302727141773705,-0.11375879231931663,18.0,1.0,1.0
PSMC6,5,9,20.5174220981124,20.504292492296845,0.013129605815557,23.0,1.0,1.0
BCS1L,3,8,15.182587811374688,15.12891464421662,0.05367316715806858,12.0,1.0,1.0
PSMB2,5,9,19.335732863429335,19.31480838865317,0.02092447477616588,23.0,1.0,1.0
NDUFA4,5,8,16.608819535736252,16.507625154860367,0.10119438087588506,20.0,1.0,1.0
CDC23,4,5,14.610811047498434,14.641251572851193,-0.030440525352759096,10.0,1.0,1.0
KPRP,5,9,24.10810107775511,23.964452449757513,0.14364862799759592,22.0,1.0,1.0
BCL2,5,8,14.125553261716288,14.438115115395817,-0.3125618536795294,20.0,1.0,1.0
RAD21,3,9,18.679317645888677,18.68143438596654,-0.0021167400778629997,13.0,1.0,1.0
KPLCE,5,9,23.468754803440103,23.123378275818997,0.3453765276211058,23.0,1.0,1.0
RALGAPB,3,9,13.444900145030386,13.375059757137278,0.06984038789310887,13.0,1.0,1.0
RAVER1,5,9,16.411707766458658,16.410120183002483,0.0015875834561747126,22.0,1.0,1.0
RPS19,5,9,20.64585468235492,20.741431032635848,-0.09557635028092903,22.0,1.0,1.0
RPS11,5,9,21.105200594516056,21.110359430816036,-0.005158836299980152,23.0,1.0,1.0
RPP30,3,6,14.603930517498526,14.678689344168253,-0.07475882666972744,9.0,1.0,1.0
RPN1,5,9,20.875317447915936,20.980447219783727,-0.10512977186779082,23.0,1.0,1.0
RPLP1,5,9,17.053224543285324,17.062177634377818,-0.008953091092493537,22.0,1.0,1.0
KRT36,3,8,18.870499829149086,19.362977032549523,-0.492477203400437,12.0,1.0,1.0
MZB1,5,9,22.156378025629877,22.34128915008695,-0.18491112445707358,22.0,1.0,1.0
KRT34,4,9,19.99643576280526,20.745770851593914,-0.749335088788655,18.0,1.0,1.0
RPL32,5,9,18.66735578816011,18.76298825752832,-0.09563246936821201,23.0,1.0,1.0
RPL22,5,9,20.597618677892182,20.67250679177609,-0.07488811388390815,23.0,1.0,1.0
GCLC,4,8,15.540183675600062,15.538279615770874,0.0019040598291883981,16.0,1.0,1.0
RPL18,5,9,22.387737323230244,22.379919681487248,0.007817641742995818,23.0,1.0,1.0
GCLM,3,5,17.26755736270944,17.29965840705892,-0.032101044349481356,7.0,1.0,1.0
RPL15,5,9,22.30679047485892,22.275499326518215,0.03129114834070634,23.0,1.0,1.0
KRT32,4,9,18.64030976212274,18.765541821106112,-0.12523205898337153,18.0,1.0,1.0
GDPD3,5,9,19.28622627599963,19.034601686049314,0.25162458995031756,23.0,1.0,1.0
RNF170,5,7,14.475452308200042,14.408839307253183,0.06661300094685885,17.0,1.0,1.0
CDKN2AIPNL,3,8,14.71279774383875,14.726888510225272,-0.014090766386521736,12.0,1.0,1.0
RHOG,4,9,17.574439660956845,17.511293987127086,0.06314567382975866,18.0,1.0,1.0
BGN,5,9,22.433005211709407,22.164389932322308,0.26861527938709884,23.0,1.0,1.0
RDH14,3,9,16.284388930489577,16.25097473471802,0.03341419577155591,13.0,1.0,1.0
RCC2,5,9,19.69451371510933,19.699684875896978,-0.005171160787647011,23.0,1.0,1.0
GMFG,4,9,17.85432576784654,17.758214930966446,0.09611083688009359,18.0,1.0,1.0
RBM17,4,8,16.11052026452848,16.021202726398535,0.08931753812994359,16.0,1.0,1.0
RBM14,5,9,19.766266802413334,19.785652925178756,-0.01938612276542173,22.0,1.0,1.0
RBM12B,4,9,16.871111849584434,16.848356300426218,0.02275554915821587,18.0,1.0,1.0
GNA11,4,9,16.366254010438702,16.27806098960696,0.08819302083174207,18.0,1.0,1.0
GNAQ,4,8,13.31236884937694,13.275457019676523,0.03691182970041673,16.0,1.0,1.0
PROCR,4,8,14.929790113264081,14.902711031532936,0.027079081731145038,16.0,1.0,1.0
PRKCB,5,9,17.152588928901217,16.995888177846936,0.15670075105428083,23.0,1.0,1.0
NDUFS3,5,9,19.97594698855024,19.93571216113983,0.040234827410412066,23.0,1.0,1.0
PFDN2,4,9,17.16984492360885,17.206999854155484,-0.037154930546634546,18.0,1.0,1.0
PFDN1,3,8,15.283026967189455,15.253699693225224,0.029327273964231182,12.0,1.0,1.0
PEBP1,5,9,20.839866697706835,20.880816729699845,-0.04095003199300962,22.0,1.0,1.0
BCAM,3,8,15.456993256452924,15.622567553182531,-0.16557429672960744,12.0,1.0,1.0
CCDC47,3,9,16.862126194578405,16.765397484059363,0.09672871051904153,14.0,1.0,1.0
IDUA,4,6,13.72231277309186,13.792689044604623,-0.07037627151276382,12.0,1.0,1.0
PDCD10,5,9,20.57189968486162,20.587138333419333,-0.015238648557712509,22.0,1.0,1.0
PCOLCE,5,9,17.39884513185304,17.233546111669668,0.1652990201833724,22.0,1.0,1.0
PCNP,4,9,16.19910568210789,16.229102817683398,-0.029997135575506206,18.0,1.0,1.0
PAXX,5,9,19.840677745957784,19.802922919978393,0.03775482597939117,23.0,1.0,1.0
NOP58,5,9,19.09540488100012,19.015568461702767,0.07983641929735441,23.0,1.0,1.0
BAP18,4,9,17.19942636753403,17.264280604193157,-0.06485423665912649,18.0,1.0,1.0
ATP5MG,4,9,16.953993356240893,16.970351211433865,-0.016357855192971726,18.0,1.0,1.0
PAICS,5,9,19.304321095381013,19.176952288076432,0.1273688073045811,23.0,1.0,1.0
PAFAH1B1,5,9,16.357604370144877,16.353624153875522,0.003980216269354742,22.0,1.0,1.0
NPLOC4,3,8,17.1869100929477,17.194109034482594,-0.007198941534895198,12.0,1.0,1.0
ILK,5,9,18.785841815895505,18.831842543584273,-0.046000727688767284,23.0,1.0,1.0
OSBPL11,4,8,14.832140169892337,14.932917643858087,-0.10077747396574921,16.0,1.0,1.0
ORM2,5,9,19.58189470905426,19.557256481676692,0.02463822737756871,23.0,1.0,1.0
ITPR1,3,8,14.486479141692996,14.359076023952046,0.12740311774095048,12.0,1.0,1.0
INTS5,3,9,13.922480774992062,13.919112722547345,0.0033680524447170512,14.0,1.0,1.0
NUP85,4,8,16.133986291242845,16.150115526492304,-0.016129235249458418,16.0,1.0,1.0
IQGAP1,5,9,21.363692888796315,21.3946152274653,-0.030922338668986526,23.0,1.0,1.0
IRAK4,4,3,12.243828590410965,12.200868081148784,0.042960509262181645,6.0,1.0,1.0
NUP155,4,9,16.90647854710339,16.934740415933433,-0.028261868830043113,18.0,1.0,1.0
BAG3,3,6,15.418108250365142,15.448689743996141,-0.030581493630998935,9.0,1.0,1.0
CARD19,3,9,14.295413395423418,14.160767243175355,0.1346461522480631,14.0,1.0,1.0
PFKP,4,9,19.290116258310498,19.218027646489713,0.07208861182078508,18.0,1.0,1.0
HSPB1,5,9,23.01648665763324,23.028431874381084,-0.011945216747843546,23.0,1.0,1.0
HSPA8,5,9,23.77829398808361,23.844204661326508,-0.06591067324289668,23.0,1.0,1.0
PGM2L1,4,9,15.175710893668668,15.12734775110733,0.04836314256133889,18.0,1.0,1.0
PRF1,3,3,13.59438858291985,13.721155830012263,-0.12676724709241327,5.0,1.0,1.0
CD38,4,8,16.791520538521247,16.904507103079567,-0.11298656455831946,16.0,1.0,1.0
PRCP,5,9,17.586335668791317,17.427686266415552,0.1586494023757652,23.0,1.0,1.0
PRAF2,5,9,17.112097693407225,17.034055886631425,0.07804180677580064,23.0,1.0,1.0
ARPC1B,5,9,19.236235499457518,19.345433648910078,-0.10919814945255979,23.0,1.0,1.0
NDUFS8,4,9,15.368320081880073,15.339375252008077,0.02894482987199609,18.0,1.0,1.0
CD276,3,8,14.63764107743718,14.523238476525233,0.11440260091194787,12.0,1.0,1.0
HEXB,5,9,20.117826273640283,19.994681392446715,0.12314488119356781,23.0,1.0,1.0
PPL,4,9,19.6478064424109,19.195880276705953,0.4519261657049469,18.0,1.0,1.0
HINT1,5,9,18.634931120434022,18.592928633533337,0.0420024869006852,23.0,1.0,1.0
CAPNS2,4,8,16.640593503369235,16.616708193776347,0.02388530959288815,16.0,1.0,1.0
PPIB,5,9,21.248296670097282,21.507198106275737,-0.25890143617845496,22.0,1.0,1.0
ASAH1,5,9,20.73137097791787,20.3527843731143,0.3785866048035693,23.0,1.0,1.0
CALD1,5,9,19.06265939326291,19.27439908667305,-0.21173969341014143,22.0,1.0,1.0
POLR2C,3,9,16.627882616557315,16.56552692087749,0.062355695679826795,13.0,1.0,1.0
POGLUT1,4,8,14.200623398603765,14.293697545342058,-0.09307414673829228,16.0,1.0,1.0
CD14,5,9,18.197789360293577,18.241893350888258,-0.04410399059468162,22.0,1.0,1.0
HNRNPDL,5,9,17.47465059225228,17.437495437393856,0.03715515485842502,22.0,1.0,1.0
HNRNPH3,5,9,19.92536604750513,20.022552521670445,-0.09718647416531567,23.0,1.0,1.0
PLEK,5,8,18.14375893451401,18.194528899614447,-0.050769965100435854,20.0,1.0,1.0
KIAA2013,3,9,15.153762025043212,15.120959020516128,0.03280300452708396,14.0,1.0,1.0
PITPNM1,4,8,12.239313310693973,12.323264539030955,-0.0839512283369821,16.0,1.0,1.0
HPRT1,5,9,18.82223404618911,18.854677205472,-0.03244315928289154,22.0,1.0,1.0
HPS5,3,3,11.148086344977806,11.012597786413073,0.13548855856473274,4.0,1.0,1.0
NFYB,4,8,13.32551836590188,13.468124055659533,-0.1426056897576533,16.0,1.0,1.0
PIK3AP1,3,9,14.212382046331797,14.108025337618878,0.10435670871291869,14.0,1.0,1.0
PIGT,3,8,15.244142952304143,15.128928294999897,0.11521465730424651,12.0,1.0,1.0
PI4K2A,4,9,17.121468486403632,17.163195151278817,-0.04172666487518484,18.0,1.0,1.0
HM13,5,9,16.65060181045937,16.80018685179301,-0.1495850413336406,23.0,1.0,1.0
TRIP10,3,6,15.632142429126219,15.675490553889134,-0.04334812476291461,9.0,1.0,1.0
GALNT1,4,8,15.664499460965464,15.629925671638636,0.034573789326827864,16.0,1.0,1.0
FXR1,5,9,18.151956335249892,18.170913966491753,-0.018957631241860895,22.0,1.0,1.0
THUMPD1,5,9,17.16588701456182,17.151891106038654,0.013995908523167344,23.0,1.0,1.0
TGM2,5,9,18.334206619430372,18.204949210363704,0.1292574090666676,23.0,1.0,1.0
CNBP,3,5,12.010777813833274,12.119013287275424,-0.10823547344215001,7.0,1.0,1.0
TGFB1,3,6,13.141231084228947,13.10297927585431,0.038251808374637264,9.0,1.0,1.0
ADH7,4,3,16.439205563822608,16.812162105579176,-0.3729565417565688,6.0,1.0,1.0
LPO,3,3,16.018670367573737,15.514830484601022,0.5038398829727146,5.0,1.0,1.0
TCP1,5,9,21.85627814049551,21.88832244301609,-0.03204430252057833,22.0,1.0,1.0
ECH1,5,9,20.555839292306747,20.5052595328394,0.05057975946734672,23.0,1.0,1.0
MMUT,5,8,16.05501662163237,16.067119102948894,-0.012102481316524916,20.0,1.0,1.0
ECM1,5,9,20.808203642063127,20.71037330743727,0.09783033462585777,22.0,1.0,1.0
LMNB1,5,9,22.058721793223594,22.038714011132775,0.020007782090818438,22.0,1.0,1.0
TBC1D15,4,9,16.77073867771351,16.83421278916655,-0.06347411145303994,18.0,1.0,1.0
AEBP1,5,9,18.89789365646851,18.799892838423922,0.09800081804458927,22.0,1.0,1.0
EEF1A1,5,9,24.259347760510757,24.24000943942426,0.019338321086497245,23.0,1.0,1.0
MPO,5,9,19.272350625333456,19.151925387660658,0.12042523767279789,23.0,1.0,1.0
EFHD1,4,8,17.916597549650675,17.987792314092832,-0.07119476444215778,16.0,1.0,1.0
TACC1,3,5,12.612279230427424,12.569706724158628,0.04257250626879561,8.0,1.0,1.0
TAB1,4,8,16.35845820330883,16.366238583269705,-0.007780379960873773,16.0,1.0,1.0
SUSD2,3,5,14.350365687777467,14.59946227499807,-0.24909658722060257,7.0,1.0,1.0
EHHADH,3,3,14.768749439388353,14.64483395952027,0.12391547986808327,5.0,1.0,1.0
SUPT6H,5,9,18.13348796587248,18.087156519261192,0.046331446611286964,22.0,1.0,1.0
AGL,5,9,20.281224539839588,20.12667819573658,0.15454634410300727,22.0,1.0,1.0
AGO3,3,5,12.65563705530527,12.690135420575622,-0.03449836527035188,7.0,1.0,1.0
AGPAT1,3,5,17.769450164185464,17.660234444810197,0.10921571937526764,7.0,1.0,1.0
SUCLG1,4,9,17.210921809670836,17.25602249433321,-0.045100684662372714,18.0,1.0,1.0
STT3B,5,9,17.67858016429026,17.693012196445196,-0.014432032154935825,22.0,1.0,1.0
STRN4,3,5,17.1108569373532,17.007185225264813,0.10367171208838855,8.0,1.0,1.0
ADGRE5,4,8,15.374694538300737,15.471366394322274,-0.09667185602153694,16.0,1.0,1.0
STK10,5,8,17.424201151979325,17.41875014950116,0.005451002478164213,20.0,1.0,1.0
THY1,5,9,17.373094182816953,17.32416057580563,0.0489336070113211,22.0,1.0,1.0
DSC3,5,9,19.867637767318897,19.772394091697883,0.09524367562101332,23.0,1.0,1.0
TRIM26,5,8,15.276178524851762,15.23011379267343,0.046064732178331624,20.0,1.0,1.0
MEN1,4,4,10.857266305687183,10.91403739180306,-0.05677108611587656,8.0,1.0,1.0
DHX36,5,8,17.02428008556468,16.958677028706163,0.0656030568585173,20.0,1.0,1.0
TRAPPC1,4,7,14.369602250204142,14.436632569075012,-0.06703031887087008,14.0,1.0,1.0
TRADD,5,9,17.701593829346656,17.65936711793819,0.042226711408467565,23.0,1.0,1.0
TRA2B,5,9,21.312616250405018,21.341613038803924,-0.028996788398906403,23.0,1.0,1.0
MEPCE,4,8,15.135501810916555,15.175218893447514,-0.0397170825309594,16.0,1.0,1.0
TPSAB1;TPSB2,3,9,17.059191890266742,17.508075193832223,-0.4488833035654807,14.0,1.0,1.0
DNAJB11,5,9,17.851583488950332,18.052900039000804,-0.20131655005047122,22.0,1.0,1.0
ACTBL2,5,9,26.014393963486718,25.87760923366209,0.13678472982462964,23.0,1.0,1.0
ACTG2,5,9,24.549457097025098,24.574278506591497,-0.024821409566399666,22.0,1.0,1.0
TOR3A,3,5,14.338300648359471,14.647458976627899,-0.3091583282684276,7.0,1.0,1.0
DNAJC8,5,9,17.806135987252937,17.754617264540727,0.05151872271220981,23.0,1.0,1.0
TOMM40,4,9,16.077974509121034,15.939723767037899,0.1382507420831356,18.0,1.0,1.0
LSR,3,8,14.789604150367182,14.885772284134424,-0.09616813376724132,12.0,1.0,1.0
ACTR1B,5,7,14.791702612720234,14.698088664648868,0.09361394807136669,18.0,1.0,1.0
ACTR2,5,9,20.200626422685083,20.23724198189344,-0.03661555920835724,22.0,1.0,1.0
DOCK10,4,8,15.210780299705046,15.144043983337262,0.0667363163677841,16.0,1.0,1.0
TMOD3,5,9,17.19331142524192,17.153017364708468,0.040294060533451415,23.0,1.0,1.0
TMEM63A,3,9,15.2170252032745,15.146048003914546,0.07097719935995528,14.0,1.0,1.0
DPP7,5,9,18.341337713538,18.388143671426143,-0.04680595788814301,23.0,1.0,1.0
TMEM263,3,6,13.818743283437605,13.85241814448527,-0.033674861047664706,9.0,1.0,1.0
MIA,3,9,16.538318846014977,16.41062945786324,0.1276893881517367,14.0,1.0,1.0
MIA2,3,8,14.811481875887457,14.955775880989787,-0.1442940051023296,12.0,1.0,1.0
LRCH3,4,9,12.92346617895553,12.935386733993242,-0.011920555037711722,18.0,1.0,1.0
TLN1,5,9,20.922718220908553,20.954443402607065,-0.03172518169851202,23.0,1.0,1.0
DSC1,5,9,22.085243575398444,22.017974395949544,0.06726917944889976,23.0,1.0,1.0
MLF2,3,9,16.33876747844974,16.555680824842145,-0.21691334639240623,13.0,1.0,1.0
STAU1,3,9,17.018413986431188,17.015676607382314,0.0027373790488738337,14.0,1.0,1.0
STAG1,3,9,16.388404959805204,16.624488731745377,-0.23608377194017294,14.0,1.0,1.0
AHNAK,5,9,22.87472264257272,22.896075466445982,-0.02135282387326143,22.0,1.0,1.0
SERPINB5,4,9,18.74017163193391,18.80843759762119,-0.06826596568727794,18.0,1.0,1.0
CHID1,4,9,15.636900282894404,15.675342173360864,-0.03844189046646029,18.0,1.0,1.0
CHI3L2,4,7,16.089578115252444,16.000801978067663,0.08877613718478017,14.0,1.0,1.0
ALOX12B,5,9,21.02601117487383,20.81155463142118,0.21445654345264842,23.0,1.0,1.0
FBLN2,5,9,19.036663159093465,19.04984725367836,-0.01318409458489711,23.0,1.0,1.0
SEPTIN1,5,9,18.76917409944739,18.582592277157804,0.18658182228958609,22.0,1.0,1.0
SELENOO,3,8,13.994435071250978,13.94163151998175,0.05280355126922842,12.0,1.0,1.0
MXRA5,5,9,18.235312883000624,18.18341694061835,0.051895942382273574,22.0,1.0,1.0
SEC61A1,5,9,18.129169050367487,18.240408391704054,-0.11123934133656732,22.0,1.0,1.0
SEC24C,5,9,17.701694929503827,17.805460880685885,-0.10376595118205856,22.0,1.0,1.0
SEC23IP,4,9,15.172125707459392,15.190508916729831,-0.018383209270439238,18.0,1.0,1.0
MYBBP1A,5,9,16.193820659301586,16.225793037890163,-0.031972378588577044,22.0,1.0,1.0
SEC16A,5,9,15.496041019851912,15.567037745530191,-0.0709967256782793,23.0,1.0,1.0
SCARB2,5,9,19.49556945935953,19.421375315452114,0.07419414390741608,22.0,1.0,1.0
ANKRD44,4,8,14.395759323875627,14.356510969786331,0.03924835408929539,16.0,1.0,1.0
SART1,5,9,17.191906251472986,17.23250056737478,-0.04059431590179585,22.0,1.0,1.0
CFL1,5,9,23.09849212562674,23.16968223705182,-0.07119011142507858,22.0,1.0,1.0
FKBP11,5,9,17.60445158748224,17.78962586477557,-0.1851742772933278,22.0,1.0,1.0
SAP18,3,9,17.030100414342936,17.12468094507767,-0.09458053073473494,14.0,1.0,1.0
MYH9,5,9,23.316015808636827,23.407295275388023,-0.09127946675119603,22.0,1.0,1.0
CFD,5,9,16.042897576125565,15.94253434844888,0.10036322767668437,23.0,1.0,1.0
S100A14,5,9,20.907151533060297,20.977845152549136,-0.07069361948883923,23.0,1.0,1.0
ANPEP,3,9,17.408964480008112,17.689833559918345,-0.28086907991023224,13.0,1.0,1.0
BLVRA,5,9,19.520280858419206,19.540441368707903,-0.020160510288697253,23.0,1.0,1.0
FMNL2,4,7,14.166426005828686,14.082503464203358,0.08392254162532886,14.0,1.0,1.0
FMOD,5,9,20.174647526434708,20.07296460361779,0.10168292281691649,23.0,1.0,1.0
FSCN1,5,9,20.108362435300883,20.236068568120693,-0.12770613281981014,22.0,1.0,1.0
KYAT3,5,9,17.130495167481502,17.232474088280455,-0.10197892079895254,22.0,1.0,1.0
SERPINB8,5,9,19.439286915089866,19.20904001814822,0.23024689694164735,22.0,1.0,1.0
CHMP1B,3,8,16.409838680466763,16.411415441791515,-0.0015767613247525958,12.0,1.0,1.0
F8A1,3,8,16.849681639796465,16.774860299123603,0.07482134067286239,12.0,1.0,1.0
SSH3,3,8,15.28342240563776,15.291899999476549,-0.008477593838788877,12.0,1.0,1.0
AIDA,4,8,16.119444538368207,16.031149759391504,0.08829477897670301,16.0,1.0,1.0
SRP54,4,9,16.556942482423764,16.62236330507321,-0.06542082264944682,18.0,1.0,1.0
EMC2,3,9,16.588847314454856,16.605094032312422,-0.01624671785756604,14.0,1.0,1.0
EMG1,4,9,17.542930452258087,17.593776056654363,-0.050845604396275945,18.0,1.0,1.0
SPCS2,5,9,19.523370735847344,19.575767351088036,-0.05239661524069206,22.0,1.0,1.0
ENDOD1,3,9,14.987205726620823,14.953973112791914,0.03323261382890941,13.0,1.0,1.0
MRPL58,4,7,13.838373341664987,13.727933660935516,0.11043968072947052,14.0,1.0,1.0
ENTPD1,4,8,19.61393341248683,19.46730407022575,0.14662934226107893,16.0,1.0,1.0
SNX18,5,9,18.552283561468766,18.58585908554403,-0.033575524075263985,22.0,1.0,1.0
SNX1,5,9,19.64567869767081,19.689195516840506,-0.043516819169695964,22.0,1.0,1.0
EPPK1,5,9,18.688747769332743,18.86046131774825,-0.17171354841550723,23.0,1.0,1.0
SNRPA,5,9,18.404306995294753,18.44070802785581,-0.03640103256105576,22.0,1.0,1.0
GALK1,5,9,17.742642796025276,17.71845615920259,0.02418663682268729,23.0,1.0,1.0
ALDH16A1,5,9,19.521192554399608,19.442191569188598,0.07900098521101029,23.0,1.0,1.0
SMCHD1,5,9,16.533318746114553,16.498038657285264,0.035280088829289014,22.0,1.0,1.0
SMARCD2,4,9,17.35142439359262,17.287829329802374,0.06359506379024538,18.0,1.0,1.0
SMAP,3,3,13.197814685352094,12.995710621363381,0.20210406398871328,5.0,1.0,1.0
MTAP,5,9,18.86953584812082,18.833837586584995,0.035698261535824116,23.0,1.0,1.0
ALDH3A1,3,6,18.84629712311714,18.67212765481627,0.174169468300871,9.0,1.0,1.0
ALDH6A1,4,9,19.979086051383035,19.974923112294228,0.0041629390888076045,18.0,1.0,1.0
MTMR12,3,4,13.063447481967307,13.627836442206915,-0.5643889602396079,6.0,1.0,1.0
MTMR14,4,6,12.863442051090612,12.866173627875904,-0.0027315767852922335,12.0,1.0,1.0
EXOSC2,4,8,15.72130131012408,15.715922054832024,0.005379255292055518,16.0,1.0,1.0
LAMA4,4,9,15.896129076440085,15.957291752750402,-0.061162676310317465,18.0,1.0,1.0
SFXN2,3,8,10.387389055427764,10.717333645544885,-0.32994459011712074,12.0,1.0,1.0
EZR,5,9,22.360990322171016,22.364966614018865,-0.003976291847848756,22.0,1.0,1.0
ALG12,3,5,11.381994156460925,11.632010780800517,-0.25001662433959204,7.0,1.0,1.0
MSMO1,3,5,14.528324260880659,14.55551725938121,-0.027192998500551013,8.0,1.0,1.0
FERMT3,5,9,21.03365571516492,20.91231162303176,0.12134409213316033,23.0,1.0,1.0
AAK1,2,7,11.706749242517695,11.82194962299459,,,,
AARSD1,2,7,14.152159730021765,14.497659022992622,,,,
ABAT,2,6,12.592803342652243,12.066620145814268,,,,
ABCB10,2,7,10.586634801149163,11.36794471613969,,,,
ABHD17B,2,6,14.903606044315985,13.564969146849917,,,,
ABHD5,2,5,13.692925889682583,12.17904067130455,,,,
ABT1,2,4,12.486016893872026,11.651715387046254,,,,
ACAD10,2,4,12.891588840061257,12.531536408055937,,,,
ACER1,2,4,18.1471719452203,16.335206920336553,,,,
ACOT13,2,9,13.929544684579922,14.147336462560563,,,,
ACOT8,2,8,12.831032626499796,12.778752912330397,,,,
ACSL4,2,7,12.278005531673063,13.263113908352112,,,,
ACSL5,2,7,14.799315266330261,14.750150355990584,,,,
ACTR10,2,6,15.238538273999314,15.029222764668896,,,,
ADAM10,2,8,12.77080263780272,12.854946441005271,,,,
ADAM17,2,3,11.663060983186934,11.662246025270248,,,,
ADAMTSL4,2,5,10.775881551462241,11.222280263484752,,,,
ADISSP,2,5,11.59318072594209,11.78725012910731,,,,
ADNP,2,9,16.350453333734563,16.46085713795282,,,,
ADRA2A,2,3,10.371311847101778,10.258720577858604,,,,
AFTPH,2,3,11.107088683978493,11.303717449846397,,,,
AGAP3,2,4,13.515125103849323,13.76962291686596,,,,
AGK,2,8,13.326001637557269,13.742554582474764,,,,
AGPS,2,7,17.804263527454378,18.045686957821193,,,,
AHCYL2,2,7,14.19703140553355,14.191038917799293,,,,
AHDC1,2,4,13.064919993191783,12.427058993814176,,,,
AHNAK2,2,6,15.970929332966776,16.08362715366172,,,,
AK4,2,3,13.058396491778836,12.67204907576229,,,,
AKT1S1,2,4,12.615324716741444,12.65546393191863,,,,
ALDH3B1,2,5,15.199444068574783,14.875416534548355,,,,
ALPL,2,7,14.76757242587848,13.823097021481361,,,,
ANAPC7,2,8,14.715904551850944,14.612961407049989,,,,
ANG,2,3,16.604769278311295,15.882172351137271,,,,
ANK1,2,3,16.32429527236065,15.606359417536458,,,,
ANKRD22,2,6,15.868596181976338,15.456175750986295,,,,
ANO6,2,6,13.77662318933207,13.665806484240571,,,,
AP1S2,2,6,12.451298015107863,12.511459142832647,,,,
AP3M2,2,3,11.908428029451724,11.351801532265329,,,,
APOL1,2,7,16.5097664640529,15.943074912431184,,,,
APOO,2,8,12.008621550130545,12.587840403839738,,,,
APP,2,7,17.57575868465394,17.8895519274704,,,,
ARHGAP21,2,5,12.836878858763217,12.997622476120233,,,,
ARHGEF11,2,7,13.885618621670854,13.903972100134585,,,,
ARL6IP6,2,5,14.280098881209774,14.622018916920648,,,,
ARMC1,2,8,16.54736879287509,16.859523457587407,,,,
ARMC6,2,5,13.524243280779388,13.688305614575745,,,,
ARMCX3,2,9,14.914283620461937,15.089175395137362,,,,
ARRB2,2,6,13.956099973844463,14.331638551002177,,,,
ASAP1,2,6,14.681516552574735,14.832090975406281,,,,
ASCC1,2,6,11.15106867291394,10.95163249998062,,,,
ATP2B3,2,4,13.10248491072987,12.371479367393631,,,,
ATP5MK,2,5,12.73266956964443,14.023960914289791,,,,
ATP6V0A2,2,3,16.55168105532929,16.079659429435715,,,,
ATP6V1C2,2,3,11.894701723086008,10.793314089988463,,,,
ATPAF2,2,3,11.358743378325693,10.588218303398563,,,,
ATXN10,2,7,13.33406096073588,13.637394050634137,,,,
B4GALT1,2,6,15.376224488570676,15.174653458793081,,,,
BBOX1,2,3,14.030360702302685,14.130346076892481,,,,
BCKDK,2,6,13.58722462496846,13.841962072138704,,,,
BCL7C,2,8,13.779325668235119,13.548989071850144,,,,
BCL9L,2,5,15.354498827300484,14.937690005185653,,,,
BICD2,2,6,14.201444968807285,13.937585345715798,,,,
BMP2K,2,7,15.422715392802399,15.540328020458873,,,,
BNIP1,2,3,17.121178860071893,16.79035962976971,,,,
BORCS7,2,3,13.153369107163096,12.659353156768157,,,,
BPGM,2,3,14.358491534096103,14.004316406924055,,,,
BPHL,2,8,14.63708066534458,15.27860011612643,,,,
BPIFA2,2,5,17.40867289960184,16.41896820753059,,,,
BPIFB1,2,3,20.057779032190147,17.761769394117184,,,,
BST2,2,8,16.925945712335412,16.715452517681896,,,,
C17orf75,2,6,13.59961983307145,13.470691263298498,,,,
C1RL,2,6,14.485706901996718,14.558204982455129,,,,
C1orf198,2,6,13.56007444031038,13.403275052185757,,,,
C6,2,6,15.982352630975884,15.575108053794224,,,,
CAPN7,2,6,13.377382121141412,13.329303835141511,,,,
CARD9,2,5,13.44586847245184,12.592117426406606,,,,
CARS2,2,9,16.3624606892405,16.966883706485376,,,,
CASK,2,8,14.423643122053953,14.412375904585526,,,,
CASP10,2,6,19.102082806695613,17.75464459949409,,,,
CAVIN3,2,6,17.012715335469657,16.36200214523346,,,,
CBR4,2,5,13.59624995923852,13.579325006785231,,,,
CBX1,2,6,14.719116354694371,15.153921531133264,,,,
CC2D1B,2,7,12.57965930273029,12.566523398705318,,,,
CCDC51,2,4,13.72328133608053,13.787167562260535,,,,
CCDC80,2,3,12.86959958980066,12.817772372326852,,,,
CCL19,2,4,13.829830890178894,12.675131197083164,,,,
CCNK,2,7,14.190555298088864,14.504426300065129,,,,
CCNY,2,8,13.662429862886246,13.71609138409869,,,,
CCS,2,8,14.119700021902261,14.33975091737794,,,,
CD3E,2,3,13.851524438461428,11.36561915383941,,,,
CD48,2,7,12.692577132465134,12.519676472897856,,,,
CD63,2,4,14.14385961209478,14.023403515040377,,,,
CD79B,2,5,13.205107483963289,12.645276630071338,,,,
CD81,2,6,12.178363041680747,12.641055113346441,,,,
CD93,2,4,13.458069467316843,12.179955312699406,,,,
CD99,2,4,15.24957584504574,13.640122279817977,,,,
CDK13,2,5,14.264803791182437,14.437650070156575,,,,
CDK6,2,9,17.939810370854325,16.97929879730976,,,,
CDK7,2,7,12.78706407162143,13.468130202378399,,,,
CEACAM1,2,6,16.171681193328542,15.771040028892322,,,,
CEBPZ,2,4,14.901049783780671,14.872606436270699,,,,
CENPC,2,4,13.7631964070736,13.553760249724249,,,,
CEP250,2,7,11.955708497736017,12.295980528336228,,,,
CHCHD6,2,5,15.567276446062312,15.722728829628334,,,,
CHD8,2,7,14.241183913728591,14.628559470516052,,,,
CHMP4C,2,6,13.870182649648378,15.039410854213559,,,,
CHPF,2,6,11.428353221916613,12.531345555148791,,,,
CHRAC1,2,6,15.74280410105896,14.934644254183533,,,,
CIAO1,2,3,16.542486815859466,14.99777234166647,,,,
CIAO3,2,6,13.27509396593157,13.063488273771164,,,,
CIC,2,6,11.914076441836931,12.299092570184191,,,,
CLCC1,2,9,14.878033689101448,14.99603806556291,,,,
CLEC11A,2,5,15.002359159992196,14.730085762318561,,,,
CLIC3,2,7,15.414705688953124,14.636519973887514,,,,
CLIC6,2,4,18.949452640791357,19.090725015717695,,,,
CLIP1,2,7,14.122374459755058,14.15302608930499,,,,
CLN5,2,5,14.422137768687527,13.648376169483578,,,,
CLNS1A,2,9,16.561158167413982,16.5891929571587,,,,
CLPB,2,7,17.79390814361146,17.926349666417945,,,,
CLPX,2,7,16.334868373668854,16.360459363795442,,,,
CMA1,2,6,18.299767134984243,17.806198184054473,,,,
CNFN,2,5,14.490197934751704,12.981606087472581,,,,
CNN1,2,6,15.19331760405381,15.486735765522711,,,,
CNNM3,2,5,17.57717679469779,17.153160817413543,,,,
CNOT10,2,6,12.911079942687707,13.221757332642975,,,,
CNOT11,2,7,13.892745702010991,13.504238263755209,,,,
COG2,2,8,18.269736831209954,17.963321421705395,,,,
COG8,2,6,15.61244654926532,15.694096786366833,,,,
COLEC12,2,7,14.258299587645237,13.792784309876442,,,,
COMMD5,2,9,15.921616058725643,16.13447887873188,,,,
COMTD1,2,5,12.824933961974029,12.69481161908042,,,,
COPS7B,2,7,13.722220221401972,13.484664115154663,,,,
COX20,2,8,14.75588267504167,15.465296453093018,,,,
COX7A2L,2,3,12.456064603015585,12.48514650933839,,,,
CPA3,2,6,19.328004242030335,18.903452646444705,,,,
CPB2,2,6,15.870118800899245,14.5463149377589,,,,
CPT2,2,7,14.78239355655558,14.823929087259668,,,,
CRADD,2,3,13.599893394041258,13.561623897776359,,,,
CREBBP,2,7,13.682767864249673,14.014875387642352,,,,
CRTC2,2,4,14.46355588318394,15.016944731931263,,,,
CSF2RA,2,3,13.12210151026359,12.528485323445585,,,,
CSNK2B,2,6,15.651250180515419,15.30820559432708,,,,
CTAG1A,2,6,14.445475548942376,15.618244308633114,,,,
CTBS,2,5,15.500654097895573,14.20995048485452,,,,
CTCF,2,4,12.896283332510057,12.678072056961552,,,,
CTDNEP1,2,5,18.537092630204615,17.80450226683289,,,,
CTSL,2,5,12.078606189590214,11.861088366488971,,,,
CWC15,2,7,16.167251412468744,16.19535963904738,,,,
CWH43,2,3,16.164186054536593,14.600411634334913,,,,
CYP27A1,2,8,19.0388403643529,18.910372824020918,,,,
DAP3,2,6,13.939898169238063,13.920975384094524,,,,
DAXX,2,6,14.795302326560993,14.384265889910402,,,,
DBR1,2,6,14.424208520455569,14.416632047413984,,,,
DCAF1,2,6,10.718313777440919,11.125476124124374,,,,
DCP1B,2,4,14.252798124536636,13.650037194785947,,,,
DCTN5,2,4,12.013904192802112,11.849668664296999,,,,
DCTN6,2,4,14.528561375870197,13.94356455379838,,,,
DCUN1D1,2,3,14.682671084287083,14.257821216974259,,,,
DDX31,2,5,15.30484498510284,14.639647128532122,,,,
DDX49,2,3,13.427721237328798,12.833795960635873,,,,
DDX50,2,9,14.52090019176718,14.626605285183395,,,,
DDX52,2,5,16.22256918147857,16.13831199033927,,,,
DDX55,2,3,12.447811219175833,12.02680719360916,,,,
DDX56,2,8,15.150522126786324,14.862181788865005,,,,
DEFB103A,2,4,14.83111340150757,14.229796269786947,,,,
DENND2D,2,4,14.394750845714636,13.917441504459003,,,,
DENND4A,2,4,12.736448865071885,12.913671061226461,,,,
DENR,2,8,15.449232727280842,15.337888143460098,,,,
DFFB,2,4,12.961209584821091,12.076208522549454,,,,
DHODH,2,7,13.776567694451373,14.267194418386898,,,,
DHRS7B,2,9,12.614852127254025,12.73089614281608,,,,
DHX35,2,4,12.532980648678215,12.592779463158596,,,,
DHX37,2,7,14.3044154729385,14.044669814131698,,,,
DHX8,2,5,15.132194791898318,15.152363911607011,,,,
DIDO1,2,6,16.300890783587676,15.96980227498293,,,,
DIMT1,2,7,13.984131889152183,13.394524771042557,,,,
DIP2A,2,6,11.750947240128855,11.596910274498102,,,,
DIS3L2,2,6,12.672858833298132,12.65638741507312,,,,
DLG1,2,6,12.265156173473216,12.230888854004347,,,,
DMBT1,2,6,20.744100619516136,19.184684549316795,,,,
DNAAF5,2,5,14.773247435765033,14.85273937535447,,,,
DNAJB2,2,8,15.90134245302919,15.908799361771058,,,,
DNASE1L2,2,4,16.52530011376354,15.48039610754521,,,,
DNMT3A,2,4,13.038024864764049,13.18699850122317,,,,
DOCK1,2,5,12.903653277513921,13.427011732278999,,,,
DOHH,2,4,10.368722707377726,10.273405293306904,,,,
DOP1B,2,5,16.682322107841163,16.163256373571038,,,,
DPP4,2,7,14.481166882558426,14.090660339674853,,,,
DTX3L,2,8,19.96960522412123,20.02374676744831,,,,
EARS2,2,7,16.159312230832597,16.28879262118812,,,,
ECI2,2,6,12.915279486956571,12.503219766316974,,,,
ECSIT,2,4,13.27365932102969,13.345572270208992,,,,
EFR3A,2,5,13.776763051727494,13.80879976859427,,,,
EGLN1,2,7,13.289543971268028,13.195057978822797,,,,
EIF2B1,2,5,15.277593004230342,14.88272203563661,,,,
EIF2B2,2,8,16.802456535658134,16.945322360830623,,,,
EIF2B5,2,9,15.446735813693122,15.818531257355545,,,,
EIF4E2,2,6,15.343952224171112,15.460976823489853,,,,
EIPR1,2,7,14.591917030456603,14.582580535966347,,,,
ELAC2,2,5,14.838040708014645,14.651479675941712,,,,
ELOC,2,7,15.424975349126537,15.693256217579444,,,,
ELP2,2,4,13.630013811620287,13.156346655584734,,,,
ELP5,2,4,11.281429820469542,11.52909273829811,,,,
ENO3,2,3,17.482193195905737,17.429410159757108,,,,
ENSA,2,8,15.361495849923902,15.183630571371182,,,,
EPB41L1,2,9,15.019961812797552,15.524911640005733,,,,
EPDR1,2,5,12.642891764700476,12.365629628996256,,,,
EPM2AIP1,2,5,14.45691098688416,13.814497953733778,,,,
EPS8L2,2,8,15.535794651445165,15.229680189292333,,,,
EPX,2,5,16.959540529177687,17.691477813790037,,,,
ERBIN,2,6,12.471700961726455,12.793283565196324,,,,
ERLIN1,2,6,13.170334370270671,12.14411306558123,,,,
ESYT3,2,8,17.45749356592144,16.017470702803177,,,,
EXOC8,2,8,15.03097098220288,14.780398911142056,,,,
EXOSC1,2,3,11.773531689474718,10.688128687022209,,,,
FAM107B,2,8,14.720492952761397,14.271801186392128,,,,
FAM114A1,2,6,15.98821279239059,16.140299665684434,,,,
FAM120C,2,7,12.696786093837181,13.436546514681696,,,,
FAM83H,2,7,14.49466614192982,13.872982888358324,,,,
FAM8A1,2,5,11.585418711428218,10.660799600033219,,,,
FAM98A,2,7,14.697123408090366,14.674487140144237,,,,
FASTKD2,2,3,13.628061695670493,13.269006551919441,,,,
FBXL18,2,5,13.048421814763529,12.962427110616725,,,,
FBXO30,2,6,14.591247860203982,14.050321717145692,,,,
FCGBP,2,5,15.330431553879698,15.100288079066981,,,,
FERMT2,2,8,14.513826052796222,14.956494591312609,,,,
FGFR1OP2,2,5,12.944226784835545,12.556580962973348,,,,
FNBP1L,2,3,14.343476878484024,14.335322453074506,,,,
FNTB,2,4,13.531296615418265,14.187816624650445,,,,
FOCAD,2,4,10.77487094088508,11.485540464428217,,,,
FXR2,2,5,13.47526957011301,13.460919614807796,,,,
FYN,2,4,12.894809746734479,12.245031591012303,,,,
GABARAPL2,2,7,13.315401199719311,13.402401986901529,,,,
GALE,2,6,13.887334072303888,13.914209659714293,,,,
GALK2,2,7,14.7077411781264,15.056495846005308,,,,
GAN,2,3,16.588381246787172,15.82252726269158,,,,
GBP5,2,8,16.431369413050252,16.199257294252092,,,,
GDE1,2,6,13.322538159336716,12.322569009860429,,,,
GFM2,2,5,13.338559601461561,13.36823596106874,,,,
GIMAP7,2,3,15.12757647481424,16.08947616906601,,,,
GIMAP8,2,6,13.171329357843511,13.35263413932008,,,,
GIPC1,2,8,17.38217866810082,17.974339921127083,,,,
GK,2,3,14.074589018998449,13.97235837962051,,,,
GNA15,2,6,13.042197153980599,12.393559447801977,,,,
GNE,2,8,13.232041387675842,12.977400804369434,,,,
GNG7,2,8,15.007517616604213,14.74122380341456,,,,
GNPDA2,2,5,14.188375860367342,13.616483333434354,,,,
GOLGA3,2,8,20.677267376302943,21.04119233073837,,,,
GOLGA4,2,6,13.380290431338778,13.232558437711043,,,,
GOLPH3L,2,6,15.009506923431072,15.279820070142703,,,,
GOPC,2,6,13.737374036303425,13.487033471976906,,,,
GPC1,2,6,14.283420147321944,13.913119868138388,,,,
GPHN,2,7,14.395228829716014,14.056703878898713,,,,
GPKOW,2,6,16.300206783720277,16.13885261838367,,,,
GPX7,2,8,13.107736039833433,13.412747768629616,,,,
GRAP,2,7,14.499702731640614,14.129387201322103,,,,
GRK6,2,7,12.472191852118698,12.646578386088551,,,,
GRSF1,2,7,16.45156579291092,15.93349003727583,,,,
GRWD1,2,7,15.307287468988612,14.974602016939079,,,,
GSDME,2,7,15.1989057313908,15.325111024104118,,,,
GSK3A,2,5,16.51923246914742,16.0326873192678,,,,
GSTM1,2,6,14.788547579911246,14.952685899789499,,,,
GSTM3,2,7,15.604619337753604,15.424655599944785,,,,
GSTZ1,2,5,15.38266475760335,15.330753823590815,,,,
GTF2E1,2,7,12.033472574357052,12.023758896892216,,,,
GTF3C5,2,6,12.204226655216427,12.155080269768755,,,,
GTPBP6,2,3,10.622306119683218,10.372133386741828,,,,
HACL1,2,7,18.618244715833214,17.569636017079354,,,,
HAUS4,2,3,12.868518813538817,12.959452475929325,,,,
HAUS5,2,3,11.086508190824365,10.211345388011251,,,,
HAX1,2,3,14.242773106427682,14.290194741445811,,,,
HDDC3,2,3,12.92615746346881,12.848504612275732,,,,
HEATR5A,2,4,9.796830290910755,9.499944709852198,,,,
HEATR5B,2,7,12.732305719473384,12.455944756982635,,,,
HID1,2,5,13.060219563431538,13.334101720843975,,,,
HIP1R,2,9,16.623591786764027,16.127012147752747,,,,
HK2,2,5,16.983678363061408,16.778655045962736,,,,
HMBS,2,5,15.716996612548694,15.524350273796475,,,,
HMGB3,2,8,15.28137796233027,15.710087391387585,,,,
HMGCS1,2,8,13.232109982377306,13.678964889310738,,,,
HMGN4,2,6,14.68487488614581,12.94047544354523,,,,
HSDL1,2,6,12.878000486103865,12.255865583198053,,,,
HSF1,2,5,15.266783701583819,15.838475294182036,,,,
HSPA12A,2,6,10.241376058431284,10.990295239636637,,,,
IDI1,2,7,15.44500316433521,15.795772855247067,,,,
IFIT2,2,5,16.640136928847433,15.96968431787064,,,,
IFIT3,2,8,14.850659306360171,14.859079364091173,,,,
IGFBP3,2,3,13.283950145971154,12.028360515594931,,,,
IGFBP5,2,4,14.376820165219605,14.027056449161941,,,,
IGHV1-46,2,3,15.708807008047136,15.11167265138473,,,,
IGHV4-4,2,7,15.139802997167845,14.630199771797717,,,,
IGHV5-10-1,2,4,14.190147262021892,13.738872522376989,,,,
IGLV3-19,2,5,15.600145624788572,14.907718414156317,,,,
IKBIP,2,6,15.387902495886372,15.020884204886109,,,,
IKBKE,2,5,12.205990554623062,12.339498603243445,,,,
IKBKG,2,8,12.995081075938947,13.128855940583533,,,,
IKZF3,2,8,13.567399933500226,13.494488233818412,,,,
IL1RN,2,9,17.399590195048397,15.756029920269421,,,,
IL37,2,8,17.13642610555378,15.87584486359767,,,,
IMPACT,2,5,12.966355306198793,12.949901639438883,,,,
INPP1,2,3,15.438027370732431,15.092360283479977,,,,
INPP5F,2,4,12.690122627543357,12.063341632330525,,,,
INPPL1,2,8,16.99935777179915,16.963684839886007,,,,
INTS10,2,5,12.042941139534294,12.611816169466422,,,,
INTS11,2,4,11.60766945579153,11.417361289615913,,,,
INTS13,2,7,12.728485570200998,13.125221848154252,,,,
INTS14,2,7,13.321912127456093,13.19333069124124,,,,
INTS2,2,3,14.198797176029384,14.320545003773303,,,,
INTS4,2,3,13.465902987445155,13.649426833793237,,,,
INTS6,2,6,13.270573801648009,13.442945155159457,,,,
IPO8,2,8,14.124748610702584,13.87599859047004,,,,
IRAG2,2,7,14.17580066521484,13.270739526227022,,,,
IRF2,2,3,12.372195792002808,12.100370568748502,,,,
ITCH,2,7,14.455623854040105,14.302165546715694,,,,
ITGA2,2,6,12.67447615567442,13.478193642186438,,,,
ITGAV,2,9,15.647706452980383,15.381963120378478,,,,
ITGB4,2,8,15.440718871707258,15.974584680411034,,,,
ITGB6,2,6,17.872815404540425,17.647347728344,,,,
ITSN2,2,7,13.925999808256417,13.870874563953654,,,,
IVL,2,6,18.593889082569476,16.367773133897426,,,,
JMJD6,2,7,17.332096258323503,17.133249166723377,,,,
JMJD7,2,3,11.927819284979709,10.757153972121323,,,,
KANK2,2,5,13.610790760562736,14.067459297894299,,,,
KCTD5,2,6,18.054769445994637,17.649713944435693,,,,
KDM5C,2,5,11.799239780764818,11.03040754244105,,,,
KEAP1,2,3,16.199276014134483,16.38748691116643,,,,
KHNYN,2,3,10.891500308565455,11.09237348849477,,,,
KIRREL1,2,7,13.28847932729592,13.50622446633396,,,,
KLC2,2,8,14.120580716552073,14.495374856082645,,,,
KLHL22,2,4,12.427365499995437,11.87771515718864,,,,
KLHL36,2,3,12.32271368383335,11.906678561176713,,,,
KLK9,2,6,15.93776259274639,15.456443704877964,,,,
KRT33A,2,6,18.266470979255402,18.929791193040945,,,,
KRT40,2,5,16.46692692541057,15.884135977399222,,,,
KRT6C,2,3,17.617661801750746,16.957490388175668,,,,
KRT74,2,4,13.309426005755268,12.822899761330135,,,,
KRTAP13-2,2,3,15.238578170348138,15.30791567774574,,,,
KRTAP24-1,2,6,16.573689973446427,16.334939296955447,,,,
KYNU,2,8,14.196012740330016,13.88659961796272,,,,
LAD1,2,8,15.338710147427168,15.8790943010663,,,,
LAMB3,2,5,15.712464378753562,15.896645025899776,,,,
LAMTOR5,2,5,12.662577917617948,13.951905046694492,,,,
LANCL2,2,7,13.24351092530593,13.266745512207667,,,,
LARP4B,2,7,13.86562669092583,13.836162154321103,,,,
LARS2,2,9,18.09747726182811,17.663792634457998,,,,
LAT2,2,5,14.154472860076487,13.652558353040053,,,,
LCE1A;LCE1C;LCE1D;LCE1E;LCE1F;LCE5A,2,4,17.00567261734861,15.24986680955138,,,,
LEO1,2,5,12.847859374449147,13.006420932225499,,,,
LGALS8,2,6,14.806238411236773,14.210717962181919,,,,
LIG1,2,3,13.879295674996104,13.818068004404019,,,,
LIMD1,2,5,13.109101171485538,12.969248021731364,,,,
LIMS1,2,5,13.986731970372249,13.517660845345933,,,,
LIN7C,2,8,15.848663805239,15.74874346155563,,,,
LIPN,2,4,15.4015024669299,13.790487939137027,,,,
LITAF,2,5,14.290958310735494,13.63515856830495,,,,
LMF1,2,6,11.957870533192523,12.602426892183281,,,,
LONP2,2,3,11.808473704145031,10.687091371143183,,,,
LPCAT2,2,6,16.202802658142847,15.760224397988557,,,,
LPCAT3,2,6,14.372466944675548,14.910923790811395,,,,
LPGAT1,2,7,14.111161446624145,13.846387059882234,,,,
LRCH1,2,6,13.365404728867095,12.681217898584729,,,,
LRIG1,2,3,13.949615883086986,13.14679981840508,,,,
LRPAP1,2,8,15.156053560693842,15.525374567667676,,,,
LRRC25,2,7,12.090332090485179,11.678903660881057,,,,
LRRC8C,2,4,13.264347969456463,13.009902963744015,,,,
LRRFIP2,2,8,13.986060263139255,13.430658872283345,,,,
LRSAM1,2,3,13.787972337763186,13.630228680820409,,,,
LSM12,2,4,18.232007508160315,17.63644915795025,,,,
LSM2,2,4,14.601195699113633,14.831442603386186,,,,
LYAR,2,7,16.22642253988967,16.565203908231737,,,,
LYPD3,2,8,18.4103740593851,15.365521609411186,,,,
LYRM4,2,7,14.931628174895149,14.711849382391259,,,,
LYRM7,2,6,12.098589682622702,12.761330054296387,,,,
MAN1A2,2,3,14.454232635672803,14.460726088357704,,,,
MAN2A2,2,4,15.19849651642199,15.360978529407673,,,,
MAP2,2,4,17.381239565938728,17.27526610245753,,,,
MAP2K1,2,8,15.553687762531053,16.118742557997784,,,,
MAP2K6,2,6,14.044511066419172,13.911014122607519,,,,
MAP4K2,2,6,12.44426316109686,12.217284420002782,,,,
MAP4K4,2,4,10.430398255077542,10.31830828151455,,,,
MAPRE2,2,5,13.393797533477482,13.283557809812654,,,,
MARS2,2,5,13.820384633404107,13.81138020079344,,,,
MBD1,2,6,12.516684194782265,12.724971476858096,,,,
MCEE,2,5,10.360011638662538,10.583364220407665,,,,
MCM3AP,2,6,13.04212421126089,12.61397515695149,,,,
MCRIP1,2,9,16.160046192787362,15.928037021924789,,,,
MDK,2,6,11.903027298048812,11.312808600594012,,,,
MED30,2,4,9.838939062073896,9.633847967652475,,,,
MED4,2,4,13.689532483607753,13.600253290801469,,,,
MEF2D,2,7,12.052611120657366,12.060701100918845,,,,
METTL3,2,7,13.332215689111486,12.61484353219379,,,,
MFAP1,2,8,16.756031899865604,16.428579824729326,,,,
MFN1,2,7,14.711528304224258,14.457728279224312,,,,
MGAT2,2,5,13.63530984622721,13.34019902454772,,,,
MGMT,2,4,13.877949254888128,14.426153729667542,,,,
MGST1,2,9,17.809604950103243,16.758264618582057,,,,
MICALL1,2,6,15.855864711190318,15.921160843557251,,,,
MIEN1,2,4,14.171712389377808,14.327551953272645,,,,
MIER1,2,6,12.505413726845099,12.103285977698157,,,,
MKRN2,2,6,12.73145684925659,12.759516512178756,,,,
MMP10,2,4,16.38228976178146,15.77178014999713,,,,
MON1B,2,5,13.160749979435625,12.630377034020901,,,,
MPC2,2,5,15.78106891858526,15.900256190819372,,,,
MPHOSPH10,2,5,14.239180849272866,14.235490306460159,,,,
MPRIP,2,8,14.387400701520008,14.460096461852043,,,,
MRC1,2,6,13.652244152662083,13.766054587036521,,,,
MRM1,2,8,14.293664720924546,14.409091065512726,,,,
MROH6,2,5,12.589676421592515,10.87171917548338,,,,
MRPL1,2,4,13.906928391054432,13.641151049287771,,,,
MRPL18,2,8,13.229900733426275,14.02431466461029,,,,
MRPL24,2,8,13.36699081495232,13.094519244318127,,,,
MRPL34,2,5,13.810670018514564,13.319829640521926,,,,
MRPL49,2,4,14.442024376946524,14.509237251220108,,,,
MRPL50,2,8,14.446239232140604,14.46721609661769,,,,
MRPL53,2,4,15.983958309709514,16.042152241763212,,,,
MRPS11,2,4,12.42801312653214,12.523067381137004,,,,
MRPS17,2,6,13.420561212706641,13.705247164498884,,,,
MRPS28,2,8,15.768783137676671,15.904060012834638,,,,
MRPS31,2,5,15.034339013512877,14.483409459069865,,,,
MRPS6,2,7,15.655809414514309,15.775494291705938,,,,
MRRF,2,7,13.695752269843968,14.309359244094447,,,,
MSL2,2,4,11.021109180597593,11.304954638223911,,,,
MSRA,2,3,12.696574113571353,12.440697657595626,,,,
MT-ND2,2,4,13.505926863553906,13.680299989630097,,,,
MTARC2,2,5,14.077298917282633,13.671286625477563,,,,
MTG1,2,4,13.754504008684574,13.266525125709187,,,,
MVD,2,9,14.760574983738913,14.923935599613802,,,,
MYEF2,2,8,17.348164023138494,17.60986285102824,,,,
MZT1,2,5,13.788309933443575,13.823239313394344,,,,
NAA10,2,7,15.48505540209208,15.40268677829213,,,,
NAA25,2,9,17.38438564351043,17.182993860826215,,,,
NAA50,2,7,14.145936997702627,14.001200675425379,,,,
NACC1,2,7,13.390639190299492,13.999314028951051,,,,
NADK,2,4,11.763341602645689,11.915225987482021,,,,
NAPG,2,7,14.812830651030902,14.60925516784017,,,,
NCF2,2,8,14.998568292223847,14.625089243406736,,,,
NCK2,2,7,16.007156066932648,15.721174875835272,,,,
NCOA7,2,4,10.341782306063317,10.241703737489072,,,,
NDUFA12,2,7,15.026914037609506,15.33691902981109,,,,
NDUFB3,2,5,15.561461853316018,15.068648022303202,,,,
NDUFB6,2,7,15.661553603826253,16.263323985180612,,,,
NDUFB7,2,5,13.491178700013194,12.749784263466134,,,,
NECAP1,2,4,12.067010314570174,12.504444455300273,,,,
NECTIN4,2,6,16.137358860809265,16.61169603506161,,,,
NELFB,2,9,15.121673447001754,15.27549640654932,,,,
NELFE,2,7,16.053001829641374,15.880837552115585,,,,
NENF,2,7,15.805938097382938,15.855156769235721,,,,
NF2,2,5,13.223751262882544,13.157023240541713,,,,
NFATC1,2,7,13.251619439572274,13.796568390986351,,,,
NFS1,2,7,18.66258678853763,18.504715506306315,,,,
NIBAN3,2,4,13.739936260599142,12.917466032715504,,,,
NIP7,2,4,14.986550625781653,14.594334007904875,,,,
NKPD1,2,7,15.521962156911815,14.156263235854706,,,,
NMD3,2,7,13.62505391905219,13.904244505860346,,,,
NOC4L,2,7,12.92225316560646,13.500533576123956,,,,
NOL11,2,6,14.710914393479154,14.077318484535787,,,,
NOL6,2,9,16.264384335770217,15.980694052167877,,,,
NOL9,2,8,15.270779495134134,14.966931200050354,,,,
NOP10,2,7,15.581055973703018,15.418855697725489,,,,
NOP16,2,6,15.505306325673732,15.7873599451301,,,,
NOSIP,2,6,13.099696712731607,13.39085149515543,,,,
NQO1,2,7,13.961246137498918,14.218085497774055,,,,
NT5DC2,2,5,13.906110655181841,14.41011653027542,,,,
NT5E,2,7,14.006313178059756,14.071561190853965,,,,
NUBPL,2,5,13.075932602028594,12.523574881758972,,,,
NUDT16L1,2,7,16.125170861853913,16.08907980795487,,,,
NUDT2,2,5,12.637421968999888,12.855533956225676,,,,
NUDT3,2,7,13.370430697888228,13.77600933349103,,,,
NUMB,2,9,16.22887950950923,16.236429645343044,,,,
NUP188,2,8,14.754309627790807,14.486077182004399,,,,
NUP50,2,7,15.74380369193884,15.926064503992547,,,,
NUP62,2,6,14.168276824304916,14.364147317977716,,,,
NUP88,2,8,16.155172368385514,16.20221064118018,,,,
OSTC,2,6,16.15675298766419,16.43473721407355,,,,
OTUD6B,2,7,15.201989634449554,15.601631342991599,,,,
OXA1L,2,6,15.153420861160907,15.534804575722866,,,,
OXR1,2,7,14.715887171283681,14.826041234297676,,,,
P4HA2,2,8,19.35394827418018,19.146456033678202,,,,
PAF1,2,6,16.479041065193243,16.077250669338323,,,,
PAK4,2,6,15.952349694763278,15.809648716801187,,,,
PALM,2,4,11.970802965750005,10.973352355055368,,,,
PALS2,2,6,12.275106240639001,12.630869950294963,,,,
PAPOLA,2,7,15.88013926428378,15.69889701367845,,,,
PARN,2,3,13.86237702755329,14.318252439203903,,,,
PARVG,2,6,12.918686005420586,12.80474764532763,,,,
PAX5,2,6,12.080736988928807,12.138130950362523,,,,
PCIF1,2,8,15.42273083194834,15.378017267792687,,,,
PCM1,2,7,12.605899677871355,12.776787665079398,,,,
PCNT,2,8,11.98402435009535,12.015858563411706,,,,
PDHX,2,8,15.57525155744208,15.960548947126897,,,,
PDPK1,2,8,11.617315680022152,11.161864428331075,,,,
PEX3,2,7,15.950513558842466,15.998491239893662,,,,
PFDN5,2,8,14.293685181010957,14.329464442775489,,,,
PHACTR4,2,4,13.276092919456431,12.924331210136238,,,,
PHF1,2,8,12.45565680112908,11.985127528801911,,,,
PHF14,2,9,14.093185995156421,14.632474164921595,,,,
PHIP,2,8,14.501411135991363,14.170532772205584,,,,
PHKG2,2,8,12.840483591545944,13.17004227456475,,,,
PHRF1,2,8,10.666556516934136,10.827428837814276,,,,
PIEZO1,2,4,13.499389890160952,13.104547173422112,,,,
PIH1D1,2,7,12.786350807255529,12.288123322782756,,,,
PIR,2,4,15.774906609659329,16.127877440834144,,,,
PKN2,2,5,14.247375298379676,14.250195000194461,,,,
PLCB3,2,7,14.33244130134621,14.121948908719682,,,,
PLCD3,2,5,12.488047087362844,11.34686603541263,,,,
PLEKHA1,2,5,15.518628069404485,14.789409925446638,,,,
PLEKHF1,2,8,12.787251562596683,12.666608150239588,,,,
PLGRKT,2,8,15.955625171463101,15.945840622133645,,,,
PLOD2,2,4,13.307067142438235,13.467915137172923,,,,
PMF1,2,4,12.491945502353847,11.595445719560388,,,,
PNKD,2,4,12.792043077709769,12.730441137603922,,,,
PNO1,2,8,15.414827308708471,15.458656491080516,,,,
PNPLA8,2,3,14.523206459126879,14.324075176324046,,,,
PNPO,2,9,16.9803511703009,16.963552970945663,,,,
PODXL,2,5,15.475712324710479,15.222771609784132,,,,
POLE3,2,5,15.833695748280636,15.672038124370744,,,,
POLR2D,2,8,13.019083253562076,13.061559177734537,,,,
POLR2G,2,4,11.504662908473973,10.439736668534039,,,,
POLR2L,2,4,12.669420383059794,12.688962775459602,,,,
POM121,2,5,12.744509109935798,12.991410117334869,,,,
POP1,2,5,17.04707272875887,16.959620745210447,,,,
PPFIA1,2,8,15.23196154356615,14.915519245701446,,,,
PPFIBP2,2,5,14.38872052264151,13.994292273080351,,,,
PPHLN1,2,7,16.078002736443104,14.530347073124899,,,,
PPIL1,2,7,15.463341740461372,15.518374882399796,,,,
PPIP5K2,2,7,14.039057555404737,13.994440312111836,,,,
PPM1A,2,7,14.032424725380816,13.898617312474196,,,,
PPM1L,2,3,15.490728086136555,15.459854724741751,,,,
PPME1,2,8,16.12583749617356,16.03135311254863,,,,
PPP2R2D,2,6,12.890206605449421,12.488135573998832,,,,
PPP3CC,2,6,13.656439456118491,13.579180797869759,,,,
PPP4R3A,2,5,13.434943688356768,13.340526105253073,,,,
PPP4R3B,2,3,8.994993941340791,9.013529335560975,,,,
PRH1,2,7,18.877034625983143,17.77006928552303,,,,
PRKAR2B,2,6,13.543749882493803,13.373222989454389,,,,
PRKRA,2,9,16.477825166109906,16.50515123940642,,,,
PRNP,2,6,14.598177156359714,15.048575720956178,,,,
PROS1,2,6,15.245225154399636,14.308753697827191,,,,
PRRX1,2,4,12.286495345200244,13.608338896980644,,,,
PSME3IP1,2,6,16.108571067721776,15.778126168688374,,,,
PSMG2,2,5,15.116369072035843,14.970789723597289,,,,
PTGES,2,3,14.207331204406564,13.3519946540137,,,,
PTGR2,2,6,13.018539081066935,12.566505840214079,,,,
PTP4A2,2,5,12.923270788591736,12.647147567179319,,,,
PTPRJ,2,6,14.851835477183943,14.767617171850652,,,,
PTRH1,2,4,12.402896838656323,12.484685136685354,,,,
PTRHD1,2,6,12.539834770515547,12.60606607628898,,,,
PUM1,2,6,16.29277151750375,16.50416114066758,,,,
PWP1,2,7,15.245615617285022,14.90429764896607,,,,
PWP2,2,7,14.85602184235669,14.6466272627499,,,,
PXK,2,8,13.302912955595048,12.628778860718167,,,,
PXN,2,6,14.628322075647288,14.388763511642045,,,,
QPRT,2,6,18.732033262587542,19.660776135234354,,,,
QRICH1,2,5,12.345856256607593,12.77492709447475,,,,
RAB22A,2,4,11.388383052096613,11.70063339770314,,,,
RAB23,2,6,13.638593786838886,13.117326090134817,,,,
RAB39B,2,4,14.040446195633452,13.794075461031806,,,,
RAB43,2,7,14.64506013676288,14.719352739688063,,,,
RABGAP1,2,7,14.841649563183289,14.623280036155652,,,,
RABL3,2,6,12.625456485190632,13.274711791179064,,,,
RALGPS2,2,4,10.71438637420982,9.83964426125592,,,,
RANBP9,2,8,15.078272500400029,14.905460616600948,,,,
RAP1BL,2,5,13.869508779107338,13.566990520405813,,,,
RAP1GDS1,2,9,12.975125043015444,13.550047228671959,,,,
RASA4,2,6,15.099908940574029,14.87952693655221,,,,
RBBP7,2,8,17.975431482773782,17.974008798599932,,,,
RBBP9,2,6,14.137239234035366,14.531948618984153,,,,
RBFOX2,2,8,16.4723186292154,16.46123308518103,,,,
RBM27,2,9,15.164117461451362,15.210004557298374,,,,
RBM34,2,6,11.917992340508189,12.03781798732865,,,,
RBM38,2,6,12.375407089857191,11.954013344403444,,,,
RBM4,2,6,13.773767821908159,13.831959855706506,,,,
RBM6,2,6,13.451602491242644,13.119946727606498,,,,
RBM7,2,6,13.213263420986781,13.36550009022536,,,,
RCSD1,2,8,14.821691633545448,14.614883772291613,,,,
RDH10,2,7,14.984843774915559,15.414528037380396,,,,
RENBP,2,7,18.418794626160746,18.038669121293424,,,,
RFX1,2,4,15.171123041112455,15.016345537811986,,,,
RFX5,2,7,12.44928525949052,12.862630051582073,,,,
RGS14,2,7,12.924069732551516,13.180881812447788,,,,
RHEB,2,9,19.525322684999196,19.397782970838904,,,,
RING1,2,8,14.725769026458586,14.582429647581026,,,,
RINL,2,4,9.227340603140874,8.54714232372255,,,,
RMC1,2,5,16.355962345472008,16.355545305588304,,,,
RMND1,2,6,12.773695261891202,12.571203046994976,,,,
RNASE2,2,4,12.77051726355931,11.896637147684384,,,,
RNASE4,2,4,16.87009163867601,15.326255604584196,,,,
RNASEH2C,2,7,13.981946769123759,13.987401632240985,,,,
RNF113A,2,6,12.613295904847476,12.11529293153074,,,,
RPAP1,2,6,13.953288863912,13.486095467629058,,,,
RPF1,2,5,14.951624291793305,14.696958662222366,,,,
RPF2,2,7,15.58083205748089,15.47507809123228,,,,
RPL7L1,2,8,16.90124398913383,17.39087295761076,,,,
RPRD2,2,8,14.368310088264131,14.113744914991234,,,,
RPS19BP1,2,4,13.614370575583424,12.469856271289679,,,,
RPTOR,2,6,14.69982761832879,14.388465751786653,,,,
RRM2,2,3,14.419495482261276,14.64457629922179,,,,
RRP1,2,6,13.763822065315104,14.090919519820693,,,,
RSBN1L,2,5,14.537594952848183,14.588660425075659,,,,
RTN3,2,5,17.20266575305801,15.982089678560069,,,,
RUFY3,2,3,17.353614247117047,16.88587496345525,,,,
S100A1,2,7,18.220465449468414,18.36624243978588,,,,
S100A2,2,5,18.209063863250293,17.967464094636888,,,,
S100P,2,8,17.623641652064748,17.792549316632453,,,,
SAA4,2,4,17.545944127325164,17.39603609982297,,,,
SAMD9L,2,6,10.864098553591395,11.324407918004491,,,,
SAP130,2,5,14.015226160875219,13.818202522622116,,,,
SCAF8,2,6,14.087417517125402,14.214690461838366,,,,
SDE2,2,3,12.212311727566739,12.297185268936156,,,,
SDR16C5,2,4,16.263967654309962,14.72553052665127,,,,
SEC22A,2,7,16.20232901947952,15.692853066356884,,,,
SEH1L,2,6,14.74946722460848,14.346823689430208,,,,
SEMA4A,2,6,12.811307560571704,13.004808771785775,,,,
SEMA7A,2,4,14.910269654204281,13.67005293197155,,,,
SEMG1,2,4,18.500291517233727,18.04466243727817,,,,
SEMG2,2,3,19.14688291854532,19.45727548592504,,,,
SENP7,2,7,11.033994039559856,11.559365202982764,,,,
SERPINA7,2,5,13.279793574679768,13.101540558127919,,,,
SETD3,2,6,13.200955881826804,13.142439767518411,,,,
SFRP1,2,3,17.415424899217708,17.814646822650328,,,,
SGCD,2,3,13.855896672802666,13.24031136559005,,,,
SGTA,2,6,13.592308850265674,13.677579300369699,,,,
SH2D2A,2,4,10.80910660085725,10.54262924357768,,,,
SHARPIN,2,5,12.846024919470779,13.066979478750493,,,,
SHC1,2,7,14.839067166832857,14.993953253248494,,,,
SHFL,2,7,13.4461246082055,13.992036784115843,,,,
SIGIRR,2,4,9.821566469203738,10.382552787141009,,,,
SIGLEC1,2,7,14.819411649863794,14.515880861594193,,,,
SIRT3,2,6,10.10942279044351,9.972065770198592,,,,
SLC1A5,2,8,16.918481226632927,17.38243993767607,,,,
SLC27A1,2,6,14.318201024487978,14.510522607848415,,,,
SLC30A7,2,8,14.096788131283532,13.942775654912474,,,,
SLC35A2,2,5,13.66556164989191,13.076738810359894,,,,
SLC35B2,2,7,12.504088192302074,12.736435884299203,,,,
SLC39A7,2,7,18.302983323245385,18.428679823310436,,,,
SMARCAL1,2,6,10.828692605904036,10.560520755507874,,,,
SMARCC1,2,8,16.954568170671223,16.972297384280687,,,,
SMC5,2,3,13.553754892326856,13.783131550139172,,,,
SMC6,2,6,13.385104546238857,13.162337122010067,,,,
SMG8,2,4,14.558892065719883,14.416209717436892,,,,
SMG9,2,6,13.78243275198888,13.417428275737642,,,,
SMNDC1,2,5,15.399000425326767,14.73520905457747,,,,
SOAT1,2,3,11.30353964474547,11.238628081456618,,,,
SOD1,2,8,17.628391497354855,16.968419617572458,,,,
SORBS1,2,6,11.965781797235143,12.120735516132754,,,,
SORT1,2,5,14.123136041395544,14.142409126028454,,,,
SOS1,2,6,15.995794393624504,16.219996390413257,,,,
SPAG7,2,4,13.255696101292717,12.314624678095193,,,,
SPATA20,2,6,13.046453266935451,13.144937074366482,,,,
SPHK1,2,5,13.668030086667546,13.572988713378246,,,,
SPRR2A,2,4,15.667914418764592,14.479728888004649,,,,
SPRR2D,2,4,17.03180470294952,14.241691552440464,,,,
SPRR2F,2,7,18.444636677411363,16.667946089424422,,,,
SPTA1,2,3,16.260373569569232,15.315684155989059,,,,
SQSTM1,2,8,15.32687328595806,14.928667751634482,,,,
SRBD1,2,6,12.69190395414887,12.876094395826776,,,,
SRCAP,2,8,14.691298090674415,14.936829965581353,,,,
SRPX,2,7,17.131130968629165,16.238132452771747,,,,
SSU72,2,5,13.046498557651683,13.29555753070631,,,,
STARD10,2,7,12.907434043338151,13.385435913798444,,,,
STEAP3,2,5,13.634922517157033,14.830321945680831,,,,
STRN3,2,6,15.461013089815285,15.141146354874502,,,,
SUGP1,2,4,13.899164634681739,13.825465148888458,,,,
SULT2B1,2,6,16.569858617504636,15.177884044746364,,,,
SUZ12,2,6,12.814677273014944,13.10188687559937,,,,
SYNE1,2,5,12.148318336356498,11.98049537228749,,,,
SYNE2,2,8,16.03823809991893,16.260783131179803,,,,
SYTL1,2,5,14.412399342733902,14.353572062268416,,,,
TACC2,2,3,12.57276918229689,12.391167287900368,,,,
TAF15,2,7,17.716249282745824,16.881694667495758,,,,
TAF3,2,4,11.163624604470343,10.960656221173254,,,,
TAF5,2,7,14.494541064173076,14.138783614095257,,,,
TAPBPL,2,7,17.316686145323608,17.565774199580268,,,,
TBCC,2,7,13.804973651133611,13.979251003545697,,,,
TEX264,2,6,15.12465976184491,14.938726457081236,,,,
TFB1M,2,4,12.633486709064877,12.427607277820066,,,,
TGFB1I1,2,5,14.722935511858044,14.804207548047273,,,,
THBS3,2,8,12.848947042224399,13.419358048046998,,,,
THEMIS,2,6,15.28463534284344,15.035303928152524,,,,
THTPA,2,4,10.48698708666862,10.793996091815135,,,,
TIMM10,2,8,15.19122444018263,15.739172037037617,,,,
TIMM50,2,7,15.952626766127445,16.297275922579278,,,,
TIMM9,2,4,14.895780099478255,14.199820876462962,,,,
TJAP1,2,6,15.496576405994535,15.64032051652317,,,,
TJP2,2,7,15.307767534047759,15.431019885741875,,,,
TM7SF2,2,6,16.07213061761877,15.42041052169885,,,,
TMA16,2,4,11.170223435866648,11.386817494744642,,,,
TMED4,2,7,15.163251379902015,15.871994652116816,,,,
TMED8,2,4,13.176393857253748,13.125839385526689,,,,
TMEM126A,2,7,11.877584897574085,12.141794776268926,,,,
TMEM165,2,4,11.546585330946167,11.332662054249035,,,,
TMEM214,2,7,14.891913095157284,15.216470853593345,,,,
TMEM231,2,4,12.045370077645675,11.76114497539775,,,,
TMEM256,2,3,15.470287106905587,15.391980074099957,,,,
TMTC3,2,3,14.684077400490516,13.321737126162025,,,,
TMUB1,2,6,15.867979024347651,16.132517092384948,,,,
TNRC18,2,4,12.19241812607164,11.988213463393407,,,,
TOE1,2,5,14.892476767967974,14.555958227112876,,,,
TOMM20,2,5,17.240252149689695,17.83323382489067,,,,
TOR1AIP2,2,3,12.018999536264847,12.284122238117726,,,,
TOX4,2,3,10.616001625472185,11.045257910729518,,,,
TP53BP1,2,8,17.312770240936622,17.189147683272573,,,,
TRAF2,2,8,14.558778044923702,14.729086082189264,,,,
TRAF3IP3,2,8,14.456604239417128,14.279505847291752,,,,
TRAFD1,2,6,15.21350969997561,15.106098131513612,,,,
TRAPPC6B,2,4,16.204020887173847,15.863253439147321,,,,
TRAPPC8,2,3,15.954718375179318,15.869377843363182,,,,
TRB;TRBC1;TRBC2,2,3,13.180447106426149,12.12719828693051,,,,
TREX2,2,5,17.37154299951846,15.73628433552777,,,,
TRIM33,2,4,15.764001318240936,15.927618110117677,,,,
TRIO,2,8,15.73529194366106,16.288279716408443,,,,
TRIP13,2,4,15.981038425171645,15.601785374041384,,,,
TRMT1,2,9,14.967557807713408,14.938707467142804,,,,
TRMT112,2,6,16.226550345564476,15.847146926161427,,,,
TRMT1L,2,7,14.210947669727336,14.592908602183291,,,,
TRPT1,2,8,13.86365745108036,13.077943801076906,,,,
TRUB1,2,5,13.412044233558765,13.117063063762895,,,,
TSC2,2,6,12.890498143149106,12.80032802741587,,,,
TSFM,2,6,13.21375628718682,13.451279677653503,,,,
TTC38,2,7,13.312649398177115,13.723155884818514,,,,
TTC9,2,5,11.099185141791839,11.132969735959332,,,,
TUBB2B,2,7,15.988544172553322,16.71948253081478,,,,
TUFT1,2,5,15.779175333775411,15.561839001293276,,,,
TUT7,2,6,12.538520334357742,12.062699699105183,,,,
TYK2,2,5,11.395146094363163,11.560770483219445,,,,
UBA3,2,8,16.3527399490008,16.298333753964187,,,,
UBE2E2,2,5,13.509630103788698,13.25822306898122,,,,
UBE2Q1,2,8,14.366026247590304,14.538465607184047,,,,
UBFD1,2,4,12.980383471165375,12.612693864723235,,,,
UBR7,2,4,12.71340583674706,12.235722108644264,,,,
UCHL1,2,8,16.280485359243883,17.792044510538314,,,,
UCK2,2,5,12.23048577990285,12.109146528636776,,,,
UNK,2,4,16.085695913544555,15.368486492444326,,,,
USP28,2,4,14.599437053287698,14.126772651077575,,,,
UTP14A,2,6,13.07773768010446,12.696309147316832,,,,
UTP18,2,8,14.198627683668555,14.090462643143445,,,,
UTP20,2,8,15.624038677562138,15.441300912683595,,,,
UTP3,2,6,15.604563249902029,15.75101357380458,,,,
VAMP7,2,8,16.047901797054806,15.672128312876207,,,,
VIPAS39,2,5,12.651756329530894,12.108615996440559,,,,
VKORC1,2,6,12.259327595853971,12.194585946681373,,,,
VPS28,2,9,14.754531376493132,14.69981637909715,,,,
VPS37B,2,5,13.645035434598531,13.600606839153125,,,,
VPS53,2,8,13.798495821278188,14.015893839566253,,,,
VRK2,2,6,12.564743214947324,12.626195112167652,,,,
WAPL,2,7,14.534332798273788,14.545243555096908,,,,
WASH2P;WASH3P,2,7,13.530356022470993,13.14643825050894,,,,
WASHC2A,2,7,13.288891984175738,12.635986373514868,,,,
WASHC3,2,7,12.486740200220842,12.753687907692294,,,,
WDR11,2,9,14.029715461461116,13.990847924350076,,,,
WDR45B,2,4,12.41378112846071,11.801015226213387,,,,
WDR5,2,7,14.235566285877212,13.43168433436089,,,,
WDR55,2,4,11.02256371260846,11.315750750104414,,,,
WDR70,2,4,15.256723854499299,15.27211761600644,,,,
WDR81,2,9,14.520233564160815,14.04270876397805,,,,
WFS1,2,5,14.500061173301045,14.391313238032065,,,,
WIPI2,2,6,15.900218849680174,15.266987474920727,,,,
YAP1,2,5,14.580046966853867,15.016395245452447,,,,
YARS2,2,6,15.351777572926796,15.283855699011022,,,,
YES1,2,7,14.029760295395072,14.399666254036926,,,,
YIF1A,2,5,13.064224249340043,11.524127103533745,,,,
ZC2HC1A,2,4,13.8376180881882,13.687894535665855,,,,
ZC3H14,2,8,13.591466043279626,13.30964871258306,,,,
ZC3H15,2,8,16.115275487883913,15.969244515665205,,,,
ZC3H7B,2,5,12.666844955312293,12.78459724817127,,,,
ZEB2,2,3,10.745736102882049,10.398658720701848,,,,
ZFAND1,2,5,15.116609561094506,15.434474054060615,,,,
ZHX2,2,7,11.947530472280679,12.033629440729348,,,,
ZMIZ1,2,3,11.806235450895885,12.255675314487613,,,,
ZMYND11,2,4,11.65345921956752,11.029972348450912,,,,
ZNF185,2,7,16.309511097101215,15.662781875920292,,,,
ZNF638,2,8,14.539839501531674,14.68407486401432,,,,
ZNRD2,2,7,15.807505341495583,16.586411262581144,,,,
ZSWIM8,2,6,12.404140659597013,12.233055663686912,,,,
ZW10,2,6,15.289628215339661,15.613470098289357,,,,
ZZEF1,2,6,12.69485471561914,12.654385352600796,,,,
