spot_id,X,Y,tile_x_topleft,tile_y_topleft,tile_size
TCGA-05-4390-01A-01-BS1_x6160y784,6160,784,6048,672,224
TCGA-05-4390-01A-01-BS1_x6384y784,6384,784,6272,672,224
TCGA-05-4390-01A-01-BS1_x6608y784,6608,784,6496,672,224
TCGA-05-4390-01A-01-BS1_x6832y784,6832,784,6720,672,224
TCGA-05-4390-01A-01-BS1_x7056y784,7056,784,6944,672,224
TCGA-05-4390-01A-01-BS1_x7280y784,7280,784,7168,672,224
TCGA-05-4390-01A-01-BS1_x7504y784,7504,784,7392,672,224
TCGA-05-4390-01A-01-BS1_x7728y784,7728,784,7616,672,224
TCGA-05-4390-01A-01-BS1_x7952y784,7952,784,7840,672,224
TCGA-05-4390-01A-01-BS1_x8176y784,8176,784,8064,672,224
TCGA-05-4390-01A-01-BS1_x8400y784,8400,784,8288,672,224
TCGA-05-4390-01A-01-BS1_x8624y784,8624,784,8512,672,224
TCGA-05-4390-01A-01-BS1_x5712y1008,5712,1008,5600,896,224
TCGA-05-4390-01A-01-BS1_x5936y1008,5936,1008,5824,896,224
TCGA-05-4390-01A-01-BS1_x6160y1008,6160,1008,6048,896,224
TCGA-05-4390-01A-01-BS1_x6384y1008,6384,1008,6272,896,224
TCGA-05-4390-01A-01-BS1_x6608y1008,6608,1008,6496,896,224
TCGA-05-4390-01A-01-BS1_x6832y1008,6832,1008,6720,896,224
TCGA-05-4390-01A-01-BS1_x7056y1008,7056,1008,6944,896,224
TCGA-05-4390-01A-01-BS1_x7280y1008,7280,1008,7168,896,224
TCGA-05-4390-01A-01-BS1_x7504y1008,7504,1008,7392,896,224
TCGA-05-4390-01A-01-BS1_x7728y1008,7728,1008,7616,896,224
TCGA-05-4390-01A-01-BS1_x7952y1008,7952,1008,7840,896,224
TCGA-05-4390-01A-01-BS1_x8176y1008,8176,1008,8064,896,224
TCGA-05-4390-01A-01-BS1_x8400y1008,8400,1008,8288,896,224
TCGA-05-4390-01A-01-BS1_x8624y1008,8624,1008,8512,896,224
TCGA-05-4390-01A-01-BS1_x8848y1008,8848,1008,8736,896,224
TCGA-05-4390-01A-01-BS1_x13104y1008,13104,1008,12992,896,224
TCGA-05-4390-01A-01-BS1_x13328y1008,13328,1008,13216,896,224
TCGA-05-4390-01A-01-BS1_x13552y1008,13552,1008,13440,896,224
TCGA-05-4390-01A-01-BS1_x13776y1008,13776,1008,13664,896,224
TCGA-05-4390-01A-01-BS1_x14448y1008,14448,1008,14336,896,224
TCGA-05-4390-01A-01-BS1_x14672y1008,14672,1008,14560,896,224
TCGA-05-4390-01A-01-BS1_x14896y1008,14896,1008,14784,896,224
TCGA-05-4390-01A-01-BS1_x15120y1008,15120,1008,15008,896,224
TCGA-05-4390-01A-01-BS1_x15344y1008,15344,1008,15232,896,224
TCGA-05-4390-01A-01-BS1_x15792y1008,15792,1008,15680,896,224
TCGA-05-4390-01A-01-BS1_x16016y1008,16016,1008,15904,896,224
TCGA-05-4390-01A-01-BS1_x16240y1008,16240,1008,16128,896,224
TCGA-05-4390-01A-01-BS1_x16464y1008,16464,1008,16352,896,224
TCGA-05-4390-01A-01-BS1_x16688y1008,16688,1008,16576,896,224
TCGA-05-4390-01A-01-BS1_x16912y1008,16912,1008,16800,896,224
TCGA-05-4390-01A-01-BS1_x17360y1008,17360,1008,17248,896,224
TCGA-05-4390-01A-01-BS1_x19600y1008,19600,1008,19488,896,224
TCGA-05-4390-01A-01-BS1_x19824y1008,19824,1008,19712,896,224
TCGA-05-4390-01A-01-BS1_x20048y1008,20048,1008,19936,896,224
TCGA-05-4390-01A-01-BS1_x20272y1008,20272,1008,20160,896,224
TCGA-05-4390-01A-01-BS1_x20496y1008,20496,1008,20384,896,224
TCGA-05-4390-01A-01-BS1_x20720y1008,20720,1008,20608,896,224
TCGA-05-4390-01A-01-BS1_x20944y1008,20944,1008,20832,896,224
TCGA-05-4390-01A-01-BS1_x21168y1008,21168,1008,21056,896,224
TCGA-05-4390-01A-01-BS1_x21392y1008,21392,1008,21280,896,224
TCGA-05-4390-01A-01-BS1_x21616y1008,21616,1008,21504,896,224
TCGA-05-4390-01A-01-BS1_x28112y1008,28112,1008,28000,896,224
TCGA-05-4390-01A-01-BS1_x28336y1008,28336,1008,28224,896,224
TCGA-05-4390-01A-01-BS1_x5712y1232,5712,1232,5600,1120,224
TCGA-05-4390-01A-01-BS1_x5936y1232,5936,1232,5824,1120,224
TCGA-05-4390-01A-01-BS1_x6160y1232,6160,1232,6048,1120,224
TCGA-05-4390-01A-01-BS1_x6384y1232,6384,1232,6272,1120,224
TCGA-05-4390-01A-01-BS1_x6608y1232,6608,1232,6496,1120,224
TCGA-05-4390-01A-01-BS1_x6832y1232,6832,1232,6720,1120,224
TCGA-05-4390-01A-01-BS1_x7056y1232,7056,1232,6944,1120,224
TCGA-05-4390-01A-01-BS1_x7280y1232,7280,1232,7168,1120,224
TCGA-05-4390-01A-01-BS1_x7504y1232,7504,1232,7392,1120,224
TCGA-05-4390-01A-01-BS1_x7728y1232,7728,1232,7616,1120,224
TCGA-05-4390-01A-01-BS1_x7952y1232,7952,1232,7840,1120,224
TCGA-05-4390-01A-01-BS1_x8176y1232,8176,1232,8064,1120,224
TCGA-05-4390-01A-01-BS1_x8400y1232,8400,1232,8288,1120,224
TCGA-05-4390-01A-01-BS1_x8624y1232,8624,1232,8512,1120,224
TCGA-05-4390-01A-01-BS1_x8848y1232,8848,1232,8736,1120,224
TCGA-05-4390-01A-01-BS1_x9072y1232,9072,1232,8960,1120,224
TCGA-05-4390-01A-01-BS1_x9296y1232,9296,1232,9184,1120,224
TCGA-05-4390-01A-01-BS1_x9520y1232,9520,1232,9408,1120,224
TCGA-05-4390-01A-01-BS1_x12880y1232,12880,1232,12768,1120,224
TCGA-05-4390-01A-01-BS1_x13104y1232,13104,1232,12992,1120,224
TCGA-05-4390-01A-01-BS1_x13328y1232,13328,1232,13216,1120,224
TCGA-05-4390-01A-01-BS1_x13552y1232,13552,1232,13440,1120,224
TCGA-05-4390-01A-01-BS1_x13776y1232,13776,1232,13664,1120,224
TCGA-05-4390-01A-01-BS1_x14448y1232,14448,1232,14336,1120,224
TCGA-05-4390-01A-01-BS1_x14672y1232,14672,1232,14560,1120,224
TCGA-05-4390-01A-01-BS1_x14896y1232,14896,1232,14784,1120,224
TCGA-05-4390-01A-01-BS1_x15120y1232,15120,1232,15008,1120,224
TCGA-05-4390-01A-01-BS1_x15344y1232,15344,1232,15232,1120,224
TCGA-05-4390-01A-01-BS1_x15568y1232,15568,1232,15456,1120,224
TCGA-05-4390-01A-01-BS1_x15792y1232,15792,1232,15680,1120,224
TCGA-05-4390-01A-01-BS1_x16016y1232,16016,1232,15904,1120,224
TCGA-05-4390-01A-01-BS1_x16240y1232,16240,1232,16128,1120,224
TCGA-05-4390-01A-01-BS1_x16464y1232,16464,1232,16352,1120,224
TCGA-05-4390-01A-01-BS1_x16688y1232,16688,1232,16576,1120,224
TCGA-05-4390-01A-01-BS1_x16912y1232,16912,1232,16800,1120,224
TCGA-05-4390-01A-01-BS1_x17136y1232,17136,1232,17024,1120,224
TCGA-05-4390-01A-01-BS1_x17360y1232,17360,1232,17248,1120,224
TCGA-05-4390-01A-01-BS1_x17584y1232,17584,1232,17472,1120,224
TCGA-05-4390-01A-01-BS1_x18704y1232,18704,1232,18592,1120,224
TCGA-05-4390-01A-01-BS1_x19600y1232,19600,1232,19488,1120,224
TCGA-05-4390-01A-01-BS1_x19824y1232,19824,1232,19712,1120,224
TCGA-05-4390-01A-01-BS1_x20048y1232,20048,1232,19936,1120,224
TCGA-05-4390-01A-01-BS1_x20272y1232,20272,1232,20160,1120,224
TCGA-05-4390-01A-01-BS1_x20496y1232,20496,1232,20384,1120,224
TCGA-05-4390-01A-01-BS1_x20720y1232,20720,1232,20608,1120,224
TCGA-05-4390-01A-01-BS1_x20944y1232,20944,1232,20832,1120,224
TCGA-05-4390-01A-01-BS1_x21168y1232,21168,1232,21056,1120,224
TCGA-05-4390-01A-01-BS1_x21392y1232,21392,1232,21280,1120,224
TCGA-05-4390-01A-01-BS1_x21616y1232,21616,1232,21504,1120,224
TCGA-05-4390-01A-01-BS1_x21840y1232,21840,1232,21728,1120,224
TCGA-05-4390-01A-01-BS1_x24528y1232,24528,1232,24416,1120,224
TCGA-05-4390-01A-01-BS1_x24752y1232,24752,1232,24640,1120,224
TCGA-05-4390-01A-01-BS1_x24976y1232,24976,1232,24864,1120,224
TCGA-05-4390-01A-01-BS1_x25424y1232,25424,1232,25312,1120,224
TCGA-05-4390-01A-01-BS1_x25648y1232,25648,1232,25536,1120,224
TCGA-05-4390-01A-01-BS1_x25872y1232,25872,1232,25760,1120,224
TCGA-05-4390-01A-01-BS1_x26096y1232,26096,1232,25984,1120,224
TCGA-05-4390-01A-01-BS1_x26320y1232,26320,1232,26208,1120,224
TCGA-05-4390-01A-01-BS1_x26544y1232,26544,1232,26432,1120,224
TCGA-05-4390-01A-01-BS1_x26768y1232,26768,1232,26656,1120,224
TCGA-05-4390-01A-01-BS1_x26992y1232,26992,1232,26880,1120,224
TCGA-05-4390-01A-01-BS1_x27216y1232,27216,1232,27104,1120,224
TCGA-05-4390-01A-01-BS1_x27440y1232,27440,1232,27328,1120,224
TCGA-05-4390-01A-01-BS1_x27664y1232,27664,1232,27552,1120,224
TCGA-05-4390-01A-01-BS1_x27888y1232,27888,1232,27776,1120,224
TCGA-05-4390-01A-01-BS1_x28112y1232,28112,1232,28000,1120,224
TCGA-05-4390-01A-01-BS1_x28336y1232,28336,1232,28224,1120,224
TCGA-05-4390-01A-01-BS1_x28560y1232,28560,1232,28448,1120,224
TCGA-05-4390-01A-01-BS1_x28784y1232,28784,1232,28672,1120,224
TCGA-05-4390-01A-01-BS1_x29008y1232,29008,1232,28896,1120,224
TCGA-05-4390-01A-01-BS1_x29232y1232,29232,1232,29120,1120,224
TCGA-05-4390-01A-01-BS1_x29456y1232,29456,1232,29344,1120,224
TCGA-05-4390-01A-01-BS1_x29680y1232,29680,1232,29568,1120,224
TCGA-05-4390-01A-01-BS1_x29904y1232,29904,1232,29792,1120,224
TCGA-05-4390-01A-01-BS1_x30128y1232,30128,1232,30016,1120,224
TCGA-05-4390-01A-01-BS1_x30352y1232,30352,1232,30240,1120,224
TCGA-05-4390-01A-01-BS1_x30576y1232,30576,1232,30464,1120,224
TCGA-05-4390-01A-01-BS1_x30800y1232,30800,1232,30688,1120,224
TCGA-05-4390-01A-01-BS1_x31024y1232,31024,1232,30912,1120,224
TCGA-05-4390-01A-01-BS1_x31472y1232,31472,1232,31360,1120,224
TCGA-05-4390-01A-01-BS1_x31696y1232,31696,1232,31584,1120,224
TCGA-05-4390-01A-01-BS1_x5488y1456,5488,1456,5376,1344,224
TCGA-05-4390-01A-01-BS1_x5712y1456,5712,1456,5600,1344,224
TCGA-05-4390-01A-01-BS1_x5936y1456,5936,1456,5824,1344,224
TCGA-05-4390-01A-01-BS1_x6160y1456,6160,1456,6048,1344,224
TCGA-05-4390-01A-01-BS1_x6384y1456,6384,1456,6272,1344,224
TCGA-05-4390-01A-01-BS1_x6608y1456,6608,1456,6496,1344,224
TCGA-05-4390-01A-01-BS1_x6832y1456,6832,1456,6720,1344,224
TCGA-05-4390-01A-01-BS1_x7056y1456,7056,1456,6944,1344,224
TCGA-05-4390-01A-01-BS1_x7280y1456,7280,1456,7168,1344,224
TCGA-05-4390-01A-01-BS1_x7504y1456,7504,1456,7392,1344,224
TCGA-05-4390-01A-01-BS1_x7728y1456,7728,1456,7616,1344,224
TCGA-05-4390-01A-01-BS1_x7952y1456,7952,1456,7840,1344,224
TCGA-05-4390-01A-01-BS1_x8176y1456,8176,1456,8064,1344,224
TCGA-05-4390-01A-01-BS1_x8400y1456,8400,1456,8288,1344,224
TCGA-05-4390-01A-01-BS1_x8624y1456,8624,1456,8512,1344,224
TCGA-05-4390-01A-01-BS1_x8848y1456,8848,1456,8736,1344,224
TCGA-05-4390-01A-01-BS1_x9072y1456,9072,1456,8960,1344,224
TCGA-05-4390-01A-01-BS1_x9296y1456,9296,1456,9184,1344,224
TCGA-05-4390-01A-01-BS1_x9520y1456,9520,1456,9408,1344,224
TCGA-05-4390-01A-01-BS1_x9744y1456,9744,1456,9632,1344,224
TCGA-05-4390-01A-01-BS1_x9968y1456,9968,1456,9856,1344,224
TCGA-05-4390-01A-01-BS1_x10192y1456,10192,1456,10080,1344,224
TCGA-05-4390-01A-01-BS1_x10416y1456,10416,1456,10304,1344,224
TCGA-05-4390-01A-01-BS1_x10640y1456,10640,1456,10528,1344,224
TCGA-05-4390-01A-01-BS1_x10864y1456,10864,1456,10752,1344,224
TCGA-05-4390-01A-01-BS1_x11088y1456,11088,1456,10976,1344,224
TCGA-05-4390-01A-01-BS1_x11312y1456,11312,1456,11200,1344,224
TCGA-05-4390-01A-01-BS1_x11536y1456,11536,1456,11424,1344,224
TCGA-05-4390-01A-01-BS1_x11760y1456,11760,1456,11648,1344,224
TCGA-05-4390-01A-01-BS1_x11984y1456,11984,1456,11872,1344,224
TCGA-05-4390-01A-01-BS1_x12208y1456,12208,1456,12096,1344,224
TCGA-05-4390-01A-01-BS1_x12432y1456,12432,1456,12320,1344,224
TCGA-05-4390-01A-01-BS1_x12656y1456,12656,1456,12544,1344,224
TCGA-05-4390-01A-01-BS1_x12880y1456,12880,1456,12768,1344,224
TCGA-05-4390-01A-01-BS1_x13104y1456,13104,1456,12992,1344,224
TCGA-05-4390-01A-01-BS1_x13328y1456,13328,1456,13216,1344,224
TCGA-05-4390-01A-01-BS1_x13552y1456,13552,1456,13440,1344,224
TCGA-05-4390-01A-01-BS1_x13776y1456,13776,1456,13664,1344,224
TCGA-05-4390-01A-01-BS1_x14000y1456,14000,1456,13888,1344,224
TCGA-05-4390-01A-01-BS1_x14224y1456,14224,1456,14112,1344,224
TCGA-05-4390-01A-01-BS1_x14448y1456,14448,1456,14336,1344,224
TCGA-05-4390-01A-01-BS1_x14672y1456,14672,1456,14560,1344,224
TCGA-05-4390-01A-01-BS1_x14896y1456,14896,1456,14784,1344,224
TCGA-05-4390-01A-01-BS1_x15120y1456,15120,1456,15008,1344,224
TCGA-05-4390-01A-01-BS1_x15344y1456,15344,1456,15232,1344,224
TCGA-05-4390-01A-01-BS1_x15568y1456,15568,1456,15456,1344,224
TCGA-05-4390-01A-01-BS1_x15792y1456,15792,1456,15680,1344,224
TCGA-05-4390-01A-01-BS1_x16016y1456,16016,1456,15904,1344,224
TCGA-05-4390-01A-01-BS1_x16240y1456,16240,1456,16128,1344,224
TCGA-05-4390-01A-01-BS1_x16464y1456,16464,1456,16352,1344,224
TCGA-05-4390-01A-01-BS1_x16688y1456,16688,1456,16576,1344,224
TCGA-05-4390-01A-01-BS1_x16912y1456,16912,1456,16800,1344,224
TCGA-05-4390-01A-01-BS1_x17136y1456,17136,1456,17024,1344,224
TCGA-05-4390-01A-01-BS1_x17360y1456,17360,1456,17248,1344,224
TCGA-05-4390-01A-01-BS1_x17584y1456,17584,1456,17472,1344,224
TCGA-05-4390-01A-01-BS1_x18480y1456,18480,1456,18368,1344,224
TCGA-05-4390-01A-01-BS1_x18704y1456,18704,1456,18592,1344,224
TCGA-05-4390-01A-01-BS1_x19600y1456,19600,1456,19488,1344,224
TCGA-05-4390-01A-01-BS1_x19824y1456,19824,1456,19712,1344,224
TCGA-05-4390-01A-01-BS1_x20048y1456,20048,1456,19936,1344,224
TCGA-05-4390-01A-01-BS1_x20272y1456,20272,1456,20160,1344,224
TCGA-05-4390-01A-01-BS1_x20496y1456,20496,1456,20384,1344,224
TCGA-05-4390-01A-01-BS1_x20720y1456,20720,1456,20608,1344,224
TCGA-05-4390-01A-01-BS1_x20944y1456,20944,1456,20832,1344,224
TCGA-05-4390-01A-01-BS1_x21168y1456,21168,1456,21056,1344,224
TCGA-05-4390-01A-01-BS1_x21392y1456,21392,1456,21280,1344,224
TCGA-05-4390-01A-01-BS1_x21616y1456,21616,1456,21504,1344,224
TCGA-05-4390-01A-01-BS1_x21840y1456,21840,1456,21728,1344,224
TCGA-05-4390-01A-01-BS1_x22064y1456,22064,1456,21952,1344,224
TCGA-05-4390-01A-01-BS1_x23632y1456,23632,1456,23520,1344,224
TCGA-05-4390-01A-01-BS1_x24080y1456,24080,1456,23968,1344,224
TCGA-05-4390-01A-01-BS1_x24304y1456,24304,1456,24192,1344,224
TCGA-05-4390-01A-01-BS1_x24528y1456,24528,1456,24416,1344,224
TCGA-05-4390-01A-01-BS1_x24752y1456,24752,1456,24640,1344,224
TCGA-05-4390-01A-01-BS1_x24976y1456,24976,1456,24864,1344,224
TCGA-05-4390-01A-01-BS1_x25200y1456,25200,1456,25088,1344,224
TCGA-05-4390-01A-01-BS1_x25424y1456,25424,1456,25312,1344,224
TCGA-05-4390-01A-01-BS1_x25648y1456,25648,1456,25536,1344,224
TCGA-05-4390-01A-01-BS1_x25872y1456,25872,1456,25760,1344,224
TCGA-05-4390-01A-01-BS1_x26096y1456,26096,1456,25984,1344,224
TCGA-05-4390-01A-01-BS1_x26320y1456,26320,1456,26208,1344,224
TCGA-05-4390-01A-01-BS1_x26544y1456,26544,1456,26432,1344,224
TCGA-05-4390-01A-01-BS1_x26768y1456,26768,1456,26656,1344,224
TCGA-05-4390-01A-01-BS1_x26992y1456,26992,1456,26880,1344,224
TCGA-05-4390-01A-01-BS1_x27216y1456,27216,1456,27104,1344,224
TCGA-05-4390-01A-01-BS1_x27440y1456,27440,1456,27328,1344,224
TCGA-05-4390-01A-01-BS1_x27664y1456,27664,1456,27552,1344,224
TCGA-05-4390-01A-01-BS1_x27888y1456,27888,1456,27776,1344,224
TCGA-05-4390-01A-01-BS1_x28112y1456,28112,1456,28000,1344,224
TCGA-05-4390-01A-01-BS1_x28336y1456,28336,1456,28224,1344,224
TCGA-05-4390-01A-01-BS1_x28560y1456,28560,1456,28448,1344,224
TCGA-05-4390-01A-01-BS1_x28784y1456,28784,1456,28672,1344,224
TCGA-05-4390-01A-01-BS1_x29008y1456,29008,1456,28896,1344,224
TCGA-05-4390-01A-01-BS1_x29232y1456,29232,1456,29120,1344,224
TCGA-05-4390-01A-01-BS1_x29456y1456,29456,1456,29344,1344,224
TCGA-05-4390-01A-01-BS1_x29680y1456,29680,1456,29568,1344,224
TCGA-05-4390-01A-01-BS1_x29904y1456,29904,1456,29792,1344,224
TCGA-05-4390-01A-01-BS1_x30128y1456,30128,1456,30016,1344,224
TCGA-05-4390-01A-01-BS1_x30352y1456,30352,1456,30240,1344,224
TCGA-05-4390-01A-01-BS1_x30576y1456,30576,1456,30464,1344,224
TCGA-05-4390-01A-01-BS1_x30800y1456,30800,1456,30688,1344,224
TCGA-05-4390-01A-01-BS1_x31024y1456,31024,1456,30912,1344,224
TCGA-05-4390-01A-01-BS1_x31248y1456,31248,1456,31136,1344,224
TCGA-05-4390-01A-01-BS1_x31472y1456,31472,1456,31360,1344,224
TCGA-05-4390-01A-01-BS1_x31696y1456,31696,1456,31584,1344,224
TCGA-05-4390-01A-01-BS1_x31920y1456,31920,1456,31808,1344,224
TCGA-05-4390-01A-01-BS1_x32144y1456,32144,1456,32032,1344,224
TCGA-05-4390-01A-01-BS1_x32592y1456,32592,1456,32480,1344,224
TCGA-05-4390-01A-01-BS1_x5264y1680,5264,1680,5152,1568,224
TCGA-05-4390-01A-01-BS1_x5488y1680,5488,1680,5376,1568,224
TCGA-05-4390-01A-01-BS1_x5712y1680,5712,1680,5600,1568,224
TCGA-05-4390-01A-01-BS1_x5936y1680,5936,1680,5824,1568,224
TCGA-05-4390-01A-01-BS1_x6160y1680,6160,1680,6048,1568,224
TCGA-05-4390-01A-01-BS1_x6384y1680,6384,1680,6272,1568,224
TCGA-05-4390-01A-01-BS1_x6608y1680,6608,1680,6496,1568,224
TCGA-05-4390-01A-01-BS1_x6832y1680,6832,1680,6720,1568,224
TCGA-05-4390-01A-01-BS1_x7056y1680,7056,1680,6944,1568,224
TCGA-05-4390-01A-01-BS1_x7280y1680,7280,1680,7168,1568,224
TCGA-05-4390-01A-01-BS1_x7504y1680,7504,1680,7392,1568,224
TCGA-05-4390-01A-01-BS1_x7728y1680,7728,1680,7616,1568,224
TCGA-05-4390-01A-01-BS1_x7952y1680,7952,1680,7840,1568,224
TCGA-05-4390-01A-01-BS1_x8176y1680,8176,1680,8064,1568,224
TCGA-05-4390-01A-01-BS1_x8400y1680,8400,1680,8288,1568,224
TCGA-05-4390-01A-01-BS1_x8624y1680,8624,1680,8512,1568,224
TCGA-05-4390-01A-01-BS1_x8848y1680,8848,1680,8736,1568,224
TCGA-05-4390-01A-01-BS1_x9072y1680,9072,1680,8960,1568,224
TCGA-05-4390-01A-01-BS1_x9296y1680,9296,1680,9184,1568,224
TCGA-05-4390-01A-01-BS1_x9520y1680,9520,1680,9408,1568,224
TCGA-05-4390-01A-01-BS1_x9744y1680,9744,1680,9632,1568,224
TCGA-05-4390-01A-01-BS1_x9968y1680,9968,1680,9856,1568,224
TCGA-05-4390-01A-01-BS1_x10192y1680,10192,1680,10080,1568,224
TCGA-05-4390-01A-01-BS1_x10416y1680,10416,1680,10304,1568,224
TCGA-05-4390-01A-01-BS1_x10640y1680,10640,1680,10528,1568,224
TCGA-05-4390-01A-01-BS1_x10864y1680,10864,1680,10752,1568,224
TCGA-05-4390-01A-01-BS1_x11088y1680,11088,1680,10976,1568,224
TCGA-05-4390-01A-01-BS1_x11312y1680,11312,1680,11200,1568,224
TCGA-05-4390-01A-01-BS1_x11536y1680,11536,1680,11424,1568,224
TCGA-05-4390-01A-01-BS1_x11760y1680,11760,1680,11648,1568,224
TCGA-05-4390-01A-01-BS1_x11984y1680,11984,1680,11872,1568,224
TCGA-05-4390-01A-01-BS1_x12208y1680,12208,1680,12096,1568,224
TCGA-05-4390-01A-01-BS1_x12432y1680,12432,1680,12320,1568,224
TCGA-05-4390-01A-01-BS1_x12656y1680,12656,1680,12544,1568,224
TCGA-05-4390-01A-01-BS1_x12880y1680,12880,1680,12768,1568,224
TCGA-05-4390-01A-01-BS1_x13104y1680,13104,1680,12992,1568,224
TCGA-05-4390-01A-01-BS1_x13328y1680,13328,1680,13216,1568,224
TCGA-05-4390-01A-01-BS1_x13552y1680,13552,1680,13440,1568,224
TCGA-05-4390-01A-01-BS1_x13776y1680,13776,1680,13664,1568,224
TCGA-05-4390-01A-01-BS1_x14000y1680,14000,1680,13888,1568,224
TCGA-05-4390-01A-01-BS1_x14224y1680,14224,1680,14112,1568,224
TCGA-05-4390-01A-01-BS1_x14448y1680,14448,1680,14336,1568,224
TCGA-05-4390-01A-01-BS1_x14672y1680,14672,1680,14560,1568,224
TCGA-05-4390-01A-01-BS1_x14896y1680,14896,1680,14784,1568,224
TCGA-05-4390-01A-01-BS1_x15120y1680,15120,1680,15008,1568,224
TCGA-05-4390-01A-01-BS1_x15344y1680,15344,1680,15232,1568,224
TCGA-05-4390-01A-01-BS1_x15568y1680,15568,1680,15456,1568,224
TCGA-05-4390-01A-01-BS1_x15792y1680,15792,1680,15680,1568,224
TCGA-05-4390-01A-01-BS1_x16016y1680,16016,1680,15904,1568,224
TCGA-05-4390-01A-01-BS1_x16240y1680,16240,1680,16128,1568,224
TCGA-05-4390-01A-01-BS1_x16464y1680,16464,1680,16352,1568,224
TCGA-05-4390-01A-01-BS1_x16688y1680,16688,1680,16576,1568,224
TCGA-05-4390-01A-01-BS1_x16912y1680,16912,1680,16800,1568,224
TCGA-05-4390-01A-01-BS1_x17136y1680,17136,1680,17024,1568,224
TCGA-05-4390-01A-01-BS1_x17360y1680,17360,1680,17248,1568,224
TCGA-05-4390-01A-01-BS1_x17584y1680,17584,1680,17472,1568,224
TCGA-05-4390-01A-01-BS1_x18480y1680,18480,1680,18368,1568,224
TCGA-05-4390-01A-01-BS1_x18704y1680,18704,1680,18592,1568,224
TCGA-05-4390-01A-01-BS1_x19376y1680,19376,1680,19264,1568,224
TCGA-05-4390-01A-01-BS1_x19600y1680,19600,1680,19488,1568,224
TCGA-05-4390-01A-01-BS1_x19824y1680,19824,1680,19712,1568,224
TCGA-05-4390-01A-01-BS1_x20048y1680,20048,1680,19936,1568,224
TCGA-05-4390-01A-01-BS1_x20272y1680,20272,1680,20160,1568,224
TCGA-05-4390-01A-01-BS1_x20496y1680,20496,1680,20384,1568,224
TCGA-05-4390-01A-01-BS1_x20720y1680,20720,1680,20608,1568,224
TCGA-05-4390-01A-01-BS1_x20944y1680,20944,1680,20832,1568,224
TCGA-05-4390-01A-01-BS1_x21168y1680,21168,1680,21056,1568,224
TCGA-05-4390-01A-01-BS1_x21392y1680,21392,1680,21280,1568,224
TCGA-05-4390-01A-01-BS1_x21616y1680,21616,1680,21504,1568,224
TCGA-05-4390-01A-01-BS1_x21840y1680,21840,1680,21728,1568,224
TCGA-05-4390-01A-01-BS1_x22064y1680,22064,1680,21952,1568,224
TCGA-05-4390-01A-01-BS1_x22288y1680,22288,1680,22176,1568,224
TCGA-05-4390-01A-01-BS1_x22512y1680,22512,1680,22400,1568,224
TCGA-05-4390-01A-01-BS1_x22736y1680,22736,1680,22624,1568,224
TCGA-05-4390-01A-01-BS1_x22960y1680,22960,1680,22848,1568,224
TCGA-05-4390-01A-01-BS1_x23184y1680,23184,1680,23072,1568,224
TCGA-05-4390-01A-01-BS1_x23408y1680,23408,1680,23296,1568,224
TCGA-05-4390-01A-01-BS1_x23632y1680,23632,1680,23520,1568,224
TCGA-05-4390-01A-01-BS1_x24080y1680,24080,1680,23968,1568,224
TCGA-05-4390-01A-01-BS1_x24304y1680,24304,1680,24192,1568,224
TCGA-05-4390-01A-01-BS1_x24528y1680,24528,1680,24416,1568,224
TCGA-05-4390-01A-01-BS1_x24752y1680,24752,1680,24640,1568,224
TCGA-05-4390-01A-01-BS1_x24976y1680,24976,1680,24864,1568,224
TCGA-05-4390-01A-01-BS1_x25200y1680,25200,1680,25088,1568,224
TCGA-05-4390-01A-01-BS1_x25424y1680,25424,1680,25312,1568,224
TCGA-05-4390-01A-01-BS1_x25648y1680,25648,1680,25536,1568,224
TCGA-05-4390-01A-01-BS1_x25872y1680,25872,1680,25760,1568,224
TCGA-05-4390-01A-01-BS1_x26096y1680,26096,1680,25984,1568,224
TCGA-05-4390-01A-01-BS1_x26320y1680,26320,1680,26208,1568,224
TCGA-05-4390-01A-01-BS1_x26544y1680,26544,1680,26432,1568,224
TCGA-05-4390-01A-01-BS1_x26768y1680,26768,1680,26656,1568,224
TCGA-05-4390-01A-01-BS1_x26992y1680,26992,1680,26880,1568,224
TCGA-05-4390-01A-01-BS1_x27216y1680,27216,1680,27104,1568,224
TCGA-05-4390-01A-01-BS1_x27440y1680,27440,1680,27328,1568,224
TCGA-05-4390-01A-01-BS1_x27664y1680,27664,1680,27552,1568,224
TCGA-05-4390-01A-01-BS1_x27888y1680,27888,1680,27776,1568,224
TCGA-05-4390-01A-01-BS1_x28112y1680,28112,1680,28000,1568,224
TCGA-05-4390-01A-01-BS1_x28336y1680,28336,1680,28224,1568,224
TCGA-05-4390-01A-01-BS1_x28560y1680,28560,1680,28448,1568,224
TCGA-05-4390-01A-01-BS1_x28784y1680,28784,1680,28672,1568,224
TCGA-05-4390-01A-01-BS1_x29008y1680,29008,1680,28896,1568,224
TCGA-05-4390-01A-01-BS1_x29232y1680,29232,1680,29120,1568,224
TCGA-05-4390-01A-01-BS1_x29456y1680,29456,1680,29344,1568,224
TCGA-05-4390-01A-01-BS1_x29680y1680,29680,1680,29568,1568,224
TCGA-05-4390-01A-01-BS1_x29904y1680,29904,1680,29792,1568,224
TCGA-05-4390-01A-01-BS1_x30128y1680,30128,1680,30016,1568,224
TCGA-05-4390-01A-01-BS1_x30352y1680,30352,1680,30240,1568,224
TCGA-05-4390-01A-01-BS1_x30576y1680,30576,1680,30464,1568,224
TCGA-05-4390-01A-01-BS1_x30800y1680,30800,1680,30688,1568,224
TCGA-05-4390-01A-01-BS1_x31024y1680,31024,1680,30912,1568,224
TCGA-05-4390-01A-01-BS1_x31248y1680,31248,1680,31136,1568,224
TCGA-05-4390-01A-01-BS1_x31472y1680,31472,1680,31360,1568,224
TCGA-05-4390-01A-01-BS1_x31696y1680,31696,1680,31584,1568,224
TCGA-05-4390-01A-01-BS1_x31920y1680,31920,1680,31808,1568,224
TCGA-05-4390-01A-01-BS1_x32144y1680,32144,1680,32032,1568,224
TCGA-05-4390-01A-01-BS1_x32368y1680,32368,1680,32256,1568,224
TCGA-05-4390-01A-01-BS1_x32592y1680,32592,1680,32480,1568,224
TCGA-05-4390-01A-01-BS1_x5040y1904,5040,1904,4928,1792,224
TCGA-05-4390-01A-01-BS1_x5264y1904,5264,1904,5152,1792,224
TCGA-05-4390-01A-01-BS1_x5488y1904,5488,1904,5376,1792,224
TCGA-05-4390-01A-01-BS1_x5712y1904,5712,1904,5600,1792,224
TCGA-05-4390-01A-01-BS1_x5936y1904,5936,1904,5824,1792,224
TCGA-05-4390-01A-01-BS1_x6160y1904,6160,1904,6048,1792,224
TCGA-05-4390-01A-01-BS1_x6384y1904,6384,1904,6272,1792,224
TCGA-05-4390-01A-01-BS1_x6608y1904,6608,1904,6496,1792,224
TCGA-05-4390-01A-01-BS1_x6832y1904,6832,1904,6720,1792,224
TCGA-05-4390-01A-01-BS1_x7056y1904,7056,1904,6944,1792,224
TCGA-05-4390-01A-01-BS1_x7280y1904,7280,1904,7168,1792,224
TCGA-05-4390-01A-01-BS1_x7504y1904,7504,1904,7392,1792,224
TCGA-05-4390-01A-01-BS1_x7728y1904,7728,1904,7616,1792,224
TCGA-05-4390-01A-01-BS1_x7952y1904,7952,1904,7840,1792,224
TCGA-05-4390-01A-01-BS1_x8176y1904,8176,1904,8064,1792,224
TCGA-05-4390-01A-01-BS1_x8400y1904,8400,1904,8288,1792,224
TCGA-05-4390-01A-01-BS1_x8624y1904,8624,1904,8512,1792,224
TCGA-05-4390-01A-01-BS1_x8848y1904,8848,1904,8736,1792,224
TCGA-05-4390-01A-01-BS1_x9072y1904,9072,1904,8960,1792,224
TCGA-05-4390-01A-01-BS1_x9296y1904,9296,1904,9184,1792,224
TCGA-05-4390-01A-01-BS1_x9520y1904,9520,1904,9408,1792,224
TCGA-05-4390-01A-01-BS1_x9744y1904,9744,1904,9632,1792,224
TCGA-05-4390-01A-01-BS1_x9968y1904,9968,1904,9856,1792,224
TCGA-05-4390-01A-01-BS1_x10192y1904,10192,1904,10080,1792,224
TCGA-05-4390-01A-01-BS1_x10416y1904,10416,1904,10304,1792,224
TCGA-05-4390-01A-01-BS1_x10640y1904,10640,1904,10528,1792,224
TCGA-05-4390-01A-01-BS1_x10864y1904,10864,1904,10752,1792,224
TCGA-05-4390-01A-01-BS1_x11088y1904,11088,1904,10976,1792,224
TCGA-05-4390-01A-01-BS1_x11312y1904,11312,1904,11200,1792,224
TCGA-05-4390-01A-01-BS1_x11536y1904,11536,1904,11424,1792,224
TCGA-05-4390-01A-01-BS1_x11760y1904,11760,1904,11648,1792,224
TCGA-05-4390-01A-01-BS1_x11984y1904,11984,1904,11872,1792,224
TCGA-05-4390-01A-01-BS1_x12208y1904,12208,1904,12096,1792,224
TCGA-05-4390-01A-01-BS1_x12432y1904,12432,1904,12320,1792,224
TCGA-05-4390-01A-01-BS1_x12656y1904,12656,1904,12544,1792,224
TCGA-05-4390-01A-01-BS1_x12880y1904,12880,1904,12768,1792,224
TCGA-05-4390-01A-01-BS1_x13104y1904,13104,1904,12992,1792,224
TCGA-05-4390-01A-01-BS1_x13328y1904,13328,1904,13216,1792,224
TCGA-05-4390-01A-01-BS1_x13552y1904,13552,1904,13440,1792,224
TCGA-05-4390-01A-01-BS1_x13776y1904,13776,1904,13664,1792,224
TCGA-05-4390-01A-01-BS1_x14000y1904,14000,1904,13888,1792,224
TCGA-05-4390-01A-01-BS1_x14224y1904,14224,1904,14112,1792,224
TCGA-05-4390-01A-01-BS1_x14448y1904,14448,1904,14336,1792,224
TCGA-05-4390-01A-01-BS1_x14672y1904,14672,1904,14560,1792,224
TCGA-05-4390-01A-01-BS1_x14896y1904,14896,1904,14784,1792,224
TCGA-05-4390-01A-01-BS1_x15120y1904,15120,1904,15008,1792,224
TCGA-05-4390-01A-01-BS1_x15344y1904,15344,1904,15232,1792,224
TCGA-05-4390-01A-01-BS1_x15568y1904,15568,1904,15456,1792,224
TCGA-05-4390-01A-01-BS1_x15792y1904,15792,1904,15680,1792,224
TCGA-05-4390-01A-01-BS1_x16016y1904,16016,1904,15904,1792,224
TCGA-05-4390-01A-01-BS1_x16240y1904,16240,1904,16128,1792,224
TCGA-05-4390-01A-01-BS1_x16464y1904,16464,1904,16352,1792,224
TCGA-05-4390-01A-01-BS1_x16688y1904,16688,1904,16576,1792,224
TCGA-05-4390-01A-01-BS1_x16912y1904,16912,1904,16800,1792,224
TCGA-05-4390-01A-01-BS1_x17136y1904,17136,1904,17024,1792,224
TCGA-05-4390-01A-01-BS1_x17360y1904,17360,1904,17248,1792,224
TCGA-05-4390-01A-01-BS1_x17584y1904,17584,1904,17472,1792,224
TCGA-05-4390-01A-01-BS1_x18032y1904,18032,1904,17920,1792,224
TCGA-05-4390-01A-01-BS1_x18256y1904,18256,1904,18144,1792,224
TCGA-05-4390-01A-01-BS1_x18480y1904,18480,1904,18368,1792,224
TCGA-05-4390-01A-01-BS1_x18704y1904,18704,1904,18592,1792,224
TCGA-05-4390-01A-01-BS1_x19600y1904,19600,1904,19488,1792,224
TCGA-05-4390-01A-01-BS1_x19824y1904,19824,1904,19712,1792,224
TCGA-05-4390-01A-01-BS1_x20048y1904,20048,1904,19936,1792,224
TCGA-05-4390-01A-01-BS1_x20272y1904,20272,1904,20160,1792,224
TCGA-05-4390-01A-01-BS1_x20496y1904,20496,1904,20384,1792,224
TCGA-05-4390-01A-01-BS1_x20720y1904,20720,1904,20608,1792,224
TCGA-05-4390-01A-01-BS1_x20944y1904,20944,1904,20832,1792,224
TCGA-05-4390-01A-01-BS1_x21168y1904,21168,1904,21056,1792,224
TCGA-05-4390-01A-01-BS1_x21392y1904,21392,1904,21280,1792,224
TCGA-05-4390-01A-01-BS1_x21616y1904,21616,1904,21504,1792,224
TCGA-05-4390-01A-01-BS1_x21840y1904,21840,1904,21728,1792,224
TCGA-05-4390-01A-01-BS1_x22064y1904,22064,1904,21952,1792,224
TCGA-05-4390-01A-01-BS1_x22288y1904,22288,1904,22176,1792,224
TCGA-05-4390-01A-01-BS1_x22512y1904,22512,1904,22400,1792,224
TCGA-05-4390-01A-01-BS1_x22736y1904,22736,1904,22624,1792,224
TCGA-05-4390-01A-01-BS1_x22960y1904,22960,1904,22848,1792,224
TCGA-05-4390-01A-01-BS1_x23184y1904,23184,1904,23072,1792,224
TCGA-05-4390-01A-01-BS1_x23408y1904,23408,1904,23296,1792,224
TCGA-05-4390-01A-01-BS1_x23632y1904,23632,1904,23520,1792,224
TCGA-05-4390-01A-01-BS1_x23856y1904,23856,1904,23744,1792,224
TCGA-05-4390-01A-01-BS1_x24080y1904,24080,1904,23968,1792,224
TCGA-05-4390-01A-01-BS1_x24304y1904,24304,1904,24192,1792,224
TCGA-05-4390-01A-01-BS1_x24528y1904,24528,1904,24416,1792,224
TCGA-05-4390-01A-01-BS1_x24752y1904,24752,1904,24640,1792,224
TCGA-05-4390-01A-01-BS1_x24976y1904,24976,1904,24864,1792,224
TCGA-05-4390-01A-01-BS1_x25200y1904,25200,1904,25088,1792,224
TCGA-05-4390-01A-01-BS1_x25424y1904,25424,1904,25312,1792,224
TCGA-05-4390-01A-01-BS1_x25648y1904,25648,1904,25536,1792,224
TCGA-05-4390-01A-01-BS1_x25872y1904,25872,1904,25760,1792,224
TCGA-05-4390-01A-01-BS1_x26096y1904,26096,1904,25984,1792,224
TCGA-05-4390-01A-01-BS1_x26320y1904,26320,1904,26208,1792,224
TCGA-05-4390-01A-01-BS1_x26544y1904,26544,1904,26432,1792,224
TCGA-05-4390-01A-01-BS1_x26768y1904,26768,1904,26656,1792,224
TCGA-05-4390-01A-01-BS1_x26992y1904,26992,1904,26880,1792,224
TCGA-05-4390-01A-01-BS1_x27216y1904,27216,1904,27104,1792,224
TCGA-05-4390-01A-01-BS1_x27440y1904,27440,1904,27328,1792,224
TCGA-05-4390-01A-01-BS1_x27664y1904,27664,1904,27552,1792,224
TCGA-05-4390-01A-01-BS1_x27888y1904,27888,1904,27776,1792,224
TCGA-05-4390-01A-01-BS1_x28112y1904,28112,1904,28000,1792,224
TCGA-05-4390-01A-01-BS1_x28336y1904,28336,1904,28224,1792,224
TCGA-05-4390-01A-01-BS1_x28560y1904,28560,1904,28448,1792,224
TCGA-05-4390-01A-01-BS1_x28784y1904,28784,1904,28672,1792,224
TCGA-05-4390-01A-01-BS1_x29008y1904,29008,1904,28896,1792,224
TCGA-05-4390-01A-01-BS1_x29232y1904,29232,1904,29120,1792,224
TCGA-05-4390-01A-01-BS1_x29456y1904,29456,1904,29344,1792,224
TCGA-05-4390-01A-01-BS1_x29680y1904,29680,1904,29568,1792,224
TCGA-05-4390-01A-01-BS1_x29904y1904,29904,1904,29792,1792,224
TCGA-05-4390-01A-01-BS1_x30128y1904,30128,1904,30016,1792,224
TCGA-05-4390-01A-01-BS1_x30352y1904,30352,1904,30240,1792,224
TCGA-05-4390-01A-01-BS1_x30576y1904,30576,1904,30464,1792,224
TCGA-05-4390-01A-01-BS1_x30800y1904,30800,1904,30688,1792,224
TCGA-05-4390-01A-01-BS1_x31024y1904,31024,1904,30912,1792,224
TCGA-05-4390-01A-01-BS1_x31248y1904,31248,1904,31136,1792,224
TCGA-05-4390-01A-01-BS1_x31472y1904,31472,1904,31360,1792,224
TCGA-05-4390-01A-01-BS1_x31696y1904,31696,1904,31584,1792,224
TCGA-05-4390-01A-01-BS1_x31920y1904,31920,1904,31808,1792,224
TCGA-05-4390-01A-01-BS1_x32144y1904,32144,1904,32032,1792,224
TCGA-05-4390-01A-01-BS1_x32368y1904,32368,1904,32256,1792,224
TCGA-05-4390-01A-01-BS1_x32592y1904,32592,1904,32480,1792,224
TCGA-05-4390-01A-01-BS1_x32816y1904,32816,1904,32704,1792,224
TCGA-05-4390-01A-01-BS1_x5040y2128,5040,2128,4928,2016,224
TCGA-05-4390-01A-01-BS1_x5264y2128,5264,2128,5152,2016,224
TCGA-05-4390-01A-01-BS1_x5488y2128,5488,2128,5376,2016,224
TCGA-05-4390-01A-01-BS1_x5712y2128,5712,2128,5600,2016,224
TCGA-05-4390-01A-01-BS1_x5936y2128,5936,2128,5824,2016,224
TCGA-05-4390-01A-01-BS1_x6160y2128,6160,2128,6048,2016,224
TCGA-05-4390-01A-01-BS1_x6384y2128,6384,2128,6272,2016,224
TCGA-05-4390-01A-01-BS1_x6608y2128,6608,2128,6496,2016,224
TCGA-05-4390-01A-01-BS1_x6832y2128,6832,2128,6720,2016,224
TCGA-05-4390-01A-01-BS1_x7056y2128,7056,2128,6944,2016,224
TCGA-05-4390-01A-01-BS1_x7280y2128,7280,2128,7168,2016,224
TCGA-05-4390-01A-01-BS1_x7504y2128,7504,2128,7392,2016,224
TCGA-05-4390-01A-01-BS1_x7728y2128,7728,2128,7616,2016,224
TCGA-05-4390-01A-01-BS1_x7952y2128,7952,2128,7840,2016,224
TCGA-05-4390-01A-01-BS1_x8176y2128,8176,2128,8064,2016,224
TCGA-05-4390-01A-01-BS1_x8400y2128,8400,2128,8288,2016,224
TCGA-05-4390-01A-01-BS1_x8624y2128,8624,2128,8512,2016,224
TCGA-05-4390-01A-01-BS1_x8848y2128,8848,2128,8736,2016,224
TCGA-05-4390-01A-01-BS1_x9072y2128,9072,2128,8960,2016,224
TCGA-05-4390-01A-01-BS1_x9296y2128,9296,2128,9184,2016,224
TCGA-05-4390-01A-01-BS1_x9520y2128,9520,2128,9408,2016,224
TCGA-05-4390-01A-01-BS1_x9744y2128,9744,2128,9632,2016,224
TCGA-05-4390-01A-01-BS1_x9968y2128,9968,2128,9856,2016,224
TCGA-05-4390-01A-01-BS1_x10192y2128,10192,2128,10080,2016,224
TCGA-05-4390-01A-01-BS1_x10416y2128,10416,2128,10304,2016,224
TCGA-05-4390-01A-01-BS1_x10640y2128,10640,2128,10528,2016,224
TCGA-05-4390-01A-01-BS1_x10864y2128,10864,2128,10752,2016,224
TCGA-05-4390-01A-01-BS1_x11088y2128,11088,2128,10976,2016,224
TCGA-05-4390-01A-01-BS1_x11312y2128,11312,2128,11200,2016,224
TCGA-05-4390-01A-01-BS1_x11536y2128,11536,2128,11424,2016,224
TCGA-05-4390-01A-01-BS1_x11760y2128,11760,2128,11648,2016,224
TCGA-05-4390-01A-01-BS1_x11984y2128,11984,2128,11872,2016,224
TCGA-05-4390-01A-01-BS1_x12208y2128,12208,2128,12096,2016,224
TCGA-05-4390-01A-01-BS1_x12432y2128,12432,2128,12320,2016,224
TCGA-05-4390-01A-01-BS1_x12656y2128,12656,2128,12544,2016,224
TCGA-05-4390-01A-01-BS1_x12880y2128,12880,2128,12768,2016,224
TCGA-05-4390-01A-01-BS1_x13104y2128,13104,2128,12992,2016,224
TCGA-05-4390-01A-01-BS1_x13328y2128,13328,2128,13216,2016,224
TCGA-05-4390-01A-01-BS1_x13552y2128,13552,2128,13440,2016,224
TCGA-05-4390-01A-01-BS1_x13776y2128,13776,2128,13664,2016,224
TCGA-05-4390-01A-01-BS1_x14000y2128,14000,2128,13888,2016,224
TCGA-05-4390-01A-01-BS1_x14224y2128,14224,2128,14112,2016,224
TCGA-05-4390-01A-01-BS1_x14448y2128,14448,2128,14336,2016,224
TCGA-05-4390-01A-01-BS1_x14672y2128,14672,2128,14560,2016,224
TCGA-05-4390-01A-01-BS1_x14896y2128,14896,2128,14784,2016,224
TCGA-05-4390-01A-01-BS1_x15120y2128,15120,2128,15008,2016,224
TCGA-05-4390-01A-01-BS1_x15344y2128,15344,2128,15232,2016,224
TCGA-05-4390-01A-01-BS1_x15568y2128,15568,2128,15456,2016,224
TCGA-05-4390-01A-01-BS1_x15792y2128,15792,2128,15680,2016,224
TCGA-05-4390-01A-01-BS1_x16016y2128,16016,2128,15904,2016,224
TCGA-05-4390-01A-01-BS1_x16240y2128,16240,2128,16128,2016,224
TCGA-05-4390-01A-01-BS1_x16464y2128,16464,2128,16352,2016,224
TCGA-05-4390-01A-01-BS1_x16688y2128,16688,2128,16576,2016,224
TCGA-05-4390-01A-01-BS1_x16912y2128,16912,2128,16800,2016,224
TCGA-05-4390-01A-01-BS1_x17136y2128,17136,2128,17024,2016,224
TCGA-05-4390-01A-01-BS1_x17360y2128,17360,2128,17248,2016,224
TCGA-05-4390-01A-01-BS1_x17584y2128,17584,2128,17472,2016,224
TCGA-05-4390-01A-01-BS1_x17808y2128,17808,2128,17696,2016,224
TCGA-05-4390-01A-01-BS1_x18032y2128,18032,2128,17920,2016,224
TCGA-05-4390-01A-01-BS1_x18256y2128,18256,2128,18144,2016,224
TCGA-05-4390-01A-01-BS1_x18480y2128,18480,2128,18368,2016,224
TCGA-05-4390-01A-01-BS1_x18704y2128,18704,2128,18592,2016,224
TCGA-05-4390-01A-01-BS1_x19376y2128,19376,2128,19264,2016,224
TCGA-05-4390-01A-01-BS1_x19600y2128,19600,2128,19488,2016,224
TCGA-05-4390-01A-01-BS1_x19824y2128,19824,2128,19712,2016,224
TCGA-05-4390-01A-01-BS1_x20048y2128,20048,2128,19936,2016,224
TCGA-05-4390-01A-01-BS1_x20272y2128,20272,2128,20160,2016,224
TCGA-05-4390-01A-01-BS1_x20496y2128,20496,2128,20384,2016,224
TCGA-05-4390-01A-01-BS1_x20720y2128,20720,2128,20608,2016,224
TCGA-05-4390-01A-01-BS1_x20944y2128,20944,2128,20832,2016,224
TCGA-05-4390-01A-01-BS1_x21168y2128,21168,2128,21056,2016,224
TCGA-05-4390-01A-01-BS1_x21392y2128,21392,2128,21280,2016,224
TCGA-05-4390-01A-01-BS1_x21616y2128,21616,2128,21504,2016,224
TCGA-05-4390-01A-01-BS1_x21840y2128,21840,2128,21728,2016,224
TCGA-05-4390-01A-01-BS1_x22064y2128,22064,2128,21952,2016,224
TCGA-05-4390-01A-01-BS1_x22288y2128,22288,2128,22176,2016,224
TCGA-05-4390-01A-01-BS1_x22512y2128,22512,2128,22400,2016,224
TCGA-05-4390-01A-01-BS1_x22736y2128,22736,2128,22624,2016,224
TCGA-05-4390-01A-01-BS1_x22960y2128,22960,2128,22848,2016,224
TCGA-05-4390-01A-01-BS1_x23184y2128,23184,2128,23072,2016,224
TCGA-05-4390-01A-01-BS1_x23408y2128,23408,2128,23296,2016,224
TCGA-05-4390-01A-01-BS1_x23632y2128,23632,2128,23520,2016,224
TCGA-05-4390-01A-01-BS1_x23856y2128,23856,2128,23744,2016,224
TCGA-05-4390-01A-01-BS1_x24080y2128,24080,2128,23968,2016,224
TCGA-05-4390-01A-01-BS1_x24304y2128,24304,2128,24192,2016,224
TCGA-05-4390-01A-01-BS1_x24528y2128,24528,2128,24416,2016,224
TCGA-05-4390-01A-01-BS1_x24752y2128,24752,2128,24640,2016,224
TCGA-05-4390-01A-01-BS1_x24976y2128,24976,2128,24864,2016,224
TCGA-05-4390-01A-01-BS1_x25200y2128,25200,2128,25088,2016,224
TCGA-05-4390-01A-01-BS1_x25424y2128,25424,2128,25312,2016,224
TCGA-05-4390-01A-01-BS1_x25648y2128,25648,2128,25536,2016,224
TCGA-05-4390-01A-01-BS1_x25872y2128,25872,2128,25760,2016,224
TCGA-05-4390-01A-01-BS1_x26096y2128,26096,2128,25984,2016,224
TCGA-05-4390-01A-01-BS1_x26320y2128,26320,2128,26208,2016,224
TCGA-05-4390-01A-01-BS1_x26544y2128,26544,2128,26432,2016,224
TCGA-05-4390-01A-01-BS1_x26768y2128,26768,2128,26656,2016,224
TCGA-05-4390-01A-01-BS1_x26992y2128,26992,2128,26880,2016,224
TCGA-05-4390-01A-01-BS1_x27216y2128,27216,2128,27104,2016,224
TCGA-05-4390-01A-01-BS1_x27440y2128,27440,2128,27328,2016,224
TCGA-05-4390-01A-01-BS1_x27664y2128,27664,2128,27552,2016,224
TCGA-05-4390-01A-01-BS1_x27888y2128,27888,2128,27776,2016,224
TCGA-05-4390-01A-01-BS1_x28112y2128,28112,2128,28000,2016,224
TCGA-05-4390-01A-01-BS1_x28336y2128,28336,2128,28224,2016,224
TCGA-05-4390-01A-01-BS1_x28560y2128,28560,2128,28448,2016,224
TCGA-05-4390-01A-01-BS1_x28784y2128,28784,2128,28672,2016,224
TCGA-05-4390-01A-01-BS1_x29008y2128,29008,2128,28896,2016,224
TCGA-05-4390-01A-01-BS1_x29232y2128,29232,2128,29120,2016,224
TCGA-05-4390-01A-01-BS1_x29456y2128,29456,2128,29344,2016,224
TCGA-05-4390-01A-01-BS1_x29680y2128,29680,2128,29568,2016,224
TCGA-05-4390-01A-01-BS1_x29904y2128,29904,2128,29792,2016,224
TCGA-05-4390-01A-01-BS1_x30128y2128,30128,2128,30016,2016,224
TCGA-05-4390-01A-01-BS1_x30352y2128,30352,2128,30240,2016,224
TCGA-05-4390-01A-01-BS1_x30576y2128,30576,2128,30464,2016,224
TCGA-05-4390-01A-01-BS1_x30800y2128,30800,2128,30688,2016,224
TCGA-05-4390-01A-01-BS1_x31024y2128,31024,2128,30912,2016,224
TCGA-05-4390-01A-01-BS1_x31248y2128,31248,2128,31136,2016,224
TCGA-05-4390-01A-01-BS1_x31472y2128,31472,2128,31360,2016,224
TCGA-05-4390-01A-01-BS1_x31696y2128,31696,2128,31584,2016,224
TCGA-05-4390-01A-01-BS1_x31920y2128,31920,2128,31808,2016,224
TCGA-05-4390-01A-01-BS1_x32144y2128,32144,2128,32032,2016,224
TCGA-05-4390-01A-01-BS1_x32368y2128,32368,2128,32256,2016,224
TCGA-05-4390-01A-01-BS1_x32592y2128,32592,2128,32480,2016,224
TCGA-05-4390-01A-01-BS1_x32816y2128,32816,2128,32704,2016,224
TCGA-05-4390-01A-01-BS1_x4592y2352,4592,2352,4480,2240,224
TCGA-05-4390-01A-01-BS1_x5040y2352,5040,2352,4928,2240,224
TCGA-05-4390-01A-01-BS1_x5264y2352,5264,2352,5152,2240,224
TCGA-05-4390-01A-01-BS1_x5488y2352,5488,2352,5376,2240,224
TCGA-05-4390-01A-01-BS1_x5712y2352,5712,2352,5600,2240,224
TCGA-05-4390-01A-01-BS1_x5936y2352,5936,2352,5824,2240,224
TCGA-05-4390-01A-01-BS1_x6160y2352,6160,2352,6048,2240,224
TCGA-05-4390-01A-01-BS1_x6384y2352,6384,2352,6272,2240,224
TCGA-05-4390-01A-01-BS1_x6608y2352,6608,2352,6496,2240,224
TCGA-05-4390-01A-01-BS1_x6832y2352,6832,2352,6720,2240,224
TCGA-05-4390-01A-01-BS1_x7056y2352,7056,2352,6944,2240,224
TCGA-05-4390-01A-01-BS1_x7280y2352,7280,2352,7168,2240,224
TCGA-05-4390-01A-01-BS1_x7504y2352,7504,2352,7392,2240,224
TCGA-05-4390-01A-01-BS1_x7728y2352,7728,2352,7616,2240,224
TCGA-05-4390-01A-01-BS1_x7952y2352,7952,2352,7840,2240,224
TCGA-05-4390-01A-01-BS1_x8176y2352,8176,2352,8064,2240,224
TCGA-05-4390-01A-01-BS1_x8400y2352,8400,2352,8288,2240,224
TCGA-05-4390-01A-01-BS1_x8624y2352,8624,2352,8512,2240,224
TCGA-05-4390-01A-01-BS1_x8848y2352,8848,2352,8736,2240,224
TCGA-05-4390-01A-01-BS1_x9072y2352,9072,2352,8960,2240,224
TCGA-05-4390-01A-01-BS1_x9296y2352,9296,2352,9184,2240,224
TCGA-05-4390-01A-01-BS1_x9520y2352,9520,2352,9408,2240,224
TCGA-05-4390-01A-01-BS1_x9744y2352,9744,2352,9632,2240,224
TCGA-05-4390-01A-01-BS1_x9968y2352,9968,2352,9856,2240,224
TCGA-05-4390-01A-01-BS1_x10192y2352,10192,2352,10080,2240,224
TCGA-05-4390-01A-01-BS1_x10416y2352,10416,2352,10304,2240,224
TCGA-05-4390-01A-01-BS1_x10640y2352,10640,2352,10528,2240,224
TCGA-05-4390-01A-01-BS1_x10864y2352,10864,2352,10752,2240,224
TCGA-05-4390-01A-01-BS1_x11088y2352,11088,2352,10976,2240,224
TCGA-05-4390-01A-01-BS1_x11312y2352,11312,2352,11200,2240,224
TCGA-05-4390-01A-01-BS1_x11536y2352,11536,2352,11424,2240,224
TCGA-05-4390-01A-01-BS1_x11760y2352,11760,2352,11648,2240,224
TCGA-05-4390-01A-01-BS1_x11984y2352,11984,2352,11872,2240,224
TCGA-05-4390-01A-01-BS1_x12208y2352,12208,2352,12096,2240,224
TCGA-05-4390-01A-01-BS1_x12432y2352,12432,2352,12320,2240,224
TCGA-05-4390-01A-01-BS1_x12656y2352,12656,2352,12544,2240,224
TCGA-05-4390-01A-01-BS1_x12880y2352,12880,2352,12768,2240,224
TCGA-05-4390-01A-01-BS1_x13104y2352,13104,2352,12992,2240,224
TCGA-05-4390-01A-01-BS1_x13328y2352,13328,2352,13216,2240,224
TCGA-05-4390-01A-01-BS1_x13552y2352,13552,2352,13440,2240,224
TCGA-05-4390-01A-01-BS1_x13776y2352,13776,2352,13664,2240,224
TCGA-05-4390-01A-01-BS1_x14000y2352,14000,2352,13888,2240,224
TCGA-05-4390-01A-01-BS1_x14224y2352,14224,2352,14112,2240,224
TCGA-05-4390-01A-01-BS1_x14448y2352,14448,2352,14336,2240,224
TCGA-05-4390-01A-01-BS1_x14672y2352,14672,2352,14560,2240,224
TCGA-05-4390-01A-01-BS1_x14896y2352,14896,2352,14784,2240,224
TCGA-05-4390-01A-01-BS1_x15120y2352,15120,2352,15008,2240,224
TCGA-05-4390-01A-01-BS1_x15344y2352,15344,2352,15232,2240,224
TCGA-05-4390-01A-01-BS1_x15568y2352,15568,2352,15456,2240,224
TCGA-05-4390-01A-01-BS1_x15792y2352,15792,2352,15680,2240,224
TCGA-05-4390-01A-01-BS1_x16016y2352,16016,2352,15904,2240,224
TCGA-05-4390-01A-01-BS1_x16240y2352,16240,2352,16128,2240,224
TCGA-05-4390-01A-01-BS1_x16464y2352,16464,2352,16352,2240,224
TCGA-05-4390-01A-01-BS1_x16688y2352,16688,2352,16576,2240,224
TCGA-05-4390-01A-01-BS1_x16912y2352,16912,2352,16800,2240,224
TCGA-05-4390-01A-01-BS1_x17136y2352,17136,2352,17024,2240,224
TCGA-05-4390-01A-01-BS1_x17360y2352,17360,2352,17248,2240,224
TCGA-05-4390-01A-01-BS1_x17584y2352,17584,2352,17472,2240,224
TCGA-05-4390-01A-01-BS1_x17808y2352,17808,2352,17696,2240,224
TCGA-05-4390-01A-01-BS1_x18032y2352,18032,2352,17920,2240,224
TCGA-05-4390-01A-01-BS1_x18256y2352,18256,2352,18144,2240,224
TCGA-05-4390-01A-01-BS1_x18480y2352,18480,2352,18368,2240,224
TCGA-05-4390-01A-01-BS1_x18704y2352,18704,2352,18592,2240,224
TCGA-05-4390-01A-01-BS1_x18928y2352,18928,2352,18816,2240,224
TCGA-05-4390-01A-01-BS1_x19376y2352,19376,2352,19264,2240,224
TCGA-05-4390-01A-01-BS1_x19600y2352,19600,2352,19488,2240,224
TCGA-05-4390-01A-01-BS1_x19824y2352,19824,2352,19712,2240,224
TCGA-05-4390-01A-01-BS1_x20048y2352,20048,2352,19936,2240,224
TCGA-05-4390-01A-01-BS1_x20272y2352,20272,2352,20160,2240,224
TCGA-05-4390-01A-01-BS1_x20496y2352,20496,2352,20384,2240,224
TCGA-05-4390-01A-01-BS1_x20720y2352,20720,2352,20608,2240,224
TCGA-05-4390-01A-01-BS1_x20944y2352,20944,2352,20832,2240,224
TCGA-05-4390-01A-01-BS1_x21168y2352,21168,2352,21056,2240,224
TCGA-05-4390-01A-01-BS1_x21392y2352,21392,2352,21280,2240,224
TCGA-05-4390-01A-01-BS1_x21616y2352,21616,2352,21504,2240,224
TCGA-05-4390-01A-01-BS1_x21840y2352,21840,2352,21728,2240,224
TCGA-05-4390-01A-01-BS1_x22064y2352,22064,2352,21952,2240,224
TCGA-05-4390-01A-01-BS1_x22288y2352,22288,2352,22176,2240,224
TCGA-05-4390-01A-01-BS1_x22512y2352,22512,2352,22400,2240,224
TCGA-05-4390-01A-01-BS1_x22736y2352,22736,2352,22624,2240,224
TCGA-05-4390-01A-01-BS1_x22960y2352,22960,2352,22848,2240,224
TCGA-05-4390-01A-01-BS1_x23184y2352,23184,2352,23072,2240,224
TCGA-05-4390-01A-01-BS1_x23408y2352,23408,2352,23296,2240,224
TCGA-05-4390-01A-01-BS1_x23632y2352,23632,2352,23520,2240,224
TCGA-05-4390-01A-01-BS1_x23856y2352,23856,2352,23744,2240,224
TCGA-05-4390-01A-01-BS1_x24080y2352,24080,2352,23968,2240,224
TCGA-05-4390-01A-01-BS1_x24304y2352,24304,2352,24192,2240,224
TCGA-05-4390-01A-01-BS1_x24528y2352,24528,2352,24416,2240,224
TCGA-05-4390-01A-01-BS1_x24752y2352,24752,2352,24640,2240,224
TCGA-05-4390-01A-01-BS1_x24976y2352,24976,2352,24864,2240,224
TCGA-05-4390-01A-01-BS1_x25200y2352,25200,2352,25088,2240,224
TCGA-05-4390-01A-01-BS1_x25424y2352,25424,2352,25312,2240,224
TCGA-05-4390-01A-01-BS1_x25648y2352,25648,2352,25536,2240,224
TCGA-05-4390-01A-01-BS1_x25872y2352,25872,2352,25760,2240,224
TCGA-05-4390-01A-01-BS1_x26096y2352,26096,2352,25984,2240,224
TCGA-05-4390-01A-01-BS1_x26320y2352,26320,2352,26208,2240,224
TCGA-05-4390-01A-01-BS1_x26544y2352,26544,2352,26432,2240,224
TCGA-05-4390-01A-01-BS1_x26768y2352,26768,2352,26656,2240,224
TCGA-05-4390-01A-01-BS1_x26992y2352,26992,2352,26880,2240,224
TCGA-05-4390-01A-01-BS1_x27216y2352,27216,2352,27104,2240,224
TCGA-05-4390-01A-01-BS1_x27440y2352,27440,2352,27328,2240,224
TCGA-05-4390-01A-01-BS1_x27664y2352,27664,2352,27552,2240,224
TCGA-05-4390-01A-01-BS1_x27888y2352,27888,2352,27776,2240,224
TCGA-05-4390-01A-01-BS1_x28112y2352,28112,2352,28000,2240,224
TCGA-05-4390-01A-01-BS1_x28336y2352,28336,2352,28224,2240,224
TCGA-05-4390-01A-01-BS1_x28560y2352,28560,2352,28448,2240,224
TCGA-05-4390-01A-01-BS1_x28784y2352,28784,2352,28672,2240,224
TCGA-05-4390-01A-01-BS1_x29008y2352,29008,2352,28896,2240,224
TCGA-05-4390-01A-01-BS1_x29232y2352,29232,2352,29120,2240,224
TCGA-05-4390-01A-01-BS1_x29456y2352,29456,2352,29344,2240,224
TCGA-05-4390-01A-01-BS1_x29680y2352,29680,2352,29568,2240,224
TCGA-05-4390-01A-01-BS1_x29904y2352,29904,2352,29792,2240,224
TCGA-05-4390-01A-01-BS1_x30128y2352,30128,2352,30016,2240,224
TCGA-05-4390-01A-01-BS1_x30352y2352,30352,2352,30240,2240,224
TCGA-05-4390-01A-01-BS1_x30576y2352,30576,2352,30464,2240,224
TCGA-05-4390-01A-01-BS1_x30800y2352,30800,2352,30688,2240,224
TCGA-05-4390-01A-01-BS1_x31024y2352,31024,2352,30912,2240,224
TCGA-05-4390-01A-01-BS1_x31248y2352,31248,2352,31136,2240,224
TCGA-05-4390-01A-01-BS1_x31472y2352,31472,2352,31360,2240,224
TCGA-05-4390-01A-01-BS1_x31696y2352,31696,2352,31584,2240,224
TCGA-05-4390-01A-01-BS1_x31920y2352,31920,2352,31808,2240,224
TCGA-05-4390-01A-01-BS1_x32144y2352,32144,2352,32032,2240,224
TCGA-05-4390-01A-01-BS1_x32368y2352,32368,2352,32256,2240,224
TCGA-05-4390-01A-01-BS1_x32592y2352,32592,2352,32480,2240,224
TCGA-05-4390-01A-01-BS1_x32816y2352,32816,2352,32704,2240,224
TCGA-05-4390-01A-01-BS1_x4368y2576,4368,2576,4256,2464,224
TCGA-05-4390-01A-01-BS1_x4592y2576,4592,2576,4480,2464,224
TCGA-05-4390-01A-01-BS1_x5040y2576,5040,2576,4928,2464,224
TCGA-05-4390-01A-01-BS1_x5264y2576,5264,2576,5152,2464,224
TCGA-05-4390-01A-01-BS1_x5488y2576,5488,2576,5376,2464,224
TCGA-05-4390-01A-01-BS1_x5712y2576,5712,2576,5600,2464,224
TCGA-05-4390-01A-01-BS1_x5936y2576,5936,2576,5824,2464,224
TCGA-05-4390-01A-01-BS1_x6160y2576,6160,2576,6048,2464,224
TCGA-05-4390-01A-01-BS1_x6384y2576,6384,2576,6272,2464,224
TCGA-05-4390-01A-01-BS1_x6608y2576,6608,2576,6496,2464,224
TCGA-05-4390-01A-01-BS1_x6832y2576,6832,2576,6720,2464,224
TCGA-05-4390-01A-01-BS1_x7056y2576,7056,2576,6944,2464,224
TCGA-05-4390-01A-01-BS1_x7280y2576,7280,2576,7168,2464,224
TCGA-05-4390-01A-01-BS1_x7504y2576,7504,2576,7392,2464,224
TCGA-05-4390-01A-01-BS1_x7728y2576,7728,2576,7616,2464,224
TCGA-05-4390-01A-01-BS1_x7952y2576,7952,2576,7840,2464,224
TCGA-05-4390-01A-01-BS1_x8176y2576,8176,2576,8064,2464,224
TCGA-05-4390-01A-01-BS1_x8400y2576,8400,2576,8288,2464,224
TCGA-05-4390-01A-01-BS1_x8624y2576,8624,2576,8512,2464,224
TCGA-05-4390-01A-01-BS1_x8848y2576,8848,2576,8736,2464,224
TCGA-05-4390-01A-01-BS1_x9072y2576,9072,2576,8960,2464,224
TCGA-05-4390-01A-01-BS1_x9296y2576,9296,2576,9184,2464,224
TCGA-05-4390-01A-01-BS1_x9520y2576,9520,2576,9408,2464,224
TCGA-05-4390-01A-01-BS1_x9744y2576,9744,2576,9632,2464,224
TCGA-05-4390-01A-01-BS1_x9968y2576,9968,2576,9856,2464,224
TCGA-05-4390-01A-01-BS1_x10192y2576,10192,2576,10080,2464,224
TCGA-05-4390-01A-01-BS1_x10416y2576,10416,2576,10304,2464,224
TCGA-05-4390-01A-01-BS1_x10640y2576,10640,2576,10528,2464,224
TCGA-05-4390-01A-01-BS1_x10864y2576,10864,2576,10752,2464,224
TCGA-05-4390-01A-01-BS1_x11088y2576,11088,2576,10976,2464,224
TCGA-05-4390-01A-01-BS1_x11312y2576,11312,2576,11200,2464,224
TCGA-05-4390-01A-01-BS1_x11536y2576,11536,2576,11424,2464,224
TCGA-05-4390-01A-01-BS1_x11760y2576,11760,2576,11648,2464,224
TCGA-05-4390-01A-01-BS1_x11984y2576,11984,2576,11872,2464,224
TCGA-05-4390-01A-01-BS1_x12208y2576,12208,2576,12096,2464,224
TCGA-05-4390-01A-01-BS1_x12432y2576,12432,2576,12320,2464,224
TCGA-05-4390-01A-01-BS1_x12656y2576,12656,2576,12544,2464,224
TCGA-05-4390-01A-01-BS1_x12880y2576,12880,2576,12768,2464,224
TCGA-05-4390-01A-01-BS1_x13104y2576,13104,2576,12992,2464,224
TCGA-05-4390-01A-01-BS1_x13328y2576,13328,2576,13216,2464,224
TCGA-05-4390-01A-01-BS1_x13552y2576,13552,2576,13440,2464,224
TCGA-05-4390-01A-01-BS1_x13776y2576,13776,2576,13664,2464,224
TCGA-05-4390-01A-01-BS1_x14000y2576,14000,2576,13888,2464,224
TCGA-05-4390-01A-01-BS1_x14224y2576,14224,2576,14112,2464,224
TCGA-05-4390-01A-01-BS1_x14448y2576,14448,2576,14336,2464,224
TCGA-05-4390-01A-01-BS1_x14672y2576,14672,2576,14560,2464,224
TCGA-05-4390-01A-01-BS1_x14896y2576,14896,2576,14784,2464,224
TCGA-05-4390-01A-01-BS1_x15120y2576,15120,2576,15008,2464,224
TCGA-05-4390-01A-01-BS1_x15344y2576,15344,2576,15232,2464,224
TCGA-05-4390-01A-01-BS1_x15568y2576,15568,2576,15456,2464,224
TCGA-05-4390-01A-01-BS1_x15792y2576,15792,2576,15680,2464,224
TCGA-05-4390-01A-01-BS1_x16016y2576,16016,2576,15904,2464,224
TCGA-05-4390-01A-01-BS1_x16240y2576,16240,2576,16128,2464,224
TCGA-05-4390-01A-01-BS1_x16464y2576,16464,2576,16352,2464,224
TCGA-05-4390-01A-01-BS1_x16688y2576,16688,2576,16576,2464,224
TCGA-05-4390-01A-01-BS1_x16912y2576,16912,2576,16800,2464,224
TCGA-05-4390-01A-01-BS1_x17136y2576,17136,2576,17024,2464,224
TCGA-05-4390-01A-01-BS1_x17360y2576,17360,2576,17248,2464,224
TCGA-05-4390-01A-01-BS1_x17584y2576,17584,2576,17472,2464,224
TCGA-05-4390-01A-01-BS1_x17808y2576,17808,2576,17696,2464,224
TCGA-05-4390-01A-01-BS1_x18032y2576,18032,2576,17920,2464,224
TCGA-05-4390-01A-01-BS1_x18256y2576,18256,2576,18144,2464,224
TCGA-05-4390-01A-01-BS1_x18480y2576,18480,2576,18368,2464,224
TCGA-05-4390-01A-01-BS1_x18704y2576,18704,2576,18592,2464,224
TCGA-05-4390-01A-01-BS1_x18928y2576,18928,2576,18816,2464,224
TCGA-05-4390-01A-01-BS1_x19376y2576,19376,2576,19264,2464,224
TCGA-05-4390-01A-01-BS1_x19600y2576,19600,2576,19488,2464,224
TCGA-05-4390-01A-01-BS1_x19824y2576,19824,2576,19712,2464,224
TCGA-05-4390-01A-01-BS1_x20048y2576,20048,2576,19936,2464,224
TCGA-05-4390-01A-01-BS1_x20272y2576,20272,2576,20160,2464,224
TCGA-05-4390-01A-01-BS1_x20496y2576,20496,2576,20384,2464,224
TCGA-05-4390-01A-01-BS1_x20720y2576,20720,2576,20608,2464,224
TCGA-05-4390-01A-01-BS1_x20944y2576,20944,2576,20832,2464,224
TCGA-05-4390-01A-01-BS1_x21168y2576,21168,2576,21056,2464,224
TCGA-05-4390-01A-01-BS1_x21392y2576,21392,2576,21280,2464,224
TCGA-05-4390-01A-01-BS1_x21616y2576,21616,2576,21504,2464,224
TCGA-05-4390-01A-01-BS1_x21840y2576,21840,2576,21728,2464,224
TCGA-05-4390-01A-01-BS1_x22064y2576,22064,2576,21952,2464,224
TCGA-05-4390-01A-01-BS1_x22288y2576,22288,2576,22176,2464,224
TCGA-05-4390-01A-01-BS1_x22512y2576,22512,2576,22400,2464,224
TCGA-05-4390-01A-01-BS1_x22736y2576,22736,2576,22624,2464,224
TCGA-05-4390-01A-01-BS1_x22960y2576,22960,2576,22848,2464,224
TCGA-05-4390-01A-01-BS1_x23184y2576,23184,2576,23072,2464,224
TCGA-05-4390-01A-01-BS1_x23408y2576,23408,2576,23296,2464,224
TCGA-05-4390-01A-01-BS1_x23632y2576,23632,2576,23520,2464,224
TCGA-05-4390-01A-01-BS1_x23856y2576,23856,2576,23744,2464,224
TCGA-05-4390-01A-01-BS1_x24080y2576,24080,2576,23968,2464,224
TCGA-05-4390-01A-01-BS1_x24304y2576,24304,2576,24192,2464,224
TCGA-05-4390-01A-01-BS1_x24528y2576,24528,2576,24416,2464,224
TCGA-05-4390-01A-01-BS1_x24752y2576,24752,2576,24640,2464,224
TCGA-05-4390-01A-01-BS1_x24976y2576,24976,2576,24864,2464,224
TCGA-05-4390-01A-01-BS1_x25200y2576,25200,2576,25088,2464,224
TCGA-05-4390-01A-01-BS1_x25424y2576,25424,2576,25312,2464,224
TCGA-05-4390-01A-01-BS1_x25648y2576,25648,2576,25536,2464,224
TCGA-05-4390-01A-01-BS1_x25872y2576,25872,2576,25760,2464,224
TCGA-05-4390-01A-01-BS1_x26096y2576,26096,2576,25984,2464,224
TCGA-05-4390-01A-01-BS1_x26320y2576,26320,2576,26208,2464,224
TCGA-05-4390-01A-01-BS1_x26544y2576,26544,2576,26432,2464,224
TCGA-05-4390-01A-01-BS1_x26768y2576,26768,2576,26656,2464,224
TCGA-05-4390-01A-01-BS1_x26992y2576,26992,2576,26880,2464,224
TCGA-05-4390-01A-01-BS1_x27216y2576,27216,2576,27104,2464,224
TCGA-05-4390-01A-01-BS1_x27440y2576,27440,2576,27328,2464,224
TCGA-05-4390-01A-01-BS1_x27664y2576,27664,2576,27552,2464,224
TCGA-05-4390-01A-01-BS1_x27888y2576,27888,2576,27776,2464,224
TCGA-05-4390-01A-01-BS1_x28112y2576,28112,2576,28000,2464,224
TCGA-05-4390-01A-01-BS1_x28336y2576,28336,2576,28224,2464,224
TCGA-05-4390-01A-01-BS1_x28560y2576,28560,2576,28448,2464,224
TCGA-05-4390-01A-01-BS1_x28784y2576,28784,2576,28672,2464,224
TCGA-05-4390-01A-01-BS1_x29008y2576,29008,2576,28896,2464,224
TCGA-05-4390-01A-01-BS1_x29232y2576,29232,2576,29120,2464,224
TCGA-05-4390-01A-01-BS1_x29456y2576,29456,2576,29344,2464,224
TCGA-05-4390-01A-01-BS1_x29680y2576,29680,2576,29568,2464,224
TCGA-05-4390-01A-01-BS1_x29904y2576,29904,2576,29792,2464,224
TCGA-05-4390-01A-01-BS1_x30128y2576,30128,2576,30016,2464,224
TCGA-05-4390-01A-01-BS1_x30352y2576,30352,2576,30240,2464,224
TCGA-05-4390-01A-01-BS1_x30576y2576,30576,2576,30464,2464,224
TCGA-05-4390-01A-01-BS1_x30800y2576,30800,2576,30688,2464,224
TCGA-05-4390-01A-01-BS1_x31024y2576,31024,2576,30912,2464,224
TCGA-05-4390-01A-01-BS1_x31248y2576,31248,2576,31136,2464,224
TCGA-05-4390-01A-01-BS1_x31472y2576,31472,2576,31360,2464,224
TCGA-05-4390-01A-01-BS1_x31696y2576,31696,2576,31584,2464,224
TCGA-05-4390-01A-01-BS1_x31920y2576,31920,2576,31808,2464,224
TCGA-05-4390-01A-01-BS1_x32144y2576,32144,2576,32032,2464,224
TCGA-05-4390-01A-01-BS1_x32368y2576,32368,2576,32256,2464,224
TCGA-05-4390-01A-01-BS1_x32592y2576,32592,2576,32480,2464,224
TCGA-05-4390-01A-01-BS1_x32816y2576,32816,2576,32704,2464,224
TCGA-05-4390-01A-01-BS1_x4144y2800,4144,2800,4032,2688,224
TCGA-05-4390-01A-01-BS1_x4368y2800,4368,2800,4256,2688,224
TCGA-05-4390-01A-01-BS1_x4592y2800,4592,2800,4480,2688,224
TCGA-05-4390-01A-01-BS1_x4816y2800,4816,2800,4704,2688,224
TCGA-05-4390-01A-01-BS1_x5040y2800,5040,2800,4928,2688,224
TCGA-05-4390-01A-01-BS1_x5264y2800,5264,2800,5152,2688,224
TCGA-05-4390-01A-01-BS1_x5488y2800,5488,2800,5376,2688,224
TCGA-05-4390-01A-01-BS1_x5712y2800,5712,2800,5600,2688,224
TCGA-05-4390-01A-01-BS1_x5936y2800,5936,2800,5824,2688,224
TCGA-05-4390-01A-01-BS1_x6160y2800,6160,2800,6048,2688,224
TCGA-05-4390-01A-01-BS1_x6384y2800,6384,2800,6272,2688,224
TCGA-05-4390-01A-01-BS1_x6608y2800,6608,2800,6496,2688,224
TCGA-05-4390-01A-01-BS1_x6832y2800,6832,2800,6720,2688,224
TCGA-05-4390-01A-01-BS1_x7056y2800,7056,2800,6944,2688,224
TCGA-05-4390-01A-01-BS1_x7280y2800,7280,2800,7168,2688,224
TCGA-05-4390-01A-01-BS1_x7504y2800,7504,2800,7392,2688,224
TCGA-05-4390-01A-01-BS1_x7728y2800,7728,2800,7616,2688,224
TCGA-05-4390-01A-01-BS1_x7952y2800,7952,2800,7840,2688,224
TCGA-05-4390-01A-01-BS1_x8176y2800,8176,2800,8064,2688,224
TCGA-05-4390-01A-01-BS1_x8400y2800,8400,2800,8288,2688,224
TCGA-05-4390-01A-01-BS1_x8624y2800,8624,2800,8512,2688,224
TCGA-05-4390-01A-01-BS1_x8848y2800,8848,2800,8736,2688,224
TCGA-05-4390-01A-01-BS1_x9072y2800,9072,2800,8960,2688,224
TCGA-05-4390-01A-01-BS1_x9296y2800,9296,2800,9184,2688,224
TCGA-05-4390-01A-01-BS1_x9520y2800,9520,2800,9408,2688,224
TCGA-05-4390-01A-01-BS1_x9744y2800,9744,2800,9632,2688,224
TCGA-05-4390-01A-01-BS1_x9968y2800,9968,2800,9856,2688,224
TCGA-05-4390-01A-01-BS1_x10192y2800,10192,2800,10080,2688,224
TCGA-05-4390-01A-01-BS1_x10416y2800,10416,2800,10304,2688,224
TCGA-05-4390-01A-01-BS1_x10640y2800,10640,2800,10528,2688,224
TCGA-05-4390-01A-01-BS1_x10864y2800,10864,2800,10752,2688,224
TCGA-05-4390-01A-01-BS1_x11088y2800,11088,2800,10976,2688,224
TCGA-05-4390-01A-01-BS1_x11312y2800,11312,2800,11200,2688,224
TCGA-05-4390-01A-01-BS1_x11536y2800,11536,2800,11424,2688,224
TCGA-05-4390-01A-01-BS1_x11760y2800,11760,2800,11648,2688,224
TCGA-05-4390-01A-01-BS1_x11984y2800,11984,2800,11872,2688,224
TCGA-05-4390-01A-01-BS1_x12208y2800,12208,2800,12096,2688,224
TCGA-05-4390-01A-01-BS1_x12432y2800,12432,2800,12320,2688,224
TCGA-05-4390-01A-01-BS1_x12656y2800,12656,2800,12544,2688,224
TCGA-05-4390-01A-01-BS1_x12880y2800,12880,2800,12768,2688,224
TCGA-05-4390-01A-01-BS1_x13104y2800,13104,2800,12992,2688,224
TCGA-05-4390-01A-01-BS1_x13328y2800,13328,2800,13216,2688,224
TCGA-05-4390-01A-01-BS1_x13552y2800,13552,2800,13440,2688,224
TCGA-05-4390-01A-01-BS1_x13776y2800,13776,2800,13664,2688,224
TCGA-05-4390-01A-01-BS1_x14000y2800,14000,2800,13888,2688,224
TCGA-05-4390-01A-01-BS1_x14224y2800,14224,2800,14112,2688,224
TCGA-05-4390-01A-01-BS1_x14448y2800,14448,2800,14336,2688,224
TCGA-05-4390-01A-01-BS1_x14672y2800,14672,2800,14560,2688,224
TCGA-05-4390-01A-01-BS1_x14896y2800,14896,2800,14784,2688,224
TCGA-05-4390-01A-01-BS1_x15120y2800,15120,2800,15008,2688,224
TCGA-05-4390-01A-01-BS1_x15344y2800,15344,2800,15232,2688,224
TCGA-05-4390-01A-01-BS1_x15568y2800,15568,2800,15456,2688,224
TCGA-05-4390-01A-01-BS1_x15792y2800,15792,2800,15680,2688,224
TCGA-05-4390-01A-01-BS1_x16016y2800,16016,2800,15904,2688,224
TCGA-05-4390-01A-01-BS1_x16240y2800,16240,2800,16128,2688,224
TCGA-05-4390-01A-01-BS1_x16464y2800,16464,2800,16352,2688,224
TCGA-05-4390-01A-01-BS1_x16688y2800,16688,2800,16576,2688,224
TCGA-05-4390-01A-01-BS1_x16912y2800,16912,2800,16800,2688,224
TCGA-05-4390-01A-01-BS1_x17136y2800,17136,2800,17024,2688,224
TCGA-05-4390-01A-01-BS1_x17360y2800,17360,2800,17248,2688,224
TCGA-05-4390-01A-01-BS1_x17584y2800,17584,2800,17472,2688,224
TCGA-05-4390-01A-01-BS1_x17808y2800,17808,2800,17696,2688,224
TCGA-05-4390-01A-01-BS1_x18032y2800,18032,2800,17920,2688,224
TCGA-05-4390-01A-01-BS1_x18256y2800,18256,2800,18144,2688,224
TCGA-05-4390-01A-01-BS1_x18480y2800,18480,2800,18368,2688,224
TCGA-05-4390-01A-01-BS1_x18704y2800,18704,2800,18592,2688,224
TCGA-05-4390-01A-01-BS1_x18928y2800,18928,2800,18816,2688,224
TCGA-05-4390-01A-01-BS1_x19152y2800,19152,2800,19040,2688,224
TCGA-05-4390-01A-01-BS1_x19376y2800,19376,2800,19264,2688,224
TCGA-05-4390-01A-01-BS1_x19600y2800,19600,2800,19488,2688,224
TCGA-05-4390-01A-01-BS1_x19824y2800,19824,2800,19712,2688,224
TCGA-05-4390-01A-01-BS1_x20048y2800,20048,2800,19936,2688,224
TCGA-05-4390-01A-01-BS1_x20272y2800,20272,2800,20160,2688,224
TCGA-05-4390-01A-01-BS1_x20496y2800,20496,2800,20384,2688,224
TCGA-05-4390-01A-01-BS1_x20720y2800,20720,2800,20608,2688,224
TCGA-05-4390-01A-01-BS1_x20944y2800,20944,2800,20832,2688,224
TCGA-05-4390-01A-01-BS1_x21168y2800,21168,2800,21056,2688,224
TCGA-05-4390-01A-01-BS1_x21392y2800,21392,2800,21280,2688,224
TCGA-05-4390-01A-01-BS1_x21616y2800,21616,2800,21504,2688,224
TCGA-05-4390-01A-01-BS1_x21840y2800,21840,2800,21728,2688,224
TCGA-05-4390-01A-01-BS1_x22064y2800,22064,2800,21952,2688,224
TCGA-05-4390-01A-01-BS1_x22288y2800,22288,2800,22176,2688,224
TCGA-05-4390-01A-01-BS1_x22512y2800,22512,2800,22400,2688,224
TCGA-05-4390-01A-01-BS1_x22736y2800,22736,2800,22624,2688,224
TCGA-05-4390-01A-01-BS1_x22960y2800,22960,2800,22848,2688,224
TCGA-05-4390-01A-01-BS1_x23184y2800,23184,2800,23072,2688,224
TCGA-05-4390-01A-01-BS1_x23408y2800,23408,2800,23296,2688,224
TCGA-05-4390-01A-01-BS1_x23632y2800,23632,2800,23520,2688,224
TCGA-05-4390-01A-01-BS1_x23856y2800,23856,2800,23744,2688,224
TCGA-05-4390-01A-01-BS1_x24080y2800,24080,2800,23968,2688,224
TCGA-05-4390-01A-01-BS1_x24304y2800,24304,2800,24192,2688,224
TCGA-05-4390-01A-01-BS1_x24528y2800,24528,2800,24416,2688,224
TCGA-05-4390-01A-01-BS1_x24752y2800,24752,2800,24640,2688,224
TCGA-05-4390-01A-01-BS1_x24976y2800,24976,2800,24864,2688,224
TCGA-05-4390-01A-01-BS1_x25200y2800,25200,2800,25088,2688,224
TCGA-05-4390-01A-01-BS1_x25424y2800,25424,2800,25312,2688,224
TCGA-05-4390-01A-01-BS1_x25648y2800,25648,2800,25536,2688,224
TCGA-05-4390-01A-01-BS1_x25872y2800,25872,2800,25760,2688,224
TCGA-05-4390-01A-01-BS1_x26096y2800,26096,2800,25984,2688,224
TCGA-05-4390-01A-01-BS1_x26320y2800,26320,2800,26208,2688,224
TCGA-05-4390-01A-01-BS1_x26544y2800,26544,2800,26432,2688,224
TCGA-05-4390-01A-01-BS1_x26768y2800,26768,2800,26656,2688,224
TCGA-05-4390-01A-01-BS1_x26992y2800,26992,2800,26880,2688,224
TCGA-05-4390-01A-01-BS1_x27216y2800,27216,2800,27104,2688,224
TCGA-05-4390-01A-01-BS1_x27440y2800,27440,2800,27328,2688,224
TCGA-05-4390-01A-01-BS1_x27664y2800,27664,2800,27552,2688,224
TCGA-05-4390-01A-01-BS1_x27888y2800,27888,2800,27776,2688,224
TCGA-05-4390-01A-01-BS1_x28112y2800,28112,2800,28000,2688,224
TCGA-05-4390-01A-01-BS1_x28336y2800,28336,2800,28224,2688,224
TCGA-05-4390-01A-01-BS1_x28560y2800,28560,2800,28448,2688,224
TCGA-05-4390-01A-01-BS1_x28784y2800,28784,2800,28672,2688,224
TCGA-05-4390-01A-01-BS1_x29008y2800,29008,2800,28896,2688,224
TCGA-05-4390-01A-01-BS1_x29232y2800,29232,2800,29120,2688,224
TCGA-05-4390-01A-01-BS1_x29456y2800,29456,2800,29344,2688,224
TCGA-05-4390-01A-01-BS1_x29680y2800,29680,2800,29568,2688,224
TCGA-05-4390-01A-01-BS1_x29904y2800,29904,2800,29792,2688,224
TCGA-05-4390-01A-01-BS1_x30128y2800,30128,2800,30016,2688,224
TCGA-05-4390-01A-01-BS1_x30352y2800,30352,2800,30240,2688,224
TCGA-05-4390-01A-01-BS1_x30576y2800,30576,2800,30464,2688,224
TCGA-05-4390-01A-01-BS1_x30800y2800,30800,2800,30688,2688,224
TCGA-05-4390-01A-01-BS1_x31024y2800,31024,2800,30912,2688,224
TCGA-05-4390-01A-01-BS1_x31248y2800,31248,2800,31136,2688,224
TCGA-05-4390-01A-01-BS1_x31472y2800,31472,2800,31360,2688,224
TCGA-05-4390-01A-01-BS1_x31696y2800,31696,2800,31584,2688,224
TCGA-05-4390-01A-01-BS1_x31920y2800,31920,2800,31808,2688,224
TCGA-05-4390-01A-01-BS1_x32144y2800,32144,2800,32032,2688,224
TCGA-05-4390-01A-01-BS1_x32368y2800,32368,2800,32256,2688,224
TCGA-05-4390-01A-01-BS1_x32592y2800,32592,2800,32480,2688,224
TCGA-05-4390-01A-01-BS1_x32816y2800,32816,2800,32704,2688,224
TCGA-05-4390-01A-01-BS1_x3920y3024,3920,3024,3808,2912,224
TCGA-05-4390-01A-01-BS1_x4144y3024,4144,3024,4032,2912,224
TCGA-05-4390-01A-01-BS1_x4368y3024,4368,3024,4256,2912,224
TCGA-05-4390-01A-01-BS1_x4592y3024,4592,3024,4480,2912,224
TCGA-05-4390-01A-01-BS1_x4816y3024,4816,3024,4704,2912,224
TCGA-05-4390-01A-01-BS1_x5040y3024,5040,3024,4928,2912,224
TCGA-05-4390-01A-01-BS1_x5264y3024,5264,3024,5152,2912,224
TCGA-05-4390-01A-01-BS1_x5488y3024,5488,3024,5376,2912,224
TCGA-05-4390-01A-01-BS1_x5712y3024,5712,3024,5600,2912,224
TCGA-05-4390-01A-01-BS1_x5936y3024,5936,3024,5824,2912,224
TCGA-05-4390-01A-01-BS1_x6160y3024,6160,3024,6048,2912,224
TCGA-05-4390-01A-01-BS1_x6384y3024,6384,3024,6272,2912,224
TCGA-05-4390-01A-01-BS1_x6608y3024,6608,3024,6496,2912,224
TCGA-05-4390-01A-01-BS1_x6832y3024,6832,3024,6720,2912,224
TCGA-05-4390-01A-01-BS1_x7056y3024,7056,3024,6944,2912,224
TCGA-05-4390-01A-01-BS1_x7280y3024,7280,3024,7168,2912,224
TCGA-05-4390-01A-01-BS1_x7504y3024,7504,3024,7392,2912,224
TCGA-05-4390-01A-01-BS1_x7728y3024,7728,3024,7616,2912,224
TCGA-05-4390-01A-01-BS1_x7952y3024,7952,3024,7840,2912,224
TCGA-05-4390-01A-01-BS1_x8176y3024,8176,3024,8064,2912,224
TCGA-05-4390-01A-01-BS1_x8400y3024,8400,3024,8288,2912,224
TCGA-05-4390-01A-01-BS1_x8624y3024,8624,3024,8512,2912,224
TCGA-05-4390-01A-01-BS1_x8848y3024,8848,3024,8736,2912,224
TCGA-05-4390-01A-01-BS1_x9072y3024,9072,3024,8960,2912,224
TCGA-05-4390-01A-01-BS1_x9296y3024,9296,3024,9184,2912,224
TCGA-05-4390-01A-01-BS1_x9520y3024,9520,3024,9408,2912,224
TCGA-05-4390-01A-01-BS1_x9744y3024,9744,3024,9632,2912,224
TCGA-05-4390-01A-01-BS1_x9968y3024,9968,3024,9856,2912,224
TCGA-05-4390-01A-01-BS1_x10192y3024,10192,3024,10080,2912,224
TCGA-05-4390-01A-01-BS1_x10416y3024,10416,3024,10304,2912,224
TCGA-05-4390-01A-01-BS1_x10640y3024,10640,3024,10528,2912,224
TCGA-05-4390-01A-01-BS1_x10864y3024,10864,3024,10752,2912,224
TCGA-05-4390-01A-01-BS1_x11088y3024,11088,3024,10976,2912,224
TCGA-05-4390-01A-01-BS1_x11312y3024,11312,3024,11200,2912,224
TCGA-05-4390-01A-01-BS1_x11536y3024,11536,3024,11424,2912,224
TCGA-05-4390-01A-01-BS1_x11760y3024,11760,3024,11648,2912,224
TCGA-05-4390-01A-01-BS1_x11984y3024,11984,3024,11872,2912,224
TCGA-05-4390-01A-01-BS1_x12208y3024,12208,3024,12096,2912,224
TCGA-05-4390-01A-01-BS1_x12432y3024,12432,3024,12320,2912,224
TCGA-05-4390-01A-01-BS1_x12656y3024,12656,3024,12544,2912,224
TCGA-05-4390-01A-01-BS1_x12880y3024,12880,3024,12768,2912,224
TCGA-05-4390-01A-01-BS1_x13104y3024,13104,3024,12992,2912,224
TCGA-05-4390-01A-01-BS1_x13328y3024,13328,3024,13216,2912,224
TCGA-05-4390-01A-01-BS1_x13552y3024,13552,3024,13440,2912,224
TCGA-05-4390-01A-01-BS1_x13776y3024,13776,3024,13664,2912,224
TCGA-05-4390-01A-01-BS1_x14000y3024,14000,3024,13888,2912,224
TCGA-05-4390-01A-01-BS1_x14224y3024,14224,3024,14112,2912,224
TCGA-05-4390-01A-01-BS1_x14448y3024,14448,3024,14336,2912,224
TCGA-05-4390-01A-01-BS1_x14672y3024,14672,3024,14560,2912,224
TCGA-05-4390-01A-01-BS1_x14896y3024,14896,3024,14784,2912,224
TCGA-05-4390-01A-01-BS1_x15120y3024,15120,3024,15008,2912,224
TCGA-05-4390-01A-01-BS1_x15344y3024,15344,3024,15232,2912,224
TCGA-05-4390-01A-01-BS1_x15568y3024,15568,3024,15456,2912,224
TCGA-05-4390-01A-01-BS1_x15792y3024,15792,3024,15680,2912,224
TCGA-05-4390-01A-01-BS1_x16016y3024,16016,3024,15904,2912,224
TCGA-05-4390-01A-01-BS1_x16240y3024,16240,3024,16128,2912,224
TCGA-05-4390-01A-01-BS1_x16464y3024,16464,3024,16352,2912,224
TCGA-05-4390-01A-01-BS1_x16688y3024,16688,3024,16576,2912,224
TCGA-05-4390-01A-01-BS1_x16912y3024,16912,3024,16800,2912,224
TCGA-05-4390-01A-01-BS1_x17136y3024,17136,3024,17024,2912,224
TCGA-05-4390-01A-01-BS1_x17360y3024,17360,3024,17248,2912,224
TCGA-05-4390-01A-01-BS1_x17584y3024,17584,3024,17472,2912,224
TCGA-05-4390-01A-01-BS1_x17808y3024,17808,3024,17696,2912,224
TCGA-05-4390-01A-01-BS1_x18032y3024,18032,3024,17920,2912,224
TCGA-05-4390-01A-01-BS1_x18256y3024,18256,3024,18144,2912,224
TCGA-05-4390-01A-01-BS1_x18480y3024,18480,3024,18368,2912,224
TCGA-05-4390-01A-01-BS1_x18704y3024,18704,3024,18592,2912,224
TCGA-05-4390-01A-01-BS1_x18928y3024,18928,3024,18816,2912,224
TCGA-05-4390-01A-01-BS1_x19152y3024,19152,3024,19040,2912,224
TCGA-05-4390-01A-01-BS1_x19376y3024,19376,3024,19264,2912,224
TCGA-05-4390-01A-01-BS1_x19600y3024,19600,3024,19488,2912,224
TCGA-05-4390-01A-01-BS1_x19824y3024,19824,3024,19712,2912,224
TCGA-05-4390-01A-01-BS1_x20048y3024,20048,3024,19936,2912,224
TCGA-05-4390-01A-01-BS1_x20272y3024,20272,3024,20160,2912,224
TCGA-05-4390-01A-01-BS1_x20496y3024,20496,3024,20384,2912,224
TCGA-05-4390-01A-01-BS1_x20720y3024,20720,3024,20608,2912,224
TCGA-05-4390-01A-01-BS1_x20944y3024,20944,3024,20832,2912,224
TCGA-05-4390-01A-01-BS1_x21168y3024,21168,3024,21056,2912,224
TCGA-05-4390-01A-01-BS1_x21392y3024,21392,3024,21280,2912,224
TCGA-05-4390-01A-01-BS1_x21616y3024,21616,3024,21504,2912,224
TCGA-05-4390-01A-01-BS1_x21840y3024,21840,3024,21728,2912,224
TCGA-05-4390-01A-01-BS1_x22064y3024,22064,3024,21952,2912,224
TCGA-05-4390-01A-01-BS1_x22288y3024,22288,3024,22176,2912,224
TCGA-05-4390-01A-01-BS1_x22512y3024,22512,3024,22400,2912,224
TCGA-05-4390-01A-01-BS1_x22736y3024,22736,3024,22624,2912,224
TCGA-05-4390-01A-01-BS1_x22960y3024,22960,3024,22848,2912,224
TCGA-05-4390-01A-01-BS1_x23184y3024,23184,3024,23072,2912,224
TCGA-05-4390-01A-01-BS1_x23408y3024,23408,3024,23296,2912,224
TCGA-05-4390-01A-01-BS1_x23632y3024,23632,3024,23520,2912,224
TCGA-05-4390-01A-01-BS1_x23856y3024,23856,3024,23744,2912,224
TCGA-05-4390-01A-01-BS1_x24080y3024,24080,3024,23968,2912,224
TCGA-05-4390-01A-01-BS1_x24304y3024,24304,3024,24192,2912,224
TCGA-05-4390-01A-01-BS1_x24528y3024,24528,3024,24416,2912,224
TCGA-05-4390-01A-01-BS1_x24752y3024,24752,3024,24640,2912,224
TCGA-05-4390-01A-01-BS1_x24976y3024,24976,3024,24864,2912,224
TCGA-05-4390-01A-01-BS1_x25200y3024,25200,3024,25088,2912,224
TCGA-05-4390-01A-01-BS1_x25424y3024,25424,3024,25312,2912,224
TCGA-05-4390-01A-01-BS1_x25648y3024,25648,3024,25536,2912,224
TCGA-05-4390-01A-01-BS1_x25872y3024,25872,3024,25760,2912,224
TCGA-05-4390-01A-01-BS1_x26096y3024,26096,3024,25984,2912,224
TCGA-05-4390-01A-01-BS1_x26320y3024,26320,3024,26208,2912,224
TCGA-05-4390-01A-01-BS1_x26544y3024,26544,3024,26432,2912,224
TCGA-05-4390-01A-01-BS1_x26768y3024,26768,3024,26656,2912,224
TCGA-05-4390-01A-01-BS1_x26992y3024,26992,3024,26880,2912,224
TCGA-05-4390-01A-01-BS1_x27216y3024,27216,3024,27104,2912,224
TCGA-05-4390-01A-01-BS1_x27440y3024,27440,3024,27328,2912,224
TCGA-05-4390-01A-01-BS1_x27664y3024,27664,3024,27552,2912,224
TCGA-05-4390-01A-01-BS1_x27888y3024,27888,3024,27776,2912,224
TCGA-05-4390-01A-01-BS1_x28112y3024,28112,3024,28000,2912,224
TCGA-05-4390-01A-01-BS1_x28336y3024,28336,3024,28224,2912,224
TCGA-05-4390-01A-01-BS1_x28560y3024,28560,3024,28448,2912,224
TCGA-05-4390-01A-01-BS1_x28784y3024,28784,3024,28672,2912,224
TCGA-05-4390-01A-01-BS1_x29008y3024,29008,3024,28896,2912,224
TCGA-05-4390-01A-01-BS1_x29232y3024,29232,3024,29120,2912,224
TCGA-05-4390-01A-01-BS1_x29456y3024,29456,3024,29344,2912,224
TCGA-05-4390-01A-01-BS1_x29680y3024,29680,3024,29568,2912,224
TCGA-05-4390-01A-01-BS1_x29904y3024,29904,3024,29792,2912,224
TCGA-05-4390-01A-01-BS1_x30128y3024,30128,3024,30016,2912,224
TCGA-05-4390-01A-01-BS1_x30352y3024,30352,3024,30240,2912,224
TCGA-05-4390-01A-01-BS1_x30576y3024,30576,3024,30464,2912,224
TCGA-05-4390-01A-01-BS1_x30800y3024,30800,3024,30688,2912,224
TCGA-05-4390-01A-01-BS1_x31024y3024,31024,3024,30912,2912,224
TCGA-05-4390-01A-01-BS1_x31248y3024,31248,3024,31136,2912,224
TCGA-05-4390-01A-01-BS1_x31472y3024,31472,3024,31360,2912,224
TCGA-05-4390-01A-01-BS1_x31696y3024,31696,3024,31584,2912,224
TCGA-05-4390-01A-01-BS1_x31920y3024,31920,3024,31808,2912,224
TCGA-05-4390-01A-01-BS1_x32144y3024,32144,3024,32032,2912,224
TCGA-05-4390-01A-01-BS1_x32368y3024,32368,3024,32256,2912,224
TCGA-05-4390-01A-01-BS1_x32592y3024,32592,3024,32480,2912,224
TCGA-05-4390-01A-01-BS1_x32816y3024,32816,3024,32704,2912,224
TCGA-05-4390-01A-01-BS1_x33040y3024,33040,3024,32928,2912,224
TCGA-05-4390-01A-01-BS1_x3920y3248,3920,3248,3808,3136,224
TCGA-05-4390-01A-01-BS1_x4144y3248,4144,3248,4032,3136,224
TCGA-05-4390-01A-01-BS1_x4368y3248,4368,3248,4256,3136,224
TCGA-05-4390-01A-01-BS1_x4592y3248,4592,3248,4480,3136,224
TCGA-05-4390-01A-01-BS1_x4816y3248,4816,3248,4704,3136,224
TCGA-05-4390-01A-01-BS1_x5040y3248,5040,3248,4928,3136,224
TCGA-05-4390-01A-01-BS1_x5264y3248,5264,3248,5152,3136,224
TCGA-05-4390-01A-01-BS1_x5488y3248,5488,3248,5376,3136,224
TCGA-05-4390-01A-01-BS1_x5712y3248,5712,3248,5600,3136,224
TCGA-05-4390-01A-01-BS1_x5936y3248,5936,3248,5824,3136,224
TCGA-05-4390-01A-01-BS1_x6160y3248,6160,3248,6048,3136,224
TCGA-05-4390-01A-01-BS1_x6384y3248,6384,3248,6272,3136,224
TCGA-05-4390-01A-01-BS1_x6608y3248,6608,3248,6496,3136,224
TCGA-05-4390-01A-01-BS1_x6832y3248,6832,3248,6720,3136,224
TCGA-05-4390-01A-01-BS1_x7056y3248,7056,3248,6944,3136,224
TCGA-05-4390-01A-01-BS1_x7280y3248,7280,3248,7168,3136,224
TCGA-05-4390-01A-01-BS1_x7504y3248,7504,3248,7392,3136,224
TCGA-05-4390-01A-01-BS1_x7728y3248,7728,3248,7616,3136,224
TCGA-05-4390-01A-01-BS1_x7952y3248,7952,3248,7840,3136,224
TCGA-05-4390-01A-01-BS1_x8176y3248,8176,3248,8064,3136,224
TCGA-05-4390-01A-01-BS1_x8400y3248,8400,3248,8288,3136,224
TCGA-05-4390-01A-01-BS1_x8624y3248,8624,3248,8512,3136,224
TCGA-05-4390-01A-01-BS1_x8848y3248,8848,3248,8736,3136,224
TCGA-05-4390-01A-01-BS1_x9072y3248,9072,3248,8960,3136,224
TCGA-05-4390-01A-01-BS1_x9296y3248,9296,3248,9184,3136,224
TCGA-05-4390-01A-01-BS1_x9520y3248,9520,3248,9408,3136,224
TCGA-05-4390-01A-01-BS1_x9744y3248,9744,3248,9632,3136,224
TCGA-05-4390-01A-01-BS1_x9968y3248,9968,3248,9856,3136,224
TCGA-05-4390-01A-01-BS1_x10192y3248,10192,3248,10080,3136,224
TCGA-05-4390-01A-01-BS1_x10416y3248,10416,3248,10304,3136,224
TCGA-05-4390-01A-01-BS1_x10640y3248,10640,3248,10528,3136,224
TCGA-05-4390-01A-01-BS1_x10864y3248,10864,3248,10752,3136,224
TCGA-05-4390-01A-01-BS1_x11088y3248,11088,3248,10976,3136,224
TCGA-05-4390-01A-01-BS1_x11312y3248,11312,3248,11200,3136,224
TCGA-05-4390-01A-01-BS1_x11536y3248,11536,3248,11424,3136,224
TCGA-05-4390-01A-01-BS1_x11760y3248,11760,3248,11648,3136,224
TCGA-05-4390-01A-01-BS1_x11984y3248,11984,3248,11872,3136,224
TCGA-05-4390-01A-01-BS1_x12208y3248,12208,3248,12096,3136,224
TCGA-05-4390-01A-01-BS1_x12432y3248,12432,3248,12320,3136,224
TCGA-05-4390-01A-01-BS1_x12656y3248,12656,3248,12544,3136,224
TCGA-05-4390-01A-01-BS1_x12880y3248,12880,3248,12768,3136,224
TCGA-05-4390-01A-01-BS1_x13104y3248,13104,3248,12992,3136,224
TCGA-05-4390-01A-01-BS1_x13328y3248,13328,3248,13216,3136,224
TCGA-05-4390-01A-01-BS1_x13552y3248,13552,3248,13440,3136,224
TCGA-05-4390-01A-01-BS1_x13776y3248,13776,3248,13664,3136,224
TCGA-05-4390-01A-01-BS1_x14000y3248,14000,3248,13888,3136,224
TCGA-05-4390-01A-01-BS1_x14224y3248,14224,3248,14112,3136,224
TCGA-05-4390-01A-01-BS1_x14448y3248,14448,3248,14336,3136,224
TCGA-05-4390-01A-01-BS1_x14672y3248,14672,3248,14560,3136,224
TCGA-05-4390-01A-01-BS1_x14896y3248,14896,3248,14784,3136,224
TCGA-05-4390-01A-01-BS1_x15120y3248,15120,3248,15008,3136,224
TCGA-05-4390-01A-01-BS1_x15344y3248,15344,3248,15232,3136,224
TCGA-05-4390-01A-01-BS1_x15568y3248,15568,3248,15456,3136,224
TCGA-05-4390-01A-01-BS1_x15792y3248,15792,3248,15680,3136,224
TCGA-05-4390-01A-01-BS1_x16016y3248,16016,3248,15904,3136,224
TCGA-05-4390-01A-01-BS1_x16240y3248,16240,3248,16128,3136,224
TCGA-05-4390-01A-01-BS1_x16464y3248,16464,3248,16352,3136,224
TCGA-05-4390-01A-01-BS1_x16688y3248,16688,3248,16576,3136,224
TCGA-05-4390-01A-01-BS1_x16912y3248,16912,3248,16800,3136,224
TCGA-05-4390-01A-01-BS1_x17136y3248,17136,3248,17024,3136,224
TCGA-05-4390-01A-01-BS1_x17360y3248,17360,3248,17248,3136,224
TCGA-05-4390-01A-01-BS1_x17584y3248,17584,3248,17472,3136,224
TCGA-05-4390-01A-01-BS1_x17808y3248,17808,3248,17696,3136,224
TCGA-05-4390-01A-01-BS1_x18032y3248,18032,3248,17920,3136,224
TCGA-05-4390-01A-01-BS1_x18256y3248,18256,3248,18144,3136,224
TCGA-05-4390-01A-01-BS1_x18480y3248,18480,3248,18368,3136,224
TCGA-05-4390-01A-01-BS1_x18704y3248,18704,3248,18592,3136,224
TCGA-05-4390-01A-01-BS1_x18928y3248,18928,3248,18816,3136,224
TCGA-05-4390-01A-01-BS1_x19152y3248,19152,3248,19040,3136,224
TCGA-05-4390-01A-01-BS1_x19376y3248,19376,3248,19264,3136,224
TCGA-05-4390-01A-01-BS1_x19600y3248,19600,3248,19488,3136,224
TCGA-05-4390-01A-01-BS1_x19824y3248,19824,3248,19712,3136,224
TCGA-05-4390-01A-01-BS1_x20048y3248,20048,3248,19936,3136,224
TCGA-05-4390-01A-01-BS1_x20272y3248,20272,3248,20160,3136,224
TCGA-05-4390-01A-01-BS1_x20496y3248,20496,3248,20384,3136,224
TCGA-05-4390-01A-01-BS1_x20720y3248,20720,3248,20608,3136,224
TCGA-05-4390-01A-01-BS1_x20944y3248,20944,3248,20832,3136,224
TCGA-05-4390-01A-01-BS1_x21168y3248,21168,3248,21056,3136,224
TCGA-05-4390-01A-01-BS1_x21392y3248,21392,3248,21280,3136,224
TCGA-05-4390-01A-01-BS1_x21616y3248,21616,3248,21504,3136,224
TCGA-05-4390-01A-01-BS1_x21840y3248,21840,3248,21728,3136,224
TCGA-05-4390-01A-01-BS1_x22064y3248,22064,3248,21952,3136,224
TCGA-05-4390-01A-01-BS1_x22288y3248,22288,3248,22176,3136,224
TCGA-05-4390-01A-01-BS1_x22512y3248,22512,3248,22400,3136,224
TCGA-05-4390-01A-01-BS1_x22736y3248,22736,3248,22624,3136,224
TCGA-05-4390-01A-01-BS1_x22960y3248,22960,3248,22848,3136,224
TCGA-05-4390-01A-01-BS1_x23184y3248,23184,3248,23072,3136,224
TCGA-05-4390-01A-01-BS1_x23408y3248,23408,3248,23296,3136,224
TCGA-05-4390-01A-01-BS1_x23632y3248,23632,3248,23520,3136,224
TCGA-05-4390-01A-01-BS1_x23856y3248,23856,3248,23744,3136,224
TCGA-05-4390-01A-01-BS1_x24080y3248,24080,3248,23968,3136,224
TCGA-05-4390-01A-01-BS1_x24304y3248,24304,3248,24192,3136,224
TCGA-05-4390-01A-01-BS1_x24528y3248,24528,3248,24416,3136,224
TCGA-05-4390-01A-01-BS1_x24752y3248,24752,3248,24640,3136,224
TCGA-05-4390-01A-01-BS1_x24976y3248,24976,3248,24864,3136,224
TCGA-05-4390-01A-01-BS1_x25200y3248,25200,3248,25088,3136,224
TCGA-05-4390-01A-01-BS1_x25424y3248,25424,3248,25312,3136,224
TCGA-05-4390-01A-01-BS1_x25648y3248,25648,3248,25536,3136,224
TCGA-05-4390-01A-01-BS1_x25872y3248,25872,3248,25760,3136,224
TCGA-05-4390-01A-01-BS1_x26096y3248,26096,3248,25984,3136,224
TCGA-05-4390-01A-01-BS1_x26320y3248,26320,3248,26208,3136,224
TCGA-05-4390-01A-01-BS1_x26544y3248,26544,3248,26432,3136,224
TCGA-05-4390-01A-01-BS1_x26768y3248,26768,3248,26656,3136,224
TCGA-05-4390-01A-01-BS1_x26992y3248,26992,3248,26880,3136,224
TCGA-05-4390-01A-01-BS1_x27216y3248,27216,3248,27104,3136,224
TCGA-05-4390-01A-01-BS1_x27440y3248,27440,3248,27328,3136,224
TCGA-05-4390-01A-01-BS1_x27664y3248,27664,3248,27552,3136,224
TCGA-05-4390-01A-01-BS1_x27888y3248,27888,3248,27776,3136,224
TCGA-05-4390-01A-01-BS1_x28112y3248,28112,3248,28000,3136,224
TCGA-05-4390-01A-01-BS1_x28336y3248,28336,3248,28224,3136,224
TCGA-05-4390-01A-01-BS1_x28560y3248,28560,3248,28448,3136,224
TCGA-05-4390-01A-01-BS1_x28784y3248,28784,3248,28672,3136,224
TCGA-05-4390-01A-01-BS1_x29008y3248,29008,3248,28896,3136,224
TCGA-05-4390-01A-01-BS1_x29232y3248,29232,3248,29120,3136,224
TCGA-05-4390-01A-01-BS1_x29456y3248,29456,3248,29344,3136,224
TCGA-05-4390-01A-01-BS1_x29680y3248,29680,3248,29568,3136,224
TCGA-05-4390-01A-01-BS1_x29904y3248,29904,3248,29792,3136,224
TCGA-05-4390-01A-01-BS1_x30128y3248,30128,3248,30016,3136,224
TCGA-05-4390-01A-01-BS1_x30352y3248,30352,3248,30240,3136,224
TCGA-05-4390-01A-01-BS1_x30576y3248,30576,3248,30464,3136,224
TCGA-05-4390-01A-01-BS1_x30800y3248,30800,3248,30688,3136,224
TCGA-05-4390-01A-01-BS1_x31024y3248,31024,3248,30912,3136,224
TCGA-05-4390-01A-01-BS1_x31248y3248,31248,3248,31136,3136,224
TCGA-05-4390-01A-01-BS1_x31472y3248,31472,3248,31360,3136,224
TCGA-05-4390-01A-01-BS1_x31696y3248,31696,3248,31584,3136,224
TCGA-05-4390-01A-01-BS1_x31920y3248,31920,3248,31808,3136,224
TCGA-05-4390-01A-01-BS1_x32144y3248,32144,3248,32032,3136,224
TCGA-05-4390-01A-01-BS1_x32368y3248,32368,3248,32256,3136,224
TCGA-05-4390-01A-01-BS1_x32592y3248,32592,3248,32480,3136,224
TCGA-05-4390-01A-01-BS1_x32816y3248,32816,3248,32704,3136,224
TCGA-05-4390-01A-01-BS1_x33040y3248,33040,3248,32928,3136,224
TCGA-05-4390-01A-01-BS1_x3696y3472,3696,3472,3584,3360,224
TCGA-05-4390-01A-01-BS1_x3920y3472,3920,3472,3808,3360,224
TCGA-05-4390-01A-01-BS1_x4144y3472,4144,3472,4032,3360,224
TCGA-05-4390-01A-01-BS1_x4368y3472,4368,3472,4256,3360,224
TCGA-05-4390-01A-01-BS1_x4592y3472,4592,3472,4480,3360,224
TCGA-05-4390-01A-01-BS1_x4816y3472,4816,3472,4704,3360,224
TCGA-05-4390-01A-01-BS1_x5040y3472,5040,3472,4928,3360,224
TCGA-05-4390-01A-01-BS1_x5264y3472,5264,3472,5152,3360,224
TCGA-05-4390-01A-01-BS1_x5488y3472,5488,3472,5376,3360,224
TCGA-05-4390-01A-01-BS1_x5712y3472,5712,3472,5600,3360,224
TCGA-05-4390-01A-01-BS1_x5936y3472,5936,3472,5824,3360,224
TCGA-05-4390-01A-01-BS1_x6160y3472,6160,3472,6048,3360,224
TCGA-05-4390-01A-01-BS1_x6384y3472,6384,3472,6272,3360,224
TCGA-05-4390-01A-01-BS1_x6608y3472,6608,3472,6496,3360,224
TCGA-05-4390-01A-01-BS1_x6832y3472,6832,3472,6720,3360,224
TCGA-05-4390-01A-01-BS1_x7056y3472,7056,3472,6944,3360,224
TCGA-05-4390-01A-01-BS1_x7280y3472,7280,3472,7168,3360,224
TCGA-05-4390-01A-01-BS1_x7504y3472,7504,3472,7392,3360,224
TCGA-05-4390-01A-01-BS1_x7728y3472,7728,3472,7616,3360,224
TCGA-05-4390-01A-01-BS1_x7952y3472,7952,3472,7840,3360,224
TCGA-05-4390-01A-01-BS1_x8176y3472,8176,3472,8064,3360,224
TCGA-05-4390-01A-01-BS1_x8400y3472,8400,3472,8288,3360,224
TCGA-05-4390-01A-01-BS1_x8624y3472,8624,3472,8512,3360,224
TCGA-05-4390-01A-01-BS1_x8848y3472,8848,3472,8736,3360,224
TCGA-05-4390-01A-01-BS1_x9072y3472,9072,3472,8960,3360,224
TCGA-05-4390-01A-01-BS1_x9296y3472,9296,3472,9184,3360,224
TCGA-05-4390-01A-01-BS1_x9520y3472,9520,3472,9408,3360,224
TCGA-05-4390-01A-01-BS1_x9744y3472,9744,3472,9632,3360,224
TCGA-05-4390-01A-01-BS1_x9968y3472,9968,3472,9856,3360,224
TCGA-05-4390-01A-01-BS1_x10192y3472,10192,3472,10080,3360,224
TCGA-05-4390-01A-01-BS1_x10416y3472,10416,3472,10304,3360,224
TCGA-05-4390-01A-01-BS1_x10640y3472,10640,3472,10528,3360,224
TCGA-05-4390-01A-01-BS1_x10864y3472,10864,3472,10752,3360,224
TCGA-05-4390-01A-01-BS1_x11088y3472,11088,3472,10976,3360,224
TCGA-05-4390-01A-01-BS1_x11312y3472,11312,3472,11200,3360,224
TCGA-05-4390-01A-01-BS1_x11536y3472,11536,3472,11424,3360,224
TCGA-05-4390-01A-01-BS1_x11760y3472,11760,3472,11648,3360,224
TCGA-05-4390-01A-01-BS1_x11984y3472,11984,3472,11872,3360,224
TCGA-05-4390-01A-01-BS1_x12208y3472,12208,3472,12096,3360,224
TCGA-05-4390-01A-01-BS1_x12432y3472,12432,3472,12320,3360,224
TCGA-05-4390-01A-01-BS1_x12656y3472,12656,3472,12544,3360,224
TCGA-05-4390-01A-01-BS1_x12880y3472,12880,3472,12768,3360,224
TCGA-05-4390-01A-01-BS1_x13104y3472,13104,3472,12992,3360,224
TCGA-05-4390-01A-01-BS1_x13328y3472,13328,3472,13216,3360,224
TCGA-05-4390-01A-01-BS1_x13552y3472,13552,3472,13440,3360,224
TCGA-05-4390-01A-01-BS1_x13776y3472,13776,3472,13664,3360,224
TCGA-05-4390-01A-01-BS1_x14000y3472,14000,3472,13888,3360,224
TCGA-05-4390-01A-01-BS1_x14224y3472,14224,3472,14112,3360,224
TCGA-05-4390-01A-01-BS1_x14448y3472,14448,3472,14336,3360,224
TCGA-05-4390-01A-01-BS1_x14672y3472,14672,3472,14560,3360,224
TCGA-05-4390-01A-01-BS1_x14896y3472,14896,3472,14784,3360,224
TCGA-05-4390-01A-01-BS1_x15120y3472,15120,3472,15008,3360,224
TCGA-05-4390-01A-01-BS1_x15344y3472,15344,3472,15232,3360,224
TCGA-05-4390-01A-01-BS1_x15568y3472,15568,3472,15456,3360,224
TCGA-05-4390-01A-01-BS1_x15792y3472,15792,3472,15680,3360,224
TCGA-05-4390-01A-01-BS1_x16016y3472,16016,3472,15904,3360,224
TCGA-05-4390-01A-01-BS1_x16240y3472,16240,3472,16128,3360,224
TCGA-05-4390-01A-01-BS1_x16464y3472,16464,3472,16352,3360,224
TCGA-05-4390-01A-01-BS1_x16688y3472,16688,3472,16576,3360,224
TCGA-05-4390-01A-01-BS1_x16912y3472,16912,3472,16800,3360,224
TCGA-05-4390-01A-01-BS1_x17136y3472,17136,3472,17024,3360,224
TCGA-05-4390-01A-01-BS1_x17360y3472,17360,3472,17248,3360,224
TCGA-05-4390-01A-01-BS1_x17584y3472,17584,3472,17472,3360,224
TCGA-05-4390-01A-01-BS1_x17808y3472,17808,3472,17696,3360,224
TCGA-05-4390-01A-01-BS1_x18032y3472,18032,3472,17920,3360,224
TCGA-05-4390-01A-01-BS1_x18256y3472,18256,3472,18144,3360,224
TCGA-05-4390-01A-01-BS1_x18480y3472,18480,3472,18368,3360,224
TCGA-05-4390-01A-01-BS1_x18704y3472,18704,3472,18592,3360,224
TCGA-05-4390-01A-01-BS1_x18928y3472,18928,3472,18816,3360,224
TCGA-05-4390-01A-01-BS1_x19152y3472,19152,3472,19040,3360,224
TCGA-05-4390-01A-01-BS1_x19376y3472,19376,3472,19264,3360,224
TCGA-05-4390-01A-01-BS1_x19600y3472,19600,3472,19488,3360,224
TCGA-05-4390-01A-01-BS1_x19824y3472,19824,3472,19712,3360,224
TCGA-05-4390-01A-01-BS1_x20048y3472,20048,3472,19936,3360,224
TCGA-05-4390-01A-01-BS1_x20272y3472,20272,3472,20160,3360,224
TCGA-05-4390-01A-01-BS1_x20496y3472,20496,3472,20384,3360,224
TCGA-05-4390-01A-01-BS1_x20720y3472,20720,3472,20608,3360,224
TCGA-05-4390-01A-01-BS1_x20944y3472,20944,3472,20832,3360,224
TCGA-05-4390-01A-01-BS1_x21168y3472,21168,3472,21056,3360,224
TCGA-05-4390-01A-01-BS1_x21392y3472,21392,3472,21280,3360,224
TCGA-05-4390-01A-01-BS1_x21616y3472,21616,3472,21504,3360,224
TCGA-05-4390-01A-01-BS1_x21840y3472,21840,3472,21728,3360,224
TCGA-05-4390-01A-01-BS1_x22064y3472,22064,3472,21952,3360,224
TCGA-05-4390-01A-01-BS1_x22288y3472,22288,3472,22176,3360,224
TCGA-05-4390-01A-01-BS1_x22512y3472,22512,3472,22400,3360,224
TCGA-05-4390-01A-01-BS1_x22736y3472,22736,3472,22624,3360,224
TCGA-05-4390-01A-01-BS1_x22960y3472,22960,3472,22848,3360,224
TCGA-05-4390-01A-01-BS1_x23184y3472,23184,3472,23072,3360,224
TCGA-05-4390-01A-01-BS1_x23408y3472,23408,3472,23296,3360,224
TCGA-05-4390-01A-01-BS1_x23632y3472,23632,3472,23520,3360,224
TCGA-05-4390-01A-01-BS1_x23856y3472,23856,3472,23744,3360,224
TCGA-05-4390-01A-01-BS1_x24080y3472,24080,3472,23968,3360,224
TCGA-05-4390-01A-01-BS1_x24304y3472,24304,3472,24192,3360,224
TCGA-05-4390-01A-01-BS1_x24528y3472,24528,3472,24416,3360,224
TCGA-05-4390-01A-01-BS1_x24752y3472,24752,3472,24640,3360,224
TCGA-05-4390-01A-01-BS1_x24976y3472,24976,3472,24864,3360,224
TCGA-05-4390-01A-01-BS1_x25200y3472,25200,3472,25088,3360,224
TCGA-05-4390-01A-01-BS1_x25424y3472,25424,3472,25312,3360,224
TCGA-05-4390-01A-01-BS1_x25648y3472,25648,3472,25536,3360,224
TCGA-05-4390-01A-01-BS1_x25872y3472,25872,3472,25760,3360,224
TCGA-05-4390-01A-01-BS1_x26096y3472,26096,3472,25984,3360,224
TCGA-05-4390-01A-01-BS1_x26320y3472,26320,3472,26208,3360,224
TCGA-05-4390-01A-01-BS1_x26544y3472,26544,3472,26432,3360,224
TCGA-05-4390-01A-01-BS1_x26768y3472,26768,3472,26656,3360,224
TCGA-05-4390-01A-01-BS1_x26992y3472,26992,3472,26880,3360,224
TCGA-05-4390-01A-01-BS1_x27216y3472,27216,3472,27104,3360,224
TCGA-05-4390-01A-01-BS1_x27440y3472,27440,3472,27328,3360,224
TCGA-05-4390-01A-01-BS1_x27664y3472,27664,3472,27552,3360,224
TCGA-05-4390-01A-01-BS1_x27888y3472,27888,3472,27776,3360,224
TCGA-05-4390-01A-01-BS1_x28112y3472,28112,3472,28000,3360,224
TCGA-05-4390-01A-01-BS1_x28336y3472,28336,3472,28224,3360,224
TCGA-05-4390-01A-01-BS1_x28560y3472,28560,3472,28448,3360,224
TCGA-05-4390-01A-01-BS1_x28784y3472,28784,3472,28672,3360,224
TCGA-05-4390-01A-01-BS1_x29008y3472,29008,3472,28896,3360,224
TCGA-05-4390-01A-01-BS1_x29232y3472,29232,3472,29120,3360,224
TCGA-05-4390-01A-01-BS1_x29456y3472,29456,3472,29344,3360,224
TCGA-05-4390-01A-01-BS1_x29680y3472,29680,3472,29568,3360,224
TCGA-05-4390-01A-01-BS1_x29904y3472,29904,3472,29792,3360,224
TCGA-05-4390-01A-01-BS1_x30128y3472,30128,3472,30016,3360,224
TCGA-05-4390-01A-01-BS1_x30352y3472,30352,3472,30240,3360,224
TCGA-05-4390-01A-01-BS1_x30576y3472,30576,3472,30464,3360,224
TCGA-05-4390-01A-01-BS1_x30800y3472,30800,3472,30688,3360,224
TCGA-05-4390-01A-01-BS1_x31024y3472,31024,3472,30912,3360,224
TCGA-05-4390-01A-01-BS1_x31248y3472,31248,3472,31136,3360,224
TCGA-05-4390-01A-01-BS1_x31472y3472,31472,3472,31360,3360,224
TCGA-05-4390-01A-01-BS1_x31696y3472,31696,3472,31584,3360,224
TCGA-05-4390-01A-01-BS1_x31920y3472,31920,3472,31808,3360,224
TCGA-05-4390-01A-01-BS1_x32144y3472,32144,3472,32032,3360,224
TCGA-05-4390-01A-01-BS1_x32368y3472,32368,3472,32256,3360,224
TCGA-05-4390-01A-01-BS1_x32592y3472,32592,3472,32480,3360,224
TCGA-05-4390-01A-01-BS1_x32816y3472,32816,3472,32704,3360,224
TCGA-05-4390-01A-01-BS1_x33040y3472,33040,3472,32928,3360,224
TCGA-05-4390-01A-01-BS1_x3472y3696,3472,3696,3360,3584,224
TCGA-05-4390-01A-01-BS1_x3696y3696,3696,3696,3584,3584,224
TCGA-05-4390-01A-01-BS1_x3920y3696,3920,3696,3808,3584,224
TCGA-05-4390-01A-01-BS1_x4144y3696,4144,3696,4032,3584,224
TCGA-05-4390-01A-01-BS1_x4368y3696,4368,3696,4256,3584,224
TCGA-05-4390-01A-01-BS1_x4592y3696,4592,3696,4480,3584,224
TCGA-05-4390-01A-01-BS1_x4816y3696,4816,3696,4704,3584,224
TCGA-05-4390-01A-01-BS1_x5040y3696,5040,3696,4928,3584,224
TCGA-05-4390-01A-01-BS1_x5264y3696,5264,3696,5152,3584,224
TCGA-05-4390-01A-01-BS1_x5488y3696,5488,3696,5376,3584,224
TCGA-05-4390-01A-01-BS1_x5712y3696,5712,3696,5600,3584,224
TCGA-05-4390-01A-01-BS1_x5936y3696,5936,3696,5824,3584,224
TCGA-05-4390-01A-01-BS1_x6160y3696,6160,3696,6048,3584,224
TCGA-05-4390-01A-01-BS1_x6384y3696,6384,3696,6272,3584,224
TCGA-05-4390-01A-01-BS1_x6608y3696,6608,3696,6496,3584,224
TCGA-05-4390-01A-01-BS1_x6832y3696,6832,3696,6720,3584,224
TCGA-05-4390-01A-01-BS1_x7056y3696,7056,3696,6944,3584,224
TCGA-05-4390-01A-01-BS1_x7280y3696,7280,3696,7168,3584,224
TCGA-05-4390-01A-01-BS1_x7504y3696,7504,3696,7392,3584,224
TCGA-05-4390-01A-01-BS1_x7728y3696,7728,3696,7616,3584,224
TCGA-05-4390-01A-01-BS1_x7952y3696,7952,3696,7840,3584,224
TCGA-05-4390-01A-01-BS1_x8176y3696,8176,3696,8064,3584,224
TCGA-05-4390-01A-01-BS1_x8400y3696,8400,3696,8288,3584,224
TCGA-05-4390-01A-01-BS1_x8624y3696,8624,3696,8512,3584,224
TCGA-05-4390-01A-01-BS1_x8848y3696,8848,3696,8736,3584,224
TCGA-05-4390-01A-01-BS1_x9072y3696,9072,3696,8960,3584,224
TCGA-05-4390-01A-01-BS1_x9296y3696,9296,3696,9184,3584,224
TCGA-05-4390-01A-01-BS1_x9520y3696,9520,3696,9408,3584,224
TCGA-05-4390-01A-01-BS1_x9744y3696,9744,3696,9632,3584,224
TCGA-05-4390-01A-01-BS1_x9968y3696,9968,3696,9856,3584,224
TCGA-05-4390-01A-01-BS1_x10192y3696,10192,3696,10080,3584,224
TCGA-05-4390-01A-01-BS1_x10416y3696,10416,3696,10304,3584,224
TCGA-05-4390-01A-01-BS1_x10640y3696,10640,3696,10528,3584,224
TCGA-05-4390-01A-01-BS1_x10864y3696,10864,3696,10752,3584,224
TCGA-05-4390-01A-01-BS1_x11088y3696,11088,3696,10976,3584,224
TCGA-05-4390-01A-01-BS1_x11312y3696,11312,3696,11200,3584,224
TCGA-05-4390-01A-01-BS1_x11536y3696,11536,3696,11424,3584,224
TCGA-05-4390-01A-01-BS1_x11760y3696,11760,3696,11648,3584,224
TCGA-05-4390-01A-01-BS1_x11984y3696,11984,3696,11872,3584,224
TCGA-05-4390-01A-01-BS1_x12208y3696,12208,3696,12096,3584,224
TCGA-05-4390-01A-01-BS1_x12432y3696,12432,3696,12320,3584,224
TCGA-05-4390-01A-01-BS1_x12656y3696,12656,3696,12544,3584,224
TCGA-05-4390-01A-01-BS1_x12880y3696,12880,3696,12768,3584,224
TCGA-05-4390-01A-01-BS1_x13104y3696,13104,3696,12992,3584,224
TCGA-05-4390-01A-01-BS1_x13328y3696,13328,3696,13216,3584,224
TCGA-05-4390-01A-01-BS1_x13552y3696,13552,3696,13440,3584,224
TCGA-05-4390-01A-01-BS1_x13776y3696,13776,3696,13664,3584,224
TCGA-05-4390-01A-01-BS1_x14000y3696,14000,3696,13888,3584,224
TCGA-05-4390-01A-01-BS1_x14224y3696,14224,3696,14112,3584,224
TCGA-05-4390-01A-01-BS1_x14448y3696,14448,3696,14336,3584,224
TCGA-05-4390-01A-01-BS1_x14672y3696,14672,3696,14560,3584,224
TCGA-05-4390-01A-01-BS1_x14896y3696,14896,3696,14784,3584,224
TCGA-05-4390-01A-01-BS1_x15120y3696,15120,3696,15008,3584,224
TCGA-05-4390-01A-01-BS1_x15344y3696,15344,3696,15232,3584,224
TCGA-05-4390-01A-01-BS1_x15568y3696,15568,3696,15456,3584,224
TCGA-05-4390-01A-01-BS1_x15792y3696,15792,3696,15680,3584,224
TCGA-05-4390-01A-01-BS1_x16016y3696,16016,3696,15904,3584,224
TCGA-05-4390-01A-01-BS1_x16240y3696,16240,3696,16128,3584,224
TCGA-05-4390-01A-01-BS1_x16464y3696,16464,3696,16352,3584,224
TCGA-05-4390-01A-01-BS1_x16688y3696,16688,3696,16576,3584,224
TCGA-05-4390-01A-01-BS1_x16912y3696,16912,3696,16800,3584,224
TCGA-05-4390-01A-01-BS1_x17136y3696,17136,3696,17024,3584,224
TCGA-05-4390-01A-01-BS1_x17360y3696,17360,3696,17248,3584,224
TCGA-05-4390-01A-01-BS1_x17584y3696,17584,3696,17472,3584,224
TCGA-05-4390-01A-01-BS1_x17808y3696,17808,3696,17696,3584,224
TCGA-05-4390-01A-01-BS1_x18032y3696,18032,3696,17920,3584,224
TCGA-05-4390-01A-01-BS1_x18256y3696,18256,3696,18144,3584,224
TCGA-05-4390-01A-01-BS1_x18480y3696,18480,3696,18368,3584,224
TCGA-05-4390-01A-01-BS1_x18704y3696,18704,3696,18592,3584,224
TCGA-05-4390-01A-01-BS1_x18928y3696,18928,3696,18816,3584,224
TCGA-05-4390-01A-01-BS1_x19152y3696,19152,3696,19040,3584,224
TCGA-05-4390-01A-01-BS1_x19376y3696,19376,3696,19264,3584,224
TCGA-05-4390-01A-01-BS1_x19600y3696,19600,3696,19488,3584,224
TCGA-05-4390-01A-01-BS1_x19824y3696,19824,3696,19712,3584,224
TCGA-05-4390-01A-01-BS1_x20048y3696,20048,3696,19936,3584,224
TCGA-05-4390-01A-01-BS1_x20272y3696,20272,3696,20160,3584,224
TCGA-05-4390-01A-01-BS1_x20496y3696,20496,3696,20384,3584,224
TCGA-05-4390-01A-01-BS1_x20720y3696,20720,3696,20608,3584,224
TCGA-05-4390-01A-01-BS1_x20944y3696,20944,3696,20832,3584,224
TCGA-05-4390-01A-01-BS1_x21168y3696,21168,3696,21056,3584,224
TCGA-05-4390-01A-01-BS1_x21392y3696,21392,3696,21280,3584,224
TCGA-05-4390-01A-01-BS1_x21616y3696,21616,3696,21504,3584,224
TCGA-05-4390-01A-01-BS1_x21840y3696,21840,3696,21728,3584,224
TCGA-05-4390-01A-01-BS1_x22064y3696,22064,3696,21952,3584,224
TCGA-05-4390-01A-01-BS1_x22288y3696,22288,3696,22176,3584,224
TCGA-05-4390-01A-01-BS1_x22512y3696,22512,3696,22400,3584,224
TCGA-05-4390-01A-01-BS1_x22736y3696,22736,3696,22624,3584,224
TCGA-05-4390-01A-01-BS1_x22960y3696,22960,3696,22848,3584,224
TCGA-05-4390-01A-01-BS1_x23184y3696,23184,3696,23072,3584,224
TCGA-05-4390-01A-01-BS1_x23408y3696,23408,3696,23296,3584,224
TCGA-05-4390-01A-01-BS1_x23632y3696,23632,3696,23520,3584,224
TCGA-05-4390-01A-01-BS1_x23856y3696,23856,3696,23744,3584,224
TCGA-05-4390-01A-01-BS1_x24080y3696,24080,3696,23968,3584,224
TCGA-05-4390-01A-01-BS1_x24304y3696,24304,3696,24192,3584,224
TCGA-05-4390-01A-01-BS1_x24528y3696,24528,3696,24416,3584,224
TCGA-05-4390-01A-01-BS1_x24752y3696,24752,3696,24640,3584,224
TCGA-05-4390-01A-01-BS1_x24976y3696,24976,3696,24864,3584,224
TCGA-05-4390-01A-01-BS1_x25200y3696,25200,3696,25088,3584,224
TCGA-05-4390-01A-01-BS1_x25424y3696,25424,3696,25312,3584,224
TCGA-05-4390-01A-01-BS1_x25648y3696,25648,3696,25536,3584,224
TCGA-05-4390-01A-01-BS1_x25872y3696,25872,3696,25760,3584,224
TCGA-05-4390-01A-01-BS1_x26096y3696,26096,3696,25984,3584,224
TCGA-05-4390-01A-01-BS1_x26320y3696,26320,3696,26208,3584,224
TCGA-05-4390-01A-01-BS1_x26544y3696,26544,3696,26432,3584,224
TCGA-05-4390-01A-01-BS1_x26768y3696,26768,3696,26656,3584,224
TCGA-05-4390-01A-01-BS1_x26992y3696,26992,3696,26880,3584,224
TCGA-05-4390-01A-01-BS1_x27216y3696,27216,3696,27104,3584,224
TCGA-05-4390-01A-01-BS1_x27440y3696,27440,3696,27328,3584,224
TCGA-05-4390-01A-01-BS1_x27664y3696,27664,3696,27552,3584,224
TCGA-05-4390-01A-01-BS1_x27888y3696,27888,3696,27776,3584,224
TCGA-05-4390-01A-01-BS1_x28112y3696,28112,3696,28000,3584,224
TCGA-05-4390-01A-01-BS1_x28336y3696,28336,3696,28224,3584,224
TCGA-05-4390-01A-01-BS1_x28560y3696,28560,3696,28448,3584,224
TCGA-05-4390-01A-01-BS1_x28784y3696,28784,3696,28672,3584,224
TCGA-05-4390-01A-01-BS1_x29008y3696,29008,3696,28896,3584,224
TCGA-05-4390-01A-01-BS1_x29232y3696,29232,3696,29120,3584,224
TCGA-05-4390-01A-01-BS1_x29456y3696,29456,3696,29344,3584,224
TCGA-05-4390-01A-01-BS1_x29680y3696,29680,3696,29568,3584,224
TCGA-05-4390-01A-01-BS1_x29904y3696,29904,3696,29792,3584,224
TCGA-05-4390-01A-01-BS1_x30128y3696,30128,3696,30016,3584,224
TCGA-05-4390-01A-01-BS1_x30352y3696,30352,3696,30240,3584,224
TCGA-05-4390-01A-01-BS1_x30576y3696,30576,3696,30464,3584,224
TCGA-05-4390-01A-01-BS1_x30800y3696,30800,3696,30688,3584,224
TCGA-05-4390-01A-01-BS1_x31024y3696,31024,3696,30912,3584,224
TCGA-05-4390-01A-01-BS1_x31248y3696,31248,3696,31136,3584,224
TCGA-05-4390-01A-01-BS1_x31472y3696,31472,3696,31360,3584,224
TCGA-05-4390-01A-01-BS1_x31696y3696,31696,3696,31584,3584,224
TCGA-05-4390-01A-01-BS1_x31920y3696,31920,3696,31808,3584,224
TCGA-05-4390-01A-01-BS1_x32144y3696,32144,3696,32032,3584,224
TCGA-05-4390-01A-01-BS1_x32368y3696,32368,3696,32256,3584,224
TCGA-05-4390-01A-01-BS1_x32592y3696,32592,3696,32480,3584,224
TCGA-05-4390-01A-01-BS1_x32816y3696,32816,3696,32704,3584,224
TCGA-05-4390-01A-01-BS1_x33040y3696,33040,3696,32928,3584,224
TCGA-05-4390-01A-01-BS1_x3472y3920,3472,3920,3360,3808,224
TCGA-05-4390-01A-01-BS1_x3696y3920,3696,3920,3584,3808,224
TCGA-05-4390-01A-01-BS1_x3920y3920,3920,3920,3808,3808,224
TCGA-05-4390-01A-01-BS1_x4144y3920,4144,3920,4032,3808,224
TCGA-05-4390-01A-01-BS1_x4368y3920,4368,3920,4256,3808,224
TCGA-05-4390-01A-01-BS1_x4592y3920,4592,3920,4480,3808,224
TCGA-05-4390-01A-01-BS1_x4816y3920,4816,3920,4704,3808,224
TCGA-05-4390-01A-01-BS1_x5040y3920,5040,3920,4928,3808,224
TCGA-05-4390-01A-01-BS1_x5264y3920,5264,3920,5152,3808,224
TCGA-05-4390-01A-01-BS1_x5488y3920,5488,3920,5376,3808,224
TCGA-05-4390-01A-01-BS1_x5712y3920,5712,3920,5600,3808,224
TCGA-05-4390-01A-01-BS1_x5936y3920,5936,3920,5824,3808,224
TCGA-05-4390-01A-01-BS1_x6384y3920,6384,3920,6272,3808,224
TCGA-05-4390-01A-01-BS1_x6608y3920,6608,3920,6496,3808,224
TCGA-05-4390-01A-01-BS1_x6832y3920,6832,3920,6720,3808,224
TCGA-05-4390-01A-01-BS1_x7056y3920,7056,3920,6944,3808,224
TCGA-05-4390-01A-01-BS1_x7280y3920,7280,3920,7168,3808,224
TCGA-05-4390-01A-01-BS1_x7504y3920,7504,3920,7392,3808,224
TCGA-05-4390-01A-01-BS1_x7728y3920,7728,3920,7616,3808,224
TCGA-05-4390-01A-01-BS1_x7952y3920,7952,3920,7840,3808,224
TCGA-05-4390-01A-01-BS1_x8176y3920,8176,3920,8064,3808,224
TCGA-05-4390-01A-01-BS1_x8400y3920,8400,3920,8288,3808,224
TCGA-05-4390-01A-01-BS1_x8624y3920,8624,3920,8512,3808,224
TCGA-05-4390-01A-01-BS1_x8848y3920,8848,3920,8736,3808,224
TCGA-05-4390-01A-01-BS1_x9072y3920,9072,3920,8960,3808,224
TCGA-05-4390-01A-01-BS1_x9296y3920,9296,3920,9184,3808,224
TCGA-05-4390-01A-01-BS1_x9520y3920,9520,3920,9408,3808,224
TCGA-05-4390-01A-01-BS1_x9744y3920,9744,3920,9632,3808,224
TCGA-05-4390-01A-01-BS1_x9968y3920,9968,3920,9856,3808,224
TCGA-05-4390-01A-01-BS1_x10192y3920,10192,3920,10080,3808,224
TCGA-05-4390-01A-01-BS1_x10416y3920,10416,3920,10304,3808,224
TCGA-05-4390-01A-01-BS1_x10640y3920,10640,3920,10528,3808,224
TCGA-05-4390-01A-01-BS1_x10864y3920,10864,3920,10752,3808,224
TCGA-05-4390-01A-01-BS1_x11088y3920,11088,3920,10976,3808,224
TCGA-05-4390-01A-01-BS1_x11312y3920,11312,3920,11200,3808,224
TCGA-05-4390-01A-01-BS1_x11536y3920,11536,3920,11424,3808,224
TCGA-05-4390-01A-01-BS1_x11760y3920,11760,3920,11648,3808,224
TCGA-05-4390-01A-01-BS1_x11984y3920,11984,3920,11872,3808,224
TCGA-05-4390-01A-01-BS1_x12208y3920,12208,3920,12096,3808,224
TCGA-05-4390-01A-01-BS1_x12432y3920,12432,3920,12320,3808,224
TCGA-05-4390-01A-01-BS1_x12656y3920,12656,3920,12544,3808,224
TCGA-05-4390-01A-01-BS1_x12880y3920,12880,3920,12768,3808,224
TCGA-05-4390-01A-01-BS1_x13104y3920,13104,3920,12992,3808,224
TCGA-05-4390-01A-01-BS1_x13328y3920,13328,3920,13216,3808,224
TCGA-05-4390-01A-01-BS1_x13552y3920,13552,3920,13440,3808,224
TCGA-05-4390-01A-01-BS1_x13776y3920,13776,3920,13664,3808,224
TCGA-05-4390-01A-01-BS1_x14000y3920,14000,3920,13888,3808,224
TCGA-05-4390-01A-01-BS1_x14224y3920,14224,3920,14112,3808,224
TCGA-05-4390-01A-01-BS1_x14448y3920,14448,3920,14336,3808,224
TCGA-05-4390-01A-01-BS1_x14672y3920,14672,3920,14560,3808,224
TCGA-05-4390-01A-01-BS1_x14896y3920,14896,3920,14784,3808,224
TCGA-05-4390-01A-01-BS1_x15120y3920,15120,3920,15008,3808,224
TCGA-05-4390-01A-01-BS1_x15344y3920,15344,3920,15232,3808,224
TCGA-05-4390-01A-01-BS1_x15568y3920,15568,3920,15456,3808,224
TCGA-05-4390-01A-01-BS1_x15792y3920,15792,3920,15680,3808,224
TCGA-05-4390-01A-01-BS1_x16016y3920,16016,3920,15904,3808,224
TCGA-05-4390-01A-01-BS1_x16240y3920,16240,3920,16128,3808,224
TCGA-05-4390-01A-01-BS1_x16464y3920,16464,3920,16352,3808,224
TCGA-05-4390-01A-01-BS1_x16688y3920,16688,3920,16576,3808,224
TCGA-05-4390-01A-01-BS1_x16912y3920,16912,3920,16800,3808,224
TCGA-05-4390-01A-01-BS1_x17136y3920,17136,3920,17024,3808,224
TCGA-05-4390-01A-01-BS1_x17360y3920,17360,3920,17248,3808,224
TCGA-05-4390-01A-01-BS1_x17584y3920,17584,3920,17472,3808,224
TCGA-05-4390-01A-01-BS1_x17808y3920,17808,3920,17696,3808,224
TCGA-05-4390-01A-01-BS1_x18032y3920,18032,3920,17920,3808,224
TCGA-05-4390-01A-01-BS1_x18256y3920,18256,3920,18144,3808,224
TCGA-05-4390-01A-01-BS1_x18480y3920,18480,3920,18368,3808,224
TCGA-05-4390-01A-01-BS1_x18704y3920,18704,3920,18592,3808,224
TCGA-05-4390-01A-01-BS1_x18928y3920,18928,3920,18816,3808,224
TCGA-05-4390-01A-01-BS1_x19152y3920,19152,3920,19040,3808,224
TCGA-05-4390-01A-01-BS1_x19376y3920,19376,3920,19264,3808,224
TCGA-05-4390-01A-01-BS1_x19600y3920,19600,3920,19488,3808,224
TCGA-05-4390-01A-01-BS1_x19824y3920,19824,3920,19712,3808,224
TCGA-05-4390-01A-01-BS1_x20048y3920,20048,3920,19936,3808,224
TCGA-05-4390-01A-01-BS1_x20272y3920,20272,3920,20160,3808,224
TCGA-05-4390-01A-01-BS1_x20496y3920,20496,3920,20384,3808,224
TCGA-05-4390-01A-01-BS1_x20720y3920,20720,3920,20608,3808,224
TCGA-05-4390-01A-01-BS1_x20944y3920,20944,3920,20832,3808,224
TCGA-05-4390-01A-01-BS1_x21168y3920,21168,3920,21056,3808,224
TCGA-05-4390-01A-01-BS1_x21392y3920,21392,3920,21280,3808,224
TCGA-05-4390-01A-01-BS1_x21616y3920,21616,3920,21504,3808,224
TCGA-05-4390-01A-01-BS1_x21840y3920,21840,3920,21728,3808,224
TCGA-05-4390-01A-01-BS1_x22064y3920,22064,3920,21952,3808,224
TCGA-05-4390-01A-01-BS1_x22288y3920,22288,3920,22176,3808,224
TCGA-05-4390-01A-01-BS1_x22512y3920,22512,3920,22400,3808,224
TCGA-05-4390-01A-01-BS1_x22736y3920,22736,3920,22624,3808,224
TCGA-05-4390-01A-01-BS1_x22960y3920,22960,3920,22848,3808,224
TCGA-05-4390-01A-01-BS1_x23184y3920,23184,3920,23072,3808,224
TCGA-05-4390-01A-01-BS1_x23408y3920,23408,3920,23296,3808,224
TCGA-05-4390-01A-01-BS1_x23632y3920,23632,3920,23520,3808,224
TCGA-05-4390-01A-01-BS1_x23856y3920,23856,3920,23744,3808,224
TCGA-05-4390-01A-01-BS1_x24080y3920,24080,3920,23968,3808,224
TCGA-05-4390-01A-01-BS1_x24304y3920,24304,3920,24192,3808,224
TCGA-05-4390-01A-01-BS1_x24528y3920,24528,3920,24416,3808,224
TCGA-05-4390-01A-01-BS1_x24752y3920,24752,3920,24640,3808,224
TCGA-05-4390-01A-01-BS1_x24976y3920,24976,3920,24864,3808,224
TCGA-05-4390-01A-01-BS1_x25200y3920,25200,3920,25088,3808,224
TCGA-05-4390-01A-01-BS1_x25424y3920,25424,3920,25312,3808,224
TCGA-05-4390-01A-01-BS1_x25648y3920,25648,3920,25536,3808,224
TCGA-05-4390-01A-01-BS1_x25872y3920,25872,3920,25760,3808,224
TCGA-05-4390-01A-01-BS1_x26096y3920,26096,3920,25984,3808,224
TCGA-05-4390-01A-01-BS1_x26320y3920,26320,3920,26208,3808,224
TCGA-05-4390-01A-01-BS1_x26544y3920,26544,3920,26432,3808,224
TCGA-05-4390-01A-01-BS1_x26768y3920,26768,3920,26656,3808,224
TCGA-05-4390-01A-01-BS1_x26992y3920,26992,3920,26880,3808,224
TCGA-05-4390-01A-01-BS1_x27216y3920,27216,3920,27104,3808,224
TCGA-05-4390-01A-01-BS1_x27440y3920,27440,3920,27328,3808,224
TCGA-05-4390-01A-01-BS1_x27664y3920,27664,3920,27552,3808,224
TCGA-05-4390-01A-01-BS1_x27888y3920,27888,3920,27776,3808,224
TCGA-05-4390-01A-01-BS1_x28112y3920,28112,3920,28000,3808,224
TCGA-05-4390-01A-01-BS1_x28336y3920,28336,3920,28224,3808,224
TCGA-05-4390-01A-01-BS1_x28560y3920,28560,3920,28448,3808,224
TCGA-05-4390-01A-01-BS1_x28784y3920,28784,3920,28672,3808,224
TCGA-05-4390-01A-01-BS1_x29008y3920,29008,3920,28896,3808,224
TCGA-05-4390-01A-01-BS1_x29232y3920,29232,3920,29120,3808,224
TCGA-05-4390-01A-01-BS1_x29456y3920,29456,3920,29344,3808,224
TCGA-05-4390-01A-01-BS1_x29680y3920,29680,3920,29568,3808,224
TCGA-05-4390-01A-01-BS1_x29904y3920,29904,3920,29792,3808,224
TCGA-05-4390-01A-01-BS1_x30128y3920,30128,3920,30016,3808,224
TCGA-05-4390-01A-01-BS1_x30352y3920,30352,3920,30240,3808,224
TCGA-05-4390-01A-01-BS1_x30576y3920,30576,3920,30464,3808,224
TCGA-05-4390-01A-01-BS1_x30800y3920,30800,3920,30688,3808,224
TCGA-05-4390-01A-01-BS1_x31024y3920,31024,3920,30912,3808,224
TCGA-05-4390-01A-01-BS1_x31248y3920,31248,3920,31136,3808,224
TCGA-05-4390-01A-01-BS1_x31472y3920,31472,3920,31360,3808,224
TCGA-05-4390-01A-01-BS1_x31696y3920,31696,3920,31584,3808,224
TCGA-05-4390-01A-01-BS1_x31920y3920,31920,3920,31808,3808,224
TCGA-05-4390-01A-01-BS1_x32144y3920,32144,3920,32032,3808,224
TCGA-05-4390-01A-01-BS1_x32368y3920,32368,3920,32256,3808,224
TCGA-05-4390-01A-01-BS1_x32592y3920,32592,3920,32480,3808,224
TCGA-05-4390-01A-01-BS1_x32816y3920,32816,3920,32704,3808,224
TCGA-05-4390-01A-01-BS1_x33040y3920,33040,3920,32928,3808,224
TCGA-05-4390-01A-01-BS1_x33264y3920,33264,3920,33152,3808,224
TCGA-05-4390-01A-01-BS1_x3472y4144,3472,4144,3360,4032,224
TCGA-05-4390-01A-01-BS1_x3696y4144,3696,4144,3584,4032,224
TCGA-05-4390-01A-01-BS1_x3920y4144,3920,4144,3808,4032,224
TCGA-05-4390-01A-01-BS1_x4144y4144,4144,4144,4032,4032,224
TCGA-05-4390-01A-01-BS1_x4368y4144,4368,4144,4256,4032,224
TCGA-05-4390-01A-01-BS1_x4592y4144,4592,4144,4480,4032,224
TCGA-05-4390-01A-01-BS1_x4816y4144,4816,4144,4704,4032,224
TCGA-05-4390-01A-01-BS1_x5040y4144,5040,4144,4928,4032,224
TCGA-05-4390-01A-01-BS1_x5264y4144,5264,4144,5152,4032,224
TCGA-05-4390-01A-01-BS1_x5488y4144,5488,4144,5376,4032,224
TCGA-05-4390-01A-01-BS1_x5712y4144,5712,4144,5600,4032,224
TCGA-05-4390-01A-01-BS1_x5936y4144,5936,4144,5824,4032,224
TCGA-05-4390-01A-01-BS1_x6160y4144,6160,4144,6048,4032,224
TCGA-05-4390-01A-01-BS1_x6384y4144,6384,4144,6272,4032,224
TCGA-05-4390-01A-01-BS1_x6608y4144,6608,4144,6496,4032,224
TCGA-05-4390-01A-01-BS1_x6832y4144,6832,4144,6720,4032,224
TCGA-05-4390-01A-01-BS1_x7056y4144,7056,4144,6944,4032,224
TCGA-05-4390-01A-01-BS1_x7280y4144,7280,4144,7168,4032,224
TCGA-05-4390-01A-01-BS1_x7504y4144,7504,4144,7392,4032,224
TCGA-05-4390-01A-01-BS1_x7728y4144,7728,4144,7616,4032,224
TCGA-05-4390-01A-01-BS1_x7952y4144,7952,4144,7840,4032,224
TCGA-05-4390-01A-01-BS1_x8176y4144,8176,4144,8064,4032,224
TCGA-05-4390-01A-01-BS1_x8400y4144,8400,4144,8288,4032,224
TCGA-05-4390-01A-01-BS1_x8624y4144,8624,4144,8512,4032,224
TCGA-05-4390-01A-01-BS1_x8848y4144,8848,4144,8736,4032,224
TCGA-05-4390-01A-01-BS1_x9072y4144,9072,4144,8960,4032,224
TCGA-05-4390-01A-01-BS1_x9296y4144,9296,4144,9184,4032,224
TCGA-05-4390-01A-01-BS1_x9520y4144,9520,4144,9408,4032,224
TCGA-05-4390-01A-01-BS1_x9744y4144,9744,4144,9632,4032,224
TCGA-05-4390-01A-01-BS1_x9968y4144,9968,4144,9856,4032,224
TCGA-05-4390-01A-01-BS1_x10192y4144,10192,4144,10080,4032,224
TCGA-05-4390-01A-01-BS1_x10416y4144,10416,4144,10304,4032,224
TCGA-05-4390-01A-01-BS1_x10640y4144,10640,4144,10528,4032,224
TCGA-05-4390-01A-01-BS1_x10864y4144,10864,4144,10752,4032,224
TCGA-05-4390-01A-01-BS1_x11088y4144,11088,4144,10976,4032,224
TCGA-05-4390-01A-01-BS1_x11312y4144,11312,4144,11200,4032,224
TCGA-05-4390-01A-01-BS1_x11536y4144,11536,4144,11424,4032,224
TCGA-05-4390-01A-01-BS1_x11760y4144,11760,4144,11648,4032,224
TCGA-05-4390-01A-01-BS1_x11984y4144,11984,4144,11872,4032,224
TCGA-05-4390-01A-01-BS1_x12208y4144,12208,4144,12096,4032,224
TCGA-05-4390-01A-01-BS1_x12432y4144,12432,4144,12320,4032,224
TCGA-05-4390-01A-01-BS1_x12656y4144,12656,4144,12544,4032,224
TCGA-05-4390-01A-01-BS1_x12880y4144,12880,4144,12768,4032,224
TCGA-05-4390-01A-01-BS1_x13104y4144,13104,4144,12992,4032,224
TCGA-05-4390-01A-01-BS1_x13328y4144,13328,4144,13216,4032,224
TCGA-05-4390-01A-01-BS1_x13552y4144,13552,4144,13440,4032,224
TCGA-05-4390-01A-01-BS1_x13776y4144,13776,4144,13664,4032,224
TCGA-05-4390-01A-01-BS1_x14000y4144,14000,4144,13888,4032,224
TCGA-05-4390-01A-01-BS1_x14224y4144,14224,4144,14112,4032,224
TCGA-05-4390-01A-01-BS1_x14448y4144,14448,4144,14336,4032,224
TCGA-05-4390-01A-01-BS1_x14672y4144,14672,4144,14560,4032,224
TCGA-05-4390-01A-01-BS1_x14896y4144,14896,4144,14784,4032,224
TCGA-05-4390-01A-01-BS1_x15120y4144,15120,4144,15008,4032,224
TCGA-05-4390-01A-01-BS1_x15344y4144,15344,4144,15232,4032,224
TCGA-05-4390-01A-01-BS1_x15568y4144,15568,4144,15456,4032,224
TCGA-05-4390-01A-01-BS1_x15792y4144,15792,4144,15680,4032,224
TCGA-05-4390-01A-01-BS1_x16016y4144,16016,4144,15904,4032,224
TCGA-05-4390-01A-01-BS1_x16240y4144,16240,4144,16128,4032,224
TCGA-05-4390-01A-01-BS1_x16464y4144,16464,4144,16352,4032,224
TCGA-05-4390-01A-01-BS1_x16688y4144,16688,4144,16576,4032,224
TCGA-05-4390-01A-01-BS1_x16912y4144,16912,4144,16800,4032,224
TCGA-05-4390-01A-01-BS1_x17136y4144,17136,4144,17024,4032,224
TCGA-05-4390-01A-01-BS1_x17360y4144,17360,4144,17248,4032,224
TCGA-05-4390-01A-01-BS1_x17584y4144,17584,4144,17472,4032,224
TCGA-05-4390-01A-01-BS1_x17808y4144,17808,4144,17696,4032,224
TCGA-05-4390-01A-01-BS1_x18032y4144,18032,4144,17920,4032,224
TCGA-05-4390-01A-01-BS1_x18256y4144,18256,4144,18144,4032,224
TCGA-05-4390-01A-01-BS1_x18480y4144,18480,4144,18368,4032,224
TCGA-05-4390-01A-01-BS1_x18704y4144,18704,4144,18592,4032,224
TCGA-05-4390-01A-01-BS1_x18928y4144,18928,4144,18816,4032,224
TCGA-05-4390-01A-01-BS1_x19152y4144,19152,4144,19040,4032,224
TCGA-05-4390-01A-01-BS1_x19376y4144,19376,4144,19264,4032,224
TCGA-05-4390-01A-01-BS1_x19600y4144,19600,4144,19488,4032,224
TCGA-05-4390-01A-01-BS1_x19824y4144,19824,4144,19712,4032,224
TCGA-05-4390-01A-01-BS1_x20048y4144,20048,4144,19936,4032,224
TCGA-05-4390-01A-01-BS1_x20272y4144,20272,4144,20160,4032,224
TCGA-05-4390-01A-01-BS1_x20496y4144,20496,4144,20384,4032,224
TCGA-05-4390-01A-01-BS1_x20720y4144,20720,4144,20608,4032,224
TCGA-05-4390-01A-01-BS1_x20944y4144,20944,4144,20832,4032,224
TCGA-05-4390-01A-01-BS1_x21168y4144,21168,4144,21056,4032,224
TCGA-05-4390-01A-01-BS1_x21392y4144,21392,4144,21280,4032,224
TCGA-05-4390-01A-01-BS1_x21616y4144,21616,4144,21504,4032,224
TCGA-05-4390-01A-01-BS1_x21840y4144,21840,4144,21728,4032,224
TCGA-05-4390-01A-01-BS1_x22064y4144,22064,4144,21952,4032,224
TCGA-05-4390-01A-01-BS1_x22288y4144,22288,4144,22176,4032,224
TCGA-05-4390-01A-01-BS1_x22512y4144,22512,4144,22400,4032,224
TCGA-05-4390-01A-01-BS1_x22736y4144,22736,4144,22624,4032,224
TCGA-05-4390-01A-01-BS1_x22960y4144,22960,4144,22848,4032,224
TCGA-05-4390-01A-01-BS1_x23184y4144,23184,4144,23072,4032,224
TCGA-05-4390-01A-01-BS1_x23408y4144,23408,4144,23296,4032,224
TCGA-05-4390-01A-01-BS1_x23632y4144,23632,4144,23520,4032,224
TCGA-05-4390-01A-01-BS1_x23856y4144,23856,4144,23744,4032,224
TCGA-05-4390-01A-01-BS1_x24080y4144,24080,4144,23968,4032,224
TCGA-05-4390-01A-01-BS1_x24304y4144,24304,4144,24192,4032,224
TCGA-05-4390-01A-01-BS1_x24528y4144,24528,4144,24416,4032,224
TCGA-05-4390-01A-01-BS1_x24752y4144,24752,4144,24640,4032,224
TCGA-05-4390-01A-01-BS1_x25200y4144,25200,4144,25088,4032,224
TCGA-05-4390-01A-01-BS1_x25424y4144,25424,4144,25312,4032,224
TCGA-05-4390-01A-01-BS1_x25648y4144,25648,4144,25536,4032,224
TCGA-05-4390-01A-01-BS1_x25872y4144,25872,4144,25760,4032,224
TCGA-05-4390-01A-01-BS1_x26096y4144,26096,4144,25984,4032,224
TCGA-05-4390-01A-01-BS1_x26320y4144,26320,4144,26208,4032,224
TCGA-05-4390-01A-01-BS1_x26544y4144,26544,4144,26432,4032,224
TCGA-05-4390-01A-01-BS1_x26768y4144,26768,4144,26656,4032,224
TCGA-05-4390-01A-01-BS1_x26992y4144,26992,4144,26880,4032,224
TCGA-05-4390-01A-01-BS1_x27216y4144,27216,4144,27104,4032,224
TCGA-05-4390-01A-01-BS1_x27440y4144,27440,4144,27328,4032,224
TCGA-05-4390-01A-01-BS1_x27664y4144,27664,4144,27552,4032,224
TCGA-05-4390-01A-01-BS1_x27888y4144,27888,4144,27776,4032,224
TCGA-05-4390-01A-01-BS1_x28112y4144,28112,4144,28000,4032,224
TCGA-05-4390-01A-01-BS1_x28336y4144,28336,4144,28224,4032,224
TCGA-05-4390-01A-01-BS1_x28560y4144,28560,4144,28448,4032,224
TCGA-05-4390-01A-01-BS1_x28784y4144,28784,4144,28672,4032,224
TCGA-05-4390-01A-01-BS1_x29008y4144,29008,4144,28896,4032,224
TCGA-05-4390-01A-01-BS1_x29232y4144,29232,4144,29120,4032,224
TCGA-05-4390-01A-01-BS1_x29456y4144,29456,4144,29344,4032,224
TCGA-05-4390-01A-01-BS1_x29680y4144,29680,4144,29568,4032,224
TCGA-05-4390-01A-01-BS1_x29904y4144,29904,4144,29792,4032,224
TCGA-05-4390-01A-01-BS1_x30128y4144,30128,4144,30016,4032,224
TCGA-05-4390-01A-01-BS1_x30352y4144,30352,4144,30240,4032,224
TCGA-05-4390-01A-01-BS1_x30576y4144,30576,4144,30464,4032,224
TCGA-05-4390-01A-01-BS1_x30800y4144,30800,4144,30688,4032,224
TCGA-05-4390-01A-01-BS1_x31024y4144,31024,4144,30912,4032,224
TCGA-05-4390-01A-01-BS1_x31248y4144,31248,4144,31136,4032,224
TCGA-05-4390-01A-01-BS1_x31472y4144,31472,4144,31360,4032,224
TCGA-05-4390-01A-01-BS1_x31696y4144,31696,4144,31584,4032,224
TCGA-05-4390-01A-01-BS1_x31920y4144,31920,4144,31808,4032,224
TCGA-05-4390-01A-01-BS1_x32144y4144,32144,4144,32032,4032,224
TCGA-05-4390-01A-01-BS1_x32368y4144,32368,4144,32256,4032,224
TCGA-05-4390-01A-01-BS1_x32592y4144,32592,4144,32480,4032,224
TCGA-05-4390-01A-01-BS1_x32816y4144,32816,4144,32704,4032,224
TCGA-05-4390-01A-01-BS1_x33040y4144,33040,4144,32928,4032,224
TCGA-05-4390-01A-01-BS1_x33264y4144,33264,4144,33152,4032,224
TCGA-05-4390-01A-01-BS1_x3472y4368,3472,4368,3360,4256,224
TCGA-05-4390-01A-01-BS1_x3696y4368,3696,4368,3584,4256,224
TCGA-05-4390-01A-01-BS1_x3920y4368,3920,4368,3808,4256,224
TCGA-05-4390-01A-01-BS1_x4144y4368,4144,4368,4032,4256,224
TCGA-05-4390-01A-01-BS1_x4368y4368,4368,4368,4256,4256,224
TCGA-05-4390-01A-01-BS1_x4592y4368,4592,4368,4480,4256,224
TCGA-05-4390-01A-01-BS1_x4816y4368,4816,4368,4704,4256,224
TCGA-05-4390-01A-01-BS1_x5040y4368,5040,4368,4928,4256,224
TCGA-05-4390-01A-01-BS1_x5264y4368,5264,4368,5152,4256,224
TCGA-05-4390-01A-01-BS1_x5488y4368,5488,4368,5376,4256,224
TCGA-05-4390-01A-01-BS1_x5712y4368,5712,4368,5600,4256,224
TCGA-05-4390-01A-01-BS1_x5936y4368,5936,4368,5824,4256,224
TCGA-05-4390-01A-01-BS1_x6160y4368,6160,4368,6048,4256,224
TCGA-05-4390-01A-01-BS1_x6384y4368,6384,4368,6272,4256,224
TCGA-05-4390-01A-01-BS1_x6608y4368,6608,4368,6496,4256,224
TCGA-05-4390-01A-01-BS1_x6832y4368,6832,4368,6720,4256,224
TCGA-05-4390-01A-01-BS1_x7056y4368,7056,4368,6944,4256,224
TCGA-05-4390-01A-01-BS1_x7280y4368,7280,4368,7168,4256,224
TCGA-05-4390-01A-01-BS1_x7504y4368,7504,4368,7392,4256,224
TCGA-05-4390-01A-01-BS1_x7728y4368,7728,4368,7616,4256,224
TCGA-05-4390-01A-01-BS1_x7952y4368,7952,4368,7840,4256,224
TCGA-05-4390-01A-01-BS1_x8176y4368,8176,4368,8064,4256,224
TCGA-05-4390-01A-01-BS1_x8400y4368,8400,4368,8288,4256,224
TCGA-05-4390-01A-01-BS1_x8624y4368,8624,4368,8512,4256,224
TCGA-05-4390-01A-01-BS1_x8848y4368,8848,4368,8736,4256,224
TCGA-05-4390-01A-01-BS1_x9072y4368,9072,4368,8960,4256,224
TCGA-05-4390-01A-01-BS1_x9296y4368,9296,4368,9184,4256,224
TCGA-05-4390-01A-01-BS1_x9520y4368,9520,4368,9408,4256,224
TCGA-05-4390-01A-01-BS1_x9744y4368,9744,4368,9632,4256,224
TCGA-05-4390-01A-01-BS1_x9968y4368,9968,4368,9856,4256,224
TCGA-05-4390-01A-01-BS1_x10192y4368,10192,4368,10080,4256,224
TCGA-05-4390-01A-01-BS1_x10416y4368,10416,4368,10304,4256,224
TCGA-05-4390-01A-01-BS1_x10640y4368,10640,4368,10528,4256,224
TCGA-05-4390-01A-01-BS1_x10864y4368,10864,4368,10752,4256,224
TCGA-05-4390-01A-01-BS1_x11088y4368,11088,4368,10976,4256,224
TCGA-05-4390-01A-01-BS1_x11312y4368,11312,4368,11200,4256,224
TCGA-05-4390-01A-01-BS1_x11536y4368,11536,4368,11424,4256,224
TCGA-05-4390-01A-01-BS1_x11760y4368,11760,4368,11648,4256,224
TCGA-05-4390-01A-01-BS1_x11984y4368,11984,4368,11872,4256,224
TCGA-05-4390-01A-01-BS1_x12208y4368,12208,4368,12096,4256,224
TCGA-05-4390-01A-01-BS1_x12432y4368,12432,4368,12320,4256,224
TCGA-05-4390-01A-01-BS1_x12656y4368,12656,4368,12544,4256,224
TCGA-05-4390-01A-01-BS1_x12880y4368,12880,4368,12768,4256,224
TCGA-05-4390-01A-01-BS1_x13104y4368,13104,4368,12992,4256,224
TCGA-05-4390-01A-01-BS1_x13328y4368,13328,4368,13216,4256,224
TCGA-05-4390-01A-01-BS1_x13552y4368,13552,4368,13440,4256,224
TCGA-05-4390-01A-01-BS1_x13776y4368,13776,4368,13664,4256,224
TCGA-05-4390-01A-01-BS1_x14000y4368,14000,4368,13888,4256,224
TCGA-05-4390-01A-01-BS1_x14224y4368,14224,4368,14112,4256,224
TCGA-05-4390-01A-01-BS1_x14448y4368,14448,4368,14336,4256,224
TCGA-05-4390-01A-01-BS1_x14672y4368,14672,4368,14560,4256,224
TCGA-05-4390-01A-01-BS1_x14896y4368,14896,4368,14784,4256,224
TCGA-05-4390-01A-01-BS1_x15120y4368,15120,4368,15008,4256,224
TCGA-05-4390-01A-01-BS1_x15344y4368,15344,4368,15232,4256,224
TCGA-05-4390-01A-01-BS1_x15568y4368,15568,4368,15456,4256,224
TCGA-05-4390-01A-01-BS1_x15792y4368,15792,4368,15680,4256,224
TCGA-05-4390-01A-01-BS1_x16016y4368,16016,4368,15904,4256,224
TCGA-05-4390-01A-01-BS1_x16240y4368,16240,4368,16128,4256,224
TCGA-05-4390-01A-01-BS1_x16464y4368,16464,4368,16352,4256,224
TCGA-05-4390-01A-01-BS1_x16688y4368,16688,4368,16576,4256,224
TCGA-05-4390-01A-01-BS1_x16912y4368,16912,4368,16800,4256,224
TCGA-05-4390-01A-01-BS1_x17136y4368,17136,4368,17024,4256,224
TCGA-05-4390-01A-01-BS1_x17360y4368,17360,4368,17248,4256,224
TCGA-05-4390-01A-01-BS1_x17584y4368,17584,4368,17472,4256,224
TCGA-05-4390-01A-01-BS1_x17808y4368,17808,4368,17696,4256,224
TCGA-05-4390-01A-01-BS1_x18032y4368,18032,4368,17920,4256,224
TCGA-05-4390-01A-01-BS1_x18256y4368,18256,4368,18144,4256,224
TCGA-05-4390-01A-01-BS1_x18480y4368,18480,4368,18368,4256,224
TCGA-05-4390-01A-01-BS1_x18704y4368,18704,4368,18592,4256,224
TCGA-05-4390-01A-01-BS1_x18928y4368,18928,4368,18816,4256,224
TCGA-05-4390-01A-01-BS1_x19152y4368,19152,4368,19040,4256,224
TCGA-05-4390-01A-01-BS1_x19376y4368,19376,4368,19264,4256,224
TCGA-05-4390-01A-01-BS1_x19600y4368,19600,4368,19488,4256,224
TCGA-05-4390-01A-01-BS1_x19824y4368,19824,4368,19712,4256,224
TCGA-05-4390-01A-01-BS1_x20048y4368,20048,4368,19936,4256,224
TCGA-05-4390-01A-01-BS1_x20272y4368,20272,4368,20160,4256,224
TCGA-05-4390-01A-01-BS1_x20496y4368,20496,4368,20384,4256,224
TCGA-05-4390-01A-01-BS1_x20720y4368,20720,4368,20608,4256,224
TCGA-05-4390-01A-01-BS1_x20944y4368,20944,4368,20832,4256,224
TCGA-05-4390-01A-01-BS1_x21168y4368,21168,4368,21056,4256,224
TCGA-05-4390-01A-01-BS1_x21392y4368,21392,4368,21280,4256,224
TCGA-05-4390-01A-01-BS1_x21616y4368,21616,4368,21504,4256,224
TCGA-05-4390-01A-01-BS1_x21840y4368,21840,4368,21728,4256,224
TCGA-05-4390-01A-01-BS1_x22064y4368,22064,4368,21952,4256,224
TCGA-05-4390-01A-01-BS1_x22288y4368,22288,4368,22176,4256,224
TCGA-05-4390-01A-01-BS1_x22512y4368,22512,4368,22400,4256,224
TCGA-05-4390-01A-01-BS1_x22736y4368,22736,4368,22624,4256,224
TCGA-05-4390-01A-01-BS1_x22960y4368,22960,4368,22848,4256,224
TCGA-05-4390-01A-01-BS1_x23184y4368,23184,4368,23072,4256,224
TCGA-05-4390-01A-01-BS1_x23408y4368,23408,4368,23296,4256,224
TCGA-05-4390-01A-01-BS1_x23632y4368,23632,4368,23520,4256,224
TCGA-05-4390-01A-01-BS1_x23856y4368,23856,4368,23744,4256,224
TCGA-05-4390-01A-01-BS1_x24080y4368,24080,4368,23968,4256,224
TCGA-05-4390-01A-01-BS1_x24304y4368,24304,4368,24192,4256,224
TCGA-05-4390-01A-01-BS1_x24528y4368,24528,4368,24416,4256,224
TCGA-05-4390-01A-01-BS1_x24752y4368,24752,4368,24640,4256,224
TCGA-05-4390-01A-01-BS1_x24976y4368,24976,4368,24864,4256,224
TCGA-05-4390-01A-01-BS1_x25200y4368,25200,4368,25088,4256,224
TCGA-05-4390-01A-01-BS1_x25424y4368,25424,4368,25312,4256,224
TCGA-05-4390-01A-01-BS1_x25648y4368,25648,4368,25536,4256,224
TCGA-05-4390-01A-01-BS1_x25872y4368,25872,4368,25760,4256,224
TCGA-05-4390-01A-01-BS1_x26096y4368,26096,4368,25984,4256,224
TCGA-05-4390-01A-01-BS1_x26320y4368,26320,4368,26208,4256,224
TCGA-05-4390-01A-01-BS1_x26544y4368,26544,4368,26432,4256,224
TCGA-05-4390-01A-01-BS1_x26768y4368,26768,4368,26656,4256,224
TCGA-05-4390-01A-01-BS1_x26992y4368,26992,4368,26880,4256,224
TCGA-05-4390-01A-01-BS1_x27216y4368,27216,4368,27104,4256,224
TCGA-05-4390-01A-01-BS1_x27440y4368,27440,4368,27328,4256,224
TCGA-05-4390-01A-01-BS1_x27664y4368,27664,4368,27552,4256,224
TCGA-05-4390-01A-01-BS1_x27888y4368,27888,4368,27776,4256,224
TCGA-05-4390-01A-01-BS1_x28112y4368,28112,4368,28000,4256,224
TCGA-05-4390-01A-01-BS1_x28336y4368,28336,4368,28224,4256,224
TCGA-05-4390-01A-01-BS1_x28560y4368,28560,4368,28448,4256,224
TCGA-05-4390-01A-01-BS1_x28784y4368,28784,4368,28672,4256,224
TCGA-05-4390-01A-01-BS1_x29008y4368,29008,4368,28896,4256,224
TCGA-05-4390-01A-01-BS1_x29232y4368,29232,4368,29120,4256,224
TCGA-05-4390-01A-01-BS1_x29456y4368,29456,4368,29344,4256,224
TCGA-05-4390-01A-01-BS1_x29680y4368,29680,4368,29568,4256,224
TCGA-05-4390-01A-01-BS1_x29904y4368,29904,4368,29792,4256,224
TCGA-05-4390-01A-01-BS1_x30128y4368,30128,4368,30016,4256,224
TCGA-05-4390-01A-01-BS1_x30352y4368,30352,4368,30240,4256,224
TCGA-05-4390-01A-01-BS1_x30576y4368,30576,4368,30464,4256,224
TCGA-05-4390-01A-01-BS1_x30800y4368,30800,4368,30688,4256,224
TCGA-05-4390-01A-01-BS1_x31024y4368,31024,4368,30912,4256,224
TCGA-05-4390-01A-01-BS1_x31248y4368,31248,4368,31136,4256,224
TCGA-05-4390-01A-01-BS1_x31472y4368,31472,4368,31360,4256,224
TCGA-05-4390-01A-01-BS1_x31696y4368,31696,4368,31584,4256,224
TCGA-05-4390-01A-01-BS1_x31920y4368,31920,4368,31808,4256,224
TCGA-05-4390-01A-01-BS1_x32144y4368,32144,4368,32032,4256,224
TCGA-05-4390-01A-01-BS1_x32368y4368,32368,4368,32256,4256,224
TCGA-05-4390-01A-01-BS1_x32592y4368,32592,4368,32480,4256,224
TCGA-05-4390-01A-01-BS1_x32816y4368,32816,4368,32704,4256,224
TCGA-05-4390-01A-01-BS1_x33040y4368,33040,4368,32928,4256,224
TCGA-05-4390-01A-01-BS1_x33264y4368,33264,4368,33152,4256,224
TCGA-05-4390-01A-01-BS1_x3472y4592,3472,4592,3360,4480,224
TCGA-05-4390-01A-01-BS1_x3696y4592,3696,4592,3584,4480,224
TCGA-05-4390-01A-01-BS1_x3920y4592,3920,4592,3808,4480,224
TCGA-05-4390-01A-01-BS1_x4144y4592,4144,4592,4032,4480,224
TCGA-05-4390-01A-01-BS1_x4368y4592,4368,4592,4256,4480,224
TCGA-05-4390-01A-01-BS1_x4592y4592,4592,4592,4480,4480,224
TCGA-05-4390-01A-01-BS1_x4816y4592,4816,4592,4704,4480,224
TCGA-05-4390-01A-01-BS1_x5040y4592,5040,4592,4928,4480,224
TCGA-05-4390-01A-01-BS1_x5264y4592,5264,4592,5152,4480,224
TCGA-05-4390-01A-01-BS1_x5488y4592,5488,4592,5376,4480,224
TCGA-05-4390-01A-01-BS1_x5712y4592,5712,4592,5600,4480,224
TCGA-05-4390-01A-01-BS1_x5936y4592,5936,4592,5824,4480,224
TCGA-05-4390-01A-01-BS1_x6160y4592,6160,4592,6048,4480,224
TCGA-05-4390-01A-01-BS1_x6832y4592,6832,4592,6720,4480,224
TCGA-05-4390-01A-01-BS1_x7056y4592,7056,4592,6944,4480,224
TCGA-05-4390-01A-01-BS1_x7280y4592,7280,4592,7168,4480,224
TCGA-05-4390-01A-01-BS1_x7504y4592,7504,4592,7392,4480,224
TCGA-05-4390-01A-01-BS1_x7728y4592,7728,4592,7616,4480,224
TCGA-05-4390-01A-01-BS1_x7952y4592,7952,4592,7840,4480,224
TCGA-05-4390-01A-01-BS1_x8176y4592,8176,4592,8064,4480,224
TCGA-05-4390-01A-01-BS1_x8400y4592,8400,4592,8288,4480,224
TCGA-05-4390-01A-01-BS1_x8624y4592,8624,4592,8512,4480,224
TCGA-05-4390-01A-01-BS1_x8848y4592,8848,4592,8736,4480,224
TCGA-05-4390-01A-01-BS1_x9072y4592,9072,4592,8960,4480,224
TCGA-05-4390-01A-01-BS1_x9296y4592,9296,4592,9184,4480,224
TCGA-05-4390-01A-01-BS1_x9520y4592,9520,4592,9408,4480,224
TCGA-05-4390-01A-01-BS1_x9744y4592,9744,4592,9632,4480,224
TCGA-05-4390-01A-01-BS1_x9968y4592,9968,4592,9856,4480,224
TCGA-05-4390-01A-01-BS1_x10192y4592,10192,4592,10080,4480,224
TCGA-05-4390-01A-01-BS1_x10416y4592,10416,4592,10304,4480,224
TCGA-05-4390-01A-01-BS1_x10640y4592,10640,4592,10528,4480,224
TCGA-05-4390-01A-01-BS1_x10864y4592,10864,4592,10752,4480,224
TCGA-05-4390-01A-01-BS1_x11088y4592,11088,4592,10976,4480,224
TCGA-05-4390-01A-01-BS1_x11312y4592,11312,4592,11200,4480,224
TCGA-05-4390-01A-01-BS1_x11536y4592,11536,4592,11424,4480,224
TCGA-05-4390-01A-01-BS1_x11760y4592,11760,4592,11648,4480,224
TCGA-05-4390-01A-01-BS1_x11984y4592,11984,4592,11872,4480,224
TCGA-05-4390-01A-01-BS1_x12208y4592,12208,4592,12096,4480,224
TCGA-05-4390-01A-01-BS1_x12432y4592,12432,4592,12320,4480,224
TCGA-05-4390-01A-01-BS1_x12656y4592,12656,4592,12544,4480,224
TCGA-05-4390-01A-01-BS1_x12880y4592,12880,4592,12768,4480,224
TCGA-05-4390-01A-01-BS1_x13104y4592,13104,4592,12992,4480,224
TCGA-05-4390-01A-01-BS1_x13328y4592,13328,4592,13216,4480,224
TCGA-05-4390-01A-01-BS1_x13552y4592,13552,4592,13440,4480,224
TCGA-05-4390-01A-01-BS1_x13776y4592,13776,4592,13664,4480,224
TCGA-05-4390-01A-01-BS1_x14000y4592,14000,4592,13888,4480,224
TCGA-05-4390-01A-01-BS1_x14224y4592,14224,4592,14112,4480,224
TCGA-05-4390-01A-01-BS1_x14448y4592,14448,4592,14336,4480,224
TCGA-05-4390-01A-01-BS1_x14672y4592,14672,4592,14560,4480,224
TCGA-05-4390-01A-01-BS1_x14896y4592,14896,4592,14784,4480,224
TCGA-05-4390-01A-01-BS1_x15120y4592,15120,4592,15008,4480,224
TCGA-05-4390-01A-01-BS1_x15344y4592,15344,4592,15232,4480,224
TCGA-05-4390-01A-01-BS1_x15568y4592,15568,4592,15456,4480,224
TCGA-05-4390-01A-01-BS1_x15792y4592,15792,4592,15680,4480,224
TCGA-05-4390-01A-01-BS1_x16016y4592,16016,4592,15904,4480,224
TCGA-05-4390-01A-01-BS1_x16240y4592,16240,4592,16128,4480,224
TCGA-05-4390-01A-01-BS1_x16464y4592,16464,4592,16352,4480,224
TCGA-05-4390-01A-01-BS1_x16688y4592,16688,4592,16576,4480,224
TCGA-05-4390-01A-01-BS1_x16912y4592,16912,4592,16800,4480,224
TCGA-05-4390-01A-01-BS1_x17136y4592,17136,4592,17024,4480,224
TCGA-05-4390-01A-01-BS1_x17360y4592,17360,4592,17248,4480,224
TCGA-05-4390-01A-01-BS1_x17584y4592,17584,4592,17472,4480,224
TCGA-05-4390-01A-01-BS1_x17808y4592,17808,4592,17696,4480,224
TCGA-05-4390-01A-01-BS1_x18032y4592,18032,4592,17920,4480,224
TCGA-05-4390-01A-01-BS1_x18256y4592,18256,4592,18144,4480,224
TCGA-05-4390-01A-01-BS1_x18480y4592,18480,4592,18368,4480,224
TCGA-05-4390-01A-01-BS1_x18704y4592,18704,4592,18592,4480,224
TCGA-05-4390-01A-01-BS1_x18928y4592,18928,4592,18816,4480,224
TCGA-05-4390-01A-01-BS1_x19152y4592,19152,4592,19040,4480,224
TCGA-05-4390-01A-01-BS1_x19376y4592,19376,4592,19264,4480,224
TCGA-05-4390-01A-01-BS1_x19600y4592,19600,4592,19488,4480,224
TCGA-05-4390-01A-01-BS1_x19824y4592,19824,4592,19712,4480,224
TCGA-05-4390-01A-01-BS1_x20048y4592,20048,4592,19936,4480,224
TCGA-05-4390-01A-01-BS1_x20272y4592,20272,4592,20160,4480,224
TCGA-05-4390-01A-01-BS1_x20496y4592,20496,4592,20384,4480,224
TCGA-05-4390-01A-01-BS1_x20720y4592,20720,4592,20608,4480,224
TCGA-05-4390-01A-01-BS1_x20944y4592,20944,4592,20832,4480,224
TCGA-05-4390-01A-01-BS1_x21168y4592,21168,4592,21056,4480,224
TCGA-05-4390-01A-01-BS1_x21392y4592,21392,4592,21280,4480,224
TCGA-05-4390-01A-01-BS1_x21616y4592,21616,4592,21504,4480,224
TCGA-05-4390-01A-01-BS1_x21840y4592,21840,4592,21728,4480,224
TCGA-05-4390-01A-01-BS1_x22064y4592,22064,4592,21952,4480,224
TCGA-05-4390-01A-01-BS1_x22288y4592,22288,4592,22176,4480,224
TCGA-05-4390-01A-01-BS1_x22512y4592,22512,4592,22400,4480,224
TCGA-05-4390-01A-01-BS1_x22736y4592,22736,4592,22624,4480,224
TCGA-05-4390-01A-01-BS1_x22960y4592,22960,4592,22848,4480,224
TCGA-05-4390-01A-01-BS1_x23184y4592,23184,4592,23072,4480,224
TCGA-05-4390-01A-01-BS1_x23408y4592,23408,4592,23296,4480,224
TCGA-05-4390-01A-01-BS1_x23632y4592,23632,4592,23520,4480,224
TCGA-05-4390-01A-01-BS1_x23856y4592,23856,4592,23744,4480,224
TCGA-05-4390-01A-01-BS1_x24080y4592,24080,4592,23968,4480,224
TCGA-05-4390-01A-01-BS1_x24304y4592,24304,4592,24192,4480,224
TCGA-05-4390-01A-01-BS1_x24528y4592,24528,4592,24416,4480,224
TCGA-05-4390-01A-01-BS1_x24752y4592,24752,4592,24640,4480,224
TCGA-05-4390-01A-01-BS1_x24976y4592,24976,4592,24864,4480,224
TCGA-05-4390-01A-01-BS1_x25200y4592,25200,4592,25088,4480,224
TCGA-05-4390-01A-01-BS1_x25424y4592,25424,4592,25312,4480,224
TCGA-05-4390-01A-01-BS1_x25648y4592,25648,4592,25536,4480,224
TCGA-05-4390-01A-01-BS1_x25872y4592,25872,4592,25760,4480,224
TCGA-05-4390-01A-01-BS1_x26096y4592,26096,4592,25984,4480,224
TCGA-05-4390-01A-01-BS1_x26320y4592,26320,4592,26208,4480,224
TCGA-05-4390-01A-01-BS1_x26544y4592,26544,4592,26432,4480,224
TCGA-05-4390-01A-01-BS1_x26768y4592,26768,4592,26656,4480,224
TCGA-05-4390-01A-01-BS1_x26992y4592,26992,4592,26880,4480,224
TCGA-05-4390-01A-01-BS1_x27216y4592,27216,4592,27104,4480,224
TCGA-05-4390-01A-01-BS1_x27440y4592,27440,4592,27328,4480,224
TCGA-05-4390-01A-01-BS1_x27664y4592,27664,4592,27552,4480,224
TCGA-05-4390-01A-01-BS1_x27888y4592,27888,4592,27776,4480,224
TCGA-05-4390-01A-01-BS1_x28112y4592,28112,4592,28000,4480,224
TCGA-05-4390-01A-01-BS1_x28336y4592,28336,4592,28224,4480,224
TCGA-05-4390-01A-01-BS1_x28560y4592,28560,4592,28448,4480,224
TCGA-05-4390-01A-01-BS1_x28784y4592,28784,4592,28672,4480,224
TCGA-05-4390-01A-01-BS1_x29008y4592,29008,4592,28896,4480,224
TCGA-05-4390-01A-01-BS1_x29232y4592,29232,4592,29120,4480,224
TCGA-05-4390-01A-01-BS1_x29456y4592,29456,4592,29344,4480,224
TCGA-05-4390-01A-01-BS1_x29680y4592,29680,4592,29568,4480,224
TCGA-05-4390-01A-01-BS1_x29904y4592,29904,4592,29792,4480,224
TCGA-05-4390-01A-01-BS1_x30128y4592,30128,4592,30016,4480,224
TCGA-05-4390-01A-01-BS1_x30352y4592,30352,4592,30240,4480,224
TCGA-05-4390-01A-01-BS1_x30576y4592,30576,4592,30464,4480,224
TCGA-05-4390-01A-01-BS1_x30800y4592,30800,4592,30688,4480,224
TCGA-05-4390-01A-01-BS1_x31024y4592,31024,4592,30912,4480,224
TCGA-05-4390-01A-01-BS1_x31248y4592,31248,4592,31136,4480,224
TCGA-05-4390-01A-01-BS1_x31472y4592,31472,4592,31360,4480,224
TCGA-05-4390-01A-01-BS1_x31696y4592,31696,4592,31584,4480,224
TCGA-05-4390-01A-01-BS1_x31920y4592,31920,4592,31808,4480,224
TCGA-05-4390-01A-01-BS1_x32144y4592,32144,4592,32032,4480,224
TCGA-05-4390-01A-01-BS1_x32368y4592,32368,4592,32256,4480,224
TCGA-05-4390-01A-01-BS1_x32592y4592,32592,4592,32480,4480,224
TCGA-05-4390-01A-01-BS1_x32816y4592,32816,4592,32704,4480,224
TCGA-05-4390-01A-01-BS1_x33040y4592,33040,4592,32928,4480,224
TCGA-05-4390-01A-01-BS1_x33264y4592,33264,4592,33152,4480,224
TCGA-05-4390-01A-01-BS1_x3248y4816,3248,4816,3136,4704,224
TCGA-05-4390-01A-01-BS1_x3472y4816,3472,4816,3360,4704,224
TCGA-05-4390-01A-01-BS1_x3696y4816,3696,4816,3584,4704,224
TCGA-05-4390-01A-01-BS1_x3920y4816,3920,4816,3808,4704,224
TCGA-05-4390-01A-01-BS1_x4144y4816,4144,4816,4032,4704,224
TCGA-05-4390-01A-01-BS1_x4368y4816,4368,4816,4256,4704,224
TCGA-05-4390-01A-01-BS1_x4592y4816,4592,4816,4480,4704,224
TCGA-05-4390-01A-01-BS1_x4816y4816,4816,4816,4704,4704,224
TCGA-05-4390-01A-01-BS1_x5040y4816,5040,4816,4928,4704,224
TCGA-05-4390-01A-01-BS1_x5264y4816,5264,4816,5152,4704,224
TCGA-05-4390-01A-01-BS1_x5488y4816,5488,4816,5376,4704,224
TCGA-05-4390-01A-01-BS1_x5712y4816,5712,4816,5600,4704,224
TCGA-05-4390-01A-01-BS1_x5936y4816,5936,4816,5824,4704,224
TCGA-05-4390-01A-01-BS1_x6160y4816,6160,4816,6048,4704,224
TCGA-05-4390-01A-01-BS1_x6384y4816,6384,4816,6272,4704,224
TCGA-05-4390-01A-01-BS1_x6832y4816,6832,4816,6720,4704,224
TCGA-05-4390-01A-01-BS1_x7056y4816,7056,4816,6944,4704,224
TCGA-05-4390-01A-01-BS1_x7280y4816,7280,4816,7168,4704,224
TCGA-05-4390-01A-01-BS1_x7504y4816,7504,4816,7392,4704,224
TCGA-05-4390-01A-01-BS1_x7728y4816,7728,4816,7616,4704,224
TCGA-05-4390-01A-01-BS1_x7952y4816,7952,4816,7840,4704,224
TCGA-05-4390-01A-01-BS1_x8176y4816,8176,4816,8064,4704,224
TCGA-05-4390-01A-01-BS1_x8400y4816,8400,4816,8288,4704,224
TCGA-05-4390-01A-01-BS1_x8624y4816,8624,4816,8512,4704,224
TCGA-05-4390-01A-01-BS1_x8848y4816,8848,4816,8736,4704,224
TCGA-05-4390-01A-01-BS1_x9072y4816,9072,4816,8960,4704,224
TCGA-05-4390-01A-01-BS1_x9296y4816,9296,4816,9184,4704,224
TCGA-05-4390-01A-01-BS1_x9520y4816,9520,4816,9408,4704,224
TCGA-05-4390-01A-01-BS1_x9744y4816,9744,4816,9632,4704,224
TCGA-05-4390-01A-01-BS1_x9968y4816,9968,4816,9856,4704,224
TCGA-05-4390-01A-01-BS1_x10192y4816,10192,4816,10080,4704,224
TCGA-05-4390-01A-01-BS1_x10416y4816,10416,4816,10304,4704,224
TCGA-05-4390-01A-01-BS1_x10640y4816,10640,4816,10528,4704,224
TCGA-05-4390-01A-01-BS1_x10864y4816,10864,4816,10752,4704,224
TCGA-05-4390-01A-01-BS1_x11088y4816,11088,4816,10976,4704,224
TCGA-05-4390-01A-01-BS1_x11312y4816,11312,4816,11200,4704,224
TCGA-05-4390-01A-01-BS1_x11536y4816,11536,4816,11424,4704,224
TCGA-05-4390-01A-01-BS1_x11760y4816,11760,4816,11648,4704,224
TCGA-05-4390-01A-01-BS1_x11984y4816,11984,4816,11872,4704,224
TCGA-05-4390-01A-01-BS1_x12208y4816,12208,4816,12096,4704,224
TCGA-05-4390-01A-01-BS1_x12432y4816,12432,4816,12320,4704,224
TCGA-05-4390-01A-01-BS1_x12656y4816,12656,4816,12544,4704,224
TCGA-05-4390-01A-01-BS1_x12880y4816,12880,4816,12768,4704,224
TCGA-05-4390-01A-01-BS1_x13104y4816,13104,4816,12992,4704,224
TCGA-05-4390-01A-01-BS1_x13328y4816,13328,4816,13216,4704,224
TCGA-05-4390-01A-01-BS1_x13552y4816,13552,4816,13440,4704,224
TCGA-05-4390-01A-01-BS1_x13776y4816,13776,4816,13664,4704,224
TCGA-05-4390-01A-01-BS1_x14000y4816,14000,4816,13888,4704,224
TCGA-05-4390-01A-01-BS1_x14224y4816,14224,4816,14112,4704,224
TCGA-05-4390-01A-01-BS1_x14448y4816,14448,4816,14336,4704,224
TCGA-05-4390-01A-01-BS1_x14672y4816,14672,4816,14560,4704,224
TCGA-05-4390-01A-01-BS1_x14896y4816,14896,4816,14784,4704,224
TCGA-05-4390-01A-01-BS1_x15120y4816,15120,4816,15008,4704,224
TCGA-05-4390-01A-01-BS1_x15344y4816,15344,4816,15232,4704,224
TCGA-05-4390-01A-01-BS1_x15568y4816,15568,4816,15456,4704,224
TCGA-05-4390-01A-01-BS1_x15792y4816,15792,4816,15680,4704,224
TCGA-05-4390-01A-01-BS1_x16016y4816,16016,4816,15904,4704,224
TCGA-05-4390-01A-01-BS1_x16240y4816,16240,4816,16128,4704,224
TCGA-05-4390-01A-01-BS1_x16464y4816,16464,4816,16352,4704,224
TCGA-05-4390-01A-01-BS1_x16688y4816,16688,4816,16576,4704,224
TCGA-05-4390-01A-01-BS1_x16912y4816,16912,4816,16800,4704,224
TCGA-05-4390-01A-01-BS1_x17136y4816,17136,4816,17024,4704,224
TCGA-05-4390-01A-01-BS1_x17360y4816,17360,4816,17248,4704,224
TCGA-05-4390-01A-01-BS1_x17584y4816,17584,4816,17472,4704,224
TCGA-05-4390-01A-01-BS1_x17808y4816,17808,4816,17696,4704,224
TCGA-05-4390-01A-01-BS1_x18032y4816,18032,4816,17920,4704,224
TCGA-05-4390-01A-01-BS1_x18256y4816,18256,4816,18144,4704,224
TCGA-05-4390-01A-01-BS1_x18480y4816,18480,4816,18368,4704,224
TCGA-05-4390-01A-01-BS1_x18704y4816,18704,4816,18592,4704,224
TCGA-05-4390-01A-01-BS1_x18928y4816,18928,4816,18816,4704,224
TCGA-05-4390-01A-01-BS1_x19152y4816,19152,4816,19040,4704,224
TCGA-05-4390-01A-01-BS1_x19376y4816,19376,4816,19264,4704,224
TCGA-05-4390-01A-01-BS1_x19600y4816,19600,4816,19488,4704,224
TCGA-05-4390-01A-01-BS1_x19824y4816,19824,4816,19712,4704,224
TCGA-05-4390-01A-01-BS1_x20048y4816,20048,4816,19936,4704,224
TCGA-05-4390-01A-01-BS1_x20272y4816,20272,4816,20160,4704,224
TCGA-05-4390-01A-01-BS1_x20496y4816,20496,4816,20384,4704,224
TCGA-05-4390-01A-01-BS1_x20720y4816,20720,4816,20608,4704,224
TCGA-05-4390-01A-01-BS1_x20944y4816,20944,4816,20832,4704,224
TCGA-05-4390-01A-01-BS1_x21168y4816,21168,4816,21056,4704,224
TCGA-05-4390-01A-01-BS1_x21392y4816,21392,4816,21280,4704,224
TCGA-05-4390-01A-01-BS1_x21616y4816,21616,4816,21504,4704,224
TCGA-05-4390-01A-01-BS1_x21840y4816,21840,4816,21728,4704,224
TCGA-05-4390-01A-01-BS1_x22064y4816,22064,4816,21952,4704,224
TCGA-05-4390-01A-01-BS1_x22288y4816,22288,4816,22176,4704,224
TCGA-05-4390-01A-01-BS1_x22512y4816,22512,4816,22400,4704,224
TCGA-05-4390-01A-01-BS1_x22736y4816,22736,4816,22624,4704,224
TCGA-05-4390-01A-01-BS1_x22960y4816,22960,4816,22848,4704,224
TCGA-05-4390-01A-01-BS1_x23184y4816,23184,4816,23072,4704,224
TCGA-05-4390-01A-01-BS1_x23408y4816,23408,4816,23296,4704,224
TCGA-05-4390-01A-01-BS1_x23632y4816,23632,4816,23520,4704,224
TCGA-05-4390-01A-01-BS1_x23856y4816,23856,4816,23744,4704,224
TCGA-05-4390-01A-01-BS1_x24080y4816,24080,4816,23968,4704,224
TCGA-05-4390-01A-01-BS1_x24304y4816,24304,4816,24192,4704,224
TCGA-05-4390-01A-01-BS1_x24528y4816,24528,4816,24416,4704,224
TCGA-05-4390-01A-01-BS1_x24752y4816,24752,4816,24640,4704,224
TCGA-05-4390-01A-01-BS1_x24976y4816,24976,4816,24864,4704,224
TCGA-05-4390-01A-01-BS1_x25200y4816,25200,4816,25088,4704,224
TCGA-05-4390-01A-01-BS1_x25424y4816,25424,4816,25312,4704,224
TCGA-05-4390-01A-01-BS1_x25648y4816,25648,4816,25536,4704,224
TCGA-05-4390-01A-01-BS1_x25872y4816,25872,4816,25760,4704,224
TCGA-05-4390-01A-01-BS1_x26096y4816,26096,4816,25984,4704,224
TCGA-05-4390-01A-01-BS1_x26320y4816,26320,4816,26208,4704,224
TCGA-05-4390-01A-01-BS1_x26544y4816,26544,4816,26432,4704,224
TCGA-05-4390-01A-01-BS1_x26768y4816,26768,4816,26656,4704,224
TCGA-05-4390-01A-01-BS1_x26992y4816,26992,4816,26880,4704,224
TCGA-05-4390-01A-01-BS1_x27216y4816,27216,4816,27104,4704,224
TCGA-05-4390-01A-01-BS1_x27440y4816,27440,4816,27328,4704,224
TCGA-05-4390-01A-01-BS1_x27664y4816,27664,4816,27552,4704,224
TCGA-05-4390-01A-01-BS1_x27888y4816,27888,4816,27776,4704,224
TCGA-05-4390-01A-01-BS1_x28112y4816,28112,4816,28000,4704,224
TCGA-05-4390-01A-01-BS1_x28336y4816,28336,4816,28224,4704,224
TCGA-05-4390-01A-01-BS1_x28560y4816,28560,4816,28448,4704,224
TCGA-05-4390-01A-01-BS1_x28784y4816,28784,4816,28672,4704,224
TCGA-05-4390-01A-01-BS1_x29008y4816,29008,4816,28896,4704,224
TCGA-05-4390-01A-01-BS1_x29232y4816,29232,4816,29120,4704,224
TCGA-05-4390-01A-01-BS1_x29456y4816,29456,4816,29344,4704,224
TCGA-05-4390-01A-01-BS1_x29680y4816,29680,4816,29568,4704,224
TCGA-05-4390-01A-01-BS1_x29904y4816,29904,4816,29792,4704,224
TCGA-05-4390-01A-01-BS1_x30128y4816,30128,4816,30016,4704,224
TCGA-05-4390-01A-01-BS1_x30352y4816,30352,4816,30240,4704,224
TCGA-05-4390-01A-01-BS1_x30576y4816,30576,4816,30464,4704,224
TCGA-05-4390-01A-01-BS1_x30800y4816,30800,4816,30688,4704,224
TCGA-05-4390-01A-01-BS1_x31024y4816,31024,4816,30912,4704,224
TCGA-05-4390-01A-01-BS1_x31248y4816,31248,4816,31136,4704,224
TCGA-05-4390-01A-01-BS1_x31472y4816,31472,4816,31360,4704,224
TCGA-05-4390-01A-01-BS1_x31696y4816,31696,4816,31584,4704,224
TCGA-05-4390-01A-01-BS1_x31920y4816,31920,4816,31808,4704,224
TCGA-05-4390-01A-01-BS1_x32144y4816,32144,4816,32032,4704,224
TCGA-05-4390-01A-01-BS1_x32368y4816,32368,4816,32256,4704,224
TCGA-05-4390-01A-01-BS1_x32592y4816,32592,4816,32480,4704,224
TCGA-05-4390-01A-01-BS1_x32816y4816,32816,4816,32704,4704,224
TCGA-05-4390-01A-01-BS1_x33040y4816,33040,4816,32928,4704,224
TCGA-05-4390-01A-01-BS1_x33264y4816,33264,4816,33152,4704,224
TCGA-05-4390-01A-01-BS1_x33488y4816,33488,4816,33376,4704,224
TCGA-05-4390-01A-01-BS1_x3248y5040,3248,5040,3136,4928,224
TCGA-05-4390-01A-01-BS1_x3472y5040,3472,5040,3360,4928,224
TCGA-05-4390-01A-01-BS1_x3696y5040,3696,5040,3584,4928,224
TCGA-05-4390-01A-01-BS1_x3920y5040,3920,5040,3808,4928,224
TCGA-05-4390-01A-01-BS1_x4144y5040,4144,5040,4032,4928,224
TCGA-05-4390-01A-01-BS1_x4368y5040,4368,5040,4256,4928,224
TCGA-05-4390-01A-01-BS1_x4592y5040,4592,5040,4480,4928,224
TCGA-05-4390-01A-01-BS1_x4816y5040,4816,5040,4704,4928,224
TCGA-05-4390-01A-01-BS1_x5040y5040,5040,5040,4928,4928,224
TCGA-05-4390-01A-01-BS1_x5264y5040,5264,5040,5152,4928,224
TCGA-05-4390-01A-01-BS1_x5488y5040,5488,5040,5376,4928,224
TCGA-05-4390-01A-01-BS1_x5712y5040,5712,5040,5600,4928,224
TCGA-05-4390-01A-01-BS1_x5936y5040,5936,5040,5824,4928,224
TCGA-05-4390-01A-01-BS1_x6160y5040,6160,5040,6048,4928,224
TCGA-05-4390-01A-01-BS1_x6384y5040,6384,5040,6272,4928,224
TCGA-05-4390-01A-01-BS1_x6608y5040,6608,5040,6496,4928,224
TCGA-05-4390-01A-01-BS1_x6832y5040,6832,5040,6720,4928,224
TCGA-05-4390-01A-01-BS1_x7056y5040,7056,5040,6944,4928,224
TCGA-05-4390-01A-01-BS1_x7280y5040,7280,5040,7168,4928,224
TCGA-05-4390-01A-01-BS1_x7504y5040,7504,5040,7392,4928,224
TCGA-05-4390-01A-01-BS1_x7728y5040,7728,5040,7616,4928,224
TCGA-05-4390-01A-01-BS1_x7952y5040,7952,5040,7840,4928,224
TCGA-05-4390-01A-01-BS1_x8176y5040,8176,5040,8064,4928,224
TCGA-05-4390-01A-01-BS1_x8400y5040,8400,5040,8288,4928,224
TCGA-05-4390-01A-01-BS1_x8624y5040,8624,5040,8512,4928,224
TCGA-05-4390-01A-01-BS1_x8848y5040,8848,5040,8736,4928,224
TCGA-05-4390-01A-01-BS1_x9072y5040,9072,5040,8960,4928,224
TCGA-05-4390-01A-01-BS1_x9296y5040,9296,5040,9184,4928,224
TCGA-05-4390-01A-01-BS1_x9520y5040,9520,5040,9408,4928,224
TCGA-05-4390-01A-01-BS1_x9744y5040,9744,5040,9632,4928,224
TCGA-05-4390-01A-01-BS1_x9968y5040,9968,5040,9856,4928,224
TCGA-05-4390-01A-01-BS1_x10192y5040,10192,5040,10080,4928,224
TCGA-05-4390-01A-01-BS1_x10416y5040,10416,5040,10304,4928,224
TCGA-05-4390-01A-01-BS1_x10640y5040,10640,5040,10528,4928,224
TCGA-05-4390-01A-01-BS1_x10864y5040,10864,5040,10752,4928,224
TCGA-05-4390-01A-01-BS1_x11088y5040,11088,5040,10976,4928,224
TCGA-05-4390-01A-01-BS1_x11312y5040,11312,5040,11200,4928,224
TCGA-05-4390-01A-01-BS1_x11536y5040,11536,5040,11424,4928,224
TCGA-05-4390-01A-01-BS1_x11760y5040,11760,5040,11648,4928,224
TCGA-05-4390-01A-01-BS1_x11984y5040,11984,5040,11872,4928,224
TCGA-05-4390-01A-01-BS1_x12208y5040,12208,5040,12096,4928,224
TCGA-05-4390-01A-01-BS1_x12432y5040,12432,5040,12320,4928,224
TCGA-05-4390-01A-01-BS1_x12656y5040,12656,5040,12544,4928,224
TCGA-05-4390-01A-01-BS1_x12880y5040,12880,5040,12768,4928,224
TCGA-05-4390-01A-01-BS1_x13104y5040,13104,5040,12992,4928,224
TCGA-05-4390-01A-01-BS1_x13328y5040,13328,5040,13216,4928,224
TCGA-05-4390-01A-01-BS1_x13552y5040,13552,5040,13440,4928,224
TCGA-05-4390-01A-01-BS1_x13776y5040,13776,5040,13664,4928,224
TCGA-05-4390-01A-01-BS1_x14000y5040,14000,5040,13888,4928,224
TCGA-05-4390-01A-01-BS1_x14224y5040,14224,5040,14112,4928,224
TCGA-05-4390-01A-01-BS1_x14448y5040,14448,5040,14336,4928,224
TCGA-05-4390-01A-01-BS1_x14672y5040,14672,5040,14560,4928,224
TCGA-05-4390-01A-01-BS1_x14896y5040,14896,5040,14784,4928,224
TCGA-05-4390-01A-01-BS1_x15120y5040,15120,5040,15008,4928,224
TCGA-05-4390-01A-01-BS1_x15344y5040,15344,5040,15232,4928,224
TCGA-05-4390-01A-01-BS1_x15568y5040,15568,5040,15456,4928,224
TCGA-05-4390-01A-01-BS1_x15792y5040,15792,5040,15680,4928,224
TCGA-05-4390-01A-01-BS1_x16016y5040,16016,5040,15904,4928,224
TCGA-05-4390-01A-01-BS1_x16240y5040,16240,5040,16128,4928,224
TCGA-05-4390-01A-01-BS1_x16464y5040,16464,5040,16352,4928,224
TCGA-05-4390-01A-01-BS1_x16688y5040,16688,5040,16576,4928,224
TCGA-05-4390-01A-01-BS1_x16912y5040,16912,5040,16800,4928,224
TCGA-05-4390-01A-01-BS1_x17136y5040,17136,5040,17024,4928,224
TCGA-05-4390-01A-01-BS1_x17360y5040,17360,5040,17248,4928,224
TCGA-05-4390-01A-01-BS1_x17584y5040,17584,5040,17472,4928,224
TCGA-05-4390-01A-01-BS1_x17808y5040,17808,5040,17696,4928,224
TCGA-05-4390-01A-01-BS1_x18032y5040,18032,5040,17920,4928,224
TCGA-05-4390-01A-01-BS1_x18256y5040,18256,5040,18144,4928,224
TCGA-05-4390-01A-01-BS1_x18480y5040,18480,5040,18368,4928,224
TCGA-05-4390-01A-01-BS1_x18704y5040,18704,5040,18592,4928,224
TCGA-05-4390-01A-01-BS1_x18928y5040,18928,5040,18816,4928,224
TCGA-05-4390-01A-01-BS1_x19152y5040,19152,5040,19040,4928,224
TCGA-05-4390-01A-01-BS1_x19376y5040,19376,5040,19264,4928,224
TCGA-05-4390-01A-01-BS1_x19600y5040,19600,5040,19488,4928,224
TCGA-05-4390-01A-01-BS1_x19824y5040,19824,5040,19712,4928,224
TCGA-05-4390-01A-01-BS1_x20048y5040,20048,5040,19936,4928,224
TCGA-05-4390-01A-01-BS1_x20272y5040,20272,5040,20160,4928,224
TCGA-05-4390-01A-01-BS1_x20496y5040,20496,5040,20384,4928,224
TCGA-05-4390-01A-01-BS1_x20720y5040,20720,5040,20608,4928,224
TCGA-05-4390-01A-01-BS1_x20944y5040,20944,5040,20832,4928,224
TCGA-05-4390-01A-01-BS1_x21168y5040,21168,5040,21056,4928,224
TCGA-05-4390-01A-01-BS1_x21392y5040,21392,5040,21280,4928,224
TCGA-05-4390-01A-01-BS1_x21616y5040,21616,5040,21504,4928,224
TCGA-05-4390-01A-01-BS1_x21840y5040,21840,5040,21728,4928,224
TCGA-05-4390-01A-01-BS1_x22064y5040,22064,5040,21952,4928,224
TCGA-05-4390-01A-01-BS1_x22288y5040,22288,5040,22176,4928,224
TCGA-05-4390-01A-01-BS1_x22512y5040,22512,5040,22400,4928,224
TCGA-05-4390-01A-01-BS1_x22736y5040,22736,5040,22624,4928,224
TCGA-05-4390-01A-01-BS1_x22960y5040,22960,5040,22848,4928,224
TCGA-05-4390-01A-01-BS1_x23184y5040,23184,5040,23072,4928,224
TCGA-05-4390-01A-01-BS1_x23408y5040,23408,5040,23296,4928,224
TCGA-05-4390-01A-01-BS1_x23632y5040,23632,5040,23520,4928,224
TCGA-05-4390-01A-01-BS1_x23856y5040,23856,5040,23744,4928,224
TCGA-05-4390-01A-01-BS1_x24080y5040,24080,5040,23968,4928,224
TCGA-05-4390-01A-01-BS1_x24304y5040,24304,5040,24192,4928,224
TCGA-05-4390-01A-01-BS1_x24528y5040,24528,5040,24416,4928,224
TCGA-05-4390-01A-01-BS1_x24752y5040,24752,5040,24640,4928,224
TCGA-05-4390-01A-01-BS1_x24976y5040,24976,5040,24864,4928,224
TCGA-05-4390-01A-01-BS1_x25200y5040,25200,5040,25088,4928,224
TCGA-05-4390-01A-01-BS1_x25424y5040,25424,5040,25312,4928,224
TCGA-05-4390-01A-01-BS1_x25648y5040,25648,5040,25536,4928,224
TCGA-05-4390-01A-01-BS1_x25872y5040,25872,5040,25760,4928,224
TCGA-05-4390-01A-01-BS1_x26096y5040,26096,5040,25984,4928,224
TCGA-05-4390-01A-01-BS1_x26320y5040,26320,5040,26208,4928,224
TCGA-05-4390-01A-01-BS1_x26544y5040,26544,5040,26432,4928,224
TCGA-05-4390-01A-01-BS1_x26768y5040,26768,5040,26656,4928,224
TCGA-05-4390-01A-01-BS1_x26992y5040,26992,5040,26880,4928,224
TCGA-05-4390-01A-01-BS1_x27216y5040,27216,5040,27104,4928,224
TCGA-05-4390-01A-01-BS1_x27440y5040,27440,5040,27328,4928,224
TCGA-05-4390-01A-01-BS1_x27664y5040,27664,5040,27552,4928,224
TCGA-05-4390-01A-01-BS1_x27888y5040,27888,5040,27776,4928,224
TCGA-05-4390-01A-01-BS1_x28112y5040,28112,5040,28000,4928,224
TCGA-05-4390-01A-01-BS1_x28336y5040,28336,5040,28224,4928,224
TCGA-05-4390-01A-01-BS1_x28560y5040,28560,5040,28448,4928,224
TCGA-05-4390-01A-01-BS1_x28784y5040,28784,5040,28672,4928,224
TCGA-05-4390-01A-01-BS1_x29008y5040,29008,5040,28896,4928,224
TCGA-05-4390-01A-01-BS1_x29232y5040,29232,5040,29120,4928,224
TCGA-05-4390-01A-01-BS1_x29456y5040,29456,5040,29344,4928,224
TCGA-05-4390-01A-01-BS1_x29680y5040,29680,5040,29568,4928,224
TCGA-05-4390-01A-01-BS1_x29904y5040,29904,5040,29792,4928,224
TCGA-05-4390-01A-01-BS1_x30128y5040,30128,5040,30016,4928,224
TCGA-05-4390-01A-01-BS1_x30352y5040,30352,5040,30240,4928,224
TCGA-05-4390-01A-01-BS1_x30576y5040,30576,5040,30464,4928,224
TCGA-05-4390-01A-01-BS1_x30800y5040,30800,5040,30688,4928,224
TCGA-05-4390-01A-01-BS1_x31024y5040,31024,5040,30912,4928,224
TCGA-05-4390-01A-01-BS1_x31248y5040,31248,5040,31136,4928,224
TCGA-05-4390-01A-01-BS1_x31472y5040,31472,5040,31360,4928,224
TCGA-05-4390-01A-01-BS1_x31696y5040,31696,5040,31584,4928,224
TCGA-05-4390-01A-01-BS1_x31920y5040,31920,5040,31808,4928,224
TCGA-05-4390-01A-01-BS1_x32144y5040,32144,5040,32032,4928,224
TCGA-05-4390-01A-01-BS1_x32368y5040,32368,5040,32256,4928,224
TCGA-05-4390-01A-01-BS1_x32592y5040,32592,5040,32480,4928,224
TCGA-05-4390-01A-01-BS1_x32816y5040,32816,5040,32704,4928,224
TCGA-05-4390-01A-01-BS1_x33040y5040,33040,5040,32928,4928,224
TCGA-05-4390-01A-01-BS1_x33264y5040,33264,5040,33152,4928,224
TCGA-05-4390-01A-01-BS1_x33488y5040,33488,5040,33376,4928,224
TCGA-05-4390-01A-01-BS1_x3248y5264,3248,5264,3136,5152,224
TCGA-05-4390-01A-01-BS1_x3472y5264,3472,5264,3360,5152,224
TCGA-05-4390-01A-01-BS1_x3696y5264,3696,5264,3584,5152,224
TCGA-05-4390-01A-01-BS1_x3920y5264,3920,5264,3808,5152,224
TCGA-05-4390-01A-01-BS1_x4144y5264,4144,5264,4032,5152,224
TCGA-05-4390-01A-01-BS1_x4368y5264,4368,5264,4256,5152,224
TCGA-05-4390-01A-01-BS1_x4592y5264,4592,5264,4480,5152,224
TCGA-05-4390-01A-01-BS1_x4816y5264,4816,5264,4704,5152,224
TCGA-05-4390-01A-01-BS1_x5040y5264,5040,5264,4928,5152,224
TCGA-05-4390-01A-01-BS1_x5264y5264,5264,5264,5152,5152,224
TCGA-05-4390-01A-01-BS1_x5488y5264,5488,5264,5376,5152,224
TCGA-05-4390-01A-01-BS1_x5712y5264,5712,5264,5600,5152,224
TCGA-05-4390-01A-01-BS1_x5936y5264,5936,5264,5824,5152,224
TCGA-05-4390-01A-01-BS1_x6160y5264,6160,5264,6048,5152,224
TCGA-05-4390-01A-01-BS1_x6384y5264,6384,5264,6272,5152,224
TCGA-05-4390-01A-01-BS1_x6608y5264,6608,5264,6496,5152,224
TCGA-05-4390-01A-01-BS1_x6832y5264,6832,5264,6720,5152,224
TCGA-05-4390-01A-01-BS1_x7056y5264,7056,5264,6944,5152,224
TCGA-05-4390-01A-01-BS1_x7280y5264,7280,5264,7168,5152,224
TCGA-05-4390-01A-01-BS1_x7504y5264,7504,5264,7392,5152,224
TCGA-05-4390-01A-01-BS1_x7728y5264,7728,5264,7616,5152,224
TCGA-05-4390-01A-01-BS1_x7952y5264,7952,5264,7840,5152,224
TCGA-05-4390-01A-01-BS1_x8176y5264,8176,5264,8064,5152,224
TCGA-05-4390-01A-01-BS1_x8400y5264,8400,5264,8288,5152,224
TCGA-05-4390-01A-01-BS1_x8624y5264,8624,5264,8512,5152,224
TCGA-05-4390-01A-01-BS1_x8848y5264,8848,5264,8736,5152,224
TCGA-05-4390-01A-01-BS1_x9072y5264,9072,5264,8960,5152,224
TCGA-05-4390-01A-01-BS1_x9296y5264,9296,5264,9184,5152,224
TCGA-05-4390-01A-01-BS1_x9520y5264,9520,5264,9408,5152,224
TCGA-05-4390-01A-01-BS1_x9744y5264,9744,5264,9632,5152,224
TCGA-05-4390-01A-01-BS1_x9968y5264,9968,5264,9856,5152,224
TCGA-05-4390-01A-01-BS1_x10192y5264,10192,5264,10080,5152,224
TCGA-05-4390-01A-01-BS1_x10416y5264,10416,5264,10304,5152,224
TCGA-05-4390-01A-01-BS1_x10640y5264,10640,5264,10528,5152,224
TCGA-05-4390-01A-01-BS1_x10864y5264,10864,5264,10752,5152,224
TCGA-05-4390-01A-01-BS1_x11088y5264,11088,5264,10976,5152,224
TCGA-05-4390-01A-01-BS1_x11312y5264,11312,5264,11200,5152,224
TCGA-05-4390-01A-01-BS1_x11536y5264,11536,5264,11424,5152,224
TCGA-05-4390-01A-01-BS1_x11760y5264,11760,5264,11648,5152,224
TCGA-05-4390-01A-01-BS1_x11984y5264,11984,5264,11872,5152,224
TCGA-05-4390-01A-01-BS1_x12208y5264,12208,5264,12096,5152,224
TCGA-05-4390-01A-01-BS1_x12432y5264,12432,5264,12320,5152,224
TCGA-05-4390-01A-01-BS1_x12656y5264,12656,5264,12544,5152,224
TCGA-05-4390-01A-01-BS1_x12880y5264,12880,5264,12768,5152,224
TCGA-05-4390-01A-01-BS1_x13104y5264,13104,5264,12992,5152,224
TCGA-05-4390-01A-01-BS1_x13328y5264,13328,5264,13216,5152,224
TCGA-05-4390-01A-01-BS1_x13552y5264,13552,5264,13440,5152,224
TCGA-05-4390-01A-01-BS1_x13776y5264,13776,5264,13664,5152,224
TCGA-05-4390-01A-01-BS1_x14000y5264,14000,5264,13888,5152,224
TCGA-05-4390-01A-01-BS1_x14224y5264,14224,5264,14112,5152,224
TCGA-05-4390-01A-01-BS1_x14448y5264,14448,5264,14336,5152,224
TCGA-05-4390-01A-01-BS1_x14672y5264,14672,5264,14560,5152,224
TCGA-05-4390-01A-01-BS1_x14896y5264,14896,5264,14784,5152,224
TCGA-05-4390-01A-01-BS1_x15120y5264,15120,5264,15008,5152,224
TCGA-05-4390-01A-01-BS1_x15344y5264,15344,5264,15232,5152,224
TCGA-05-4390-01A-01-BS1_x15568y5264,15568,5264,15456,5152,224
TCGA-05-4390-01A-01-BS1_x15792y5264,15792,5264,15680,5152,224
TCGA-05-4390-01A-01-BS1_x16016y5264,16016,5264,15904,5152,224
TCGA-05-4390-01A-01-BS1_x16240y5264,16240,5264,16128,5152,224
TCGA-05-4390-01A-01-BS1_x16464y5264,16464,5264,16352,5152,224
TCGA-05-4390-01A-01-BS1_x16688y5264,16688,5264,16576,5152,224
TCGA-05-4390-01A-01-BS1_x16912y5264,16912,5264,16800,5152,224
TCGA-05-4390-01A-01-BS1_x17136y5264,17136,5264,17024,5152,224
TCGA-05-4390-01A-01-BS1_x17360y5264,17360,5264,17248,5152,224
TCGA-05-4390-01A-01-BS1_x17584y5264,17584,5264,17472,5152,224
TCGA-05-4390-01A-01-BS1_x17808y5264,17808,5264,17696,5152,224
TCGA-05-4390-01A-01-BS1_x18032y5264,18032,5264,17920,5152,224
TCGA-05-4390-01A-01-BS1_x18256y5264,18256,5264,18144,5152,224
TCGA-05-4390-01A-01-BS1_x18480y5264,18480,5264,18368,5152,224
TCGA-05-4390-01A-01-BS1_x18704y5264,18704,5264,18592,5152,224
TCGA-05-4390-01A-01-BS1_x18928y5264,18928,5264,18816,5152,224
TCGA-05-4390-01A-01-BS1_x19152y5264,19152,5264,19040,5152,224
TCGA-05-4390-01A-01-BS1_x19376y5264,19376,5264,19264,5152,224
TCGA-05-4390-01A-01-BS1_x19600y5264,19600,5264,19488,5152,224
TCGA-05-4390-01A-01-BS1_x19824y5264,19824,5264,19712,5152,224
TCGA-05-4390-01A-01-BS1_x20048y5264,20048,5264,19936,5152,224
TCGA-05-4390-01A-01-BS1_x20272y5264,20272,5264,20160,5152,224
TCGA-05-4390-01A-01-BS1_x20496y5264,20496,5264,20384,5152,224
TCGA-05-4390-01A-01-BS1_x20720y5264,20720,5264,20608,5152,224
TCGA-05-4390-01A-01-BS1_x20944y5264,20944,5264,20832,5152,224
TCGA-05-4390-01A-01-BS1_x21168y5264,21168,5264,21056,5152,224
TCGA-05-4390-01A-01-BS1_x21392y5264,21392,5264,21280,5152,224
TCGA-05-4390-01A-01-BS1_x21616y5264,21616,5264,21504,5152,224
TCGA-05-4390-01A-01-BS1_x21840y5264,21840,5264,21728,5152,224
TCGA-05-4390-01A-01-BS1_x22064y5264,22064,5264,21952,5152,224
TCGA-05-4390-01A-01-BS1_x22288y5264,22288,5264,22176,5152,224
TCGA-05-4390-01A-01-BS1_x22512y5264,22512,5264,22400,5152,224
TCGA-05-4390-01A-01-BS1_x22736y5264,22736,5264,22624,5152,224
TCGA-05-4390-01A-01-BS1_x22960y5264,22960,5264,22848,5152,224
TCGA-05-4390-01A-01-BS1_x23184y5264,23184,5264,23072,5152,224
TCGA-05-4390-01A-01-BS1_x23408y5264,23408,5264,23296,5152,224
TCGA-05-4390-01A-01-BS1_x23632y5264,23632,5264,23520,5152,224
TCGA-05-4390-01A-01-BS1_x23856y5264,23856,5264,23744,5152,224
TCGA-05-4390-01A-01-BS1_x24080y5264,24080,5264,23968,5152,224
TCGA-05-4390-01A-01-BS1_x24304y5264,24304,5264,24192,5152,224
TCGA-05-4390-01A-01-BS1_x24528y5264,24528,5264,24416,5152,224
TCGA-05-4390-01A-01-BS1_x24752y5264,24752,5264,24640,5152,224
TCGA-05-4390-01A-01-BS1_x24976y5264,24976,5264,24864,5152,224
TCGA-05-4390-01A-01-BS1_x25200y5264,25200,5264,25088,5152,224
TCGA-05-4390-01A-01-BS1_x25424y5264,25424,5264,25312,5152,224
TCGA-05-4390-01A-01-BS1_x25648y5264,25648,5264,25536,5152,224
TCGA-05-4390-01A-01-BS1_x25872y5264,25872,5264,25760,5152,224
TCGA-05-4390-01A-01-BS1_x26096y5264,26096,5264,25984,5152,224
TCGA-05-4390-01A-01-BS1_x26320y5264,26320,5264,26208,5152,224
TCGA-05-4390-01A-01-BS1_x26544y5264,26544,5264,26432,5152,224
TCGA-05-4390-01A-01-BS1_x26768y5264,26768,5264,26656,5152,224
TCGA-05-4390-01A-01-BS1_x26992y5264,26992,5264,26880,5152,224
TCGA-05-4390-01A-01-BS1_x27216y5264,27216,5264,27104,5152,224
TCGA-05-4390-01A-01-BS1_x27440y5264,27440,5264,27328,5152,224
TCGA-05-4390-01A-01-BS1_x27664y5264,27664,5264,27552,5152,224
TCGA-05-4390-01A-01-BS1_x27888y5264,27888,5264,27776,5152,224
TCGA-05-4390-01A-01-BS1_x28112y5264,28112,5264,28000,5152,224
TCGA-05-4390-01A-01-BS1_x28336y5264,28336,5264,28224,5152,224
TCGA-05-4390-01A-01-BS1_x28560y5264,28560,5264,28448,5152,224
TCGA-05-4390-01A-01-BS1_x28784y5264,28784,5264,28672,5152,224
TCGA-05-4390-01A-01-BS1_x29008y5264,29008,5264,28896,5152,224
TCGA-05-4390-01A-01-BS1_x29232y5264,29232,5264,29120,5152,224
TCGA-05-4390-01A-01-BS1_x29456y5264,29456,5264,29344,5152,224
TCGA-05-4390-01A-01-BS1_x29680y5264,29680,5264,29568,5152,224
TCGA-05-4390-01A-01-BS1_x29904y5264,29904,5264,29792,5152,224
TCGA-05-4390-01A-01-BS1_x30128y5264,30128,5264,30016,5152,224
TCGA-05-4390-01A-01-BS1_x30352y5264,30352,5264,30240,5152,224
TCGA-05-4390-01A-01-BS1_x30576y5264,30576,5264,30464,5152,224
TCGA-05-4390-01A-01-BS1_x30800y5264,30800,5264,30688,5152,224
TCGA-05-4390-01A-01-BS1_x31024y5264,31024,5264,30912,5152,224
TCGA-05-4390-01A-01-BS1_x31248y5264,31248,5264,31136,5152,224
TCGA-05-4390-01A-01-BS1_x31472y5264,31472,5264,31360,5152,224
TCGA-05-4390-01A-01-BS1_x31696y5264,31696,5264,31584,5152,224
TCGA-05-4390-01A-01-BS1_x31920y5264,31920,5264,31808,5152,224
TCGA-05-4390-01A-01-BS1_x32144y5264,32144,5264,32032,5152,224
TCGA-05-4390-01A-01-BS1_x32368y5264,32368,5264,32256,5152,224
TCGA-05-4390-01A-01-BS1_x32592y5264,32592,5264,32480,5152,224
TCGA-05-4390-01A-01-BS1_x32816y5264,32816,5264,32704,5152,224
TCGA-05-4390-01A-01-BS1_x33040y5264,33040,5264,32928,5152,224
TCGA-05-4390-01A-01-BS1_x33264y5264,33264,5264,33152,5152,224
TCGA-05-4390-01A-01-BS1_x33488y5264,33488,5264,33376,5152,224
TCGA-05-4390-01A-01-BS1_x3248y5488,3248,5488,3136,5376,224
TCGA-05-4390-01A-01-BS1_x3472y5488,3472,5488,3360,5376,224
TCGA-05-4390-01A-01-BS1_x3696y5488,3696,5488,3584,5376,224
TCGA-05-4390-01A-01-BS1_x3920y5488,3920,5488,3808,5376,224
TCGA-05-4390-01A-01-BS1_x4144y5488,4144,5488,4032,5376,224
TCGA-05-4390-01A-01-BS1_x4368y5488,4368,5488,4256,5376,224
TCGA-05-4390-01A-01-BS1_x4592y5488,4592,5488,4480,5376,224
TCGA-05-4390-01A-01-BS1_x4816y5488,4816,5488,4704,5376,224
TCGA-05-4390-01A-01-BS1_x5040y5488,5040,5488,4928,5376,224
TCGA-05-4390-01A-01-BS1_x5264y5488,5264,5488,5152,5376,224
TCGA-05-4390-01A-01-BS1_x5488y5488,5488,5488,5376,5376,224
TCGA-05-4390-01A-01-BS1_x5712y5488,5712,5488,5600,5376,224
TCGA-05-4390-01A-01-BS1_x5936y5488,5936,5488,5824,5376,224
TCGA-05-4390-01A-01-BS1_x6160y5488,6160,5488,6048,5376,224
TCGA-05-4390-01A-01-BS1_x6384y5488,6384,5488,6272,5376,224
TCGA-05-4390-01A-01-BS1_x6608y5488,6608,5488,6496,5376,224
TCGA-05-4390-01A-01-BS1_x6832y5488,6832,5488,6720,5376,224
TCGA-05-4390-01A-01-BS1_x7056y5488,7056,5488,6944,5376,224
TCGA-05-4390-01A-01-BS1_x7280y5488,7280,5488,7168,5376,224
TCGA-05-4390-01A-01-BS1_x7504y5488,7504,5488,7392,5376,224
TCGA-05-4390-01A-01-BS1_x7728y5488,7728,5488,7616,5376,224
TCGA-05-4390-01A-01-BS1_x7952y5488,7952,5488,7840,5376,224
TCGA-05-4390-01A-01-BS1_x8176y5488,8176,5488,8064,5376,224
TCGA-05-4390-01A-01-BS1_x8400y5488,8400,5488,8288,5376,224
TCGA-05-4390-01A-01-BS1_x8624y5488,8624,5488,8512,5376,224
TCGA-05-4390-01A-01-BS1_x8848y5488,8848,5488,8736,5376,224
TCGA-05-4390-01A-01-BS1_x9072y5488,9072,5488,8960,5376,224
TCGA-05-4390-01A-01-BS1_x9296y5488,9296,5488,9184,5376,224
TCGA-05-4390-01A-01-BS1_x9520y5488,9520,5488,9408,5376,224
TCGA-05-4390-01A-01-BS1_x9744y5488,9744,5488,9632,5376,224
TCGA-05-4390-01A-01-BS1_x9968y5488,9968,5488,9856,5376,224
TCGA-05-4390-01A-01-BS1_x10192y5488,10192,5488,10080,5376,224
TCGA-05-4390-01A-01-BS1_x10416y5488,10416,5488,10304,5376,224
TCGA-05-4390-01A-01-BS1_x10640y5488,10640,5488,10528,5376,224
TCGA-05-4390-01A-01-BS1_x10864y5488,10864,5488,10752,5376,224
TCGA-05-4390-01A-01-BS1_x11088y5488,11088,5488,10976,5376,224
TCGA-05-4390-01A-01-BS1_x11312y5488,11312,5488,11200,5376,224
TCGA-05-4390-01A-01-BS1_x11536y5488,11536,5488,11424,5376,224
TCGA-05-4390-01A-01-BS1_x11760y5488,11760,5488,11648,5376,224
TCGA-05-4390-01A-01-BS1_x11984y5488,11984,5488,11872,5376,224
TCGA-05-4390-01A-01-BS1_x12208y5488,12208,5488,12096,5376,224
TCGA-05-4390-01A-01-BS1_x12432y5488,12432,5488,12320,5376,224
TCGA-05-4390-01A-01-BS1_x12656y5488,12656,5488,12544,5376,224
TCGA-05-4390-01A-01-BS1_x12880y5488,12880,5488,12768,5376,224
TCGA-05-4390-01A-01-BS1_x13104y5488,13104,5488,12992,5376,224
TCGA-05-4390-01A-01-BS1_x13328y5488,13328,5488,13216,5376,224
TCGA-05-4390-01A-01-BS1_x13552y5488,13552,5488,13440,5376,224
TCGA-05-4390-01A-01-BS1_x13776y5488,13776,5488,13664,5376,224
TCGA-05-4390-01A-01-BS1_x14000y5488,14000,5488,13888,5376,224
TCGA-05-4390-01A-01-BS1_x14224y5488,14224,5488,14112,5376,224
TCGA-05-4390-01A-01-BS1_x14448y5488,14448,5488,14336,5376,224
TCGA-05-4390-01A-01-BS1_x14672y5488,14672,5488,14560,5376,224
TCGA-05-4390-01A-01-BS1_x14896y5488,14896,5488,14784,5376,224
TCGA-05-4390-01A-01-BS1_x15120y5488,15120,5488,15008,5376,224
TCGA-05-4390-01A-01-BS1_x15344y5488,15344,5488,15232,5376,224
TCGA-05-4390-01A-01-BS1_x15568y5488,15568,5488,15456,5376,224
TCGA-05-4390-01A-01-BS1_x15792y5488,15792,5488,15680,5376,224
TCGA-05-4390-01A-01-BS1_x16016y5488,16016,5488,15904,5376,224
TCGA-05-4390-01A-01-BS1_x16240y5488,16240,5488,16128,5376,224
TCGA-05-4390-01A-01-BS1_x16464y5488,16464,5488,16352,5376,224
TCGA-05-4390-01A-01-BS1_x16688y5488,16688,5488,16576,5376,224
TCGA-05-4390-01A-01-BS1_x16912y5488,16912,5488,16800,5376,224
TCGA-05-4390-01A-01-BS1_x17136y5488,17136,5488,17024,5376,224
TCGA-05-4390-01A-01-BS1_x17360y5488,17360,5488,17248,5376,224
TCGA-05-4390-01A-01-BS1_x17584y5488,17584,5488,17472,5376,224
TCGA-05-4390-01A-01-BS1_x17808y5488,17808,5488,17696,5376,224
TCGA-05-4390-01A-01-BS1_x18032y5488,18032,5488,17920,5376,224
TCGA-05-4390-01A-01-BS1_x18256y5488,18256,5488,18144,5376,224
TCGA-05-4390-01A-01-BS1_x18480y5488,18480,5488,18368,5376,224
TCGA-05-4390-01A-01-BS1_x18704y5488,18704,5488,18592,5376,224
TCGA-05-4390-01A-01-BS1_x18928y5488,18928,5488,18816,5376,224
TCGA-05-4390-01A-01-BS1_x19152y5488,19152,5488,19040,5376,224
TCGA-05-4390-01A-01-BS1_x19376y5488,19376,5488,19264,5376,224
TCGA-05-4390-01A-01-BS1_x19600y5488,19600,5488,19488,5376,224
TCGA-05-4390-01A-01-BS1_x19824y5488,19824,5488,19712,5376,224
TCGA-05-4390-01A-01-BS1_x20048y5488,20048,5488,19936,5376,224
TCGA-05-4390-01A-01-BS1_x20272y5488,20272,5488,20160,5376,224
TCGA-05-4390-01A-01-BS1_x20496y5488,20496,5488,20384,5376,224
TCGA-05-4390-01A-01-BS1_x20720y5488,20720,5488,20608,5376,224
TCGA-05-4390-01A-01-BS1_x20944y5488,20944,5488,20832,5376,224
TCGA-05-4390-01A-01-BS1_x21168y5488,21168,5488,21056,5376,224
TCGA-05-4390-01A-01-BS1_x21392y5488,21392,5488,21280,5376,224
TCGA-05-4390-01A-01-BS1_x21616y5488,21616,5488,21504,5376,224
TCGA-05-4390-01A-01-BS1_x21840y5488,21840,5488,21728,5376,224
TCGA-05-4390-01A-01-BS1_x22064y5488,22064,5488,21952,5376,224
TCGA-05-4390-01A-01-BS1_x22288y5488,22288,5488,22176,5376,224
TCGA-05-4390-01A-01-BS1_x22512y5488,22512,5488,22400,5376,224
TCGA-05-4390-01A-01-BS1_x22736y5488,22736,5488,22624,5376,224
TCGA-05-4390-01A-01-BS1_x22960y5488,22960,5488,22848,5376,224
TCGA-05-4390-01A-01-BS1_x23184y5488,23184,5488,23072,5376,224
TCGA-05-4390-01A-01-BS1_x23408y5488,23408,5488,23296,5376,224
TCGA-05-4390-01A-01-BS1_x23632y5488,23632,5488,23520,5376,224
TCGA-05-4390-01A-01-BS1_x23856y5488,23856,5488,23744,5376,224
TCGA-05-4390-01A-01-BS1_x24080y5488,24080,5488,23968,5376,224
TCGA-05-4390-01A-01-BS1_x24304y5488,24304,5488,24192,5376,224
TCGA-05-4390-01A-01-BS1_x24528y5488,24528,5488,24416,5376,224
TCGA-05-4390-01A-01-BS1_x24752y5488,24752,5488,24640,5376,224
TCGA-05-4390-01A-01-BS1_x24976y5488,24976,5488,24864,5376,224
TCGA-05-4390-01A-01-BS1_x25200y5488,25200,5488,25088,5376,224
TCGA-05-4390-01A-01-BS1_x25424y5488,25424,5488,25312,5376,224
TCGA-05-4390-01A-01-BS1_x25648y5488,25648,5488,25536,5376,224
TCGA-05-4390-01A-01-BS1_x25872y5488,25872,5488,25760,5376,224
TCGA-05-4390-01A-01-BS1_x26096y5488,26096,5488,25984,5376,224
TCGA-05-4390-01A-01-BS1_x26320y5488,26320,5488,26208,5376,224
TCGA-05-4390-01A-01-BS1_x26544y5488,26544,5488,26432,5376,224
TCGA-05-4390-01A-01-BS1_x26768y5488,26768,5488,26656,5376,224
TCGA-05-4390-01A-01-BS1_x26992y5488,26992,5488,26880,5376,224
TCGA-05-4390-01A-01-BS1_x27216y5488,27216,5488,27104,5376,224
TCGA-05-4390-01A-01-BS1_x27440y5488,27440,5488,27328,5376,224
TCGA-05-4390-01A-01-BS1_x27664y5488,27664,5488,27552,5376,224
TCGA-05-4390-01A-01-BS1_x27888y5488,27888,5488,27776,5376,224
TCGA-05-4390-01A-01-BS1_x28112y5488,28112,5488,28000,5376,224
TCGA-05-4390-01A-01-BS1_x28336y5488,28336,5488,28224,5376,224
TCGA-05-4390-01A-01-BS1_x28560y5488,28560,5488,28448,5376,224
TCGA-05-4390-01A-01-BS1_x28784y5488,28784,5488,28672,5376,224
TCGA-05-4390-01A-01-BS1_x29008y5488,29008,5488,28896,5376,224
TCGA-05-4390-01A-01-BS1_x29232y5488,29232,5488,29120,5376,224
TCGA-05-4390-01A-01-BS1_x29456y5488,29456,5488,29344,5376,224
TCGA-05-4390-01A-01-BS1_x29680y5488,29680,5488,29568,5376,224
TCGA-05-4390-01A-01-BS1_x29904y5488,29904,5488,29792,5376,224
TCGA-05-4390-01A-01-BS1_x30128y5488,30128,5488,30016,5376,224
TCGA-05-4390-01A-01-BS1_x30352y5488,30352,5488,30240,5376,224
TCGA-05-4390-01A-01-BS1_x30576y5488,30576,5488,30464,5376,224
TCGA-05-4390-01A-01-BS1_x30800y5488,30800,5488,30688,5376,224
TCGA-05-4390-01A-01-BS1_x31024y5488,31024,5488,30912,5376,224
TCGA-05-4390-01A-01-BS1_x31248y5488,31248,5488,31136,5376,224
TCGA-05-4390-01A-01-BS1_x31472y5488,31472,5488,31360,5376,224
TCGA-05-4390-01A-01-BS1_x31696y5488,31696,5488,31584,5376,224
TCGA-05-4390-01A-01-BS1_x31920y5488,31920,5488,31808,5376,224
TCGA-05-4390-01A-01-BS1_x32144y5488,32144,5488,32032,5376,224
TCGA-05-4390-01A-01-BS1_x32368y5488,32368,5488,32256,5376,224
TCGA-05-4390-01A-01-BS1_x32592y5488,32592,5488,32480,5376,224
TCGA-05-4390-01A-01-BS1_x32816y5488,32816,5488,32704,5376,224
TCGA-05-4390-01A-01-BS1_x33040y5488,33040,5488,32928,5376,224
TCGA-05-4390-01A-01-BS1_x33264y5488,33264,5488,33152,5376,224
TCGA-05-4390-01A-01-BS1_x33488y5488,33488,5488,33376,5376,224
TCGA-05-4390-01A-01-BS1_x3248y5712,3248,5712,3136,5600,224
TCGA-05-4390-01A-01-BS1_x3472y5712,3472,5712,3360,5600,224
TCGA-05-4390-01A-01-BS1_x3696y5712,3696,5712,3584,5600,224
TCGA-05-4390-01A-01-BS1_x3920y5712,3920,5712,3808,5600,224
TCGA-05-4390-01A-01-BS1_x4144y5712,4144,5712,4032,5600,224
TCGA-05-4390-01A-01-BS1_x4368y5712,4368,5712,4256,5600,224
TCGA-05-4390-01A-01-BS1_x4592y5712,4592,5712,4480,5600,224
TCGA-05-4390-01A-01-BS1_x4816y5712,4816,5712,4704,5600,224
TCGA-05-4390-01A-01-BS1_x5040y5712,5040,5712,4928,5600,224
TCGA-05-4390-01A-01-BS1_x5264y5712,5264,5712,5152,5600,224
TCGA-05-4390-01A-01-BS1_x5488y5712,5488,5712,5376,5600,224
TCGA-05-4390-01A-01-BS1_x5712y5712,5712,5712,5600,5600,224
TCGA-05-4390-01A-01-BS1_x5936y5712,5936,5712,5824,5600,224
TCGA-05-4390-01A-01-BS1_x6160y5712,6160,5712,6048,5600,224
TCGA-05-4390-01A-01-BS1_x6384y5712,6384,5712,6272,5600,224
TCGA-05-4390-01A-01-BS1_x6608y5712,6608,5712,6496,5600,224
TCGA-05-4390-01A-01-BS1_x6832y5712,6832,5712,6720,5600,224
TCGA-05-4390-01A-01-BS1_x7056y5712,7056,5712,6944,5600,224
TCGA-05-4390-01A-01-BS1_x7280y5712,7280,5712,7168,5600,224
TCGA-05-4390-01A-01-BS1_x7504y5712,7504,5712,7392,5600,224
TCGA-05-4390-01A-01-BS1_x7728y5712,7728,5712,7616,5600,224
TCGA-05-4390-01A-01-BS1_x7952y5712,7952,5712,7840,5600,224
TCGA-05-4390-01A-01-BS1_x8176y5712,8176,5712,8064,5600,224
TCGA-05-4390-01A-01-BS1_x8400y5712,8400,5712,8288,5600,224
TCGA-05-4390-01A-01-BS1_x8624y5712,8624,5712,8512,5600,224
TCGA-05-4390-01A-01-BS1_x8848y5712,8848,5712,8736,5600,224
TCGA-05-4390-01A-01-BS1_x9072y5712,9072,5712,8960,5600,224
TCGA-05-4390-01A-01-BS1_x9296y5712,9296,5712,9184,5600,224
TCGA-05-4390-01A-01-BS1_x9520y5712,9520,5712,9408,5600,224
TCGA-05-4390-01A-01-BS1_x9744y5712,9744,5712,9632,5600,224
TCGA-05-4390-01A-01-BS1_x9968y5712,9968,5712,9856,5600,224
TCGA-05-4390-01A-01-BS1_x10192y5712,10192,5712,10080,5600,224
TCGA-05-4390-01A-01-BS1_x10416y5712,10416,5712,10304,5600,224
TCGA-05-4390-01A-01-BS1_x10640y5712,10640,5712,10528,5600,224
TCGA-05-4390-01A-01-BS1_x10864y5712,10864,5712,10752,5600,224
TCGA-05-4390-01A-01-BS1_x11088y5712,11088,5712,10976,5600,224
TCGA-05-4390-01A-01-BS1_x11312y5712,11312,5712,11200,5600,224
TCGA-05-4390-01A-01-BS1_x11536y5712,11536,5712,11424,5600,224
TCGA-05-4390-01A-01-BS1_x11760y5712,11760,5712,11648,5600,224
TCGA-05-4390-01A-01-BS1_x11984y5712,11984,5712,11872,5600,224
TCGA-05-4390-01A-01-BS1_x12208y5712,12208,5712,12096,5600,224
TCGA-05-4390-01A-01-BS1_x12432y5712,12432,5712,12320,5600,224
TCGA-05-4390-01A-01-BS1_x12656y5712,12656,5712,12544,5600,224
TCGA-05-4390-01A-01-BS1_x12880y5712,12880,5712,12768,5600,224
TCGA-05-4390-01A-01-BS1_x13104y5712,13104,5712,12992,5600,224
TCGA-05-4390-01A-01-BS1_x13328y5712,13328,5712,13216,5600,224
TCGA-05-4390-01A-01-BS1_x13552y5712,13552,5712,13440,5600,224
TCGA-05-4390-01A-01-BS1_x13776y5712,13776,5712,13664,5600,224
TCGA-05-4390-01A-01-BS1_x14000y5712,14000,5712,13888,5600,224
TCGA-05-4390-01A-01-BS1_x14224y5712,14224,5712,14112,5600,224
TCGA-05-4390-01A-01-BS1_x14448y5712,14448,5712,14336,5600,224
TCGA-05-4390-01A-01-BS1_x14672y5712,14672,5712,14560,5600,224
TCGA-05-4390-01A-01-BS1_x14896y5712,14896,5712,14784,5600,224
TCGA-05-4390-01A-01-BS1_x15120y5712,15120,5712,15008,5600,224
TCGA-05-4390-01A-01-BS1_x15344y5712,15344,5712,15232,5600,224
TCGA-05-4390-01A-01-BS1_x15568y5712,15568,5712,15456,5600,224
TCGA-05-4390-01A-01-BS1_x15792y5712,15792,5712,15680,5600,224
TCGA-05-4390-01A-01-BS1_x16016y5712,16016,5712,15904,5600,224
TCGA-05-4390-01A-01-BS1_x16240y5712,16240,5712,16128,5600,224
TCGA-05-4390-01A-01-BS1_x16464y5712,16464,5712,16352,5600,224
TCGA-05-4390-01A-01-BS1_x16688y5712,16688,5712,16576,5600,224
TCGA-05-4390-01A-01-BS1_x16912y5712,16912,5712,16800,5600,224
TCGA-05-4390-01A-01-BS1_x17136y5712,17136,5712,17024,5600,224
TCGA-05-4390-01A-01-BS1_x17360y5712,17360,5712,17248,5600,224
TCGA-05-4390-01A-01-BS1_x17584y5712,17584,5712,17472,5600,224
TCGA-05-4390-01A-01-BS1_x17808y5712,17808,5712,17696,5600,224
TCGA-05-4390-01A-01-BS1_x18032y5712,18032,5712,17920,5600,224
TCGA-05-4390-01A-01-BS1_x18256y5712,18256,5712,18144,5600,224
TCGA-05-4390-01A-01-BS1_x18480y5712,18480,5712,18368,5600,224
TCGA-05-4390-01A-01-BS1_x18704y5712,18704,5712,18592,5600,224
TCGA-05-4390-01A-01-BS1_x18928y5712,18928,5712,18816,5600,224
TCGA-05-4390-01A-01-BS1_x19152y5712,19152,5712,19040,5600,224
TCGA-05-4390-01A-01-BS1_x19376y5712,19376,5712,19264,5600,224
TCGA-05-4390-01A-01-BS1_x19600y5712,19600,5712,19488,5600,224
TCGA-05-4390-01A-01-BS1_x19824y5712,19824,5712,19712,5600,224
TCGA-05-4390-01A-01-BS1_x20048y5712,20048,5712,19936,5600,224
TCGA-05-4390-01A-01-BS1_x20272y5712,20272,5712,20160,5600,224
TCGA-05-4390-01A-01-BS1_x20496y5712,20496,5712,20384,5600,224
TCGA-05-4390-01A-01-BS1_x20720y5712,20720,5712,20608,5600,224
TCGA-05-4390-01A-01-BS1_x20944y5712,20944,5712,20832,5600,224
TCGA-05-4390-01A-01-BS1_x21168y5712,21168,5712,21056,5600,224
TCGA-05-4390-01A-01-BS1_x21392y5712,21392,5712,21280,5600,224
TCGA-05-4390-01A-01-BS1_x21616y5712,21616,5712,21504,5600,224
TCGA-05-4390-01A-01-BS1_x21840y5712,21840,5712,21728,5600,224
TCGA-05-4390-01A-01-BS1_x22064y5712,22064,5712,21952,5600,224
TCGA-05-4390-01A-01-BS1_x22288y5712,22288,5712,22176,5600,224
TCGA-05-4390-01A-01-BS1_x22512y5712,22512,5712,22400,5600,224
TCGA-05-4390-01A-01-BS1_x22736y5712,22736,5712,22624,5600,224
TCGA-05-4390-01A-01-BS1_x22960y5712,22960,5712,22848,5600,224
TCGA-05-4390-01A-01-BS1_x23184y5712,23184,5712,23072,5600,224
TCGA-05-4390-01A-01-BS1_x23408y5712,23408,5712,23296,5600,224
TCGA-05-4390-01A-01-BS1_x23632y5712,23632,5712,23520,5600,224
TCGA-05-4390-01A-01-BS1_x23856y5712,23856,5712,23744,5600,224
TCGA-05-4390-01A-01-BS1_x24080y5712,24080,5712,23968,5600,224
TCGA-05-4390-01A-01-BS1_x24304y5712,24304,5712,24192,5600,224
TCGA-05-4390-01A-01-BS1_x24528y5712,24528,5712,24416,5600,224
TCGA-05-4390-01A-01-BS1_x24752y5712,24752,5712,24640,5600,224
TCGA-05-4390-01A-01-BS1_x24976y5712,24976,5712,24864,5600,224
TCGA-05-4390-01A-01-BS1_x25200y5712,25200,5712,25088,5600,224
TCGA-05-4390-01A-01-BS1_x25424y5712,25424,5712,25312,5600,224
TCGA-05-4390-01A-01-BS1_x25648y5712,25648,5712,25536,5600,224
TCGA-05-4390-01A-01-BS1_x25872y5712,25872,5712,25760,5600,224
TCGA-05-4390-01A-01-BS1_x26096y5712,26096,5712,25984,5600,224
TCGA-05-4390-01A-01-BS1_x26320y5712,26320,5712,26208,5600,224
TCGA-05-4390-01A-01-BS1_x26544y5712,26544,5712,26432,5600,224
TCGA-05-4390-01A-01-BS1_x26768y5712,26768,5712,26656,5600,224
TCGA-05-4390-01A-01-BS1_x26992y5712,26992,5712,26880,5600,224
TCGA-05-4390-01A-01-BS1_x27216y5712,27216,5712,27104,5600,224
TCGA-05-4390-01A-01-BS1_x27440y5712,27440,5712,27328,5600,224
TCGA-05-4390-01A-01-BS1_x27664y5712,27664,5712,27552,5600,224
TCGA-05-4390-01A-01-BS1_x27888y5712,27888,5712,27776,5600,224
TCGA-05-4390-01A-01-BS1_x28112y5712,28112,5712,28000,5600,224
TCGA-05-4390-01A-01-BS1_x28336y5712,28336,5712,28224,5600,224
TCGA-05-4390-01A-01-BS1_x28560y5712,28560,5712,28448,5600,224
TCGA-05-4390-01A-01-BS1_x28784y5712,28784,5712,28672,5600,224
TCGA-05-4390-01A-01-BS1_x29008y5712,29008,5712,28896,5600,224
TCGA-05-4390-01A-01-BS1_x29232y5712,29232,5712,29120,5600,224
TCGA-05-4390-01A-01-BS1_x29456y5712,29456,5712,29344,5600,224
TCGA-05-4390-01A-01-BS1_x29680y5712,29680,5712,29568,5600,224
TCGA-05-4390-01A-01-BS1_x29904y5712,29904,5712,29792,5600,224
TCGA-05-4390-01A-01-BS1_x30128y5712,30128,5712,30016,5600,224
TCGA-05-4390-01A-01-BS1_x30352y5712,30352,5712,30240,5600,224
TCGA-05-4390-01A-01-BS1_x30576y5712,30576,5712,30464,5600,224
TCGA-05-4390-01A-01-BS1_x30800y5712,30800,5712,30688,5600,224
TCGA-05-4390-01A-01-BS1_x31024y5712,31024,5712,30912,5600,224
TCGA-05-4390-01A-01-BS1_x31248y5712,31248,5712,31136,5600,224
TCGA-05-4390-01A-01-BS1_x31472y5712,31472,5712,31360,5600,224
TCGA-05-4390-01A-01-BS1_x31696y5712,31696,5712,31584,5600,224
TCGA-05-4390-01A-01-BS1_x31920y5712,31920,5712,31808,5600,224
TCGA-05-4390-01A-01-BS1_x32144y5712,32144,5712,32032,5600,224
TCGA-05-4390-01A-01-BS1_x32368y5712,32368,5712,32256,5600,224
TCGA-05-4390-01A-01-BS1_x32592y5712,32592,5712,32480,5600,224
TCGA-05-4390-01A-01-BS1_x32816y5712,32816,5712,32704,5600,224
TCGA-05-4390-01A-01-BS1_x33040y5712,33040,5712,32928,5600,224
TCGA-05-4390-01A-01-BS1_x33264y5712,33264,5712,33152,5600,224
TCGA-05-4390-01A-01-BS1_x33488y5712,33488,5712,33376,5600,224
TCGA-05-4390-01A-01-BS1_x3248y5936,3248,5936,3136,5824,224
TCGA-05-4390-01A-01-BS1_x3472y5936,3472,5936,3360,5824,224
TCGA-05-4390-01A-01-BS1_x3696y5936,3696,5936,3584,5824,224
TCGA-05-4390-01A-01-BS1_x3920y5936,3920,5936,3808,5824,224
TCGA-05-4390-01A-01-BS1_x4144y5936,4144,5936,4032,5824,224
TCGA-05-4390-01A-01-BS1_x4368y5936,4368,5936,4256,5824,224
TCGA-05-4390-01A-01-BS1_x4592y5936,4592,5936,4480,5824,224
TCGA-05-4390-01A-01-BS1_x4816y5936,4816,5936,4704,5824,224
TCGA-05-4390-01A-01-BS1_x5040y5936,5040,5936,4928,5824,224
TCGA-05-4390-01A-01-BS1_x5264y5936,5264,5936,5152,5824,224
TCGA-05-4390-01A-01-BS1_x5488y5936,5488,5936,5376,5824,224
TCGA-05-4390-01A-01-BS1_x5712y5936,5712,5936,5600,5824,224
TCGA-05-4390-01A-01-BS1_x5936y5936,5936,5936,5824,5824,224
TCGA-05-4390-01A-01-BS1_x6160y5936,6160,5936,6048,5824,224
TCGA-05-4390-01A-01-BS1_x6384y5936,6384,5936,6272,5824,224
TCGA-05-4390-01A-01-BS1_x6608y5936,6608,5936,6496,5824,224
TCGA-05-4390-01A-01-BS1_x6832y5936,6832,5936,6720,5824,224
TCGA-05-4390-01A-01-BS1_x7056y5936,7056,5936,6944,5824,224
TCGA-05-4390-01A-01-BS1_x7280y5936,7280,5936,7168,5824,224
TCGA-05-4390-01A-01-BS1_x7504y5936,7504,5936,7392,5824,224
TCGA-05-4390-01A-01-BS1_x7728y5936,7728,5936,7616,5824,224
TCGA-05-4390-01A-01-BS1_x7952y5936,7952,5936,7840,5824,224
TCGA-05-4390-01A-01-BS1_x8176y5936,8176,5936,8064,5824,224
TCGA-05-4390-01A-01-BS1_x8400y5936,8400,5936,8288,5824,224
TCGA-05-4390-01A-01-BS1_x8624y5936,8624,5936,8512,5824,224
TCGA-05-4390-01A-01-BS1_x8848y5936,8848,5936,8736,5824,224
TCGA-05-4390-01A-01-BS1_x9072y5936,9072,5936,8960,5824,224
TCGA-05-4390-01A-01-BS1_x9296y5936,9296,5936,9184,5824,224
TCGA-05-4390-01A-01-BS1_x9520y5936,9520,5936,9408,5824,224
TCGA-05-4390-01A-01-BS1_x9744y5936,9744,5936,9632,5824,224
TCGA-05-4390-01A-01-BS1_x9968y5936,9968,5936,9856,5824,224
TCGA-05-4390-01A-01-BS1_x10192y5936,10192,5936,10080,5824,224
TCGA-05-4390-01A-01-BS1_x10416y5936,10416,5936,10304,5824,224
TCGA-05-4390-01A-01-BS1_x10640y5936,10640,5936,10528,5824,224
TCGA-05-4390-01A-01-BS1_x10864y5936,10864,5936,10752,5824,224
TCGA-05-4390-01A-01-BS1_x11088y5936,11088,5936,10976,5824,224
TCGA-05-4390-01A-01-BS1_x11312y5936,11312,5936,11200,5824,224
TCGA-05-4390-01A-01-BS1_x11536y5936,11536,5936,11424,5824,224
TCGA-05-4390-01A-01-BS1_x11760y5936,11760,5936,11648,5824,224
TCGA-05-4390-01A-01-BS1_x11984y5936,11984,5936,11872,5824,224
TCGA-05-4390-01A-01-BS1_x12208y5936,12208,5936,12096,5824,224
TCGA-05-4390-01A-01-BS1_x12432y5936,12432,5936,12320,5824,224
TCGA-05-4390-01A-01-BS1_x12656y5936,12656,5936,12544,5824,224
TCGA-05-4390-01A-01-BS1_x12880y5936,12880,5936,12768,5824,224
TCGA-05-4390-01A-01-BS1_x13104y5936,13104,5936,12992,5824,224
TCGA-05-4390-01A-01-BS1_x13328y5936,13328,5936,13216,5824,224
TCGA-05-4390-01A-01-BS1_x13552y5936,13552,5936,13440,5824,224
TCGA-05-4390-01A-01-BS1_x13776y5936,13776,5936,13664,5824,224
TCGA-05-4390-01A-01-BS1_x14000y5936,14000,5936,13888,5824,224
TCGA-05-4390-01A-01-BS1_x14224y5936,14224,5936,14112,5824,224
TCGA-05-4390-01A-01-BS1_x14448y5936,14448,5936,14336,5824,224
TCGA-05-4390-01A-01-BS1_x14672y5936,14672,5936,14560,5824,224
TCGA-05-4390-01A-01-BS1_x14896y5936,14896,5936,14784,5824,224
TCGA-05-4390-01A-01-BS1_x15120y5936,15120,5936,15008,5824,224
TCGA-05-4390-01A-01-BS1_x15344y5936,15344,5936,15232,5824,224
TCGA-05-4390-01A-01-BS1_x15568y5936,15568,5936,15456,5824,224
TCGA-05-4390-01A-01-BS1_x15792y5936,15792,5936,15680,5824,224
TCGA-05-4390-01A-01-BS1_x16016y5936,16016,5936,15904,5824,224
TCGA-05-4390-01A-01-BS1_x16240y5936,16240,5936,16128,5824,224
TCGA-05-4390-01A-01-BS1_x16464y5936,16464,5936,16352,5824,224
TCGA-05-4390-01A-01-BS1_x16688y5936,16688,5936,16576,5824,224
TCGA-05-4390-01A-01-BS1_x16912y5936,16912,5936,16800,5824,224
TCGA-05-4390-01A-01-BS1_x17136y5936,17136,5936,17024,5824,224
TCGA-05-4390-01A-01-BS1_x17360y5936,17360,5936,17248,5824,224
TCGA-05-4390-01A-01-BS1_x17584y5936,17584,5936,17472,5824,224
TCGA-05-4390-01A-01-BS1_x17808y5936,17808,5936,17696,5824,224
TCGA-05-4390-01A-01-BS1_x18032y5936,18032,5936,17920,5824,224
TCGA-05-4390-01A-01-BS1_x18256y5936,18256,5936,18144,5824,224
TCGA-05-4390-01A-01-BS1_x18480y5936,18480,5936,18368,5824,224
TCGA-05-4390-01A-01-BS1_x18704y5936,18704,5936,18592,5824,224
TCGA-05-4390-01A-01-BS1_x18928y5936,18928,5936,18816,5824,224
TCGA-05-4390-01A-01-BS1_x19152y5936,19152,5936,19040,5824,224
TCGA-05-4390-01A-01-BS1_x19376y5936,19376,5936,19264,5824,224
TCGA-05-4390-01A-01-BS1_x19600y5936,19600,5936,19488,5824,224
TCGA-05-4390-01A-01-BS1_x19824y5936,19824,5936,19712,5824,224
TCGA-05-4390-01A-01-BS1_x20048y5936,20048,5936,19936,5824,224
TCGA-05-4390-01A-01-BS1_x20272y5936,20272,5936,20160,5824,224
TCGA-05-4390-01A-01-BS1_x20496y5936,20496,5936,20384,5824,224
TCGA-05-4390-01A-01-BS1_x20720y5936,20720,5936,20608,5824,224
TCGA-05-4390-01A-01-BS1_x20944y5936,20944,5936,20832,5824,224
TCGA-05-4390-01A-01-BS1_x21168y5936,21168,5936,21056,5824,224
TCGA-05-4390-01A-01-BS1_x21392y5936,21392,5936,21280,5824,224
TCGA-05-4390-01A-01-BS1_x21616y5936,21616,5936,21504,5824,224
TCGA-05-4390-01A-01-BS1_x21840y5936,21840,5936,21728,5824,224
TCGA-05-4390-01A-01-BS1_x22064y5936,22064,5936,21952,5824,224
TCGA-05-4390-01A-01-BS1_x22288y5936,22288,5936,22176,5824,224
TCGA-05-4390-01A-01-BS1_x22512y5936,22512,5936,22400,5824,224
TCGA-05-4390-01A-01-BS1_x22736y5936,22736,5936,22624,5824,224
TCGA-05-4390-01A-01-BS1_x22960y5936,22960,5936,22848,5824,224
TCGA-05-4390-01A-01-BS1_x23184y5936,23184,5936,23072,5824,224
TCGA-05-4390-01A-01-BS1_x23408y5936,23408,5936,23296,5824,224
TCGA-05-4390-01A-01-BS1_x23632y5936,23632,5936,23520,5824,224
TCGA-05-4390-01A-01-BS1_x23856y5936,23856,5936,23744,5824,224
TCGA-05-4390-01A-01-BS1_x24080y5936,24080,5936,23968,5824,224
TCGA-05-4390-01A-01-BS1_x24304y5936,24304,5936,24192,5824,224
TCGA-05-4390-01A-01-BS1_x24528y5936,24528,5936,24416,5824,224
TCGA-05-4390-01A-01-BS1_x24752y5936,24752,5936,24640,5824,224
TCGA-05-4390-01A-01-BS1_x24976y5936,24976,5936,24864,5824,224
TCGA-05-4390-01A-01-BS1_x25200y5936,25200,5936,25088,5824,224
TCGA-05-4390-01A-01-BS1_x25424y5936,25424,5936,25312,5824,224
TCGA-05-4390-01A-01-BS1_x25648y5936,25648,5936,25536,5824,224
TCGA-05-4390-01A-01-BS1_x25872y5936,25872,5936,25760,5824,224
TCGA-05-4390-01A-01-BS1_x26096y5936,26096,5936,25984,5824,224
TCGA-05-4390-01A-01-BS1_x26320y5936,26320,5936,26208,5824,224
TCGA-05-4390-01A-01-BS1_x26544y5936,26544,5936,26432,5824,224
TCGA-05-4390-01A-01-BS1_x26768y5936,26768,5936,26656,5824,224
TCGA-05-4390-01A-01-BS1_x26992y5936,26992,5936,26880,5824,224
TCGA-05-4390-01A-01-BS1_x27216y5936,27216,5936,27104,5824,224
TCGA-05-4390-01A-01-BS1_x27440y5936,27440,5936,27328,5824,224
TCGA-05-4390-01A-01-BS1_x27664y5936,27664,5936,27552,5824,224
TCGA-05-4390-01A-01-BS1_x27888y5936,27888,5936,27776,5824,224
TCGA-05-4390-01A-01-BS1_x28112y5936,28112,5936,28000,5824,224
TCGA-05-4390-01A-01-BS1_x28336y5936,28336,5936,28224,5824,224
TCGA-05-4390-01A-01-BS1_x28560y5936,28560,5936,28448,5824,224
TCGA-05-4390-01A-01-BS1_x28784y5936,28784,5936,28672,5824,224
TCGA-05-4390-01A-01-BS1_x29008y5936,29008,5936,28896,5824,224
TCGA-05-4390-01A-01-BS1_x29232y5936,29232,5936,29120,5824,224
TCGA-05-4390-01A-01-BS1_x29456y5936,29456,5936,29344,5824,224
TCGA-05-4390-01A-01-BS1_x29680y5936,29680,5936,29568,5824,224
TCGA-05-4390-01A-01-BS1_x29904y5936,29904,5936,29792,5824,224
TCGA-05-4390-01A-01-BS1_x30128y5936,30128,5936,30016,5824,224
TCGA-05-4390-01A-01-BS1_x30352y5936,30352,5936,30240,5824,224
TCGA-05-4390-01A-01-BS1_x30576y5936,30576,5936,30464,5824,224
TCGA-05-4390-01A-01-BS1_x30800y5936,30800,5936,30688,5824,224
TCGA-05-4390-01A-01-BS1_x31024y5936,31024,5936,30912,5824,224
TCGA-05-4390-01A-01-BS1_x31248y5936,31248,5936,31136,5824,224
TCGA-05-4390-01A-01-BS1_x31472y5936,31472,5936,31360,5824,224
TCGA-05-4390-01A-01-BS1_x31696y5936,31696,5936,31584,5824,224
TCGA-05-4390-01A-01-BS1_x31920y5936,31920,5936,31808,5824,224
TCGA-05-4390-01A-01-BS1_x32144y5936,32144,5936,32032,5824,224
TCGA-05-4390-01A-01-BS1_x32368y5936,32368,5936,32256,5824,224
TCGA-05-4390-01A-01-BS1_x32592y5936,32592,5936,32480,5824,224
TCGA-05-4390-01A-01-BS1_x32816y5936,32816,5936,32704,5824,224
TCGA-05-4390-01A-01-BS1_x33040y5936,33040,5936,32928,5824,224
TCGA-05-4390-01A-01-BS1_x33264y5936,33264,5936,33152,5824,224
TCGA-05-4390-01A-01-BS1_x33488y5936,33488,5936,33376,5824,224
TCGA-05-4390-01A-01-BS1_x3248y6160,3248,6160,3136,6048,224
TCGA-05-4390-01A-01-BS1_x3472y6160,3472,6160,3360,6048,224
TCGA-05-4390-01A-01-BS1_x3696y6160,3696,6160,3584,6048,224
TCGA-05-4390-01A-01-BS1_x3920y6160,3920,6160,3808,6048,224
TCGA-05-4390-01A-01-BS1_x4144y6160,4144,6160,4032,6048,224
TCGA-05-4390-01A-01-BS1_x4368y6160,4368,6160,4256,6048,224
TCGA-05-4390-01A-01-BS1_x4592y6160,4592,6160,4480,6048,224
TCGA-05-4390-01A-01-BS1_x4816y6160,4816,6160,4704,6048,224
TCGA-05-4390-01A-01-BS1_x5040y6160,5040,6160,4928,6048,224
TCGA-05-4390-01A-01-BS1_x5264y6160,5264,6160,5152,6048,224
TCGA-05-4390-01A-01-BS1_x5488y6160,5488,6160,5376,6048,224
TCGA-05-4390-01A-01-BS1_x5712y6160,5712,6160,5600,6048,224
TCGA-05-4390-01A-01-BS1_x5936y6160,5936,6160,5824,6048,224
TCGA-05-4390-01A-01-BS1_x6160y6160,6160,6160,6048,6048,224
TCGA-05-4390-01A-01-BS1_x6384y6160,6384,6160,6272,6048,224
TCGA-05-4390-01A-01-BS1_x6608y6160,6608,6160,6496,6048,224
TCGA-05-4390-01A-01-BS1_x6832y6160,6832,6160,6720,6048,224
TCGA-05-4390-01A-01-BS1_x7056y6160,7056,6160,6944,6048,224
TCGA-05-4390-01A-01-BS1_x7280y6160,7280,6160,7168,6048,224
TCGA-05-4390-01A-01-BS1_x7504y6160,7504,6160,7392,6048,224
TCGA-05-4390-01A-01-BS1_x7728y6160,7728,6160,7616,6048,224
TCGA-05-4390-01A-01-BS1_x7952y6160,7952,6160,7840,6048,224
TCGA-05-4390-01A-01-BS1_x8176y6160,8176,6160,8064,6048,224
TCGA-05-4390-01A-01-BS1_x8400y6160,8400,6160,8288,6048,224
TCGA-05-4390-01A-01-BS1_x8624y6160,8624,6160,8512,6048,224
TCGA-05-4390-01A-01-BS1_x8848y6160,8848,6160,8736,6048,224
TCGA-05-4390-01A-01-BS1_x9072y6160,9072,6160,8960,6048,224
TCGA-05-4390-01A-01-BS1_x9296y6160,9296,6160,9184,6048,224
TCGA-05-4390-01A-01-BS1_x9520y6160,9520,6160,9408,6048,224
TCGA-05-4390-01A-01-BS1_x9744y6160,9744,6160,9632,6048,224
TCGA-05-4390-01A-01-BS1_x9968y6160,9968,6160,9856,6048,224
TCGA-05-4390-01A-01-BS1_x10192y6160,10192,6160,10080,6048,224
TCGA-05-4390-01A-01-BS1_x10416y6160,10416,6160,10304,6048,224
TCGA-05-4390-01A-01-BS1_x10640y6160,10640,6160,10528,6048,224
TCGA-05-4390-01A-01-BS1_x10864y6160,10864,6160,10752,6048,224
TCGA-05-4390-01A-01-BS1_x11088y6160,11088,6160,10976,6048,224
TCGA-05-4390-01A-01-BS1_x11312y6160,11312,6160,11200,6048,224
TCGA-05-4390-01A-01-BS1_x11536y6160,11536,6160,11424,6048,224
TCGA-05-4390-01A-01-BS1_x11760y6160,11760,6160,11648,6048,224
TCGA-05-4390-01A-01-BS1_x11984y6160,11984,6160,11872,6048,224
TCGA-05-4390-01A-01-BS1_x12208y6160,12208,6160,12096,6048,224
TCGA-05-4390-01A-01-BS1_x12432y6160,12432,6160,12320,6048,224
TCGA-05-4390-01A-01-BS1_x12656y6160,12656,6160,12544,6048,224
TCGA-05-4390-01A-01-BS1_x12880y6160,12880,6160,12768,6048,224
TCGA-05-4390-01A-01-BS1_x13104y6160,13104,6160,12992,6048,224
TCGA-05-4390-01A-01-BS1_x13328y6160,13328,6160,13216,6048,224
TCGA-05-4390-01A-01-BS1_x13552y6160,13552,6160,13440,6048,224
TCGA-05-4390-01A-01-BS1_x13776y6160,13776,6160,13664,6048,224
TCGA-05-4390-01A-01-BS1_x14000y6160,14000,6160,13888,6048,224
TCGA-05-4390-01A-01-BS1_x14224y6160,14224,6160,14112,6048,224
TCGA-05-4390-01A-01-BS1_x14448y6160,14448,6160,14336,6048,224
TCGA-05-4390-01A-01-BS1_x14672y6160,14672,6160,14560,6048,224
TCGA-05-4390-01A-01-BS1_x14896y6160,14896,6160,14784,6048,224
TCGA-05-4390-01A-01-BS1_x15120y6160,15120,6160,15008,6048,224
TCGA-05-4390-01A-01-BS1_x15344y6160,15344,6160,15232,6048,224
TCGA-05-4390-01A-01-BS1_x15568y6160,15568,6160,15456,6048,224
TCGA-05-4390-01A-01-BS1_x15792y6160,15792,6160,15680,6048,224
TCGA-05-4390-01A-01-BS1_x16016y6160,16016,6160,15904,6048,224
TCGA-05-4390-01A-01-BS1_x16240y6160,16240,6160,16128,6048,224
TCGA-05-4390-01A-01-BS1_x16464y6160,16464,6160,16352,6048,224
TCGA-05-4390-01A-01-BS1_x16688y6160,16688,6160,16576,6048,224
TCGA-05-4390-01A-01-BS1_x16912y6160,16912,6160,16800,6048,224
TCGA-05-4390-01A-01-BS1_x17136y6160,17136,6160,17024,6048,224
TCGA-05-4390-01A-01-BS1_x17360y6160,17360,6160,17248,6048,224
TCGA-05-4390-01A-01-BS1_x17584y6160,17584,6160,17472,6048,224
TCGA-05-4390-01A-01-BS1_x17808y6160,17808,6160,17696,6048,224
TCGA-05-4390-01A-01-BS1_x18032y6160,18032,6160,17920,6048,224
TCGA-05-4390-01A-01-BS1_x18256y6160,18256,6160,18144,6048,224
TCGA-05-4390-01A-01-BS1_x18480y6160,18480,6160,18368,6048,224
TCGA-05-4390-01A-01-BS1_x18704y6160,18704,6160,18592,6048,224
TCGA-05-4390-01A-01-BS1_x18928y6160,18928,6160,18816,6048,224
TCGA-05-4390-01A-01-BS1_x19152y6160,19152,6160,19040,6048,224
TCGA-05-4390-01A-01-BS1_x19376y6160,19376,6160,19264,6048,224
TCGA-05-4390-01A-01-BS1_x19600y6160,19600,6160,19488,6048,224
TCGA-05-4390-01A-01-BS1_x19824y6160,19824,6160,19712,6048,224
TCGA-05-4390-01A-01-BS1_x20048y6160,20048,6160,19936,6048,224
TCGA-05-4390-01A-01-BS1_x20272y6160,20272,6160,20160,6048,224
TCGA-05-4390-01A-01-BS1_x20496y6160,20496,6160,20384,6048,224
TCGA-05-4390-01A-01-BS1_x20720y6160,20720,6160,20608,6048,224
TCGA-05-4390-01A-01-BS1_x20944y6160,20944,6160,20832,6048,224
TCGA-05-4390-01A-01-BS1_x21168y6160,21168,6160,21056,6048,224
TCGA-05-4390-01A-01-BS1_x21392y6160,21392,6160,21280,6048,224
TCGA-05-4390-01A-01-BS1_x21616y6160,21616,6160,21504,6048,224
TCGA-05-4390-01A-01-BS1_x21840y6160,21840,6160,21728,6048,224
TCGA-05-4390-01A-01-BS1_x22064y6160,22064,6160,21952,6048,224
TCGA-05-4390-01A-01-BS1_x22288y6160,22288,6160,22176,6048,224
TCGA-05-4390-01A-01-BS1_x22512y6160,22512,6160,22400,6048,224
TCGA-05-4390-01A-01-BS1_x22736y6160,22736,6160,22624,6048,224
TCGA-05-4390-01A-01-BS1_x22960y6160,22960,6160,22848,6048,224
TCGA-05-4390-01A-01-BS1_x23184y6160,23184,6160,23072,6048,224
TCGA-05-4390-01A-01-BS1_x23408y6160,23408,6160,23296,6048,224
TCGA-05-4390-01A-01-BS1_x23632y6160,23632,6160,23520,6048,224
TCGA-05-4390-01A-01-BS1_x23856y6160,23856,6160,23744,6048,224
TCGA-05-4390-01A-01-BS1_x24080y6160,24080,6160,23968,6048,224
TCGA-05-4390-01A-01-BS1_x24304y6160,24304,6160,24192,6048,224
TCGA-05-4390-01A-01-BS1_x24528y6160,24528,6160,24416,6048,224
TCGA-05-4390-01A-01-BS1_x24752y6160,24752,6160,24640,6048,224
TCGA-05-4390-01A-01-BS1_x24976y6160,24976,6160,24864,6048,224
TCGA-05-4390-01A-01-BS1_x25200y6160,25200,6160,25088,6048,224
TCGA-05-4390-01A-01-BS1_x25424y6160,25424,6160,25312,6048,224
TCGA-05-4390-01A-01-BS1_x25648y6160,25648,6160,25536,6048,224
TCGA-05-4390-01A-01-BS1_x25872y6160,25872,6160,25760,6048,224
TCGA-05-4390-01A-01-BS1_x26096y6160,26096,6160,25984,6048,224
TCGA-05-4390-01A-01-BS1_x26320y6160,26320,6160,26208,6048,224
TCGA-05-4390-01A-01-BS1_x26544y6160,26544,6160,26432,6048,224
TCGA-05-4390-01A-01-BS1_x26768y6160,26768,6160,26656,6048,224
TCGA-05-4390-01A-01-BS1_x26992y6160,26992,6160,26880,6048,224
TCGA-05-4390-01A-01-BS1_x27216y6160,27216,6160,27104,6048,224
TCGA-05-4390-01A-01-BS1_x27440y6160,27440,6160,27328,6048,224
TCGA-05-4390-01A-01-BS1_x27664y6160,27664,6160,27552,6048,224
TCGA-05-4390-01A-01-BS1_x27888y6160,27888,6160,27776,6048,224
TCGA-05-4390-01A-01-BS1_x28112y6160,28112,6160,28000,6048,224
TCGA-05-4390-01A-01-BS1_x28336y6160,28336,6160,28224,6048,224
TCGA-05-4390-01A-01-BS1_x28560y6160,28560,6160,28448,6048,224
TCGA-05-4390-01A-01-BS1_x28784y6160,28784,6160,28672,6048,224
TCGA-05-4390-01A-01-BS1_x29008y6160,29008,6160,28896,6048,224
TCGA-05-4390-01A-01-BS1_x29232y6160,29232,6160,29120,6048,224
TCGA-05-4390-01A-01-BS1_x29456y6160,29456,6160,29344,6048,224
TCGA-05-4390-01A-01-BS1_x29680y6160,29680,6160,29568,6048,224
TCGA-05-4390-01A-01-BS1_x29904y6160,29904,6160,29792,6048,224
TCGA-05-4390-01A-01-BS1_x30128y6160,30128,6160,30016,6048,224
TCGA-05-4390-01A-01-BS1_x30352y6160,30352,6160,30240,6048,224
TCGA-05-4390-01A-01-BS1_x30576y6160,30576,6160,30464,6048,224
TCGA-05-4390-01A-01-BS1_x30800y6160,30800,6160,30688,6048,224
TCGA-05-4390-01A-01-BS1_x31024y6160,31024,6160,30912,6048,224
TCGA-05-4390-01A-01-BS1_x31248y6160,31248,6160,31136,6048,224
TCGA-05-4390-01A-01-BS1_x31472y6160,31472,6160,31360,6048,224
TCGA-05-4390-01A-01-BS1_x31696y6160,31696,6160,31584,6048,224
TCGA-05-4390-01A-01-BS1_x31920y6160,31920,6160,31808,6048,224
TCGA-05-4390-01A-01-BS1_x32144y6160,32144,6160,32032,6048,224
TCGA-05-4390-01A-01-BS1_x32368y6160,32368,6160,32256,6048,224
TCGA-05-4390-01A-01-BS1_x32592y6160,32592,6160,32480,6048,224
TCGA-05-4390-01A-01-BS1_x32816y6160,32816,6160,32704,6048,224
TCGA-05-4390-01A-01-BS1_x33040y6160,33040,6160,32928,6048,224
TCGA-05-4390-01A-01-BS1_x33264y6160,33264,6160,33152,6048,224
TCGA-05-4390-01A-01-BS1_x33488y6160,33488,6160,33376,6048,224
TCGA-05-4390-01A-01-BS1_x3024y6384,3024,6384,2912,6272,224
TCGA-05-4390-01A-01-BS1_x3248y6384,3248,6384,3136,6272,224
TCGA-05-4390-01A-01-BS1_x3472y6384,3472,6384,3360,6272,224
TCGA-05-4390-01A-01-BS1_x3696y6384,3696,6384,3584,6272,224
TCGA-05-4390-01A-01-BS1_x3920y6384,3920,6384,3808,6272,224
TCGA-05-4390-01A-01-BS1_x4144y6384,4144,6384,4032,6272,224
TCGA-05-4390-01A-01-BS1_x4368y6384,4368,6384,4256,6272,224
TCGA-05-4390-01A-01-BS1_x4592y6384,4592,6384,4480,6272,224
TCGA-05-4390-01A-01-BS1_x4816y6384,4816,6384,4704,6272,224
TCGA-05-4390-01A-01-BS1_x5040y6384,5040,6384,4928,6272,224
TCGA-05-4390-01A-01-BS1_x5264y6384,5264,6384,5152,6272,224
TCGA-05-4390-01A-01-BS1_x5488y6384,5488,6384,5376,6272,224
TCGA-05-4390-01A-01-BS1_x5712y6384,5712,6384,5600,6272,224
TCGA-05-4390-01A-01-BS1_x5936y6384,5936,6384,5824,6272,224
TCGA-05-4390-01A-01-BS1_x6160y6384,6160,6384,6048,6272,224
TCGA-05-4390-01A-01-BS1_x6384y6384,6384,6384,6272,6272,224
TCGA-05-4390-01A-01-BS1_x6608y6384,6608,6384,6496,6272,224
TCGA-05-4390-01A-01-BS1_x6832y6384,6832,6384,6720,6272,224
TCGA-05-4390-01A-01-BS1_x7056y6384,7056,6384,6944,6272,224
TCGA-05-4390-01A-01-BS1_x7280y6384,7280,6384,7168,6272,224
TCGA-05-4390-01A-01-BS1_x7504y6384,7504,6384,7392,6272,224
TCGA-05-4390-01A-01-BS1_x7728y6384,7728,6384,7616,6272,224
TCGA-05-4390-01A-01-BS1_x7952y6384,7952,6384,7840,6272,224
TCGA-05-4390-01A-01-BS1_x8176y6384,8176,6384,8064,6272,224
TCGA-05-4390-01A-01-BS1_x8400y6384,8400,6384,8288,6272,224
TCGA-05-4390-01A-01-BS1_x8624y6384,8624,6384,8512,6272,224
TCGA-05-4390-01A-01-BS1_x8848y6384,8848,6384,8736,6272,224
TCGA-05-4390-01A-01-BS1_x9072y6384,9072,6384,8960,6272,224
TCGA-05-4390-01A-01-BS1_x9296y6384,9296,6384,9184,6272,224
TCGA-05-4390-01A-01-BS1_x9520y6384,9520,6384,9408,6272,224
TCGA-05-4390-01A-01-BS1_x9744y6384,9744,6384,9632,6272,224
TCGA-05-4390-01A-01-BS1_x9968y6384,9968,6384,9856,6272,224
TCGA-05-4390-01A-01-BS1_x10192y6384,10192,6384,10080,6272,224
TCGA-05-4390-01A-01-BS1_x10416y6384,10416,6384,10304,6272,224
TCGA-05-4390-01A-01-BS1_x10640y6384,10640,6384,10528,6272,224
TCGA-05-4390-01A-01-BS1_x10864y6384,10864,6384,10752,6272,224
TCGA-05-4390-01A-01-BS1_x11088y6384,11088,6384,10976,6272,224
TCGA-05-4390-01A-01-BS1_x11312y6384,11312,6384,11200,6272,224
TCGA-05-4390-01A-01-BS1_x11536y6384,11536,6384,11424,6272,224
TCGA-05-4390-01A-01-BS1_x11760y6384,11760,6384,11648,6272,224
TCGA-05-4390-01A-01-BS1_x11984y6384,11984,6384,11872,6272,224
TCGA-05-4390-01A-01-BS1_x12208y6384,12208,6384,12096,6272,224
TCGA-05-4390-01A-01-BS1_x12432y6384,12432,6384,12320,6272,224
TCGA-05-4390-01A-01-BS1_x12656y6384,12656,6384,12544,6272,224
TCGA-05-4390-01A-01-BS1_x12880y6384,12880,6384,12768,6272,224
TCGA-05-4390-01A-01-BS1_x13104y6384,13104,6384,12992,6272,224
TCGA-05-4390-01A-01-BS1_x13328y6384,13328,6384,13216,6272,224
TCGA-05-4390-01A-01-BS1_x13552y6384,13552,6384,13440,6272,224
TCGA-05-4390-01A-01-BS1_x13776y6384,13776,6384,13664,6272,224
TCGA-05-4390-01A-01-BS1_x14000y6384,14000,6384,13888,6272,224
TCGA-05-4390-01A-01-BS1_x14224y6384,14224,6384,14112,6272,224
TCGA-05-4390-01A-01-BS1_x14448y6384,14448,6384,14336,6272,224
TCGA-05-4390-01A-01-BS1_x14672y6384,14672,6384,14560,6272,224
TCGA-05-4390-01A-01-BS1_x14896y6384,14896,6384,14784,6272,224
TCGA-05-4390-01A-01-BS1_x15120y6384,15120,6384,15008,6272,224
TCGA-05-4390-01A-01-BS1_x15344y6384,15344,6384,15232,6272,224
TCGA-05-4390-01A-01-BS1_x15568y6384,15568,6384,15456,6272,224
TCGA-05-4390-01A-01-BS1_x15792y6384,15792,6384,15680,6272,224
TCGA-05-4390-01A-01-BS1_x16016y6384,16016,6384,15904,6272,224
TCGA-05-4390-01A-01-BS1_x16240y6384,16240,6384,16128,6272,224
TCGA-05-4390-01A-01-BS1_x16464y6384,16464,6384,16352,6272,224
TCGA-05-4390-01A-01-BS1_x16688y6384,16688,6384,16576,6272,224
TCGA-05-4390-01A-01-BS1_x16912y6384,16912,6384,16800,6272,224
TCGA-05-4390-01A-01-BS1_x17136y6384,17136,6384,17024,6272,224
TCGA-05-4390-01A-01-BS1_x17360y6384,17360,6384,17248,6272,224
TCGA-05-4390-01A-01-BS1_x17584y6384,17584,6384,17472,6272,224
TCGA-05-4390-01A-01-BS1_x17808y6384,17808,6384,17696,6272,224
TCGA-05-4390-01A-01-BS1_x18032y6384,18032,6384,17920,6272,224
TCGA-05-4390-01A-01-BS1_x18256y6384,18256,6384,18144,6272,224
TCGA-05-4390-01A-01-BS1_x18480y6384,18480,6384,18368,6272,224
TCGA-05-4390-01A-01-BS1_x18704y6384,18704,6384,18592,6272,224
TCGA-05-4390-01A-01-BS1_x18928y6384,18928,6384,18816,6272,224
TCGA-05-4390-01A-01-BS1_x19152y6384,19152,6384,19040,6272,224
TCGA-05-4390-01A-01-BS1_x19376y6384,19376,6384,19264,6272,224
TCGA-05-4390-01A-01-BS1_x19600y6384,19600,6384,19488,6272,224
TCGA-05-4390-01A-01-BS1_x19824y6384,19824,6384,19712,6272,224
TCGA-05-4390-01A-01-BS1_x20048y6384,20048,6384,19936,6272,224
TCGA-05-4390-01A-01-BS1_x20272y6384,20272,6384,20160,6272,224
TCGA-05-4390-01A-01-BS1_x20496y6384,20496,6384,20384,6272,224
TCGA-05-4390-01A-01-BS1_x20720y6384,20720,6384,20608,6272,224
TCGA-05-4390-01A-01-BS1_x20944y6384,20944,6384,20832,6272,224
TCGA-05-4390-01A-01-BS1_x21168y6384,21168,6384,21056,6272,224
TCGA-05-4390-01A-01-BS1_x21392y6384,21392,6384,21280,6272,224
TCGA-05-4390-01A-01-BS1_x21616y6384,21616,6384,21504,6272,224
TCGA-05-4390-01A-01-BS1_x21840y6384,21840,6384,21728,6272,224
TCGA-05-4390-01A-01-BS1_x22064y6384,22064,6384,21952,6272,224
TCGA-05-4390-01A-01-BS1_x22288y6384,22288,6384,22176,6272,224
TCGA-05-4390-01A-01-BS1_x22512y6384,22512,6384,22400,6272,224
TCGA-05-4390-01A-01-BS1_x22736y6384,22736,6384,22624,6272,224
TCGA-05-4390-01A-01-BS1_x22960y6384,22960,6384,22848,6272,224
TCGA-05-4390-01A-01-BS1_x23184y6384,23184,6384,23072,6272,224
TCGA-05-4390-01A-01-BS1_x23408y6384,23408,6384,23296,6272,224
TCGA-05-4390-01A-01-BS1_x23632y6384,23632,6384,23520,6272,224
TCGA-05-4390-01A-01-BS1_x23856y6384,23856,6384,23744,6272,224
TCGA-05-4390-01A-01-BS1_x24080y6384,24080,6384,23968,6272,224
TCGA-05-4390-01A-01-BS1_x24304y6384,24304,6384,24192,6272,224
TCGA-05-4390-01A-01-BS1_x24528y6384,24528,6384,24416,6272,224
TCGA-05-4390-01A-01-BS1_x24752y6384,24752,6384,24640,6272,224
TCGA-05-4390-01A-01-BS1_x24976y6384,24976,6384,24864,6272,224
TCGA-05-4390-01A-01-BS1_x25200y6384,25200,6384,25088,6272,224
TCGA-05-4390-01A-01-BS1_x25424y6384,25424,6384,25312,6272,224
TCGA-05-4390-01A-01-BS1_x25648y6384,25648,6384,25536,6272,224
TCGA-05-4390-01A-01-BS1_x25872y6384,25872,6384,25760,6272,224
TCGA-05-4390-01A-01-BS1_x26096y6384,26096,6384,25984,6272,224
TCGA-05-4390-01A-01-BS1_x26320y6384,26320,6384,26208,6272,224
TCGA-05-4390-01A-01-BS1_x26544y6384,26544,6384,26432,6272,224
TCGA-05-4390-01A-01-BS1_x26768y6384,26768,6384,26656,6272,224
TCGA-05-4390-01A-01-BS1_x26992y6384,26992,6384,26880,6272,224
TCGA-05-4390-01A-01-BS1_x27216y6384,27216,6384,27104,6272,224
TCGA-05-4390-01A-01-BS1_x27440y6384,27440,6384,27328,6272,224
TCGA-05-4390-01A-01-BS1_x27664y6384,27664,6384,27552,6272,224
TCGA-05-4390-01A-01-BS1_x27888y6384,27888,6384,27776,6272,224
TCGA-05-4390-01A-01-BS1_x28112y6384,28112,6384,28000,6272,224
TCGA-05-4390-01A-01-BS1_x28336y6384,28336,6384,28224,6272,224
TCGA-05-4390-01A-01-BS1_x28560y6384,28560,6384,28448,6272,224
TCGA-05-4390-01A-01-BS1_x28784y6384,28784,6384,28672,6272,224
TCGA-05-4390-01A-01-BS1_x29008y6384,29008,6384,28896,6272,224
TCGA-05-4390-01A-01-BS1_x29232y6384,29232,6384,29120,6272,224
TCGA-05-4390-01A-01-BS1_x29456y6384,29456,6384,29344,6272,224
TCGA-05-4390-01A-01-BS1_x29680y6384,29680,6384,29568,6272,224
TCGA-05-4390-01A-01-BS1_x29904y6384,29904,6384,29792,6272,224
TCGA-05-4390-01A-01-BS1_x30128y6384,30128,6384,30016,6272,224
TCGA-05-4390-01A-01-BS1_x30352y6384,30352,6384,30240,6272,224
TCGA-05-4390-01A-01-BS1_x30576y6384,30576,6384,30464,6272,224
TCGA-05-4390-01A-01-BS1_x30800y6384,30800,6384,30688,6272,224
TCGA-05-4390-01A-01-BS1_x31024y6384,31024,6384,30912,6272,224
TCGA-05-4390-01A-01-BS1_x31248y6384,31248,6384,31136,6272,224
TCGA-05-4390-01A-01-BS1_x31472y6384,31472,6384,31360,6272,224
TCGA-05-4390-01A-01-BS1_x31696y6384,31696,6384,31584,6272,224
TCGA-05-4390-01A-01-BS1_x31920y6384,31920,6384,31808,6272,224
TCGA-05-4390-01A-01-BS1_x32144y6384,32144,6384,32032,6272,224
TCGA-05-4390-01A-01-BS1_x32368y6384,32368,6384,32256,6272,224
TCGA-05-4390-01A-01-BS1_x32592y6384,32592,6384,32480,6272,224
TCGA-05-4390-01A-01-BS1_x32816y6384,32816,6384,32704,6272,224
TCGA-05-4390-01A-01-BS1_x33040y6384,33040,6384,32928,6272,224
TCGA-05-4390-01A-01-BS1_x33264y6384,33264,6384,33152,6272,224
TCGA-05-4390-01A-01-BS1_x33488y6384,33488,6384,33376,6272,224
TCGA-05-4390-01A-01-BS1_x2800y6608,2800,6608,2688,6496,224
TCGA-05-4390-01A-01-BS1_x3024y6608,3024,6608,2912,6496,224
TCGA-05-4390-01A-01-BS1_x3248y6608,3248,6608,3136,6496,224
TCGA-05-4390-01A-01-BS1_x3472y6608,3472,6608,3360,6496,224
TCGA-05-4390-01A-01-BS1_x3696y6608,3696,6608,3584,6496,224
TCGA-05-4390-01A-01-BS1_x3920y6608,3920,6608,3808,6496,224
TCGA-05-4390-01A-01-BS1_x4144y6608,4144,6608,4032,6496,224
TCGA-05-4390-01A-01-BS1_x4368y6608,4368,6608,4256,6496,224
TCGA-05-4390-01A-01-BS1_x4592y6608,4592,6608,4480,6496,224
TCGA-05-4390-01A-01-BS1_x4816y6608,4816,6608,4704,6496,224
TCGA-05-4390-01A-01-BS1_x5040y6608,5040,6608,4928,6496,224
TCGA-05-4390-01A-01-BS1_x5264y6608,5264,6608,5152,6496,224
TCGA-05-4390-01A-01-BS1_x5488y6608,5488,6608,5376,6496,224
TCGA-05-4390-01A-01-BS1_x5712y6608,5712,6608,5600,6496,224
TCGA-05-4390-01A-01-BS1_x5936y6608,5936,6608,5824,6496,224
TCGA-05-4390-01A-01-BS1_x6160y6608,6160,6608,6048,6496,224
TCGA-05-4390-01A-01-BS1_x6384y6608,6384,6608,6272,6496,224
TCGA-05-4390-01A-01-BS1_x6608y6608,6608,6608,6496,6496,224
TCGA-05-4390-01A-01-BS1_x6832y6608,6832,6608,6720,6496,224
TCGA-05-4390-01A-01-BS1_x7056y6608,7056,6608,6944,6496,224
TCGA-05-4390-01A-01-BS1_x7280y6608,7280,6608,7168,6496,224
TCGA-05-4390-01A-01-BS1_x7504y6608,7504,6608,7392,6496,224
TCGA-05-4390-01A-01-BS1_x7728y6608,7728,6608,7616,6496,224
TCGA-05-4390-01A-01-BS1_x7952y6608,7952,6608,7840,6496,224
TCGA-05-4390-01A-01-BS1_x8176y6608,8176,6608,8064,6496,224
TCGA-05-4390-01A-01-BS1_x8400y6608,8400,6608,8288,6496,224
TCGA-05-4390-01A-01-BS1_x8624y6608,8624,6608,8512,6496,224
TCGA-05-4390-01A-01-BS1_x8848y6608,8848,6608,8736,6496,224
TCGA-05-4390-01A-01-BS1_x9072y6608,9072,6608,8960,6496,224
TCGA-05-4390-01A-01-BS1_x9296y6608,9296,6608,9184,6496,224
TCGA-05-4390-01A-01-BS1_x9520y6608,9520,6608,9408,6496,224
TCGA-05-4390-01A-01-BS1_x9744y6608,9744,6608,9632,6496,224
TCGA-05-4390-01A-01-BS1_x9968y6608,9968,6608,9856,6496,224
TCGA-05-4390-01A-01-BS1_x10192y6608,10192,6608,10080,6496,224
TCGA-05-4390-01A-01-BS1_x10416y6608,10416,6608,10304,6496,224
TCGA-05-4390-01A-01-BS1_x10640y6608,10640,6608,10528,6496,224
TCGA-05-4390-01A-01-BS1_x10864y6608,10864,6608,10752,6496,224
TCGA-05-4390-01A-01-BS1_x11088y6608,11088,6608,10976,6496,224
TCGA-05-4390-01A-01-BS1_x11312y6608,11312,6608,11200,6496,224
TCGA-05-4390-01A-01-BS1_x11536y6608,11536,6608,11424,6496,224
TCGA-05-4390-01A-01-BS1_x11760y6608,11760,6608,11648,6496,224
TCGA-05-4390-01A-01-BS1_x11984y6608,11984,6608,11872,6496,224
TCGA-05-4390-01A-01-BS1_x12208y6608,12208,6608,12096,6496,224
TCGA-05-4390-01A-01-BS1_x12432y6608,12432,6608,12320,6496,224
TCGA-05-4390-01A-01-BS1_x12656y6608,12656,6608,12544,6496,224
TCGA-05-4390-01A-01-BS1_x13104y6608,13104,6608,12992,6496,224
TCGA-05-4390-01A-01-BS1_x13328y6608,13328,6608,13216,6496,224
TCGA-05-4390-01A-01-BS1_x13552y6608,13552,6608,13440,6496,224
TCGA-05-4390-01A-01-BS1_x13776y6608,13776,6608,13664,6496,224
TCGA-05-4390-01A-01-BS1_x14000y6608,14000,6608,13888,6496,224
TCGA-05-4390-01A-01-BS1_x14224y6608,14224,6608,14112,6496,224
TCGA-05-4390-01A-01-BS1_x14448y6608,14448,6608,14336,6496,224
TCGA-05-4390-01A-01-BS1_x14672y6608,14672,6608,14560,6496,224
TCGA-05-4390-01A-01-BS1_x14896y6608,14896,6608,14784,6496,224
TCGA-05-4390-01A-01-BS1_x15120y6608,15120,6608,15008,6496,224
TCGA-05-4390-01A-01-BS1_x15344y6608,15344,6608,15232,6496,224
TCGA-05-4390-01A-01-BS1_x15568y6608,15568,6608,15456,6496,224
TCGA-05-4390-01A-01-BS1_x15792y6608,15792,6608,15680,6496,224
TCGA-05-4390-01A-01-BS1_x16016y6608,16016,6608,15904,6496,224
TCGA-05-4390-01A-01-BS1_x16240y6608,16240,6608,16128,6496,224
TCGA-05-4390-01A-01-BS1_x16464y6608,16464,6608,16352,6496,224
TCGA-05-4390-01A-01-BS1_x16688y6608,16688,6608,16576,6496,224
TCGA-05-4390-01A-01-BS1_x16912y6608,16912,6608,16800,6496,224
TCGA-05-4390-01A-01-BS1_x17136y6608,17136,6608,17024,6496,224
TCGA-05-4390-01A-01-BS1_x17360y6608,17360,6608,17248,6496,224
TCGA-05-4390-01A-01-BS1_x17584y6608,17584,6608,17472,6496,224
TCGA-05-4390-01A-01-BS1_x17808y6608,17808,6608,17696,6496,224
TCGA-05-4390-01A-01-BS1_x18032y6608,18032,6608,17920,6496,224
TCGA-05-4390-01A-01-BS1_x18256y6608,18256,6608,18144,6496,224
TCGA-05-4390-01A-01-BS1_x18480y6608,18480,6608,18368,6496,224
TCGA-05-4390-01A-01-BS1_x18704y6608,18704,6608,18592,6496,224
TCGA-05-4390-01A-01-BS1_x18928y6608,18928,6608,18816,6496,224
TCGA-05-4390-01A-01-BS1_x19152y6608,19152,6608,19040,6496,224
TCGA-05-4390-01A-01-BS1_x19376y6608,19376,6608,19264,6496,224
TCGA-05-4390-01A-01-BS1_x19600y6608,19600,6608,19488,6496,224
TCGA-05-4390-01A-01-BS1_x19824y6608,19824,6608,19712,6496,224
TCGA-05-4390-01A-01-BS1_x20048y6608,20048,6608,19936,6496,224
TCGA-05-4390-01A-01-BS1_x20496y6608,20496,6608,20384,6496,224
TCGA-05-4390-01A-01-BS1_x20720y6608,20720,6608,20608,6496,224
TCGA-05-4390-01A-01-BS1_x20944y6608,20944,6608,20832,6496,224
TCGA-05-4390-01A-01-BS1_x21168y6608,21168,6608,21056,6496,224
TCGA-05-4390-01A-01-BS1_x21392y6608,21392,6608,21280,6496,224
TCGA-05-4390-01A-01-BS1_x21616y6608,21616,6608,21504,6496,224
TCGA-05-4390-01A-01-BS1_x21840y6608,21840,6608,21728,6496,224
TCGA-05-4390-01A-01-BS1_x22064y6608,22064,6608,21952,6496,224
TCGA-05-4390-01A-01-BS1_x22288y6608,22288,6608,22176,6496,224
TCGA-05-4390-01A-01-BS1_x22512y6608,22512,6608,22400,6496,224
TCGA-05-4390-01A-01-BS1_x22736y6608,22736,6608,22624,6496,224
TCGA-05-4390-01A-01-BS1_x22960y6608,22960,6608,22848,6496,224
TCGA-05-4390-01A-01-BS1_x23184y6608,23184,6608,23072,6496,224
TCGA-05-4390-01A-01-BS1_x23408y6608,23408,6608,23296,6496,224
TCGA-05-4390-01A-01-BS1_x23632y6608,23632,6608,23520,6496,224
TCGA-05-4390-01A-01-BS1_x23856y6608,23856,6608,23744,6496,224
TCGA-05-4390-01A-01-BS1_x24080y6608,24080,6608,23968,6496,224
TCGA-05-4390-01A-01-BS1_x24304y6608,24304,6608,24192,6496,224
TCGA-05-4390-01A-01-BS1_x24528y6608,24528,6608,24416,6496,224
TCGA-05-4390-01A-01-BS1_x24752y6608,24752,6608,24640,6496,224
TCGA-05-4390-01A-01-BS1_x24976y6608,24976,6608,24864,6496,224
TCGA-05-4390-01A-01-BS1_x25200y6608,25200,6608,25088,6496,224
TCGA-05-4390-01A-01-BS1_x25424y6608,25424,6608,25312,6496,224
TCGA-05-4390-01A-01-BS1_x25648y6608,25648,6608,25536,6496,224
TCGA-05-4390-01A-01-BS1_x25872y6608,25872,6608,25760,6496,224
TCGA-05-4390-01A-01-BS1_x26096y6608,26096,6608,25984,6496,224
TCGA-05-4390-01A-01-BS1_x26320y6608,26320,6608,26208,6496,224
TCGA-05-4390-01A-01-BS1_x26544y6608,26544,6608,26432,6496,224
TCGA-05-4390-01A-01-BS1_x26768y6608,26768,6608,26656,6496,224
TCGA-05-4390-01A-01-BS1_x26992y6608,26992,6608,26880,6496,224
TCGA-05-4390-01A-01-BS1_x27216y6608,27216,6608,27104,6496,224
TCGA-05-4390-01A-01-BS1_x27440y6608,27440,6608,27328,6496,224
TCGA-05-4390-01A-01-BS1_x27664y6608,27664,6608,27552,6496,224
TCGA-05-4390-01A-01-BS1_x27888y6608,27888,6608,27776,6496,224
TCGA-05-4390-01A-01-BS1_x28112y6608,28112,6608,28000,6496,224
TCGA-05-4390-01A-01-BS1_x28336y6608,28336,6608,28224,6496,224
TCGA-05-4390-01A-01-BS1_x28560y6608,28560,6608,28448,6496,224
TCGA-05-4390-01A-01-BS1_x28784y6608,28784,6608,28672,6496,224
TCGA-05-4390-01A-01-BS1_x29008y6608,29008,6608,28896,6496,224
TCGA-05-4390-01A-01-BS1_x29232y6608,29232,6608,29120,6496,224
TCGA-05-4390-01A-01-BS1_x29456y6608,29456,6608,29344,6496,224
TCGA-05-4390-01A-01-BS1_x29680y6608,29680,6608,29568,6496,224
TCGA-05-4390-01A-01-BS1_x29904y6608,29904,6608,29792,6496,224
TCGA-05-4390-01A-01-BS1_x30128y6608,30128,6608,30016,6496,224
TCGA-05-4390-01A-01-BS1_x30352y6608,30352,6608,30240,6496,224
TCGA-05-4390-01A-01-BS1_x30576y6608,30576,6608,30464,6496,224
TCGA-05-4390-01A-01-BS1_x30800y6608,30800,6608,30688,6496,224
TCGA-05-4390-01A-01-BS1_x31024y6608,31024,6608,30912,6496,224
TCGA-05-4390-01A-01-BS1_x31248y6608,31248,6608,31136,6496,224
TCGA-05-4390-01A-01-BS1_x31472y6608,31472,6608,31360,6496,224
TCGA-05-4390-01A-01-BS1_x31696y6608,31696,6608,31584,6496,224
TCGA-05-4390-01A-01-BS1_x31920y6608,31920,6608,31808,6496,224
TCGA-05-4390-01A-01-BS1_x32144y6608,32144,6608,32032,6496,224
TCGA-05-4390-01A-01-BS1_x32368y6608,32368,6608,32256,6496,224
TCGA-05-4390-01A-01-BS1_x32592y6608,32592,6608,32480,6496,224
TCGA-05-4390-01A-01-BS1_x32816y6608,32816,6608,32704,6496,224
TCGA-05-4390-01A-01-BS1_x33040y6608,33040,6608,32928,6496,224
TCGA-05-4390-01A-01-BS1_x33264y6608,33264,6608,33152,6496,224
TCGA-05-4390-01A-01-BS1_x33488y6608,33488,6608,33376,6496,224
TCGA-05-4390-01A-01-BS1_x2576y6832,2576,6832,2464,6720,224
TCGA-05-4390-01A-01-BS1_x2800y6832,2800,6832,2688,6720,224
TCGA-05-4390-01A-01-BS1_x3024y6832,3024,6832,2912,6720,224
TCGA-05-4390-01A-01-BS1_x3248y6832,3248,6832,3136,6720,224
TCGA-05-4390-01A-01-BS1_x3472y6832,3472,6832,3360,6720,224
TCGA-05-4390-01A-01-BS1_x3696y6832,3696,6832,3584,6720,224
TCGA-05-4390-01A-01-BS1_x3920y6832,3920,6832,3808,6720,224
TCGA-05-4390-01A-01-BS1_x4144y6832,4144,6832,4032,6720,224
TCGA-05-4390-01A-01-BS1_x4368y6832,4368,6832,4256,6720,224
TCGA-05-4390-01A-01-BS1_x4592y6832,4592,6832,4480,6720,224
TCGA-05-4390-01A-01-BS1_x4816y6832,4816,6832,4704,6720,224
TCGA-05-4390-01A-01-BS1_x5040y6832,5040,6832,4928,6720,224
TCGA-05-4390-01A-01-BS1_x5264y6832,5264,6832,5152,6720,224
TCGA-05-4390-01A-01-BS1_x5488y6832,5488,6832,5376,6720,224
TCGA-05-4390-01A-01-BS1_x5712y6832,5712,6832,5600,6720,224
TCGA-05-4390-01A-01-BS1_x5936y6832,5936,6832,5824,6720,224
TCGA-05-4390-01A-01-BS1_x6160y6832,6160,6832,6048,6720,224
TCGA-05-4390-01A-01-BS1_x6384y6832,6384,6832,6272,6720,224
TCGA-05-4390-01A-01-BS1_x6608y6832,6608,6832,6496,6720,224
TCGA-05-4390-01A-01-BS1_x6832y6832,6832,6832,6720,6720,224
TCGA-05-4390-01A-01-BS1_x7056y6832,7056,6832,6944,6720,224
TCGA-05-4390-01A-01-BS1_x7280y6832,7280,6832,7168,6720,224
TCGA-05-4390-01A-01-BS1_x7504y6832,7504,6832,7392,6720,224
TCGA-05-4390-01A-01-BS1_x7728y6832,7728,6832,7616,6720,224
TCGA-05-4390-01A-01-BS1_x7952y6832,7952,6832,7840,6720,224
TCGA-05-4390-01A-01-BS1_x8176y6832,8176,6832,8064,6720,224
TCGA-05-4390-01A-01-BS1_x8400y6832,8400,6832,8288,6720,224
TCGA-05-4390-01A-01-BS1_x8624y6832,8624,6832,8512,6720,224
TCGA-05-4390-01A-01-BS1_x8848y6832,8848,6832,8736,6720,224
TCGA-05-4390-01A-01-BS1_x9072y6832,9072,6832,8960,6720,224
TCGA-05-4390-01A-01-BS1_x9296y6832,9296,6832,9184,6720,224
TCGA-05-4390-01A-01-BS1_x9520y6832,9520,6832,9408,6720,224
TCGA-05-4390-01A-01-BS1_x9744y6832,9744,6832,9632,6720,224
TCGA-05-4390-01A-01-BS1_x9968y6832,9968,6832,9856,6720,224
TCGA-05-4390-01A-01-BS1_x10192y6832,10192,6832,10080,6720,224
TCGA-05-4390-01A-01-BS1_x10416y6832,10416,6832,10304,6720,224
TCGA-05-4390-01A-01-BS1_x10640y6832,10640,6832,10528,6720,224
TCGA-05-4390-01A-01-BS1_x10864y6832,10864,6832,10752,6720,224
TCGA-05-4390-01A-01-BS1_x11088y6832,11088,6832,10976,6720,224
TCGA-05-4390-01A-01-BS1_x11312y6832,11312,6832,11200,6720,224
TCGA-05-4390-01A-01-BS1_x11536y6832,11536,6832,11424,6720,224
TCGA-05-4390-01A-01-BS1_x11760y6832,11760,6832,11648,6720,224
TCGA-05-4390-01A-01-BS1_x11984y6832,11984,6832,11872,6720,224
TCGA-05-4390-01A-01-BS1_x12208y6832,12208,6832,12096,6720,224
TCGA-05-4390-01A-01-BS1_x12432y6832,12432,6832,12320,6720,224
TCGA-05-4390-01A-01-BS1_x12656y6832,12656,6832,12544,6720,224
TCGA-05-4390-01A-01-BS1_x12880y6832,12880,6832,12768,6720,224
TCGA-05-4390-01A-01-BS1_x13104y6832,13104,6832,12992,6720,224
TCGA-05-4390-01A-01-BS1_x13328y6832,13328,6832,13216,6720,224
TCGA-05-4390-01A-01-BS1_x13552y6832,13552,6832,13440,6720,224
TCGA-05-4390-01A-01-BS1_x13776y6832,13776,6832,13664,6720,224
TCGA-05-4390-01A-01-BS1_x14000y6832,14000,6832,13888,6720,224
TCGA-05-4390-01A-01-BS1_x14224y6832,14224,6832,14112,6720,224
TCGA-05-4390-01A-01-BS1_x14448y6832,14448,6832,14336,6720,224
TCGA-05-4390-01A-01-BS1_x14672y6832,14672,6832,14560,6720,224
TCGA-05-4390-01A-01-BS1_x14896y6832,14896,6832,14784,6720,224
TCGA-05-4390-01A-01-BS1_x15120y6832,15120,6832,15008,6720,224
TCGA-05-4390-01A-01-BS1_x15344y6832,15344,6832,15232,6720,224
TCGA-05-4390-01A-01-BS1_x15568y6832,15568,6832,15456,6720,224
TCGA-05-4390-01A-01-BS1_x15792y6832,15792,6832,15680,6720,224
TCGA-05-4390-01A-01-BS1_x16016y6832,16016,6832,15904,6720,224
TCGA-05-4390-01A-01-BS1_x16240y6832,16240,6832,16128,6720,224
TCGA-05-4390-01A-01-BS1_x16464y6832,16464,6832,16352,6720,224
TCGA-05-4390-01A-01-BS1_x16688y6832,16688,6832,16576,6720,224
TCGA-05-4390-01A-01-BS1_x16912y6832,16912,6832,16800,6720,224
TCGA-05-4390-01A-01-BS1_x17136y6832,17136,6832,17024,6720,224
TCGA-05-4390-01A-01-BS1_x17360y6832,17360,6832,17248,6720,224
TCGA-05-4390-01A-01-BS1_x17584y6832,17584,6832,17472,6720,224
TCGA-05-4390-01A-01-BS1_x17808y6832,17808,6832,17696,6720,224
TCGA-05-4390-01A-01-BS1_x18032y6832,18032,6832,17920,6720,224
TCGA-05-4390-01A-01-BS1_x18256y6832,18256,6832,18144,6720,224
TCGA-05-4390-01A-01-BS1_x18480y6832,18480,6832,18368,6720,224
TCGA-05-4390-01A-01-BS1_x18704y6832,18704,6832,18592,6720,224
TCGA-05-4390-01A-01-BS1_x18928y6832,18928,6832,18816,6720,224
TCGA-05-4390-01A-01-BS1_x19152y6832,19152,6832,19040,6720,224
TCGA-05-4390-01A-01-BS1_x19376y6832,19376,6832,19264,6720,224
TCGA-05-4390-01A-01-BS1_x19600y6832,19600,6832,19488,6720,224
TCGA-05-4390-01A-01-BS1_x19824y6832,19824,6832,19712,6720,224
TCGA-05-4390-01A-01-BS1_x20048y6832,20048,6832,19936,6720,224
TCGA-05-4390-01A-01-BS1_x20272y6832,20272,6832,20160,6720,224
TCGA-05-4390-01A-01-BS1_x20496y6832,20496,6832,20384,6720,224
TCGA-05-4390-01A-01-BS1_x20720y6832,20720,6832,20608,6720,224
TCGA-05-4390-01A-01-BS1_x20944y6832,20944,6832,20832,6720,224
TCGA-05-4390-01A-01-BS1_x21168y6832,21168,6832,21056,6720,224
TCGA-05-4390-01A-01-BS1_x21392y6832,21392,6832,21280,6720,224
TCGA-05-4390-01A-01-BS1_x21616y6832,21616,6832,21504,6720,224
TCGA-05-4390-01A-01-BS1_x21840y6832,21840,6832,21728,6720,224
TCGA-05-4390-01A-01-BS1_x22064y6832,22064,6832,21952,6720,224
TCGA-05-4390-01A-01-BS1_x22288y6832,22288,6832,22176,6720,224
TCGA-05-4390-01A-01-BS1_x22512y6832,22512,6832,22400,6720,224
TCGA-05-4390-01A-01-BS1_x22736y6832,22736,6832,22624,6720,224
TCGA-05-4390-01A-01-BS1_x22960y6832,22960,6832,22848,6720,224
TCGA-05-4390-01A-01-BS1_x23184y6832,23184,6832,23072,6720,224
TCGA-05-4390-01A-01-BS1_x23408y6832,23408,6832,23296,6720,224
TCGA-05-4390-01A-01-BS1_x23632y6832,23632,6832,23520,6720,224
TCGA-05-4390-01A-01-BS1_x23856y6832,23856,6832,23744,6720,224
TCGA-05-4390-01A-01-BS1_x24080y6832,24080,6832,23968,6720,224
TCGA-05-4390-01A-01-BS1_x24304y6832,24304,6832,24192,6720,224
TCGA-05-4390-01A-01-BS1_x24528y6832,24528,6832,24416,6720,224
TCGA-05-4390-01A-01-BS1_x24752y6832,24752,6832,24640,6720,224
TCGA-05-4390-01A-01-BS1_x24976y6832,24976,6832,24864,6720,224
TCGA-05-4390-01A-01-BS1_x25200y6832,25200,6832,25088,6720,224
TCGA-05-4390-01A-01-BS1_x25424y6832,25424,6832,25312,6720,224
TCGA-05-4390-01A-01-BS1_x25648y6832,25648,6832,25536,6720,224
TCGA-05-4390-01A-01-BS1_x25872y6832,25872,6832,25760,6720,224
TCGA-05-4390-01A-01-BS1_x26096y6832,26096,6832,25984,6720,224
TCGA-05-4390-01A-01-BS1_x26320y6832,26320,6832,26208,6720,224
TCGA-05-4390-01A-01-BS1_x26544y6832,26544,6832,26432,6720,224
TCGA-05-4390-01A-01-BS1_x26768y6832,26768,6832,26656,6720,224
TCGA-05-4390-01A-01-BS1_x26992y6832,26992,6832,26880,6720,224
TCGA-05-4390-01A-01-BS1_x27216y6832,27216,6832,27104,6720,224
TCGA-05-4390-01A-01-BS1_x27440y6832,27440,6832,27328,6720,224
TCGA-05-4390-01A-01-BS1_x27664y6832,27664,6832,27552,6720,224
TCGA-05-4390-01A-01-BS1_x27888y6832,27888,6832,27776,6720,224
TCGA-05-4390-01A-01-BS1_x28112y6832,28112,6832,28000,6720,224
TCGA-05-4390-01A-01-BS1_x28336y6832,28336,6832,28224,6720,224
TCGA-05-4390-01A-01-BS1_x28560y6832,28560,6832,28448,6720,224
TCGA-05-4390-01A-01-BS1_x28784y6832,28784,6832,28672,6720,224
TCGA-05-4390-01A-01-BS1_x29008y6832,29008,6832,28896,6720,224
TCGA-05-4390-01A-01-BS1_x29232y6832,29232,6832,29120,6720,224
TCGA-05-4390-01A-01-BS1_x29456y6832,29456,6832,29344,6720,224
TCGA-05-4390-01A-01-BS1_x29680y6832,29680,6832,29568,6720,224
TCGA-05-4390-01A-01-BS1_x29904y6832,29904,6832,29792,6720,224
TCGA-05-4390-01A-01-BS1_x30128y6832,30128,6832,30016,6720,224
TCGA-05-4390-01A-01-BS1_x30352y6832,30352,6832,30240,6720,224
TCGA-05-4390-01A-01-BS1_x30576y6832,30576,6832,30464,6720,224
TCGA-05-4390-01A-01-BS1_x30800y6832,30800,6832,30688,6720,224
TCGA-05-4390-01A-01-BS1_x31024y6832,31024,6832,30912,6720,224
TCGA-05-4390-01A-01-BS1_x31248y6832,31248,6832,31136,6720,224
TCGA-05-4390-01A-01-BS1_x31472y6832,31472,6832,31360,6720,224
TCGA-05-4390-01A-01-BS1_x31696y6832,31696,6832,31584,6720,224
TCGA-05-4390-01A-01-BS1_x31920y6832,31920,6832,31808,6720,224
TCGA-05-4390-01A-01-BS1_x32144y6832,32144,6832,32032,6720,224
TCGA-05-4390-01A-01-BS1_x32368y6832,32368,6832,32256,6720,224
TCGA-05-4390-01A-01-BS1_x32592y6832,32592,6832,32480,6720,224
TCGA-05-4390-01A-01-BS1_x32816y6832,32816,6832,32704,6720,224
TCGA-05-4390-01A-01-BS1_x33040y6832,33040,6832,32928,6720,224
TCGA-05-4390-01A-01-BS1_x33264y6832,33264,6832,33152,6720,224
TCGA-05-4390-01A-01-BS1_x33488y6832,33488,6832,33376,6720,224
TCGA-05-4390-01A-01-BS1_x2576y7056,2576,7056,2464,6944,224
TCGA-05-4390-01A-01-BS1_x2800y7056,2800,7056,2688,6944,224
TCGA-05-4390-01A-01-BS1_x3024y7056,3024,7056,2912,6944,224
TCGA-05-4390-01A-01-BS1_x3248y7056,3248,7056,3136,6944,224
TCGA-05-4390-01A-01-BS1_x3472y7056,3472,7056,3360,6944,224
TCGA-05-4390-01A-01-BS1_x3696y7056,3696,7056,3584,6944,224
TCGA-05-4390-01A-01-BS1_x3920y7056,3920,7056,3808,6944,224
TCGA-05-4390-01A-01-BS1_x4144y7056,4144,7056,4032,6944,224
TCGA-05-4390-01A-01-BS1_x4368y7056,4368,7056,4256,6944,224
TCGA-05-4390-01A-01-BS1_x4592y7056,4592,7056,4480,6944,224
TCGA-05-4390-01A-01-BS1_x4816y7056,4816,7056,4704,6944,224
TCGA-05-4390-01A-01-BS1_x5040y7056,5040,7056,4928,6944,224
TCGA-05-4390-01A-01-BS1_x5264y7056,5264,7056,5152,6944,224
TCGA-05-4390-01A-01-BS1_x5488y7056,5488,7056,5376,6944,224
TCGA-05-4390-01A-01-BS1_x5712y7056,5712,7056,5600,6944,224
TCGA-05-4390-01A-01-BS1_x5936y7056,5936,7056,5824,6944,224
TCGA-05-4390-01A-01-BS1_x6160y7056,6160,7056,6048,6944,224
TCGA-05-4390-01A-01-BS1_x6384y7056,6384,7056,6272,6944,224
TCGA-05-4390-01A-01-BS1_x6608y7056,6608,7056,6496,6944,224
TCGA-05-4390-01A-01-BS1_x6832y7056,6832,7056,6720,6944,224
TCGA-05-4390-01A-01-BS1_x7056y7056,7056,7056,6944,6944,224
TCGA-05-4390-01A-01-BS1_x7280y7056,7280,7056,7168,6944,224
TCGA-05-4390-01A-01-BS1_x7504y7056,7504,7056,7392,6944,224
TCGA-05-4390-01A-01-BS1_x7728y7056,7728,7056,7616,6944,224
TCGA-05-4390-01A-01-BS1_x7952y7056,7952,7056,7840,6944,224
TCGA-05-4390-01A-01-BS1_x8176y7056,8176,7056,8064,6944,224
TCGA-05-4390-01A-01-BS1_x8400y7056,8400,7056,8288,6944,224
TCGA-05-4390-01A-01-BS1_x8624y7056,8624,7056,8512,6944,224
TCGA-05-4390-01A-01-BS1_x8848y7056,8848,7056,8736,6944,224
TCGA-05-4390-01A-01-BS1_x9072y7056,9072,7056,8960,6944,224
TCGA-05-4390-01A-01-BS1_x9296y7056,9296,7056,9184,6944,224
TCGA-05-4390-01A-01-BS1_x9520y7056,9520,7056,9408,6944,224
TCGA-05-4390-01A-01-BS1_x9744y7056,9744,7056,9632,6944,224
TCGA-05-4390-01A-01-BS1_x9968y7056,9968,7056,9856,6944,224
TCGA-05-4390-01A-01-BS1_x10192y7056,10192,7056,10080,6944,224
TCGA-05-4390-01A-01-BS1_x10416y7056,10416,7056,10304,6944,224
TCGA-05-4390-01A-01-BS1_x10640y7056,10640,7056,10528,6944,224
TCGA-05-4390-01A-01-BS1_x10864y7056,10864,7056,10752,6944,224
TCGA-05-4390-01A-01-BS1_x11088y7056,11088,7056,10976,6944,224
TCGA-05-4390-01A-01-BS1_x11312y7056,11312,7056,11200,6944,224
TCGA-05-4390-01A-01-BS1_x11536y7056,11536,7056,11424,6944,224
TCGA-05-4390-01A-01-BS1_x11760y7056,11760,7056,11648,6944,224
TCGA-05-4390-01A-01-BS1_x11984y7056,11984,7056,11872,6944,224
TCGA-05-4390-01A-01-BS1_x12208y7056,12208,7056,12096,6944,224
TCGA-05-4390-01A-01-BS1_x12432y7056,12432,7056,12320,6944,224
TCGA-05-4390-01A-01-BS1_x12656y7056,12656,7056,12544,6944,224
TCGA-05-4390-01A-01-BS1_x12880y7056,12880,7056,12768,6944,224
TCGA-05-4390-01A-01-BS1_x13104y7056,13104,7056,12992,6944,224
TCGA-05-4390-01A-01-BS1_x13328y7056,13328,7056,13216,6944,224
TCGA-05-4390-01A-01-BS1_x13552y7056,13552,7056,13440,6944,224
TCGA-05-4390-01A-01-BS1_x13776y7056,13776,7056,13664,6944,224
TCGA-05-4390-01A-01-BS1_x14000y7056,14000,7056,13888,6944,224
TCGA-05-4390-01A-01-BS1_x14224y7056,14224,7056,14112,6944,224
TCGA-05-4390-01A-01-BS1_x14448y7056,14448,7056,14336,6944,224
TCGA-05-4390-01A-01-BS1_x14672y7056,14672,7056,14560,6944,224
TCGA-05-4390-01A-01-BS1_x14896y7056,14896,7056,14784,6944,224
TCGA-05-4390-01A-01-BS1_x15120y7056,15120,7056,15008,6944,224
TCGA-05-4390-01A-01-BS1_x15344y7056,15344,7056,15232,6944,224
TCGA-05-4390-01A-01-BS1_x15568y7056,15568,7056,15456,6944,224
TCGA-05-4390-01A-01-BS1_x15792y7056,15792,7056,15680,6944,224
TCGA-05-4390-01A-01-BS1_x16016y7056,16016,7056,15904,6944,224
TCGA-05-4390-01A-01-BS1_x16240y7056,16240,7056,16128,6944,224
TCGA-05-4390-01A-01-BS1_x16464y7056,16464,7056,16352,6944,224
TCGA-05-4390-01A-01-BS1_x16688y7056,16688,7056,16576,6944,224
TCGA-05-4390-01A-01-BS1_x16912y7056,16912,7056,16800,6944,224
TCGA-05-4390-01A-01-BS1_x17136y7056,17136,7056,17024,6944,224
TCGA-05-4390-01A-01-BS1_x17360y7056,17360,7056,17248,6944,224
TCGA-05-4390-01A-01-BS1_x17584y7056,17584,7056,17472,6944,224
TCGA-05-4390-01A-01-BS1_x17808y7056,17808,7056,17696,6944,224
TCGA-05-4390-01A-01-BS1_x18032y7056,18032,7056,17920,6944,224
TCGA-05-4390-01A-01-BS1_x18256y7056,18256,7056,18144,6944,224
TCGA-05-4390-01A-01-BS1_x18480y7056,18480,7056,18368,6944,224
TCGA-05-4390-01A-01-BS1_x18704y7056,18704,7056,18592,6944,224
TCGA-05-4390-01A-01-BS1_x18928y7056,18928,7056,18816,6944,224
TCGA-05-4390-01A-01-BS1_x19152y7056,19152,7056,19040,6944,224
TCGA-05-4390-01A-01-BS1_x19376y7056,19376,7056,19264,6944,224
TCGA-05-4390-01A-01-BS1_x19600y7056,19600,7056,19488,6944,224
TCGA-05-4390-01A-01-BS1_x19824y7056,19824,7056,19712,6944,224
TCGA-05-4390-01A-01-BS1_x20048y7056,20048,7056,19936,6944,224
TCGA-05-4390-01A-01-BS1_x20272y7056,20272,7056,20160,6944,224
TCGA-05-4390-01A-01-BS1_x20496y7056,20496,7056,20384,6944,224
TCGA-05-4390-01A-01-BS1_x20720y7056,20720,7056,20608,6944,224
TCGA-05-4390-01A-01-BS1_x20944y7056,20944,7056,20832,6944,224
TCGA-05-4390-01A-01-BS1_x21168y7056,21168,7056,21056,6944,224
TCGA-05-4390-01A-01-BS1_x21392y7056,21392,7056,21280,6944,224
TCGA-05-4390-01A-01-BS1_x21616y7056,21616,7056,21504,6944,224
TCGA-05-4390-01A-01-BS1_x21840y7056,21840,7056,21728,6944,224
TCGA-05-4390-01A-01-BS1_x22064y7056,22064,7056,21952,6944,224
TCGA-05-4390-01A-01-BS1_x22288y7056,22288,7056,22176,6944,224
TCGA-05-4390-01A-01-BS1_x22512y7056,22512,7056,22400,6944,224
TCGA-05-4390-01A-01-BS1_x22736y7056,22736,7056,22624,6944,224
TCGA-05-4390-01A-01-BS1_x22960y7056,22960,7056,22848,6944,224
TCGA-05-4390-01A-01-BS1_x23184y7056,23184,7056,23072,6944,224
TCGA-05-4390-01A-01-BS1_x23408y7056,23408,7056,23296,6944,224
TCGA-05-4390-01A-01-BS1_x23632y7056,23632,7056,23520,6944,224
TCGA-05-4390-01A-01-BS1_x23856y7056,23856,7056,23744,6944,224
TCGA-05-4390-01A-01-BS1_x24080y7056,24080,7056,23968,6944,224
TCGA-05-4390-01A-01-BS1_x24304y7056,24304,7056,24192,6944,224
TCGA-05-4390-01A-01-BS1_x24528y7056,24528,7056,24416,6944,224
TCGA-05-4390-01A-01-BS1_x24752y7056,24752,7056,24640,6944,224
TCGA-05-4390-01A-01-BS1_x24976y7056,24976,7056,24864,6944,224
TCGA-05-4390-01A-01-BS1_x25200y7056,25200,7056,25088,6944,224
TCGA-05-4390-01A-01-BS1_x25424y7056,25424,7056,25312,6944,224
TCGA-05-4390-01A-01-BS1_x25648y7056,25648,7056,25536,6944,224
TCGA-05-4390-01A-01-BS1_x25872y7056,25872,7056,25760,6944,224
TCGA-05-4390-01A-01-BS1_x26096y7056,26096,7056,25984,6944,224
TCGA-05-4390-01A-01-BS1_x26320y7056,26320,7056,26208,6944,224
TCGA-05-4390-01A-01-BS1_x26544y7056,26544,7056,26432,6944,224
TCGA-05-4390-01A-01-BS1_x26768y7056,26768,7056,26656,6944,224
TCGA-05-4390-01A-01-BS1_x26992y7056,26992,7056,26880,6944,224
TCGA-05-4390-01A-01-BS1_x27216y7056,27216,7056,27104,6944,224
TCGA-05-4390-01A-01-BS1_x27440y7056,27440,7056,27328,6944,224
TCGA-05-4390-01A-01-BS1_x27664y7056,27664,7056,27552,6944,224
TCGA-05-4390-01A-01-BS1_x27888y7056,27888,7056,27776,6944,224
TCGA-05-4390-01A-01-BS1_x28112y7056,28112,7056,28000,6944,224
TCGA-05-4390-01A-01-BS1_x28336y7056,28336,7056,28224,6944,224
TCGA-05-4390-01A-01-BS1_x28560y7056,28560,7056,28448,6944,224
TCGA-05-4390-01A-01-BS1_x28784y7056,28784,7056,28672,6944,224
TCGA-05-4390-01A-01-BS1_x29008y7056,29008,7056,28896,6944,224
TCGA-05-4390-01A-01-BS1_x29232y7056,29232,7056,29120,6944,224
TCGA-05-4390-01A-01-BS1_x29456y7056,29456,7056,29344,6944,224
TCGA-05-4390-01A-01-BS1_x29680y7056,29680,7056,29568,6944,224
TCGA-05-4390-01A-01-BS1_x29904y7056,29904,7056,29792,6944,224
TCGA-05-4390-01A-01-BS1_x30128y7056,30128,7056,30016,6944,224
TCGA-05-4390-01A-01-BS1_x30352y7056,30352,7056,30240,6944,224
TCGA-05-4390-01A-01-BS1_x30576y7056,30576,7056,30464,6944,224
TCGA-05-4390-01A-01-BS1_x30800y7056,30800,7056,30688,6944,224
TCGA-05-4390-01A-01-BS1_x31024y7056,31024,7056,30912,6944,224
TCGA-05-4390-01A-01-BS1_x31248y7056,31248,7056,31136,6944,224
TCGA-05-4390-01A-01-BS1_x31472y7056,31472,7056,31360,6944,224
TCGA-05-4390-01A-01-BS1_x31696y7056,31696,7056,31584,6944,224
TCGA-05-4390-01A-01-BS1_x31920y7056,31920,7056,31808,6944,224
TCGA-05-4390-01A-01-BS1_x32144y7056,32144,7056,32032,6944,224
TCGA-05-4390-01A-01-BS1_x32368y7056,32368,7056,32256,6944,224
TCGA-05-4390-01A-01-BS1_x32592y7056,32592,7056,32480,6944,224
TCGA-05-4390-01A-01-BS1_x32816y7056,32816,7056,32704,6944,224
TCGA-05-4390-01A-01-BS1_x33040y7056,33040,7056,32928,6944,224
TCGA-05-4390-01A-01-BS1_x33264y7056,33264,7056,33152,6944,224
TCGA-05-4390-01A-01-BS1_x33488y7056,33488,7056,33376,6944,224
TCGA-05-4390-01A-01-BS1_x2352y7280,2352,7280,2240,7168,224
TCGA-05-4390-01A-01-BS1_x2576y7280,2576,7280,2464,7168,224
TCGA-05-4390-01A-01-BS1_x2800y7280,2800,7280,2688,7168,224
TCGA-05-4390-01A-01-BS1_x3024y7280,3024,7280,2912,7168,224
TCGA-05-4390-01A-01-BS1_x3248y7280,3248,7280,3136,7168,224
TCGA-05-4390-01A-01-BS1_x3472y7280,3472,7280,3360,7168,224
TCGA-05-4390-01A-01-BS1_x3696y7280,3696,7280,3584,7168,224
TCGA-05-4390-01A-01-BS1_x3920y7280,3920,7280,3808,7168,224
TCGA-05-4390-01A-01-BS1_x4144y7280,4144,7280,4032,7168,224
TCGA-05-4390-01A-01-BS1_x4368y7280,4368,7280,4256,7168,224
TCGA-05-4390-01A-01-BS1_x4592y7280,4592,7280,4480,7168,224
TCGA-05-4390-01A-01-BS1_x4816y7280,4816,7280,4704,7168,224
TCGA-05-4390-01A-01-BS1_x5040y7280,5040,7280,4928,7168,224
TCGA-05-4390-01A-01-BS1_x5264y7280,5264,7280,5152,7168,224
TCGA-05-4390-01A-01-BS1_x5488y7280,5488,7280,5376,7168,224
TCGA-05-4390-01A-01-BS1_x5712y7280,5712,7280,5600,7168,224
TCGA-05-4390-01A-01-BS1_x5936y7280,5936,7280,5824,7168,224
TCGA-05-4390-01A-01-BS1_x6160y7280,6160,7280,6048,7168,224
TCGA-05-4390-01A-01-BS1_x6384y7280,6384,7280,6272,7168,224
TCGA-05-4390-01A-01-BS1_x6608y7280,6608,7280,6496,7168,224
TCGA-05-4390-01A-01-BS1_x6832y7280,6832,7280,6720,7168,224
TCGA-05-4390-01A-01-BS1_x7056y7280,7056,7280,6944,7168,224
TCGA-05-4390-01A-01-BS1_x7280y7280,7280,7280,7168,7168,224
TCGA-05-4390-01A-01-BS1_x7504y7280,7504,7280,7392,7168,224
TCGA-05-4390-01A-01-BS1_x7728y7280,7728,7280,7616,7168,224
TCGA-05-4390-01A-01-BS1_x7952y7280,7952,7280,7840,7168,224
TCGA-05-4390-01A-01-BS1_x8176y7280,8176,7280,8064,7168,224
TCGA-05-4390-01A-01-BS1_x8400y7280,8400,7280,8288,7168,224
TCGA-05-4390-01A-01-BS1_x8624y7280,8624,7280,8512,7168,224
TCGA-05-4390-01A-01-BS1_x8848y7280,8848,7280,8736,7168,224
TCGA-05-4390-01A-01-BS1_x9072y7280,9072,7280,8960,7168,224
TCGA-05-4390-01A-01-BS1_x9296y7280,9296,7280,9184,7168,224
TCGA-05-4390-01A-01-BS1_x9520y7280,9520,7280,9408,7168,224
TCGA-05-4390-01A-01-BS1_x9744y7280,9744,7280,9632,7168,224
TCGA-05-4390-01A-01-BS1_x9968y7280,9968,7280,9856,7168,224
TCGA-05-4390-01A-01-BS1_x10192y7280,10192,7280,10080,7168,224
TCGA-05-4390-01A-01-BS1_x10416y7280,10416,7280,10304,7168,224
TCGA-05-4390-01A-01-BS1_x10640y7280,10640,7280,10528,7168,224
TCGA-05-4390-01A-01-BS1_x10864y7280,10864,7280,10752,7168,224
TCGA-05-4390-01A-01-BS1_x11088y7280,11088,7280,10976,7168,224
TCGA-05-4390-01A-01-BS1_x11312y7280,11312,7280,11200,7168,224
TCGA-05-4390-01A-01-BS1_x11536y7280,11536,7280,11424,7168,224
TCGA-05-4390-01A-01-BS1_x11760y7280,11760,7280,11648,7168,224
TCGA-05-4390-01A-01-BS1_x11984y7280,11984,7280,11872,7168,224
TCGA-05-4390-01A-01-BS1_x12208y7280,12208,7280,12096,7168,224
TCGA-05-4390-01A-01-BS1_x12432y7280,12432,7280,12320,7168,224
TCGA-05-4390-01A-01-BS1_x12656y7280,12656,7280,12544,7168,224
TCGA-05-4390-01A-01-BS1_x12880y7280,12880,7280,12768,7168,224
TCGA-05-4390-01A-01-BS1_x13104y7280,13104,7280,12992,7168,224
TCGA-05-4390-01A-01-BS1_x13328y7280,13328,7280,13216,7168,224
TCGA-05-4390-01A-01-BS1_x13552y7280,13552,7280,13440,7168,224
TCGA-05-4390-01A-01-BS1_x13776y7280,13776,7280,13664,7168,224
TCGA-05-4390-01A-01-BS1_x14000y7280,14000,7280,13888,7168,224
TCGA-05-4390-01A-01-BS1_x14224y7280,14224,7280,14112,7168,224
TCGA-05-4390-01A-01-BS1_x14448y7280,14448,7280,14336,7168,224
TCGA-05-4390-01A-01-BS1_x14672y7280,14672,7280,14560,7168,224
TCGA-05-4390-01A-01-BS1_x14896y7280,14896,7280,14784,7168,224
TCGA-05-4390-01A-01-BS1_x15120y7280,15120,7280,15008,7168,224
TCGA-05-4390-01A-01-BS1_x15344y7280,15344,7280,15232,7168,224
TCGA-05-4390-01A-01-BS1_x15568y7280,15568,7280,15456,7168,224
TCGA-05-4390-01A-01-BS1_x15792y7280,15792,7280,15680,7168,224
TCGA-05-4390-01A-01-BS1_x16016y7280,16016,7280,15904,7168,224
TCGA-05-4390-01A-01-BS1_x16240y7280,16240,7280,16128,7168,224
TCGA-05-4390-01A-01-BS1_x16464y7280,16464,7280,16352,7168,224
TCGA-05-4390-01A-01-BS1_x16688y7280,16688,7280,16576,7168,224
TCGA-05-4390-01A-01-BS1_x16912y7280,16912,7280,16800,7168,224
TCGA-05-4390-01A-01-BS1_x17136y7280,17136,7280,17024,7168,224
TCGA-05-4390-01A-01-BS1_x17360y7280,17360,7280,17248,7168,224
TCGA-05-4390-01A-01-BS1_x17584y7280,17584,7280,17472,7168,224
TCGA-05-4390-01A-01-BS1_x17808y7280,17808,7280,17696,7168,224
TCGA-05-4390-01A-01-BS1_x18032y7280,18032,7280,17920,7168,224
TCGA-05-4390-01A-01-BS1_x18256y7280,18256,7280,18144,7168,224
TCGA-05-4390-01A-01-BS1_x18480y7280,18480,7280,18368,7168,224
TCGA-05-4390-01A-01-BS1_x18704y7280,18704,7280,18592,7168,224
TCGA-05-4390-01A-01-BS1_x18928y7280,18928,7280,18816,7168,224
TCGA-05-4390-01A-01-BS1_x19152y7280,19152,7280,19040,7168,224
TCGA-05-4390-01A-01-BS1_x19376y7280,19376,7280,19264,7168,224
TCGA-05-4390-01A-01-BS1_x19600y7280,19600,7280,19488,7168,224
TCGA-05-4390-01A-01-BS1_x19824y7280,19824,7280,19712,7168,224
TCGA-05-4390-01A-01-BS1_x20048y7280,20048,7280,19936,7168,224
TCGA-05-4390-01A-01-BS1_x20272y7280,20272,7280,20160,7168,224
TCGA-05-4390-01A-01-BS1_x20496y7280,20496,7280,20384,7168,224
TCGA-05-4390-01A-01-BS1_x20720y7280,20720,7280,20608,7168,224
TCGA-05-4390-01A-01-BS1_x20944y7280,20944,7280,20832,7168,224
TCGA-05-4390-01A-01-BS1_x21168y7280,21168,7280,21056,7168,224
TCGA-05-4390-01A-01-BS1_x21392y7280,21392,7280,21280,7168,224
TCGA-05-4390-01A-01-BS1_x21616y7280,21616,7280,21504,7168,224
TCGA-05-4390-01A-01-BS1_x21840y7280,21840,7280,21728,7168,224
TCGA-05-4390-01A-01-BS1_x22064y7280,22064,7280,21952,7168,224
TCGA-05-4390-01A-01-BS1_x22288y7280,22288,7280,22176,7168,224
TCGA-05-4390-01A-01-BS1_x22512y7280,22512,7280,22400,7168,224
TCGA-05-4390-01A-01-BS1_x22736y7280,22736,7280,22624,7168,224
TCGA-05-4390-01A-01-BS1_x22960y7280,22960,7280,22848,7168,224
TCGA-05-4390-01A-01-BS1_x23184y7280,23184,7280,23072,7168,224
TCGA-05-4390-01A-01-BS1_x23408y7280,23408,7280,23296,7168,224
TCGA-05-4390-01A-01-BS1_x23632y7280,23632,7280,23520,7168,224
TCGA-05-4390-01A-01-BS1_x23856y7280,23856,7280,23744,7168,224
TCGA-05-4390-01A-01-BS1_x24080y7280,24080,7280,23968,7168,224
TCGA-05-4390-01A-01-BS1_x24304y7280,24304,7280,24192,7168,224
TCGA-05-4390-01A-01-BS1_x24528y7280,24528,7280,24416,7168,224
TCGA-05-4390-01A-01-BS1_x24752y7280,24752,7280,24640,7168,224
TCGA-05-4390-01A-01-BS1_x24976y7280,24976,7280,24864,7168,224
TCGA-05-4390-01A-01-BS1_x25200y7280,25200,7280,25088,7168,224
TCGA-05-4390-01A-01-BS1_x25424y7280,25424,7280,25312,7168,224
TCGA-05-4390-01A-01-BS1_x25648y7280,25648,7280,25536,7168,224
TCGA-05-4390-01A-01-BS1_x25872y7280,25872,7280,25760,7168,224
TCGA-05-4390-01A-01-BS1_x26096y7280,26096,7280,25984,7168,224
TCGA-05-4390-01A-01-BS1_x26320y7280,26320,7280,26208,7168,224
TCGA-05-4390-01A-01-BS1_x26544y7280,26544,7280,26432,7168,224
TCGA-05-4390-01A-01-BS1_x26768y7280,26768,7280,26656,7168,224
TCGA-05-4390-01A-01-BS1_x26992y7280,26992,7280,26880,7168,224
TCGA-05-4390-01A-01-BS1_x27216y7280,27216,7280,27104,7168,224
TCGA-05-4390-01A-01-BS1_x27440y7280,27440,7280,27328,7168,224
TCGA-05-4390-01A-01-BS1_x27664y7280,27664,7280,27552,7168,224
TCGA-05-4390-01A-01-BS1_x27888y7280,27888,7280,27776,7168,224
TCGA-05-4390-01A-01-BS1_x28112y7280,28112,7280,28000,7168,224
TCGA-05-4390-01A-01-BS1_x28336y7280,28336,7280,28224,7168,224
TCGA-05-4390-01A-01-BS1_x28560y7280,28560,7280,28448,7168,224
TCGA-05-4390-01A-01-BS1_x28784y7280,28784,7280,28672,7168,224
TCGA-05-4390-01A-01-BS1_x29008y7280,29008,7280,28896,7168,224
TCGA-05-4390-01A-01-BS1_x29232y7280,29232,7280,29120,7168,224
TCGA-05-4390-01A-01-BS1_x29456y7280,29456,7280,29344,7168,224
TCGA-05-4390-01A-01-BS1_x29680y7280,29680,7280,29568,7168,224
TCGA-05-4390-01A-01-BS1_x29904y7280,29904,7280,29792,7168,224
TCGA-05-4390-01A-01-BS1_x30128y7280,30128,7280,30016,7168,224
TCGA-05-4390-01A-01-BS1_x30352y7280,30352,7280,30240,7168,224
TCGA-05-4390-01A-01-BS1_x30576y7280,30576,7280,30464,7168,224
TCGA-05-4390-01A-01-BS1_x30800y7280,30800,7280,30688,7168,224
TCGA-05-4390-01A-01-BS1_x31024y7280,31024,7280,30912,7168,224
TCGA-05-4390-01A-01-BS1_x31248y7280,31248,7280,31136,7168,224
TCGA-05-4390-01A-01-BS1_x31472y7280,31472,7280,31360,7168,224
TCGA-05-4390-01A-01-BS1_x31696y7280,31696,7280,31584,7168,224
TCGA-05-4390-01A-01-BS1_x31920y7280,31920,7280,31808,7168,224
TCGA-05-4390-01A-01-BS1_x32144y7280,32144,7280,32032,7168,224
TCGA-05-4390-01A-01-BS1_x32368y7280,32368,7280,32256,7168,224
TCGA-05-4390-01A-01-BS1_x32592y7280,32592,7280,32480,7168,224
TCGA-05-4390-01A-01-BS1_x32816y7280,32816,7280,32704,7168,224
TCGA-05-4390-01A-01-BS1_x33040y7280,33040,7280,32928,7168,224
TCGA-05-4390-01A-01-BS1_x33264y7280,33264,7280,33152,7168,224
TCGA-05-4390-01A-01-BS1_x33488y7280,33488,7280,33376,7168,224
TCGA-05-4390-01A-01-BS1_x2352y7504,2352,7504,2240,7392,224
TCGA-05-4390-01A-01-BS1_x2576y7504,2576,7504,2464,7392,224
TCGA-05-4390-01A-01-BS1_x2800y7504,2800,7504,2688,7392,224
TCGA-05-4390-01A-01-BS1_x3024y7504,3024,7504,2912,7392,224
TCGA-05-4390-01A-01-BS1_x3248y7504,3248,7504,3136,7392,224
TCGA-05-4390-01A-01-BS1_x3472y7504,3472,7504,3360,7392,224
TCGA-05-4390-01A-01-BS1_x3696y7504,3696,7504,3584,7392,224
TCGA-05-4390-01A-01-BS1_x3920y7504,3920,7504,3808,7392,224
TCGA-05-4390-01A-01-BS1_x4144y7504,4144,7504,4032,7392,224
TCGA-05-4390-01A-01-BS1_x4368y7504,4368,7504,4256,7392,224
TCGA-05-4390-01A-01-BS1_x4592y7504,4592,7504,4480,7392,224
TCGA-05-4390-01A-01-BS1_x4816y7504,4816,7504,4704,7392,224
TCGA-05-4390-01A-01-BS1_x5040y7504,5040,7504,4928,7392,224
TCGA-05-4390-01A-01-BS1_x5264y7504,5264,7504,5152,7392,224
TCGA-05-4390-01A-01-BS1_x5488y7504,5488,7504,5376,7392,224
TCGA-05-4390-01A-01-BS1_x5712y7504,5712,7504,5600,7392,224
TCGA-05-4390-01A-01-BS1_x5936y7504,5936,7504,5824,7392,224
TCGA-05-4390-01A-01-BS1_x6160y7504,6160,7504,6048,7392,224
TCGA-05-4390-01A-01-BS1_x6384y7504,6384,7504,6272,7392,224
TCGA-05-4390-01A-01-BS1_x6608y7504,6608,7504,6496,7392,224
TCGA-05-4390-01A-01-BS1_x6832y7504,6832,7504,6720,7392,224
TCGA-05-4390-01A-01-BS1_x7056y7504,7056,7504,6944,7392,224
TCGA-05-4390-01A-01-BS1_x7280y7504,7280,7504,7168,7392,224
TCGA-05-4390-01A-01-BS1_x7504y7504,7504,7504,7392,7392,224
TCGA-05-4390-01A-01-BS1_x7728y7504,7728,7504,7616,7392,224
TCGA-05-4390-01A-01-BS1_x7952y7504,7952,7504,7840,7392,224
TCGA-05-4390-01A-01-BS1_x8176y7504,8176,7504,8064,7392,224
TCGA-05-4390-01A-01-BS1_x8400y7504,8400,7504,8288,7392,224
TCGA-05-4390-01A-01-BS1_x8624y7504,8624,7504,8512,7392,224
TCGA-05-4390-01A-01-BS1_x8848y7504,8848,7504,8736,7392,224
TCGA-05-4390-01A-01-BS1_x9072y7504,9072,7504,8960,7392,224
TCGA-05-4390-01A-01-BS1_x9296y7504,9296,7504,9184,7392,224
TCGA-05-4390-01A-01-BS1_x9520y7504,9520,7504,9408,7392,224
TCGA-05-4390-01A-01-BS1_x9744y7504,9744,7504,9632,7392,224
TCGA-05-4390-01A-01-BS1_x9968y7504,9968,7504,9856,7392,224
TCGA-05-4390-01A-01-BS1_x10192y7504,10192,7504,10080,7392,224
TCGA-05-4390-01A-01-BS1_x10416y7504,10416,7504,10304,7392,224
TCGA-05-4390-01A-01-BS1_x10640y7504,10640,7504,10528,7392,224
TCGA-05-4390-01A-01-BS1_x10864y7504,10864,7504,10752,7392,224
TCGA-05-4390-01A-01-BS1_x11088y7504,11088,7504,10976,7392,224
TCGA-05-4390-01A-01-BS1_x11312y7504,11312,7504,11200,7392,224
TCGA-05-4390-01A-01-BS1_x11536y7504,11536,7504,11424,7392,224
TCGA-05-4390-01A-01-BS1_x11760y7504,11760,7504,11648,7392,224
TCGA-05-4390-01A-01-BS1_x11984y7504,11984,7504,11872,7392,224
TCGA-05-4390-01A-01-BS1_x12208y7504,12208,7504,12096,7392,224
TCGA-05-4390-01A-01-BS1_x12432y7504,12432,7504,12320,7392,224
TCGA-05-4390-01A-01-BS1_x12656y7504,12656,7504,12544,7392,224
TCGA-05-4390-01A-01-BS1_x12880y7504,12880,7504,12768,7392,224
TCGA-05-4390-01A-01-BS1_x13104y7504,13104,7504,12992,7392,224
TCGA-05-4390-01A-01-BS1_x13328y7504,13328,7504,13216,7392,224
TCGA-05-4390-01A-01-BS1_x13552y7504,13552,7504,13440,7392,224
TCGA-05-4390-01A-01-BS1_x13776y7504,13776,7504,13664,7392,224
TCGA-05-4390-01A-01-BS1_x14000y7504,14000,7504,13888,7392,224
TCGA-05-4390-01A-01-BS1_x14224y7504,14224,7504,14112,7392,224
TCGA-05-4390-01A-01-BS1_x14448y7504,14448,7504,14336,7392,224
TCGA-05-4390-01A-01-BS1_x14672y7504,14672,7504,14560,7392,224
TCGA-05-4390-01A-01-BS1_x14896y7504,14896,7504,14784,7392,224
TCGA-05-4390-01A-01-BS1_x15120y7504,15120,7504,15008,7392,224
TCGA-05-4390-01A-01-BS1_x15344y7504,15344,7504,15232,7392,224
TCGA-05-4390-01A-01-BS1_x15568y7504,15568,7504,15456,7392,224
TCGA-05-4390-01A-01-BS1_x15792y7504,15792,7504,15680,7392,224
TCGA-05-4390-01A-01-BS1_x16016y7504,16016,7504,15904,7392,224
TCGA-05-4390-01A-01-BS1_x16240y7504,16240,7504,16128,7392,224
TCGA-05-4390-01A-01-BS1_x16464y7504,16464,7504,16352,7392,224
TCGA-05-4390-01A-01-BS1_x16688y7504,16688,7504,16576,7392,224
TCGA-05-4390-01A-01-BS1_x16912y7504,16912,7504,16800,7392,224
TCGA-05-4390-01A-01-BS1_x17136y7504,17136,7504,17024,7392,224
TCGA-05-4390-01A-01-BS1_x17360y7504,17360,7504,17248,7392,224
TCGA-05-4390-01A-01-BS1_x17584y7504,17584,7504,17472,7392,224
TCGA-05-4390-01A-01-BS1_x17808y7504,17808,7504,17696,7392,224
TCGA-05-4390-01A-01-BS1_x18032y7504,18032,7504,17920,7392,224
TCGA-05-4390-01A-01-BS1_x18256y7504,18256,7504,18144,7392,224
TCGA-05-4390-01A-01-BS1_x18480y7504,18480,7504,18368,7392,224
TCGA-05-4390-01A-01-BS1_x18704y7504,18704,7504,18592,7392,224
TCGA-05-4390-01A-01-BS1_x18928y7504,18928,7504,18816,7392,224
TCGA-05-4390-01A-01-BS1_x19152y7504,19152,7504,19040,7392,224
TCGA-05-4390-01A-01-BS1_x19376y7504,19376,7504,19264,7392,224
TCGA-05-4390-01A-01-BS1_x19600y7504,19600,7504,19488,7392,224
TCGA-05-4390-01A-01-BS1_x19824y7504,19824,7504,19712,7392,224
TCGA-05-4390-01A-01-BS1_x20048y7504,20048,7504,19936,7392,224
TCGA-05-4390-01A-01-BS1_x20272y7504,20272,7504,20160,7392,224
TCGA-05-4390-01A-01-BS1_x20496y7504,20496,7504,20384,7392,224
TCGA-05-4390-01A-01-BS1_x20720y7504,20720,7504,20608,7392,224
TCGA-05-4390-01A-01-BS1_x20944y7504,20944,7504,20832,7392,224
TCGA-05-4390-01A-01-BS1_x21168y7504,21168,7504,21056,7392,224
TCGA-05-4390-01A-01-BS1_x21392y7504,21392,7504,21280,7392,224
TCGA-05-4390-01A-01-BS1_x21616y7504,21616,7504,21504,7392,224
TCGA-05-4390-01A-01-BS1_x21840y7504,21840,7504,21728,7392,224
TCGA-05-4390-01A-01-BS1_x22064y7504,22064,7504,21952,7392,224
TCGA-05-4390-01A-01-BS1_x22288y7504,22288,7504,22176,7392,224
TCGA-05-4390-01A-01-BS1_x22512y7504,22512,7504,22400,7392,224
TCGA-05-4390-01A-01-BS1_x22736y7504,22736,7504,22624,7392,224
TCGA-05-4390-01A-01-BS1_x22960y7504,22960,7504,22848,7392,224
TCGA-05-4390-01A-01-BS1_x23184y7504,23184,7504,23072,7392,224
TCGA-05-4390-01A-01-BS1_x23408y7504,23408,7504,23296,7392,224
TCGA-05-4390-01A-01-BS1_x23632y7504,23632,7504,23520,7392,224
TCGA-05-4390-01A-01-BS1_x23856y7504,23856,7504,23744,7392,224
TCGA-05-4390-01A-01-BS1_x24080y7504,24080,7504,23968,7392,224
TCGA-05-4390-01A-01-BS1_x24304y7504,24304,7504,24192,7392,224
TCGA-05-4390-01A-01-BS1_x24528y7504,24528,7504,24416,7392,224
TCGA-05-4390-01A-01-BS1_x24752y7504,24752,7504,24640,7392,224
TCGA-05-4390-01A-01-BS1_x24976y7504,24976,7504,24864,7392,224
TCGA-05-4390-01A-01-BS1_x25200y7504,25200,7504,25088,7392,224
TCGA-05-4390-01A-01-BS1_x25424y7504,25424,7504,25312,7392,224
TCGA-05-4390-01A-01-BS1_x25648y7504,25648,7504,25536,7392,224
TCGA-05-4390-01A-01-BS1_x25872y7504,25872,7504,25760,7392,224
TCGA-05-4390-01A-01-BS1_x26096y7504,26096,7504,25984,7392,224
TCGA-05-4390-01A-01-BS1_x26320y7504,26320,7504,26208,7392,224
TCGA-05-4390-01A-01-BS1_x26544y7504,26544,7504,26432,7392,224
TCGA-05-4390-01A-01-BS1_x26768y7504,26768,7504,26656,7392,224
TCGA-05-4390-01A-01-BS1_x26992y7504,26992,7504,26880,7392,224
TCGA-05-4390-01A-01-BS1_x27216y7504,27216,7504,27104,7392,224
TCGA-05-4390-01A-01-BS1_x27440y7504,27440,7504,27328,7392,224
TCGA-05-4390-01A-01-BS1_x27664y7504,27664,7504,27552,7392,224
TCGA-05-4390-01A-01-BS1_x27888y7504,27888,7504,27776,7392,224
TCGA-05-4390-01A-01-BS1_x28112y7504,28112,7504,28000,7392,224
TCGA-05-4390-01A-01-BS1_x28336y7504,28336,7504,28224,7392,224
TCGA-05-4390-01A-01-BS1_x28560y7504,28560,7504,28448,7392,224
TCGA-05-4390-01A-01-BS1_x28784y7504,28784,7504,28672,7392,224
TCGA-05-4390-01A-01-BS1_x29008y7504,29008,7504,28896,7392,224
TCGA-05-4390-01A-01-BS1_x29232y7504,29232,7504,29120,7392,224
TCGA-05-4390-01A-01-BS1_x29456y7504,29456,7504,29344,7392,224
TCGA-05-4390-01A-01-BS1_x29680y7504,29680,7504,29568,7392,224
TCGA-05-4390-01A-01-BS1_x29904y7504,29904,7504,29792,7392,224
TCGA-05-4390-01A-01-BS1_x30128y7504,30128,7504,30016,7392,224
TCGA-05-4390-01A-01-BS1_x30352y7504,30352,7504,30240,7392,224
TCGA-05-4390-01A-01-BS1_x30576y7504,30576,7504,30464,7392,224
TCGA-05-4390-01A-01-BS1_x30800y7504,30800,7504,30688,7392,224
TCGA-05-4390-01A-01-BS1_x31024y7504,31024,7504,30912,7392,224
TCGA-05-4390-01A-01-BS1_x31248y7504,31248,7504,31136,7392,224
TCGA-05-4390-01A-01-BS1_x31472y7504,31472,7504,31360,7392,224
TCGA-05-4390-01A-01-BS1_x31696y7504,31696,7504,31584,7392,224
TCGA-05-4390-01A-01-BS1_x31920y7504,31920,7504,31808,7392,224
TCGA-05-4390-01A-01-BS1_x32144y7504,32144,7504,32032,7392,224
TCGA-05-4390-01A-01-BS1_x32368y7504,32368,7504,32256,7392,224
TCGA-05-4390-01A-01-BS1_x32592y7504,32592,7504,32480,7392,224
TCGA-05-4390-01A-01-BS1_x32816y7504,32816,7504,32704,7392,224
TCGA-05-4390-01A-01-BS1_x33040y7504,33040,7504,32928,7392,224
TCGA-05-4390-01A-01-BS1_x33264y7504,33264,7504,33152,7392,224
TCGA-05-4390-01A-01-BS1_x33488y7504,33488,7504,33376,7392,224
TCGA-05-4390-01A-01-BS1_x33712y7504,33712,7504,33600,7392,224
TCGA-05-4390-01A-01-BS1_x2352y7728,2352,7728,2240,7616,224
TCGA-05-4390-01A-01-BS1_x2576y7728,2576,7728,2464,7616,224
TCGA-05-4390-01A-01-BS1_x2800y7728,2800,7728,2688,7616,224
TCGA-05-4390-01A-01-BS1_x3024y7728,3024,7728,2912,7616,224
TCGA-05-4390-01A-01-BS1_x3248y7728,3248,7728,3136,7616,224
TCGA-05-4390-01A-01-BS1_x3472y7728,3472,7728,3360,7616,224
TCGA-05-4390-01A-01-BS1_x3696y7728,3696,7728,3584,7616,224
TCGA-05-4390-01A-01-BS1_x3920y7728,3920,7728,3808,7616,224
TCGA-05-4390-01A-01-BS1_x4144y7728,4144,7728,4032,7616,224
TCGA-05-4390-01A-01-BS1_x4368y7728,4368,7728,4256,7616,224
TCGA-05-4390-01A-01-BS1_x4592y7728,4592,7728,4480,7616,224
TCGA-05-4390-01A-01-BS1_x4816y7728,4816,7728,4704,7616,224
TCGA-05-4390-01A-01-BS1_x5040y7728,5040,7728,4928,7616,224
TCGA-05-4390-01A-01-BS1_x5264y7728,5264,7728,5152,7616,224
TCGA-05-4390-01A-01-BS1_x5488y7728,5488,7728,5376,7616,224
TCGA-05-4390-01A-01-BS1_x5712y7728,5712,7728,5600,7616,224
TCGA-05-4390-01A-01-BS1_x5936y7728,5936,7728,5824,7616,224
TCGA-05-4390-01A-01-BS1_x6160y7728,6160,7728,6048,7616,224
TCGA-05-4390-01A-01-BS1_x6384y7728,6384,7728,6272,7616,224
TCGA-05-4390-01A-01-BS1_x6608y7728,6608,7728,6496,7616,224
TCGA-05-4390-01A-01-BS1_x6832y7728,6832,7728,6720,7616,224
TCGA-05-4390-01A-01-BS1_x7056y7728,7056,7728,6944,7616,224
TCGA-05-4390-01A-01-BS1_x7280y7728,7280,7728,7168,7616,224
TCGA-05-4390-01A-01-BS1_x7504y7728,7504,7728,7392,7616,224
TCGA-05-4390-01A-01-BS1_x7728y7728,7728,7728,7616,7616,224
TCGA-05-4390-01A-01-BS1_x7952y7728,7952,7728,7840,7616,224
TCGA-05-4390-01A-01-BS1_x8176y7728,8176,7728,8064,7616,224
TCGA-05-4390-01A-01-BS1_x8400y7728,8400,7728,8288,7616,224
TCGA-05-4390-01A-01-BS1_x8624y7728,8624,7728,8512,7616,224
TCGA-05-4390-01A-01-BS1_x8848y7728,8848,7728,8736,7616,224
TCGA-05-4390-01A-01-BS1_x9072y7728,9072,7728,8960,7616,224
TCGA-05-4390-01A-01-BS1_x9296y7728,9296,7728,9184,7616,224
TCGA-05-4390-01A-01-BS1_x9520y7728,9520,7728,9408,7616,224
TCGA-05-4390-01A-01-BS1_x9744y7728,9744,7728,9632,7616,224
TCGA-05-4390-01A-01-BS1_x9968y7728,9968,7728,9856,7616,224
TCGA-05-4390-01A-01-BS1_x10192y7728,10192,7728,10080,7616,224
TCGA-05-4390-01A-01-BS1_x10416y7728,10416,7728,10304,7616,224
TCGA-05-4390-01A-01-BS1_x10640y7728,10640,7728,10528,7616,224
TCGA-05-4390-01A-01-BS1_x10864y7728,10864,7728,10752,7616,224
TCGA-05-4390-01A-01-BS1_x11088y7728,11088,7728,10976,7616,224
TCGA-05-4390-01A-01-BS1_x11312y7728,11312,7728,11200,7616,224
TCGA-05-4390-01A-01-BS1_x11536y7728,11536,7728,11424,7616,224
TCGA-05-4390-01A-01-BS1_x11760y7728,11760,7728,11648,7616,224
TCGA-05-4390-01A-01-BS1_x11984y7728,11984,7728,11872,7616,224
TCGA-05-4390-01A-01-BS1_x12208y7728,12208,7728,12096,7616,224
TCGA-05-4390-01A-01-BS1_x12432y7728,12432,7728,12320,7616,224
TCGA-05-4390-01A-01-BS1_x12656y7728,12656,7728,12544,7616,224
TCGA-05-4390-01A-01-BS1_x12880y7728,12880,7728,12768,7616,224
TCGA-05-4390-01A-01-BS1_x13104y7728,13104,7728,12992,7616,224
TCGA-05-4390-01A-01-BS1_x13328y7728,13328,7728,13216,7616,224
TCGA-05-4390-01A-01-BS1_x13552y7728,13552,7728,13440,7616,224
TCGA-05-4390-01A-01-BS1_x13776y7728,13776,7728,13664,7616,224
TCGA-05-4390-01A-01-BS1_x14000y7728,14000,7728,13888,7616,224
TCGA-05-4390-01A-01-BS1_x14224y7728,14224,7728,14112,7616,224
TCGA-05-4390-01A-01-BS1_x14448y7728,14448,7728,14336,7616,224
TCGA-05-4390-01A-01-BS1_x14672y7728,14672,7728,14560,7616,224
TCGA-05-4390-01A-01-BS1_x14896y7728,14896,7728,14784,7616,224
TCGA-05-4390-01A-01-BS1_x15120y7728,15120,7728,15008,7616,224
TCGA-05-4390-01A-01-BS1_x15344y7728,15344,7728,15232,7616,224
TCGA-05-4390-01A-01-BS1_x15568y7728,15568,7728,15456,7616,224
TCGA-05-4390-01A-01-BS1_x15792y7728,15792,7728,15680,7616,224
TCGA-05-4390-01A-01-BS1_x16016y7728,16016,7728,15904,7616,224
TCGA-05-4390-01A-01-BS1_x16240y7728,16240,7728,16128,7616,224
TCGA-05-4390-01A-01-BS1_x16464y7728,16464,7728,16352,7616,224
TCGA-05-4390-01A-01-BS1_x16688y7728,16688,7728,16576,7616,224
TCGA-05-4390-01A-01-BS1_x16912y7728,16912,7728,16800,7616,224
TCGA-05-4390-01A-01-BS1_x17136y7728,17136,7728,17024,7616,224
TCGA-05-4390-01A-01-BS1_x17360y7728,17360,7728,17248,7616,224
TCGA-05-4390-01A-01-BS1_x17584y7728,17584,7728,17472,7616,224
TCGA-05-4390-01A-01-BS1_x17808y7728,17808,7728,17696,7616,224
TCGA-05-4390-01A-01-BS1_x18032y7728,18032,7728,17920,7616,224
TCGA-05-4390-01A-01-BS1_x18256y7728,18256,7728,18144,7616,224
TCGA-05-4390-01A-01-BS1_x18480y7728,18480,7728,18368,7616,224
TCGA-05-4390-01A-01-BS1_x18704y7728,18704,7728,18592,7616,224
TCGA-05-4390-01A-01-BS1_x18928y7728,18928,7728,18816,7616,224
TCGA-05-4390-01A-01-BS1_x19152y7728,19152,7728,19040,7616,224
TCGA-05-4390-01A-01-BS1_x19376y7728,19376,7728,19264,7616,224
TCGA-05-4390-01A-01-BS1_x19600y7728,19600,7728,19488,7616,224
TCGA-05-4390-01A-01-BS1_x19824y7728,19824,7728,19712,7616,224
TCGA-05-4390-01A-01-BS1_x20048y7728,20048,7728,19936,7616,224
TCGA-05-4390-01A-01-BS1_x20272y7728,20272,7728,20160,7616,224
TCGA-05-4390-01A-01-BS1_x20496y7728,20496,7728,20384,7616,224
TCGA-05-4390-01A-01-BS1_x20720y7728,20720,7728,20608,7616,224
TCGA-05-4390-01A-01-BS1_x20944y7728,20944,7728,20832,7616,224
TCGA-05-4390-01A-01-BS1_x21168y7728,21168,7728,21056,7616,224
TCGA-05-4390-01A-01-BS1_x21392y7728,21392,7728,21280,7616,224
TCGA-05-4390-01A-01-BS1_x21616y7728,21616,7728,21504,7616,224
TCGA-05-4390-01A-01-BS1_x21840y7728,21840,7728,21728,7616,224
TCGA-05-4390-01A-01-BS1_x22064y7728,22064,7728,21952,7616,224
TCGA-05-4390-01A-01-BS1_x22288y7728,22288,7728,22176,7616,224
TCGA-05-4390-01A-01-BS1_x22512y7728,22512,7728,22400,7616,224
TCGA-05-4390-01A-01-BS1_x22736y7728,22736,7728,22624,7616,224
TCGA-05-4390-01A-01-BS1_x22960y7728,22960,7728,22848,7616,224
TCGA-05-4390-01A-01-BS1_x23184y7728,23184,7728,23072,7616,224
TCGA-05-4390-01A-01-BS1_x23408y7728,23408,7728,23296,7616,224
TCGA-05-4390-01A-01-BS1_x23632y7728,23632,7728,23520,7616,224
TCGA-05-4390-01A-01-BS1_x23856y7728,23856,7728,23744,7616,224
TCGA-05-4390-01A-01-BS1_x24080y7728,24080,7728,23968,7616,224
TCGA-05-4390-01A-01-BS1_x24304y7728,24304,7728,24192,7616,224
TCGA-05-4390-01A-01-BS1_x24528y7728,24528,7728,24416,7616,224
TCGA-05-4390-01A-01-BS1_x24752y7728,24752,7728,24640,7616,224
TCGA-05-4390-01A-01-BS1_x24976y7728,24976,7728,24864,7616,224
TCGA-05-4390-01A-01-BS1_x25424y7728,25424,7728,25312,7616,224
TCGA-05-4390-01A-01-BS1_x25648y7728,25648,7728,25536,7616,224
TCGA-05-4390-01A-01-BS1_x25872y7728,25872,7728,25760,7616,224
TCGA-05-4390-01A-01-BS1_x26096y7728,26096,7728,25984,7616,224
TCGA-05-4390-01A-01-BS1_x26320y7728,26320,7728,26208,7616,224
TCGA-05-4390-01A-01-BS1_x26544y7728,26544,7728,26432,7616,224
TCGA-05-4390-01A-01-BS1_x26768y7728,26768,7728,26656,7616,224
TCGA-05-4390-01A-01-BS1_x26992y7728,26992,7728,26880,7616,224
TCGA-05-4390-01A-01-BS1_x27216y7728,27216,7728,27104,7616,224
TCGA-05-4390-01A-01-BS1_x27440y7728,27440,7728,27328,7616,224
TCGA-05-4390-01A-01-BS1_x27664y7728,27664,7728,27552,7616,224
TCGA-05-4390-01A-01-BS1_x27888y7728,27888,7728,27776,7616,224
TCGA-05-4390-01A-01-BS1_x28112y7728,28112,7728,28000,7616,224
TCGA-05-4390-01A-01-BS1_x28336y7728,28336,7728,28224,7616,224
TCGA-05-4390-01A-01-BS1_x28560y7728,28560,7728,28448,7616,224
TCGA-05-4390-01A-01-BS1_x28784y7728,28784,7728,28672,7616,224
TCGA-05-4390-01A-01-BS1_x29008y7728,29008,7728,28896,7616,224
TCGA-05-4390-01A-01-BS1_x29232y7728,29232,7728,29120,7616,224
TCGA-05-4390-01A-01-BS1_x29456y7728,29456,7728,29344,7616,224
TCGA-05-4390-01A-01-BS1_x29680y7728,29680,7728,29568,7616,224
TCGA-05-4390-01A-01-BS1_x29904y7728,29904,7728,29792,7616,224
TCGA-05-4390-01A-01-BS1_x30128y7728,30128,7728,30016,7616,224
TCGA-05-4390-01A-01-BS1_x30352y7728,30352,7728,30240,7616,224
TCGA-05-4390-01A-01-BS1_x30576y7728,30576,7728,30464,7616,224
TCGA-05-4390-01A-01-BS1_x30800y7728,30800,7728,30688,7616,224
TCGA-05-4390-01A-01-BS1_x31024y7728,31024,7728,30912,7616,224
TCGA-05-4390-01A-01-BS1_x31248y7728,31248,7728,31136,7616,224
TCGA-05-4390-01A-01-BS1_x31472y7728,31472,7728,31360,7616,224
TCGA-05-4390-01A-01-BS1_x31696y7728,31696,7728,31584,7616,224
TCGA-05-4390-01A-01-BS1_x31920y7728,31920,7728,31808,7616,224
TCGA-05-4390-01A-01-BS1_x32144y7728,32144,7728,32032,7616,224
TCGA-05-4390-01A-01-BS1_x32368y7728,32368,7728,32256,7616,224
TCGA-05-4390-01A-01-BS1_x32592y7728,32592,7728,32480,7616,224
TCGA-05-4390-01A-01-BS1_x32816y7728,32816,7728,32704,7616,224
TCGA-05-4390-01A-01-BS1_x33040y7728,33040,7728,32928,7616,224
TCGA-05-4390-01A-01-BS1_x33264y7728,33264,7728,33152,7616,224
TCGA-05-4390-01A-01-BS1_x33488y7728,33488,7728,33376,7616,224
TCGA-05-4390-01A-01-BS1_x33712y7728,33712,7728,33600,7616,224
TCGA-05-4390-01A-01-BS1_x2352y7952,2352,7952,2240,7840,224
TCGA-05-4390-01A-01-BS1_x2576y7952,2576,7952,2464,7840,224
TCGA-05-4390-01A-01-BS1_x2800y7952,2800,7952,2688,7840,224
TCGA-05-4390-01A-01-BS1_x3024y7952,3024,7952,2912,7840,224
TCGA-05-4390-01A-01-BS1_x3248y7952,3248,7952,3136,7840,224
TCGA-05-4390-01A-01-BS1_x3472y7952,3472,7952,3360,7840,224
TCGA-05-4390-01A-01-BS1_x3696y7952,3696,7952,3584,7840,224
TCGA-05-4390-01A-01-BS1_x3920y7952,3920,7952,3808,7840,224
TCGA-05-4390-01A-01-BS1_x4144y7952,4144,7952,4032,7840,224
TCGA-05-4390-01A-01-BS1_x4368y7952,4368,7952,4256,7840,224
TCGA-05-4390-01A-01-BS1_x4592y7952,4592,7952,4480,7840,224
TCGA-05-4390-01A-01-BS1_x4816y7952,4816,7952,4704,7840,224
TCGA-05-4390-01A-01-BS1_x5040y7952,5040,7952,4928,7840,224
TCGA-05-4390-01A-01-BS1_x5264y7952,5264,7952,5152,7840,224
TCGA-05-4390-01A-01-BS1_x5488y7952,5488,7952,5376,7840,224
TCGA-05-4390-01A-01-BS1_x5712y7952,5712,7952,5600,7840,224
TCGA-05-4390-01A-01-BS1_x5936y7952,5936,7952,5824,7840,224
TCGA-05-4390-01A-01-BS1_x6160y7952,6160,7952,6048,7840,224
TCGA-05-4390-01A-01-BS1_x6384y7952,6384,7952,6272,7840,224
TCGA-05-4390-01A-01-BS1_x6608y7952,6608,7952,6496,7840,224
TCGA-05-4390-01A-01-BS1_x6832y7952,6832,7952,6720,7840,224
TCGA-05-4390-01A-01-BS1_x7056y7952,7056,7952,6944,7840,224
TCGA-05-4390-01A-01-BS1_x7280y7952,7280,7952,7168,7840,224
TCGA-05-4390-01A-01-BS1_x7504y7952,7504,7952,7392,7840,224
TCGA-05-4390-01A-01-BS1_x7728y7952,7728,7952,7616,7840,224
TCGA-05-4390-01A-01-BS1_x7952y7952,7952,7952,7840,7840,224
TCGA-05-4390-01A-01-BS1_x8176y7952,8176,7952,8064,7840,224
TCGA-05-4390-01A-01-BS1_x8400y7952,8400,7952,8288,7840,224
TCGA-05-4390-01A-01-BS1_x8624y7952,8624,7952,8512,7840,224
TCGA-05-4390-01A-01-BS1_x8848y7952,8848,7952,8736,7840,224
TCGA-05-4390-01A-01-BS1_x9072y7952,9072,7952,8960,7840,224
TCGA-05-4390-01A-01-BS1_x9296y7952,9296,7952,9184,7840,224
TCGA-05-4390-01A-01-BS1_x9520y7952,9520,7952,9408,7840,224
TCGA-05-4390-01A-01-BS1_x9744y7952,9744,7952,9632,7840,224
TCGA-05-4390-01A-01-BS1_x9968y7952,9968,7952,9856,7840,224
TCGA-05-4390-01A-01-BS1_x10192y7952,10192,7952,10080,7840,224
TCGA-05-4390-01A-01-BS1_x10416y7952,10416,7952,10304,7840,224
TCGA-05-4390-01A-01-BS1_x10640y7952,10640,7952,10528,7840,224
TCGA-05-4390-01A-01-BS1_x10864y7952,10864,7952,10752,7840,224
TCGA-05-4390-01A-01-BS1_x11088y7952,11088,7952,10976,7840,224
TCGA-05-4390-01A-01-BS1_x11312y7952,11312,7952,11200,7840,224
TCGA-05-4390-01A-01-BS1_x11536y7952,11536,7952,11424,7840,224
TCGA-05-4390-01A-01-BS1_x11760y7952,11760,7952,11648,7840,224
TCGA-05-4390-01A-01-BS1_x11984y7952,11984,7952,11872,7840,224
TCGA-05-4390-01A-01-BS1_x12208y7952,12208,7952,12096,7840,224
TCGA-05-4390-01A-01-BS1_x12432y7952,12432,7952,12320,7840,224
TCGA-05-4390-01A-01-BS1_x12656y7952,12656,7952,12544,7840,224
TCGA-05-4390-01A-01-BS1_x12880y7952,12880,7952,12768,7840,224
TCGA-05-4390-01A-01-BS1_x13104y7952,13104,7952,12992,7840,224
TCGA-05-4390-01A-01-BS1_x13328y7952,13328,7952,13216,7840,224
TCGA-05-4390-01A-01-BS1_x13552y7952,13552,7952,13440,7840,224
TCGA-05-4390-01A-01-BS1_x13776y7952,13776,7952,13664,7840,224
TCGA-05-4390-01A-01-BS1_x14000y7952,14000,7952,13888,7840,224
TCGA-05-4390-01A-01-BS1_x14224y7952,14224,7952,14112,7840,224
TCGA-05-4390-01A-01-BS1_x14448y7952,14448,7952,14336,7840,224
TCGA-05-4390-01A-01-BS1_x14672y7952,14672,7952,14560,7840,224
TCGA-05-4390-01A-01-BS1_x14896y7952,14896,7952,14784,7840,224
TCGA-05-4390-01A-01-BS1_x15120y7952,15120,7952,15008,7840,224
TCGA-05-4390-01A-01-BS1_x15344y7952,15344,7952,15232,7840,224
TCGA-05-4390-01A-01-BS1_x15568y7952,15568,7952,15456,7840,224
TCGA-05-4390-01A-01-BS1_x15792y7952,15792,7952,15680,7840,224
TCGA-05-4390-01A-01-BS1_x16016y7952,16016,7952,15904,7840,224
TCGA-05-4390-01A-01-BS1_x16240y7952,16240,7952,16128,7840,224
TCGA-05-4390-01A-01-BS1_x16464y7952,16464,7952,16352,7840,224
TCGA-05-4390-01A-01-BS1_x16688y7952,16688,7952,16576,7840,224
TCGA-05-4390-01A-01-BS1_x16912y7952,16912,7952,16800,7840,224
TCGA-05-4390-01A-01-BS1_x17136y7952,17136,7952,17024,7840,224
TCGA-05-4390-01A-01-BS1_x17360y7952,17360,7952,17248,7840,224
TCGA-05-4390-01A-01-BS1_x17584y7952,17584,7952,17472,7840,224
TCGA-05-4390-01A-01-BS1_x17808y7952,17808,7952,17696,7840,224
TCGA-05-4390-01A-01-BS1_x18032y7952,18032,7952,17920,7840,224
TCGA-05-4390-01A-01-BS1_x18256y7952,18256,7952,18144,7840,224
TCGA-05-4390-01A-01-BS1_x18480y7952,18480,7952,18368,7840,224
TCGA-05-4390-01A-01-BS1_x18704y7952,18704,7952,18592,7840,224
TCGA-05-4390-01A-01-BS1_x18928y7952,18928,7952,18816,7840,224
TCGA-05-4390-01A-01-BS1_x19152y7952,19152,7952,19040,7840,224
TCGA-05-4390-01A-01-BS1_x19376y7952,19376,7952,19264,7840,224
TCGA-05-4390-01A-01-BS1_x19600y7952,19600,7952,19488,7840,224
TCGA-05-4390-01A-01-BS1_x19824y7952,19824,7952,19712,7840,224
TCGA-05-4390-01A-01-BS1_x20048y7952,20048,7952,19936,7840,224
TCGA-05-4390-01A-01-BS1_x20272y7952,20272,7952,20160,7840,224
TCGA-05-4390-01A-01-BS1_x20496y7952,20496,7952,20384,7840,224
TCGA-05-4390-01A-01-BS1_x20720y7952,20720,7952,20608,7840,224
TCGA-05-4390-01A-01-BS1_x20944y7952,20944,7952,20832,7840,224
TCGA-05-4390-01A-01-BS1_x21168y7952,21168,7952,21056,7840,224
TCGA-05-4390-01A-01-BS1_x21392y7952,21392,7952,21280,7840,224
TCGA-05-4390-01A-01-BS1_x21616y7952,21616,7952,21504,7840,224
TCGA-05-4390-01A-01-BS1_x21840y7952,21840,7952,21728,7840,224
TCGA-05-4390-01A-01-BS1_x22064y7952,22064,7952,21952,7840,224
TCGA-05-4390-01A-01-BS1_x22288y7952,22288,7952,22176,7840,224
TCGA-05-4390-01A-01-BS1_x22512y7952,22512,7952,22400,7840,224
TCGA-05-4390-01A-01-BS1_x22736y7952,22736,7952,22624,7840,224
TCGA-05-4390-01A-01-BS1_x22960y7952,22960,7952,22848,7840,224
TCGA-05-4390-01A-01-BS1_x23184y7952,23184,7952,23072,7840,224
TCGA-05-4390-01A-01-BS1_x23408y7952,23408,7952,23296,7840,224
TCGA-05-4390-01A-01-BS1_x23632y7952,23632,7952,23520,7840,224
TCGA-05-4390-01A-01-BS1_x23856y7952,23856,7952,23744,7840,224
TCGA-05-4390-01A-01-BS1_x24080y7952,24080,7952,23968,7840,224
TCGA-05-4390-01A-01-BS1_x24304y7952,24304,7952,24192,7840,224
TCGA-05-4390-01A-01-BS1_x24528y7952,24528,7952,24416,7840,224
TCGA-05-4390-01A-01-BS1_x24752y7952,24752,7952,24640,7840,224
TCGA-05-4390-01A-01-BS1_x24976y7952,24976,7952,24864,7840,224
TCGA-05-4390-01A-01-BS1_x25424y7952,25424,7952,25312,7840,224
TCGA-05-4390-01A-01-BS1_x25648y7952,25648,7952,25536,7840,224
TCGA-05-4390-01A-01-BS1_x25872y7952,25872,7952,25760,7840,224
TCGA-05-4390-01A-01-BS1_x26096y7952,26096,7952,25984,7840,224
TCGA-05-4390-01A-01-BS1_x26320y7952,26320,7952,26208,7840,224
TCGA-05-4390-01A-01-BS1_x26544y7952,26544,7952,26432,7840,224
TCGA-05-4390-01A-01-BS1_x26768y7952,26768,7952,26656,7840,224
TCGA-05-4390-01A-01-BS1_x26992y7952,26992,7952,26880,7840,224
TCGA-05-4390-01A-01-BS1_x27216y7952,27216,7952,27104,7840,224
TCGA-05-4390-01A-01-BS1_x27440y7952,27440,7952,27328,7840,224
TCGA-05-4390-01A-01-BS1_x27664y7952,27664,7952,27552,7840,224
TCGA-05-4390-01A-01-BS1_x27888y7952,27888,7952,27776,7840,224
TCGA-05-4390-01A-01-BS1_x28112y7952,28112,7952,28000,7840,224
TCGA-05-4390-01A-01-BS1_x28336y7952,28336,7952,28224,7840,224
TCGA-05-4390-01A-01-BS1_x28560y7952,28560,7952,28448,7840,224
TCGA-05-4390-01A-01-BS1_x28784y7952,28784,7952,28672,7840,224
TCGA-05-4390-01A-01-BS1_x29008y7952,29008,7952,28896,7840,224
TCGA-05-4390-01A-01-BS1_x29232y7952,29232,7952,29120,7840,224
TCGA-05-4390-01A-01-BS1_x29456y7952,29456,7952,29344,7840,224
TCGA-05-4390-01A-01-BS1_x29680y7952,29680,7952,29568,7840,224
TCGA-05-4390-01A-01-BS1_x29904y7952,29904,7952,29792,7840,224
TCGA-05-4390-01A-01-BS1_x30128y7952,30128,7952,30016,7840,224
TCGA-05-4390-01A-01-BS1_x30352y7952,30352,7952,30240,7840,224
TCGA-05-4390-01A-01-BS1_x30576y7952,30576,7952,30464,7840,224
TCGA-05-4390-01A-01-BS1_x30800y7952,30800,7952,30688,7840,224
TCGA-05-4390-01A-01-BS1_x31024y7952,31024,7952,30912,7840,224
TCGA-05-4390-01A-01-BS1_x31248y7952,31248,7952,31136,7840,224
TCGA-05-4390-01A-01-BS1_x31472y7952,31472,7952,31360,7840,224
TCGA-05-4390-01A-01-BS1_x31696y7952,31696,7952,31584,7840,224
TCGA-05-4390-01A-01-BS1_x31920y7952,31920,7952,31808,7840,224
TCGA-05-4390-01A-01-BS1_x32144y7952,32144,7952,32032,7840,224
TCGA-05-4390-01A-01-BS1_x32368y7952,32368,7952,32256,7840,224
TCGA-05-4390-01A-01-BS1_x32592y7952,32592,7952,32480,7840,224
TCGA-05-4390-01A-01-BS1_x32816y7952,32816,7952,32704,7840,224
TCGA-05-4390-01A-01-BS1_x33040y7952,33040,7952,32928,7840,224
TCGA-05-4390-01A-01-BS1_x33264y7952,33264,7952,33152,7840,224
TCGA-05-4390-01A-01-BS1_x33488y7952,33488,7952,33376,7840,224
TCGA-05-4390-01A-01-BS1_x33712y7952,33712,7952,33600,7840,224
TCGA-05-4390-01A-01-BS1_x2352y8176,2352,8176,2240,8064,224
TCGA-05-4390-01A-01-BS1_x2576y8176,2576,8176,2464,8064,224
TCGA-05-4390-01A-01-BS1_x2800y8176,2800,8176,2688,8064,224
TCGA-05-4390-01A-01-BS1_x3024y8176,3024,8176,2912,8064,224
TCGA-05-4390-01A-01-BS1_x3248y8176,3248,8176,3136,8064,224
TCGA-05-4390-01A-01-BS1_x3472y8176,3472,8176,3360,8064,224
TCGA-05-4390-01A-01-BS1_x3696y8176,3696,8176,3584,8064,224
TCGA-05-4390-01A-01-BS1_x3920y8176,3920,8176,3808,8064,224
TCGA-05-4390-01A-01-BS1_x4144y8176,4144,8176,4032,8064,224
TCGA-05-4390-01A-01-BS1_x4368y8176,4368,8176,4256,8064,224
TCGA-05-4390-01A-01-BS1_x4592y8176,4592,8176,4480,8064,224
TCGA-05-4390-01A-01-BS1_x4816y8176,4816,8176,4704,8064,224
TCGA-05-4390-01A-01-BS1_x5040y8176,5040,8176,4928,8064,224
TCGA-05-4390-01A-01-BS1_x5264y8176,5264,8176,5152,8064,224
TCGA-05-4390-01A-01-BS1_x5488y8176,5488,8176,5376,8064,224
TCGA-05-4390-01A-01-BS1_x5712y8176,5712,8176,5600,8064,224
TCGA-05-4390-01A-01-BS1_x5936y8176,5936,8176,5824,8064,224
TCGA-05-4390-01A-01-BS1_x6160y8176,6160,8176,6048,8064,224
TCGA-05-4390-01A-01-BS1_x6384y8176,6384,8176,6272,8064,224
TCGA-05-4390-01A-01-BS1_x6608y8176,6608,8176,6496,8064,224
TCGA-05-4390-01A-01-BS1_x6832y8176,6832,8176,6720,8064,224
TCGA-05-4390-01A-01-BS1_x7056y8176,7056,8176,6944,8064,224
TCGA-05-4390-01A-01-BS1_x7280y8176,7280,8176,7168,8064,224
TCGA-05-4390-01A-01-BS1_x7504y8176,7504,8176,7392,8064,224
TCGA-05-4390-01A-01-BS1_x7728y8176,7728,8176,7616,8064,224
TCGA-05-4390-01A-01-BS1_x7952y8176,7952,8176,7840,8064,224
TCGA-05-4390-01A-01-BS1_x8176y8176,8176,8176,8064,8064,224
TCGA-05-4390-01A-01-BS1_x8400y8176,8400,8176,8288,8064,224
TCGA-05-4390-01A-01-BS1_x8624y8176,8624,8176,8512,8064,224
TCGA-05-4390-01A-01-BS1_x8848y8176,8848,8176,8736,8064,224
TCGA-05-4390-01A-01-BS1_x9072y8176,9072,8176,8960,8064,224
TCGA-05-4390-01A-01-BS1_x9296y8176,9296,8176,9184,8064,224
TCGA-05-4390-01A-01-BS1_x9520y8176,9520,8176,9408,8064,224
TCGA-05-4390-01A-01-BS1_x9744y8176,9744,8176,9632,8064,224
TCGA-05-4390-01A-01-BS1_x9968y8176,9968,8176,9856,8064,224
TCGA-05-4390-01A-01-BS1_x10192y8176,10192,8176,10080,8064,224
TCGA-05-4390-01A-01-BS1_x10416y8176,10416,8176,10304,8064,224
TCGA-05-4390-01A-01-BS1_x10640y8176,10640,8176,10528,8064,224
TCGA-05-4390-01A-01-BS1_x10864y8176,10864,8176,10752,8064,224
TCGA-05-4390-01A-01-BS1_x11088y8176,11088,8176,10976,8064,224
TCGA-05-4390-01A-01-BS1_x11312y8176,11312,8176,11200,8064,224
TCGA-05-4390-01A-01-BS1_x11536y8176,11536,8176,11424,8064,224
TCGA-05-4390-01A-01-BS1_x11760y8176,11760,8176,11648,8064,224
TCGA-05-4390-01A-01-BS1_x11984y8176,11984,8176,11872,8064,224
TCGA-05-4390-01A-01-BS1_x12208y8176,12208,8176,12096,8064,224
TCGA-05-4390-01A-01-BS1_x12432y8176,12432,8176,12320,8064,224
TCGA-05-4390-01A-01-BS1_x12656y8176,12656,8176,12544,8064,224
TCGA-05-4390-01A-01-BS1_x12880y8176,12880,8176,12768,8064,224
TCGA-05-4390-01A-01-BS1_x13104y8176,13104,8176,12992,8064,224
TCGA-05-4390-01A-01-BS1_x13328y8176,13328,8176,13216,8064,224
TCGA-05-4390-01A-01-BS1_x13552y8176,13552,8176,13440,8064,224
TCGA-05-4390-01A-01-BS1_x13776y8176,13776,8176,13664,8064,224
TCGA-05-4390-01A-01-BS1_x14000y8176,14000,8176,13888,8064,224
TCGA-05-4390-01A-01-BS1_x14224y8176,14224,8176,14112,8064,224
TCGA-05-4390-01A-01-BS1_x14448y8176,14448,8176,14336,8064,224
TCGA-05-4390-01A-01-BS1_x14672y8176,14672,8176,14560,8064,224
TCGA-05-4390-01A-01-BS1_x14896y8176,14896,8176,14784,8064,224
TCGA-05-4390-01A-01-BS1_x15120y8176,15120,8176,15008,8064,224
TCGA-05-4390-01A-01-BS1_x15344y8176,15344,8176,15232,8064,224
TCGA-05-4390-01A-01-BS1_x15568y8176,15568,8176,15456,8064,224
TCGA-05-4390-01A-01-BS1_x15792y8176,15792,8176,15680,8064,224
TCGA-05-4390-01A-01-BS1_x16016y8176,16016,8176,15904,8064,224
TCGA-05-4390-01A-01-BS1_x16240y8176,16240,8176,16128,8064,224
TCGA-05-4390-01A-01-BS1_x16464y8176,16464,8176,16352,8064,224
TCGA-05-4390-01A-01-BS1_x16688y8176,16688,8176,16576,8064,224
TCGA-05-4390-01A-01-BS1_x16912y8176,16912,8176,16800,8064,224
TCGA-05-4390-01A-01-BS1_x17136y8176,17136,8176,17024,8064,224
TCGA-05-4390-01A-01-BS1_x17360y8176,17360,8176,17248,8064,224
TCGA-05-4390-01A-01-BS1_x17584y8176,17584,8176,17472,8064,224
TCGA-05-4390-01A-01-BS1_x17808y8176,17808,8176,17696,8064,224
TCGA-05-4390-01A-01-BS1_x18032y8176,18032,8176,17920,8064,224
TCGA-05-4390-01A-01-BS1_x18256y8176,18256,8176,18144,8064,224
TCGA-05-4390-01A-01-BS1_x18480y8176,18480,8176,18368,8064,224
TCGA-05-4390-01A-01-BS1_x18704y8176,18704,8176,18592,8064,224
TCGA-05-4390-01A-01-BS1_x18928y8176,18928,8176,18816,8064,224
TCGA-05-4390-01A-01-BS1_x19152y8176,19152,8176,19040,8064,224
TCGA-05-4390-01A-01-BS1_x19376y8176,19376,8176,19264,8064,224
TCGA-05-4390-01A-01-BS1_x19600y8176,19600,8176,19488,8064,224
TCGA-05-4390-01A-01-BS1_x19824y8176,19824,8176,19712,8064,224
TCGA-05-4390-01A-01-BS1_x20048y8176,20048,8176,19936,8064,224
TCGA-05-4390-01A-01-BS1_x20272y8176,20272,8176,20160,8064,224
TCGA-05-4390-01A-01-BS1_x20496y8176,20496,8176,20384,8064,224
TCGA-05-4390-01A-01-BS1_x20720y8176,20720,8176,20608,8064,224
TCGA-05-4390-01A-01-BS1_x20944y8176,20944,8176,20832,8064,224
TCGA-05-4390-01A-01-BS1_x21168y8176,21168,8176,21056,8064,224
TCGA-05-4390-01A-01-BS1_x21392y8176,21392,8176,21280,8064,224
TCGA-05-4390-01A-01-BS1_x21616y8176,21616,8176,21504,8064,224
TCGA-05-4390-01A-01-BS1_x21840y8176,21840,8176,21728,8064,224
TCGA-05-4390-01A-01-BS1_x22064y8176,22064,8176,21952,8064,224
TCGA-05-4390-01A-01-BS1_x22288y8176,22288,8176,22176,8064,224
TCGA-05-4390-01A-01-BS1_x22512y8176,22512,8176,22400,8064,224
TCGA-05-4390-01A-01-BS1_x22736y8176,22736,8176,22624,8064,224
TCGA-05-4390-01A-01-BS1_x22960y8176,22960,8176,22848,8064,224
TCGA-05-4390-01A-01-BS1_x23184y8176,23184,8176,23072,8064,224
TCGA-05-4390-01A-01-BS1_x23408y8176,23408,8176,23296,8064,224
TCGA-05-4390-01A-01-BS1_x23632y8176,23632,8176,23520,8064,224
TCGA-05-4390-01A-01-BS1_x23856y8176,23856,8176,23744,8064,224
TCGA-05-4390-01A-01-BS1_x24080y8176,24080,8176,23968,8064,224
TCGA-05-4390-01A-01-BS1_x24304y8176,24304,8176,24192,8064,224
TCGA-05-4390-01A-01-BS1_x24528y8176,24528,8176,24416,8064,224
TCGA-05-4390-01A-01-BS1_x24752y8176,24752,8176,24640,8064,224
TCGA-05-4390-01A-01-BS1_x24976y8176,24976,8176,24864,8064,224
TCGA-05-4390-01A-01-BS1_x25424y8176,25424,8176,25312,8064,224
TCGA-05-4390-01A-01-BS1_x25648y8176,25648,8176,25536,8064,224
TCGA-05-4390-01A-01-BS1_x25872y8176,25872,8176,25760,8064,224
TCGA-05-4390-01A-01-BS1_x26096y8176,26096,8176,25984,8064,224
TCGA-05-4390-01A-01-BS1_x26320y8176,26320,8176,26208,8064,224
TCGA-05-4390-01A-01-BS1_x26544y8176,26544,8176,26432,8064,224
TCGA-05-4390-01A-01-BS1_x26768y8176,26768,8176,26656,8064,224
TCGA-05-4390-01A-01-BS1_x26992y8176,26992,8176,26880,8064,224
TCGA-05-4390-01A-01-BS1_x27216y8176,27216,8176,27104,8064,224
TCGA-05-4390-01A-01-BS1_x27440y8176,27440,8176,27328,8064,224
TCGA-05-4390-01A-01-BS1_x27664y8176,27664,8176,27552,8064,224
TCGA-05-4390-01A-01-BS1_x27888y8176,27888,8176,27776,8064,224
TCGA-05-4390-01A-01-BS1_x28112y8176,28112,8176,28000,8064,224
TCGA-05-4390-01A-01-BS1_x28336y8176,28336,8176,28224,8064,224
TCGA-05-4390-01A-01-BS1_x28560y8176,28560,8176,28448,8064,224
TCGA-05-4390-01A-01-BS1_x28784y8176,28784,8176,28672,8064,224
TCGA-05-4390-01A-01-BS1_x29008y8176,29008,8176,28896,8064,224
TCGA-05-4390-01A-01-BS1_x29232y8176,29232,8176,29120,8064,224
TCGA-05-4390-01A-01-BS1_x29456y8176,29456,8176,29344,8064,224
TCGA-05-4390-01A-01-BS1_x29680y8176,29680,8176,29568,8064,224
TCGA-05-4390-01A-01-BS1_x29904y8176,29904,8176,29792,8064,224
TCGA-05-4390-01A-01-BS1_x30128y8176,30128,8176,30016,8064,224
TCGA-05-4390-01A-01-BS1_x30352y8176,30352,8176,30240,8064,224
TCGA-05-4390-01A-01-BS1_x30576y8176,30576,8176,30464,8064,224
TCGA-05-4390-01A-01-BS1_x30800y8176,30800,8176,30688,8064,224
TCGA-05-4390-01A-01-BS1_x31024y8176,31024,8176,30912,8064,224
TCGA-05-4390-01A-01-BS1_x31248y8176,31248,8176,31136,8064,224
TCGA-05-4390-01A-01-BS1_x31472y8176,31472,8176,31360,8064,224
TCGA-05-4390-01A-01-BS1_x31696y8176,31696,8176,31584,8064,224
TCGA-05-4390-01A-01-BS1_x31920y8176,31920,8176,31808,8064,224
TCGA-05-4390-01A-01-BS1_x32144y8176,32144,8176,32032,8064,224
TCGA-05-4390-01A-01-BS1_x32368y8176,32368,8176,32256,8064,224
TCGA-05-4390-01A-01-BS1_x32592y8176,32592,8176,32480,8064,224
TCGA-05-4390-01A-01-BS1_x32816y8176,32816,8176,32704,8064,224
TCGA-05-4390-01A-01-BS1_x33040y8176,33040,8176,32928,8064,224
TCGA-05-4390-01A-01-BS1_x33264y8176,33264,8176,33152,8064,224
TCGA-05-4390-01A-01-BS1_x33488y8176,33488,8176,33376,8064,224
TCGA-05-4390-01A-01-BS1_x33712y8176,33712,8176,33600,8064,224
TCGA-05-4390-01A-01-BS1_x2352y8400,2352,8400,2240,8288,224
TCGA-05-4390-01A-01-BS1_x2576y8400,2576,8400,2464,8288,224
TCGA-05-4390-01A-01-BS1_x2800y8400,2800,8400,2688,8288,224
TCGA-05-4390-01A-01-BS1_x3024y8400,3024,8400,2912,8288,224
TCGA-05-4390-01A-01-BS1_x3248y8400,3248,8400,3136,8288,224
TCGA-05-4390-01A-01-BS1_x3472y8400,3472,8400,3360,8288,224
TCGA-05-4390-01A-01-BS1_x3696y8400,3696,8400,3584,8288,224
TCGA-05-4390-01A-01-BS1_x3920y8400,3920,8400,3808,8288,224
TCGA-05-4390-01A-01-BS1_x4144y8400,4144,8400,4032,8288,224
TCGA-05-4390-01A-01-BS1_x4368y8400,4368,8400,4256,8288,224
TCGA-05-4390-01A-01-BS1_x4592y8400,4592,8400,4480,8288,224
TCGA-05-4390-01A-01-BS1_x4816y8400,4816,8400,4704,8288,224
TCGA-05-4390-01A-01-BS1_x5040y8400,5040,8400,4928,8288,224
TCGA-05-4390-01A-01-BS1_x5264y8400,5264,8400,5152,8288,224
TCGA-05-4390-01A-01-BS1_x5488y8400,5488,8400,5376,8288,224
TCGA-05-4390-01A-01-BS1_x5712y8400,5712,8400,5600,8288,224
TCGA-05-4390-01A-01-BS1_x5936y8400,5936,8400,5824,8288,224
TCGA-05-4390-01A-01-BS1_x6160y8400,6160,8400,6048,8288,224
TCGA-05-4390-01A-01-BS1_x6384y8400,6384,8400,6272,8288,224
TCGA-05-4390-01A-01-BS1_x6608y8400,6608,8400,6496,8288,224
TCGA-05-4390-01A-01-BS1_x6832y8400,6832,8400,6720,8288,224
TCGA-05-4390-01A-01-BS1_x7056y8400,7056,8400,6944,8288,224
TCGA-05-4390-01A-01-BS1_x7280y8400,7280,8400,7168,8288,224
TCGA-05-4390-01A-01-BS1_x7504y8400,7504,8400,7392,8288,224
TCGA-05-4390-01A-01-BS1_x7728y8400,7728,8400,7616,8288,224
TCGA-05-4390-01A-01-BS1_x7952y8400,7952,8400,7840,8288,224
TCGA-05-4390-01A-01-BS1_x8176y8400,8176,8400,8064,8288,224
TCGA-05-4390-01A-01-BS1_x8400y8400,8400,8400,8288,8288,224
TCGA-05-4390-01A-01-BS1_x8624y8400,8624,8400,8512,8288,224
TCGA-05-4390-01A-01-BS1_x8848y8400,8848,8400,8736,8288,224
TCGA-05-4390-01A-01-BS1_x9072y8400,9072,8400,8960,8288,224
TCGA-05-4390-01A-01-BS1_x9296y8400,9296,8400,9184,8288,224
TCGA-05-4390-01A-01-BS1_x9520y8400,9520,8400,9408,8288,224
TCGA-05-4390-01A-01-BS1_x9744y8400,9744,8400,9632,8288,224
TCGA-05-4390-01A-01-BS1_x9968y8400,9968,8400,9856,8288,224
TCGA-05-4390-01A-01-BS1_x10192y8400,10192,8400,10080,8288,224
TCGA-05-4390-01A-01-BS1_x10416y8400,10416,8400,10304,8288,224
TCGA-05-4390-01A-01-BS1_x10640y8400,10640,8400,10528,8288,224
TCGA-05-4390-01A-01-BS1_x10864y8400,10864,8400,10752,8288,224
TCGA-05-4390-01A-01-BS1_x11088y8400,11088,8400,10976,8288,224
TCGA-05-4390-01A-01-BS1_x11312y8400,11312,8400,11200,8288,224
TCGA-05-4390-01A-01-BS1_x11536y8400,11536,8400,11424,8288,224
TCGA-05-4390-01A-01-BS1_x11760y8400,11760,8400,11648,8288,224
TCGA-05-4390-01A-01-BS1_x11984y8400,11984,8400,11872,8288,224
TCGA-05-4390-01A-01-BS1_x12208y8400,12208,8400,12096,8288,224
TCGA-05-4390-01A-01-BS1_x12432y8400,12432,8400,12320,8288,224
TCGA-05-4390-01A-01-BS1_x12656y8400,12656,8400,12544,8288,224
TCGA-05-4390-01A-01-BS1_x12880y8400,12880,8400,12768,8288,224
TCGA-05-4390-01A-01-BS1_x13104y8400,13104,8400,12992,8288,224
TCGA-05-4390-01A-01-BS1_x13328y8400,13328,8400,13216,8288,224
TCGA-05-4390-01A-01-BS1_x13552y8400,13552,8400,13440,8288,224
TCGA-05-4390-01A-01-BS1_x13776y8400,13776,8400,13664,8288,224
TCGA-05-4390-01A-01-BS1_x14000y8400,14000,8400,13888,8288,224
TCGA-05-4390-01A-01-BS1_x14224y8400,14224,8400,14112,8288,224
TCGA-05-4390-01A-01-BS1_x14448y8400,14448,8400,14336,8288,224
TCGA-05-4390-01A-01-BS1_x14672y8400,14672,8400,14560,8288,224
TCGA-05-4390-01A-01-BS1_x14896y8400,14896,8400,14784,8288,224
TCGA-05-4390-01A-01-BS1_x15120y8400,15120,8400,15008,8288,224
TCGA-05-4390-01A-01-BS1_x15344y8400,15344,8400,15232,8288,224
TCGA-05-4390-01A-01-BS1_x15568y8400,15568,8400,15456,8288,224
TCGA-05-4390-01A-01-BS1_x15792y8400,15792,8400,15680,8288,224
TCGA-05-4390-01A-01-BS1_x16016y8400,16016,8400,15904,8288,224
TCGA-05-4390-01A-01-BS1_x16240y8400,16240,8400,16128,8288,224
TCGA-05-4390-01A-01-BS1_x16464y8400,16464,8400,16352,8288,224
TCGA-05-4390-01A-01-BS1_x16688y8400,16688,8400,16576,8288,224
TCGA-05-4390-01A-01-BS1_x16912y8400,16912,8400,16800,8288,224
TCGA-05-4390-01A-01-BS1_x17136y8400,17136,8400,17024,8288,224
TCGA-05-4390-01A-01-BS1_x17360y8400,17360,8400,17248,8288,224
TCGA-05-4390-01A-01-BS1_x17584y8400,17584,8400,17472,8288,224
TCGA-05-4390-01A-01-BS1_x17808y8400,17808,8400,17696,8288,224
TCGA-05-4390-01A-01-BS1_x18032y8400,18032,8400,17920,8288,224
TCGA-05-4390-01A-01-BS1_x18256y8400,18256,8400,18144,8288,224
TCGA-05-4390-01A-01-BS1_x18480y8400,18480,8400,18368,8288,224
TCGA-05-4390-01A-01-BS1_x18704y8400,18704,8400,18592,8288,224
TCGA-05-4390-01A-01-BS1_x18928y8400,18928,8400,18816,8288,224
TCGA-05-4390-01A-01-BS1_x19152y8400,19152,8400,19040,8288,224
TCGA-05-4390-01A-01-BS1_x19376y8400,19376,8400,19264,8288,224
TCGA-05-4390-01A-01-BS1_x19600y8400,19600,8400,19488,8288,224
TCGA-05-4390-01A-01-BS1_x19824y8400,19824,8400,19712,8288,224
TCGA-05-4390-01A-01-BS1_x20048y8400,20048,8400,19936,8288,224
TCGA-05-4390-01A-01-BS1_x20272y8400,20272,8400,20160,8288,224
TCGA-05-4390-01A-01-BS1_x20496y8400,20496,8400,20384,8288,224
TCGA-05-4390-01A-01-BS1_x20720y8400,20720,8400,20608,8288,224
TCGA-05-4390-01A-01-BS1_x20944y8400,20944,8400,20832,8288,224
TCGA-05-4390-01A-01-BS1_x21168y8400,21168,8400,21056,8288,224
TCGA-05-4390-01A-01-BS1_x21392y8400,21392,8400,21280,8288,224
TCGA-05-4390-01A-01-BS1_x21616y8400,21616,8400,21504,8288,224
TCGA-05-4390-01A-01-BS1_x21840y8400,21840,8400,21728,8288,224
TCGA-05-4390-01A-01-BS1_x22064y8400,22064,8400,21952,8288,224
TCGA-05-4390-01A-01-BS1_x22288y8400,22288,8400,22176,8288,224
TCGA-05-4390-01A-01-BS1_x22512y8400,22512,8400,22400,8288,224
TCGA-05-4390-01A-01-BS1_x22736y8400,22736,8400,22624,8288,224
TCGA-05-4390-01A-01-BS1_x22960y8400,22960,8400,22848,8288,224
TCGA-05-4390-01A-01-BS1_x23184y8400,23184,8400,23072,8288,224
TCGA-05-4390-01A-01-BS1_x23408y8400,23408,8400,23296,8288,224
TCGA-05-4390-01A-01-BS1_x23632y8400,23632,8400,23520,8288,224
TCGA-05-4390-01A-01-BS1_x23856y8400,23856,8400,23744,8288,224
TCGA-05-4390-01A-01-BS1_x24080y8400,24080,8400,23968,8288,224
TCGA-05-4390-01A-01-BS1_x24304y8400,24304,8400,24192,8288,224
TCGA-05-4390-01A-01-BS1_x24528y8400,24528,8400,24416,8288,224
TCGA-05-4390-01A-01-BS1_x24752y8400,24752,8400,24640,8288,224
TCGA-05-4390-01A-01-BS1_x24976y8400,24976,8400,24864,8288,224
TCGA-05-4390-01A-01-BS1_x25200y8400,25200,8400,25088,8288,224
TCGA-05-4390-01A-01-BS1_x25424y8400,25424,8400,25312,8288,224
TCGA-05-4390-01A-01-BS1_x25648y8400,25648,8400,25536,8288,224
TCGA-05-4390-01A-01-BS1_x25872y8400,25872,8400,25760,8288,224
TCGA-05-4390-01A-01-BS1_x26096y8400,26096,8400,25984,8288,224
TCGA-05-4390-01A-01-BS1_x26320y8400,26320,8400,26208,8288,224
TCGA-05-4390-01A-01-BS1_x26544y8400,26544,8400,26432,8288,224
TCGA-05-4390-01A-01-BS1_x26768y8400,26768,8400,26656,8288,224
TCGA-05-4390-01A-01-BS1_x26992y8400,26992,8400,26880,8288,224
TCGA-05-4390-01A-01-BS1_x27216y8400,27216,8400,27104,8288,224
TCGA-05-4390-01A-01-BS1_x27440y8400,27440,8400,27328,8288,224
TCGA-05-4390-01A-01-BS1_x27664y8400,27664,8400,27552,8288,224
TCGA-05-4390-01A-01-BS1_x27888y8400,27888,8400,27776,8288,224
TCGA-05-4390-01A-01-BS1_x28112y8400,28112,8400,28000,8288,224
TCGA-05-4390-01A-01-BS1_x28336y8400,28336,8400,28224,8288,224
TCGA-05-4390-01A-01-BS1_x28560y8400,28560,8400,28448,8288,224
TCGA-05-4390-01A-01-BS1_x28784y8400,28784,8400,28672,8288,224
TCGA-05-4390-01A-01-BS1_x29008y8400,29008,8400,28896,8288,224
TCGA-05-4390-01A-01-BS1_x29232y8400,29232,8400,29120,8288,224
TCGA-05-4390-01A-01-BS1_x29456y8400,29456,8400,29344,8288,224
TCGA-05-4390-01A-01-BS1_x29680y8400,29680,8400,29568,8288,224
TCGA-05-4390-01A-01-BS1_x29904y8400,29904,8400,29792,8288,224
TCGA-05-4390-01A-01-BS1_x30128y8400,30128,8400,30016,8288,224
TCGA-05-4390-01A-01-BS1_x30352y8400,30352,8400,30240,8288,224
TCGA-05-4390-01A-01-BS1_x30576y8400,30576,8400,30464,8288,224
TCGA-05-4390-01A-01-BS1_x30800y8400,30800,8400,30688,8288,224
TCGA-05-4390-01A-01-BS1_x31024y8400,31024,8400,30912,8288,224
TCGA-05-4390-01A-01-BS1_x31248y8400,31248,8400,31136,8288,224
TCGA-05-4390-01A-01-BS1_x31472y8400,31472,8400,31360,8288,224
TCGA-05-4390-01A-01-BS1_x31696y8400,31696,8400,31584,8288,224
TCGA-05-4390-01A-01-BS1_x31920y8400,31920,8400,31808,8288,224
TCGA-05-4390-01A-01-BS1_x32144y8400,32144,8400,32032,8288,224
TCGA-05-4390-01A-01-BS1_x32368y8400,32368,8400,32256,8288,224
TCGA-05-4390-01A-01-BS1_x32592y8400,32592,8400,32480,8288,224
TCGA-05-4390-01A-01-BS1_x32816y8400,32816,8400,32704,8288,224
TCGA-05-4390-01A-01-BS1_x33040y8400,33040,8400,32928,8288,224
TCGA-05-4390-01A-01-BS1_x33264y8400,33264,8400,33152,8288,224
TCGA-05-4390-01A-01-BS1_x33488y8400,33488,8400,33376,8288,224
TCGA-05-4390-01A-01-BS1_x33712y8400,33712,8400,33600,8288,224
TCGA-05-4390-01A-01-BS1_x2352y8624,2352,8624,2240,8512,224
TCGA-05-4390-01A-01-BS1_x2576y8624,2576,8624,2464,8512,224
TCGA-05-4390-01A-01-BS1_x2800y8624,2800,8624,2688,8512,224
TCGA-05-4390-01A-01-BS1_x3024y8624,3024,8624,2912,8512,224
TCGA-05-4390-01A-01-BS1_x3248y8624,3248,8624,3136,8512,224
TCGA-05-4390-01A-01-BS1_x3472y8624,3472,8624,3360,8512,224
TCGA-05-4390-01A-01-BS1_x3696y8624,3696,8624,3584,8512,224
TCGA-05-4390-01A-01-BS1_x3920y8624,3920,8624,3808,8512,224
TCGA-05-4390-01A-01-BS1_x4144y8624,4144,8624,4032,8512,224
TCGA-05-4390-01A-01-BS1_x4368y8624,4368,8624,4256,8512,224
TCGA-05-4390-01A-01-BS1_x4592y8624,4592,8624,4480,8512,224
TCGA-05-4390-01A-01-BS1_x4816y8624,4816,8624,4704,8512,224
TCGA-05-4390-01A-01-BS1_x5040y8624,5040,8624,4928,8512,224
TCGA-05-4390-01A-01-BS1_x5264y8624,5264,8624,5152,8512,224
TCGA-05-4390-01A-01-BS1_x5488y8624,5488,8624,5376,8512,224
TCGA-05-4390-01A-01-BS1_x5712y8624,5712,8624,5600,8512,224
TCGA-05-4390-01A-01-BS1_x5936y8624,5936,8624,5824,8512,224
TCGA-05-4390-01A-01-BS1_x6160y8624,6160,8624,6048,8512,224
TCGA-05-4390-01A-01-BS1_x6384y8624,6384,8624,6272,8512,224
TCGA-05-4390-01A-01-BS1_x6608y8624,6608,8624,6496,8512,224
TCGA-05-4390-01A-01-BS1_x6832y8624,6832,8624,6720,8512,224
TCGA-05-4390-01A-01-BS1_x7056y8624,7056,8624,6944,8512,224
TCGA-05-4390-01A-01-BS1_x7280y8624,7280,8624,7168,8512,224
TCGA-05-4390-01A-01-BS1_x7504y8624,7504,8624,7392,8512,224
TCGA-05-4390-01A-01-BS1_x7728y8624,7728,8624,7616,8512,224
TCGA-05-4390-01A-01-BS1_x7952y8624,7952,8624,7840,8512,224
TCGA-05-4390-01A-01-BS1_x8176y8624,8176,8624,8064,8512,224
TCGA-05-4390-01A-01-BS1_x8400y8624,8400,8624,8288,8512,224
TCGA-05-4390-01A-01-BS1_x8624y8624,8624,8624,8512,8512,224
TCGA-05-4390-01A-01-BS1_x8848y8624,8848,8624,8736,8512,224
TCGA-05-4390-01A-01-BS1_x9072y8624,9072,8624,8960,8512,224
TCGA-05-4390-01A-01-BS1_x9296y8624,9296,8624,9184,8512,224
TCGA-05-4390-01A-01-BS1_x9520y8624,9520,8624,9408,8512,224
TCGA-05-4390-01A-01-BS1_x9744y8624,9744,8624,9632,8512,224
TCGA-05-4390-01A-01-BS1_x9968y8624,9968,8624,9856,8512,224
TCGA-05-4390-01A-01-BS1_x10192y8624,10192,8624,10080,8512,224
TCGA-05-4390-01A-01-BS1_x10416y8624,10416,8624,10304,8512,224
TCGA-05-4390-01A-01-BS1_x10640y8624,10640,8624,10528,8512,224
TCGA-05-4390-01A-01-BS1_x10864y8624,10864,8624,10752,8512,224
TCGA-05-4390-01A-01-BS1_x11088y8624,11088,8624,10976,8512,224
TCGA-05-4390-01A-01-BS1_x11312y8624,11312,8624,11200,8512,224
TCGA-05-4390-01A-01-BS1_x11536y8624,11536,8624,11424,8512,224
TCGA-05-4390-01A-01-BS1_x11760y8624,11760,8624,11648,8512,224
TCGA-05-4390-01A-01-BS1_x11984y8624,11984,8624,11872,8512,224
TCGA-05-4390-01A-01-BS1_x12208y8624,12208,8624,12096,8512,224
TCGA-05-4390-01A-01-BS1_x12432y8624,12432,8624,12320,8512,224
TCGA-05-4390-01A-01-BS1_x12656y8624,12656,8624,12544,8512,224
TCGA-05-4390-01A-01-BS1_x12880y8624,12880,8624,12768,8512,224
TCGA-05-4390-01A-01-BS1_x13104y8624,13104,8624,12992,8512,224
TCGA-05-4390-01A-01-BS1_x13328y8624,13328,8624,13216,8512,224
TCGA-05-4390-01A-01-BS1_x13552y8624,13552,8624,13440,8512,224
TCGA-05-4390-01A-01-BS1_x13776y8624,13776,8624,13664,8512,224
TCGA-05-4390-01A-01-BS1_x14000y8624,14000,8624,13888,8512,224
TCGA-05-4390-01A-01-BS1_x14224y8624,14224,8624,14112,8512,224
TCGA-05-4390-01A-01-BS1_x14448y8624,14448,8624,14336,8512,224
TCGA-05-4390-01A-01-BS1_x14672y8624,14672,8624,14560,8512,224
TCGA-05-4390-01A-01-BS1_x14896y8624,14896,8624,14784,8512,224
TCGA-05-4390-01A-01-BS1_x15120y8624,15120,8624,15008,8512,224
TCGA-05-4390-01A-01-BS1_x15344y8624,15344,8624,15232,8512,224
TCGA-05-4390-01A-01-BS1_x15568y8624,15568,8624,15456,8512,224
TCGA-05-4390-01A-01-BS1_x15792y8624,15792,8624,15680,8512,224
TCGA-05-4390-01A-01-BS1_x16016y8624,16016,8624,15904,8512,224
TCGA-05-4390-01A-01-BS1_x16240y8624,16240,8624,16128,8512,224
TCGA-05-4390-01A-01-BS1_x16464y8624,16464,8624,16352,8512,224
TCGA-05-4390-01A-01-BS1_x16688y8624,16688,8624,16576,8512,224
TCGA-05-4390-01A-01-BS1_x16912y8624,16912,8624,16800,8512,224
TCGA-05-4390-01A-01-BS1_x17136y8624,17136,8624,17024,8512,224
TCGA-05-4390-01A-01-BS1_x17360y8624,17360,8624,17248,8512,224
TCGA-05-4390-01A-01-BS1_x17584y8624,17584,8624,17472,8512,224
TCGA-05-4390-01A-01-BS1_x17808y8624,17808,8624,17696,8512,224
TCGA-05-4390-01A-01-BS1_x18032y8624,18032,8624,17920,8512,224
TCGA-05-4390-01A-01-BS1_x18256y8624,18256,8624,18144,8512,224
TCGA-05-4390-01A-01-BS1_x18480y8624,18480,8624,18368,8512,224
TCGA-05-4390-01A-01-BS1_x18704y8624,18704,8624,18592,8512,224
TCGA-05-4390-01A-01-BS1_x18928y8624,18928,8624,18816,8512,224
TCGA-05-4390-01A-01-BS1_x19152y8624,19152,8624,19040,8512,224
TCGA-05-4390-01A-01-BS1_x19376y8624,19376,8624,19264,8512,224
TCGA-05-4390-01A-01-BS1_x19600y8624,19600,8624,19488,8512,224
TCGA-05-4390-01A-01-BS1_x19824y8624,19824,8624,19712,8512,224
TCGA-05-4390-01A-01-BS1_x20048y8624,20048,8624,19936,8512,224
TCGA-05-4390-01A-01-BS1_x20272y8624,20272,8624,20160,8512,224
TCGA-05-4390-01A-01-BS1_x20496y8624,20496,8624,20384,8512,224
TCGA-05-4390-01A-01-BS1_x20720y8624,20720,8624,20608,8512,224
TCGA-05-4390-01A-01-BS1_x20944y8624,20944,8624,20832,8512,224
TCGA-05-4390-01A-01-BS1_x21168y8624,21168,8624,21056,8512,224
TCGA-05-4390-01A-01-BS1_x21392y8624,21392,8624,21280,8512,224
TCGA-05-4390-01A-01-BS1_x21616y8624,21616,8624,21504,8512,224
TCGA-05-4390-01A-01-BS1_x21840y8624,21840,8624,21728,8512,224
TCGA-05-4390-01A-01-BS1_x22064y8624,22064,8624,21952,8512,224
TCGA-05-4390-01A-01-BS1_x22288y8624,22288,8624,22176,8512,224
TCGA-05-4390-01A-01-BS1_x22512y8624,22512,8624,22400,8512,224
TCGA-05-4390-01A-01-BS1_x22736y8624,22736,8624,22624,8512,224
TCGA-05-4390-01A-01-BS1_x22960y8624,22960,8624,22848,8512,224
TCGA-05-4390-01A-01-BS1_x23184y8624,23184,8624,23072,8512,224
TCGA-05-4390-01A-01-BS1_x23408y8624,23408,8624,23296,8512,224
TCGA-05-4390-01A-01-BS1_x23632y8624,23632,8624,23520,8512,224
TCGA-05-4390-01A-01-BS1_x23856y8624,23856,8624,23744,8512,224
TCGA-05-4390-01A-01-BS1_x24080y8624,24080,8624,23968,8512,224
TCGA-05-4390-01A-01-BS1_x24304y8624,24304,8624,24192,8512,224
TCGA-05-4390-01A-01-BS1_x24528y8624,24528,8624,24416,8512,224
TCGA-05-4390-01A-01-BS1_x24752y8624,24752,8624,24640,8512,224
TCGA-05-4390-01A-01-BS1_x24976y8624,24976,8624,24864,8512,224
TCGA-05-4390-01A-01-BS1_x25424y8624,25424,8624,25312,8512,224
TCGA-05-4390-01A-01-BS1_x25648y8624,25648,8624,25536,8512,224
TCGA-05-4390-01A-01-BS1_x25872y8624,25872,8624,25760,8512,224
TCGA-05-4390-01A-01-BS1_x26096y8624,26096,8624,25984,8512,224
TCGA-05-4390-01A-01-BS1_x26320y8624,26320,8624,26208,8512,224
TCGA-05-4390-01A-01-BS1_x26544y8624,26544,8624,26432,8512,224
TCGA-05-4390-01A-01-BS1_x26768y8624,26768,8624,26656,8512,224
TCGA-05-4390-01A-01-BS1_x26992y8624,26992,8624,26880,8512,224
TCGA-05-4390-01A-01-BS1_x27216y8624,27216,8624,27104,8512,224
TCGA-05-4390-01A-01-BS1_x27440y8624,27440,8624,27328,8512,224
TCGA-05-4390-01A-01-BS1_x27664y8624,27664,8624,27552,8512,224
TCGA-05-4390-01A-01-BS1_x27888y8624,27888,8624,27776,8512,224
TCGA-05-4390-01A-01-BS1_x28112y8624,28112,8624,28000,8512,224
TCGA-05-4390-01A-01-BS1_x28336y8624,28336,8624,28224,8512,224
TCGA-05-4390-01A-01-BS1_x28560y8624,28560,8624,28448,8512,224
TCGA-05-4390-01A-01-BS1_x28784y8624,28784,8624,28672,8512,224
TCGA-05-4390-01A-01-BS1_x29008y8624,29008,8624,28896,8512,224
TCGA-05-4390-01A-01-BS1_x29232y8624,29232,8624,29120,8512,224
TCGA-05-4390-01A-01-BS1_x29456y8624,29456,8624,29344,8512,224
TCGA-05-4390-01A-01-BS1_x29680y8624,29680,8624,29568,8512,224
TCGA-05-4390-01A-01-BS1_x29904y8624,29904,8624,29792,8512,224
TCGA-05-4390-01A-01-BS1_x30128y8624,30128,8624,30016,8512,224
TCGA-05-4390-01A-01-BS1_x30352y8624,30352,8624,30240,8512,224
TCGA-05-4390-01A-01-BS1_x30576y8624,30576,8624,30464,8512,224
TCGA-05-4390-01A-01-BS1_x30800y8624,30800,8624,30688,8512,224
TCGA-05-4390-01A-01-BS1_x31024y8624,31024,8624,30912,8512,224
TCGA-05-4390-01A-01-BS1_x31248y8624,31248,8624,31136,8512,224
TCGA-05-4390-01A-01-BS1_x31472y8624,31472,8624,31360,8512,224
TCGA-05-4390-01A-01-BS1_x31696y8624,31696,8624,31584,8512,224
TCGA-05-4390-01A-01-BS1_x31920y8624,31920,8624,31808,8512,224
TCGA-05-4390-01A-01-BS1_x32144y8624,32144,8624,32032,8512,224
TCGA-05-4390-01A-01-BS1_x32368y8624,32368,8624,32256,8512,224
TCGA-05-4390-01A-01-BS1_x32592y8624,32592,8624,32480,8512,224
TCGA-05-4390-01A-01-BS1_x32816y8624,32816,8624,32704,8512,224
TCGA-05-4390-01A-01-BS1_x33040y8624,33040,8624,32928,8512,224
TCGA-05-4390-01A-01-BS1_x33264y8624,33264,8624,33152,8512,224
TCGA-05-4390-01A-01-BS1_x33488y8624,33488,8624,33376,8512,224
TCGA-05-4390-01A-01-BS1_x33712y8624,33712,8624,33600,8512,224
TCGA-05-4390-01A-01-BS1_x2352y8848,2352,8848,2240,8736,224
TCGA-05-4390-01A-01-BS1_x2576y8848,2576,8848,2464,8736,224
TCGA-05-4390-01A-01-BS1_x2800y8848,2800,8848,2688,8736,224
TCGA-05-4390-01A-01-BS1_x3024y8848,3024,8848,2912,8736,224
TCGA-05-4390-01A-01-BS1_x3248y8848,3248,8848,3136,8736,224
TCGA-05-4390-01A-01-BS1_x3472y8848,3472,8848,3360,8736,224
TCGA-05-4390-01A-01-BS1_x3696y8848,3696,8848,3584,8736,224
TCGA-05-4390-01A-01-BS1_x3920y8848,3920,8848,3808,8736,224
TCGA-05-4390-01A-01-BS1_x4144y8848,4144,8848,4032,8736,224
TCGA-05-4390-01A-01-BS1_x4368y8848,4368,8848,4256,8736,224
TCGA-05-4390-01A-01-BS1_x4592y8848,4592,8848,4480,8736,224
TCGA-05-4390-01A-01-BS1_x4816y8848,4816,8848,4704,8736,224
TCGA-05-4390-01A-01-BS1_x5040y8848,5040,8848,4928,8736,224
TCGA-05-4390-01A-01-BS1_x5264y8848,5264,8848,5152,8736,224
TCGA-05-4390-01A-01-BS1_x5488y8848,5488,8848,5376,8736,224
TCGA-05-4390-01A-01-BS1_x5712y8848,5712,8848,5600,8736,224
TCGA-05-4390-01A-01-BS1_x5936y8848,5936,8848,5824,8736,224
TCGA-05-4390-01A-01-BS1_x6160y8848,6160,8848,6048,8736,224
TCGA-05-4390-01A-01-BS1_x6384y8848,6384,8848,6272,8736,224
TCGA-05-4390-01A-01-BS1_x6608y8848,6608,8848,6496,8736,224
TCGA-05-4390-01A-01-BS1_x6832y8848,6832,8848,6720,8736,224
TCGA-05-4390-01A-01-BS1_x7056y8848,7056,8848,6944,8736,224
TCGA-05-4390-01A-01-BS1_x7504y8848,7504,8848,7392,8736,224
TCGA-05-4390-01A-01-BS1_x7728y8848,7728,8848,7616,8736,224
TCGA-05-4390-01A-01-BS1_x7952y8848,7952,8848,7840,8736,224
TCGA-05-4390-01A-01-BS1_x8176y8848,8176,8848,8064,8736,224
TCGA-05-4390-01A-01-BS1_x8400y8848,8400,8848,8288,8736,224
TCGA-05-4390-01A-01-BS1_x8624y8848,8624,8848,8512,8736,224
TCGA-05-4390-01A-01-BS1_x8848y8848,8848,8848,8736,8736,224
TCGA-05-4390-01A-01-BS1_x9072y8848,9072,8848,8960,8736,224
TCGA-05-4390-01A-01-BS1_x9296y8848,9296,8848,9184,8736,224
TCGA-05-4390-01A-01-BS1_x9744y8848,9744,8848,9632,8736,224
TCGA-05-4390-01A-01-BS1_x9968y8848,9968,8848,9856,8736,224
TCGA-05-4390-01A-01-BS1_x10192y8848,10192,8848,10080,8736,224
TCGA-05-4390-01A-01-BS1_x10416y8848,10416,8848,10304,8736,224
TCGA-05-4390-01A-01-BS1_x10640y8848,10640,8848,10528,8736,224
TCGA-05-4390-01A-01-BS1_x10864y8848,10864,8848,10752,8736,224
TCGA-05-4390-01A-01-BS1_x11088y8848,11088,8848,10976,8736,224
TCGA-05-4390-01A-01-BS1_x11312y8848,11312,8848,11200,8736,224
TCGA-05-4390-01A-01-BS1_x11536y8848,11536,8848,11424,8736,224
TCGA-05-4390-01A-01-BS1_x11760y8848,11760,8848,11648,8736,224
TCGA-05-4390-01A-01-BS1_x11984y8848,11984,8848,11872,8736,224
TCGA-05-4390-01A-01-BS1_x12208y8848,12208,8848,12096,8736,224
TCGA-05-4390-01A-01-BS1_x12432y8848,12432,8848,12320,8736,224
TCGA-05-4390-01A-01-BS1_x12656y8848,12656,8848,12544,8736,224
TCGA-05-4390-01A-01-BS1_x12880y8848,12880,8848,12768,8736,224
TCGA-05-4390-01A-01-BS1_x13104y8848,13104,8848,12992,8736,224
TCGA-05-4390-01A-01-BS1_x13328y8848,13328,8848,13216,8736,224
TCGA-05-4390-01A-01-BS1_x13552y8848,13552,8848,13440,8736,224
TCGA-05-4390-01A-01-BS1_x13776y8848,13776,8848,13664,8736,224
TCGA-05-4390-01A-01-BS1_x14000y8848,14000,8848,13888,8736,224
TCGA-05-4390-01A-01-BS1_x14224y8848,14224,8848,14112,8736,224
TCGA-05-4390-01A-01-BS1_x14448y8848,14448,8848,14336,8736,224
TCGA-05-4390-01A-01-BS1_x14672y8848,14672,8848,14560,8736,224
TCGA-05-4390-01A-01-BS1_x14896y8848,14896,8848,14784,8736,224
TCGA-05-4390-01A-01-BS1_x15120y8848,15120,8848,15008,8736,224
TCGA-05-4390-01A-01-BS1_x15344y8848,15344,8848,15232,8736,224
TCGA-05-4390-01A-01-BS1_x15568y8848,15568,8848,15456,8736,224
TCGA-05-4390-01A-01-BS1_x15792y8848,15792,8848,15680,8736,224
TCGA-05-4390-01A-01-BS1_x16016y8848,16016,8848,15904,8736,224
TCGA-05-4390-01A-01-BS1_x16240y8848,16240,8848,16128,8736,224
TCGA-05-4390-01A-01-BS1_x16464y8848,16464,8848,16352,8736,224
TCGA-05-4390-01A-01-BS1_x16688y8848,16688,8848,16576,8736,224
TCGA-05-4390-01A-01-BS1_x16912y8848,16912,8848,16800,8736,224
TCGA-05-4390-01A-01-BS1_x17136y8848,17136,8848,17024,8736,224
TCGA-05-4390-01A-01-BS1_x17360y8848,17360,8848,17248,8736,224
TCGA-05-4390-01A-01-BS1_x17584y8848,17584,8848,17472,8736,224
TCGA-05-4390-01A-01-BS1_x17808y8848,17808,8848,17696,8736,224
TCGA-05-4390-01A-01-BS1_x18032y8848,18032,8848,17920,8736,224
TCGA-05-4390-01A-01-BS1_x18256y8848,18256,8848,18144,8736,224
TCGA-05-4390-01A-01-BS1_x18480y8848,18480,8848,18368,8736,224
TCGA-05-4390-01A-01-BS1_x18704y8848,18704,8848,18592,8736,224
TCGA-05-4390-01A-01-BS1_x18928y8848,18928,8848,18816,8736,224
TCGA-05-4390-01A-01-BS1_x19152y8848,19152,8848,19040,8736,224
TCGA-05-4390-01A-01-BS1_x19376y8848,19376,8848,19264,8736,224
TCGA-05-4390-01A-01-BS1_x19600y8848,19600,8848,19488,8736,224
TCGA-05-4390-01A-01-BS1_x19824y8848,19824,8848,19712,8736,224
TCGA-05-4390-01A-01-BS1_x20048y8848,20048,8848,19936,8736,224
TCGA-05-4390-01A-01-BS1_x20272y8848,20272,8848,20160,8736,224
TCGA-05-4390-01A-01-BS1_x20496y8848,20496,8848,20384,8736,224
TCGA-05-4390-01A-01-BS1_x20720y8848,20720,8848,20608,8736,224
TCGA-05-4390-01A-01-BS1_x20944y8848,20944,8848,20832,8736,224
TCGA-05-4390-01A-01-BS1_x21168y8848,21168,8848,21056,8736,224
TCGA-05-4390-01A-01-BS1_x21392y8848,21392,8848,21280,8736,224
TCGA-05-4390-01A-01-BS1_x21616y8848,21616,8848,21504,8736,224
TCGA-05-4390-01A-01-BS1_x21840y8848,21840,8848,21728,8736,224
TCGA-05-4390-01A-01-BS1_x22064y8848,22064,8848,21952,8736,224
TCGA-05-4390-01A-01-BS1_x22288y8848,22288,8848,22176,8736,224
TCGA-05-4390-01A-01-BS1_x22512y8848,22512,8848,22400,8736,224
TCGA-05-4390-01A-01-BS1_x22736y8848,22736,8848,22624,8736,224
TCGA-05-4390-01A-01-BS1_x22960y8848,22960,8848,22848,8736,224
TCGA-05-4390-01A-01-BS1_x23184y8848,23184,8848,23072,8736,224
TCGA-05-4390-01A-01-BS1_x23408y8848,23408,8848,23296,8736,224
TCGA-05-4390-01A-01-BS1_x23632y8848,23632,8848,23520,8736,224
TCGA-05-4390-01A-01-BS1_x23856y8848,23856,8848,23744,8736,224
TCGA-05-4390-01A-01-BS1_x24080y8848,24080,8848,23968,8736,224
TCGA-05-4390-01A-01-BS1_x24304y8848,24304,8848,24192,8736,224
TCGA-05-4390-01A-01-BS1_x24528y8848,24528,8848,24416,8736,224
TCGA-05-4390-01A-01-BS1_x24752y8848,24752,8848,24640,8736,224
TCGA-05-4390-01A-01-BS1_x24976y8848,24976,8848,24864,8736,224
TCGA-05-4390-01A-01-BS1_x25424y8848,25424,8848,25312,8736,224
TCGA-05-4390-01A-01-BS1_x25648y8848,25648,8848,25536,8736,224
TCGA-05-4390-01A-01-BS1_x25872y8848,25872,8848,25760,8736,224
TCGA-05-4390-01A-01-BS1_x26096y8848,26096,8848,25984,8736,224
TCGA-05-4390-01A-01-BS1_x26320y8848,26320,8848,26208,8736,224
TCGA-05-4390-01A-01-BS1_x26544y8848,26544,8848,26432,8736,224
TCGA-05-4390-01A-01-BS1_x26768y8848,26768,8848,26656,8736,224
TCGA-05-4390-01A-01-BS1_x26992y8848,26992,8848,26880,8736,224
TCGA-05-4390-01A-01-BS1_x27216y8848,27216,8848,27104,8736,224
TCGA-05-4390-01A-01-BS1_x27440y8848,27440,8848,27328,8736,224
TCGA-05-4390-01A-01-BS1_x27664y8848,27664,8848,27552,8736,224
TCGA-05-4390-01A-01-BS1_x27888y8848,27888,8848,27776,8736,224
TCGA-05-4390-01A-01-BS1_x28112y8848,28112,8848,28000,8736,224
TCGA-05-4390-01A-01-BS1_x28336y8848,28336,8848,28224,8736,224
TCGA-05-4390-01A-01-BS1_x28560y8848,28560,8848,28448,8736,224
TCGA-05-4390-01A-01-BS1_x28784y8848,28784,8848,28672,8736,224
TCGA-05-4390-01A-01-BS1_x29008y8848,29008,8848,28896,8736,224
TCGA-05-4390-01A-01-BS1_x29232y8848,29232,8848,29120,8736,224
TCGA-05-4390-01A-01-BS1_x29456y8848,29456,8848,29344,8736,224
TCGA-05-4390-01A-01-BS1_x29680y8848,29680,8848,29568,8736,224
TCGA-05-4390-01A-01-BS1_x29904y8848,29904,8848,29792,8736,224
TCGA-05-4390-01A-01-BS1_x30128y8848,30128,8848,30016,8736,224
TCGA-05-4390-01A-01-BS1_x30352y8848,30352,8848,30240,8736,224
TCGA-05-4390-01A-01-BS1_x30576y8848,30576,8848,30464,8736,224
TCGA-05-4390-01A-01-BS1_x30800y8848,30800,8848,30688,8736,224
TCGA-05-4390-01A-01-BS1_x31024y8848,31024,8848,30912,8736,224
TCGA-05-4390-01A-01-BS1_x31248y8848,31248,8848,31136,8736,224
TCGA-05-4390-01A-01-BS1_x31472y8848,31472,8848,31360,8736,224
TCGA-05-4390-01A-01-BS1_x31696y8848,31696,8848,31584,8736,224
TCGA-05-4390-01A-01-BS1_x31920y8848,31920,8848,31808,8736,224
TCGA-05-4390-01A-01-BS1_x32144y8848,32144,8848,32032,8736,224
TCGA-05-4390-01A-01-BS1_x32368y8848,32368,8848,32256,8736,224
TCGA-05-4390-01A-01-BS1_x32592y8848,32592,8848,32480,8736,224
TCGA-05-4390-01A-01-BS1_x32816y8848,32816,8848,32704,8736,224
TCGA-05-4390-01A-01-BS1_x33040y8848,33040,8848,32928,8736,224
TCGA-05-4390-01A-01-BS1_x33264y8848,33264,8848,33152,8736,224
TCGA-05-4390-01A-01-BS1_x33488y8848,33488,8848,33376,8736,224
TCGA-05-4390-01A-01-BS1_x33712y8848,33712,8848,33600,8736,224
TCGA-05-4390-01A-01-BS1_x2352y9072,2352,9072,2240,8960,224
TCGA-05-4390-01A-01-BS1_x2576y9072,2576,9072,2464,8960,224
TCGA-05-4390-01A-01-BS1_x2800y9072,2800,9072,2688,8960,224
TCGA-05-4390-01A-01-BS1_x3024y9072,3024,9072,2912,8960,224
TCGA-05-4390-01A-01-BS1_x3248y9072,3248,9072,3136,8960,224
TCGA-05-4390-01A-01-BS1_x3472y9072,3472,9072,3360,8960,224
TCGA-05-4390-01A-01-BS1_x3696y9072,3696,9072,3584,8960,224
TCGA-05-4390-01A-01-BS1_x3920y9072,3920,9072,3808,8960,224
TCGA-05-4390-01A-01-BS1_x4144y9072,4144,9072,4032,8960,224
TCGA-05-4390-01A-01-BS1_x4368y9072,4368,9072,4256,8960,224
TCGA-05-4390-01A-01-BS1_x4592y9072,4592,9072,4480,8960,224
TCGA-05-4390-01A-01-BS1_x4816y9072,4816,9072,4704,8960,224
TCGA-05-4390-01A-01-BS1_x5040y9072,5040,9072,4928,8960,224
TCGA-05-4390-01A-01-BS1_x5264y9072,5264,9072,5152,8960,224
TCGA-05-4390-01A-01-BS1_x5488y9072,5488,9072,5376,8960,224
TCGA-05-4390-01A-01-BS1_x5712y9072,5712,9072,5600,8960,224
TCGA-05-4390-01A-01-BS1_x5936y9072,5936,9072,5824,8960,224
TCGA-05-4390-01A-01-BS1_x6160y9072,6160,9072,6048,8960,224
TCGA-05-4390-01A-01-BS1_x6384y9072,6384,9072,6272,8960,224
TCGA-05-4390-01A-01-BS1_x6608y9072,6608,9072,6496,8960,224
TCGA-05-4390-01A-01-BS1_x6832y9072,6832,9072,6720,8960,224
TCGA-05-4390-01A-01-BS1_x7056y9072,7056,9072,6944,8960,224
TCGA-05-4390-01A-01-BS1_x7504y9072,7504,9072,7392,8960,224
TCGA-05-4390-01A-01-BS1_x7728y9072,7728,9072,7616,8960,224
TCGA-05-4390-01A-01-BS1_x7952y9072,7952,9072,7840,8960,224
TCGA-05-4390-01A-01-BS1_x8176y9072,8176,9072,8064,8960,224
TCGA-05-4390-01A-01-BS1_x8400y9072,8400,9072,8288,8960,224
TCGA-05-4390-01A-01-BS1_x8624y9072,8624,9072,8512,8960,224
TCGA-05-4390-01A-01-BS1_x8848y9072,8848,9072,8736,8960,224
TCGA-05-4390-01A-01-BS1_x9072y9072,9072,9072,8960,8960,224
TCGA-05-4390-01A-01-BS1_x9296y9072,9296,9072,9184,8960,224
TCGA-05-4390-01A-01-BS1_x9744y9072,9744,9072,9632,8960,224
TCGA-05-4390-01A-01-BS1_x9968y9072,9968,9072,9856,8960,224
TCGA-05-4390-01A-01-BS1_x10192y9072,10192,9072,10080,8960,224
TCGA-05-4390-01A-01-BS1_x10416y9072,10416,9072,10304,8960,224
TCGA-05-4390-01A-01-BS1_x10640y9072,10640,9072,10528,8960,224
TCGA-05-4390-01A-01-BS1_x10864y9072,10864,9072,10752,8960,224
TCGA-05-4390-01A-01-BS1_x11088y9072,11088,9072,10976,8960,224
TCGA-05-4390-01A-01-BS1_x11312y9072,11312,9072,11200,8960,224
TCGA-05-4390-01A-01-BS1_x11536y9072,11536,9072,11424,8960,224
TCGA-05-4390-01A-01-BS1_x11760y9072,11760,9072,11648,8960,224
TCGA-05-4390-01A-01-BS1_x11984y9072,11984,9072,11872,8960,224
TCGA-05-4390-01A-01-BS1_x12208y9072,12208,9072,12096,8960,224
TCGA-05-4390-01A-01-BS1_x12432y9072,12432,9072,12320,8960,224
TCGA-05-4390-01A-01-BS1_x12656y9072,12656,9072,12544,8960,224
TCGA-05-4390-01A-01-BS1_x12880y9072,12880,9072,12768,8960,224
TCGA-05-4390-01A-01-BS1_x13104y9072,13104,9072,12992,8960,224
TCGA-05-4390-01A-01-BS1_x13328y9072,13328,9072,13216,8960,224
TCGA-05-4390-01A-01-BS1_x13552y9072,13552,9072,13440,8960,224
TCGA-05-4390-01A-01-BS1_x13776y9072,13776,9072,13664,8960,224
TCGA-05-4390-01A-01-BS1_x14000y9072,14000,9072,13888,8960,224
TCGA-05-4390-01A-01-BS1_x14224y9072,14224,9072,14112,8960,224
TCGA-05-4390-01A-01-BS1_x14448y9072,14448,9072,14336,8960,224
TCGA-05-4390-01A-01-BS1_x14672y9072,14672,9072,14560,8960,224
TCGA-05-4390-01A-01-BS1_x14896y9072,14896,9072,14784,8960,224
TCGA-05-4390-01A-01-BS1_x15120y9072,15120,9072,15008,8960,224
TCGA-05-4390-01A-01-BS1_x15344y9072,15344,9072,15232,8960,224
TCGA-05-4390-01A-01-BS1_x15568y9072,15568,9072,15456,8960,224
TCGA-05-4390-01A-01-BS1_x15792y9072,15792,9072,15680,8960,224
TCGA-05-4390-01A-01-BS1_x16016y9072,16016,9072,15904,8960,224
TCGA-05-4390-01A-01-BS1_x16240y9072,16240,9072,16128,8960,224
TCGA-05-4390-01A-01-BS1_x16464y9072,16464,9072,16352,8960,224
TCGA-05-4390-01A-01-BS1_x16688y9072,16688,9072,16576,8960,224
TCGA-05-4390-01A-01-BS1_x16912y9072,16912,9072,16800,8960,224
TCGA-05-4390-01A-01-BS1_x17136y9072,17136,9072,17024,8960,224
TCGA-05-4390-01A-01-BS1_x17360y9072,17360,9072,17248,8960,224
TCGA-05-4390-01A-01-BS1_x17584y9072,17584,9072,17472,8960,224
TCGA-05-4390-01A-01-BS1_x17808y9072,17808,9072,17696,8960,224
TCGA-05-4390-01A-01-BS1_x18032y9072,18032,9072,17920,8960,224
TCGA-05-4390-01A-01-BS1_x18256y9072,18256,9072,18144,8960,224
TCGA-05-4390-01A-01-BS1_x18480y9072,18480,9072,18368,8960,224
TCGA-05-4390-01A-01-BS1_x18704y9072,18704,9072,18592,8960,224
TCGA-05-4390-01A-01-BS1_x18928y9072,18928,9072,18816,8960,224
TCGA-05-4390-01A-01-BS1_x19152y9072,19152,9072,19040,8960,224
TCGA-05-4390-01A-01-BS1_x19376y9072,19376,9072,19264,8960,224
TCGA-05-4390-01A-01-BS1_x19600y9072,19600,9072,19488,8960,224
TCGA-05-4390-01A-01-BS1_x19824y9072,19824,9072,19712,8960,224
TCGA-05-4390-01A-01-BS1_x20048y9072,20048,9072,19936,8960,224
TCGA-05-4390-01A-01-BS1_x20272y9072,20272,9072,20160,8960,224
TCGA-05-4390-01A-01-BS1_x20496y9072,20496,9072,20384,8960,224
TCGA-05-4390-01A-01-BS1_x20720y9072,20720,9072,20608,8960,224
TCGA-05-4390-01A-01-BS1_x20944y9072,20944,9072,20832,8960,224
TCGA-05-4390-01A-01-BS1_x21168y9072,21168,9072,21056,8960,224
TCGA-05-4390-01A-01-BS1_x21392y9072,21392,9072,21280,8960,224
TCGA-05-4390-01A-01-BS1_x21616y9072,21616,9072,21504,8960,224
TCGA-05-4390-01A-01-BS1_x21840y9072,21840,9072,21728,8960,224
TCGA-05-4390-01A-01-BS1_x22064y9072,22064,9072,21952,8960,224
TCGA-05-4390-01A-01-BS1_x22288y9072,22288,9072,22176,8960,224
TCGA-05-4390-01A-01-BS1_x22512y9072,22512,9072,22400,8960,224
TCGA-05-4390-01A-01-BS1_x22736y9072,22736,9072,22624,8960,224
TCGA-05-4390-01A-01-BS1_x22960y9072,22960,9072,22848,8960,224
TCGA-05-4390-01A-01-BS1_x23184y9072,23184,9072,23072,8960,224
TCGA-05-4390-01A-01-BS1_x23408y9072,23408,9072,23296,8960,224
TCGA-05-4390-01A-01-BS1_x23632y9072,23632,9072,23520,8960,224
TCGA-05-4390-01A-01-BS1_x23856y9072,23856,9072,23744,8960,224
TCGA-05-4390-01A-01-BS1_x24080y9072,24080,9072,23968,8960,224
TCGA-05-4390-01A-01-BS1_x24304y9072,24304,9072,24192,8960,224
TCGA-05-4390-01A-01-BS1_x24528y9072,24528,9072,24416,8960,224
TCGA-05-4390-01A-01-BS1_x24752y9072,24752,9072,24640,8960,224
TCGA-05-4390-01A-01-BS1_x24976y9072,24976,9072,24864,8960,224
TCGA-05-4390-01A-01-BS1_x25200y9072,25200,9072,25088,8960,224
TCGA-05-4390-01A-01-BS1_x25424y9072,25424,9072,25312,8960,224
TCGA-05-4390-01A-01-BS1_x25648y9072,25648,9072,25536,8960,224
TCGA-05-4390-01A-01-BS1_x25872y9072,25872,9072,25760,8960,224
TCGA-05-4390-01A-01-BS1_x26096y9072,26096,9072,25984,8960,224
TCGA-05-4390-01A-01-BS1_x26320y9072,26320,9072,26208,8960,224
TCGA-05-4390-01A-01-BS1_x26544y9072,26544,9072,26432,8960,224
TCGA-05-4390-01A-01-BS1_x26768y9072,26768,9072,26656,8960,224
TCGA-05-4390-01A-01-BS1_x26992y9072,26992,9072,26880,8960,224
TCGA-05-4390-01A-01-BS1_x27216y9072,27216,9072,27104,8960,224
TCGA-05-4390-01A-01-BS1_x27440y9072,27440,9072,27328,8960,224
TCGA-05-4390-01A-01-BS1_x27664y9072,27664,9072,27552,8960,224
TCGA-05-4390-01A-01-BS1_x27888y9072,27888,9072,27776,8960,224
TCGA-05-4390-01A-01-BS1_x28112y9072,28112,9072,28000,8960,224
TCGA-05-4390-01A-01-BS1_x28336y9072,28336,9072,28224,8960,224
TCGA-05-4390-01A-01-BS1_x28560y9072,28560,9072,28448,8960,224
TCGA-05-4390-01A-01-BS1_x28784y9072,28784,9072,28672,8960,224
TCGA-05-4390-01A-01-BS1_x29008y9072,29008,9072,28896,8960,224
TCGA-05-4390-01A-01-BS1_x29232y9072,29232,9072,29120,8960,224
TCGA-05-4390-01A-01-BS1_x29456y9072,29456,9072,29344,8960,224
TCGA-05-4390-01A-01-BS1_x29680y9072,29680,9072,29568,8960,224
TCGA-05-4390-01A-01-BS1_x29904y9072,29904,9072,29792,8960,224
TCGA-05-4390-01A-01-BS1_x30128y9072,30128,9072,30016,8960,224
TCGA-05-4390-01A-01-BS1_x30352y9072,30352,9072,30240,8960,224
TCGA-05-4390-01A-01-BS1_x30576y9072,30576,9072,30464,8960,224
TCGA-05-4390-01A-01-BS1_x30800y9072,30800,9072,30688,8960,224
TCGA-05-4390-01A-01-BS1_x31024y9072,31024,9072,30912,8960,224
TCGA-05-4390-01A-01-BS1_x31248y9072,31248,9072,31136,8960,224
TCGA-05-4390-01A-01-BS1_x31472y9072,31472,9072,31360,8960,224
TCGA-05-4390-01A-01-BS1_x31696y9072,31696,9072,31584,8960,224
TCGA-05-4390-01A-01-BS1_x31920y9072,31920,9072,31808,8960,224
TCGA-05-4390-01A-01-BS1_x32144y9072,32144,9072,32032,8960,224
TCGA-05-4390-01A-01-BS1_x32368y9072,32368,9072,32256,8960,224
TCGA-05-4390-01A-01-BS1_x32592y9072,32592,9072,32480,8960,224
TCGA-05-4390-01A-01-BS1_x32816y9072,32816,9072,32704,8960,224
TCGA-05-4390-01A-01-BS1_x33040y9072,33040,9072,32928,8960,224
TCGA-05-4390-01A-01-BS1_x33264y9072,33264,9072,33152,8960,224
TCGA-05-4390-01A-01-BS1_x33488y9072,33488,9072,33376,8960,224
TCGA-05-4390-01A-01-BS1_x33712y9072,33712,9072,33600,8960,224
TCGA-05-4390-01A-01-BS1_x2352y9296,2352,9296,2240,9184,224
TCGA-05-4390-01A-01-BS1_x2576y9296,2576,9296,2464,9184,224
TCGA-05-4390-01A-01-BS1_x2800y9296,2800,9296,2688,9184,224
TCGA-05-4390-01A-01-BS1_x3024y9296,3024,9296,2912,9184,224
TCGA-05-4390-01A-01-BS1_x3248y9296,3248,9296,3136,9184,224
TCGA-05-4390-01A-01-BS1_x3472y9296,3472,9296,3360,9184,224
TCGA-05-4390-01A-01-BS1_x3696y9296,3696,9296,3584,9184,224
TCGA-05-4390-01A-01-BS1_x3920y9296,3920,9296,3808,9184,224
TCGA-05-4390-01A-01-BS1_x4144y9296,4144,9296,4032,9184,224
TCGA-05-4390-01A-01-BS1_x4368y9296,4368,9296,4256,9184,224
TCGA-05-4390-01A-01-BS1_x4592y9296,4592,9296,4480,9184,224
TCGA-05-4390-01A-01-BS1_x4816y9296,4816,9296,4704,9184,224
TCGA-05-4390-01A-01-BS1_x5040y9296,5040,9296,4928,9184,224
TCGA-05-4390-01A-01-BS1_x5264y9296,5264,9296,5152,9184,224
TCGA-05-4390-01A-01-BS1_x5488y9296,5488,9296,5376,9184,224
TCGA-05-4390-01A-01-BS1_x5712y9296,5712,9296,5600,9184,224
TCGA-05-4390-01A-01-BS1_x5936y9296,5936,9296,5824,9184,224
TCGA-05-4390-01A-01-BS1_x6160y9296,6160,9296,6048,9184,224
TCGA-05-4390-01A-01-BS1_x6384y9296,6384,9296,6272,9184,224
TCGA-05-4390-01A-01-BS1_x6608y9296,6608,9296,6496,9184,224
TCGA-05-4390-01A-01-BS1_x6832y9296,6832,9296,6720,9184,224
TCGA-05-4390-01A-01-BS1_x7056y9296,7056,9296,6944,9184,224
TCGA-05-4390-01A-01-BS1_x7280y9296,7280,9296,7168,9184,224
TCGA-05-4390-01A-01-BS1_x7504y9296,7504,9296,7392,9184,224
TCGA-05-4390-01A-01-BS1_x7728y9296,7728,9296,7616,9184,224
TCGA-05-4390-01A-01-BS1_x7952y9296,7952,9296,7840,9184,224
TCGA-05-4390-01A-01-BS1_x8176y9296,8176,9296,8064,9184,224
TCGA-05-4390-01A-01-BS1_x8400y9296,8400,9296,8288,9184,224
TCGA-05-4390-01A-01-BS1_x8624y9296,8624,9296,8512,9184,224
TCGA-05-4390-01A-01-BS1_x8848y9296,8848,9296,8736,9184,224
TCGA-05-4390-01A-01-BS1_x9072y9296,9072,9296,8960,9184,224
TCGA-05-4390-01A-01-BS1_x9296y9296,9296,9296,9184,9184,224
TCGA-05-4390-01A-01-BS1_x9520y9296,9520,9296,9408,9184,224
TCGA-05-4390-01A-01-BS1_x9744y9296,9744,9296,9632,9184,224
TCGA-05-4390-01A-01-BS1_x9968y9296,9968,9296,9856,9184,224
TCGA-05-4390-01A-01-BS1_x10192y9296,10192,9296,10080,9184,224
TCGA-05-4390-01A-01-BS1_x10416y9296,10416,9296,10304,9184,224
TCGA-05-4390-01A-01-BS1_x10640y9296,10640,9296,10528,9184,224
TCGA-05-4390-01A-01-BS1_x10864y9296,10864,9296,10752,9184,224
TCGA-05-4390-01A-01-BS1_x11088y9296,11088,9296,10976,9184,224
TCGA-05-4390-01A-01-BS1_x11312y9296,11312,9296,11200,9184,224
TCGA-05-4390-01A-01-BS1_x11536y9296,11536,9296,11424,9184,224
TCGA-05-4390-01A-01-BS1_x11760y9296,11760,9296,11648,9184,224
TCGA-05-4390-01A-01-BS1_x11984y9296,11984,9296,11872,9184,224
TCGA-05-4390-01A-01-BS1_x12208y9296,12208,9296,12096,9184,224
TCGA-05-4390-01A-01-BS1_x12432y9296,12432,9296,12320,9184,224
TCGA-05-4390-01A-01-BS1_x12656y9296,12656,9296,12544,9184,224
TCGA-05-4390-01A-01-BS1_x12880y9296,12880,9296,12768,9184,224
TCGA-05-4390-01A-01-BS1_x13104y9296,13104,9296,12992,9184,224
TCGA-05-4390-01A-01-BS1_x13328y9296,13328,9296,13216,9184,224
TCGA-05-4390-01A-01-BS1_x13552y9296,13552,9296,13440,9184,224
TCGA-05-4390-01A-01-BS1_x13776y9296,13776,9296,13664,9184,224
TCGA-05-4390-01A-01-BS1_x14000y9296,14000,9296,13888,9184,224
TCGA-05-4390-01A-01-BS1_x14224y9296,14224,9296,14112,9184,224
TCGA-05-4390-01A-01-BS1_x14448y9296,14448,9296,14336,9184,224
TCGA-05-4390-01A-01-BS1_x14672y9296,14672,9296,14560,9184,224
TCGA-05-4390-01A-01-BS1_x14896y9296,14896,9296,14784,9184,224
TCGA-05-4390-01A-01-BS1_x15120y9296,15120,9296,15008,9184,224
TCGA-05-4390-01A-01-BS1_x15344y9296,15344,9296,15232,9184,224
TCGA-05-4390-01A-01-BS1_x15568y9296,15568,9296,15456,9184,224
TCGA-05-4390-01A-01-BS1_x15792y9296,15792,9296,15680,9184,224
TCGA-05-4390-01A-01-BS1_x16016y9296,16016,9296,15904,9184,224
TCGA-05-4390-01A-01-BS1_x16240y9296,16240,9296,16128,9184,224
TCGA-05-4390-01A-01-BS1_x16464y9296,16464,9296,16352,9184,224
TCGA-05-4390-01A-01-BS1_x16688y9296,16688,9296,16576,9184,224
TCGA-05-4390-01A-01-BS1_x16912y9296,16912,9296,16800,9184,224
TCGA-05-4390-01A-01-BS1_x17136y9296,17136,9296,17024,9184,224
TCGA-05-4390-01A-01-BS1_x17360y9296,17360,9296,17248,9184,224
TCGA-05-4390-01A-01-BS1_x17584y9296,17584,9296,17472,9184,224
TCGA-05-4390-01A-01-BS1_x17808y9296,17808,9296,17696,9184,224
TCGA-05-4390-01A-01-BS1_x18032y9296,18032,9296,17920,9184,224
TCGA-05-4390-01A-01-BS1_x18256y9296,18256,9296,18144,9184,224
TCGA-05-4390-01A-01-BS1_x18480y9296,18480,9296,18368,9184,224
TCGA-05-4390-01A-01-BS1_x18704y9296,18704,9296,18592,9184,224
TCGA-05-4390-01A-01-BS1_x18928y9296,18928,9296,18816,9184,224
TCGA-05-4390-01A-01-BS1_x19152y9296,19152,9296,19040,9184,224
TCGA-05-4390-01A-01-BS1_x19376y9296,19376,9296,19264,9184,224
TCGA-05-4390-01A-01-BS1_x19600y9296,19600,9296,19488,9184,224
TCGA-05-4390-01A-01-BS1_x19824y9296,19824,9296,19712,9184,224
TCGA-05-4390-01A-01-BS1_x20048y9296,20048,9296,19936,9184,224
TCGA-05-4390-01A-01-BS1_x20272y9296,20272,9296,20160,9184,224
TCGA-05-4390-01A-01-BS1_x20496y9296,20496,9296,20384,9184,224
TCGA-05-4390-01A-01-BS1_x20720y9296,20720,9296,20608,9184,224
TCGA-05-4390-01A-01-BS1_x20944y9296,20944,9296,20832,9184,224
TCGA-05-4390-01A-01-BS1_x21168y9296,21168,9296,21056,9184,224
TCGA-05-4390-01A-01-BS1_x21392y9296,21392,9296,21280,9184,224
TCGA-05-4390-01A-01-BS1_x21616y9296,21616,9296,21504,9184,224
TCGA-05-4390-01A-01-BS1_x21840y9296,21840,9296,21728,9184,224
TCGA-05-4390-01A-01-BS1_x22064y9296,22064,9296,21952,9184,224
TCGA-05-4390-01A-01-BS1_x22288y9296,22288,9296,22176,9184,224
TCGA-05-4390-01A-01-BS1_x22512y9296,22512,9296,22400,9184,224
TCGA-05-4390-01A-01-BS1_x22736y9296,22736,9296,22624,9184,224
TCGA-05-4390-01A-01-BS1_x22960y9296,22960,9296,22848,9184,224
TCGA-05-4390-01A-01-BS1_x23184y9296,23184,9296,23072,9184,224
TCGA-05-4390-01A-01-BS1_x23408y9296,23408,9296,23296,9184,224
TCGA-05-4390-01A-01-BS1_x23632y9296,23632,9296,23520,9184,224
TCGA-05-4390-01A-01-BS1_x23856y9296,23856,9296,23744,9184,224
TCGA-05-4390-01A-01-BS1_x24080y9296,24080,9296,23968,9184,224
TCGA-05-4390-01A-01-BS1_x24304y9296,24304,9296,24192,9184,224
TCGA-05-4390-01A-01-BS1_x24528y9296,24528,9296,24416,9184,224
TCGA-05-4390-01A-01-BS1_x24752y9296,24752,9296,24640,9184,224
TCGA-05-4390-01A-01-BS1_x24976y9296,24976,9296,24864,9184,224
TCGA-05-4390-01A-01-BS1_x25200y9296,25200,9296,25088,9184,224
TCGA-05-4390-01A-01-BS1_x25424y9296,25424,9296,25312,9184,224
TCGA-05-4390-01A-01-BS1_x25648y9296,25648,9296,25536,9184,224
TCGA-05-4390-01A-01-BS1_x25872y9296,25872,9296,25760,9184,224
TCGA-05-4390-01A-01-BS1_x26096y9296,26096,9296,25984,9184,224
TCGA-05-4390-01A-01-BS1_x26320y9296,26320,9296,26208,9184,224
TCGA-05-4390-01A-01-BS1_x26544y9296,26544,9296,26432,9184,224
TCGA-05-4390-01A-01-BS1_x26768y9296,26768,9296,26656,9184,224
TCGA-05-4390-01A-01-BS1_x26992y9296,26992,9296,26880,9184,224
TCGA-05-4390-01A-01-BS1_x27216y9296,27216,9296,27104,9184,224
TCGA-05-4390-01A-01-BS1_x27440y9296,27440,9296,27328,9184,224
TCGA-05-4390-01A-01-BS1_x27664y9296,27664,9296,27552,9184,224
TCGA-05-4390-01A-01-BS1_x27888y9296,27888,9296,27776,9184,224
TCGA-05-4390-01A-01-BS1_x28112y9296,28112,9296,28000,9184,224
TCGA-05-4390-01A-01-BS1_x28336y9296,28336,9296,28224,9184,224
TCGA-05-4390-01A-01-BS1_x28560y9296,28560,9296,28448,9184,224
TCGA-05-4390-01A-01-BS1_x28784y9296,28784,9296,28672,9184,224
TCGA-05-4390-01A-01-BS1_x29008y9296,29008,9296,28896,9184,224
TCGA-05-4390-01A-01-BS1_x29232y9296,29232,9296,29120,9184,224
TCGA-05-4390-01A-01-BS1_x29456y9296,29456,9296,29344,9184,224
TCGA-05-4390-01A-01-BS1_x29680y9296,29680,9296,29568,9184,224
TCGA-05-4390-01A-01-BS1_x29904y9296,29904,9296,29792,9184,224
TCGA-05-4390-01A-01-BS1_x30128y9296,30128,9296,30016,9184,224
TCGA-05-4390-01A-01-BS1_x30352y9296,30352,9296,30240,9184,224
TCGA-05-4390-01A-01-BS1_x30576y9296,30576,9296,30464,9184,224
TCGA-05-4390-01A-01-BS1_x30800y9296,30800,9296,30688,9184,224
TCGA-05-4390-01A-01-BS1_x31024y9296,31024,9296,30912,9184,224
TCGA-05-4390-01A-01-BS1_x31248y9296,31248,9296,31136,9184,224
TCGA-05-4390-01A-01-BS1_x31472y9296,31472,9296,31360,9184,224
TCGA-05-4390-01A-01-BS1_x31696y9296,31696,9296,31584,9184,224
TCGA-05-4390-01A-01-BS1_x31920y9296,31920,9296,31808,9184,224
TCGA-05-4390-01A-01-BS1_x32144y9296,32144,9296,32032,9184,224
TCGA-05-4390-01A-01-BS1_x32368y9296,32368,9296,32256,9184,224
TCGA-05-4390-01A-01-BS1_x32592y9296,32592,9296,32480,9184,224
TCGA-05-4390-01A-01-BS1_x32816y9296,32816,9296,32704,9184,224
TCGA-05-4390-01A-01-BS1_x33040y9296,33040,9296,32928,9184,224
TCGA-05-4390-01A-01-BS1_x33264y9296,33264,9296,33152,9184,224
TCGA-05-4390-01A-01-BS1_x33488y9296,33488,9296,33376,9184,224
TCGA-05-4390-01A-01-BS1_x33712y9296,33712,9296,33600,9184,224
TCGA-05-4390-01A-01-BS1_x2128y9520,2128,9520,2016,9408,224
TCGA-05-4390-01A-01-BS1_x2352y9520,2352,9520,2240,9408,224
TCGA-05-4390-01A-01-BS1_x2576y9520,2576,9520,2464,9408,224
TCGA-05-4390-01A-01-BS1_x2800y9520,2800,9520,2688,9408,224
TCGA-05-4390-01A-01-BS1_x3024y9520,3024,9520,2912,9408,224
TCGA-05-4390-01A-01-BS1_x3248y9520,3248,9520,3136,9408,224
TCGA-05-4390-01A-01-BS1_x3472y9520,3472,9520,3360,9408,224
TCGA-05-4390-01A-01-BS1_x3696y9520,3696,9520,3584,9408,224
TCGA-05-4390-01A-01-BS1_x3920y9520,3920,9520,3808,9408,224
TCGA-05-4390-01A-01-BS1_x4144y9520,4144,9520,4032,9408,224
TCGA-05-4390-01A-01-BS1_x4368y9520,4368,9520,4256,9408,224
TCGA-05-4390-01A-01-BS1_x4592y9520,4592,9520,4480,9408,224
TCGA-05-4390-01A-01-BS1_x4816y9520,4816,9520,4704,9408,224
TCGA-05-4390-01A-01-BS1_x5040y9520,5040,9520,4928,9408,224
TCGA-05-4390-01A-01-BS1_x5264y9520,5264,9520,5152,9408,224
TCGA-05-4390-01A-01-BS1_x5488y9520,5488,9520,5376,9408,224
TCGA-05-4390-01A-01-BS1_x5712y9520,5712,9520,5600,9408,224
TCGA-05-4390-01A-01-BS1_x5936y9520,5936,9520,5824,9408,224
TCGA-05-4390-01A-01-BS1_x6160y9520,6160,9520,6048,9408,224
TCGA-05-4390-01A-01-BS1_x6384y9520,6384,9520,6272,9408,224
TCGA-05-4390-01A-01-BS1_x6608y9520,6608,9520,6496,9408,224
TCGA-05-4390-01A-01-BS1_x6832y9520,6832,9520,6720,9408,224
TCGA-05-4390-01A-01-BS1_x7056y9520,7056,9520,6944,9408,224
TCGA-05-4390-01A-01-BS1_x7280y9520,7280,9520,7168,9408,224
TCGA-05-4390-01A-01-BS1_x7504y9520,7504,9520,7392,9408,224
TCGA-05-4390-01A-01-BS1_x7728y9520,7728,9520,7616,9408,224
TCGA-05-4390-01A-01-BS1_x7952y9520,7952,9520,7840,9408,224
TCGA-05-4390-01A-01-BS1_x8176y9520,8176,9520,8064,9408,224
TCGA-05-4390-01A-01-BS1_x8400y9520,8400,9520,8288,9408,224
TCGA-05-4390-01A-01-BS1_x8624y9520,8624,9520,8512,9408,224
TCGA-05-4390-01A-01-BS1_x8848y9520,8848,9520,8736,9408,224
TCGA-05-4390-01A-01-BS1_x9072y9520,9072,9520,8960,9408,224
TCGA-05-4390-01A-01-BS1_x9296y9520,9296,9520,9184,9408,224
TCGA-05-4390-01A-01-BS1_x9520y9520,9520,9520,9408,9408,224
TCGA-05-4390-01A-01-BS1_x9744y9520,9744,9520,9632,9408,224
TCGA-05-4390-01A-01-BS1_x9968y9520,9968,9520,9856,9408,224
TCGA-05-4390-01A-01-BS1_x10192y9520,10192,9520,10080,9408,224
TCGA-05-4390-01A-01-BS1_x10416y9520,10416,9520,10304,9408,224
TCGA-05-4390-01A-01-BS1_x10640y9520,10640,9520,10528,9408,224
TCGA-05-4390-01A-01-BS1_x10864y9520,10864,9520,10752,9408,224
TCGA-05-4390-01A-01-BS1_x11088y9520,11088,9520,10976,9408,224
TCGA-05-4390-01A-01-BS1_x11312y9520,11312,9520,11200,9408,224
TCGA-05-4390-01A-01-BS1_x11536y9520,11536,9520,11424,9408,224
TCGA-05-4390-01A-01-BS1_x11760y9520,11760,9520,11648,9408,224
TCGA-05-4390-01A-01-BS1_x11984y9520,11984,9520,11872,9408,224
TCGA-05-4390-01A-01-BS1_x12208y9520,12208,9520,12096,9408,224
TCGA-05-4390-01A-01-BS1_x12432y9520,12432,9520,12320,9408,224
TCGA-05-4390-01A-01-BS1_x12656y9520,12656,9520,12544,9408,224
TCGA-05-4390-01A-01-BS1_x12880y9520,12880,9520,12768,9408,224
TCGA-05-4390-01A-01-BS1_x13104y9520,13104,9520,12992,9408,224
TCGA-05-4390-01A-01-BS1_x13328y9520,13328,9520,13216,9408,224
TCGA-05-4390-01A-01-BS1_x13552y9520,13552,9520,13440,9408,224
TCGA-05-4390-01A-01-BS1_x13776y9520,13776,9520,13664,9408,224
TCGA-05-4390-01A-01-BS1_x14000y9520,14000,9520,13888,9408,224
TCGA-05-4390-01A-01-BS1_x14224y9520,14224,9520,14112,9408,224
TCGA-05-4390-01A-01-BS1_x14448y9520,14448,9520,14336,9408,224
TCGA-05-4390-01A-01-BS1_x14672y9520,14672,9520,14560,9408,224
TCGA-05-4390-01A-01-BS1_x14896y9520,14896,9520,14784,9408,224
TCGA-05-4390-01A-01-BS1_x15120y9520,15120,9520,15008,9408,224
TCGA-05-4390-01A-01-BS1_x15344y9520,15344,9520,15232,9408,224
TCGA-05-4390-01A-01-BS1_x15568y9520,15568,9520,15456,9408,224
TCGA-05-4390-01A-01-BS1_x15792y9520,15792,9520,15680,9408,224
TCGA-05-4390-01A-01-BS1_x16016y9520,16016,9520,15904,9408,224
TCGA-05-4390-01A-01-BS1_x16240y9520,16240,9520,16128,9408,224
TCGA-05-4390-01A-01-BS1_x16464y9520,16464,9520,16352,9408,224
TCGA-05-4390-01A-01-BS1_x16688y9520,16688,9520,16576,9408,224
TCGA-05-4390-01A-01-BS1_x16912y9520,16912,9520,16800,9408,224
TCGA-05-4390-01A-01-BS1_x17136y9520,17136,9520,17024,9408,224
TCGA-05-4390-01A-01-BS1_x17360y9520,17360,9520,17248,9408,224
TCGA-05-4390-01A-01-BS1_x17584y9520,17584,9520,17472,9408,224
TCGA-05-4390-01A-01-BS1_x17808y9520,17808,9520,17696,9408,224
TCGA-05-4390-01A-01-BS1_x18032y9520,18032,9520,17920,9408,224
TCGA-05-4390-01A-01-BS1_x18256y9520,18256,9520,18144,9408,224
TCGA-05-4390-01A-01-BS1_x18480y9520,18480,9520,18368,9408,224
TCGA-05-4390-01A-01-BS1_x18704y9520,18704,9520,18592,9408,224
TCGA-05-4390-01A-01-BS1_x18928y9520,18928,9520,18816,9408,224
TCGA-05-4390-01A-01-BS1_x19152y9520,19152,9520,19040,9408,224
TCGA-05-4390-01A-01-BS1_x19376y9520,19376,9520,19264,9408,224
TCGA-05-4390-01A-01-BS1_x19600y9520,19600,9520,19488,9408,224
TCGA-05-4390-01A-01-BS1_x19824y9520,19824,9520,19712,9408,224
TCGA-05-4390-01A-01-BS1_x20048y9520,20048,9520,19936,9408,224
TCGA-05-4390-01A-01-BS1_x20272y9520,20272,9520,20160,9408,224
TCGA-05-4390-01A-01-BS1_x20496y9520,20496,9520,20384,9408,224
TCGA-05-4390-01A-01-BS1_x20720y9520,20720,9520,20608,9408,224
TCGA-05-4390-01A-01-BS1_x20944y9520,20944,9520,20832,9408,224
TCGA-05-4390-01A-01-BS1_x21168y9520,21168,9520,21056,9408,224
TCGA-05-4390-01A-01-BS1_x21392y9520,21392,9520,21280,9408,224
TCGA-05-4390-01A-01-BS1_x21616y9520,21616,9520,21504,9408,224
TCGA-05-4390-01A-01-BS1_x21840y9520,21840,9520,21728,9408,224
TCGA-05-4390-01A-01-BS1_x22064y9520,22064,9520,21952,9408,224
TCGA-05-4390-01A-01-BS1_x22288y9520,22288,9520,22176,9408,224
TCGA-05-4390-01A-01-BS1_x22512y9520,22512,9520,22400,9408,224
TCGA-05-4390-01A-01-BS1_x22736y9520,22736,9520,22624,9408,224
TCGA-05-4390-01A-01-BS1_x22960y9520,22960,9520,22848,9408,224
TCGA-05-4390-01A-01-BS1_x23184y9520,23184,9520,23072,9408,224
TCGA-05-4390-01A-01-BS1_x23408y9520,23408,9520,23296,9408,224
TCGA-05-4390-01A-01-BS1_x23632y9520,23632,9520,23520,9408,224
TCGA-05-4390-01A-01-BS1_x23856y9520,23856,9520,23744,9408,224
TCGA-05-4390-01A-01-BS1_x24080y9520,24080,9520,23968,9408,224
TCGA-05-4390-01A-01-BS1_x24304y9520,24304,9520,24192,9408,224
TCGA-05-4390-01A-01-BS1_x24528y9520,24528,9520,24416,9408,224
TCGA-05-4390-01A-01-BS1_x24752y9520,24752,9520,24640,9408,224
TCGA-05-4390-01A-01-BS1_x24976y9520,24976,9520,24864,9408,224
TCGA-05-4390-01A-01-BS1_x25200y9520,25200,9520,25088,9408,224
TCGA-05-4390-01A-01-BS1_x25424y9520,25424,9520,25312,9408,224
TCGA-05-4390-01A-01-BS1_x25648y9520,25648,9520,25536,9408,224
TCGA-05-4390-01A-01-BS1_x25872y9520,25872,9520,25760,9408,224
TCGA-05-4390-01A-01-BS1_x26096y9520,26096,9520,25984,9408,224
TCGA-05-4390-01A-01-BS1_x26320y9520,26320,9520,26208,9408,224
TCGA-05-4390-01A-01-BS1_x26544y9520,26544,9520,26432,9408,224
TCGA-05-4390-01A-01-BS1_x26768y9520,26768,9520,26656,9408,224
TCGA-05-4390-01A-01-BS1_x26992y9520,26992,9520,26880,9408,224
TCGA-05-4390-01A-01-BS1_x27216y9520,27216,9520,27104,9408,224
TCGA-05-4390-01A-01-BS1_x27440y9520,27440,9520,27328,9408,224
TCGA-05-4390-01A-01-BS1_x27664y9520,27664,9520,27552,9408,224
TCGA-05-4390-01A-01-BS1_x27888y9520,27888,9520,27776,9408,224
TCGA-05-4390-01A-01-BS1_x28112y9520,28112,9520,28000,9408,224
TCGA-05-4390-01A-01-BS1_x28336y9520,28336,9520,28224,9408,224
TCGA-05-4390-01A-01-BS1_x28560y9520,28560,9520,28448,9408,224
TCGA-05-4390-01A-01-BS1_x28784y9520,28784,9520,28672,9408,224
TCGA-05-4390-01A-01-BS1_x29008y9520,29008,9520,28896,9408,224
TCGA-05-4390-01A-01-BS1_x29232y9520,29232,9520,29120,9408,224
TCGA-05-4390-01A-01-BS1_x29456y9520,29456,9520,29344,9408,224
TCGA-05-4390-01A-01-BS1_x29680y9520,29680,9520,29568,9408,224
TCGA-05-4390-01A-01-BS1_x29904y9520,29904,9520,29792,9408,224
TCGA-05-4390-01A-01-BS1_x30128y9520,30128,9520,30016,9408,224
TCGA-05-4390-01A-01-BS1_x30352y9520,30352,9520,30240,9408,224
TCGA-05-4390-01A-01-BS1_x30576y9520,30576,9520,30464,9408,224
TCGA-05-4390-01A-01-BS1_x30800y9520,30800,9520,30688,9408,224
TCGA-05-4390-01A-01-BS1_x31024y9520,31024,9520,30912,9408,224
TCGA-05-4390-01A-01-BS1_x31248y9520,31248,9520,31136,9408,224
TCGA-05-4390-01A-01-BS1_x31472y9520,31472,9520,31360,9408,224
TCGA-05-4390-01A-01-BS1_x31696y9520,31696,9520,31584,9408,224
TCGA-05-4390-01A-01-BS1_x31920y9520,31920,9520,31808,9408,224
TCGA-05-4390-01A-01-BS1_x32144y9520,32144,9520,32032,9408,224
TCGA-05-4390-01A-01-BS1_x32368y9520,32368,9520,32256,9408,224
TCGA-05-4390-01A-01-BS1_x32592y9520,32592,9520,32480,9408,224
TCGA-05-4390-01A-01-BS1_x32816y9520,32816,9520,32704,9408,224
TCGA-05-4390-01A-01-BS1_x33040y9520,33040,9520,32928,9408,224
TCGA-05-4390-01A-01-BS1_x33264y9520,33264,9520,33152,9408,224
TCGA-05-4390-01A-01-BS1_x33488y9520,33488,9520,33376,9408,224
TCGA-05-4390-01A-01-BS1_x33712y9520,33712,9520,33600,9408,224
TCGA-05-4390-01A-01-BS1_x33936y9520,33936,9520,33824,9408,224
TCGA-05-4390-01A-01-BS1_x2128y9744,2128,9744,2016,9632,224
TCGA-05-4390-01A-01-BS1_x2352y9744,2352,9744,2240,9632,224
TCGA-05-4390-01A-01-BS1_x2576y9744,2576,9744,2464,9632,224
TCGA-05-4390-01A-01-BS1_x2800y9744,2800,9744,2688,9632,224
TCGA-05-4390-01A-01-BS1_x3248y9744,3248,9744,3136,9632,224
TCGA-05-4390-01A-01-BS1_x3472y9744,3472,9744,3360,9632,224
TCGA-05-4390-01A-01-BS1_x3696y9744,3696,9744,3584,9632,224
TCGA-05-4390-01A-01-BS1_x3920y9744,3920,9744,3808,9632,224
TCGA-05-4390-01A-01-BS1_x4144y9744,4144,9744,4032,9632,224
TCGA-05-4390-01A-01-BS1_x4368y9744,4368,9744,4256,9632,224
TCGA-05-4390-01A-01-BS1_x4592y9744,4592,9744,4480,9632,224
TCGA-05-4390-01A-01-BS1_x4816y9744,4816,9744,4704,9632,224
TCGA-05-4390-01A-01-BS1_x5040y9744,5040,9744,4928,9632,224
TCGA-05-4390-01A-01-BS1_x5264y9744,5264,9744,5152,9632,224
TCGA-05-4390-01A-01-BS1_x5488y9744,5488,9744,5376,9632,224
TCGA-05-4390-01A-01-BS1_x5712y9744,5712,9744,5600,9632,224
TCGA-05-4390-01A-01-BS1_x5936y9744,5936,9744,5824,9632,224
TCGA-05-4390-01A-01-BS1_x6160y9744,6160,9744,6048,9632,224
TCGA-05-4390-01A-01-BS1_x6384y9744,6384,9744,6272,9632,224
TCGA-05-4390-01A-01-BS1_x6608y9744,6608,9744,6496,9632,224
TCGA-05-4390-01A-01-BS1_x6832y9744,6832,9744,6720,9632,224
TCGA-05-4390-01A-01-BS1_x7056y9744,7056,9744,6944,9632,224
TCGA-05-4390-01A-01-BS1_x7280y9744,7280,9744,7168,9632,224
TCGA-05-4390-01A-01-BS1_x7504y9744,7504,9744,7392,9632,224
TCGA-05-4390-01A-01-BS1_x7728y9744,7728,9744,7616,9632,224
TCGA-05-4390-01A-01-BS1_x7952y9744,7952,9744,7840,9632,224
TCGA-05-4390-01A-01-BS1_x8176y9744,8176,9744,8064,9632,224
TCGA-05-4390-01A-01-BS1_x8400y9744,8400,9744,8288,9632,224
TCGA-05-4390-01A-01-BS1_x8624y9744,8624,9744,8512,9632,224
TCGA-05-4390-01A-01-BS1_x8848y9744,8848,9744,8736,9632,224
TCGA-05-4390-01A-01-BS1_x9072y9744,9072,9744,8960,9632,224
TCGA-05-4390-01A-01-BS1_x9296y9744,9296,9744,9184,9632,224
TCGA-05-4390-01A-01-BS1_x9520y9744,9520,9744,9408,9632,224
TCGA-05-4390-01A-01-BS1_x9744y9744,9744,9744,9632,9632,224
TCGA-05-4390-01A-01-BS1_x9968y9744,9968,9744,9856,9632,224
TCGA-05-4390-01A-01-BS1_x10192y9744,10192,9744,10080,9632,224
TCGA-05-4390-01A-01-BS1_x10416y9744,10416,9744,10304,9632,224
TCGA-05-4390-01A-01-BS1_x10640y9744,10640,9744,10528,9632,224
TCGA-05-4390-01A-01-BS1_x10864y9744,10864,9744,10752,9632,224
TCGA-05-4390-01A-01-BS1_x11088y9744,11088,9744,10976,9632,224
TCGA-05-4390-01A-01-BS1_x11312y9744,11312,9744,11200,9632,224
TCGA-05-4390-01A-01-BS1_x11536y9744,11536,9744,11424,9632,224
TCGA-05-4390-01A-01-BS1_x11760y9744,11760,9744,11648,9632,224
TCGA-05-4390-01A-01-BS1_x11984y9744,11984,9744,11872,9632,224
TCGA-05-4390-01A-01-BS1_x12208y9744,12208,9744,12096,9632,224
TCGA-05-4390-01A-01-BS1_x12432y9744,12432,9744,12320,9632,224
TCGA-05-4390-01A-01-BS1_x12656y9744,12656,9744,12544,9632,224
TCGA-05-4390-01A-01-BS1_x12880y9744,12880,9744,12768,9632,224
TCGA-05-4390-01A-01-BS1_x13104y9744,13104,9744,12992,9632,224
TCGA-05-4390-01A-01-BS1_x13328y9744,13328,9744,13216,9632,224
TCGA-05-4390-01A-01-BS1_x13552y9744,13552,9744,13440,9632,224
TCGA-05-4390-01A-01-BS1_x13776y9744,13776,9744,13664,9632,224
TCGA-05-4390-01A-01-BS1_x14000y9744,14000,9744,13888,9632,224
TCGA-05-4390-01A-01-BS1_x14224y9744,14224,9744,14112,9632,224
TCGA-05-4390-01A-01-BS1_x14448y9744,14448,9744,14336,9632,224
TCGA-05-4390-01A-01-BS1_x14672y9744,14672,9744,14560,9632,224
TCGA-05-4390-01A-01-BS1_x14896y9744,14896,9744,14784,9632,224
TCGA-05-4390-01A-01-BS1_x15120y9744,15120,9744,15008,9632,224
TCGA-05-4390-01A-01-BS1_x15344y9744,15344,9744,15232,9632,224
TCGA-05-4390-01A-01-BS1_x15568y9744,15568,9744,15456,9632,224
TCGA-05-4390-01A-01-BS1_x15792y9744,15792,9744,15680,9632,224
TCGA-05-4390-01A-01-BS1_x16016y9744,16016,9744,15904,9632,224
TCGA-05-4390-01A-01-BS1_x16240y9744,16240,9744,16128,9632,224
TCGA-05-4390-01A-01-BS1_x16464y9744,16464,9744,16352,9632,224
TCGA-05-4390-01A-01-BS1_x16688y9744,16688,9744,16576,9632,224
TCGA-05-4390-01A-01-BS1_x16912y9744,16912,9744,16800,9632,224
TCGA-05-4390-01A-01-BS1_x17136y9744,17136,9744,17024,9632,224
TCGA-05-4390-01A-01-BS1_x17360y9744,17360,9744,17248,9632,224
TCGA-05-4390-01A-01-BS1_x17584y9744,17584,9744,17472,9632,224
TCGA-05-4390-01A-01-BS1_x17808y9744,17808,9744,17696,9632,224
TCGA-05-4390-01A-01-BS1_x18032y9744,18032,9744,17920,9632,224
TCGA-05-4390-01A-01-BS1_x18256y9744,18256,9744,18144,9632,224
TCGA-05-4390-01A-01-BS1_x18480y9744,18480,9744,18368,9632,224
TCGA-05-4390-01A-01-BS1_x18704y9744,18704,9744,18592,9632,224
TCGA-05-4390-01A-01-BS1_x18928y9744,18928,9744,18816,9632,224
TCGA-05-4390-01A-01-BS1_x19152y9744,19152,9744,19040,9632,224
TCGA-05-4390-01A-01-BS1_x19376y9744,19376,9744,19264,9632,224
TCGA-05-4390-01A-01-BS1_x19600y9744,19600,9744,19488,9632,224
TCGA-05-4390-01A-01-BS1_x19824y9744,19824,9744,19712,9632,224
TCGA-05-4390-01A-01-BS1_x20048y9744,20048,9744,19936,9632,224
TCGA-05-4390-01A-01-BS1_x20272y9744,20272,9744,20160,9632,224
TCGA-05-4390-01A-01-BS1_x20496y9744,20496,9744,20384,9632,224
TCGA-05-4390-01A-01-BS1_x20720y9744,20720,9744,20608,9632,224
TCGA-05-4390-01A-01-BS1_x20944y9744,20944,9744,20832,9632,224
TCGA-05-4390-01A-01-BS1_x21168y9744,21168,9744,21056,9632,224
TCGA-05-4390-01A-01-BS1_x21392y9744,21392,9744,21280,9632,224
TCGA-05-4390-01A-01-BS1_x21616y9744,21616,9744,21504,9632,224
TCGA-05-4390-01A-01-BS1_x21840y9744,21840,9744,21728,9632,224
TCGA-05-4390-01A-01-BS1_x22064y9744,22064,9744,21952,9632,224
TCGA-05-4390-01A-01-BS1_x22288y9744,22288,9744,22176,9632,224
TCGA-05-4390-01A-01-BS1_x22512y9744,22512,9744,22400,9632,224
TCGA-05-4390-01A-01-BS1_x22736y9744,22736,9744,22624,9632,224
TCGA-05-4390-01A-01-BS1_x22960y9744,22960,9744,22848,9632,224
TCGA-05-4390-01A-01-BS1_x23184y9744,23184,9744,23072,9632,224
TCGA-05-4390-01A-01-BS1_x23408y9744,23408,9744,23296,9632,224
TCGA-05-4390-01A-01-BS1_x23632y9744,23632,9744,23520,9632,224
TCGA-05-4390-01A-01-BS1_x23856y9744,23856,9744,23744,9632,224
TCGA-05-4390-01A-01-BS1_x24080y9744,24080,9744,23968,9632,224
TCGA-05-4390-01A-01-BS1_x24304y9744,24304,9744,24192,9632,224
TCGA-05-4390-01A-01-BS1_x24528y9744,24528,9744,24416,9632,224
TCGA-05-4390-01A-01-BS1_x24752y9744,24752,9744,24640,9632,224
TCGA-05-4390-01A-01-BS1_x24976y9744,24976,9744,24864,9632,224
TCGA-05-4390-01A-01-BS1_x25200y9744,25200,9744,25088,9632,224
TCGA-05-4390-01A-01-BS1_x25424y9744,25424,9744,25312,9632,224
TCGA-05-4390-01A-01-BS1_x25648y9744,25648,9744,25536,9632,224
TCGA-05-4390-01A-01-BS1_x25872y9744,25872,9744,25760,9632,224
TCGA-05-4390-01A-01-BS1_x26096y9744,26096,9744,25984,9632,224
TCGA-05-4390-01A-01-BS1_x26320y9744,26320,9744,26208,9632,224
TCGA-05-4390-01A-01-BS1_x26544y9744,26544,9744,26432,9632,224
TCGA-05-4390-01A-01-BS1_x26768y9744,26768,9744,26656,9632,224
TCGA-05-4390-01A-01-BS1_x26992y9744,26992,9744,26880,9632,224
TCGA-05-4390-01A-01-BS1_x27216y9744,27216,9744,27104,9632,224
TCGA-05-4390-01A-01-BS1_x27440y9744,27440,9744,27328,9632,224
TCGA-05-4390-01A-01-BS1_x27664y9744,27664,9744,27552,9632,224
TCGA-05-4390-01A-01-BS1_x27888y9744,27888,9744,27776,9632,224
TCGA-05-4390-01A-01-BS1_x28112y9744,28112,9744,28000,9632,224
TCGA-05-4390-01A-01-BS1_x28336y9744,28336,9744,28224,9632,224
TCGA-05-4390-01A-01-BS1_x28560y9744,28560,9744,28448,9632,224
TCGA-05-4390-01A-01-BS1_x28784y9744,28784,9744,28672,9632,224
TCGA-05-4390-01A-01-BS1_x29008y9744,29008,9744,28896,9632,224
TCGA-05-4390-01A-01-BS1_x29232y9744,29232,9744,29120,9632,224
TCGA-05-4390-01A-01-BS1_x29456y9744,29456,9744,29344,9632,224
TCGA-05-4390-01A-01-BS1_x29680y9744,29680,9744,29568,9632,224
TCGA-05-4390-01A-01-BS1_x29904y9744,29904,9744,29792,9632,224
TCGA-05-4390-01A-01-BS1_x30128y9744,30128,9744,30016,9632,224
TCGA-05-4390-01A-01-BS1_x30352y9744,30352,9744,30240,9632,224
TCGA-05-4390-01A-01-BS1_x30576y9744,30576,9744,30464,9632,224
TCGA-05-4390-01A-01-BS1_x30800y9744,30800,9744,30688,9632,224
TCGA-05-4390-01A-01-BS1_x31024y9744,31024,9744,30912,9632,224
TCGA-05-4390-01A-01-BS1_x31248y9744,31248,9744,31136,9632,224
TCGA-05-4390-01A-01-BS1_x31472y9744,31472,9744,31360,9632,224
TCGA-05-4390-01A-01-BS1_x31696y9744,31696,9744,31584,9632,224
TCGA-05-4390-01A-01-BS1_x31920y9744,31920,9744,31808,9632,224
TCGA-05-4390-01A-01-BS1_x32144y9744,32144,9744,32032,9632,224
TCGA-05-4390-01A-01-BS1_x32368y9744,32368,9744,32256,9632,224
TCGA-05-4390-01A-01-BS1_x32592y9744,32592,9744,32480,9632,224
TCGA-05-4390-01A-01-BS1_x32816y9744,32816,9744,32704,9632,224
TCGA-05-4390-01A-01-BS1_x33040y9744,33040,9744,32928,9632,224
TCGA-05-4390-01A-01-BS1_x33264y9744,33264,9744,33152,9632,224
TCGA-05-4390-01A-01-BS1_x33488y9744,33488,9744,33376,9632,224
TCGA-05-4390-01A-01-BS1_x33712y9744,33712,9744,33600,9632,224
TCGA-05-4390-01A-01-BS1_x33936y9744,33936,9744,33824,9632,224
TCGA-05-4390-01A-01-BS1_x2128y9968,2128,9968,2016,9856,224
TCGA-05-4390-01A-01-BS1_x2352y9968,2352,9968,2240,9856,224
TCGA-05-4390-01A-01-BS1_x2576y9968,2576,9968,2464,9856,224
TCGA-05-4390-01A-01-BS1_x2800y9968,2800,9968,2688,9856,224
TCGA-05-4390-01A-01-BS1_x3024y9968,3024,9968,2912,9856,224
TCGA-05-4390-01A-01-BS1_x3248y9968,3248,9968,3136,9856,224
TCGA-05-4390-01A-01-BS1_x3472y9968,3472,9968,3360,9856,224
TCGA-05-4390-01A-01-BS1_x3696y9968,3696,9968,3584,9856,224
TCGA-05-4390-01A-01-BS1_x3920y9968,3920,9968,3808,9856,224
TCGA-05-4390-01A-01-BS1_x4144y9968,4144,9968,4032,9856,224
TCGA-05-4390-01A-01-BS1_x4368y9968,4368,9968,4256,9856,224
TCGA-05-4390-01A-01-BS1_x4592y9968,4592,9968,4480,9856,224
TCGA-05-4390-01A-01-BS1_x4816y9968,4816,9968,4704,9856,224
TCGA-05-4390-01A-01-BS1_x5040y9968,5040,9968,4928,9856,224
TCGA-05-4390-01A-01-BS1_x5264y9968,5264,9968,5152,9856,224
TCGA-05-4390-01A-01-BS1_x5488y9968,5488,9968,5376,9856,224
TCGA-05-4390-01A-01-BS1_x5712y9968,5712,9968,5600,9856,224
TCGA-05-4390-01A-01-BS1_x5936y9968,5936,9968,5824,9856,224
TCGA-05-4390-01A-01-BS1_x6160y9968,6160,9968,6048,9856,224
TCGA-05-4390-01A-01-BS1_x6384y9968,6384,9968,6272,9856,224
TCGA-05-4390-01A-01-BS1_x6608y9968,6608,9968,6496,9856,224
TCGA-05-4390-01A-01-BS1_x6832y9968,6832,9968,6720,9856,224
TCGA-05-4390-01A-01-BS1_x7056y9968,7056,9968,6944,9856,224
TCGA-05-4390-01A-01-BS1_x7280y9968,7280,9968,7168,9856,224
TCGA-05-4390-01A-01-BS1_x7504y9968,7504,9968,7392,9856,224
TCGA-05-4390-01A-01-BS1_x7728y9968,7728,9968,7616,9856,224
TCGA-05-4390-01A-01-BS1_x7952y9968,7952,9968,7840,9856,224
TCGA-05-4390-01A-01-BS1_x8176y9968,8176,9968,8064,9856,224
TCGA-05-4390-01A-01-BS1_x8400y9968,8400,9968,8288,9856,224
TCGA-05-4390-01A-01-BS1_x8624y9968,8624,9968,8512,9856,224
TCGA-05-4390-01A-01-BS1_x8848y9968,8848,9968,8736,9856,224
TCGA-05-4390-01A-01-BS1_x9072y9968,9072,9968,8960,9856,224
TCGA-05-4390-01A-01-BS1_x9296y9968,9296,9968,9184,9856,224
TCGA-05-4390-01A-01-BS1_x9520y9968,9520,9968,9408,9856,224
TCGA-05-4390-01A-01-BS1_x9744y9968,9744,9968,9632,9856,224
TCGA-05-4390-01A-01-BS1_x9968y9968,9968,9968,9856,9856,224
TCGA-05-4390-01A-01-BS1_x10192y9968,10192,9968,10080,9856,224
TCGA-05-4390-01A-01-BS1_x10416y9968,10416,9968,10304,9856,224
TCGA-05-4390-01A-01-BS1_x10640y9968,10640,9968,10528,9856,224
TCGA-05-4390-01A-01-BS1_x10864y9968,10864,9968,10752,9856,224
TCGA-05-4390-01A-01-BS1_x11088y9968,11088,9968,10976,9856,224
TCGA-05-4390-01A-01-BS1_x11312y9968,11312,9968,11200,9856,224
TCGA-05-4390-01A-01-BS1_x11536y9968,11536,9968,11424,9856,224
TCGA-05-4390-01A-01-BS1_x11760y9968,11760,9968,11648,9856,224
TCGA-05-4390-01A-01-BS1_x11984y9968,11984,9968,11872,9856,224
TCGA-05-4390-01A-01-BS1_x12208y9968,12208,9968,12096,9856,224
TCGA-05-4390-01A-01-BS1_x12432y9968,12432,9968,12320,9856,224
TCGA-05-4390-01A-01-BS1_x12656y9968,12656,9968,12544,9856,224
TCGA-05-4390-01A-01-BS1_x12880y9968,12880,9968,12768,9856,224
TCGA-05-4390-01A-01-BS1_x13104y9968,13104,9968,12992,9856,224
TCGA-05-4390-01A-01-BS1_x13328y9968,13328,9968,13216,9856,224
TCGA-05-4390-01A-01-BS1_x13552y9968,13552,9968,13440,9856,224
TCGA-05-4390-01A-01-BS1_x13776y9968,13776,9968,13664,9856,224
TCGA-05-4390-01A-01-BS1_x14000y9968,14000,9968,13888,9856,224
TCGA-05-4390-01A-01-BS1_x14224y9968,14224,9968,14112,9856,224
TCGA-05-4390-01A-01-BS1_x14448y9968,14448,9968,14336,9856,224
TCGA-05-4390-01A-01-BS1_x14672y9968,14672,9968,14560,9856,224
TCGA-05-4390-01A-01-BS1_x14896y9968,14896,9968,14784,9856,224
TCGA-05-4390-01A-01-BS1_x15120y9968,15120,9968,15008,9856,224
TCGA-05-4390-01A-01-BS1_x15344y9968,15344,9968,15232,9856,224
TCGA-05-4390-01A-01-BS1_x15568y9968,15568,9968,15456,9856,224
TCGA-05-4390-01A-01-BS1_x15792y9968,15792,9968,15680,9856,224
TCGA-05-4390-01A-01-BS1_x16016y9968,16016,9968,15904,9856,224
TCGA-05-4390-01A-01-BS1_x16240y9968,16240,9968,16128,9856,224
TCGA-05-4390-01A-01-BS1_x16464y9968,16464,9968,16352,9856,224
TCGA-05-4390-01A-01-BS1_x16688y9968,16688,9968,16576,9856,224
TCGA-05-4390-01A-01-BS1_x16912y9968,16912,9968,16800,9856,224
TCGA-05-4390-01A-01-BS1_x17136y9968,17136,9968,17024,9856,224
TCGA-05-4390-01A-01-BS1_x17360y9968,17360,9968,17248,9856,224
TCGA-05-4390-01A-01-BS1_x17584y9968,17584,9968,17472,9856,224
TCGA-05-4390-01A-01-BS1_x17808y9968,17808,9968,17696,9856,224
TCGA-05-4390-01A-01-BS1_x18032y9968,18032,9968,17920,9856,224
TCGA-05-4390-01A-01-BS1_x18256y9968,18256,9968,18144,9856,224
TCGA-05-4390-01A-01-BS1_x18480y9968,18480,9968,18368,9856,224
TCGA-05-4390-01A-01-BS1_x18704y9968,18704,9968,18592,9856,224
TCGA-05-4390-01A-01-BS1_x18928y9968,18928,9968,18816,9856,224
TCGA-05-4390-01A-01-BS1_x19152y9968,19152,9968,19040,9856,224
TCGA-05-4390-01A-01-BS1_x19376y9968,19376,9968,19264,9856,224
TCGA-05-4390-01A-01-BS1_x19600y9968,19600,9968,19488,9856,224
TCGA-05-4390-01A-01-BS1_x19824y9968,19824,9968,19712,9856,224
TCGA-05-4390-01A-01-BS1_x20048y9968,20048,9968,19936,9856,224
TCGA-05-4390-01A-01-BS1_x20272y9968,20272,9968,20160,9856,224
TCGA-05-4390-01A-01-BS1_x20496y9968,20496,9968,20384,9856,224
TCGA-05-4390-01A-01-BS1_x20720y9968,20720,9968,20608,9856,224
TCGA-05-4390-01A-01-BS1_x20944y9968,20944,9968,20832,9856,224
TCGA-05-4390-01A-01-BS1_x21168y9968,21168,9968,21056,9856,224
TCGA-05-4390-01A-01-BS1_x21392y9968,21392,9968,21280,9856,224
TCGA-05-4390-01A-01-BS1_x21616y9968,21616,9968,21504,9856,224
TCGA-05-4390-01A-01-BS1_x21840y9968,21840,9968,21728,9856,224
TCGA-05-4390-01A-01-BS1_x22064y9968,22064,9968,21952,9856,224
TCGA-05-4390-01A-01-BS1_x22288y9968,22288,9968,22176,9856,224
TCGA-05-4390-01A-01-BS1_x22512y9968,22512,9968,22400,9856,224
TCGA-05-4390-01A-01-BS1_x22736y9968,22736,9968,22624,9856,224
TCGA-05-4390-01A-01-BS1_x22960y9968,22960,9968,22848,9856,224
TCGA-05-4390-01A-01-BS1_x23184y9968,23184,9968,23072,9856,224
TCGA-05-4390-01A-01-BS1_x23408y9968,23408,9968,23296,9856,224
TCGA-05-4390-01A-01-BS1_x23632y9968,23632,9968,23520,9856,224
TCGA-05-4390-01A-01-BS1_x23856y9968,23856,9968,23744,9856,224
TCGA-05-4390-01A-01-BS1_x24080y9968,24080,9968,23968,9856,224
TCGA-05-4390-01A-01-BS1_x24304y9968,24304,9968,24192,9856,224
TCGA-05-4390-01A-01-BS1_x24528y9968,24528,9968,24416,9856,224
TCGA-05-4390-01A-01-BS1_x24752y9968,24752,9968,24640,9856,224
TCGA-05-4390-01A-01-BS1_x24976y9968,24976,9968,24864,9856,224
TCGA-05-4390-01A-01-BS1_x25200y9968,25200,9968,25088,9856,224
TCGA-05-4390-01A-01-BS1_x25424y9968,25424,9968,25312,9856,224
TCGA-05-4390-01A-01-BS1_x25648y9968,25648,9968,25536,9856,224
TCGA-05-4390-01A-01-BS1_x25872y9968,25872,9968,25760,9856,224
TCGA-05-4390-01A-01-BS1_x26096y9968,26096,9968,25984,9856,224
TCGA-05-4390-01A-01-BS1_x26320y9968,26320,9968,26208,9856,224
TCGA-05-4390-01A-01-BS1_x26544y9968,26544,9968,26432,9856,224
TCGA-05-4390-01A-01-BS1_x26768y9968,26768,9968,26656,9856,224
TCGA-05-4390-01A-01-BS1_x26992y9968,26992,9968,26880,9856,224
TCGA-05-4390-01A-01-BS1_x27216y9968,27216,9968,27104,9856,224
TCGA-05-4390-01A-01-BS1_x27440y9968,27440,9968,27328,9856,224
TCGA-05-4390-01A-01-BS1_x27664y9968,27664,9968,27552,9856,224
TCGA-05-4390-01A-01-BS1_x27888y9968,27888,9968,27776,9856,224
TCGA-05-4390-01A-01-BS1_x28112y9968,28112,9968,28000,9856,224
TCGA-05-4390-01A-01-BS1_x28336y9968,28336,9968,28224,9856,224
TCGA-05-4390-01A-01-BS1_x28560y9968,28560,9968,28448,9856,224
TCGA-05-4390-01A-01-BS1_x28784y9968,28784,9968,28672,9856,224
TCGA-05-4390-01A-01-BS1_x29008y9968,29008,9968,28896,9856,224
TCGA-05-4390-01A-01-BS1_x29232y9968,29232,9968,29120,9856,224
TCGA-05-4390-01A-01-BS1_x29456y9968,29456,9968,29344,9856,224
TCGA-05-4390-01A-01-BS1_x29680y9968,29680,9968,29568,9856,224
TCGA-05-4390-01A-01-BS1_x29904y9968,29904,9968,29792,9856,224
TCGA-05-4390-01A-01-BS1_x30128y9968,30128,9968,30016,9856,224
TCGA-05-4390-01A-01-BS1_x30352y9968,30352,9968,30240,9856,224
TCGA-05-4390-01A-01-BS1_x30576y9968,30576,9968,30464,9856,224
TCGA-05-4390-01A-01-BS1_x30800y9968,30800,9968,30688,9856,224
TCGA-05-4390-01A-01-BS1_x31024y9968,31024,9968,30912,9856,224
TCGA-05-4390-01A-01-BS1_x31248y9968,31248,9968,31136,9856,224
TCGA-05-4390-01A-01-BS1_x31472y9968,31472,9968,31360,9856,224
TCGA-05-4390-01A-01-BS1_x31920y9968,31920,9968,31808,9856,224
TCGA-05-4390-01A-01-BS1_x32144y9968,32144,9968,32032,9856,224
TCGA-05-4390-01A-01-BS1_x32368y9968,32368,9968,32256,9856,224
TCGA-05-4390-01A-01-BS1_x32592y9968,32592,9968,32480,9856,224
TCGA-05-4390-01A-01-BS1_x32816y9968,32816,9968,32704,9856,224
TCGA-05-4390-01A-01-BS1_x33040y9968,33040,9968,32928,9856,224
TCGA-05-4390-01A-01-BS1_x33264y9968,33264,9968,33152,9856,224
TCGA-05-4390-01A-01-BS1_x33488y9968,33488,9968,33376,9856,224
TCGA-05-4390-01A-01-BS1_x33712y9968,33712,9968,33600,9856,224
TCGA-05-4390-01A-01-BS1_x33936y9968,33936,9968,33824,9856,224
TCGA-05-4390-01A-01-BS1_x2128y10192,2128,10192,2016,10080,224
TCGA-05-4390-01A-01-BS1_x2352y10192,2352,10192,2240,10080,224
TCGA-05-4390-01A-01-BS1_x2576y10192,2576,10192,2464,10080,224
TCGA-05-4390-01A-01-BS1_x3024y10192,3024,10192,2912,10080,224
TCGA-05-4390-01A-01-BS1_x3248y10192,3248,10192,3136,10080,224
TCGA-05-4390-01A-01-BS1_x3472y10192,3472,10192,3360,10080,224
TCGA-05-4390-01A-01-BS1_x3696y10192,3696,10192,3584,10080,224
TCGA-05-4390-01A-01-BS1_x3920y10192,3920,10192,3808,10080,224
TCGA-05-4390-01A-01-BS1_x4144y10192,4144,10192,4032,10080,224
TCGA-05-4390-01A-01-BS1_x4368y10192,4368,10192,4256,10080,224
TCGA-05-4390-01A-01-BS1_x4592y10192,4592,10192,4480,10080,224
TCGA-05-4390-01A-01-BS1_x4816y10192,4816,10192,4704,10080,224
TCGA-05-4390-01A-01-BS1_x5040y10192,5040,10192,4928,10080,224
TCGA-05-4390-01A-01-BS1_x5264y10192,5264,10192,5152,10080,224
TCGA-05-4390-01A-01-BS1_x5488y10192,5488,10192,5376,10080,224
TCGA-05-4390-01A-01-BS1_x5712y10192,5712,10192,5600,10080,224
TCGA-05-4390-01A-01-BS1_x5936y10192,5936,10192,5824,10080,224
TCGA-05-4390-01A-01-BS1_x6160y10192,6160,10192,6048,10080,224
TCGA-05-4390-01A-01-BS1_x6384y10192,6384,10192,6272,10080,224
TCGA-05-4390-01A-01-BS1_x6608y10192,6608,10192,6496,10080,224
TCGA-05-4390-01A-01-BS1_x6832y10192,6832,10192,6720,10080,224
TCGA-05-4390-01A-01-BS1_x7056y10192,7056,10192,6944,10080,224
TCGA-05-4390-01A-01-BS1_x7280y10192,7280,10192,7168,10080,224
TCGA-05-4390-01A-01-BS1_x7504y10192,7504,10192,7392,10080,224
TCGA-05-4390-01A-01-BS1_x7728y10192,7728,10192,7616,10080,224
TCGA-05-4390-01A-01-BS1_x7952y10192,7952,10192,7840,10080,224
TCGA-05-4390-01A-01-BS1_x8176y10192,8176,10192,8064,10080,224
TCGA-05-4390-01A-01-BS1_x8400y10192,8400,10192,8288,10080,224
TCGA-05-4390-01A-01-BS1_x8624y10192,8624,10192,8512,10080,224
TCGA-05-4390-01A-01-BS1_x8848y10192,8848,10192,8736,10080,224
TCGA-05-4390-01A-01-BS1_x9072y10192,9072,10192,8960,10080,224
TCGA-05-4390-01A-01-BS1_x9296y10192,9296,10192,9184,10080,224
TCGA-05-4390-01A-01-BS1_x9520y10192,9520,10192,9408,10080,224
TCGA-05-4390-01A-01-BS1_x9744y10192,9744,10192,9632,10080,224
TCGA-05-4390-01A-01-BS1_x9968y10192,9968,10192,9856,10080,224
TCGA-05-4390-01A-01-BS1_x10192y10192,10192,10192,10080,10080,224
TCGA-05-4390-01A-01-BS1_x10416y10192,10416,10192,10304,10080,224
TCGA-05-4390-01A-01-BS1_x10640y10192,10640,10192,10528,10080,224
TCGA-05-4390-01A-01-BS1_x10864y10192,10864,10192,10752,10080,224
TCGA-05-4390-01A-01-BS1_x11088y10192,11088,10192,10976,10080,224
TCGA-05-4390-01A-01-BS1_x11312y10192,11312,10192,11200,10080,224
TCGA-05-4390-01A-01-BS1_x11536y10192,11536,10192,11424,10080,224
TCGA-05-4390-01A-01-BS1_x11760y10192,11760,10192,11648,10080,224
TCGA-05-4390-01A-01-BS1_x11984y10192,11984,10192,11872,10080,224
TCGA-05-4390-01A-01-BS1_x12208y10192,12208,10192,12096,10080,224
TCGA-05-4390-01A-01-BS1_x12432y10192,12432,10192,12320,10080,224
TCGA-05-4390-01A-01-BS1_x12656y10192,12656,10192,12544,10080,224
TCGA-05-4390-01A-01-BS1_x12880y10192,12880,10192,12768,10080,224
TCGA-05-4390-01A-01-BS1_x13104y10192,13104,10192,12992,10080,224
TCGA-05-4390-01A-01-BS1_x13328y10192,13328,10192,13216,10080,224
TCGA-05-4390-01A-01-BS1_x13552y10192,13552,10192,13440,10080,224
TCGA-05-4390-01A-01-BS1_x13776y10192,13776,10192,13664,10080,224
TCGA-05-4390-01A-01-BS1_x14000y10192,14000,10192,13888,10080,224
TCGA-05-4390-01A-01-BS1_x14224y10192,14224,10192,14112,10080,224
TCGA-05-4390-01A-01-BS1_x14448y10192,14448,10192,14336,10080,224
TCGA-05-4390-01A-01-BS1_x14672y10192,14672,10192,14560,10080,224
TCGA-05-4390-01A-01-BS1_x14896y10192,14896,10192,14784,10080,224
TCGA-05-4390-01A-01-BS1_x15120y10192,15120,10192,15008,10080,224
TCGA-05-4390-01A-01-BS1_x15344y10192,15344,10192,15232,10080,224
TCGA-05-4390-01A-01-BS1_x15568y10192,15568,10192,15456,10080,224
TCGA-05-4390-01A-01-BS1_x15792y10192,15792,10192,15680,10080,224
TCGA-05-4390-01A-01-BS1_x16016y10192,16016,10192,15904,10080,224
TCGA-05-4390-01A-01-BS1_x16240y10192,16240,10192,16128,10080,224
TCGA-05-4390-01A-01-BS1_x16464y10192,16464,10192,16352,10080,224
TCGA-05-4390-01A-01-BS1_x16688y10192,16688,10192,16576,10080,224
TCGA-05-4390-01A-01-BS1_x16912y10192,16912,10192,16800,10080,224
TCGA-05-4390-01A-01-BS1_x17136y10192,17136,10192,17024,10080,224
TCGA-05-4390-01A-01-BS1_x17360y10192,17360,10192,17248,10080,224
TCGA-05-4390-01A-01-BS1_x17584y10192,17584,10192,17472,10080,224
TCGA-05-4390-01A-01-BS1_x17808y10192,17808,10192,17696,10080,224
TCGA-05-4390-01A-01-BS1_x18032y10192,18032,10192,17920,10080,224
TCGA-05-4390-01A-01-BS1_x18256y10192,18256,10192,18144,10080,224
TCGA-05-4390-01A-01-BS1_x18480y10192,18480,10192,18368,10080,224
TCGA-05-4390-01A-01-BS1_x18704y10192,18704,10192,18592,10080,224
TCGA-05-4390-01A-01-BS1_x18928y10192,18928,10192,18816,10080,224
TCGA-05-4390-01A-01-BS1_x19152y10192,19152,10192,19040,10080,224
TCGA-05-4390-01A-01-BS1_x19376y10192,19376,10192,19264,10080,224
TCGA-05-4390-01A-01-BS1_x19600y10192,19600,10192,19488,10080,224
TCGA-05-4390-01A-01-BS1_x19824y10192,19824,10192,19712,10080,224
TCGA-05-4390-01A-01-BS1_x20048y10192,20048,10192,19936,10080,224
TCGA-05-4390-01A-01-BS1_x20272y10192,20272,10192,20160,10080,224
TCGA-05-4390-01A-01-BS1_x20496y10192,20496,10192,20384,10080,224
TCGA-05-4390-01A-01-BS1_x20720y10192,20720,10192,20608,10080,224
TCGA-05-4390-01A-01-BS1_x20944y10192,20944,10192,20832,10080,224
TCGA-05-4390-01A-01-BS1_x21168y10192,21168,10192,21056,10080,224
TCGA-05-4390-01A-01-BS1_x21392y10192,21392,10192,21280,10080,224
TCGA-05-4390-01A-01-BS1_x21616y10192,21616,10192,21504,10080,224
TCGA-05-4390-01A-01-BS1_x21840y10192,21840,10192,21728,10080,224
TCGA-05-4390-01A-01-BS1_x22064y10192,22064,10192,21952,10080,224
TCGA-05-4390-01A-01-BS1_x22288y10192,22288,10192,22176,10080,224
TCGA-05-4390-01A-01-BS1_x22512y10192,22512,10192,22400,10080,224
TCGA-05-4390-01A-01-BS1_x22736y10192,22736,10192,22624,10080,224
TCGA-05-4390-01A-01-BS1_x22960y10192,22960,10192,22848,10080,224
TCGA-05-4390-01A-01-BS1_x23184y10192,23184,10192,23072,10080,224
TCGA-05-4390-01A-01-BS1_x23408y10192,23408,10192,23296,10080,224
TCGA-05-4390-01A-01-BS1_x23632y10192,23632,10192,23520,10080,224
TCGA-05-4390-01A-01-BS1_x23856y10192,23856,10192,23744,10080,224
TCGA-05-4390-01A-01-BS1_x24080y10192,24080,10192,23968,10080,224
TCGA-05-4390-01A-01-BS1_x24304y10192,24304,10192,24192,10080,224
TCGA-05-4390-01A-01-BS1_x24528y10192,24528,10192,24416,10080,224
TCGA-05-4390-01A-01-BS1_x24752y10192,24752,10192,24640,10080,224
TCGA-05-4390-01A-01-BS1_x24976y10192,24976,10192,24864,10080,224
TCGA-05-4390-01A-01-BS1_x25200y10192,25200,10192,25088,10080,224
TCGA-05-4390-01A-01-BS1_x25424y10192,25424,10192,25312,10080,224
TCGA-05-4390-01A-01-BS1_x25648y10192,25648,10192,25536,10080,224
TCGA-05-4390-01A-01-BS1_x25872y10192,25872,10192,25760,10080,224
TCGA-05-4390-01A-01-BS1_x26096y10192,26096,10192,25984,10080,224
TCGA-05-4390-01A-01-BS1_x26320y10192,26320,10192,26208,10080,224
TCGA-05-4390-01A-01-BS1_x26544y10192,26544,10192,26432,10080,224
TCGA-05-4390-01A-01-BS1_x26768y10192,26768,10192,26656,10080,224
TCGA-05-4390-01A-01-BS1_x26992y10192,26992,10192,26880,10080,224
TCGA-05-4390-01A-01-BS1_x27216y10192,27216,10192,27104,10080,224
TCGA-05-4390-01A-01-BS1_x27440y10192,27440,10192,27328,10080,224
TCGA-05-4390-01A-01-BS1_x27664y10192,27664,10192,27552,10080,224
TCGA-05-4390-01A-01-BS1_x27888y10192,27888,10192,27776,10080,224
TCGA-05-4390-01A-01-BS1_x28112y10192,28112,10192,28000,10080,224
TCGA-05-4390-01A-01-BS1_x28336y10192,28336,10192,28224,10080,224
TCGA-05-4390-01A-01-BS1_x28560y10192,28560,10192,28448,10080,224
TCGA-05-4390-01A-01-BS1_x28784y10192,28784,10192,28672,10080,224
TCGA-05-4390-01A-01-BS1_x29008y10192,29008,10192,28896,10080,224
TCGA-05-4390-01A-01-BS1_x29232y10192,29232,10192,29120,10080,224
TCGA-05-4390-01A-01-BS1_x29456y10192,29456,10192,29344,10080,224
TCGA-05-4390-01A-01-BS1_x29680y10192,29680,10192,29568,10080,224
TCGA-05-4390-01A-01-BS1_x29904y10192,29904,10192,29792,10080,224
TCGA-05-4390-01A-01-BS1_x30128y10192,30128,10192,30016,10080,224
TCGA-05-4390-01A-01-BS1_x30352y10192,30352,10192,30240,10080,224
TCGA-05-4390-01A-01-BS1_x30576y10192,30576,10192,30464,10080,224
TCGA-05-4390-01A-01-BS1_x30800y10192,30800,10192,30688,10080,224
TCGA-05-4390-01A-01-BS1_x31024y10192,31024,10192,30912,10080,224
TCGA-05-4390-01A-01-BS1_x31248y10192,31248,10192,31136,10080,224
TCGA-05-4390-01A-01-BS1_x31472y10192,31472,10192,31360,10080,224
TCGA-05-4390-01A-01-BS1_x31696y10192,31696,10192,31584,10080,224
TCGA-05-4390-01A-01-BS1_x31920y10192,31920,10192,31808,10080,224
TCGA-05-4390-01A-01-BS1_x32144y10192,32144,10192,32032,10080,224
TCGA-05-4390-01A-01-BS1_x32368y10192,32368,10192,32256,10080,224
TCGA-05-4390-01A-01-BS1_x32592y10192,32592,10192,32480,10080,224
TCGA-05-4390-01A-01-BS1_x32816y10192,32816,10192,32704,10080,224
TCGA-05-4390-01A-01-BS1_x33040y10192,33040,10192,32928,10080,224
TCGA-05-4390-01A-01-BS1_x33264y10192,33264,10192,33152,10080,224
TCGA-05-4390-01A-01-BS1_x33488y10192,33488,10192,33376,10080,224
TCGA-05-4390-01A-01-BS1_x33712y10192,33712,10192,33600,10080,224
TCGA-05-4390-01A-01-BS1_x33936y10192,33936,10192,33824,10080,224
TCGA-05-4390-01A-01-BS1_x34160y10192,34160,10192,34048,10080,224
TCGA-05-4390-01A-01-BS1_x34384y10192,34384,10192,34272,10080,224
TCGA-05-4390-01A-01-BS1_x2128y10416,2128,10416,2016,10304,224
TCGA-05-4390-01A-01-BS1_x2352y10416,2352,10416,2240,10304,224
TCGA-05-4390-01A-01-BS1_x2576y10416,2576,10416,2464,10304,224
TCGA-05-4390-01A-01-BS1_x3024y10416,3024,10416,2912,10304,224
TCGA-05-4390-01A-01-BS1_x3248y10416,3248,10416,3136,10304,224
TCGA-05-4390-01A-01-BS1_x3472y10416,3472,10416,3360,10304,224
TCGA-05-4390-01A-01-BS1_x3696y10416,3696,10416,3584,10304,224
TCGA-05-4390-01A-01-BS1_x3920y10416,3920,10416,3808,10304,224
TCGA-05-4390-01A-01-BS1_x4144y10416,4144,10416,4032,10304,224
TCGA-05-4390-01A-01-BS1_x4368y10416,4368,10416,4256,10304,224
TCGA-05-4390-01A-01-BS1_x4592y10416,4592,10416,4480,10304,224
TCGA-05-4390-01A-01-BS1_x4816y10416,4816,10416,4704,10304,224
TCGA-05-4390-01A-01-BS1_x5040y10416,5040,10416,4928,10304,224
TCGA-05-4390-01A-01-BS1_x5264y10416,5264,10416,5152,10304,224
TCGA-05-4390-01A-01-BS1_x5488y10416,5488,10416,5376,10304,224
TCGA-05-4390-01A-01-BS1_x5712y10416,5712,10416,5600,10304,224
TCGA-05-4390-01A-01-BS1_x5936y10416,5936,10416,5824,10304,224
TCGA-05-4390-01A-01-BS1_x6160y10416,6160,10416,6048,10304,224
TCGA-05-4390-01A-01-BS1_x6384y10416,6384,10416,6272,10304,224
TCGA-05-4390-01A-01-BS1_x6608y10416,6608,10416,6496,10304,224
TCGA-05-4390-01A-01-BS1_x6832y10416,6832,10416,6720,10304,224
TCGA-05-4390-01A-01-BS1_x7056y10416,7056,10416,6944,10304,224
TCGA-05-4390-01A-01-BS1_x7280y10416,7280,10416,7168,10304,224
TCGA-05-4390-01A-01-BS1_x7504y10416,7504,10416,7392,10304,224
TCGA-05-4390-01A-01-BS1_x7728y10416,7728,10416,7616,10304,224
TCGA-05-4390-01A-01-BS1_x7952y10416,7952,10416,7840,10304,224
TCGA-05-4390-01A-01-BS1_x8176y10416,8176,10416,8064,10304,224
TCGA-05-4390-01A-01-BS1_x8400y10416,8400,10416,8288,10304,224
TCGA-05-4390-01A-01-BS1_x8624y10416,8624,10416,8512,10304,224
TCGA-05-4390-01A-01-BS1_x8848y10416,8848,10416,8736,10304,224
TCGA-05-4390-01A-01-BS1_x9072y10416,9072,10416,8960,10304,224
TCGA-05-4390-01A-01-BS1_x9296y10416,9296,10416,9184,10304,224
TCGA-05-4390-01A-01-BS1_x9520y10416,9520,10416,9408,10304,224
TCGA-05-4390-01A-01-BS1_x9744y10416,9744,10416,9632,10304,224
TCGA-05-4390-01A-01-BS1_x9968y10416,9968,10416,9856,10304,224
TCGA-05-4390-01A-01-BS1_x10192y10416,10192,10416,10080,10304,224
TCGA-05-4390-01A-01-BS1_x10416y10416,10416,10416,10304,10304,224
TCGA-05-4390-01A-01-BS1_x10640y10416,10640,10416,10528,10304,224
TCGA-05-4390-01A-01-BS1_x10864y10416,10864,10416,10752,10304,224
TCGA-05-4390-01A-01-BS1_x11088y10416,11088,10416,10976,10304,224
TCGA-05-4390-01A-01-BS1_x11312y10416,11312,10416,11200,10304,224
TCGA-05-4390-01A-01-BS1_x11536y10416,11536,10416,11424,10304,224
TCGA-05-4390-01A-01-BS1_x11760y10416,11760,10416,11648,10304,224
TCGA-05-4390-01A-01-BS1_x11984y10416,11984,10416,11872,10304,224
TCGA-05-4390-01A-01-BS1_x12208y10416,12208,10416,12096,10304,224
TCGA-05-4390-01A-01-BS1_x12432y10416,12432,10416,12320,10304,224
TCGA-05-4390-01A-01-BS1_x12656y10416,12656,10416,12544,10304,224
TCGA-05-4390-01A-01-BS1_x12880y10416,12880,10416,12768,10304,224
TCGA-05-4390-01A-01-BS1_x13104y10416,13104,10416,12992,10304,224
TCGA-05-4390-01A-01-BS1_x13328y10416,13328,10416,13216,10304,224
TCGA-05-4390-01A-01-BS1_x13552y10416,13552,10416,13440,10304,224
TCGA-05-4390-01A-01-BS1_x13776y10416,13776,10416,13664,10304,224
TCGA-05-4390-01A-01-BS1_x14000y10416,14000,10416,13888,10304,224
TCGA-05-4390-01A-01-BS1_x14224y10416,14224,10416,14112,10304,224
TCGA-05-4390-01A-01-BS1_x14448y10416,14448,10416,14336,10304,224
TCGA-05-4390-01A-01-BS1_x14672y10416,14672,10416,14560,10304,224
TCGA-05-4390-01A-01-BS1_x14896y10416,14896,10416,14784,10304,224
TCGA-05-4390-01A-01-BS1_x15120y10416,15120,10416,15008,10304,224
TCGA-05-4390-01A-01-BS1_x15344y10416,15344,10416,15232,10304,224
TCGA-05-4390-01A-01-BS1_x15568y10416,15568,10416,15456,10304,224
TCGA-05-4390-01A-01-BS1_x15792y10416,15792,10416,15680,10304,224
TCGA-05-4390-01A-01-BS1_x16016y10416,16016,10416,15904,10304,224
TCGA-05-4390-01A-01-BS1_x16240y10416,16240,10416,16128,10304,224
TCGA-05-4390-01A-01-BS1_x16464y10416,16464,10416,16352,10304,224
TCGA-05-4390-01A-01-BS1_x16688y10416,16688,10416,16576,10304,224
TCGA-05-4390-01A-01-BS1_x16912y10416,16912,10416,16800,10304,224
TCGA-05-4390-01A-01-BS1_x17136y10416,17136,10416,17024,10304,224
TCGA-05-4390-01A-01-BS1_x17360y10416,17360,10416,17248,10304,224
TCGA-05-4390-01A-01-BS1_x17584y10416,17584,10416,17472,10304,224
TCGA-05-4390-01A-01-BS1_x17808y10416,17808,10416,17696,10304,224
TCGA-05-4390-01A-01-BS1_x18032y10416,18032,10416,17920,10304,224
TCGA-05-4390-01A-01-BS1_x18256y10416,18256,10416,18144,10304,224
TCGA-05-4390-01A-01-BS1_x18480y10416,18480,10416,18368,10304,224
TCGA-05-4390-01A-01-BS1_x18704y10416,18704,10416,18592,10304,224
TCGA-05-4390-01A-01-BS1_x18928y10416,18928,10416,18816,10304,224
TCGA-05-4390-01A-01-BS1_x19152y10416,19152,10416,19040,10304,224
TCGA-05-4390-01A-01-BS1_x19376y10416,19376,10416,19264,10304,224
TCGA-05-4390-01A-01-BS1_x19600y10416,19600,10416,19488,10304,224
TCGA-05-4390-01A-01-BS1_x19824y10416,19824,10416,19712,10304,224
TCGA-05-4390-01A-01-BS1_x20048y10416,20048,10416,19936,10304,224
TCGA-05-4390-01A-01-BS1_x20272y10416,20272,10416,20160,10304,224
TCGA-05-4390-01A-01-BS1_x20496y10416,20496,10416,20384,10304,224
TCGA-05-4390-01A-01-BS1_x20720y10416,20720,10416,20608,10304,224
TCGA-05-4390-01A-01-BS1_x20944y10416,20944,10416,20832,10304,224
TCGA-05-4390-01A-01-BS1_x21168y10416,21168,10416,21056,10304,224
TCGA-05-4390-01A-01-BS1_x21392y10416,21392,10416,21280,10304,224
TCGA-05-4390-01A-01-BS1_x21616y10416,21616,10416,21504,10304,224
TCGA-05-4390-01A-01-BS1_x21840y10416,21840,10416,21728,10304,224
TCGA-05-4390-01A-01-BS1_x22064y10416,22064,10416,21952,10304,224
TCGA-05-4390-01A-01-BS1_x22288y10416,22288,10416,22176,10304,224
TCGA-05-4390-01A-01-BS1_x22512y10416,22512,10416,22400,10304,224
TCGA-05-4390-01A-01-BS1_x22736y10416,22736,10416,22624,10304,224
TCGA-05-4390-01A-01-BS1_x22960y10416,22960,10416,22848,10304,224
TCGA-05-4390-01A-01-BS1_x23184y10416,23184,10416,23072,10304,224
TCGA-05-4390-01A-01-BS1_x23408y10416,23408,10416,23296,10304,224
TCGA-05-4390-01A-01-BS1_x23632y10416,23632,10416,23520,10304,224
TCGA-05-4390-01A-01-BS1_x23856y10416,23856,10416,23744,10304,224
TCGA-05-4390-01A-01-BS1_x24080y10416,24080,10416,23968,10304,224
TCGA-05-4390-01A-01-BS1_x24304y10416,24304,10416,24192,10304,224
TCGA-05-4390-01A-01-BS1_x24528y10416,24528,10416,24416,10304,224
TCGA-05-4390-01A-01-BS1_x24752y10416,24752,10416,24640,10304,224
TCGA-05-4390-01A-01-BS1_x24976y10416,24976,10416,24864,10304,224
TCGA-05-4390-01A-01-BS1_x25200y10416,25200,10416,25088,10304,224
TCGA-05-4390-01A-01-BS1_x25424y10416,25424,10416,25312,10304,224
TCGA-05-4390-01A-01-BS1_x25648y10416,25648,10416,25536,10304,224
TCGA-05-4390-01A-01-BS1_x25872y10416,25872,10416,25760,10304,224
TCGA-05-4390-01A-01-BS1_x26096y10416,26096,10416,25984,10304,224
TCGA-05-4390-01A-01-BS1_x26320y10416,26320,10416,26208,10304,224
TCGA-05-4390-01A-01-BS1_x26544y10416,26544,10416,26432,10304,224
TCGA-05-4390-01A-01-BS1_x26768y10416,26768,10416,26656,10304,224
TCGA-05-4390-01A-01-BS1_x26992y10416,26992,10416,26880,10304,224
TCGA-05-4390-01A-01-BS1_x27216y10416,27216,10416,27104,10304,224
TCGA-05-4390-01A-01-BS1_x27440y10416,27440,10416,27328,10304,224
TCGA-05-4390-01A-01-BS1_x27664y10416,27664,10416,27552,10304,224
TCGA-05-4390-01A-01-BS1_x27888y10416,27888,10416,27776,10304,224
TCGA-05-4390-01A-01-BS1_x28112y10416,28112,10416,28000,10304,224
TCGA-05-4390-01A-01-BS1_x28336y10416,28336,10416,28224,10304,224
TCGA-05-4390-01A-01-BS1_x28560y10416,28560,10416,28448,10304,224
TCGA-05-4390-01A-01-BS1_x28784y10416,28784,10416,28672,10304,224
TCGA-05-4390-01A-01-BS1_x29008y10416,29008,10416,28896,10304,224
TCGA-05-4390-01A-01-BS1_x29232y10416,29232,10416,29120,10304,224
TCGA-05-4390-01A-01-BS1_x29456y10416,29456,10416,29344,10304,224
TCGA-05-4390-01A-01-BS1_x29680y10416,29680,10416,29568,10304,224
TCGA-05-4390-01A-01-BS1_x29904y10416,29904,10416,29792,10304,224
TCGA-05-4390-01A-01-BS1_x30128y10416,30128,10416,30016,10304,224
TCGA-05-4390-01A-01-BS1_x30352y10416,30352,10416,30240,10304,224
TCGA-05-4390-01A-01-BS1_x30576y10416,30576,10416,30464,10304,224
TCGA-05-4390-01A-01-BS1_x30800y10416,30800,10416,30688,10304,224
TCGA-05-4390-01A-01-BS1_x31024y10416,31024,10416,30912,10304,224
TCGA-05-4390-01A-01-BS1_x31248y10416,31248,10416,31136,10304,224
TCGA-05-4390-01A-01-BS1_x31472y10416,31472,10416,31360,10304,224
TCGA-05-4390-01A-01-BS1_x31696y10416,31696,10416,31584,10304,224
TCGA-05-4390-01A-01-BS1_x31920y10416,31920,10416,31808,10304,224
TCGA-05-4390-01A-01-BS1_x32144y10416,32144,10416,32032,10304,224
TCGA-05-4390-01A-01-BS1_x32368y10416,32368,10416,32256,10304,224
TCGA-05-4390-01A-01-BS1_x32592y10416,32592,10416,32480,10304,224
TCGA-05-4390-01A-01-BS1_x32816y10416,32816,10416,32704,10304,224
TCGA-05-4390-01A-01-BS1_x33040y10416,33040,10416,32928,10304,224
TCGA-05-4390-01A-01-BS1_x33264y10416,33264,10416,33152,10304,224
TCGA-05-4390-01A-01-BS1_x33488y10416,33488,10416,33376,10304,224
TCGA-05-4390-01A-01-BS1_x33712y10416,33712,10416,33600,10304,224
TCGA-05-4390-01A-01-BS1_x33936y10416,33936,10416,33824,10304,224
TCGA-05-4390-01A-01-BS1_x34160y10416,34160,10416,34048,10304,224
TCGA-05-4390-01A-01-BS1_x34384y10416,34384,10416,34272,10304,224
TCGA-05-4390-01A-01-BS1_x2128y10640,2128,10640,2016,10528,224
TCGA-05-4390-01A-01-BS1_x2352y10640,2352,10640,2240,10528,224
TCGA-05-4390-01A-01-BS1_x2576y10640,2576,10640,2464,10528,224
TCGA-05-4390-01A-01-BS1_x3024y10640,3024,10640,2912,10528,224
TCGA-05-4390-01A-01-BS1_x3248y10640,3248,10640,3136,10528,224
TCGA-05-4390-01A-01-BS1_x3472y10640,3472,10640,3360,10528,224
TCGA-05-4390-01A-01-BS1_x3696y10640,3696,10640,3584,10528,224
TCGA-05-4390-01A-01-BS1_x3920y10640,3920,10640,3808,10528,224
TCGA-05-4390-01A-01-BS1_x4144y10640,4144,10640,4032,10528,224
TCGA-05-4390-01A-01-BS1_x4368y10640,4368,10640,4256,10528,224
TCGA-05-4390-01A-01-BS1_x4592y10640,4592,10640,4480,10528,224
TCGA-05-4390-01A-01-BS1_x4816y10640,4816,10640,4704,10528,224
TCGA-05-4390-01A-01-BS1_x5040y10640,5040,10640,4928,10528,224
TCGA-05-4390-01A-01-BS1_x5264y10640,5264,10640,5152,10528,224
TCGA-05-4390-01A-01-BS1_x5488y10640,5488,10640,5376,10528,224
TCGA-05-4390-01A-01-BS1_x5712y10640,5712,10640,5600,10528,224
TCGA-05-4390-01A-01-BS1_x5936y10640,5936,10640,5824,10528,224
TCGA-05-4390-01A-01-BS1_x6160y10640,6160,10640,6048,10528,224
TCGA-05-4390-01A-01-BS1_x6384y10640,6384,10640,6272,10528,224
TCGA-05-4390-01A-01-BS1_x6608y10640,6608,10640,6496,10528,224
TCGA-05-4390-01A-01-BS1_x6832y10640,6832,10640,6720,10528,224
TCGA-05-4390-01A-01-BS1_x7056y10640,7056,10640,6944,10528,224
TCGA-05-4390-01A-01-BS1_x7280y10640,7280,10640,7168,10528,224
TCGA-05-4390-01A-01-BS1_x7504y10640,7504,10640,7392,10528,224
TCGA-05-4390-01A-01-BS1_x7728y10640,7728,10640,7616,10528,224
TCGA-05-4390-01A-01-BS1_x7952y10640,7952,10640,7840,10528,224
TCGA-05-4390-01A-01-BS1_x8176y10640,8176,10640,8064,10528,224
TCGA-05-4390-01A-01-BS1_x8400y10640,8400,10640,8288,10528,224
TCGA-05-4390-01A-01-BS1_x8624y10640,8624,10640,8512,10528,224
TCGA-05-4390-01A-01-BS1_x8848y10640,8848,10640,8736,10528,224
TCGA-05-4390-01A-01-BS1_x9072y10640,9072,10640,8960,10528,224
TCGA-05-4390-01A-01-BS1_x9296y10640,9296,10640,9184,10528,224
TCGA-05-4390-01A-01-BS1_x9520y10640,9520,10640,9408,10528,224
TCGA-05-4390-01A-01-BS1_x9744y10640,9744,10640,9632,10528,224
TCGA-05-4390-01A-01-BS1_x9968y10640,9968,10640,9856,10528,224
TCGA-05-4390-01A-01-BS1_x10192y10640,10192,10640,10080,10528,224
TCGA-05-4390-01A-01-BS1_x10416y10640,10416,10640,10304,10528,224
TCGA-05-4390-01A-01-BS1_x10640y10640,10640,10640,10528,10528,224
TCGA-05-4390-01A-01-BS1_x10864y10640,10864,10640,10752,10528,224
TCGA-05-4390-01A-01-BS1_x11088y10640,11088,10640,10976,10528,224
TCGA-05-4390-01A-01-BS1_x11312y10640,11312,10640,11200,10528,224
TCGA-05-4390-01A-01-BS1_x11536y10640,11536,10640,11424,10528,224
TCGA-05-4390-01A-01-BS1_x11760y10640,11760,10640,11648,10528,224
TCGA-05-4390-01A-01-BS1_x11984y10640,11984,10640,11872,10528,224
TCGA-05-4390-01A-01-BS1_x12208y10640,12208,10640,12096,10528,224
TCGA-05-4390-01A-01-BS1_x12432y10640,12432,10640,12320,10528,224
TCGA-05-4390-01A-01-BS1_x12656y10640,12656,10640,12544,10528,224
TCGA-05-4390-01A-01-BS1_x12880y10640,12880,10640,12768,10528,224
TCGA-05-4390-01A-01-BS1_x13104y10640,13104,10640,12992,10528,224
TCGA-05-4390-01A-01-BS1_x13328y10640,13328,10640,13216,10528,224
TCGA-05-4390-01A-01-BS1_x13552y10640,13552,10640,13440,10528,224
TCGA-05-4390-01A-01-BS1_x13776y10640,13776,10640,13664,10528,224
TCGA-05-4390-01A-01-BS1_x14000y10640,14000,10640,13888,10528,224
TCGA-05-4390-01A-01-BS1_x14224y10640,14224,10640,14112,10528,224
TCGA-05-4390-01A-01-BS1_x14448y10640,14448,10640,14336,10528,224
TCGA-05-4390-01A-01-BS1_x14672y10640,14672,10640,14560,10528,224
TCGA-05-4390-01A-01-BS1_x14896y10640,14896,10640,14784,10528,224
TCGA-05-4390-01A-01-BS1_x15120y10640,15120,10640,15008,10528,224
TCGA-05-4390-01A-01-BS1_x15344y10640,15344,10640,15232,10528,224
TCGA-05-4390-01A-01-BS1_x15568y10640,15568,10640,15456,10528,224
TCGA-05-4390-01A-01-BS1_x15792y10640,15792,10640,15680,10528,224
TCGA-05-4390-01A-01-BS1_x16016y10640,16016,10640,15904,10528,224
TCGA-05-4390-01A-01-BS1_x16240y10640,16240,10640,16128,10528,224
TCGA-05-4390-01A-01-BS1_x16464y10640,16464,10640,16352,10528,224
TCGA-05-4390-01A-01-BS1_x16688y10640,16688,10640,16576,10528,224
TCGA-05-4390-01A-01-BS1_x16912y10640,16912,10640,16800,10528,224
TCGA-05-4390-01A-01-BS1_x17136y10640,17136,10640,17024,10528,224
TCGA-05-4390-01A-01-BS1_x17360y10640,17360,10640,17248,10528,224
TCGA-05-4390-01A-01-BS1_x17584y10640,17584,10640,17472,10528,224
TCGA-05-4390-01A-01-BS1_x17808y10640,17808,10640,17696,10528,224
TCGA-05-4390-01A-01-BS1_x18032y10640,18032,10640,17920,10528,224
TCGA-05-4390-01A-01-BS1_x18256y10640,18256,10640,18144,10528,224
TCGA-05-4390-01A-01-BS1_x18480y10640,18480,10640,18368,10528,224
TCGA-05-4390-01A-01-BS1_x18704y10640,18704,10640,18592,10528,224
TCGA-05-4390-01A-01-BS1_x18928y10640,18928,10640,18816,10528,224
TCGA-05-4390-01A-01-BS1_x19152y10640,19152,10640,19040,10528,224
TCGA-05-4390-01A-01-BS1_x19376y10640,19376,10640,19264,10528,224
TCGA-05-4390-01A-01-BS1_x19600y10640,19600,10640,19488,10528,224
TCGA-05-4390-01A-01-BS1_x19824y10640,19824,10640,19712,10528,224
TCGA-05-4390-01A-01-BS1_x20048y10640,20048,10640,19936,10528,224
TCGA-05-4390-01A-01-BS1_x20272y10640,20272,10640,20160,10528,224
TCGA-05-4390-01A-01-BS1_x20496y10640,20496,10640,20384,10528,224
TCGA-05-4390-01A-01-BS1_x20720y10640,20720,10640,20608,10528,224
TCGA-05-4390-01A-01-BS1_x20944y10640,20944,10640,20832,10528,224
TCGA-05-4390-01A-01-BS1_x21168y10640,21168,10640,21056,10528,224
TCGA-05-4390-01A-01-BS1_x21392y10640,21392,10640,21280,10528,224
TCGA-05-4390-01A-01-BS1_x21616y10640,21616,10640,21504,10528,224
TCGA-05-4390-01A-01-BS1_x21840y10640,21840,10640,21728,10528,224
TCGA-05-4390-01A-01-BS1_x22064y10640,22064,10640,21952,10528,224
TCGA-05-4390-01A-01-BS1_x22288y10640,22288,10640,22176,10528,224
TCGA-05-4390-01A-01-BS1_x22512y10640,22512,10640,22400,10528,224
TCGA-05-4390-01A-01-BS1_x22736y10640,22736,10640,22624,10528,224
TCGA-05-4390-01A-01-BS1_x22960y10640,22960,10640,22848,10528,224
TCGA-05-4390-01A-01-BS1_x23184y10640,23184,10640,23072,10528,224
TCGA-05-4390-01A-01-BS1_x23408y10640,23408,10640,23296,10528,224
TCGA-05-4390-01A-01-BS1_x23632y10640,23632,10640,23520,10528,224
TCGA-05-4390-01A-01-BS1_x23856y10640,23856,10640,23744,10528,224
TCGA-05-4390-01A-01-BS1_x24080y10640,24080,10640,23968,10528,224
TCGA-05-4390-01A-01-BS1_x24304y10640,24304,10640,24192,10528,224
TCGA-05-4390-01A-01-BS1_x24528y10640,24528,10640,24416,10528,224
TCGA-05-4390-01A-01-BS1_x24752y10640,24752,10640,24640,10528,224
TCGA-05-4390-01A-01-BS1_x24976y10640,24976,10640,24864,10528,224
TCGA-05-4390-01A-01-BS1_x25200y10640,25200,10640,25088,10528,224
TCGA-05-4390-01A-01-BS1_x25424y10640,25424,10640,25312,10528,224
TCGA-05-4390-01A-01-BS1_x25648y10640,25648,10640,25536,10528,224
TCGA-05-4390-01A-01-BS1_x25872y10640,25872,10640,25760,10528,224
TCGA-05-4390-01A-01-BS1_x26096y10640,26096,10640,25984,10528,224
TCGA-05-4390-01A-01-BS1_x26320y10640,26320,10640,26208,10528,224
TCGA-05-4390-01A-01-BS1_x26544y10640,26544,10640,26432,10528,224
TCGA-05-4390-01A-01-BS1_x26768y10640,26768,10640,26656,10528,224
TCGA-05-4390-01A-01-BS1_x26992y10640,26992,10640,26880,10528,224
TCGA-05-4390-01A-01-BS1_x27216y10640,27216,10640,27104,10528,224
TCGA-05-4390-01A-01-BS1_x27440y10640,27440,10640,27328,10528,224
TCGA-05-4390-01A-01-BS1_x27664y10640,27664,10640,27552,10528,224
TCGA-05-4390-01A-01-BS1_x27888y10640,27888,10640,27776,10528,224
TCGA-05-4390-01A-01-BS1_x28112y10640,28112,10640,28000,10528,224
TCGA-05-4390-01A-01-BS1_x28336y10640,28336,10640,28224,10528,224
TCGA-05-4390-01A-01-BS1_x28560y10640,28560,10640,28448,10528,224
TCGA-05-4390-01A-01-BS1_x28784y10640,28784,10640,28672,10528,224
TCGA-05-4390-01A-01-BS1_x29008y10640,29008,10640,28896,10528,224
TCGA-05-4390-01A-01-BS1_x29232y10640,29232,10640,29120,10528,224
TCGA-05-4390-01A-01-BS1_x29456y10640,29456,10640,29344,10528,224
TCGA-05-4390-01A-01-BS1_x29680y10640,29680,10640,29568,10528,224
TCGA-05-4390-01A-01-BS1_x29904y10640,29904,10640,29792,10528,224
TCGA-05-4390-01A-01-BS1_x30128y10640,30128,10640,30016,10528,224
TCGA-05-4390-01A-01-BS1_x30352y10640,30352,10640,30240,10528,224
TCGA-05-4390-01A-01-BS1_x30576y10640,30576,10640,30464,10528,224
TCGA-05-4390-01A-01-BS1_x30800y10640,30800,10640,30688,10528,224
TCGA-05-4390-01A-01-BS1_x31024y10640,31024,10640,30912,10528,224
TCGA-05-4390-01A-01-BS1_x31248y10640,31248,10640,31136,10528,224
TCGA-05-4390-01A-01-BS1_x31472y10640,31472,10640,31360,10528,224
TCGA-05-4390-01A-01-BS1_x31696y10640,31696,10640,31584,10528,224
TCGA-05-4390-01A-01-BS1_x31920y10640,31920,10640,31808,10528,224
TCGA-05-4390-01A-01-BS1_x32144y10640,32144,10640,32032,10528,224
TCGA-05-4390-01A-01-BS1_x32368y10640,32368,10640,32256,10528,224
TCGA-05-4390-01A-01-BS1_x32592y10640,32592,10640,32480,10528,224
TCGA-05-4390-01A-01-BS1_x32816y10640,32816,10640,32704,10528,224
TCGA-05-4390-01A-01-BS1_x33040y10640,33040,10640,32928,10528,224
TCGA-05-4390-01A-01-BS1_x33264y10640,33264,10640,33152,10528,224
TCGA-05-4390-01A-01-BS1_x33488y10640,33488,10640,33376,10528,224
TCGA-05-4390-01A-01-BS1_x33712y10640,33712,10640,33600,10528,224
TCGA-05-4390-01A-01-BS1_x33936y10640,33936,10640,33824,10528,224
TCGA-05-4390-01A-01-BS1_x34160y10640,34160,10640,34048,10528,224
TCGA-05-4390-01A-01-BS1_x34384y10640,34384,10640,34272,10528,224
TCGA-05-4390-01A-01-BS1_x2128y10864,2128,10864,2016,10752,224
TCGA-05-4390-01A-01-BS1_x2352y10864,2352,10864,2240,10752,224
TCGA-05-4390-01A-01-BS1_x2576y10864,2576,10864,2464,10752,224
TCGA-05-4390-01A-01-BS1_x3024y10864,3024,10864,2912,10752,224
TCGA-05-4390-01A-01-BS1_x3248y10864,3248,10864,3136,10752,224
TCGA-05-4390-01A-01-BS1_x3472y10864,3472,10864,3360,10752,224
TCGA-05-4390-01A-01-BS1_x3696y10864,3696,10864,3584,10752,224
TCGA-05-4390-01A-01-BS1_x3920y10864,3920,10864,3808,10752,224
TCGA-05-4390-01A-01-BS1_x4144y10864,4144,10864,4032,10752,224
TCGA-05-4390-01A-01-BS1_x4368y10864,4368,10864,4256,10752,224
TCGA-05-4390-01A-01-BS1_x4592y10864,4592,10864,4480,10752,224
TCGA-05-4390-01A-01-BS1_x4816y10864,4816,10864,4704,10752,224
TCGA-05-4390-01A-01-BS1_x5040y10864,5040,10864,4928,10752,224
TCGA-05-4390-01A-01-BS1_x5264y10864,5264,10864,5152,10752,224
TCGA-05-4390-01A-01-BS1_x5488y10864,5488,10864,5376,10752,224
TCGA-05-4390-01A-01-BS1_x5712y10864,5712,10864,5600,10752,224
TCGA-05-4390-01A-01-BS1_x5936y10864,5936,10864,5824,10752,224
TCGA-05-4390-01A-01-BS1_x6160y10864,6160,10864,6048,10752,224
TCGA-05-4390-01A-01-BS1_x6384y10864,6384,10864,6272,10752,224
TCGA-05-4390-01A-01-BS1_x6608y10864,6608,10864,6496,10752,224
TCGA-05-4390-01A-01-BS1_x6832y10864,6832,10864,6720,10752,224
TCGA-05-4390-01A-01-BS1_x7056y10864,7056,10864,6944,10752,224
TCGA-05-4390-01A-01-BS1_x7280y10864,7280,10864,7168,10752,224
TCGA-05-4390-01A-01-BS1_x7504y10864,7504,10864,7392,10752,224
TCGA-05-4390-01A-01-BS1_x7728y10864,7728,10864,7616,10752,224
TCGA-05-4390-01A-01-BS1_x7952y10864,7952,10864,7840,10752,224
TCGA-05-4390-01A-01-BS1_x8176y10864,8176,10864,8064,10752,224
TCGA-05-4390-01A-01-BS1_x8400y10864,8400,10864,8288,10752,224
TCGA-05-4390-01A-01-BS1_x8624y10864,8624,10864,8512,10752,224
TCGA-05-4390-01A-01-BS1_x8848y10864,8848,10864,8736,10752,224
TCGA-05-4390-01A-01-BS1_x9072y10864,9072,10864,8960,10752,224
TCGA-05-4390-01A-01-BS1_x9296y10864,9296,10864,9184,10752,224
TCGA-05-4390-01A-01-BS1_x9520y10864,9520,10864,9408,10752,224
TCGA-05-4390-01A-01-BS1_x9744y10864,9744,10864,9632,10752,224
TCGA-05-4390-01A-01-BS1_x9968y10864,9968,10864,9856,10752,224
TCGA-05-4390-01A-01-BS1_x10192y10864,10192,10864,10080,10752,224
TCGA-05-4390-01A-01-BS1_x10416y10864,10416,10864,10304,10752,224
TCGA-05-4390-01A-01-BS1_x10640y10864,10640,10864,10528,10752,224
TCGA-05-4390-01A-01-BS1_x10864y10864,10864,10864,10752,10752,224
TCGA-05-4390-01A-01-BS1_x11088y10864,11088,10864,10976,10752,224
TCGA-05-4390-01A-01-BS1_x11312y10864,11312,10864,11200,10752,224
TCGA-05-4390-01A-01-BS1_x11536y10864,11536,10864,11424,10752,224
TCGA-05-4390-01A-01-BS1_x11760y10864,11760,10864,11648,10752,224
TCGA-05-4390-01A-01-BS1_x11984y10864,11984,10864,11872,10752,224
TCGA-05-4390-01A-01-BS1_x12208y10864,12208,10864,12096,10752,224
TCGA-05-4390-01A-01-BS1_x12432y10864,12432,10864,12320,10752,224
TCGA-05-4390-01A-01-BS1_x12656y10864,12656,10864,12544,10752,224
TCGA-05-4390-01A-01-BS1_x12880y10864,12880,10864,12768,10752,224
TCGA-05-4390-01A-01-BS1_x13104y10864,13104,10864,12992,10752,224
TCGA-05-4390-01A-01-BS1_x13328y10864,13328,10864,13216,10752,224
TCGA-05-4390-01A-01-BS1_x13552y10864,13552,10864,13440,10752,224
TCGA-05-4390-01A-01-BS1_x13776y10864,13776,10864,13664,10752,224
TCGA-05-4390-01A-01-BS1_x14000y10864,14000,10864,13888,10752,224
TCGA-05-4390-01A-01-BS1_x14224y10864,14224,10864,14112,10752,224
TCGA-05-4390-01A-01-BS1_x14448y10864,14448,10864,14336,10752,224
TCGA-05-4390-01A-01-BS1_x14672y10864,14672,10864,14560,10752,224
TCGA-05-4390-01A-01-BS1_x14896y10864,14896,10864,14784,10752,224
TCGA-05-4390-01A-01-BS1_x15120y10864,15120,10864,15008,10752,224
TCGA-05-4390-01A-01-BS1_x15344y10864,15344,10864,15232,10752,224
TCGA-05-4390-01A-01-BS1_x15568y10864,15568,10864,15456,10752,224
TCGA-05-4390-01A-01-BS1_x15792y10864,15792,10864,15680,10752,224
TCGA-05-4390-01A-01-BS1_x16016y10864,16016,10864,15904,10752,224
TCGA-05-4390-01A-01-BS1_x16240y10864,16240,10864,16128,10752,224
TCGA-05-4390-01A-01-BS1_x16464y10864,16464,10864,16352,10752,224
TCGA-05-4390-01A-01-BS1_x16688y10864,16688,10864,16576,10752,224
TCGA-05-4390-01A-01-BS1_x16912y10864,16912,10864,16800,10752,224
TCGA-05-4390-01A-01-BS1_x17136y10864,17136,10864,17024,10752,224
TCGA-05-4390-01A-01-BS1_x17360y10864,17360,10864,17248,10752,224
TCGA-05-4390-01A-01-BS1_x17584y10864,17584,10864,17472,10752,224
TCGA-05-4390-01A-01-BS1_x18032y10864,18032,10864,17920,10752,224
TCGA-05-4390-01A-01-BS1_x18256y10864,18256,10864,18144,10752,224
TCGA-05-4390-01A-01-BS1_x18480y10864,18480,10864,18368,10752,224
TCGA-05-4390-01A-01-BS1_x18704y10864,18704,10864,18592,10752,224
TCGA-05-4390-01A-01-BS1_x18928y10864,18928,10864,18816,10752,224
TCGA-05-4390-01A-01-BS1_x19152y10864,19152,10864,19040,10752,224
TCGA-05-4390-01A-01-BS1_x19376y10864,19376,10864,19264,10752,224
TCGA-05-4390-01A-01-BS1_x19600y10864,19600,10864,19488,10752,224
TCGA-05-4390-01A-01-BS1_x19824y10864,19824,10864,19712,10752,224
TCGA-05-4390-01A-01-BS1_x20048y10864,20048,10864,19936,10752,224
TCGA-05-4390-01A-01-BS1_x20272y10864,20272,10864,20160,10752,224
TCGA-05-4390-01A-01-BS1_x20496y10864,20496,10864,20384,10752,224
TCGA-05-4390-01A-01-BS1_x20720y10864,20720,10864,20608,10752,224
TCGA-05-4390-01A-01-BS1_x20944y10864,20944,10864,20832,10752,224
TCGA-05-4390-01A-01-BS1_x21168y10864,21168,10864,21056,10752,224
TCGA-05-4390-01A-01-BS1_x21392y10864,21392,10864,21280,10752,224
TCGA-05-4390-01A-01-BS1_x21616y10864,21616,10864,21504,10752,224
TCGA-05-4390-01A-01-BS1_x21840y10864,21840,10864,21728,10752,224
TCGA-05-4390-01A-01-BS1_x22064y10864,22064,10864,21952,10752,224
TCGA-05-4390-01A-01-BS1_x22288y10864,22288,10864,22176,10752,224
TCGA-05-4390-01A-01-BS1_x22512y10864,22512,10864,22400,10752,224
TCGA-05-4390-01A-01-BS1_x22736y10864,22736,10864,22624,10752,224
TCGA-05-4390-01A-01-BS1_x22960y10864,22960,10864,22848,10752,224
TCGA-05-4390-01A-01-BS1_x23184y10864,23184,10864,23072,10752,224
TCGA-05-4390-01A-01-BS1_x23408y10864,23408,10864,23296,10752,224
TCGA-05-4390-01A-01-BS1_x23632y10864,23632,10864,23520,10752,224
TCGA-05-4390-01A-01-BS1_x23856y10864,23856,10864,23744,10752,224
TCGA-05-4390-01A-01-BS1_x24080y10864,24080,10864,23968,10752,224
TCGA-05-4390-01A-01-BS1_x24304y10864,24304,10864,24192,10752,224
TCGA-05-4390-01A-01-BS1_x24528y10864,24528,10864,24416,10752,224
TCGA-05-4390-01A-01-BS1_x24752y10864,24752,10864,24640,10752,224
TCGA-05-4390-01A-01-BS1_x24976y10864,24976,10864,24864,10752,224
TCGA-05-4390-01A-01-BS1_x25200y10864,25200,10864,25088,10752,224
TCGA-05-4390-01A-01-BS1_x25424y10864,25424,10864,25312,10752,224
TCGA-05-4390-01A-01-BS1_x25648y10864,25648,10864,25536,10752,224
TCGA-05-4390-01A-01-BS1_x25872y10864,25872,10864,25760,10752,224
TCGA-05-4390-01A-01-BS1_x26096y10864,26096,10864,25984,10752,224
TCGA-05-4390-01A-01-BS1_x26320y10864,26320,10864,26208,10752,224
TCGA-05-4390-01A-01-BS1_x26544y10864,26544,10864,26432,10752,224
TCGA-05-4390-01A-01-BS1_x26768y10864,26768,10864,26656,10752,224
TCGA-05-4390-01A-01-BS1_x26992y10864,26992,10864,26880,10752,224
TCGA-05-4390-01A-01-BS1_x27216y10864,27216,10864,27104,10752,224
TCGA-05-4390-01A-01-BS1_x27440y10864,27440,10864,27328,10752,224
TCGA-05-4390-01A-01-BS1_x27664y10864,27664,10864,27552,10752,224
TCGA-05-4390-01A-01-BS1_x27888y10864,27888,10864,27776,10752,224
TCGA-05-4390-01A-01-BS1_x28112y10864,28112,10864,28000,10752,224
TCGA-05-4390-01A-01-BS1_x28336y10864,28336,10864,28224,10752,224
TCGA-05-4390-01A-01-BS1_x28560y10864,28560,10864,28448,10752,224
TCGA-05-4390-01A-01-BS1_x28784y10864,28784,10864,28672,10752,224
TCGA-05-4390-01A-01-BS1_x29008y10864,29008,10864,28896,10752,224
TCGA-05-4390-01A-01-BS1_x29232y10864,29232,10864,29120,10752,224
TCGA-05-4390-01A-01-BS1_x29456y10864,29456,10864,29344,10752,224
TCGA-05-4390-01A-01-BS1_x29680y10864,29680,10864,29568,10752,224
TCGA-05-4390-01A-01-BS1_x29904y10864,29904,10864,29792,10752,224
TCGA-05-4390-01A-01-BS1_x30128y10864,30128,10864,30016,10752,224
TCGA-05-4390-01A-01-BS1_x30352y10864,30352,10864,30240,10752,224
TCGA-05-4390-01A-01-BS1_x30576y10864,30576,10864,30464,10752,224
TCGA-05-4390-01A-01-BS1_x30800y10864,30800,10864,30688,10752,224
TCGA-05-4390-01A-01-BS1_x31024y10864,31024,10864,30912,10752,224
TCGA-05-4390-01A-01-BS1_x31248y10864,31248,10864,31136,10752,224
TCGA-05-4390-01A-01-BS1_x31472y10864,31472,10864,31360,10752,224
TCGA-05-4390-01A-01-BS1_x31696y10864,31696,10864,31584,10752,224
TCGA-05-4390-01A-01-BS1_x31920y10864,31920,10864,31808,10752,224
TCGA-05-4390-01A-01-BS1_x32144y10864,32144,10864,32032,10752,224
TCGA-05-4390-01A-01-BS1_x32368y10864,32368,10864,32256,10752,224
TCGA-05-4390-01A-01-BS1_x32592y10864,32592,10864,32480,10752,224
TCGA-05-4390-01A-01-BS1_x32816y10864,32816,10864,32704,10752,224
TCGA-05-4390-01A-01-BS1_x33040y10864,33040,10864,32928,10752,224
TCGA-05-4390-01A-01-BS1_x33264y10864,33264,10864,33152,10752,224
TCGA-05-4390-01A-01-BS1_x33488y10864,33488,10864,33376,10752,224
TCGA-05-4390-01A-01-BS1_x33712y10864,33712,10864,33600,10752,224
TCGA-05-4390-01A-01-BS1_x33936y10864,33936,10864,33824,10752,224
TCGA-05-4390-01A-01-BS1_x34160y10864,34160,10864,34048,10752,224
TCGA-05-4390-01A-01-BS1_x34384y10864,34384,10864,34272,10752,224
TCGA-05-4390-01A-01-BS1_x2128y11088,2128,11088,2016,10976,224
TCGA-05-4390-01A-01-BS1_x2352y11088,2352,11088,2240,10976,224
TCGA-05-4390-01A-01-BS1_x2576y11088,2576,11088,2464,10976,224
TCGA-05-4390-01A-01-BS1_x2800y11088,2800,11088,2688,10976,224
TCGA-05-4390-01A-01-BS1_x3024y11088,3024,11088,2912,10976,224
TCGA-05-4390-01A-01-BS1_x3248y11088,3248,11088,3136,10976,224
TCGA-05-4390-01A-01-BS1_x3472y11088,3472,11088,3360,10976,224
TCGA-05-4390-01A-01-BS1_x3696y11088,3696,11088,3584,10976,224
TCGA-05-4390-01A-01-BS1_x3920y11088,3920,11088,3808,10976,224
TCGA-05-4390-01A-01-BS1_x4144y11088,4144,11088,4032,10976,224
TCGA-05-4390-01A-01-BS1_x4368y11088,4368,11088,4256,10976,224
TCGA-05-4390-01A-01-BS1_x4592y11088,4592,11088,4480,10976,224
TCGA-05-4390-01A-01-BS1_x4816y11088,4816,11088,4704,10976,224
TCGA-05-4390-01A-01-BS1_x5040y11088,5040,11088,4928,10976,224
TCGA-05-4390-01A-01-BS1_x5264y11088,5264,11088,5152,10976,224
TCGA-05-4390-01A-01-BS1_x5488y11088,5488,11088,5376,10976,224
TCGA-05-4390-01A-01-BS1_x5712y11088,5712,11088,5600,10976,224
TCGA-05-4390-01A-01-BS1_x5936y11088,5936,11088,5824,10976,224
TCGA-05-4390-01A-01-BS1_x6160y11088,6160,11088,6048,10976,224
TCGA-05-4390-01A-01-BS1_x6384y11088,6384,11088,6272,10976,224
TCGA-05-4390-01A-01-BS1_x6608y11088,6608,11088,6496,10976,224
TCGA-05-4390-01A-01-BS1_x6832y11088,6832,11088,6720,10976,224
TCGA-05-4390-01A-01-BS1_x7056y11088,7056,11088,6944,10976,224
TCGA-05-4390-01A-01-BS1_x7280y11088,7280,11088,7168,10976,224
TCGA-05-4390-01A-01-BS1_x7504y11088,7504,11088,7392,10976,224
TCGA-05-4390-01A-01-BS1_x7728y11088,7728,11088,7616,10976,224
TCGA-05-4390-01A-01-BS1_x7952y11088,7952,11088,7840,10976,224
TCGA-05-4390-01A-01-BS1_x8176y11088,8176,11088,8064,10976,224
TCGA-05-4390-01A-01-BS1_x8400y11088,8400,11088,8288,10976,224
TCGA-05-4390-01A-01-BS1_x8624y11088,8624,11088,8512,10976,224
TCGA-05-4390-01A-01-BS1_x8848y11088,8848,11088,8736,10976,224
TCGA-05-4390-01A-01-BS1_x9072y11088,9072,11088,8960,10976,224
TCGA-05-4390-01A-01-BS1_x9296y11088,9296,11088,9184,10976,224
TCGA-05-4390-01A-01-BS1_x9520y11088,9520,11088,9408,10976,224
TCGA-05-4390-01A-01-BS1_x9744y11088,9744,11088,9632,10976,224
TCGA-05-4390-01A-01-BS1_x9968y11088,9968,11088,9856,10976,224
TCGA-05-4390-01A-01-BS1_x10192y11088,10192,11088,10080,10976,224
TCGA-05-4390-01A-01-BS1_x10416y11088,10416,11088,10304,10976,224
TCGA-05-4390-01A-01-BS1_x10640y11088,10640,11088,10528,10976,224
TCGA-05-4390-01A-01-BS1_x10864y11088,10864,11088,10752,10976,224
TCGA-05-4390-01A-01-BS1_x11088y11088,11088,11088,10976,10976,224
TCGA-05-4390-01A-01-BS1_x11312y11088,11312,11088,11200,10976,224
TCGA-05-4390-01A-01-BS1_x11536y11088,11536,11088,11424,10976,224
TCGA-05-4390-01A-01-BS1_x11760y11088,11760,11088,11648,10976,224
TCGA-05-4390-01A-01-BS1_x11984y11088,11984,11088,11872,10976,224
TCGA-05-4390-01A-01-BS1_x12208y11088,12208,11088,12096,10976,224
TCGA-05-4390-01A-01-BS1_x12432y11088,12432,11088,12320,10976,224
TCGA-05-4390-01A-01-BS1_x12656y11088,12656,11088,12544,10976,224
TCGA-05-4390-01A-01-BS1_x12880y11088,12880,11088,12768,10976,224
TCGA-05-4390-01A-01-BS1_x13104y11088,13104,11088,12992,10976,224
TCGA-05-4390-01A-01-BS1_x13328y11088,13328,11088,13216,10976,224
TCGA-05-4390-01A-01-BS1_x13552y11088,13552,11088,13440,10976,224
TCGA-05-4390-01A-01-BS1_x13776y11088,13776,11088,13664,10976,224
TCGA-05-4390-01A-01-BS1_x14000y11088,14000,11088,13888,10976,224
TCGA-05-4390-01A-01-BS1_x14224y11088,14224,11088,14112,10976,224
TCGA-05-4390-01A-01-BS1_x14448y11088,14448,11088,14336,10976,224
TCGA-05-4390-01A-01-BS1_x14672y11088,14672,11088,14560,10976,224
TCGA-05-4390-01A-01-BS1_x14896y11088,14896,11088,14784,10976,224
TCGA-05-4390-01A-01-BS1_x15120y11088,15120,11088,15008,10976,224
TCGA-05-4390-01A-01-BS1_x15344y11088,15344,11088,15232,10976,224
TCGA-05-4390-01A-01-BS1_x15568y11088,15568,11088,15456,10976,224
TCGA-05-4390-01A-01-BS1_x15792y11088,15792,11088,15680,10976,224
TCGA-05-4390-01A-01-BS1_x16016y11088,16016,11088,15904,10976,224
TCGA-05-4390-01A-01-BS1_x16240y11088,16240,11088,16128,10976,224
TCGA-05-4390-01A-01-BS1_x16464y11088,16464,11088,16352,10976,224
TCGA-05-4390-01A-01-BS1_x16688y11088,16688,11088,16576,10976,224
TCGA-05-4390-01A-01-BS1_x16912y11088,16912,11088,16800,10976,224
TCGA-05-4390-01A-01-BS1_x17136y11088,17136,11088,17024,10976,224
TCGA-05-4390-01A-01-BS1_x17360y11088,17360,11088,17248,10976,224
TCGA-05-4390-01A-01-BS1_x17584y11088,17584,11088,17472,10976,224
TCGA-05-4390-01A-01-BS1_x17808y11088,17808,11088,17696,10976,224
TCGA-05-4390-01A-01-BS1_x18032y11088,18032,11088,17920,10976,224
TCGA-05-4390-01A-01-BS1_x18256y11088,18256,11088,18144,10976,224
TCGA-05-4390-01A-01-BS1_x18480y11088,18480,11088,18368,10976,224
TCGA-05-4390-01A-01-BS1_x18704y11088,18704,11088,18592,10976,224
TCGA-05-4390-01A-01-BS1_x18928y11088,18928,11088,18816,10976,224
TCGA-05-4390-01A-01-BS1_x19152y11088,19152,11088,19040,10976,224
TCGA-05-4390-01A-01-BS1_x19376y11088,19376,11088,19264,10976,224
TCGA-05-4390-01A-01-BS1_x19600y11088,19600,11088,19488,10976,224
TCGA-05-4390-01A-01-BS1_x19824y11088,19824,11088,19712,10976,224
TCGA-05-4390-01A-01-BS1_x20048y11088,20048,11088,19936,10976,224
TCGA-05-4390-01A-01-BS1_x20272y11088,20272,11088,20160,10976,224
TCGA-05-4390-01A-01-BS1_x20496y11088,20496,11088,20384,10976,224
TCGA-05-4390-01A-01-BS1_x20720y11088,20720,11088,20608,10976,224
TCGA-05-4390-01A-01-BS1_x20944y11088,20944,11088,20832,10976,224
TCGA-05-4390-01A-01-BS1_x21168y11088,21168,11088,21056,10976,224
TCGA-05-4390-01A-01-BS1_x21392y11088,21392,11088,21280,10976,224
TCGA-05-4390-01A-01-BS1_x21616y11088,21616,11088,21504,10976,224
TCGA-05-4390-01A-01-BS1_x21840y11088,21840,11088,21728,10976,224
TCGA-05-4390-01A-01-BS1_x22064y11088,22064,11088,21952,10976,224
TCGA-05-4390-01A-01-BS1_x22288y11088,22288,11088,22176,10976,224
TCGA-05-4390-01A-01-BS1_x22512y11088,22512,11088,22400,10976,224
TCGA-05-4390-01A-01-BS1_x22736y11088,22736,11088,22624,10976,224
TCGA-05-4390-01A-01-BS1_x22960y11088,22960,11088,22848,10976,224
TCGA-05-4390-01A-01-BS1_x23184y11088,23184,11088,23072,10976,224
TCGA-05-4390-01A-01-BS1_x23408y11088,23408,11088,23296,10976,224
TCGA-05-4390-01A-01-BS1_x23632y11088,23632,11088,23520,10976,224
TCGA-05-4390-01A-01-BS1_x23856y11088,23856,11088,23744,10976,224
TCGA-05-4390-01A-01-BS1_x24080y11088,24080,11088,23968,10976,224
TCGA-05-4390-01A-01-BS1_x24304y11088,24304,11088,24192,10976,224
TCGA-05-4390-01A-01-BS1_x24528y11088,24528,11088,24416,10976,224
TCGA-05-4390-01A-01-BS1_x24752y11088,24752,11088,24640,10976,224
TCGA-05-4390-01A-01-BS1_x24976y11088,24976,11088,24864,10976,224
TCGA-05-4390-01A-01-BS1_x25200y11088,25200,11088,25088,10976,224
TCGA-05-4390-01A-01-BS1_x25424y11088,25424,11088,25312,10976,224
TCGA-05-4390-01A-01-BS1_x25648y11088,25648,11088,25536,10976,224
TCGA-05-4390-01A-01-BS1_x25872y11088,25872,11088,25760,10976,224
TCGA-05-4390-01A-01-BS1_x26096y11088,26096,11088,25984,10976,224
TCGA-05-4390-01A-01-BS1_x26320y11088,26320,11088,26208,10976,224
TCGA-05-4390-01A-01-BS1_x26544y11088,26544,11088,26432,10976,224
TCGA-05-4390-01A-01-BS1_x26768y11088,26768,11088,26656,10976,224
TCGA-05-4390-01A-01-BS1_x26992y11088,26992,11088,26880,10976,224
TCGA-05-4390-01A-01-BS1_x27216y11088,27216,11088,27104,10976,224
TCGA-05-4390-01A-01-BS1_x27440y11088,27440,11088,27328,10976,224
TCGA-05-4390-01A-01-BS1_x27664y11088,27664,11088,27552,10976,224
TCGA-05-4390-01A-01-BS1_x27888y11088,27888,11088,27776,10976,224
TCGA-05-4390-01A-01-BS1_x28112y11088,28112,11088,28000,10976,224
TCGA-05-4390-01A-01-BS1_x28336y11088,28336,11088,28224,10976,224
TCGA-05-4390-01A-01-BS1_x28560y11088,28560,11088,28448,10976,224
TCGA-05-4390-01A-01-BS1_x28784y11088,28784,11088,28672,10976,224
TCGA-05-4390-01A-01-BS1_x29008y11088,29008,11088,28896,10976,224
TCGA-05-4390-01A-01-BS1_x29232y11088,29232,11088,29120,10976,224
TCGA-05-4390-01A-01-BS1_x29456y11088,29456,11088,29344,10976,224
TCGA-05-4390-01A-01-BS1_x29680y11088,29680,11088,29568,10976,224
TCGA-05-4390-01A-01-BS1_x29904y11088,29904,11088,29792,10976,224
TCGA-05-4390-01A-01-BS1_x30128y11088,30128,11088,30016,10976,224
TCGA-05-4390-01A-01-BS1_x30352y11088,30352,11088,30240,10976,224
TCGA-05-4390-01A-01-BS1_x30576y11088,30576,11088,30464,10976,224
TCGA-05-4390-01A-01-BS1_x30800y11088,30800,11088,30688,10976,224
TCGA-05-4390-01A-01-BS1_x31024y11088,31024,11088,30912,10976,224
TCGA-05-4390-01A-01-BS1_x31248y11088,31248,11088,31136,10976,224
TCGA-05-4390-01A-01-BS1_x31472y11088,31472,11088,31360,10976,224
TCGA-05-4390-01A-01-BS1_x31696y11088,31696,11088,31584,10976,224
TCGA-05-4390-01A-01-BS1_x31920y11088,31920,11088,31808,10976,224
TCGA-05-4390-01A-01-BS1_x32144y11088,32144,11088,32032,10976,224
TCGA-05-4390-01A-01-BS1_x32368y11088,32368,11088,32256,10976,224
TCGA-05-4390-01A-01-BS1_x32592y11088,32592,11088,32480,10976,224
TCGA-05-4390-01A-01-BS1_x32816y11088,32816,11088,32704,10976,224
TCGA-05-4390-01A-01-BS1_x33040y11088,33040,11088,32928,10976,224
TCGA-05-4390-01A-01-BS1_x33264y11088,33264,11088,33152,10976,224
TCGA-05-4390-01A-01-BS1_x33488y11088,33488,11088,33376,10976,224
TCGA-05-4390-01A-01-BS1_x33712y11088,33712,11088,33600,10976,224
TCGA-05-4390-01A-01-BS1_x33936y11088,33936,11088,33824,10976,224
TCGA-05-4390-01A-01-BS1_x34160y11088,34160,11088,34048,10976,224
TCGA-05-4390-01A-01-BS1_x34384y11088,34384,11088,34272,10976,224
TCGA-05-4390-01A-01-BS1_x2128y11312,2128,11312,2016,11200,224
TCGA-05-4390-01A-01-BS1_x2352y11312,2352,11312,2240,11200,224
TCGA-05-4390-01A-01-BS1_x2576y11312,2576,11312,2464,11200,224
TCGA-05-4390-01A-01-BS1_x2800y11312,2800,11312,2688,11200,224
TCGA-05-4390-01A-01-BS1_x3024y11312,3024,11312,2912,11200,224
TCGA-05-4390-01A-01-BS1_x3248y11312,3248,11312,3136,11200,224
TCGA-05-4390-01A-01-BS1_x3472y11312,3472,11312,3360,11200,224
TCGA-05-4390-01A-01-BS1_x3696y11312,3696,11312,3584,11200,224
TCGA-05-4390-01A-01-BS1_x3920y11312,3920,11312,3808,11200,224
TCGA-05-4390-01A-01-BS1_x4144y11312,4144,11312,4032,11200,224
TCGA-05-4390-01A-01-BS1_x4368y11312,4368,11312,4256,11200,224
TCGA-05-4390-01A-01-BS1_x4592y11312,4592,11312,4480,11200,224
TCGA-05-4390-01A-01-BS1_x4816y11312,4816,11312,4704,11200,224
TCGA-05-4390-01A-01-BS1_x5040y11312,5040,11312,4928,11200,224
TCGA-05-4390-01A-01-BS1_x5264y11312,5264,11312,5152,11200,224
TCGA-05-4390-01A-01-BS1_x5488y11312,5488,11312,5376,11200,224
TCGA-05-4390-01A-01-BS1_x5712y11312,5712,11312,5600,11200,224
TCGA-05-4390-01A-01-BS1_x5936y11312,5936,11312,5824,11200,224
TCGA-05-4390-01A-01-BS1_x6160y11312,6160,11312,6048,11200,224
TCGA-05-4390-01A-01-BS1_x6384y11312,6384,11312,6272,11200,224
TCGA-05-4390-01A-01-BS1_x6608y11312,6608,11312,6496,11200,224
TCGA-05-4390-01A-01-BS1_x6832y11312,6832,11312,6720,11200,224
TCGA-05-4390-01A-01-BS1_x7056y11312,7056,11312,6944,11200,224
TCGA-05-4390-01A-01-BS1_x7280y11312,7280,11312,7168,11200,224
TCGA-05-4390-01A-01-BS1_x7504y11312,7504,11312,7392,11200,224
TCGA-05-4390-01A-01-BS1_x7728y11312,7728,11312,7616,11200,224
TCGA-05-4390-01A-01-BS1_x7952y11312,7952,11312,7840,11200,224
TCGA-05-4390-01A-01-BS1_x8176y11312,8176,11312,8064,11200,224
TCGA-05-4390-01A-01-BS1_x8400y11312,8400,11312,8288,11200,224
TCGA-05-4390-01A-01-BS1_x8624y11312,8624,11312,8512,11200,224
TCGA-05-4390-01A-01-BS1_x8848y11312,8848,11312,8736,11200,224
TCGA-05-4390-01A-01-BS1_x9072y11312,9072,11312,8960,11200,224
TCGA-05-4390-01A-01-BS1_x9296y11312,9296,11312,9184,11200,224
TCGA-05-4390-01A-01-BS1_x9520y11312,9520,11312,9408,11200,224
TCGA-05-4390-01A-01-BS1_x9744y11312,9744,11312,9632,11200,224
TCGA-05-4390-01A-01-BS1_x9968y11312,9968,11312,9856,11200,224
TCGA-05-4390-01A-01-BS1_x10192y11312,10192,11312,10080,11200,224
TCGA-05-4390-01A-01-BS1_x10416y11312,10416,11312,10304,11200,224
TCGA-05-4390-01A-01-BS1_x10640y11312,10640,11312,10528,11200,224
TCGA-05-4390-01A-01-BS1_x10864y11312,10864,11312,10752,11200,224
TCGA-05-4390-01A-01-BS1_x11088y11312,11088,11312,10976,11200,224
TCGA-05-4390-01A-01-BS1_x11312y11312,11312,11312,11200,11200,224
TCGA-05-4390-01A-01-BS1_x11536y11312,11536,11312,11424,11200,224
TCGA-05-4390-01A-01-BS1_x11760y11312,11760,11312,11648,11200,224
TCGA-05-4390-01A-01-BS1_x11984y11312,11984,11312,11872,11200,224
TCGA-05-4390-01A-01-BS1_x12208y11312,12208,11312,12096,11200,224
TCGA-05-4390-01A-01-BS1_x12432y11312,12432,11312,12320,11200,224
TCGA-05-4390-01A-01-BS1_x12656y11312,12656,11312,12544,11200,224
TCGA-05-4390-01A-01-BS1_x12880y11312,12880,11312,12768,11200,224
TCGA-05-4390-01A-01-BS1_x13104y11312,13104,11312,12992,11200,224
TCGA-05-4390-01A-01-BS1_x13328y11312,13328,11312,13216,11200,224
TCGA-05-4390-01A-01-BS1_x13552y11312,13552,11312,13440,11200,224
TCGA-05-4390-01A-01-BS1_x13776y11312,13776,11312,13664,11200,224
TCGA-05-4390-01A-01-BS1_x14000y11312,14000,11312,13888,11200,224
TCGA-05-4390-01A-01-BS1_x14224y11312,14224,11312,14112,11200,224
TCGA-05-4390-01A-01-BS1_x14448y11312,14448,11312,14336,11200,224
TCGA-05-4390-01A-01-BS1_x14672y11312,14672,11312,14560,11200,224
TCGA-05-4390-01A-01-BS1_x14896y11312,14896,11312,14784,11200,224
TCGA-05-4390-01A-01-BS1_x15120y11312,15120,11312,15008,11200,224
TCGA-05-4390-01A-01-BS1_x15344y11312,15344,11312,15232,11200,224
TCGA-05-4390-01A-01-BS1_x15568y11312,15568,11312,15456,11200,224
TCGA-05-4390-01A-01-BS1_x15792y11312,15792,11312,15680,11200,224
TCGA-05-4390-01A-01-BS1_x16016y11312,16016,11312,15904,11200,224
TCGA-05-4390-01A-01-BS1_x16240y11312,16240,11312,16128,11200,224
TCGA-05-4390-01A-01-BS1_x16464y11312,16464,11312,16352,11200,224
TCGA-05-4390-01A-01-BS1_x16688y11312,16688,11312,16576,11200,224
TCGA-05-4390-01A-01-BS1_x16912y11312,16912,11312,16800,11200,224
TCGA-05-4390-01A-01-BS1_x17136y11312,17136,11312,17024,11200,224
TCGA-05-4390-01A-01-BS1_x17360y11312,17360,11312,17248,11200,224
TCGA-05-4390-01A-01-BS1_x17584y11312,17584,11312,17472,11200,224
TCGA-05-4390-01A-01-BS1_x17808y11312,17808,11312,17696,11200,224
TCGA-05-4390-01A-01-BS1_x18032y11312,18032,11312,17920,11200,224
TCGA-05-4390-01A-01-BS1_x18256y11312,18256,11312,18144,11200,224
TCGA-05-4390-01A-01-BS1_x18480y11312,18480,11312,18368,11200,224
TCGA-05-4390-01A-01-BS1_x18704y11312,18704,11312,18592,11200,224
TCGA-05-4390-01A-01-BS1_x18928y11312,18928,11312,18816,11200,224
TCGA-05-4390-01A-01-BS1_x19152y11312,19152,11312,19040,11200,224
TCGA-05-4390-01A-01-BS1_x19376y11312,19376,11312,19264,11200,224
TCGA-05-4390-01A-01-BS1_x19600y11312,19600,11312,19488,11200,224
TCGA-05-4390-01A-01-BS1_x19824y11312,19824,11312,19712,11200,224
TCGA-05-4390-01A-01-BS1_x20048y11312,20048,11312,19936,11200,224
TCGA-05-4390-01A-01-BS1_x20272y11312,20272,11312,20160,11200,224
TCGA-05-4390-01A-01-BS1_x20496y11312,20496,11312,20384,11200,224
TCGA-05-4390-01A-01-BS1_x20720y11312,20720,11312,20608,11200,224
TCGA-05-4390-01A-01-BS1_x20944y11312,20944,11312,20832,11200,224
TCGA-05-4390-01A-01-BS1_x21168y11312,21168,11312,21056,11200,224
TCGA-05-4390-01A-01-BS1_x21392y11312,21392,11312,21280,11200,224
TCGA-05-4390-01A-01-BS1_x21616y11312,21616,11312,21504,11200,224
TCGA-05-4390-01A-01-BS1_x21840y11312,21840,11312,21728,11200,224
TCGA-05-4390-01A-01-BS1_x22064y11312,22064,11312,21952,11200,224
TCGA-05-4390-01A-01-BS1_x22288y11312,22288,11312,22176,11200,224
TCGA-05-4390-01A-01-BS1_x22512y11312,22512,11312,22400,11200,224
TCGA-05-4390-01A-01-BS1_x22736y11312,22736,11312,22624,11200,224
TCGA-05-4390-01A-01-BS1_x22960y11312,22960,11312,22848,11200,224
TCGA-05-4390-01A-01-BS1_x23184y11312,23184,11312,23072,11200,224
TCGA-05-4390-01A-01-BS1_x23408y11312,23408,11312,23296,11200,224
TCGA-05-4390-01A-01-BS1_x23632y11312,23632,11312,23520,11200,224
TCGA-05-4390-01A-01-BS1_x23856y11312,23856,11312,23744,11200,224
TCGA-05-4390-01A-01-BS1_x24080y11312,24080,11312,23968,11200,224
TCGA-05-4390-01A-01-BS1_x24304y11312,24304,11312,24192,11200,224
TCGA-05-4390-01A-01-BS1_x24528y11312,24528,11312,24416,11200,224
TCGA-05-4390-01A-01-BS1_x24752y11312,24752,11312,24640,11200,224
TCGA-05-4390-01A-01-BS1_x24976y11312,24976,11312,24864,11200,224
TCGA-05-4390-01A-01-BS1_x25200y11312,25200,11312,25088,11200,224
TCGA-05-4390-01A-01-BS1_x25424y11312,25424,11312,25312,11200,224
TCGA-05-4390-01A-01-BS1_x25648y11312,25648,11312,25536,11200,224
TCGA-05-4390-01A-01-BS1_x25872y11312,25872,11312,25760,11200,224
TCGA-05-4390-01A-01-BS1_x26096y11312,26096,11312,25984,11200,224
TCGA-05-4390-01A-01-BS1_x26320y11312,26320,11312,26208,11200,224
TCGA-05-4390-01A-01-BS1_x26544y11312,26544,11312,26432,11200,224
TCGA-05-4390-01A-01-BS1_x26768y11312,26768,11312,26656,11200,224
TCGA-05-4390-01A-01-BS1_x26992y11312,26992,11312,26880,11200,224
TCGA-05-4390-01A-01-BS1_x27216y11312,27216,11312,27104,11200,224
TCGA-05-4390-01A-01-BS1_x27440y11312,27440,11312,27328,11200,224
TCGA-05-4390-01A-01-BS1_x27664y11312,27664,11312,27552,11200,224
TCGA-05-4390-01A-01-BS1_x27888y11312,27888,11312,27776,11200,224
TCGA-05-4390-01A-01-BS1_x28112y11312,28112,11312,28000,11200,224
TCGA-05-4390-01A-01-BS1_x28336y11312,28336,11312,28224,11200,224
TCGA-05-4390-01A-01-BS1_x28560y11312,28560,11312,28448,11200,224
TCGA-05-4390-01A-01-BS1_x28784y11312,28784,11312,28672,11200,224
TCGA-05-4390-01A-01-BS1_x29008y11312,29008,11312,28896,11200,224
TCGA-05-4390-01A-01-BS1_x29232y11312,29232,11312,29120,11200,224
TCGA-05-4390-01A-01-BS1_x29456y11312,29456,11312,29344,11200,224
TCGA-05-4390-01A-01-BS1_x29680y11312,29680,11312,29568,11200,224
TCGA-05-4390-01A-01-BS1_x29904y11312,29904,11312,29792,11200,224
TCGA-05-4390-01A-01-BS1_x30128y11312,30128,11312,30016,11200,224
TCGA-05-4390-01A-01-BS1_x30352y11312,30352,11312,30240,11200,224
TCGA-05-4390-01A-01-BS1_x30576y11312,30576,11312,30464,11200,224
TCGA-05-4390-01A-01-BS1_x30800y11312,30800,11312,30688,11200,224
TCGA-05-4390-01A-01-BS1_x31024y11312,31024,11312,30912,11200,224
TCGA-05-4390-01A-01-BS1_x31248y11312,31248,11312,31136,11200,224
TCGA-05-4390-01A-01-BS1_x31472y11312,31472,11312,31360,11200,224
TCGA-05-4390-01A-01-BS1_x31696y11312,31696,11312,31584,11200,224
TCGA-05-4390-01A-01-BS1_x31920y11312,31920,11312,31808,11200,224
TCGA-05-4390-01A-01-BS1_x32144y11312,32144,11312,32032,11200,224
TCGA-05-4390-01A-01-BS1_x32368y11312,32368,11312,32256,11200,224
TCGA-05-4390-01A-01-BS1_x32592y11312,32592,11312,32480,11200,224
TCGA-05-4390-01A-01-BS1_x32816y11312,32816,11312,32704,11200,224
TCGA-05-4390-01A-01-BS1_x33040y11312,33040,11312,32928,11200,224
TCGA-05-4390-01A-01-BS1_x33264y11312,33264,11312,33152,11200,224
TCGA-05-4390-01A-01-BS1_x33488y11312,33488,11312,33376,11200,224
TCGA-05-4390-01A-01-BS1_x33712y11312,33712,11312,33600,11200,224
TCGA-05-4390-01A-01-BS1_x33936y11312,33936,11312,33824,11200,224
TCGA-05-4390-01A-01-BS1_x34160y11312,34160,11312,34048,11200,224
TCGA-05-4390-01A-01-BS1_x34384y11312,34384,11312,34272,11200,224
TCGA-05-4390-01A-01-BS1_x2352y11536,2352,11536,2240,11424,224
TCGA-05-4390-01A-01-BS1_x2576y11536,2576,11536,2464,11424,224
TCGA-05-4390-01A-01-BS1_x2800y11536,2800,11536,2688,11424,224
TCGA-05-4390-01A-01-BS1_x3024y11536,3024,11536,2912,11424,224
TCGA-05-4390-01A-01-BS1_x3248y11536,3248,11536,3136,11424,224
TCGA-05-4390-01A-01-BS1_x3472y11536,3472,11536,3360,11424,224
TCGA-05-4390-01A-01-BS1_x3696y11536,3696,11536,3584,11424,224
TCGA-05-4390-01A-01-BS1_x3920y11536,3920,11536,3808,11424,224
TCGA-05-4390-01A-01-BS1_x4144y11536,4144,11536,4032,11424,224
TCGA-05-4390-01A-01-BS1_x4368y11536,4368,11536,4256,11424,224
TCGA-05-4390-01A-01-BS1_x4592y11536,4592,11536,4480,11424,224
TCGA-05-4390-01A-01-BS1_x4816y11536,4816,11536,4704,11424,224
TCGA-05-4390-01A-01-BS1_x5040y11536,5040,11536,4928,11424,224
TCGA-05-4390-01A-01-BS1_x5264y11536,5264,11536,5152,11424,224
TCGA-05-4390-01A-01-BS1_x5488y11536,5488,11536,5376,11424,224
TCGA-05-4390-01A-01-BS1_x5712y11536,5712,11536,5600,11424,224
TCGA-05-4390-01A-01-BS1_x5936y11536,5936,11536,5824,11424,224
TCGA-05-4390-01A-01-BS1_x6160y11536,6160,11536,6048,11424,224
TCGA-05-4390-01A-01-BS1_x6384y11536,6384,11536,6272,11424,224
TCGA-05-4390-01A-01-BS1_x6608y11536,6608,11536,6496,11424,224
TCGA-05-4390-01A-01-BS1_x6832y11536,6832,11536,6720,11424,224
TCGA-05-4390-01A-01-BS1_x7056y11536,7056,11536,6944,11424,224
TCGA-05-4390-01A-01-BS1_x7280y11536,7280,11536,7168,11424,224
TCGA-05-4390-01A-01-BS1_x7504y11536,7504,11536,7392,11424,224
TCGA-05-4390-01A-01-BS1_x7728y11536,7728,11536,7616,11424,224
TCGA-05-4390-01A-01-BS1_x7952y11536,7952,11536,7840,11424,224
TCGA-05-4390-01A-01-BS1_x8176y11536,8176,11536,8064,11424,224
TCGA-05-4390-01A-01-BS1_x8400y11536,8400,11536,8288,11424,224
TCGA-05-4390-01A-01-BS1_x8624y11536,8624,11536,8512,11424,224
TCGA-05-4390-01A-01-BS1_x8848y11536,8848,11536,8736,11424,224
TCGA-05-4390-01A-01-BS1_x9072y11536,9072,11536,8960,11424,224
TCGA-05-4390-01A-01-BS1_x9296y11536,9296,11536,9184,11424,224
TCGA-05-4390-01A-01-BS1_x9520y11536,9520,11536,9408,11424,224
TCGA-05-4390-01A-01-BS1_x9744y11536,9744,11536,9632,11424,224
TCGA-05-4390-01A-01-BS1_x9968y11536,9968,11536,9856,11424,224
TCGA-05-4390-01A-01-BS1_x10192y11536,10192,11536,10080,11424,224
TCGA-05-4390-01A-01-BS1_x10416y11536,10416,11536,10304,11424,224
TCGA-05-4390-01A-01-BS1_x10640y11536,10640,11536,10528,11424,224
TCGA-05-4390-01A-01-BS1_x10864y11536,10864,11536,10752,11424,224
TCGA-05-4390-01A-01-BS1_x11088y11536,11088,11536,10976,11424,224
TCGA-05-4390-01A-01-BS1_x11312y11536,11312,11536,11200,11424,224
TCGA-05-4390-01A-01-BS1_x11536y11536,11536,11536,11424,11424,224
TCGA-05-4390-01A-01-BS1_x11760y11536,11760,11536,11648,11424,224
TCGA-05-4390-01A-01-BS1_x11984y11536,11984,11536,11872,11424,224
TCGA-05-4390-01A-01-BS1_x12208y11536,12208,11536,12096,11424,224
TCGA-05-4390-01A-01-BS1_x12432y11536,12432,11536,12320,11424,224
TCGA-05-4390-01A-01-BS1_x12656y11536,12656,11536,12544,11424,224
TCGA-05-4390-01A-01-BS1_x12880y11536,12880,11536,12768,11424,224
TCGA-05-4390-01A-01-BS1_x13104y11536,13104,11536,12992,11424,224
TCGA-05-4390-01A-01-BS1_x13328y11536,13328,11536,13216,11424,224
TCGA-05-4390-01A-01-BS1_x13552y11536,13552,11536,13440,11424,224
TCGA-05-4390-01A-01-BS1_x13776y11536,13776,11536,13664,11424,224
TCGA-05-4390-01A-01-BS1_x14000y11536,14000,11536,13888,11424,224
TCGA-05-4390-01A-01-BS1_x14224y11536,14224,11536,14112,11424,224
TCGA-05-4390-01A-01-BS1_x14448y11536,14448,11536,14336,11424,224
TCGA-05-4390-01A-01-BS1_x14672y11536,14672,11536,14560,11424,224
TCGA-05-4390-01A-01-BS1_x14896y11536,14896,11536,14784,11424,224
TCGA-05-4390-01A-01-BS1_x15120y11536,15120,11536,15008,11424,224
TCGA-05-4390-01A-01-BS1_x15344y11536,15344,11536,15232,11424,224
TCGA-05-4390-01A-01-BS1_x15568y11536,15568,11536,15456,11424,224
TCGA-05-4390-01A-01-BS1_x15792y11536,15792,11536,15680,11424,224
TCGA-05-4390-01A-01-BS1_x16016y11536,16016,11536,15904,11424,224
TCGA-05-4390-01A-01-BS1_x16240y11536,16240,11536,16128,11424,224
TCGA-05-4390-01A-01-BS1_x16464y11536,16464,11536,16352,11424,224
TCGA-05-4390-01A-01-BS1_x16688y11536,16688,11536,16576,11424,224
TCGA-05-4390-01A-01-BS1_x16912y11536,16912,11536,16800,11424,224
TCGA-05-4390-01A-01-BS1_x17136y11536,17136,11536,17024,11424,224
TCGA-05-4390-01A-01-BS1_x17360y11536,17360,11536,17248,11424,224
TCGA-05-4390-01A-01-BS1_x17584y11536,17584,11536,17472,11424,224
TCGA-05-4390-01A-01-BS1_x17808y11536,17808,11536,17696,11424,224
TCGA-05-4390-01A-01-BS1_x18032y11536,18032,11536,17920,11424,224
TCGA-05-4390-01A-01-BS1_x18256y11536,18256,11536,18144,11424,224
TCGA-05-4390-01A-01-BS1_x18480y11536,18480,11536,18368,11424,224
TCGA-05-4390-01A-01-BS1_x18704y11536,18704,11536,18592,11424,224
TCGA-05-4390-01A-01-BS1_x18928y11536,18928,11536,18816,11424,224
TCGA-05-4390-01A-01-BS1_x19152y11536,19152,11536,19040,11424,224
TCGA-05-4390-01A-01-BS1_x19376y11536,19376,11536,19264,11424,224
TCGA-05-4390-01A-01-BS1_x19600y11536,19600,11536,19488,11424,224
TCGA-05-4390-01A-01-BS1_x19824y11536,19824,11536,19712,11424,224
TCGA-05-4390-01A-01-BS1_x20048y11536,20048,11536,19936,11424,224
TCGA-05-4390-01A-01-BS1_x20272y11536,20272,11536,20160,11424,224
TCGA-05-4390-01A-01-BS1_x20496y11536,20496,11536,20384,11424,224
TCGA-05-4390-01A-01-BS1_x20720y11536,20720,11536,20608,11424,224
TCGA-05-4390-01A-01-BS1_x20944y11536,20944,11536,20832,11424,224
TCGA-05-4390-01A-01-BS1_x21168y11536,21168,11536,21056,11424,224
TCGA-05-4390-01A-01-BS1_x21392y11536,21392,11536,21280,11424,224
TCGA-05-4390-01A-01-BS1_x21616y11536,21616,11536,21504,11424,224
TCGA-05-4390-01A-01-BS1_x21840y11536,21840,11536,21728,11424,224
TCGA-05-4390-01A-01-BS1_x22064y11536,22064,11536,21952,11424,224
TCGA-05-4390-01A-01-BS1_x22288y11536,22288,11536,22176,11424,224
TCGA-05-4390-01A-01-BS1_x22512y11536,22512,11536,22400,11424,224
TCGA-05-4390-01A-01-BS1_x22736y11536,22736,11536,22624,11424,224
TCGA-05-4390-01A-01-BS1_x22960y11536,22960,11536,22848,11424,224
TCGA-05-4390-01A-01-BS1_x23184y11536,23184,11536,23072,11424,224
TCGA-05-4390-01A-01-BS1_x23408y11536,23408,11536,23296,11424,224
TCGA-05-4390-01A-01-BS1_x23632y11536,23632,11536,23520,11424,224
TCGA-05-4390-01A-01-BS1_x23856y11536,23856,11536,23744,11424,224
TCGA-05-4390-01A-01-BS1_x24080y11536,24080,11536,23968,11424,224
TCGA-05-4390-01A-01-BS1_x24304y11536,24304,11536,24192,11424,224
TCGA-05-4390-01A-01-BS1_x24528y11536,24528,11536,24416,11424,224
TCGA-05-4390-01A-01-BS1_x24752y11536,24752,11536,24640,11424,224
TCGA-05-4390-01A-01-BS1_x24976y11536,24976,11536,24864,11424,224
TCGA-05-4390-01A-01-BS1_x25200y11536,25200,11536,25088,11424,224
TCGA-05-4390-01A-01-BS1_x25424y11536,25424,11536,25312,11424,224
TCGA-05-4390-01A-01-BS1_x25648y11536,25648,11536,25536,11424,224
TCGA-05-4390-01A-01-BS1_x25872y11536,25872,11536,25760,11424,224
TCGA-05-4390-01A-01-BS1_x26096y11536,26096,11536,25984,11424,224
TCGA-05-4390-01A-01-BS1_x26320y11536,26320,11536,26208,11424,224
TCGA-05-4390-01A-01-BS1_x26544y11536,26544,11536,26432,11424,224
TCGA-05-4390-01A-01-BS1_x26768y11536,26768,11536,26656,11424,224
TCGA-05-4390-01A-01-BS1_x26992y11536,26992,11536,26880,11424,224
TCGA-05-4390-01A-01-BS1_x27216y11536,27216,11536,27104,11424,224
TCGA-05-4390-01A-01-BS1_x27440y11536,27440,11536,27328,11424,224
TCGA-05-4390-01A-01-BS1_x27664y11536,27664,11536,27552,11424,224
TCGA-05-4390-01A-01-BS1_x27888y11536,27888,11536,27776,11424,224
TCGA-05-4390-01A-01-BS1_x28112y11536,28112,11536,28000,11424,224
TCGA-05-4390-01A-01-BS1_x28336y11536,28336,11536,28224,11424,224
TCGA-05-4390-01A-01-BS1_x28560y11536,28560,11536,28448,11424,224
TCGA-05-4390-01A-01-BS1_x28784y11536,28784,11536,28672,11424,224
TCGA-05-4390-01A-01-BS1_x29008y11536,29008,11536,28896,11424,224
TCGA-05-4390-01A-01-BS1_x29232y11536,29232,11536,29120,11424,224
TCGA-05-4390-01A-01-BS1_x29456y11536,29456,11536,29344,11424,224
TCGA-05-4390-01A-01-BS1_x29680y11536,29680,11536,29568,11424,224
TCGA-05-4390-01A-01-BS1_x29904y11536,29904,11536,29792,11424,224
TCGA-05-4390-01A-01-BS1_x30128y11536,30128,11536,30016,11424,224
TCGA-05-4390-01A-01-BS1_x30352y11536,30352,11536,30240,11424,224
TCGA-05-4390-01A-01-BS1_x30576y11536,30576,11536,30464,11424,224
TCGA-05-4390-01A-01-BS1_x30800y11536,30800,11536,30688,11424,224
TCGA-05-4390-01A-01-BS1_x31024y11536,31024,11536,30912,11424,224
TCGA-05-4390-01A-01-BS1_x31248y11536,31248,11536,31136,11424,224
TCGA-05-4390-01A-01-BS1_x31472y11536,31472,11536,31360,11424,224
TCGA-05-4390-01A-01-BS1_x31696y11536,31696,11536,31584,11424,224
TCGA-05-4390-01A-01-BS1_x31920y11536,31920,11536,31808,11424,224
TCGA-05-4390-01A-01-BS1_x32144y11536,32144,11536,32032,11424,224
TCGA-05-4390-01A-01-BS1_x32368y11536,32368,11536,32256,11424,224
TCGA-05-4390-01A-01-BS1_x32592y11536,32592,11536,32480,11424,224
TCGA-05-4390-01A-01-BS1_x32816y11536,32816,11536,32704,11424,224
TCGA-05-4390-01A-01-BS1_x33040y11536,33040,11536,32928,11424,224
TCGA-05-4390-01A-01-BS1_x33264y11536,33264,11536,33152,11424,224
TCGA-05-4390-01A-01-BS1_x33488y11536,33488,11536,33376,11424,224
TCGA-05-4390-01A-01-BS1_x33712y11536,33712,11536,33600,11424,224
TCGA-05-4390-01A-01-BS1_x33936y11536,33936,11536,33824,11424,224
TCGA-05-4390-01A-01-BS1_x34160y11536,34160,11536,34048,11424,224
TCGA-05-4390-01A-01-BS1_x2352y11760,2352,11760,2240,11648,224
TCGA-05-4390-01A-01-BS1_x2576y11760,2576,11760,2464,11648,224
TCGA-05-4390-01A-01-BS1_x2800y11760,2800,11760,2688,11648,224
TCGA-05-4390-01A-01-BS1_x3024y11760,3024,11760,2912,11648,224
TCGA-05-4390-01A-01-BS1_x3248y11760,3248,11760,3136,11648,224
TCGA-05-4390-01A-01-BS1_x3472y11760,3472,11760,3360,11648,224
TCGA-05-4390-01A-01-BS1_x3696y11760,3696,11760,3584,11648,224
TCGA-05-4390-01A-01-BS1_x3920y11760,3920,11760,3808,11648,224
TCGA-05-4390-01A-01-BS1_x4144y11760,4144,11760,4032,11648,224
TCGA-05-4390-01A-01-BS1_x4368y11760,4368,11760,4256,11648,224
TCGA-05-4390-01A-01-BS1_x4592y11760,4592,11760,4480,11648,224
TCGA-05-4390-01A-01-BS1_x4816y11760,4816,11760,4704,11648,224
TCGA-05-4390-01A-01-BS1_x5040y11760,5040,11760,4928,11648,224
TCGA-05-4390-01A-01-BS1_x5264y11760,5264,11760,5152,11648,224
TCGA-05-4390-01A-01-BS1_x5488y11760,5488,11760,5376,11648,224
TCGA-05-4390-01A-01-BS1_x5712y11760,5712,11760,5600,11648,224
TCGA-05-4390-01A-01-BS1_x5936y11760,5936,11760,5824,11648,224
TCGA-05-4390-01A-01-BS1_x6160y11760,6160,11760,6048,11648,224
TCGA-05-4390-01A-01-BS1_x6384y11760,6384,11760,6272,11648,224
TCGA-05-4390-01A-01-BS1_x6608y11760,6608,11760,6496,11648,224
TCGA-05-4390-01A-01-BS1_x6832y11760,6832,11760,6720,11648,224
TCGA-05-4390-01A-01-BS1_x7056y11760,7056,11760,6944,11648,224
TCGA-05-4390-01A-01-BS1_x7280y11760,7280,11760,7168,11648,224
TCGA-05-4390-01A-01-BS1_x7504y11760,7504,11760,7392,11648,224
TCGA-05-4390-01A-01-BS1_x7728y11760,7728,11760,7616,11648,224
TCGA-05-4390-01A-01-BS1_x7952y11760,7952,11760,7840,11648,224
TCGA-05-4390-01A-01-BS1_x8176y11760,8176,11760,8064,11648,224
TCGA-05-4390-01A-01-BS1_x8400y11760,8400,11760,8288,11648,224
TCGA-05-4390-01A-01-BS1_x8624y11760,8624,11760,8512,11648,224
TCGA-05-4390-01A-01-BS1_x8848y11760,8848,11760,8736,11648,224
TCGA-05-4390-01A-01-BS1_x9072y11760,9072,11760,8960,11648,224
TCGA-05-4390-01A-01-BS1_x9296y11760,9296,11760,9184,11648,224
TCGA-05-4390-01A-01-BS1_x9520y11760,9520,11760,9408,11648,224
TCGA-05-4390-01A-01-BS1_x9744y11760,9744,11760,9632,11648,224
TCGA-05-4390-01A-01-BS1_x9968y11760,9968,11760,9856,11648,224
TCGA-05-4390-01A-01-BS1_x10192y11760,10192,11760,10080,11648,224
TCGA-05-4390-01A-01-BS1_x10416y11760,10416,11760,10304,11648,224
TCGA-05-4390-01A-01-BS1_x10640y11760,10640,11760,10528,11648,224
TCGA-05-4390-01A-01-BS1_x10864y11760,10864,11760,10752,11648,224
TCGA-05-4390-01A-01-BS1_x11088y11760,11088,11760,10976,11648,224
TCGA-05-4390-01A-01-BS1_x11312y11760,11312,11760,11200,11648,224
TCGA-05-4390-01A-01-BS1_x11536y11760,11536,11760,11424,11648,224
TCGA-05-4390-01A-01-BS1_x11760y11760,11760,11760,11648,11648,224
TCGA-05-4390-01A-01-BS1_x11984y11760,11984,11760,11872,11648,224
TCGA-05-4390-01A-01-BS1_x12208y11760,12208,11760,12096,11648,224
TCGA-05-4390-01A-01-BS1_x12432y11760,12432,11760,12320,11648,224
TCGA-05-4390-01A-01-BS1_x12656y11760,12656,11760,12544,11648,224
TCGA-05-4390-01A-01-BS1_x12880y11760,12880,11760,12768,11648,224
TCGA-05-4390-01A-01-BS1_x13104y11760,13104,11760,12992,11648,224
TCGA-05-4390-01A-01-BS1_x13328y11760,13328,11760,13216,11648,224
TCGA-05-4390-01A-01-BS1_x13552y11760,13552,11760,13440,11648,224
TCGA-05-4390-01A-01-BS1_x13776y11760,13776,11760,13664,11648,224
TCGA-05-4390-01A-01-BS1_x14000y11760,14000,11760,13888,11648,224
TCGA-05-4390-01A-01-BS1_x14224y11760,14224,11760,14112,11648,224
TCGA-05-4390-01A-01-BS1_x14448y11760,14448,11760,14336,11648,224
TCGA-05-4390-01A-01-BS1_x14672y11760,14672,11760,14560,11648,224
TCGA-05-4390-01A-01-BS1_x14896y11760,14896,11760,14784,11648,224
TCGA-05-4390-01A-01-BS1_x15120y11760,15120,11760,15008,11648,224
TCGA-05-4390-01A-01-BS1_x15344y11760,15344,11760,15232,11648,224
TCGA-05-4390-01A-01-BS1_x15568y11760,15568,11760,15456,11648,224
TCGA-05-4390-01A-01-BS1_x15792y11760,15792,11760,15680,11648,224
TCGA-05-4390-01A-01-BS1_x16016y11760,16016,11760,15904,11648,224
TCGA-05-4390-01A-01-BS1_x16240y11760,16240,11760,16128,11648,224
TCGA-05-4390-01A-01-BS1_x16464y11760,16464,11760,16352,11648,224
TCGA-05-4390-01A-01-BS1_x16688y11760,16688,11760,16576,11648,224
TCGA-05-4390-01A-01-BS1_x16912y11760,16912,11760,16800,11648,224
TCGA-05-4390-01A-01-BS1_x17136y11760,17136,11760,17024,11648,224
TCGA-05-4390-01A-01-BS1_x17360y11760,17360,11760,17248,11648,224
TCGA-05-4390-01A-01-BS1_x17584y11760,17584,11760,17472,11648,224
TCGA-05-4390-01A-01-BS1_x17808y11760,17808,11760,17696,11648,224
TCGA-05-4390-01A-01-BS1_x18032y11760,18032,11760,17920,11648,224
TCGA-05-4390-01A-01-BS1_x18256y11760,18256,11760,18144,11648,224
TCGA-05-4390-01A-01-BS1_x18480y11760,18480,11760,18368,11648,224
TCGA-05-4390-01A-01-BS1_x18704y11760,18704,11760,18592,11648,224
TCGA-05-4390-01A-01-BS1_x18928y11760,18928,11760,18816,11648,224
TCGA-05-4390-01A-01-BS1_x19152y11760,19152,11760,19040,11648,224
TCGA-05-4390-01A-01-BS1_x19376y11760,19376,11760,19264,11648,224
TCGA-05-4390-01A-01-BS1_x19600y11760,19600,11760,19488,11648,224
TCGA-05-4390-01A-01-BS1_x19824y11760,19824,11760,19712,11648,224
TCGA-05-4390-01A-01-BS1_x20048y11760,20048,11760,19936,11648,224
TCGA-05-4390-01A-01-BS1_x20272y11760,20272,11760,20160,11648,224
TCGA-05-4390-01A-01-BS1_x20496y11760,20496,11760,20384,11648,224
TCGA-05-4390-01A-01-BS1_x20720y11760,20720,11760,20608,11648,224
TCGA-05-4390-01A-01-BS1_x20944y11760,20944,11760,20832,11648,224
TCGA-05-4390-01A-01-BS1_x21168y11760,21168,11760,21056,11648,224
TCGA-05-4390-01A-01-BS1_x21392y11760,21392,11760,21280,11648,224
TCGA-05-4390-01A-01-BS1_x21616y11760,21616,11760,21504,11648,224
TCGA-05-4390-01A-01-BS1_x21840y11760,21840,11760,21728,11648,224
TCGA-05-4390-01A-01-BS1_x22064y11760,22064,11760,21952,11648,224
TCGA-05-4390-01A-01-BS1_x22288y11760,22288,11760,22176,11648,224
TCGA-05-4390-01A-01-BS1_x22512y11760,22512,11760,22400,11648,224
TCGA-05-4390-01A-01-BS1_x22736y11760,22736,11760,22624,11648,224
TCGA-05-4390-01A-01-BS1_x22960y11760,22960,11760,22848,11648,224
TCGA-05-4390-01A-01-BS1_x23184y11760,23184,11760,23072,11648,224
TCGA-05-4390-01A-01-BS1_x23408y11760,23408,11760,23296,11648,224
TCGA-05-4390-01A-01-BS1_x23632y11760,23632,11760,23520,11648,224
TCGA-05-4390-01A-01-BS1_x23856y11760,23856,11760,23744,11648,224
TCGA-05-4390-01A-01-BS1_x24080y11760,24080,11760,23968,11648,224
TCGA-05-4390-01A-01-BS1_x24304y11760,24304,11760,24192,11648,224
TCGA-05-4390-01A-01-BS1_x24528y11760,24528,11760,24416,11648,224
TCGA-05-4390-01A-01-BS1_x24752y11760,24752,11760,24640,11648,224
TCGA-05-4390-01A-01-BS1_x24976y11760,24976,11760,24864,11648,224
TCGA-05-4390-01A-01-BS1_x25200y11760,25200,11760,25088,11648,224
TCGA-05-4390-01A-01-BS1_x25424y11760,25424,11760,25312,11648,224
TCGA-05-4390-01A-01-BS1_x25648y11760,25648,11760,25536,11648,224
TCGA-05-4390-01A-01-BS1_x25872y11760,25872,11760,25760,11648,224
TCGA-05-4390-01A-01-BS1_x26096y11760,26096,11760,25984,11648,224
TCGA-05-4390-01A-01-BS1_x26320y11760,26320,11760,26208,11648,224
TCGA-05-4390-01A-01-BS1_x26544y11760,26544,11760,26432,11648,224
TCGA-05-4390-01A-01-BS1_x26768y11760,26768,11760,26656,11648,224
TCGA-05-4390-01A-01-BS1_x26992y11760,26992,11760,26880,11648,224
TCGA-05-4390-01A-01-BS1_x27216y11760,27216,11760,27104,11648,224
TCGA-05-4390-01A-01-BS1_x27440y11760,27440,11760,27328,11648,224
TCGA-05-4390-01A-01-BS1_x27664y11760,27664,11760,27552,11648,224
TCGA-05-4390-01A-01-BS1_x27888y11760,27888,11760,27776,11648,224
TCGA-05-4390-01A-01-BS1_x28112y11760,28112,11760,28000,11648,224
TCGA-05-4390-01A-01-BS1_x28336y11760,28336,11760,28224,11648,224
TCGA-05-4390-01A-01-BS1_x28560y11760,28560,11760,28448,11648,224
TCGA-05-4390-01A-01-BS1_x28784y11760,28784,11760,28672,11648,224
TCGA-05-4390-01A-01-BS1_x29008y11760,29008,11760,28896,11648,224
TCGA-05-4390-01A-01-BS1_x29232y11760,29232,11760,29120,11648,224
TCGA-05-4390-01A-01-BS1_x29456y11760,29456,11760,29344,11648,224
TCGA-05-4390-01A-01-BS1_x29680y11760,29680,11760,29568,11648,224
TCGA-05-4390-01A-01-BS1_x29904y11760,29904,11760,29792,11648,224
TCGA-05-4390-01A-01-BS1_x30128y11760,30128,11760,30016,11648,224
TCGA-05-4390-01A-01-BS1_x30352y11760,30352,11760,30240,11648,224
TCGA-05-4390-01A-01-BS1_x30576y11760,30576,11760,30464,11648,224
TCGA-05-4390-01A-01-BS1_x30800y11760,30800,11760,30688,11648,224
TCGA-05-4390-01A-01-BS1_x31024y11760,31024,11760,30912,11648,224
TCGA-05-4390-01A-01-BS1_x31248y11760,31248,11760,31136,11648,224
TCGA-05-4390-01A-01-BS1_x31472y11760,31472,11760,31360,11648,224
TCGA-05-4390-01A-01-BS1_x31696y11760,31696,11760,31584,11648,224
TCGA-05-4390-01A-01-BS1_x31920y11760,31920,11760,31808,11648,224
TCGA-05-4390-01A-01-BS1_x32144y11760,32144,11760,32032,11648,224
TCGA-05-4390-01A-01-BS1_x32368y11760,32368,11760,32256,11648,224
TCGA-05-4390-01A-01-BS1_x32592y11760,32592,11760,32480,11648,224
TCGA-05-4390-01A-01-BS1_x32816y11760,32816,11760,32704,11648,224
TCGA-05-4390-01A-01-BS1_x33040y11760,33040,11760,32928,11648,224
TCGA-05-4390-01A-01-BS1_x33264y11760,33264,11760,33152,11648,224
TCGA-05-4390-01A-01-BS1_x33488y11760,33488,11760,33376,11648,224
TCGA-05-4390-01A-01-BS1_x33712y11760,33712,11760,33600,11648,224
TCGA-05-4390-01A-01-BS1_x33936y11760,33936,11760,33824,11648,224
TCGA-05-4390-01A-01-BS1_x34160y11760,34160,11760,34048,11648,224
TCGA-05-4390-01A-01-BS1_x2352y11984,2352,11984,2240,11872,224
TCGA-05-4390-01A-01-BS1_x2576y11984,2576,11984,2464,11872,224
TCGA-05-4390-01A-01-BS1_x2800y11984,2800,11984,2688,11872,224
TCGA-05-4390-01A-01-BS1_x3024y11984,3024,11984,2912,11872,224
TCGA-05-4390-01A-01-BS1_x3248y11984,3248,11984,3136,11872,224
TCGA-05-4390-01A-01-BS1_x3472y11984,3472,11984,3360,11872,224
TCGA-05-4390-01A-01-BS1_x3696y11984,3696,11984,3584,11872,224
TCGA-05-4390-01A-01-BS1_x3920y11984,3920,11984,3808,11872,224
TCGA-05-4390-01A-01-BS1_x4144y11984,4144,11984,4032,11872,224
TCGA-05-4390-01A-01-BS1_x4368y11984,4368,11984,4256,11872,224
TCGA-05-4390-01A-01-BS1_x4592y11984,4592,11984,4480,11872,224
TCGA-05-4390-01A-01-BS1_x5040y11984,5040,11984,4928,11872,224
TCGA-05-4390-01A-01-BS1_x5264y11984,5264,11984,5152,11872,224
TCGA-05-4390-01A-01-BS1_x5488y11984,5488,11984,5376,11872,224
TCGA-05-4390-01A-01-BS1_x5712y11984,5712,11984,5600,11872,224
TCGA-05-4390-01A-01-BS1_x5936y11984,5936,11984,5824,11872,224
TCGA-05-4390-01A-01-BS1_x6160y11984,6160,11984,6048,11872,224
TCGA-05-4390-01A-01-BS1_x6384y11984,6384,11984,6272,11872,224
TCGA-05-4390-01A-01-BS1_x6608y11984,6608,11984,6496,11872,224
TCGA-05-4390-01A-01-BS1_x6832y11984,6832,11984,6720,11872,224
TCGA-05-4390-01A-01-BS1_x7056y11984,7056,11984,6944,11872,224
TCGA-05-4390-01A-01-BS1_x7280y11984,7280,11984,7168,11872,224
TCGA-05-4390-01A-01-BS1_x7504y11984,7504,11984,7392,11872,224
TCGA-05-4390-01A-01-BS1_x7728y11984,7728,11984,7616,11872,224
TCGA-05-4390-01A-01-BS1_x7952y11984,7952,11984,7840,11872,224
TCGA-05-4390-01A-01-BS1_x8176y11984,8176,11984,8064,11872,224
TCGA-05-4390-01A-01-BS1_x8400y11984,8400,11984,8288,11872,224
TCGA-05-4390-01A-01-BS1_x8624y11984,8624,11984,8512,11872,224
TCGA-05-4390-01A-01-BS1_x8848y11984,8848,11984,8736,11872,224
TCGA-05-4390-01A-01-BS1_x9072y11984,9072,11984,8960,11872,224
TCGA-05-4390-01A-01-BS1_x9296y11984,9296,11984,9184,11872,224
TCGA-05-4390-01A-01-BS1_x9520y11984,9520,11984,9408,11872,224
TCGA-05-4390-01A-01-BS1_x9744y11984,9744,11984,9632,11872,224
TCGA-05-4390-01A-01-BS1_x9968y11984,9968,11984,9856,11872,224
TCGA-05-4390-01A-01-BS1_x10192y11984,10192,11984,10080,11872,224
TCGA-05-4390-01A-01-BS1_x10416y11984,10416,11984,10304,11872,224
TCGA-05-4390-01A-01-BS1_x10640y11984,10640,11984,10528,11872,224
TCGA-05-4390-01A-01-BS1_x10864y11984,10864,11984,10752,11872,224
TCGA-05-4390-01A-01-BS1_x11088y11984,11088,11984,10976,11872,224
TCGA-05-4390-01A-01-BS1_x11312y11984,11312,11984,11200,11872,224
TCGA-05-4390-01A-01-BS1_x11536y11984,11536,11984,11424,11872,224
TCGA-05-4390-01A-01-BS1_x11760y11984,11760,11984,11648,11872,224
TCGA-05-4390-01A-01-BS1_x11984y11984,11984,11984,11872,11872,224
TCGA-05-4390-01A-01-BS1_x12208y11984,12208,11984,12096,11872,224
TCGA-05-4390-01A-01-BS1_x12432y11984,12432,11984,12320,11872,224
TCGA-05-4390-01A-01-BS1_x12656y11984,12656,11984,12544,11872,224
TCGA-05-4390-01A-01-BS1_x12880y11984,12880,11984,12768,11872,224
TCGA-05-4390-01A-01-BS1_x13104y11984,13104,11984,12992,11872,224
TCGA-05-4390-01A-01-BS1_x13328y11984,13328,11984,13216,11872,224
TCGA-05-4390-01A-01-BS1_x13552y11984,13552,11984,13440,11872,224
TCGA-05-4390-01A-01-BS1_x13776y11984,13776,11984,13664,11872,224
TCGA-05-4390-01A-01-BS1_x14000y11984,14000,11984,13888,11872,224
TCGA-05-4390-01A-01-BS1_x14224y11984,14224,11984,14112,11872,224
TCGA-05-4390-01A-01-BS1_x14448y11984,14448,11984,14336,11872,224
TCGA-05-4390-01A-01-BS1_x14672y11984,14672,11984,14560,11872,224
TCGA-05-4390-01A-01-BS1_x14896y11984,14896,11984,14784,11872,224
TCGA-05-4390-01A-01-BS1_x15120y11984,15120,11984,15008,11872,224
TCGA-05-4390-01A-01-BS1_x15344y11984,15344,11984,15232,11872,224
TCGA-05-4390-01A-01-BS1_x15568y11984,15568,11984,15456,11872,224
TCGA-05-4390-01A-01-BS1_x15792y11984,15792,11984,15680,11872,224
TCGA-05-4390-01A-01-BS1_x16016y11984,16016,11984,15904,11872,224
TCGA-05-4390-01A-01-BS1_x16240y11984,16240,11984,16128,11872,224
TCGA-05-4390-01A-01-BS1_x16464y11984,16464,11984,16352,11872,224
TCGA-05-4390-01A-01-BS1_x16688y11984,16688,11984,16576,11872,224
TCGA-05-4390-01A-01-BS1_x16912y11984,16912,11984,16800,11872,224
TCGA-05-4390-01A-01-BS1_x17136y11984,17136,11984,17024,11872,224
TCGA-05-4390-01A-01-BS1_x17360y11984,17360,11984,17248,11872,224
TCGA-05-4390-01A-01-BS1_x17584y11984,17584,11984,17472,11872,224
TCGA-05-4390-01A-01-BS1_x17808y11984,17808,11984,17696,11872,224
TCGA-05-4390-01A-01-BS1_x18032y11984,18032,11984,17920,11872,224
TCGA-05-4390-01A-01-BS1_x18256y11984,18256,11984,18144,11872,224
TCGA-05-4390-01A-01-BS1_x18480y11984,18480,11984,18368,11872,224
TCGA-05-4390-01A-01-BS1_x18704y11984,18704,11984,18592,11872,224
TCGA-05-4390-01A-01-BS1_x18928y11984,18928,11984,18816,11872,224
TCGA-05-4390-01A-01-BS1_x19152y11984,19152,11984,19040,11872,224
TCGA-05-4390-01A-01-BS1_x19376y11984,19376,11984,19264,11872,224
TCGA-05-4390-01A-01-BS1_x19600y11984,19600,11984,19488,11872,224
TCGA-05-4390-01A-01-BS1_x19824y11984,19824,11984,19712,11872,224
TCGA-05-4390-01A-01-BS1_x20048y11984,20048,11984,19936,11872,224
TCGA-05-4390-01A-01-BS1_x20272y11984,20272,11984,20160,11872,224
TCGA-05-4390-01A-01-BS1_x20496y11984,20496,11984,20384,11872,224
TCGA-05-4390-01A-01-BS1_x20720y11984,20720,11984,20608,11872,224
TCGA-05-4390-01A-01-BS1_x20944y11984,20944,11984,20832,11872,224
TCGA-05-4390-01A-01-BS1_x21168y11984,21168,11984,21056,11872,224
TCGA-05-4390-01A-01-BS1_x21392y11984,21392,11984,21280,11872,224
TCGA-05-4390-01A-01-BS1_x21616y11984,21616,11984,21504,11872,224
TCGA-05-4390-01A-01-BS1_x21840y11984,21840,11984,21728,11872,224
TCGA-05-4390-01A-01-BS1_x22064y11984,22064,11984,21952,11872,224
TCGA-05-4390-01A-01-BS1_x22288y11984,22288,11984,22176,11872,224
TCGA-05-4390-01A-01-BS1_x22512y11984,22512,11984,22400,11872,224
TCGA-05-4390-01A-01-BS1_x22736y11984,22736,11984,22624,11872,224
TCGA-05-4390-01A-01-BS1_x22960y11984,22960,11984,22848,11872,224
TCGA-05-4390-01A-01-BS1_x23184y11984,23184,11984,23072,11872,224
TCGA-05-4390-01A-01-BS1_x23408y11984,23408,11984,23296,11872,224
TCGA-05-4390-01A-01-BS1_x23632y11984,23632,11984,23520,11872,224
TCGA-05-4390-01A-01-BS1_x23856y11984,23856,11984,23744,11872,224
TCGA-05-4390-01A-01-BS1_x24080y11984,24080,11984,23968,11872,224
TCGA-05-4390-01A-01-BS1_x24304y11984,24304,11984,24192,11872,224
TCGA-05-4390-01A-01-BS1_x24528y11984,24528,11984,24416,11872,224
TCGA-05-4390-01A-01-BS1_x24752y11984,24752,11984,24640,11872,224
TCGA-05-4390-01A-01-BS1_x24976y11984,24976,11984,24864,11872,224
TCGA-05-4390-01A-01-BS1_x25200y11984,25200,11984,25088,11872,224
TCGA-05-4390-01A-01-BS1_x25424y11984,25424,11984,25312,11872,224
TCGA-05-4390-01A-01-BS1_x25648y11984,25648,11984,25536,11872,224
TCGA-05-4390-01A-01-BS1_x25872y11984,25872,11984,25760,11872,224
TCGA-05-4390-01A-01-BS1_x26096y11984,26096,11984,25984,11872,224
TCGA-05-4390-01A-01-BS1_x26320y11984,26320,11984,26208,11872,224
TCGA-05-4390-01A-01-BS1_x26544y11984,26544,11984,26432,11872,224
TCGA-05-4390-01A-01-BS1_x26768y11984,26768,11984,26656,11872,224
TCGA-05-4390-01A-01-BS1_x26992y11984,26992,11984,26880,11872,224
TCGA-05-4390-01A-01-BS1_x27216y11984,27216,11984,27104,11872,224
TCGA-05-4390-01A-01-BS1_x27440y11984,27440,11984,27328,11872,224
TCGA-05-4390-01A-01-BS1_x27664y11984,27664,11984,27552,11872,224
TCGA-05-4390-01A-01-BS1_x27888y11984,27888,11984,27776,11872,224
TCGA-05-4390-01A-01-BS1_x28112y11984,28112,11984,28000,11872,224
TCGA-05-4390-01A-01-BS1_x28336y11984,28336,11984,28224,11872,224
TCGA-05-4390-01A-01-BS1_x28560y11984,28560,11984,28448,11872,224
TCGA-05-4390-01A-01-BS1_x28784y11984,28784,11984,28672,11872,224
TCGA-05-4390-01A-01-BS1_x29008y11984,29008,11984,28896,11872,224
TCGA-05-4390-01A-01-BS1_x29232y11984,29232,11984,29120,11872,224
TCGA-05-4390-01A-01-BS1_x29456y11984,29456,11984,29344,11872,224
TCGA-05-4390-01A-01-BS1_x29680y11984,29680,11984,29568,11872,224
TCGA-05-4390-01A-01-BS1_x29904y11984,29904,11984,29792,11872,224
TCGA-05-4390-01A-01-BS1_x30128y11984,30128,11984,30016,11872,224
TCGA-05-4390-01A-01-BS1_x30352y11984,30352,11984,30240,11872,224
TCGA-05-4390-01A-01-BS1_x30576y11984,30576,11984,30464,11872,224
TCGA-05-4390-01A-01-BS1_x30800y11984,30800,11984,30688,11872,224
TCGA-05-4390-01A-01-BS1_x31024y11984,31024,11984,30912,11872,224
TCGA-05-4390-01A-01-BS1_x31248y11984,31248,11984,31136,11872,224
TCGA-05-4390-01A-01-BS1_x31472y11984,31472,11984,31360,11872,224
TCGA-05-4390-01A-01-BS1_x31696y11984,31696,11984,31584,11872,224
TCGA-05-4390-01A-01-BS1_x31920y11984,31920,11984,31808,11872,224
TCGA-05-4390-01A-01-BS1_x32144y11984,32144,11984,32032,11872,224
TCGA-05-4390-01A-01-BS1_x32368y11984,32368,11984,32256,11872,224
TCGA-05-4390-01A-01-BS1_x32592y11984,32592,11984,32480,11872,224
TCGA-05-4390-01A-01-BS1_x32816y11984,32816,11984,32704,11872,224
TCGA-05-4390-01A-01-BS1_x33040y11984,33040,11984,32928,11872,224
TCGA-05-4390-01A-01-BS1_x33264y11984,33264,11984,33152,11872,224
TCGA-05-4390-01A-01-BS1_x33488y11984,33488,11984,33376,11872,224
TCGA-05-4390-01A-01-BS1_x33712y11984,33712,11984,33600,11872,224
TCGA-05-4390-01A-01-BS1_x33936y11984,33936,11984,33824,11872,224
TCGA-05-4390-01A-01-BS1_x34160y11984,34160,11984,34048,11872,224
TCGA-05-4390-01A-01-BS1_x2352y12208,2352,12208,2240,12096,224
TCGA-05-4390-01A-01-BS1_x2576y12208,2576,12208,2464,12096,224
TCGA-05-4390-01A-01-BS1_x2800y12208,2800,12208,2688,12096,224
TCGA-05-4390-01A-01-BS1_x3024y12208,3024,12208,2912,12096,224
TCGA-05-4390-01A-01-BS1_x3248y12208,3248,12208,3136,12096,224
TCGA-05-4390-01A-01-BS1_x3696y12208,3696,12208,3584,12096,224
TCGA-05-4390-01A-01-BS1_x3920y12208,3920,12208,3808,12096,224
TCGA-05-4390-01A-01-BS1_x4144y12208,4144,12208,4032,12096,224
TCGA-05-4390-01A-01-BS1_x4368y12208,4368,12208,4256,12096,224
TCGA-05-4390-01A-01-BS1_x4592y12208,4592,12208,4480,12096,224
TCGA-05-4390-01A-01-BS1_x5040y12208,5040,12208,4928,12096,224
TCGA-05-4390-01A-01-BS1_x5264y12208,5264,12208,5152,12096,224
TCGA-05-4390-01A-01-BS1_x5488y12208,5488,12208,5376,12096,224
TCGA-05-4390-01A-01-BS1_x5712y12208,5712,12208,5600,12096,224
TCGA-05-4390-01A-01-BS1_x5936y12208,5936,12208,5824,12096,224
TCGA-05-4390-01A-01-BS1_x6160y12208,6160,12208,6048,12096,224
TCGA-05-4390-01A-01-BS1_x6384y12208,6384,12208,6272,12096,224
TCGA-05-4390-01A-01-BS1_x6608y12208,6608,12208,6496,12096,224
TCGA-05-4390-01A-01-BS1_x6832y12208,6832,12208,6720,12096,224
TCGA-05-4390-01A-01-BS1_x7056y12208,7056,12208,6944,12096,224
TCGA-05-4390-01A-01-BS1_x7280y12208,7280,12208,7168,12096,224
TCGA-05-4390-01A-01-BS1_x7504y12208,7504,12208,7392,12096,224
TCGA-05-4390-01A-01-BS1_x7728y12208,7728,12208,7616,12096,224
TCGA-05-4390-01A-01-BS1_x7952y12208,7952,12208,7840,12096,224
TCGA-05-4390-01A-01-BS1_x8176y12208,8176,12208,8064,12096,224
TCGA-05-4390-01A-01-BS1_x8400y12208,8400,12208,8288,12096,224
TCGA-05-4390-01A-01-BS1_x8624y12208,8624,12208,8512,12096,224
TCGA-05-4390-01A-01-BS1_x8848y12208,8848,12208,8736,12096,224
TCGA-05-4390-01A-01-BS1_x9072y12208,9072,12208,8960,12096,224
TCGA-05-4390-01A-01-BS1_x9296y12208,9296,12208,9184,12096,224
TCGA-05-4390-01A-01-BS1_x9520y12208,9520,12208,9408,12096,224
TCGA-05-4390-01A-01-BS1_x9744y12208,9744,12208,9632,12096,224
TCGA-05-4390-01A-01-BS1_x9968y12208,9968,12208,9856,12096,224
TCGA-05-4390-01A-01-BS1_x10192y12208,10192,12208,10080,12096,224
TCGA-05-4390-01A-01-BS1_x10416y12208,10416,12208,10304,12096,224
TCGA-05-4390-01A-01-BS1_x10640y12208,10640,12208,10528,12096,224
TCGA-05-4390-01A-01-BS1_x10864y12208,10864,12208,10752,12096,224
TCGA-05-4390-01A-01-BS1_x11088y12208,11088,12208,10976,12096,224
TCGA-05-4390-01A-01-BS1_x11312y12208,11312,12208,11200,12096,224
TCGA-05-4390-01A-01-BS1_x11536y12208,11536,12208,11424,12096,224
TCGA-05-4390-01A-01-BS1_x11760y12208,11760,12208,11648,12096,224
TCGA-05-4390-01A-01-BS1_x11984y12208,11984,12208,11872,12096,224
TCGA-05-4390-01A-01-BS1_x12208y12208,12208,12208,12096,12096,224
TCGA-05-4390-01A-01-BS1_x12432y12208,12432,12208,12320,12096,224
TCGA-05-4390-01A-01-BS1_x12656y12208,12656,12208,12544,12096,224
TCGA-05-4390-01A-01-BS1_x12880y12208,12880,12208,12768,12096,224
TCGA-05-4390-01A-01-BS1_x13104y12208,13104,12208,12992,12096,224
TCGA-05-4390-01A-01-BS1_x13328y12208,13328,12208,13216,12096,224
TCGA-05-4390-01A-01-BS1_x13552y12208,13552,12208,13440,12096,224
TCGA-05-4390-01A-01-BS1_x13776y12208,13776,12208,13664,12096,224
TCGA-05-4390-01A-01-BS1_x14000y12208,14000,12208,13888,12096,224
TCGA-05-4390-01A-01-BS1_x14224y12208,14224,12208,14112,12096,224
TCGA-05-4390-01A-01-BS1_x14448y12208,14448,12208,14336,12096,224
TCGA-05-4390-01A-01-BS1_x14672y12208,14672,12208,14560,12096,224
TCGA-05-4390-01A-01-BS1_x14896y12208,14896,12208,14784,12096,224
TCGA-05-4390-01A-01-BS1_x15120y12208,15120,12208,15008,12096,224
TCGA-05-4390-01A-01-BS1_x15344y12208,15344,12208,15232,12096,224
TCGA-05-4390-01A-01-BS1_x15568y12208,15568,12208,15456,12096,224
TCGA-05-4390-01A-01-BS1_x15792y12208,15792,12208,15680,12096,224
TCGA-05-4390-01A-01-BS1_x16016y12208,16016,12208,15904,12096,224
TCGA-05-4390-01A-01-BS1_x16240y12208,16240,12208,16128,12096,224
TCGA-05-4390-01A-01-BS1_x16464y12208,16464,12208,16352,12096,224
TCGA-05-4390-01A-01-BS1_x16688y12208,16688,12208,16576,12096,224
TCGA-05-4390-01A-01-BS1_x16912y12208,16912,12208,16800,12096,224
TCGA-05-4390-01A-01-BS1_x17136y12208,17136,12208,17024,12096,224
TCGA-05-4390-01A-01-BS1_x17360y12208,17360,12208,17248,12096,224
TCGA-05-4390-01A-01-BS1_x17584y12208,17584,12208,17472,12096,224
TCGA-05-4390-01A-01-BS1_x17808y12208,17808,12208,17696,12096,224
TCGA-05-4390-01A-01-BS1_x18032y12208,18032,12208,17920,12096,224
TCGA-05-4390-01A-01-BS1_x18256y12208,18256,12208,18144,12096,224
TCGA-05-4390-01A-01-BS1_x18480y12208,18480,12208,18368,12096,224
TCGA-05-4390-01A-01-BS1_x18704y12208,18704,12208,18592,12096,224
TCGA-05-4390-01A-01-BS1_x18928y12208,18928,12208,18816,12096,224
TCGA-05-4390-01A-01-BS1_x19152y12208,19152,12208,19040,12096,224
TCGA-05-4390-01A-01-BS1_x19376y12208,19376,12208,19264,12096,224
TCGA-05-4390-01A-01-BS1_x19600y12208,19600,12208,19488,12096,224
TCGA-05-4390-01A-01-BS1_x19824y12208,19824,12208,19712,12096,224
TCGA-05-4390-01A-01-BS1_x20048y12208,20048,12208,19936,12096,224
TCGA-05-4390-01A-01-BS1_x20272y12208,20272,12208,20160,12096,224
TCGA-05-4390-01A-01-BS1_x20496y12208,20496,12208,20384,12096,224
TCGA-05-4390-01A-01-BS1_x20720y12208,20720,12208,20608,12096,224
TCGA-05-4390-01A-01-BS1_x20944y12208,20944,12208,20832,12096,224
TCGA-05-4390-01A-01-BS1_x21168y12208,21168,12208,21056,12096,224
TCGA-05-4390-01A-01-BS1_x21392y12208,21392,12208,21280,12096,224
TCGA-05-4390-01A-01-BS1_x21616y12208,21616,12208,21504,12096,224
TCGA-05-4390-01A-01-BS1_x21840y12208,21840,12208,21728,12096,224
TCGA-05-4390-01A-01-BS1_x22064y12208,22064,12208,21952,12096,224
TCGA-05-4390-01A-01-BS1_x22288y12208,22288,12208,22176,12096,224
TCGA-05-4390-01A-01-BS1_x22512y12208,22512,12208,22400,12096,224
TCGA-05-4390-01A-01-BS1_x22736y12208,22736,12208,22624,12096,224
TCGA-05-4390-01A-01-BS1_x22960y12208,22960,12208,22848,12096,224
TCGA-05-4390-01A-01-BS1_x23184y12208,23184,12208,23072,12096,224
TCGA-05-4390-01A-01-BS1_x23408y12208,23408,12208,23296,12096,224
TCGA-05-4390-01A-01-BS1_x23632y12208,23632,12208,23520,12096,224
TCGA-05-4390-01A-01-BS1_x23856y12208,23856,12208,23744,12096,224
TCGA-05-4390-01A-01-BS1_x24080y12208,24080,12208,23968,12096,224
TCGA-05-4390-01A-01-BS1_x24304y12208,24304,12208,24192,12096,224
TCGA-05-4390-01A-01-BS1_x24528y12208,24528,12208,24416,12096,224
TCGA-05-4390-01A-01-BS1_x24752y12208,24752,12208,24640,12096,224
TCGA-05-4390-01A-01-BS1_x24976y12208,24976,12208,24864,12096,224
TCGA-05-4390-01A-01-BS1_x25200y12208,25200,12208,25088,12096,224
TCGA-05-4390-01A-01-BS1_x25424y12208,25424,12208,25312,12096,224
TCGA-05-4390-01A-01-BS1_x25648y12208,25648,12208,25536,12096,224
TCGA-05-4390-01A-01-BS1_x25872y12208,25872,12208,25760,12096,224
TCGA-05-4390-01A-01-BS1_x26096y12208,26096,12208,25984,12096,224
TCGA-05-4390-01A-01-BS1_x26320y12208,26320,12208,26208,12096,224
TCGA-05-4390-01A-01-BS1_x26544y12208,26544,12208,26432,12096,224
TCGA-05-4390-01A-01-BS1_x26768y12208,26768,12208,26656,12096,224
TCGA-05-4390-01A-01-BS1_x26992y12208,26992,12208,26880,12096,224
TCGA-05-4390-01A-01-BS1_x27216y12208,27216,12208,27104,12096,224
TCGA-05-4390-01A-01-BS1_x27440y12208,27440,12208,27328,12096,224
TCGA-05-4390-01A-01-BS1_x27664y12208,27664,12208,27552,12096,224
TCGA-05-4390-01A-01-BS1_x27888y12208,27888,12208,27776,12096,224
TCGA-05-4390-01A-01-BS1_x28112y12208,28112,12208,28000,12096,224
TCGA-05-4390-01A-01-BS1_x28336y12208,28336,12208,28224,12096,224
TCGA-05-4390-01A-01-BS1_x28560y12208,28560,12208,28448,12096,224
TCGA-05-4390-01A-01-BS1_x28784y12208,28784,12208,28672,12096,224
TCGA-05-4390-01A-01-BS1_x29008y12208,29008,12208,28896,12096,224
TCGA-05-4390-01A-01-BS1_x29232y12208,29232,12208,29120,12096,224
TCGA-05-4390-01A-01-BS1_x29456y12208,29456,12208,29344,12096,224
TCGA-05-4390-01A-01-BS1_x29680y12208,29680,12208,29568,12096,224
TCGA-05-4390-01A-01-BS1_x29904y12208,29904,12208,29792,12096,224
TCGA-05-4390-01A-01-BS1_x30128y12208,30128,12208,30016,12096,224
TCGA-05-4390-01A-01-BS1_x30352y12208,30352,12208,30240,12096,224
TCGA-05-4390-01A-01-BS1_x30576y12208,30576,12208,30464,12096,224
TCGA-05-4390-01A-01-BS1_x30800y12208,30800,12208,30688,12096,224
TCGA-05-4390-01A-01-BS1_x31024y12208,31024,12208,30912,12096,224
TCGA-05-4390-01A-01-BS1_x31248y12208,31248,12208,31136,12096,224
TCGA-05-4390-01A-01-BS1_x31472y12208,31472,12208,31360,12096,224
TCGA-05-4390-01A-01-BS1_x31696y12208,31696,12208,31584,12096,224
TCGA-05-4390-01A-01-BS1_x31920y12208,31920,12208,31808,12096,224
TCGA-05-4390-01A-01-BS1_x32144y12208,32144,12208,32032,12096,224
TCGA-05-4390-01A-01-BS1_x32368y12208,32368,12208,32256,12096,224
TCGA-05-4390-01A-01-BS1_x32592y12208,32592,12208,32480,12096,224
TCGA-05-4390-01A-01-BS1_x32816y12208,32816,12208,32704,12096,224
TCGA-05-4390-01A-01-BS1_x33040y12208,33040,12208,32928,12096,224
TCGA-05-4390-01A-01-BS1_x33264y12208,33264,12208,33152,12096,224
TCGA-05-4390-01A-01-BS1_x33488y12208,33488,12208,33376,12096,224
TCGA-05-4390-01A-01-BS1_x33712y12208,33712,12208,33600,12096,224
TCGA-05-4390-01A-01-BS1_x33936y12208,33936,12208,33824,12096,224
TCGA-05-4390-01A-01-BS1_x34160y12208,34160,12208,34048,12096,224
TCGA-05-4390-01A-01-BS1_x2352y12432,2352,12432,2240,12320,224
TCGA-05-4390-01A-01-BS1_x2576y12432,2576,12432,2464,12320,224
TCGA-05-4390-01A-01-BS1_x2800y12432,2800,12432,2688,12320,224
TCGA-05-4390-01A-01-BS1_x3024y12432,3024,12432,2912,12320,224
TCGA-05-4390-01A-01-BS1_x3248y12432,3248,12432,3136,12320,224
TCGA-05-4390-01A-01-BS1_x3472y12432,3472,12432,3360,12320,224
TCGA-05-4390-01A-01-BS1_x3696y12432,3696,12432,3584,12320,224
TCGA-05-4390-01A-01-BS1_x3920y12432,3920,12432,3808,12320,224
TCGA-05-4390-01A-01-BS1_x4144y12432,4144,12432,4032,12320,224
TCGA-05-4390-01A-01-BS1_x4368y12432,4368,12432,4256,12320,224
TCGA-05-4390-01A-01-BS1_x4592y12432,4592,12432,4480,12320,224
TCGA-05-4390-01A-01-BS1_x5040y12432,5040,12432,4928,12320,224
TCGA-05-4390-01A-01-BS1_x5264y12432,5264,12432,5152,12320,224
TCGA-05-4390-01A-01-BS1_x5488y12432,5488,12432,5376,12320,224
TCGA-05-4390-01A-01-BS1_x5712y12432,5712,12432,5600,12320,224
TCGA-05-4390-01A-01-BS1_x5936y12432,5936,12432,5824,12320,224
TCGA-05-4390-01A-01-BS1_x6160y12432,6160,12432,6048,12320,224
TCGA-05-4390-01A-01-BS1_x6384y12432,6384,12432,6272,12320,224
TCGA-05-4390-01A-01-BS1_x6608y12432,6608,12432,6496,12320,224
TCGA-05-4390-01A-01-BS1_x6832y12432,6832,12432,6720,12320,224
TCGA-05-4390-01A-01-BS1_x7056y12432,7056,12432,6944,12320,224
TCGA-05-4390-01A-01-BS1_x7280y12432,7280,12432,7168,12320,224
TCGA-05-4390-01A-01-BS1_x7504y12432,7504,12432,7392,12320,224
TCGA-05-4390-01A-01-BS1_x7728y12432,7728,12432,7616,12320,224
TCGA-05-4390-01A-01-BS1_x7952y12432,7952,12432,7840,12320,224
TCGA-05-4390-01A-01-BS1_x8176y12432,8176,12432,8064,12320,224
TCGA-05-4390-01A-01-BS1_x8400y12432,8400,12432,8288,12320,224
TCGA-05-4390-01A-01-BS1_x8624y12432,8624,12432,8512,12320,224
TCGA-05-4390-01A-01-BS1_x8848y12432,8848,12432,8736,12320,224
TCGA-05-4390-01A-01-BS1_x9072y12432,9072,12432,8960,12320,224
TCGA-05-4390-01A-01-BS1_x9296y12432,9296,12432,9184,12320,224
TCGA-05-4390-01A-01-BS1_x9520y12432,9520,12432,9408,12320,224
TCGA-05-4390-01A-01-BS1_x9744y12432,9744,12432,9632,12320,224
TCGA-05-4390-01A-01-BS1_x9968y12432,9968,12432,9856,12320,224
TCGA-05-4390-01A-01-BS1_x10192y12432,10192,12432,10080,12320,224
TCGA-05-4390-01A-01-BS1_x10416y12432,10416,12432,10304,12320,224
TCGA-05-4390-01A-01-BS1_x10640y12432,10640,12432,10528,12320,224
TCGA-05-4390-01A-01-BS1_x10864y12432,10864,12432,10752,12320,224
TCGA-05-4390-01A-01-BS1_x11088y12432,11088,12432,10976,12320,224
TCGA-05-4390-01A-01-BS1_x11312y12432,11312,12432,11200,12320,224
TCGA-05-4390-01A-01-BS1_x11536y12432,11536,12432,11424,12320,224
TCGA-05-4390-01A-01-BS1_x11760y12432,11760,12432,11648,12320,224
TCGA-05-4390-01A-01-BS1_x11984y12432,11984,12432,11872,12320,224
TCGA-05-4390-01A-01-BS1_x12208y12432,12208,12432,12096,12320,224
TCGA-05-4390-01A-01-BS1_x12432y12432,12432,12432,12320,12320,224
TCGA-05-4390-01A-01-BS1_x12656y12432,12656,12432,12544,12320,224
TCGA-05-4390-01A-01-BS1_x12880y12432,12880,12432,12768,12320,224
TCGA-05-4390-01A-01-BS1_x13104y12432,13104,12432,12992,12320,224
TCGA-05-4390-01A-01-BS1_x13328y12432,13328,12432,13216,12320,224
TCGA-05-4390-01A-01-BS1_x13552y12432,13552,12432,13440,12320,224
TCGA-05-4390-01A-01-BS1_x13776y12432,13776,12432,13664,12320,224
TCGA-05-4390-01A-01-BS1_x14000y12432,14000,12432,13888,12320,224
TCGA-05-4390-01A-01-BS1_x14224y12432,14224,12432,14112,12320,224
TCGA-05-4390-01A-01-BS1_x14448y12432,14448,12432,14336,12320,224
TCGA-05-4390-01A-01-BS1_x14672y12432,14672,12432,14560,12320,224
TCGA-05-4390-01A-01-BS1_x14896y12432,14896,12432,14784,12320,224
TCGA-05-4390-01A-01-BS1_x15120y12432,15120,12432,15008,12320,224
TCGA-05-4390-01A-01-BS1_x15344y12432,15344,12432,15232,12320,224
TCGA-05-4390-01A-01-BS1_x15568y12432,15568,12432,15456,12320,224
TCGA-05-4390-01A-01-BS1_x15792y12432,15792,12432,15680,12320,224
TCGA-05-4390-01A-01-BS1_x16016y12432,16016,12432,15904,12320,224
TCGA-05-4390-01A-01-BS1_x16240y12432,16240,12432,16128,12320,224
TCGA-05-4390-01A-01-BS1_x16464y12432,16464,12432,16352,12320,224
TCGA-05-4390-01A-01-BS1_x16688y12432,16688,12432,16576,12320,224
TCGA-05-4390-01A-01-BS1_x16912y12432,16912,12432,16800,12320,224
TCGA-05-4390-01A-01-BS1_x17136y12432,17136,12432,17024,12320,224
TCGA-05-4390-01A-01-BS1_x17360y12432,17360,12432,17248,12320,224
TCGA-05-4390-01A-01-BS1_x17584y12432,17584,12432,17472,12320,224
TCGA-05-4390-01A-01-BS1_x17808y12432,17808,12432,17696,12320,224
TCGA-05-4390-01A-01-BS1_x18032y12432,18032,12432,17920,12320,224
TCGA-05-4390-01A-01-BS1_x18256y12432,18256,12432,18144,12320,224
TCGA-05-4390-01A-01-BS1_x18480y12432,18480,12432,18368,12320,224
TCGA-05-4390-01A-01-BS1_x18704y12432,18704,12432,18592,12320,224
TCGA-05-4390-01A-01-BS1_x18928y12432,18928,12432,18816,12320,224
TCGA-05-4390-01A-01-BS1_x19152y12432,19152,12432,19040,12320,224
TCGA-05-4390-01A-01-BS1_x19376y12432,19376,12432,19264,12320,224
TCGA-05-4390-01A-01-BS1_x19600y12432,19600,12432,19488,12320,224
TCGA-05-4390-01A-01-BS1_x19824y12432,19824,12432,19712,12320,224
TCGA-05-4390-01A-01-BS1_x20048y12432,20048,12432,19936,12320,224
TCGA-05-4390-01A-01-BS1_x20272y12432,20272,12432,20160,12320,224
TCGA-05-4390-01A-01-BS1_x20496y12432,20496,12432,20384,12320,224
TCGA-05-4390-01A-01-BS1_x20720y12432,20720,12432,20608,12320,224
TCGA-05-4390-01A-01-BS1_x20944y12432,20944,12432,20832,12320,224
TCGA-05-4390-01A-01-BS1_x21168y12432,21168,12432,21056,12320,224
TCGA-05-4390-01A-01-BS1_x21392y12432,21392,12432,21280,12320,224
TCGA-05-4390-01A-01-BS1_x21616y12432,21616,12432,21504,12320,224
TCGA-05-4390-01A-01-BS1_x21840y12432,21840,12432,21728,12320,224
TCGA-05-4390-01A-01-BS1_x22064y12432,22064,12432,21952,12320,224
TCGA-05-4390-01A-01-BS1_x22288y12432,22288,12432,22176,12320,224
TCGA-05-4390-01A-01-BS1_x22512y12432,22512,12432,22400,12320,224
TCGA-05-4390-01A-01-BS1_x22736y12432,22736,12432,22624,12320,224
TCGA-05-4390-01A-01-BS1_x22960y12432,22960,12432,22848,12320,224
TCGA-05-4390-01A-01-BS1_x23184y12432,23184,12432,23072,12320,224
TCGA-05-4390-01A-01-BS1_x23408y12432,23408,12432,23296,12320,224
TCGA-05-4390-01A-01-BS1_x23632y12432,23632,12432,23520,12320,224
TCGA-05-4390-01A-01-BS1_x23856y12432,23856,12432,23744,12320,224
TCGA-05-4390-01A-01-BS1_x24080y12432,24080,12432,23968,12320,224
TCGA-05-4390-01A-01-BS1_x24304y12432,24304,12432,24192,12320,224
TCGA-05-4390-01A-01-BS1_x24528y12432,24528,12432,24416,12320,224
TCGA-05-4390-01A-01-BS1_x24752y12432,24752,12432,24640,12320,224
TCGA-05-4390-01A-01-BS1_x24976y12432,24976,12432,24864,12320,224
TCGA-05-4390-01A-01-BS1_x25200y12432,25200,12432,25088,12320,224
TCGA-05-4390-01A-01-BS1_x25424y12432,25424,12432,25312,12320,224
TCGA-05-4390-01A-01-BS1_x25648y12432,25648,12432,25536,12320,224
TCGA-05-4390-01A-01-BS1_x25872y12432,25872,12432,25760,12320,224
TCGA-05-4390-01A-01-BS1_x26096y12432,26096,12432,25984,12320,224
TCGA-05-4390-01A-01-BS1_x26320y12432,26320,12432,26208,12320,224
TCGA-05-4390-01A-01-BS1_x26544y12432,26544,12432,26432,12320,224
TCGA-05-4390-01A-01-BS1_x26768y12432,26768,12432,26656,12320,224
TCGA-05-4390-01A-01-BS1_x26992y12432,26992,12432,26880,12320,224
TCGA-05-4390-01A-01-BS1_x27216y12432,27216,12432,27104,12320,224
TCGA-05-4390-01A-01-BS1_x27440y12432,27440,12432,27328,12320,224
TCGA-05-4390-01A-01-BS1_x27664y12432,27664,12432,27552,12320,224
TCGA-05-4390-01A-01-BS1_x27888y12432,27888,12432,27776,12320,224
TCGA-05-4390-01A-01-BS1_x28112y12432,28112,12432,28000,12320,224
TCGA-05-4390-01A-01-BS1_x28336y12432,28336,12432,28224,12320,224
TCGA-05-4390-01A-01-BS1_x28560y12432,28560,12432,28448,12320,224
TCGA-05-4390-01A-01-BS1_x28784y12432,28784,12432,28672,12320,224
TCGA-05-4390-01A-01-BS1_x29008y12432,29008,12432,28896,12320,224
TCGA-05-4390-01A-01-BS1_x29232y12432,29232,12432,29120,12320,224
TCGA-05-4390-01A-01-BS1_x29456y12432,29456,12432,29344,12320,224
TCGA-05-4390-01A-01-BS1_x29680y12432,29680,12432,29568,12320,224
TCGA-05-4390-01A-01-BS1_x29904y12432,29904,12432,29792,12320,224
TCGA-05-4390-01A-01-BS1_x30128y12432,30128,12432,30016,12320,224
TCGA-05-4390-01A-01-BS1_x30352y12432,30352,12432,30240,12320,224
TCGA-05-4390-01A-01-BS1_x30576y12432,30576,12432,30464,12320,224
TCGA-05-4390-01A-01-BS1_x30800y12432,30800,12432,30688,12320,224
TCGA-05-4390-01A-01-BS1_x31024y12432,31024,12432,30912,12320,224
TCGA-05-4390-01A-01-BS1_x31248y12432,31248,12432,31136,12320,224
TCGA-05-4390-01A-01-BS1_x31472y12432,31472,12432,31360,12320,224
TCGA-05-4390-01A-01-BS1_x31696y12432,31696,12432,31584,12320,224
TCGA-05-4390-01A-01-BS1_x31920y12432,31920,12432,31808,12320,224
TCGA-05-4390-01A-01-BS1_x32144y12432,32144,12432,32032,12320,224
TCGA-05-4390-01A-01-BS1_x32368y12432,32368,12432,32256,12320,224
TCGA-05-4390-01A-01-BS1_x32592y12432,32592,12432,32480,12320,224
TCGA-05-4390-01A-01-BS1_x32816y12432,32816,12432,32704,12320,224
TCGA-05-4390-01A-01-BS1_x33040y12432,33040,12432,32928,12320,224
TCGA-05-4390-01A-01-BS1_x33264y12432,33264,12432,33152,12320,224
TCGA-05-4390-01A-01-BS1_x33488y12432,33488,12432,33376,12320,224
TCGA-05-4390-01A-01-BS1_x33712y12432,33712,12432,33600,12320,224
TCGA-05-4390-01A-01-BS1_x33936y12432,33936,12432,33824,12320,224
TCGA-05-4390-01A-01-BS1_x34160y12432,34160,12432,34048,12320,224
TCGA-05-4390-01A-01-BS1_x2352y12656,2352,12656,2240,12544,224
TCGA-05-4390-01A-01-BS1_x2576y12656,2576,12656,2464,12544,224
TCGA-05-4390-01A-01-BS1_x2800y12656,2800,12656,2688,12544,224
TCGA-05-4390-01A-01-BS1_x3024y12656,3024,12656,2912,12544,224
TCGA-05-4390-01A-01-BS1_x3248y12656,3248,12656,3136,12544,224
TCGA-05-4390-01A-01-BS1_x3472y12656,3472,12656,3360,12544,224
TCGA-05-4390-01A-01-BS1_x3696y12656,3696,12656,3584,12544,224
TCGA-05-4390-01A-01-BS1_x3920y12656,3920,12656,3808,12544,224
TCGA-05-4390-01A-01-BS1_x4144y12656,4144,12656,4032,12544,224
TCGA-05-4390-01A-01-BS1_x4368y12656,4368,12656,4256,12544,224
TCGA-05-4390-01A-01-BS1_x4592y12656,4592,12656,4480,12544,224
TCGA-05-4390-01A-01-BS1_x4816y12656,4816,12656,4704,12544,224
TCGA-05-4390-01A-01-BS1_x5040y12656,5040,12656,4928,12544,224
TCGA-05-4390-01A-01-BS1_x5264y12656,5264,12656,5152,12544,224
TCGA-05-4390-01A-01-BS1_x5488y12656,5488,12656,5376,12544,224
TCGA-05-4390-01A-01-BS1_x5712y12656,5712,12656,5600,12544,224
TCGA-05-4390-01A-01-BS1_x5936y12656,5936,12656,5824,12544,224
TCGA-05-4390-01A-01-BS1_x6160y12656,6160,12656,6048,12544,224
TCGA-05-4390-01A-01-BS1_x6384y12656,6384,12656,6272,12544,224
TCGA-05-4390-01A-01-BS1_x6608y12656,6608,12656,6496,12544,224
TCGA-05-4390-01A-01-BS1_x6832y12656,6832,12656,6720,12544,224
TCGA-05-4390-01A-01-BS1_x7056y12656,7056,12656,6944,12544,224
TCGA-05-4390-01A-01-BS1_x7280y12656,7280,12656,7168,12544,224
TCGA-05-4390-01A-01-BS1_x7504y12656,7504,12656,7392,12544,224
TCGA-05-4390-01A-01-BS1_x7728y12656,7728,12656,7616,12544,224
TCGA-05-4390-01A-01-BS1_x7952y12656,7952,12656,7840,12544,224
TCGA-05-4390-01A-01-BS1_x8176y12656,8176,12656,8064,12544,224
TCGA-05-4390-01A-01-BS1_x8400y12656,8400,12656,8288,12544,224
TCGA-05-4390-01A-01-BS1_x8624y12656,8624,12656,8512,12544,224
TCGA-05-4390-01A-01-BS1_x8848y12656,8848,12656,8736,12544,224
TCGA-05-4390-01A-01-BS1_x9072y12656,9072,12656,8960,12544,224
TCGA-05-4390-01A-01-BS1_x9296y12656,9296,12656,9184,12544,224
TCGA-05-4390-01A-01-BS1_x9520y12656,9520,12656,9408,12544,224
TCGA-05-4390-01A-01-BS1_x9744y12656,9744,12656,9632,12544,224
TCGA-05-4390-01A-01-BS1_x9968y12656,9968,12656,9856,12544,224
TCGA-05-4390-01A-01-BS1_x10192y12656,10192,12656,10080,12544,224
TCGA-05-4390-01A-01-BS1_x10416y12656,10416,12656,10304,12544,224
TCGA-05-4390-01A-01-BS1_x10640y12656,10640,12656,10528,12544,224
TCGA-05-4390-01A-01-BS1_x10864y12656,10864,12656,10752,12544,224
TCGA-05-4390-01A-01-BS1_x11088y12656,11088,12656,10976,12544,224
TCGA-05-4390-01A-01-BS1_x11312y12656,11312,12656,11200,12544,224
TCGA-05-4390-01A-01-BS1_x11536y12656,11536,12656,11424,12544,224
TCGA-05-4390-01A-01-BS1_x11760y12656,11760,12656,11648,12544,224
TCGA-05-4390-01A-01-BS1_x11984y12656,11984,12656,11872,12544,224
TCGA-05-4390-01A-01-BS1_x12208y12656,12208,12656,12096,12544,224
TCGA-05-4390-01A-01-BS1_x12432y12656,12432,12656,12320,12544,224
TCGA-05-4390-01A-01-BS1_x12656y12656,12656,12656,12544,12544,224
TCGA-05-4390-01A-01-BS1_x12880y12656,12880,12656,12768,12544,224
TCGA-05-4390-01A-01-BS1_x13104y12656,13104,12656,12992,12544,224
TCGA-05-4390-01A-01-BS1_x13328y12656,13328,12656,13216,12544,224
TCGA-05-4390-01A-01-BS1_x13552y12656,13552,12656,13440,12544,224
TCGA-05-4390-01A-01-BS1_x13776y12656,13776,12656,13664,12544,224
TCGA-05-4390-01A-01-BS1_x14000y12656,14000,12656,13888,12544,224
TCGA-05-4390-01A-01-BS1_x14224y12656,14224,12656,14112,12544,224
TCGA-05-4390-01A-01-BS1_x14448y12656,14448,12656,14336,12544,224
TCGA-05-4390-01A-01-BS1_x14672y12656,14672,12656,14560,12544,224
TCGA-05-4390-01A-01-BS1_x14896y12656,14896,12656,14784,12544,224
TCGA-05-4390-01A-01-BS1_x15120y12656,15120,12656,15008,12544,224
TCGA-05-4390-01A-01-BS1_x15344y12656,15344,12656,15232,12544,224
TCGA-05-4390-01A-01-BS1_x15568y12656,15568,12656,15456,12544,224
TCGA-05-4390-01A-01-BS1_x15792y12656,15792,12656,15680,12544,224
TCGA-05-4390-01A-01-BS1_x16016y12656,16016,12656,15904,12544,224
TCGA-05-4390-01A-01-BS1_x16240y12656,16240,12656,16128,12544,224
TCGA-05-4390-01A-01-BS1_x16464y12656,16464,12656,16352,12544,224
TCGA-05-4390-01A-01-BS1_x16688y12656,16688,12656,16576,12544,224
TCGA-05-4390-01A-01-BS1_x16912y12656,16912,12656,16800,12544,224
TCGA-05-4390-01A-01-BS1_x17136y12656,17136,12656,17024,12544,224
TCGA-05-4390-01A-01-BS1_x17360y12656,17360,12656,17248,12544,224
TCGA-05-4390-01A-01-BS1_x17584y12656,17584,12656,17472,12544,224
TCGA-05-4390-01A-01-BS1_x17808y12656,17808,12656,17696,12544,224
TCGA-05-4390-01A-01-BS1_x18032y12656,18032,12656,17920,12544,224
TCGA-05-4390-01A-01-BS1_x18256y12656,18256,12656,18144,12544,224
TCGA-05-4390-01A-01-BS1_x18480y12656,18480,12656,18368,12544,224
TCGA-05-4390-01A-01-BS1_x18704y12656,18704,12656,18592,12544,224
TCGA-05-4390-01A-01-BS1_x18928y12656,18928,12656,18816,12544,224
TCGA-05-4390-01A-01-BS1_x19152y12656,19152,12656,19040,12544,224
TCGA-05-4390-01A-01-BS1_x19376y12656,19376,12656,19264,12544,224
TCGA-05-4390-01A-01-BS1_x19600y12656,19600,12656,19488,12544,224
TCGA-05-4390-01A-01-BS1_x19824y12656,19824,12656,19712,12544,224
TCGA-05-4390-01A-01-BS1_x20048y12656,20048,12656,19936,12544,224
TCGA-05-4390-01A-01-BS1_x20272y12656,20272,12656,20160,12544,224
TCGA-05-4390-01A-01-BS1_x20496y12656,20496,12656,20384,12544,224
TCGA-05-4390-01A-01-BS1_x20720y12656,20720,12656,20608,12544,224
TCGA-05-4390-01A-01-BS1_x20944y12656,20944,12656,20832,12544,224
TCGA-05-4390-01A-01-BS1_x21168y12656,21168,12656,21056,12544,224
TCGA-05-4390-01A-01-BS1_x21392y12656,21392,12656,21280,12544,224
TCGA-05-4390-01A-01-BS1_x21616y12656,21616,12656,21504,12544,224
TCGA-05-4390-01A-01-BS1_x21840y12656,21840,12656,21728,12544,224
TCGA-05-4390-01A-01-BS1_x22064y12656,22064,12656,21952,12544,224
TCGA-05-4390-01A-01-BS1_x22288y12656,22288,12656,22176,12544,224
TCGA-05-4390-01A-01-BS1_x22512y12656,22512,12656,22400,12544,224
TCGA-05-4390-01A-01-BS1_x22736y12656,22736,12656,22624,12544,224
TCGA-05-4390-01A-01-BS1_x22960y12656,22960,12656,22848,12544,224
TCGA-05-4390-01A-01-BS1_x23184y12656,23184,12656,23072,12544,224
TCGA-05-4390-01A-01-BS1_x23408y12656,23408,12656,23296,12544,224
TCGA-05-4390-01A-01-BS1_x23632y12656,23632,12656,23520,12544,224
TCGA-05-4390-01A-01-BS1_x23856y12656,23856,12656,23744,12544,224
TCGA-05-4390-01A-01-BS1_x24080y12656,24080,12656,23968,12544,224
TCGA-05-4390-01A-01-BS1_x24304y12656,24304,12656,24192,12544,224
TCGA-05-4390-01A-01-BS1_x24528y12656,24528,12656,24416,12544,224
TCGA-05-4390-01A-01-BS1_x24752y12656,24752,12656,24640,12544,224
TCGA-05-4390-01A-01-BS1_x24976y12656,24976,12656,24864,12544,224
TCGA-05-4390-01A-01-BS1_x25200y12656,25200,12656,25088,12544,224
TCGA-05-4390-01A-01-BS1_x25424y12656,25424,12656,25312,12544,224
TCGA-05-4390-01A-01-BS1_x25648y12656,25648,12656,25536,12544,224
TCGA-05-4390-01A-01-BS1_x25872y12656,25872,12656,25760,12544,224
TCGA-05-4390-01A-01-BS1_x26096y12656,26096,12656,25984,12544,224
TCGA-05-4390-01A-01-BS1_x26320y12656,26320,12656,26208,12544,224
TCGA-05-4390-01A-01-BS1_x26544y12656,26544,12656,26432,12544,224
TCGA-05-4390-01A-01-BS1_x26768y12656,26768,12656,26656,12544,224
TCGA-05-4390-01A-01-BS1_x26992y12656,26992,12656,26880,12544,224
TCGA-05-4390-01A-01-BS1_x27216y12656,27216,12656,27104,12544,224
TCGA-05-4390-01A-01-BS1_x27440y12656,27440,12656,27328,12544,224
TCGA-05-4390-01A-01-BS1_x27664y12656,27664,12656,27552,12544,224
TCGA-05-4390-01A-01-BS1_x27888y12656,27888,12656,27776,12544,224
TCGA-05-4390-01A-01-BS1_x28112y12656,28112,12656,28000,12544,224
TCGA-05-4390-01A-01-BS1_x28336y12656,28336,12656,28224,12544,224
TCGA-05-4390-01A-01-BS1_x28560y12656,28560,12656,28448,12544,224
TCGA-05-4390-01A-01-BS1_x28784y12656,28784,12656,28672,12544,224
TCGA-05-4390-01A-01-BS1_x29008y12656,29008,12656,28896,12544,224
TCGA-05-4390-01A-01-BS1_x29232y12656,29232,12656,29120,12544,224
TCGA-05-4390-01A-01-BS1_x29456y12656,29456,12656,29344,12544,224
TCGA-05-4390-01A-01-BS1_x29680y12656,29680,12656,29568,12544,224
TCGA-05-4390-01A-01-BS1_x29904y12656,29904,12656,29792,12544,224
TCGA-05-4390-01A-01-BS1_x30128y12656,30128,12656,30016,12544,224
TCGA-05-4390-01A-01-BS1_x30352y12656,30352,12656,30240,12544,224
TCGA-05-4390-01A-01-BS1_x30576y12656,30576,12656,30464,12544,224
TCGA-05-4390-01A-01-BS1_x30800y12656,30800,12656,30688,12544,224
TCGA-05-4390-01A-01-BS1_x31024y12656,31024,12656,30912,12544,224
TCGA-05-4390-01A-01-BS1_x31248y12656,31248,12656,31136,12544,224
TCGA-05-4390-01A-01-BS1_x31472y12656,31472,12656,31360,12544,224
TCGA-05-4390-01A-01-BS1_x31696y12656,31696,12656,31584,12544,224
TCGA-05-4390-01A-01-BS1_x31920y12656,31920,12656,31808,12544,224
TCGA-05-4390-01A-01-BS1_x32144y12656,32144,12656,32032,12544,224
TCGA-05-4390-01A-01-BS1_x32368y12656,32368,12656,32256,12544,224
TCGA-05-4390-01A-01-BS1_x32592y12656,32592,12656,32480,12544,224
TCGA-05-4390-01A-01-BS1_x32816y12656,32816,12656,32704,12544,224
TCGA-05-4390-01A-01-BS1_x33040y12656,33040,12656,32928,12544,224
TCGA-05-4390-01A-01-BS1_x33264y12656,33264,12656,33152,12544,224
TCGA-05-4390-01A-01-BS1_x33488y12656,33488,12656,33376,12544,224
TCGA-05-4390-01A-01-BS1_x33712y12656,33712,12656,33600,12544,224
TCGA-05-4390-01A-01-BS1_x33936y12656,33936,12656,33824,12544,224
TCGA-05-4390-01A-01-BS1_x34160y12656,34160,12656,34048,12544,224
TCGA-05-4390-01A-01-BS1_x34384y12656,34384,12656,34272,12544,224
TCGA-05-4390-01A-01-BS1_x2352y12880,2352,12880,2240,12768,224
TCGA-05-4390-01A-01-BS1_x2576y12880,2576,12880,2464,12768,224
TCGA-05-4390-01A-01-BS1_x2800y12880,2800,12880,2688,12768,224
TCGA-05-4390-01A-01-BS1_x3248y12880,3248,12880,3136,12768,224
TCGA-05-4390-01A-01-BS1_x3472y12880,3472,12880,3360,12768,224
TCGA-05-4390-01A-01-BS1_x3696y12880,3696,12880,3584,12768,224
TCGA-05-4390-01A-01-BS1_x3920y12880,3920,12880,3808,12768,224
TCGA-05-4390-01A-01-BS1_x4144y12880,4144,12880,4032,12768,224
TCGA-05-4390-01A-01-BS1_x4368y12880,4368,12880,4256,12768,224
TCGA-05-4390-01A-01-BS1_x4592y12880,4592,12880,4480,12768,224
TCGA-05-4390-01A-01-BS1_x4816y12880,4816,12880,4704,12768,224
TCGA-05-4390-01A-01-BS1_x5040y12880,5040,12880,4928,12768,224
TCGA-05-4390-01A-01-BS1_x5264y12880,5264,12880,5152,12768,224
TCGA-05-4390-01A-01-BS1_x5488y12880,5488,12880,5376,12768,224
TCGA-05-4390-01A-01-BS1_x5712y12880,5712,12880,5600,12768,224
TCGA-05-4390-01A-01-BS1_x5936y12880,5936,12880,5824,12768,224
TCGA-05-4390-01A-01-BS1_x6160y12880,6160,12880,6048,12768,224
TCGA-05-4390-01A-01-BS1_x6384y12880,6384,12880,6272,12768,224
TCGA-05-4390-01A-01-BS1_x6608y12880,6608,12880,6496,12768,224
TCGA-05-4390-01A-01-BS1_x6832y12880,6832,12880,6720,12768,224
TCGA-05-4390-01A-01-BS1_x7056y12880,7056,12880,6944,12768,224
TCGA-05-4390-01A-01-BS1_x7280y12880,7280,12880,7168,12768,224
TCGA-05-4390-01A-01-BS1_x7504y12880,7504,12880,7392,12768,224
TCGA-05-4390-01A-01-BS1_x7728y12880,7728,12880,7616,12768,224
TCGA-05-4390-01A-01-BS1_x7952y12880,7952,12880,7840,12768,224
TCGA-05-4390-01A-01-BS1_x8176y12880,8176,12880,8064,12768,224
TCGA-05-4390-01A-01-BS1_x8400y12880,8400,12880,8288,12768,224
TCGA-05-4390-01A-01-BS1_x8624y12880,8624,12880,8512,12768,224
TCGA-05-4390-01A-01-BS1_x8848y12880,8848,12880,8736,12768,224
TCGA-05-4390-01A-01-BS1_x9072y12880,9072,12880,8960,12768,224
TCGA-05-4390-01A-01-BS1_x9296y12880,9296,12880,9184,12768,224
TCGA-05-4390-01A-01-BS1_x9520y12880,9520,12880,9408,12768,224
TCGA-05-4390-01A-01-BS1_x9744y12880,9744,12880,9632,12768,224
TCGA-05-4390-01A-01-BS1_x9968y12880,9968,12880,9856,12768,224
TCGA-05-4390-01A-01-BS1_x10192y12880,10192,12880,10080,12768,224
TCGA-05-4390-01A-01-BS1_x10416y12880,10416,12880,10304,12768,224
TCGA-05-4390-01A-01-BS1_x10640y12880,10640,12880,10528,12768,224
TCGA-05-4390-01A-01-BS1_x10864y12880,10864,12880,10752,12768,224
TCGA-05-4390-01A-01-BS1_x11088y12880,11088,12880,10976,12768,224
TCGA-05-4390-01A-01-BS1_x11312y12880,11312,12880,11200,12768,224
TCGA-05-4390-01A-01-BS1_x11536y12880,11536,12880,11424,12768,224
TCGA-05-4390-01A-01-BS1_x11760y12880,11760,12880,11648,12768,224
TCGA-05-4390-01A-01-BS1_x11984y12880,11984,12880,11872,12768,224
TCGA-05-4390-01A-01-BS1_x12208y12880,12208,12880,12096,12768,224
TCGA-05-4390-01A-01-BS1_x12432y12880,12432,12880,12320,12768,224
TCGA-05-4390-01A-01-BS1_x12656y12880,12656,12880,12544,12768,224
TCGA-05-4390-01A-01-BS1_x12880y12880,12880,12880,12768,12768,224
TCGA-05-4390-01A-01-BS1_x13104y12880,13104,12880,12992,12768,224
TCGA-05-4390-01A-01-BS1_x13328y12880,13328,12880,13216,12768,224
TCGA-05-4390-01A-01-BS1_x13552y12880,13552,12880,13440,12768,224
TCGA-05-4390-01A-01-BS1_x13776y12880,13776,12880,13664,12768,224
TCGA-05-4390-01A-01-BS1_x14000y12880,14000,12880,13888,12768,224
TCGA-05-4390-01A-01-BS1_x14224y12880,14224,12880,14112,12768,224
TCGA-05-4390-01A-01-BS1_x14448y12880,14448,12880,14336,12768,224
TCGA-05-4390-01A-01-BS1_x14672y12880,14672,12880,14560,12768,224
TCGA-05-4390-01A-01-BS1_x14896y12880,14896,12880,14784,12768,224
TCGA-05-4390-01A-01-BS1_x15120y12880,15120,12880,15008,12768,224
TCGA-05-4390-01A-01-BS1_x15344y12880,15344,12880,15232,12768,224
TCGA-05-4390-01A-01-BS1_x15568y12880,15568,12880,15456,12768,224
TCGA-05-4390-01A-01-BS1_x15792y12880,15792,12880,15680,12768,224
TCGA-05-4390-01A-01-BS1_x16016y12880,16016,12880,15904,12768,224
TCGA-05-4390-01A-01-BS1_x16240y12880,16240,12880,16128,12768,224
TCGA-05-4390-01A-01-BS1_x16464y12880,16464,12880,16352,12768,224
TCGA-05-4390-01A-01-BS1_x16688y12880,16688,12880,16576,12768,224
TCGA-05-4390-01A-01-BS1_x16912y12880,16912,12880,16800,12768,224
TCGA-05-4390-01A-01-BS1_x17136y12880,17136,12880,17024,12768,224
TCGA-05-4390-01A-01-BS1_x17360y12880,17360,12880,17248,12768,224
TCGA-05-4390-01A-01-BS1_x17584y12880,17584,12880,17472,12768,224
TCGA-05-4390-01A-01-BS1_x17808y12880,17808,12880,17696,12768,224
TCGA-05-4390-01A-01-BS1_x18032y12880,18032,12880,17920,12768,224
TCGA-05-4390-01A-01-BS1_x18256y12880,18256,12880,18144,12768,224
TCGA-05-4390-01A-01-BS1_x18480y12880,18480,12880,18368,12768,224
TCGA-05-4390-01A-01-BS1_x18704y12880,18704,12880,18592,12768,224
TCGA-05-4390-01A-01-BS1_x18928y12880,18928,12880,18816,12768,224
TCGA-05-4390-01A-01-BS1_x19152y12880,19152,12880,19040,12768,224
TCGA-05-4390-01A-01-BS1_x19376y12880,19376,12880,19264,12768,224
TCGA-05-4390-01A-01-BS1_x19600y12880,19600,12880,19488,12768,224
TCGA-05-4390-01A-01-BS1_x19824y12880,19824,12880,19712,12768,224
TCGA-05-4390-01A-01-BS1_x20048y12880,20048,12880,19936,12768,224
TCGA-05-4390-01A-01-BS1_x20272y12880,20272,12880,20160,12768,224
TCGA-05-4390-01A-01-BS1_x20496y12880,20496,12880,20384,12768,224
TCGA-05-4390-01A-01-BS1_x20720y12880,20720,12880,20608,12768,224
TCGA-05-4390-01A-01-BS1_x20944y12880,20944,12880,20832,12768,224
TCGA-05-4390-01A-01-BS1_x21168y12880,21168,12880,21056,12768,224
TCGA-05-4390-01A-01-BS1_x21392y12880,21392,12880,21280,12768,224
TCGA-05-4390-01A-01-BS1_x21616y12880,21616,12880,21504,12768,224
TCGA-05-4390-01A-01-BS1_x21840y12880,21840,12880,21728,12768,224
TCGA-05-4390-01A-01-BS1_x22064y12880,22064,12880,21952,12768,224
TCGA-05-4390-01A-01-BS1_x22288y12880,22288,12880,22176,12768,224
TCGA-05-4390-01A-01-BS1_x22512y12880,22512,12880,22400,12768,224
TCGA-05-4390-01A-01-BS1_x22736y12880,22736,12880,22624,12768,224
TCGA-05-4390-01A-01-BS1_x22960y12880,22960,12880,22848,12768,224
TCGA-05-4390-01A-01-BS1_x23184y12880,23184,12880,23072,12768,224
TCGA-05-4390-01A-01-BS1_x23408y12880,23408,12880,23296,12768,224
TCGA-05-4390-01A-01-BS1_x23632y12880,23632,12880,23520,12768,224
TCGA-05-4390-01A-01-BS1_x23856y12880,23856,12880,23744,12768,224
TCGA-05-4390-01A-01-BS1_x24080y12880,24080,12880,23968,12768,224
TCGA-05-4390-01A-01-BS1_x24304y12880,24304,12880,24192,12768,224
TCGA-05-4390-01A-01-BS1_x24528y12880,24528,12880,24416,12768,224
TCGA-05-4390-01A-01-BS1_x24752y12880,24752,12880,24640,12768,224
TCGA-05-4390-01A-01-BS1_x24976y12880,24976,12880,24864,12768,224
TCGA-05-4390-01A-01-BS1_x25200y12880,25200,12880,25088,12768,224
TCGA-05-4390-01A-01-BS1_x25424y12880,25424,12880,25312,12768,224
TCGA-05-4390-01A-01-BS1_x25648y12880,25648,12880,25536,12768,224
TCGA-05-4390-01A-01-BS1_x25872y12880,25872,12880,25760,12768,224
TCGA-05-4390-01A-01-BS1_x26096y12880,26096,12880,25984,12768,224
TCGA-05-4390-01A-01-BS1_x26320y12880,26320,12880,26208,12768,224
TCGA-05-4390-01A-01-BS1_x26544y12880,26544,12880,26432,12768,224
TCGA-05-4390-01A-01-BS1_x26768y12880,26768,12880,26656,12768,224
TCGA-05-4390-01A-01-BS1_x26992y12880,26992,12880,26880,12768,224
TCGA-05-4390-01A-01-BS1_x27216y12880,27216,12880,27104,12768,224
TCGA-05-4390-01A-01-BS1_x27440y12880,27440,12880,27328,12768,224
TCGA-05-4390-01A-01-BS1_x27664y12880,27664,12880,27552,12768,224
TCGA-05-4390-01A-01-BS1_x27888y12880,27888,12880,27776,12768,224
TCGA-05-4390-01A-01-BS1_x28112y12880,28112,12880,28000,12768,224
TCGA-05-4390-01A-01-BS1_x28336y12880,28336,12880,28224,12768,224
TCGA-05-4390-01A-01-BS1_x28560y12880,28560,12880,28448,12768,224
TCGA-05-4390-01A-01-BS1_x28784y12880,28784,12880,28672,12768,224
TCGA-05-4390-01A-01-BS1_x29008y12880,29008,12880,28896,12768,224
TCGA-05-4390-01A-01-BS1_x29232y12880,29232,12880,29120,12768,224
TCGA-05-4390-01A-01-BS1_x29456y12880,29456,12880,29344,12768,224
TCGA-05-4390-01A-01-BS1_x29680y12880,29680,12880,29568,12768,224
TCGA-05-4390-01A-01-BS1_x29904y12880,29904,12880,29792,12768,224
TCGA-05-4390-01A-01-BS1_x30128y12880,30128,12880,30016,12768,224
TCGA-05-4390-01A-01-BS1_x30352y12880,30352,12880,30240,12768,224
TCGA-05-4390-01A-01-BS1_x30576y12880,30576,12880,30464,12768,224
TCGA-05-4390-01A-01-BS1_x30800y12880,30800,12880,30688,12768,224
TCGA-05-4390-01A-01-BS1_x31024y12880,31024,12880,30912,12768,224
TCGA-05-4390-01A-01-BS1_x31248y12880,31248,12880,31136,12768,224
TCGA-05-4390-01A-01-BS1_x31472y12880,31472,12880,31360,12768,224
TCGA-05-4390-01A-01-BS1_x31696y12880,31696,12880,31584,12768,224
TCGA-05-4390-01A-01-BS1_x31920y12880,31920,12880,31808,12768,224
TCGA-05-4390-01A-01-BS1_x32144y12880,32144,12880,32032,12768,224
TCGA-05-4390-01A-01-BS1_x32368y12880,32368,12880,32256,12768,224
TCGA-05-4390-01A-01-BS1_x32592y12880,32592,12880,32480,12768,224
TCGA-05-4390-01A-01-BS1_x32816y12880,32816,12880,32704,12768,224
TCGA-05-4390-01A-01-BS1_x33040y12880,33040,12880,32928,12768,224
TCGA-05-4390-01A-01-BS1_x33264y12880,33264,12880,33152,12768,224
TCGA-05-4390-01A-01-BS1_x33488y12880,33488,12880,33376,12768,224
TCGA-05-4390-01A-01-BS1_x33712y12880,33712,12880,33600,12768,224
TCGA-05-4390-01A-01-BS1_x33936y12880,33936,12880,33824,12768,224
TCGA-05-4390-01A-01-BS1_x34160y12880,34160,12880,34048,12768,224
TCGA-05-4390-01A-01-BS1_x34384y12880,34384,12880,34272,12768,224
TCGA-05-4390-01A-01-BS1_x34608y12880,34608,12880,34496,12768,224
TCGA-05-4390-01A-01-BS1_x2576y13104,2576,13104,2464,12992,224
TCGA-05-4390-01A-01-BS1_x2800y13104,2800,13104,2688,12992,224
TCGA-05-4390-01A-01-BS1_x3248y13104,3248,13104,3136,12992,224
TCGA-05-4390-01A-01-BS1_x3472y13104,3472,13104,3360,12992,224
TCGA-05-4390-01A-01-BS1_x3696y13104,3696,13104,3584,12992,224
TCGA-05-4390-01A-01-BS1_x3920y13104,3920,13104,3808,12992,224
TCGA-05-4390-01A-01-BS1_x4144y13104,4144,13104,4032,12992,224
TCGA-05-4390-01A-01-BS1_x4368y13104,4368,13104,4256,12992,224
TCGA-05-4390-01A-01-BS1_x4592y13104,4592,13104,4480,12992,224
TCGA-05-4390-01A-01-BS1_x4816y13104,4816,13104,4704,12992,224
TCGA-05-4390-01A-01-BS1_x5040y13104,5040,13104,4928,12992,224
TCGA-05-4390-01A-01-BS1_x5264y13104,5264,13104,5152,12992,224
TCGA-05-4390-01A-01-BS1_x5488y13104,5488,13104,5376,12992,224
TCGA-05-4390-01A-01-BS1_x5712y13104,5712,13104,5600,12992,224
TCGA-05-4390-01A-01-BS1_x5936y13104,5936,13104,5824,12992,224
TCGA-05-4390-01A-01-BS1_x6160y13104,6160,13104,6048,12992,224
TCGA-05-4390-01A-01-BS1_x6384y13104,6384,13104,6272,12992,224
TCGA-05-4390-01A-01-BS1_x6608y13104,6608,13104,6496,12992,224
TCGA-05-4390-01A-01-BS1_x6832y13104,6832,13104,6720,12992,224
TCGA-05-4390-01A-01-BS1_x7056y13104,7056,13104,6944,12992,224
TCGA-05-4390-01A-01-BS1_x7280y13104,7280,13104,7168,12992,224
TCGA-05-4390-01A-01-BS1_x7504y13104,7504,13104,7392,12992,224
TCGA-05-4390-01A-01-BS1_x7728y13104,7728,13104,7616,12992,224
TCGA-05-4390-01A-01-BS1_x7952y13104,7952,13104,7840,12992,224
TCGA-05-4390-01A-01-BS1_x8176y13104,8176,13104,8064,12992,224
TCGA-05-4390-01A-01-BS1_x8400y13104,8400,13104,8288,12992,224
TCGA-05-4390-01A-01-BS1_x8624y13104,8624,13104,8512,12992,224
TCGA-05-4390-01A-01-BS1_x8848y13104,8848,13104,8736,12992,224
TCGA-05-4390-01A-01-BS1_x9072y13104,9072,13104,8960,12992,224
TCGA-05-4390-01A-01-BS1_x9296y13104,9296,13104,9184,12992,224
TCGA-05-4390-01A-01-BS1_x9520y13104,9520,13104,9408,12992,224
TCGA-05-4390-01A-01-BS1_x9744y13104,9744,13104,9632,12992,224
TCGA-05-4390-01A-01-BS1_x9968y13104,9968,13104,9856,12992,224
TCGA-05-4390-01A-01-BS1_x10192y13104,10192,13104,10080,12992,224
TCGA-05-4390-01A-01-BS1_x10416y13104,10416,13104,10304,12992,224
TCGA-05-4390-01A-01-BS1_x10640y13104,10640,13104,10528,12992,224
TCGA-05-4390-01A-01-BS1_x10864y13104,10864,13104,10752,12992,224
TCGA-05-4390-01A-01-BS1_x11088y13104,11088,13104,10976,12992,224
TCGA-05-4390-01A-01-BS1_x11312y13104,11312,13104,11200,12992,224
TCGA-05-4390-01A-01-BS1_x11536y13104,11536,13104,11424,12992,224
TCGA-05-4390-01A-01-BS1_x11760y13104,11760,13104,11648,12992,224
TCGA-05-4390-01A-01-BS1_x11984y13104,11984,13104,11872,12992,224
TCGA-05-4390-01A-01-BS1_x12208y13104,12208,13104,12096,12992,224
TCGA-05-4390-01A-01-BS1_x12432y13104,12432,13104,12320,12992,224
TCGA-05-4390-01A-01-BS1_x12656y13104,12656,13104,12544,12992,224
TCGA-05-4390-01A-01-BS1_x12880y13104,12880,13104,12768,12992,224
TCGA-05-4390-01A-01-BS1_x13104y13104,13104,13104,12992,12992,224
TCGA-05-4390-01A-01-BS1_x13328y13104,13328,13104,13216,12992,224
TCGA-05-4390-01A-01-BS1_x13552y13104,13552,13104,13440,12992,224
TCGA-05-4390-01A-01-BS1_x13776y13104,13776,13104,13664,12992,224
TCGA-05-4390-01A-01-BS1_x14000y13104,14000,13104,13888,12992,224
TCGA-05-4390-01A-01-BS1_x14224y13104,14224,13104,14112,12992,224
TCGA-05-4390-01A-01-BS1_x14448y13104,14448,13104,14336,12992,224
TCGA-05-4390-01A-01-BS1_x14672y13104,14672,13104,14560,12992,224
TCGA-05-4390-01A-01-BS1_x14896y13104,14896,13104,14784,12992,224
TCGA-05-4390-01A-01-BS1_x15120y13104,15120,13104,15008,12992,224
TCGA-05-4390-01A-01-BS1_x15344y13104,15344,13104,15232,12992,224
TCGA-05-4390-01A-01-BS1_x15568y13104,15568,13104,15456,12992,224
TCGA-05-4390-01A-01-BS1_x15792y13104,15792,13104,15680,12992,224
TCGA-05-4390-01A-01-BS1_x16016y13104,16016,13104,15904,12992,224
TCGA-05-4390-01A-01-BS1_x16240y13104,16240,13104,16128,12992,224
TCGA-05-4390-01A-01-BS1_x16464y13104,16464,13104,16352,12992,224
TCGA-05-4390-01A-01-BS1_x16688y13104,16688,13104,16576,12992,224
TCGA-05-4390-01A-01-BS1_x16912y13104,16912,13104,16800,12992,224
TCGA-05-4390-01A-01-BS1_x17136y13104,17136,13104,17024,12992,224
TCGA-05-4390-01A-01-BS1_x17360y13104,17360,13104,17248,12992,224
TCGA-05-4390-01A-01-BS1_x17584y13104,17584,13104,17472,12992,224
TCGA-05-4390-01A-01-BS1_x17808y13104,17808,13104,17696,12992,224
TCGA-05-4390-01A-01-BS1_x18032y13104,18032,13104,17920,12992,224
TCGA-05-4390-01A-01-BS1_x18256y13104,18256,13104,18144,12992,224
TCGA-05-4390-01A-01-BS1_x18480y13104,18480,13104,18368,12992,224
TCGA-05-4390-01A-01-BS1_x18704y13104,18704,13104,18592,12992,224
TCGA-05-4390-01A-01-BS1_x18928y13104,18928,13104,18816,12992,224
TCGA-05-4390-01A-01-BS1_x19152y13104,19152,13104,19040,12992,224
TCGA-05-4390-01A-01-BS1_x19376y13104,19376,13104,19264,12992,224
TCGA-05-4390-01A-01-BS1_x19600y13104,19600,13104,19488,12992,224
TCGA-05-4390-01A-01-BS1_x19824y13104,19824,13104,19712,12992,224
TCGA-05-4390-01A-01-BS1_x20048y13104,20048,13104,19936,12992,224
TCGA-05-4390-01A-01-BS1_x20272y13104,20272,13104,20160,12992,224
TCGA-05-4390-01A-01-BS1_x20496y13104,20496,13104,20384,12992,224
TCGA-05-4390-01A-01-BS1_x20720y13104,20720,13104,20608,12992,224
TCGA-05-4390-01A-01-BS1_x20944y13104,20944,13104,20832,12992,224
TCGA-05-4390-01A-01-BS1_x21168y13104,21168,13104,21056,12992,224
TCGA-05-4390-01A-01-BS1_x21392y13104,21392,13104,21280,12992,224
TCGA-05-4390-01A-01-BS1_x21616y13104,21616,13104,21504,12992,224
TCGA-05-4390-01A-01-BS1_x21840y13104,21840,13104,21728,12992,224
TCGA-05-4390-01A-01-BS1_x22064y13104,22064,13104,21952,12992,224
TCGA-05-4390-01A-01-BS1_x22288y13104,22288,13104,22176,12992,224
TCGA-05-4390-01A-01-BS1_x22512y13104,22512,13104,22400,12992,224
TCGA-05-4390-01A-01-BS1_x22736y13104,22736,13104,22624,12992,224
TCGA-05-4390-01A-01-BS1_x22960y13104,22960,13104,22848,12992,224
TCGA-05-4390-01A-01-BS1_x23184y13104,23184,13104,23072,12992,224
TCGA-05-4390-01A-01-BS1_x23408y13104,23408,13104,23296,12992,224
TCGA-05-4390-01A-01-BS1_x23632y13104,23632,13104,23520,12992,224
TCGA-05-4390-01A-01-BS1_x23856y13104,23856,13104,23744,12992,224
TCGA-05-4390-01A-01-BS1_x24080y13104,24080,13104,23968,12992,224
TCGA-05-4390-01A-01-BS1_x24304y13104,24304,13104,24192,12992,224
TCGA-05-4390-01A-01-BS1_x24528y13104,24528,13104,24416,12992,224
TCGA-05-4390-01A-01-BS1_x24752y13104,24752,13104,24640,12992,224
TCGA-05-4390-01A-01-BS1_x24976y13104,24976,13104,24864,12992,224
TCGA-05-4390-01A-01-BS1_x25200y13104,25200,13104,25088,12992,224
TCGA-05-4390-01A-01-BS1_x25424y13104,25424,13104,25312,12992,224
TCGA-05-4390-01A-01-BS1_x25648y13104,25648,13104,25536,12992,224
TCGA-05-4390-01A-01-BS1_x25872y13104,25872,13104,25760,12992,224
TCGA-05-4390-01A-01-BS1_x26096y13104,26096,13104,25984,12992,224
TCGA-05-4390-01A-01-BS1_x26320y13104,26320,13104,26208,12992,224
TCGA-05-4390-01A-01-BS1_x26544y13104,26544,13104,26432,12992,224
TCGA-05-4390-01A-01-BS1_x26768y13104,26768,13104,26656,12992,224
TCGA-05-4390-01A-01-BS1_x26992y13104,26992,13104,26880,12992,224
TCGA-05-4390-01A-01-BS1_x27216y13104,27216,13104,27104,12992,224
TCGA-05-4390-01A-01-BS1_x27440y13104,27440,13104,27328,12992,224
TCGA-05-4390-01A-01-BS1_x27664y13104,27664,13104,27552,12992,224
TCGA-05-4390-01A-01-BS1_x27888y13104,27888,13104,27776,12992,224
TCGA-05-4390-01A-01-BS1_x28112y13104,28112,13104,28000,12992,224
TCGA-05-4390-01A-01-BS1_x28336y13104,28336,13104,28224,12992,224
TCGA-05-4390-01A-01-BS1_x28560y13104,28560,13104,28448,12992,224
TCGA-05-4390-01A-01-BS1_x28784y13104,28784,13104,28672,12992,224
TCGA-05-4390-01A-01-BS1_x29008y13104,29008,13104,28896,12992,224
TCGA-05-4390-01A-01-BS1_x29232y13104,29232,13104,29120,12992,224
TCGA-05-4390-01A-01-BS1_x29456y13104,29456,13104,29344,12992,224
TCGA-05-4390-01A-01-BS1_x29680y13104,29680,13104,29568,12992,224
TCGA-05-4390-01A-01-BS1_x29904y13104,29904,13104,29792,12992,224
TCGA-05-4390-01A-01-BS1_x30128y13104,30128,13104,30016,12992,224
TCGA-05-4390-01A-01-BS1_x30352y13104,30352,13104,30240,12992,224
TCGA-05-4390-01A-01-BS1_x30576y13104,30576,13104,30464,12992,224
TCGA-05-4390-01A-01-BS1_x30800y13104,30800,13104,30688,12992,224
TCGA-05-4390-01A-01-BS1_x31024y13104,31024,13104,30912,12992,224
TCGA-05-4390-01A-01-BS1_x31248y13104,31248,13104,31136,12992,224
TCGA-05-4390-01A-01-BS1_x31472y13104,31472,13104,31360,12992,224
TCGA-05-4390-01A-01-BS1_x31696y13104,31696,13104,31584,12992,224
TCGA-05-4390-01A-01-BS1_x31920y13104,31920,13104,31808,12992,224
TCGA-05-4390-01A-01-BS1_x32144y13104,32144,13104,32032,12992,224
TCGA-05-4390-01A-01-BS1_x32368y13104,32368,13104,32256,12992,224
TCGA-05-4390-01A-01-BS1_x32592y13104,32592,13104,32480,12992,224
TCGA-05-4390-01A-01-BS1_x32816y13104,32816,13104,32704,12992,224
TCGA-05-4390-01A-01-BS1_x33040y13104,33040,13104,32928,12992,224
TCGA-05-4390-01A-01-BS1_x33264y13104,33264,13104,33152,12992,224
TCGA-05-4390-01A-01-BS1_x33488y13104,33488,13104,33376,12992,224
TCGA-05-4390-01A-01-BS1_x33712y13104,33712,13104,33600,12992,224
TCGA-05-4390-01A-01-BS1_x33936y13104,33936,13104,33824,12992,224
TCGA-05-4390-01A-01-BS1_x34160y13104,34160,13104,34048,12992,224
TCGA-05-4390-01A-01-BS1_x34384y13104,34384,13104,34272,12992,224
TCGA-05-4390-01A-01-BS1_x34608y13104,34608,13104,34496,12992,224
TCGA-05-4390-01A-01-BS1_x2576y13328,2576,13328,2464,13216,224
TCGA-05-4390-01A-01-BS1_x2800y13328,2800,13328,2688,13216,224
TCGA-05-4390-01A-01-BS1_x3024y13328,3024,13328,2912,13216,224
TCGA-05-4390-01A-01-BS1_x3248y13328,3248,13328,3136,13216,224
TCGA-05-4390-01A-01-BS1_x3472y13328,3472,13328,3360,13216,224
TCGA-05-4390-01A-01-BS1_x3696y13328,3696,13328,3584,13216,224
TCGA-05-4390-01A-01-BS1_x3920y13328,3920,13328,3808,13216,224
TCGA-05-4390-01A-01-BS1_x4144y13328,4144,13328,4032,13216,224
TCGA-05-4390-01A-01-BS1_x4368y13328,4368,13328,4256,13216,224
TCGA-05-4390-01A-01-BS1_x4592y13328,4592,13328,4480,13216,224
TCGA-05-4390-01A-01-BS1_x4816y13328,4816,13328,4704,13216,224
TCGA-05-4390-01A-01-BS1_x5040y13328,5040,13328,4928,13216,224
TCGA-05-4390-01A-01-BS1_x5264y13328,5264,13328,5152,13216,224
TCGA-05-4390-01A-01-BS1_x5488y13328,5488,13328,5376,13216,224
TCGA-05-4390-01A-01-BS1_x5712y13328,5712,13328,5600,13216,224
TCGA-05-4390-01A-01-BS1_x5936y13328,5936,13328,5824,13216,224
TCGA-05-4390-01A-01-BS1_x6160y13328,6160,13328,6048,13216,224
TCGA-05-4390-01A-01-BS1_x6384y13328,6384,13328,6272,13216,224
TCGA-05-4390-01A-01-BS1_x6608y13328,6608,13328,6496,13216,224
TCGA-05-4390-01A-01-BS1_x6832y13328,6832,13328,6720,13216,224
TCGA-05-4390-01A-01-BS1_x7056y13328,7056,13328,6944,13216,224
TCGA-05-4390-01A-01-BS1_x7280y13328,7280,13328,7168,13216,224
TCGA-05-4390-01A-01-BS1_x7504y13328,7504,13328,7392,13216,224
TCGA-05-4390-01A-01-BS1_x7728y13328,7728,13328,7616,13216,224
TCGA-05-4390-01A-01-BS1_x7952y13328,7952,13328,7840,13216,224
TCGA-05-4390-01A-01-BS1_x8176y13328,8176,13328,8064,13216,224
TCGA-05-4390-01A-01-BS1_x8400y13328,8400,13328,8288,13216,224
TCGA-05-4390-01A-01-BS1_x8624y13328,8624,13328,8512,13216,224
TCGA-05-4390-01A-01-BS1_x8848y13328,8848,13328,8736,13216,224
TCGA-05-4390-01A-01-BS1_x9072y13328,9072,13328,8960,13216,224
TCGA-05-4390-01A-01-BS1_x9296y13328,9296,13328,9184,13216,224
TCGA-05-4390-01A-01-BS1_x9520y13328,9520,13328,9408,13216,224
TCGA-05-4390-01A-01-BS1_x9744y13328,9744,13328,9632,13216,224
TCGA-05-4390-01A-01-BS1_x9968y13328,9968,13328,9856,13216,224
TCGA-05-4390-01A-01-BS1_x10192y13328,10192,13328,10080,13216,224
TCGA-05-4390-01A-01-BS1_x10416y13328,10416,13328,10304,13216,224
TCGA-05-4390-01A-01-BS1_x10640y13328,10640,13328,10528,13216,224
TCGA-05-4390-01A-01-BS1_x10864y13328,10864,13328,10752,13216,224
TCGA-05-4390-01A-01-BS1_x11088y13328,11088,13328,10976,13216,224
TCGA-05-4390-01A-01-BS1_x11312y13328,11312,13328,11200,13216,224
TCGA-05-4390-01A-01-BS1_x11536y13328,11536,13328,11424,13216,224
TCGA-05-4390-01A-01-BS1_x11760y13328,11760,13328,11648,13216,224
TCGA-05-4390-01A-01-BS1_x11984y13328,11984,13328,11872,13216,224
TCGA-05-4390-01A-01-BS1_x12208y13328,12208,13328,12096,13216,224
TCGA-05-4390-01A-01-BS1_x12432y13328,12432,13328,12320,13216,224
TCGA-05-4390-01A-01-BS1_x12656y13328,12656,13328,12544,13216,224
TCGA-05-4390-01A-01-BS1_x12880y13328,12880,13328,12768,13216,224
TCGA-05-4390-01A-01-BS1_x13104y13328,13104,13328,12992,13216,224
TCGA-05-4390-01A-01-BS1_x13328y13328,13328,13328,13216,13216,224
TCGA-05-4390-01A-01-BS1_x13552y13328,13552,13328,13440,13216,224
TCGA-05-4390-01A-01-BS1_x13776y13328,13776,13328,13664,13216,224
TCGA-05-4390-01A-01-BS1_x14000y13328,14000,13328,13888,13216,224
TCGA-05-4390-01A-01-BS1_x14224y13328,14224,13328,14112,13216,224
TCGA-05-4390-01A-01-BS1_x14448y13328,14448,13328,14336,13216,224
TCGA-05-4390-01A-01-BS1_x14672y13328,14672,13328,14560,13216,224
TCGA-05-4390-01A-01-BS1_x14896y13328,14896,13328,14784,13216,224
TCGA-05-4390-01A-01-BS1_x15120y13328,15120,13328,15008,13216,224
TCGA-05-4390-01A-01-BS1_x15344y13328,15344,13328,15232,13216,224
TCGA-05-4390-01A-01-BS1_x15568y13328,15568,13328,15456,13216,224
TCGA-05-4390-01A-01-BS1_x15792y13328,15792,13328,15680,13216,224
TCGA-05-4390-01A-01-BS1_x16016y13328,16016,13328,15904,13216,224
TCGA-05-4390-01A-01-BS1_x16240y13328,16240,13328,16128,13216,224
TCGA-05-4390-01A-01-BS1_x16464y13328,16464,13328,16352,13216,224
TCGA-05-4390-01A-01-BS1_x16688y13328,16688,13328,16576,13216,224
TCGA-05-4390-01A-01-BS1_x16912y13328,16912,13328,16800,13216,224
TCGA-05-4390-01A-01-BS1_x17136y13328,17136,13328,17024,13216,224
TCGA-05-4390-01A-01-BS1_x17360y13328,17360,13328,17248,13216,224
TCGA-05-4390-01A-01-BS1_x17584y13328,17584,13328,17472,13216,224
TCGA-05-4390-01A-01-BS1_x17808y13328,17808,13328,17696,13216,224
TCGA-05-4390-01A-01-BS1_x18032y13328,18032,13328,17920,13216,224
TCGA-05-4390-01A-01-BS1_x18256y13328,18256,13328,18144,13216,224
TCGA-05-4390-01A-01-BS1_x18480y13328,18480,13328,18368,13216,224
TCGA-05-4390-01A-01-BS1_x18704y13328,18704,13328,18592,13216,224
TCGA-05-4390-01A-01-BS1_x18928y13328,18928,13328,18816,13216,224
TCGA-05-4390-01A-01-BS1_x19152y13328,19152,13328,19040,13216,224
TCGA-05-4390-01A-01-BS1_x19376y13328,19376,13328,19264,13216,224
TCGA-05-4390-01A-01-BS1_x19600y13328,19600,13328,19488,13216,224
TCGA-05-4390-01A-01-BS1_x19824y13328,19824,13328,19712,13216,224
TCGA-05-4390-01A-01-BS1_x20048y13328,20048,13328,19936,13216,224
TCGA-05-4390-01A-01-BS1_x20272y13328,20272,13328,20160,13216,224
TCGA-05-4390-01A-01-BS1_x20496y13328,20496,13328,20384,13216,224
TCGA-05-4390-01A-01-BS1_x20720y13328,20720,13328,20608,13216,224
TCGA-05-4390-01A-01-BS1_x20944y13328,20944,13328,20832,13216,224
TCGA-05-4390-01A-01-BS1_x21168y13328,21168,13328,21056,13216,224
TCGA-05-4390-01A-01-BS1_x21392y13328,21392,13328,21280,13216,224
TCGA-05-4390-01A-01-BS1_x21616y13328,21616,13328,21504,13216,224
TCGA-05-4390-01A-01-BS1_x21840y13328,21840,13328,21728,13216,224
TCGA-05-4390-01A-01-BS1_x22064y13328,22064,13328,21952,13216,224
TCGA-05-4390-01A-01-BS1_x22288y13328,22288,13328,22176,13216,224
TCGA-05-4390-01A-01-BS1_x22512y13328,22512,13328,22400,13216,224
TCGA-05-4390-01A-01-BS1_x22736y13328,22736,13328,22624,13216,224
TCGA-05-4390-01A-01-BS1_x22960y13328,22960,13328,22848,13216,224
TCGA-05-4390-01A-01-BS1_x23184y13328,23184,13328,23072,13216,224
TCGA-05-4390-01A-01-BS1_x23408y13328,23408,13328,23296,13216,224
TCGA-05-4390-01A-01-BS1_x23632y13328,23632,13328,23520,13216,224
TCGA-05-4390-01A-01-BS1_x23856y13328,23856,13328,23744,13216,224
TCGA-05-4390-01A-01-BS1_x24080y13328,24080,13328,23968,13216,224
TCGA-05-4390-01A-01-BS1_x24304y13328,24304,13328,24192,13216,224
TCGA-05-4390-01A-01-BS1_x24528y13328,24528,13328,24416,13216,224
TCGA-05-4390-01A-01-BS1_x24752y13328,24752,13328,24640,13216,224
TCGA-05-4390-01A-01-BS1_x24976y13328,24976,13328,24864,13216,224
TCGA-05-4390-01A-01-BS1_x25200y13328,25200,13328,25088,13216,224
TCGA-05-4390-01A-01-BS1_x25424y13328,25424,13328,25312,13216,224
TCGA-05-4390-01A-01-BS1_x25648y13328,25648,13328,25536,13216,224
TCGA-05-4390-01A-01-BS1_x25872y13328,25872,13328,25760,13216,224
TCGA-05-4390-01A-01-BS1_x26096y13328,26096,13328,25984,13216,224
TCGA-05-4390-01A-01-BS1_x26320y13328,26320,13328,26208,13216,224
TCGA-05-4390-01A-01-BS1_x26544y13328,26544,13328,26432,13216,224
TCGA-05-4390-01A-01-BS1_x26768y13328,26768,13328,26656,13216,224
TCGA-05-4390-01A-01-BS1_x26992y13328,26992,13328,26880,13216,224
TCGA-05-4390-01A-01-BS1_x27216y13328,27216,13328,27104,13216,224
TCGA-05-4390-01A-01-BS1_x27440y13328,27440,13328,27328,13216,224
TCGA-05-4390-01A-01-BS1_x27664y13328,27664,13328,27552,13216,224
TCGA-05-4390-01A-01-BS1_x27888y13328,27888,13328,27776,13216,224
TCGA-05-4390-01A-01-BS1_x28112y13328,28112,13328,28000,13216,224
TCGA-05-4390-01A-01-BS1_x28336y13328,28336,13328,28224,13216,224
TCGA-05-4390-01A-01-BS1_x28560y13328,28560,13328,28448,13216,224
TCGA-05-4390-01A-01-BS1_x28784y13328,28784,13328,28672,13216,224
TCGA-05-4390-01A-01-BS1_x29008y13328,29008,13328,28896,13216,224
TCGA-05-4390-01A-01-BS1_x29232y13328,29232,13328,29120,13216,224
TCGA-05-4390-01A-01-BS1_x29456y13328,29456,13328,29344,13216,224
TCGA-05-4390-01A-01-BS1_x29680y13328,29680,13328,29568,13216,224
TCGA-05-4390-01A-01-BS1_x29904y13328,29904,13328,29792,13216,224
TCGA-05-4390-01A-01-BS1_x30128y13328,30128,13328,30016,13216,224
TCGA-05-4390-01A-01-BS1_x30352y13328,30352,13328,30240,13216,224
TCGA-05-4390-01A-01-BS1_x30576y13328,30576,13328,30464,13216,224
TCGA-05-4390-01A-01-BS1_x30800y13328,30800,13328,30688,13216,224
TCGA-05-4390-01A-01-BS1_x31024y13328,31024,13328,30912,13216,224
TCGA-05-4390-01A-01-BS1_x31248y13328,31248,13328,31136,13216,224
TCGA-05-4390-01A-01-BS1_x31472y13328,31472,13328,31360,13216,224
TCGA-05-4390-01A-01-BS1_x31696y13328,31696,13328,31584,13216,224
TCGA-05-4390-01A-01-BS1_x31920y13328,31920,13328,31808,13216,224
TCGA-05-4390-01A-01-BS1_x32144y13328,32144,13328,32032,13216,224
TCGA-05-4390-01A-01-BS1_x32368y13328,32368,13328,32256,13216,224
TCGA-05-4390-01A-01-BS1_x32592y13328,32592,13328,32480,13216,224
TCGA-05-4390-01A-01-BS1_x32816y13328,32816,13328,32704,13216,224
TCGA-05-4390-01A-01-BS1_x33040y13328,33040,13328,32928,13216,224
TCGA-05-4390-01A-01-BS1_x33264y13328,33264,13328,33152,13216,224
TCGA-05-4390-01A-01-BS1_x33488y13328,33488,13328,33376,13216,224
TCGA-05-4390-01A-01-BS1_x33712y13328,33712,13328,33600,13216,224
TCGA-05-4390-01A-01-BS1_x33936y13328,33936,13328,33824,13216,224
TCGA-05-4390-01A-01-BS1_x34160y13328,34160,13328,34048,13216,224
TCGA-05-4390-01A-01-BS1_x34384y13328,34384,13328,34272,13216,224
TCGA-05-4390-01A-01-BS1_x34608y13328,34608,13328,34496,13216,224
TCGA-05-4390-01A-01-BS1_x2576y13552,2576,13552,2464,13440,224
TCGA-05-4390-01A-01-BS1_x2800y13552,2800,13552,2688,13440,224
TCGA-05-4390-01A-01-BS1_x3024y13552,3024,13552,2912,13440,224
TCGA-05-4390-01A-01-BS1_x3248y13552,3248,13552,3136,13440,224
TCGA-05-4390-01A-01-BS1_x3472y13552,3472,13552,3360,13440,224
TCGA-05-4390-01A-01-BS1_x3696y13552,3696,13552,3584,13440,224
TCGA-05-4390-01A-01-BS1_x3920y13552,3920,13552,3808,13440,224
TCGA-05-4390-01A-01-BS1_x4144y13552,4144,13552,4032,13440,224
TCGA-05-4390-01A-01-BS1_x4368y13552,4368,13552,4256,13440,224
TCGA-05-4390-01A-01-BS1_x4592y13552,4592,13552,4480,13440,224
TCGA-05-4390-01A-01-BS1_x4816y13552,4816,13552,4704,13440,224
TCGA-05-4390-01A-01-BS1_x5040y13552,5040,13552,4928,13440,224
TCGA-05-4390-01A-01-BS1_x5264y13552,5264,13552,5152,13440,224
TCGA-05-4390-01A-01-BS1_x5488y13552,5488,13552,5376,13440,224
TCGA-05-4390-01A-01-BS1_x5712y13552,5712,13552,5600,13440,224
TCGA-05-4390-01A-01-BS1_x5936y13552,5936,13552,5824,13440,224
TCGA-05-4390-01A-01-BS1_x6160y13552,6160,13552,6048,13440,224
TCGA-05-4390-01A-01-BS1_x6384y13552,6384,13552,6272,13440,224
TCGA-05-4390-01A-01-BS1_x6608y13552,6608,13552,6496,13440,224
TCGA-05-4390-01A-01-BS1_x6832y13552,6832,13552,6720,13440,224
TCGA-05-4390-01A-01-BS1_x7056y13552,7056,13552,6944,13440,224
TCGA-05-4390-01A-01-BS1_x7280y13552,7280,13552,7168,13440,224
TCGA-05-4390-01A-01-BS1_x7504y13552,7504,13552,7392,13440,224
TCGA-05-4390-01A-01-BS1_x7728y13552,7728,13552,7616,13440,224
TCGA-05-4390-01A-01-BS1_x7952y13552,7952,13552,7840,13440,224
TCGA-05-4390-01A-01-BS1_x8176y13552,8176,13552,8064,13440,224
TCGA-05-4390-01A-01-BS1_x8400y13552,8400,13552,8288,13440,224
TCGA-05-4390-01A-01-BS1_x8624y13552,8624,13552,8512,13440,224
TCGA-05-4390-01A-01-BS1_x8848y13552,8848,13552,8736,13440,224
TCGA-05-4390-01A-01-BS1_x9072y13552,9072,13552,8960,13440,224
TCGA-05-4390-01A-01-BS1_x9296y13552,9296,13552,9184,13440,224
TCGA-05-4390-01A-01-BS1_x9520y13552,9520,13552,9408,13440,224
TCGA-05-4390-01A-01-BS1_x9744y13552,9744,13552,9632,13440,224
TCGA-05-4390-01A-01-BS1_x9968y13552,9968,13552,9856,13440,224
TCGA-05-4390-01A-01-BS1_x10192y13552,10192,13552,10080,13440,224
TCGA-05-4390-01A-01-BS1_x10416y13552,10416,13552,10304,13440,224
TCGA-05-4390-01A-01-BS1_x10640y13552,10640,13552,10528,13440,224
TCGA-05-4390-01A-01-BS1_x10864y13552,10864,13552,10752,13440,224
TCGA-05-4390-01A-01-BS1_x11088y13552,11088,13552,10976,13440,224
TCGA-05-4390-01A-01-BS1_x11312y13552,11312,13552,11200,13440,224
TCGA-05-4390-01A-01-BS1_x11536y13552,11536,13552,11424,13440,224
TCGA-05-4390-01A-01-BS1_x11760y13552,11760,13552,11648,13440,224
TCGA-05-4390-01A-01-BS1_x11984y13552,11984,13552,11872,13440,224
TCGA-05-4390-01A-01-BS1_x12208y13552,12208,13552,12096,13440,224
TCGA-05-4390-01A-01-BS1_x12432y13552,12432,13552,12320,13440,224
TCGA-05-4390-01A-01-BS1_x12656y13552,12656,13552,12544,13440,224
TCGA-05-4390-01A-01-BS1_x12880y13552,12880,13552,12768,13440,224
TCGA-05-4390-01A-01-BS1_x13104y13552,13104,13552,12992,13440,224
TCGA-05-4390-01A-01-BS1_x13328y13552,13328,13552,13216,13440,224
TCGA-05-4390-01A-01-BS1_x13552y13552,13552,13552,13440,13440,224
TCGA-05-4390-01A-01-BS1_x13776y13552,13776,13552,13664,13440,224
TCGA-05-4390-01A-01-BS1_x14000y13552,14000,13552,13888,13440,224
TCGA-05-4390-01A-01-BS1_x14224y13552,14224,13552,14112,13440,224
TCGA-05-4390-01A-01-BS1_x14448y13552,14448,13552,14336,13440,224
TCGA-05-4390-01A-01-BS1_x14672y13552,14672,13552,14560,13440,224
TCGA-05-4390-01A-01-BS1_x14896y13552,14896,13552,14784,13440,224
TCGA-05-4390-01A-01-BS1_x15120y13552,15120,13552,15008,13440,224
TCGA-05-4390-01A-01-BS1_x15344y13552,15344,13552,15232,13440,224
TCGA-05-4390-01A-01-BS1_x15568y13552,15568,13552,15456,13440,224
TCGA-05-4390-01A-01-BS1_x15792y13552,15792,13552,15680,13440,224
TCGA-05-4390-01A-01-BS1_x16016y13552,16016,13552,15904,13440,224
TCGA-05-4390-01A-01-BS1_x16240y13552,16240,13552,16128,13440,224
TCGA-05-4390-01A-01-BS1_x16464y13552,16464,13552,16352,13440,224
TCGA-05-4390-01A-01-BS1_x16688y13552,16688,13552,16576,13440,224
TCGA-05-4390-01A-01-BS1_x16912y13552,16912,13552,16800,13440,224
TCGA-05-4390-01A-01-BS1_x17136y13552,17136,13552,17024,13440,224
TCGA-05-4390-01A-01-BS1_x17360y13552,17360,13552,17248,13440,224
TCGA-05-4390-01A-01-BS1_x17584y13552,17584,13552,17472,13440,224
TCGA-05-4390-01A-01-BS1_x17808y13552,17808,13552,17696,13440,224
TCGA-05-4390-01A-01-BS1_x18032y13552,18032,13552,17920,13440,224
TCGA-05-4390-01A-01-BS1_x18256y13552,18256,13552,18144,13440,224
TCGA-05-4390-01A-01-BS1_x18480y13552,18480,13552,18368,13440,224
TCGA-05-4390-01A-01-BS1_x18704y13552,18704,13552,18592,13440,224
TCGA-05-4390-01A-01-BS1_x19152y13552,19152,13552,19040,13440,224
TCGA-05-4390-01A-01-BS1_x19376y13552,19376,13552,19264,13440,224
TCGA-05-4390-01A-01-BS1_x19600y13552,19600,13552,19488,13440,224
TCGA-05-4390-01A-01-BS1_x19824y13552,19824,13552,19712,13440,224
TCGA-05-4390-01A-01-BS1_x20048y13552,20048,13552,19936,13440,224
TCGA-05-4390-01A-01-BS1_x20272y13552,20272,13552,20160,13440,224
TCGA-05-4390-01A-01-BS1_x20496y13552,20496,13552,20384,13440,224
TCGA-05-4390-01A-01-BS1_x20720y13552,20720,13552,20608,13440,224
TCGA-05-4390-01A-01-BS1_x20944y13552,20944,13552,20832,13440,224
TCGA-05-4390-01A-01-BS1_x21168y13552,21168,13552,21056,13440,224
TCGA-05-4390-01A-01-BS1_x21392y13552,21392,13552,21280,13440,224
TCGA-05-4390-01A-01-BS1_x21616y13552,21616,13552,21504,13440,224
TCGA-05-4390-01A-01-BS1_x21840y13552,21840,13552,21728,13440,224
TCGA-05-4390-01A-01-BS1_x22064y13552,22064,13552,21952,13440,224
TCGA-05-4390-01A-01-BS1_x22288y13552,22288,13552,22176,13440,224
TCGA-05-4390-01A-01-BS1_x22512y13552,22512,13552,22400,13440,224
TCGA-05-4390-01A-01-BS1_x22736y13552,22736,13552,22624,13440,224
TCGA-05-4390-01A-01-BS1_x22960y13552,22960,13552,22848,13440,224
TCGA-05-4390-01A-01-BS1_x23184y13552,23184,13552,23072,13440,224
TCGA-05-4390-01A-01-BS1_x23408y13552,23408,13552,23296,13440,224
TCGA-05-4390-01A-01-BS1_x23632y13552,23632,13552,23520,13440,224
TCGA-05-4390-01A-01-BS1_x23856y13552,23856,13552,23744,13440,224
TCGA-05-4390-01A-01-BS1_x24080y13552,24080,13552,23968,13440,224
TCGA-05-4390-01A-01-BS1_x24304y13552,24304,13552,24192,13440,224
TCGA-05-4390-01A-01-BS1_x24528y13552,24528,13552,24416,13440,224
TCGA-05-4390-01A-01-BS1_x24752y13552,24752,13552,24640,13440,224
TCGA-05-4390-01A-01-BS1_x24976y13552,24976,13552,24864,13440,224
TCGA-05-4390-01A-01-BS1_x25200y13552,25200,13552,25088,13440,224
TCGA-05-4390-01A-01-BS1_x25424y13552,25424,13552,25312,13440,224
TCGA-05-4390-01A-01-BS1_x25648y13552,25648,13552,25536,13440,224
TCGA-05-4390-01A-01-BS1_x25872y13552,25872,13552,25760,13440,224
TCGA-05-4390-01A-01-BS1_x26096y13552,26096,13552,25984,13440,224
TCGA-05-4390-01A-01-BS1_x26320y13552,26320,13552,26208,13440,224
TCGA-05-4390-01A-01-BS1_x26544y13552,26544,13552,26432,13440,224
TCGA-05-4390-01A-01-BS1_x26768y13552,26768,13552,26656,13440,224
TCGA-05-4390-01A-01-BS1_x26992y13552,26992,13552,26880,13440,224
TCGA-05-4390-01A-01-BS1_x27216y13552,27216,13552,27104,13440,224
TCGA-05-4390-01A-01-BS1_x27440y13552,27440,13552,27328,13440,224
TCGA-05-4390-01A-01-BS1_x27664y13552,27664,13552,27552,13440,224
TCGA-05-4390-01A-01-BS1_x27888y13552,27888,13552,27776,13440,224
TCGA-05-4390-01A-01-BS1_x28112y13552,28112,13552,28000,13440,224
TCGA-05-4390-01A-01-BS1_x28336y13552,28336,13552,28224,13440,224
TCGA-05-4390-01A-01-BS1_x28560y13552,28560,13552,28448,13440,224
TCGA-05-4390-01A-01-BS1_x28784y13552,28784,13552,28672,13440,224
TCGA-05-4390-01A-01-BS1_x29008y13552,29008,13552,28896,13440,224
TCGA-05-4390-01A-01-BS1_x29232y13552,29232,13552,29120,13440,224
TCGA-05-4390-01A-01-BS1_x29456y13552,29456,13552,29344,13440,224
TCGA-05-4390-01A-01-BS1_x29680y13552,29680,13552,29568,13440,224
TCGA-05-4390-01A-01-BS1_x29904y13552,29904,13552,29792,13440,224
TCGA-05-4390-01A-01-BS1_x30128y13552,30128,13552,30016,13440,224
TCGA-05-4390-01A-01-BS1_x30352y13552,30352,13552,30240,13440,224
TCGA-05-4390-01A-01-BS1_x30576y13552,30576,13552,30464,13440,224
TCGA-05-4390-01A-01-BS1_x30800y13552,30800,13552,30688,13440,224
TCGA-05-4390-01A-01-BS1_x31024y13552,31024,13552,30912,13440,224
TCGA-05-4390-01A-01-BS1_x31248y13552,31248,13552,31136,13440,224
TCGA-05-4390-01A-01-BS1_x31472y13552,31472,13552,31360,13440,224
TCGA-05-4390-01A-01-BS1_x31696y13552,31696,13552,31584,13440,224
TCGA-05-4390-01A-01-BS1_x31920y13552,31920,13552,31808,13440,224
TCGA-05-4390-01A-01-BS1_x32144y13552,32144,13552,32032,13440,224
TCGA-05-4390-01A-01-BS1_x32368y13552,32368,13552,32256,13440,224
TCGA-05-4390-01A-01-BS1_x32592y13552,32592,13552,32480,13440,224
TCGA-05-4390-01A-01-BS1_x32816y13552,32816,13552,32704,13440,224
TCGA-05-4390-01A-01-BS1_x33040y13552,33040,13552,32928,13440,224
TCGA-05-4390-01A-01-BS1_x33264y13552,33264,13552,33152,13440,224
TCGA-05-4390-01A-01-BS1_x33488y13552,33488,13552,33376,13440,224
TCGA-05-4390-01A-01-BS1_x33712y13552,33712,13552,33600,13440,224
TCGA-05-4390-01A-01-BS1_x33936y13552,33936,13552,33824,13440,224
TCGA-05-4390-01A-01-BS1_x34160y13552,34160,13552,34048,13440,224
TCGA-05-4390-01A-01-BS1_x34384y13552,34384,13552,34272,13440,224
TCGA-05-4390-01A-01-BS1_x34608y13552,34608,13552,34496,13440,224
TCGA-05-4390-01A-01-BS1_x34832y13552,34832,13552,34720,13440,224
TCGA-05-4390-01A-01-BS1_x2576y13776,2576,13776,2464,13664,224
TCGA-05-4390-01A-01-BS1_x2800y13776,2800,13776,2688,13664,224
TCGA-05-4390-01A-01-BS1_x3024y13776,3024,13776,2912,13664,224
TCGA-05-4390-01A-01-BS1_x3248y13776,3248,13776,3136,13664,224
TCGA-05-4390-01A-01-BS1_x3472y13776,3472,13776,3360,13664,224
TCGA-05-4390-01A-01-BS1_x3696y13776,3696,13776,3584,13664,224
TCGA-05-4390-01A-01-BS1_x3920y13776,3920,13776,3808,13664,224
TCGA-05-4390-01A-01-BS1_x4144y13776,4144,13776,4032,13664,224
TCGA-05-4390-01A-01-BS1_x4368y13776,4368,13776,4256,13664,224
TCGA-05-4390-01A-01-BS1_x4592y13776,4592,13776,4480,13664,224
TCGA-05-4390-01A-01-BS1_x4816y13776,4816,13776,4704,13664,224
TCGA-05-4390-01A-01-BS1_x5040y13776,5040,13776,4928,13664,224
TCGA-05-4390-01A-01-BS1_x5264y13776,5264,13776,5152,13664,224
TCGA-05-4390-01A-01-BS1_x5488y13776,5488,13776,5376,13664,224
TCGA-05-4390-01A-01-BS1_x5712y13776,5712,13776,5600,13664,224
TCGA-05-4390-01A-01-BS1_x5936y13776,5936,13776,5824,13664,224
TCGA-05-4390-01A-01-BS1_x6160y13776,6160,13776,6048,13664,224
TCGA-05-4390-01A-01-BS1_x6384y13776,6384,13776,6272,13664,224
TCGA-05-4390-01A-01-BS1_x6608y13776,6608,13776,6496,13664,224
TCGA-05-4390-01A-01-BS1_x6832y13776,6832,13776,6720,13664,224
TCGA-05-4390-01A-01-BS1_x7056y13776,7056,13776,6944,13664,224
TCGA-05-4390-01A-01-BS1_x7280y13776,7280,13776,7168,13664,224
TCGA-05-4390-01A-01-BS1_x7504y13776,7504,13776,7392,13664,224
TCGA-05-4390-01A-01-BS1_x7728y13776,7728,13776,7616,13664,224
TCGA-05-4390-01A-01-BS1_x7952y13776,7952,13776,7840,13664,224
TCGA-05-4390-01A-01-BS1_x8176y13776,8176,13776,8064,13664,224
TCGA-05-4390-01A-01-BS1_x8400y13776,8400,13776,8288,13664,224
TCGA-05-4390-01A-01-BS1_x8624y13776,8624,13776,8512,13664,224
TCGA-05-4390-01A-01-BS1_x8848y13776,8848,13776,8736,13664,224
TCGA-05-4390-01A-01-BS1_x9072y13776,9072,13776,8960,13664,224
TCGA-05-4390-01A-01-BS1_x9296y13776,9296,13776,9184,13664,224
TCGA-05-4390-01A-01-BS1_x9520y13776,9520,13776,9408,13664,224
TCGA-05-4390-01A-01-BS1_x9744y13776,9744,13776,9632,13664,224
TCGA-05-4390-01A-01-BS1_x9968y13776,9968,13776,9856,13664,224
TCGA-05-4390-01A-01-BS1_x10192y13776,10192,13776,10080,13664,224
TCGA-05-4390-01A-01-BS1_x10416y13776,10416,13776,10304,13664,224
TCGA-05-4390-01A-01-BS1_x10640y13776,10640,13776,10528,13664,224
TCGA-05-4390-01A-01-BS1_x10864y13776,10864,13776,10752,13664,224
TCGA-05-4390-01A-01-BS1_x11088y13776,11088,13776,10976,13664,224
TCGA-05-4390-01A-01-BS1_x11312y13776,11312,13776,11200,13664,224
TCGA-05-4390-01A-01-BS1_x11536y13776,11536,13776,11424,13664,224
TCGA-05-4390-01A-01-BS1_x11760y13776,11760,13776,11648,13664,224
TCGA-05-4390-01A-01-BS1_x11984y13776,11984,13776,11872,13664,224
TCGA-05-4390-01A-01-BS1_x12208y13776,12208,13776,12096,13664,224
TCGA-05-4390-01A-01-BS1_x12432y13776,12432,13776,12320,13664,224
TCGA-05-4390-01A-01-BS1_x12656y13776,12656,13776,12544,13664,224
TCGA-05-4390-01A-01-BS1_x12880y13776,12880,13776,12768,13664,224
TCGA-05-4390-01A-01-BS1_x13104y13776,13104,13776,12992,13664,224
TCGA-05-4390-01A-01-BS1_x13328y13776,13328,13776,13216,13664,224
TCGA-05-4390-01A-01-BS1_x13552y13776,13552,13776,13440,13664,224
TCGA-05-4390-01A-01-BS1_x13776y13776,13776,13776,13664,13664,224
TCGA-05-4390-01A-01-BS1_x14000y13776,14000,13776,13888,13664,224
TCGA-05-4390-01A-01-BS1_x14224y13776,14224,13776,14112,13664,224
TCGA-05-4390-01A-01-BS1_x14448y13776,14448,13776,14336,13664,224
TCGA-05-4390-01A-01-BS1_x14672y13776,14672,13776,14560,13664,224
TCGA-05-4390-01A-01-BS1_x14896y13776,14896,13776,14784,13664,224
TCGA-05-4390-01A-01-BS1_x15120y13776,15120,13776,15008,13664,224
TCGA-05-4390-01A-01-BS1_x15344y13776,15344,13776,15232,13664,224
TCGA-05-4390-01A-01-BS1_x15568y13776,15568,13776,15456,13664,224
TCGA-05-4390-01A-01-BS1_x15792y13776,15792,13776,15680,13664,224
TCGA-05-4390-01A-01-BS1_x16016y13776,16016,13776,15904,13664,224
TCGA-05-4390-01A-01-BS1_x16240y13776,16240,13776,16128,13664,224
TCGA-05-4390-01A-01-BS1_x16464y13776,16464,13776,16352,13664,224
TCGA-05-4390-01A-01-BS1_x16688y13776,16688,13776,16576,13664,224
TCGA-05-4390-01A-01-BS1_x16912y13776,16912,13776,16800,13664,224
TCGA-05-4390-01A-01-BS1_x17136y13776,17136,13776,17024,13664,224
TCGA-05-4390-01A-01-BS1_x17360y13776,17360,13776,17248,13664,224
TCGA-05-4390-01A-01-BS1_x17584y13776,17584,13776,17472,13664,224
TCGA-05-4390-01A-01-BS1_x17808y13776,17808,13776,17696,13664,224
TCGA-05-4390-01A-01-BS1_x18032y13776,18032,13776,17920,13664,224
TCGA-05-4390-01A-01-BS1_x18256y13776,18256,13776,18144,13664,224
TCGA-05-4390-01A-01-BS1_x18480y13776,18480,13776,18368,13664,224
TCGA-05-4390-01A-01-BS1_x18704y13776,18704,13776,18592,13664,224
TCGA-05-4390-01A-01-BS1_x18928y13776,18928,13776,18816,13664,224
TCGA-05-4390-01A-01-BS1_x19152y13776,19152,13776,19040,13664,224
TCGA-05-4390-01A-01-BS1_x19376y13776,19376,13776,19264,13664,224
TCGA-05-4390-01A-01-BS1_x19600y13776,19600,13776,19488,13664,224
TCGA-05-4390-01A-01-BS1_x19824y13776,19824,13776,19712,13664,224
TCGA-05-4390-01A-01-BS1_x20048y13776,20048,13776,19936,13664,224
TCGA-05-4390-01A-01-BS1_x20272y13776,20272,13776,20160,13664,224
TCGA-05-4390-01A-01-BS1_x20496y13776,20496,13776,20384,13664,224
TCGA-05-4390-01A-01-BS1_x20720y13776,20720,13776,20608,13664,224
TCGA-05-4390-01A-01-BS1_x20944y13776,20944,13776,20832,13664,224
TCGA-05-4390-01A-01-BS1_x21168y13776,21168,13776,21056,13664,224
TCGA-05-4390-01A-01-BS1_x21392y13776,21392,13776,21280,13664,224
TCGA-05-4390-01A-01-BS1_x21616y13776,21616,13776,21504,13664,224
TCGA-05-4390-01A-01-BS1_x21840y13776,21840,13776,21728,13664,224
TCGA-05-4390-01A-01-BS1_x22064y13776,22064,13776,21952,13664,224
TCGA-05-4390-01A-01-BS1_x22288y13776,22288,13776,22176,13664,224
TCGA-05-4390-01A-01-BS1_x22512y13776,22512,13776,22400,13664,224
TCGA-05-4390-01A-01-BS1_x22736y13776,22736,13776,22624,13664,224
TCGA-05-4390-01A-01-BS1_x22960y13776,22960,13776,22848,13664,224
TCGA-05-4390-01A-01-BS1_x23184y13776,23184,13776,23072,13664,224
TCGA-05-4390-01A-01-BS1_x23408y13776,23408,13776,23296,13664,224
TCGA-05-4390-01A-01-BS1_x23632y13776,23632,13776,23520,13664,224
TCGA-05-4390-01A-01-BS1_x23856y13776,23856,13776,23744,13664,224
TCGA-05-4390-01A-01-BS1_x24080y13776,24080,13776,23968,13664,224
TCGA-05-4390-01A-01-BS1_x24304y13776,24304,13776,24192,13664,224
TCGA-05-4390-01A-01-BS1_x24528y13776,24528,13776,24416,13664,224
TCGA-05-4390-01A-01-BS1_x24752y13776,24752,13776,24640,13664,224
TCGA-05-4390-01A-01-BS1_x24976y13776,24976,13776,24864,13664,224
TCGA-05-4390-01A-01-BS1_x25200y13776,25200,13776,25088,13664,224
TCGA-05-4390-01A-01-BS1_x25424y13776,25424,13776,25312,13664,224
TCGA-05-4390-01A-01-BS1_x25648y13776,25648,13776,25536,13664,224
TCGA-05-4390-01A-01-BS1_x25872y13776,25872,13776,25760,13664,224
TCGA-05-4390-01A-01-BS1_x26096y13776,26096,13776,25984,13664,224
TCGA-05-4390-01A-01-BS1_x26320y13776,26320,13776,26208,13664,224
TCGA-05-4390-01A-01-BS1_x26544y13776,26544,13776,26432,13664,224
TCGA-05-4390-01A-01-BS1_x26768y13776,26768,13776,26656,13664,224
TCGA-05-4390-01A-01-BS1_x26992y13776,26992,13776,26880,13664,224
TCGA-05-4390-01A-01-BS1_x27216y13776,27216,13776,27104,13664,224
TCGA-05-4390-01A-01-BS1_x27440y13776,27440,13776,27328,13664,224
TCGA-05-4390-01A-01-BS1_x27664y13776,27664,13776,27552,13664,224
TCGA-05-4390-01A-01-BS1_x27888y13776,27888,13776,27776,13664,224
TCGA-05-4390-01A-01-BS1_x28112y13776,28112,13776,28000,13664,224
TCGA-05-4390-01A-01-BS1_x28336y13776,28336,13776,28224,13664,224
TCGA-05-4390-01A-01-BS1_x28560y13776,28560,13776,28448,13664,224
TCGA-05-4390-01A-01-BS1_x28784y13776,28784,13776,28672,13664,224
TCGA-05-4390-01A-01-BS1_x29008y13776,29008,13776,28896,13664,224
TCGA-05-4390-01A-01-BS1_x29232y13776,29232,13776,29120,13664,224
TCGA-05-4390-01A-01-BS1_x29456y13776,29456,13776,29344,13664,224
TCGA-05-4390-01A-01-BS1_x29680y13776,29680,13776,29568,13664,224
TCGA-05-4390-01A-01-BS1_x29904y13776,29904,13776,29792,13664,224
TCGA-05-4390-01A-01-BS1_x30128y13776,30128,13776,30016,13664,224
TCGA-05-4390-01A-01-BS1_x30352y13776,30352,13776,30240,13664,224
TCGA-05-4390-01A-01-BS1_x30576y13776,30576,13776,30464,13664,224
TCGA-05-4390-01A-01-BS1_x30800y13776,30800,13776,30688,13664,224
TCGA-05-4390-01A-01-BS1_x31024y13776,31024,13776,30912,13664,224
TCGA-05-4390-01A-01-BS1_x31248y13776,31248,13776,31136,13664,224
TCGA-05-4390-01A-01-BS1_x31472y13776,31472,13776,31360,13664,224
TCGA-05-4390-01A-01-BS1_x31696y13776,31696,13776,31584,13664,224
TCGA-05-4390-01A-01-BS1_x31920y13776,31920,13776,31808,13664,224
TCGA-05-4390-01A-01-BS1_x32144y13776,32144,13776,32032,13664,224
TCGA-05-4390-01A-01-BS1_x32368y13776,32368,13776,32256,13664,224
TCGA-05-4390-01A-01-BS1_x32592y13776,32592,13776,32480,13664,224
TCGA-05-4390-01A-01-BS1_x32816y13776,32816,13776,32704,13664,224
TCGA-05-4390-01A-01-BS1_x33040y13776,33040,13776,32928,13664,224
TCGA-05-4390-01A-01-BS1_x33264y13776,33264,13776,33152,13664,224
TCGA-05-4390-01A-01-BS1_x33488y13776,33488,13776,33376,13664,224
TCGA-05-4390-01A-01-BS1_x33712y13776,33712,13776,33600,13664,224
TCGA-05-4390-01A-01-BS1_x33936y13776,33936,13776,33824,13664,224
TCGA-05-4390-01A-01-BS1_x34160y13776,34160,13776,34048,13664,224
TCGA-05-4390-01A-01-BS1_x34384y13776,34384,13776,34272,13664,224
TCGA-05-4390-01A-01-BS1_x34608y13776,34608,13776,34496,13664,224
TCGA-05-4390-01A-01-BS1_x2576y14000,2576,14000,2464,13888,224
TCGA-05-4390-01A-01-BS1_x2800y14000,2800,14000,2688,13888,224
TCGA-05-4390-01A-01-BS1_x3024y14000,3024,14000,2912,13888,224
TCGA-05-4390-01A-01-BS1_x3248y14000,3248,14000,3136,13888,224
TCGA-05-4390-01A-01-BS1_x3472y14000,3472,14000,3360,13888,224
TCGA-05-4390-01A-01-BS1_x3696y14000,3696,14000,3584,13888,224
TCGA-05-4390-01A-01-BS1_x3920y14000,3920,14000,3808,13888,224
TCGA-05-4390-01A-01-BS1_x4144y14000,4144,14000,4032,13888,224
TCGA-05-4390-01A-01-BS1_x4368y14000,4368,14000,4256,13888,224
TCGA-05-4390-01A-01-BS1_x4592y14000,4592,14000,4480,13888,224
TCGA-05-4390-01A-01-BS1_x4816y14000,4816,14000,4704,13888,224
TCGA-05-4390-01A-01-BS1_x5040y14000,5040,14000,4928,13888,224
TCGA-05-4390-01A-01-BS1_x5264y14000,5264,14000,5152,13888,224
TCGA-05-4390-01A-01-BS1_x5488y14000,5488,14000,5376,13888,224
TCGA-05-4390-01A-01-BS1_x5712y14000,5712,14000,5600,13888,224
TCGA-05-4390-01A-01-BS1_x5936y14000,5936,14000,5824,13888,224
TCGA-05-4390-01A-01-BS1_x6160y14000,6160,14000,6048,13888,224
TCGA-05-4390-01A-01-BS1_x6384y14000,6384,14000,6272,13888,224
TCGA-05-4390-01A-01-BS1_x6608y14000,6608,14000,6496,13888,224
TCGA-05-4390-01A-01-BS1_x6832y14000,6832,14000,6720,13888,224
TCGA-05-4390-01A-01-BS1_x7056y14000,7056,14000,6944,13888,224
TCGA-05-4390-01A-01-BS1_x7280y14000,7280,14000,7168,13888,224
TCGA-05-4390-01A-01-BS1_x7504y14000,7504,14000,7392,13888,224
TCGA-05-4390-01A-01-BS1_x7728y14000,7728,14000,7616,13888,224
TCGA-05-4390-01A-01-BS1_x7952y14000,7952,14000,7840,13888,224
TCGA-05-4390-01A-01-BS1_x8176y14000,8176,14000,8064,13888,224
TCGA-05-4390-01A-01-BS1_x8400y14000,8400,14000,8288,13888,224
TCGA-05-4390-01A-01-BS1_x8624y14000,8624,14000,8512,13888,224
TCGA-05-4390-01A-01-BS1_x8848y14000,8848,14000,8736,13888,224
TCGA-05-4390-01A-01-BS1_x9072y14000,9072,14000,8960,13888,224
TCGA-05-4390-01A-01-BS1_x9296y14000,9296,14000,9184,13888,224
TCGA-05-4390-01A-01-BS1_x9520y14000,9520,14000,9408,13888,224
TCGA-05-4390-01A-01-BS1_x9744y14000,9744,14000,9632,13888,224
TCGA-05-4390-01A-01-BS1_x9968y14000,9968,14000,9856,13888,224
TCGA-05-4390-01A-01-BS1_x10192y14000,10192,14000,10080,13888,224
TCGA-05-4390-01A-01-BS1_x10416y14000,10416,14000,10304,13888,224
TCGA-05-4390-01A-01-BS1_x10640y14000,10640,14000,10528,13888,224
TCGA-05-4390-01A-01-BS1_x10864y14000,10864,14000,10752,13888,224
TCGA-05-4390-01A-01-BS1_x11088y14000,11088,14000,10976,13888,224
TCGA-05-4390-01A-01-BS1_x11312y14000,11312,14000,11200,13888,224
TCGA-05-4390-01A-01-BS1_x11536y14000,11536,14000,11424,13888,224
TCGA-05-4390-01A-01-BS1_x11760y14000,11760,14000,11648,13888,224
TCGA-05-4390-01A-01-BS1_x11984y14000,11984,14000,11872,13888,224
TCGA-05-4390-01A-01-BS1_x12208y14000,12208,14000,12096,13888,224
TCGA-05-4390-01A-01-BS1_x12432y14000,12432,14000,12320,13888,224
TCGA-05-4390-01A-01-BS1_x12656y14000,12656,14000,12544,13888,224
TCGA-05-4390-01A-01-BS1_x12880y14000,12880,14000,12768,13888,224
TCGA-05-4390-01A-01-BS1_x13104y14000,13104,14000,12992,13888,224
TCGA-05-4390-01A-01-BS1_x13328y14000,13328,14000,13216,13888,224
TCGA-05-4390-01A-01-BS1_x13552y14000,13552,14000,13440,13888,224
TCGA-05-4390-01A-01-BS1_x13776y14000,13776,14000,13664,13888,224
TCGA-05-4390-01A-01-BS1_x14000y14000,14000,14000,13888,13888,224
TCGA-05-4390-01A-01-BS1_x14224y14000,14224,14000,14112,13888,224
TCGA-05-4390-01A-01-BS1_x14448y14000,14448,14000,14336,13888,224
TCGA-05-4390-01A-01-BS1_x14672y14000,14672,14000,14560,13888,224
TCGA-05-4390-01A-01-BS1_x14896y14000,14896,14000,14784,13888,224
TCGA-05-4390-01A-01-BS1_x15120y14000,15120,14000,15008,13888,224
TCGA-05-4390-01A-01-BS1_x15344y14000,15344,14000,15232,13888,224
TCGA-05-4390-01A-01-BS1_x15568y14000,15568,14000,15456,13888,224
TCGA-05-4390-01A-01-BS1_x15792y14000,15792,14000,15680,13888,224
TCGA-05-4390-01A-01-BS1_x16016y14000,16016,14000,15904,13888,224
TCGA-05-4390-01A-01-BS1_x16240y14000,16240,14000,16128,13888,224
TCGA-05-4390-01A-01-BS1_x16464y14000,16464,14000,16352,13888,224
TCGA-05-4390-01A-01-BS1_x16688y14000,16688,14000,16576,13888,224
TCGA-05-4390-01A-01-BS1_x16912y14000,16912,14000,16800,13888,224
TCGA-05-4390-01A-01-BS1_x17136y14000,17136,14000,17024,13888,224
TCGA-05-4390-01A-01-BS1_x17360y14000,17360,14000,17248,13888,224
TCGA-05-4390-01A-01-BS1_x17584y14000,17584,14000,17472,13888,224
TCGA-05-4390-01A-01-BS1_x17808y14000,17808,14000,17696,13888,224
TCGA-05-4390-01A-01-BS1_x18032y14000,18032,14000,17920,13888,224
TCGA-05-4390-01A-01-BS1_x18256y14000,18256,14000,18144,13888,224
TCGA-05-4390-01A-01-BS1_x18480y14000,18480,14000,18368,13888,224
TCGA-05-4390-01A-01-BS1_x18704y14000,18704,14000,18592,13888,224
TCGA-05-4390-01A-01-BS1_x18928y14000,18928,14000,18816,13888,224
TCGA-05-4390-01A-01-BS1_x19152y14000,19152,14000,19040,13888,224
TCGA-05-4390-01A-01-BS1_x19376y14000,19376,14000,19264,13888,224
TCGA-05-4390-01A-01-BS1_x19600y14000,19600,14000,19488,13888,224
TCGA-05-4390-01A-01-BS1_x19824y14000,19824,14000,19712,13888,224
TCGA-05-4390-01A-01-BS1_x20048y14000,20048,14000,19936,13888,224
TCGA-05-4390-01A-01-BS1_x20272y14000,20272,14000,20160,13888,224
TCGA-05-4390-01A-01-BS1_x20496y14000,20496,14000,20384,13888,224
TCGA-05-4390-01A-01-BS1_x20720y14000,20720,14000,20608,13888,224
TCGA-05-4390-01A-01-BS1_x20944y14000,20944,14000,20832,13888,224
TCGA-05-4390-01A-01-BS1_x21168y14000,21168,14000,21056,13888,224
TCGA-05-4390-01A-01-BS1_x21392y14000,21392,14000,21280,13888,224
TCGA-05-4390-01A-01-BS1_x21616y14000,21616,14000,21504,13888,224
TCGA-05-4390-01A-01-BS1_x21840y14000,21840,14000,21728,13888,224
TCGA-05-4390-01A-01-BS1_x22064y14000,22064,14000,21952,13888,224
TCGA-05-4390-01A-01-BS1_x22288y14000,22288,14000,22176,13888,224
TCGA-05-4390-01A-01-BS1_x22512y14000,22512,14000,22400,13888,224
TCGA-05-4390-01A-01-BS1_x22736y14000,22736,14000,22624,13888,224
TCGA-05-4390-01A-01-BS1_x22960y14000,22960,14000,22848,13888,224
TCGA-05-4390-01A-01-BS1_x23184y14000,23184,14000,23072,13888,224
TCGA-05-4390-01A-01-BS1_x23408y14000,23408,14000,23296,13888,224
TCGA-05-4390-01A-01-BS1_x23632y14000,23632,14000,23520,13888,224
TCGA-05-4390-01A-01-BS1_x23856y14000,23856,14000,23744,13888,224
TCGA-05-4390-01A-01-BS1_x24080y14000,24080,14000,23968,13888,224
TCGA-05-4390-01A-01-BS1_x24304y14000,24304,14000,24192,13888,224
TCGA-05-4390-01A-01-BS1_x24528y14000,24528,14000,24416,13888,224
TCGA-05-4390-01A-01-BS1_x24752y14000,24752,14000,24640,13888,224
TCGA-05-4390-01A-01-BS1_x24976y14000,24976,14000,24864,13888,224
TCGA-05-4390-01A-01-BS1_x25200y14000,25200,14000,25088,13888,224
TCGA-05-4390-01A-01-BS1_x25424y14000,25424,14000,25312,13888,224
TCGA-05-4390-01A-01-BS1_x25648y14000,25648,14000,25536,13888,224
TCGA-05-4390-01A-01-BS1_x25872y14000,25872,14000,25760,13888,224
TCGA-05-4390-01A-01-BS1_x26096y14000,26096,14000,25984,13888,224
TCGA-05-4390-01A-01-BS1_x26320y14000,26320,14000,26208,13888,224
TCGA-05-4390-01A-01-BS1_x26544y14000,26544,14000,26432,13888,224
TCGA-05-4390-01A-01-BS1_x26768y14000,26768,14000,26656,13888,224
TCGA-05-4390-01A-01-BS1_x26992y14000,26992,14000,26880,13888,224
TCGA-05-4390-01A-01-BS1_x27216y14000,27216,14000,27104,13888,224
TCGA-05-4390-01A-01-BS1_x27440y14000,27440,14000,27328,13888,224
TCGA-05-4390-01A-01-BS1_x27664y14000,27664,14000,27552,13888,224
TCGA-05-4390-01A-01-BS1_x27888y14000,27888,14000,27776,13888,224
TCGA-05-4390-01A-01-BS1_x28112y14000,28112,14000,28000,13888,224
TCGA-05-4390-01A-01-BS1_x28336y14000,28336,14000,28224,13888,224
TCGA-05-4390-01A-01-BS1_x28560y14000,28560,14000,28448,13888,224
TCGA-05-4390-01A-01-BS1_x28784y14000,28784,14000,28672,13888,224
TCGA-05-4390-01A-01-BS1_x29008y14000,29008,14000,28896,13888,224
TCGA-05-4390-01A-01-BS1_x29232y14000,29232,14000,29120,13888,224
TCGA-05-4390-01A-01-BS1_x29456y14000,29456,14000,29344,13888,224
TCGA-05-4390-01A-01-BS1_x29680y14000,29680,14000,29568,13888,224
TCGA-05-4390-01A-01-BS1_x29904y14000,29904,14000,29792,13888,224
TCGA-05-4390-01A-01-BS1_x30128y14000,30128,14000,30016,13888,224
TCGA-05-4390-01A-01-BS1_x30352y14000,30352,14000,30240,13888,224
TCGA-05-4390-01A-01-BS1_x30576y14000,30576,14000,30464,13888,224
TCGA-05-4390-01A-01-BS1_x30800y14000,30800,14000,30688,13888,224
TCGA-05-4390-01A-01-BS1_x31024y14000,31024,14000,30912,13888,224
TCGA-05-4390-01A-01-BS1_x31248y14000,31248,14000,31136,13888,224
TCGA-05-4390-01A-01-BS1_x31472y14000,31472,14000,31360,13888,224
TCGA-05-4390-01A-01-BS1_x31696y14000,31696,14000,31584,13888,224
TCGA-05-4390-01A-01-BS1_x31920y14000,31920,14000,31808,13888,224
TCGA-05-4390-01A-01-BS1_x32144y14000,32144,14000,32032,13888,224
TCGA-05-4390-01A-01-BS1_x32368y14000,32368,14000,32256,13888,224
TCGA-05-4390-01A-01-BS1_x32592y14000,32592,14000,32480,13888,224
TCGA-05-4390-01A-01-BS1_x32816y14000,32816,14000,32704,13888,224
TCGA-05-4390-01A-01-BS1_x33040y14000,33040,14000,32928,13888,224
TCGA-05-4390-01A-01-BS1_x33264y14000,33264,14000,33152,13888,224
TCGA-05-4390-01A-01-BS1_x33488y14000,33488,14000,33376,13888,224
TCGA-05-4390-01A-01-BS1_x33712y14000,33712,14000,33600,13888,224
TCGA-05-4390-01A-01-BS1_x33936y14000,33936,14000,33824,13888,224
TCGA-05-4390-01A-01-BS1_x34160y14000,34160,14000,34048,13888,224
TCGA-05-4390-01A-01-BS1_x34384y14000,34384,14000,34272,13888,224
TCGA-05-4390-01A-01-BS1_x2576y14224,2576,14224,2464,14112,224
TCGA-05-4390-01A-01-BS1_x2800y14224,2800,14224,2688,14112,224
TCGA-05-4390-01A-01-BS1_x3024y14224,3024,14224,2912,14112,224
TCGA-05-4390-01A-01-BS1_x3248y14224,3248,14224,3136,14112,224
TCGA-05-4390-01A-01-BS1_x3472y14224,3472,14224,3360,14112,224
TCGA-05-4390-01A-01-BS1_x3696y14224,3696,14224,3584,14112,224
TCGA-05-4390-01A-01-BS1_x3920y14224,3920,14224,3808,14112,224
TCGA-05-4390-01A-01-BS1_x4144y14224,4144,14224,4032,14112,224
TCGA-05-4390-01A-01-BS1_x4368y14224,4368,14224,4256,14112,224
TCGA-05-4390-01A-01-BS1_x4592y14224,4592,14224,4480,14112,224
TCGA-05-4390-01A-01-BS1_x4816y14224,4816,14224,4704,14112,224
TCGA-05-4390-01A-01-BS1_x5040y14224,5040,14224,4928,14112,224
TCGA-05-4390-01A-01-BS1_x5264y14224,5264,14224,5152,14112,224
TCGA-05-4390-01A-01-BS1_x5488y14224,5488,14224,5376,14112,224
TCGA-05-4390-01A-01-BS1_x5712y14224,5712,14224,5600,14112,224
TCGA-05-4390-01A-01-BS1_x5936y14224,5936,14224,5824,14112,224
TCGA-05-4390-01A-01-BS1_x6160y14224,6160,14224,6048,14112,224
TCGA-05-4390-01A-01-BS1_x6384y14224,6384,14224,6272,14112,224
TCGA-05-4390-01A-01-BS1_x6608y14224,6608,14224,6496,14112,224
TCGA-05-4390-01A-01-BS1_x6832y14224,6832,14224,6720,14112,224
TCGA-05-4390-01A-01-BS1_x7056y14224,7056,14224,6944,14112,224
TCGA-05-4390-01A-01-BS1_x7280y14224,7280,14224,7168,14112,224
TCGA-05-4390-01A-01-BS1_x7504y14224,7504,14224,7392,14112,224
TCGA-05-4390-01A-01-BS1_x7728y14224,7728,14224,7616,14112,224
TCGA-05-4390-01A-01-BS1_x7952y14224,7952,14224,7840,14112,224
TCGA-05-4390-01A-01-BS1_x8176y14224,8176,14224,8064,14112,224
TCGA-05-4390-01A-01-BS1_x8400y14224,8400,14224,8288,14112,224
TCGA-05-4390-01A-01-BS1_x8624y14224,8624,14224,8512,14112,224
TCGA-05-4390-01A-01-BS1_x8848y14224,8848,14224,8736,14112,224
TCGA-05-4390-01A-01-BS1_x9072y14224,9072,14224,8960,14112,224
TCGA-05-4390-01A-01-BS1_x9296y14224,9296,14224,9184,14112,224
TCGA-05-4390-01A-01-BS1_x9520y14224,9520,14224,9408,14112,224
TCGA-05-4390-01A-01-BS1_x9744y14224,9744,14224,9632,14112,224
TCGA-05-4390-01A-01-BS1_x9968y14224,9968,14224,9856,14112,224
TCGA-05-4390-01A-01-BS1_x10192y14224,10192,14224,10080,14112,224
TCGA-05-4390-01A-01-BS1_x10416y14224,10416,14224,10304,14112,224
TCGA-05-4390-01A-01-BS1_x10640y14224,10640,14224,10528,14112,224
TCGA-05-4390-01A-01-BS1_x10864y14224,10864,14224,10752,14112,224
TCGA-05-4390-01A-01-BS1_x11088y14224,11088,14224,10976,14112,224
TCGA-05-4390-01A-01-BS1_x11312y14224,11312,14224,11200,14112,224
TCGA-05-4390-01A-01-BS1_x11536y14224,11536,14224,11424,14112,224
TCGA-05-4390-01A-01-BS1_x11760y14224,11760,14224,11648,14112,224
TCGA-05-4390-01A-01-BS1_x11984y14224,11984,14224,11872,14112,224
TCGA-05-4390-01A-01-BS1_x12208y14224,12208,14224,12096,14112,224
TCGA-05-4390-01A-01-BS1_x12432y14224,12432,14224,12320,14112,224
TCGA-05-4390-01A-01-BS1_x12656y14224,12656,14224,12544,14112,224
TCGA-05-4390-01A-01-BS1_x12880y14224,12880,14224,12768,14112,224
TCGA-05-4390-01A-01-BS1_x13104y14224,13104,14224,12992,14112,224
TCGA-05-4390-01A-01-BS1_x13328y14224,13328,14224,13216,14112,224
TCGA-05-4390-01A-01-BS1_x13552y14224,13552,14224,13440,14112,224
TCGA-05-4390-01A-01-BS1_x13776y14224,13776,14224,13664,14112,224
TCGA-05-4390-01A-01-BS1_x14000y14224,14000,14224,13888,14112,224
TCGA-05-4390-01A-01-BS1_x14224y14224,14224,14224,14112,14112,224
TCGA-05-4390-01A-01-BS1_x14448y14224,14448,14224,14336,14112,224
TCGA-05-4390-01A-01-BS1_x14672y14224,14672,14224,14560,14112,224
TCGA-05-4390-01A-01-BS1_x14896y14224,14896,14224,14784,14112,224
TCGA-05-4390-01A-01-BS1_x15120y14224,15120,14224,15008,14112,224
TCGA-05-4390-01A-01-BS1_x15344y14224,15344,14224,15232,14112,224
TCGA-05-4390-01A-01-BS1_x15568y14224,15568,14224,15456,14112,224
TCGA-05-4390-01A-01-BS1_x15792y14224,15792,14224,15680,14112,224
TCGA-05-4390-01A-01-BS1_x16016y14224,16016,14224,15904,14112,224
TCGA-05-4390-01A-01-BS1_x16240y14224,16240,14224,16128,14112,224
TCGA-05-4390-01A-01-BS1_x16464y14224,16464,14224,16352,14112,224
TCGA-05-4390-01A-01-BS1_x16688y14224,16688,14224,16576,14112,224
TCGA-05-4390-01A-01-BS1_x16912y14224,16912,14224,16800,14112,224
TCGA-05-4390-01A-01-BS1_x17136y14224,17136,14224,17024,14112,224
TCGA-05-4390-01A-01-BS1_x17360y14224,17360,14224,17248,14112,224
TCGA-05-4390-01A-01-BS1_x17584y14224,17584,14224,17472,14112,224
TCGA-05-4390-01A-01-BS1_x17808y14224,17808,14224,17696,14112,224
TCGA-05-4390-01A-01-BS1_x18032y14224,18032,14224,17920,14112,224
TCGA-05-4390-01A-01-BS1_x18256y14224,18256,14224,18144,14112,224
TCGA-05-4390-01A-01-BS1_x18480y14224,18480,14224,18368,14112,224
TCGA-05-4390-01A-01-BS1_x18704y14224,18704,14224,18592,14112,224
TCGA-05-4390-01A-01-BS1_x18928y14224,18928,14224,18816,14112,224
TCGA-05-4390-01A-01-BS1_x19152y14224,19152,14224,19040,14112,224
TCGA-05-4390-01A-01-BS1_x19376y14224,19376,14224,19264,14112,224
TCGA-05-4390-01A-01-BS1_x19600y14224,19600,14224,19488,14112,224
TCGA-05-4390-01A-01-BS1_x19824y14224,19824,14224,19712,14112,224
TCGA-05-4390-01A-01-BS1_x20048y14224,20048,14224,19936,14112,224
TCGA-05-4390-01A-01-BS1_x20272y14224,20272,14224,20160,14112,224
TCGA-05-4390-01A-01-BS1_x20496y14224,20496,14224,20384,14112,224
TCGA-05-4390-01A-01-BS1_x20720y14224,20720,14224,20608,14112,224
TCGA-05-4390-01A-01-BS1_x20944y14224,20944,14224,20832,14112,224
TCGA-05-4390-01A-01-BS1_x21168y14224,21168,14224,21056,14112,224
TCGA-05-4390-01A-01-BS1_x21392y14224,21392,14224,21280,14112,224
TCGA-05-4390-01A-01-BS1_x21616y14224,21616,14224,21504,14112,224
TCGA-05-4390-01A-01-BS1_x21840y14224,21840,14224,21728,14112,224
TCGA-05-4390-01A-01-BS1_x22064y14224,22064,14224,21952,14112,224
TCGA-05-4390-01A-01-BS1_x22288y14224,22288,14224,22176,14112,224
TCGA-05-4390-01A-01-BS1_x22512y14224,22512,14224,22400,14112,224
TCGA-05-4390-01A-01-BS1_x22736y14224,22736,14224,22624,14112,224
TCGA-05-4390-01A-01-BS1_x22960y14224,22960,14224,22848,14112,224
TCGA-05-4390-01A-01-BS1_x23184y14224,23184,14224,23072,14112,224
TCGA-05-4390-01A-01-BS1_x23408y14224,23408,14224,23296,14112,224
TCGA-05-4390-01A-01-BS1_x23632y14224,23632,14224,23520,14112,224
TCGA-05-4390-01A-01-BS1_x23856y14224,23856,14224,23744,14112,224
TCGA-05-4390-01A-01-BS1_x24080y14224,24080,14224,23968,14112,224
TCGA-05-4390-01A-01-BS1_x24304y14224,24304,14224,24192,14112,224
TCGA-05-4390-01A-01-BS1_x24528y14224,24528,14224,24416,14112,224
TCGA-05-4390-01A-01-BS1_x24752y14224,24752,14224,24640,14112,224
TCGA-05-4390-01A-01-BS1_x24976y14224,24976,14224,24864,14112,224
TCGA-05-4390-01A-01-BS1_x25200y14224,25200,14224,25088,14112,224
TCGA-05-4390-01A-01-BS1_x25424y14224,25424,14224,25312,14112,224
TCGA-05-4390-01A-01-BS1_x25648y14224,25648,14224,25536,14112,224
TCGA-05-4390-01A-01-BS1_x25872y14224,25872,14224,25760,14112,224
TCGA-05-4390-01A-01-BS1_x26096y14224,26096,14224,25984,14112,224
TCGA-05-4390-01A-01-BS1_x26320y14224,26320,14224,26208,14112,224
TCGA-05-4390-01A-01-BS1_x26544y14224,26544,14224,26432,14112,224
TCGA-05-4390-01A-01-BS1_x26768y14224,26768,14224,26656,14112,224
TCGA-05-4390-01A-01-BS1_x26992y14224,26992,14224,26880,14112,224
TCGA-05-4390-01A-01-BS1_x27216y14224,27216,14224,27104,14112,224
TCGA-05-4390-01A-01-BS1_x27440y14224,27440,14224,27328,14112,224
TCGA-05-4390-01A-01-BS1_x27664y14224,27664,14224,27552,14112,224
TCGA-05-4390-01A-01-BS1_x27888y14224,27888,14224,27776,14112,224
TCGA-05-4390-01A-01-BS1_x28112y14224,28112,14224,28000,14112,224
TCGA-05-4390-01A-01-BS1_x28336y14224,28336,14224,28224,14112,224
TCGA-05-4390-01A-01-BS1_x28560y14224,28560,14224,28448,14112,224
TCGA-05-4390-01A-01-BS1_x28784y14224,28784,14224,28672,14112,224
TCGA-05-4390-01A-01-BS1_x29008y14224,29008,14224,28896,14112,224
TCGA-05-4390-01A-01-BS1_x29232y14224,29232,14224,29120,14112,224
TCGA-05-4390-01A-01-BS1_x29456y14224,29456,14224,29344,14112,224
TCGA-05-4390-01A-01-BS1_x29680y14224,29680,14224,29568,14112,224
TCGA-05-4390-01A-01-BS1_x29904y14224,29904,14224,29792,14112,224
TCGA-05-4390-01A-01-BS1_x30128y14224,30128,14224,30016,14112,224
TCGA-05-4390-01A-01-BS1_x30352y14224,30352,14224,30240,14112,224
TCGA-05-4390-01A-01-BS1_x30576y14224,30576,14224,30464,14112,224
TCGA-05-4390-01A-01-BS1_x30800y14224,30800,14224,30688,14112,224
TCGA-05-4390-01A-01-BS1_x31024y14224,31024,14224,30912,14112,224
TCGA-05-4390-01A-01-BS1_x31248y14224,31248,14224,31136,14112,224
TCGA-05-4390-01A-01-BS1_x31472y14224,31472,14224,31360,14112,224
TCGA-05-4390-01A-01-BS1_x31696y14224,31696,14224,31584,14112,224
TCGA-05-4390-01A-01-BS1_x31920y14224,31920,14224,31808,14112,224
TCGA-05-4390-01A-01-BS1_x32144y14224,32144,14224,32032,14112,224
TCGA-05-4390-01A-01-BS1_x32368y14224,32368,14224,32256,14112,224
TCGA-05-4390-01A-01-BS1_x32592y14224,32592,14224,32480,14112,224
TCGA-05-4390-01A-01-BS1_x32816y14224,32816,14224,32704,14112,224
TCGA-05-4390-01A-01-BS1_x33040y14224,33040,14224,32928,14112,224
TCGA-05-4390-01A-01-BS1_x33264y14224,33264,14224,33152,14112,224
TCGA-05-4390-01A-01-BS1_x33488y14224,33488,14224,33376,14112,224
TCGA-05-4390-01A-01-BS1_x33712y14224,33712,14224,33600,14112,224
TCGA-05-4390-01A-01-BS1_x33936y14224,33936,14224,33824,14112,224
TCGA-05-4390-01A-01-BS1_x34160y14224,34160,14224,34048,14112,224
TCGA-05-4390-01A-01-BS1_x34384y14224,34384,14224,34272,14112,224
TCGA-05-4390-01A-01-BS1_x2800y14448,2800,14448,2688,14336,224
TCGA-05-4390-01A-01-BS1_x3024y14448,3024,14448,2912,14336,224
TCGA-05-4390-01A-01-BS1_x3248y14448,3248,14448,3136,14336,224
TCGA-05-4390-01A-01-BS1_x3472y14448,3472,14448,3360,14336,224
TCGA-05-4390-01A-01-BS1_x3696y14448,3696,14448,3584,14336,224
TCGA-05-4390-01A-01-BS1_x3920y14448,3920,14448,3808,14336,224
TCGA-05-4390-01A-01-BS1_x4144y14448,4144,14448,4032,14336,224
TCGA-05-4390-01A-01-BS1_x4368y14448,4368,14448,4256,14336,224
TCGA-05-4390-01A-01-BS1_x4592y14448,4592,14448,4480,14336,224
TCGA-05-4390-01A-01-BS1_x4816y14448,4816,14448,4704,14336,224
TCGA-05-4390-01A-01-BS1_x5040y14448,5040,14448,4928,14336,224
TCGA-05-4390-01A-01-BS1_x5264y14448,5264,14448,5152,14336,224
TCGA-05-4390-01A-01-BS1_x5488y14448,5488,14448,5376,14336,224
TCGA-05-4390-01A-01-BS1_x5712y14448,5712,14448,5600,14336,224
TCGA-05-4390-01A-01-BS1_x5936y14448,5936,14448,5824,14336,224
TCGA-05-4390-01A-01-BS1_x6160y14448,6160,14448,6048,14336,224
TCGA-05-4390-01A-01-BS1_x6384y14448,6384,14448,6272,14336,224
TCGA-05-4390-01A-01-BS1_x6608y14448,6608,14448,6496,14336,224
TCGA-05-4390-01A-01-BS1_x6832y14448,6832,14448,6720,14336,224
TCGA-05-4390-01A-01-BS1_x7056y14448,7056,14448,6944,14336,224
TCGA-05-4390-01A-01-BS1_x7280y14448,7280,14448,7168,14336,224
TCGA-05-4390-01A-01-BS1_x7504y14448,7504,14448,7392,14336,224
TCGA-05-4390-01A-01-BS1_x7728y14448,7728,14448,7616,14336,224
TCGA-05-4390-01A-01-BS1_x7952y14448,7952,14448,7840,14336,224
TCGA-05-4390-01A-01-BS1_x8176y14448,8176,14448,8064,14336,224
TCGA-05-4390-01A-01-BS1_x8400y14448,8400,14448,8288,14336,224
TCGA-05-4390-01A-01-BS1_x8624y14448,8624,14448,8512,14336,224
TCGA-05-4390-01A-01-BS1_x8848y14448,8848,14448,8736,14336,224
TCGA-05-4390-01A-01-BS1_x9072y14448,9072,14448,8960,14336,224
TCGA-05-4390-01A-01-BS1_x9296y14448,9296,14448,9184,14336,224
TCGA-05-4390-01A-01-BS1_x9520y14448,9520,14448,9408,14336,224
TCGA-05-4390-01A-01-BS1_x9744y14448,9744,14448,9632,14336,224
TCGA-05-4390-01A-01-BS1_x9968y14448,9968,14448,9856,14336,224
TCGA-05-4390-01A-01-BS1_x10192y14448,10192,14448,10080,14336,224
TCGA-05-4390-01A-01-BS1_x10416y14448,10416,14448,10304,14336,224
TCGA-05-4390-01A-01-BS1_x10640y14448,10640,14448,10528,14336,224
TCGA-05-4390-01A-01-BS1_x10864y14448,10864,14448,10752,14336,224
TCGA-05-4390-01A-01-BS1_x11088y14448,11088,14448,10976,14336,224
TCGA-05-4390-01A-01-BS1_x11312y14448,11312,14448,11200,14336,224
TCGA-05-4390-01A-01-BS1_x11536y14448,11536,14448,11424,14336,224
TCGA-05-4390-01A-01-BS1_x11984y14448,11984,14448,11872,14336,224
TCGA-05-4390-01A-01-BS1_x12208y14448,12208,14448,12096,14336,224
TCGA-05-4390-01A-01-BS1_x12432y14448,12432,14448,12320,14336,224
TCGA-05-4390-01A-01-BS1_x12656y14448,12656,14448,12544,14336,224
TCGA-05-4390-01A-01-BS1_x12880y14448,12880,14448,12768,14336,224
TCGA-05-4390-01A-01-BS1_x13104y14448,13104,14448,12992,14336,224
TCGA-05-4390-01A-01-BS1_x13328y14448,13328,14448,13216,14336,224
TCGA-05-4390-01A-01-BS1_x13552y14448,13552,14448,13440,14336,224
TCGA-05-4390-01A-01-BS1_x13776y14448,13776,14448,13664,14336,224
TCGA-05-4390-01A-01-BS1_x14000y14448,14000,14448,13888,14336,224
TCGA-05-4390-01A-01-BS1_x14224y14448,14224,14448,14112,14336,224
TCGA-05-4390-01A-01-BS1_x14448y14448,14448,14448,14336,14336,224
TCGA-05-4390-01A-01-BS1_x14672y14448,14672,14448,14560,14336,224
TCGA-05-4390-01A-01-BS1_x14896y14448,14896,14448,14784,14336,224
TCGA-05-4390-01A-01-BS1_x15120y14448,15120,14448,15008,14336,224
TCGA-05-4390-01A-01-BS1_x15344y14448,15344,14448,15232,14336,224
TCGA-05-4390-01A-01-BS1_x15568y14448,15568,14448,15456,14336,224
TCGA-05-4390-01A-01-BS1_x15792y14448,15792,14448,15680,14336,224
TCGA-05-4390-01A-01-BS1_x16016y14448,16016,14448,15904,14336,224
TCGA-05-4390-01A-01-BS1_x16240y14448,16240,14448,16128,14336,224
TCGA-05-4390-01A-01-BS1_x16464y14448,16464,14448,16352,14336,224
TCGA-05-4390-01A-01-BS1_x16688y14448,16688,14448,16576,14336,224
TCGA-05-4390-01A-01-BS1_x16912y14448,16912,14448,16800,14336,224
TCGA-05-4390-01A-01-BS1_x17136y14448,17136,14448,17024,14336,224
TCGA-05-4390-01A-01-BS1_x17360y14448,17360,14448,17248,14336,224
TCGA-05-4390-01A-01-BS1_x17584y14448,17584,14448,17472,14336,224
TCGA-05-4390-01A-01-BS1_x17808y14448,17808,14448,17696,14336,224
TCGA-05-4390-01A-01-BS1_x18032y14448,18032,14448,17920,14336,224
TCGA-05-4390-01A-01-BS1_x18256y14448,18256,14448,18144,14336,224
TCGA-05-4390-01A-01-BS1_x18480y14448,18480,14448,18368,14336,224
TCGA-05-4390-01A-01-BS1_x18704y14448,18704,14448,18592,14336,224
TCGA-05-4390-01A-01-BS1_x18928y14448,18928,14448,18816,14336,224
TCGA-05-4390-01A-01-BS1_x19152y14448,19152,14448,19040,14336,224
TCGA-05-4390-01A-01-BS1_x19376y14448,19376,14448,19264,14336,224
TCGA-05-4390-01A-01-BS1_x19600y14448,19600,14448,19488,14336,224
TCGA-05-4390-01A-01-BS1_x19824y14448,19824,14448,19712,14336,224
TCGA-05-4390-01A-01-BS1_x20048y14448,20048,14448,19936,14336,224
TCGA-05-4390-01A-01-BS1_x20272y14448,20272,14448,20160,14336,224
TCGA-05-4390-01A-01-BS1_x20496y14448,20496,14448,20384,14336,224
TCGA-05-4390-01A-01-BS1_x20720y14448,20720,14448,20608,14336,224
TCGA-05-4390-01A-01-BS1_x20944y14448,20944,14448,20832,14336,224
TCGA-05-4390-01A-01-BS1_x21168y14448,21168,14448,21056,14336,224
TCGA-05-4390-01A-01-BS1_x21392y14448,21392,14448,21280,14336,224
TCGA-05-4390-01A-01-BS1_x21616y14448,21616,14448,21504,14336,224
TCGA-05-4390-01A-01-BS1_x21840y14448,21840,14448,21728,14336,224
TCGA-05-4390-01A-01-BS1_x22064y14448,22064,14448,21952,14336,224
TCGA-05-4390-01A-01-BS1_x22288y14448,22288,14448,22176,14336,224
TCGA-05-4390-01A-01-BS1_x22512y14448,22512,14448,22400,14336,224
TCGA-05-4390-01A-01-BS1_x22736y14448,22736,14448,22624,14336,224
TCGA-05-4390-01A-01-BS1_x22960y14448,22960,14448,22848,14336,224
TCGA-05-4390-01A-01-BS1_x23184y14448,23184,14448,23072,14336,224
TCGA-05-4390-01A-01-BS1_x23408y14448,23408,14448,23296,14336,224
TCGA-05-4390-01A-01-BS1_x23632y14448,23632,14448,23520,14336,224
TCGA-05-4390-01A-01-BS1_x23856y14448,23856,14448,23744,14336,224
TCGA-05-4390-01A-01-BS1_x24080y14448,24080,14448,23968,14336,224
TCGA-05-4390-01A-01-BS1_x24304y14448,24304,14448,24192,14336,224
TCGA-05-4390-01A-01-BS1_x24528y14448,24528,14448,24416,14336,224
TCGA-05-4390-01A-01-BS1_x24752y14448,24752,14448,24640,14336,224
TCGA-05-4390-01A-01-BS1_x24976y14448,24976,14448,24864,14336,224
TCGA-05-4390-01A-01-BS1_x25200y14448,25200,14448,25088,14336,224
TCGA-05-4390-01A-01-BS1_x25424y14448,25424,14448,25312,14336,224
TCGA-05-4390-01A-01-BS1_x25648y14448,25648,14448,25536,14336,224
TCGA-05-4390-01A-01-BS1_x25872y14448,25872,14448,25760,14336,224
TCGA-05-4390-01A-01-BS1_x26096y14448,26096,14448,25984,14336,224
TCGA-05-4390-01A-01-BS1_x26320y14448,26320,14448,26208,14336,224
TCGA-05-4390-01A-01-BS1_x26544y14448,26544,14448,26432,14336,224
TCGA-05-4390-01A-01-BS1_x26768y14448,26768,14448,26656,14336,224
TCGA-05-4390-01A-01-BS1_x26992y14448,26992,14448,26880,14336,224
TCGA-05-4390-01A-01-BS1_x27216y14448,27216,14448,27104,14336,224
TCGA-05-4390-01A-01-BS1_x27440y14448,27440,14448,27328,14336,224
TCGA-05-4390-01A-01-BS1_x27664y14448,27664,14448,27552,14336,224
TCGA-05-4390-01A-01-BS1_x27888y14448,27888,14448,27776,14336,224
TCGA-05-4390-01A-01-BS1_x28112y14448,28112,14448,28000,14336,224
TCGA-05-4390-01A-01-BS1_x28336y14448,28336,14448,28224,14336,224
TCGA-05-4390-01A-01-BS1_x28560y14448,28560,14448,28448,14336,224
TCGA-05-4390-01A-01-BS1_x28784y14448,28784,14448,28672,14336,224
TCGA-05-4390-01A-01-BS1_x29008y14448,29008,14448,28896,14336,224
TCGA-05-4390-01A-01-BS1_x29232y14448,29232,14448,29120,14336,224
TCGA-05-4390-01A-01-BS1_x29456y14448,29456,14448,29344,14336,224
TCGA-05-4390-01A-01-BS1_x29680y14448,29680,14448,29568,14336,224
TCGA-05-4390-01A-01-BS1_x29904y14448,29904,14448,29792,14336,224
TCGA-05-4390-01A-01-BS1_x30128y14448,30128,14448,30016,14336,224
TCGA-05-4390-01A-01-BS1_x30352y14448,30352,14448,30240,14336,224
TCGA-05-4390-01A-01-BS1_x30576y14448,30576,14448,30464,14336,224
TCGA-05-4390-01A-01-BS1_x30800y14448,30800,14448,30688,14336,224
TCGA-05-4390-01A-01-BS1_x31024y14448,31024,14448,30912,14336,224
TCGA-05-4390-01A-01-BS1_x31248y14448,31248,14448,31136,14336,224
TCGA-05-4390-01A-01-BS1_x31472y14448,31472,14448,31360,14336,224
TCGA-05-4390-01A-01-BS1_x31696y14448,31696,14448,31584,14336,224
TCGA-05-4390-01A-01-BS1_x31920y14448,31920,14448,31808,14336,224
TCGA-05-4390-01A-01-BS1_x32144y14448,32144,14448,32032,14336,224
TCGA-05-4390-01A-01-BS1_x32368y14448,32368,14448,32256,14336,224
TCGA-05-4390-01A-01-BS1_x32592y14448,32592,14448,32480,14336,224
TCGA-05-4390-01A-01-BS1_x32816y14448,32816,14448,32704,14336,224
TCGA-05-4390-01A-01-BS1_x33040y14448,33040,14448,32928,14336,224
TCGA-05-4390-01A-01-BS1_x33264y14448,33264,14448,33152,14336,224
TCGA-05-4390-01A-01-BS1_x33488y14448,33488,14448,33376,14336,224
TCGA-05-4390-01A-01-BS1_x33712y14448,33712,14448,33600,14336,224
TCGA-05-4390-01A-01-BS1_x33936y14448,33936,14448,33824,14336,224
TCGA-05-4390-01A-01-BS1_x34160y14448,34160,14448,34048,14336,224
TCGA-05-4390-01A-01-BS1_x34384y14448,34384,14448,34272,14336,224
TCGA-05-4390-01A-01-BS1_x2800y14672,2800,14672,2688,14560,224
TCGA-05-4390-01A-01-BS1_x3024y14672,3024,14672,2912,14560,224
TCGA-05-4390-01A-01-BS1_x3248y14672,3248,14672,3136,14560,224
TCGA-05-4390-01A-01-BS1_x3472y14672,3472,14672,3360,14560,224
TCGA-05-4390-01A-01-BS1_x3696y14672,3696,14672,3584,14560,224
TCGA-05-4390-01A-01-BS1_x3920y14672,3920,14672,3808,14560,224
TCGA-05-4390-01A-01-BS1_x4144y14672,4144,14672,4032,14560,224
TCGA-05-4390-01A-01-BS1_x4368y14672,4368,14672,4256,14560,224
TCGA-05-4390-01A-01-BS1_x4592y14672,4592,14672,4480,14560,224
TCGA-05-4390-01A-01-BS1_x4816y14672,4816,14672,4704,14560,224
TCGA-05-4390-01A-01-BS1_x5040y14672,5040,14672,4928,14560,224
TCGA-05-4390-01A-01-BS1_x5264y14672,5264,14672,5152,14560,224
TCGA-05-4390-01A-01-BS1_x5488y14672,5488,14672,5376,14560,224
TCGA-05-4390-01A-01-BS1_x5712y14672,5712,14672,5600,14560,224
TCGA-05-4390-01A-01-BS1_x5936y14672,5936,14672,5824,14560,224
TCGA-05-4390-01A-01-BS1_x6160y14672,6160,14672,6048,14560,224
TCGA-05-4390-01A-01-BS1_x6384y14672,6384,14672,6272,14560,224
TCGA-05-4390-01A-01-BS1_x6608y14672,6608,14672,6496,14560,224
TCGA-05-4390-01A-01-BS1_x6832y14672,6832,14672,6720,14560,224
TCGA-05-4390-01A-01-BS1_x7056y14672,7056,14672,6944,14560,224
TCGA-05-4390-01A-01-BS1_x7280y14672,7280,14672,7168,14560,224
TCGA-05-4390-01A-01-BS1_x7504y14672,7504,14672,7392,14560,224
TCGA-05-4390-01A-01-BS1_x7728y14672,7728,14672,7616,14560,224
TCGA-05-4390-01A-01-BS1_x7952y14672,7952,14672,7840,14560,224
TCGA-05-4390-01A-01-BS1_x8176y14672,8176,14672,8064,14560,224
TCGA-05-4390-01A-01-BS1_x8400y14672,8400,14672,8288,14560,224
TCGA-05-4390-01A-01-BS1_x8624y14672,8624,14672,8512,14560,224
TCGA-05-4390-01A-01-BS1_x8848y14672,8848,14672,8736,14560,224
TCGA-05-4390-01A-01-BS1_x9072y14672,9072,14672,8960,14560,224
TCGA-05-4390-01A-01-BS1_x9296y14672,9296,14672,9184,14560,224
TCGA-05-4390-01A-01-BS1_x9520y14672,9520,14672,9408,14560,224
TCGA-05-4390-01A-01-BS1_x9744y14672,9744,14672,9632,14560,224
TCGA-05-4390-01A-01-BS1_x9968y14672,9968,14672,9856,14560,224
TCGA-05-4390-01A-01-BS1_x10192y14672,10192,14672,10080,14560,224
TCGA-05-4390-01A-01-BS1_x10416y14672,10416,14672,10304,14560,224
TCGA-05-4390-01A-01-BS1_x10640y14672,10640,14672,10528,14560,224
TCGA-05-4390-01A-01-BS1_x10864y14672,10864,14672,10752,14560,224
TCGA-05-4390-01A-01-BS1_x11088y14672,11088,14672,10976,14560,224
TCGA-05-4390-01A-01-BS1_x11312y14672,11312,14672,11200,14560,224
TCGA-05-4390-01A-01-BS1_x11536y14672,11536,14672,11424,14560,224
TCGA-05-4390-01A-01-BS1_x11760y14672,11760,14672,11648,14560,224
TCGA-05-4390-01A-01-BS1_x11984y14672,11984,14672,11872,14560,224
TCGA-05-4390-01A-01-BS1_x12208y14672,12208,14672,12096,14560,224
TCGA-05-4390-01A-01-BS1_x12432y14672,12432,14672,12320,14560,224
TCGA-05-4390-01A-01-BS1_x12656y14672,12656,14672,12544,14560,224
TCGA-05-4390-01A-01-BS1_x12880y14672,12880,14672,12768,14560,224
TCGA-05-4390-01A-01-BS1_x13104y14672,13104,14672,12992,14560,224
TCGA-05-4390-01A-01-BS1_x13328y14672,13328,14672,13216,14560,224
TCGA-05-4390-01A-01-BS1_x13552y14672,13552,14672,13440,14560,224
TCGA-05-4390-01A-01-BS1_x13776y14672,13776,14672,13664,14560,224
TCGA-05-4390-01A-01-BS1_x14000y14672,14000,14672,13888,14560,224
TCGA-05-4390-01A-01-BS1_x14224y14672,14224,14672,14112,14560,224
TCGA-05-4390-01A-01-BS1_x14448y14672,14448,14672,14336,14560,224
TCGA-05-4390-01A-01-BS1_x14672y14672,14672,14672,14560,14560,224
TCGA-05-4390-01A-01-BS1_x14896y14672,14896,14672,14784,14560,224
TCGA-05-4390-01A-01-BS1_x15120y14672,15120,14672,15008,14560,224
TCGA-05-4390-01A-01-BS1_x15344y14672,15344,14672,15232,14560,224
TCGA-05-4390-01A-01-BS1_x15568y14672,15568,14672,15456,14560,224
TCGA-05-4390-01A-01-BS1_x15792y14672,15792,14672,15680,14560,224
TCGA-05-4390-01A-01-BS1_x16016y14672,16016,14672,15904,14560,224
TCGA-05-4390-01A-01-BS1_x16240y14672,16240,14672,16128,14560,224
TCGA-05-4390-01A-01-BS1_x16464y14672,16464,14672,16352,14560,224
TCGA-05-4390-01A-01-BS1_x16688y14672,16688,14672,16576,14560,224
TCGA-05-4390-01A-01-BS1_x16912y14672,16912,14672,16800,14560,224
TCGA-05-4390-01A-01-BS1_x17136y14672,17136,14672,17024,14560,224
TCGA-05-4390-01A-01-BS1_x17360y14672,17360,14672,17248,14560,224
TCGA-05-4390-01A-01-BS1_x17584y14672,17584,14672,17472,14560,224
TCGA-05-4390-01A-01-BS1_x17808y14672,17808,14672,17696,14560,224
TCGA-05-4390-01A-01-BS1_x18032y14672,18032,14672,17920,14560,224
TCGA-05-4390-01A-01-BS1_x18256y14672,18256,14672,18144,14560,224
TCGA-05-4390-01A-01-BS1_x18480y14672,18480,14672,18368,14560,224
TCGA-05-4390-01A-01-BS1_x18704y14672,18704,14672,18592,14560,224
TCGA-05-4390-01A-01-BS1_x18928y14672,18928,14672,18816,14560,224
TCGA-05-4390-01A-01-BS1_x19152y14672,19152,14672,19040,14560,224
TCGA-05-4390-01A-01-BS1_x19376y14672,19376,14672,19264,14560,224
TCGA-05-4390-01A-01-BS1_x19600y14672,19600,14672,19488,14560,224
TCGA-05-4390-01A-01-BS1_x19824y14672,19824,14672,19712,14560,224
TCGA-05-4390-01A-01-BS1_x20048y14672,20048,14672,19936,14560,224
TCGA-05-4390-01A-01-BS1_x20272y14672,20272,14672,20160,14560,224
TCGA-05-4390-01A-01-BS1_x20496y14672,20496,14672,20384,14560,224
TCGA-05-4390-01A-01-BS1_x20720y14672,20720,14672,20608,14560,224
TCGA-05-4390-01A-01-BS1_x20944y14672,20944,14672,20832,14560,224
TCGA-05-4390-01A-01-BS1_x21168y14672,21168,14672,21056,14560,224
TCGA-05-4390-01A-01-BS1_x21392y14672,21392,14672,21280,14560,224
TCGA-05-4390-01A-01-BS1_x21616y14672,21616,14672,21504,14560,224
TCGA-05-4390-01A-01-BS1_x21840y14672,21840,14672,21728,14560,224
TCGA-05-4390-01A-01-BS1_x22064y14672,22064,14672,21952,14560,224
TCGA-05-4390-01A-01-BS1_x22288y14672,22288,14672,22176,14560,224
TCGA-05-4390-01A-01-BS1_x22512y14672,22512,14672,22400,14560,224
TCGA-05-4390-01A-01-BS1_x22736y14672,22736,14672,22624,14560,224
TCGA-05-4390-01A-01-BS1_x22960y14672,22960,14672,22848,14560,224
TCGA-05-4390-01A-01-BS1_x23184y14672,23184,14672,23072,14560,224
TCGA-05-4390-01A-01-BS1_x23408y14672,23408,14672,23296,14560,224
TCGA-05-4390-01A-01-BS1_x23632y14672,23632,14672,23520,14560,224
TCGA-05-4390-01A-01-BS1_x23856y14672,23856,14672,23744,14560,224
TCGA-05-4390-01A-01-BS1_x24080y14672,24080,14672,23968,14560,224
TCGA-05-4390-01A-01-BS1_x24304y14672,24304,14672,24192,14560,224
TCGA-05-4390-01A-01-BS1_x24528y14672,24528,14672,24416,14560,224
TCGA-05-4390-01A-01-BS1_x24752y14672,24752,14672,24640,14560,224
TCGA-05-4390-01A-01-BS1_x24976y14672,24976,14672,24864,14560,224
TCGA-05-4390-01A-01-BS1_x25200y14672,25200,14672,25088,14560,224
TCGA-05-4390-01A-01-BS1_x25424y14672,25424,14672,25312,14560,224
TCGA-05-4390-01A-01-BS1_x25648y14672,25648,14672,25536,14560,224
TCGA-05-4390-01A-01-BS1_x25872y14672,25872,14672,25760,14560,224
TCGA-05-4390-01A-01-BS1_x26096y14672,26096,14672,25984,14560,224
TCGA-05-4390-01A-01-BS1_x26320y14672,26320,14672,26208,14560,224
TCGA-05-4390-01A-01-BS1_x26544y14672,26544,14672,26432,14560,224
TCGA-05-4390-01A-01-BS1_x26768y14672,26768,14672,26656,14560,224
TCGA-05-4390-01A-01-BS1_x26992y14672,26992,14672,26880,14560,224
TCGA-05-4390-01A-01-BS1_x27216y14672,27216,14672,27104,14560,224
TCGA-05-4390-01A-01-BS1_x27440y14672,27440,14672,27328,14560,224
TCGA-05-4390-01A-01-BS1_x27664y14672,27664,14672,27552,14560,224
TCGA-05-4390-01A-01-BS1_x27888y14672,27888,14672,27776,14560,224
TCGA-05-4390-01A-01-BS1_x28112y14672,28112,14672,28000,14560,224
TCGA-05-4390-01A-01-BS1_x28336y14672,28336,14672,28224,14560,224
TCGA-05-4390-01A-01-BS1_x28560y14672,28560,14672,28448,14560,224
TCGA-05-4390-01A-01-BS1_x28784y14672,28784,14672,28672,14560,224
TCGA-05-4390-01A-01-BS1_x29008y14672,29008,14672,28896,14560,224
TCGA-05-4390-01A-01-BS1_x29232y14672,29232,14672,29120,14560,224
TCGA-05-4390-01A-01-BS1_x29456y14672,29456,14672,29344,14560,224
TCGA-05-4390-01A-01-BS1_x29680y14672,29680,14672,29568,14560,224
TCGA-05-4390-01A-01-BS1_x29904y14672,29904,14672,29792,14560,224
TCGA-05-4390-01A-01-BS1_x30128y14672,30128,14672,30016,14560,224
TCGA-05-4390-01A-01-BS1_x30352y14672,30352,14672,30240,14560,224
TCGA-05-4390-01A-01-BS1_x30576y14672,30576,14672,30464,14560,224
TCGA-05-4390-01A-01-BS1_x30800y14672,30800,14672,30688,14560,224
TCGA-05-4390-01A-01-BS1_x31024y14672,31024,14672,30912,14560,224
TCGA-05-4390-01A-01-BS1_x31248y14672,31248,14672,31136,14560,224
TCGA-05-4390-01A-01-BS1_x31472y14672,31472,14672,31360,14560,224
TCGA-05-4390-01A-01-BS1_x31696y14672,31696,14672,31584,14560,224
TCGA-05-4390-01A-01-BS1_x31920y14672,31920,14672,31808,14560,224
TCGA-05-4390-01A-01-BS1_x32144y14672,32144,14672,32032,14560,224
TCGA-05-4390-01A-01-BS1_x32368y14672,32368,14672,32256,14560,224
TCGA-05-4390-01A-01-BS1_x32592y14672,32592,14672,32480,14560,224
TCGA-05-4390-01A-01-BS1_x32816y14672,32816,14672,32704,14560,224
TCGA-05-4390-01A-01-BS1_x33040y14672,33040,14672,32928,14560,224
TCGA-05-4390-01A-01-BS1_x33264y14672,33264,14672,33152,14560,224
TCGA-05-4390-01A-01-BS1_x33488y14672,33488,14672,33376,14560,224
TCGA-05-4390-01A-01-BS1_x33712y14672,33712,14672,33600,14560,224
TCGA-05-4390-01A-01-BS1_x33936y14672,33936,14672,33824,14560,224
TCGA-05-4390-01A-01-BS1_x34160y14672,34160,14672,34048,14560,224
TCGA-05-4390-01A-01-BS1_x34384y14672,34384,14672,34272,14560,224
TCGA-05-4390-01A-01-BS1_x2800y14896,2800,14896,2688,14784,224
TCGA-05-4390-01A-01-BS1_x3024y14896,3024,14896,2912,14784,224
TCGA-05-4390-01A-01-BS1_x3248y14896,3248,14896,3136,14784,224
TCGA-05-4390-01A-01-BS1_x3472y14896,3472,14896,3360,14784,224
TCGA-05-4390-01A-01-BS1_x3696y14896,3696,14896,3584,14784,224
TCGA-05-4390-01A-01-BS1_x3920y14896,3920,14896,3808,14784,224
TCGA-05-4390-01A-01-BS1_x4144y14896,4144,14896,4032,14784,224
TCGA-05-4390-01A-01-BS1_x4368y14896,4368,14896,4256,14784,224
TCGA-05-4390-01A-01-BS1_x4592y14896,4592,14896,4480,14784,224
TCGA-05-4390-01A-01-BS1_x4816y14896,4816,14896,4704,14784,224
TCGA-05-4390-01A-01-BS1_x5040y14896,5040,14896,4928,14784,224
TCGA-05-4390-01A-01-BS1_x5264y14896,5264,14896,5152,14784,224
TCGA-05-4390-01A-01-BS1_x5488y14896,5488,14896,5376,14784,224
TCGA-05-4390-01A-01-BS1_x5712y14896,5712,14896,5600,14784,224
TCGA-05-4390-01A-01-BS1_x5936y14896,5936,14896,5824,14784,224
TCGA-05-4390-01A-01-BS1_x6160y14896,6160,14896,6048,14784,224
TCGA-05-4390-01A-01-BS1_x6384y14896,6384,14896,6272,14784,224
TCGA-05-4390-01A-01-BS1_x6608y14896,6608,14896,6496,14784,224
TCGA-05-4390-01A-01-BS1_x6832y14896,6832,14896,6720,14784,224
TCGA-05-4390-01A-01-BS1_x7056y14896,7056,14896,6944,14784,224
TCGA-05-4390-01A-01-BS1_x7280y14896,7280,14896,7168,14784,224
TCGA-05-4390-01A-01-BS1_x7504y14896,7504,14896,7392,14784,224
TCGA-05-4390-01A-01-BS1_x7728y14896,7728,14896,7616,14784,224
TCGA-05-4390-01A-01-BS1_x7952y14896,7952,14896,7840,14784,224
TCGA-05-4390-01A-01-BS1_x8176y14896,8176,14896,8064,14784,224
TCGA-05-4390-01A-01-BS1_x8400y14896,8400,14896,8288,14784,224
TCGA-05-4390-01A-01-BS1_x8624y14896,8624,14896,8512,14784,224
TCGA-05-4390-01A-01-BS1_x8848y14896,8848,14896,8736,14784,224
TCGA-05-4390-01A-01-BS1_x9072y14896,9072,14896,8960,14784,224
TCGA-05-4390-01A-01-BS1_x9296y14896,9296,14896,9184,14784,224
TCGA-05-4390-01A-01-BS1_x9520y14896,9520,14896,9408,14784,224
TCGA-05-4390-01A-01-BS1_x9744y14896,9744,14896,9632,14784,224
TCGA-05-4390-01A-01-BS1_x9968y14896,9968,14896,9856,14784,224
TCGA-05-4390-01A-01-BS1_x10192y14896,10192,14896,10080,14784,224
TCGA-05-4390-01A-01-BS1_x10416y14896,10416,14896,10304,14784,224
TCGA-05-4390-01A-01-BS1_x10640y14896,10640,14896,10528,14784,224
TCGA-05-4390-01A-01-BS1_x10864y14896,10864,14896,10752,14784,224
TCGA-05-4390-01A-01-BS1_x11088y14896,11088,14896,10976,14784,224
TCGA-05-4390-01A-01-BS1_x11312y14896,11312,14896,11200,14784,224
TCGA-05-4390-01A-01-BS1_x11536y14896,11536,14896,11424,14784,224
TCGA-05-4390-01A-01-BS1_x11760y14896,11760,14896,11648,14784,224
TCGA-05-4390-01A-01-BS1_x11984y14896,11984,14896,11872,14784,224
TCGA-05-4390-01A-01-BS1_x12208y14896,12208,14896,12096,14784,224
TCGA-05-4390-01A-01-BS1_x12432y14896,12432,14896,12320,14784,224
TCGA-05-4390-01A-01-BS1_x12656y14896,12656,14896,12544,14784,224
TCGA-05-4390-01A-01-BS1_x12880y14896,12880,14896,12768,14784,224
TCGA-05-4390-01A-01-BS1_x13104y14896,13104,14896,12992,14784,224
TCGA-05-4390-01A-01-BS1_x13328y14896,13328,14896,13216,14784,224
TCGA-05-4390-01A-01-BS1_x13552y14896,13552,14896,13440,14784,224
TCGA-05-4390-01A-01-BS1_x13776y14896,13776,14896,13664,14784,224
TCGA-05-4390-01A-01-BS1_x14000y14896,14000,14896,13888,14784,224
TCGA-05-4390-01A-01-BS1_x14224y14896,14224,14896,14112,14784,224
TCGA-05-4390-01A-01-BS1_x14448y14896,14448,14896,14336,14784,224
TCGA-05-4390-01A-01-BS1_x14672y14896,14672,14896,14560,14784,224
TCGA-05-4390-01A-01-BS1_x14896y14896,14896,14896,14784,14784,224
TCGA-05-4390-01A-01-BS1_x15120y14896,15120,14896,15008,14784,224
TCGA-05-4390-01A-01-BS1_x15344y14896,15344,14896,15232,14784,224
TCGA-05-4390-01A-01-BS1_x15568y14896,15568,14896,15456,14784,224
TCGA-05-4390-01A-01-BS1_x15792y14896,15792,14896,15680,14784,224
TCGA-05-4390-01A-01-BS1_x16016y14896,16016,14896,15904,14784,224
TCGA-05-4390-01A-01-BS1_x16240y14896,16240,14896,16128,14784,224
TCGA-05-4390-01A-01-BS1_x16464y14896,16464,14896,16352,14784,224
TCGA-05-4390-01A-01-BS1_x16688y14896,16688,14896,16576,14784,224
TCGA-05-4390-01A-01-BS1_x16912y14896,16912,14896,16800,14784,224
TCGA-05-4390-01A-01-BS1_x17136y14896,17136,14896,17024,14784,224
TCGA-05-4390-01A-01-BS1_x17360y14896,17360,14896,17248,14784,224
TCGA-05-4390-01A-01-BS1_x17584y14896,17584,14896,17472,14784,224
TCGA-05-4390-01A-01-BS1_x17808y14896,17808,14896,17696,14784,224
TCGA-05-4390-01A-01-BS1_x18032y14896,18032,14896,17920,14784,224
TCGA-05-4390-01A-01-BS1_x18256y14896,18256,14896,18144,14784,224
TCGA-05-4390-01A-01-BS1_x18480y14896,18480,14896,18368,14784,224
TCGA-05-4390-01A-01-BS1_x18704y14896,18704,14896,18592,14784,224
TCGA-05-4390-01A-01-BS1_x18928y14896,18928,14896,18816,14784,224
TCGA-05-4390-01A-01-BS1_x19152y14896,19152,14896,19040,14784,224
TCGA-05-4390-01A-01-BS1_x19376y14896,19376,14896,19264,14784,224
TCGA-05-4390-01A-01-BS1_x19600y14896,19600,14896,19488,14784,224
TCGA-05-4390-01A-01-BS1_x19824y14896,19824,14896,19712,14784,224
TCGA-05-4390-01A-01-BS1_x20048y14896,20048,14896,19936,14784,224
TCGA-05-4390-01A-01-BS1_x20272y14896,20272,14896,20160,14784,224
TCGA-05-4390-01A-01-BS1_x20496y14896,20496,14896,20384,14784,224
TCGA-05-4390-01A-01-BS1_x20720y14896,20720,14896,20608,14784,224
TCGA-05-4390-01A-01-BS1_x20944y14896,20944,14896,20832,14784,224
TCGA-05-4390-01A-01-BS1_x21168y14896,21168,14896,21056,14784,224
TCGA-05-4390-01A-01-BS1_x21392y14896,21392,14896,21280,14784,224
TCGA-05-4390-01A-01-BS1_x21616y14896,21616,14896,21504,14784,224
TCGA-05-4390-01A-01-BS1_x21840y14896,21840,14896,21728,14784,224
TCGA-05-4390-01A-01-BS1_x22064y14896,22064,14896,21952,14784,224
TCGA-05-4390-01A-01-BS1_x22288y14896,22288,14896,22176,14784,224
TCGA-05-4390-01A-01-BS1_x22512y14896,22512,14896,22400,14784,224
TCGA-05-4390-01A-01-BS1_x22736y14896,22736,14896,22624,14784,224
TCGA-05-4390-01A-01-BS1_x22960y14896,22960,14896,22848,14784,224
TCGA-05-4390-01A-01-BS1_x23184y14896,23184,14896,23072,14784,224
TCGA-05-4390-01A-01-BS1_x23408y14896,23408,14896,23296,14784,224
TCGA-05-4390-01A-01-BS1_x23632y14896,23632,14896,23520,14784,224
TCGA-05-4390-01A-01-BS1_x23856y14896,23856,14896,23744,14784,224
TCGA-05-4390-01A-01-BS1_x24080y14896,24080,14896,23968,14784,224
TCGA-05-4390-01A-01-BS1_x24304y14896,24304,14896,24192,14784,224
TCGA-05-4390-01A-01-BS1_x24528y14896,24528,14896,24416,14784,224
TCGA-05-4390-01A-01-BS1_x24752y14896,24752,14896,24640,14784,224
TCGA-05-4390-01A-01-BS1_x24976y14896,24976,14896,24864,14784,224
TCGA-05-4390-01A-01-BS1_x25200y14896,25200,14896,25088,14784,224
TCGA-05-4390-01A-01-BS1_x25424y14896,25424,14896,25312,14784,224
TCGA-05-4390-01A-01-BS1_x25648y14896,25648,14896,25536,14784,224
TCGA-05-4390-01A-01-BS1_x25872y14896,25872,14896,25760,14784,224
TCGA-05-4390-01A-01-BS1_x26096y14896,26096,14896,25984,14784,224
TCGA-05-4390-01A-01-BS1_x26320y14896,26320,14896,26208,14784,224
TCGA-05-4390-01A-01-BS1_x26544y14896,26544,14896,26432,14784,224
TCGA-05-4390-01A-01-BS1_x26768y14896,26768,14896,26656,14784,224
TCGA-05-4390-01A-01-BS1_x26992y14896,26992,14896,26880,14784,224
TCGA-05-4390-01A-01-BS1_x27216y14896,27216,14896,27104,14784,224
TCGA-05-4390-01A-01-BS1_x27440y14896,27440,14896,27328,14784,224
TCGA-05-4390-01A-01-BS1_x27664y14896,27664,14896,27552,14784,224
TCGA-05-4390-01A-01-BS1_x27888y14896,27888,14896,27776,14784,224
TCGA-05-4390-01A-01-BS1_x28112y14896,28112,14896,28000,14784,224
TCGA-05-4390-01A-01-BS1_x28336y14896,28336,14896,28224,14784,224
TCGA-05-4390-01A-01-BS1_x28560y14896,28560,14896,28448,14784,224
TCGA-05-4390-01A-01-BS1_x28784y14896,28784,14896,28672,14784,224
TCGA-05-4390-01A-01-BS1_x29008y14896,29008,14896,28896,14784,224
TCGA-05-4390-01A-01-BS1_x29232y14896,29232,14896,29120,14784,224
TCGA-05-4390-01A-01-BS1_x29456y14896,29456,14896,29344,14784,224
TCGA-05-4390-01A-01-BS1_x29680y14896,29680,14896,29568,14784,224
TCGA-05-4390-01A-01-BS1_x29904y14896,29904,14896,29792,14784,224
TCGA-05-4390-01A-01-BS1_x30128y14896,30128,14896,30016,14784,224
TCGA-05-4390-01A-01-BS1_x30352y14896,30352,14896,30240,14784,224
TCGA-05-4390-01A-01-BS1_x30576y14896,30576,14896,30464,14784,224
TCGA-05-4390-01A-01-BS1_x30800y14896,30800,14896,30688,14784,224
TCGA-05-4390-01A-01-BS1_x31024y14896,31024,14896,30912,14784,224
TCGA-05-4390-01A-01-BS1_x31248y14896,31248,14896,31136,14784,224
TCGA-05-4390-01A-01-BS1_x31472y14896,31472,14896,31360,14784,224
TCGA-05-4390-01A-01-BS1_x31696y14896,31696,14896,31584,14784,224
TCGA-05-4390-01A-01-BS1_x31920y14896,31920,14896,31808,14784,224
TCGA-05-4390-01A-01-BS1_x32144y14896,32144,14896,32032,14784,224
TCGA-05-4390-01A-01-BS1_x32368y14896,32368,14896,32256,14784,224
TCGA-05-4390-01A-01-BS1_x32592y14896,32592,14896,32480,14784,224
TCGA-05-4390-01A-01-BS1_x32816y14896,32816,14896,32704,14784,224
TCGA-05-4390-01A-01-BS1_x33040y14896,33040,14896,32928,14784,224
TCGA-05-4390-01A-01-BS1_x33264y14896,33264,14896,33152,14784,224
TCGA-05-4390-01A-01-BS1_x33488y14896,33488,14896,33376,14784,224
TCGA-05-4390-01A-01-BS1_x33712y14896,33712,14896,33600,14784,224
TCGA-05-4390-01A-01-BS1_x33936y14896,33936,14896,33824,14784,224
TCGA-05-4390-01A-01-BS1_x34160y14896,34160,14896,34048,14784,224
TCGA-05-4390-01A-01-BS1_x34384y14896,34384,14896,34272,14784,224
TCGA-05-4390-01A-01-BS1_x2800y15120,2800,15120,2688,15008,224
TCGA-05-4390-01A-01-BS1_x3024y15120,3024,15120,2912,15008,224
TCGA-05-4390-01A-01-BS1_x3248y15120,3248,15120,3136,15008,224
TCGA-05-4390-01A-01-BS1_x3472y15120,3472,15120,3360,15008,224
TCGA-05-4390-01A-01-BS1_x3696y15120,3696,15120,3584,15008,224
TCGA-05-4390-01A-01-BS1_x3920y15120,3920,15120,3808,15008,224
TCGA-05-4390-01A-01-BS1_x4144y15120,4144,15120,4032,15008,224
TCGA-05-4390-01A-01-BS1_x4368y15120,4368,15120,4256,15008,224
TCGA-05-4390-01A-01-BS1_x4592y15120,4592,15120,4480,15008,224
TCGA-05-4390-01A-01-BS1_x4816y15120,4816,15120,4704,15008,224
TCGA-05-4390-01A-01-BS1_x5040y15120,5040,15120,4928,15008,224
TCGA-05-4390-01A-01-BS1_x5264y15120,5264,15120,5152,15008,224
TCGA-05-4390-01A-01-BS1_x5488y15120,5488,15120,5376,15008,224
TCGA-05-4390-01A-01-BS1_x5712y15120,5712,15120,5600,15008,224
TCGA-05-4390-01A-01-BS1_x5936y15120,5936,15120,5824,15008,224
TCGA-05-4390-01A-01-BS1_x6160y15120,6160,15120,6048,15008,224
TCGA-05-4390-01A-01-BS1_x6384y15120,6384,15120,6272,15008,224
TCGA-05-4390-01A-01-BS1_x6608y15120,6608,15120,6496,15008,224
TCGA-05-4390-01A-01-BS1_x6832y15120,6832,15120,6720,15008,224
TCGA-05-4390-01A-01-BS1_x7056y15120,7056,15120,6944,15008,224
TCGA-05-4390-01A-01-BS1_x7280y15120,7280,15120,7168,15008,224
TCGA-05-4390-01A-01-BS1_x7504y15120,7504,15120,7392,15008,224
TCGA-05-4390-01A-01-BS1_x7728y15120,7728,15120,7616,15008,224
TCGA-05-4390-01A-01-BS1_x7952y15120,7952,15120,7840,15008,224
TCGA-05-4390-01A-01-BS1_x8176y15120,8176,15120,8064,15008,224
TCGA-05-4390-01A-01-BS1_x8400y15120,8400,15120,8288,15008,224
TCGA-05-4390-01A-01-BS1_x8624y15120,8624,15120,8512,15008,224
TCGA-05-4390-01A-01-BS1_x8848y15120,8848,15120,8736,15008,224
TCGA-05-4390-01A-01-BS1_x9072y15120,9072,15120,8960,15008,224
TCGA-05-4390-01A-01-BS1_x9296y15120,9296,15120,9184,15008,224
TCGA-05-4390-01A-01-BS1_x9520y15120,9520,15120,9408,15008,224
TCGA-05-4390-01A-01-BS1_x9744y15120,9744,15120,9632,15008,224
TCGA-05-4390-01A-01-BS1_x9968y15120,9968,15120,9856,15008,224
TCGA-05-4390-01A-01-BS1_x10192y15120,10192,15120,10080,15008,224
TCGA-05-4390-01A-01-BS1_x10416y15120,10416,15120,10304,15008,224
TCGA-05-4390-01A-01-BS1_x10640y15120,10640,15120,10528,15008,224
TCGA-05-4390-01A-01-BS1_x10864y15120,10864,15120,10752,15008,224
TCGA-05-4390-01A-01-BS1_x11088y15120,11088,15120,10976,15008,224
TCGA-05-4390-01A-01-BS1_x11312y15120,11312,15120,11200,15008,224
TCGA-05-4390-01A-01-BS1_x11536y15120,11536,15120,11424,15008,224
TCGA-05-4390-01A-01-BS1_x11760y15120,11760,15120,11648,15008,224
TCGA-05-4390-01A-01-BS1_x11984y15120,11984,15120,11872,15008,224
TCGA-05-4390-01A-01-BS1_x12208y15120,12208,15120,12096,15008,224
TCGA-05-4390-01A-01-BS1_x12432y15120,12432,15120,12320,15008,224
TCGA-05-4390-01A-01-BS1_x12656y15120,12656,15120,12544,15008,224
TCGA-05-4390-01A-01-BS1_x12880y15120,12880,15120,12768,15008,224
TCGA-05-4390-01A-01-BS1_x13104y15120,13104,15120,12992,15008,224
TCGA-05-4390-01A-01-BS1_x13328y15120,13328,15120,13216,15008,224
TCGA-05-4390-01A-01-BS1_x13552y15120,13552,15120,13440,15008,224
TCGA-05-4390-01A-01-BS1_x13776y15120,13776,15120,13664,15008,224
TCGA-05-4390-01A-01-BS1_x14000y15120,14000,15120,13888,15008,224
TCGA-05-4390-01A-01-BS1_x14224y15120,14224,15120,14112,15008,224
TCGA-05-4390-01A-01-BS1_x14448y15120,14448,15120,14336,15008,224
TCGA-05-4390-01A-01-BS1_x14672y15120,14672,15120,14560,15008,224
TCGA-05-4390-01A-01-BS1_x14896y15120,14896,15120,14784,15008,224
TCGA-05-4390-01A-01-BS1_x15120y15120,15120,15120,15008,15008,224
TCGA-05-4390-01A-01-BS1_x15344y15120,15344,15120,15232,15008,224
TCGA-05-4390-01A-01-BS1_x15568y15120,15568,15120,15456,15008,224
TCGA-05-4390-01A-01-BS1_x15792y15120,15792,15120,15680,15008,224
TCGA-05-4390-01A-01-BS1_x16016y15120,16016,15120,15904,15008,224
TCGA-05-4390-01A-01-BS1_x16240y15120,16240,15120,16128,15008,224
TCGA-05-4390-01A-01-BS1_x16464y15120,16464,15120,16352,15008,224
TCGA-05-4390-01A-01-BS1_x16688y15120,16688,15120,16576,15008,224
TCGA-05-4390-01A-01-BS1_x16912y15120,16912,15120,16800,15008,224
TCGA-05-4390-01A-01-BS1_x17136y15120,17136,15120,17024,15008,224
TCGA-05-4390-01A-01-BS1_x17360y15120,17360,15120,17248,15008,224
TCGA-05-4390-01A-01-BS1_x17584y15120,17584,15120,17472,15008,224
TCGA-05-4390-01A-01-BS1_x17808y15120,17808,15120,17696,15008,224
TCGA-05-4390-01A-01-BS1_x18032y15120,18032,15120,17920,15008,224
TCGA-05-4390-01A-01-BS1_x18256y15120,18256,15120,18144,15008,224
TCGA-05-4390-01A-01-BS1_x18480y15120,18480,15120,18368,15008,224
TCGA-05-4390-01A-01-BS1_x18704y15120,18704,15120,18592,15008,224
TCGA-05-4390-01A-01-BS1_x18928y15120,18928,15120,18816,15008,224
TCGA-05-4390-01A-01-BS1_x19152y15120,19152,15120,19040,15008,224
TCGA-05-4390-01A-01-BS1_x19376y15120,19376,15120,19264,15008,224
TCGA-05-4390-01A-01-BS1_x19600y15120,19600,15120,19488,15008,224
TCGA-05-4390-01A-01-BS1_x19824y15120,19824,15120,19712,15008,224
TCGA-05-4390-01A-01-BS1_x20048y15120,20048,15120,19936,15008,224
TCGA-05-4390-01A-01-BS1_x20272y15120,20272,15120,20160,15008,224
TCGA-05-4390-01A-01-BS1_x20496y15120,20496,15120,20384,15008,224
TCGA-05-4390-01A-01-BS1_x20720y15120,20720,15120,20608,15008,224
TCGA-05-4390-01A-01-BS1_x20944y15120,20944,15120,20832,15008,224
TCGA-05-4390-01A-01-BS1_x21168y15120,21168,15120,21056,15008,224
TCGA-05-4390-01A-01-BS1_x21392y15120,21392,15120,21280,15008,224
TCGA-05-4390-01A-01-BS1_x21616y15120,21616,15120,21504,15008,224
TCGA-05-4390-01A-01-BS1_x21840y15120,21840,15120,21728,15008,224
TCGA-05-4390-01A-01-BS1_x22064y15120,22064,15120,21952,15008,224
TCGA-05-4390-01A-01-BS1_x22288y15120,22288,15120,22176,15008,224
TCGA-05-4390-01A-01-BS1_x22512y15120,22512,15120,22400,15008,224
TCGA-05-4390-01A-01-BS1_x22736y15120,22736,15120,22624,15008,224
TCGA-05-4390-01A-01-BS1_x22960y15120,22960,15120,22848,15008,224
TCGA-05-4390-01A-01-BS1_x23184y15120,23184,15120,23072,15008,224
TCGA-05-4390-01A-01-BS1_x23408y15120,23408,15120,23296,15008,224
TCGA-05-4390-01A-01-BS1_x23632y15120,23632,15120,23520,15008,224
TCGA-05-4390-01A-01-BS1_x23856y15120,23856,15120,23744,15008,224
TCGA-05-4390-01A-01-BS1_x24080y15120,24080,15120,23968,15008,224
TCGA-05-4390-01A-01-BS1_x24304y15120,24304,15120,24192,15008,224
TCGA-05-4390-01A-01-BS1_x24528y15120,24528,15120,24416,15008,224
TCGA-05-4390-01A-01-BS1_x24752y15120,24752,15120,24640,15008,224
TCGA-05-4390-01A-01-BS1_x24976y15120,24976,15120,24864,15008,224
TCGA-05-4390-01A-01-BS1_x25200y15120,25200,15120,25088,15008,224
TCGA-05-4390-01A-01-BS1_x25424y15120,25424,15120,25312,15008,224
TCGA-05-4390-01A-01-BS1_x25648y15120,25648,15120,25536,15008,224
TCGA-05-4390-01A-01-BS1_x25872y15120,25872,15120,25760,15008,224
TCGA-05-4390-01A-01-BS1_x26096y15120,26096,15120,25984,15008,224
TCGA-05-4390-01A-01-BS1_x26320y15120,26320,15120,26208,15008,224
TCGA-05-4390-01A-01-BS1_x26544y15120,26544,15120,26432,15008,224
TCGA-05-4390-01A-01-BS1_x26768y15120,26768,15120,26656,15008,224
TCGA-05-4390-01A-01-BS1_x26992y15120,26992,15120,26880,15008,224
TCGA-05-4390-01A-01-BS1_x27216y15120,27216,15120,27104,15008,224
TCGA-05-4390-01A-01-BS1_x27440y15120,27440,15120,27328,15008,224
TCGA-05-4390-01A-01-BS1_x27664y15120,27664,15120,27552,15008,224
TCGA-05-4390-01A-01-BS1_x27888y15120,27888,15120,27776,15008,224
TCGA-05-4390-01A-01-BS1_x28112y15120,28112,15120,28000,15008,224
TCGA-05-4390-01A-01-BS1_x28336y15120,28336,15120,28224,15008,224
TCGA-05-4390-01A-01-BS1_x28560y15120,28560,15120,28448,15008,224
TCGA-05-4390-01A-01-BS1_x28784y15120,28784,15120,28672,15008,224
TCGA-05-4390-01A-01-BS1_x29008y15120,29008,15120,28896,15008,224
TCGA-05-4390-01A-01-BS1_x29232y15120,29232,15120,29120,15008,224
TCGA-05-4390-01A-01-BS1_x29456y15120,29456,15120,29344,15008,224
TCGA-05-4390-01A-01-BS1_x29680y15120,29680,15120,29568,15008,224
TCGA-05-4390-01A-01-BS1_x29904y15120,29904,15120,29792,15008,224
TCGA-05-4390-01A-01-BS1_x30128y15120,30128,15120,30016,15008,224
TCGA-05-4390-01A-01-BS1_x30352y15120,30352,15120,30240,15008,224
TCGA-05-4390-01A-01-BS1_x30576y15120,30576,15120,30464,15008,224
TCGA-05-4390-01A-01-BS1_x30800y15120,30800,15120,30688,15008,224
TCGA-05-4390-01A-01-BS1_x31024y15120,31024,15120,30912,15008,224
TCGA-05-4390-01A-01-BS1_x31248y15120,31248,15120,31136,15008,224
TCGA-05-4390-01A-01-BS1_x31472y15120,31472,15120,31360,15008,224
TCGA-05-4390-01A-01-BS1_x31696y15120,31696,15120,31584,15008,224
TCGA-05-4390-01A-01-BS1_x31920y15120,31920,15120,31808,15008,224
TCGA-05-4390-01A-01-BS1_x32144y15120,32144,15120,32032,15008,224
TCGA-05-4390-01A-01-BS1_x32368y15120,32368,15120,32256,15008,224
TCGA-05-4390-01A-01-BS1_x32592y15120,32592,15120,32480,15008,224
TCGA-05-4390-01A-01-BS1_x32816y15120,32816,15120,32704,15008,224
TCGA-05-4390-01A-01-BS1_x33040y15120,33040,15120,32928,15008,224
TCGA-05-4390-01A-01-BS1_x33264y15120,33264,15120,33152,15008,224
TCGA-05-4390-01A-01-BS1_x33488y15120,33488,15120,33376,15008,224
TCGA-05-4390-01A-01-BS1_x33712y15120,33712,15120,33600,15008,224
TCGA-05-4390-01A-01-BS1_x33936y15120,33936,15120,33824,15008,224
TCGA-05-4390-01A-01-BS1_x34160y15120,34160,15120,34048,15008,224
TCGA-05-4390-01A-01-BS1_x34384y15120,34384,15120,34272,15008,224
TCGA-05-4390-01A-01-BS1_x2800y15344,2800,15344,2688,15232,224
TCGA-05-4390-01A-01-BS1_x3024y15344,3024,15344,2912,15232,224
TCGA-05-4390-01A-01-BS1_x3248y15344,3248,15344,3136,15232,224
TCGA-05-4390-01A-01-BS1_x3472y15344,3472,15344,3360,15232,224
TCGA-05-4390-01A-01-BS1_x3696y15344,3696,15344,3584,15232,224
TCGA-05-4390-01A-01-BS1_x3920y15344,3920,15344,3808,15232,224
TCGA-05-4390-01A-01-BS1_x4144y15344,4144,15344,4032,15232,224
TCGA-05-4390-01A-01-BS1_x4368y15344,4368,15344,4256,15232,224
TCGA-05-4390-01A-01-BS1_x4592y15344,4592,15344,4480,15232,224
TCGA-05-4390-01A-01-BS1_x4816y15344,4816,15344,4704,15232,224
TCGA-05-4390-01A-01-BS1_x5040y15344,5040,15344,4928,15232,224
TCGA-05-4390-01A-01-BS1_x5264y15344,5264,15344,5152,15232,224
TCGA-05-4390-01A-01-BS1_x5488y15344,5488,15344,5376,15232,224
TCGA-05-4390-01A-01-BS1_x5712y15344,5712,15344,5600,15232,224
TCGA-05-4390-01A-01-BS1_x5936y15344,5936,15344,5824,15232,224
TCGA-05-4390-01A-01-BS1_x6160y15344,6160,15344,6048,15232,224
TCGA-05-4390-01A-01-BS1_x6384y15344,6384,15344,6272,15232,224
TCGA-05-4390-01A-01-BS1_x6608y15344,6608,15344,6496,15232,224
TCGA-05-4390-01A-01-BS1_x6832y15344,6832,15344,6720,15232,224
TCGA-05-4390-01A-01-BS1_x7056y15344,7056,15344,6944,15232,224
TCGA-05-4390-01A-01-BS1_x7280y15344,7280,15344,7168,15232,224
TCGA-05-4390-01A-01-BS1_x7504y15344,7504,15344,7392,15232,224
TCGA-05-4390-01A-01-BS1_x7728y15344,7728,15344,7616,15232,224
TCGA-05-4390-01A-01-BS1_x7952y15344,7952,15344,7840,15232,224
TCGA-05-4390-01A-01-BS1_x8176y15344,8176,15344,8064,15232,224
TCGA-05-4390-01A-01-BS1_x8400y15344,8400,15344,8288,15232,224
TCGA-05-4390-01A-01-BS1_x8624y15344,8624,15344,8512,15232,224
TCGA-05-4390-01A-01-BS1_x8848y15344,8848,15344,8736,15232,224
TCGA-05-4390-01A-01-BS1_x9072y15344,9072,15344,8960,15232,224
TCGA-05-4390-01A-01-BS1_x9296y15344,9296,15344,9184,15232,224
TCGA-05-4390-01A-01-BS1_x9520y15344,9520,15344,9408,15232,224
TCGA-05-4390-01A-01-BS1_x9744y15344,9744,15344,9632,15232,224
TCGA-05-4390-01A-01-BS1_x9968y15344,9968,15344,9856,15232,224
TCGA-05-4390-01A-01-BS1_x10192y15344,10192,15344,10080,15232,224
TCGA-05-4390-01A-01-BS1_x10416y15344,10416,15344,10304,15232,224
TCGA-05-4390-01A-01-BS1_x10640y15344,10640,15344,10528,15232,224
TCGA-05-4390-01A-01-BS1_x10864y15344,10864,15344,10752,15232,224
TCGA-05-4390-01A-01-BS1_x11088y15344,11088,15344,10976,15232,224
TCGA-05-4390-01A-01-BS1_x11312y15344,11312,15344,11200,15232,224
TCGA-05-4390-01A-01-BS1_x11536y15344,11536,15344,11424,15232,224
TCGA-05-4390-01A-01-BS1_x11760y15344,11760,15344,11648,15232,224
TCGA-05-4390-01A-01-BS1_x11984y15344,11984,15344,11872,15232,224
TCGA-05-4390-01A-01-BS1_x12208y15344,12208,15344,12096,15232,224
TCGA-05-4390-01A-01-BS1_x12432y15344,12432,15344,12320,15232,224
TCGA-05-4390-01A-01-BS1_x12656y15344,12656,15344,12544,15232,224
TCGA-05-4390-01A-01-BS1_x12880y15344,12880,15344,12768,15232,224
TCGA-05-4390-01A-01-BS1_x13104y15344,13104,15344,12992,15232,224
TCGA-05-4390-01A-01-BS1_x13328y15344,13328,15344,13216,15232,224
TCGA-05-4390-01A-01-BS1_x13552y15344,13552,15344,13440,15232,224
TCGA-05-4390-01A-01-BS1_x13776y15344,13776,15344,13664,15232,224
TCGA-05-4390-01A-01-BS1_x14000y15344,14000,15344,13888,15232,224
TCGA-05-4390-01A-01-BS1_x14224y15344,14224,15344,14112,15232,224
TCGA-05-4390-01A-01-BS1_x14448y15344,14448,15344,14336,15232,224
TCGA-05-4390-01A-01-BS1_x14672y15344,14672,15344,14560,15232,224
TCGA-05-4390-01A-01-BS1_x14896y15344,14896,15344,14784,15232,224
TCGA-05-4390-01A-01-BS1_x15120y15344,15120,15344,15008,15232,224
TCGA-05-4390-01A-01-BS1_x15344y15344,15344,15344,15232,15232,224
TCGA-05-4390-01A-01-BS1_x15568y15344,15568,15344,15456,15232,224
TCGA-05-4390-01A-01-BS1_x15792y15344,15792,15344,15680,15232,224
TCGA-05-4390-01A-01-BS1_x16016y15344,16016,15344,15904,15232,224
TCGA-05-4390-01A-01-BS1_x16240y15344,16240,15344,16128,15232,224
TCGA-05-4390-01A-01-BS1_x16464y15344,16464,15344,16352,15232,224
TCGA-05-4390-01A-01-BS1_x16688y15344,16688,15344,16576,15232,224
TCGA-05-4390-01A-01-BS1_x16912y15344,16912,15344,16800,15232,224
TCGA-05-4390-01A-01-BS1_x17136y15344,17136,15344,17024,15232,224
TCGA-05-4390-01A-01-BS1_x17360y15344,17360,15344,17248,15232,224
TCGA-05-4390-01A-01-BS1_x17584y15344,17584,15344,17472,15232,224
TCGA-05-4390-01A-01-BS1_x17808y15344,17808,15344,17696,15232,224
TCGA-05-4390-01A-01-BS1_x18032y15344,18032,15344,17920,15232,224
TCGA-05-4390-01A-01-BS1_x18256y15344,18256,15344,18144,15232,224
TCGA-05-4390-01A-01-BS1_x18480y15344,18480,15344,18368,15232,224
TCGA-05-4390-01A-01-BS1_x18704y15344,18704,15344,18592,15232,224
TCGA-05-4390-01A-01-BS1_x18928y15344,18928,15344,18816,15232,224
TCGA-05-4390-01A-01-BS1_x19152y15344,19152,15344,19040,15232,224
TCGA-05-4390-01A-01-BS1_x19376y15344,19376,15344,19264,15232,224
TCGA-05-4390-01A-01-BS1_x19600y15344,19600,15344,19488,15232,224
TCGA-05-4390-01A-01-BS1_x19824y15344,19824,15344,19712,15232,224
TCGA-05-4390-01A-01-BS1_x20048y15344,20048,15344,19936,15232,224
TCGA-05-4390-01A-01-BS1_x20272y15344,20272,15344,20160,15232,224
TCGA-05-4390-01A-01-BS1_x20496y15344,20496,15344,20384,15232,224
TCGA-05-4390-01A-01-BS1_x20720y15344,20720,15344,20608,15232,224
TCGA-05-4390-01A-01-BS1_x20944y15344,20944,15344,20832,15232,224
TCGA-05-4390-01A-01-BS1_x21168y15344,21168,15344,21056,15232,224
TCGA-05-4390-01A-01-BS1_x21392y15344,21392,15344,21280,15232,224
TCGA-05-4390-01A-01-BS1_x21616y15344,21616,15344,21504,15232,224
TCGA-05-4390-01A-01-BS1_x21840y15344,21840,15344,21728,15232,224
TCGA-05-4390-01A-01-BS1_x22064y15344,22064,15344,21952,15232,224
TCGA-05-4390-01A-01-BS1_x22288y15344,22288,15344,22176,15232,224
TCGA-05-4390-01A-01-BS1_x22512y15344,22512,15344,22400,15232,224
TCGA-05-4390-01A-01-BS1_x22736y15344,22736,15344,22624,15232,224
TCGA-05-4390-01A-01-BS1_x22960y15344,22960,15344,22848,15232,224
TCGA-05-4390-01A-01-BS1_x23184y15344,23184,15344,23072,15232,224
TCGA-05-4390-01A-01-BS1_x23408y15344,23408,15344,23296,15232,224
TCGA-05-4390-01A-01-BS1_x23632y15344,23632,15344,23520,15232,224
TCGA-05-4390-01A-01-BS1_x23856y15344,23856,15344,23744,15232,224
TCGA-05-4390-01A-01-BS1_x24080y15344,24080,15344,23968,15232,224
TCGA-05-4390-01A-01-BS1_x24304y15344,24304,15344,24192,15232,224
TCGA-05-4390-01A-01-BS1_x24528y15344,24528,15344,24416,15232,224
TCGA-05-4390-01A-01-BS1_x24752y15344,24752,15344,24640,15232,224
TCGA-05-4390-01A-01-BS1_x24976y15344,24976,15344,24864,15232,224
TCGA-05-4390-01A-01-BS1_x25200y15344,25200,15344,25088,15232,224
TCGA-05-4390-01A-01-BS1_x25424y15344,25424,15344,25312,15232,224
TCGA-05-4390-01A-01-BS1_x25648y15344,25648,15344,25536,15232,224
TCGA-05-4390-01A-01-BS1_x25872y15344,25872,15344,25760,15232,224
TCGA-05-4390-01A-01-BS1_x26096y15344,26096,15344,25984,15232,224
TCGA-05-4390-01A-01-BS1_x26320y15344,26320,15344,26208,15232,224
TCGA-05-4390-01A-01-BS1_x26544y15344,26544,15344,26432,15232,224
TCGA-05-4390-01A-01-BS1_x26768y15344,26768,15344,26656,15232,224
TCGA-05-4390-01A-01-BS1_x26992y15344,26992,15344,26880,15232,224
TCGA-05-4390-01A-01-BS1_x27216y15344,27216,15344,27104,15232,224
TCGA-05-4390-01A-01-BS1_x27440y15344,27440,15344,27328,15232,224
TCGA-05-4390-01A-01-BS1_x27664y15344,27664,15344,27552,15232,224
TCGA-05-4390-01A-01-BS1_x27888y15344,27888,15344,27776,15232,224
TCGA-05-4390-01A-01-BS1_x28112y15344,28112,15344,28000,15232,224
TCGA-05-4390-01A-01-BS1_x28336y15344,28336,15344,28224,15232,224
TCGA-05-4390-01A-01-BS1_x28560y15344,28560,15344,28448,15232,224
TCGA-05-4390-01A-01-BS1_x28784y15344,28784,15344,28672,15232,224
TCGA-05-4390-01A-01-BS1_x29008y15344,29008,15344,28896,15232,224
TCGA-05-4390-01A-01-BS1_x29232y15344,29232,15344,29120,15232,224
TCGA-05-4390-01A-01-BS1_x29456y15344,29456,15344,29344,15232,224
TCGA-05-4390-01A-01-BS1_x29680y15344,29680,15344,29568,15232,224
TCGA-05-4390-01A-01-BS1_x29904y15344,29904,15344,29792,15232,224
TCGA-05-4390-01A-01-BS1_x30128y15344,30128,15344,30016,15232,224
TCGA-05-4390-01A-01-BS1_x30352y15344,30352,15344,30240,15232,224
TCGA-05-4390-01A-01-BS1_x30576y15344,30576,15344,30464,15232,224
TCGA-05-4390-01A-01-BS1_x30800y15344,30800,15344,30688,15232,224
TCGA-05-4390-01A-01-BS1_x31024y15344,31024,15344,30912,15232,224
TCGA-05-4390-01A-01-BS1_x31248y15344,31248,15344,31136,15232,224
TCGA-05-4390-01A-01-BS1_x31472y15344,31472,15344,31360,15232,224
TCGA-05-4390-01A-01-BS1_x31696y15344,31696,15344,31584,15232,224
TCGA-05-4390-01A-01-BS1_x31920y15344,31920,15344,31808,15232,224
TCGA-05-4390-01A-01-BS1_x32144y15344,32144,15344,32032,15232,224
TCGA-05-4390-01A-01-BS1_x32368y15344,32368,15344,32256,15232,224
TCGA-05-4390-01A-01-BS1_x32592y15344,32592,15344,32480,15232,224
TCGA-05-4390-01A-01-BS1_x32816y15344,32816,15344,32704,15232,224
TCGA-05-4390-01A-01-BS1_x33040y15344,33040,15344,32928,15232,224
TCGA-05-4390-01A-01-BS1_x33264y15344,33264,15344,33152,15232,224
TCGA-05-4390-01A-01-BS1_x33488y15344,33488,15344,33376,15232,224
TCGA-05-4390-01A-01-BS1_x33712y15344,33712,15344,33600,15232,224
TCGA-05-4390-01A-01-BS1_x33936y15344,33936,15344,33824,15232,224
TCGA-05-4390-01A-01-BS1_x34160y15344,34160,15344,34048,15232,224
TCGA-05-4390-01A-01-BS1_x34384y15344,34384,15344,34272,15232,224
TCGA-05-4390-01A-01-BS1_x2800y15568,2800,15568,2688,15456,224
TCGA-05-4390-01A-01-BS1_x3024y15568,3024,15568,2912,15456,224
TCGA-05-4390-01A-01-BS1_x3248y15568,3248,15568,3136,15456,224
TCGA-05-4390-01A-01-BS1_x3472y15568,3472,15568,3360,15456,224
TCGA-05-4390-01A-01-BS1_x3696y15568,3696,15568,3584,15456,224
TCGA-05-4390-01A-01-BS1_x3920y15568,3920,15568,3808,15456,224
TCGA-05-4390-01A-01-BS1_x4144y15568,4144,15568,4032,15456,224
TCGA-05-4390-01A-01-BS1_x4368y15568,4368,15568,4256,15456,224
TCGA-05-4390-01A-01-BS1_x4592y15568,4592,15568,4480,15456,224
TCGA-05-4390-01A-01-BS1_x4816y15568,4816,15568,4704,15456,224
TCGA-05-4390-01A-01-BS1_x5040y15568,5040,15568,4928,15456,224
TCGA-05-4390-01A-01-BS1_x5264y15568,5264,15568,5152,15456,224
TCGA-05-4390-01A-01-BS1_x5488y15568,5488,15568,5376,15456,224
TCGA-05-4390-01A-01-BS1_x5712y15568,5712,15568,5600,15456,224
TCGA-05-4390-01A-01-BS1_x5936y15568,5936,15568,5824,15456,224
TCGA-05-4390-01A-01-BS1_x6160y15568,6160,15568,6048,15456,224
TCGA-05-4390-01A-01-BS1_x6384y15568,6384,15568,6272,15456,224
TCGA-05-4390-01A-01-BS1_x6608y15568,6608,15568,6496,15456,224
TCGA-05-4390-01A-01-BS1_x6832y15568,6832,15568,6720,15456,224
TCGA-05-4390-01A-01-BS1_x7056y15568,7056,15568,6944,15456,224
TCGA-05-4390-01A-01-BS1_x7280y15568,7280,15568,7168,15456,224
TCGA-05-4390-01A-01-BS1_x7504y15568,7504,15568,7392,15456,224
TCGA-05-4390-01A-01-BS1_x7728y15568,7728,15568,7616,15456,224
TCGA-05-4390-01A-01-BS1_x7952y15568,7952,15568,7840,15456,224
TCGA-05-4390-01A-01-BS1_x8176y15568,8176,15568,8064,15456,224
TCGA-05-4390-01A-01-BS1_x8400y15568,8400,15568,8288,15456,224
TCGA-05-4390-01A-01-BS1_x8624y15568,8624,15568,8512,15456,224
TCGA-05-4390-01A-01-BS1_x8848y15568,8848,15568,8736,15456,224
TCGA-05-4390-01A-01-BS1_x9072y15568,9072,15568,8960,15456,224
TCGA-05-4390-01A-01-BS1_x9296y15568,9296,15568,9184,15456,224
TCGA-05-4390-01A-01-BS1_x9520y15568,9520,15568,9408,15456,224
TCGA-05-4390-01A-01-BS1_x9744y15568,9744,15568,9632,15456,224
TCGA-05-4390-01A-01-BS1_x9968y15568,9968,15568,9856,15456,224
TCGA-05-4390-01A-01-BS1_x10192y15568,10192,15568,10080,15456,224
TCGA-05-4390-01A-01-BS1_x10416y15568,10416,15568,10304,15456,224
TCGA-05-4390-01A-01-BS1_x10640y15568,10640,15568,10528,15456,224
TCGA-05-4390-01A-01-BS1_x10864y15568,10864,15568,10752,15456,224
TCGA-05-4390-01A-01-BS1_x11088y15568,11088,15568,10976,15456,224
TCGA-05-4390-01A-01-BS1_x11312y15568,11312,15568,11200,15456,224
TCGA-05-4390-01A-01-BS1_x11536y15568,11536,15568,11424,15456,224
TCGA-05-4390-01A-01-BS1_x11760y15568,11760,15568,11648,15456,224
TCGA-05-4390-01A-01-BS1_x11984y15568,11984,15568,11872,15456,224
TCGA-05-4390-01A-01-BS1_x12208y15568,12208,15568,12096,15456,224
TCGA-05-4390-01A-01-BS1_x12432y15568,12432,15568,12320,15456,224
TCGA-05-4390-01A-01-BS1_x12656y15568,12656,15568,12544,15456,224
TCGA-05-4390-01A-01-BS1_x12880y15568,12880,15568,12768,15456,224
TCGA-05-4390-01A-01-BS1_x13104y15568,13104,15568,12992,15456,224
TCGA-05-4390-01A-01-BS1_x13328y15568,13328,15568,13216,15456,224
TCGA-05-4390-01A-01-BS1_x13552y15568,13552,15568,13440,15456,224
TCGA-05-4390-01A-01-BS1_x13776y15568,13776,15568,13664,15456,224
TCGA-05-4390-01A-01-BS1_x14000y15568,14000,15568,13888,15456,224
TCGA-05-4390-01A-01-BS1_x14224y15568,14224,15568,14112,15456,224
TCGA-05-4390-01A-01-BS1_x14448y15568,14448,15568,14336,15456,224
TCGA-05-4390-01A-01-BS1_x14672y15568,14672,15568,14560,15456,224
TCGA-05-4390-01A-01-BS1_x14896y15568,14896,15568,14784,15456,224
TCGA-05-4390-01A-01-BS1_x15120y15568,15120,15568,15008,15456,224
TCGA-05-4390-01A-01-BS1_x15344y15568,15344,15568,15232,15456,224
TCGA-05-4390-01A-01-BS1_x15568y15568,15568,15568,15456,15456,224
TCGA-05-4390-01A-01-BS1_x15792y15568,15792,15568,15680,15456,224
TCGA-05-4390-01A-01-BS1_x16016y15568,16016,15568,15904,15456,224
TCGA-05-4390-01A-01-BS1_x16240y15568,16240,15568,16128,15456,224
TCGA-05-4390-01A-01-BS1_x16464y15568,16464,15568,16352,15456,224
TCGA-05-4390-01A-01-BS1_x16688y15568,16688,15568,16576,15456,224
TCGA-05-4390-01A-01-BS1_x16912y15568,16912,15568,16800,15456,224
TCGA-05-4390-01A-01-BS1_x17136y15568,17136,15568,17024,15456,224
TCGA-05-4390-01A-01-BS1_x17360y15568,17360,15568,17248,15456,224
TCGA-05-4390-01A-01-BS1_x17584y15568,17584,15568,17472,15456,224
TCGA-05-4390-01A-01-BS1_x17808y15568,17808,15568,17696,15456,224
TCGA-05-4390-01A-01-BS1_x18032y15568,18032,15568,17920,15456,224
TCGA-05-4390-01A-01-BS1_x18256y15568,18256,15568,18144,15456,224
TCGA-05-4390-01A-01-BS1_x18480y15568,18480,15568,18368,15456,224
TCGA-05-4390-01A-01-BS1_x18704y15568,18704,15568,18592,15456,224
TCGA-05-4390-01A-01-BS1_x18928y15568,18928,15568,18816,15456,224
TCGA-05-4390-01A-01-BS1_x19152y15568,19152,15568,19040,15456,224
TCGA-05-4390-01A-01-BS1_x19376y15568,19376,15568,19264,15456,224
TCGA-05-4390-01A-01-BS1_x19600y15568,19600,15568,19488,15456,224
TCGA-05-4390-01A-01-BS1_x19824y15568,19824,15568,19712,15456,224
TCGA-05-4390-01A-01-BS1_x20048y15568,20048,15568,19936,15456,224
TCGA-05-4390-01A-01-BS1_x20272y15568,20272,15568,20160,15456,224
TCGA-05-4390-01A-01-BS1_x20496y15568,20496,15568,20384,15456,224
TCGA-05-4390-01A-01-BS1_x20720y15568,20720,15568,20608,15456,224
TCGA-05-4390-01A-01-BS1_x20944y15568,20944,15568,20832,15456,224
TCGA-05-4390-01A-01-BS1_x21168y15568,21168,15568,21056,15456,224
TCGA-05-4390-01A-01-BS1_x21392y15568,21392,15568,21280,15456,224
TCGA-05-4390-01A-01-BS1_x21616y15568,21616,15568,21504,15456,224
TCGA-05-4390-01A-01-BS1_x21840y15568,21840,15568,21728,15456,224
TCGA-05-4390-01A-01-BS1_x22064y15568,22064,15568,21952,15456,224
TCGA-05-4390-01A-01-BS1_x22288y15568,22288,15568,22176,15456,224
TCGA-05-4390-01A-01-BS1_x22512y15568,22512,15568,22400,15456,224
TCGA-05-4390-01A-01-BS1_x22736y15568,22736,15568,22624,15456,224
TCGA-05-4390-01A-01-BS1_x22960y15568,22960,15568,22848,15456,224
TCGA-05-4390-01A-01-BS1_x23184y15568,23184,15568,23072,15456,224
TCGA-05-4390-01A-01-BS1_x23408y15568,23408,15568,23296,15456,224
TCGA-05-4390-01A-01-BS1_x23632y15568,23632,15568,23520,15456,224
TCGA-05-4390-01A-01-BS1_x23856y15568,23856,15568,23744,15456,224
TCGA-05-4390-01A-01-BS1_x24080y15568,24080,15568,23968,15456,224
TCGA-05-4390-01A-01-BS1_x24304y15568,24304,15568,24192,15456,224
TCGA-05-4390-01A-01-BS1_x24528y15568,24528,15568,24416,15456,224
TCGA-05-4390-01A-01-BS1_x24752y15568,24752,15568,24640,15456,224
TCGA-05-4390-01A-01-BS1_x24976y15568,24976,15568,24864,15456,224
TCGA-05-4390-01A-01-BS1_x25200y15568,25200,15568,25088,15456,224
TCGA-05-4390-01A-01-BS1_x25424y15568,25424,15568,25312,15456,224
TCGA-05-4390-01A-01-BS1_x25648y15568,25648,15568,25536,15456,224
TCGA-05-4390-01A-01-BS1_x25872y15568,25872,15568,25760,15456,224
TCGA-05-4390-01A-01-BS1_x26096y15568,26096,15568,25984,15456,224
TCGA-05-4390-01A-01-BS1_x26320y15568,26320,15568,26208,15456,224
TCGA-05-4390-01A-01-BS1_x26544y15568,26544,15568,26432,15456,224
TCGA-05-4390-01A-01-BS1_x26768y15568,26768,15568,26656,15456,224
TCGA-05-4390-01A-01-BS1_x26992y15568,26992,15568,26880,15456,224
TCGA-05-4390-01A-01-BS1_x27216y15568,27216,15568,27104,15456,224
TCGA-05-4390-01A-01-BS1_x27440y15568,27440,15568,27328,15456,224
TCGA-05-4390-01A-01-BS1_x27664y15568,27664,15568,27552,15456,224
TCGA-05-4390-01A-01-BS1_x27888y15568,27888,15568,27776,15456,224
TCGA-05-4390-01A-01-BS1_x28112y15568,28112,15568,28000,15456,224
TCGA-05-4390-01A-01-BS1_x28336y15568,28336,15568,28224,15456,224
TCGA-05-4390-01A-01-BS1_x28560y15568,28560,15568,28448,15456,224
TCGA-05-4390-01A-01-BS1_x28784y15568,28784,15568,28672,15456,224
TCGA-05-4390-01A-01-BS1_x29008y15568,29008,15568,28896,15456,224
TCGA-05-4390-01A-01-BS1_x29232y15568,29232,15568,29120,15456,224
TCGA-05-4390-01A-01-BS1_x29456y15568,29456,15568,29344,15456,224
TCGA-05-4390-01A-01-BS1_x29680y15568,29680,15568,29568,15456,224
TCGA-05-4390-01A-01-BS1_x29904y15568,29904,15568,29792,15456,224
TCGA-05-4390-01A-01-BS1_x30128y15568,30128,15568,30016,15456,224
TCGA-05-4390-01A-01-BS1_x30352y15568,30352,15568,30240,15456,224
TCGA-05-4390-01A-01-BS1_x30576y15568,30576,15568,30464,15456,224
TCGA-05-4390-01A-01-BS1_x30800y15568,30800,15568,30688,15456,224
TCGA-05-4390-01A-01-BS1_x31024y15568,31024,15568,30912,15456,224
TCGA-05-4390-01A-01-BS1_x31248y15568,31248,15568,31136,15456,224
TCGA-05-4390-01A-01-BS1_x31472y15568,31472,15568,31360,15456,224
TCGA-05-4390-01A-01-BS1_x31696y15568,31696,15568,31584,15456,224
TCGA-05-4390-01A-01-BS1_x31920y15568,31920,15568,31808,15456,224
TCGA-05-4390-01A-01-BS1_x32144y15568,32144,15568,32032,15456,224
TCGA-05-4390-01A-01-BS1_x32368y15568,32368,15568,32256,15456,224
TCGA-05-4390-01A-01-BS1_x32592y15568,32592,15568,32480,15456,224
TCGA-05-4390-01A-01-BS1_x32816y15568,32816,15568,32704,15456,224
TCGA-05-4390-01A-01-BS1_x33040y15568,33040,15568,32928,15456,224
TCGA-05-4390-01A-01-BS1_x33264y15568,33264,15568,33152,15456,224
TCGA-05-4390-01A-01-BS1_x33488y15568,33488,15568,33376,15456,224
TCGA-05-4390-01A-01-BS1_x33712y15568,33712,15568,33600,15456,224
TCGA-05-4390-01A-01-BS1_x33936y15568,33936,15568,33824,15456,224
TCGA-05-4390-01A-01-BS1_x34160y15568,34160,15568,34048,15456,224
TCGA-05-4390-01A-01-BS1_x34384y15568,34384,15568,34272,15456,224
TCGA-05-4390-01A-01-BS1_x2800y15792,2800,15792,2688,15680,224
TCGA-05-4390-01A-01-BS1_x3024y15792,3024,15792,2912,15680,224
TCGA-05-4390-01A-01-BS1_x3248y15792,3248,15792,3136,15680,224
TCGA-05-4390-01A-01-BS1_x3472y15792,3472,15792,3360,15680,224
TCGA-05-4390-01A-01-BS1_x3696y15792,3696,15792,3584,15680,224
TCGA-05-4390-01A-01-BS1_x3920y15792,3920,15792,3808,15680,224
TCGA-05-4390-01A-01-BS1_x4144y15792,4144,15792,4032,15680,224
TCGA-05-4390-01A-01-BS1_x4368y15792,4368,15792,4256,15680,224
TCGA-05-4390-01A-01-BS1_x4592y15792,4592,15792,4480,15680,224
TCGA-05-4390-01A-01-BS1_x4816y15792,4816,15792,4704,15680,224
TCGA-05-4390-01A-01-BS1_x5040y15792,5040,15792,4928,15680,224
TCGA-05-4390-01A-01-BS1_x5264y15792,5264,15792,5152,15680,224
TCGA-05-4390-01A-01-BS1_x5488y15792,5488,15792,5376,15680,224
TCGA-05-4390-01A-01-BS1_x5712y15792,5712,15792,5600,15680,224
TCGA-05-4390-01A-01-BS1_x5936y15792,5936,15792,5824,15680,224
TCGA-05-4390-01A-01-BS1_x6160y15792,6160,15792,6048,15680,224
TCGA-05-4390-01A-01-BS1_x6384y15792,6384,15792,6272,15680,224
TCGA-05-4390-01A-01-BS1_x6608y15792,6608,15792,6496,15680,224
TCGA-05-4390-01A-01-BS1_x6832y15792,6832,15792,6720,15680,224
TCGA-05-4390-01A-01-BS1_x7056y15792,7056,15792,6944,15680,224
TCGA-05-4390-01A-01-BS1_x7280y15792,7280,15792,7168,15680,224
TCGA-05-4390-01A-01-BS1_x7504y15792,7504,15792,7392,15680,224
TCGA-05-4390-01A-01-BS1_x7728y15792,7728,15792,7616,15680,224
TCGA-05-4390-01A-01-BS1_x7952y15792,7952,15792,7840,15680,224
TCGA-05-4390-01A-01-BS1_x8176y15792,8176,15792,8064,15680,224
TCGA-05-4390-01A-01-BS1_x8400y15792,8400,15792,8288,15680,224
TCGA-05-4390-01A-01-BS1_x8624y15792,8624,15792,8512,15680,224
TCGA-05-4390-01A-01-BS1_x8848y15792,8848,15792,8736,15680,224
TCGA-05-4390-01A-01-BS1_x9072y15792,9072,15792,8960,15680,224
TCGA-05-4390-01A-01-BS1_x9296y15792,9296,15792,9184,15680,224
TCGA-05-4390-01A-01-BS1_x9520y15792,9520,15792,9408,15680,224
TCGA-05-4390-01A-01-BS1_x9744y15792,9744,15792,9632,15680,224
TCGA-05-4390-01A-01-BS1_x9968y15792,9968,15792,9856,15680,224
TCGA-05-4390-01A-01-BS1_x10192y15792,10192,15792,10080,15680,224
TCGA-05-4390-01A-01-BS1_x10416y15792,10416,15792,10304,15680,224
TCGA-05-4390-01A-01-BS1_x10640y15792,10640,15792,10528,15680,224
TCGA-05-4390-01A-01-BS1_x10864y15792,10864,15792,10752,15680,224
TCGA-05-4390-01A-01-BS1_x11088y15792,11088,15792,10976,15680,224
TCGA-05-4390-01A-01-BS1_x11312y15792,11312,15792,11200,15680,224
TCGA-05-4390-01A-01-BS1_x11536y15792,11536,15792,11424,15680,224
TCGA-05-4390-01A-01-BS1_x11760y15792,11760,15792,11648,15680,224
TCGA-05-4390-01A-01-BS1_x11984y15792,11984,15792,11872,15680,224
TCGA-05-4390-01A-01-BS1_x12208y15792,12208,15792,12096,15680,224
TCGA-05-4390-01A-01-BS1_x12432y15792,12432,15792,12320,15680,224
TCGA-05-4390-01A-01-BS1_x12656y15792,12656,15792,12544,15680,224
TCGA-05-4390-01A-01-BS1_x12880y15792,12880,15792,12768,15680,224
TCGA-05-4390-01A-01-BS1_x13104y15792,13104,15792,12992,15680,224
TCGA-05-4390-01A-01-BS1_x13328y15792,13328,15792,13216,15680,224
TCGA-05-4390-01A-01-BS1_x13552y15792,13552,15792,13440,15680,224
TCGA-05-4390-01A-01-BS1_x13776y15792,13776,15792,13664,15680,224
TCGA-05-4390-01A-01-BS1_x14000y15792,14000,15792,13888,15680,224
TCGA-05-4390-01A-01-BS1_x14224y15792,14224,15792,14112,15680,224
TCGA-05-4390-01A-01-BS1_x14448y15792,14448,15792,14336,15680,224
TCGA-05-4390-01A-01-BS1_x14672y15792,14672,15792,14560,15680,224
TCGA-05-4390-01A-01-BS1_x14896y15792,14896,15792,14784,15680,224
TCGA-05-4390-01A-01-BS1_x15120y15792,15120,15792,15008,15680,224
TCGA-05-4390-01A-01-BS1_x15344y15792,15344,15792,15232,15680,224
TCGA-05-4390-01A-01-BS1_x15568y15792,15568,15792,15456,15680,224
TCGA-05-4390-01A-01-BS1_x15792y15792,15792,15792,15680,15680,224
TCGA-05-4390-01A-01-BS1_x16016y15792,16016,15792,15904,15680,224
TCGA-05-4390-01A-01-BS1_x16240y15792,16240,15792,16128,15680,224
TCGA-05-4390-01A-01-BS1_x16464y15792,16464,15792,16352,15680,224
TCGA-05-4390-01A-01-BS1_x16688y15792,16688,15792,16576,15680,224
TCGA-05-4390-01A-01-BS1_x16912y15792,16912,15792,16800,15680,224
TCGA-05-4390-01A-01-BS1_x17136y15792,17136,15792,17024,15680,224
TCGA-05-4390-01A-01-BS1_x17360y15792,17360,15792,17248,15680,224
TCGA-05-4390-01A-01-BS1_x17584y15792,17584,15792,17472,15680,224
TCGA-05-4390-01A-01-BS1_x17808y15792,17808,15792,17696,15680,224
TCGA-05-4390-01A-01-BS1_x18032y15792,18032,15792,17920,15680,224
TCGA-05-4390-01A-01-BS1_x18256y15792,18256,15792,18144,15680,224
TCGA-05-4390-01A-01-BS1_x18480y15792,18480,15792,18368,15680,224
TCGA-05-4390-01A-01-BS1_x18704y15792,18704,15792,18592,15680,224
TCGA-05-4390-01A-01-BS1_x18928y15792,18928,15792,18816,15680,224
TCGA-05-4390-01A-01-BS1_x19152y15792,19152,15792,19040,15680,224
TCGA-05-4390-01A-01-BS1_x19376y15792,19376,15792,19264,15680,224
TCGA-05-4390-01A-01-BS1_x19600y15792,19600,15792,19488,15680,224
TCGA-05-4390-01A-01-BS1_x19824y15792,19824,15792,19712,15680,224
TCGA-05-4390-01A-01-BS1_x20048y15792,20048,15792,19936,15680,224
TCGA-05-4390-01A-01-BS1_x20272y15792,20272,15792,20160,15680,224
TCGA-05-4390-01A-01-BS1_x20496y15792,20496,15792,20384,15680,224
TCGA-05-4390-01A-01-BS1_x20720y15792,20720,15792,20608,15680,224
TCGA-05-4390-01A-01-BS1_x20944y15792,20944,15792,20832,15680,224
TCGA-05-4390-01A-01-BS1_x21168y15792,21168,15792,21056,15680,224
TCGA-05-4390-01A-01-BS1_x21392y15792,21392,15792,21280,15680,224
TCGA-05-4390-01A-01-BS1_x21616y15792,21616,15792,21504,15680,224
TCGA-05-4390-01A-01-BS1_x21840y15792,21840,15792,21728,15680,224
TCGA-05-4390-01A-01-BS1_x22064y15792,22064,15792,21952,15680,224
TCGA-05-4390-01A-01-BS1_x22288y15792,22288,15792,22176,15680,224
TCGA-05-4390-01A-01-BS1_x22512y15792,22512,15792,22400,15680,224
TCGA-05-4390-01A-01-BS1_x22736y15792,22736,15792,22624,15680,224
TCGA-05-4390-01A-01-BS1_x22960y15792,22960,15792,22848,15680,224
TCGA-05-4390-01A-01-BS1_x23184y15792,23184,15792,23072,15680,224
TCGA-05-4390-01A-01-BS1_x23408y15792,23408,15792,23296,15680,224
TCGA-05-4390-01A-01-BS1_x23632y15792,23632,15792,23520,15680,224
TCGA-05-4390-01A-01-BS1_x23856y15792,23856,15792,23744,15680,224
TCGA-05-4390-01A-01-BS1_x24080y15792,24080,15792,23968,15680,224
TCGA-05-4390-01A-01-BS1_x24304y15792,24304,15792,24192,15680,224
TCGA-05-4390-01A-01-BS1_x24528y15792,24528,15792,24416,15680,224
TCGA-05-4390-01A-01-BS1_x24752y15792,24752,15792,24640,15680,224
TCGA-05-4390-01A-01-BS1_x24976y15792,24976,15792,24864,15680,224
TCGA-05-4390-01A-01-BS1_x25200y15792,25200,15792,25088,15680,224
TCGA-05-4390-01A-01-BS1_x25424y15792,25424,15792,25312,15680,224
TCGA-05-4390-01A-01-BS1_x25648y15792,25648,15792,25536,15680,224
TCGA-05-4390-01A-01-BS1_x25872y15792,25872,15792,25760,15680,224
TCGA-05-4390-01A-01-BS1_x26096y15792,26096,15792,25984,15680,224
TCGA-05-4390-01A-01-BS1_x26320y15792,26320,15792,26208,15680,224
TCGA-05-4390-01A-01-BS1_x26544y15792,26544,15792,26432,15680,224
TCGA-05-4390-01A-01-BS1_x26768y15792,26768,15792,26656,15680,224
TCGA-05-4390-01A-01-BS1_x26992y15792,26992,15792,26880,15680,224
TCGA-05-4390-01A-01-BS1_x27216y15792,27216,15792,27104,15680,224
TCGA-05-4390-01A-01-BS1_x27440y15792,27440,15792,27328,15680,224
TCGA-05-4390-01A-01-BS1_x27664y15792,27664,15792,27552,15680,224
TCGA-05-4390-01A-01-BS1_x27888y15792,27888,15792,27776,15680,224
TCGA-05-4390-01A-01-BS1_x28112y15792,28112,15792,28000,15680,224
TCGA-05-4390-01A-01-BS1_x28336y15792,28336,15792,28224,15680,224
TCGA-05-4390-01A-01-BS1_x28560y15792,28560,15792,28448,15680,224
TCGA-05-4390-01A-01-BS1_x28784y15792,28784,15792,28672,15680,224
TCGA-05-4390-01A-01-BS1_x29008y15792,29008,15792,28896,15680,224
TCGA-05-4390-01A-01-BS1_x29232y15792,29232,15792,29120,15680,224
TCGA-05-4390-01A-01-BS1_x29456y15792,29456,15792,29344,15680,224
TCGA-05-4390-01A-01-BS1_x29680y15792,29680,15792,29568,15680,224
TCGA-05-4390-01A-01-BS1_x29904y15792,29904,15792,29792,15680,224
TCGA-05-4390-01A-01-BS1_x30128y15792,30128,15792,30016,15680,224
TCGA-05-4390-01A-01-BS1_x30352y15792,30352,15792,30240,15680,224
TCGA-05-4390-01A-01-BS1_x30800y15792,30800,15792,30688,15680,224
TCGA-05-4390-01A-01-BS1_x31024y15792,31024,15792,30912,15680,224
TCGA-05-4390-01A-01-BS1_x31248y15792,31248,15792,31136,15680,224
TCGA-05-4390-01A-01-BS1_x31472y15792,31472,15792,31360,15680,224
TCGA-05-4390-01A-01-BS1_x31696y15792,31696,15792,31584,15680,224
TCGA-05-4390-01A-01-BS1_x31920y15792,31920,15792,31808,15680,224
TCGA-05-4390-01A-01-BS1_x32144y15792,32144,15792,32032,15680,224
TCGA-05-4390-01A-01-BS1_x32368y15792,32368,15792,32256,15680,224
TCGA-05-4390-01A-01-BS1_x32592y15792,32592,15792,32480,15680,224
TCGA-05-4390-01A-01-BS1_x32816y15792,32816,15792,32704,15680,224
TCGA-05-4390-01A-01-BS1_x33040y15792,33040,15792,32928,15680,224
TCGA-05-4390-01A-01-BS1_x33264y15792,33264,15792,33152,15680,224
TCGA-05-4390-01A-01-BS1_x33488y15792,33488,15792,33376,15680,224
TCGA-05-4390-01A-01-BS1_x33712y15792,33712,15792,33600,15680,224
TCGA-05-4390-01A-01-BS1_x33936y15792,33936,15792,33824,15680,224
TCGA-05-4390-01A-01-BS1_x34160y15792,34160,15792,34048,15680,224
TCGA-05-4390-01A-01-BS1_x34384y15792,34384,15792,34272,15680,224
TCGA-05-4390-01A-01-BS1_x3024y16016,3024,16016,2912,15904,224
TCGA-05-4390-01A-01-BS1_x3248y16016,3248,16016,3136,15904,224
TCGA-05-4390-01A-01-BS1_x3472y16016,3472,16016,3360,15904,224
TCGA-05-4390-01A-01-BS1_x3696y16016,3696,16016,3584,15904,224
TCGA-05-4390-01A-01-BS1_x3920y16016,3920,16016,3808,15904,224
TCGA-05-4390-01A-01-BS1_x4144y16016,4144,16016,4032,15904,224
TCGA-05-4390-01A-01-BS1_x4368y16016,4368,16016,4256,15904,224
TCGA-05-4390-01A-01-BS1_x4592y16016,4592,16016,4480,15904,224
TCGA-05-4390-01A-01-BS1_x4816y16016,4816,16016,4704,15904,224
TCGA-05-4390-01A-01-BS1_x5040y16016,5040,16016,4928,15904,224
TCGA-05-4390-01A-01-BS1_x5264y16016,5264,16016,5152,15904,224
TCGA-05-4390-01A-01-BS1_x5488y16016,5488,16016,5376,15904,224
TCGA-05-4390-01A-01-BS1_x5712y16016,5712,16016,5600,15904,224
TCGA-05-4390-01A-01-BS1_x5936y16016,5936,16016,5824,15904,224
TCGA-05-4390-01A-01-BS1_x6160y16016,6160,16016,6048,15904,224
TCGA-05-4390-01A-01-BS1_x6384y16016,6384,16016,6272,15904,224
TCGA-05-4390-01A-01-BS1_x6608y16016,6608,16016,6496,15904,224
TCGA-05-4390-01A-01-BS1_x6832y16016,6832,16016,6720,15904,224
TCGA-05-4390-01A-01-BS1_x7056y16016,7056,16016,6944,15904,224
TCGA-05-4390-01A-01-BS1_x7280y16016,7280,16016,7168,15904,224
TCGA-05-4390-01A-01-BS1_x7504y16016,7504,16016,7392,15904,224
TCGA-05-4390-01A-01-BS1_x7728y16016,7728,16016,7616,15904,224
TCGA-05-4390-01A-01-BS1_x7952y16016,7952,16016,7840,15904,224
TCGA-05-4390-01A-01-BS1_x8176y16016,8176,16016,8064,15904,224
TCGA-05-4390-01A-01-BS1_x8400y16016,8400,16016,8288,15904,224
TCGA-05-4390-01A-01-BS1_x8624y16016,8624,16016,8512,15904,224
TCGA-05-4390-01A-01-BS1_x8848y16016,8848,16016,8736,15904,224
TCGA-05-4390-01A-01-BS1_x9072y16016,9072,16016,8960,15904,224
TCGA-05-4390-01A-01-BS1_x9296y16016,9296,16016,9184,15904,224
TCGA-05-4390-01A-01-BS1_x9520y16016,9520,16016,9408,15904,224
TCGA-05-4390-01A-01-BS1_x9744y16016,9744,16016,9632,15904,224
TCGA-05-4390-01A-01-BS1_x9968y16016,9968,16016,9856,15904,224
TCGA-05-4390-01A-01-BS1_x10192y16016,10192,16016,10080,15904,224
TCGA-05-4390-01A-01-BS1_x10416y16016,10416,16016,10304,15904,224
TCGA-05-4390-01A-01-BS1_x10640y16016,10640,16016,10528,15904,224
TCGA-05-4390-01A-01-BS1_x10864y16016,10864,16016,10752,15904,224
TCGA-05-4390-01A-01-BS1_x11088y16016,11088,16016,10976,15904,224
TCGA-05-4390-01A-01-BS1_x11312y16016,11312,16016,11200,15904,224
TCGA-05-4390-01A-01-BS1_x11536y16016,11536,16016,11424,15904,224
TCGA-05-4390-01A-01-BS1_x11760y16016,11760,16016,11648,15904,224
TCGA-05-4390-01A-01-BS1_x11984y16016,11984,16016,11872,15904,224
TCGA-05-4390-01A-01-BS1_x12208y16016,12208,16016,12096,15904,224
TCGA-05-4390-01A-01-BS1_x12432y16016,12432,16016,12320,15904,224
TCGA-05-4390-01A-01-BS1_x12656y16016,12656,16016,12544,15904,224
TCGA-05-4390-01A-01-BS1_x12880y16016,12880,16016,12768,15904,224
TCGA-05-4390-01A-01-BS1_x13104y16016,13104,16016,12992,15904,224
TCGA-05-4390-01A-01-BS1_x13328y16016,13328,16016,13216,15904,224
TCGA-05-4390-01A-01-BS1_x13552y16016,13552,16016,13440,15904,224
TCGA-05-4390-01A-01-BS1_x13776y16016,13776,16016,13664,15904,224
TCGA-05-4390-01A-01-BS1_x14000y16016,14000,16016,13888,15904,224
TCGA-05-4390-01A-01-BS1_x14224y16016,14224,16016,14112,15904,224
TCGA-05-4390-01A-01-BS1_x14448y16016,14448,16016,14336,15904,224
TCGA-05-4390-01A-01-BS1_x14672y16016,14672,16016,14560,15904,224
TCGA-05-4390-01A-01-BS1_x14896y16016,14896,16016,14784,15904,224
TCGA-05-4390-01A-01-BS1_x15120y16016,15120,16016,15008,15904,224
TCGA-05-4390-01A-01-BS1_x15344y16016,15344,16016,15232,15904,224
TCGA-05-4390-01A-01-BS1_x15568y16016,15568,16016,15456,15904,224
TCGA-05-4390-01A-01-BS1_x15792y16016,15792,16016,15680,15904,224
TCGA-05-4390-01A-01-BS1_x16016y16016,16016,16016,15904,15904,224
TCGA-05-4390-01A-01-BS1_x16240y16016,16240,16016,16128,15904,224
TCGA-05-4390-01A-01-BS1_x16464y16016,16464,16016,16352,15904,224
TCGA-05-4390-01A-01-BS1_x16688y16016,16688,16016,16576,15904,224
TCGA-05-4390-01A-01-BS1_x16912y16016,16912,16016,16800,15904,224
TCGA-05-4390-01A-01-BS1_x17136y16016,17136,16016,17024,15904,224
TCGA-05-4390-01A-01-BS1_x17360y16016,17360,16016,17248,15904,224
TCGA-05-4390-01A-01-BS1_x17584y16016,17584,16016,17472,15904,224
TCGA-05-4390-01A-01-BS1_x17808y16016,17808,16016,17696,15904,224
TCGA-05-4390-01A-01-BS1_x18032y16016,18032,16016,17920,15904,224
TCGA-05-4390-01A-01-BS1_x18256y16016,18256,16016,18144,15904,224
TCGA-05-4390-01A-01-BS1_x18480y16016,18480,16016,18368,15904,224
TCGA-05-4390-01A-01-BS1_x18704y16016,18704,16016,18592,15904,224
TCGA-05-4390-01A-01-BS1_x18928y16016,18928,16016,18816,15904,224
TCGA-05-4390-01A-01-BS1_x19152y16016,19152,16016,19040,15904,224
TCGA-05-4390-01A-01-BS1_x19376y16016,19376,16016,19264,15904,224
TCGA-05-4390-01A-01-BS1_x19600y16016,19600,16016,19488,15904,224
TCGA-05-4390-01A-01-BS1_x19824y16016,19824,16016,19712,15904,224
TCGA-05-4390-01A-01-BS1_x20048y16016,20048,16016,19936,15904,224
TCGA-05-4390-01A-01-BS1_x20272y16016,20272,16016,20160,15904,224
TCGA-05-4390-01A-01-BS1_x20496y16016,20496,16016,20384,15904,224
TCGA-05-4390-01A-01-BS1_x20720y16016,20720,16016,20608,15904,224
TCGA-05-4390-01A-01-BS1_x20944y16016,20944,16016,20832,15904,224
TCGA-05-4390-01A-01-BS1_x21168y16016,21168,16016,21056,15904,224
TCGA-05-4390-01A-01-BS1_x21392y16016,21392,16016,21280,15904,224
TCGA-05-4390-01A-01-BS1_x21616y16016,21616,16016,21504,15904,224
TCGA-05-4390-01A-01-BS1_x21840y16016,21840,16016,21728,15904,224
TCGA-05-4390-01A-01-BS1_x22064y16016,22064,16016,21952,15904,224
TCGA-05-4390-01A-01-BS1_x22288y16016,22288,16016,22176,15904,224
TCGA-05-4390-01A-01-BS1_x22512y16016,22512,16016,22400,15904,224
TCGA-05-4390-01A-01-BS1_x22736y16016,22736,16016,22624,15904,224
TCGA-05-4390-01A-01-BS1_x22960y16016,22960,16016,22848,15904,224
TCGA-05-4390-01A-01-BS1_x23184y16016,23184,16016,23072,15904,224
TCGA-05-4390-01A-01-BS1_x23408y16016,23408,16016,23296,15904,224
TCGA-05-4390-01A-01-BS1_x23632y16016,23632,16016,23520,15904,224
TCGA-05-4390-01A-01-BS1_x23856y16016,23856,16016,23744,15904,224
TCGA-05-4390-01A-01-BS1_x24080y16016,24080,16016,23968,15904,224
TCGA-05-4390-01A-01-BS1_x24304y16016,24304,16016,24192,15904,224
TCGA-05-4390-01A-01-BS1_x24528y16016,24528,16016,24416,15904,224
TCGA-05-4390-01A-01-BS1_x24752y16016,24752,16016,24640,15904,224
TCGA-05-4390-01A-01-BS1_x24976y16016,24976,16016,24864,15904,224
TCGA-05-4390-01A-01-BS1_x25200y16016,25200,16016,25088,15904,224
TCGA-05-4390-01A-01-BS1_x25424y16016,25424,16016,25312,15904,224
TCGA-05-4390-01A-01-BS1_x25648y16016,25648,16016,25536,15904,224
TCGA-05-4390-01A-01-BS1_x25872y16016,25872,16016,25760,15904,224
TCGA-05-4390-01A-01-BS1_x26096y16016,26096,16016,25984,15904,224
TCGA-05-4390-01A-01-BS1_x26320y16016,26320,16016,26208,15904,224
TCGA-05-4390-01A-01-BS1_x26544y16016,26544,16016,26432,15904,224
TCGA-05-4390-01A-01-BS1_x26768y16016,26768,16016,26656,15904,224
TCGA-05-4390-01A-01-BS1_x26992y16016,26992,16016,26880,15904,224
TCGA-05-4390-01A-01-BS1_x27216y16016,27216,16016,27104,15904,224
TCGA-05-4390-01A-01-BS1_x27440y16016,27440,16016,27328,15904,224
TCGA-05-4390-01A-01-BS1_x27664y16016,27664,16016,27552,15904,224
TCGA-05-4390-01A-01-BS1_x27888y16016,27888,16016,27776,15904,224
TCGA-05-4390-01A-01-BS1_x28112y16016,28112,16016,28000,15904,224
TCGA-05-4390-01A-01-BS1_x28336y16016,28336,16016,28224,15904,224
TCGA-05-4390-01A-01-BS1_x28560y16016,28560,16016,28448,15904,224
TCGA-05-4390-01A-01-BS1_x28784y16016,28784,16016,28672,15904,224
TCGA-05-4390-01A-01-BS1_x29008y16016,29008,16016,28896,15904,224
TCGA-05-4390-01A-01-BS1_x29232y16016,29232,16016,29120,15904,224
TCGA-05-4390-01A-01-BS1_x29456y16016,29456,16016,29344,15904,224
TCGA-05-4390-01A-01-BS1_x29680y16016,29680,16016,29568,15904,224
TCGA-05-4390-01A-01-BS1_x29904y16016,29904,16016,29792,15904,224
TCGA-05-4390-01A-01-BS1_x30128y16016,30128,16016,30016,15904,224
TCGA-05-4390-01A-01-BS1_x30352y16016,30352,16016,30240,15904,224
TCGA-05-4390-01A-01-BS1_x30576y16016,30576,16016,30464,15904,224
TCGA-05-4390-01A-01-BS1_x30800y16016,30800,16016,30688,15904,224
TCGA-05-4390-01A-01-BS1_x31024y16016,31024,16016,30912,15904,224
TCGA-05-4390-01A-01-BS1_x31248y16016,31248,16016,31136,15904,224
TCGA-05-4390-01A-01-BS1_x31472y16016,31472,16016,31360,15904,224
TCGA-05-4390-01A-01-BS1_x31696y16016,31696,16016,31584,15904,224
TCGA-05-4390-01A-01-BS1_x31920y16016,31920,16016,31808,15904,224
TCGA-05-4390-01A-01-BS1_x32144y16016,32144,16016,32032,15904,224
TCGA-05-4390-01A-01-BS1_x32368y16016,32368,16016,32256,15904,224
TCGA-05-4390-01A-01-BS1_x32592y16016,32592,16016,32480,15904,224
TCGA-05-4390-01A-01-BS1_x32816y16016,32816,16016,32704,15904,224
TCGA-05-4390-01A-01-BS1_x33040y16016,33040,16016,32928,15904,224
TCGA-05-4390-01A-01-BS1_x33264y16016,33264,16016,33152,15904,224
TCGA-05-4390-01A-01-BS1_x33488y16016,33488,16016,33376,15904,224
TCGA-05-4390-01A-01-BS1_x33712y16016,33712,16016,33600,15904,224
TCGA-05-4390-01A-01-BS1_x33936y16016,33936,16016,33824,15904,224
TCGA-05-4390-01A-01-BS1_x34160y16016,34160,16016,34048,15904,224
TCGA-05-4390-01A-01-BS1_x34384y16016,34384,16016,34272,15904,224
TCGA-05-4390-01A-01-BS1_x3024y16240,3024,16240,2912,16128,224
TCGA-05-4390-01A-01-BS1_x3248y16240,3248,16240,3136,16128,224
TCGA-05-4390-01A-01-BS1_x3472y16240,3472,16240,3360,16128,224
TCGA-05-4390-01A-01-BS1_x3696y16240,3696,16240,3584,16128,224
TCGA-05-4390-01A-01-BS1_x3920y16240,3920,16240,3808,16128,224
TCGA-05-4390-01A-01-BS1_x4144y16240,4144,16240,4032,16128,224
TCGA-05-4390-01A-01-BS1_x4368y16240,4368,16240,4256,16128,224
TCGA-05-4390-01A-01-BS1_x4592y16240,4592,16240,4480,16128,224
TCGA-05-4390-01A-01-BS1_x4816y16240,4816,16240,4704,16128,224
TCGA-05-4390-01A-01-BS1_x5040y16240,5040,16240,4928,16128,224
TCGA-05-4390-01A-01-BS1_x5264y16240,5264,16240,5152,16128,224
TCGA-05-4390-01A-01-BS1_x5488y16240,5488,16240,5376,16128,224
TCGA-05-4390-01A-01-BS1_x5936y16240,5936,16240,5824,16128,224
TCGA-05-4390-01A-01-BS1_x6160y16240,6160,16240,6048,16128,224
TCGA-05-4390-01A-01-BS1_x6384y16240,6384,16240,6272,16128,224
TCGA-05-4390-01A-01-BS1_x6608y16240,6608,16240,6496,16128,224
TCGA-05-4390-01A-01-BS1_x6832y16240,6832,16240,6720,16128,224
TCGA-05-4390-01A-01-BS1_x7056y16240,7056,16240,6944,16128,224
TCGA-05-4390-01A-01-BS1_x7280y16240,7280,16240,7168,16128,224
TCGA-05-4390-01A-01-BS1_x7504y16240,7504,16240,7392,16128,224
TCGA-05-4390-01A-01-BS1_x7728y16240,7728,16240,7616,16128,224
TCGA-05-4390-01A-01-BS1_x7952y16240,7952,16240,7840,16128,224
TCGA-05-4390-01A-01-BS1_x8176y16240,8176,16240,8064,16128,224
TCGA-05-4390-01A-01-BS1_x8400y16240,8400,16240,8288,16128,224
TCGA-05-4390-01A-01-BS1_x8624y16240,8624,16240,8512,16128,224
TCGA-05-4390-01A-01-BS1_x8848y16240,8848,16240,8736,16128,224
TCGA-05-4390-01A-01-BS1_x9072y16240,9072,16240,8960,16128,224
TCGA-05-4390-01A-01-BS1_x9296y16240,9296,16240,9184,16128,224
TCGA-05-4390-01A-01-BS1_x9520y16240,9520,16240,9408,16128,224
TCGA-05-4390-01A-01-BS1_x9744y16240,9744,16240,9632,16128,224
TCGA-05-4390-01A-01-BS1_x9968y16240,9968,16240,9856,16128,224
TCGA-05-4390-01A-01-BS1_x10192y16240,10192,16240,10080,16128,224
TCGA-05-4390-01A-01-BS1_x10416y16240,10416,16240,10304,16128,224
TCGA-05-4390-01A-01-BS1_x10640y16240,10640,16240,10528,16128,224
TCGA-05-4390-01A-01-BS1_x10864y16240,10864,16240,10752,16128,224
TCGA-05-4390-01A-01-BS1_x11088y16240,11088,16240,10976,16128,224
TCGA-05-4390-01A-01-BS1_x11312y16240,11312,16240,11200,16128,224
TCGA-05-4390-01A-01-BS1_x11536y16240,11536,16240,11424,16128,224
TCGA-05-4390-01A-01-BS1_x11760y16240,11760,16240,11648,16128,224
TCGA-05-4390-01A-01-BS1_x11984y16240,11984,16240,11872,16128,224
TCGA-05-4390-01A-01-BS1_x12208y16240,12208,16240,12096,16128,224
TCGA-05-4390-01A-01-BS1_x12432y16240,12432,16240,12320,16128,224
TCGA-05-4390-01A-01-BS1_x12656y16240,12656,16240,12544,16128,224
TCGA-05-4390-01A-01-BS1_x12880y16240,12880,16240,12768,16128,224
TCGA-05-4390-01A-01-BS1_x13104y16240,13104,16240,12992,16128,224
TCGA-05-4390-01A-01-BS1_x13328y16240,13328,16240,13216,16128,224
TCGA-05-4390-01A-01-BS1_x13552y16240,13552,16240,13440,16128,224
TCGA-05-4390-01A-01-BS1_x13776y16240,13776,16240,13664,16128,224
TCGA-05-4390-01A-01-BS1_x14000y16240,14000,16240,13888,16128,224
TCGA-05-4390-01A-01-BS1_x14224y16240,14224,16240,14112,16128,224
TCGA-05-4390-01A-01-BS1_x14448y16240,14448,16240,14336,16128,224
TCGA-05-4390-01A-01-BS1_x14672y16240,14672,16240,14560,16128,224
TCGA-05-4390-01A-01-BS1_x14896y16240,14896,16240,14784,16128,224
TCGA-05-4390-01A-01-BS1_x15120y16240,15120,16240,15008,16128,224
TCGA-05-4390-01A-01-BS1_x15344y16240,15344,16240,15232,16128,224
TCGA-05-4390-01A-01-BS1_x15568y16240,15568,16240,15456,16128,224
TCGA-05-4390-01A-01-BS1_x15792y16240,15792,16240,15680,16128,224
TCGA-05-4390-01A-01-BS1_x16016y16240,16016,16240,15904,16128,224
TCGA-05-4390-01A-01-BS1_x16240y16240,16240,16240,16128,16128,224
TCGA-05-4390-01A-01-BS1_x16464y16240,16464,16240,16352,16128,224
TCGA-05-4390-01A-01-BS1_x16688y16240,16688,16240,16576,16128,224
TCGA-05-4390-01A-01-BS1_x16912y16240,16912,16240,16800,16128,224
TCGA-05-4390-01A-01-BS1_x17136y16240,17136,16240,17024,16128,224
TCGA-05-4390-01A-01-BS1_x17360y16240,17360,16240,17248,16128,224
TCGA-05-4390-01A-01-BS1_x17584y16240,17584,16240,17472,16128,224
TCGA-05-4390-01A-01-BS1_x17808y16240,17808,16240,17696,16128,224
TCGA-05-4390-01A-01-BS1_x18032y16240,18032,16240,17920,16128,224
TCGA-05-4390-01A-01-BS1_x18256y16240,18256,16240,18144,16128,224
TCGA-05-4390-01A-01-BS1_x18480y16240,18480,16240,18368,16128,224
TCGA-05-4390-01A-01-BS1_x18704y16240,18704,16240,18592,16128,224
TCGA-05-4390-01A-01-BS1_x18928y16240,18928,16240,18816,16128,224
TCGA-05-4390-01A-01-BS1_x19152y16240,19152,16240,19040,16128,224
TCGA-05-4390-01A-01-BS1_x19376y16240,19376,16240,19264,16128,224
TCGA-05-4390-01A-01-BS1_x19600y16240,19600,16240,19488,16128,224
TCGA-05-4390-01A-01-BS1_x19824y16240,19824,16240,19712,16128,224
TCGA-05-4390-01A-01-BS1_x20048y16240,20048,16240,19936,16128,224
TCGA-05-4390-01A-01-BS1_x20272y16240,20272,16240,20160,16128,224
TCGA-05-4390-01A-01-BS1_x20496y16240,20496,16240,20384,16128,224
TCGA-05-4390-01A-01-BS1_x20720y16240,20720,16240,20608,16128,224
TCGA-05-4390-01A-01-BS1_x20944y16240,20944,16240,20832,16128,224
TCGA-05-4390-01A-01-BS1_x21168y16240,21168,16240,21056,16128,224
TCGA-05-4390-01A-01-BS1_x21392y16240,21392,16240,21280,16128,224
TCGA-05-4390-01A-01-BS1_x21616y16240,21616,16240,21504,16128,224
TCGA-05-4390-01A-01-BS1_x21840y16240,21840,16240,21728,16128,224
TCGA-05-4390-01A-01-BS1_x22064y16240,22064,16240,21952,16128,224
TCGA-05-4390-01A-01-BS1_x22288y16240,22288,16240,22176,16128,224
TCGA-05-4390-01A-01-BS1_x22512y16240,22512,16240,22400,16128,224
TCGA-05-4390-01A-01-BS1_x22736y16240,22736,16240,22624,16128,224
TCGA-05-4390-01A-01-BS1_x22960y16240,22960,16240,22848,16128,224
TCGA-05-4390-01A-01-BS1_x23184y16240,23184,16240,23072,16128,224
TCGA-05-4390-01A-01-BS1_x23408y16240,23408,16240,23296,16128,224
TCGA-05-4390-01A-01-BS1_x23632y16240,23632,16240,23520,16128,224
TCGA-05-4390-01A-01-BS1_x23856y16240,23856,16240,23744,16128,224
TCGA-05-4390-01A-01-BS1_x24080y16240,24080,16240,23968,16128,224
TCGA-05-4390-01A-01-BS1_x24304y16240,24304,16240,24192,16128,224
TCGA-05-4390-01A-01-BS1_x24528y16240,24528,16240,24416,16128,224
TCGA-05-4390-01A-01-BS1_x24752y16240,24752,16240,24640,16128,224
TCGA-05-4390-01A-01-BS1_x24976y16240,24976,16240,24864,16128,224
TCGA-05-4390-01A-01-BS1_x25200y16240,25200,16240,25088,16128,224
TCGA-05-4390-01A-01-BS1_x25424y16240,25424,16240,25312,16128,224
TCGA-05-4390-01A-01-BS1_x25648y16240,25648,16240,25536,16128,224
TCGA-05-4390-01A-01-BS1_x25872y16240,25872,16240,25760,16128,224
TCGA-05-4390-01A-01-BS1_x26096y16240,26096,16240,25984,16128,224
TCGA-05-4390-01A-01-BS1_x26320y16240,26320,16240,26208,16128,224
TCGA-05-4390-01A-01-BS1_x26544y16240,26544,16240,26432,16128,224
TCGA-05-4390-01A-01-BS1_x26768y16240,26768,16240,26656,16128,224
TCGA-05-4390-01A-01-BS1_x26992y16240,26992,16240,26880,16128,224
TCGA-05-4390-01A-01-BS1_x27216y16240,27216,16240,27104,16128,224
TCGA-05-4390-01A-01-BS1_x27440y16240,27440,16240,27328,16128,224
TCGA-05-4390-01A-01-BS1_x27664y16240,27664,16240,27552,16128,224
TCGA-05-4390-01A-01-BS1_x27888y16240,27888,16240,27776,16128,224
TCGA-05-4390-01A-01-BS1_x28112y16240,28112,16240,28000,16128,224
TCGA-05-4390-01A-01-BS1_x28336y16240,28336,16240,28224,16128,224
TCGA-05-4390-01A-01-BS1_x28560y16240,28560,16240,28448,16128,224
TCGA-05-4390-01A-01-BS1_x28784y16240,28784,16240,28672,16128,224
TCGA-05-4390-01A-01-BS1_x29008y16240,29008,16240,28896,16128,224
TCGA-05-4390-01A-01-BS1_x29232y16240,29232,16240,29120,16128,224
TCGA-05-4390-01A-01-BS1_x29456y16240,29456,16240,29344,16128,224
TCGA-05-4390-01A-01-BS1_x29680y16240,29680,16240,29568,16128,224
TCGA-05-4390-01A-01-BS1_x29904y16240,29904,16240,29792,16128,224
TCGA-05-4390-01A-01-BS1_x30128y16240,30128,16240,30016,16128,224
TCGA-05-4390-01A-01-BS1_x30352y16240,30352,16240,30240,16128,224
TCGA-05-4390-01A-01-BS1_x30576y16240,30576,16240,30464,16128,224
TCGA-05-4390-01A-01-BS1_x30800y16240,30800,16240,30688,16128,224
TCGA-05-4390-01A-01-BS1_x31024y16240,31024,16240,30912,16128,224
TCGA-05-4390-01A-01-BS1_x31248y16240,31248,16240,31136,16128,224
TCGA-05-4390-01A-01-BS1_x31472y16240,31472,16240,31360,16128,224
TCGA-05-4390-01A-01-BS1_x31696y16240,31696,16240,31584,16128,224
TCGA-05-4390-01A-01-BS1_x31920y16240,31920,16240,31808,16128,224
TCGA-05-4390-01A-01-BS1_x32144y16240,32144,16240,32032,16128,224
TCGA-05-4390-01A-01-BS1_x32368y16240,32368,16240,32256,16128,224
TCGA-05-4390-01A-01-BS1_x32592y16240,32592,16240,32480,16128,224
TCGA-05-4390-01A-01-BS1_x32816y16240,32816,16240,32704,16128,224
TCGA-05-4390-01A-01-BS1_x33040y16240,33040,16240,32928,16128,224
TCGA-05-4390-01A-01-BS1_x33264y16240,33264,16240,33152,16128,224
TCGA-05-4390-01A-01-BS1_x33488y16240,33488,16240,33376,16128,224
TCGA-05-4390-01A-01-BS1_x33712y16240,33712,16240,33600,16128,224
TCGA-05-4390-01A-01-BS1_x33936y16240,33936,16240,33824,16128,224
TCGA-05-4390-01A-01-BS1_x34160y16240,34160,16240,34048,16128,224
TCGA-05-4390-01A-01-BS1_x34384y16240,34384,16240,34272,16128,224
TCGA-05-4390-01A-01-BS1_x3024y16464,3024,16464,2912,16352,224
TCGA-05-4390-01A-01-BS1_x3248y16464,3248,16464,3136,16352,224
TCGA-05-4390-01A-01-BS1_x3472y16464,3472,16464,3360,16352,224
TCGA-05-4390-01A-01-BS1_x3696y16464,3696,16464,3584,16352,224
TCGA-05-4390-01A-01-BS1_x3920y16464,3920,16464,3808,16352,224
TCGA-05-4390-01A-01-BS1_x4144y16464,4144,16464,4032,16352,224
TCGA-05-4390-01A-01-BS1_x4368y16464,4368,16464,4256,16352,224
TCGA-05-4390-01A-01-BS1_x4592y16464,4592,16464,4480,16352,224
TCGA-05-4390-01A-01-BS1_x4816y16464,4816,16464,4704,16352,224
TCGA-05-4390-01A-01-BS1_x5040y16464,5040,16464,4928,16352,224
TCGA-05-4390-01A-01-BS1_x5264y16464,5264,16464,5152,16352,224
TCGA-05-4390-01A-01-BS1_x5488y16464,5488,16464,5376,16352,224
TCGA-05-4390-01A-01-BS1_x5712y16464,5712,16464,5600,16352,224
TCGA-05-4390-01A-01-BS1_x5936y16464,5936,16464,5824,16352,224
TCGA-05-4390-01A-01-BS1_x6160y16464,6160,16464,6048,16352,224
TCGA-05-4390-01A-01-BS1_x6384y16464,6384,16464,6272,16352,224
TCGA-05-4390-01A-01-BS1_x6608y16464,6608,16464,6496,16352,224
TCGA-05-4390-01A-01-BS1_x6832y16464,6832,16464,6720,16352,224
TCGA-05-4390-01A-01-BS1_x7056y16464,7056,16464,6944,16352,224
TCGA-05-4390-01A-01-BS1_x7280y16464,7280,16464,7168,16352,224
TCGA-05-4390-01A-01-BS1_x7504y16464,7504,16464,7392,16352,224
TCGA-05-4390-01A-01-BS1_x7728y16464,7728,16464,7616,16352,224
TCGA-05-4390-01A-01-BS1_x7952y16464,7952,16464,7840,16352,224
TCGA-05-4390-01A-01-BS1_x8176y16464,8176,16464,8064,16352,224
TCGA-05-4390-01A-01-BS1_x8400y16464,8400,16464,8288,16352,224
TCGA-05-4390-01A-01-BS1_x8624y16464,8624,16464,8512,16352,224
TCGA-05-4390-01A-01-BS1_x8848y16464,8848,16464,8736,16352,224
TCGA-05-4390-01A-01-BS1_x9072y16464,9072,16464,8960,16352,224
TCGA-05-4390-01A-01-BS1_x9296y16464,9296,16464,9184,16352,224
TCGA-05-4390-01A-01-BS1_x9520y16464,9520,16464,9408,16352,224
TCGA-05-4390-01A-01-BS1_x9744y16464,9744,16464,9632,16352,224
TCGA-05-4390-01A-01-BS1_x9968y16464,9968,16464,9856,16352,224
TCGA-05-4390-01A-01-BS1_x10192y16464,10192,16464,10080,16352,224
TCGA-05-4390-01A-01-BS1_x10416y16464,10416,16464,10304,16352,224
TCGA-05-4390-01A-01-BS1_x10640y16464,10640,16464,10528,16352,224
TCGA-05-4390-01A-01-BS1_x10864y16464,10864,16464,10752,16352,224
TCGA-05-4390-01A-01-BS1_x11088y16464,11088,16464,10976,16352,224
TCGA-05-4390-01A-01-BS1_x11312y16464,11312,16464,11200,16352,224
TCGA-05-4390-01A-01-BS1_x11536y16464,11536,16464,11424,16352,224
TCGA-05-4390-01A-01-BS1_x11760y16464,11760,16464,11648,16352,224
TCGA-05-4390-01A-01-BS1_x11984y16464,11984,16464,11872,16352,224
TCGA-05-4390-01A-01-BS1_x12208y16464,12208,16464,12096,16352,224
TCGA-05-4390-01A-01-BS1_x12432y16464,12432,16464,12320,16352,224
TCGA-05-4390-01A-01-BS1_x12656y16464,12656,16464,12544,16352,224
TCGA-05-4390-01A-01-BS1_x12880y16464,12880,16464,12768,16352,224
TCGA-05-4390-01A-01-BS1_x13104y16464,13104,16464,12992,16352,224
TCGA-05-4390-01A-01-BS1_x13328y16464,13328,16464,13216,16352,224
TCGA-05-4390-01A-01-BS1_x13552y16464,13552,16464,13440,16352,224
TCGA-05-4390-01A-01-BS1_x13776y16464,13776,16464,13664,16352,224
TCGA-05-4390-01A-01-BS1_x14000y16464,14000,16464,13888,16352,224
TCGA-05-4390-01A-01-BS1_x14224y16464,14224,16464,14112,16352,224
TCGA-05-4390-01A-01-BS1_x14448y16464,14448,16464,14336,16352,224
TCGA-05-4390-01A-01-BS1_x14672y16464,14672,16464,14560,16352,224
TCGA-05-4390-01A-01-BS1_x14896y16464,14896,16464,14784,16352,224
TCGA-05-4390-01A-01-BS1_x15120y16464,15120,16464,15008,16352,224
TCGA-05-4390-01A-01-BS1_x15344y16464,15344,16464,15232,16352,224
TCGA-05-4390-01A-01-BS1_x15568y16464,15568,16464,15456,16352,224
TCGA-05-4390-01A-01-BS1_x15792y16464,15792,16464,15680,16352,224
TCGA-05-4390-01A-01-BS1_x16016y16464,16016,16464,15904,16352,224
TCGA-05-4390-01A-01-BS1_x16240y16464,16240,16464,16128,16352,224
TCGA-05-4390-01A-01-BS1_x16464y16464,16464,16464,16352,16352,224
TCGA-05-4390-01A-01-BS1_x16688y16464,16688,16464,16576,16352,224
TCGA-05-4390-01A-01-BS1_x16912y16464,16912,16464,16800,16352,224
TCGA-05-4390-01A-01-BS1_x17136y16464,17136,16464,17024,16352,224
TCGA-05-4390-01A-01-BS1_x17360y16464,17360,16464,17248,16352,224
TCGA-05-4390-01A-01-BS1_x17584y16464,17584,16464,17472,16352,224
TCGA-05-4390-01A-01-BS1_x17808y16464,17808,16464,17696,16352,224
TCGA-05-4390-01A-01-BS1_x18032y16464,18032,16464,17920,16352,224
TCGA-05-4390-01A-01-BS1_x18256y16464,18256,16464,18144,16352,224
TCGA-05-4390-01A-01-BS1_x18480y16464,18480,16464,18368,16352,224
TCGA-05-4390-01A-01-BS1_x18704y16464,18704,16464,18592,16352,224
TCGA-05-4390-01A-01-BS1_x18928y16464,18928,16464,18816,16352,224
TCGA-05-4390-01A-01-BS1_x19152y16464,19152,16464,19040,16352,224
TCGA-05-4390-01A-01-BS1_x19376y16464,19376,16464,19264,16352,224
TCGA-05-4390-01A-01-BS1_x19600y16464,19600,16464,19488,16352,224
TCGA-05-4390-01A-01-BS1_x19824y16464,19824,16464,19712,16352,224
TCGA-05-4390-01A-01-BS1_x20048y16464,20048,16464,19936,16352,224
TCGA-05-4390-01A-01-BS1_x20272y16464,20272,16464,20160,16352,224
TCGA-05-4390-01A-01-BS1_x20496y16464,20496,16464,20384,16352,224
TCGA-05-4390-01A-01-BS1_x20720y16464,20720,16464,20608,16352,224
TCGA-05-4390-01A-01-BS1_x20944y16464,20944,16464,20832,16352,224
TCGA-05-4390-01A-01-BS1_x21168y16464,21168,16464,21056,16352,224
TCGA-05-4390-01A-01-BS1_x21392y16464,21392,16464,21280,16352,224
TCGA-05-4390-01A-01-BS1_x21616y16464,21616,16464,21504,16352,224
TCGA-05-4390-01A-01-BS1_x21840y16464,21840,16464,21728,16352,224
TCGA-05-4390-01A-01-BS1_x22064y16464,22064,16464,21952,16352,224
TCGA-05-4390-01A-01-BS1_x22288y16464,22288,16464,22176,16352,224
TCGA-05-4390-01A-01-BS1_x22512y16464,22512,16464,22400,16352,224
TCGA-05-4390-01A-01-BS1_x22736y16464,22736,16464,22624,16352,224
TCGA-05-4390-01A-01-BS1_x22960y16464,22960,16464,22848,16352,224
TCGA-05-4390-01A-01-BS1_x23184y16464,23184,16464,23072,16352,224
TCGA-05-4390-01A-01-BS1_x23408y16464,23408,16464,23296,16352,224
TCGA-05-4390-01A-01-BS1_x23632y16464,23632,16464,23520,16352,224
TCGA-05-4390-01A-01-BS1_x23856y16464,23856,16464,23744,16352,224
TCGA-05-4390-01A-01-BS1_x24080y16464,24080,16464,23968,16352,224
TCGA-05-4390-01A-01-BS1_x24304y16464,24304,16464,24192,16352,224
TCGA-05-4390-01A-01-BS1_x24528y16464,24528,16464,24416,16352,224
TCGA-05-4390-01A-01-BS1_x24752y16464,24752,16464,24640,16352,224
TCGA-05-4390-01A-01-BS1_x24976y16464,24976,16464,24864,16352,224
TCGA-05-4390-01A-01-BS1_x25200y16464,25200,16464,25088,16352,224
TCGA-05-4390-01A-01-BS1_x25424y16464,25424,16464,25312,16352,224
TCGA-05-4390-01A-01-BS1_x25648y16464,25648,16464,25536,16352,224
TCGA-05-4390-01A-01-BS1_x25872y16464,25872,16464,25760,16352,224
TCGA-05-4390-01A-01-BS1_x26096y16464,26096,16464,25984,16352,224
TCGA-05-4390-01A-01-BS1_x26320y16464,26320,16464,26208,16352,224
TCGA-05-4390-01A-01-BS1_x26544y16464,26544,16464,26432,16352,224
TCGA-05-4390-01A-01-BS1_x26768y16464,26768,16464,26656,16352,224
TCGA-05-4390-01A-01-BS1_x26992y16464,26992,16464,26880,16352,224
TCGA-05-4390-01A-01-BS1_x27216y16464,27216,16464,27104,16352,224
TCGA-05-4390-01A-01-BS1_x27440y16464,27440,16464,27328,16352,224
TCGA-05-4390-01A-01-BS1_x27664y16464,27664,16464,27552,16352,224
TCGA-05-4390-01A-01-BS1_x27888y16464,27888,16464,27776,16352,224
TCGA-05-4390-01A-01-BS1_x28112y16464,28112,16464,28000,16352,224
TCGA-05-4390-01A-01-BS1_x28336y16464,28336,16464,28224,16352,224
TCGA-05-4390-01A-01-BS1_x28560y16464,28560,16464,28448,16352,224
TCGA-05-4390-01A-01-BS1_x28784y16464,28784,16464,28672,16352,224
TCGA-05-4390-01A-01-BS1_x29008y16464,29008,16464,28896,16352,224
TCGA-05-4390-01A-01-BS1_x29232y16464,29232,16464,29120,16352,224
TCGA-05-4390-01A-01-BS1_x29456y16464,29456,16464,29344,16352,224
TCGA-05-4390-01A-01-BS1_x29680y16464,29680,16464,29568,16352,224
TCGA-05-4390-01A-01-BS1_x29904y16464,29904,16464,29792,16352,224
TCGA-05-4390-01A-01-BS1_x30128y16464,30128,16464,30016,16352,224
TCGA-05-4390-01A-01-BS1_x30352y16464,30352,16464,30240,16352,224
TCGA-05-4390-01A-01-BS1_x30576y16464,30576,16464,30464,16352,224
TCGA-05-4390-01A-01-BS1_x30800y16464,30800,16464,30688,16352,224
TCGA-05-4390-01A-01-BS1_x31024y16464,31024,16464,30912,16352,224
TCGA-05-4390-01A-01-BS1_x31248y16464,31248,16464,31136,16352,224
TCGA-05-4390-01A-01-BS1_x31472y16464,31472,16464,31360,16352,224
TCGA-05-4390-01A-01-BS1_x31696y16464,31696,16464,31584,16352,224
TCGA-05-4390-01A-01-BS1_x31920y16464,31920,16464,31808,16352,224
TCGA-05-4390-01A-01-BS1_x32144y16464,32144,16464,32032,16352,224
TCGA-05-4390-01A-01-BS1_x32368y16464,32368,16464,32256,16352,224
TCGA-05-4390-01A-01-BS1_x32592y16464,32592,16464,32480,16352,224
TCGA-05-4390-01A-01-BS1_x32816y16464,32816,16464,32704,16352,224
TCGA-05-4390-01A-01-BS1_x33040y16464,33040,16464,32928,16352,224
TCGA-05-4390-01A-01-BS1_x33264y16464,33264,16464,33152,16352,224
TCGA-05-4390-01A-01-BS1_x33488y16464,33488,16464,33376,16352,224
TCGA-05-4390-01A-01-BS1_x33712y16464,33712,16464,33600,16352,224
TCGA-05-4390-01A-01-BS1_x33936y16464,33936,16464,33824,16352,224
TCGA-05-4390-01A-01-BS1_x34160y16464,34160,16464,34048,16352,224
TCGA-05-4390-01A-01-BS1_x34384y16464,34384,16464,34272,16352,224
TCGA-05-4390-01A-01-BS1_x3024y16688,3024,16688,2912,16576,224
TCGA-05-4390-01A-01-BS1_x3248y16688,3248,16688,3136,16576,224
TCGA-05-4390-01A-01-BS1_x3472y16688,3472,16688,3360,16576,224
TCGA-05-4390-01A-01-BS1_x3696y16688,3696,16688,3584,16576,224
TCGA-05-4390-01A-01-BS1_x3920y16688,3920,16688,3808,16576,224
TCGA-05-4390-01A-01-BS1_x4144y16688,4144,16688,4032,16576,224
TCGA-05-4390-01A-01-BS1_x4368y16688,4368,16688,4256,16576,224
TCGA-05-4390-01A-01-BS1_x4592y16688,4592,16688,4480,16576,224
TCGA-05-4390-01A-01-BS1_x4816y16688,4816,16688,4704,16576,224
TCGA-05-4390-01A-01-BS1_x5040y16688,5040,16688,4928,16576,224
TCGA-05-4390-01A-01-BS1_x5264y16688,5264,16688,5152,16576,224
TCGA-05-4390-01A-01-BS1_x5488y16688,5488,16688,5376,16576,224
TCGA-05-4390-01A-01-BS1_x5712y16688,5712,16688,5600,16576,224
TCGA-05-4390-01A-01-BS1_x5936y16688,5936,16688,5824,16576,224
TCGA-05-4390-01A-01-BS1_x6160y16688,6160,16688,6048,16576,224
TCGA-05-4390-01A-01-BS1_x6384y16688,6384,16688,6272,16576,224
TCGA-05-4390-01A-01-BS1_x6608y16688,6608,16688,6496,16576,224
TCGA-05-4390-01A-01-BS1_x6832y16688,6832,16688,6720,16576,224
TCGA-05-4390-01A-01-BS1_x7056y16688,7056,16688,6944,16576,224
TCGA-05-4390-01A-01-BS1_x7280y16688,7280,16688,7168,16576,224
TCGA-05-4390-01A-01-BS1_x7504y16688,7504,16688,7392,16576,224
TCGA-05-4390-01A-01-BS1_x7728y16688,7728,16688,7616,16576,224
TCGA-05-4390-01A-01-BS1_x7952y16688,7952,16688,7840,16576,224
TCGA-05-4390-01A-01-BS1_x8176y16688,8176,16688,8064,16576,224
TCGA-05-4390-01A-01-BS1_x8400y16688,8400,16688,8288,16576,224
TCGA-05-4390-01A-01-BS1_x8624y16688,8624,16688,8512,16576,224
TCGA-05-4390-01A-01-BS1_x8848y16688,8848,16688,8736,16576,224
TCGA-05-4390-01A-01-BS1_x9072y16688,9072,16688,8960,16576,224
TCGA-05-4390-01A-01-BS1_x9296y16688,9296,16688,9184,16576,224
TCGA-05-4390-01A-01-BS1_x9520y16688,9520,16688,9408,16576,224
TCGA-05-4390-01A-01-BS1_x9744y16688,9744,16688,9632,16576,224
TCGA-05-4390-01A-01-BS1_x9968y16688,9968,16688,9856,16576,224
TCGA-05-4390-01A-01-BS1_x10192y16688,10192,16688,10080,16576,224
TCGA-05-4390-01A-01-BS1_x10416y16688,10416,16688,10304,16576,224
TCGA-05-4390-01A-01-BS1_x10640y16688,10640,16688,10528,16576,224
TCGA-05-4390-01A-01-BS1_x10864y16688,10864,16688,10752,16576,224
TCGA-05-4390-01A-01-BS1_x11088y16688,11088,16688,10976,16576,224
TCGA-05-4390-01A-01-BS1_x11312y16688,11312,16688,11200,16576,224
TCGA-05-4390-01A-01-BS1_x11536y16688,11536,16688,11424,16576,224
TCGA-05-4390-01A-01-BS1_x11760y16688,11760,16688,11648,16576,224
TCGA-05-4390-01A-01-BS1_x11984y16688,11984,16688,11872,16576,224
TCGA-05-4390-01A-01-BS1_x12208y16688,12208,16688,12096,16576,224
TCGA-05-4390-01A-01-BS1_x12432y16688,12432,16688,12320,16576,224
TCGA-05-4390-01A-01-BS1_x12656y16688,12656,16688,12544,16576,224
TCGA-05-4390-01A-01-BS1_x12880y16688,12880,16688,12768,16576,224
TCGA-05-4390-01A-01-BS1_x13104y16688,13104,16688,12992,16576,224
TCGA-05-4390-01A-01-BS1_x13328y16688,13328,16688,13216,16576,224
TCGA-05-4390-01A-01-BS1_x13552y16688,13552,16688,13440,16576,224
TCGA-05-4390-01A-01-BS1_x13776y16688,13776,16688,13664,16576,224
TCGA-05-4390-01A-01-BS1_x14000y16688,14000,16688,13888,16576,224
TCGA-05-4390-01A-01-BS1_x14224y16688,14224,16688,14112,16576,224
TCGA-05-4390-01A-01-BS1_x14448y16688,14448,16688,14336,16576,224
TCGA-05-4390-01A-01-BS1_x14672y16688,14672,16688,14560,16576,224
TCGA-05-4390-01A-01-BS1_x14896y16688,14896,16688,14784,16576,224
TCGA-05-4390-01A-01-BS1_x15120y16688,15120,16688,15008,16576,224
TCGA-05-4390-01A-01-BS1_x15344y16688,15344,16688,15232,16576,224
TCGA-05-4390-01A-01-BS1_x15568y16688,15568,16688,15456,16576,224
TCGA-05-4390-01A-01-BS1_x15792y16688,15792,16688,15680,16576,224
TCGA-05-4390-01A-01-BS1_x16016y16688,16016,16688,15904,16576,224
TCGA-05-4390-01A-01-BS1_x16240y16688,16240,16688,16128,16576,224
TCGA-05-4390-01A-01-BS1_x16464y16688,16464,16688,16352,16576,224
TCGA-05-4390-01A-01-BS1_x16688y16688,16688,16688,16576,16576,224
TCGA-05-4390-01A-01-BS1_x16912y16688,16912,16688,16800,16576,224
TCGA-05-4390-01A-01-BS1_x17136y16688,17136,16688,17024,16576,224
TCGA-05-4390-01A-01-BS1_x17360y16688,17360,16688,17248,16576,224
TCGA-05-4390-01A-01-BS1_x17584y16688,17584,16688,17472,16576,224
TCGA-05-4390-01A-01-BS1_x17808y16688,17808,16688,17696,16576,224
TCGA-05-4390-01A-01-BS1_x18032y16688,18032,16688,17920,16576,224
TCGA-05-4390-01A-01-BS1_x18256y16688,18256,16688,18144,16576,224
TCGA-05-4390-01A-01-BS1_x18480y16688,18480,16688,18368,16576,224
TCGA-05-4390-01A-01-BS1_x18704y16688,18704,16688,18592,16576,224
TCGA-05-4390-01A-01-BS1_x18928y16688,18928,16688,18816,16576,224
TCGA-05-4390-01A-01-BS1_x19152y16688,19152,16688,19040,16576,224
TCGA-05-4390-01A-01-BS1_x19376y16688,19376,16688,19264,16576,224
TCGA-05-4390-01A-01-BS1_x19600y16688,19600,16688,19488,16576,224
TCGA-05-4390-01A-01-BS1_x19824y16688,19824,16688,19712,16576,224
TCGA-05-4390-01A-01-BS1_x20048y16688,20048,16688,19936,16576,224
TCGA-05-4390-01A-01-BS1_x20272y16688,20272,16688,20160,16576,224
TCGA-05-4390-01A-01-BS1_x20496y16688,20496,16688,20384,16576,224
TCGA-05-4390-01A-01-BS1_x20720y16688,20720,16688,20608,16576,224
TCGA-05-4390-01A-01-BS1_x20944y16688,20944,16688,20832,16576,224
TCGA-05-4390-01A-01-BS1_x21168y16688,21168,16688,21056,16576,224
TCGA-05-4390-01A-01-BS1_x21392y16688,21392,16688,21280,16576,224
TCGA-05-4390-01A-01-BS1_x21616y16688,21616,16688,21504,16576,224
TCGA-05-4390-01A-01-BS1_x21840y16688,21840,16688,21728,16576,224
TCGA-05-4390-01A-01-BS1_x22064y16688,22064,16688,21952,16576,224
TCGA-05-4390-01A-01-BS1_x22288y16688,22288,16688,22176,16576,224
TCGA-05-4390-01A-01-BS1_x22512y16688,22512,16688,22400,16576,224
TCGA-05-4390-01A-01-BS1_x22736y16688,22736,16688,22624,16576,224
TCGA-05-4390-01A-01-BS1_x22960y16688,22960,16688,22848,16576,224
TCGA-05-4390-01A-01-BS1_x23184y16688,23184,16688,23072,16576,224
TCGA-05-4390-01A-01-BS1_x23408y16688,23408,16688,23296,16576,224
TCGA-05-4390-01A-01-BS1_x23632y16688,23632,16688,23520,16576,224
TCGA-05-4390-01A-01-BS1_x23856y16688,23856,16688,23744,16576,224
TCGA-05-4390-01A-01-BS1_x24080y16688,24080,16688,23968,16576,224
TCGA-05-4390-01A-01-BS1_x24304y16688,24304,16688,24192,16576,224
TCGA-05-4390-01A-01-BS1_x24528y16688,24528,16688,24416,16576,224
TCGA-05-4390-01A-01-BS1_x24752y16688,24752,16688,24640,16576,224
TCGA-05-4390-01A-01-BS1_x24976y16688,24976,16688,24864,16576,224
TCGA-05-4390-01A-01-BS1_x25200y16688,25200,16688,25088,16576,224
TCGA-05-4390-01A-01-BS1_x25424y16688,25424,16688,25312,16576,224
TCGA-05-4390-01A-01-BS1_x25648y16688,25648,16688,25536,16576,224
TCGA-05-4390-01A-01-BS1_x25872y16688,25872,16688,25760,16576,224
TCGA-05-4390-01A-01-BS1_x26096y16688,26096,16688,25984,16576,224
TCGA-05-4390-01A-01-BS1_x26320y16688,26320,16688,26208,16576,224
TCGA-05-4390-01A-01-BS1_x26544y16688,26544,16688,26432,16576,224
TCGA-05-4390-01A-01-BS1_x26768y16688,26768,16688,26656,16576,224
TCGA-05-4390-01A-01-BS1_x26992y16688,26992,16688,26880,16576,224
TCGA-05-4390-01A-01-BS1_x27216y16688,27216,16688,27104,16576,224
TCGA-05-4390-01A-01-BS1_x27440y16688,27440,16688,27328,16576,224
TCGA-05-4390-01A-01-BS1_x27664y16688,27664,16688,27552,16576,224
TCGA-05-4390-01A-01-BS1_x27888y16688,27888,16688,27776,16576,224
TCGA-05-4390-01A-01-BS1_x28112y16688,28112,16688,28000,16576,224
TCGA-05-4390-01A-01-BS1_x28336y16688,28336,16688,28224,16576,224
TCGA-05-4390-01A-01-BS1_x28560y16688,28560,16688,28448,16576,224
TCGA-05-4390-01A-01-BS1_x28784y16688,28784,16688,28672,16576,224
TCGA-05-4390-01A-01-BS1_x29008y16688,29008,16688,28896,16576,224
TCGA-05-4390-01A-01-BS1_x29232y16688,29232,16688,29120,16576,224
TCGA-05-4390-01A-01-BS1_x29456y16688,29456,16688,29344,16576,224
TCGA-05-4390-01A-01-BS1_x29680y16688,29680,16688,29568,16576,224
TCGA-05-4390-01A-01-BS1_x29904y16688,29904,16688,29792,16576,224
TCGA-05-4390-01A-01-BS1_x30128y16688,30128,16688,30016,16576,224
TCGA-05-4390-01A-01-BS1_x30352y16688,30352,16688,30240,16576,224
TCGA-05-4390-01A-01-BS1_x30576y16688,30576,16688,30464,16576,224
TCGA-05-4390-01A-01-BS1_x30800y16688,30800,16688,30688,16576,224
TCGA-05-4390-01A-01-BS1_x31024y16688,31024,16688,30912,16576,224
TCGA-05-4390-01A-01-BS1_x31248y16688,31248,16688,31136,16576,224
TCGA-05-4390-01A-01-BS1_x31472y16688,31472,16688,31360,16576,224
TCGA-05-4390-01A-01-BS1_x31696y16688,31696,16688,31584,16576,224
TCGA-05-4390-01A-01-BS1_x31920y16688,31920,16688,31808,16576,224
TCGA-05-4390-01A-01-BS1_x32144y16688,32144,16688,32032,16576,224
TCGA-05-4390-01A-01-BS1_x32368y16688,32368,16688,32256,16576,224
TCGA-05-4390-01A-01-BS1_x32592y16688,32592,16688,32480,16576,224
TCGA-05-4390-01A-01-BS1_x33040y16688,33040,16688,32928,16576,224
TCGA-05-4390-01A-01-BS1_x33264y16688,33264,16688,33152,16576,224
TCGA-05-4390-01A-01-BS1_x33488y16688,33488,16688,33376,16576,224
TCGA-05-4390-01A-01-BS1_x33712y16688,33712,16688,33600,16576,224
TCGA-05-4390-01A-01-BS1_x33936y16688,33936,16688,33824,16576,224
TCGA-05-4390-01A-01-BS1_x34160y16688,34160,16688,34048,16576,224
TCGA-05-4390-01A-01-BS1_x3024y16912,3024,16912,2912,16800,224
TCGA-05-4390-01A-01-BS1_x3248y16912,3248,16912,3136,16800,224
TCGA-05-4390-01A-01-BS1_x3472y16912,3472,16912,3360,16800,224
TCGA-05-4390-01A-01-BS1_x3696y16912,3696,16912,3584,16800,224
TCGA-05-4390-01A-01-BS1_x3920y16912,3920,16912,3808,16800,224
TCGA-05-4390-01A-01-BS1_x4144y16912,4144,16912,4032,16800,224
TCGA-05-4390-01A-01-BS1_x4368y16912,4368,16912,4256,16800,224
TCGA-05-4390-01A-01-BS1_x4592y16912,4592,16912,4480,16800,224
TCGA-05-4390-01A-01-BS1_x4816y16912,4816,16912,4704,16800,224
TCGA-05-4390-01A-01-BS1_x5040y16912,5040,16912,4928,16800,224
TCGA-05-4390-01A-01-BS1_x5264y16912,5264,16912,5152,16800,224
TCGA-05-4390-01A-01-BS1_x5488y16912,5488,16912,5376,16800,224
TCGA-05-4390-01A-01-BS1_x5712y16912,5712,16912,5600,16800,224
TCGA-05-4390-01A-01-BS1_x5936y16912,5936,16912,5824,16800,224
TCGA-05-4390-01A-01-BS1_x6160y16912,6160,16912,6048,16800,224
TCGA-05-4390-01A-01-BS1_x6384y16912,6384,16912,6272,16800,224
TCGA-05-4390-01A-01-BS1_x6608y16912,6608,16912,6496,16800,224
TCGA-05-4390-01A-01-BS1_x6832y16912,6832,16912,6720,16800,224
TCGA-05-4390-01A-01-BS1_x7056y16912,7056,16912,6944,16800,224
TCGA-05-4390-01A-01-BS1_x7280y16912,7280,16912,7168,16800,224
TCGA-05-4390-01A-01-BS1_x7504y16912,7504,16912,7392,16800,224
TCGA-05-4390-01A-01-BS1_x7728y16912,7728,16912,7616,16800,224
TCGA-05-4390-01A-01-BS1_x7952y16912,7952,16912,7840,16800,224
TCGA-05-4390-01A-01-BS1_x8176y16912,8176,16912,8064,16800,224
TCGA-05-4390-01A-01-BS1_x8400y16912,8400,16912,8288,16800,224
TCGA-05-4390-01A-01-BS1_x8624y16912,8624,16912,8512,16800,224
TCGA-05-4390-01A-01-BS1_x8848y16912,8848,16912,8736,16800,224
TCGA-05-4390-01A-01-BS1_x9072y16912,9072,16912,8960,16800,224
TCGA-05-4390-01A-01-BS1_x9296y16912,9296,16912,9184,16800,224
TCGA-05-4390-01A-01-BS1_x9520y16912,9520,16912,9408,16800,224
TCGA-05-4390-01A-01-BS1_x9744y16912,9744,16912,9632,16800,224
TCGA-05-4390-01A-01-BS1_x9968y16912,9968,16912,9856,16800,224
TCGA-05-4390-01A-01-BS1_x10192y16912,10192,16912,10080,16800,224
TCGA-05-4390-01A-01-BS1_x10416y16912,10416,16912,10304,16800,224
TCGA-05-4390-01A-01-BS1_x10640y16912,10640,16912,10528,16800,224
TCGA-05-4390-01A-01-BS1_x10864y16912,10864,16912,10752,16800,224
TCGA-05-4390-01A-01-BS1_x11088y16912,11088,16912,10976,16800,224
TCGA-05-4390-01A-01-BS1_x11312y16912,11312,16912,11200,16800,224
TCGA-05-4390-01A-01-BS1_x11536y16912,11536,16912,11424,16800,224
TCGA-05-4390-01A-01-BS1_x11760y16912,11760,16912,11648,16800,224
TCGA-05-4390-01A-01-BS1_x11984y16912,11984,16912,11872,16800,224
TCGA-05-4390-01A-01-BS1_x12208y16912,12208,16912,12096,16800,224
TCGA-05-4390-01A-01-BS1_x12432y16912,12432,16912,12320,16800,224
TCGA-05-4390-01A-01-BS1_x12656y16912,12656,16912,12544,16800,224
TCGA-05-4390-01A-01-BS1_x12880y16912,12880,16912,12768,16800,224
TCGA-05-4390-01A-01-BS1_x13104y16912,13104,16912,12992,16800,224
TCGA-05-4390-01A-01-BS1_x13328y16912,13328,16912,13216,16800,224
TCGA-05-4390-01A-01-BS1_x13552y16912,13552,16912,13440,16800,224
TCGA-05-4390-01A-01-BS1_x13776y16912,13776,16912,13664,16800,224
TCGA-05-4390-01A-01-BS1_x14000y16912,14000,16912,13888,16800,224
TCGA-05-4390-01A-01-BS1_x14224y16912,14224,16912,14112,16800,224
TCGA-05-4390-01A-01-BS1_x14448y16912,14448,16912,14336,16800,224
TCGA-05-4390-01A-01-BS1_x14672y16912,14672,16912,14560,16800,224
TCGA-05-4390-01A-01-BS1_x14896y16912,14896,16912,14784,16800,224
TCGA-05-4390-01A-01-BS1_x15120y16912,15120,16912,15008,16800,224
TCGA-05-4390-01A-01-BS1_x15344y16912,15344,16912,15232,16800,224
TCGA-05-4390-01A-01-BS1_x15568y16912,15568,16912,15456,16800,224
TCGA-05-4390-01A-01-BS1_x15792y16912,15792,16912,15680,16800,224
TCGA-05-4390-01A-01-BS1_x16016y16912,16016,16912,15904,16800,224
TCGA-05-4390-01A-01-BS1_x16240y16912,16240,16912,16128,16800,224
TCGA-05-4390-01A-01-BS1_x16464y16912,16464,16912,16352,16800,224
TCGA-05-4390-01A-01-BS1_x16688y16912,16688,16912,16576,16800,224
TCGA-05-4390-01A-01-BS1_x16912y16912,16912,16912,16800,16800,224
TCGA-05-4390-01A-01-BS1_x17136y16912,17136,16912,17024,16800,224
TCGA-05-4390-01A-01-BS1_x17360y16912,17360,16912,17248,16800,224
TCGA-05-4390-01A-01-BS1_x17584y16912,17584,16912,17472,16800,224
TCGA-05-4390-01A-01-BS1_x17808y16912,17808,16912,17696,16800,224
TCGA-05-4390-01A-01-BS1_x18032y16912,18032,16912,17920,16800,224
TCGA-05-4390-01A-01-BS1_x18256y16912,18256,16912,18144,16800,224
TCGA-05-4390-01A-01-BS1_x18480y16912,18480,16912,18368,16800,224
TCGA-05-4390-01A-01-BS1_x18704y16912,18704,16912,18592,16800,224
TCGA-05-4390-01A-01-BS1_x18928y16912,18928,16912,18816,16800,224
TCGA-05-4390-01A-01-BS1_x19152y16912,19152,16912,19040,16800,224
TCGA-05-4390-01A-01-BS1_x19376y16912,19376,16912,19264,16800,224
TCGA-05-4390-01A-01-BS1_x19600y16912,19600,16912,19488,16800,224
TCGA-05-4390-01A-01-BS1_x19824y16912,19824,16912,19712,16800,224
TCGA-05-4390-01A-01-BS1_x20048y16912,20048,16912,19936,16800,224
TCGA-05-4390-01A-01-BS1_x20272y16912,20272,16912,20160,16800,224
TCGA-05-4390-01A-01-BS1_x20496y16912,20496,16912,20384,16800,224
TCGA-05-4390-01A-01-BS1_x20720y16912,20720,16912,20608,16800,224
TCGA-05-4390-01A-01-BS1_x20944y16912,20944,16912,20832,16800,224
TCGA-05-4390-01A-01-BS1_x21168y16912,21168,16912,21056,16800,224
TCGA-05-4390-01A-01-BS1_x21392y16912,21392,16912,21280,16800,224
TCGA-05-4390-01A-01-BS1_x21616y16912,21616,16912,21504,16800,224
TCGA-05-4390-01A-01-BS1_x21840y16912,21840,16912,21728,16800,224
TCGA-05-4390-01A-01-BS1_x22064y16912,22064,16912,21952,16800,224
TCGA-05-4390-01A-01-BS1_x22288y16912,22288,16912,22176,16800,224
TCGA-05-4390-01A-01-BS1_x22512y16912,22512,16912,22400,16800,224
TCGA-05-4390-01A-01-BS1_x22736y16912,22736,16912,22624,16800,224
TCGA-05-4390-01A-01-BS1_x22960y16912,22960,16912,22848,16800,224
TCGA-05-4390-01A-01-BS1_x23184y16912,23184,16912,23072,16800,224
TCGA-05-4390-01A-01-BS1_x23408y16912,23408,16912,23296,16800,224
TCGA-05-4390-01A-01-BS1_x23856y16912,23856,16912,23744,16800,224
TCGA-05-4390-01A-01-BS1_x24080y16912,24080,16912,23968,16800,224
TCGA-05-4390-01A-01-BS1_x24304y16912,24304,16912,24192,16800,224
TCGA-05-4390-01A-01-BS1_x24528y16912,24528,16912,24416,16800,224
TCGA-05-4390-01A-01-BS1_x24752y16912,24752,16912,24640,16800,224
TCGA-05-4390-01A-01-BS1_x24976y16912,24976,16912,24864,16800,224
TCGA-05-4390-01A-01-BS1_x25200y16912,25200,16912,25088,16800,224
TCGA-05-4390-01A-01-BS1_x25424y16912,25424,16912,25312,16800,224
TCGA-05-4390-01A-01-BS1_x25648y16912,25648,16912,25536,16800,224
TCGA-05-4390-01A-01-BS1_x25872y16912,25872,16912,25760,16800,224
TCGA-05-4390-01A-01-BS1_x26096y16912,26096,16912,25984,16800,224
TCGA-05-4390-01A-01-BS1_x26320y16912,26320,16912,26208,16800,224
TCGA-05-4390-01A-01-BS1_x26544y16912,26544,16912,26432,16800,224
TCGA-05-4390-01A-01-BS1_x26768y16912,26768,16912,26656,16800,224
TCGA-05-4390-01A-01-BS1_x26992y16912,26992,16912,26880,16800,224
TCGA-05-4390-01A-01-BS1_x27216y16912,27216,16912,27104,16800,224
TCGA-05-4390-01A-01-BS1_x27440y16912,27440,16912,27328,16800,224
TCGA-05-4390-01A-01-BS1_x27664y16912,27664,16912,27552,16800,224
TCGA-05-4390-01A-01-BS1_x27888y16912,27888,16912,27776,16800,224
TCGA-05-4390-01A-01-BS1_x28112y16912,28112,16912,28000,16800,224
TCGA-05-4390-01A-01-BS1_x28336y16912,28336,16912,28224,16800,224
TCGA-05-4390-01A-01-BS1_x28560y16912,28560,16912,28448,16800,224
TCGA-05-4390-01A-01-BS1_x28784y16912,28784,16912,28672,16800,224
TCGA-05-4390-01A-01-BS1_x29008y16912,29008,16912,28896,16800,224
TCGA-05-4390-01A-01-BS1_x29232y16912,29232,16912,29120,16800,224
TCGA-05-4390-01A-01-BS1_x29456y16912,29456,16912,29344,16800,224
TCGA-05-4390-01A-01-BS1_x29680y16912,29680,16912,29568,16800,224
TCGA-05-4390-01A-01-BS1_x29904y16912,29904,16912,29792,16800,224
TCGA-05-4390-01A-01-BS1_x30128y16912,30128,16912,30016,16800,224
TCGA-05-4390-01A-01-BS1_x30352y16912,30352,16912,30240,16800,224
TCGA-05-4390-01A-01-BS1_x30576y16912,30576,16912,30464,16800,224
TCGA-05-4390-01A-01-BS1_x30800y16912,30800,16912,30688,16800,224
TCGA-05-4390-01A-01-BS1_x31024y16912,31024,16912,30912,16800,224
TCGA-05-4390-01A-01-BS1_x31248y16912,31248,16912,31136,16800,224
TCGA-05-4390-01A-01-BS1_x31472y16912,31472,16912,31360,16800,224
TCGA-05-4390-01A-01-BS1_x31696y16912,31696,16912,31584,16800,224
TCGA-05-4390-01A-01-BS1_x31920y16912,31920,16912,31808,16800,224
TCGA-05-4390-01A-01-BS1_x32144y16912,32144,16912,32032,16800,224
TCGA-05-4390-01A-01-BS1_x32368y16912,32368,16912,32256,16800,224
TCGA-05-4390-01A-01-BS1_x32592y16912,32592,16912,32480,16800,224
TCGA-05-4390-01A-01-BS1_x33040y16912,33040,16912,32928,16800,224
TCGA-05-4390-01A-01-BS1_x33264y16912,33264,16912,33152,16800,224
TCGA-05-4390-01A-01-BS1_x33488y16912,33488,16912,33376,16800,224
TCGA-05-4390-01A-01-BS1_x33712y16912,33712,16912,33600,16800,224
TCGA-05-4390-01A-01-BS1_x33936y16912,33936,16912,33824,16800,224
TCGA-05-4390-01A-01-BS1_x34160y16912,34160,16912,34048,16800,224
TCGA-05-4390-01A-01-BS1_x3024y17136,3024,17136,2912,17024,224
TCGA-05-4390-01A-01-BS1_x3248y17136,3248,17136,3136,17024,224
TCGA-05-4390-01A-01-BS1_x3472y17136,3472,17136,3360,17024,224
TCGA-05-4390-01A-01-BS1_x3696y17136,3696,17136,3584,17024,224
TCGA-05-4390-01A-01-BS1_x3920y17136,3920,17136,3808,17024,224
TCGA-05-4390-01A-01-BS1_x4144y17136,4144,17136,4032,17024,224
TCGA-05-4390-01A-01-BS1_x4368y17136,4368,17136,4256,17024,224
TCGA-05-4390-01A-01-BS1_x4592y17136,4592,17136,4480,17024,224
TCGA-05-4390-01A-01-BS1_x4816y17136,4816,17136,4704,17024,224
TCGA-05-4390-01A-01-BS1_x5040y17136,5040,17136,4928,17024,224
TCGA-05-4390-01A-01-BS1_x5264y17136,5264,17136,5152,17024,224
TCGA-05-4390-01A-01-BS1_x5488y17136,5488,17136,5376,17024,224
TCGA-05-4390-01A-01-BS1_x5712y17136,5712,17136,5600,17024,224
TCGA-05-4390-01A-01-BS1_x5936y17136,5936,17136,5824,17024,224
TCGA-05-4390-01A-01-BS1_x6160y17136,6160,17136,6048,17024,224
TCGA-05-4390-01A-01-BS1_x6384y17136,6384,17136,6272,17024,224
TCGA-05-4390-01A-01-BS1_x6608y17136,6608,17136,6496,17024,224
TCGA-05-4390-01A-01-BS1_x6832y17136,6832,17136,6720,17024,224
TCGA-05-4390-01A-01-BS1_x7056y17136,7056,17136,6944,17024,224
TCGA-05-4390-01A-01-BS1_x7280y17136,7280,17136,7168,17024,224
TCGA-05-4390-01A-01-BS1_x7504y17136,7504,17136,7392,17024,224
TCGA-05-4390-01A-01-BS1_x7728y17136,7728,17136,7616,17024,224
TCGA-05-4390-01A-01-BS1_x7952y17136,7952,17136,7840,17024,224
TCGA-05-4390-01A-01-BS1_x8176y17136,8176,17136,8064,17024,224
TCGA-05-4390-01A-01-BS1_x8400y17136,8400,17136,8288,17024,224
TCGA-05-4390-01A-01-BS1_x8624y17136,8624,17136,8512,17024,224
TCGA-05-4390-01A-01-BS1_x8848y17136,8848,17136,8736,17024,224
TCGA-05-4390-01A-01-BS1_x9072y17136,9072,17136,8960,17024,224
TCGA-05-4390-01A-01-BS1_x9296y17136,9296,17136,9184,17024,224
TCGA-05-4390-01A-01-BS1_x9520y17136,9520,17136,9408,17024,224
TCGA-05-4390-01A-01-BS1_x9744y17136,9744,17136,9632,17024,224
TCGA-05-4390-01A-01-BS1_x9968y17136,9968,17136,9856,17024,224
TCGA-05-4390-01A-01-BS1_x10192y17136,10192,17136,10080,17024,224
TCGA-05-4390-01A-01-BS1_x10416y17136,10416,17136,10304,17024,224
TCGA-05-4390-01A-01-BS1_x10640y17136,10640,17136,10528,17024,224
TCGA-05-4390-01A-01-BS1_x10864y17136,10864,17136,10752,17024,224
TCGA-05-4390-01A-01-BS1_x11088y17136,11088,17136,10976,17024,224
TCGA-05-4390-01A-01-BS1_x11312y17136,11312,17136,11200,17024,224
TCGA-05-4390-01A-01-BS1_x11536y17136,11536,17136,11424,17024,224
TCGA-05-4390-01A-01-BS1_x11760y17136,11760,17136,11648,17024,224
TCGA-05-4390-01A-01-BS1_x11984y17136,11984,17136,11872,17024,224
TCGA-05-4390-01A-01-BS1_x12208y17136,12208,17136,12096,17024,224
TCGA-05-4390-01A-01-BS1_x12432y17136,12432,17136,12320,17024,224
TCGA-05-4390-01A-01-BS1_x12656y17136,12656,17136,12544,17024,224
TCGA-05-4390-01A-01-BS1_x12880y17136,12880,17136,12768,17024,224
TCGA-05-4390-01A-01-BS1_x13104y17136,13104,17136,12992,17024,224
TCGA-05-4390-01A-01-BS1_x13328y17136,13328,17136,13216,17024,224
TCGA-05-4390-01A-01-BS1_x13552y17136,13552,17136,13440,17024,224
TCGA-05-4390-01A-01-BS1_x13776y17136,13776,17136,13664,17024,224
TCGA-05-4390-01A-01-BS1_x14000y17136,14000,17136,13888,17024,224
TCGA-05-4390-01A-01-BS1_x14224y17136,14224,17136,14112,17024,224
TCGA-05-4390-01A-01-BS1_x14448y17136,14448,17136,14336,17024,224
TCGA-05-4390-01A-01-BS1_x14672y17136,14672,17136,14560,17024,224
TCGA-05-4390-01A-01-BS1_x14896y17136,14896,17136,14784,17024,224
TCGA-05-4390-01A-01-BS1_x15120y17136,15120,17136,15008,17024,224
TCGA-05-4390-01A-01-BS1_x15344y17136,15344,17136,15232,17024,224
TCGA-05-4390-01A-01-BS1_x15568y17136,15568,17136,15456,17024,224
TCGA-05-4390-01A-01-BS1_x15792y17136,15792,17136,15680,17024,224
TCGA-05-4390-01A-01-BS1_x16016y17136,16016,17136,15904,17024,224
TCGA-05-4390-01A-01-BS1_x16240y17136,16240,17136,16128,17024,224
TCGA-05-4390-01A-01-BS1_x16464y17136,16464,17136,16352,17024,224
TCGA-05-4390-01A-01-BS1_x16688y17136,16688,17136,16576,17024,224
TCGA-05-4390-01A-01-BS1_x16912y17136,16912,17136,16800,17024,224
TCGA-05-4390-01A-01-BS1_x17136y17136,17136,17136,17024,17024,224
TCGA-05-4390-01A-01-BS1_x17360y17136,17360,17136,17248,17024,224
TCGA-05-4390-01A-01-BS1_x17584y17136,17584,17136,17472,17024,224
TCGA-05-4390-01A-01-BS1_x17808y17136,17808,17136,17696,17024,224
TCGA-05-4390-01A-01-BS1_x18032y17136,18032,17136,17920,17024,224
TCGA-05-4390-01A-01-BS1_x18256y17136,18256,17136,18144,17024,224
TCGA-05-4390-01A-01-BS1_x18480y17136,18480,17136,18368,17024,224
TCGA-05-4390-01A-01-BS1_x18704y17136,18704,17136,18592,17024,224
TCGA-05-4390-01A-01-BS1_x18928y17136,18928,17136,18816,17024,224
TCGA-05-4390-01A-01-BS1_x19152y17136,19152,17136,19040,17024,224
TCGA-05-4390-01A-01-BS1_x19376y17136,19376,17136,19264,17024,224
TCGA-05-4390-01A-01-BS1_x19600y17136,19600,17136,19488,17024,224
TCGA-05-4390-01A-01-BS1_x19824y17136,19824,17136,19712,17024,224
TCGA-05-4390-01A-01-BS1_x20048y17136,20048,17136,19936,17024,224
TCGA-05-4390-01A-01-BS1_x20272y17136,20272,17136,20160,17024,224
TCGA-05-4390-01A-01-BS1_x20496y17136,20496,17136,20384,17024,224
TCGA-05-4390-01A-01-BS1_x20720y17136,20720,17136,20608,17024,224
TCGA-05-4390-01A-01-BS1_x20944y17136,20944,17136,20832,17024,224
TCGA-05-4390-01A-01-BS1_x21168y17136,21168,17136,21056,17024,224
TCGA-05-4390-01A-01-BS1_x21392y17136,21392,17136,21280,17024,224
TCGA-05-4390-01A-01-BS1_x21616y17136,21616,17136,21504,17024,224
TCGA-05-4390-01A-01-BS1_x21840y17136,21840,17136,21728,17024,224
TCGA-05-4390-01A-01-BS1_x22064y17136,22064,17136,21952,17024,224
TCGA-05-4390-01A-01-BS1_x22288y17136,22288,17136,22176,17024,224
TCGA-05-4390-01A-01-BS1_x22512y17136,22512,17136,22400,17024,224
TCGA-05-4390-01A-01-BS1_x22736y17136,22736,17136,22624,17024,224
TCGA-05-4390-01A-01-BS1_x22960y17136,22960,17136,22848,17024,224
TCGA-05-4390-01A-01-BS1_x23184y17136,23184,17136,23072,17024,224
TCGA-05-4390-01A-01-BS1_x23408y17136,23408,17136,23296,17024,224
TCGA-05-4390-01A-01-BS1_x23632y17136,23632,17136,23520,17024,224
TCGA-05-4390-01A-01-BS1_x23856y17136,23856,17136,23744,17024,224
TCGA-05-4390-01A-01-BS1_x24080y17136,24080,17136,23968,17024,224
TCGA-05-4390-01A-01-BS1_x24304y17136,24304,17136,24192,17024,224
TCGA-05-4390-01A-01-BS1_x24528y17136,24528,17136,24416,17024,224
TCGA-05-4390-01A-01-BS1_x24752y17136,24752,17136,24640,17024,224
TCGA-05-4390-01A-01-BS1_x24976y17136,24976,17136,24864,17024,224
TCGA-05-4390-01A-01-BS1_x25200y17136,25200,17136,25088,17024,224
TCGA-05-4390-01A-01-BS1_x25424y17136,25424,17136,25312,17024,224
TCGA-05-4390-01A-01-BS1_x25648y17136,25648,17136,25536,17024,224
TCGA-05-4390-01A-01-BS1_x25872y17136,25872,17136,25760,17024,224
TCGA-05-4390-01A-01-BS1_x26096y17136,26096,17136,25984,17024,224
TCGA-05-4390-01A-01-BS1_x26320y17136,26320,17136,26208,17024,224
TCGA-05-4390-01A-01-BS1_x26544y17136,26544,17136,26432,17024,224
TCGA-05-4390-01A-01-BS1_x26768y17136,26768,17136,26656,17024,224
TCGA-05-4390-01A-01-BS1_x26992y17136,26992,17136,26880,17024,224
TCGA-05-4390-01A-01-BS1_x27216y17136,27216,17136,27104,17024,224
TCGA-05-4390-01A-01-BS1_x27440y17136,27440,17136,27328,17024,224
TCGA-05-4390-01A-01-BS1_x27664y17136,27664,17136,27552,17024,224
TCGA-05-4390-01A-01-BS1_x27888y17136,27888,17136,27776,17024,224
TCGA-05-4390-01A-01-BS1_x28112y17136,28112,17136,28000,17024,224
TCGA-05-4390-01A-01-BS1_x28336y17136,28336,17136,28224,17024,224
TCGA-05-4390-01A-01-BS1_x28560y17136,28560,17136,28448,17024,224
TCGA-05-4390-01A-01-BS1_x28784y17136,28784,17136,28672,17024,224
TCGA-05-4390-01A-01-BS1_x29008y17136,29008,17136,28896,17024,224
TCGA-05-4390-01A-01-BS1_x29232y17136,29232,17136,29120,17024,224
TCGA-05-4390-01A-01-BS1_x29456y17136,29456,17136,29344,17024,224
TCGA-05-4390-01A-01-BS1_x29680y17136,29680,17136,29568,17024,224
TCGA-05-4390-01A-01-BS1_x29904y17136,29904,17136,29792,17024,224
TCGA-05-4390-01A-01-BS1_x30128y17136,30128,17136,30016,17024,224
TCGA-05-4390-01A-01-BS1_x30352y17136,30352,17136,30240,17024,224
TCGA-05-4390-01A-01-BS1_x30576y17136,30576,17136,30464,17024,224
TCGA-05-4390-01A-01-BS1_x30800y17136,30800,17136,30688,17024,224
TCGA-05-4390-01A-01-BS1_x31024y17136,31024,17136,30912,17024,224
TCGA-05-4390-01A-01-BS1_x31248y17136,31248,17136,31136,17024,224
TCGA-05-4390-01A-01-BS1_x31472y17136,31472,17136,31360,17024,224
TCGA-05-4390-01A-01-BS1_x31696y17136,31696,17136,31584,17024,224
TCGA-05-4390-01A-01-BS1_x3024y17360,3024,17360,2912,17248,224
TCGA-05-4390-01A-01-BS1_x3248y17360,3248,17360,3136,17248,224
TCGA-05-4390-01A-01-BS1_x3472y17360,3472,17360,3360,17248,224
TCGA-05-4390-01A-01-BS1_x3696y17360,3696,17360,3584,17248,224
TCGA-05-4390-01A-01-BS1_x3920y17360,3920,17360,3808,17248,224
TCGA-05-4390-01A-01-BS1_x4144y17360,4144,17360,4032,17248,224
TCGA-05-4390-01A-01-BS1_x4368y17360,4368,17360,4256,17248,224
TCGA-05-4390-01A-01-BS1_x4592y17360,4592,17360,4480,17248,224
TCGA-05-4390-01A-01-BS1_x4816y17360,4816,17360,4704,17248,224
TCGA-05-4390-01A-01-BS1_x5040y17360,5040,17360,4928,17248,224
TCGA-05-4390-01A-01-BS1_x5264y17360,5264,17360,5152,17248,224
TCGA-05-4390-01A-01-BS1_x5488y17360,5488,17360,5376,17248,224
TCGA-05-4390-01A-01-BS1_x5712y17360,5712,17360,5600,17248,224
TCGA-05-4390-01A-01-BS1_x5936y17360,5936,17360,5824,17248,224
TCGA-05-4390-01A-01-BS1_x6160y17360,6160,17360,6048,17248,224
TCGA-05-4390-01A-01-BS1_x6384y17360,6384,17360,6272,17248,224
TCGA-05-4390-01A-01-BS1_x6608y17360,6608,17360,6496,17248,224
TCGA-05-4390-01A-01-BS1_x6832y17360,6832,17360,6720,17248,224
TCGA-05-4390-01A-01-BS1_x7056y17360,7056,17360,6944,17248,224
TCGA-05-4390-01A-01-BS1_x7280y17360,7280,17360,7168,17248,224
TCGA-05-4390-01A-01-BS1_x7504y17360,7504,17360,7392,17248,224
TCGA-05-4390-01A-01-BS1_x7728y17360,7728,17360,7616,17248,224
TCGA-05-4390-01A-01-BS1_x7952y17360,7952,17360,7840,17248,224
TCGA-05-4390-01A-01-BS1_x8176y17360,8176,17360,8064,17248,224
TCGA-05-4390-01A-01-BS1_x8400y17360,8400,17360,8288,17248,224
TCGA-05-4390-01A-01-BS1_x8624y17360,8624,17360,8512,17248,224
TCGA-05-4390-01A-01-BS1_x8848y17360,8848,17360,8736,17248,224
TCGA-05-4390-01A-01-BS1_x9072y17360,9072,17360,8960,17248,224
TCGA-05-4390-01A-01-BS1_x9296y17360,9296,17360,9184,17248,224
TCGA-05-4390-01A-01-BS1_x9520y17360,9520,17360,9408,17248,224
TCGA-05-4390-01A-01-BS1_x9744y17360,9744,17360,9632,17248,224
TCGA-05-4390-01A-01-BS1_x9968y17360,9968,17360,9856,17248,224
TCGA-05-4390-01A-01-BS1_x10192y17360,10192,17360,10080,17248,224
TCGA-05-4390-01A-01-BS1_x10416y17360,10416,17360,10304,17248,224
TCGA-05-4390-01A-01-BS1_x10640y17360,10640,17360,10528,17248,224
TCGA-05-4390-01A-01-BS1_x10864y17360,10864,17360,10752,17248,224
TCGA-05-4390-01A-01-BS1_x11088y17360,11088,17360,10976,17248,224
TCGA-05-4390-01A-01-BS1_x11312y17360,11312,17360,11200,17248,224
TCGA-05-4390-01A-01-BS1_x11536y17360,11536,17360,11424,17248,224
TCGA-05-4390-01A-01-BS1_x11760y17360,11760,17360,11648,17248,224
TCGA-05-4390-01A-01-BS1_x11984y17360,11984,17360,11872,17248,224
TCGA-05-4390-01A-01-BS1_x12208y17360,12208,17360,12096,17248,224
TCGA-05-4390-01A-01-BS1_x12432y17360,12432,17360,12320,17248,224
TCGA-05-4390-01A-01-BS1_x12656y17360,12656,17360,12544,17248,224
TCGA-05-4390-01A-01-BS1_x12880y17360,12880,17360,12768,17248,224
TCGA-05-4390-01A-01-BS1_x13104y17360,13104,17360,12992,17248,224
TCGA-05-4390-01A-01-BS1_x13328y17360,13328,17360,13216,17248,224
TCGA-05-4390-01A-01-BS1_x13552y17360,13552,17360,13440,17248,224
TCGA-05-4390-01A-01-BS1_x13776y17360,13776,17360,13664,17248,224
TCGA-05-4390-01A-01-BS1_x14000y17360,14000,17360,13888,17248,224
TCGA-05-4390-01A-01-BS1_x14224y17360,14224,17360,14112,17248,224
TCGA-05-4390-01A-01-BS1_x14448y17360,14448,17360,14336,17248,224
TCGA-05-4390-01A-01-BS1_x14672y17360,14672,17360,14560,17248,224
TCGA-05-4390-01A-01-BS1_x14896y17360,14896,17360,14784,17248,224
TCGA-05-4390-01A-01-BS1_x15120y17360,15120,17360,15008,17248,224
TCGA-05-4390-01A-01-BS1_x15344y17360,15344,17360,15232,17248,224
TCGA-05-4390-01A-01-BS1_x15568y17360,15568,17360,15456,17248,224
TCGA-05-4390-01A-01-BS1_x15792y17360,15792,17360,15680,17248,224
TCGA-05-4390-01A-01-BS1_x16016y17360,16016,17360,15904,17248,224
TCGA-05-4390-01A-01-BS1_x16240y17360,16240,17360,16128,17248,224
TCGA-05-4390-01A-01-BS1_x16464y17360,16464,17360,16352,17248,224
TCGA-05-4390-01A-01-BS1_x16688y17360,16688,17360,16576,17248,224
TCGA-05-4390-01A-01-BS1_x16912y17360,16912,17360,16800,17248,224
TCGA-05-4390-01A-01-BS1_x17136y17360,17136,17360,17024,17248,224
TCGA-05-4390-01A-01-BS1_x17360y17360,17360,17360,17248,17248,224
TCGA-05-4390-01A-01-BS1_x17584y17360,17584,17360,17472,17248,224
TCGA-05-4390-01A-01-BS1_x17808y17360,17808,17360,17696,17248,224
TCGA-05-4390-01A-01-BS1_x18032y17360,18032,17360,17920,17248,224
TCGA-05-4390-01A-01-BS1_x18256y17360,18256,17360,18144,17248,224
TCGA-05-4390-01A-01-BS1_x18480y17360,18480,17360,18368,17248,224
TCGA-05-4390-01A-01-BS1_x18704y17360,18704,17360,18592,17248,224
TCGA-05-4390-01A-01-BS1_x18928y17360,18928,17360,18816,17248,224
TCGA-05-4390-01A-01-BS1_x19152y17360,19152,17360,19040,17248,224
TCGA-05-4390-01A-01-BS1_x19376y17360,19376,17360,19264,17248,224
TCGA-05-4390-01A-01-BS1_x19600y17360,19600,17360,19488,17248,224
TCGA-05-4390-01A-01-BS1_x19824y17360,19824,17360,19712,17248,224
TCGA-05-4390-01A-01-BS1_x20048y17360,20048,17360,19936,17248,224
TCGA-05-4390-01A-01-BS1_x20272y17360,20272,17360,20160,17248,224
TCGA-05-4390-01A-01-BS1_x20496y17360,20496,17360,20384,17248,224
TCGA-05-4390-01A-01-BS1_x20720y17360,20720,17360,20608,17248,224
TCGA-05-4390-01A-01-BS1_x20944y17360,20944,17360,20832,17248,224
TCGA-05-4390-01A-01-BS1_x21168y17360,21168,17360,21056,17248,224
TCGA-05-4390-01A-01-BS1_x21392y17360,21392,17360,21280,17248,224
TCGA-05-4390-01A-01-BS1_x21616y17360,21616,17360,21504,17248,224
TCGA-05-4390-01A-01-BS1_x21840y17360,21840,17360,21728,17248,224
TCGA-05-4390-01A-01-BS1_x22064y17360,22064,17360,21952,17248,224
TCGA-05-4390-01A-01-BS1_x22288y17360,22288,17360,22176,17248,224
TCGA-05-4390-01A-01-BS1_x22512y17360,22512,17360,22400,17248,224
TCGA-05-4390-01A-01-BS1_x22736y17360,22736,17360,22624,17248,224
TCGA-05-4390-01A-01-BS1_x22960y17360,22960,17360,22848,17248,224
TCGA-05-4390-01A-01-BS1_x23184y17360,23184,17360,23072,17248,224
TCGA-05-4390-01A-01-BS1_x23408y17360,23408,17360,23296,17248,224
TCGA-05-4390-01A-01-BS1_x23632y17360,23632,17360,23520,17248,224
TCGA-05-4390-01A-01-BS1_x23856y17360,23856,17360,23744,17248,224
TCGA-05-4390-01A-01-BS1_x24080y17360,24080,17360,23968,17248,224
TCGA-05-4390-01A-01-BS1_x24304y17360,24304,17360,24192,17248,224
TCGA-05-4390-01A-01-BS1_x24528y17360,24528,17360,24416,17248,224
TCGA-05-4390-01A-01-BS1_x24752y17360,24752,17360,24640,17248,224
TCGA-05-4390-01A-01-BS1_x24976y17360,24976,17360,24864,17248,224
TCGA-05-4390-01A-01-BS1_x25200y17360,25200,17360,25088,17248,224
TCGA-05-4390-01A-01-BS1_x25424y17360,25424,17360,25312,17248,224
TCGA-05-4390-01A-01-BS1_x25648y17360,25648,17360,25536,17248,224
TCGA-05-4390-01A-01-BS1_x25872y17360,25872,17360,25760,17248,224
TCGA-05-4390-01A-01-BS1_x26096y17360,26096,17360,25984,17248,224
TCGA-05-4390-01A-01-BS1_x26320y17360,26320,17360,26208,17248,224
TCGA-05-4390-01A-01-BS1_x26544y17360,26544,17360,26432,17248,224
TCGA-05-4390-01A-01-BS1_x26768y17360,26768,17360,26656,17248,224
TCGA-05-4390-01A-01-BS1_x26992y17360,26992,17360,26880,17248,224
TCGA-05-4390-01A-01-BS1_x27216y17360,27216,17360,27104,17248,224
TCGA-05-4390-01A-01-BS1_x27440y17360,27440,17360,27328,17248,224
TCGA-05-4390-01A-01-BS1_x27664y17360,27664,17360,27552,17248,224
TCGA-05-4390-01A-01-BS1_x27888y17360,27888,17360,27776,17248,224
TCGA-05-4390-01A-01-BS1_x28112y17360,28112,17360,28000,17248,224
TCGA-05-4390-01A-01-BS1_x28336y17360,28336,17360,28224,17248,224
TCGA-05-4390-01A-01-BS1_x28560y17360,28560,17360,28448,17248,224
TCGA-05-4390-01A-01-BS1_x28784y17360,28784,17360,28672,17248,224
TCGA-05-4390-01A-01-BS1_x29008y17360,29008,17360,28896,17248,224
TCGA-05-4390-01A-01-BS1_x29232y17360,29232,17360,29120,17248,224
TCGA-05-4390-01A-01-BS1_x29456y17360,29456,17360,29344,17248,224
TCGA-05-4390-01A-01-BS1_x29680y17360,29680,17360,29568,17248,224
TCGA-05-4390-01A-01-BS1_x29904y17360,29904,17360,29792,17248,224
TCGA-05-4390-01A-01-BS1_x30128y17360,30128,17360,30016,17248,224
TCGA-05-4390-01A-01-BS1_x30352y17360,30352,17360,30240,17248,224
TCGA-05-4390-01A-01-BS1_x30576y17360,30576,17360,30464,17248,224
TCGA-05-4390-01A-01-BS1_x3024y17584,3024,17584,2912,17472,224
TCGA-05-4390-01A-01-BS1_x3248y17584,3248,17584,3136,17472,224
TCGA-05-4390-01A-01-BS1_x3472y17584,3472,17584,3360,17472,224
TCGA-05-4390-01A-01-BS1_x3696y17584,3696,17584,3584,17472,224
TCGA-05-4390-01A-01-BS1_x3920y17584,3920,17584,3808,17472,224
TCGA-05-4390-01A-01-BS1_x4144y17584,4144,17584,4032,17472,224
TCGA-05-4390-01A-01-BS1_x4368y17584,4368,17584,4256,17472,224
TCGA-05-4390-01A-01-BS1_x4592y17584,4592,17584,4480,17472,224
TCGA-05-4390-01A-01-BS1_x4816y17584,4816,17584,4704,17472,224
TCGA-05-4390-01A-01-BS1_x5040y17584,5040,17584,4928,17472,224
TCGA-05-4390-01A-01-BS1_x5264y17584,5264,17584,5152,17472,224
TCGA-05-4390-01A-01-BS1_x5488y17584,5488,17584,5376,17472,224
TCGA-05-4390-01A-01-BS1_x5712y17584,5712,17584,5600,17472,224
TCGA-05-4390-01A-01-BS1_x5936y17584,5936,17584,5824,17472,224
TCGA-05-4390-01A-01-BS1_x6160y17584,6160,17584,6048,17472,224
TCGA-05-4390-01A-01-BS1_x6384y17584,6384,17584,6272,17472,224
TCGA-05-4390-01A-01-BS1_x6608y17584,6608,17584,6496,17472,224
TCGA-05-4390-01A-01-BS1_x6832y17584,6832,17584,6720,17472,224
TCGA-05-4390-01A-01-BS1_x7056y17584,7056,17584,6944,17472,224
TCGA-05-4390-01A-01-BS1_x7280y17584,7280,17584,7168,17472,224
TCGA-05-4390-01A-01-BS1_x7504y17584,7504,17584,7392,17472,224
TCGA-05-4390-01A-01-BS1_x7728y17584,7728,17584,7616,17472,224
TCGA-05-4390-01A-01-BS1_x7952y17584,7952,17584,7840,17472,224
TCGA-05-4390-01A-01-BS1_x8176y17584,8176,17584,8064,17472,224
TCGA-05-4390-01A-01-BS1_x8400y17584,8400,17584,8288,17472,224
TCGA-05-4390-01A-01-BS1_x8624y17584,8624,17584,8512,17472,224
TCGA-05-4390-01A-01-BS1_x8848y17584,8848,17584,8736,17472,224
TCGA-05-4390-01A-01-BS1_x9072y17584,9072,17584,8960,17472,224
TCGA-05-4390-01A-01-BS1_x9296y17584,9296,17584,9184,17472,224
TCGA-05-4390-01A-01-BS1_x9520y17584,9520,17584,9408,17472,224
TCGA-05-4390-01A-01-BS1_x9744y17584,9744,17584,9632,17472,224
TCGA-05-4390-01A-01-BS1_x9968y17584,9968,17584,9856,17472,224
TCGA-05-4390-01A-01-BS1_x10192y17584,10192,17584,10080,17472,224
TCGA-05-4390-01A-01-BS1_x10416y17584,10416,17584,10304,17472,224
TCGA-05-4390-01A-01-BS1_x10640y17584,10640,17584,10528,17472,224
TCGA-05-4390-01A-01-BS1_x10864y17584,10864,17584,10752,17472,224
TCGA-05-4390-01A-01-BS1_x11088y17584,11088,17584,10976,17472,224
TCGA-05-4390-01A-01-BS1_x11312y17584,11312,17584,11200,17472,224
TCGA-05-4390-01A-01-BS1_x11536y17584,11536,17584,11424,17472,224
TCGA-05-4390-01A-01-BS1_x11760y17584,11760,17584,11648,17472,224
TCGA-05-4390-01A-01-BS1_x11984y17584,11984,17584,11872,17472,224
TCGA-05-4390-01A-01-BS1_x12208y17584,12208,17584,12096,17472,224
TCGA-05-4390-01A-01-BS1_x12432y17584,12432,17584,12320,17472,224
TCGA-05-4390-01A-01-BS1_x12656y17584,12656,17584,12544,17472,224
TCGA-05-4390-01A-01-BS1_x12880y17584,12880,17584,12768,17472,224
TCGA-05-4390-01A-01-BS1_x13104y17584,13104,17584,12992,17472,224
TCGA-05-4390-01A-01-BS1_x13328y17584,13328,17584,13216,17472,224
TCGA-05-4390-01A-01-BS1_x13552y17584,13552,17584,13440,17472,224
TCGA-05-4390-01A-01-BS1_x13776y17584,13776,17584,13664,17472,224
TCGA-05-4390-01A-01-BS1_x14000y17584,14000,17584,13888,17472,224
TCGA-05-4390-01A-01-BS1_x14224y17584,14224,17584,14112,17472,224
TCGA-05-4390-01A-01-BS1_x14448y17584,14448,17584,14336,17472,224
TCGA-05-4390-01A-01-BS1_x14672y17584,14672,17584,14560,17472,224
TCGA-05-4390-01A-01-BS1_x14896y17584,14896,17584,14784,17472,224
TCGA-05-4390-01A-01-BS1_x15120y17584,15120,17584,15008,17472,224
TCGA-05-4390-01A-01-BS1_x15344y17584,15344,17584,15232,17472,224
TCGA-05-4390-01A-01-BS1_x15568y17584,15568,17584,15456,17472,224
TCGA-05-4390-01A-01-BS1_x15792y17584,15792,17584,15680,17472,224
TCGA-05-4390-01A-01-BS1_x16016y17584,16016,17584,15904,17472,224
TCGA-05-4390-01A-01-BS1_x16240y17584,16240,17584,16128,17472,224
TCGA-05-4390-01A-01-BS1_x16464y17584,16464,17584,16352,17472,224
TCGA-05-4390-01A-01-BS1_x16688y17584,16688,17584,16576,17472,224
TCGA-05-4390-01A-01-BS1_x16912y17584,16912,17584,16800,17472,224
TCGA-05-4390-01A-01-BS1_x17136y17584,17136,17584,17024,17472,224
TCGA-05-4390-01A-01-BS1_x17360y17584,17360,17584,17248,17472,224
TCGA-05-4390-01A-01-BS1_x17584y17584,17584,17584,17472,17472,224
TCGA-05-4390-01A-01-BS1_x17808y17584,17808,17584,17696,17472,224
TCGA-05-4390-01A-01-BS1_x18032y17584,18032,17584,17920,17472,224
TCGA-05-4390-01A-01-BS1_x18256y17584,18256,17584,18144,17472,224
TCGA-05-4390-01A-01-BS1_x18480y17584,18480,17584,18368,17472,224
TCGA-05-4390-01A-01-BS1_x18704y17584,18704,17584,18592,17472,224
TCGA-05-4390-01A-01-BS1_x18928y17584,18928,17584,18816,17472,224
TCGA-05-4390-01A-01-BS1_x19152y17584,19152,17584,19040,17472,224
TCGA-05-4390-01A-01-BS1_x19376y17584,19376,17584,19264,17472,224
TCGA-05-4390-01A-01-BS1_x19600y17584,19600,17584,19488,17472,224
TCGA-05-4390-01A-01-BS1_x19824y17584,19824,17584,19712,17472,224
TCGA-05-4390-01A-01-BS1_x20048y17584,20048,17584,19936,17472,224
TCGA-05-4390-01A-01-BS1_x20272y17584,20272,17584,20160,17472,224
TCGA-05-4390-01A-01-BS1_x20496y17584,20496,17584,20384,17472,224
TCGA-05-4390-01A-01-BS1_x20720y17584,20720,17584,20608,17472,224
TCGA-05-4390-01A-01-BS1_x20944y17584,20944,17584,20832,17472,224
TCGA-05-4390-01A-01-BS1_x21168y17584,21168,17584,21056,17472,224
TCGA-05-4390-01A-01-BS1_x21840y17584,21840,17584,21728,17472,224
TCGA-05-4390-01A-01-BS1_x22064y17584,22064,17584,21952,17472,224
TCGA-05-4390-01A-01-BS1_x22288y17584,22288,17584,22176,17472,224
TCGA-05-4390-01A-01-BS1_x22512y17584,22512,17584,22400,17472,224
TCGA-05-4390-01A-01-BS1_x22736y17584,22736,17584,22624,17472,224
TCGA-05-4390-01A-01-BS1_x22960y17584,22960,17584,22848,17472,224
TCGA-05-4390-01A-01-BS1_x23184y17584,23184,17584,23072,17472,224
TCGA-05-4390-01A-01-BS1_x23408y17584,23408,17584,23296,17472,224
TCGA-05-4390-01A-01-BS1_x23632y17584,23632,17584,23520,17472,224
TCGA-05-4390-01A-01-BS1_x23856y17584,23856,17584,23744,17472,224
TCGA-05-4390-01A-01-BS1_x24080y17584,24080,17584,23968,17472,224
TCGA-05-4390-01A-01-BS1_x24304y17584,24304,17584,24192,17472,224
TCGA-05-4390-01A-01-BS1_x24528y17584,24528,17584,24416,17472,224
TCGA-05-4390-01A-01-BS1_x24752y17584,24752,17584,24640,17472,224
TCGA-05-4390-01A-01-BS1_x24976y17584,24976,17584,24864,17472,224
TCGA-05-4390-01A-01-BS1_x25200y17584,25200,17584,25088,17472,224
TCGA-05-4390-01A-01-BS1_x25424y17584,25424,17584,25312,17472,224
TCGA-05-4390-01A-01-BS1_x25648y17584,25648,17584,25536,17472,224
TCGA-05-4390-01A-01-BS1_x25872y17584,25872,17584,25760,17472,224
TCGA-05-4390-01A-01-BS1_x26096y17584,26096,17584,25984,17472,224
TCGA-05-4390-01A-01-BS1_x26320y17584,26320,17584,26208,17472,224
TCGA-05-4390-01A-01-BS1_x26544y17584,26544,17584,26432,17472,224
TCGA-05-4390-01A-01-BS1_x26768y17584,26768,17584,26656,17472,224
TCGA-05-4390-01A-01-BS1_x26992y17584,26992,17584,26880,17472,224
TCGA-05-4390-01A-01-BS1_x27216y17584,27216,17584,27104,17472,224
TCGA-05-4390-01A-01-BS1_x27440y17584,27440,17584,27328,17472,224
TCGA-05-4390-01A-01-BS1_x27888y17584,27888,17584,27776,17472,224
TCGA-05-4390-01A-01-BS1_x3248y17808,3248,17808,3136,17696,224
TCGA-05-4390-01A-01-BS1_x3472y17808,3472,17808,3360,17696,224
TCGA-05-4390-01A-01-BS1_x3696y17808,3696,17808,3584,17696,224
TCGA-05-4390-01A-01-BS1_x3920y17808,3920,17808,3808,17696,224
TCGA-05-4390-01A-01-BS1_x4144y17808,4144,17808,4032,17696,224
TCGA-05-4390-01A-01-BS1_x4368y17808,4368,17808,4256,17696,224
TCGA-05-4390-01A-01-BS1_x4592y17808,4592,17808,4480,17696,224
TCGA-05-4390-01A-01-BS1_x4816y17808,4816,17808,4704,17696,224
TCGA-05-4390-01A-01-BS1_x5040y17808,5040,17808,4928,17696,224
TCGA-05-4390-01A-01-BS1_x5264y17808,5264,17808,5152,17696,224
TCGA-05-4390-01A-01-BS1_x5488y17808,5488,17808,5376,17696,224
TCGA-05-4390-01A-01-BS1_x5712y17808,5712,17808,5600,17696,224
TCGA-05-4390-01A-01-BS1_x5936y17808,5936,17808,5824,17696,224
TCGA-05-4390-01A-01-BS1_x6160y17808,6160,17808,6048,17696,224
TCGA-05-4390-01A-01-BS1_x6384y17808,6384,17808,6272,17696,224
TCGA-05-4390-01A-01-BS1_x6608y17808,6608,17808,6496,17696,224
TCGA-05-4390-01A-01-BS1_x6832y17808,6832,17808,6720,17696,224
TCGA-05-4390-01A-01-BS1_x7056y17808,7056,17808,6944,17696,224
TCGA-05-4390-01A-01-BS1_x7280y17808,7280,17808,7168,17696,224
TCGA-05-4390-01A-01-BS1_x7504y17808,7504,17808,7392,17696,224
TCGA-05-4390-01A-01-BS1_x7728y17808,7728,17808,7616,17696,224
TCGA-05-4390-01A-01-BS1_x7952y17808,7952,17808,7840,17696,224
TCGA-05-4390-01A-01-BS1_x8176y17808,8176,17808,8064,17696,224
TCGA-05-4390-01A-01-BS1_x8400y17808,8400,17808,8288,17696,224
TCGA-05-4390-01A-01-BS1_x8624y17808,8624,17808,8512,17696,224
TCGA-05-4390-01A-01-BS1_x8848y17808,8848,17808,8736,17696,224
TCGA-05-4390-01A-01-BS1_x9072y17808,9072,17808,8960,17696,224
TCGA-05-4390-01A-01-BS1_x9296y17808,9296,17808,9184,17696,224
TCGA-05-4390-01A-01-BS1_x9520y17808,9520,17808,9408,17696,224
TCGA-05-4390-01A-01-BS1_x9744y17808,9744,17808,9632,17696,224
TCGA-05-4390-01A-01-BS1_x9968y17808,9968,17808,9856,17696,224
TCGA-05-4390-01A-01-BS1_x10192y17808,10192,17808,10080,17696,224
TCGA-05-4390-01A-01-BS1_x10416y17808,10416,17808,10304,17696,224
TCGA-05-4390-01A-01-BS1_x10640y17808,10640,17808,10528,17696,224
TCGA-05-4390-01A-01-BS1_x10864y17808,10864,17808,10752,17696,224
TCGA-05-4390-01A-01-BS1_x11088y17808,11088,17808,10976,17696,224
TCGA-05-4390-01A-01-BS1_x11312y17808,11312,17808,11200,17696,224
TCGA-05-4390-01A-01-BS1_x11536y17808,11536,17808,11424,17696,224
TCGA-05-4390-01A-01-BS1_x11760y17808,11760,17808,11648,17696,224
TCGA-05-4390-01A-01-BS1_x11984y17808,11984,17808,11872,17696,224
TCGA-05-4390-01A-01-BS1_x12208y17808,12208,17808,12096,17696,224
TCGA-05-4390-01A-01-BS1_x12432y17808,12432,17808,12320,17696,224
TCGA-05-4390-01A-01-BS1_x12656y17808,12656,17808,12544,17696,224
TCGA-05-4390-01A-01-BS1_x12880y17808,12880,17808,12768,17696,224
TCGA-05-4390-01A-01-BS1_x13104y17808,13104,17808,12992,17696,224
TCGA-05-4390-01A-01-BS1_x13328y17808,13328,17808,13216,17696,224
TCGA-05-4390-01A-01-BS1_x13552y17808,13552,17808,13440,17696,224
TCGA-05-4390-01A-01-BS1_x13776y17808,13776,17808,13664,17696,224
TCGA-05-4390-01A-01-BS1_x14000y17808,14000,17808,13888,17696,224
TCGA-05-4390-01A-01-BS1_x14224y17808,14224,17808,14112,17696,224
TCGA-05-4390-01A-01-BS1_x14448y17808,14448,17808,14336,17696,224
TCGA-05-4390-01A-01-BS1_x14672y17808,14672,17808,14560,17696,224
TCGA-05-4390-01A-01-BS1_x14896y17808,14896,17808,14784,17696,224
TCGA-05-4390-01A-01-BS1_x15120y17808,15120,17808,15008,17696,224
TCGA-05-4390-01A-01-BS1_x15344y17808,15344,17808,15232,17696,224
TCGA-05-4390-01A-01-BS1_x15568y17808,15568,17808,15456,17696,224
TCGA-05-4390-01A-01-BS1_x15792y17808,15792,17808,15680,17696,224
TCGA-05-4390-01A-01-BS1_x16016y17808,16016,17808,15904,17696,224
TCGA-05-4390-01A-01-BS1_x16240y17808,16240,17808,16128,17696,224
TCGA-05-4390-01A-01-BS1_x16464y17808,16464,17808,16352,17696,224
TCGA-05-4390-01A-01-BS1_x16688y17808,16688,17808,16576,17696,224
TCGA-05-4390-01A-01-BS1_x16912y17808,16912,17808,16800,17696,224
TCGA-05-4390-01A-01-BS1_x17136y17808,17136,17808,17024,17696,224
TCGA-05-4390-01A-01-BS1_x17360y17808,17360,17808,17248,17696,224
TCGA-05-4390-01A-01-BS1_x17584y17808,17584,17808,17472,17696,224
TCGA-05-4390-01A-01-BS1_x17808y17808,17808,17808,17696,17696,224
TCGA-05-4390-01A-01-BS1_x18032y17808,18032,17808,17920,17696,224
TCGA-05-4390-01A-01-BS1_x18256y17808,18256,17808,18144,17696,224
TCGA-05-4390-01A-01-BS1_x18480y17808,18480,17808,18368,17696,224
TCGA-05-4390-01A-01-BS1_x18704y17808,18704,17808,18592,17696,224
TCGA-05-4390-01A-01-BS1_x18928y17808,18928,17808,18816,17696,224
TCGA-05-4390-01A-01-BS1_x19152y17808,19152,17808,19040,17696,224
TCGA-05-4390-01A-01-BS1_x19376y17808,19376,17808,19264,17696,224
TCGA-05-4390-01A-01-BS1_x19600y17808,19600,17808,19488,17696,224
TCGA-05-4390-01A-01-BS1_x19824y17808,19824,17808,19712,17696,224
TCGA-05-4390-01A-01-BS1_x20048y17808,20048,17808,19936,17696,224
TCGA-05-4390-01A-01-BS1_x20272y17808,20272,17808,20160,17696,224
TCGA-05-4390-01A-01-BS1_x20496y17808,20496,17808,20384,17696,224
TCGA-05-4390-01A-01-BS1_x20720y17808,20720,17808,20608,17696,224
TCGA-05-4390-01A-01-BS1_x20944y17808,20944,17808,20832,17696,224
TCGA-05-4390-01A-01-BS1_x22064y17808,22064,17808,21952,17696,224
TCGA-05-4390-01A-01-BS1_x22288y17808,22288,17808,22176,17696,224
TCGA-05-4390-01A-01-BS1_x22512y17808,22512,17808,22400,17696,224
TCGA-05-4390-01A-01-BS1_x22736y17808,22736,17808,22624,17696,224
TCGA-05-4390-01A-01-BS1_x22960y17808,22960,17808,22848,17696,224
TCGA-05-4390-01A-01-BS1_x23184y17808,23184,17808,23072,17696,224
TCGA-05-4390-01A-01-BS1_x23408y17808,23408,17808,23296,17696,224
TCGA-05-4390-01A-01-BS1_x23632y17808,23632,17808,23520,17696,224
TCGA-05-4390-01A-01-BS1_x23856y17808,23856,17808,23744,17696,224
TCGA-05-4390-01A-01-BS1_x24080y17808,24080,17808,23968,17696,224
TCGA-05-4390-01A-01-BS1_x24304y17808,24304,17808,24192,17696,224
TCGA-05-4390-01A-01-BS1_x24528y17808,24528,17808,24416,17696,224
TCGA-05-4390-01A-01-BS1_x24752y17808,24752,17808,24640,17696,224
TCGA-05-4390-01A-01-BS1_x24976y17808,24976,17808,24864,17696,224
TCGA-05-4390-01A-01-BS1_x25200y17808,25200,17808,25088,17696,224
TCGA-05-4390-01A-01-BS1_x25424y17808,25424,17808,25312,17696,224
TCGA-05-4390-01A-01-BS1_x25648y17808,25648,17808,25536,17696,224
TCGA-05-4390-01A-01-BS1_x26096y17808,26096,17808,25984,17696,224
TCGA-05-4390-01A-01-BS1_x26768y17808,26768,17808,26656,17696,224
TCGA-05-4390-01A-01-BS1_x26992y17808,26992,17808,26880,17696,224
TCGA-05-4390-01A-01-BS1_x3248y18032,3248,18032,3136,17920,224
TCGA-05-4390-01A-01-BS1_x3472y18032,3472,18032,3360,17920,224
TCGA-05-4390-01A-01-BS1_x3696y18032,3696,18032,3584,17920,224
TCGA-05-4390-01A-01-BS1_x3920y18032,3920,18032,3808,17920,224
TCGA-05-4390-01A-01-BS1_x4144y18032,4144,18032,4032,17920,224
TCGA-05-4390-01A-01-BS1_x4368y18032,4368,18032,4256,17920,224
TCGA-05-4390-01A-01-BS1_x4592y18032,4592,18032,4480,17920,224
TCGA-05-4390-01A-01-BS1_x4816y18032,4816,18032,4704,17920,224
TCGA-05-4390-01A-01-BS1_x5040y18032,5040,18032,4928,17920,224
TCGA-05-4390-01A-01-BS1_x5264y18032,5264,18032,5152,17920,224
TCGA-05-4390-01A-01-BS1_x5488y18032,5488,18032,5376,17920,224
TCGA-05-4390-01A-01-BS1_x5712y18032,5712,18032,5600,17920,224
TCGA-05-4390-01A-01-BS1_x5936y18032,5936,18032,5824,17920,224
TCGA-05-4390-01A-01-BS1_x6160y18032,6160,18032,6048,17920,224
TCGA-05-4390-01A-01-BS1_x6384y18032,6384,18032,6272,17920,224
TCGA-05-4390-01A-01-BS1_x6608y18032,6608,18032,6496,17920,224
TCGA-05-4390-01A-01-BS1_x6832y18032,6832,18032,6720,17920,224
TCGA-05-4390-01A-01-BS1_x7056y18032,7056,18032,6944,17920,224
TCGA-05-4390-01A-01-BS1_x7280y18032,7280,18032,7168,17920,224
TCGA-05-4390-01A-01-BS1_x7504y18032,7504,18032,7392,17920,224
TCGA-05-4390-01A-01-BS1_x7728y18032,7728,18032,7616,17920,224
TCGA-05-4390-01A-01-BS1_x7952y18032,7952,18032,7840,17920,224
TCGA-05-4390-01A-01-BS1_x8176y18032,8176,18032,8064,17920,224
TCGA-05-4390-01A-01-BS1_x8400y18032,8400,18032,8288,17920,224
TCGA-05-4390-01A-01-BS1_x8624y18032,8624,18032,8512,17920,224
TCGA-05-4390-01A-01-BS1_x8848y18032,8848,18032,8736,17920,224
TCGA-05-4390-01A-01-BS1_x9072y18032,9072,18032,8960,17920,224
TCGA-05-4390-01A-01-BS1_x9296y18032,9296,18032,9184,17920,224
TCGA-05-4390-01A-01-BS1_x9520y18032,9520,18032,9408,17920,224
TCGA-05-4390-01A-01-BS1_x9744y18032,9744,18032,9632,17920,224
TCGA-05-4390-01A-01-BS1_x9968y18032,9968,18032,9856,17920,224
TCGA-05-4390-01A-01-BS1_x10192y18032,10192,18032,10080,17920,224
TCGA-05-4390-01A-01-BS1_x10416y18032,10416,18032,10304,17920,224
TCGA-05-4390-01A-01-BS1_x10640y18032,10640,18032,10528,17920,224
TCGA-05-4390-01A-01-BS1_x10864y18032,10864,18032,10752,17920,224
TCGA-05-4390-01A-01-BS1_x11088y18032,11088,18032,10976,17920,224
TCGA-05-4390-01A-01-BS1_x11312y18032,11312,18032,11200,17920,224
TCGA-05-4390-01A-01-BS1_x11536y18032,11536,18032,11424,17920,224
TCGA-05-4390-01A-01-BS1_x11760y18032,11760,18032,11648,17920,224
TCGA-05-4390-01A-01-BS1_x11984y18032,11984,18032,11872,17920,224
TCGA-05-4390-01A-01-BS1_x12208y18032,12208,18032,12096,17920,224
TCGA-05-4390-01A-01-BS1_x12432y18032,12432,18032,12320,17920,224
TCGA-05-4390-01A-01-BS1_x12656y18032,12656,18032,12544,17920,224
TCGA-05-4390-01A-01-BS1_x12880y18032,12880,18032,12768,17920,224
TCGA-05-4390-01A-01-BS1_x13104y18032,13104,18032,12992,17920,224
TCGA-05-4390-01A-01-BS1_x13328y18032,13328,18032,13216,17920,224
TCGA-05-4390-01A-01-BS1_x13552y18032,13552,18032,13440,17920,224
TCGA-05-4390-01A-01-BS1_x13776y18032,13776,18032,13664,17920,224
TCGA-05-4390-01A-01-BS1_x14000y18032,14000,18032,13888,17920,224
TCGA-05-4390-01A-01-BS1_x14224y18032,14224,18032,14112,17920,224
TCGA-05-4390-01A-01-BS1_x14448y18032,14448,18032,14336,17920,224
TCGA-05-4390-01A-01-BS1_x14672y18032,14672,18032,14560,17920,224
TCGA-05-4390-01A-01-BS1_x14896y18032,14896,18032,14784,17920,224
TCGA-05-4390-01A-01-BS1_x15120y18032,15120,18032,15008,17920,224
TCGA-05-4390-01A-01-BS1_x15344y18032,15344,18032,15232,17920,224
TCGA-05-4390-01A-01-BS1_x15568y18032,15568,18032,15456,17920,224
TCGA-05-4390-01A-01-BS1_x15792y18032,15792,18032,15680,17920,224
TCGA-05-4390-01A-01-BS1_x16016y18032,16016,18032,15904,17920,224
TCGA-05-4390-01A-01-BS1_x16240y18032,16240,18032,16128,17920,224
TCGA-05-4390-01A-01-BS1_x16464y18032,16464,18032,16352,17920,224
TCGA-05-4390-01A-01-BS1_x16688y18032,16688,18032,16576,17920,224
TCGA-05-4390-01A-01-BS1_x16912y18032,16912,18032,16800,17920,224
TCGA-05-4390-01A-01-BS1_x17136y18032,17136,18032,17024,17920,224
TCGA-05-4390-01A-01-BS1_x17360y18032,17360,18032,17248,17920,224
TCGA-05-4390-01A-01-BS1_x17584y18032,17584,18032,17472,17920,224
TCGA-05-4390-01A-01-BS1_x17808y18032,17808,18032,17696,17920,224
TCGA-05-4390-01A-01-BS1_x18032y18032,18032,18032,17920,17920,224
TCGA-05-4390-01A-01-BS1_x18256y18032,18256,18032,18144,17920,224
TCGA-05-4390-01A-01-BS1_x18480y18032,18480,18032,18368,17920,224
TCGA-05-4390-01A-01-BS1_x18704y18032,18704,18032,18592,17920,224
TCGA-05-4390-01A-01-BS1_x18928y18032,18928,18032,18816,17920,224
TCGA-05-4390-01A-01-BS1_x19152y18032,19152,18032,19040,17920,224
TCGA-05-4390-01A-01-BS1_x19376y18032,19376,18032,19264,17920,224
TCGA-05-4390-01A-01-BS1_x19600y18032,19600,18032,19488,17920,224
TCGA-05-4390-01A-01-BS1_x19824y18032,19824,18032,19712,17920,224
TCGA-05-4390-01A-01-BS1_x20048y18032,20048,18032,19936,17920,224
TCGA-05-4390-01A-01-BS1_x20272y18032,20272,18032,20160,17920,224
TCGA-05-4390-01A-01-BS1_x20496y18032,20496,18032,20384,17920,224
TCGA-05-4390-01A-01-BS1_x20720y18032,20720,18032,20608,17920,224
TCGA-05-4390-01A-01-BS1_x20944y18032,20944,18032,20832,17920,224
TCGA-05-4390-01A-01-BS1_x21168y18032,21168,18032,21056,17920,224
TCGA-05-4390-01A-01-BS1_x22064y18032,22064,18032,21952,17920,224
TCGA-05-4390-01A-01-BS1_x3248y18256,3248,18256,3136,18144,224
TCGA-05-4390-01A-01-BS1_x3472y18256,3472,18256,3360,18144,224
TCGA-05-4390-01A-01-BS1_x3696y18256,3696,18256,3584,18144,224
TCGA-05-4390-01A-01-BS1_x3920y18256,3920,18256,3808,18144,224
TCGA-05-4390-01A-01-BS1_x4144y18256,4144,18256,4032,18144,224
TCGA-05-4390-01A-01-BS1_x4368y18256,4368,18256,4256,18144,224
TCGA-05-4390-01A-01-BS1_x4592y18256,4592,18256,4480,18144,224
TCGA-05-4390-01A-01-BS1_x4816y18256,4816,18256,4704,18144,224
TCGA-05-4390-01A-01-BS1_x5040y18256,5040,18256,4928,18144,224
TCGA-05-4390-01A-01-BS1_x5264y18256,5264,18256,5152,18144,224
TCGA-05-4390-01A-01-BS1_x5488y18256,5488,18256,5376,18144,224
TCGA-05-4390-01A-01-BS1_x5712y18256,5712,18256,5600,18144,224
TCGA-05-4390-01A-01-BS1_x5936y18256,5936,18256,5824,18144,224
TCGA-05-4390-01A-01-BS1_x6160y18256,6160,18256,6048,18144,224
TCGA-05-4390-01A-01-BS1_x6384y18256,6384,18256,6272,18144,224
TCGA-05-4390-01A-01-BS1_x6608y18256,6608,18256,6496,18144,224
TCGA-05-4390-01A-01-BS1_x6832y18256,6832,18256,6720,18144,224
TCGA-05-4390-01A-01-BS1_x7056y18256,7056,18256,6944,18144,224
TCGA-05-4390-01A-01-BS1_x7280y18256,7280,18256,7168,18144,224
TCGA-05-4390-01A-01-BS1_x7504y18256,7504,18256,7392,18144,224
TCGA-05-4390-01A-01-BS1_x7728y18256,7728,18256,7616,18144,224
TCGA-05-4390-01A-01-BS1_x7952y18256,7952,18256,7840,18144,224
TCGA-05-4390-01A-01-BS1_x8176y18256,8176,18256,8064,18144,224
TCGA-05-4390-01A-01-BS1_x8400y18256,8400,18256,8288,18144,224
TCGA-05-4390-01A-01-BS1_x8624y18256,8624,18256,8512,18144,224
TCGA-05-4390-01A-01-BS1_x8848y18256,8848,18256,8736,18144,224
TCGA-05-4390-01A-01-BS1_x9072y18256,9072,18256,8960,18144,224
TCGA-05-4390-01A-01-BS1_x9296y18256,9296,18256,9184,18144,224
TCGA-05-4390-01A-01-BS1_x9520y18256,9520,18256,9408,18144,224
TCGA-05-4390-01A-01-BS1_x9744y18256,9744,18256,9632,18144,224
TCGA-05-4390-01A-01-BS1_x9968y18256,9968,18256,9856,18144,224
TCGA-05-4390-01A-01-BS1_x10192y18256,10192,18256,10080,18144,224
TCGA-05-4390-01A-01-BS1_x10416y18256,10416,18256,10304,18144,224
TCGA-05-4390-01A-01-BS1_x10640y18256,10640,18256,10528,18144,224
TCGA-05-4390-01A-01-BS1_x10864y18256,10864,18256,10752,18144,224
TCGA-05-4390-01A-01-BS1_x11088y18256,11088,18256,10976,18144,224
TCGA-05-4390-01A-01-BS1_x11312y18256,11312,18256,11200,18144,224
TCGA-05-4390-01A-01-BS1_x11536y18256,11536,18256,11424,18144,224
TCGA-05-4390-01A-01-BS1_x11760y18256,11760,18256,11648,18144,224
TCGA-05-4390-01A-01-BS1_x11984y18256,11984,18256,11872,18144,224
TCGA-05-4390-01A-01-BS1_x12208y18256,12208,18256,12096,18144,224
TCGA-05-4390-01A-01-BS1_x12432y18256,12432,18256,12320,18144,224
TCGA-05-4390-01A-01-BS1_x12656y18256,12656,18256,12544,18144,224
TCGA-05-4390-01A-01-BS1_x12880y18256,12880,18256,12768,18144,224
TCGA-05-4390-01A-01-BS1_x13104y18256,13104,18256,12992,18144,224
TCGA-05-4390-01A-01-BS1_x13328y18256,13328,18256,13216,18144,224
TCGA-05-4390-01A-01-BS1_x13552y18256,13552,18256,13440,18144,224
TCGA-05-4390-01A-01-BS1_x13776y18256,13776,18256,13664,18144,224
TCGA-05-4390-01A-01-BS1_x14000y18256,14000,18256,13888,18144,224
TCGA-05-4390-01A-01-BS1_x14224y18256,14224,18256,14112,18144,224
TCGA-05-4390-01A-01-BS1_x14448y18256,14448,18256,14336,18144,224
TCGA-05-4390-01A-01-BS1_x14672y18256,14672,18256,14560,18144,224
TCGA-05-4390-01A-01-BS1_x14896y18256,14896,18256,14784,18144,224
TCGA-05-4390-01A-01-BS1_x15120y18256,15120,18256,15008,18144,224
TCGA-05-4390-01A-01-BS1_x15344y18256,15344,18256,15232,18144,224
TCGA-05-4390-01A-01-BS1_x15568y18256,15568,18256,15456,18144,224
TCGA-05-4390-01A-01-BS1_x15792y18256,15792,18256,15680,18144,224
TCGA-05-4390-01A-01-BS1_x16016y18256,16016,18256,15904,18144,224
TCGA-05-4390-01A-01-BS1_x16240y18256,16240,18256,16128,18144,224
TCGA-05-4390-01A-01-BS1_x16464y18256,16464,18256,16352,18144,224
TCGA-05-4390-01A-01-BS1_x16688y18256,16688,18256,16576,18144,224
TCGA-05-4390-01A-01-BS1_x16912y18256,16912,18256,16800,18144,224
TCGA-05-4390-01A-01-BS1_x17136y18256,17136,18256,17024,18144,224
TCGA-05-4390-01A-01-BS1_x17360y18256,17360,18256,17248,18144,224
TCGA-05-4390-01A-01-BS1_x17584y18256,17584,18256,17472,18144,224
TCGA-05-4390-01A-01-BS1_x17808y18256,17808,18256,17696,18144,224
TCGA-05-4390-01A-01-BS1_x18032y18256,18032,18256,17920,18144,224
TCGA-05-4390-01A-01-BS1_x18256y18256,18256,18256,18144,18144,224
TCGA-05-4390-01A-01-BS1_x18480y18256,18480,18256,18368,18144,224
TCGA-05-4390-01A-01-BS1_x18704y18256,18704,18256,18592,18144,224
TCGA-05-4390-01A-01-BS1_x18928y18256,18928,18256,18816,18144,224
TCGA-05-4390-01A-01-BS1_x19152y18256,19152,18256,19040,18144,224
TCGA-05-4390-01A-01-BS1_x19376y18256,19376,18256,19264,18144,224
TCGA-05-4390-01A-01-BS1_x19600y18256,19600,18256,19488,18144,224
TCGA-05-4390-01A-01-BS1_x19824y18256,19824,18256,19712,18144,224
TCGA-05-4390-01A-01-BS1_x20048y18256,20048,18256,19936,18144,224
TCGA-05-4390-01A-01-BS1_x20272y18256,20272,18256,20160,18144,224
TCGA-05-4390-01A-01-BS1_x20496y18256,20496,18256,20384,18144,224
TCGA-05-4390-01A-01-BS1_x3248y18480,3248,18480,3136,18368,224
TCGA-05-4390-01A-01-BS1_x3472y18480,3472,18480,3360,18368,224
TCGA-05-4390-01A-01-BS1_x3696y18480,3696,18480,3584,18368,224
TCGA-05-4390-01A-01-BS1_x3920y18480,3920,18480,3808,18368,224
TCGA-05-4390-01A-01-BS1_x4144y18480,4144,18480,4032,18368,224
TCGA-05-4390-01A-01-BS1_x4368y18480,4368,18480,4256,18368,224
TCGA-05-4390-01A-01-BS1_x4592y18480,4592,18480,4480,18368,224
TCGA-05-4390-01A-01-BS1_x4816y18480,4816,18480,4704,18368,224
TCGA-05-4390-01A-01-BS1_x5040y18480,5040,18480,4928,18368,224
TCGA-05-4390-01A-01-BS1_x5264y18480,5264,18480,5152,18368,224
TCGA-05-4390-01A-01-BS1_x5488y18480,5488,18480,5376,18368,224
TCGA-05-4390-01A-01-BS1_x5712y18480,5712,18480,5600,18368,224
TCGA-05-4390-01A-01-BS1_x5936y18480,5936,18480,5824,18368,224
TCGA-05-4390-01A-01-BS1_x6160y18480,6160,18480,6048,18368,224
TCGA-05-4390-01A-01-BS1_x6384y18480,6384,18480,6272,18368,224
TCGA-05-4390-01A-01-BS1_x6608y18480,6608,18480,6496,18368,224
TCGA-05-4390-01A-01-BS1_x6832y18480,6832,18480,6720,18368,224
TCGA-05-4390-01A-01-BS1_x7056y18480,7056,18480,6944,18368,224
TCGA-05-4390-01A-01-BS1_x7280y18480,7280,18480,7168,18368,224
TCGA-05-4390-01A-01-BS1_x7504y18480,7504,18480,7392,18368,224
TCGA-05-4390-01A-01-BS1_x7728y18480,7728,18480,7616,18368,224
TCGA-05-4390-01A-01-BS1_x7952y18480,7952,18480,7840,18368,224
TCGA-05-4390-01A-01-BS1_x8176y18480,8176,18480,8064,18368,224
TCGA-05-4390-01A-01-BS1_x8400y18480,8400,18480,8288,18368,224
TCGA-05-4390-01A-01-BS1_x8624y18480,8624,18480,8512,18368,224
TCGA-05-4390-01A-01-BS1_x8848y18480,8848,18480,8736,18368,224
TCGA-05-4390-01A-01-BS1_x9072y18480,9072,18480,8960,18368,224
TCGA-05-4390-01A-01-BS1_x9296y18480,9296,18480,9184,18368,224
TCGA-05-4390-01A-01-BS1_x9520y18480,9520,18480,9408,18368,224
TCGA-05-4390-01A-01-BS1_x9744y18480,9744,18480,9632,18368,224
TCGA-05-4390-01A-01-BS1_x9968y18480,9968,18480,9856,18368,224
TCGA-05-4390-01A-01-BS1_x10192y18480,10192,18480,10080,18368,224
TCGA-05-4390-01A-01-BS1_x10416y18480,10416,18480,10304,18368,224
TCGA-05-4390-01A-01-BS1_x10640y18480,10640,18480,10528,18368,224
TCGA-05-4390-01A-01-BS1_x10864y18480,10864,18480,10752,18368,224
TCGA-05-4390-01A-01-BS1_x11088y18480,11088,18480,10976,18368,224
TCGA-05-4390-01A-01-BS1_x11312y18480,11312,18480,11200,18368,224
TCGA-05-4390-01A-01-BS1_x11536y18480,11536,18480,11424,18368,224
TCGA-05-4390-01A-01-BS1_x11760y18480,11760,18480,11648,18368,224
TCGA-05-4390-01A-01-BS1_x11984y18480,11984,18480,11872,18368,224
TCGA-05-4390-01A-01-BS1_x12208y18480,12208,18480,12096,18368,224
TCGA-05-4390-01A-01-BS1_x12432y18480,12432,18480,12320,18368,224
TCGA-05-4390-01A-01-BS1_x12656y18480,12656,18480,12544,18368,224
TCGA-05-4390-01A-01-BS1_x12880y18480,12880,18480,12768,18368,224
TCGA-05-4390-01A-01-BS1_x13104y18480,13104,18480,12992,18368,224
TCGA-05-4390-01A-01-BS1_x13328y18480,13328,18480,13216,18368,224
TCGA-05-4390-01A-01-BS1_x13552y18480,13552,18480,13440,18368,224
TCGA-05-4390-01A-01-BS1_x13776y18480,13776,18480,13664,18368,224
TCGA-05-4390-01A-01-BS1_x14000y18480,14000,18480,13888,18368,224
TCGA-05-4390-01A-01-BS1_x14224y18480,14224,18480,14112,18368,224
TCGA-05-4390-01A-01-BS1_x14448y18480,14448,18480,14336,18368,224
TCGA-05-4390-01A-01-BS1_x14672y18480,14672,18480,14560,18368,224
TCGA-05-4390-01A-01-BS1_x14896y18480,14896,18480,14784,18368,224
TCGA-05-4390-01A-01-BS1_x15120y18480,15120,18480,15008,18368,224
TCGA-05-4390-01A-01-BS1_x15344y18480,15344,18480,15232,18368,224
TCGA-05-4390-01A-01-BS1_x15568y18480,15568,18480,15456,18368,224
TCGA-05-4390-01A-01-BS1_x15792y18480,15792,18480,15680,18368,224
TCGA-05-4390-01A-01-BS1_x16240y18480,16240,18480,16128,18368,224
TCGA-05-4390-01A-01-BS1_x18480y18480,18480,18480,18368,18368,224
TCGA-05-4390-01A-01-BS1_x18704y18480,18704,18480,18592,18368,224
TCGA-05-4390-01A-01-BS1_x18928y18480,18928,18480,18816,18368,224
TCGA-05-4390-01A-01-BS1_x19152y18480,19152,18480,19040,18368,224
TCGA-05-4390-01A-01-BS1_x19376y18480,19376,18480,19264,18368,224
TCGA-05-4390-01A-01-BS1_x19600y18480,19600,18480,19488,18368,224
TCGA-05-4390-01A-01-BS1_x19824y18480,19824,18480,19712,18368,224
TCGA-05-4390-01A-01-BS1_x3248y18704,3248,18704,3136,18592,224
TCGA-05-4390-01A-01-BS1_x3472y18704,3472,18704,3360,18592,224
TCGA-05-4390-01A-01-BS1_x3696y18704,3696,18704,3584,18592,224
TCGA-05-4390-01A-01-BS1_x3920y18704,3920,18704,3808,18592,224
TCGA-05-4390-01A-01-BS1_x4144y18704,4144,18704,4032,18592,224
TCGA-05-4390-01A-01-BS1_x4368y18704,4368,18704,4256,18592,224
TCGA-05-4390-01A-01-BS1_x4592y18704,4592,18704,4480,18592,224
TCGA-05-4390-01A-01-BS1_x4816y18704,4816,18704,4704,18592,224
TCGA-05-4390-01A-01-BS1_x5040y18704,5040,18704,4928,18592,224
TCGA-05-4390-01A-01-BS1_x5264y18704,5264,18704,5152,18592,224
TCGA-05-4390-01A-01-BS1_x5488y18704,5488,18704,5376,18592,224
TCGA-05-4390-01A-01-BS1_x5712y18704,5712,18704,5600,18592,224
TCGA-05-4390-01A-01-BS1_x5936y18704,5936,18704,5824,18592,224
TCGA-05-4390-01A-01-BS1_x6160y18704,6160,18704,6048,18592,224
TCGA-05-4390-01A-01-BS1_x6384y18704,6384,18704,6272,18592,224
TCGA-05-4390-01A-01-BS1_x6608y18704,6608,18704,6496,18592,224
TCGA-05-4390-01A-01-BS1_x6832y18704,6832,18704,6720,18592,224
TCGA-05-4390-01A-01-BS1_x7056y18704,7056,18704,6944,18592,224
TCGA-05-4390-01A-01-BS1_x7280y18704,7280,18704,7168,18592,224
TCGA-05-4390-01A-01-BS1_x7504y18704,7504,18704,7392,18592,224
TCGA-05-4390-01A-01-BS1_x7728y18704,7728,18704,7616,18592,224
TCGA-05-4390-01A-01-BS1_x7952y18704,7952,18704,7840,18592,224
TCGA-05-4390-01A-01-BS1_x8176y18704,8176,18704,8064,18592,224
TCGA-05-4390-01A-01-BS1_x8400y18704,8400,18704,8288,18592,224
TCGA-05-4390-01A-01-BS1_x8624y18704,8624,18704,8512,18592,224
TCGA-05-4390-01A-01-BS1_x8848y18704,8848,18704,8736,18592,224
TCGA-05-4390-01A-01-BS1_x9072y18704,9072,18704,8960,18592,224
TCGA-05-4390-01A-01-BS1_x9296y18704,9296,18704,9184,18592,224
TCGA-05-4390-01A-01-BS1_x9520y18704,9520,18704,9408,18592,224
TCGA-05-4390-01A-01-BS1_x9744y18704,9744,18704,9632,18592,224
TCGA-05-4390-01A-01-BS1_x9968y18704,9968,18704,9856,18592,224
TCGA-05-4390-01A-01-BS1_x10192y18704,10192,18704,10080,18592,224
TCGA-05-4390-01A-01-BS1_x10416y18704,10416,18704,10304,18592,224
TCGA-05-4390-01A-01-BS1_x10640y18704,10640,18704,10528,18592,224
TCGA-05-4390-01A-01-BS1_x10864y18704,10864,18704,10752,18592,224
TCGA-05-4390-01A-01-BS1_x11088y18704,11088,18704,10976,18592,224
TCGA-05-4390-01A-01-BS1_x11312y18704,11312,18704,11200,18592,224
TCGA-05-4390-01A-01-BS1_x11536y18704,11536,18704,11424,18592,224
TCGA-05-4390-01A-01-BS1_x11760y18704,11760,18704,11648,18592,224
TCGA-05-4390-01A-01-BS1_x11984y18704,11984,18704,11872,18592,224
TCGA-05-4390-01A-01-BS1_x12208y18704,12208,18704,12096,18592,224
TCGA-05-4390-01A-01-BS1_x12432y18704,12432,18704,12320,18592,224
TCGA-05-4390-01A-01-BS1_x12656y18704,12656,18704,12544,18592,224
TCGA-05-4390-01A-01-BS1_x12880y18704,12880,18704,12768,18592,224
TCGA-05-4390-01A-01-BS1_x13328y18704,13328,18704,13216,18592,224
TCGA-05-4390-01A-01-BS1_x13552y18704,13552,18704,13440,18592,224
TCGA-05-4390-01A-01-BS1_x13776y18704,13776,18704,13664,18592,224
TCGA-05-4390-01A-01-BS1_x14000y18704,14000,18704,13888,18592,224
TCGA-05-4390-01A-01-BS1_x14224y18704,14224,18704,14112,18592,224
TCGA-05-4390-01A-01-BS1_x14448y18704,14448,18704,14336,18592,224
TCGA-05-4390-01A-01-BS1_x14672y18704,14672,18704,14560,18592,224
TCGA-05-4390-01A-01-BS1_x14896y18704,14896,18704,14784,18592,224
TCGA-05-4390-01A-01-BS1_x15120y18704,15120,18704,15008,18592,224
TCGA-05-4390-01A-01-BS1_x3248y18928,3248,18928,3136,18816,224
TCGA-05-4390-01A-01-BS1_x3472y18928,3472,18928,3360,18816,224
TCGA-05-4390-01A-01-BS1_x3696y18928,3696,18928,3584,18816,224
TCGA-05-4390-01A-01-BS1_x3920y18928,3920,18928,3808,18816,224
TCGA-05-4390-01A-01-BS1_x4144y18928,4144,18928,4032,18816,224
TCGA-05-4390-01A-01-BS1_x4368y18928,4368,18928,4256,18816,224
TCGA-05-4390-01A-01-BS1_x4592y18928,4592,18928,4480,18816,224
TCGA-05-4390-01A-01-BS1_x4816y18928,4816,18928,4704,18816,224
TCGA-05-4390-01A-01-BS1_x5040y18928,5040,18928,4928,18816,224
TCGA-05-4390-01A-01-BS1_x5264y18928,5264,18928,5152,18816,224
TCGA-05-4390-01A-01-BS1_x5488y18928,5488,18928,5376,18816,224
TCGA-05-4390-01A-01-BS1_x5712y18928,5712,18928,5600,18816,224
TCGA-05-4390-01A-01-BS1_x5936y18928,5936,18928,5824,18816,224
TCGA-05-4390-01A-01-BS1_x6160y18928,6160,18928,6048,18816,224
TCGA-05-4390-01A-01-BS1_x6384y18928,6384,18928,6272,18816,224
TCGA-05-4390-01A-01-BS1_x6608y18928,6608,18928,6496,18816,224
TCGA-05-4390-01A-01-BS1_x6832y18928,6832,18928,6720,18816,224
TCGA-05-4390-01A-01-BS1_x7056y18928,7056,18928,6944,18816,224
TCGA-05-4390-01A-01-BS1_x7280y18928,7280,18928,7168,18816,224
TCGA-05-4390-01A-01-BS1_x7504y18928,7504,18928,7392,18816,224
TCGA-05-4390-01A-01-BS1_x7728y18928,7728,18928,7616,18816,224
TCGA-05-4390-01A-01-BS1_x7952y18928,7952,18928,7840,18816,224
TCGA-05-4390-01A-01-BS1_x8176y18928,8176,18928,8064,18816,224
TCGA-05-4390-01A-01-BS1_x8400y18928,8400,18928,8288,18816,224
TCGA-05-4390-01A-01-BS1_x8624y18928,8624,18928,8512,18816,224
TCGA-05-4390-01A-01-BS1_x8848y18928,8848,18928,8736,18816,224
TCGA-05-4390-01A-01-BS1_x9072y18928,9072,18928,8960,18816,224
TCGA-05-4390-01A-01-BS1_x9296y18928,9296,18928,9184,18816,224
TCGA-05-4390-01A-01-BS1_x9520y18928,9520,18928,9408,18816,224
TCGA-05-4390-01A-01-BS1_x9744y18928,9744,18928,9632,18816,224
TCGA-05-4390-01A-01-BS1_x9968y18928,9968,18928,9856,18816,224
TCGA-05-4390-01A-01-BS1_x10192y18928,10192,18928,10080,18816,224
TCGA-05-4390-01A-01-BS1_x10416y18928,10416,18928,10304,18816,224
TCGA-05-4390-01A-01-BS1_x10640y18928,10640,18928,10528,18816,224
TCGA-05-4390-01A-01-BS1_x10864y18928,10864,18928,10752,18816,224
TCGA-05-4390-01A-01-BS1_x11088y18928,11088,18928,10976,18816,224
TCGA-05-4390-01A-01-BS1_x11312y18928,11312,18928,11200,18816,224
TCGA-05-4390-01A-01-BS1_x11536y18928,11536,18928,11424,18816,224
TCGA-05-4390-01A-01-BS1_x11760y18928,11760,18928,11648,18816,224
TCGA-05-4390-01A-01-BS1_x11984y18928,11984,18928,11872,18816,224
TCGA-05-4390-01A-01-BS1_x12208y18928,12208,18928,12096,18816,224
TCGA-05-4390-01A-01-BS1_x12432y18928,12432,18928,12320,18816,224
TCGA-05-4390-01A-01-BS1_x12656y18928,12656,18928,12544,18816,224
TCGA-05-4390-01A-01-BS1_x12880y18928,12880,18928,12768,18816,224
TCGA-05-4390-01A-01-BS1_x13328y18928,13328,18928,13216,18816,224
TCGA-05-4390-01A-01-BS1_x13552y18928,13552,18928,13440,18816,224
TCGA-05-4390-01A-01-BS1_x3472y19152,3472,19152,3360,19040,224
TCGA-05-4390-01A-01-BS1_x3696y19152,3696,19152,3584,19040,224
TCGA-05-4390-01A-01-BS1_x3920y19152,3920,19152,3808,19040,224
TCGA-05-4390-01A-01-BS1_x4144y19152,4144,19152,4032,19040,224
TCGA-05-4390-01A-01-BS1_x4368y19152,4368,19152,4256,19040,224
TCGA-05-4390-01A-01-BS1_x4592y19152,4592,19152,4480,19040,224
TCGA-05-4390-01A-01-BS1_x4816y19152,4816,19152,4704,19040,224
TCGA-05-4390-01A-01-BS1_x5040y19152,5040,19152,4928,19040,224
TCGA-05-4390-01A-01-BS1_x5264y19152,5264,19152,5152,19040,224
TCGA-05-4390-01A-01-BS1_x5488y19152,5488,19152,5376,19040,224
TCGA-05-4390-01A-01-BS1_x5712y19152,5712,19152,5600,19040,224
TCGA-05-4390-01A-01-BS1_x6384y19152,6384,19152,6272,19040,224
TCGA-05-4390-01A-01-BS1_x6608y19152,6608,19152,6496,19040,224
TCGA-05-4390-01A-01-BS1_x6832y19152,6832,19152,6720,19040,224
TCGA-05-4390-01A-01-BS1_x7056y19152,7056,19152,6944,19040,224
TCGA-05-4390-01A-01-BS1_x7280y19152,7280,19152,7168,19040,224
TCGA-05-4390-01A-01-BS1_x7504y19152,7504,19152,7392,19040,224
TCGA-05-4390-01A-01-BS1_x7728y19152,7728,19152,7616,19040,224
TCGA-05-4390-01A-01-BS1_x7952y19152,7952,19152,7840,19040,224
TCGA-05-4390-01A-01-BS1_x8176y19152,8176,19152,8064,19040,224
TCGA-05-4390-01A-01-BS1_x8400y19152,8400,19152,8288,19040,224
TCGA-05-4390-01A-01-BS1_x8624y19152,8624,19152,8512,19040,224
TCGA-05-4390-01A-01-BS1_x8848y19152,8848,19152,8736,19040,224
TCGA-05-4390-01A-01-BS1_x9072y19152,9072,19152,8960,19040,224
TCGA-05-4390-01A-01-BS1_x9296y19152,9296,19152,9184,19040,224
TCGA-05-4390-01A-01-BS1_x9520y19152,9520,19152,9408,19040,224
TCGA-05-4390-01A-01-BS1_x9744y19152,9744,19152,9632,19040,224
TCGA-05-4390-01A-01-BS1_x9968y19152,9968,19152,9856,19040,224
TCGA-05-4390-01A-01-BS1_x10192y19152,10192,19152,10080,19040,224
TCGA-05-4390-01A-01-BS1_x10416y19152,10416,19152,10304,19040,224
TCGA-05-4390-01A-01-BS1_x10640y19152,10640,19152,10528,19040,224
TCGA-05-4390-01A-01-BS1_x10864y19152,10864,19152,10752,19040,224
TCGA-05-4390-01A-01-BS1_x11088y19152,11088,19152,10976,19040,224
TCGA-05-4390-01A-01-BS1_x11312y19152,11312,19152,11200,19040,224
TCGA-05-4390-01A-01-BS1_x11536y19152,11536,19152,11424,19040,224
TCGA-05-4390-01A-01-BS1_x11760y19152,11760,19152,11648,19040,224
TCGA-05-4390-01A-01-BS1_x11984y19152,11984,19152,11872,19040,224
TCGA-05-4390-01A-01-BS1_x12208y19152,12208,19152,12096,19040,224
TCGA-05-4390-01A-01-BS1_x12432y19152,12432,19152,12320,19040,224
TCGA-05-4390-01A-01-BS1_x12656y19152,12656,19152,12544,19040,224
TCGA-05-4390-01A-01-BS1_x12880y19152,12880,19152,12768,19040,224
TCGA-05-4390-01A-01-BS1_x3920y19376,3920,19376,3808,19264,224
TCGA-05-4390-01A-01-BS1_x4144y19376,4144,19376,4032,19264,224
TCGA-05-4390-01A-01-BS1_x4368y19376,4368,19376,4256,19264,224
TCGA-05-4390-01A-01-BS1_x4592y19376,4592,19376,4480,19264,224
TCGA-05-4390-01A-01-BS1_x4816y19376,4816,19376,4704,19264,224
TCGA-05-4390-01A-01-BS1_x5040y19376,5040,19376,4928,19264,224
TCGA-05-4390-01A-01-BS1_x5264y19376,5264,19376,5152,19264,224
TCGA-05-4390-01A-01-BS1_x5488y19376,5488,19376,5376,19264,224
TCGA-05-4390-01A-01-BS1_x5712y19376,5712,19376,5600,19264,224
TCGA-05-4390-01A-01-BS1_x6384y19376,6384,19376,6272,19264,224
TCGA-05-4390-01A-01-BS1_x6608y19376,6608,19376,6496,19264,224
TCGA-05-4390-01A-01-BS1_x6832y19376,6832,19376,6720,19264,224
TCGA-05-4390-01A-01-BS1_x7056y19376,7056,19376,6944,19264,224
TCGA-05-4390-01A-01-BS1_x7280y19376,7280,19376,7168,19264,224
TCGA-05-4390-01A-01-BS1_x7504y19376,7504,19376,7392,19264,224
TCGA-05-4390-01A-01-BS1_x7728y19376,7728,19376,7616,19264,224
TCGA-05-4390-01A-01-BS1_x7952y19376,7952,19376,7840,19264,224
TCGA-05-4390-01A-01-BS1_x8176y19376,8176,19376,8064,19264,224
TCGA-05-4390-01A-01-BS1_x8400y19376,8400,19376,8288,19264,224
TCGA-05-4390-01A-01-BS1_x8624y19376,8624,19376,8512,19264,224
TCGA-05-4390-01A-01-BS1_x8848y19376,8848,19376,8736,19264,224
TCGA-05-4390-01A-01-BS1_x9072y19376,9072,19376,8960,19264,224
TCGA-05-4390-01A-01-BS1_x9296y19376,9296,19376,9184,19264,224
TCGA-05-4390-01A-01-BS1_x9520y19376,9520,19376,9408,19264,224
TCGA-05-4390-01A-01-BS1_x9744y19376,9744,19376,9632,19264,224
TCGA-05-4390-01A-01-BS1_x9968y19376,9968,19376,9856,19264,224
TCGA-05-4390-01A-01-BS1_x10192y19376,10192,19376,10080,19264,224
TCGA-05-4390-01A-01-BS1_x10416y19376,10416,19376,10304,19264,224
TCGA-05-4390-01A-01-BS1_x10640y19376,10640,19376,10528,19264,224
TCGA-05-4390-01A-01-BS1_x10864y19376,10864,19376,10752,19264,224
TCGA-05-4390-01A-01-BS1_x11088y19376,11088,19376,10976,19264,224
TCGA-05-4390-01A-01-BS1_x11312y19376,11312,19376,11200,19264,224
TCGA-05-4390-01A-01-BS1_x11536y19376,11536,19376,11424,19264,224
TCGA-05-4390-01A-01-BS1_x11760y19376,11760,19376,11648,19264,224
TCGA-05-4390-01A-01-BS1_x4144y19600,4144,19600,4032,19488,224
TCGA-05-4390-01A-01-BS1_x4368y19600,4368,19600,4256,19488,224
TCGA-05-4390-01A-01-BS1_x4592y19600,4592,19600,4480,19488,224
TCGA-05-4390-01A-01-BS1_x4816y19600,4816,19600,4704,19488,224
TCGA-05-4390-01A-01-BS1_x5040y19600,5040,19600,4928,19488,224
TCGA-05-4390-01A-01-BS1_x5264y19600,5264,19600,5152,19488,224
TCGA-05-4390-01A-01-BS1_x5488y19600,5488,19600,5376,19488,224
TCGA-05-4390-01A-01-BS1_x5712y19600,5712,19600,5600,19488,224
TCGA-05-4390-01A-01-BS1_x7728y19600,7728,19600,7616,19488,224
TCGA-05-4390-01A-01-BS1_x7952y19600,7952,19600,7840,19488,224
TCGA-05-4390-01A-01-BS1_x10192y19600,10192,19600,10080,19488,224
