,A,B,R_val,R_z_score,R_p_val
2422,Macro_CHIT1,Macro_alv,0.5404490122212063,146.39125597908412,0.0
2423,Macro_CHIT1,Macro_dividing,0.5344575737411527,144.7683569000171,0.0
2565,Macro_alv,Macro_dividing,0.5305746787273458,143.71659833435714,0.0
1230,DC_1,Macro_CHIT1,0.515550743978215,139.64706979801326,0.0
2419,Macro_CHIT1,Macro_interstitial,0.515414438647404,139.6101488154176,0.0
1234,DC_1,Macro_alv,0.5147120761184513,139.4199000954811,0.0
2424,Macro_CHIT1,Macro_int,0.5132996869603003,139.0373266831564,0.0
1993,Erythrocyte,Macro_CHIT1,0.5132968807980326,139.03656657885506,0.0
2566,Macro_alv,Macro_int,0.51184672741467,138.64376398258372,0.0
1997,Erythrocyte,Macro_alv,0.5105572739168315,138.29449011436185,0.0
2459,Macro_interstitial,Macro_alv,0.5102164170413781,138.2021623184396,0.0
1291,DC_2,Macro_CHIT1,0.510030334399168,138.1517581709751,0.0
1235,DC_1,Macro_dividing,0.5099224735455808,138.12254193508505,0.0
1998,Erythrocyte,Macro_dividing,0.5089063052107254,137.84729273402857,0.0
2599,Macro_dividing,Macro_int,0.5081155176376538,137.6330923498724,0.0
1295,DC_2,Macro_alv,0.5080003606567043,137.6018998142312,0.0
2460,Macro_interstitial,Macro_dividing,0.5077513469658452,137.53444955317693,0.0
2429,Macro_CHIT1,Macrophage_intermediate,0.5063837644527484,137.164012902873,0.0
195,B_memory,Macro_CHIT1,0.503679161527541,136.43141794906123,0.0
2571,Macro_alv,Macrophage_intermediate,0.5036740668751288,136.4300379621457,0.0
1296,DC_2,Macro_dividing,0.5031160619682047,136.27889134642444,0.0
199,B_memory,Macro_alv,0.503008208343333,136.24967706857433,0.0
2430,Macro_CHIT1,Monocyte_CD14,0.5013256210034177,135.7939151587276,0.0
2604,Macro_dividing,Macrophage_intermediate,0.5006607510012151,135.61382202785992,0.0
200,B_memory,Macro_dividing,0.5003230318483028,135.52234414586727,0.0
2425,Macro_CHIT1,Macro_CCL,0.5002846740553054,135.51195418239894,0.0
2455,Macro_CHIT1,T_reg,0.4992721516483789,135.23769255270744,0.0
1351,DC_activated,Macro_CHIT1,0.4990635246483091,135.18118182203585,0.0
1410,DC_plasmacytoid,Macro_CHIT1,0.4980586708979606,134.90899739896838,0.0
2572,Macro_alv,Monocyte_CD14,0.497900765822703,134.86622570030724,0.0
2567,Macro_alv,Macro_CCL,0.49774565811803856,134.82421172454931,0.0
2597,Macro_alv,T_reg,0.49762007242626166,134.79019436724735,0.0
779,CD4_naive_CM,Macro_alv,0.49743255128471375,134.73940057391428,0.0
1355,DC_activated,Macro_alv,0.49724738848830796,134.6892455847969,0.0
271,B_naive,Macro_CHIT1,0.49721525299812475,134.6805410545581,0.0
1414,DC_plasmacytoid,Macro_alv,0.49706271098419164,134.63922204665118,0.0
1999,Erythrocyte,Macro_int,0.49653365349042405,134.49591640773536,0.0
775,CD4_naive_CM,Macro_CHIT1,0.49624617178361097,134.41804632715474,0.0
2605,Macro_dividing,Monocyte_CD14,0.4958691007692273,134.31590921867516,0.0
1994,Erythrocyte,Macro_interstitial,0.4958587783426666,134.31311318620067,0.0
1236,DC_1,Macro_int,0.4958480074358344,134.31019567401444,0.0
275,B_naive,Macro_alv,0.49582030008343103,134.30269059207984,0.0
2600,Macro_dividing,Macro_CCL,0.49548833353467137,134.2127709161862,0.0
1220,DC_1,Erythrocyte,0.4954481348492505,134.20188231075923,0.0
1041,CD8_TRM,Macro_CHIT1,0.49514868513765947,134.12077046044385,0.0
2630,Macro_dividing,T_reg,0.49494680654876383,134.06608766980972,0.0
1356,DC_activated,Macro_dividing,0.49471911897817955,134.0044140083265,0.0
2441,Macro_CHIT1,NK_CD16hi,0.494077419173855,133.83059698175722,0.0
1045,CD8_TRM,Macro_alv,0.4939176649174375,133.78732439597,0.0
1415,DC_plasmacytoid,Macro_dividing,0.49377473603757305,133.74860929470069,0.0
780,CD4_naive_CM,Macro_dividing,0.49377164472014445,133.74777195050953,0.0
1207,DC_1,DC_2,0.4935853113258112,133.69729988189536,0.0
2461,Macro_interstitial,Macro_int,0.4935097103661345,133.67682187344306,0.0
276,B_naive,Macro_dividing,0.4933169451235435,133.62460761209022,0.0
706,CD4_TRM,Macro_CHIT1,0.49279878204402583,133.4842529397765,0.0
636,CD4_EM_Effector,Macro_CHIT1,0.4926300804581184,133.438556793631,0.0
1231,DC_1,Macro_interstitial,0.49258014290387325,133.42503022383224,0.0
185,B_memory,Erythrocyte,0.49206730326059644,133.28611750903866,0.0
640,CD4_EM_Effector,Macro_alv,0.4920043812203016,133.269073835539,0.0
2420,Macro_CHIT1,Macro_AW_CX3CR1,0.49173768561106046,133.19683407874774,0.0
710,CD4_TRM,Macro_alv,0.4913222412362434,133.08430279005327,0.0
1046,CD8_TRM,Macro_dividing,0.49075454845841193,132.93053202375017,0.0
2568,Macro_alv,Mast_cell,0.4905311483476005,132.87001970516317,0.0
201,B_memory,Macro_int,0.490331239127479,132.81587035683685,0.0
2583,Macro_alv,NK_CD16hi,0.49022814688186267,132.78794579230586,0.0
2442,Macro_CHIT1,NKT,0.48995794967045403,132.71475755762378,0.0
641,CD4_EM_Effector,Macro_dividing,0.4898587510275247,132.68788765204255,0.0
2380,MAIT,Macro_CHIT1,0.4897500174450987,132.65843502036316,0.0
910,CD8_EM_EMRA,Macro_CHIT1,0.4897200951400997,132.65032997490735,0.0
171,B_memory,DC_1,0.4896133996008155,132.62142938734038,0.0
711,CD4_TRM,Macro_dividing,0.48950249046496813,132.59138746418185,0.0
2495,Macro_AW_CX3CR1,Macro_alv,0.4891340804841365,132.4915963671688,0.0
2004,Erythrocyte,Macrophage_intermediate,0.4890731244054189,132.47508521307057,0.0
2426,Macro_CHIT1,Mast_cell,0.48896613574800923,132.44610522868805,0.0
2616,Macro_dividing,NK_CD16hi,0.4886879272977167,132.3707469922192,0.0
976,CD8_TRM_EM,Macro_CHIT1,0.48859620295766654,132.345901648736,0.0
2584,Macro_alv,NKT,0.4885450995467013,132.3320592836898,0.0
2636,Macro_int,Macrophage_intermediate,0.4880852596228652,132.20750258642983,0.0
914,CD8_EM_EMRA,Macro_alv,0.4879223172428489,132.16336643459422,0.0
2005,Erythrocyte,Monocyte_CD14,0.4877591099324167,132.11915852113918,0.0
2421,Macro_CHIT1,Macro_alveolar_metallothioneins,0.4875732762736722,132.0688218157486,0.0
2530,Macro_alveolar_metallothioneins,Macro_alv,0.48753212654830014,132.05767560242563,0.0
2466,Macro_interstitial,Macrophage_intermediate,0.4874906281607108,132.04643494707622,0.0
196,B_memory,Macro_interstitial,0.4874890640715841,132.04601128274055,0.0
2384,MAIT,Macro_alv,0.4874305784490731,132.03016930034724,0.0
2617,Macro_dividing,NKT,0.4872770717022388,131.9885889755392,0.0
781,CD4_naive_CM,Macro_int,0.48708827054140513,131.93744846378,0.0
1241,DC_1,Macrophage_intermediate,0.4869354940184216,131.89606593447948,0.0
2301,ILC,Macro_CHIT1,0.48683502610732904,131.86885222262535,0.0
765,CD4_naive_CM,Erythrocyte,0.4865237727902078,131.78454313334834,0.0
2443,Macro_CHIT1,NK_CD11d,0.4864758476573595,131.77156166750794,0.0
2030,Erythrocyte,T_reg,0.4863736160052005,131.74387021165927,0.0
915,CD8_EM_EMRA,Macro_dividing,0.4863010579768909,131.7242164410807,0.0
2385,MAIT,Macro_dividing,0.48615647859524563,131.68505426890698,0.0
980,CD8_TRM_EM,Macro_alv,0.48587133802022014,131.6078183299661,0.0
1292,DC_2,Macro_interstitial,0.4858314193798109,131.5970055802444,0.0
2467,Macro_interstitial,Monocyte_CD14,0.48567940926681546,131.55583064817918,0.0
1281,DC_2,Erythrocyte,0.48559571033177107,131.53315914365572,0.0
1297,DC_2,Macro_int,0.48555651002690353,131.52254096925898,0.0
751,CD4_naive_CM,DC_1,0.4854172082595532,131.48480834282913,0.0
2000,Erythrocyte,Macro_CCL,0.4852487437836465,131.43917642259584,0.0
2456,Macro_CHIT1,gdT,0.4851625090154999,131.4158180377481,0.0
2637,Macro_int,Monocyte_CD14,0.4851007664414949,131.3990938459158,0.0
1341,DC_activated,Erythrocyte,0.48505425991210493,131.38649663675326,0.0
2496,Macro_AW_CX3CR1,Macro_dividing,0.4846536425373997,131.2779815329711,0.0
2431,Macro_CHIT1,Monocyte_CD16,0.48454247003379325,131.24786827146954,0.0
2601,Macro_dividing,Mast_cell,0.484419716372609,131.21461802541407,0.0
2585,Macro_alv,NK_CD11d,0.48434904288205755,131.19547471899236,0.0
2662,Macro_int,T_reg,0.4841586534003479,131.14390397925112,0.0
2305,ILC,Macro_alv,0.48415763116440164,131.14362708651802,0.0
981,CD8_TRM_EM,Macro_dividing,0.4841525931502403,131.14226244118785,0.0
1267,DC_1,T_reg,0.4841452253074122,131.14026671589082,0.0
1209,DC_1,DC_plasmacytoid,0.4834967461488835,130.96461336775513,0.0
2492,Macro_interstitial,T_reg,0.483420091129268,130.9438498464148,0.0
2632,Macro_int,Macro_CCL,0.4834019138650544,130.9389261765064,0.0
1208,DC_1,DC_activated,0.4831943367389749,130.88269982487628,0.0
2598,Macro_alv,gdT,0.4830989793423695,130.85687039649304,0.0
261,B_naive,Erythrocyte,0.4830729844896153,130.8498291788062,0.0
247,B_naive,DC_1,0.4830262642326086,130.83717407731058,0.0
2444,Macro_CHIT1,NK_CD56bright,0.48296588820101655,130.82082004039697,0.0
164,B_memory,CD4_naive_CM,0.482922012653789,130.80893548455512,0.0
2531,Macro_alveolar_metallothioneins,Macro_dividing,0.4828480763146674,130.78890837135526,0.0
2306,ILC,Macro_dividing,0.48252698275322975,130.7019338581584,0.0
2462,Macro_interstitial,Macro_CCL,0.48250026163952325,130.69469591839314,0.0
206,B_memory,Macrophage_intermediate,0.482359810748515,130.65665202919521,0.0
1357,DC_activated,Macro_int,0.48220287664669964,130.61414333780863,0.0
1242,DC_1,Monocyte_CD14,0.4820927278051477,130.58430735532963,0.0
2631,Macro_dividing,gdT,0.4819890530590295,130.55622500906873,0.0
1400,DC_plasmacytoid,Erythrocyte,0.4819315668841848,130.54065374675415,0.0
2618,Macro_dividing,NK_CD11d,0.481874389685054,130.52516617659518,0.0
626,CD4_EM_Effector,Erythrocyte,0.48172060422089547,130.48351035571213,0.0
2573,Macro_alv,Monocyte_CD16,0.481681067777898,130.47280113168458,0.0
2586,Macro_alv,NK_CD56bright,0.48162699202277415,130.45815364869992,0.0
843,CD8_EM,Macro_CHIT1,0.48159174414830935,130.448606067898,0.0
1237,DC_1,Macro_CCL,0.4815095773489172,130.42634957248254,0.0
696,CD4_TRM,Erythrocyte,0.48140793181882524,130.398816879336,0.0
2017,Erythrocyte,NKT,0.4811824441224995,130.33773909710953,0.0
2016,Erythrocyte,NK_CD16hi,0.4810281506160463,130.29594566296805,0.0
1352,DC_activated,Macro_interstitial,0.48088514811423794,130.25721061974568,0.0
277,B_naive,Macro_int,0.48085709371713287,130.2496115339206,0.0
1017,CD8_TRM,DC_1,0.4807858806084337,130.23032206129895,0.0
776,CD4_naive_CM,Macro_interstitial,0.4807754132736055,130.22748677756707,0.0
1299,DC_2,Mast_cell,0.48057108919379266,130.1721415775682,0.0
272,B_naive,Macro_interstitial,0.48000859301183146,130.0197784115735,0.0
2478,Macro_interstitial,NK_CD16hi,0.4799609739096084,130.00687984015346,0.0
2606,Macro_dividing,Monocyte_CD16,0.479960909325763,130.00686234634733,0.0
207,B_memory,Monocyte_CD14,0.47983670158050573,129.9732182329909,0.0
232,B_memory,T_reg,0.47983319449329775,129.97226826936878,0.0
1238,DC_1,Mast_cell,0.47967975406492175,129.93070590822094,0.0
1416,DC_plasmacytoid,Macro_int,0.4795712776267265,129.90132292911943,0.0
1270,DC_2,DC_plasmacytoid,0.47951905514279025,129.88717744112537,0.0
172,B_memory,DC_2,0.4793915146665309,129.85263059195816,0.0
900,CD8_EM_EMRA,Erythrocyte,0.47930592906391034,129.8294480463747,0.0
1031,CD8_TRM,Erythrocyte,0.4792711697395791,129.82003279899564,0.0
612,CD4_EM_Effector,DC_1,0.4791168895279259,129.77824296601247,0.0
1992,Erythrocyte,MAIT,0.4791079365467807,129.7758178747921,0.0
712,CD4_TRM,Macro_int,0.4790177876846334,129.7513992805188,0.0
682,CD4_TRM,DC_1,0.47901164189264844,129.74973457175383,0.0
1411,DC_plasmacytoid,Macro_interstitial,0.47897675457979294,129.74028465616297,0.0
847,CD8_EM,Macro_alv,0.4788233615309479,129.69873512869395,0.0
2649,Macro_int,NKT,0.4787839019035367,129.68804671168039,0.0
642,CD4_EM_Effector,Macro_int,0.47866099202585005,129.65475415130948,0.0
1018,CD8_TRM,DC_2,0.47853702731080205,129.6211758674703,0.0
2782,Macrophage_intermediate,Monocyte_CD14,0.4785059183797448,129.6127494009829,0.0
2619,Macro_dividing,NK_CD56bright,0.4784235863006749,129.59044813631246,0.0
1042,CD8_TRM,Macro_interstitial,0.4784228897100006,129.590259451013,0.0
707,CD4_TRM,Macro_interstitial,0.47835255057508236,129.57120671139776,0.0
1302,DC_2,Macrophage_intermediate,0.47775440684754056,129.4091877058102,0.0
2648,Macro_int,NK_CD16hi,0.4777130680742117,129.39799028512593,0.0
786,CD4_naive_CM,Macrophage_intermediate,0.47760762998508294,129.36943030269177,0.0
248,B_naive,DC_2,0.4775319723265386,129.34893693623482,0.0
848,CD8_EM,Macro_dividing,0.4774202484059883,129.31867431259704,0.0
202,B_memory,Macro_CCL,0.47740846212742954,129.31548176698678,0.0
637,CD4_EM_Effector,Macro_interstitial,0.47723680782004024,129.26898581809112,0.0
173,B_memory,DC_activated,0.4771916133198619,129.2567439978734,0.0
1047,CD8_TRM,Macro_int,0.47715497210534097,129.24681900348352,0.0
1253,DC_1,NK_CD16hi,0.47686914351713994,129.1693967026276,0.0
2807,Macrophage_intermediate,T_reg,0.47682934131423726,129.15861549229712,0.0
2479,Macro_interstitial,NKT,0.47674654362330365,129.13618810748588,0.0
1328,DC_2,T_reg,0.47663970712718734,129.1072493389856,0.0
916,CD8_EM_EMRA,Macro_int,0.4764595160047071,129.05844102563935,0.0
157,B_memory,B_naive,0.47639717127695247,129.04155372860802,0.0
2667,Macro_CCL,Macrophage_intermediate,0.4763842660778086,129.0380581013266,0.0
1293,DC_2,Macro_AW_CX3CR1,0.4762714730952918,129.00750590120617,0.0
2587,Macro_alv,Neuroendocrine,0.4762175905099767,128.99291074206758,0.0
911,CD8_EM_EMRA,Macro_interstitial,0.475898130443731,128.9063786932057,0.0
1254,DC_1,NKT,0.4757555818492653,128.86776659972418,0.0
2031,Erythrocyte,gdT,0.4757555098685847,128.8677471023396,0.0
1232,DC_1,Macro_AW_CX3CR1,0.47574075371530267,128.86375010768603,0.0
2386,MAIT,Macro_int,0.47569441172009636,128.8511974658467,0.0
163,B_memory,CD4_TRM,0.47568387011288027,128.84834206397622,0.0
2445,Macro_CHIT1,Neuroendocrine,0.4756464774983961,128.8382135381118,0.0
966,CD8_TRM_EM,Erythrocyte,0.47556319325859475,128.81565436195996,0.0
1269,DC_2,DC_activated,0.47550567777789504,128.80007516157755,0.0
174,B_memory,DC_plasmacytoid,0.47548047898209445,128.79324957159034,0.0
2381,MAIT,Macro_interstitial,0.47543343187902715,128.78050593740386,0.0
812,CD4_naive_CM,T_reg,0.4751209916201273,128.69587534157614,0.0
787,CD4_naive_CM,Monocyte_CD14,0.47503133748979115,128.6715907551548,0.0
2833,Monocyte_CD14,T_reg,0.47502994322813097,128.6712130919322,0.0
219,B_memory,NKT,0.475004177128617,128.66423383656448,0.0
162,B_memory,CD4_EM_Effector,0.4745298160820703,128.53574380730876,0.0
1362,DC_activated,Macrophage_intermediate,0.4744602200218026,128.51689234409318,0.0
886,CD8_EM_EMRA,DC_1,0.4742937058970952,128.4717887148831,0.0
1990,Erythrocyte,ILC,0.47426397720923413,128.4637361144413,0.0
218,B_memory,NK_CD16hi,0.47420264857777134,128.44712404709674,0.0
2668,Macro_CCL,Monocyte_CD14,0.47419966404509484,128.44631562765818,0.0
977,CD8_TRM_EM,Macro_interstitial,0.47383931424766557,128.34870779001838,0.0
1229,DC_1,MAIT,0.47375402791001914,128.32560630624548,0.0
282,B_naive,Macrophage_intermediate,0.47336588109639505,128.22046909946775,0.0
168,B_memory,CD8_TRM,0.47317226036588905,128.16802311236924,0.0
2620,Macro_dividing,Neuroendocrine,0.47314539416935486,128.16074587406354,0.0
1421,DC_plasmacytoid,Macrophage_intermediate,0.4725458101363355,127.99833673337889,0.0
982,CD8_TRM_EM,Macro_int,0.47236484465290707,127.94931866912326,0.0
1303,DC_2,Monocyte_CD14,0.4723631671872929,127.94886429453366,0.0
782,CD4_naive_CM,Macro_CCL,0.47236270940772057,127.94874029592319,0.0
2532,Macro_alveolar_metallothioneins,Macro_int,0.47234416476740604,127.94371711496451,0.0
2302,ILC,Macro_interstitial,0.47226017447939017,127.92096669175223,0.0
166,B_memory,CD8_EM_EMRA,0.4722494757989044,127.918068743494,0.0
2793,Macrophage_intermediate,NK_CD16hi,0.4722304936383347,127.91292705155978,0.0
2663,Macro_int,gdT,0.47214878829246604,127.8907955499168,0.0
2693,Macro_CCL,T_reg,0.4721384781543255,127.88800284600288,0.0
1388,DC_activated,T_reg,0.47207554424112247,127.87095595649222,0.0
1298,DC_2,Macro_CCL,0.4720753670183126,127.87090795220479,0.0
952,CD8_TRM_EM,DC_1,0.4720722276307219,127.87005758726376,0.0
717,CD4_TRM,Macrophage_intermediate,0.4720637882260831,127.86777160835206,0.0
1233,DC_1,Macro_alveolar_metallothioneins,0.4720063878765573,127.85222359351495,0.0
753,CD4_naive_CM,DC_activated,0.4719448256284949,127.83554824651465,0.0
1363,DC_activated,Monocyte_CD14,0.4719256608519884,127.83035708945839,0.0
752,CD4_naive_CM,DC_2,0.4718959368377626,127.8223057549627,0.0
2307,ILC,Macro_int,0.4718773114823232,127.81726071072325,0.0
2018,Erythrocyte,NK_CD11d,0.4718706909367089,127.81546740559024,0.0
683,CD4_TRM,DC_2,0.47183943995381095,127.80700246156488,0.0
308,B_naive,T_reg,0.4717374692018025,127.77938167565891,0.0
194,B_memory,MAIT,0.4715947175170115,127.74071457116409,0.0
2006,Erythrocyte,Monocyte_CD16,0.4715536214524549,127.72958289292951,0.0
2493,Macro_interstitial,gdT,0.47151436467064284,127.71894942064034,0.0
2794,Macrophage_intermediate,NKT,0.4714459575364827,127.70042000147004,0.0
613,CD4_EM_Effector,DC_2,0.4714212943072784,127.69373948024032,0.0
647,CD4_EM_Effector,Macrophage_intermediate,0.4713634555405812,127.67807271148023,0.0
799,CD4_naive_CM,NKT,0.4713481569770757,127.67392879433801,0.0
2819,Monocyte_CD14,NK_CD16hi,0.4712210963540738,127.6395119228735,0.0
2633,Macro_int,Mast_cell,0.471134264763027,127.61599187679226,0.0
1255,DC_1,NK_CD11d,0.4707692478469219,127.5171198581672,0.0
1052,CD8_TRM,Macrophage_intermediate,0.47074768056777305,127.51127793596685,0.0
1447,DC_plasmacytoid,T_reg,0.4706851509823877,127.49434056660652,0.0
2480,Macro_interstitial,NK_CD11d,0.4706632913869769,127.48841946479114,0.0
1227,DC_1,ILC,0.47058325049032407,127.46673881198998,0.0
1996,Erythrocyte,Macro_alveolar_metallothioneins,0.4705447449343396,127.45630882400727,0.0
743,CD4_TRM,T_reg,0.4704142067283313,127.42094998071458,0.0
240,B_naive,CD4_naive_CM,0.4704087860868509,127.41948169324142,0.0
283,B_naive,Monocyte_CD14,0.47036969168305304,127.40889220423449,0.0
2001,Erythrocyte,Mast_cell,0.47036910295942097,127.40873273684724,0.0
675,CD4_TRM,CD4_naive_CM,0.47034006155335367,127.4008663002113,0.0
2820,Monocyte_CD14,NKT,0.470295987412994,127.38892795150949,0.0
1317,DC_2,NK_CD56bright,0.4702951668158771,127.38870567662345,0.0
1358,DC_activated,Macro_CCL,0.47023285017869126,127.37182598847575,0.0
1314,DC_2,NK_CD16hi,0.4701709990089269,127.35507238134385,0.0
833,CD8_EM,Erythrocyte,0.4701490124157617,127.3491168796862,0.0
3053,NK_CD16hi,T_reg,0.47010452894529264,127.33706765586487,0.0
718,CD4_TRM,Monocyte_CD14,0.47007854621854306,127.33002972274515,0.0
249,B_naive,DC_activated,0.4699973450490388,127.3080347871973,0.0
250,B_naive,DC_plasmacytoid,0.46988428690304457,127.27741076232817,0.0
1268,DC_1,gdT,0.4698754515601127,127.27501753573407,0.0
1078,CD8_TRM,T_reg,0.4698733852301062,127.27445782956738,0.0
1020,CD8_TRM,DC_plasmacytoid,0.4698563090715705,127.26983241581176,0.0
921,CD8_EM_EMRA,Macrophage_intermediate,0.46964922826035005,127.21374050083327,0.0
2468,Macro_interstitial,Monocyte_CD16,0.46960014190865035,127.20044449600347,0.0
1256,DC_1,NK_CD56bright,0.4695526432001005,127.18757853558026,0.0
2638,Macro_int,Monocyte_CD16,0.46948610317385253,127.16955485934986,0.0
673,CD4_EM_Effector,T_reg,0.4693442722424249,127.1311371590324,0.0
605,CD4_EM_Effector,CD4_naive_CM,0.46930057130893366,127.11929990075906,0.0
2391,MAIT,Macrophage_intermediate,0.4691982267428639,127.09157785995448,0.0
754,CD4_naive_CM,DC_plasmacytoid,0.46913025080707055,127.07316523935177,0.0
1330,DC_activated,DC_plasmacytoid,0.4690758794688247,127.05843769185869,0.0
2457,Macro_interstitial,Macro_AW_CX3CR1,0.46901849663589673,127.04289442173699,0.0
648,CD4_EM_Effector,Monocyte_CD14,0.4688902885133933,127.00816672743913,0.0
2650,Macro_int,NK_CD11d,0.4688759274837133,127.00427675979284,0.0
1995,Erythrocyte,Macro_AW_CX3CR1,0.4688314943976432,126.99224118357799,0.0
3067,NKT,T_reg,0.46871253129219476,126.96001768417663,0.0
278,B_naive,Macro_CCL,0.4686583972739872,126.9453544194886,0.0
2463,Macro_interstitial,Mast_cell,0.46858780848469844,126.92623405607159,0.0
922,CD8_EM_EMRA,Monocyte_CD14,0.46852989588803434,126.91054728901132,0.0
244,B_naive,CD8_TRM,0.4685269874250435,126.90975947454488,0.0
2458,Macro_interstitial,Macro_alveolar_metallothioneins,0.46838397593257003,126.87102199602384,0.0
233,B_memory,gdT,0.4682852319309595,126.84427523899537,0.0
798,CD4_naive_CM,NK_CD16hi,0.4681457526879963,126.80649453980142,0.0
2497,Macro_AW_CX3CR1,Macro_int,0.4681201616718514,126.79956270921144,0.0
167,B_memory,CD8_TRM_EM,0.4681053269042146,126.79554442031203,0.0
1422,DC_plasmacytoid,Monocyte_CD14,0.46799153536578886,126.7647217416629,0.0
192,B_memory,ILC,0.46782012257522154,126.71829121235376,0.0
746,CD4_naive_CM,CD8_EM_EMRA,0.46769752372490153,126.68508289986897,0.0
2392,MAIT,Monocyte_CD14,0.46769559552955275,126.6845606101941,0.0
1257,DC_1,Neuroendocrine,0.46767249766340435,126.67830409836886,0.0
614,CD4_EM_Effector,DC_activated,0.4675238850600408,126.63804944868173,0.0
239,B_naive,CD4_TRM,0.46746225935688285,126.62135691361944,0.0
2680,Macro_CCL,NKT,0.4674562998411697,126.61974266145033,0.0
844,CD8_EM,Macro_interstitial,0.46741945401349266,126.60976224355844,0.0
1053,CD8_TRM,Monocyte_CD14,0.46741748771046343,126.60922963166799,0.0
713,CD4_TRM,Macro_CCL,0.4674027275171193,126.60523154268405,0.0
684,CD4_TRM,DC_activated,0.46728263910034923,126.57270323055474,0.0
1019,CD8_TRM,DC_activated,0.46707183758845705,126.51560349054161,0.0
238,B_naive,CD4_EM_Effector,0.4670334939858863,126.50521737082973,0.0
643,CD4_EM_Effector,Macro_CCL,0.4670227872460652,126.50231723954184,0.0
685,CD4_TRM,DC_plasmacytoid,0.4669714015718787,126.48839841794464,0.0
1316,DC_2,NK_CD11d,0.46696351281004495,126.4862615914784,0.0
1243,DC_1,Monocyte_CD16,0.46691592925550046,126.473372648847,0.0
947,CD8_EM_EMRA,T_reg,0.46688519702810166,126.46504821996248,0.0
1417,DC_plasmacytoid,Macro_CCL,0.46686799445640487,126.4603885647132,0.0
2679,Macro_CCL,NK_CD16hi,0.46684116610782544,126.45312157827124,0.0
615,CD4_EM_Effector,DC_plasmacytoid,0.4665444963420735,126.37276273102133,0.0
294,B_naive,NK_CD16hi,0.46651312177504367,126.36426431180057,0.0
774,CD4_naive_CM,MAIT,0.46642035997293896,126.33913795129307,0.0
987,CD8_TRM_EM,Macrophage_intermediate,0.4664162076777589,126.33801322038809,0.0
1374,DC_activated,NK_CD16hi,0.4663757353164262,126.32705048445195,0.0
849,CD8_EM,Macro_int,0.4663739483135512,126.32656643953858,0.0
2019,Erythrocyte,NK_CD56bright,0.4662588280813763,126.29538385802654,0.0
2417,MAIT,T_reg,0.4662514616487942,126.29338851472238,0.0
203,B_memory,Mast_cell,0.46614541495900613,126.26466368081677,0.0
748,CD4_naive_CM,CD8_TRM,0.4661015975873256,126.25279488296728,0.0
2481,Macro_interstitial,NK_CD56bright,0.4660658594228725,126.2431144974686,0.0
729,CD4_TRM,NK_CD16hi,0.46604494815127295,126.23745026782926,0.0
953,CD8_TRM_EM,DC_2,0.46600296739456815,126.22607895330745,0.0
679,CD4_TRM,CD8_TRM,0.46596837682989184,126.21670941780367,0.0
2312,ILC,Macrophage_intermediate,0.4659434161166833,126.20994831717418,0.0
1375,DC_activated,NKT,0.4658440375018994,126.18302966267265,0.0
198,B_memory,Macro_alveolar_metallothioneins,0.4658329652086669,126.18003051404582,0.0
2808,Macrophage_intermediate,gdT,0.46560394823233786,126.11799675684169,0.0
1418,DC_plasmacytoid,Mast_cell,0.46559733780710233,126.11620619301254,0.0
1064,CD8_TRM,NK_CD16hi,0.46557666936584086,126.1106077387514,0.0
1049,CD8_TRM,Mast_cell,0.46555506879023967,126.10475679755136,0.0
819,CD8_EM,DC_1,0.4654931121172112,126.0879746127831,0.0
1433,DC_plasmacytoid,NK_CD16hi,0.46546109378929906,126.07930181825222,0.0
917,CD8_EM_EMRA,Macro_CCL,0.46543388560622984,126.07193194616005,0.0
1525,Dividing_AT2,Macro_CHIT1,0.46523399834773216,126.01778854657194,0.0
604,CD4_EM_Effector,CD4_TRM,0.4651551826453878,125.99643976177234,0.0
1048,CD8_TRM,Macro_CCL,0.4651324742574249,125.99028874778216,0.0
220,B_memory,NK_CD11d,0.4650746506460794,125.97462608414749,0.0
2387,MAIT,Macro_CCL,0.4650500579260962,125.96796466172859,0.0
988,CD8_TRM_EM,Monocyte_CD14,0.4648336151767631,125.90933688148301,0.0
730,CD4_TRM,NKT,0.4646946752015301,125.87170225357157,0.0
887,CD8_EM_EMRA,DC_2,0.4646453410832938,125.858339136297,0.0
609,CD4_EM_Effector,CD8_TRM,0.46460311391841913,125.8469010772708,0.0
1318,DC_2,Neuroendocrine,0.46458515462579175,125.84203644925823,0.0
1290,DC_2,MAIT,0.46452048384707567,125.82451909552584,0.0
208,B_memory,Monocyte_CD16,0.4644585382305403,125.80773990562643,0.0
295,B_naive,NKT,0.46438411849467215,125.78758185490007,0.0
2834,Monocyte_CD14,gdT,0.46435424053746993,125.7794888219182,0.0
1315,DC_2,NKT,0.46435019298564767,125.77839246281401,0.0
888,CD8_EM_EMRA,DC_activated,0.4642125201370416,125.74110106109819,0.0
1013,CD8_TRM_EM,T_reg,0.46411253555536963,125.714018268534,0.0
2313,ILC,Monocyte_CD14,0.4640523594259136,125.69771837904985,0.0
659,CD4_EM_Effector,NK_CD16hi,0.46402977116114136,125.691599902791,0.0
3040,NK_CD16hi,NKT,0.46391127364409734,125.65950251717605,0.0
1350,DC_activated,MAIT,0.4638161963454092,125.63374895882862,0.0
2651,Macro_int,NK_CD56bright,0.4637900996195288,125.62668014679974,0.0
2537,Macro_alveolar_metallothioneins,Macrophage_intermediate,0.46375070164864823,125.61600843067147,0.0
2723,Mast_cell,T_reg,0.4636921096639244,125.6001376379786,0.0
279,B_naive,Mast_cell,0.4636719061514771,125.59466511884087,0.0
813,CD4_naive_CM,gdT,0.46362964561856396,125.58321802142446,0.0
660,CD4_EM_Effector,NKT,0.4634804478946278,125.54280488030969,0.0
2783,Macrophage_intermediate,Monocyte_CD16,0.4633317214327019,125.50251938978917,0.0
778,CD4_naive_CM,Macro_alveolar_metallothioneins,0.4633299407663771,125.50203706125518,0.0
1412,DC_plasmacytoid,Macro_AW_CX3CR1,0.4630885788389733,125.43665943099,0.0
242,B_naive,CD8_EM_EMRA,0.46304290819634175,125.42428863821397,0.0
2795,Macrophage_intermediate,NK_CD11d,0.46302123840221737,125.41841894781405,0.0
197,B_memory,Macro_AW_CX3CR1,0.4629761827090683,125.40621472621322,0.0
1529,Dividing_AT2,Macro_alv,0.4628594463715337,125.37459439074465,0.0
270,B_naive,MAIT,0.4627586661471607,125.34729608268931,0.0
772,CD4_naive_CM,ILC,0.4627381563918604,125.34174061164516,0.0
3159,T_reg,gdT,0.46265847447637265,125.32015719596062,0.0
2338,ILC,T_reg,0.46265027519129254,125.31793625815915,0.0
933,CD8_EM_EMRA,NK_CD16hi,0.46261905355527455,125.30947926331405,0.0
677,CD4_TRM,CD8_EM_EMRA,0.4625876223788998,125.30096551033763,0.0
934,CD8_EM_EMRA,NKT,0.46256074894429094,125.29368631145688,0.0
1294,DC_2,Macro_alveolar_metallothioneins,0.46255265001153206,125.29149255605748,0.0
2652,Macro_int,Neuroendocrine,0.4625354625864906,125.28683700357803,0.0
2020,Erythrocyte,Neuroendocrine,0.4625091898309319,125.27972051044492,0.0
1288,DC_2,ILC,0.46238290673461313,125.24551424739143,0.0
165,B_memory,CD8_EM,0.46237428289836624,125.24317831154737,0.0
2499,Macro_AW_CX3CR1,Mast_cell,0.4622610493635627,125.21250677916596,0.0
1434,DC_plasmacytoid,NKT,0.4621641125679666,125.18624953946895,0.0
1530,Dividing_AT2,Macro_dividing,0.46207308651245044,125.16159334010045,0.0
1043,CD8_TRM,Macro_AW_CX3CR1,0.46204322477868653,125.15350470155629,0.0
705,CD4_TRM,MAIT,0.46203550428529805,125.15141345391153,0.0
2403,MAIT,NK_CD16hi,0.4620148539164256,125.14581989491279,0.0
2809,Monocyte_CD14,Monocyte_CD16,0.46193060928448537,125.12300057764077,0.0
2404,MAIT,NKT,0.46186266056744646,125.10459532977362,0.0
983,CD8_TRM_EM,Macro_CCL,0.4618595654484759,125.10375695585996,0.0
607,CD4_EM_Effector,CD8_EM_EMRA,0.4616910531456653,125.05811208076807,0.0
783,CD4_naive_CM,Mast_cell,0.46159524505513017,125.03216057306015,0.0
747,CD4_naive_CM,CD8_TRM_EM,0.46159418197043517,125.0318726156392,0.0
3080,NK_CD11d,T_reg,0.4615208633417167,125.01201282146427,0.0
2694,Macro_CCL,gdT,0.46150973916609506,125.00899961947081,0.0
954,CD8_TRM_EM,DC_activated,0.46139152128199334,124.97697797794406,0.0
243,B_naive,CD8_TRM_EM,0.46135599361436713,124.96735460965547,0.0
889,CD8_EM_EMRA,DC_plasmacytoid,0.4612300886369417,124.93325076754911,0.0
1359,DC_activated,Mast_cell,0.46121915698219695,124.93028971362575,0.0
635,CD4_EM_Effector,MAIT,0.4612182273517602,124.93003790491827,0.0
2697,Mast_cell,Macrophage_intermediate,0.4611266145745535,124.90522278042779,0.0
2502,Macro_AW_CX3CR1,Macrophage_intermediate,0.46105602173818816,124.88610132078043,0.0
2308,ILC,Macro_CCL,0.4609188869120941,124.84895565305521,0.0
1409,DC_plasmacytoid,MAIT,0.46091079697553566,124.84676433445384,0.0
273,B_naive,Macro_AW_CX3CR1,0.4607736594488896,124.80961793523095,0.0
2821,Monocyte_CD14,NK_CD11d,0.46072460146347943,124.79632961396919,0.0
999,CD8_TRM_EM,NK_CD16hi,0.460694911511925,124.7882875060187,0.0
1065,CD8_TRM,NKT,0.46048859288108046,124.73240204260176,0.0
221,B_memory,NK_CD56bright,0.4604350182698904,124.71789030431867,0.0
2563,Macro_alveolar_metallothioneins,T_reg,0.46040148533671515,124.7088072491309,0.0
955,CD8_TRM_EM,DC_plasmacytoid,0.4602639340362003,124.67154877110876,0.0
1389,DC_activated,gdT,0.4602504831068645,124.66790532205987,0.0
2538,Macro_alveolar_metallothioneins,Monocyte_CD14,0.4602203821280205,124.6597518792752,0.0
883,CD8_EM_EMRA,CD8_TRM,0.46016727779413763,124.64536752486016,0.0
949,CD8_TRM_EM,CD8_TRM,0.4601452919704983,124.63941223164376,0.0
2528,Macro_AW_CX3CR1,T_reg,0.4600700906405483,124.61904247077135,0.0
1067,CD8_TRM,NK_CD56bright,0.46000557884820475,124.6015681816283,0.0
1435,DC_plasmacytoid,NK_CD11d,0.4599773996288161,124.59393528523006,0.0
678,CD4_TRM,CD8_TRM_EM,0.45996354292964275,124.59018192543137,0.0
909,CD8_EM_EMRA,MAIT,0.4598393129511512,124.55653178976567,0.0
1348,DC_activated,ILC,0.459785181918853,124.54186933386995,0.0
854,CD8_EM,Macrophage_intermediate,0.4597837847050774,124.54149087100879,0.0
1329,DC_2,gdT,0.45977242166751503,124.53841296855568,0.0
1436,DC_plasmacytoid,NK_CD56bright,0.4597079654861021,124.52095374272811,0.0
1066,CD8_TRM,NK_CD11d,0.4596909789981266,124.51635261800926,0.0
788,CD4_naive_CM,Monocyte_CD16,0.45965612203575673,124.50691092344502,0.0
1040,CD8_TRM,MAIT,0.4596545207171435,124.50647717476993,0.0
2482,Macro_interstitial,Neuroendocrine,0.45955989922362744,124.48084708022779,0.0
296,B_naive,NK_CD11d,0.4595323301221199,124.47337944627039,0.0
268,B_naive,ILC,0.45942151292852107,124.44336242748015,0.0
2858,Monocyte_CD16,T_reg,0.4593372905940082,124.42054914990534,0.0
2324,ILC,NK_CD16hi,0.45925729390199854,124.39888047080214,0.0
2533,Macro_alveolar_metallothioneins,Macro_CCL,0.45918960667676584,124.38054605313926,0.0
855,CD8_EM,Monocyte_CD14,0.459069398747339,124.34798536865375,0.0
2669,Macro_CCL,Monocyte_CD16,0.45900273327998975,124.32992771423122,0.0
1353,DC_activated,Macro_AW_CX3CR1,0.4589676803255802,124.3204329313641,0.0
309,B_naive,gdT,0.45896211176734036,124.31892457772427,0.0
222,B_memory,Neuroendocrine,0.4589290250920204,124.30996240026306,0.0
608,CD4_EM_Effector,CD8_TRM_EM,0.45885926224900686,124.29106576065695,0.0
703,CD4_TRM,ILC,0.45879961231899485,124.27490840265267,0.0
3068,NKT,gdT,0.4587857276264032,124.27114746028546,0.0
1376,DC_activated,NK_CD11d,0.458641776845033,124.23215555687288,0.0
3054,NK_CD16hi,gdT,0.4584259818466419,124.17370323272367,0.0
744,CD4_TRM,gdT,0.45838712661573566,124.16317852840356,0.0
820,CD8_EM,DC_2,0.4583598592918739,124.15579263686328,0.0
800,CD4_naive_CM,NK_CD11d,0.45811738940101027,124.09011489288008,0.0
1407,DC_plasmacytoid,ILC,0.4580840164217079,124.08107516434814,0.0
1354,DC_activated,Macro_alveolar_metallothioneins,0.45805138201933093,124.07223549391844,0.0
3041,NK_CD16hi,NK_CD11d,0.4580203179047862,124.06382116686585,0.0
2796,Macrophage_intermediate,NK_CD56bright,0.4579776919727195,124.05227509389427,0.0
880,CD8_EM,T_reg,0.45794455350740465,124.04329888809325,0.0
3092,NK_CD56bright,T_reg,0.4578693481496752,124.02292803621746,0.0
714,CD4_TRM,Mast_cell,0.45785519407740954,124.01909412706168,0.0
2681,Macro_CCL,NK_CD11d,0.45777758222628506,123.99807142906788,0.0
1000,CD8_TRM_EM,NKT,0.4577505540977139,123.99075032828164,0.0
2325,ILC,NKT,0.4577435963856631,123.98886569498076,0.0
297,B_naive,NK_CD56bright,0.4577308828547129,123.98542198480341,0.0
674,CD4_EM_Effector,gdT,0.45772599628600896,123.98409836145721,0.0
731,CD4_TRM,NK_CD11d,0.4576943340172674,123.97552201256322,0.0
1304,DC_2,Monocyte_CD16,0.4575832759430347,123.94543974651056,0.0
644,CD4_EM_Effector,Mast_cell,0.45751902420600915,123.92803589847065,0.0
2712,Mast_cell,NK_CD56bright,0.4574917660891415,123.92065250082602,0.0
633,CD4_EM_Effector,ILC,0.4573492058169669,123.88203724420711,0.0
1038,CD8_TRM,ILC,0.457081352924468,123.80948401445951,0.0
274,B_naive,Macro_alveolar_metallothioneins,0.457039425153421,123.79812705214637,0.0
2698,Mast_cell,Monocyte_CD14,0.4569812111208528,123.78235863523643,0.0
1448,DC_plasmacytoid,gdT,0.45687354584525525,123.75319537549565,0.0
882,CD8_EM_EMRA,CD8_TRM_EM,0.45671205729781245,123.70945302283738,0.0
1364,DC_activated,Monocyte_CD16,0.456694197061279,123.7046152261182,0.0
948,CD8_EM_EMRA,gdT,0.45656964167940556,123.67087694853957,0.0
1413,DC_plasmacytoid,Macro_alveolar_metallothioneins,0.4564605511150482,123.64132762127537,0.0
745,CD4_naive_CM,CD8_EM,0.4564550030242813,123.63982481165358,0.0
2503,Macro_AW_CX3CR1,Monocyte_CD14,0.4564446479195813,123.63701992766165,0.0
975,CD8_TRM_EM,MAIT,0.456381641812522,123.61995348302361,0.0
661,CD4_EM_Effector,NK_CD11d,0.4563468769871074,123.6105367455678,0.0
708,CD4_TRM,Macro_AW_CX3CR1,0.4561539575222674,123.55828071008229,0.0
2418,MAIT,gdT,0.4561473516503298,123.55649137960354,0.0
907,CD8_EM_EMRA,ILC,0.4559701093839527,123.5084818219935,0.0
850,CD8_EM,Macro_CCL,0.45594673415683634,123.50215018148906,0.0
2709,Mast_cell,NK_CD16hi,0.4559162318443061,123.49388802957353,0.0
2664,Macro_CCL,Mast_cell,0.45575595598833585,123.45047415827756,0.0
2514,Macro_AW_CX3CR1,NK_CD16hi,0.4556652341104532,123.4259003514101,0.0
2844,Monocyte_CD16,NK_CD16hi,0.45559811839659875,123.40772073885665,0.0
821,CD8_EM,DC_activated,0.4555334559256546,123.39020563544787,0.0
777,CD4_naive_CM,Macro_AW_CX3CR1,0.4555324496268572,123.38993305960535,0.0
2300,ILC,MAIT,0.455495537251515,123.37993461596808,0.0
284,B_naive,Monocyte_CD16,0.45546571008315073,123.37185534014297,0.0
1437,DC_plasmacytoid,Neuroendocrine,0.4553480963313097,123.3399973397339,0.0
1079,CD8_TRM,gdT,0.4553079728244884,123.32912909791085,0.0
638,CD4_EM_Effector,Macro_AW_CX3CR1,0.4552824556348885,123.32221726469417,0.0
2498,Macro_AW_CX3CR1,Macro_CCL,0.4551611249549229,123.28935246111917,0.0
1377,DC_activated,NK_CD56bright,0.45515816285548366,123.28855011816462,0.0
719,CD4_TRM,Monocyte_CD16,0.4551561096512022,123.287993967359,0.0
2845,Monocyte_CD16,NKT,0.45513589891084255,123.2825194903989,0.0
709,CD4_TRM,Macro_alveolar_metallothioneins,0.45505047271206656,123.25938012248528,0.0
639,CD4_EM_Effector,Macro_alveolar_metallothioneins,0.4550150837645665,123.24979432927415,0.0
241,B_naive,CD8_EM,0.4548384490862,123.20194934883972,0.0
802,CD4_naive_CM,Neuroendocrine,0.45459628851808315,123.1363553910128,0.0
1515,Dividing_AT2,Erythrocyte,0.45454231334752715,123.12173515333876,0.0
2550,Macro_alveolar_metallothioneins,NKT,0.45445591614658865,123.09833277037114,0.0
866,CD8_EM,NK_CD16hi,0.4543840072361297,123.07885482614306,0.0
3103,Neuroendocrine,T_reg,0.4543560082205183,123.07127074148596,0.0
298,B_naive,Neuroendocrine,0.45430032340615717,123.05618741312574,0.0
732,CD4_TRM,NK_CD56bright,0.45426229578109434,123.04588688214324,0.0
2822,Monocyte_CD14,NK_CD56bright,0.4540395613951603,122.98555488824688,0.0
649,CD4_EM_Effector,Monocyte_CD16,0.45401506639326555,122.97891993469624,0.0
1044,CD8_TRM,Macro_alveolar_metallothioneins,0.45400453561475157,122.97606746599293,0.0
676,CD4_TRM,CD8_EM,0.45392619742621604,122.95484802521032,0.0
2797,Macrophage_intermediate,Neuroendocrine,0.4539158616506579,122.95204837689705,0.0
3042,NK_CD16hi,NK_CD56bright,0.4538693398876023,122.93944704139626,0.0
2517,Macro_AW_CX3CR1,NK_CD56bright,0.45383746572540773,122.9308132969885,0.0
2713,Mast_cell,Neuroendocrine,0.45383496773726467,122.93013666771652,0.0
2549,Macro_alveolar_metallothioneins,NK_CD16hi,0.45380924794493893,122.92316995556247,0.0
822,CD8_EM,DC_plasmacytoid,0.45368348602939745,122.88910486458416,0.0
1068,CD8_TRM,Neuroendocrine,0.4535990483804242,122.86623326484839,0.0
3055,NKT,NK_CD11d,0.45348791712499903,122.83613117622886,0.0
1423,DC_plasmacytoid,Monocyte_CD16,0.4534214897382072,122.81813801061291,0.0
923,CD8_EM_EMRA,Monocyte_CD16,0.45329003478413055,122.78253084805588,0.0
816,CD8_EM,CD8_TRM,0.45325271728002087,122.77242266731525,0.0
973,CD8_TRM_EM,ILC,0.45309233666582993,122.7289804201926,0.0
935,CD8_EM_EMRA,NK_CD11d,0.45294201055687594,122.68826163377874,0.0
606,CD4_EM_Effector,CD8_EM,0.4528738657461201,122.6698032700674,0.0
662,CD4_EM_Effector,NK_CD56bright,0.45284966893953094,122.66324908858651,0.0
2393,MAIT,Monocyte_CD16,0.4527431832402884,122.63440534032641,0.0
2711,Mast_cell,NK_CD11d,0.45267792613547136,122.6167291686253,0.0
1014,CD8_TRM_EM,gdT,0.45258477057506585,122.59149615092923,0.0
1054,CD8_TRM,Monocyte_CD16,0.4525669287996464,122.58666335476624,0.0
2405,MAIT,NK_CD11d,0.4524807324963712,122.56331538888627,0.0
867,CD8_EM,NKT,0.452413200316,122.54502296817684,0.0
801,CD4_naive_CM,NK_CD56bright,0.4523617066517678,122.5310748953495,0.0
1378,DC_activated,Neuroendocrine,0.45224378711036034,122.49913406581562,0.0
1001,CD8_TRM_EM,NK_CD11d,0.4521633452119773,122.47734479380043,0.0
2682,Macro_CCL,NK_CD56bright,0.4521147933352004,122.46419356202685,0.0
2339,ILC,gdT,0.4521111000723111,122.46319316905583,0.0
1526,Dividing_AT2,Macro_interstitial,0.45199593756208206,122.43199913570041,0.0
913,CD8_EM_EMRA,Macro_alveolar_metallothioneins,0.4519948312962785,122.431699481826,0.0
2516,Macro_AW_CX3CR1,NK_CD11d,0.4515664976038439,122.3156768676742,0.0
984,CD8_TRM_EM,Mast_cell,0.45137022047047404,122.26251134155751,0.0
733,CD4_TRM,Neuroendocrine,0.4513199655325156,122.24889880213098,0.0
1531,Dividing_AT2,Macro_int,0.4512236946924148,122.22282194959203,0.0
814,CD8_EM,CD8_EM_EMRA,0.45122120071417926,122.22214640648245,0.0
2383,MAIT,Macro_alveolar_metallothioneins,0.4511976914587007,122.21577846175721,0.0
842,CD8_EM,MAIT,0.45073270896389783,122.08982879789767,0.0
1211,DC_1,Dividing_AT2,0.4507259279244581,122.08799201985204,0.0
918,CD8_EM_EMRA,Mast_cell,0.45036585497791604,121.99045917272602,0.0
978,CD8_TRM_EM,Macro_AW_CX3CR1,0.450342347463664,121.98409169964626,0.0
2710,Mast_cell,NKT,0.45029311934618554,121.97075729476403,0.0
2534,Macro_alveolar_metallothioneins,Mast_cell,0.45022404906557356,121.9520482493204,0.0
2823,Monocyte_CD14,Neuroendocrine,0.4499155013238935,121.8684720184223,0.0
663,CD4_EM_Effector,Neuroendocrine,0.4498255430669243,121.84410505331435,0.0
989,CD8_TRM_EM,Monocyte_CD16,0.44980604464022006,121.83882352053271,0.0
2326,ILC,NK_CD11d,0.44976335784007254,121.82726096024301,0.0
2388,MAIT,Mast_cell,0.44965296424621504,121.79735868178305,0.0
3069,NK_CD11d,NK_CD56bright,0.44951704162067246,121.7605413624445,0.0
2859,Monocyte_CD16,gdT,0.44931482310834325,121.70576649685556,0.0
2314,ILC,Monocyte_CD16,0.4492478393738065,121.68762263349886,0.0
2683,Macro_CCL,Neuroendocrine,0.44915296167063673,121.66192313952745,0.0
1795,Endothelia_vascular_arterial_pulmonary,Macro_CHIT1,0.44914560389227737,121.6599301403899,0.0
815,CD8_EM,CD8_TRM_EM,0.44884019628049515,121.57720447550133,0.0
912,CD8_EM_EMRA,Macro_AW_CX3CR1,0.448732792472363,121.54811203937163,0.0
2515,Macro_AW_CX3CR1,NKT,0.4487235370182038,121.54560501737994,0.0
1002,CD8_TRM_EM,NK_CD56bright,0.4486605486393604,121.52854337477822,0.0
979,CD8_TRM_EM,Macro_alveolar_metallothioneins,0.4485580102528251,121.5007688338844,0.0
3081,NK_CD11d,gdT,0.44854961197916293,121.49849399610756,0.0
2382,MAIT,Macro_AW_CX3CR1,0.44840064282775427,121.45814276836226,0.0
2518,Macro_AW_CX3CR1,Neuroendocrine,0.4481011389829775,121.37701625500767,0.0
3043,NK_CD16hi,Neuroendocrine,0.44805566683054554,121.36469922721031,0.0
2304,ILC,Macro_alveolar_metallothioneins,0.4479093738570885,121.32507289495508,0.0
2564,Macro_alveolar_metallothioneins,gdT,0.4477025416168035,121.2690483103086,0.0
2309,ILC,Mast_cell,0.44744657668990717,121.19971517010923,0.0
176,B_memory,Dividing_AT2,0.4474096770572275,121.18972017807299,0.0
936,CD8_EM_EMRA,NK_CD56bright,0.4473975434830414,121.18643356060409,0.0
881,CD8_EM,gdT,0.44717860447978974,121.12712962083539,0.0
2406,MAIT,NK_CD56bright,0.44717733079229655,121.12678461749995,0.0
840,CD8_EM,ILC,0.44711066875066385,121.10872789100019,0.0
1800,Endothelia_vascular_arterial_pulmonary,Macro_dividing,0.4470793952914309,121.10025685881696,0.0
1799,Endothelia_vascular_arterial_pulmonary,Macro_alv,0.44706611039484034,121.09665838300617,0.0
3056,NKT,NK_CD56bright,0.44703168485387756,121.08733354742438,0.0
2303,ILC,Macro_AW_CX3CR1,0.4468497073365303,121.03804135385568,0.0
2494,Macro_AW_CX3CR1,Macro_alveolar_metallothioneins,0.44656846112657655,120.96186028037148,0.0
3057,NKT,Neuroendocrine,0.4458856274954312,120.77690134691484,0.0
2846,Monocyte_CD16,NK_CD11d,0.445784923069004,120.74962357022554,0.0
2551,Macro_alveolar_metallothioneins,NK_CD11d,0.445712328764761,120.72995997359617,0.0
868,CD8_EM,NK_CD11d,0.4456351965440887,120.70906719295387,0.0
2539,Macro_alveolar_metallothioneins,Monocyte_CD16,0.4456114219842795,120.70262738532705,0.0
1536,Dividing_AT2,Macrophage_intermediate,0.4453248357000069,120.62499984757169,0.0
2724,Mast_cell,gdT,0.4452396997239542,120.60193909219694,0.0
2327,ILC,NK_CD56bright,0.4451373720370373,120.57422162344325,0.0
2091,Fibro_alveolar,Macro_dividing,0.4449338056953585,120.51908167173727,0.0
2090,Fibro_alveolar,Macro_alv,0.44491733654825516,120.51462067897968,0.0
3082,NK_CD56bright,Neuroendocrine,0.4447381863237929,120.46609431335608,0.0
851,CD8_EM,Mast_cell,0.4442434285991532,120.33207944224421,0.0
937,CD8_EM_EMRA,Neuroendocrine,0.4441830013253117,120.31571152535841,0.0
856,CD8_EM,Monocyte_CD16,0.4441126977505076,120.29666841790024,0.0
2529,Macro_AW_CX3CR1,gdT,0.4439202057497162,120.24452816946872,0.0
1985,Erythrocyte,Fibro_alveolar,0.443901124848485,120.2393597316822,0.0
2407,MAIT,Neuroendocrine,0.44382563884018805,120.21891286007443,0.0
1272,DC_2,Dividing_AT2,0.44368851155039307,120.18176923370422,0.0
2086,Fibro_alveolar,Macro_CHIT1,0.44358203176879313,120.15292708835413,0.0
1537,Dividing_AT2,Monocyte_CD14,0.44342068068213836,120.1092219696568,0.0
1003,CD8_TRM_EM,Neuroendocrine,0.44333005506067436,120.08467423573556,0.0
1785,Endothelia_vascular_arterial_pulmonary,Erythrocyte,0.44315549711392144,120.03739177894789,0.0
845,CD8_EM,Macro_AW_CX3CR1,0.44302622125814783,120.00237486807097,0.0
3070,NK_CD11d,Neuroendocrine,0.44295121950396454,119.98205916622446,0.0
1562,Dividing_AT2,T_reg,0.44293251228726416,119.97699194825069,0.0
3093,NK_CD56bright,gdT,0.4427500677955726,119.92757326548646,0.0
846,CD8_EM,Macro_alveolar_metallothioneins,0.44215944729986123,119.76759207536674,0.0
2699,Mast_cell,Monocyte_CD16,0.44207040415618754,119.74347298671276,0.0
2504,Macro_AW_CX3CR1,Monocyte_CD16,0.4418377108057946,119.6804434112085,0.0
2328,ILC,Neuroendocrine,0.4415610907094183,119.6055154116713,0.0
869,CD8_EM,NK_CD56bright,0.44154285660015336,119.60057634416154,0.0
756,CD4_naive_CM,Dividing_AT2,0.4415158294069207,119.59325549673014,0.0
2552,Macro_alveolar_metallothioneins,NK_CD56bright,0.44141424968111753,119.56574062797088,0.0
1532,Dividing_AT2,Macro_CCL,0.4411776300819325,119.50164755067651,0.0
1332,DC_activated,Dividing_AT2,0.4407875859758854,119.39599642488982,0.0
252,B_naive,Dividing_AT2,0.44043912600456575,119.30160918075319,0.0
1391,DC_plasmacytoid,Dividing_AT2,0.4403015490481282,119.26434375331925,0.0
2553,Macro_alveolar_metallothioneins,Neuroendocrine,0.4403014964139712,119.26432949632151,0.0
497,B_plasmablast,Macro_alv,0.440260091412233,119.25311413636857,0.0
1796,Endothelia_vascular_arterial_pulmonary,Macro_interstitial,0.4402329119674531,119.2457520486079,0.0
3104,Neuroendocrine,gdT,0.4398904898280121,119.1530002701158,0.0
2847,Monocyte_CD16,NK_CD56bright,0.43982025674966074,119.13397625800987,0.0
687,CD4_TRM,Dividing_AT2,0.4396420480071887,119.08570491132035,0.0
1548,Dividing_AT2,NK_CD16hi,0.43955555009387803,119.0622752484238,0.0
2092,Fibro_alveolar,Macro_int,0.439313802127701,118.99679305195609,0.0
1022,CD8_TRM,Dividing_AT2,0.4390602798558464,118.92812155296875,0.0
617,CD4_EM_Effector,Dividing_AT2,0.4385770248596765,118.79722242234266,0.0
1549,Dividing_AT2,NKT,0.43787714786937865,118.60764695948914,0.0
1801,Endothelia_vascular_arterial_pulmonary,Macro_int,0.4377884936105999,118.5836332079658,0.0
118,AT2,Macro_CHIT1,0.43719080588992965,118.42173772081783,0.0
187,B_memory,Fibro_alveolar,0.43717724961148297,118.418065735888,0.0
870,CD8_EM,Neuroendocrine,0.4369537588814331,118.35752887129607,0.0
2087,Fibro_alveolar,Macro_interstitial,0.4368200912847316,118.32132237091888,0.0
891,CD8_EM_EMRA,Dividing_AT2,0.4365683797832205,118.25314135473171,0.0
1524,Dividing_AT2,MAIT,0.4362205963846528,118.15893737364615,0.0
2848,Monocyte_CD16,Neuroendocrine,0.4361884215914888,118.15022219742113,0.0
181,B_memory,Endothelia_vascular_arterial_pulmonary,0.4357708645148799,118.03711864184888,0.0
1222,DC_1,Fibro_alveolar,0.43551478889003137,117.96775551692959,0.0
123,AT2,Macro_dividing,0.43520854577690304,117.88480354005105,0.0
122,AT2,Macro_alv,0.43505693779496923,117.84373753310152,0.0
1806,Endothelia_vascular_arterial_pulmonary,Macrophage_intermediate,0.4346760143445058,117.74055691645826,0.0
957,CD8_TRM_EM,Dividing_AT2,0.43426241434482116,117.62852521308268,0.0
767,CD4_naive_CM,Fibro_alveolar,0.4340805693433752,117.57926891405498,0.0
1807,Endothelia_vascular_arterial_pulmonary,Monocyte_CD14,0.4337841723231521,117.4989839453017,0.0
1216,DC_1,Endothelia_vascular_arterial_pulmonary,0.4334875419807721,117.41863577664832,0.0
1522,Dividing_AT2,ILC,0.43288937634716096,117.25661083737056,0.0
493,B_plasmablast,Macro_CHIT1,0.4327695786097518,117.2241612614694,0.0
2098,Fibro_alveolar,Monocyte_CD14,0.43274979184027557,117.21880162537073,0.0
1563,Dividing_AT2,gdT,0.4325364611351389,117.16101680356948,0.0
2097,Fibro_alveolar,Macrophage_intermediate,0.43231582853201833,117.10125411893063,0.0
462,B_plasmablast,CD4_naive_CM,0.43163525829697763,116.91690827087344,0.0
469,B_plasmablast,DC_1,0.4316305791796072,116.91564083980549,0.0
1550,Dividing_AT2,NK_CD11d,0.43146377400197505,116.87045837318016,0.0
2123,Fibro_alveolar,T_reg,0.4312275123920086,116.80646226431416,0.0
498,B_plasmablast,Macro_dividing,0.4308151046716524,116.69475351326975,0.0
108,AT2,Erythrocyte,0.43081147398531133,116.6937700703889,0.0
2434,Macro_CHIT1,Muscle_pericyte_parenchyma,0.4307070780654168,116.66549238001133,0.0
1832,Endothelia_vascular_arterial_pulmonary,T_reg,0.4305135727063945,116.61307764355074,0.0
1802,Endothelia_vascular_arterial_pulmonary,Macro_CCL,0.4299127822606157,116.45034172221688,0.0
761,CD4_naive_CM,Endothelia_vascular_arterial_pulmonary,0.4299080337164418,116.44905548553226,0.0
1538,Dividing_AT2,Monocyte_CD16,0.4296763039767917,116.38628692297041,0.0
2093,Fibro_alveolar,Macro_CCL,0.42946918979413334,116.33018596868091,0.0
2110,Fibro_alveolar,NKT,0.4291989955859355,116.25699854747758,0.0
499,B_plasmablast,Macro_int,0.42894606039048677,116.18848606969382,0.0
1533,Dividing_AT2,Mast_cell,0.4289193578013865,116.1812531476829,0.0
1527,Dividing_AT2,Macro_AW_CX3CR1,0.428781987821115,116.14404378381872,0.0
824,CD8_EM,Dividing_AT2,0.4287412465709493,116.13300821404795,0.0
1818,Endothelia_vascular_arterial_pulmonary,NK_CD16hi,0.428513238064454,116.07124762075428,0.0
1343,DC_activated,Fibro_alveolar,0.4284069584571595,116.0424596965561,0.0
692,CD4_TRM,Endothelia_vascular_arterial_pulmonary,0.42840431297217685,116.041743114861,0.0
1528,Dividing_AT2,Macro_alveolar_metallothioneins,0.42807503063191626,115.95255050968932,0.0
1819,Endothelia_vascular_arterial_pulmonary,NKT,0.4280302783764425,115.94042848015728,0.0
119,AT2,Macro_interstitial,0.4279592797097152,115.9211970933659,0.0
2609,Macro_dividing,Muscle_pericyte_parenchyma,0.4278118258862854,115.88125632203932,0.0
698,CD4_TRM,Fibro_alveolar,0.4276582122724237,115.83964705019278,0.0
1551,Dividing_AT2,NK_CD56bright,0.4274973276414475,115.79606828020015,0.0
1690,Endothelia_vascular_Cap_a,Macro_CHIT1,0.4274636478064642,115.78694543376527,0.0
124,AT2,Macro_int,0.4273846886874894,115.76555780174756,0.0
263,B_naive,Fibro_alveolar,0.4270628163133531,115.67837233179706,0.0
628,CD4_EM_Effector,Fibro_alveolar,0.4270616954234053,115.67806871668525,0.0
2427,Macro_CHIT1,Megakaryocyte,0.42681891159039714,115.61230593529093,0.0
902,CD8_EM_EMRA,Fibro_alveolar,0.42658016660505843,115.54763715530964,0.0
2109,Fibro_alveolar,NK_CD16hi,0.4265364498717034,115.5357956173321,0.0
1337,DC_activated,Endothelia_vascular_arterial_pulmonary,0.42653102335743104,115.5343257390976,0.0
2576,Macro_alv,Muscle_pericyte_parenchyma,0.4264442154475517,115.51081210752682,0.0
622,CD4_EM_Effector,Endothelia_vascular_arterial_pulmonary,0.4261846071241265,115.44049208164196,0.0
896,CD8_EM_EMRA,Endothelia_vascular_arterial_pulmonary,0.42609728907622124,115.41684026914267,0.0
2085,Fibro_alveolar,MAIT,0.4258905058152782,115.36082895151533,0.0
1794,Endothelia_vascular_arterial_pulmonary,MAIT,0.4258677242001091,115.35465810249457,0.0
40,AT1,Macro_CHIT1,0.4258158616825498,115.34061011848117,0.0
257,B_naive,Endothelia_vascular_arterial_pulmonary,0.4256462009122751,115.2946541583642,0.0
1396,DC_plasmacytoid,Endothelia_vascular_arterial_pulmonary,0.4254766763948574,115.24873510501627,0.0
2009,Erythrocyte,Muscle_pericyte_parenchyma,0.42529430049962735,115.19933500295426,0.0
2471,Macro_interstitial,Muscle_pericyte_parenchyma,0.4251609839413938,115.16322358825778,0.0
1695,Endothelia_vascular_Cap_a,Macro_dividing,0.4247879598213709,115.06218266079598,0.0
1027,CD8_TRM,Endothelia_vascular_arterial_pulmonary,0.42461606300783866,115.01562102433677,0.0
79,AT2,B_memory,0.4245612018781317,115.00076080718283,0.0
94,AT2,DC_1,0.4245189011528464,114.98930282287107,0.0
2602,Macro_dividing,Megakaryocyte,0.4244612390084663,114.97368389574312,0.0
2002,Erythrocyte,Megakaryocyte,0.42434473330389955,114.94212603175488,0.0
1277,DC_2,Endothelia_vascular_arterial_pulmonary,0.4242119062904414,114.9061472198996,0.0
1283,DC_2,Fibro_alveolar,0.42417149892290973,114.89520208881413,0.0
2569,Macro_alv,Megakaryocyte,0.42411671484329283,114.88036274219415,0.0
1552,Dividing_AT2,Neuroendocrine,0.4239158199133485,114.82594639495444,0.0
1402,DC_plasmacytoid,Fibro_alveolar,0.4238973121789826,114.8209332106986,0.0
2124,Fibro_alveolar,gdT,0.42343695141011667,114.69623543230726,0.0
1694,Endothelia_vascular_Cap_a,Macro_alv,0.4232958282740977,114.65800945231219,0.0
1033,CD8_TRM,Fibro_alveolar,0.4231670816904229,114.6231359052042,0.0
45,AT1,Macro_dividing,0.42262299557611754,114.47575946851391,0.0
1833,Endothelia_vascular_arterial_pulmonary,gdT,0.4226200261807568,114.47495514931538,0.0
30,AT1,Erythrocyte,0.42257916394185563,114.46388680736344,0.0
160,B_memory,B_plasmablast,0.42256685505532054,114.46055270309304,0.0
1691,Endothelia_vascular_Cap_a,Macro_interstitial,0.42251579477934065,114.44672202200692,0.0
1680,Endothelia_vascular_Cap_a,Erythrocyte,0.42244789141709904,114.42832905937962,0.0
962,CD8_TRM_EM,Endothelia_vascular_arterial_pulmonary,0.42240935656716316,114.41789113655338,0.0
1792,Endothelia_vascular_arterial_pulmonary,ILC,0.42212757514568566,114.34156509049008,0.0
130,AT2,Monocyte_CD14,0.4215736313848736,114.19151851615409,0.0
968,CD8_TRM_EM,Fibro_alveolar,0.42155295754586863,114.18591859980786,0.0
2083,Fibro_alveolar,ILC,0.4211638324265367,114.08051639966712,0.0
129,AT2,Macrophage_intermediate,0.4211607646006516,114.07968541862303,0.0
1896,Endothelia_vascular_venous_pulmonary,Macro_CHIT1,0.42115818688354356,114.07898719319108,0.0
1886,Endothelia_vascular_venous_pulmonary,Erythrocyte,0.42115467121233713,114.078034904424,0.0
44,AT1,Macro_alv,0.4205914219486012,113.92546775140302,0.0
155,AT2,T_reg,0.4200520923442146,113.7793797090762,0.0
2641,Macro_int,Muscle_pericyte_parenchyma,0.41999359587810753,113.76353478948135,0.0
1808,Endothelia_vascular_arterial_pulmonary,Monocyte_CD16,0.41992779439454714,113.7457111620792,0.0
470,B_plasmablast,DC_2,0.4197129782812054,113.6875239882191,0.0
87,AT2,CD4_naive_CM,0.41951297138316673,113.6333481819057,0.0
2812,Monocyte_CD14,Muscle_pericyte_parenchyma,0.41940148349070216,113.60314949112214,0.0
41,AT1,Macro_interstitial,0.41937786116226555,113.59675091835989,0.0
1820,Endothelia_vascular_arterial_pulmonary,NK_CD11d,0.4193114380790802,113.57875891846051,0.0
1897,Endothelia_vascular_venous_pulmonary,Macro_interstitial,0.41904528890848974,113.50666717533676,0.0
125,AT2,Macro_CCL,0.41887135203199277,113.4595529476563,0.0
2099,Fibro_alveolar,Monocyte_CD16,0.4186106285183097,113.38893085053287,0.0
1901,Endothelia_vascular_venous_pulmonary,Macro_dividing,0.4181196261086636,113.25593318042624,0.0
96,AT2,DC_activated,0.417623053158778,113.12142661981616,0.0
504,B_plasmablast,Macrophage_intermediate,0.41752690334309067,113.09538254912248,0.0
142,AT2,NKT,0.4173872696900513,113.05756002491918,0.0
1900,Endothelia_vascular_venous_pulmonary,Macro_alv,0.41735890915841733,113.0498780165294,0.0
829,CD8_EM,Endothelia_vascular_arterial_pulmonary,0.4171788620209102,113.00110870434807,0.0
835,CD8_EM,Fibro_alveolar,0.4171574419147995,112.99530664686282,0.0
2111,Fibro_alveolar,NK_CD11d,0.41705835849121164,112.96846795070883,0.0
2786,Macrophage_intermediate,Muscle_pericyte_parenchyma,0.41700778434951036,112.95476894866368,0.0
1908,Endothelia_vascular_venous_pulmonary,Monocyte_CD14,0.41676896288455023,112.8900794526711,0.0
211,B_memory,Muscle_pericyte_parenchyma,0.41676526985293405,112.88907912234495,0.0
141,AT2,NK_CD16hi,0.41646383048624647,112.8074283347719,0.0
1702,Endothelia_vascular_Cap_a,Monocyte_CD14,0.4164557964968641,112.80525217056471,0.0
86,AT2,CD4_TRM,0.41635518767830937,112.77800029115011,0.0
501,B_plasmablast,Mast_cell,0.416140136191042,112.7197493616279,0.0
80,AT2,B_naive,0.4160269255293154,112.68908402486974,0.0
1902,Endothelia_vascular_venous_pulmonary,Macro_int,0.4160238502310306,112.68825101977909,0.0
1696,Endothelia_vascular_Cap_a,Macro_int,0.4158325389449772,112.63643059118169,0.0
2464,Macro_interstitial,Megakaryocyte,0.4157901394816502,112.62494586172727,0.0
2089,Fibro_alveolar,Macro_alveolar_metallothioneins,0.41564629650018037,112.5859831580402,0.0
95,AT2,DC_2,0.4155857607483739,112.56958585776174,0.0
183,B_memory,Endothelia_vascular_venous_pulmonary,0.4155696397845634,112.56521917730447,0.0
89,AT2,CD8_EM_EMRA,0.4153961534670348,112.51822699239175,0.0
494,B_plasmablast,Macro_interstitial,0.4153073699394102,112.4941782258563,0.0
85,AT2,CD4_EM_Effector,0.4151044044425504,112.43920102479971,0.0
1239,DC_1,Megakaryocyte,0.4149766403808228,112.4045936131062,0.0
117,AT2,MAIT,0.41471143366356406,112.33275715202352,0.0
483,B_plasmablast,Erythrocyte,0.4145094063349177,112.27803407229933,0.0
1798,Endothelia_vascular_arterial_pulmonary,Macro_alveolar_metallothioneins,0.41432105924551227,112.22701655472677,0.0
530,B_plasmablast,T_reg,0.41427002587495115,112.2131931615031,0.0
2634,Macro_int,Megakaryocyte,0.41420701134170024,112.19612443446513,0.0
204,B_memory,Megakaryocyte,0.41400909177695866,112.14251402347323,0.0
2672,Macro_CCL,Muscle_pericyte_parenchyma,0.41399841801054127,112.13962282368095,0.0
2927,Muscle_pericyte_parenchyma,T_reg,0.41398141413469614,112.13501698911526,0.0
1701,Endothelia_vascular_Cap_a,Macrophage_intermediate,0.4137557572559082,112.07389338048783,0.0
2913,Muscle_pericyte_parenchyma,NK_CD16hi,0.413659547266251,112.04783301048961,0.0
1246,DC_1,Muscle_pericyte_parenchyma,0.4136444304547252,112.04373832444965,0.0
46,AT1,Macro_int,0.41361426183246675,112.03556655911433,0.0
2094,Fibro_alveolar,Mast_cell,0.4135266307269622,112.0118299488004,0.0
91,AT2,CD8_TRM,0.41343237792605636,111.98629972191101,0.0
1907,Endothelia_vascular_venous_pulmonary,Macrophage_intermediate,0.4132881997512311,111.94724622450393,0.0
52,AT1,Monocyte_CD14,0.4132073052279247,111.9253343501164,0.0
179,B_memory,Endothelia_vascular_Cap_a,0.41315754138849486,111.9118548343957,0.0
97,AT2,DC_plasmacytoid,0.4131050022928505,111.89762358588666,0.0
763,CD4_naive_CM,Endothelia_vascular_venous_pulmonary,0.41302641998098877,111.87633801949455,0.0
1821,Endothelia_vascular_arterial_pulmonary,NK_CD56bright,0.41261937185642117,111.76608102049575,0.0
496,B_plasmablast,Macro_alveolar_metallothioneins,0.4122700760632509,111.67146737755421,0.0
1919,Endothelia_vascular_venous_pulmonary,NK_CD16hi,0.41204163749353717,111.60959029317021,0.0
156,AT2,gdT,0.4116154254139316,111.49414235962605,0.0
90,AT2,CD8_TRM_EM,0.41159059332393655,111.48741609912645,0.0
2914,Muscle_pericyte_parenchyma,NKT,0.41151981244212915,111.46824370366862,0.0
1,AT1,B_memory,0.41134015562482557,111.41958011739952,0.0
1713,Endothelia_vascular_Cap_a,NK_CD16hi,0.411240269806068,111.39252407671528,0.0
505,B_plasmablast,Monocyte_CD14,0.4111991932782387,111.38139769038794,0.0
926,CD8_EM_EMRA,Muscle_pericyte_parenchyma,0.41075056183662456,111.25987703122405,0.0
2112,Fibro_alveolar,NK_CD56bright,0.4106330164081733,111.22803753755034,0.0
1697,Endothelia_vascular_Cap_a,Macro_CCL,0.4105531440599103,111.20640253939915,0.0
1727,Endothelia_vascular_Cap_a,T_reg,0.410535648157879,111.20166342985333,0.0
722,CD4_TRM,Muscle_pericyte_parenchyma,0.4104734137958928,111.18480602756338,0.0
115,AT2,ILC,0.41038543990367293,111.1609765667184,0.0
791,CD4_naive_CM,Muscle_pericyte_parenchyma,0.41037817726369746,111.15900933768533,0.0
1920,Endothelia_vascular_venous_pulmonary,NKT,0.41023836753886056,111.12113912096896,0.0
2396,MAIT,Muscle_pericyte_parenchyma,0.41014383322502107,111.09553264075873,0.0
51,AT1,Macrophage_intermediate,0.4101105456409716,111.0865160432124,0.0
472,B_plasmablast,DC_plasmacytoid,0.41002162498018335,111.06243013145954,0.0
1214,DC_1,Endothelia_vascular_Cap_a,0.4098839268774469,111.02513188916527,0.0
1933,Endothelia_vascular_venous_pulmonary,T_reg,0.40985493408731144,111.01727862111169,0.0
1797,Endothelia_vascular_arterial_pulmonary,Macro_AW_CX3CR1,0.40978633328560055,110.99869674327208,0.0
461,B_plasmablast,CD4_TRM,0.40972306742168374,110.98155993837476,0.0
500,B_plasmablast,Macro_CCL,0.4096974263676552,110.9746145540388,0.0
236,B_naive,B_plasmablast,0.40949668310581694,110.92023928909185,0.0
1367,DC_activated,Muscle_pericyte_parenchyma,0.4094568482545334,110.90944923530459,0.0
2088,Fibro_alveolar,Macro_AW_CX3CR1,0.4093680764666209,110.88540364870131,0.0
2113,Fibro_alveolar,Neuroendocrine,0.4093037464699352,110.86797860249162,0.0
517,B_plasmablast,NKT,0.4091663814667378,110.83077058676595,0.0
471,B_plasmablast,DC_activated,0.40902922690111254,110.79361957220007,0.0
2727,Megakaryocyte,Monocyte_CD14,0.4090156755326873,110.78994891724624,0.0
2752,Megakaryocyte,T_reg,0.40881441762461873,110.73543425023483,0.0
1743,Endothelia_vascular_Cap_g,Macro_CHIT1,0.4087819696318294,110.7266450725122,0.0
77,AT1,T_reg,0.40871617970373936,110.70882457513672,0.0
287,B_naive,Muscle_pericyte_parenchyma,0.40843436225328905,110.63248876991675,0.0
2726,Megakaryocyte,Macrophage_intermediate,0.40842538469479484,110.63005702143747,0.0
131,AT2,Monocyte_CD16,0.4083038157281839,110.59712767323289,0.0
652,CD4_EM_Effector,Muscle_pericyte_parenchyma,0.4082586552560858,110.58489507019068,0.0
1300,DC_2,Megakaryocyte,0.4082296512087082,110.57703875289143,0.0
47,AT1,Macro_CCL,0.40822951120605105,110.5770008304152,0.0
1903,Endothelia_vascular_venous_pulmonary,Macro_CCL,0.40799321682598433,110.51299584512232,0.0
1419,DC_plasmacytoid,Megakaryocyte,0.4079812046126321,110.50974210062476,0.0
16,AT1,DC_1,0.4078859121891766,110.48393027149845,0.0
898,CD8_EM_EMRA,Endothelia_vascular_venous_pulmonary,0.40782014727561366,110.46611654980015,0.0
690,CD4_TRM,Endothelia_vascular_Cap_a,0.4077858442370898,110.45682489641591,0.0
992,CD8_TRM_EM,Muscle_pericyte_parenchyma,0.40776905091245713,110.45227609379171,0.0
1714,Endothelia_vascular_Cap_a,NKT,0.4077655035582782,110.45131522306771,0.0
894,CD8_EM_EMRA,Endothelia_vascular_Cap_a,0.40776050432219696,110.44996108154406,0.0
1803,Endothelia_vascular_arterial_pulmonary,Mast_cell,0.40771388575874307,110.43733352574947,0.0
63,AT1,NK_CD16hi,0.40757000851186714,110.3983615406025,0.0
1360,DC_activated,Megakaryocyte,0.4074910452911414,110.37697279754478,0.0
88,AT2,CD8_EM,0.4074324701608825,110.3611065702156,0.0
280,B_naive,Megakaryocyte,0.4073662266933291,110.34316322274661,0.0
694,CD4_TRM,Endothelia_vascular_venous_pulmonary,0.4073256814302855,110.3321807399467,0.0
466,B_plasmablast,CD8_TRM,0.4071872221272697,110.29467631156932,0.0
2928,Muscle_pericyte_parenchyma,gdT,0.4071294056518301,110.27901558083525,0.0
1689,Endothelia_vascular_Cap_a,MAIT,0.4070639939925693,110.26129754501999,0.0
715,CD4_TRM,Megakaryocyte,0.4070576162943095,110.2595700198744,0.0
1057,CD8_TRM,Muscle_pericyte_parenchyma,0.4069435303569621,110.22866759748086,0.0
460,B_plasmablast,CD4_EM_Effector,0.40675986890937404,110.17891927825117,0.0
2317,ILC,Muscle_pericyte_parenchyma,0.40669747807351353,110.16201949193152,0.0
1895,Endothelia_vascular_venous_pulmonary,MAIT,0.40665885122414697,110.15155664924808,0.0
784,CD4_naive_CM,Megakaryocyte,0.40663174817024633,110.14421525346113,0.0
143,AT2,NK_CD11d,0.4066189667272552,110.14075314797036,0.0
1822,Endothelia_vascular_arterial_pulmonary,Neuroendocrine,0.406262273017132,110.04413563356292,0.0
645,CD4_EM_Effector,Megakaryocyte,0.4061916716245115,110.02501185628536,0.0
1335,DC_activated,Endothelia_vascular_Cap_a,0.40617186964816054,110.01964810110526,0.0
2738,Megakaryocyte,NK_CD16hi,0.40615518983629445,110.01513004564886,0.0
1744,Endothelia_vascular_Cap_g,Macro_interstitial,0.40591757797960043,109.95076819587139,0.0
1748,Endothelia_vascular_Cap_g,Macro_dividing,0.40581841292895915,109.9239073894228,0.0
64,AT1,NKT,0.40576595923116193,109.90969927260208,0.0
1307,DC_2,Muscle_pericyte_parenchyma,0.40561114374108037,109.8677644489174,0.0
2665,Macro_CCL,Megakaryocyte,0.40560110792418314,109.86504605031338,0.0
1218,DC_1,Endothelia_vascular_venous_pulmonary,0.4055988371811141,109.86443097484398,0.0
759,CD4_naive_CM,Endothelia_vascular_Cap_a,0.405486188837363,109.83391795298107,0.0
11,AT1,CD8_EM_EMRA,0.40538786374299757,109.80728466522788,0.0
255,B_naive,Endothelia_vascular_Cap_a,0.40536362369232765,109.80071877023627,0.0
620,CD4_EM_Effector,Endothelia_vascular_Cap_a,0.40536092426870385,109.79998757819821,0.0
2837,Monocyte_CD16,Muscle_pericyte_parenchyma,0.40535346013792983,109.79796577141518,0.0
960,CD8_TRM_EM,Endothelia_vascular_Cap_a,0.40534272943873423,109.79505915025895,0.0
1050,CD8_TRM,Megakaryocyte,0.40530250990429706,109.78416489746543,0.0
39,AT1,MAIT,0.40515839023304384,109.74512724690273,0.0
1025,CD8_TRM,Endothelia_vascular_Cap_a,0.4050454519612615,109.7145356923241,0.0
18,AT1,DC_activated,0.4050299151614703,109.71032724419321,0.0
8,AT1,CD4_TRM,0.40497391747979405,109.69515916956057,0.0
1934,Endothelia_vascular_venous_pulmonary,gdT,0.40484438108823995,109.66007168743776,0.0
464,B_plasmablast,CD8_EM_EMRA,0.4047974672830725,109.64736415961197,0.0
520,B_plasmablast,Neuroendocrine,0.40445966045120335,109.55586252804751,0.0
1426,DC_plasmacytoid,Muscle_pericyte_parenchyma,0.4044404893424816,109.55066965578607,0.0
1733,Endothelia_vascular_Cap_g,Erythrocyte,0.4044402333735504,109.55060032156122,0.0
516,B_plasmablast,NK_CD16hi,0.4044169964700409,109.5443061487292,0.0
1893,Endothelia_vascular_venous_pulmonary,ILC,0.40432388976005734,109.51908636313175,0.0
121,AT2,Macro_alveolar_metallothioneins,0.4041716007390851,109.47783588334951,0.0
2739,Megakaryocyte,NKT,0.40406688594032986,109.44947181835406,0.0
1511,Dividing_AT2,Endothelia_vascular_arterial_pulmonary,0.40397942402646153,109.42578103692604,0.0
1728,Endothelia_vascular_Cap_a,gdT,0.40390224999353774,109.4048769306122,0.0
1687,Endothelia_vascular_Cap_a,ILC,0.40382213376045323,109.3831758714552,0.0
9,AT1,CD4_naive_CM,0.40377565151512507,109.37058524010895,0.0
495,B_plasmablast,Macro_AW_CX3CR1,0.40361525278745186,109.327138086593,0.0
1747,Endothelia_vascular_Cap_g,Macro_alv,0.4034668437547987,109.28693857804093,0.0
7,AT1,CD4_EM_Effector,0.4034290926373238,109.27671294458283,0.0
2389,MAIT,Megakaryocyte,0.40331471383507816,109.24573119396531,0.0
919,CD8_EM_EMRA,Megakaryocyte,0.4033016713890697,109.24219839066835,0.0
624,CD4_EM_Effector,Endothelia_vascular_venous_pulmonary,0.4032437957182547,109.22652162570134,0.0
2,AT1,B_naive,0.4032091801570219,109.21714531938808,0.0
859,CD8_EM,Muscle_pericyte_parenchyma,0.4030083863443913,109.16275636176373,0.0
1275,DC_2,Endothelia_vascular_Cap_a,0.4029815388269853,109.15548418306766,0.0
1517,Dividing_AT2,Fibro_alveolar,0.402958036421025,109.1491180936693,0.0
12,AT1,CD8_TRM_EM,0.40272065783059613,109.08481942865258,0.0
1339,DC_activated,Endothelia_vascular_venous_pulmonary,0.402646661564603,109.06477608307965,0.0
2915,Muscle_pericyte_parenchyma,NK_CD11d,0.40250342197320194,109.02597681947299,0.0
1703,Endothelia_vascular_Cap_a,Monocyte_CD16,0.4024304299949488,109.00620550500808,0.0
126,AT2,Mast_cell,0.4023572192462984,108.98637493227365,0.0
1394,DC_plasmacytoid,Endothelia_vascular_Cap_a,0.4023124559200941,108.97424990401629,0.0
964,CD8_TRM_EM,Endothelia_vascular_venous_pulmonary,0.40230836198697495,108.97314098162461,0.0
13,AT1,CD8_TRM,0.4021113550121275,108.9197777635737,0.0
78,AT1,gdT,0.40195422992907365,108.8772173411584,0.0
1909,Endothelia_vascular_venous_pulmonary,Monocyte_CD16,0.40192602309805997,108.86957696560786,0.0
144,AT2,NK_CD56bright,0.40144227422091594,108.73854405759582,0.0
259,B_naive,Endothelia_vascular_venous_pulmonary,0.40140069241935045,108.72728080792861,0.0
490,B_plasmablast,ILC,0.4013127441353008,108.70345828356074,0.0
492,B_plasmablast,MAIT,0.4011982871801867,108.67245536370001,0.0
120,AT2,Macro_AW_CX3CR1,0.4011050047540755,108.64718798192968,0.0
1715,Endothelia_vascular_Cap_a,NK_CD11d,0.4009332201782926,108.60065674727474,0.0
985,CD8_TRM_EM,Megakaryocyte,0.4006404834920185,108.52136325204067,0.0
827,CD8_EM,Endothelia_vascular_Cap_a,0.40062714579709396,108.51775047476157,0.0
37,AT1,ILC,0.40056495942644865,108.50090607187121,0.0
19,AT1,DC_plasmacytoid,0.40049061107266964,108.48076735638915,0.0
17,AT1,DC_2,0.4003733902426632,108.44901578659531,0.0
1755,Endothelia_vascular_Cap_g,Monocyte_CD14,0.40036007219390457,108.44540833086705,0.0
2753,Megakaryocyte,gdT,0.400312286535617,108.43246464445757,0.0
2740,Megakaryocyte,NK_CD11d,0.4002064214101695,108.40378899082847,0.0
145,AT2,Neuroendocrine,0.399484455051408,108.20823018760416,0.0
53,AT1,Monocyte_CD16,0.3992165390099648,108.13565985272164,0.0
531,B_plasmablast,gdT,0.39901829080750356,108.08196042373274,0.0
2310,ILC,Megakaryocyte,0.3989889307476292,108.07400767343913,0.0
1029,CD8_TRM,Endothelia_vascular_venous_pulmonary,0.3989119680391874,108.05316080852204,0.0
10,AT1,CD8_EM,0.39884277248955086,108.03441783149665,0.0
506,B_plasmablast,Monocyte_CD16,0.3984823102747886,107.93677954340879,0.0
1398,DC_plasmacytoid,Endothelia_vascular_venous_pulmonary,0.39826257267285353,107.87725928746292,0.0
831,CD8_EM,Endothelia_vascular_venous_pulmonary,0.3982568108085798,107.87569857307776,0.0
465,B_plasmablast,CD8_TRM_EM,0.39738985839108465,107.64086744118318,0.0
1749,Endothelia_vascular_Cap_g,Macro_int,0.3973394286121949,107.62720754264792,0.0
852,CD8_EM,Megakaryocyte,0.3972821636295196,107.61169619458754,0.0
65,AT1,NK_CD11d,0.3970287105063055,107.54304342587095,0.0
518,B_plasmablast,NK_CD11d,0.39687709204161437,107.5019745794602,0.0
1921,Endothelia_vascular_venous_pulmonary,NK_CD11d,0.39687038505522537,107.50015786014141,0.0
1754,Endothelia_vascular_Cap_g,Macrophage_intermediate,0.39650076557052344,107.4000391451909,0.0
2542,Macro_alveolar_metallothioneins,Muscle_pericyte_parenchyma,0.396426142780789,107.37982609332688,0.0
2741,Megakaryocyte,NK_CD56bright,0.39630630323786925,107.34736519358006,0.0
519,B_plasmablast,NK_CD56bright,0.39592747228977127,107.2447513724022,0.0
1787,Endothelia_vascular_arterial_pulmonary,Fibro_alveolar,0.39592188609071194,107.2432382403991,0.0
2500,Macro_AW_CX3CR1,Megakaryocyte,0.3958176515591486,107.21500426522864,0.0
2728,Megakaryocyte,Monocyte_CD16,0.39538918546807195,107.09894578829783,0.0
2226,Fibro_peribronchial,Mast_cell,0.3953869672932327,107.09834495196849,0.0
1766,Endothelia_vascular_Cap_g,NK_CD16hi,0.3951466903019302,107.03326119800789,0.0
180,B_memory,Endothelia_vascular_Cap_g,0.3949644413071378,106.98389546942799,0.0
2916,Muscle_pericyte_parenchyma,NK_CD56bright,0.39492682353217085,106.97370595441359,0.0
99,AT2,Dividing_AT2,0.39467200143505543,106.90468237216179,0.0
2695,Mast_cell,Megakaryocyte,0.39431486618903694,106.8079452590636,0.0
1899,Endothelia_vascular_venous_pulmonary,Macro_alveolar_metallothioneins,0.393872291923052,106.68806530517993,0.0
1750,Endothelia_vascular_Cap_g,Macro_CCL,0.3935373634866512,106.59734334370143,0.0
1716,Endothelia_vascular_Cap_a,NK_CD56bright,0.3935085269145501,106.58953239037828,0.0
2742,Megakaryocyte,Neuroendocrine,0.39349282217938886,106.58527845364587,0.0
1286,DC_2,Fibro_peribronchial,0.3933449243148926,106.54521740505362,0.0
1780,Endothelia_vascular_Cap_g,T_reg,0.3928961067866833,106.42364634067151,0.0
463,B_plasmablast,CD8_EM,0.39217739942254676,106.22897030030843,0.0
1693,Endothelia_vascular_Cap_a,Macro_alveolar_metallothioneins,0.39206770213494135,106.19925663010659,0.0
2507,Macro_AW_CX3CR1,Muscle_pericyte_parenchyma,0.39184056347644663,106.13773165227049,0.0
1279,DC_2,Endothelia_vascular_venous_pulmonary,0.3916879394512622,106.09639043000142,0.0
895,CD8_EM_EMRA,Endothelia_vascular_Cap_g,0.3912584925912682,105.98006629249878,0.0
1767,Endothelia_vascular_Cap_g,NKT,0.3909460460281727,105.89543398905553,0.0
691,CD4_TRM,Endothelia_vascular_Cap_g,0.3906272889801161,105.80909236651209,0.0
1742,Endothelia_vascular_Cap_g,MAIT,0.3905072883053554,105.77658782103359,0.0
2702,Mast_cell,Muscle_pericyte_parenchyma,0.3903023626118761,105.72107966212785,0.0
66,AT1,NK_CD56bright,0.39016172520901377,105.68298525252196,0.0
1215,DC_1,Endothelia_vascular_Cap_g,0.39014182857038876,105.6775958562011,0.0
1692,Endothelia_vascular_Cap_a,Macro_AW_CX3CR1,0.3898632571514909,105.60213930253893,0.0
2535,Macro_alveolar_metallothioneins,Megakaryocyte,0.38981618754198333,105.58938957203996,0.0
43,AT1,Macro_alveolar_metallothioneins,0.38922663435783916,105.42969748427275,0.0
1541,Dividing_AT2,Muscle_pericyte_parenchyma,0.3891341314620526,105.40464125363918,0.0
961,CD8_TRM_EM,Endothelia_vascular_Cap_g,0.38899415375687296,105.36672553613958,0.0
1336,DC_activated,Endothelia_vascular_Cap_g,0.38807511003904566,105.117784449913,0.0
1740,Endothelia_vascular_Cap_g,ILC,0.3876663711646519,105.00706947803424,0.0
621,CD4_EM_Effector,Endothelia_vascular_Cap_g,0.38753944250739564,104.97268835209024,0.0
1781,Endothelia_vascular_Cap_g,gdT,0.38750773875907407,104.9641007676353,0.0
2917,Muscle_pericyte_parenchyma,Neuroendocrine,0.3874455904012692,104.94726666127123,0.0
256,B_naive,Endothelia_vascular_Cap_g,0.38726843211652084,104.89927985173887,0.0
1783,Endothelia_vascular_arterial_pulmonary,Endothelia_vascular_venous_pulmonary,0.3872015609724889,104.88116648573721,0.0
1026,CD8_TRM,Endothelia_vascular_Cap_g,0.3871977643587933,104.88013809816539,0.0
1509,Dividing_AT2,Endothelia_vascular_Cap_a,0.38694965725028946,104.81293340279193,0.0
760,CD4_naive_CM,Endothelia_vascular_Cap_g,0.38685564016679724,104.78746702460512,0.0
1756,Endothelia_vascular_Cap_g,Monocyte_CD16,0.38665088305841055,104.73200453029104,0.0
1698,Endothelia_vascular_Cap_a,Mast_cell,0.38644833070879725,104.6771392383007,0.0
42,AT1,Macro_AW_CX3CR1,0.38612945154635203,104.59076453867074,0.0
1922,Endothelia_vascular_venous_pulmonary,NK_CD56bright,0.3857926227018524,104.49952781424112,0.0
1811,Endothelia_vascular_arterial_pulmonary,Muscle_pericyte_parenchyma,0.38577617996857755,104.49507397618905,0.0
48,AT1,Mast_cell,0.38577309957238665,104.49423959023015,0.0
792,CD4_naive_CM,Muscle_perivascular_immune_recruiting,0.3854926729506501,104.41828051835162,0.0
1676,Endothelia_vascular_Cap_a,Endothelia_vascular_arterial_pulmonary,0.38536910400736574,104.38480943708707,0.0
21,AT1,Dividing_AT2,0.3853052196169764,104.36750509211636,0.0
1534,Dividing_AT2,Megakaryocyte,0.38501211778382477,104.28811268966106,0.0
110,AT2,Fibro_alveolar,0.38485369171768513,104.24519987036162,0.0
828,CD8_EM,Endothelia_vascular_Cap_g,0.3845820330313756,104.17161576642732,0.0
1768,Endothelia_vascular_Cap_g,NK_CD11d,0.3842150876335196,104.0722213805497,0.0
1717,Endothelia_vascular_Cap_a,Neuroendocrine,0.38398202207020365,104.00909098384666,0.0
1276,DC_2,Endothelia_vascular_Cap_g,0.3835720460967341,103.89804091932571,0.0
1395,DC_plasmacytoid,Endothelia_vascular_Cap_g,0.3834884662842715,103.87540168149899,0.0
1513,Dividing_AT2,Endothelia_vascular_venous_pulmonary,0.38345768742198694,103.86706462063744,0.0
104,AT2,Endothelia_vascular_arterial_pulmonary,0.3826298370045415,103.64282503534416,0.0
2102,Fibro_alveolar,Muscle_pericyte_parenchyma,0.38245272620150184,103.59485108716747,0.0
67,AT1,Neuroendocrine,0.3823846346220765,103.5764071422101,0.0
1898,Endothelia_vascular_venous_pulmonary,Macro_AW_CX3CR1,0.381286812061656,103.27904028645136,0.0
1923,Endothelia_vascular_venous_pulmonary,Neuroendocrine,0.3808725209349426,103.16682137771232,0.0
1888,Endothelia_vascular_venous_pulmonary,Fibro_alveolar,0.3808710230672785,103.16641565076364,0.0
26,AT1,Endothelia_vascular_arterial_pulmonary,0.380103480380682,102.95851160178292,0.0
1904,Endothelia_vascular_venous_pulmonary,Mast_cell,0.3797980313518727,102.87577471827709,0.0
2642,Macro_int,Muscle_perivascular_immune_recruiting,0.3794648303563719,102.78552066817834,0.0
1682,Endothelia_vascular_Cap_a,Fibro_alveolar,0.37938517562145296,102.76394461488601,0.0
474,B_plasmablast,Dividing_AT2,0.379325876411536,102.74788225632487,0.0
212,B_memory,Muscle_perivascular_immune_recruiting,0.37881216431425535,102.60873322018641,0.0
32,AT1,Fibro_alveolar,0.37762482898952304,102.2871200697774,0.0
1804,Endothelia_vascular_arterial_pulmonary,Megakaryocyte,0.3774792057323467,102.247675143363,0.0
1706,Endothelia_vascular_Cap_a,Muscle_pericyte_parenchyma,0.3774541205695503,102.24088033311232,0.0
2222,Fibro_peribronchial,Macro_alv,0.3773416878034789,102.21042570470851,0.0
2220,Fibro_peribronchial,Macro_AW_CX3CR1,0.37725876520075696,102.18796448508,0.0
1769,Endothelia_vascular_Cap_g,NK_CD56bright,0.37596798551323996,101.83833139227205,0.0
2010,Erythrocyte,Muscle_perivascular_immune_recruiting,0.37576249156751707,101.7826693110577,0.0
2218,Fibro_peribronchial,Macro_CHIT1,0.37529859911645785,101.65701490700825,0.0
1912,Endothelia_vascular_venous_pulmonary,Muscle_pericyte_parenchyma,0.37527542056028457,101.65073653870104,0.0
2577,Macro_alv,Muscle_perivascular_immune_recruiting,0.3746360756823489,101.47755739031084,0.0
2095,Fibro_alveolar,Megakaryocyte,0.37406392899483587,101.32258019487648,0.0
1678,Endothelia_vascular_Cap_a,Endothelia_vascular_venous_pulmonary,0.37395736266234414,101.29371460551324,0.0
1746,Endothelia_vascular_Cap_g,Macro_alveolar_metallothioneins,0.37373070157191657,101.23231898639108,0.0
2610,Macro_dividing,Muscle_perivascular_immune_recruiting,0.3734542187683303,101.15742817530926,0.0
1225,DC_1,Fibro_peribronchial,0.3734013562992956,101.14310933475049,0.0
2787,Macrophage_intermediate,Muscle_perivascular_immune_recruiting,0.37286073896880406,100.99667248645383,0.0
2813,Monocyte_CD14,Muscle_perivascular_immune_recruiting,0.3728212790491895,100.98598399029122,0.0
56,AT1,Muscle_pericyte_parenchyma,0.37281878997563817,100.98530977571193,0.0
2435,Macro_CHIT1,Muscle_perivascular_immune_recruiting,0.372734377005223,100.96244486064951,0.0
134,AT2,Muscle_pericyte_parenchyma,0.37261802651728515,100.93092904014131,0.0
2935,Muscle_perivascular_immune_recruiting,NKT,0.37255242882774464,100.91316061436198,0.0
24,AT1,Endothelia_vascular_Cap_a,0.37190780256006817,100.73855089757404,0.0
1729,Endothelia_vascular_Cap_g,Endothelia_vascular_arterial_pulmonary,0.3719062000494031,100.73811682600824,0.0
1745,Endothelia_vascular_Cap_g,Macro_AW_CX3CR1,0.37155956760080205,100.64422460238244,0.0
485,B_plasmablast,Fibro_alveolar,0.3713942918981219,100.599456424162,0.0
2472,Macro_interstitial,Muscle_perivascular_immune_recruiting,0.37138824328511855,100.59781803823758,0.0
1247,DC_1,Muscle_perivascular_immune_recruiting,0.3713291163493235,100.5818023435143,0.0
1510,Dividing_AT2,Endothelia_vascular_Cap_g,0.3710366896325532,100.5025928096234,0.0
0,AT1,AT2,0.3696973682301001,100.13981123757654,0.0
2948,Muscle_perivascular_immune_recruiting,T_reg,0.3696840450414698,100.13620238961285,0.0
102,AT2,Endothelia_vascular_Cap_a,0.3695426727454523,100.09790891972642,0.0
2934,Muscle_perivascular_immune_recruiting,NK_CD16hi,0.3684918215438772,99.81326518134033,0.0
28,AT1,Endothelia_vascular_venous_pulmonary,0.3678372933286116,99.63597332708625,0.0
1675,Endothelia_vascular_Cap_a,Endothelia_vascular_Cap_g,0.3676347117365378,99.58110011419973,0.0
723,CD4_TRM,Muscle_perivascular_immune_recruiting,0.36734871596040664,99.50363252720113,0.0
106,AT2,Endothelia_vascular_venous_pulmonary,0.36708361372943693,99.4318243682871,0.0
2223,Fibro_peribronchial,Macro_dividing,0.3670713613303235,99.42850556474706,0.0
927,CD8_EM_EMRA,Muscle_perivascular_immune_recruiting,0.36651952504903423,99.27902984273446,0.0
1759,Endothelia_vascular_Cap_g,Muscle_pericyte_parenchyma,0.3665011556343358,99.27405412508395,0.0
2673,Macro_CCL,Muscle_perivascular_immune_recruiting,0.36640290643076207,99.24744139384592,0.0
1751,Endothelia_vascular_Cap_g,Mast_cell,0.3661720241933558,99.1849023939535,0.0
2244,Fibro_peribronchial,NK_CD56bright,0.3657784489318709,99.07829478519078,0.0
479,B_plasmablast,Endothelia_vascular_arterial_pulmonary,0.36548363672863693,98.99843909532282,0.0
1770,Endothelia_vascular_Cap_g,Neuroendocrine,0.36534758978284926,98.96158810139812,0.0
1735,Endothelia_vascular_Cap_g,Fibro_alveolar,0.36433212516394603,98.6865295156629,0.0
1036,CD8_TRM,Fibro_peribronchial,0.36419527209701125,98.64946016795359,0.0
2397,MAIT,Muscle_perivascular_immune_recruiting,0.3637135471538532,98.51897548231132,0.0
127,AT2,Megakaryocyte,0.36370330864525563,98.51620218066944,0.0
2543,Macro_alveolar_metallothioneins,Muscle_perivascular_immune_recruiting,0.36368393630062495,98.51095479969989,0.0
2949,Muscle_perivascular_immune_recruiting,gdT,0.3636806527910201,98.51006539647366,0.0
653,CD4_EM_Effector,Muscle_perivascular_immune_recruiting,0.3635930842709175,98.48634573864811,0.0
1731,Endothelia_vascular_Cap_g,Endothelia_vascular_venous_pulmonary,0.3634225536500904,98.44015416238234,0.0
1368,DC_activated,Muscle_perivascular_immune_recruiting,0.36305089519127803,98.33948315114822,0.0
2318,ILC,Muscle_perivascular_immune_recruiting,0.3629601227281058,98.31489564225912,0.0
288,B_naive,Muscle_perivascular_immune_recruiting,0.36205883984887977,98.07076542886473,0.0
1405,DC_plasmacytoid,Fibro_peribronchial,0.36129101201593694,97.8627841423818,0.0
2838,Monocyte_CD16,Muscle_perivascular_immune_recruiting,0.36074934625417654,97.71606330583317,0.0
2245,Fibro_peribronchial,Neuroendocrine,0.36042080934477444,97.62707261528645,0.0
25,AT1,Endothelia_vascular_Cap_g,0.3602781802128575,97.58843870665054,0.0
1699,Endothelia_vascular_Cap_a,Megakaryocyte,0.3596615378304895,97.42140897617924,0.0
83,AT2,B_plasmablast,0.3595316123220379,97.38621609408332,0.0
49,AT1,Megakaryocyte,0.3594051960131027,97.35197374776985,0.0
510,B_plasmablast,Muscle_perivascular_immune_recruiting,0.3591071662869824,97.2712465284776,0.0
1905,Endothelia_vascular_venous_pulmonary,Megakaryocyte,0.3588713165716932,97.20736198939481,0.0
2731,Megakaryocyte,Muscle_pericyte_parenchyma,0.3588490077496003,97.20131920568768,0.0
1427,DC_plasmacytoid,Muscle_perivascular_immune_recruiting,0.3581687694430062,97.01706326698566,0.0
993,CD8_TRM_EM,Muscle_perivascular_immune_recruiting,0.3571199100525321,96.73295904985348,0.0
1058,CD8_TRM,Muscle_perivascular_immune_recruiting,0.35543878291233594,96.2775926638509,0.0
103,AT2,Endothelia_vascular_Cap_g,0.35518222453628906,96.20809877626453,0.0
266,B_naive,Fibro_peribronchial,0.3545585352094567,96.03916024213623,0.0
860,CD8_EM,Muscle_perivascular_immune_recruiting,0.35341205333301545,95.72861305256936,0.0
758,CD4_naive_CM,Endothelia_Lymphatic,0.35326795471553357,95.68958110483516,0.0
2936,Muscle_perivascular_immune_recruiting,NK_CD11d,0.35265844030942317,95.52448212707752,0.0
476,B_plasmablast,Endothelia_Lymphatic,0.3521035779097041,95.37418672130629,0.0
1308,DC_2,Muscle_perivascular_immune_recruiting,0.35156449024831193,95.22816421400319,0.0
2224,Fibro_peribronchial,Macro_int,0.35064222870886685,94.97835151743504,0.0
481,B_plasmablast,Endothelia_vascular_venous_pulmonary,0.35058233680873246,94.96212861705891,0.0
424,B_plasma_IgG,Macro_alv,0.3501777364266738,94.85253463731279,0.0
2938,Muscle_perivascular_immune_recruiting,Neuroendocrine,0.34949439812923405,94.66743900505382,0.0
2219,Fibro_peribronchial,Macro_interstitial,0.34919123344386793,94.58532088094651,0.0
420,B_plasma_IgG,Macro_CHIT1,0.3488627247486872,94.49633783277716,0.0
2255,Fibro_peribronchial,T_reg,0.3480003182619507,94.26273805573439,0.0
2243,Fibro_peribronchial,NK_CD11d,0.34723444321997565,94.055285721134,0.0
2703,Mast_cell,Muscle_perivascular_immune_recruiting,0.34705417104039404,94.0064554518759,0.0
1913,Endothelia_vascular_venous_pulmonary,Muscle_perivascular_immune_recruiting,0.346515607852408,93.86057500852131,0.0
1346,DC_activated,Fibro_peribronchial,0.3459277002591583,93.70132866144826,0.0
509,B_plasmablast,Muscle_pericyte_parenchyma,0.34509027094783523,93.47449444414728,0.0
1752,Endothelia_vascular_Cap_g,Megakaryocyte,0.34502329418665323,93.45635246966101,0.0
190,B_memory,Fibro_peribronchial,0.3443016613467528,93.26088400658695,0.0
425,B_plasma_IgG,Macro_dividing,0.34414635621643924,93.21881655420479,0.0
2508,Macro_AW_CX3CR1,Muscle_perivascular_immune_recruiting,0.3439698193868115,93.17099807802782,0.0
701,CD4_TRM,Fibro_peribronchial,0.34358386306117,93.0664542080492,0.0
1988,Erythrocyte,Fibro_peribronchial,0.3432366144615634,92.97239508779201,0.0
2103,Fibro_alveolar,Muscle_perivascular_immune_recruiting,0.3424660034556591,92.76365992411395,0.0
1542,Dividing_AT2,Muscle_perivascular_immune_recruiting,0.3423788860459877,92.7400624584307,0.0
2937,Muscle_perivascular_immune_recruiting,NK_CD56bright,0.34217075032256994,92.68368479971316,0.0
631,CD4_EM_Effector,Fibro_peribronchial,0.34187083925682976,92.60244798254277,0.0
2241,Fibro_peribronchial,NK_CD16hi,0.34078431759605393,92.30814219795869,0.0
2229,Fibro_peribronchial,Macrophage_intermediate,0.3405782569077957,92.25232660336992,0.0
1642,Endothelia_Lymphatic,Macro_int,0.3403731675656283,92.1967741169949,0.0
178,B_memory,Endothelia_Lymphatic,0.3400040187908466,92.0967829030942,0.0
770,CD4_naive_CM,Fibro_peribronchial,0.33943444372048803,91.94250228079929,0.0
396,B_plasma_IgG,DC_1,0.33935666520736796,91.92143443912254,0.0
1812,Endothelia_vascular_arterial_pulmonary,Muscle_perivascular_immune_recruiting,0.33875143937088875,91.75749710488809,0.0
2221,Fibro_peribronchial,Macro_alveolar_metallothioneins,0.3386980428783553,91.74303361355017,0.0
488,B_plasmablast,Fibro_peribronchial,0.33866508253512606,91.73410565562311,0.0
477,B_plasmablast,Endothelia_vascular_Cap_a,0.33807324036659697,91.57379355136692,0.0
397,B_plasma_IgG,DC_2,0.33779098380531863,91.49733880433344,0.0
502,B_plasmablast,Megakaryocyte,0.3377611566636352,91.48925953573536,0.0
971,CD8_TRM_EM,Fibro_peribronchial,0.3376566586020061,91.4609541782579,0.0
1213,DC_1,Endothelia_Lymphatic,0.33669612604469207,91.20077502297349,0.0
1640,Endothelia_Lymphatic,Macro_alv,0.3351412571696628,90.77960817401798,0.0
2225,Fibro_peribronchial,Macro_CCL,0.3336937060807374,90.3875104604321,0.0
2230,Fibro_peribronchial,Monocyte_CD14,0.33365227090226796,90.37628692651735,0.0
1626,Endothelia_Lymphatic,Erythrocyte,0.331642287535532,89.83184335663418,0.0
426,B_plasma_IgG,Macro_int,0.3312444862237077,89.72409103892942,0.0
2215,Fibro_peribronchial,ILC,0.33036149977657564,89.48491677441015,0.0
1660,Endothelia_Lymphatic,NKT,0.33028147937931035,89.46324167427171,0.0
1641,Endothelia_Lymphatic,Macro_dividing,0.32972812520168704,89.31335480015085,0.0
5,AT1,B_plasmablast,0.32936107073860005,89.21393087180802,0.0
838,CD8_EM,Fibro_peribronchial,0.3287869808186779,89.05842731361494,0.0
421,B_plasma_IgG,Macro_interstitial,0.3284262967525488,88.9607289327163,0.0
422,B_plasma_IgG,Macro_AW_CX3CR1,0.3284251609124572,88.96042126806368,0.0
159,B_memory,B_plasma_IgG,0.3282899720384862,88.92380269978528,0.0
905,CD8_EM_EMRA,Fibro_peribronchial,0.32822470443101315,88.90612368323299,0.0
1673,Endothelia_Lymphatic,T_reg,0.32815851254654105,88.88819430805721,0.0
1647,Endothelia_Lymphatic,Macrophage_intermediate,0.3275071290046929,88.71175425051443,0.0
399,B_plasma_IgG,DC_plasmacytoid,0.32746799408200733,88.70115378616897,0.0
1639,Endothelia_Lymphatic,Macro_alveolar_metallothioneins,0.32716210171725385,88.61829681639372,0.0
2217,Fibro_peribronchial,MAIT,0.32709221763664004,88.5993673371965,0.0
135,AT2,Muscle_perivascular_immune_recruiting,0.3269074690188145,88.54932453650245,0.0
389,B_plasma_IgG,CD4_naive_CM,0.326765960718281,88.51099422711503,0.0
431,B_plasma_IgG,Macrophage_intermediate,0.32669786019562,88.4925478597062,0.0
689,CD4_TRM,Endothelia_Lymphatic,0.3257870491756518,88.24583676179016,0.0
1648,Endothelia_Lymphatic,Monocyte_CD14,0.32486153338827845,87.99514258809704,0.0
619,CD4_EM_Effector,Endothelia_Lymphatic,0.324571767217498,87.91665371547154,0.0
2242,Fibro_peribronchial,NKT,0.3242584905875986,87.83179657209112,0.0
393,B_plasma_IgG,CD8_TRM,0.3240842503459713,87.7846001719921,0.0
2907,Muscle_pericyte_parenchyma,Muscle_perivascular_immune_recruiting,0.3240371890210391,87.77185268553347,0.0
893,CD8_EM_EMRA,Endothelia_Lymphatic,0.32370285321109743,87.68129124859978,0.0
410,B_plasma_IgG,Erythrocyte,0.3234861393268076,87.62259002611275,0.0
2231,Fibro_peribronchial,Monocyte_CD16,0.3227988262776326,87.43641775408653,0.0
1334,DC_activated,Endothelia_Lymphatic,0.32272618904533773,87.4167425295491,0.0
235,B_naive,B_plasma_IgG,0.32270860803267515,87.41198036611303,0.0
1643,Endothelia_Lymphatic,Macro_CCL,0.3225454313113734,87.36778073832625,0.0
388,B_plasma_IgG,CD4_TRM,0.32248751094382544,87.35209186636908,0.0
254,B_naive,Endothelia_Lymphatic,0.322000931352115,87.22029220358215,0.0
2256,Fibro_peribronchial,gdT,0.321787879726184,87.1625829758786,0.0
385,B_plasma_IgG,B_plasmablast,0.3216987631391684,87.13844399364943,0.0
1393,DC_plasmacytoid,Endothelia_Lymphatic,0.3211382157451208,86.98660869523124,0.0
428,B_plasma_IgG,Mast_cell,0.32106552557753654,86.96691913212841,0.0
1674,Endothelia_Lymphatic,gdT,0.32077819688252796,86.88909049780773,0.0
1635,Endothelia_Lymphatic,MAIT,0.3204630768611591,86.80373403555285,0.0
398,B_plasma_IgG,DC_activated,0.3203899539302678,86.78392724998754,0.0
457,B_plasma_IgG,T_reg,0.32032294219225255,86.76577580133733,0.0
1637,Endothelia_Lymphatic,Macro_interstitial,0.32028245867399713,86.75481004332899,0.0
1644,Endothelia_Lymphatic,Mast_cell,0.3201787980757633,86.72673152930113,0.0
446,B_plasma_IgG,NK_CD56bright,0.32007178519070134,86.69774498238196,0.0
478,B_plasmablast,Endothelia_vascular_Cap_g,0.3199750784973604,86.67155007041131,0.0
1636,Endothelia_Lymphatic,Macro_CHIT1,0.31981315956541917,86.62769113963772,0.0
432,B_plasma_IgG,Monocyte_CD14,0.31914703985447246,86.44725950055091,0.0
447,B_plasma_IgG,Neuroendocrine,0.3190810932916301,86.42939657556875,0.0
427,B_plasma_IgG,Macro_CCL,0.318842104229893,86.36466168268927,0.0
1707,Endothelia_vascular_Cap_a,Muscle_perivascular_immune_recruiting,0.3185462267132922,86.28451743172072,0.0
387,B_plasma_IgG,CD4_EM_Effector,0.3183051039442229,86.21920458219928,0.0
1663,Endothelia_Lymphatic,Neuroendocrine,0.3182579100900502,86.20642119758648,0.0
1633,Endothelia_Lymphatic,ILC,0.3178636710555388,86.09963379283037,0.0
445,B_plasma_IgG,NK_CD11d,0.3178309796064746,86.09077867018223,0.0
443,B_plasma_IgG,NK_CD16hi,0.31778880247554425,86.07935416383498,0.0
1659,Endothelia_Lymphatic,NK_CD16hi,0.317292693727483,85.94497334142878,0.0
1520,Dividing_AT2,Fibro_peribronchial,0.3163581111803526,85.69182325733806,0.0
2252,Fibro_peribronchial,Secretory_Club,0.3160401080388899,85.60568584523938,0.0
417,B_plasma_IgG,ILC,0.3156280058521404,85.49405985398806,0.0
444,B_plasma_IgG,NKT,0.31540176032864253,85.432776799351,0.0
1024,CD8_TRM,Endothelia_Lymphatic,0.31536099394593925,85.42173442193759,0.0
1649,Endothelia_Lymphatic,Monocyte_CD16,0.3152179013534774,85.38297497588789,0.0
1274,DC_2,Endothelia_Lymphatic,0.3150660980216603,85.34185605457618,0.0
391,B_plasma_IgG,CD8_EM_EMRA,0.3148805058902461,85.29158477161852,0.0
423,B_plasma_IgG,Macro_alveolar_metallothioneins,0.31354471904665376,84.92976060443182,0.0
392,B_plasma_IgG,CD8_TRM_EM,0.31336910142506197,84.88219111384987,0.0
419,B_plasma_IgG,MAIT,0.31315648263866996,84.82459912925773,0.0
2732,Megakaryocyte,Muscle_perivascular_immune_recruiting,0.3126694835329712,84.69268583284718,0.0
57,AT1,Muscle_perivascular_immune_recruiting,0.3116925427780481,84.42806219417575,0.0
959,CD8_TRM_EM,Endothelia_Lymphatic,0.3116614077065019,84.41962864702224,0.0
1653,Endothelia_Lymphatic,Muscle_perivascular_immune_recruiting,0.31149272936844535,84.37393879801488,0.0
433,B_plasma_IgG,Monocyte_CD16,0.3108312623900507,84.19476744314846,0.0
458,B_plasma_IgG,gdT,0.3103950161057597,84.07660154769961,0.0
826,CD8_EM,Endothelia_Lymphatic,0.3101538389284633,84.01127396063862,0.0
1628,Endothelia_Lymphatic,Fibro_alveolar,0.30945412007931844,83.82174133343005,0.0
1661,Endothelia_Lymphatic,NK_CD11d,0.30907112648078666,83.71799997642289,0.0
390,B_plasma_IgG,CD8_EM,0.30904127840703094,83.70991503796088,0.0
790,CD4_naive_CM,Muscle_pericyte_airway,0.3079576083898004,83.41638167717768,0.0
1760,Endothelia_vascular_Cap_g,Muscle_perivascular_immune_recruiting,0.30559233217380916,82.77570004363498,0.0
1662,Endothelia_Lymphatic,NK_CD56bright,0.3035201847792571,82.21441812285667,0.0
1638,Endothelia_Lymphatic,Macro_AW_CX3CR1,0.30283519722263696,82.02887575627608,0.0
1508,Dividing_AT2,Endothelia_Lymphatic,0.3005113020723404,81.39940299913766,0.0
401,B_plasma_IgG,Dividing_AT2,0.2995962630208104,81.15154665562646,0.0
2720,Mast_cell,Secretory_Club,0.2982189742669724,80.77848087890952,0.0
210,B_memory,Muscle_pericyte_airway,0.2980443919908962,80.73119183204561,0.0
1325,DC_2,Secretory_Club,0.2979036199169186,80.69306094411658,0.0
1622,Endothelia_Lymphatic,Endothelia_vascular_arterial_pulmonary,0.2973459771493674,80.54201242097476,0.0
2640,Macro_int,Muscle_pericyte_airway,0.2963571468593924,80.27416826763887,0.0
768,CD4_naive_CM,Fibro_immune_recruiting,0.2945316921307906,79.77970791261912,0.0
1624,Endothelia_Lymphatic,Endothelia_vascular_venous_pulmonary,0.29447422575203624,79.76414201246538,0.0
2008,Erythrocyte,Muscle_pericyte_airway,0.29319233756423907,79.41691735742323,0.0
406,B_plasma_IgG,Endothelia_vascular_arterial_pulmonary,0.2927486818098928,79.29674446112321,0.0
2081,Fibro_alveolar,Fibro_peribronchial,0.29252429501556804,79.23596487987962,0.0
2892,Muscle_pericyte_airway,NKT,0.29129395010748554,78.90270173699511,0.0
2575,Macro_alv,Muscle_pericyte_airway,0.290990321231252,78.82045787765182,0.0
2433,Macro_CHIT1,Muscle_pericyte_airway,0.29093983903199605,78.80678378002827,0.0
2811,Monocyte_CD14,Muscle_pericyte_airway,0.2904189442878626,78.66568918256901,0.0
2785,Macrophage_intermediate,Muscle_pericyte_airway,0.29025639149323024,78.62165855760526,0.0
2885,Muscle_pericyte_airway,Muscle_perivascular_immune_recruiting,0.2898394402589589,78.50871910635871,0.0
486,B_plasmablast,Fibro_immune_recruiting,0.2893606550121595,78.3790306953555,0.0
2525,Macro_AW_CX3CR1,Secretory_Club,0.28859263371856386,78.17099700624566,0.0
2608,Macro_dividing,Muscle_pericyte_airway,0.28828628595828015,78.08801668362466,0.0
1245,DC_1,Muscle_pericyte_airway,0.28794884108770574,77.99661309640362,0.0
2470,Macro_interstitial,Muscle_pericyte_airway,0.2875504965165375,77.88871362620921,0.0
2905,Muscle_pericyte_airway,T_reg,0.28721091571086,77.79673147891059,0.0
2891,Muscle_pericyte_airway,NK_CD16hi,0.28707301020122306,77.75937705637364,0.0
508,B_plasmablast,Muscle_pericyte_airway,0.28702391046883197,77.74607742712013,0.0
1790,Endothelia_vascular_arterial_pulmonary,Fibro_peribronchial,0.2870089342300621,77.74202081797885,0.0
721,CD4_TRM,Muscle_pericyte_airway,0.28574213434100676,77.39888312572775,0.0
412,B_plasma_IgG,Fibro_alveolar,0.28567556187863063,77.3808506635334,0.0
2227,Fibro_peribronchial,Megakaryocyte,0.2854815907285323,77.3283097583888,0.0
101,AT2,Endothelia_Lymphatic,0.28528048823167507,77.27383718756391,0.0
113,AT2,Fibro_peribronchial,0.28523733525664174,77.26214835462775,0.0
925,CD8_EM_EMRA,Muscle_pericyte_airway,0.28493722991090675,77.18085891289556,0.0
188,B_memory,Fibro_immune_recruiting,0.28474785265816666,77.12956235530069,0.0
2137,Fibro_immune_recruiting,Macro_int,0.2840411193700694,76.93812972919305,0.0
2541,Macro_alveolar_metallothioneins,Muscle_pericyte_airway,0.284007041910008,76.92889917817685,0.0
2316,ILC,Muscle_pericyte_airway,0.28312499713177247,76.68997998321893,0.0
2906,Muscle_pericyte_airway,gdT,0.2831159750009318,76.68753616144203,0.0
2671,Macro_CCL,Muscle_pericyte_airway,0.2829227110353539,76.6351868111487,0.0
2395,MAIT,Muscle_pericyte_airway,0.2827317008373392,76.5834479381748,0.0
1911,Endothelia_vascular_venous_pulmonary,Muscle_pericyte_airway,0.2821607037621851,76.42878213788285,0.0
651,CD4_EM_Effector,Muscle_pericyte_airway,0.28116611291708776,76.15937762477124,0.0
1366,DC_activated,Muscle_pericyte_airway,0.2810592026774144,76.13041888137658,0.0
3089,NK_CD56bright,Secretory_Club,0.28042758229131104,75.95933206368838,0.0
2836,Monocyte_CD16,Muscle_pericyte_airway,0.28007066568472894,75.86265417338637,0.0
2148,Fibro_immune_recruiting,Muscle_perivascular_immune_recruiting,0.2799583411556121,75.83222886309282,0.0
2155,Fibro_immune_recruiting,NKT,0.279131322416924,75.60821455436607,0.0
2142,Fibro_immune_recruiting,Macrophage_intermediate,0.2787171371582879,75.4960243220802,0.0
286,B_naive,Muscle_pericyte_airway,0.2784300041125835,75.41824868322576,0.0
82,AT2,B_plasma_IgG,0.2782459168368613,75.3683850200617,0.0
1264,DC_1,Secretory_Club,0.27803294558911823,75.31069756437294,0.0
2594,Macro_alv,Secretory_Club,0.2779781354274326,75.29585115291113,0.0
2143,Fibro_immune_recruiting,Monocyte_CD14,0.2776453316861976,75.20570470695186,0.0
2135,Fibro_immune_recruiting,Macro_alv,0.2776452872411937,75.20569266814748,0.0
1986,Erythrocyte,Fibro_immune_recruiting,0.2774816526919187,75.16136902863987,0.0
1425,DC_plasmacytoid,Muscle_pericyte_airway,0.27730374582468387,75.11317945080204,0.0
1645,Endothelia_Lymphatic,Megakaryocyte,0.27711155328962184,75.06112031855956,0.0
1223,DC_1,Fibro_immune_recruiting,0.2760038870920625,74.76108711986826,0.0
991,CD8_TRM_EM,Muscle_pericyte_airway,0.27596903870620065,74.75164774842007,0.0
1444,DC_plasmacytoid,Secretory_Club,0.27588673935281466,74.72935534814548,0.0
429,B_plasma_IgG,Megakaryocyte,0.2758468401805252,74.71854787174733,0.0
2136,Fibro_immune_recruiting,Macro_dividing,0.2751396415037871,74.52698918596319,0.0
1075,CD8_TRM,Secretory_Club,0.27490569447485186,74.46362002694178,0.0
2168,Fibro_immune_recruiting,T_reg,0.2747437360033759,74.41975038610671,0.0
2131,Fibro_immune_recruiting,Macro_CHIT1,0.2747100529817922,74.41062667651836,0.0
2132,Fibro_immune_recruiting,Macro_interstitial,0.2745296811090487,74.36176940340448,0.0
858,CD8_EM,Muscle_pericyte_airway,0.2745065938519547,74.35551576525052,0.0
1652,Endothelia_Lymphatic,Muscle_pericyte_parenchyma,0.2743542635343051,74.31425409945012,0.0
3100,Neuroendocrine,Secretory_Club,0.27423229410252714,74.28121627737022,0.0
699,CD4_TRM,Fibro_immune_recruiting,0.2737792302314203,74.15849500740714,0.0
2154,Fibro_immune_recruiting,NK_CD16hi,0.27369449581519656,74.13554302241846,0.0
903,CD8_EM_EMRA,Fibro_immune_recruiting,0.2732819687408622,74.02380194199908,0.0
404,B_plasma_IgG,Endothelia_vascular_Cap_a,0.27315676356522944,73.98988765498683,0.0
1056,CD8_TRM,Muscle_pericyte_airway,0.2727194674680965,73.87143739705974,0.0
2893,Muscle_pericyte_airway,NK_CD11d,0.27221302113768225,73.73425643693432,0.0
2234,Fibro_peribronchial,Muscle_pericyte_parenchyma,0.2721072846331692,73.70561562281776,0.0
2128,Fibro_immune_recruiting,ILC,0.271670926725476,73.58741949197264,0.0
2134,Fibro_immune_recruiting,Macro_alveolar_metallothioneins,0.27165093194785617,73.58200351277276,0.0
415,B_plasma_IgG,Fibro_peribronchial,0.27143812376963644,73.52436022767512,0.0
2452,Macro_CHIT1,Secretory_Club,0.2714185052737863,73.51904617180124,0.0
2138,Fibro_immune_recruiting,Macro_CCL,0.27137688551916694,73.50777264180212,0.0
436,B_plasma_IgG,Muscle_pericyte_parenchyma,0.2713478586634959,73.49991014642751,0.0
540,Basal,Ciliated,0.2712798933082106,73.48150039176372,0.0
2169,Fibro_immune_recruiting,gdT,0.27114995912525547,73.44630516000773,0.0
2895,Muscle_pericyte_airway,Neuroendocrine,0.2706318643501323,73.30596898928412,0.0
2130,Fibro_immune_recruiting,MAIT,0.2705674237361735,73.28851398020801,0.0
2627,Macro_dividing,Secretory_Club,0.2702963029498027,73.21507557706295,0.0
601,Basal,Suprabasal,0.2702088053310604,73.19137512426681,0.0
1685,Endothelia_vascular_Cap_a,Fibro_peribronchial,0.27008824084858657,73.15871786036827,0.0
408,B_plasma_IgG,Endothelia_vascular_venous_pulmonary,0.26918576111329984,72.91426345494469,0.0
2144,Fibro_immune_recruiting,Monocyte_CD16,0.26908686530234843,72.88747557736723,0.0
629,CD4_EM_Effector,Fibro_immune_recruiting,0.2690089952072693,72.86638292891368,0.0
1889,Endothelia_vascular_venous_pulmonary,Fibro_immune_recruiting,0.2689062855626842,72.83856199940512,0.0
1620,Endothelia_Lymphatic,Endothelia_vascular_Cap_a,0.2682041081155666,72.64836341252777,0.0
1344,DC_activated,Fibro_immune_recruiting,0.26758019830765417,72.47936515675784,0.0
264,B_naive,Fibro_immune_recruiting,0.2669552917219602,72.31009690409999,0.0
2701,Mast_cell,Muscle_pericyte_airway,0.26678556784845525,72.26412385123065,0.0
1306,DC_2,Muscle_pericyte_airway,0.266244003960378,72.11743060917493,0.0
305,B_naive,Secretory_Club,0.26563488725068,71.95243935532092,0.0
2101,Fibro_alveolar,Muscle_pericyte_airway,0.2654408588027293,71.89988292992486,0.0
35,AT1,Fibro_peribronchial,0.2649008331679413,71.75360635405953,0.0
1810,Endothelia_vascular_arterial_pulmonary,Muscle_pericyte_airway,0.2648020282243545,71.72684308969687,0.0
1403,DC_plasmacytoid,Fibro_immune_recruiting,0.2646533395271592,71.6865678284972,0.0
969,CD8_TRM_EM,Fibro_immune_recruiting,0.2640200120545216,71.51501861280998,0.0
2506,Macro_AW_CX3CR1,Muscle_pericyte_airway,0.2638544559402269,71.47017447958267,0.0
1540,Dividing_AT2,Muscle_pericyte_airway,0.2638266373668013,71.46263927124436,0.0
23,AT1,Endothelia_Lymphatic,0.2630483240583266,71.25181778726281,0.0
836,CD8_EM,Fibro_immune_recruiting,0.2621331118158493,71.00391453157353,0.0
405,B_plasma_IgG,Endothelia_vascular_Cap_g,0.2620491254001207,70.98116515724651,0.0
1204,Ciliated,Suprabasal,0.2614359179047876,70.81506583355885,0.0
1034,CD8_TRM,Fibro_immune_recruiting,0.2612526904181965,70.76543506120954,0.0
2894,Muscle_pericyte_airway,NK_CD56bright,0.2610629102730219,70.71402937226617,0.0
3077,NK_CD11d,Secretory_Club,0.2609359071199624,70.6796280676671,0.0
2158,Fibro_immune_recruiting,Neuroendocrine,0.2606951156839859,70.61440496623754,0.0
2156,Fibro_immune_recruiting,NK_CD11d,0.2600956535483015,70.45202884384614,0.0
1203,Ciliated,Secretory_Goblet,0.25927273994606953,70.22912649215546,0.0
1629,Endothelia_Lymphatic,Fibro_immune_recruiting,0.2591362120921475,70.19214523479386,0.0
1651,Endothelia_Lymphatic,Muscle_pericyte_airway,0.25822680919070756,69.94581555350595,0.0
4,AT1,B_plasma_IgG,0.25808058947732,69.90620906518296,0.0
785,CD4_naive_CM,Mesothelia,0.25795220201160274,69.87143279224452,0.0
1385,DC_activated,Secretory_Club,0.25708790547306376,69.63732105745738,0.0
1284,DC_2,Fibro_immune_recruiting,0.2563530715320565,69.43827681622916,0.0
2079,Fibro_alveolar,Fibro_immune_recruiting,0.25574540976998283,69.27367966358598,0.0
3152,Secretory_Club,T_reg,0.2556370934942254,69.24434006763421,0.0
670,CD4_EM_Effector,Secretory_Club,0.25551032615283,69.21000263726731,0.0
2139,Fibro_immune_recruiting,Mast_cell,0.255404411478742,69.18131356241337,0.0
740,CD4_TRM,Secretory_Club,0.25455947909177484,68.95244698934448,0.0
600,Basal,Secretory_Goblet,0.254473004160485,68.92902355158077,0.0
2659,Macro_int,Secretory_Club,0.25402546941408444,68.80779995390854,0.0
133,AT2,Muscle_pericyte_airway,0.2537934166131242,68.74494388383003,0.0
1518,Dividing_AT2,Fibro_immune_recruiting,0.2536209779292876,68.69823547112988,0.0
1788,Endothelia_vascular_arterial_pulmonary,Fibro_immune_recruiting,0.2533877694542899,68.63506636398402,0.0
229,B_memory,Secretory_Club,0.2529486811418611,68.51613064925671,0.0
2027,Erythrocyte,Secretory_Club,0.2528313665343865,68.48435367798922,0.0
1621,Endothelia_Lymphatic,Endothelia_vascular_Cap_g,0.2523767768012417,68.36121909825013,0.0
437,B_plasma_IgG,Muscle_perivascular_immune_recruiting,0.2522613792556333,68.32996140093455,0.0
2133,Fibro_immune_recruiting,Macro_AW_CX3CR1,0.2518039826858841,68.20606653423674,0.0
1738,Endothelia_vascular_Cap_g,Fibro_peribronchial,0.2516569729672458,68.16624605743701,0.0
1891,Endothelia_vascular_venous_pulmonary,Fibro_peribronchial,0.2515147372869267,68.12771872291312,0.0
2489,Macro_interstitial,Secretory_Club,0.251477203986286,68.1175520894332,0.0
2157,Fibro_immune_recruiting,NK_CD56bright,0.2506237168731426,67.88636830034362,0.0
2428,Macro_CHIT1,Mesothelia,0.2483040887657466,67.25805135578956,0.0
2730,Megakaryocyte,Muscle_pericyte_airway,0.24826662301612834,67.2479030198341,0.0
2760,Mesothelia,Muscle_perivascular_immune_recruiting,0.2481645756797211,67.22026148953584,0.0
1010,CD8_TRM_EM,Secretory_Club,0.24790083192039505,67.14882129941374,0.0
2560,Macro_alveolar_metallothioneins,Secretory_Club,0.24789132556709167,67.14624631644885,0.0
2884,Muscle_pericyte_airway,Muscle_pericyte_parenchyma,0.24744615137330422,67.02566212092931,0.0
205,B_memory,Mesothelia,0.24728830732151486,66.98290695167606,0.0
3050,NK_CD16hi,Secretory_Club,0.24719518301421312,66.9576823994985,0.0
2003,Erythrocyte,Mesothelia,0.2466560124344833,66.81163743213104,0.0
2635,Macro_int,Mesothelia,0.24656400515702726,66.78671544948064,0.0
3154,Secretory_Goblet,Suprabasal,0.24587598151194087,66.60035069856075,0.0
2804,Macrophage_intermediate,Secretory_Club,0.24580773629635091,66.58186513822322,0.0
2146,Fibro_immune_recruiting,Muscle_pericyte_airway,0.24484212860028676,66.32031128168282,0.0
2755,Mesothelia,Monocyte_CD14,0.24483349541086516,66.31797281234722,0.0
809,CD4_naive_CM,Secretory_Club,0.244774742009038,66.30205829665374,0.0
503,B_plasmablast,Mesothelia,0.2438796718284526,66.05961091500937,0.0
111,AT2,Fibro_immune_recruiting,0.24343737824895936,65.93980699058847,0.0
1705,Endothelia_vascular_Cap_a,Muscle_pericyte_airway,0.24297300939134422,65.81402354244327,0.0
2767,Mesothelia,NKT,0.2424999307506572,65.68588087806421,0.0
2465,Macro_interstitial,Mesothelia,0.24193645542186284,65.5332524908711,0.0
1148,Ciliated,Deuterosomal,0.24119982507929358,65.33372165891006,0.0
403,B_plasma_IgG,Endothelia_Lymphatic,0.24109694902215245,65.30585565328417,0.0
2235,Fibro_peribronchial,Muscle_perivascular_immune_recruiting,0.2410306544319475,65.28789845823844,0.0
2147,Fibro_immune_recruiting,Muscle_pericyte_parenchyma,0.24093664717584973,65.26243474199491,0.0
2690,Macro_CCL,Secretory_Club,0.24076400545398713,65.21567133244776,0.0
2766,Mesothelia,NK_CD16hi,0.24075737966690564,65.21387660756017,0.0
877,CD8_EM,Secretory_Club,0.24075702530297885,65.21378062111344,0.0
2780,Mesothelia,T_reg,0.24064291727999165,65.1828722163895,0.0
2754,Mesothelia,Macrophage_intermediate,0.2403120489533714,65.09325001558545,0.0
2570,Macro_alv,Mesothelia,0.24023077065515522,65.07123418820738,0.0
55,AT1,Muscle_pericyte_airway,0.23972600543864667,64.93450859088314,0.0
2603,Macro_dividing,Mesothelia,0.23906346103818968,64.75504539503756,0.0
1240,DC_1,Mesothelia,0.23898230460310455,64.73306257668793,0.0
2335,ILC,Secretory_Club,0.23895605069212408,64.72595118797986,0.0
2414,MAIT,Secretory_Club,0.2384593504208765,64.59141013987202,0.0
944,CD8_EM_EMRA,Secretory_Club,0.2382513697146457,64.53507447061175,0.0
1163,Ciliated,Fibro_peribronchial,0.2377779214757704,64.40683169328629,0.0
1906,Endothelia_vascular_venous_pulmonary,Mesothelia,0.23765891263152633,64.3745958046316,0.0
920,CD8_EM_EMRA,Mesothelia,0.237106106313722,64.22485732912962,0.0
716,CD4_TRM,Mesothelia,0.2362599793620889,63.99566718470093,0.0
2830,Monocyte_CD14,Secretory_Club,0.2362331877769093,63.988410156349644,0.0
2781,Mesothelia,gdT,0.2362287891137808,63.987218691835054,0.0
1683,Endothelia_vascular_Cap_a,Fibro_immune_recruiting,0.23578655157814615,63.867429947996705,0.0
1559,Dividing_AT2,Secretory_Club,0.23558521393520923,63.81289368322629,0.0
2390,MAIT,Mesothelia,0.23531353517248005,63.73930414119843,0.0
2311,ILC,Mesothelia,0.2352781294091127,63.72971379307855,0.0
2666,Macro_CCL,Mesothelia,0.2349313638215512,63.63578550614392,0.0
3064,NKT,Secretory_Club,0.23457476038018413,63.53919244280639,0.0
1361,DC_activated,Mesothelia,0.23401735249278735,63.38820754157899,0.0
2758,Mesothelia,Muscle_pericyte_airway,0.23399617548366566,63.38247133169961,0.0
2140,Fibro_immune_recruiting,Megakaryocyte,0.23358025623315717,63.269811413574175,0.0
2756,Mesothelia,Monocyte_CD16,0.23340842058513236,63.223266344996944,0.0
1854,Endothelia_vascular_arterial_systemic,Mast_cell,0.23330592885845783,63.19550444284509,0.0
1278,DC_2,Endothelia_vascular_arterial_systemic,0.23323147722777612,63.17533775278049,0.0
3153,Secretory_Club,gdT,0.23311216080693065,63.143018550947346,0.0
1758,Endothelia_vascular_Cap_g,Muscle_pericyte_airway,0.23247723076003254,62.97103524646824,0.0
2536,Macro_alveolar_metallothioneins,Mesothelia,0.2321899066110998,62.89320784354172,0.0
646,CD4_EM_Effector,Mesothelia,0.23098137089761056,62.5658521504188,0.0
281,B_naive,Mesothelia,0.23067013742310022,62.481548435903626,0.0
1202,Ciliated,Secretory_Club,0.23066303520638026,62.47962466066792,0.0
2855,Monocyte_CD16,Secretory_Club,0.23052521530017958,62.44229342550715,0.0
1841,Endothelia_vascular_arterial_systemic,Fibro_peribronchial,0.23033684535796697,62.39126971780182,0.0
1631,Endothelia_Lymphatic,Fibro_peribronchial,0.23003771778793156,62.310245125869486,0.0
545,Basal,Deuterosomal,0.2292927633124952,62.10845953862572,0.0
33,AT1,Fibro_immune_recruiting,0.22912890156936042,62.06407435918791,0.0
986,CD8_TRM_EM,Mesothelia,0.22898162926427568,62.02418275567904,0.0
1850,Endothelia_vascular_arterial_systemic,Macro_alv,0.2287519759513882,61.96197663418909,0.0
560,Basal,Fibro_peribronchial,0.22869705102124763,61.947099135431536,0.0
853,CD8_EM,Mesothelia,0.22863242460288136,61.92959379757333,0.0
527,B_plasmablast,Secretory_Club,0.22842337062662268,61.87296741199414,0.0
1880,Endothelia_vascular_arterial_systemic,Secretory_Club,0.22716889774596377,61.53316873267637,0.0
1166,Ciliated,Ionocyte_n_Brush,0.2269246588320311,61.46701181396424,0.0
1736,Endothelia_vascular_Cap_g,Fibro_immune_recruiting,0.22667600785887773,61.39965980214218,0.0
2696,Mast_cell,Mesothelia,0.2262468735829203,61.28342033418036,0.0
1420,DC_plasmacytoid,Mesothelia,0.2260234861630218,61.22291145317701,0.0
2749,Megakaryocyte,Secretory_Club,0.22586676358781343,61.18046005793673,0.0
1397,DC_plasmacytoid,Endothelia_vascular_arterial_systemic,0.22556321918762734,61.09823908059414,0.0
1504,Deuterosomal,Suprabasal,0.22460686736905416,60.839192360713184,0.0
2770,Mesothelia,Neuroendocrine,0.22443160037083137,60.79171784337422,0.0
1051,CD8_TRM,Mesothelia,0.22401420428557897,60.67865789548067,0.0
2768,Mesothelia,NK_CD11d,0.22299681092307058,60.40307687156453,0.0
563,Basal,Ionocyte_n_Brush,0.22293270079572503,60.38571138129465,0.0
1217,DC_1,Endothelia_vascular_arterial_systemic,0.22253520001794388,60.27804046915275,0.0
1301,DC_2,Mesothelia,0.22179966917967917,60.078807459580986,0.0
1503,Deuterosomal,Secretory_Goblet,0.22162302404011455,60.030959645525066,0.0
1851,Endothelia_vascular_arterial_systemic,Macro_dividing,0.22095185374217308,59.849159955508625,0.0
599,Basal,Secretory_Club,0.22069620101606205,59.779911381038936,0.0
1846,Endothelia_vascular_arterial_systemic,Macro_CHIT1,0.22067524361169372,59.774234655430845,0.0
2096,Fibro_alveolar,Mesothelia,0.21901487789558477,59.3244919099185,0.0
1848,Endothelia_vascular_arterial_systemic,Macro_AW_CX3CR1,0.21880250627171405,59.2669668741617,0.0
1872,Endothelia_vascular_arterial_systemic,NK_CD56bright,0.21807344665631637,59.06948672271679,0.0
2501,Macro_AW_CX3CR1,Mesothelia,0.21731866228181415,58.865038513768006,0.0
1535,Dividing_AT2,Mesothelia,0.2168747012827665,58.7447829359306,0.0
2377,Ionocyte_n_Brush,Suprabasal,0.21626389210022492,58.57933324248344,0.0
1028,CD8_TRM,Endothelia_vascular_arterial_systemic,0.21596561319142676,58.4985385271567,0.0
1805,Endothelia_vascular_arterial_pulmonary,Mesothelia,0.215013209316622,58.240561185577334,0.0
2769,Mesothelia,NK_CD56bright,0.2141722268952447,58.01276453846022,0.0
128,AT2,Mesothelia,0.21260137959183978,57.58726961757639,0.0
2120,Fibro_alveolar,Secretory_Club,0.21242744021667934,57.54015471308373,0.0
1873,Endothelia_vascular_arterial_systemic,Neuroendocrine,0.2122404769269818,57.489512024907995,0.0
2376,Ionocyte_n_Brush,Secretory_Goblet,0.21221931756356532,57.4837805947153,0.0
2141,Fibro_immune_recruiting,Mesothelia,0.21136061593808989,57.2511843522909,0.0
1829,Endothelia_vascular_arterial_pulmonary,Secretory_Club,0.20865512985080997,56.51835017664301,0.0
2759,Mesothelia,Muscle_pericyte_parenchyma,0.2082233455475749,56.40139289661607,0.0
258,B_naive,Endothelia_vascular_arterial_systemic,0.20765861317188206,56.248424013520236,0.0
1836,Endothelia_vascular_arterial_systemic,Erythrocyte,0.20759475128667673,56.23112576452173,0.0
152,AT2,Secretory_Club,0.20723535396971804,56.133775924970976,0.0
454,B_plasma_IgG,Secretory_Club,0.20679427326689595,56.01430053207705,0.0
50,AT1,Mesothelia,0.20610975797914685,55.828886088818784,0.0
1646,Endothelia_Lymphatic,Mesothelia,0.20607603416179784,55.81975132889418,0.0
3150,Secretory_Club,Secretory_Goblet,0.20550015816968734,55.66376397788251,0.0
413,B_plasma_IgG,Fibro_immune_recruiting,0.2049721931940033,55.520754269000456,0.0
623,CD4_EM_Effector,Endothelia_vascular_arterial_systemic,0.20472397608472204,55.45351977775059,0.0
182,B_memory,Endothelia_vascular_arterial_systemic,0.20471689094202872,55.45160062735118,0.0
2254,Fibro_peribronchial,Suprabasal,0.20471096955866555,55.44999670407985,0.0
2253,Fibro_peribronchial,Secretory_Goblet,0.2043100258695155,55.34139321160545,0.0
1338,DC_activated,Endothelia_vascular_arterial_systemic,0.20415436185244198,55.29922854767816,0.0
2725,Megakaryocyte,Mesothelia,0.20398983597521542,55.254663474445316,0.0
435,B_plasma_IgG,Muscle_pericyte_airway,0.20398831001093537,55.254250136975024,0.0
1852,Endothelia_vascular_arterial_systemic,Macro_int,0.2030425662786163,54.99807682612092,0.0
1871,Endothelia_vascular_arterial_systemic,NK_CD11d,0.20288926522524003,54.95655221743594,0.0
1883,Endothelia_vascular_arterial_systemic,T_reg,0.20239211023441048,54.821887999576255,0.0
693,CD4_TRM,Endothelia_vascular_arterial_systemic,0.2016507620759405,54.6210792542884,0.0
3151,Secretory_Club,Suprabasal,0.20143156511799665,54.561705442412396,0.0
1700,Endothelia_vascular_Cap_a,Mesothelia,0.20048222512672842,54.30455801401438,0.0
1849,Endothelia_vascular_arterial_systemic,Macro_alveolar_metallothioneins,0.19992460435572101,54.15351544906954,0.0
1857,Endothelia_vascular_arterial_systemic,Macrophage_intermediate,0.1994365392833442,54.02131341459617,0.0
762,CD4_naive_CM,Endothelia_vascular_arterial_systemic,0.19877845125013796,53.843057313562845,0.0
1287,DC_2,Fibro_perichondrial,0.19836114737357685,53.73002234220884,0.0
1466,Deuterosomal,Ionocyte_n_Brush,0.19789260418114749,53.60310819328981,0.0
1847,Endothelia_vascular_arterial_systemic,Macro_interstitial,0.19725750243176063,53.43107837981094,0.0
1753,Endothelia_vascular_Cap_g,Mesothelia,0.19287670921706251,52.244454283212875,0.0
1853,Endothelia_vascular_arterial_systemic,Macro_CCL,0.19249937999671238,52.14224723456338,0.0
2268,Fibro_perichondrial,Mast_cell,0.1919597126547794,51.99606770937234,0.0
963,CD8_TRM_EM,Endothelia_vascular_arterial_systemic,0.19153332640089726,51.88057259729602,0.0
1463,Deuterosomal,Fibro_peribronchial,0.19049158896182924,51.59839750092785,0.0
1502,Deuterosomal,Secretory_Club,0.19021861685900987,51.524457632271705,0.0
2214,Fibro_peribronchial,Fibro_perichondrial,0.18998119901245425,51.460148333960134,0.0
1845,Endothelia_vascular_arterial_systemic,MAIT,0.18939275854983306,51.300757648726034,0.0
1842,Endothelia_vascular_arterial_systemic,Fibro_perichondrial,0.1893425264950775,51.28715130766556,0.0
2265,Fibro_perichondrial,Macro_dividing,0.18931308669790917,51.27917695895591,0.0
1869,Endothelia_vascular_arterial_systemic,NK_CD16hi,0.1891256022432859,51.2283931029987,0.0
1724,Endothelia_vascular_Cap_a,Secretory_Club,0.1883902623803634,51.029211822858535,0.0
2264,Fibro_perichondrial,Macro_alv,0.18817403964393367,50.97064363743973,0.0
74,AT1,Secretory_Club,0.18774491635942267,50.85440714672759,0.0
1226,DC_1,Fibro_perichondrial,0.1877038274232316,50.84327739935117,0.0
1870,Endothelia_vascular_arterial_systemic,NKT,0.18753346929320747,50.797132545615604,0.0
2924,Muscle_pericyte_parenchyma,Secretory_Club,0.18667846457885306,50.56553768435763,0.0
897,CD8_EM_EMRA,Endothelia_vascular_arterial_systemic,0.18626310939353055,50.45303055439381,0.0
1843,Endothelia_vascular_arterial_systemic,ILC,0.18585675739751123,50.34296211551853,0.0
1782,Endothelia_vascular_arterial_pulmonary,Endothelia_vascular_arterial_systemic,0.18530407647359687,50.19325760542056,0.0
2375,Ionocyte_n_Brush,Secretory_Club,0.18524562823727464,50.17742574981256,0.0
830,CD8_EM,Endothelia_vascular_arterial_systemic,0.18501908805079006,50.116062879903865,0.0
1884,Endothelia_vascular_arterial_systemic,gdT,0.18471135799237068,50.032708134616456,0.0
2262,Fibro_perichondrial,Macro_AW_CX3CR1,0.18462243967550365,50.008622857760805,0.0
1406,DC_plasmacytoid,Fibro_perichondrial,0.18453037557159555,49.98368548254699,0.0
1858,Endothelia_vascular_arterial_systemic,Monocyte_CD14,0.1840440235507178,49.8519474618008,0.0
1855,Endothelia_vascular_arterial_systemic,Megakaryocyte,0.18351156655172265,49.707720999960486,0.0
1512,Dividing_AT2,Endothelia_vascular_arterial_systemic,0.18276803432903055,49.50632065787555,0.0
1198,Ciliated,SMG_Mucous,0.18251735652703818,49.438419639555775,0.0
2260,Fibro_perichondrial,Macro_CHIT1,0.1815752994716549,49.18324493773752,0.0
480,B_plasmablast,Endothelia_vascular_arterial_systemic,0.1808532582846114,48.98766586579971,0.0
1859,Endothelia_vascular_arterial_systemic,Monocyte_CD16,0.1807737624133791,48.96613284386483,0.0
2216,Fibro_peribronchial,Ionocyte_n_Brush,0.18075207225159767,48.96025763648398,0.0
2286,Fibro_perichondrial,NK_CD56bright,0.17981944973768021,48.707638465980494,0.0
1037,CD8_TRM,Fibro_perichondrial,0.17955901344049383,48.637094167100265,0.0
267,B_naive,Fibro_perichondrial,0.17907038109617318,48.504738475851774,0.0
595,Basal,SMG_Mucous,0.1777795041963197,48.15507905116845,0.0
2294,Fibro_perichondrial,Secretory_Club,0.1771258164249714,47.97801484769707,0.0
1989,Erythrocyte,Fibro_perichondrial,0.17677974157536003,47.88427366073631,0.0
1347,DC_activated,Fibro_perichondrial,0.17567228406352922,47.584296988683434,0.0
1155,Ciliated,Endothelia_vascular_arterial_systemic,0.17468164071187173,47.31596173189308,0.0
2287,Fibro_perichondrial,Neuroendocrine,0.17420002218045555,47.185505869966256,0.0
632,CD4_EM_Effector,Fibro_perichondrial,0.1738436810804163,47.08898386694267,0.0
2233,Fibro_peribronchial,Muscle_pericyte_airway,0.173807730595266,47.07924597020273,0.0
377,B_plasma_IgA,SMG_Serous,0.17293808768670363,46.84368606582892,0.0
2266,Fibro_perichondrial,Macro_int,0.17217579449287576,46.63720394532299,0.0
3128,SMG_Mucous,Secretory_Goblet,0.1721237689605923,46.62311180556191,0.0
3129,SMG_Mucous,Suprabasal,0.17204843272704656,46.602705503394446,0.0
191,B_memory,Fibro_perichondrial,0.17133031188253764,46.40818833342062,0.0
2126,Fibro_immune_recruiting,Fibro_peribronchial,0.17097191873401132,46.311110492661065,0.0
1777,Endothelia_vascular_Cap_g,Secretory_Club,0.17093800934694797,46.30192546752561,0.0
2267,Fibro_perichondrial,Macro_CCL,0.16965409280171342,45.95415139193477,0.0
702,CD4_TRM,Fibro_perichondrial,0.169195101968748,45.82982468765505,0.0
2297,Fibro_perichondrial,T_reg,0.16892909597637804,45.757771727171395,0.0
2271,Fibro_perichondrial,Macrophage_intermediate,0.16857457614497637,45.66174305061765,0.0
1630,Endothelia_Lymphatic,Fibro_myofibroblast,0.16827955624301655,45.58183110146037,0.0
2285,Fibro_perichondrial,NK_CD11d,0.168209338808381,45.562811326762876,0.0
2261,Fibro_perichondrial,Macro_interstitial,0.16754294048767823,45.38230422073804,0.0
1930,Endothelia_vascular_venous_pulmonary,Secretory_Club,0.1662254123423617,45.025425781478845,0.0
1838,Endothelia_vascular_arterial_systemic,Fibro_alveolar,0.16533600143801616,44.78451132623076,0.0
2263,Fibro_perichondrial,Macro_alveolar_metallothioneins,0.1645167236822263,44.562593815135905,0.0
552,Basal,Endothelia_vascular_arterial_systemic,0.16442142384628167,44.53677997819096,0.0
972,CD8_TRM_EM,Fibro_perichondrial,0.16345702612141097,44.275553866171705,0.0
2259,Fibro_perichondrial,MAIT,0.1628070185586907,44.09948651966766,0.0
771,CD4_naive_CM,Fibro_perichondrial,0.16256279881141902,44.03333479262303,0.0
1881,Endothelia_vascular_arterial_systemic,Secretory_Goblet,0.1611081572466356,43.639316484045075,0.0
2284,Fibro_perichondrial,NKT,0.16059487248713922,43.50028320075943,0.0
906,CD8_EM_EMRA,Fibro_perichondrial,0.1602388591673651,43.40384998347438,0.0
808,CD4_naive_CM,Schwann_nonmyelinating,0.15997556025760054,43.33253028961475,0.0
2298,Fibro_perichondrial,gdT,0.1596610195526319,43.247330746613166,0.0
487,B_plasmablast,Fibro_myofibroblast,0.15918407202018578,43.118140116725705,0.0
839,CD8_EM,Fibro_perichondrial,0.1583457071141122,42.89105247516542,0.0
1670,Endothelia_Lymphatic,Secretory_Club,0.1583334830980229,42.8877413597263,0.0
2283,Fibro_perichondrial,NK_CD16hi,0.15803785041095977,42.80766342565853,0.0
2257,Fibro_perichondrial,ILC,0.1578113850617303,42.74632082689387,0.0
1521,Dividing_AT2,Fibro_perichondrial,0.1577263781479307,42.7232950305715,0.0
526,B_plasmablast,Schwann_nonmyelinating,0.15739652669191753,42.63394826919277,0.0
1498,Deuterosomal,SMG_Mucous,0.15735647025984156,42.623098195885134,0.0
2593,Macro_alv,Schwann_nonmyelinating,0.15733965616573017,42.61854376743868,0.0
2272,Fibro_perichondrial,Monocyte_CD14,0.15727079799985974,42.59989217744916,0.0
2228,Fibro_peribronchial,Mesothelia,0.15685858159149332,42.48823524702397,0.0
2273,Fibro_perichondrial,Monocyte_CD16,0.1565287483484132,42.39889341897676,0.0
2803,Macrophage_intermediate,Schwann_nonmyelinating,0.155707579424362,42.1764636477227,0.0
1263,DC_1,Schwann_nonmyelinating,0.1550908250640897,42.00940358583126,0.0
2945,Muscle_perivascular_immune_recruiting,Secretory_Club,0.15481544416902468,41.93481124836814,0.0
105,AT2,Endothelia_vascular_arterial_systemic,0.15474750066710138,41.91640741311773,0.0
2658,Macro_int,Schwann_nonmyelinating,0.15462223190573024,41.882475902656275,0.0
228,B_memory,Schwann_nonmyelinating,0.15454692228903008,41.8620768101855,0.0
2626,Macro_dividing,Schwann_nonmyelinating,0.15434597349110793,41.80764587174339,0.0
2190,Fibro_myofibroblast,Muscle_pericyte_airway,0.15388872809045367,41.68379195217135,0.0
2451,Macro_CHIT1,Schwann_nonmyelinating,0.15348092597314916,41.573330719394214,0.0
2371,Ionocyte_n_Brush,SMG_Mucous,0.15277164239602636,41.38120729729081,0.0
2125,Fibro_immune_recruiting,Fibro_myofibroblast,0.15218159975947199,41.22138263170135,0.0
2026,Erythrocyte,Schwann_nonmyelinating,0.15180507601949406,41.11939376326995,0.0
2559,Macro_alveolar_metallothioneins,Schwann_nonmyelinating,0.15161833582862294,41.06881150580399,0.0
3063,NKT,Schwann_nonmyelinating,0.15049949952649053,40.76575266435843,0.0
3148,Schwann_nonmyelinating,T_reg,0.15018173513241617,40.679679921690635,0.0
430,B_plasma_IgG,Mesothelia,0.1500291016421457,40.63833613561666,0.0
1882,Endothelia_vascular_arterial_systemic,Suprabasal,0.1496965908622567,40.548269044006155,0.0
2192,Fibro_myofibroblast,Muscle_perivascular_immune_recruiting,0.14915400528568454,40.40129905750533,0.0
2082,Fibro_alveolar,Fibro_perichondrial,0.1490704104858126,40.37865576004369,0.0
2689,Macro_CCL,Schwann_nonmyelinating,0.14880949399392454,40.30798139097386,0.0
739,CD4_TRM,Schwann_nonmyelinating,0.14864330492173142,40.262965808637304,0.0
669,CD4_EM_Effector,Schwann_nonmyelinating,0.14836843091062696,40.18851077067506,0.0
2185,Fibro_myofibroblast,Mesothelia,0.1480154840944779,40.09290817627392,0.0
1384,DC_activated,Schwann_nonmyelinating,0.14787511534166017,40.05488653582212,0.0
339,B_plasma_IgA,Fibro_immune_recruiting,0.1478465140556148,40.04713931435975,0.0
2829,Monocyte_CD14,Schwann_nonmyelinating,0.14735873211180492,39.915013970833314,0.0
363,B_plasma_IgA,Muscle_perivascular_immune_recruiting,0.14715893249361894,39.8608943103492,0.0
1443,DC_plasmacytoid,Schwann_nonmyelinating,0.1466797920466628,39.73110968638993,0.0
304,B_naive,Schwann_nonmyelinating,0.14652289739577015,39.68861168106251,0.0
1324,DC_2,Schwann_nonmyelinating,0.14598130849050767,39.54191166260959,0.0
2944,Muscle_perivascular_immune_recruiting,Schwann_nonmyelinating,0.1459139589476738,39.52366871287314,0.0
2488,Macro_interstitial,Schwann_nonmyelinating,0.1456355427520995,39.44825420450439,0.0
2269,Fibro_perichondrial,Megakaryocyte,0.14542033661503478,39.38996138503964,0.0
1176,Ciliated,Mast_cell,0.1453132011026492,39.36094162209544,0.0
3049,NK_CD16hi,Schwann_nonmyelinating,0.1452371560826099,39.340343331150734,0.0
2334,ILC,Schwann_nonmyelinating,0.14516522987392586,39.32086070135779,0.0
2413,MAIT,Schwann_nonmyelinating,0.1451483025178805,39.316275593686484,0.0
2854,Monocyte_CD16,Schwann_nonmyelinating,0.14512817193558927,39.31082282911746,0.0
1791,Endothelia_vascular_arterial_pulmonary,Fibro_perichondrial,0.14510466583375153,39.304455738617925,0.0
3099,Neuroendocrine,Schwann_nonmyelinating,0.14493473652143146,39.25842703860058,0.0
943,CD8_EM_EMRA,Schwann_nonmyelinating,0.14480896842594057,39.2243602736613,0.0
3149,Schwann_nonmyelinating,gdT,0.14459822555171759,39.1672764168154,0.0
407,B_plasma_IgG,Endothelia_vascular_arterial_systemic,0.14407690198168258,39.02606566341746,0.0
2524,Macro_AW_CX3CR1,Schwann_nonmyelinating,0.14397069127818196,38.99729640316852,0.0
27,AT1,Endothelia_vascular_arterial_systemic,0.14377441039321173,38.944129860857,0.0
1074,CD8_TRM,Schwann_nonmyelinating,0.14317155277200347,38.780834004357,0.0
2719,Mast_cell,Schwann_nonmyelinating,0.14237236099484685,38.56435717605219,0.0
3076,NK_CD11d,Schwann_nonmyelinating,0.1421445500413726,38.50265009388393,0.0
1145,Ciliated,DC_2,0.1417416360171566,38.39351289736256,0.0
489,B_plasmablast,Fibro_perichondrial,0.140985493542187,38.18869682016224,0.0
1009,CD8_TRM_EM,Schwann_nonmyelinating,0.14075959076082464,38.127506603980905,0.0
1455,Deuterosomal,Endothelia_vascular_arterial_systemic,0.14016049161876987,37.965228805561146,0.0
114,AT2,Fibro_perichondrial,0.13927180400749808,37.72451026848317,0.0
1623,Endothelia_Lymphatic,Endothelia_vascular_arterial_systemic,0.13852248175679613,37.521541583310636,2.0515681802875056e-308
1828,Endothelia_vascular_arterial_pulmonary,Schwann_nonmyelinating,0.13848193930621347,37.51055986232113,3.098405345587375e-308
361,B_plasma_IgA,Muscle_pericyte_airway,0.13824954012434476,37.4476099681536,3.2847289215355096e-307
3088,NK_CD56bright,Schwann_nonmyelinating,0.13778840988381097,37.32270376321072,3.515171485897392e-305
1170,Ciliated,Macro_AW_CX3CR1,0.13741323340529216,37.221079827072046,1.556371458546422e-303
3127,SMG_Mucous,Secretory_Club,0.13709232190775975,37.13415462946863,3.9502485086162755e-302
876,CD8_EM,Schwann_nonmyelinating,0.1368287348644215,37.06275688895744,5.5949313772207184e-301
1844,Endothelia_vascular_arterial_systemic,Ionocyte_n_Brush,0.1365151234375755,36.97780905923213,1.3018350930215293e-299
1677,Endothelia_vascular_Cap_a,Endothelia_vascular_arterial_systemic,0.13560971509598965,36.73256138313047,1.1037656560425468e-295
1558,Dividing_AT2,Schwann_nonmyelinating,0.13497183094002926,36.559777900047735,6.234623728000106e-293
2119,Fibro_alveolar,Schwann_nonmyelinating,0.13472767346535808,36.493643040763054,6.993840817498106e-292
1862,Endothelia_vascular_arterial_systemic,Muscle_pericyte_parenchyma,0.1344743305516321,36.42502012445626,8.552894824581166e-291
1669,Endothelia_Lymphatic,Schwann_nonmyelinating,0.1290993078021202,34.96908938275081,3.320049338588655e-268
1194,Ciliated,NK_CD56bright,0.1288093522681326,34.89054921737225,5.170829801426748e-267
593,Basal,SMG_Basal,0.1286253634338154,34.840712219000984,2.943129665232472e-266
36,AT1,Fibro_perichondrial,0.12828812120582028,34.749363521512414,7.085077714540521e-265
1834,Endothelia_vascular_arterial_systemic,Endothelia_vascular_venous_pulmonary,0.12820709819961593,34.72741684500225,1.5195719573497053e-264
340,B_plasma_IgA,Fibro_myofibroblast,0.12815514052995627,34.713343087168994,2.4780688906605823e-264
1929,Endothelia_vascular_venous_pulmonary,Schwann_nonmyelinating,0.1280864900549016,34.6947477543262,4.727269671129788e-264
416,B_plasma_IgG,Fibro_perichondrial,0.12499849879666926,33.85830452189776,1.3695367499838534e-251
2276,Fibro_perichondrial,Muscle_pericyte_parenchyma,0.12499266634552544,33.85672468766904,1.4448541534954257e-251
151,AT2,Schwann_nonmyelinating,0.12437698044976896,33.68995404042895,4.0558861283534946e-249
2034,Fibro_adventitial,Fibro_myofibroblast,0.1241773293220973,33.63587460152431,2.5084356023852557e-248
1686,Endothelia_vascular_Cap_a,Fibro_perichondrial,0.12401327628009833,33.591437605022605,1.1186065750343085e-247
2901,Muscle_pericyte_airway,Schwann_nonmyelinating,0.12329848028211175,33.39782103519298,7.372811514486129e-245
561,Basal,Fibro_perichondrial,0.12286152152573941,33.27946215265288,3.827060970126381e-243
2248,Fibro_peribronchial,SMG_Mucous,0.12127827770214906,32.85060939019903,5.58209999995646e-237
356,B_plasma_IgA,Mesothelia,0.12069235456825671,32.691900573015374,1.0178889709373151e-234
573,Basal,Mast_cell,0.12049381675673676,32.63812269771074,5.906355901779674e-234
311,B_plasma_IgA,B_plasmablast,0.11992767172652194,32.484771169323565,8.748718922594676e-232
769,CD4_naive_CM,Fibro_myofibroblast,0.11912402552808617,32.26708777331122,1.0130646672198794e-228
1196,Ciliated,SMG_Basal,0.11871312302860411,32.1557867409772,3.665665453213721e-227
2923,Muscle_pericyte_parenchyma,Schwann_nonmyelinating,0.11864533875483757,32.13742603580812,6.618139617910116e-227
2932,Muscle_perivascular_immune_recruiting,NAF_endoneurial,0.1186130358018565,32.12867614497328,8.769210435687365e-227
3112,SMG_Basal,Suprabasal,0.1185484581030087,32.111184003755895,1.5388749072602188e-226
1863,Endothelia_vascular_arterial_systemic,Muscle_perivascular_immune_recruiting,0.11810220479275226,31.99030750829377,7.436589978853577e-225
3033,NAF_perineurial,Schwann_Myelinating,0.11794653792055941,31.9481420710012,2.8666383248167415e-224
542,Basal,DC_2,0.11715396538674014,31.733458195082044,2.685374879064694e-221
1476,Deuterosomal,Mast_cell,0.11690516754431947,31.666066400827194,2.278826993822051e-220
2748,Megakaryocyte,Schwann_nonmyelinating,0.11689376437468159,31.66297762781127,2.5132147449579994e-220
3018,NAF_endoneurial,Schwann_nonmyelinating,0.11658071773594791,31.57818278206642,3.680012449906326e-219
1730,Endothelia_vascular_Cap_g,Endothelia_vascular_arterial_systemic,0.11648550079424998,31.552391398660316,8.313194951363917e-219
3007,NAF_endoneurial,NAF_perineurial,0.11570385221804508,31.340666491745203,6.519655071496764e-216
337,B_plasma_IgA,Fibro_adventitial,0.11563457882386213,31.321902428991724,1.1743751799318706e-215
3111,SMG_Basal,Secretory_Goblet,0.11544399605630705,31.270279333973576,5.917910751636078e-215
1271,DC_2,Deuterosomal,0.11523424692533651,31.21346465205363,3.4980659702878964e-214
1723,Endothelia_vascular_Cap_a,Schwann_nonmyelinating,0.11489023771738961,31.120282984808572,6.403149970767393e-213
1195,Ciliated,Neuroendocrine,0.11460323408964011,31.042542401355334,7.192135650842123e-212
2164,Fibro_immune_recruiting,Schwann_nonmyelinating,0.11439112847348812,30.985089419026632,4.280577573890904e-211
2890,Muscle_pericyte_airway,NAF_perineurial,0.11422861994910902,30.941070785532624,1.6751019488754892e-210
1016,CD8_TRM,Ciliated,0.11403304138245891,30.88809447996621,8.630690143752431e-210
3034,NAF_perineurial,Schwann_nonmyelinating,0.11365951872027703,30.786918512544744,1.960977191497303e-208
1164,Ciliated,Fibro_perichondrial,0.1131146550719291,30.639331465449995,1.832951244688721e-206
2721,Mast_cell,Secretory_Goblet,0.11306777030472806,30.626631803129147,2.7057241607180595e-206
1470,Deuterosomal,Macro_AW_CX3CR1,0.11288861519682312,30.578104114728937,1.1965340108022135e-205
1657,Endothelia_Lymphatic,NAF_endoneurial,0.1127333136758245,30.536037640000796,4.332873825627914e-205
2889,Muscle_pericyte_airway,NAF_endoneurial,0.11233545502024049,30.42826978960966,1.1613520575202995e-203
567,Basal,Macro_AW_CX3CR1,0.1117420854983965,30.26754397163574,1.5332528841068057e-201
1147,Ciliated,DC_plasmacytoid,0.11166124344108148,30.245646308694997,2.976244967824436e-201
1739,Endothelia_vascular_Cap_g,Fibro_perichondrial,0.110816873659085,30.01693212825968,2.9503808432138977e-198
329,B_plasma_IgA,Endothelia_Lymphatic,0.11005058914290294,29.809368879508096,1.4769411350090718e-195
2251,Fibro_peribronchial,Schwann_nonmyelinating,0.10935295723367189,29.62040154106541,4.0807907452432245e-193
1326,DC_2,Secretory_Goblet,0.10932821829517445,29.613700512483,4.977766159284309e-193
2152,Fibro_immune_recruiting,NAF_endoneurial,0.10913113879948486,29.56031765073412,2.419680529707789e-192
2349,Ionocyte_n_Brush,Mast_cell,0.10909555597179045,29.550679341255,3.2182120027673073e-192
73,AT1,Schwann_nonmyelinating,0.10898898046555844,29.521811267003578,7.556858785523243e-192
2933,Muscle_perivascular_immune_recruiting,NAF_perineurial,0.10873239990658086,29.45231137073368,5.88007655976279e-191
375,B_plasma_IgA,SMG_Duct,0.10835050452085157,29.34886748628701,1.2351854368718878e-189
1289,DC_2,Ionocyte_n_Brush,0.10833357821542727,29.344282663197102,1.413297794237959e-189
2902,Muscle_pericyte_airway,Secretory_Club,0.10809935095556479,29.28083759811153,9.09588892115367e-189
1658,Endothelia_Lymphatic,NAF_perineurial,0.10801151086868892,29.25704438107849,1.826589828873776e-188
366,B_plasma_IgA,Myoepithelial,0.10789544301951463,29.22560511884433,4.585270446837379e-188
453,B_plasma_IgG,Schwann_nonmyelinating,0.10719594709435085,29.036132874985245,1.1515097203807887e-185
1494,Deuterosomal,NK_CD56bright,0.10677542513654766,28.92222622296532,3.1372023966267526e-184
1776,Endothelia_vascular_Cap_g,Schwann_nonmyelinating,0.10653435877679676,28.856928653018436,2.0738782813743445e-183
2526,Macro_AW_CX3CR1,Secretory_Goblet,0.10636942866582015,28.812254085115345,7.531836967810014e-183
1144,Ciliated,DC_1,0.10620937391865538,28.768900105492794,2.628050174868594e-182
2343,Ionocyte_n_Brush,Macro_AW_CX3CR1,0.10617911892769946,28.76070494549524,3.3276241127002244e-182
1172,Ciliated,Macro_alv,0.10570854708229975,28.6332412959766,1.2960747883366725e-180
1168,Ciliated,Macro_CHIT1,0.1057008335836948,28.631151943006685,1.3760758527822336e-180
395,B_plasma_IgG,Ciliated,0.10534689066703652,28.535279535170186,2.1390001061072806e-179
378,B_plasma_IgA,Schwann_Myelinating,0.10424634496458199,28.237175062775,1.0227911774375608e-175
1879,Endothelia_vascular_arterial_systemic,Schwann_nonmyelinating,0.10424052630443105,28.23559896410824,1.06939637019622e-175
2296,Fibro_perichondrial,Suprabasal,0.10405660344622161,28.18577983666478,4.367923987727719e-175
2295,Fibro_perichondrial,Secretory_Goblet,0.10388130336245076,28.138296357453697,1.666317580100498e-174
591,Basal,NK_CD56bright,0.1037439850470013,28.101100988023827,4.748639505284346e-174
2196,Fibro_myofibroblast,NAF_endoneurial,0.10319320484809975,27.951911326719372,3.124463658922542e-172
1890,Endothelia_vascular_venous_pulmonary,Fibro_myofibroblast,0.10289730540922745,27.87176113767195,2.93492154616814e-171
547,Basal,Dividing_Basal,0.10285727372775522,27.860917768552653,3.971857431112872e-171
2367,Ionocyte_n_Brush,NK_CD56bright,0.10229709186357663,27.70918148109647,2.706106743843803e-169
1617,Dividing_Basal,Suprabasal,0.1021440011091312,27.66771383601753,8.543574383984073e-169
367,B_plasma_IgA,NAF_endoneurial,0.1017480269205025,27.56045643060492,1.6581432360035912e-167
3139,Schwann_Myelinating,Schwann_nonmyelinating,0.10165293467970947,27.53469882489417,3.374309332167097e-167
2997,Myoepithelial,SMG_Duct,0.10066707511995332,27.267659352329424,5.1312619745196865e-164
2722,Mast_cell,Suprabasal,0.10024828267490538,27.154221172892015,1.1287362355771081e-162
3110,SMG_Basal,Secretory_Club,0.10008030942054512,27.108722309686343,3.885385492199959e-162
3090,NK_CD56bright,Secretory_Goblet,0.09977019318256033,27.024721220681634,3.786212901972465e-161
2165,Fibro_immune_recruiting,Secretory_Club,0.09932444916991906,26.903982678506253,9.863915716560927e-160
2369,Ionocyte_n_Brush,SMG_Basal,0.09918707846029727,26.866773117083202,2.686049301504991e-159
189,B_memory,Fibro_myofibroblast,0.09907943910323401,26.837616877887744,5.882979121295417e-159
1193,Ciliated,NK_CD11d,0.09898238457023424,26.811327746696797,1.1920179213573721e-158
2776,Mesothelia,Schwann_nonmyelinating,0.09861999660277856,26.713167830575365,1.654833155129701e-157
514,B_plasmablast,NAF_endoneurial,0.097897397924252,26.517437751092803,3.050418496790172e-155
2178,Fibro_myofibroblast,Macro_alveolar_metallothioneins,0.09780891448956322,26.49347027063762,5.762949648087239e-155
1496,Deuterosomal,SMG_Basal,0.09779892750892742,26.490765100296567,6.1917449778174e-155
2181,Fibro_myofibroblast,Macro_int,0.09710863404348276,26.30378552384165,8.678608935152747e-153
3106,SMG_Basal,SMG_Mucous,0.09707641162980526,26.29505744866294,1.092152380638339e-152
515,B_plasmablast,NAF_perineurial,0.09690652149542588,26.249039360762218,3.6652128250312248e-152
2153,Fibro_immune_recruiting,NAF_perineurial,0.09687716512950768,26.24108761104936,4.517156426282777e-152
1632,Endothelia_Lymphatic,Fibro_perichondrial,0.09643698771959866,26.121856892826067,1.0293104056654815e-150
1327,DC_2,Suprabasal,0.09643092938447757,26.120215873474635,1.0744585239135391e-150
246,B_naive,Ciliated,0.09623580761397454,26.067363300138613,4.2757534944076176e-150
1173,Ciliated,Macro_dividing,0.09607695151849238,26.024333998924813,1.3135811923346155e-149
2197,Fibro_myofibroblast,NAF_perineurial,0.09589858467130209,25.976019826459403,4.621812486850607e-149
1876,Endothelia_vascular_arterial_systemic,SMG_Mucous,0.09543495926530604,25.85043775682321,1.2028401988528679e-147
1861,Endothelia_vascular_arterial_systemic,Muscle_pericyte_airway,0.0949812773371862,25.727549073949103,2.8749258392604365e-146
2199,Fibro_myofibroblast,NKT,0.09484824119497391,25.691513615453164,7.270892563673998e-146
334,B_plasma_IgA,Endothelia_vascular_venous_pulmonary,0.0946767124216594,25.64505166993334,2.4005477803169512e-145
2246,Fibro_peribronchial,SMG_Basal,0.09440152869703802,25.57051273996702,1.6238348251204878e-144
1021,CD8_TRM,Deuterosomal,0.09366209061034006,25.370221375226436,2.688422534985843e-142
1495,Deuterosomal,Neuroendocrine,0.09254184171365544,25.066779904733522,5.7289561058642916e-139
2527,Macro_AW_CX3CR1,Suprabasal,0.09253684780562442,25.065427206417173,5.9268566971645184e-139
1892,Endothelia_vascular_venous_pulmonary,Fibro_perichondrial,0.09138180088284538,24.75256000541063,1.45481849913778e-135
1390,DC_plasmacytoid,Deuterosomal,0.09135816584322333,24.746157989573526,1.7050335269701976e-135
797,CD4_naive_CM,NAF_perineurial,0.09122314561540419,24.709585102425873,4.218284996172917e-135
592,Basal,Neuroendocrine,0.090584666588306,24.536640486782925,3.0032467593203997e-133
2212,Fibro_myofibroblast,T_reg,0.09049840810686811,24.51327567872334,5.331669670760843e-133
1224,DC_1,Fibro_myofibroblast,0.09026791430787111,24.450841895022112,2.4648443590980194e-132
3000,Myoepithelial,Schwann_Myelinating,0.08996403093506346,24.368529100270873,1.8443629236228272e-131
1039,CD8_TRM,Ionocyte_n_Brush,0.08980510278145845,24.325480280695736,5.269871357127048e-131
796,CD4_naive_CM,NAF_endoneurial,0.08976441639403077,24.314459571577753,6.892824213165354e-131
2186,Fibro_myofibroblast,Macrophage_intermediate,0.0897512701122408,24.310898642314918,7.517266723736818e-131
2258,Fibro_perichondrial,Ionocyte_n_Brush,0.08948056455994048,24.237572713493467,4.470762405953915e-130
2764,Mesothelia,NAF_endoneurial,0.08918300505795301,24.156972863665956,3.153743258584605e-129
700,CD4_TRM,Fibro_myofibroblast,0.08876464659827454,24.043652237710702,4.863476392271085e-128
2187,Fibro_myofibroblast,Monocyte_CD14,0.08867312421657855,24.018861598624124,8.83332732449319e-128
904,CD8_EM_EMRA,Fibro_myofibroblast,0.08848383156479638,23.967587956864442,3.0291932445153972e-127
1468,Deuterosomal,Macro_CHIT1,0.088456767075555,23.96025700707476,3.612064528641847e-127
2368,Ionocyte_n_Brush,Neuroendocrine,0.08818510761390055,23.886672693123014,2.1067602148453622e-126
538,Basal,CD8_TRM,0.08814119287608292,23.874777521738217,2.8002620949275685e-126
1917,Endothelia_vascular_venous_pulmonary,NAF_endoneurial,0.0877135310404019,23.758936893216465,4.4412437072156786e-125
3117,SMG_Duct,Schwann_Myelinating,0.0876044910882951,23.72940127527684,8.96629631802064e-125
400,B_plasma_IgG,Deuterosomal,0.08731081660431851,23.64985375907054,5.922061865963317e-124
2950,Muscle_smooth_pulmonary,Muscle_smooth_syst_arterial,0.08728435712549792,23.642686688265513,7.0178800834786415e-124
310,B_plasma_IgA,B_plasma_IgG,0.08698230617075942,23.560870240027185,4.856626144842674e-123
1408,DC_plasmacytoid,Ionocyte_n_Brush,0.08696296242020442,23.555630604326023,5.495899427176855e-123
2213,Fibro_myofibroblast,gdT,0.08681284406859807,23.51496809308034,1.4335345086322805e-122
1918,Endothelia_vascular_venous_pulmonary,NAF_perineurial,0.08660065172526915,23.45749161898818,5.542730279843768e-122
2277,Fibro_perichondrial,Muscle_perivascular_immune_recruiting,0.08627497450859686,23.369275532522444,4.3889645413535145e-121
2172,Fibro_myofibroblast,ILC,0.08617102000920863,23.341117409580235,8.48188821419261e-121
1868,Endothelia_vascular_arterial_systemic,NAF_perineurial,0.08609856214129384,23.32149076941668,1.3419197808263792e-120
3101,Neuroendocrine,Secretory_Goblet,0.08598654740819169,23.29114937347335,2.7252077103968477e-120
1464,Deuterosomal,Fibro_perichondrial,0.08598651504972937,23.29114060854672,2.7257651272105534e-120
1472,Deuterosomal,Macro_alv,0.08587945776896333,23.26214203617699,5.36008484012891e-120
2198,Fibro_myofibroblast,NK_CD16hi,0.0858722064503441,23.26017787375617,5.611132831469753e-120
2183,Fibro_myofibroblast,Mast_cell,0.08586798152118548,23.259033468508,5.762780395923904e-120
2188,Fibro_myofibroblast,Monocyte_CD16,0.08562338320105134,23.192779197549772,2.6925604713536014e-119
1076,CD8_TRM,Secretory_Goblet,0.08556424934996527,23.176761629683767,3.906119951662391e-119
2080,Fibro_alveolar,Fibro_myofibroblast,0.08552814104994406,23.166980985678794,4.901792228858327e-119
3091,NK_CD56bright,Suprabasal,0.08544683301226723,23.14495710278226,8.170522377445274e-119
2765,Mesothelia,NAF_perineurial,0.08533146611930788,23.113707708340197,1.685515499776394e-118
3116,SMG_Duct,SMG_Serous,0.08523266589358743,23.08694572190453,3.131262541748598e-118
3017,NAF_endoneurial,Schwann_Myelinating,0.08492987026102891,23.00492756301653,2.080445631915353e-117
1987,Erythrocyte,Fibro_myofibroblast,0.08469191175815914,22.940471817297173,9.171490636403074e-117
2174,Fibro_myofibroblast,MAIT,0.08461094006581421,22.918539040156162,1.5179722446691915e-116
1210,DC_1,Deuterosomal,0.0845026531806791,22.889207405233115,2.97564031200587e-116
2999,Myoepithelial,SMG_Serous,0.08437152197143365,22.853687935337888,6.715297059807693e-116
544,Basal,DC_plasmacytoid,0.08418007030692844,22.801829482472897,2.1987264702647285e-115
2202,Fibro_myofibroblast,Neuroendocrine,0.08409723991076652,22.779393238806634,3.6700112298355248e-115
630,CD4_EM_Effector,Fibro_myofibroblast,0.08402973696567936,22.761108737049504,5.569678585730654e-115
1146,Ciliated,DC_activated,0.08381654887130205,22.703362544180326,2.0750450403288318e-114
2179,Fibro_myofibroblast,Macro_alv,0.0835665576696213,22.635647505073575,9.660301141771631e-114
1445,DC_plasmacytoid,Secretory_Goblet,0.08332538947113385,22.57032235009977,4.2412673639498097e-113
2069,Fibro_adventitial,SMG_Duct,0.08319853870079838,22.535962321361804,9.219366554868573e-113
2182,Fibro_myofibroblast,Macro_CCL,0.08251294138204522,22.350254788701744,6.002839235337703e-111
2900,Muscle_pericyte_airway,Schwann_Myelinating,0.08248642784171267,22.34307307427177,7.050087478635688e-111
1205,Ciliated,T_reg,0.08236056186834777,22.30897979718317,1.5115616708802388e-110
681,CD4_TRM,Ciliated,0.0823244397458707,22.299195409093873,1.8810161193070933e-110
217,B_memory,NAF_perineurial,0.08229119435656923,22.29019024082582,2.300167362070191e-110
1345,DC_activated,Fibro_myofibroblast,0.081932969506613,22.193157987047645,1.999509174675677e-109
455,B_plasma_IgG,Secretory_Goblet,0.08181117936970583,22.16016873051366,4.1619135317459174e-109
3145,Schwann_nonmyelinating,Secretory_Club,0.08175239593117292,22.144246078787024,5.926374951916317e-109
1493,Deuterosomal,NK_CD11d,0.08162293339479185,22.109178601791978,1.2896025134959474e-108
611,CD4_EM_Effector,Ciliated,0.08158089410828577,22.09779143332109,1.6595446161233536e-108
386,B_plasma_IgG,Basal,0.08140356420006908,22.049758136193198,4.801779670557237e-108
1169,Ciliated,Macro_interstitial,0.08136587264134555,22.039548635395573,6.0165425178620605e-108
951,CD8_TRM_EM,Ciliated,0.08132187410356524,22.02763076514093,7.827513625166451e-108
1191,Ciliated,NK_CD16hi,0.08114160740527333,21.97880198059806,2.2971293298035696e-107
418,B_plasma_IgG,Ionocyte_n_Brush,0.0809040210048198,21.914447026144547,9.45888523422847e-107
468,B_plasmablast,Ciliated,0.08081779639427296,21.891091392682693,1.5793042868420725e-106
265,B_naive,Fibro_myofibroblast,0.08057657225571967,21.825751085240636,6.60744642035352e-106
2943,Muscle_perivascular_immune_recruiting,Schwann_Myelinating,0.0802008314536813,21.7239742909656,6.0887477275715234e-105
1878,Endothelia_vascular_arterial_systemic,Schwann_Myelinating,0.08004739235303622,21.682412289459823,1.503495099843617e-104
2548,Macro_alveolar_metallothioneins,NAF_perineurial,0.07983015551030387,21.623569413381986,5.390417245827021e-104
1404,DC_plasmacytoid,Fibro_myofibroblast,0.07947442815844687,21.52721365613778,4.3292655728404e-103
2176,Fibro_myofibroblast,Macro_interstitial,0.07946546015520389,21.524784495886436,4.562179095149804e-103
837,CD8_EM,Fibro_myofibroblast,0.07913775560990742,21.43601926754632,3.0834303672568624e-102
2341,Ionocyte_n_Brush,Macro_CHIT1,0.07902895776284825,21.40654922852571,5.804878125350549e-102
368,B_plasma_IgA,NAF_perineurial,0.07888226352689706,21.366814206423385,1.3603794861794178e-101
3009,NAF_endoneurial,NKT,0.0788073998594026,21.346535908075367,2.0996824334321716e-101
728,CD4_TRM,NAF_perineurial,0.07867307604694401,21.310151658739994,4.569941396320472e-101
2863,Muscle_airway,Muscle_smooth_pulmonary,0.0784552280938538,21.25114325138945,1.6086786986703858e-100
2366,Ionocyte_n_Brush,NK_CD11d,0.07838885698333083,21.23316532930897,2.358782449552117e-100
1473,Deuterosomal,Macro_dividing,0.07819442186307227,21.180498748711273,7.224727041797836e-100
541,Basal,DC_1,0.07796032043862974,21.117087768626796,2.770354076148403e-99
1616,Dividing_Basal,Secretory_Goblet,0.0779499980324981,21.11429174168592,2.9392281181799205e-99
1228,DC_1,Ionocyte_n_Brush,0.07782439178738843,21.080268817109097,6.0348058329309364e-99
3025,NAF_perineurial,NKT,0.07771125279295432,21.04962289284818,1.1525324698340192e-98
970,CD8_TRM_EM,Fibro_myofibroblast,0.07769074934417516,21.04406913004945,1.2957809419567319e-98
251,B_naive,Deuterosomal,0.07765035994181335,21.033128865183965,1.6319883017111006e-98
2180,Fibro_myofibroblast,Macro_dividing,0.07756905146768256,21.011104864065285,2.5956401806392346e-98
2345,Ionocyte_n_Brush,Macro_alv,0.07731228145391593,20.941553650235555,1.1201673039401563e-97
1865,Endothelia_vascular_arterial_systemic,Muscle_smooth_syst_arterial,0.07719600422402095,20.910057673110654,2.1685420562358736e-97
3038,NAF_perineurial,T_reg,0.07719592417420457,20.910035990041766,2.1695277226419336e-97
3028,NAF_perineurial,Neuroendocrine,0.07711516516451249,20.88816082218484,3.430557400025007e-97
1789,Endothelia_vascular_arterial_pulmonary,Fibro_myofibroblast,0.0770902276668495,20.881406009942967,3.951587954307967e-97
216,B_memory,NAF_endoneurial,0.0770626915008564,20.87394729721813,4.6190716411567303e-97
2708,Mast_cell,NAF_perineurial,0.07684352912314087,20.814582852077823,1.5965609637383134e-96
2293,Fibro_perichondrial,Schwann_nonmyelinating,0.07681970986983049,20.808130938336213,1.826558511308906e-96
1579,Dividing_Basal,Ionocyte_n_Brush,0.0766969386772098,20.774875943545997,3.6526286107474078e-96
1171,Ciliated,Macro_alveolar_metallothioneins,0.07661527588289851,20.752755967830144,5.788091450149492e-96
1035,CD8_TRM,Fibro_myofibroblast,0.07654779367291097,20.734477082583002,8.46423743495339e-96
2791,Macrophage_intermediate,NAF_endoneurial,0.07653426611996571,20.730812878520826,9.133915760191566e-96
2647,Macro_int,NAF_perineurial,0.07629818732575828,20.66686628890266,3.442179086764428e-95
3024,NAF_perineurial,NK_CD16hi,0.07603838271945759,20.596493095936324,1.4752565404399643e-94
1817,Endothelia_vascular_arterial_pulmonary,NAF_perineurial,0.07578819964282779,20.52872608372175,5.963030073542597e-94
2792,Macrophage_intermediate,NAF_perineurial,0.07554154233844891,20.461914096341044,2.3527180024195983e-93
2646,Macro_int,NAF_endoneurial,0.07543462496263316,20.432953419981718,4.259502717196175e-93
1265,DC_1,Secretory_Goblet,0.07528687650798661,20.392932841989015,9.66046181097764e-93
2547,Macro_alveolar_metallothioneins,NAF_endoneurial,0.07524958686590524,20.38283220822735,1.1875352764620416e-92
565,Basal,Macro_CHIT1,0.07519098356797711,20.366958351130346,1.6422767135244452e-92
2200,Fibro_myofibroblast,NK_CD11d,0.07513896734013718,20.352868731660998,2.1894178388607195e-92
1432,DC_plasmacytoid,NAF_perineurial,0.07510979957477291,20.344968068121567,2.572278406722569e-92
1816,Endothelia_vascular_arterial_pulmonary,NAF_endoneurial,0.07510908212170274,20.344773731831417,2.582493226012154e-92
1519,Dividing_AT2,Fibro_myofibroblast,0.07487558814868084,20.281527291924462,9.361339730685437e-92
2175,Fibro_myofibroblast,Macro_CHIT1,0.07469746700889626,20.233279674147674,2.493643866684502e-91
112,AT2,Fibro_myofibroblast,0.07467306286899361,20.226669332356586,2.8513634089344627e-91
569,Basal,Macro_alv,0.07450123066165415,20.18012519575673,7.318750212836446e-91
2163,Fibro_immune_recruiting,Schwann_Myelinating,0.07438514938433931,20.14868229624631,1.3818643353360172e-90
1839,Endothelia_vascular_arterial_systemic,Fibro_immune_recruiting,0.07423734476954313,20.108646506171336,3.0996209592150718e-90
818,CD8_EM,Ciliated,0.0741169408721324,20.07603273989893,5.978573245574889e-90
170,B_memory,Ciliated,0.07396576803569442,20.03508460067462,1.3618803771360906e-89
658,CD4_EM_Effector,NAF_perineurial,0.07392583476957233,20.024267889290627,1.692249953863647e-89
1174,Ciliated,Macro_int,0.07369908125937817,19.962847236455012,5.795798036201218e-89
1177,Ciliated,Megakaryocyte,0.07369294696863815,19.961185643028685,5.991757404892849e-89
1252,DC_1,NAF_perineurial,0.07349459774682175,19.90745885095844,1.7532805742484437e-88
1179,Ciliated,Macrophage_intermediate,0.0733596756569682,19.87091254641103,3.633488501709422e-88
2595,Macro_alv,Secretory_Goblet,0.07329182921882071,19.852535002795403,5.238962818124746e-88
269,B_naive,Ionocyte_n_Brush,0.07325945725981688,19.843766420320623,6.237648436373788e-88
590,Basal,NK_CD11d,0.07307611037869673,19.794103307612332,1.6732726916033836e-87
1149,Ciliated,Dividing_AT2,0.07307480280553731,19.79374912567701,1.6850746384948168e-87
1063,CD8_TRM,NAF_perineurial,0.07301461849758077,19.77744702088496,2.3283888160426224e-87
1960,Endothelia_vascular_venous_systemic,Muscle_pericyte_airway,0.07293513918712638,19.755918484762837,3.567296066263827e-87
2323,ILC,NAF_perineurial,0.07290320041963476,19.747267240738342,4.233883001711151e-87
2453,Macro_CHIT1,Secretory_Goblet,0.07273752519000032,19.702390842775973,1.028372339729075e-86
2015,Erythrocyte,NAF_perineurial,0.07264256880619832,19.676670036606165,1.7086567932891706e-86
2777,Mesothelia,Secretory_Club,0.072147264033315,19.542506986706563,2.388848073283287e-85
2107,Fibro_alveolar,NAF_endoneurial,0.07207612601579562,19.52323785400943,3.4839760185439246e-85
3026,NAF_perineurial,NK_CD11d,0.07190396945169499,19.476605858994475,8.670040080280362e-85
932,CD8_EM_EMRA,NAF_perineurial,0.07185117673183451,19.462305911372844,1.1461759906976307e-84
3078,NK_CD11d,Secretory_Goblet,0.07181650781937006,19.452915153828037,1.3766224359072514e-84
2818,Monocyte_CD14,NAF_perineurial,0.07176931303629237,19.440131517603024,1.7662951395758493e-84
2108,Fibro_alveolar,NAF_perineurial,0.07150490174978905,19.368510514601866,7.115765258184812e-84
2346,Ionocyte_n_Brush,Macro_dividing,0.07147431212241319,19.360224711741242,8.357737451833969e-84
2817,Monocyte_CD14,NAF_endoneurial,0.07137348687800311,19.332914209122453,1.4195946816238704e-83
293,B_naive,NAF_perineurial,0.07132496200842625,19.319770292780774,1.8313835710071175e-83
2402,MAIT,NAF_perineurial,0.0712713579782456,19.305250585784858,2.425970315414977e-83
1165,Ciliated,ILC,0.07121240246808305,19.28928132506938,3.304277362585819e-83
3039,NAF_perineurial,gdT,0.07118175079917569,19.280978717038394,3.8797197012285436e-83
2062,Fibro_adventitial,NAF_perineurial,0.07108284570248917,19.25418832423674,6.5099520261595584e-83
2677,Macro_CCL,NAF_endoneurial,0.07105687826986228,19.247154533831278,7.456608663511913e-83
2061,Fibro_adventitial,NAF_endoneurial,0.07103448232404361,19.24108815094761,8.382586090687675e-83
315,B_plasma_IgA,CD4_naive_CM,0.07088337981020977,19.200159059985225,1.8448022501716252e-82
2071,Fibro_adventitial,SMG_Serous,0.07085716503232764,19.19305827124735,2.114992084937598e-82
2842,Monocyte_CD16,NAF_endoneurial,0.0707894986814351,19.1747295078105,3.00903197672654e-82
931,CD8_EM_EMRA,NAF_endoneurial,0.07074718823950929,19.163268891555337,3.7505467529512117e-82
3023,NAF_endoneurial,gdT,0.07068583721704695,19.146650759167695,5.160761703370909e-82
414,B_plasma_IgG,Fibro_myofibroblast,0.07062811584383225,19.13101578874373,6.966631349814317e-82
2177,Fibro_myofibroblast,Macro_AW_CX3CR1,0.07056419101700892,19.113700490768718,9.709858834277589e-82
379,B_plasma_IgA,Schwann_nonmyelinating,0.07039507850918252,19.06789303833073,2.333674068041029e-81
1158,Ciliated,Erythrocyte,0.07037788338759567,19.063235401090417,2.5510048250161115e-81
1285,DC_2,Fibro_myofibroblast,0.07036277471704905,19.059142920194944,2.758558937915574e-81
3102,Neuroendocrine,Suprabasal,0.07031356620712825,19.045813826405766,3.5585618446643097e-81
2843,Monocyte_CD16,NAF_perineurial,0.07031326760136318,19.04573294315498,3.564063030487975e-81
237,B_naive,Basal,0.07020226020114094,19.01566440315577,6.326188449144489e-81
2208,Fibro_myofibroblast,Schwann_nonmyelinating,0.07001443775179213,18.964788994672304,1.6668118643244869e-80
1077,CD8_TRM,Suprabasal,0.07001035318099982,18.9636826082512,1.7022527692664302e-80
1856,Endothelia_vascular_arterial_systemic,Mesothelia,0.06949683707231723,18.824586659483383,2.3744984466856013e-79
2201,Fibro_myofibroblast,NK_CD56bright,0.0694734785230266,18.818259536496424,2.6756865133322618e-79
2401,MAIT,NAF_endoneurial,0.0694323389661064,18.807116077498844,3.301686635511641e-79
1955,Endothelia_vascular_venous_systemic,Mesothelia,0.06923853614888908,18.75462076862942,8.873953821704291e-79
1373,DC_activated,NAF_perineurial,0.06906533611451471,18.707706129145706,2.1421107829850731e-78
3027,NAF_perineurial,NK_CD56bright,0.06905815603208697,18.70576126244994,2.2217100090177936e-78
2014,Erythrocyte,NAF_endoneurial,0.06892310357209656,18.669179644584073,4.409853952066831e-78
727,CD4_TRM,NAF_endoneurial,0.06888421993142267,18.65864724491903,5.370808692220913e-78
3022,NAF_endoneurial,T_reg,0.0688583045016256,18.65162754050392,6.124555595150423e-78
1609,Dividing_Basal,SMG_Basal,0.06885446169985215,18.650586641981818,6.244965382337903e-78
998,CD8_TRM_EM,NAF_perineurial,0.06885159732891805,18.64981077071709,6.336250051646592e-78
2322,ILC,NAF_endoneurial,0.06882239100914808,18.641899663957766,7.346458395672674e-78
2513,Macro_AW_CX3CR1,NAF_perineurial,0.06809140054322398,18.44389650363084,2.91893133045597e-76
2678,Macro_CCL,NAF_perineurial,0.06795330281120128,18.406490013876,5.826740563131295e-76
2582,Macro_alv,NAF_perineurial,0.06795192140660955,18.40611583324355,5.867128058817089e-76
306,B_naive,Secretory_Goblet,0.06781005363502544,18.36768815404437,1.1917512923350946e-75
1469,Deuterosomal,Macro_interstitial,0.06749766492487588,18.28307152121063,5.644300085975361e-75
1331,DC_activated,Deuterosomal,0.0673781520232297,18.250699098684066,1.0213917559303423e-74
335,B_plasma_IgA,Endothelia_vascular_venous_systemic,0.0673499083173396,18.243048734847218,1.1748942887449135e-74
570,Basal,Macro_dividing,0.06715424011181675,18.190048148827202,3.0942888906881496e-74
686,CD4_TRM,Deuterosomal,0.06693540617944044,18.130772669573854,9.109061128867974e-74
2191,Fibro_myofibroblast,Muscle_pericyte_parenchyma,0.06689590757141115,18.120073693892376,1.1064921101500289e-73
1491,Deuterosomal,NK_CD16hi,0.06685998418203747,18.110343136577033,1.3204858636733893e-73
1611,Dividing_Basal,SMG_Mucous,0.06683829059692008,18.10446700191824,1.4692085633382115e-73
956,CD8_TRM_EM,Deuterosomal,0.06681786126319955,18.09893331464241,1.6244947968155067e-73
3008,NAF_endoneurial,NK_CD16hi,0.06675191039929164,18.081069224631946,2.2464245221262575e-73
865,CD8_EM,NAF_perineurial,0.06608903506135089,17.901516387852983,5.737719034910369e-72
1505,Deuterosomal,T_reg,0.06606628164265504,17.89535317640217,6.409080516702564e-72
1446,DC_plasmacytoid,Suprabasal,0.06603118752941532,17.88584724485551,7.60123476908007e-72
2864,Muscle_airway,Muscle_smooth_syst_arterial,0.06596899196025684,17.86900035036675,1.02823242125073e-71
2477,Macro_interstitial,NAF_perineurial,0.06591754769010402,17.855065656898358,1.319850537040444e-71
657,CD4_EM_Effector,NAF_endoneurial,0.06590786449958944,17.852442774093024,1.383328853725037e-71
2072,Fibro_adventitial,Schwann_Myelinating,0.06577516095126816,17.81649740520098,2.6315221298119873e-71
456,B_plasma_IgG,Suprabasal,0.06551964784349848,17.74728664910802,9.044244583855494e-71
1150,Ciliated,Dividing_Basal,0.06548287791975738,17.73732679129166,1.0798392721047752e-70
1313,DC_2,NAF_perineurial,0.06541508953295697,17.718964972026374,1.49684936220321e-70
2628,Macro_dividing,Secretory_Goblet,0.0653302116332047,17.695974121698914,2.2518733588218294e-70
616,CD4_EM_Effector,Deuterosomal,0.06531836088174617,17.69276411233433,2.3839096206366052e-70
1547,Dividing_AT2,NAF_perineurial,0.06472293433528999,17.53148110874299,4.1197489403894423e-69
1175,Ciliated,Macro_CCL,0.06459957487826233,17.49806677095568,7.410755108611494e-69
1864,Endothelia_vascular_arterial_systemic,Muscle_smooth_pulmonary,0.06448991294958956,17.46836267841693,1.2477704772993972e-68
2615,Macro_dividing,NAF_perineurial,0.06447322850793442,17.463843368891013,1.350601629473379e-68
2240,Fibro_peribronchial,NAF_perineurial,0.06446207601004471,17.46082249525361,1.4240052831744675e-68
1167,Ciliated,MAIT,0.06433107499883259,17.425338292059205,2.6497053913234007e-68
1477,Deuterosomal,Megakaryocyte,0.06431286003396819,17.42040441018725,2.88836962194588e-68
704,CD4_TRM,Ionocyte_n_Brush,0.06428966139588314,17.414120602298848,3.223595559564703e-68
1450,Deuterosomal,Dividing_Basal,0.06372824139890111,17.262048942194983,4.541499386949493e-67
974,CD8_TRM_EM,Ionocyte_n_Brush,0.06366437962480603,17.244750723292874,6.127006399360964e-67
2581,Macro_alv,NAF_endoneurial,0.06364382465201418,17.23918300420084,6.746511025982524e-67
2364,Ionocyte_n_Brush,NK_CD16hi,0.0635292090579101,17.208137113846213,1.1536776739755307e-66
885,CD8_EM_EMRA,Ciliated,0.06333840766819532,17.156454800711614,2.8121897806980845e-66
1251,DC_1,NAF_endoneurial,0.06315671853540684,17.107240721778727,6.553144346662991e-66
1372,DC_activated,NAF_endoneurial,0.06303639768613145,17.07464945072893,1.1459908249721757e-65
1938,Endothelia_vascular_venous_systemic,Fibro_immune_recruiting,0.06286068434003102,17.027054031279075,2.5872215903187583e-65
1668,Endothelia_Lymphatic,Schwann_Myelinating,0.06279654105760775,17.009679560303596,3.480874893269279e-65
2184,Fibro_myofibroblast,Megakaryocyte,0.06278904607315382,17.00764939619386,3.6035973044819573e-65
1928,Endothelia_vascular_venous_pulmonary,Schwann_Myelinating,0.06271700812887564,16.988136500615248,5.026635408950805e-65
2476,Macro_interstitial,NAF_endoneurial,0.06270348168840097,16.984472597887635,5.3505601196275575e-65
2342,Ionocyte_n_Brush,Macro_interstitial,0.06260540522043578,16.95790665549021,8.411598831342785e-65
2888,Muscle_pericyte_airway,Myoepithelial,0.06258562663438592,16.95254923603369,9.214346284869408e-65
2350,Ionocyte_n_Brush,Megakaryocyte,0.06244204811376128,16.913658166773565,1.7842605380923072e-64
2774,Mesothelia,SMG_Serous,0.06243672541301003,16.91221640847527,1.828458190212443e-64
1349,DC_activated,Ionocyte_n_Brush,0.062371454167826884,16.894536406577572,2.4678900833375693e-64
750,CD4_naive_CM,Ciliated,0.06228641530669975,16.871501956692526,3.645923063260616e-64
2378,Ionocyte_n_Brush,T_reg,0.062190300164867984,16.845467278095313,5.663535984563266e-64
2614,Macro_dividing,NAF_endoneurial,0.06206694056915577,16.812052902742565,9.957666008454318e-64
2737,Megakaryocyte,NAF_perineurial,0.0620400634035793,16.804772693255778,1.1258704801611719e-63
634,CD4_EM_Effector,Ionocyte_n_Brush,0.06181103314880161,16.74273533932239,3.19896864100498e-63
525,B_plasmablast,Schwann_Myelinating,0.06158116206394943,16.68047023000804,9.089118064302767e-63
823,CD8_EM,Deuterosomal,0.06133097237397642,16.612701426439248,2.819766741646645e-62
1180,Ciliated,Monocyte_CD14,0.06108731483913734,16.546701985701514,8.45584145425036e-62
2206,Fibro_myofibroblast,SMG_Serous,0.06098117442679079,16.517951765195626,1.3624805623960117e-61
2953,Muscle_smooth_pulmonary,NAF_perineurial,0.060974649442826837,16.51618434481715,1.402990204445235e-61
2874,Muscle_airway,SMG_Duct,0.06068044766998173,16.436494002038913,5.2404774159541576e-61
2440,Macro_CHIT1,NAF_perineurial,0.060454067547881817,16.375174488720347,1.438406178869139e-60
1181,Ciliated,Monocyte_CD16,0.06028914567759025,16.33050215296905,2.9944688956249634e-60
2439,Macro_CHIT1,NAF_endoneurial,0.060161059344496774,16.295807447730816,5.284923187492389e-60
997,CD8_TRM_EM,NAF_endoneurial,0.06011323891558565,16.28285434301334,6.531553387524351e-60
1874,Endothelia_vascular_arterial_systemic,SMG_Basal,0.06009588460424457,16.278153586093772,7.053063687870411e-60
1449,Deuterosomal,Dividing_AT2,0.060041927371385584,16.26353820719814,8.954518455644613e-60
1471,Deuterosomal,Macro_alveolar_metallothioneins,0.06003637238143817,16.26203352879747,9.17718358831568e-60
370,B_plasma_IgA,NKT,0.059989387541104736,16.249306759698346,1.1295219865865866e-59
1684,Endothelia_vascular_Cap_a,Fibro_myofibroblast,0.0598923759753199,16.22302926702356,1.7333339809758045e-59
369,B_plasma_IgA,NK_CD16hi,0.059811555596221824,16.201137476054697,2.4751438211077184e-59
864,CD8_EM,NAF_endoneurial,0.05973541954891066,16.18051452858116,3.460680560021893e-59
2911,Muscle_pericyte_parenchyma,NAF_endoneurial,0.05964313435889362,16.155517267841724,5.192191471827041e-59
292,B_naive,NAF_endoneurial,0.05962923748492966,16.15175302590999,5.518981445401363e-59
1206,Ciliated,gdT,0.05940387190524167,16.090708321379243,1.4821326137723181e-58
1546,Dividing_AT2,NAF_endoneurial,0.059321691801826795,16.068448222307268,2.122912305545386e-58
34,AT1,Fibro_myofibroblast,0.05927733393412492,16.056433020468443,2.5767390944929857e-58
2207,Fibro_myofibroblast,Schwann_Myelinating,0.0592742218874302,16.05559006134741,2.611987290407602e-58
175,B_memory,Deuterosomal,0.05913492441702109,16.017858598828695,4.794815711914383e-58
1479,Deuterosomal,Macrophage_intermediate,0.058941422670141935,15.965444840788203,1.1122502020443602e-57
2990,Myoepithelial,NAF_perineurial,0.058928357815102764,15.961905967564052,1.1771527183347326e-57
2454,Macro_CHIT1,Suprabasal,0.05863333833285095,15.881994132092947,4.222515205041294e-57
1885,Endothelia_vascular_venous_pulmonary,Endothelia_vascular_venous_systemic,0.05862713501872136,15.880313842322536,4.3371649285990006e-57
1266,DC_1,Suprabasal,0.05848236778271273,15.841100786095781,8.098029534165706e-57
1442,DC_plasmacytoid,Schwann_Myelinating,0.058450675195015594,15.832516224715713,9.282311913328906e-57
1523,Dividing_AT2,Ionocyte_n_Brush,0.058072301768986555,15.730026332398491,4.708595323612097e-56
841,CD8_EM,Ionocyte_n_Brush,0.05806175711168508,15.727170104352322,4.925837197046191e-56
3012,NAF_endoneurial,Neuroendocrine,0.058012539711269226,15.713838602397509,6.079445484546677e-56
1465,Deuterosomal,ILC,0.057953664908504385,15.697891202869766,7.817685191038894e-56
2290,Fibro_perichondrial,SMG_Mucous,0.057944858332877464,15.695505768466617,8.117179203708992e-56
1474,Deuterosomal,Macro_int,0.05791847192585095,15.68835849059574,9.08467704018316e-56
2963,Muscle_smooth_pulmonary,Schwann_Myelinating,0.057802544634360145,15.656957301177622,1.489040173297145e-55
2763,Mesothelia,Myoepithelial,0.05778322327541166,15.651723730683958,1.6167071776285686e-55
807,CD4_naive_CM,Schwann_Myelinating,0.05771786906613775,15.63402125632878,2.134925222672175e-55
1431,DC_plasmacytoid,NAF_endoneurial,0.05765642550139993,15.617378057043737,2.771946610506352e-55
343,B_plasma_IgA,ILC,0.05759884502072316,15.601781250137739,3.5395534117727546e-55
1962,Endothelia_vascular_venous_systemic,Muscle_perivascular_immune_recruiting,0.05742655309195729,15.55511258893798,7.344835060853603e-55
1827,Endothelia_vascular_arterial_pulmonary,Schwann_Myelinating,0.05739351335821915,15.546163126528452,8.446380806295846e-55
452,B_plasma_IgG,Schwann_Myelinating,0.05732383552583287,15.527289513724526,1.1338194962207125e-54
533,Basal,CD4_TRM,0.05731033009900853,15.523631302957847,1.2003595482792804e-54
3140,Schwann_Myelinating,Secretory_Club,0.057216881506833725,15.498318911837503,1.780438378720088e-54
1458,Deuterosomal,Erythrocyte,0.05695396376176373,15.427102463940228,5.379669265257845e-54
543,Basal,DC_activated,0.05694505318862995,15.424688859764716,5.584607093854522e-54
2596,Macro_alv,Suprabasal,0.056640742086534655,15.342260206114267,1.995275222645514e-53
2775,Mesothelia,Schwann_Myelinating,0.05662134059788918,15.337004930914482,2.1635182808808258e-53
473,B_plasmablast,Deuterosomal,0.056614776273482235,15.335226854402439,2.2235821858726608e-53
158,B_memory,B_plasma_IgA,0.05639629304371626,15.276046369856163,5.522047645701935e-53
3010,NAF_endoneurial,NK_CD11d,0.056311274106461515,15.253017316744238,7.859888657908469e-53
741,CD4_TRM,Secretory_Goblet,0.05626394275349645,15.240196687876274,9.564681758020786e-53
738,CD4_TRM,Schwann_Myelinating,0.05623187933194353,15.231511678844937,1.0924042463615865e-52
537,Basal,CD8_TRM_EM,0.05615172387242305,15.209799994435418,1.5223595683540091e-52
3079,NK_CD11d,Suprabasal,0.056063674804689996,15.18595017082254,2.190837964004867e-52
2033,Fibro_adventitial,Fibro_immune_recruiting,0.05601150879316165,15.171819979492062,2.7174329140491043e-52
1386,DC_activated,Secretory_Goblet,0.055880470415192486,15.13632565477579,4.664093505723022e-52
139,AT2,NAF_endoneurial,0.055870343461524745,15.133582569983073,4.8626796410726025e-52
2867,Muscle_airway,NAF_perineurial,0.05585555592838187,15.129577075476348,5.167874901965017e-52
602,Basal,T_reg,0.05566091488185269,15.076854715693722,1.1498304531344672e-51
3035,NAF_perineurial,Secretory_Club,0.055470994716861316,15.025411099626085,2.5024934082746383e-51
3098,Neuroendocrine,Schwann_Myelinating,0.05537705950551467,14.999966898121896,3.67279742263516e-51
3048,NK_CD16hi,Schwann_Myelinating,0.05537427727967897,14.999213277474443,3.7147352806411525e-51
140,AT2,NAF_perineurial,0.05530969937480455,14.981721080450694,4.834029334016059e-51
1192,Ciliated,NKT,0.05527049974989965,14.9711030902352,5.671210250378956e-51
227,B_memory,Schwann_Myelinating,0.05522932528042049,14.959950174483621,6.706321104992334e-51
532,Basal,CD4_EM_Effector,0.05521849495580713,14.95701656782146,7.008524810498176e-51
2747,Megakaryocyte,Schwann_Myelinating,0.05517254776689308,14.944570867039824,8.448809133167333e-51
193,B_memory,Ionocyte_n_Brush,0.055019514212191735,14.90311871563779,1.5727395914615996e-50
1011,CD8_TRM_EM,Secretory_Goblet,0.05493291230372235,14.879660883604913,2.233791009947882e-50
2352,Ionocyte_n_Brush,Macrophage_intermediate,0.05489902928641716,14.870483001237654,2.5621156670671817e-50
2960,Muscle_smooth_pulmonary,SMG_Duct,0.05482543337975296,14.850548100871729,3.4501090233477863e-50
3155,Secretory_Goblet,T_reg,0.054819915287845564,14.84905341703169,3.5278949066713016e-50
671,CD4_EM_Effector,Secretory_Goblet,0.05481496040683713,14.84771128995282,3.5992279070619717e-50
314,B_plasma_IgA,CD4_TRM,0.05464481961965635,14.801625307805683,7.149266910336126e-50
2299,ILC,Ionocyte_n_Brush,0.05461566358541065,14.793727821870691,8.039791859934143e-50
358,B_plasma_IgA,Monocyte_CD14,0.05458465184994317,14.785327682722471,9.108428431864434e-50
2344,Ionocyte_n_Brush,Macro_alveolar_metallothioneins,0.054393078726008876,14.733436330179673,1.965965849163971e-49
2523,Macro_AW_CX3CR1,Schwann_Myelinating,0.05431818827022283,14.713150775695436,2.6538706130148783e-49
3051,NK_CD16hi,Secretory_Goblet,0.054121597536724256,14.659900304809339,5.8221902692383966e-49
1737,Endothelia_vascular_Cap_g,Fibro_myofibroblast,0.05405117238252661,14.64082426517862,7.709379036497482e-49
1711,Endothelia_vascular_Cap_a,NAF_endoneurial,0.05401663600849049,14.631469408276706,8.846218079411843e-49
566,Basal,Macro_interstitial,0.05390334057276514,14.600781108811846,1.3882297528396412e-48
2985,Muscle_smooth_syst_arterial,Secretory_Goblet,0.05389177343964876,14.597647923059457,1.4535139993078108e-48
2912,Muscle_pericyte_parenchyma,NAF_perineurial,0.05381101781199148,14.575773671293241,2.002794154606629e-48
1062,CD8_TRM,NAF_endoneurial,0.05371397596158399,14.549487975432127,2.942090971561917e-48
357,B_plasma_IgA,Macrophage_intermediate,0.05365634415618684,14.533877266215072,3.695774410274717e-48
3075,NK_CD11d,Schwann_Myelinating,0.05352591079860419,14.498546823182865,6.187094620879506e-48
588,Basal,NK_CD16hi,0.053436186813917076,14.474243315335174,8.812735435598315e-48
3016,NAF_endoneurial,SMG_Serous,0.05340364167464674,14.46542782357543,1.0017766305804538e-47
359,B_plasma_IgA,Monocyte_CD16,0.05337854555443058,14.458630045291873,1.1057793413876667e-47
317,B_plasma_IgA,CD8_EM_EMRA,0.05332927883329101,14.44528518384796,1.342219385443169e-47
332,B_plasma_IgA,Endothelia_vascular_arterial_pulmonary,0.05322401668721889,14.416772859054877,2.0294075833252033e-47
1991,Erythrocyte,Ionocyte_n_Brush,0.05321875876588906,14.415348647538327,2.071707826495095e-47
3087,NK_CD56bright,Schwann_Myelinating,0.053153891892522245,14.39777817770885,2.6716907950176213e-47
2347,Ionocyte_n_Brush,Macro_int,0.05300027526647611,14.356168089952858,4.87346660104598e-47
2490,Macro_interstitial,Secretory_Goblet,0.052930749505699565,14.3373356687386,6.393550779042342e-47
2170,Fibro_myofibroblast,Fibro_peribronchial,0.05291920303391258,14.334208079514083,6.688183353467694e-47
349,B_plasma_IgA,Macro_alveolar_metallothioneins,0.05287658422869487,14.322663936989876,7.897528122651342e-47
2982,Muscle_smooth_syst_arterial,Schwann_Myelinating,0.052615367000453966,14.251908107557608,2.1809891057235084e-46
2162,Fibro_immune_recruiting,SMG_Serous,0.0524527373643219,14.207856668560712,4.094690531294146e-46
2055,Fibro_adventitial,Muscle_pericyte_airway,0.05223816188356904,14.149734674775164,9.373161433939363e-46
2750,Megakaryocyte,Secretory_Goblet,0.05219226141567434,14.137301629301518,1.1184936631675924e-45
384,B_plasma_IgA,gdT,0.05202377405761091,14.091663510985544,2.136871864736473e-45
1712,Endothelia_vascular_Cap_a,NAF_perineurial,0.05195571657881025,14.07322880285378,2.7738742080829437e-45
1467,Deuterosomal,MAIT,0.051916039085337685,14.062481372527877,3.229071726694632e-45
3125,SMG_Mucous,Schwann_Myelinating,0.05190510620871639,14.059519987635197,3.3670711485944515e-45
1073,CD8_TRM,Schwann_Myelinating,0.051817627198963816,14.035824575450329,4.7047788289761855e-45
307,B_naive,Suprabasal,0.0517566832360859,14.019316703165812,5.937625209353527e-45
528,B_plasmablast,Secretory_Goblet,0.051589870034899954,13.974132063202946,1.121152531814848e-44
1475,Deuterosomal,Macro_CCL,0.05153496301912312,13.959259416903532,1.381449272003068e-44
2060,Fibro_adventitial,Myoepithelial,0.051404378038515906,13.923887903789783,2.267730082666242e-44
1187,Ciliated,Muscle_smooth_syst_arterial,0.05139498142426526,13.921342645808,2.3499569070172047e-44
2802,Macrophage_intermediate,Schwann_Myelinating,0.0511574715151703,13.85700841054501,5.769189660995133e-44
668,CD4_EM_Effector,Schwann_Myelinating,0.05106526334350011,13.832032011741251,8.167015982890172e-44
3105,SMG_Basal,SMG_Duct,0.05099250387582969,13.812323677345624,1.0739483571394607e-43
574,Basal,Megakaryocyte,0.05095164311100746,13.801255734676975,1.2522577219495497e-43
331,B_plasma_IgA,Endothelia_vascular_Cap_g,0.05081043306864501,13.763006214387653,2.1273026518235343e-43
3062,NKT,Schwann_Myelinating,0.0507872670905917,13.756731253111898,2.3201893501406035e-43
890,CD8_EM_EMRA,Deuterosomal,0.05069892392904787,13.732801768399897,3.2293374960351072e-43
2054,Fibro_adventitial,Muscle_airway,0.050606344438022824,13.707724790437886,4.563767816301069e-43
2877,Muscle_airway,Schwann_Myelinating,0.05054287161572836,13.69053192678913,5.78297239209975e-43
2333,ILC,Schwann_Myelinating,0.050535018868557824,13.688404855603533,5.954754900702646e-43
1764,Endothelia_vascular_Cap_g,NAF_endoneurial,0.05051051014605839,13.681766185556956,6.5242164775595566e-43
450,B_plasma_IgG,SMG_Mucous,0.05041055246009308,13.65469067822448,9.464569815514109e-43
459,B_plasmablast,Basal,0.05031802427635586,13.629627597851579,1.3346948883908774e-42
352,B_plasma_IgA,Macro_int,0.05028323867678853,13.620205233307479,1.5185652027938763e-42
1976,Endothelia_vascular_venous_systemic,SMG_Serous,0.05020902065294221,13.600101820253776,1.9993818087927577e-42
362,B_plasma_IgA,Muscle_pericyte_parenchyma,0.05020358687442006,13.598629974354196,2.040023438296332e-42
1487,Deuterosomal,Muscle_smooth_syst_arterial,0.05008181396641545,13.565645384607691,3.200686832353205e-42
3143,Schwann_Myelinating,T_reg,0.049965340820608765,13.534096339800675,4.9192425798994496e-42
2979,Muscle_smooth_syst_arterial,SMG_Duct,0.049898110748196965,13.515885750980317,6.301481270717596e-42
61,AT1,NAF_endoneurial,0.049702382711411,13.462868958484655,1.2933701939816384e-41
2151,Fibro_immune_recruiting,Myoepithelial,0.049473510853052835,13.400874509340198,2.987743837389947e-41
535,Basal,CD8_EM,0.04937522092637989,13.374250747448936,4.275550688455746e-41
338,B_plasma_IgA,Fibro_alveolar,0.04927066943955727,13.345930918705909,6.254899120994711e-41
3132,SMG_Serous,Schwann_Myelinating,0.049262678041418116,13.34376629117553,6.439250022186434e-41
1480,Deuterosomal,Monocyte_CD14,0.04922610407760588,13.333859512964201,7.354345170035827e-41
2629,Macro_dividing,Suprabasal,0.04920771200885011,13.328877659016232,7.86227379746627e-41
2340,Ionocyte_n_Brush,MAIT,0.04914346719435315,13.311475686079506,9.926076807576485e-41
568,Basal,Macro_alveolar_metallothioneins,0.04912627253051025,13.306818172828155,1.0564496023907322e-40
442,B_plasma_IgG,NAF_perineurial,0.04905909481582803,13.288621766129738,1.34748232150249e-40
303,B_naive,Schwann_Myelinating,0.04900194375029127,13.27314127476926,1.6569610651748933e-40
2025,Erythrocyte,Schwann_Myelinating,0.048920304495541474,13.25102767520711,2.2253331922870837e-40
3030,NAF_perineurial,SMG_Duct,0.0488874424977365,13.24212635607456,2.5054871456557255e-40
2561,Macro_alveolar_metallothioneins,Secretory_Goblet,0.04884466109249459,13.230538170132332,2.923361133252284e-40
1560,Dividing_AT2,Secretory_Goblet,0.04879224136927408,13.216339255994644,3.530905390277605e-40
546,Basal,Dividing_AT2,0.048704004725138916,13.192438623620024,4.8497998188990495e-40
1939,Endothelia_vascular_venous_systemic,Fibro_myofibroblast,0.048642708318211166,13.175835284925261,6.044104735274713e-40
62,AT1,NAF_perineurial,0.04857339301242981,13.157059869590144,7.750046963623601e-40
878,CD8_EM,Secretory_Goblet,0.04851213644119887,13.140467321178198,9.651546064419316e-40
1262,DC_1,Schwann_Myelinating,0.04850715749356327,13.139118675179505,9.825101888991924e-40
345,B_plasma_IgA,MAIT,0.04848711537475767,13.13368987268734,1.0555679747935725e-39
1481,Deuterosomal,Monocyte_CD16,0.0484257902158256,13.117078745946104,1.314370309022822e-39
2716,Mast_cell,SMG_Mucous,0.04824357320618614,13.067721681174646,2.517552737634553e-39
2348,Ionocyte_n_Brush,Macro_CCL,0.04814769954426135,13.041752412164788,3.540527916632026e-39
2360,Ionocyte_n_Brush,Muscle_smooth_syst_arterial,0.04803470200407202,13.01114480357119,5.2872963381024744e-39
1965,Endothelia_vascular_venous_systemic,Myoepithelial,0.04802659051250725,13.00894764637194,5.44152354630537e-39
2050,Fibro_adventitial,Mesothelia,0.047880888817699974,12.969481473580807,9.112955297100167e-39
908,CD8_EM_EMRA,Ionocyte_n_Brush,0.04777073267102247,12.939643512364707,1.3443710916946335e-38
93,AT2,Ciliated,0.04775466628544055,12.93529161549526,1.4227068841678563e-38
383,B_plasma_IgA,T_reg,0.04770026260244051,12.920555306788668,1.7232254858774998e-38
491,B_plasmablast,Ionocyte_n_Brush,0.04768298032153755,12.91587406073149,1.8313058947759463e-38
2521,Macro_AW_CX3CR1,SMG_Mucous,0.04764346148163389,12.905169604848487,2.1044389325802975e-38
2250,Fibro_peribronchial,Schwann_Myelinating,0.047596121875885064,12.892346740551552,2.485392083268973e-38
330,B_plasma_IgA,Endothelia_vascular_Cap_a,0.04758087777394977,12.888217575397917,2.622093692846216e-38
2558,Macro_alveolar_metallothioneins,Schwann_Myelinating,0.04750354161328628,12.867269553593603,3.4395615405287365e-38
1506,Deuterosomal,gdT,0.04745559479289414,12.854282213254946,4.0688860382369453e-38
1610,Dividing_Basal,SMG_Duct,0.047435608112500575,12.84886842734822,4.3638785609597573e-38
755,CD4_naive_CM,Deuterosomal,0.04726683264361512,12.803152268543423,7.871427483884255e-38
942,CD8_EM_EMRA,Schwann_Myelinating,0.047253292609641805,12.799484683749055,8.252139136529516e-38
2980,Muscle_smooth_syst_arterial,SMG_Mucous,0.0470285463063612,12.738607722426314,1.8038781615417963e-37
3144,Schwann_Myelinating,gdT,0.04700417347363933,12.732005860801555,1.963105780854257e-37
230,B_memory,Secretory_Goblet,0.04685627479819898,12.691944592549124,3.276904616122512e-37
2412,MAIT,Schwann_Myelinating,0.04684001330370068,12.687539846588132,3.4664717178771955e-37
3108,SMG_Basal,Schwann_Myelinating,0.046719001325770594,12.65476136973443,5.264751226993951e-37
1008,CD8_TRM_EM,Schwann_Myelinating,0.046639755150284325,12.633295982808669,6.917953089132545e-37
1323,DC_2,Schwann_Myelinating,0.04659911929447351,12.622288961174045,7.95638984818959e-37
373,B_plasma_IgA,Neuroendocrine,0.0464988192830436,12.595120728249361,1.1230800176728878e-36
2657,Macro_int,Schwann_Myelinating,0.046461603542345416,12.585040112132388,1.276065576270918e-36
2718,Mast_cell,Schwann_Myelinating,0.04615788563843093,12.502772137888819,3.6046364355871704e-36
1154,Ciliated,Endothelia_vascular_arterial_pulmonary,0.04613495024108046,12.496559633936384,3.8976195123445135e-36
1557,Dividing_AT2,Schwann_Myelinating,0.046037000301414575,12.470027964220062,5.4393933963644455e-36
571,Basal,Macro_int,0.04584082448180173,12.416889880929245,1.058148752573648e-35
81,AT2,B_plasma_IgA,0.045818954645728965,12.410966005228945,1.1394328996664933e-35
2736,Megakaryocyte,NAF_endoneurial,0.04575083959185292,12.392515701754403,1.434498826384154e-35
2805,Macrophage_intermediate,Secretory_Goblet,0.045744559454709656,12.390814602958155,1.4652568190380007e-35
353,B_plasma_IgA,Macro_CCL,0.04571491784480883,12.382785589296365,1.619511113924106e-35
161,B_memory,Basal,0.04568574760453285,12.374884255378369,1.787045777557059e-35
2353,Ionocyte_n_Brush,Monocyte_CD14,0.045625460078859204,12.358554192035363,2.1898146735847238e-35
1627,Endothelia_Lymphatic,Fibro_adventitial,0.045597505821240183,12.350982230961751,2.40601496793279e-35
2986,Muscle_smooth_syst_arterial,Suprabasal,0.04552442330237166,12.33118639178849,3.0767000641629296e-35
1321,DC_2,SMG_Mucous,0.04548676967794777,12.320987166242823,3.491708137501462e-35
1765,Endothelia_vascular_Cap_g,NAF_perineurial,0.04537770589992314,12.291445094584239,5.034489098474e-35
2972,Muscle_smooth_syst_arterial,NAF_perineurial,0.045371701863894595,12.289818783211127,5.136803866150264e-35
2354,Ionocyte_n_Brush,Monocyte_CD16,0.04536797867519898,12.288810284246242,5.201285683144052e-35
2828,Monocyte_CD14,Schwann_Myelinating,0.04533388628542836,12.27957568922434,5.830410950846692e-35
2660,Macro_int,Secretory_Goblet,0.04532295801626728,12.276615552352977,6.047653369428037e-35
313,B_plasma_IgA,CD4_EM_Effector,0.04522900180835159,12.251165663514657,8.279921155347516e-35
2853,Monocyte_CD16,Schwann_Myelinating,0.045222224406925554,12.249329870896673,8.469489915237231e-35
2336,ILC,Secretory_Goblet,0.04493632592427559,12.171888637753089,2.194051035524729e-34
2707,Mast_cell,NAF_endoneurial,0.044913176200144685,12.165618079172244,2.369225403906883e-34
1383,DC_activated,Schwann_Myelinating,0.044789376350121604,12.132084452271132,3.5704161225368817e-34
2931,Muscle_perivascular_immune_recruiting,Myoepithelial,0.044608132316890106,12.082990937316913,6.4953400481020855e-34
576,Basal,Macrophage_intermediate,0.0445115406179179,12.056827173835174,8.92644437710213e-34
2379,Ionocyte_n_Brush,gdT,0.044496274032518886,12.052691918592709,9.385877160849621e-34
562,Basal,ILC,0.04444755107540244,12.039494346340746,1.1015091630225717e-33
3011,NAF_endoneurial,NK_CD56bright,0.04424423757317198,11.98442288117755,2.1441016206015608e-33
327,B_plasma_IgA,Dividing_AT2,0.04422321506713731,11.978728521501335,2.29657044503495e-33
318,B_plasma_IgA,CD8_TRM_EM,0.044169692540681336,11.964230891393987,2.7351045428876543e-33
2118,Fibro_alveolar,Schwann_Myelinating,0.044093790216491395,11.943671252429656,3.5030541788373585e-33
2512,Macro_AW_CX3CR1,NAF_endoneurial,0.04396681077576255,11.90927637078223,5.294611387945921e-33
875,CD8_EM,Schwann_Myelinating,0.04372363814765584,11.843408276580393,1.1639817929140787e-32
347,B_plasma_IgA,Macro_interstitial,0.04353088586017992,11.791197524375535,2.1666756330704204e-32
2028,Erythrocyte,Secretory_Goblet,0.04352730549760632,11.790227712677932,2.1917710308175687e-32
316,B_plasma_IgA,CD8_EM,0.04345495828363352,11.770631045313259,2.765461154541594e-32
1492,Deuterosomal,NKT,0.043242824456704805,11.713170421540237,5.456073813882951e-32
1936,Endothelia_vascular_venous_systemic,Fibro_adventitial,0.04323503177652411,11.711059620681509,5.593633515704532e-32
555,Basal,Erythrocyte,0.04321062955756268,11.70444979921517,6.047057939576383e-32
3085,NK_CD56bright,SMG_Mucous,0.04314916273831652,11.687800300988682,7.357424153608e-32
2688,Macro_CCL,Schwann_Myelinating,0.04285557248767512,11.608275601039711,1.8704176161423963e-31
773,CD4_naive_CM,Ionocyte_n_Brush,0.042730217661479025,11.574320778225871,2.780496419313941e-31
2487,Macro_interstitial,Schwann_Myelinating,0.04268255957242942,11.561411646456232,3.2318684867159203e-31
371,B_plasma_IgA,NK_CD11d,0.04264939685713592,11.552428872071022,3.588160566013627e-31
2989,Myoepithelial,NAF_endoneurial,0.04264810220031643,11.552078188780683,3.602834129070202e-31
2625,Macro_dividing,Schwann_Myelinating,0.04235338206133902,11.472247436329287,9.0936739730455e-31
2899,Muscle_pericyte_airway,SMG_Serous,0.04230944348503189,11.460345807820248,1.0433996326596582e-30
2592,Macro_alv,Schwann_Myelinating,0.042299461480233155,11.457641985282631,1.0764836370822124e-30
1312,DC_2,NAF_endoneurial,0.04226559486067817,11.448468544568874,1.1966822666199027e-30
1967,Endothelia_vascular_venous_systemic,NAF_perineurial,0.04205571996988299,11.391619798124308,2.3017565918410532e-30
234,B_naive,B_plasma_IgA,0.04134243262622452,11.198411877023679,2.075540822030125e-29
322,B_plasma_IgA,DC_1,0.04109800163294402,11.132202929838293,4.372362030028948e-29
441,B_plasma_IgG,NAF_endoneurial,0.04076848065071635,11.042945683791139,1.185647375964993e-28
2365,Ionocyte_n_Brush,NKT,0.0406513371280961,11.01121505422497,1.6871102672320782e-28
2058,Fibro_adventitial,Muscle_smooth_pulmonary,0.04036514248444062,10.933693600041861,3.9771685011526305e-28
1160,Ciliated,Fibro_alveolar,0.03978568282568557,10.776735542359923,2.216705955781309e-27
1012,CD8_TRM_EM,Suprabasal,0.03970645513324635,10.755275161931372,2.798336709924652e-27
572,Basal,Macro_CCL,0.039698519199652144,10.753125558065046,2.8643431251349035e-27
1916,Endothelia_vascular_venous_pulmonary,Myoepithelial,0.03965870169574638,10.742340203156616,3.2195577172782047e-27
1387,DC_activated,Suprabasal,0.039596647202525564,10.725531521863248,3.86208490310567e-27
1793,Endothelia_vascular_arterial_pulmonary,Ionocyte_n_Brush,0.03959397750834649,10.724808382630654,3.892412943518495e-27
742,CD4_TRM,Suprabasal,0.039371271597552576,10.664484101786666,7.461243898003299e-27
584,Basal,Muscle_smooth_syst_arterial,0.03931543988833186,10.649360984061484,8.778303530292716e-27
324,B_plasma_IgA,DC_activated,0.0392598004905524,10.63428995767663,1.0319740720171427e-26
2450,Macro_CHIT1,Schwann_Myelinating,0.03920872782703369,10.620455921181728,1.1969452083708828e-26
98,AT2,Deuterosomal,0.03912834385758912,10.598682340360087,1.5110401866135643e-26
2127,Fibro_immune_recruiting,Fibro_perichondrial,0.0390381192083727,10.57424321766694,1.9616602826915022e-26
2195,Fibro_myofibroblast,Myoepithelial,0.03901483601452306,10.567936506184862,2.09812981236719e-26
1625,Endothelia_Lymphatic,Endothelia_vascular_venous_systemic,0.03894115055290619,10.54797734809674,2.5951187117333066e-26
2415,MAIT,Secretory_Goblet,0.038850052043525166,10.523301523172385,3.373360975031354e-26
564,Basal,MAIT,0.0388093258878952,10.512270042053812,3.7922784296921044e-26
336,B_plasma_IgA,Erythrocyte,0.03851520391821117,10.432601315533013,8.800137298208892e-26
1454,Deuterosomal,Endothelia_vascular_arterial_pulmonary,0.03848813063113927,10.42526798267771,9.506131117117883e-26
3115,SMG_Duct,SMG_Mucous,0.038419346725958085,10.406636507658012,1.1562403068979257e-25
2691,Macro_CCL,Secretory_Goblet,0.03838066737921516,10.39615944502656,1.290641246208459e-25
3157,Suprabasal,T_reg,0.03818996607264824,10.344504241383119,2.2160210203054192e-25
325,B_plasma_IgA,DC_plasmacytoid,0.03811802173454393,10.325016700879736,2.7154676559784373e-25
2751,Megakaryocyte,Suprabasal,0.037789944001646356,10.23615038733009,6.8281212039512565e-25
672,CD4_EM_Effector,Suprabasal,0.03764494568626278,10.19687473870486,1.0237768589904981e-24
2491,Macro_interstitial,Suprabasal,0.037626876946189734,10.191980464696694,1.076660566986095e-24
945,CD8_EM_EMRA,Secretory_Goblet,0.03758201132980473,10.179827729129869,1.2199646865071563e-24
319,B_plasma_IgA,CD8_TRM,0.037407482270411914,10.13255309705245,1.9808393701277345e-24
3052,NK_CD16hi,Suprabasal,0.037357271002165564,10.118952386427267,2.2763113073030626e-24
2970,Muscle_smooth_syst_arterial,Myoepithelial,0.037191246329201046,10.07398133485868,3.6001509454529765e-24
536,Basal,CD8_EM_EMRA,0.037009083821045355,10.02463903288719,5.93964371952423e-24
2951,Muscle_smooth_pulmonary,Myoepithelial,0.03689901403614357,9.99482446445844,8.028573414796967e-24
3014,NAF_endoneurial,SMG_Duct,0.03683417318185075,9.977261042407447,9.584249849593683e-24
348,B_plasma_IgA,Macro_AW_CX3CR1,0.03679339907675904,9.966216573233073,1.0711736572179887e-23
2942,Muscle_perivascular_immune_recruiting,SMG_Serous,0.036755079288850315,9.955836904191298,1.1890671528836582e-23
2966,Muscle_smooth_pulmonary,Secretory_Goblet,0.03664183050423747,9.925161241098785,1.617896598820841e-23
116,AT2,Ionocyte_n_Brush,0.03662468833007993,9.920517945712193,1.694962251240548e-23
2961,Muscle_smooth_pulmonary,SMG_Mucous,0.036619086957715145,9.919000703720544,1.7209236202437027e-23
448,B_plasma_IgG,SMG_Basal,0.03659060399739593,9.91128553311084,1.8591533498206847e-23
1722,Endothelia_vascular_Cap_a,Schwann_Myelinating,0.03638022497474441,9.854300232627022,3.2836276362616405e-23
3096,Neuroendocrine,SMG_Mucous,0.03611147677324535,9.781504490808802,6.759294250811071e-23
1732,Endothelia_vascular_Cap_g,Endothelia_vascular_venous_systemic,0.03578706424278375,9.693630969503912,1.6045622332483052e-22
1784,Endothelia_vascular_arterial_pulmonary,Endothelia_vascular_venous_systemic,0.03570523023021309,9.67146461595135,1.993158638802058e-22
3141,Schwann_Myelinating,Secretory_Goblet,0.03553455904436184,9.625234964881182,3.128188656931512e-22
2373,Ionocyte_n_Brush,Schwann_Myelinating,0.035396190598244406,9.587755146883634,4.501114468744919e-22
1152,Ciliated,Endothelia_vascular_Cap_a,0.03538695211399047,9.585252721524915,4.611578371475457e-22
578,Basal,Monocyte_CD16,0.035296401506536824,9.560725306625354,5.846714689009789e-22
810,CD4_naive_CM,Secretory_Goblet,0.03511231157998057,9.510860925430709,9.454552479335715e-22
1968,Endothelia_vascular_venous_systemic,NK_CD16hi,0.03507769852392402,9.501485297693751,1.03458789068989e-21
482,B_plasmablast,Endothelia_vascular_venous_systemic,0.03492039645230833,9.458876934441701,1.5563413539667818e-21
2068,Fibro_adventitial,SMG_Basal,0.03489090321894277,9.450888111485906,1.6798393762297576e-21
2204,Fibro_myofibroblast,SMG_Duct,0.03486983569619899,9.445181558147684,1.77394353903276e-21
2856,Monocyte_CD16,Secretory_Goblet,0.034796890829621244,9.425423004807648,2.141876872311184e-21
2831,Monocyte_CD14,Secretory_Goblet,0.03474874174391357,9.41238087692583,2.4251177943410833e-21
577,Basal,Monocyte_CD14,0.03468120184615515,9.394086365810123,2.8858269869175706e-21
1200,Ciliated,Schwann_Myelinating,0.03449692671338458,9.344171817865764,4.6305697762282236e-21
2275,Fibro_perichondrial,Muscle_pericyte_airway,0.03442416446746909,9.32446273092776,5.5773645374138235e-21
150,AT2,Schwann_Myelinating,0.03438188057180072,9.313009305249098,6.213038592864046e-21
764,CD4_naive_CM,Endothelia_vascular_venous_systemic,0.03417107075548661,9.255907315819776,1.0620927602698552e-20
3156,Secretory_Goblet,gdT,0.03404198991494828,9.220943228659028,1.47249039600999e-20
1612,Dividing_Basal,SMG_Serous,0.03401334014238946,9.213182873669824,1.58297502618662e-20
879,CD8_EM,Suprabasal,0.03362464668787538,9.107897598444131,4.19968936907023e-20
1679,Endothelia_vascular_Cap_a,Endothelia_vascular_venous_systemic,0.033576323730749785,9.094808374065376,4.7376706026994894e-20
1954,Endothelia_vascular_venous_systemic,Megakaryocyte,0.03347955917620809,9.06859778924925,6.027921958906701e-20
2922,Muscle_pericyte_parenchyma,Schwann_Myelinating,0.03345433270203556,9.061764702030045,6.417842243999545e-20
1942,Endothelia_vascular_venous_systemic,ILC,0.03340030119113552,9.047129203464516,7.338815646224996e-20
1977,Endothelia_vascular_venous_systemic,Schwann_Myelinating,0.03338127337442585,9.041975144665852,7.693303920400083e-20
1957,Endothelia_vascular_venous_systemic,Monocyte_CD14,0.03336859695330407,9.038541486416186,7.938803200588962e-20
2998,Myoepithelial,SMG_Mucous,0.03328704845982811,9.016452471332075,9.713932994201628e-20
2866,Muscle_airway,NAF_endoneurial,0.033279138135838014,9.014309804331255,9.905700066035374e-20
1974,Endothelia_vascular_venous_systemic,SMG_Duct,0.033188219869077405,8.989682801669478,1.239724879858404e-19
1688,Endothelia_vascular_Cap_a,Ionocyte_n_Brush,0.03318637237828456,8.989182372412586,1.24538214685551e-19
372,B_plasma_IgA,NK_CD56bright,0.0331083067836661,8.968036769059584,1.5092314565647835e-19
15,AT1,Ciliated,0.03305222808304192,8.952846748849705,1.7321532013646087e-19
603,Basal,gdT,0.0329529826714824,8.925964175064166,2.2091674929577247e-19
1561,Dividing_AT2,Suprabasal,0.0329242023861571,8.918168468122467,2.370314451041812e-19
1775,Endothelia_vascular_Cap_g,Schwann_Myelinating,0.032795970192334205,8.883434253633785,3.241364965561257e-19
1186,Ciliated,Muscle_smooth_pulmonary,0.03258835650520033,8.82719799872222,5.366534798575476e-19
1961,Endothelia_vascular_venous_systemic,Muscle_pericyte_parenchyma,0.032462188980839975,8.793023040609196,7.279430076336049e-19
374,B_plasma_IgA,SMG_Basal,0.03242458391193667,8.782836967282298,7.970107096887353e-19
184,B_memory,Endothelia_vascular_venous_systemic,0.03212757158511622,8.702385330622224,1.624899736743095e-18
1946,Endothelia_vascular_venous_systemic,Macro_interstitial,0.0320267561354717,8.675077481108538,2.0663450297588735e-18
534,Basal,CD4_naive_CM,0.03184080350309774,8.624708549367945,3.212804232203758e-18
2562,Macro_alveolar_metallothioneins,Suprabasal,0.031668618181152505,8.578068764724563,4.823963407568741e-18
2288,Fibro_perichondrial,SMG_Basal,0.031526723435978024,8.539633779197338,6.732394593030931e-18
1958,Endothelia_vascular_venous_systemic,Monocyte_CD16,0.031461375299455294,8.521932949766384,7.845611318959868e-18
1486,Deuterosomal,Muscle_smooth_pulmonary,0.031337361212402166,8.488341292547524,1.0480361795717338e-17
1969,Endothelia_vascular_venous_systemic,NKT,0.0313279152671476,8.48578267229204,1.0713578975026752e-17
2865,Muscle_airway,Myoepithelial,0.03130864093434326,8.480561839755424,1.1205454088793264e-17
695,CD4_TRM,Endothelia_vascular_venous_systemic,0.03129793623820082,8.477662262038137,1.1488189778347281e-17
1184,Ciliated,Muscle_pericyte_parenchyma,0.031242157783018726,8.462553569217846,1.3079275828281678e-17
3029,NAF_perineurial,SMG_Basal,0.031196956967426245,8.450310038345865,1.45265132493747e-17
2359,Ionocyte_n_Brush,Muscle_smooth_pulmonary,0.031075405502313906,8.41738543076677,1.924897312830857e-17
1452,Deuterosomal,Endothelia_vascular_Cap_a,0.031072126996603482,8.416497382943884,1.9395383644330955e-17
1071,CD8_TRM,SMG_Mucous,0.031009727742391656,8.399595316348028,2.2400996542955324e-17
38,AT1,Ionocyte_n_Brush,0.030964636267871957,8.38738140265845,2.485451196348182e-17
351,B_plasma_IgA,Macro_dividing,0.030512257350960647,8.264845666025447,6.993779330134999e-17
1956,Endothelia_vascular_venous_systemic,Macrophage_intermediate,0.030504785362738384,8.262821730897834,7.113431569995975e-17
1440,DC_plasmacytoid,SMG_Mucous,0.03041584884717694,8.238731524567482,8.702299912050017e-17
355,B_plasma_IgA,Megakaryocyte,0.03035374273033442,8.22190885999975,1.0014468814014011e-16
3065,NKT,Secretory_Goblet,0.030144839254256844,8.165323240357845,1.602878163901532e-16
529,B_plasmablast,Suprabasal,0.03011297262177393,8.156691535520741,1.7216314177000446e-16
2084,Fibro_alveolar,Ionocyte_n_Brush,0.02981122944993473,8.074958456340696,3.374981154026349e-16
72,AT1,Schwann_Myelinating,0.0297814314772283,8.066887088734347,3.605659151684733e-16
1983,Endothelia_vascular_venous_systemic,gdT,0.029729269636571663,8.052758027166592,4.0474421738044214e-16
899,CD8_EM_EMRA,Endothelia_vascular_venous_systemic,0.02970164464812562,8.045275255131534,4.3025893742686545e-16
2292,Fibro_perichondrial,Schwann_Myelinating,0.029593736997744802,8.016046343408528,5.460165855192114e-16
1460,Deuterosomal,Fibro_alveolar,0.029419787421662184,7.968928675795248,8.002789811404572e-16
20,AT1,Deuterosomal,0.029414973734169347,7.967624793760066,8.087654349534713e-16
2714,Mast_cell,SMG_Basal,0.029327456018812006,7.9439188974000645,9.794585030546878e-16
350,B_plasma_IgA,Macro_alv,0.02930781823472819,7.9385996169283315,1.0223833044526929e-15
1982,Endothelia_vascular_venous_systemic,T_reg,0.02917571083695779,7.902815727150728,1.3633627436651371e-15
409,B_plasma_IgG,Endothelia_vascular_venous_systemic,0.029147472916802024,7.895166930493946,1.4496346357150576e-15
1944,Endothelia_vascular_venous_systemic,MAIT,0.029108109866752736,7.884504673360382,1.5789279549177522e-15
589,Basal,NKT,0.02893626186749714,7.8379562592091085,2.2896923340611095e-15
1951,Endothelia_vascular_venous_systemic,Macro_int,0.028843674783660293,7.812877224584526,2.794852002463605e-15
965,CD8_TRM_EM,Endothelia_vascular_venous_systemic,0.028828010362504958,7.808634207694385,2.890550729186318e-15
1945,Endothelia_vascular_venous_systemic,Macro_CHIT1,0.028812259066922388,7.804367659155138,2.9900310764201374e-15
1966,Endothelia_vascular_venous_systemic,NAF_endoneurial,0.028808733340754625,7.803412646803804,3.0127559112748237e-15
832,CD8_EM,Endothelia_vascular_venous_systemic,0.02868845461092226,7.770832784634453,3.8985887591347745e-15
1601,Dividing_Basal,Myoepithelial,0.028464266762069722,7.7101070916890855,6.2856101879730826e-15
1595,Dividing_Basal,Muscle_airway,0.028418045371641127,7.697587118028421,6.932977647555791e-15
29,AT1,Endothelia_vascular_venous_systemic,0.02840418704707753,7.693833317960784,7.139552503412365e-15
1970,Endothelia_vascular_venous_systemic,NK_CD11d,0.02819546020842385,7.637295544042993,1.1091595175941945e-14
231,B_memory,Suprabasal,0.02795654395487767,7.572580372695566,1.8294135131730296e-14
2337,ILC,Suprabasal,0.027943166563464905,7.56895684284103,1.8811655386358988e-14
2661,Macro_int,Suprabasal,0.02793380077429024,7.566419934437998,1.91825230706558e-14
1948,Endothelia_vascular_venous_systemic,Macro_alveolar_metallothioneins,0.027908656632500157,7.559609148565639,2.021411609884703e-14
2357,Ionocyte_n_Brush,Muscle_pericyte_parenchyma,0.027842294741370465,7.541633723739353,2.320599042338848e-14
2806,Macrophage_intermediate,Suprabasal,0.02773509435594088,7.512596388653882,2.898301617756171e-14
2519,Macro_AW_CX3CR1,SMG_Basal,0.027347955620478835,7.407732239694633,6.423868486038443e-14
1935,Endothelia_vascular_venous_systemic,Erythrocyte,0.02696262297547248,7.303357305895819,1.4033726021957005e-13
346,B_plasma_IgA,Macro_CHIT1,0.02686206379913546,7.27611887305329,1.7178044002043692e-13
2029,Erythrocyte,Suprabasal,0.02663627162103496,7.2149586159431225,2.6975190689388264e-13
1741,Endothelia_vascular_Cap_g,Ionocyte_n_Brush,0.02654918778796691,7.191370245143978,3.2072138135909e-13
1484,Deuterosomal,Muscle_pericyte_parenchyma,0.02647349162283826,7.170866448420509,3.7262289372076245e-13
1830,Endothelia_vascular_arterial_pulmonary,Secretory_Goblet,0.026431588425651367,7.159516142421213,4.0481155768653934e-13
2057,Fibro_adventitial,Muscle_perivascular_immune_recruiting,0.02625361061341539,7.111307347732973,5.747441708787296e-13
2967,Muscle_smooth_pulmonary,Suprabasal,0.026166184519952174,7.087626268966958,6.821590298181989e-13
2193,Fibro_myofibroblast,Muscle_smooth_pulmonary,0.026100473116354533,7.069827041496319,7.756346140036285e-13
3,AT1,B_plasma_IgA,0.026077754287707387,7.063673199441247,8.107892949893606e-13
1500,Deuterosomal,Schwann_Myelinating,0.02605156554591141,7.056579463089934,8.53255359675526e-13
521,B_plasmablast,SMG_Basal,0.026011740084517194,7.045791952739078,9.22048075896044e-13
2073,Fibro_adventitial,Schwann_nonmyelinating,0.026010449874636566,7.045442473989685,9.243653912707878e-13
1514,Dividing_AT2,Endothelia_vascular_venous_systemic,0.02597217050422492,7.035073752822783,9.957781585896993e-13
1952,Endothelia_vascular_venous_systemic,Macro_CCL,0.02585025122043302,7.002049514312266,1.2612244733611124e-12
84,AT2,Basal,0.02573081859669493,6.969698836637717,1.5881008652755076e-12
2952,Muscle_smooth_pulmonary,NAF_endoneurial,0.02571807711014297,6.9662475541352,1.6275308617820593e-12
1030,CD8_TRM,Endothelia_vascular_venous_systemic,0.025642983157195317,6.945906878438041,1.880183820296578e-12
153,AT2,Secretory_Goblet,0.02546027043468442,6.896415540075154,2.66655240571133e-12
1972,Endothelia_vascular_venous_systemic,Neuroendocrine,0.02544643357132273,6.892667553196606,2.7377868959093447e-12
625,CD4_EM_Effector,Endothelia_vascular_venous_systemic,0.025299649463754955,6.852908187597432,3.618176666429163e-12
1399,DC_plasmacytoid,Endothelia_vascular_venous_systemic,0.02524157447205851,6.837177432645219,4.038434116191245e-12
1153,Ciliated,Endothelia_vascular_Cap_g,0.025176618304879116,6.819582775828478,4.565264623262366e-12
260,B_naive,Endothelia_vascular_venous_systemic,0.025118429638177366,6.803821229762906,5.093997612321628e-12
2984,Muscle_smooth_syst_arterial,Secretory_Club,0.02507801032287959,6.792872862389752,5.496112354047283e-12
1937,Endothelia_vascular_venous_systemic,Fibro_alveolar,0.024917535453449883,6.749405084379864,7.422629298327956e-12
1600,Dividing_Basal,Muscle_smooth_syst_arterial,0.024764048609860752,6.707830150757668,9.876983143424694e-12
107,AT2,Endothelia_vascular_venous_systemic,0.024606610390306476,6.665184909155806,1.3216616883594835e-11
323,B_plasma_IgA,DC_2,0.02440547594078585,6.610703683322916,1.9124871763917276e-11
1971,Endothelia_vascular_venous_systemic,NK_CD56bright,0.024227478288073586,6.56248951445103,2.6458381348546213e-11
354,B_plasma_IgA,Mast_cell,0.023965914220653337,6.491639736798044,4.245355231967595e-11
2996,Myoepithelial,SMG_Basal,0.02390650201494042,6.4755467711007695,4.7234609119944904e-11
2735,Megakaryocyte,Myoepithelial,0.023877664312221155,6.467735511527412,4.974121082588785e-11
551,Basal,Endothelia_vascular_arterial_pulmonary,0.023764140076776376,6.436985237153658,6.093489084659101e-11
1453,Deuterosomal,Endothelia_vascular_Cap_g,0.023598880155663204,6.392221333681373,8.174650319930068e-11
2875,Muscle_airway,SMG_Mucous,0.02348608183861022,6.361667688596802,9.97874313190191e-11
1340,DC_activated,Endothelia_vascular_venous_systemic,0.02343403001464572,6.347568427216256,1.0937234671257077e-10
1950,Endothelia_vascular_venous_systemic,Macro_dividing,0.02335435120138032,6.325985851829717,1.2581043579650493e-10
1949,Endothelia_vascular_venous_systemic,Macro_alv,0.023327602975310335,6.31874056814698,1.3185177068496013e-10
1319,DC_2,SMG_Basal,0.02328209428212095,6.306413642566008,1.4278759835316422e-10
597,Basal,Schwann_Myelinating,0.023154778550851924,6.271927670004474,1.7830262180499925e-10
3073,NK_CD11d,SMG_Mucous,0.022972952417296837,6.222676481716512,2.4437226146540044e-10
3001,Myoepithelial,Schwann_nonmyelinating,0.022955445005129953,6.217934254423839,2.5187126466104727e-10
484,B_plasmablast,Fibro_adventitial,0.02290984024752012,6.205581307903154,2.724754354412538e-10
1219,DC_1,Endothelia_vascular_venous_systemic,0.022825405686965856,6.1827105447264765,3.15050939239949e-10
2692,Macro_CCL,Suprabasal,0.022683232493940643,6.144200136116462,4.018372952710418e-10
2059,Fibro_adventitial,Muscle_smooth_syst_arterial,0.022672118839856488,6.141189784088598,4.0952826987447584e-10
2416,MAIT,Suprabasal,0.022381108213176827,6.062363826080447,6.706768136427676e-10
3094,Neuroendocrine,SMG_Basal,0.02210592434191218,5.987824856392906,1.0633294329079675e-09
1840,Endothelia_vascular_arterial_systemic,Fibro_myofibroblast,0.02187343822230958,5.924851413428413,1.5628994588589967e-09
2270,Fibro_perichondrial,Mesothelia,0.02171363733573498,5.881566196945028,2.0320117280966255e-09
1260,DC_1,SMG_Mucous,0.021219534247506378,5.747728646994389,4.522512100672971e-09
583,Basal,Muscle_smooth_pulmonary,0.02108802186541407,5.712105928928592,5.579329517020701e-09
1947,Endothelia_vascular_venous_systemic,Macro_AW_CX3CR1,0.020846433521371575,5.646666969258864,8.179414185306585e-09
946,CD8_EM_EMRA,Suprabasal,0.020667414849108952,5.598176237138686,1.0830924291379264e-08
2189,Fibro_myofibroblast,Muscle_airway,0.02057227808463429,5.572406571312131,1.2562211845247812e-08
3083,NK_CD56bright,SMG_Basal,0.0201687783626862,5.463110727028091,2.3393128095782642e-08
2978,Muscle_smooth_syst_arterial,SMG_Basal,0.020114007415220018,5.448274937509695,2.543034810143168e-08
1867,Endothelia_vascular_arterial_systemic,NAF_endoneurial,0.01983369592126424,5.372347050257375,3.885917217108436e-08
1570,Dividing_Basal,Endothelia_vascular_venous_systemic,0.01965486324134473,5.323906697825373,5.078100714138028e-08
2959,Muscle_smooth_pulmonary,SMG_Basal,0.019563069806457622,5.2990426386451555,5.820572464357864e-08
1599,Dividing_Basal,Muscle_smooth_pulmonary,0.019333042891957412,5.236735319802474,8.172090825718114e-08
2857,Monocyte_CD16,Suprabasal,0.01914660819250041,5.186235810700914,1.072935349999586e-07
2832,Monocyte_CD14,Suprabasal,0.018732260911969768,5.074001691594834,1.9476779473802495e-07
1953,Endothelia_vascular_venous_systemic,Mast_cell,0.01858058858238881,5.032918254818115,2.4153457462792886e-07
1860,Endothelia_vascular_arterial_systemic,Muscle_airway,0.018458489727375207,4.999845375906582,2.868815434218083e-07
2121,Fibro_alveolar,Secretory_Goblet,0.01843543389316412,4.993600249259139,2.9632000466564535e-07
301,B_naive,SMG_Mucous,0.0183283951367752,4.964606694581683,3.4420216661585123e-07
1280,DC_2,Endothelia_vascular_venous_systemic,0.018326988672644907,4.964225726079813,3.4487842465133446e-07
2873,Muscle_airway,SMG_Basal,0.01823624217901137,4.939645251551581,3.91324128015626e-07
3142,Schwann_Myelinating,Suprabasal,0.01819023099364982,4.927182216072099,4.1711974601839014e-07
3032,NAF_perineurial,SMG_Serous,0.018015159479306323,4.879760649390773,5.310733233000939e-07
1927,Endothelia_vascular_venous_pulmonary,SMG_Serous,0.017865087161527616,4.8391106073136765,6.521072597859622e-07
557,Basal,Fibro_alveolar,0.01768541210470784,4.790442080512494,8.32071280271591e-07
3031,NAF_perineurial,SMG_Mucous,0.017559822864810285,4.756423762132191,9.852630362928804e-07
549,Basal,Endothelia_vascular_Cap_a,0.01719474577685488,4.657535444776726,1.600086695139653e-06
3158,Suprabasal,gdT,0.016835211773546983,4.560148581037046,2.5558719773954948e-06
1725,Endothelia_vascular_Cap_a,Secretory_Goblet,0.01658759076345214,4.493075554988556,3.5100931783211213e-06
2745,Megakaryocyte,SMG_Mucous,0.016557008489746138,4.4847917440142,3.6492591483773608e-06
2965,Muscle_smooth_pulmonary,Secretory_Club,0.016529453582477406,4.47732795484586,3.779154721187018e-06
1815,Endothelia_vascular_arterial_pulmonary,Myoepithelial,0.016101797298032978,4.361488829985837,6.459019618999177e-06
1763,Endothelia_vascular_Cap_g,Myoepithelial,0.015686932037695805,4.2491144058505395,1.073086474194096e-05
2209,Fibro_myofibroblast,Secretory_Club,0.015481052090097416,4.1933477684281355,1.3743377925502467e-05
6,AT1,Basal,0.015427720818494525,4.178901943463406,1.4645996875143347e-05
2282,Fibro_perichondrial,NAF_perineurial,0.01537526116007766,4.164692212091493,1.5588643650667704e-05
440,B_plasma_IgG,Myoepithelial,0.015372142992539764,4.163847595019571,1.5646451737240492e-05
1096,Chondrocyte,Fibro_adventitial,0.015134521043809485,4.099483011615383,2.0703703093067834e-05
2590,Macro_alv,SMG_Mucous,0.015014684687423431,4.067022975003952,2.3808775013785095e-05
523,B_plasmablast,SMG_Mucous,0.01480911941346358,4.011341573132225,3.0187342704959904e-05
75,AT1,Secretory_Goblet,0.014672399390837539,3.9743082630934916,3.529204837246128e-05
3109,SMG_Basal,Schwann_nonmyelinating,0.014613343398212093,3.9583117847245166,3.7740693347208424e-05
811,CD4_naive_CM,Suprabasal,0.014192291900812724,3.844261696478747,6.045795958749845e-05
2448,Macro_CHIT1,SMG_Mucous,0.01418714109578325,3.842866499521185,6.080281190068327e-05
1201,Ciliated,Schwann_nonmyelinating,0.013544779478293831,3.6688702078256004,0.00012181235850869305
2203,Fibro_myofibroblast,SMG_Basal,0.013317015157249203,3.6071757569690606,0.00015477399629014295
2991,Myoepithelial,NK_CD16hi,0.013002470263970113,3.521975079481124,0.0002141722036759109
2361,Ionocyte_n_Brush,Myoepithelial,0.012822581704182738,3.4732487211974608,0.0002570993007637916
2880,Muscle_airway,Secretory_Goblet,0.012793477698663963,3.4653653282675614,0.0002647558247538125
581,Basal,Muscle_pericyte_parenchyma,0.01265489231048267,3.4278267472405974,0.00030421681045471815
1069,CD8_TRM,SMG_Basal,0.012620935044261034,3.4186287530924155,0.0003146876671729447
1710,Endothelia_vascular_Cap_a,Myoepithelial,0.01252016317816213,3.3913327090401846,0.0003477680516200207
2964,Muscle_smooth_pulmonary,Schwann_nonmyelinating,0.012491693361685952,3.3836210986991597,0.00035768326064914894
1438,DC_plasmacytoid,SMG_Basal,0.012448604708320732,3.371949688553257,0.00037319040772136375
736,CD4_TRM,SMG_Mucous,0.012148583424427668,3.2906830166260512,0.0004997223229746093
3066,NKT,Suprabasal,0.011975537786029783,3.2438101983325094,0.0005897115452722044
2279,Fibro_perichondrial,Muscle_smooth_syst_arterial,0.011965340918771357,3.241048176067212,0.0005954552783963009
2925,Muscle_pericyte_parenchyma,Secretory_Goblet,0.011686412696278079,3.165494975126044,0.0007740966794086261
154,AT2,Suprabasal,0.011401296955283751,3.0882657629714605,0.00100664168437603
1613,Dividing_Basal,Schwann_Myelinating,0.011092738875053996,3.0046867316736092,0.0013292725619260851
2623,Macro_dividing,SMG_Mucous,0.010911838226115508,2.955686229116122,0.0015598714629139643
3046,NK_CD16hi,SMG_Mucous,0.01070452396791133,2.899531080425685,0.0018686064579807478
1656,Endothelia_Lymphatic,Myoepithelial,0.010589170941353813,2.868285441971577,0.002063515056556519
1894,Endothelia_vascular_venous_pulmonary,Ionocyte_n_Brush,0.010528819066727332,2.851937948447717,0.0021726791096771
1456,Deuterosomal,Endothelia_vascular_venous_pulmonary,0.010313930093299268,2.793731038998663,0.00260518972449422
1831,Endothelia_vascular_arterial_pulmonary,Suprabasal,0.009582889435371543,2.595714283179313,0.004719726140177476
2886,Muscle_pericyte_airway,Muscle_smooth_pulmonary,0.009564560986721609,2.5907496619896384,0.004788356403358137
1156,Ciliated,Endothelia_vascular_venous_pulmonary,0.009459562899062256,2.5623088626167583,0.0051989401660362524
666,CD4_EM_Effector,SMG_Mucous,0.009440883507741304,2.5572491816948517,0.00527518058615032
1006,CD8_TRM_EM,SMG_Mucous,0.009410041524043674,2.5488950231557763,0.0054032411946741375
3133,SMG_Serous,Schwann_nonmyelinating,0.009340140063793178,2.5299608363417687,0.005703762948231797
1978,Endothelia_vascular_venous_systemic,Schwann_nonmyelinating,0.009329744875680756,2.5271450949683842,0.005749699175447665
1190,Ciliated,NAF_perineurial,0.00931972152984105,2.5244300743958483,0.0057943028599294726
2910,Muscle_pericyte_parenchyma,Myoepithelial,0.009259495068793816,2.5081165516092225,0.006068831215717738
1615,Dividing_Basal,Secretory_Club,0.009181860939477251,2.4870878191284556,0.006439680089548493
2070,Fibro_adventitial,SMG_Mucous,0.00882974886013504,2.391711329626768,0.008385013210914918
550,Basal,Endothelia_vascular_Cap_g,0.00882150827066616,2.3894792037183508,0.008436139524804669
360,B_plasma_IgA,Muscle_airway,0.00873166221211621,2.365142629761372,0.009011564153896371
2355,Ionocyte_n_Brush,Muscle_airway,0.008596829943562272,2.3286206550814716,0.00993958542370171
1381,DC_activated,SMG_Mucous,0.00857564600132126,2.322882567230215,0.01009273093813237
1258,DC_1,SMG_Basal,0.008523394279339357,2.3087291595358184,0.0104793075949245
3036,NAF_perineurial,Secretory_Goblet,0.00827472899509041,2.241373271271747,0.01250095319128287
3130,SMG_Mucous,T_reg,0.008253941756830752,2.2357426385046315,0.012684317148257393
60,AT1,Myoepithelial,0.00817768496083286,2.2150869838718448,0.01337704733371262
1778,Endothelia_vascular_Cap_g,Secretory_Goblet,0.008030719567505661,2.175278513455355,0.014804625833195705
1963,Endothelia_vascular_venous_systemic,Muscle_smooth_pulmonary,0.00801622020568757,2.171351075825815,0.01495232207597209
1151,Ciliated,Endothelia_Lymphatic,0.0078013915904406005,2.113160515578516,0.0172935157658163
1664,Endothelia_Lymphatic,SMG_Basal,0.007743554202205667,2.0974941202020796,0.01797492856265566
1959,Endothelia_vascular_venous_systemic,Muscle_airway,0.007566725065982332,2.0495964670283975,0.020201912739531112
2363,Ionocyte_n_Brush,NAF_perineurial,0.007480583917387482,2.026263440879541,0.021368897776291407
1555,Dividing_AT2,SMG_Mucous,0.007428438015589627,2.0121386966655104,0.022102659255420102
726,CD4_TRM,Myoepithelial,0.007253676758204576,1.9648011691900968,0.02471862741850928
341,B_plasma_IgA,Fibro_peribronchial,0.00723683380156321,1.9602389227591204,0.024983935545504057
1964,Endothelia_vascular_venous_systemic,Muscle_smooth_syst_arterial,0.007222734285959748,1.956419791349472,0.025207861301505378
1488,Deuterosomal,Myoepithelial,0.007081887721777449,1.918268726281846,0.027538472873266957
2321,ILC,Myoepithelial,0.007078589131877336,1.9173752382607414,0.027595138846193475
3071,NK_CD11d,SMG_Basal,0.007027253736942794,1.9034700357888865,0.02848961998353785
2993,Myoepithelial,NK_CD11d,0.006700281572329609,1.8149031871768428,0.03476939433718661
1973,Endothelia_vascular_venous_systemic,SMG_Basal,0.006691306659071386,1.8124721552118206,0.034956636294409635
2971,Muscle_smooth_syst_arterial,NAF_endoneurial,0.00626968555977502,1.6982677790772327,0.04472861656437834
795,CD4_naive_CM,Myoepithelial,0.006200543696308499,1.6795393440080322,0.04652348886758031
2983,Muscle_smooth_syst_arterial,Schwann_nonmyelinating,0.0061692636319789764,1.6710665227043435,0.0473542694648129
1940,Endothelia_vascular_venous_systemic,Fibro_peribronchial,0.005329186688086753,1.4435151419921934,0.07443770506561324
1182,Ciliated,Muscle_airway,0.005276008769111445,1.4291108556060375,0.0764861869387483
873,CD8_EM,SMG_Mucous,0.005218487036547454,1.4135299617830899,0.0787499790720379
1482,Deuterosomal,Muscle_airway,0.005217497631060037,1.4132619618262017,0.07878935695123751
299,B_naive,SMG_Basal,0.005052802106862657,1.3686509363710937,0.08555420690006715
2992,Myoepithelial,NKT,0.00501492787886467,1.3583919560038686,0.08716967267857251
1726,Endothelia_vascular_Cap_a,Suprabasal,0.004940399156365268,1.338204384102565,0.09041491018817738
2194,Fibro_myofibroblast,Muscle_smooth_syst_arterial,0.004786258201026376,1.2964522714339968,0.09740985670441682
215,B_memory,Myoepithelial,0.004777615800000396,1.2941113069539834,0.09781348825536179
2485,Macro_interstitial,SMG_Mucous,0.004757204458816378,1.2885824933109251,0.09877163644188314
1774,Endothelia_vascular_Cap_g,SMG_Serous,0.00471557734926448,1.2773069710835163,0.1007469467365899
2881,Muscle_airway,Suprabasal,0.004573190393979025,1.238738660756503,0.10772114818102857
524,B_plasmablast,SMG_Serous,0.004557547063090738,1.2345013565804421,0.10850807076753866
2278,Fibro_perichondrial,Muscle_smooth_pulmonary,0.00451236168922351,1.222262008403781,0.11080428064996045
2994,Myoepithelial,NK_CD56bright,0.0045014805565368205,1.2193146393745864,0.11136239717972635
2106,Fibro_alveolar,Myoepithelial,0.004389281422121773,1.1889232947049397,0.11723492625774246
3146,Schwann_nonmyelinating,Secretory_Goblet,0.004290076916891898,1.1620518012041967,0.12260721199754854
3006,Myoepithelial,gdT,0.004274519848931219,1.1578378630405284,0.12346510435650399
451,B_plasma_IgG,SMG_Serous,0.0042199045731310765,1.1430442402579328,0.12651011167607418
2331,ILC,SMG_Mucous,0.004038233459360674,1.093835042130871,0.13701366611414223
225,B_memory,SMG_Mucous,0.004036710087142949,1.0934224067716907,0.13710419001105445
76,AT1,Suprabasal,0.00403129991195567,1.0919569543000922,0.13742601099590412
2995,Myoepithelial,Neuroendocrine,0.003949014620423726,1.0696683629555381,0.14238430581064782
2556,Macro_alveolar_metallothioneins,SMG_Mucous,0.0038906017019360068,1.0538460738783937,0.14597669770494182
930,CD8_EM_EMRA,Myoepithelial,0.0038479088786881827,1.042281882113373,0.14864050488777525
863,CD8_EM,Myoepithelial,0.0037920834758508335,1.0271604725962937,0.15217245363205584
1545,Dividing_AT2,Myoepithelial,0.0037757219462586588,1.0227286301605134,0.1532180853721689
2876,Muscle_airway,SMG_Serous,0.0037322713589598884,1.0109591830825118,0.1560179829595253
2374,Ionocyte_n_Brush,Schwann_nonmyelinating,0.0034076143009831453,0.9230194266855902,0.17799854074634486
996,CD8_TRM_EM,Myoepithelial,0.003219396410447198,0.8720369051706588,0.1915941223563662
1099,Chondrocyte,Fibro_myofibroblast,0.003104981754284468,0.8410454428137591,0.20016123854253826
2400,MAIT,Myoepithelial,0.0030386141847582797,0.8230684798819788,0.2052345260513559
2816,Monocyte_CD14,Myoepithelial,0.0030118289294277594,0.8158131660949487,0.20730350091903876
1430,DC_plasmacytoid,Myoepithelial,0.0028796970998517905,0.7800226584817657,0.21768876913951063
1576,Dividing_Basal,Fibro_peribronchial,0.0028508282355479914,0.7722029581796895,0.21999711487763735
734,CD4_TRM,SMG_Basal,0.00272092679671218,0.7370165958131298,0.2305561285544871
3003,Myoepithelial,Secretory_Goblet,0.00260163024367889,0.7047027755681023,0.2404976118470326
3005,Myoepithelial,T_reg,0.0023543896712522458,0.6377327985525648,0.26182381563861
138,AT2,Myoepithelial,0.0019521569754687763,0.528780153251968,0.29847898351234536
2122,Fibro_alveolar,Suprabasal,0.0019082404519900056,0.5168844981856937,0.3026183947929399
1490,Deuterosomal,NAF_perineurial,0.00190734008723939,0.5166406166655106,0.3027035284305415
2013,Erythrocyte,Myoepithelial,0.0018342062450040356,0.49683087554782746,0.30965416013785196
2554,Macro_alveolar_metallothioneins,SMG_Basal,0.0018003996574306733,0.48767369567827523,0.31289049320650575
2841,Monocyte_CD16,Myoepithelial,0.0017917034765861347,0.4853181638755227,0.3137253364250636
2800,Macrophage_intermediate,SMG_Mucous,0.0017746240862507512,0.48069187472332703,0.3153677534071495
1061,CD8_TRM,Myoepithelial,0.0017466400537369863,0.4731118485332286,0.31806669199266857
2878,Muscle_airway,Schwann_nonmyelinating,0.0016352051022863645,0.44292749786566216,0.32890908857352774
2790,Macrophage_intermediate,Myoepithelial,0.0015372602872899739,0.4163972162669755,0.3385596825526054
3126,SMG_Mucous,Schwann_nonmyelinating,0.0014988682321583745,0.4059979722249997,0.3423720451724992
2281,Fibro_perichondrial,NAF_endoneurial,0.00134213874765115,0.3635447054650708,0.3580990118983969
2370,Ionocyte_n_Brush,SMG_Duct,0.001322981774797128,0.3583556621817246,0.3600385838692616
656,CD4_EM_Effector,Myoepithelial,0.0013003010553770524,0.35221214276114493,0.3623395855476873
1185,Ciliated,Muscle_perivascular_immune_recruiting,0.0012744453519616466,0.34520861641247486,0.3649687707612881
513,B_plasmablast,Myoepithelial,0.0011518690288468538,0.3120064058647608,0.37751782750518487
1501,Deuterosomal,Schwann_nonmyelinating,0.0009751690708182163,0.26414374314853006,0.3958345791547474
579,Basal,Muscle_airway,0.0008133885770475778,0.2203223110791777,0.4128100726579363
1572,Dividing_Basal,Fibro_adventitial,0.0007886714727886044,0.21362719673015548,0.4154188945155628
2159,Fibro_immune_recruiting,SMG_Basal,0.00043943773859309043,0.11903036368381904,0.45262565002112065
3107,SMG_Basal,SMG_Serous,0.0003678639183501996,0.09964318523840925,0.4603138037755222
2588,Macro_alv,SMG_Basal,0.00021340463122604986,0.05780484613809954,0.4769520389879893
1654,Endothelia_Lymphatic,Muscle_smooth_pulmonary,0.0001275108925605481,0.03453883583991542,0.4862237371443076
2743,Megakaryocyte,SMG_Basal,-2.186473014855025e-05,-0.005922492660195527,0.5023627189150881
2475,Macro_interstitial,Myoepithelial,-4.313993444222632e-05,-0.01168530063529471,0.5046616543938076
2926,Muscle_pericyte_parenchyma,Suprabasal,-0.0002297007521158666,-0.06221897133899977,0.5248057725925288
2887,Muscle_pericyte_airway,Muscle_smooth_syst_arterial,-0.00023259005049712232,-0.06300159469359153,0.5251173827680706
2655,Macro_int,SMG_Mucous,-0.0003928204791113746,-0.1064031610957643,0.5423687574370814
2511,Macro_AW_CX3CR1,Myoepithelial,-0.0004416829257753277,-0.11963851683811016,0.5476152465909861
664,CD4_EM_Effector,SMG_Basal,-0.0007821552100213018,-0.21186213865950676,0.5838927054832319
598,Basal,Schwann_nonmyelinating,-0.0008648010801859143,-0.23424839982623077,0.5926039287781621
3118,SMG_Duct,Schwann_nonmyelinating,-0.000912677230851242,-0.24721659787795103,0.5976296996740595
2023,Erythrocyte,SMG_Mucous,-0.001202115581943417,-0.32561667408635386,0.6276428024591049
1188,Ciliated,Myoepithelial,-0.001202832237192363,-0.32581079427091303,0.6277162443300897
291,B_naive,Myoepithelial,-0.0012672197043570553,-0.34325140749141303,0.6342953331735008
3044,NK_CD16hi,SMG_Basal,-0.0012763595460334517,-0.3457271135658096,0.6352260971539933
2939,Muscle_perivascular_immune_recruiting,SMG_Basal,-0.00140677705530099,-0.38105326376982623,0.648418137064958
1975,Endothelia_vascular_venous_systemic,SMG_Mucous,-0.0014710714229220884,-0.3984686591458866,0.6548576219653175
2897,Muscle_pericyte_airway,SMG_Duct,-0.0015472885821506833,-0.41911357737929256,0.6624334358204691
3113,SMG_Basal,T_reg,-0.0017267111719316863,-0.46771371851214444,0.6800053353213411
2410,MAIT,SMG_Mucous,-0.0019781992021766183,-0.5358342031068924,0.7039634293150391
1779,Endothelia_vascular_Cap_g,Suprabasal,-0.002220504955789473,-0.6014674872839867,0.7262356697235085
3120,SMG_Duct,Secretory_Goblet,-0.0022464515385830046,-0.6084956301015662,0.7285705983179659
940,CD8_EM_EMRA,SMG_Mucous,-0.0025409204262894533,-0.6882583261992822,0.7543549400288332
587,Basal,NAF_perineurial,-0.002581729525536751,-0.6993122742297058,0.7578215510187101
1553,Dividing_AT2,SMG_Basal,-0.0025939236449671163,-0.7026152915701085,0.7588522348742957
1126,Chondrocyte,NAF_endoneurial,-0.0026031269024807914,-0.7051081750726402,0.7596285402894059
2237,Fibro_peribronchial,Muscle_smooth_syst_arterial,-0.0026133991460385924,-0.707890614492724,0.7604934057162864
2761,Mesothelia,Muscle_smooth_pulmonary,-0.0026896933768770907,-0.7285564090891521,0.766863474346061
1379,DC_activated,SMG_Basal,-0.0029372403589014865,-0.7956093831772063,0.7868704444778438
223,B_memory,SMG_Basal,-0.0030976940876438967,-0.8390714348156958,0.7992853877250563
1004,CD8_TRM_EM,SMG_Basal,-0.003180698902930336,-0.8615549233360157,0.8055337574016599
805,CD4_naive_CM,SMG_Mucous,-0.0032985871258287636,-0.8934872696350952,0.8142018567522504
1371,DC_activated,Myoepithelial,-0.0035247653617188224,-0.9547520980987415,0.830148461614018
2239,Fibro_peribronchial,NAF_endoneurial,-0.003526078752363384,-0.955107855814457,0.8302384216710632
3002,Myoepithelial,Secretory_Club,-0.0035392481022621996,-0.9586750335287657,0.8311387601762901
803,CD4_naive_CM,SMG_Basal,-0.00417584470749464,-1.1311097581459595,0.8709955511785755
2896,Muscle_pericyte_airway,SMG_Basal,-0.0041764442119983595,-1.1312721457445676,0.8710297178634829
2621,Macro_dividing,SMG_Basal,-0.004308202878651355,-1.1669615748327768,0.8783870562398484
1451,Deuterosomal,Endothelia_Lymphatic,-0.004475664531049447,-1.2123218605739514,0.8873054005044698
2676,Macro_CCL,Myoepithelial,-0.004491112188807434,-1.216506162830019,0.8881039175875023
2446,Macro_CHIT1,SMG_Basal,-0.0046814958395939126,-1.2680753231509347,0.8976144735094139
3131,SMG_Mucous,gdT,-0.0047887266542236745,-1.2971209005844007,0.9027052043996393
364,B_plasma_IgA,Muscle_smooth_pulmonary,-0.004847056098219617,-1.3129205789518998,0.9053951441540988
2686,Macro_CCL,SMG_Mucous,-0.004848762891709274,-1.313382897574004,0.9054730212617285
2851,Monocyte_CD16,SMG_Mucous,-0.004894866019622129,-1.325870837503784,0.9075587579541438
1721,Endothelia_vascular_Cap_a,SMG_Serous,-0.0050082404919687094,-1.3565805455936726,0.9125427366543033
1497,Deuterosomal,SMG_Duct,-0.005043123330542026,-1.366029249237104,0.9140351084746239
2329,ILC,SMG_Basal,-0.005125586848356545,-1.3883661166794299,0.9174872057071957
2921,Muscle_pericyte_parenchyma,SMG_Serous,-0.005219901928950329,-1.4139132132485348,0.9213063070751224
2645,Macro_int,Myoepithelial,-0.005439930203182427,-1.4735122035091806,0.9296935121479066
1485,Deuterosomal,Muscle_perivascular_immune_recruiting,-0.00547726488216299,-1.4836250364017374,0.9310457882037195
2653,Macro_int,SMG_Basal,-0.005615983079839242,-1.521199591495326,0.9358951210242475
1457,Deuterosomal,Endothelia_vascular_venous_systemic,-0.0058218320197205445,-1.5769578298670393,0.9425973856971657
411,B_plasma_IgG,Fibro_adventitial,-0.0059454837322125515,-1.6104513308011486,0.9463503188634944
871,CD8_EM,SMG_Basal,-0.00616165302388208,-1.6690050396543694,0.9524418094751604
376,B_plasma_IgA,SMG_Mucous,-0.006241644031240989,-1.6906721789579933,0.9545502846520325
1483,Deuterosomal,Muscle_pericyte_airway,-0.006481725372416533,-1.7557029372294983,0.960430427485449
1825,Endothelia_vascular_arterial_pulmonary,SMG_Mucous,-0.006575421518839864,-1.7810823832922056,0.962550503386148
2546,Macro_alveolar_metallothioneins,Myoepithelial,-0.006604598155041683,-1.7889854496726487,0.9631914205555465
2826,Monocyte_CD14,SMG_Mucous,-0.006641824994845444,-1.7990690722008997,0.9639961223879141
1603,Dividing_Basal,NAF_perineurial,-0.006854231840206789,-1.8566036483919195,0.9683162177491894
1667,Endothelia_Lymphatic,SMG_Serous,-0.00690209165914211,-1.8695674226730084,0.9692280436438214
2798,Macrophage_intermediate,SMG_Basal,-0.007302938772930736,-1.9781447558092744,0.9760438105914714
3060,NKT,SMG_Mucous,-0.007335132335405683,-1.9868650160717163,0.9765313213227247
2358,Ionocyte_n_Brush,Muscle_perivascular_immune_recruiting,-0.007482556159891941,-2.0267976615937884,0.9786584451413436
2762,Mesothelia,Muscle_smooth_syst_arterial,-0.007551494557460303,-2.045470983918388,0.9795957764942781
1634,Endothelia_Lymphatic,Ionocyte_n_Brush,-0.0076480240532513,-2.0716178984437637,0.98084945529735
3037,NAF_perineurial,Suprabasal,-0.007870629860755159,-2.131915064340683,0.9834930852119986
1943,Endothelia_vascular_venous_systemic,Ionocyte_n_Brush,-0.008129927181348993,-2.202150848985259,0.9861726726823854
3004,Myoepithelial,Suprabasal,-0.00814530879800056,-2.2063172627073553,0.9863191032386386
1250,DC_1,Myoepithelial,-0.008337855534358096,-2.2584723373446574,0.988041886346127
148,AT2,SMG_Mucous,-0.00847162835890163,-2.294707340754715,0.9891250490830261
2483,Macro_interstitial,SMG_Basal,-0.008690725493561126,-2.35405411352871,0.990715046239594
1931,Endothelia_vascular_venous_pulmonary,Secretory_Goblet,-0.008770121199892005,-2.3755600038278795,0.9912388284101739
2149,Fibro_immune_recruiting,Muscle_smooth_pulmonary,-0.009091530495694135,-2.4626200398939067,0.9931037002873051
1671,Endothelia_Lymphatic,Secretory_Goblet,-0.009273949921134395,-2.5120319329704217,0.9939980886932337
1183,Ciliated,Muscle_pericyte_airway,-0.009451652655245371,-2.560166217332432,0.9947688944731918
2160,Fibro_immune_recruiting,SMG_Duct,-0.00986307063969493,-2.6716068789193996,0.9962255485825728
2962,Muscle_smooth_pulmonary,SMG_Serous,-0.009919295474049804,-2.686836482327495,0.9963933872443465
1568,Dividing_Basal,Endothelia_vascular_arterial_systemic,-0.009978320382143678,-2.702824540839064,0.9965623485617525
2706,Mast_cell,Myoepithelial,-0.01004650027375989,-2.7212924068921334,0.9967486393304157
938,CD8_EM_EMRA,SMG_Basal,-0.010092212447676283,-2.7336744492343925,0.9968684032153434
1835,Endothelia_vascular_arterial_systemic,Endothelia_vascular_venous_systemic,-0.010121231553181691,-2.7415348453240562,0.9969423562970383
1866,Endothelia_vascular_arterial_systemic,Myoepithelial,-0.010187384656538769,-2.7594537158712615,0.9971050956013287
2408,MAIT,SMG_Basal,-0.010228591972890727,-2.7706155288450662,0.9972024776031579
1136,Chondrocyte,SMG_Serous,-0.010233375220392778,-2.7719111656094046,0.9972135878656206
1119,Chondrocyte,Muscle_airway,-0.010305727134406653,-2.7915091060727444,0.997376855929302
2236,Fibro_peribronchial,Muscle_smooth_pulmonary,-0.010482837496746297,-2.8394829348771515,0.997740664401073
1311,DC_2,Myoepithelial,-0.010513509422381757,-2.8477910298417775,0.9977988089317198
2849,Monocyte_CD16,SMG_Basal,-0.010784826091748998,-2.9212824917532214,0.9982570320526762
3058,NKT,SMG_Basal,-0.011215688950932086,-3.0379901805161627,0.9988091914246534
1478,Deuterosomal,Mesothelia,-0.011303181407992637,-3.0616892351691622,0.9988995408847396
2438,Macro_CHIT1,Myoepithelial,-0.011393184931114455,-3.086068461505786,0.9989858894130786
3147,Schwann_nonmyelinating,Suprabasal,-0.011711640345439544,-3.172328380614137,0.9992438904574552
1197,Ciliated,SMG_Duct,-0.011820988366254226,-3.2019474450289245,0.9993174905030764
2684,Macro_CCL,SMG_Basal,-0.011948728584956842,-3.236548398369672,0.9993950764576065
2772,Mesothelia,SMG_Duct,-0.012590140925219644,-3.4102875596379008,0.9996755279091576
585,Basal,Myoepithelial,-0.012615652377450087,-3.4171978387750865,0.999683653580631
2613,Macro_dividing,Myoepithelial,-0.012634731513500051,-3.4223657984275078,0.9996896063274492
3114,SMG_Basal,gdT,-0.012715628737463177,-3.4442784043410812,0.9997137071101165
2021,Erythrocyte,SMG_Basal,-0.012723125415433153,-3.4463090271729837,0.9997158499602461
2356,Ionocyte_n_Brush,Muscle_pericyte_airway,-0.012897056944577713,-3.4934218064177593,0.9997615636915395
3124,SMG_Mucous,SMG_Serous,-0.013336248501033616,-3.6123854868225873,0.9998483034504867
2116,Fibro_alveolar,SMG_Mucous,-0.01336780324518421,-3.6209327105640443,0.9998532285698997
1577,Dividing_Basal,Fibro_perichondrial,-0.013445793242142384,-3.642057836802297,0.9998647663577038
1161,Ciliated,Fibro_immune_recruiting,-0.013586691855563764,-3.680223000431137,0.9998834849627508
2824,Monocyte_CD14,SMG_Basal,-0.013595335228067995,-3.6825642280551625,0.999884550165929
1720,Endothelia_vascular_Cap_a,SMG_Mucous,-0.013770267397043947,-3.7299480503000875,0.9999042403729043
3013,NAF_endoneurial,SMG_Basal,-0.013784922161042594,-3.7339175816699792,0.9999057378953004
3121,SMG_Duct,Suprabasal,-0.013970475604276972,-3.784178385172394,0.9999228914065654
1461,Deuterosomal,Fibro_immune_recruiting,-0.014023300654661697,-3.7984870901530834,0.9999272089947799
2238,Fibro_peribronchial,Myoepithelial,-0.01428760742347153,-3.870079782479086,0.9999456001290247
2734,Megakaryocyte,Muscle_smooth_syst_arterial,-0.01441112590126298,-3.903537194171262,0.9999526015129423
2981,Muscle_smooth_syst_arterial,SMG_Serous,-0.014416326935783891,-3.904945996775559,0.9999528767856062
1178,Ciliated,Mesothelia,-0.014440320007246293,-3.9114449925859898,0.9999541272231535
1429,DC_plasmacytoid,Muscle_smooth_syst_arterial,-0.014973236268174211,-4.055795854563296,0.9999750180576384
1823,Endothelia_vascular_arterial_pulmonary,SMG_Basal,-0.014983225274399816,-4.058501573575233,0.9999753056996186
146,AT2,SMG_Basal,-0.015200945159293346,-4.117475291133144,0.999980847720886
1157,Ciliated,Endothelia_vascular_venous_systemic,-0.015233812517952751,-4.126378062358667,0.9999815739370151
1826,Endothelia_vascular_arterial_pulmonary,SMG_Serous,-0.015309313555767468,-4.146829005007253,0.9999831444182219
1979,Endothelia_vascular_venous_systemic,Secretory_Club,-0.015357457736502347,-4.159869804280614,0.9999840785470682
1980,Endothelia_vascular_venous_systemic,Secretory_Goblet,-0.015486340138666496,-4.194780140500618,0.9999863431804527
2860,Muscle_airway,Muscle_pericyte_airway,-0.015915460662579522,-4.311015883450442,0.999991874688459
2114,Fibro_alveolar,SMG_Basal,-0.01634196135101051,-4.426541992377442,0.9999952122125828
71,AT1,SMG_Serous,-0.016379007405383155,-4.43657664561215,0.9999954299599775
2705,Mast_cell,Muscle_smooth_syst_arterial,-0.01642661420779591,-4.449471885386405,0.9999956959151546
2580,Macro_alv,Myoepithelial,-0.016525528105861855,-4.476264662214969,0.9999962019843849
2771,Mesothelia,SMG_Basal,-0.01659376866142326,-4.4947489602920205,0.9999965173965173
70,AT1,SMG_Mucous,-0.017081136227216052,-4.626762061373744,0.999998142865951
2976,Muscle_smooth_syst_arterial,NK_CD56bright,-0.017274827258652665,-4.67922709086349,0.999998560208171
2129,Fibro_immune_recruiting,Ionocyte_n_Brush,-0.017581846148766928,-4.762389202213108,0.9999990434287798
553,Basal,Endothelia_vascular_venous_pulmonary,-0.017688930958769288,-4.791395231418526,0.9999991718725012
1094,Chondrocyte,Endothelia_vascular_venous_systemic,-0.017698960383978207,-4.794111898707911,0.9999991830147188
548,Basal,Endothelia_Lymphatic,-0.018198958139542226,-4.929546135367744,0.9999995878956465
2879,Muscle_airway,Secretory_Club,-0.018236308217858165,-4.939663139473488,0.9999996087117673
1773,Endothelia_vascular_Cap_g,SMG_Mucous,-0.018255911565153587,-4.9449730920630515,0.9999996192280867
2920,Muscle_pericyte_parenchyma,SMG_Mucous,-0.018351174269746827,-4.970776871250386,0.9999996665742084
2946,Muscle_perivascular_immune_recruiting,Secretory_Goblet,-0.018604430006780737,-5.039376174033695,0.9999997664741549
149,AT2,SMG_Serous,-0.01881399347383885,-5.096140565227387,0.9999998266761106
1981,Endothelia_vascular_venous_systemic,Suprabasal,-0.018871199423481436,-5.111635923028552,0.9999998403095492
2075,Fibro_adventitial,Secretory_Goblet,-0.019068696109589858,-5.1651317890165265,0.9999998798652137
3047,NK_CD16hi,SMG_Serous,-0.019112542251747165,-5.1770083799161295,0.9999998872639536
1459,Deuterosomal,Fibro_adventitial,-0.019210277703400728,-5.20348195133121,0.9999999022056218
1655,Endothelia_Lymphatic,Muscle_smooth_syst_arterial,-0.019489078458514875,-5.2790006252230075,0.999999935054819
2274,Fibro_perichondrial,Muscle_airway,-0.01955572974087066,-5.297054437360768,0.9999999411571905
2898,Muscle_pericyte_airway,SMG_Mucous,-0.01994573713717291,-5.402695619590277,0.9999999671765987
1666,Endothelia_Lymphatic,SMG_Mucous,-0.02008499807631285,-5.440417186895462,0.9999999734220275
1159,Ciliated,Fibro_adventitial,-0.020163953914439023,-5.461803930230725,0.9999999764339762
1060,CD8_TRM,Muscle_smooth_syst_arterial,-0.0202483775652493,-5.48467173828844,0.9999999792881056
365,B_plasma_IgA,Muscle_smooth_syst_arterial,-0.02031844850087786,-5.503651830845434,0.9999999813998067
1101,Chondrocyte,Fibro_perichondrial,-0.02032882357566627,-5.506462124128995,0.9999999816941656
1814,Endothelia_vascular_arterial_pulmonary,Muscle_smooth_syst_arterial,-0.020393700655685545,-5.524035358631253,0.9999999834349628
2510,Macro_AW_CX3CR1,Muscle_smooth_syst_arterial,-0.02045918024416266,-5.541771794412238,0.9999999850286816
1650,Endothelia_Lymphatic,Muscle_airway,-0.020625112763777063,-5.586717884431521,0.9999999884299413
594,Basal,SMG_Duct,-0.020755070075350476,-5.621919381029151,0.9999999905576302
2351,Ionocyte_n_Brush,Mesothelia,-0.02099137142483122,-5.685926254125034,0.9999999934947233
2150,Fibro_immune_recruiting,Muscle_smooth_syst_arterial,-0.02099792850918529,-5.687702369526204,0.9999999935620012
2161,Fibro_immune_recruiting,SMG_Mucous,-0.02130581950808636,-5.771100708711871,0.9999999960622307
2038,Fibro_adventitial,Ionocyte_n_Brush,-0.021369791744568125,-5.7884288485263315,0.9999999964476084
2929,Muscle_perivascular_immune_recruiting,Muscle_smooth_pulmonary,-0.021591514437667058,-5.848486805498844,0.999999997519675
554,Basal,Endothelia_vascular_venous_systemic,-0.02175278487565712,-5.892170078917427,0.9999999980942171
2733,Megakaryocyte,Muscle_smooth_pulmonary,-0.0221194784162473,-5.9914962442957105,0.9999999989604044
1718,Endothelia_vascular_Cap_a,SMG_Basal,-0.022135332991597638,-5.995790768193556,0.9999999989875119
2977,Muscle_smooth_syst_arterial,Neuroendocrine,-0.02223060941117593,-6.021598262354629,0.9999999991364844
1837,Endothelia_vascular_arterial_systemic,Fibro_adventitial,-0.02224795837460029,-6.026297570685657,0.9999999991612091
1310,DC_2,Muscle_smooth_syst_arterial,-0.022311942099508285,-6.0436288223665615,0.9999999992465702
439,B_plasma_IgG,Muscle_smooth_syst_arterial,-0.022374811162663107,-6.060658145964799,0.9999999993221715
2205,Fibro_myofibroblast,SMG_Mucous,-0.022558437372876144,-6.110396920457671,0.9999999995030817
2941,Muscle_perivascular_immune_recruiting,SMG_Mucous,-0.022698454925069673,-6.14832343130554,0.9999999996084689
2704,Mast_cell,Muscle_smooth_pulmonary,-0.02272162935143691,-6.154600680973463,0.9999999996236655
1428,DC_plasmacytoid,Muscle_smooth_pulmonary,-0.02274658162417831,-6.161359495336234,0.9999999996393848
3019,NAF_endoneurial,Secretory_Club,-0.022774758142398252,-6.168991660069743,0.9999999996563658
2975,Muscle_smooth_syst_arterial,NK_CD11d,-0.022865769454449257,-6.193643865880414,0.9999999997060551
2332,ILC,SMG_Serous,-0.023110390111203413,-6.259904187151965,0.999999999807393
1915,Endothelia_vascular_venous_pulmonary,Muscle_smooth_syst_arterial,-0.023114843688376734,-6.261110526216815,0.9999999998088772
2918,Muscle_pericyte_parenchyma,SMG_Basal,-0.024071020602442202,-6.520109869768129,0.9999999999648721
2852,Monocyte_CD16,SMG_Serous,-0.024351091016803033,-6.59597245586549,0.9999999999788761
2903,Muscle_pericyte_airway,Secretory_Goblet,-0.024528840720597935,-6.6441194628911875,0.9999999999847482
1924,Endothelia_vascular_venous_pulmonary,SMG_Basal,-0.02453616906788912,-6.64610449004444,0.9999999999849524
3061,NKT,SMG_Serous,-0.024540274425506405,-6.647216506986367,0.9999999999850656
438,B_plasma_IgG,Muscle_smooth_pulmonary,-0.024648501392748202,-6.67653191196827,0.9999999999877669
2827,Monocyte_CD14,SMG_Serous,-0.02466727879748448,-6.681618141753524,0.9999999999881841
1544,Dividing_AT2,Muscle_smooth_syst_arterial,-0.024770372845318165,-6.709543194450566,0.9999999999902383
2773,Mesothelia,SMG_Mucous,-0.024883301933428206,-6.74013226145072,0.9999999999920879
1926,Endothelia_vascular_venous_pulmonary,SMG_Mucous,-0.024998803618166057,-6.7714181668999345,0.9999999999936237
655,CD4_EM_Effector,Muscle_smooth_syst_arterial,-0.025557063744530772,-6.9226339138317154,0.9999999999977834
1133,Chondrocyte,SMG_Basal,-0.025571688718081582,-6.926595375872259,0.9999999999978445
2958,Muscle_smooth_pulmonary,Neuroendocrine,-0.02557445362856864,-6.927344306316607,0.9999999999978559
1887,Endothelia_vascular_venous_pulmonary,Fibro_adventitial,-0.025622395538849336,-6.940330316654905,0.9999999999980441
1914,Endothelia_vascular_venous_pulmonary,Muscle_smooth_pulmonary,-0.025742614814953362,-6.972894074611339,0.9999999999984476
2012,Erythrocyte,Muscle_smooth_syst_arterial,-0.025906639017447167,-7.0173232593652335,0.9999999999988692
806,CD4_naive_CM,SMG_Serous,-0.025929101444187152,-7.023407649915398,0.9999999999989174
2145,Fibro_immune_recruiting,Muscle_airway,-0.02598092325453405,-7.037444607578829,0.999999999999021
1771,Endothelia_vascular_Cap_g,SMG_Basal,-0.026040955002307232,-7.053705388441426,0.9999999999991289
725,CD4_TRM,Muscle_smooth_syst_arterial,-0.026209626057400643,-7.099393264714822,0.9999999999993735
511,B_plasmablast,Muscle_smooth_pulmonary,-0.02625920676332382,-7.112823175119493,0.9999999999994316
1123,Chondrocyte,Muscle_smooth_pulmonary,-0.026306370893417978,-7.125598508380382,0.9999999999994819
2973,Muscle_smooth_syst_arterial,NK_CD16hi,-0.02644849790527629,-7.164096407912071,0.9999999999996085
2579,Macro_alv,Muscle_smooth_syst_arterial,-0.02653616109508195,-7.187841708890677,0.9999999999996709
1249,DC_1,Muscle_smooth_syst_arterial,-0.026629422895071708,-7.21310350366991,0.9999999999997266
1813,Endothelia_vascular_arterial_pulmonary,Muscle_smooth_pulmonary,-0.02664172046705351,-7.216434543170769,0.9999999999997332
941,CD8_EM_EMRA,SMG_Serous,-0.026766700019639905,-7.250287715738578,0.999999999999792
214,B_memory,Muscle_smooth_syst_arterial,-0.02678795790613731,-7.256045832847583,0.9999999999998007
290,B_naive,Muscle_smooth_syst_arterial,-0.026963185034686393,-7.303509550700415,0.9999999999998598
2437,Macro_CHIT1,Muscle_smooth_syst_arterial,-0.026993231988101385,-7.311648359633912,0.9999999999998681
1087,Chondrocyte,Dividing_Basal,-0.02699353284875893,-7.311729853666719,0.9999999999998681
2957,Muscle_smooth_pulmonary,NK_CD56bright,-0.027006435229254954,-7.315224717461863,0.9999999999998715
793,CD4_naive_CM,Muscle_smooth_pulmonary,-0.027102207798311476,-7.34116660347791,0.9999999999998941
2987,Muscle_smooth_syst_arterial,T_reg,-0.027196069335959118,-7.366590849010146,0.9999999999999125
794,CD4_naive_CM,Muscle_smooth_syst_arterial,-0.027211130529453138,-7.370670469811139,0.9999999999999151
1932,Endothelia_vascular_venous_pulmonary,Suprabasal,-0.027248023937554145,-7.380663775797689,0.9999999999999213
320,B_plasma_IgA,Chondrocyte,-0.027362294028720473,-7.411616079878941,0.9999999999999376
2117,Fibro_alveolar,SMG_Serous,-0.02745195373215045,-7.435902175882489,0.999999999999948
2545,Macro_alveolar_metallothioneins,Muscle_smooth_syst_arterial,-0.027711039654743884,-7.506080699216395,0.9999999999999696
1370,DC_activated,Muscle_smooth_syst_arterial,-0.027712619725577127,-7.5065086925119395,0.9999999999999697
1556,Dividing_AT2,SMG_Serous,-0.027859720805281138,-7.546353916255147,0.9999999999999776
3138,SMG_Serous,gdT,-0.028083332253339685,-7.60692347969658,0.999999999999986
737,CD4_TRM,SMG_Serous,-0.02809900975553102,-7.611170039842879,0.9999999999999865
995,CD8_TRM_EM,Muscle_smooth_syst_arterial,-0.02810120748381775,-7.611765337820892,0.9999999999999865
2166,Fibro_immune_recruiting,Secretory_Goblet,-0.02812791925862325,-7.619000747960946,0.9999999999999872
862,CD8_EM,Muscle_smooth_syst_arterial,-0.028131435806791186,-7.619953274270319,0.9999999999999873
874,CD8_EM,SMG_Serous,-0.028134531456370123,-7.620791791909697,0.9999999999999873
59,AT1,Muscle_smooth_syst_arterial,-0.028161031070684257,-7.62796973420339,0.9999999999999881
328,B_plasma_IgA,Dividing_Basal,-0.028300854042953193,-7.665843539247557,0.9999999999999911
1134,Chondrocyte,SMG_Duct,-0.02830607443723859,-7.667257585825243,0.9999999999999912
582,Basal,Muscle_perivascular_immune_recruiting,-0.0283294284600754,-7.673583482733064,0.9999999999999917
1059,CD8_TRM,Muscle_smooth_pulmonary,-0.028464907258479583,-7.710280582752571,0.9999999999999937
2612,Macro_dividing,Muscle_smooth_syst_arterial,-0.028541422335087538,-7.731006197773937,0.9999999999999947
2320,ILC,Muscle_smooth_syst_arterial,-0.02855925138232886,-7.735835546259265,0.9999999999999949
2171,Fibro_myofibroblast,Fibro_perichondrial,-0.028616757243499477,-7.751412141002822,0.9999999999999954
2789,Macrophage_intermediate,Muscle_smooth_syst_arterial,-0.028960513073704137,-7.8445251758975845,0.9999999999999978
2778,Mesothelia,Secretory_Goblet,-0.029262559533928964,-7.926340406708388,0.9999999999999989
68,AT1,SMG_Basal,-0.029479753326247644,-7.985171621734049,0.9999999999999993
2801,Macrophage_intermediate,SMG_Serous,-0.029523887253507086,-7.997126164894829,0.9999999999999993
1007,CD8_TRM_EM,SMG_Serous,-0.02982115045442959,-8.077645755744959,0.9999999999999997
2486,Macro_interstitial,SMG_Serous,-0.029875602235530263,-8.09239509276912,0.9999999999999997
2399,MAIT,Muscle_smooth_syst_arterial,-0.02994845544335497,-8.112128818531207,0.9999999999999998
2411,MAIT,SMG_Serous,-0.03012119568887412,-8.158918915150597,0.9999999999999998
2988,Muscle_smooth_syst_arterial,gdT,-0.03025419090853867,-8.194943288968748,0.9999999999999999
2509,Macro_AW_CX3CR1,Muscle_smooth_pulmonary,-0.030389456764525497,-8.231582709341845,0.9999999999999999
1543,Dividing_AT2,Muscle_smooth_pulmonary,-0.03081500126271805,-8.346849815316125,1.0
2930,Muscle_perivascular_immune_recruiting,Muscle_smooth_syst_arterial,-0.03081633905905233,-8.34721218379343,1.0
213,B_memory,Muscle_smooth_pulmonary,-0.03083245363439795,-8.351577133809194,1.0
929,CD8_EM_EMRA,Muscle_smooth_syst_arterial,-0.030999937859658665,-8.396943533854651,1.0
2544,Macro_alveolar_metallothioneins,Muscle_smooth_pulmonary,-0.031048344780759962,-8.41005550152941,1.0
2474,Macro_interstitial,Muscle_smooth_syst_arterial,-0.031234986394571902,-8.460611057457987,1.0
2956,Muscle_smooth_pulmonary,NK_CD11d,-0.031256745625914725,-8.466504973689462,1.0
2076,Fibro_adventitial,Suprabasal,-0.03128204347091881,-8.47335739310363,1.0
654,CD4_EM_Effector,Muscle_smooth_pulmonary,-0.03146552014567428,-8.523055662973583,1.0
766,CD4_naive_CM,Fibro_adventitial,-0.03147679199099809,-8.526108864213368,1.0
1127,Chondrocyte,NAF_perineurial,-0.031490204503546365,-8.529741907318964,1.0
724,CD4_TRM,Muscle_smooth_pulmonary,-0.031576964336496934,-8.55324251630698,1.0
2974,Muscle_smooth_syst_arterial,NKT,-0.03163981849893762,-8.57026780375341,1.0
2644,Macro_int,Muscle_smooth_syst_arterial,-0.03189596207644892,-8.639649334989343,1.0
2757,Mesothelia,Muscle_airway,-0.03189693943431853,-8.639914071611742,1.0
2105,Fibro_alveolar,Muscle_smooth_syst_arterial,-0.03203479633892444,-8.67725532851904,1.0
556,Basal,Fibro_adventitial,-0.03220557978350901,-8.723515387077416,1.0
1124,Chondrocyte,Muscle_smooth_syst_arterial,-0.0323870543367038,-8.772671342902449,1.0
1248,DC_1,Muscle_smooth_pulmonary,-0.032621502720260105,-8.836176303694247,1.0
1309,DC_2,Muscle_smooth_pulmonary,-0.0326265171424016,-8.837534558661325,1.0
2687,Macro_CCL,SMG_Serous,-0.032774828337437875,-8.877707565968503,1.0
226,B_memory,SMG_Serous,-0.032870728002706094,-8.903683878495913,1.0
137,AT2,Muscle_smooth_syst_arterial,-0.03302906987153659,-8.946573891296389,1.0
2968,Muscle_smooth_pulmonary,T_reg,-0.033053463731680735,-8.953181448612487,1.0
2011,Erythrocyte,Muscle_smooth_pulmonary,-0.033165527296409425,-8.983536071563321,1.0
1138,Chondrocyte,Schwann_nonmyelinating,-0.03332142041833291,-9.025762793050118,1.0
3137,SMG_Serous,T_reg,-0.033358427768396585,-9.035786962460685,1.0
2840,Monocyte_CD16,Muscle_smooth_syst_arterial,-0.033372773069890484,-9.03967266981809,1.0
1672,Endothelia_Lymphatic,Suprabasal,-0.03342765821124877,-9.054539391000551,1.0
2104,Fibro_alveolar,Muscle_smooth_pulmonary,-0.03353713192640971,-9.084192502203848,1.0
289,B_naive,Muscle_smooth_pulmonary,-0.03371326671426334,-9.131902077450418,1.0
2954,Muscle_smooth_pulmonary,NK_CD16hi,-0.03391510409811292,-9.186573706886534,1.0
2675,Macro_CCL,Muscle_smooth_syst_arterial,-0.03392289482633516,-9.188683979018883,1.0
3074,NK_CD11d,SMG_Serous,-0.03408417682687132,-9.232370384380733,1.0
2815,Monocyte_CD14,Muscle_smooth_syst_arterial,-0.03415463262651126,-9.25145472493288,1.0
1369,DC_activated,Muscle_smooth_pulmonary,-0.03439131858317282,-9.315565776456303,1.0
1462,Deuterosomal,Fibro_myofibroblast,-0.03444602878919317,-9.330385112958146,1.0
512,B_plasmablast,Muscle_smooth_syst_arterial,-0.034595774953477855,-9.370946809939678,1.0
2319,ILC,Muscle_smooth_pulmonary,-0.03460514574071243,-9.373485072165645,1.0
2074,Fibro_adventitial,Secretory_Club,-0.03487453386087011,-9.446454148552052,1.0
1162,Ciliated,Fibro_myofibroblast,-0.034886465757378755,-9.449686137651142,1.0
861,CD8_EM,Muscle_smooth_pulmonary,-0.03502395905640642,-9.486928904828464,1.0
2940,Muscle_perivascular_immune_recruiting,SMG_Duct,-0.035080506753375464,-9.502245961932518,1.0
1092,Chondrocyte,Endothelia_vascular_arterial_systemic,-0.03512019391304229,-9.512996010537456,1.0
2035,Fibro_adventitial,Fibro_peribronchial,-0.035123202124001385,-9.513810843705052,1.0
2955,Muscle_smooth_pulmonary,NKT,-0.03524982143064826,-9.54810817594562,1.0
2788,Macrophage_intermediate,Muscle_smooth_pulmonary,-0.035436301574524286,-9.598619994562837,1.0
994,CD8_TRM_EM,Muscle_smooth_pulmonary,-0.03547085493588642,-9.60797945281647,1.0
1088,Chondrocyte,Endothelia_Lymphatic,-0.035538827072598714,-9.626391044363283,1.0
2969,Muscle_smooth_pulmonary,gdT,-0.035619088882475565,-9.64813153586078,1.0
2398,MAIT,Muscle_smooth_pulmonary,-0.03573339573451096,-9.679093797347212,1.0
1709,Endothelia_vascular_Cap_a,Muscle_smooth_syst_arterial,-0.03587851648510412,-9.718402609959613,1.0
2578,Macro_alv,Muscle_smooth_pulmonary,-0.03595829144281038,-9.740011227960968,1.0
928,CD8_EM_EMRA,Muscle_smooth_pulmonary,-0.03605111450212048,-9.765154181188652,1.0
2643,Macro_int,Muscle_smooth_pulmonary,-0.03605158132177055,-9.765280628482188,1.0
58,AT1,Muscle_smooth_pulmonary,-0.036393701906828044,-9.857950725032142,1.0
2557,Macro_alveolar_metallothioneins,SMG_Serous,-0.03655466906041424,-9.901551847898505,1.0
3097,Neuroendocrine,SMG_Serous,-0.036683134217367484,-9.936349165037901,1.0
2746,Megakaryocyte,SMG_Serous,-0.036798188297782766,-9.96751382804337,1.0
2656,Macro_int,SMG_Serous,-0.0371948535635059,-10.074958425293776,1.0
1072,CD8_TRM,SMG_Serous,-0.03784667726985462,-10.251517710058042,1.0
380,B_plasma_IgA,Secretory_Club,-0.03798049305116367,-10.287764349153823,1.0
667,CD4_EM_Effector,SMG_Serous,-0.03815165721857326,-10.334127533985493,1.0
136,AT2,Muscle_smooth_pulmonary,-0.0381629899782747,-10.337197235083815,1.0
2611,Macro_dividing,Muscle_smooth_pulmonary,-0.0383404232698521,-10.385258535630493,1.0
2909,Muscle_pericyte_parenchyma,Muscle_smooth_syst_arterial,-0.0384874986469041,-10.425096797304338,1.0
575,Basal,Mesothelia,-0.03849684787627814,-10.427629220159321,1.0
2839,Monocyte_CD16,Muscle_smooth_pulmonary,-0.03896275987791756,-10.553830659246803,1.0
3086,NK_CD56bright,SMG_Serous,-0.03907214406672078,-10.583459520473404,1.0
1762,Endothelia_vascular_Cap_g,Muscle_smooth_syst_arterial,-0.039296350375929295,-10.64419021376966,1.0
1137,Chondrocyte,Schwann_Myelinating,-0.03937182095827793,-10.664632906955612,1.0
2372,Ionocyte_n_Brush,SMG_Serous,-0.0394201717718359,-10.677729676797545,1.0
2674,Macro_CCL,Muscle_smooth_pulmonary,-0.03989429471481414,-10.80615521101367,1.0
2173,Fibro_myofibroblast,Ionocyte_n_Brush,-0.04033107112606041,-10.924464701786144,1.0
2436,Macro_CHIT1,Muscle_smooth_pulmonary,-0.040388998758512866,-10.940155541585735,1.0
2814,Monocyte_CD14,Muscle_smooth_pulmonary,-0.04041978686061489,-10.948495105233754,1.0
2473,Macro_interstitial,Muscle_smooth_pulmonary,-0.04062064412685157,-11.002901250516665,1.0
2024,Erythrocyte,SMG_Serous,-0.0406445968003248,-11.009389303736324,1.0
302,B_naive,SMG_Serous,-0.04081885259857057,-11.056589917651769,1.0
2210,Fibro_myofibroblast,Secretory_Goblet,-0.04102935098471152,-11.113607550086872,1.0
2779,Mesothelia,Suprabasal,-0.041585313644376384,-11.264200982927672,1.0
558,Basal,Fibro_immune_recruiting,-0.041686900700631344,-11.291717837284128,1.0
1382,DC_activated,SMG_Serous,-0.04170761309452746,-11.297328196981752,1.0
2947,Muscle_perivascular_immune_recruiting,Suprabasal,-0.04176948374922211,-11.31408708199067,1.0
2043,Fibro_adventitial,Macro_alveolar_metallothioneins,-0.04185749167141443,-11.337925760523714,1.0
2522,Macro_AW_CX3CR1,SMG_Serous,-0.04188566698844761,-11.345557599892139,1.0
402,B_plasma_IgG,Dividing_Basal,-0.042184908027838704,-11.426612927233581,1.0
580,Basal,Muscle_pericyte_airway,-0.0434133648566415,-11.759364646670376,1.0
1098,Chondrocyte,Fibro_immune_recruiting,-0.04347240258027561,-11.775356176523347,1.0
1441,DC_plasmacytoid,SMG_Serous,-0.0435927745436328,-11.80796129282859,1.0
1125,Chondrocyte,Myoepithelial,-0.04362120263406869,-11.815661600850051,1.0
1602,Dividing_Basal,NAF_endoneurial,-0.04367322697787921,-11.82975341868983,1.0
1708,Endothelia_vascular_Cap_a,Muscle_smooth_pulmonary,-0.04375954479808146,-11.853134299822077,1.0
1115,Chondrocyte,Mesothelia,-0.044232043729465785,-11.981119938522468,1.0
1499,Deuterosomal,SMG_Serous,-0.04439092781032252,-12.024156820125981,1.0
2908,Muscle_pericyte_parenchyma,Muscle_smooth_pulmonary,-0.045200204693569876,-12.243365397983329,1.0
2449,Macro_CHIT1,SMG_Serous,-0.045597474563862525,-12.350973764285579,1.0
2280,Fibro_perichondrial,Myoepithelial,-0.04658815647201077,-12.619319464860599,1.0
186,B_memory,Fibro_adventitial,-0.046591574813187625,-12.620245389872817,1.0
1261,DC_1,SMG_Serous,-0.046925688152859565,-12.710746566353684,1.0
434,B_plasma_IgG,Muscle_airway,-0.04716370030425706,-12.775216843833075,1.0
2067,Fibro_adventitial,Neuroendocrine,-0.04735336227228722,-12.82659052217007,1.0
2862,Muscle_airway,Muscle_perivascular_immune_recruiting,-0.04767289984191958,-12.91314356435019,1.0
1761,Endothelia_vascular_Cap_g,Muscle_smooth_pulmonary,-0.04778352393480868,-12.943108278011197,1.0
2904,Muscle_pericyte_airway,Suprabasal,-0.04832033691683876,-13.08851464362242,1.0
2064,Fibro_adventitial,NKT,-0.049057595670301185,-13.288215693046787,1.0
2232,Fibro_peribronchial,Muscle_airway,-0.04918588975192619,-13.322966671065192,1.0
3119,SMG_Duct,Secretory_Club,-0.04918759266281801,-13.323427938009228,1.0
1875,Endothelia_vascular_arterial_systemic,SMG_Duct,-0.049671826889518246,-13.454592312504731,1.0
3015,NAF_endoneurial,SMG_Mucous,-0.0497285096705994,-13.469945959800254,1.0
1786,Endothelia_vascular_arterial_pulmonary,Fibro_adventitial,-0.04979570871890095,-13.488148145129507,1.0
2046,Fibro_adventitial,Macro_int,-0.050091159524299274,-13.56817681296726,1.0
2624,Macro_dividing,SMG_Serous,-0.05011566518535658,-13.574814653761962,1.0
697,CD4_TRM,Fibro_adventitial,-0.050178334304383024,-13.591789818556283,1.0
2167,Fibro_immune_recruiting,Suprabasal,-0.05044174308141516,-13.66313927212854,1.0
449,B_plasma_IgG,SMG_Duct,-0.050821896594019984,-13.766111335943327,1.0
2037,Fibro_adventitial,ILC,-0.051085168899222336,-13.837423823433463,1.0
2032,Fibro_adventitial,Fibro_alveolar,-0.05114249124508272,-13.852950709441972,1.0
2051,Fibro_adventitial,Macrophage_intermediate,-0.051159488654079446,-13.857554792334442,1.0
1566,Dividing_Basal,Endothelia_vascular_Cap_g,-0.051251083829183246,-13.88236514894877,1.0
2249,Fibro_peribronchial,SMG_Serous,-0.052067258145332064,-14.103442032312547,1.0
344,B_plasma_IgA,Ionocyte_n_Brush,-0.052222513669179536,-14.145496047806647,1.0
2048,Fibro_adventitial,Mast_cell,-0.052355496907819515,-14.181517176328397,1.0
326,B_plasma_IgA,Deuterosomal,-0.052372164267945616,-14.186031858985855,1.0
1135,Chondrocyte,SMG_Mucous,-0.05244027574195468,-14.20448119278294,1.0
2063,Fibro_adventitial,NK_CD16hi,-0.05251959064125543,-14.225965194906971,1.0
1322,DC_2,SMG_Serous,-0.05252092077954314,-14.22632548905158,1.0
1575,Dividing_Basal,Fibro_myofibroblast,-0.05264753546778768,-14.260621570306943,1.0
2053,Fibro_adventitial,Monocyte_CD16,-0.052692948990260634,-14.272922717025534,1.0
2077,Fibro_adventitial,T_reg,-0.05284386622186109,-14.313801620646943,1.0
1221,DC_1,Fibro_adventitial,-0.05321292057524711,-14.413767258653541,1.0
901,CD8_EM_EMRA,Fibro_adventitial,-0.05343642501556652,-14.47430783694193,1.0
3135,SMG_Serous,Secretory_Goblet,-0.05353155944684065,-14.500076870775182,1.0
2078,Fibro_adventitial,gdT,-0.054139266651054084,-14.664686332316634,1.0
1401,DC_plasmacytoid,Fibro_adventitial,-0.05442128295057074,-14.741075999721408,1.0
109,AT2,Fibro_adventitial,-0.05446453399258113,-14.752791396029162,1.0
1516,Dividing_AT2,Fibro_adventitial,-0.054839972634371036,-14.854486344251605,1.0
1665,Endothelia_Lymphatic,SMG_Duct,-0.0549530431605955,-14.885113722549857,1.0
1614,Dividing_Basal,Schwann_nonmyelinating,-0.05505722328307257,-14.913332959948018,1.0
2591,Macro_alv,SMG_Serous,-0.055482900727660114,-15.028636077070994,1.0
1941,Endothelia_vascular_venous_systemic,Fibro_perichondrial,-0.055493009037778075,-15.031374111891175,1.0
2717,Mast_cell,SMG_Serous,-0.055831791333676634,-15.123139967094124,1.0
2039,Fibro_adventitial,MAIT,-0.05605360379621831,-15.183222239887693,1.0
2052,Fibro_adventitial,Monocyte_CD14,-0.05616654481155258,-15.213814537611366,1.0
627,CD4_EM_Effector,Fibro_adventitial,-0.05621808605615983,-15.227775498520094,1.0
559,Basal,Fibro_myofibroblast,-0.05634442247022708,-15.261996203735535,1.0
539,Basal,Chondrocyte,-0.056766047025709844,-15.376201516046258,1.0
3136,SMG_Serous,Suprabasal,-0.057102449342959744,-15.467322707172297,1.0
2042,Fibro_adventitial,Macro_AW_CX3CR1,-0.05722312363074771,-15.50000971400215,1.0
2065,Fibro_adventitial,NK_CD11d,-0.057472174944877455,-15.567470166060062,1.0
2049,Fibro_adventitial,Megakaryocyte,-0.05752084487635113,-15.580653375272648,1.0
1565,Dividing_Basal,Endothelia_vascular_Cap_a,-0.057584146758698794,-15.597799936471139,1.0
321,B_plasma_IgA,Ciliated,-0.05775499101939644,-15.644076468271164,1.0
262,B_naive,Fibro_adventitial,-0.057952712783638255,-15.69763330110318,1.0
507,B_plasmablast,Muscle_airway,-0.05798513918485678,-15.706416630323734,1.0
1032,CD8_TRM,Fibro_adventitial,-0.058229208668705165,-15.772527655561591,1.0
2066,Fibro_adventitial,NK_CD56bright,-0.05824820788531427,-15.777673967459904,1.0
834,CD8_EM,Fibro_adventitial,-0.05826048015481351,-15.780998153285177,1.0
1141,Chondrocyte,Suprabasal,-0.05845554530766766,-15.83383539061624,1.0
2211,Fibro_myofibroblast,Suprabasal,-0.05849855578984158,-15.845485626555849,1.0
1607,Dividing_Basal,NK_CD56bright,-0.05900234883917048,-15.98194789325827,1.0
967,CD8_TRM_EM,Fibro_adventitial,-0.05909383850522864,-16.006729670670197,1.0
2056,Fibro_adventitial,Muscle_pericyte_parenchyma,-0.059113926146025626,-16.01217080369002,1.0
2036,Fibro_adventitial,Fibro_perichondrial,-0.05927914071670259,-16.056922423103742,1.0
2047,Fibro_adventitial,Macro_CCL,-0.05930701581535899,-16.06447294241375,1.0
1199,Ciliated,SMG_Serous,-0.05940434687450566,-16.090836976156165,1.0
1591,Dividing_Basal,Mesothelia,-0.05958562985484401,-16.139941040701114,1.0
22,AT1,Dividing_Basal,-0.05986465126538469,-16.21551948345972,1.0
1342,DC_activated,Fibro_adventitial,-0.05989708985950253,-16.22430611536712,1.0
381,B_plasma_IgA,Secretory_Goblet,-0.06004054769605042,-16.26316449496888,1.0
596,Basal,SMG_Serous,-0.060737220088358954,-16.451871929360966,1.0
2044,Fibro_adventitial,Macro_alv,-0.06173427630762,-16.721944237606092,1.0
1590,Dividing_Basal,Megakaryocyte,-0.061933243177264063,-16.775838331751462,1.0
467,B_plasmablast,Chondrocyte,-0.06233515250069363,-16.884703385283057,1.0
1681,Endothelia_vascular_Cap_a,Fibro_adventitial,-0.0624721533011635,-16.921812749529085,1.0
2041,Fibro_adventitial,Macro_interstitial,-0.06249861218576582,-16.9289796593784,1.0
1734,Endothelia_vascular_Cap_g,Fibro_adventitial,-0.06269346880771047,-16.981760412006814,1.0
1583,Dividing_Basal,Macro_AW_CX3CR1,-0.06289943727326996,-17.037551026261834,1.0
1910,Endothelia_vascular_venous_pulmonary,Muscle_airway,-0.06307536781919362,-17.085205278560306,1.0
1282,DC_2,Fibro_adventitial,-0.06328981896356875,-17.14329359338986,1.0
2729,Megakaryocyte,Muscle_airway,-0.06378499955399634,-17.27742300602627,1.0
1597,Dividing_Basal,Muscle_pericyte_parenchyma,-0.0640249013828997,-17.342405139864397,1.0
1589,Dividing_Basal,Mast_cell,-0.06410624315931972,-17.36443816156381,1.0
1984,Erythrocyte,Fibro_adventitial,-0.06411697323297498,-17.36734461328011,1.0
1140,Chondrocyte,Secretory_Goblet,-0.06432102007206685,-17.422614717171047,1.0
1122,Chondrocyte,Muscle_perivascular_immune_recruiting,-0.0649573139689891,-17.594967447282336,1.0
1023,CD8_TRM,Dividing_Basal,-0.06556169791311046,-17.758676738395454,1.0
2045,Fibro_adventitial,Macro_dividing,-0.0660636922956371,-17.894651800780142,1.0
1103,Chondrocyte,Ionocyte_n_Brush,-0.06628235932655671,-17.95388207148778,1.0
31,AT1,Fibro_adventitial,-0.06659425582323572,-18.038365378611726,1.0
2040,Fibro_adventitial,Macro_CHIT1,-0.06728712118579704,-18.22604160403933,1.0
1809,Endothelia_vascular_arterial_pulmonary,Muscle_airway,-0.0672938454365635,-18.227862999754674,1.0
1273,DC_2,Dividing_Basal,-0.06738222860934835,-18.251803322299097,1.0
1608,Dividing_Basal,Neuroendocrine,-0.0676919749285761,-18.335704211525055,1.0
2872,Muscle_airway,Neuroendocrine,-0.0680249632890045,-18.425900665227843,1.0
1925,Endothelia_vascular_venous_pulmonary,SMG_Duct,-0.06803570022910839,-18.42880897685695,1.0
2362,Ionocyte_n_Brush,NAF_endoneurial,-0.06814867952118447,-18.45941164258978,1.0
1606,Dividing_Basal,NK_CD11d,-0.06894566775071935,-18.67529159663511,1.0
342,B_plasma_IgA,Fibro_perichondrial,-0.0691974764390099,-18.743498937775023,1.0
1567,Dividing_Basal,Endothelia_vascular_arterial_pulmonary,-0.06933873753593528,-18.781762287197935,1.0
789,CD4_naive_CM,Muscle_airway,-0.07083472705355874,-19.186980502911513,1.0
1507,Dividing_AT2,Dividing_Basal,-0.0711041089137354,-19.259947883658807,1.0
1424,DC_plasmacytoid,Muscle_airway,-0.07136647090029037,-19.331013793419835,1.0
2700,Mast_cell,Muscle_airway,-0.0714333574221759,-19.349131324815907,1.0
1392,DC_plasmacytoid,Dividing_Basal,-0.07171308166746124,-19.424900144203374,1.0
2100,Fibro_alveolar,Muscle_airway,-0.07188986565752047,-19.472785568649616,1.0
1569,Dividing_Basal,Endothelia_vascular_venous_pulmonary,-0.07205303013859823,-19.516981880930732,1.0
1085,Chondrocyte,Deuterosomal,-0.07220894876460503,-19.55921551070065,1.0
2289,Fibro_perichondrial,SMG_Duct,-0.07273617005321403,-19.70202377729582,1.0
1539,Dividing_AT2,Muscle_airway,-0.07363685721112881,-19.945992627843758,1.0
2871,Muscle_airway,NK_CD56bright,-0.07413873433726637,-20.081935929026773,1.0
1120,Chondrocyte,Muscle_pericyte_airway,-0.07415172212061535,-20.085453925866158,1.0
2540,Macro_alveolar_metallothioneins,Muscle_airway,-0.07416352990663794,-20.08865229719646,1.0
333,B_plasma_IgA,Endothelia_vascular_arterial_systemic,-0.07458073986247848,-20.20166182827407,1.0
1574,Dividing_Basal,Fibro_immune_recruiting,-0.07472301056197728,-20.24019864843228,1.0
1604,Dividing_Basal,NK_CD16hi,-0.07500477768199074,-20.316520820662465,1.0
958,CD8_TRM_EM,Dividing_Basal,-0.07512497489970518,-20.349078603669767,1.0
825,CD8_EM,Dividing_Basal,-0.07543260911619175,-20.43240738828262,1.0
1080,Chondrocyte,Ciliated,-0.07553403379630676,-20.45988025986451,1.0
1055,CD8_TRM,Muscle_airway,-0.07569927473454514,-20.5046390214514,1.0
720,CD4_TRM,Muscle_airway,-0.0759227040636829,-20.565159254397358,1.0
1489,Deuterosomal,NAF_endoneurial,-0.07603743507514016,-20.59623640781457,1.0
209,B_memory,Muscle_airway,-0.07636230060871643,-20.684232633932346,1.0
2870,Muscle_airway,NK_CD11d,-0.07648554724531646,-20.717616412085487,1.0
100,AT2,Dividing_Basal,-0.07653187645586808,-20.730165590949365,1.0
688,CD4_TRM,Dividing_Basal,-0.07671071142318739,-20.77860656296864,1.0
2505,Macro_AW_CX3CR1,Muscle_airway,-0.07705725092666925,-20.872473610578883,1.0
650,CD4_EM_Effector,Muscle_airway,-0.07711743315424555,-20.888775151858983,1.0
132,AT2,Muscle_airway,-0.07760883479106402,-21.021880960505722,1.0
2869,Muscle_airway,NKT,-0.07802151696066632,-21.13366405153213,1.0
2315,ILC,Muscle_airway,-0.07815697608810693,-21.170355823283845,1.0
54,AT1,Muscle_airway,-0.07817924010310884,-21.17638647010818,1.0
1596,Dividing_Basal,Muscle_pericyte_airway,-0.0783345871161867,-21.21846526726168,1.0
2882,Muscle_airway,T_reg,-0.07889895507844046,-21.37133544180253,1.0
285,B_naive,Muscle_airway,-0.07901852434980661,-21.40372313317762,1.0
3020,NAF_endoneurial,Secretory_Goblet,-0.07913351684568705,-21.43487111479928,1.0
1121,Chondrocyte,Muscle_pericyte_parenchyma,-0.07915761353319369,-21.441398177055408,1.0
2868,Muscle_airway,NK_CD16hi,-0.07925312844765191,-21.467270272250488,1.0
2883,Muscle_airway,gdT,-0.07926363054712568,-21.470114972671094,1.0
1097,Chondrocyte,Fibro_alveolar,-0.07948403347467357,-21.529815445158956,1.0
1244,DC_1,Muscle_airway,-0.0795602589979727,-21.550462628965548,1.0
857,CD8_EM,Muscle_airway,-0.07962074855261587,-21.56684741583274,1.0
14,AT1,Chondrocyte,-0.07974932366216074,-21.60167451579646,1.0
2394,MAIT,Muscle_airway,-0.07975851413729533,-21.60416393693994,1.0
924,CD8_EM_EMRA,Muscle_airway,-0.07976706322850545,-21.60647962661913,1.0
1578,Dividing_Basal,ILC,-0.07983513149554491,-21.62491725695779,1.0
312,B_plasma_IgA,Basal,-0.0799721695702799,-21.66203671767243,1.0
1582,Dividing_Basal,Macro_interstitial,-0.0800779146612833,-21.690679857608956,1.0
990,CD8_TRM_EM,Muscle_airway,-0.08014652394824673,-21.709264033846278,1.0
522,B_plasmablast,SMG_Duct,-0.08019287449931382,-21.721818993208952,1.0
2784,Macrophage_intermediate,Muscle_airway,-0.08022955672596555,-21.731755096541963,1.0
1704,Endothelia_vascular_Cap_a,Muscle_airway,-0.08064097061922094,-21.84319464994844,1.0
253,B_naive,Dividing_Basal,-0.08066544050793847,-21.849822801100583,1.0
2639,Macro_int,Muscle_airway,-0.08074568557330157,-21.871558757016846,1.0
1365,DC_activated,Muscle_airway,-0.08091236761469421,-21.91670786976726,1.0
2835,Monocyte_CD16,Muscle_airway,-0.08123785714850519,-22.004873118634684,1.0
92,AT2,Chondrocyte,-0.08133601867119053,-22.031462099777727,1.0
1305,DC_2,Muscle_airway,-0.08143538990457914,-22.058378754883012,1.0
2861,Muscle_airway,Muscle_pericyte_parenchyma,-0.08170622748561324,-22.13174044628655,1.0
1757,Endothelia_vascular_Cap_g,Muscle_airway,-0.08191158731127463,-22.18736619844152,1.0
1093,Chondrocyte,Endothelia_vascular_venous_pulmonary,-0.08254546471013853,-22.359064372474748,1.0
1090,Chondrocyte,Endothelia_vascular_Cap_g,-0.08256971340438689,-22.365632608749767,1.0
1594,Dividing_Basal,Monocyte_CD16,-0.0826270077298529,-22.38115190488276,1.0
2007,Erythrocyte,Muscle_airway,-0.08266375603268017,-22.391105906248907,1.0
1189,Ciliated,NAF_endoneurial,-0.08275111094188389,-22.414767703356677,1.0
1618,Dividing_Basal,T_reg,-0.08286836078580674,-22.446527132141036,1.0
382,B_plasma_IgA,Suprabasal,-0.08305253497335127,-22.496414337083387,1.0
2670,Macro_CCL,Muscle_airway,-0.08360266608578085,-22.6454281805369,1.0
1573,Dividing_Basal,Fibro_alveolar,-0.08471626436017761,-22.947068199037588,1.0
1581,Dividing_Basal,Macro_CHIT1,-0.08481914292530392,-22.97493488400065,1.0
2810,Monocyte_CD14,Muscle_airway,-0.08492238637329007,-23.00290040467056,1.0
1580,Dividing_Basal,MAIT,-0.08495349323128498,-23.01132630962822,1.0
1091,Chondrocyte,Endothelia_vascular_arterial_pulmonary,-0.08501506732531285,-23.02800486534149,1.0
3134,SMG_Serous,Secretory_Club,-0.085015908923744,-23.028232828846985,1.0
1089,Chondrocyte,Endothelia_vascular_Cap_a,-0.08519576344076105,-23.07694996597603,1.0
618,CD4_EM_Effector,Dividing_Basal,-0.0852889956377108,-23.102203742189012,1.0
1108,Chondrocyte,Macro_alveolar_metallothioneins,-0.08547648541178571,-23.15298903902443,1.0
892,CD8_EM_EMRA,Dividing_Basal,-0.08559670957081988,-23.185554119618637,1.0
2744,Megakaryocyte,SMG_Duct,-0.08588932855009757,-23.264815731595167,1.0
2574,Macro_alv,Muscle_airway,-0.08607780342617732,-23.315867862704483,1.0
1593,Dividing_Basal,Monocyte_CD14,-0.08672292205072685,-23.490610944045613,1.0
1112,Chondrocyte,Macro_CCL,-0.08745413262185256,-23.688673724200097,1.0
2607,Macro_dividing,Muscle_airway,-0.08765526939817204,-23.74315558029227,1.0
1129,Chondrocyte,NKT,-0.08781472001094345,-23.786345918219446,1.0
1212,DC_1,Dividing_Basal,-0.08782687311220361,-23.789637824980833,1.0
2469,Macro_interstitial,Muscle_airway,-0.08783077553303313,-23.790694872498126,1.0
1333,DC_activated,Dividing_Basal,-0.0879421161850664,-23.82085368031182,1.0
1143,Chondrocyte,gdT,-0.08844067578971049,-23.955898365478923,1.0
2247,Fibro_peribronchial,SMG_Duct,-0.08855433109298741,-23.986684142155635,1.0
1588,Dividing_Basal,Macro_CCL,-0.08870295590555288,-24.02694209894548,1.0
1619,Dividing_Basal,gdT,-0.08880125473086288,-24.053568271207794,1.0
1584,Dividing_Basal,Macro_alveolar_metallothioneins,-0.08905671603170716,-24.12276499437497,1.0
1592,Dividing_Basal,Macrophage_intermediate,-0.08910878148805498,-24.13686794835495,1.0
1586,Dividing_Basal,Macro_dividing,-0.08973183412593194,-24.305634022743774,1.0
2291,Fibro_perichondrial,SMG_Serous,-0.0897955014057118,-24.32287955903116,1.0
1772,Endothelia_vascular_Cap_g,SMG_Duct,-0.08985825557861474,-24.339877762342578,1.0
177,B_memory,Dividing_Basal,-0.0903020239316593,-24.460081158216997,1.0
1104,Chondrocyte,MAIT,-0.09034467655239638,-24.471634460340425,1.0
1118,Chondrocyte,Monocyte_CD16,-0.09042640056316276,-24.493771017738446,1.0
1114,Chondrocyte,Megakaryocyte,-0.09054495085942282,-24.525882699643233,1.0
1605,Dividing_Basal,NKT,-0.09081163118358772,-24.598118316170606,1.0
749,CD4_naive_CM,Chondrocyte,-0.09084526325176212,-24.607228224024798,1.0
1598,Dividing_Basal,Muscle_perivascular_immune_recruiting,-0.09143014627451608,-24.765655306627643,1.0
1585,Dividing_Basal,Macro_alv,-0.09146976298608021,-24.7763862729769,1.0
586,Basal,NAF_endoneurial,-0.0919578824874125,-24.90860305060452,1.0
2432,Macro_CHIT1,Muscle_airway,-0.09199162428862402,-24.917742681812374,1.0
1086,Chondrocyte,Dividing_AT2,-0.09199726131470672,-24.91926958131551,1.0
1142,Chondrocyte,T_reg,-0.09225374044947457,-24.988742004841246,1.0
1824,Endothelia_vascular_arterial_pulmonary,SMG_Duct,-0.09228832576636574,-24.998110118879097,1.0
884,CD8_EM_EMRA,Chondrocyte,-0.09233196474682813,-25.009930595954778,1.0
1571,Dividing_Basal,Erythrocyte,-0.09245941101843841,-25.044451927937978,1.0
394,B_plasma_IgG,Chondrocyte,-0.09270091422377362,-25.109867826112524,1.0
1117,Chondrocyte,Monocyte_CD14,-0.09272248207023016,-25.115709901979333,1.0
1111,Chondrocyte,Macro_int,-0.09289561380071322,-25.162606040009226,1.0
1139,Chondrocyte,Secretory_Club,-0.09317967989287926,-25.239550934111904,1.0
475,B_plasmablast,Dividing_Basal,-0.09327870207393998,-25.26637304152161,1.0
1587,Dividing_Basal,Macro_int,-0.09341014147504571,-25.301975991250256,1.0
680,CD4_TRM,Chondrocyte,-0.0937850002866044,-25.40351388103817,1.0
610,CD4_EM_Effector,Chondrocyte,-0.09383318573729293,-25.416565859091047,1.0
1116,Chondrocyte,Macrophage_intermediate,-0.09394773143715483,-25.447592817214016,1.0
169,B_memory,Chondrocyte,-0.09407034551600794,-25.480805254646835,1.0
1719,Endothelia_vascular_Cap_a,SMG_Duct,-0.09467850744291727,-25.645537886783604,1.0
817,CD8_EM,Chondrocyte,-0.09494358291074416,-25.71733879637346,1.0
1102,Chondrocyte,ILC,-0.09500139478206875,-25.73299827999232,1.0
1132,Chondrocyte,Neuroendocrine,-0.09509095984143338,-25.757258739787304,1.0
950,CD8_TRM_EM,Chondrocyte,-0.09531976105443879,-25.819234053247012,1.0
3021,NAF_endoneurial,Suprabasal,-0.09559989971921008,-25.895115126311843,1.0
245,B_naive,Chondrocyte,-0.09601072514056934,-26.006395280518696,1.0
1083,Chondrocyte,DC_activated,-0.09625585042115761,-26.072792289091367,1.0
1095,Chondrocyte,Erythrocyte,-0.09737133747880324,-26.374943921723677,1.0
1564,Dividing_Basal,Endothelia_Lymphatic,-0.09745344535159044,-26.39718445570798,1.0
2919,Muscle_pericyte_parenchyma,SMG_Duct,-0.09837750000584046,-26.64748285272607,1.0
757,CD4_naive_CM,Dividing_Basal,-0.09861589881566923,-26.712057864254575,1.0
1081,Chondrocyte,DC_1,-0.0988860348955998,-26.785229540272212,1.0
1554,Dividing_AT2,SMG_Duct,-0.09913384557904752,-26.85235394308285,1.0
1106,Chondrocyte,Macro_interstitial,-0.09941702462158498,-26.92905856232831,1.0
1130,Chondrocyte,NK_CD11d,-0.0996952105486761,-27.004410697944586,1.0
1110,Chondrocyte,Macro_dividing,-0.09985153091127574,-27.046753145980556,1.0
1100,Chondrocyte,Fibro_peribronchial,-0.10007048945989341,-27.106062379996473,1.0
3045,NK_CD16hi,SMG_Duct,-0.10023427961916155,-27.150428169534568,1.0
69,AT1,SMG_Duct,-0.10036159990581572,-27.18491537601186,1.0
147,AT2,SMG_Duct,-0.10043377197092464,-27.204464600858206,1.0
1113,Chondrocyte,Mast_cell,-0.10054310652573585,-27.23408001774082,1.0
1128,Chondrocyte,NK_CD16hi,-0.10061087886301573,-27.252437489677465,1.0
1131,Chondrocyte,NK_CD56bright,-0.10190059819764104,-27.601783365027185,1.0
1109,Chondrocyte,Macro_alv,-0.10191853701307864,-27.606642446389724,1.0
1084,Chondrocyte,DC_plasmacytoid,-0.10224065539991664,-27.693894553724267,1.0
2115,Fibro_alveolar,SMG_Duct,-0.10229106708448601,-27.70754955105658,1.0
804,CD4_naive_CM,SMG_Duct,-0.10240299775581577,-27.737868177213745,1.0
1082,Chondrocyte,DC_2,-0.10264349638331811,-27.803011965702908,1.0
1015,CD8_TRM,Chondrocyte,-0.10270477947195895,-27.819611696877434,1.0
3072,NK_CD11d,SMG_Duct,-0.10299034421521988,-27.896962530136427,1.0
2520,Macro_AW_CX3CR1,SMG_Duct,-0.10352405010663718,-28.04152727907899,1.0
2330,ILC,SMG_Duct,-0.1036159031034562,-28.066407471781194,1.0
3095,Neuroendocrine,SMG_Duct,-0.10376425745416969,-28.106592168653247,1.0
735,CD4_TRM,SMG_Duct,-0.10414422612813097,-28.2095141652821,1.0
1439,DC_plasmacytoid,SMG_Duct,-0.10462430398094981,-28.339552704076077,1.0
3084,NK_CD56bright,SMG_Duct,-0.10557814686760109,-28.59791983034708,1.0
3059,NKT,SMG_Duct,-0.1059833791364369,-28.707684969068158,1.0
2555,Macro_alveolar_metallothioneins,SMG_Duct,-0.10611859331360358,-28.7443103912153,1.0
1105,Chondrocyte,Macro_CHIT1,-0.10657594868589104,-28.868194098769454,1.0
1877,Endothelia_vascular_arterial_systemic,SMG_Serous,-0.106666760398163,-28.892792239050006,1.0
1107,Chondrocyte,Macro_AW_CX3CR1,-0.10680791277349982,-28.931026139090015,1.0
2850,Monocyte_CD16,SMG_Duct,-0.10695343681128158,-28.970444189977858,1.0
872,CD8_EM,SMG_Duct,-0.10702762408189123,-28.9905392729119,1.0
3123,SMG_Duct,gdT,-0.10762902171118381,-29.153439661855437,1.0
939,CD8_EM_EMRA,SMG_Duct,-0.10772170756199358,-29.17854544945928,1.0
224,B_memory,SMG_Duct,-0.10784482671469141,-29.211894696087448,1.0
1005,CD8_TRM_EM,SMG_Duct,-0.10856634179670535,-29.407331262119403,1.0
1070,CD8_TRM,SMG_Duct,-0.10879403983568063,-29.469007759172417,1.0
665,CD4_EM_Effector,SMG_Duct,-0.1089194445377026,-29.50297609183571,1.0
2409,MAIT,SMG_Duct,-0.10949511807969431,-29.658908605246616,1.0
2799,Macrophage_intermediate,SMG_Duct,-0.10978133804175763,-29.736436917418988,1.0
3122,SMG_Duct,T_reg,-0.1108637705414673,-30.029635072215914,1.0
2825,Monocyte_CD14,SMG_Duct,-0.1117211603427352,-30.261875981224904,1.0
300,B_naive,SMG_Duct,-0.11285228747458584,-30.568264035896487,1.0
1380,DC_activated,SMG_Duct,-0.11406940332899818,-30.8979438291247,1.0
2685,Macro_CCL,SMG_Duct,-0.11558128418314564,-31.30746652622381,1.0
2484,Macro_interstitial,SMG_Duct,-0.11590931104367598,-31.39631905999115,1.0
2022,Erythrocyte,SMG_Duct,-0.11615724027409396,-31.46347557358278,1.0
2654,Macro_int,SMG_Duct,-0.1163552073520839,-31.517098854473513,1.0
2715,Mast_cell,SMG_Duct,-0.11649815974413391,-31.555820324481214,1.0
1259,DC_1,SMG_Duct,-0.11799224282585276,-31.960522144493794,1.0
1320,DC_2,SMG_Duct,-0.12039467000053243,-32.6112668466706,1.0
2622,Macro_dividing,SMG_Duct,-0.1255041358337744,-33.995266268996055,1.0
2447,Macro_CHIT1,SMG_Duct,-0.12672847714866808,-34.32690322045931,1.0
2589,Macro_alv,SMG_Duct,-0.12763686713834418,-34.57295853465254,1.0
