A,B,R,z,p
AT1,AT1,0.5274677872657776,282.94329833984375,0.0
AT1,AT2,0.5231680870056152,280.6368408203125,0.0
AT1,B_memory,0.4609508514404297,247.2624053955078,0.0
AT1,B_naive,0.4736481010913849,254.0734405517578,0.0
AT1,B_plasma_IgA,0.15846657752990723,85.00434875488281,0.0
AT1,B_plasma_IgG,0.09399386495351791,50.420013427734375,0.0
AT1,B_plasmablast,0.17767131328582764,95.30611419677734,0.0
AT1,Basal,0.1087651178240776,58.34358215332031,0.0
AT1,CD4_EM_Effector,0.4748689532279968,254.7283172607422,0.0
AT1,CD4_TRM,0.45136499404907227,242.12037658691406,0.0
AT1,CD4_naive_CM,0.31243690848350525,167.59683227539062,0.0
AT1,CD8_EM,0.4770989418029785,255.92453002929688,0.0
AT1,CD8_EM_EMRA,0.5097932815551758,273.4623718261719,0.0
AT1,CD8_TRM_EM,0.49965065717697144,268.02166748046875,0.0
AT1,CD8_TRM,0.4604835510253906,247.01173400878906,0.0
AT1,Chondrocyte,0.08819584548473358,47.309852600097656,0.0
AT1,Ciliated,0.07947114109992981,42.6297607421875,0.0
AT1,DC_1,0.4237242043018341,227.29335021972656,0.0
AT1,DC_2,0.4810233414173126,258.0296325683594,0.0
AT1,DC_activated,0.5011839270591736,268.8441467285156,0.0
AT1,DC_plasmacytoid,0.4384990632534027,235.21885681152344,0.0
AT1,Deuterosomal,0.024074412882328033,12.913951873779297,3.7552260198422035e-38
AT1,Dividing_AT2,0.4366630017757416,234.2339630126953,0.0
AT1,Dividing_Basal,0.23955745995044708,128.50296020507812,0.0
AT1,Endothelia_Lymphatic,0.13379617035388947,71.77069091796875,0.0
AT1,Endothelia_vascular_Cap_a,0.5397287011146545,289.520263671875,0.0
AT1,Endothelia_vascular_Cap_g,0.5248528718948364,281.54058837890625,0.0
AT1,Endothelia_vascular_arterial_pulmonary,0.31734976172447205,170.23216247558594,0.0
AT1,Endothelia_vascular_arterial_systemic,0.06124572455883026,32.85331726074219,1.0213098795540752e-236
AT1,Endothelia_vascular_venous_pulmonary,0.2172657549381256,116.54529571533203,0.0
AT1,Endothelia_vascular_venous_systemic,0.028206147253513336,15.130289077758789,1.0224527972997933e-51
AT1,Erythrocyte,0.4971614480018616,266.6864318847656,0.0
AT1,Fibro_adventitial,-0.03738616034388542,-20.054615020751953,1.8396211853712685e-89
AT1,Fibro_alveolar,0.5239935517311096,281.07965087890625,0.0
AT1,Fibro_immune_recruiting,0.14243300259113312,76.40364837646484,0.0
AT1,Fibro_myofibroblast,-0.010460957884788513,-5.611447811126709,2.0064080127416356e-08
AT1,Fibro_peribronchial,0.061624303460121155,33.056392669677734,1.2590653704770661e-239
AT1,Fibro_perichondrial,-0.003376981243491173,-1.8114739656448364,0.07006751550869907
AT1,ILC,0.45415422320365906,243.61656188964844,0.0
AT1,Ionocyte_n_Brush,0.1271258145570755,68.19259643554688,0.0
AT1,MAIT,0.5057210326194763,271.2779235839844,0.0
AT1,Macro_CHIT1,0.25163552165031433,134.9818572998047,0.0
AT1,Macro_interstitial,0.49046820402145386,263.0960388183594,0.0
AT1,Macro_AW_CX3CR1,0.41863352060317993,224.5626220703125,0.0
AT1,Macro_alveolar_metallothioneins,0.4113922119140625,220.67825317382812,0.0
AT1,Macro_alv,0.23402883112430573,125.53730773925781,0.0
AT1,Macro_dividing,0.3269948363304138,175.4059600830078,0.0
AT1,Macro_int,0.39303910732269287,210.83331298828125,0.0
AT1,Macro_CCL,0.4940806031227112,265.0338134765625,0.0
AT1,Mast_cell,0.40796077251434326,218.83755493164062,0.0
AT1,Megakaryocyte,0.239103764295578,128.2595977783203,0.0
AT1,Mesothelia,0.15359018743038177,82.38856506347656,0.0
AT1,Macrophage_intermediate,0.4386196732521057,235.28355407714844,0.0
AT1,Monocyte_CD14,0.476204514503479,255.4447479248047,0.0
AT1,Monocyte_CD16,0.473897248506546,254.2070770263672,0.0
AT1,Muscle_airway,-0.1741877645254135,-93.4374771118164,0.0
AT1,Muscle_pericyte_airway,0.04801790043711662,25.757673263549805,2.644632350668027e-146
AT1,Muscle_pericyte_parenchyma,0.5074545741081238,272.20782470703125,0.0
AT1,Muscle_perivascular_immune_recruiting,0.1729765683412552,92.78777313232422,0.0
AT1,Muscle_smooth_pulmonary,-0.15994882583618164,-85.79945373535156,0.0
AT1,Muscle_smooth_syst_arterial,-0.17599748075008392,-94.40824127197266,0.0
AT1,Myoepithelial,0.19096854329109192,102.4389877319336,0.0
AT1,NAF_endoneurial,-0.07771578431129456,-41.68815612792969,0.0
AT1,NAF_perineurial,-0.14163361489772797,-75.97483825683594,0.0
AT1,NK_CD16hi,0.4877118766307831,261.61749267578125,0.0
AT1,NKT,0.49975916743278503,268.07989501953125,0.0
AT1,NK_CD11d,0.45133650302886963,242.10508728027344,0.0
AT1,NK_CD56bright,0.4280886948108673,229.63453674316406,0.0
AT1,Neuroendocrine,0.1862667351961136,99.91685485839844,0.0
AT1,SMG_Basal,0.14477652311325073,77.66075134277344,0.0
AT1,SMG_Duct,0.19319958984851837,103.6357650756836,0.0
AT1,SMG_Mucous,0.22894874215126038,122.812255859375,0.0
AT1,SMG_Serous,0.16945025324821472,90.89618682861328,0.0
AT1,Schwann_Myelinating,0.15131881833076477,81.17015838623047,0.0
AT1,Schwann_nonmyelinating,-0.08088116347789764,-43.38612365722656,0.0
AT1,Secretory_Club,0.11625752598047256,62.36264419555664,0.0
AT1,Secretory_Goblet,0.08964121341705322,48.085174560546875,0.0
AT1,Suprabasal,0.04883895441889763,26.198101043701172,2.7931496871399228e-151
AT1,T_reg,0.48586785793304443,260.6283264160156,0.0
AT1,gdT,0.47631150484085083,255.50213623046875,0.0
AT2,AT2,0.5534678101539612,296.8901672363281,0.0
AT2,B_memory,0.5229847431182861,280.53851318359375,0.0
AT2,B_naive,0.4957157075405121,265.910888671875,0.0
AT2,B_plasma_IgA,0.1619531512260437,86.8746109008789,0.0
AT2,B_plasma_IgG,0.17917273938655853,96.11151123046875,0.0
AT2,B_plasmablast,0.24697262048721313,132.4805908203125,0.0
AT2,Basal,0.0792340561747551,42.502586364746094,0.0
AT2,CD4_EM_Effector,0.4914945662021637,263.6466064453125,0.0
AT2,CD4_TRM,0.46141231060028076,247.5099334716797,0.0
AT2,CD4_naive_CM,0.39415043592453003,211.429443359375,0.0
AT2,CD8_EM,0.4943578839302063,265.1825256347656,0.0
AT2,CD8_EM_EMRA,0.550658106803894,295.38299560546875,0.0
AT2,CD8_TRM_EM,0.521192729473114,279.5772399902344,0.0
AT2,CD8_TRM,0.46584048867225647,249.88528442382812,0.0
AT2,Chondrocyte,0.12224353849887848,65.57365417480469,0.0
AT2,Ciliated,0.060115180909633636,32.24687194824219,3.891731662535981e-228
AT2,DC_1,0.510077953338623,273.6150817871094,0.0
AT2,DC_2,0.530360758304596,284.4951171875,0.0
AT2,DC_activated,0.5431777238845825,291.3703918457031,0.0
AT2,DC_plasmacytoid,0.45192497968673706,242.42076110839844,0.0
AT2,Deuterosomal,-0.012402950786054134,-6.653167724609375,2.8685097824678828e-11
AT2,Dividing_AT2,0.43866145610809326,235.30596923828125,0.0
AT2,Dividing_Basal,0.21877358853816986,117.35411834716797,0.0
AT2,Endothelia_Lymphatic,0.15361745655536652,82.40319061279297,0.0
AT2,Endothelia_vascular_Cap_a,0.547447144985199,293.66058349609375,0.0
AT2,Endothelia_vascular_Cap_g,0.5274006724357605,282.90728759765625,0.0
AT2,Endothelia_vascular_arterial_pulmonary,0.30203044414520264,162.0146026611328,0.0
AT2,Endothelia_vascular_arterial_systemic,0.0319507010281086,17.138935089111328,7.60304004169894e-66
AT2,Endothelia_vascular_venous_pulmonary,0.204234778881073,109.55523681640625,0.0
AT2,Endothelia_vascular_venous_systemic,0.035865310579538345,19.23880386352539,1.7520494502677242e-82
AT2,Erythrocyte,0.5352429151535034,287.114013671875,0.0
AT2,Fibro_adventitial,-0.036843184381723404,-19.76335334777832,6.157498064357857e-87
AT2,Fibro_alveolar,0.5411046147346497,290.2583312988281,0.0
AT2,Fibro_immune_recruiting,0.15314464271068573,82.14956665039062,0.0
AT2,Fibro_myofibroblast,-0.015946071594953537,-8.553762435913086,1.1913998285085573e-17
AT2,Fibro_peribronchial,0.019687961786985397,10.560979843139648,4.5191961349744315e-26
AT2,Fibro_perichondrial,0.0221860408782959,11.900995254516602,1.1694406892899256e-32
AT2,ILC,0.4730706214904785,253.76365661621094,0.0
AT2,Ionocyte_n_Brush,0.10800867527723312,57.93781280517578,0.0
AT2,MAIT,0.5377039909362793,288.4341735839844,0.0
AT2,Macro_CHIT1,0.33896374702453613,181.82630920410156,0.0
AT2,Macro_interstitial,0.5545980334281921,297.4964599609375,0.0
AT2,Macro_AW_CX3CR1,0.4414445161819458,236.79884338378906,0.0
AT2,Macro_alveolar_metallothioneins,0.47348564863204956,253.98629760742188,0.0
AT2,Macro_alv,0.3203314244747162,171.8315887451172,0.0
AT2,Macro_dividing,0.4085622727870941,219.16021728515625,0.0
AT2,Macro_int,0.4805138409137726,257.75634765625,0.0
AT2,Macro_CCL,0.5485040545463562,294.2275390625,0.0
AT2,Mast_cell,0.4389815032482147,235.47764587402344,0.0
AT2,Megakaryocyte,0.2063114494085312,110.66920471191406,0.0
AT2,Mesothelia,0.19291654229164124,103.48393249511719,0.0
AT2,Macrophage_intermediate,0.48686960339546204,261.1656799316406,0.0
AT2,Monocyte_CD14,0.5318168997764587,285.2762451171875,0.0
AT2,Monocyte_CD16,0.520666241645813,279.2948303222656,0.0
AT2,Muscle_airway,-0.22474391758441925,-120.55671691894531,0.0
AT2,Muscle_pericyte_airway,0.0704081580042839,37.768211364746094,0.0
AT2,Muscle_pericyte_parenchyma,0.5049546360969543,270.8668212890625,0.0
AT2,Muscle_perivascular_immune_recruiting,0.18102505803108215,97.1051254272461,0.0
AT2,Muscle_smooth_pulmonary,-0.21021980047225952,-112.76571655273438,0.0
AT2,Muscle_smooth_syst_arterial,-0.22667376697063446,-121.5919189453125,0.0
AT2,Myoepithelial,0.19322384893894196,103.6487808227539,0.0
AT2,NAF_endoneurial,-0.13242380321025848,-71.03453063964844,0.0
AT2,NAF_perineurial,-0.19836045801639557,-106.4041519165039,0.0
AT2,NK_CD16hi,0.49838364124298096,267.342041015625,0.0
AT2,NKT,0.5351606607437134,287.06988525390625,0.0
AT2,NK_CD11d,0.45397669076919556,243.52133178710938,0.0
AT2,NK_CD56bright,0.4311920404434204,231.2992401123047,0.0
AT2,Neuroendocrine,0.17826633155345917,95.62529754638672,0.0
AT2,SMG_Basal,0.14155802130699158,75.93428802490234,0.0
AT2,SMG_Duct,0.19031751155853271,102.08976745605469,0.0
AT2,SMG_Mucous,0.21321509778499603,114.37244415283203,0.0
AT2,SMG_Serous,0.17438647150993347,93.5440673828125,0.0
AT2,Schwann_Myelinating,0.12553778290748596,67.34074401855469,0.0
AT2,Schwann_nonmyelinating,-0.13662026822566986,-73.28559112548828,0.0
AT2,Secretory_Club,0.13224570453166962,70.93899536132812,0.0
AT2,Secretory_Goblet,0.08109307289123535,43.499794006347656,0.0
AT2,Suprabasal,0.03490781784057617,18.725187301635742,3.085842434617917e-78
AT2,T_reg,0.5031673312187195,269.9080810546875,0.0
AT2,gdT,0.4989587366580963,267.6505126953125,0.0
B_memory,B_memory,0.6112440824508667,327.8824157714844,0.0
B_memory,B_naive,0.5312083959579468,284.9498291015625,0.0
B_memory,B_plasma_IgA,0.20518477261066437,110.06483459472656,0.0
B_memory,B_plasma_IgG,0.2880300283432007,154.50453186035156,0.0
B_memory,B_plasmablast,0.41801443696022034,224.23052978515625,0.0
B_memory,Basal,0.07203086465597153,38.63866424560547,0.0
B_memory,CD4_EM_Effector,0.5145048499107361,275.98974609375,0.0
B_memory,CD4_TRM,0.4903945326805115,263.0565185546875,0.0
B_memory,CD4_naive_CM,0.543353796005249,291.46484375,0.0
B_memory,CD8_EM,0.5170924663543701,277.3777770996094,0.0
B_memory,CD8_EM_EMRA,0.587715208530426,315.2611083984375,0.0
B_memory,CD8_TRM_EM,0.5339024066925049,286.3949279785156,0.0
B_memory,CD8_TRM,0.46419382095336914,249.00198364257812,0.0
B_memory,Chondrocyte,0.24749869108200073,132.76278686523438,0.0
B_memory,Ciliated,0.05663830414414406,30.381813049316406,9.552241394451285e-203
B_memory,DC_1,0.6112878918647766,327.9059143066406,0.0
B_memory,DC_2,0.57245272397995,307.07403564453125,0.0
B_memory,DC_activated,0.5728338956832886,307.27850341796875,0.0
B_memory,DC_plasmacytoid,0.4802616536617279,257.6210632324219,0.0
B_memory,Deuterosomal,-0.024199454113841057,-12.981026649475098,1.5676505637654437e-38
B_memory,Dividing_AT2,0.4222913682460785,226.52474975585938,0.0
B_memory,Dividing_Basal,0.21744288504123688,116.64030456542969,0.0
B_memory,Endothelia_Lymphatic,0.2839037775993347,152.2911376953125,0.0
B_memory,Endothelia_vascular_Cap_a,0.5006323456764221,268.54827880859375,0.0
B_memory,Endothelia_vascular_Cap_g,0.48474588990211487,260.0264892578125,0.0
B_memory,Endothelia_vascular_arterial_pulmonary,0.3021225333213806,162.0640106201172,0.0
B_memory,Endothelia_vascular_arterial_systemic,0.02401111088693142,12.879995346069336,5.833907862236713e-38
B_memory,Endothelia_vascular_venous_pulmonary,0.2646385133266449,141.95689392089844,0.0
B_memory,Endothelia_vascular_venous_systemic,0.1340825855731964,71.92433166503906,0.0
B_memory,Erythrocyte,0.5676202178001404,304.4817810058594,0.0
B_memory,Fibro_adventitial,0.07672125846147537,41.1546745300293,0.0
B_memory,Fibro_alveolar,0.518854022026062,278.3227233886719,0.0
B_memory,Fibro_immune_recruiting,0.2428479790687561,130.26806640625,0.0
B_memory,Fibro_myofibroblast,0.08417152613401413,45.1511344909668,0.0
B_memory,Fibro_peribronchial,0.07039593160152435,37.761653900146484,0.0
B_memory,Fibro_perichondrial,0.06013571843504906,32.25788879394531,2.726977325852036e-228
B_memory,ILC,0.5107538104057312,273.97760009765625,0.0
B_memory,Ionocyte_n_Brush,0.094366654753685,50.6199836730957,0.0
B_memory,MAIT,0.5656618475914001,303.4312744140625,0.0
B_memory,Macro_CHIT1,0.3785477876663208,203.05990600585938,0.0
B_memory,Macro_interstitial,0.5937237739562988,318.48419189453125,0.0
B_memory,Macro_AW_CX3CR1,0.47845619916915894,256.652587890625,0.0
B_memory,Macro_alveolar_metallothioneins,0.5720897316932678,306.8793029785156,0.0
B_memory,Macro_alv,0.33732521533966064,180.94737243652344,0.0
B_memory,Macro_dividing,0.4265187382698059,228.79238891601562,0.0
B_memory,Macro_int,0.5813149809837341,311.8279113769531,0.0
B_memory,Macro_CCL,0.5827861428260803,312.6170654296875,0.0
B_memory,Mast_cell,0.5242645144462585,281.2250061035156,0.0
B_memory,Megakaryocyte,0.205073744058609,110.00527954101562,0.0
B_memory,Mesothelia,0.33550044894218445,179.96852111816406,0.0
B_memory,Macrophage_intermediate,0.5656008720397949,303.3985595703125,0.0
B_memory,Monocyte_CD14,0.6023249626159668,323.0980224609375,0.0
B_memory,Monocyte_CD16,0.593271017074585,318.2413330078125,0.0
B_memory,Muscle_airway,-0.22159992158412933,-118.8702163696289,0.0
B_memory,Muscle_pericyte_airway,0.1966760754585266,105.50061798095703,0.0
B_memory,Muscle_pericyte_parenchyma,0.4736832082271576,254.09226989746094,0.0
B_memory,Muscle_perivascular_immune_recruiting,0.2690335512161255,144.31448364257812,0.0
B_memory,Muscle_smooth_pulmonary,-0.2067061960697174,-110.88095092773438,0.0
B_memory,Muscle_smooth_syst_arterial,-0.22416065633296967,-120.24384307861328,0.0
B_memory,Myoepithelial,0.23762305080890656,127.46531677246094,0.0
B_memory,NAF_endoneurial,-0.12729966640472412,-68.28585052490234,0.0
B_memory,NAF_perineurial,-0.2032817006111145,-109.04399108886719,0.0
B_memory,NK_CD16hi,0.5088178515434265,272.9391174316406,0.0
B_memory,NKT,0.5781519412994385,310.1311950683594,0.0
B_memory,NK_CD11d,0.461569219827652,247.59410095214844,0.0
B_memory,NK_CD56bright,0.4356607496738434,233.6963348388672,0.0
B_memory,Neuroendocrine,0.23271657526493073,124.83338928222656,0.0
B_memory,SMG_Basal,0.1616096794605255,86.69036102294922,0.0
B_memory,SMG_Duct,0.22817809879779816,122.39887237548828,0.0
B_memory,SMG_Mucous,0.23541702330112457,126.2819595336914,0.0
B_memory,SMG_Serous,0.22665399312973022,121.58131408691406,0.0
B_memory,Schwann_Myelinating,0.14304934442043304,76.73426055908203,0.0
B_memory,Schwann_nonmyelinating,-0.14725932478904724,-78.9925765991211,0.0
B_memory,Secretory_Club,0.1335228979587555,71.62410736083984,0.0
B_memory,Secretory_Goblet,0.08452130109071732,45.33876037597656,0.0
B_memory,Suprabasal,0.03854053094983101,20.673839569091797,5.958244845161811e-95
B_memory,T_reg,0.5246160626411438,281.41357421875,0.0
B_memory,gdT,0.5318199992179871,285.27789306640625,0.0
B_naive,B_naive,0.5730953216552734,307.4187316894531,0.0
B_naive,B_plasma_IgA,0.3245445787906647,174.0915985107422,0.0
B_naive,B_plasma_IgG,0.13109858334064484,70.32366180419922,0.0
B_naive,B_plasmablast,0.30493155121803284,163.57081604003906,0.0
B_naive,Basal,0.25126683712005615,134.78408813476562,0.0
B_naive,CD4_EM_Effector,0.5579499006271362,299.29443359375,0.0
B_naive,CD4_TRM,0.5599355101585388,300.35955810546875,0.0
B_naive,CD4_naive_CM,0.3897077441215515,209.0463104248047,0.0
B_naive,CD8_EM,0.561275839805603,301.07855224609375,0.0
B_naive,CD8_EM_EMRA,0.5432417392730713,291.40472412109375,0.0
B_naive,CD8_TRM_EM,0.5622566342353821,301.6046447753906,0.0
B_naive,CD8_TRM,0.5428220629692078,291.1795959472656,0.0
B_naive,Chondrocyte,0.27377578616142273,146.85829162597656,0.0
B_naive,Ciliated,0.20912523567676544,112.17857360839844,0.0
B_naive,DC_1,0.4962227940559387,266.18292236328125,0.0
B_naive,DC_2,0.543444812297821,291.5136413574219,0.0
B_naive,DC_activated,0.5471298098564148,293.4903564453125,0.0
B_naive,DC_plasmacytoid,0.5490232110023499,294.5060119628906,0.0
B_naive,Deuterosomal,0.1433679461479187,76.90516662597656,0.0
B_naive,Dividing_AT2,0.4989152252674103,267.6271667480469,0.0
B_naive,Dividing_Basal,0.37269124388694763,199.91835021972656,0.0
B_naive,Endothelia_Lymphatic,0.2527078688144684,135.5570831298828,0.0
B_naive,Endothelia_vascular_Cap_a,0.5130031108856201,275.1841735839844,0.0
B_naive,Endothelia_vascular_Cap_g,0.5125443935394287,274.9381103515625,0.0
B_naive,Endothelia_vascular_arterial_pulmonary,0.3796789348125458,203.6666717529297,0.0
B_naive,Endothelia_vascular_arterial_systemic,0.1272965967655182,68.2842025756836,0.0
B_naive,Endothelia_vascular_venous_pulmonary,0.34183695912361145,183.3675537109375,0.0
B_naive,Endothelia_vascular_venous_systemic,0.15661314129829407,84.0101318359375,0.0
B_naive,Erythrocyte,0.5195721387863159,278.7079162597656,0.0
B_naive,Fibro_adventitial,0.10474753379821777,56.1884765625,0.0
B_naive,Fibro_alveolar,0.4796938896179199,257.3164978027344,0.0
B_naive,Fibro_immune_recruiting,0.3189844489097595,171.10903930664062,0.0
B_naive,Fibro_myofibroblast,0.09525829553604126,51.0982780456543,0.0
B_naive,Fibro_peribronchial,0.20270299911499023,108.73356628417969,0.0
B_naive,Fibro_perichondrial,0.040832728147506714,21.90341567993164,2.4101839281933846e-106
B_naive,ILC,0.5539959669113159,297.1734924316406,0.0
B_naive,Ionocyte_n_Brush,0.24461476504802704,131.21580505371094,0.0
B_naive,MAIT,0.5589932799339294,299.8541259765625,0.0
B_naive,Macro_CHIT1,0.23582039773464203,126.49833679199219,0.0
B_naive,Macro_interstitial,0.5059870481491089,271.4206237792969,0.0
B_naive,Macro_AW_CX3CR1,0.540212094783783,289.7795715332031,0.0
B_naive,Macro_alveolar_metallothioneins,0.5054225921630859,271.11785888671875,0.0
B_naive,Macro_alv,0.20021682977676392,107.39994049072266,0.0
B_naive,Macro_dividing,0.3026442229747772,162.34385681152344,0.0
B_naive,Macro_int,0.42702963948249817,229.0664520263672,0.0
B_naive,Macro_CCL,0.5238049030303955,280.97845458984375,0.0
B_naive,Mast_cell,0.5012772679328918,268.89422607421875,0.0
B_naive,Megakaryocyte,0.39204496145248413,210.30003356933594,0.0
B_naive,Mesothelia,0.32699474692344666,175.40591430664062,0.0
B_naive,Macrophage_intermediate,0.5402580499649048,289.8042297363281,0.0
B_naive,Monocyte_CD14,0.5051979422569275,270.9973449707031,0.0
B_naive,Monocyte_CD16,0.5500612854957581,295.0628662109375,0.0
B_naive,Muscle_airway,-0.1154823899269104,-61.94684982299805,0.0
B_naive,Muscle_pericyte_airway,0.18783394992351532,100.75753784179688,0.0
B_naive,Muscle_pericyte_parenchyma,0.5054502487182617,271.1326904296875,0.0
B_naive,Muscle_perivascular_immune_recruiting,0.3521694242954254,188.91006469726562,0.0
B_naive,Muscle_smooth_pulmonary,-0.10533484071493149,-56.50352096557617,0.0
B_naive,Muscle_smooth_syst_arterial,-0.11477991193532944,-61.57002639770508,0.0
B_naive,Myoepithelial,0.3652156591415405,195.90830993652344,0.0
B_naive,NAF_endoneurial,0.029868189245462418,16.021839141845703,8.99499382811011e-58
B_naive,NAF_perineurial,-0.07346697896718979,-39.409019470214844,0.0
B_naive,NK_CD16hi,0.5726892948150635,307.200927734375,0.0
B_naive,NKT,0.5579577684402466,299.2986755371094,0.0
B_naive,NK_CD11d,0.5603346228599548,300.57366943359375,0.0
B_naive,NK_CD56bright,0.5334937572479248,286.17572021484375,0.0
B_naive,Neuroendocrine,0.38278287649154663,205.33168029785156,0.0
B_naive,SMG_Basal,0.32024717330932617,171.78639221191406,0.0
B_naive,SMG_Duct,0.3730393648147583,200.10508728027344,0.0
B_naive,SMG_Mucous,0.40511980652809143,217.31361389160156,0.0
B_naive,SMG_Serous,0.3561215400695801,191.03005981445312,0.0
B_naive,Schwann_Myelinating,0.3249482214450836,174.30812072753906,0.0
B_naive,Schwann_nonmyelinating,0.008517134934663773,4.5687456130981445,4.9065185997910786e-06
B_naive,Secretory_Club,0.17632994055747986,94.58657836914062,0.0
B_naive,Secretory_Goblet,0.20408104360103607,109.47277069091797,0.0
B_naive,Suprabasal,0.18285375833511353,98.08607482910156,0.0
B_naive,T_reg,0.5643723011016846,302.7395324707031,0.0
B_naive,gdT,0.5604749917984009,300.6489562988281,0.0
B_plasma_IgA,B_plasma_IgA,0.5731751918792725,307.4615783691406,0.0
B_plasma_IgA,B_plasma_IgG,-0.0661492720246315,-35.48366928100586,8.779647584102255e-276
B_plasma_IgA,B_plasmablast,0.22429466247558594,120.31572723388672,0.0
B_plasma_IgA,Basal,0.23304013907909393,125.0069580078125,0.0
B_plasma_IgA,CD4_EM_Effector,0.3133496344089508,168.08642578125,0.0
B_plasma_IgA,CD4_TRM,0.3599558472633362,193.08685302734375,0.0
B_plasma_IgA,CD4_naive_CM,0.09874169528484344,52.966835021972656,0.0
B_plasma_IgA,CD8_EM,0.31263813376426697,167.70477294921875,0.0
B_plasma_IgA,CD8_EM_EMRA,0.23240506649017334,124.66629028320312,0.0
B_plasma_IgA,CD8_TRM_EM,0.27624571323394775,148.18321228027344,0.0
B_plasma_IgA,CD8_TRM,0.2824012041091919,151.48512268066406,0.0
B_plasma_IgA,Chondrocyte,0.4443061053752899,238.3338623046875,0.0
B_plasma_IgA,Ciliated,0.1469377726316452,78.82008361816406,0.0
B_plasma_IgA,DC_1,0.12927351891994476,69.34465789794922,0.0
B_plasma_IgA,DC_2,0.20605294406414032,110.5305404663086,0.0
B_plasma_IgA,DC_activated,0.19999070465564728,107.27864074707031,0.0
B_plasma_IgA,DC_plasmacytoid,0.3366912305355072,180.60728454589844,0.0
B_plasma_IgA,Deuterosomal,0.1538858711719513,82.54717254638672,0.0
B_plasma_IgA,Dividing_AT2,0.2729325592517853,146.40597534179688,0.0
B_plasma_IgA,Dividing_Basal,0.3792826235294342,203.45408630371094,0.0
B_plasma_IgA,Endothelia_Lymphatic,0.2681211531162262,143.82505798339844,0.0
B_plasma_IgA,Endothelia_vascular_Cap_a,0.20289725065231323,108.8377685546875,0.0
B_plasma_IgA,Endothelia_vascular_Cap_g,0.23700161278247833,127.13196563720703,0.0
B_plasma_IgA,Endothelia_vascular_arterial_pulmonary,0.23265375196933746,124.79969024658203,0.0
B_plasma_IgA,Endothelia_vascular_arterial_systemic,0.09857456386089325,52.8771858215332,0.0
B_plasma_IgA,Endothelia_vascular_venous_pulmonary,0.35980916023254395,193.00816345214844,0.0
B_plasma_IgA,Endothelia_vascular_venous_systemic,0.24340812861919403,130.56854248046875,0.0
B_plasma_IgA,Erythrocyte,0.17373038828372955,93.19213104248047,0.0
B_plasma_IgA,Fibro_adventitial,0.3279881179332733,175.93878173828125,0.0
B_plasma_IgA,Fibro_alveolar,0.1312306821346283,70.39451599121094,0.0
B_plasma_IgA,Fibro_immune_recruiting,0.5058779716491699,271.36212158203125,0.0
B_plasma_IgA,Fibro_myofibroblast,0.24649767577648163,132.225830078125,0.0
B_plasma_IgA,Fibro_peribronchial,0.31933164596557617,171.2952880859375,0.0
B_plasma_IgA,Fibro_perichondrial,0.042690545320510864,22.899982452392578,4.648047453659285e-116
B_plasma_IgA,ILC,0.3427935540676117,183.88067626953125,0.0
B_plasma_IgA,Ionocyte_n_Brush,0.1720133125782013,92.27106475830078,0.0
B_plasma_IgA,MAIT,0.26445090770721436,141.85626220703125,0.0
B_plasma_IgA,Macro_CHIT1,-0.06487295776605606,-34.79903030395508,2.515796961695924e-265
B_plasma_IgA,Macro_interstitial,0.14451606571674347,77.52104187011719,0.0
B_plasma_IgA,Macro_AW_CX3CR1,0.3948820233345032,211.82188415527344,0.0
B_plasma_IgA,Macro_alveolar_metallothioneins,0.28548377752304077,153.138671875,0.0
B_plasma_IgA,Macro_alv,-0.10486229509115219,-56.250038146972656,0.0
B_plasma_IgA,Macro_dividing,-0.03463515266776085,-18.57892417907715,4.759510238059909e-77
B_plasma_IgA,Macro_int,0.09662212431430817,51.82986068725586,0.0
B_plasma_IgA,Macro_CCL,0.19652901589870453,105.4217300415039,0.0
B_plasma_IgA,Mast_cell,0.2258017659187317,121.12416076660156,0.0
B_plasma_IgA,Megakaryocyte,0.39790138602256775,213.4415283203125,0.0
B_plasma_IgA,Mesothelia,0.4305785596370697,230.97015380859375,0.0
B_plasma_IgA,Macrophage_intermediate,0.33353880047798157,178.916259765625,0.0
B_plasma_IgA,Monocyte_CD14,0.17617017030715942,94.5008773803711,0.0
B_plasma_IgA,Monocyte_CD16,0.2914224863052368,156.32431030273438,0.0
B_plasma_IgA,Muscle_airway,0.013753882609307766,7.377831935882568,1.608878768099262e-13
B_plasma_IgA,Muscle_pericyte_airway,0.2817201018333435,151.11976623535156,0.0
B_plasma_IgA,Muscle_pericyte_parenchyma,0.26886528730392456,144.22421264648438,0.0
B_plasma_IgA,Muscle_perivascular_immune_recruiting,0.49467769265174866,265.3540954589844,0.0
B_plasma_IgA,Muscle_smooth_pulmonary,0.0010380282765254378,0.5568171739578247,0.5776523487703737
B_plasma_IgA,Muscle_smooth_syst_arterial,-0.003273556474596262,-1.7559950351715088,0.07908925630599062
B_plasma_IgA,Myoepithelial,0.5266903042793274,282.5262451171875,0.0
B_plasma_IgA,NAF_endoneurial,0.1883772611618042,101.04898071289062,0.0
B_plasma_IgA,NAF_perineurial,0.04403896629810333,23.623300552368164,2.2210789510110043e-123
B_plasma_IgA,NK_CD16hi,0.36882010102272034,197.841796875,0.0
B_plasma_IgA,NKT,0.2895528972148895,155.32142639160156,0.0
B_plasma_IgA,NK_CD11d,0.38636454939842224,207.25296020507812,0.0
B_plasma_IgA,NK_CD56bright,0.32589176297187805,174.8142547607422,0.0
B_plasma_IgA,Neuroendocrine,0.4546270966529846,243.87022399902344,0.0
B_plasma_IgA,SMG_Basal,0.2984580397605896,160.0983123779297,0.0
B_plasma_IgA,SMG_Duct,0.5701956748962402,305.8633117675781,0.0
B_plasma_IgA,SMG_Mucous,0.5001577138900757,268.2936706542969,0.0
B_plasma_IgA,SMG_Serous,0.5581623911857605,299.408447265625,0.0
B_plasma_IgA,Schwann_Myelinating,0.4868830740451813,261.17291259765625,0.0
B_plasma_IgA,Schwann_nonmyelinating,0.1380981057882309,74.07833099365234,0.0
B_plasma_IgA,Secretory_Club,0.0723969116806984,38.835018157958984,0.0
B_plasma_IgA,Secretory_Goblet,0.1280912607908249,68.71047973632812,0.0
B_plasma_IgA,Suprabasal,0.14200463891029358,76.17386627197266,0.0
B_plasma_IgA,T_reg,0.30502620339393616,163.62158203125,0.0
B_plasma_IgA,gdT,0.3299458622932434,176.98895263671875,0.0
B_plasma_IgG,B_plasma_IgG,0.5246046185493469,281.4074401855469,0.0
B_plasma_IgG,B_plasmablast,0.3470720648765564,186.17575073242188,0.0
B_plasma_IgG,Basal,-0.10924647003412247,-58.60178756713867,0.0
B_plasma_IgG,CD4_EM_Effector,0.10751328617334366,57.67207717895508,0.0
B_plasma_IgG,CD4_TRM,0.07485567778348923,40.1539421081543,0.0
B_plasma_IgG,CD4_naive_CM,0.37211984395980835,199.61183166503906,0.0
B_plasma_IgG,CD8_EM,0.11054752767086029,59.29969787597656,0.0
B_plasma_IgG,CD8_EM_EMRA,0.21075603365898132,113.05335998535156,0.0
B_plasma_IgG,CD8_TRM_EM,0.1400766521692276,75.13965606689453,0.0
B_plasma_IgG,CD8_TRM,0.08221261203289032,44.100337982177734,0.0
B_plasma_IgG,Chondrocyte,-0.02338700369000435,-12.545212745666504,4.222787232281869e-36
B_plasma_IgG,Ciliated,-0.024853169918060303,-13.331690788269043,1.5142638373801955e-40
B_plasma_IgG,DC_1,0.384678453207016,206.34849548339844,0.0
B_plasma_IgG,DC_2,0.27243563532829285,146.13941955566406,0.0
B_plasma_IgG,DC_activated,0.225150004029274,120.77454376220703,0.0
B_plasma_IgG,DC_plasmacytoid,0.08641225844621658,46.35310363769531,0.0
B_plasma_IgG,Deuterosomal,-0.11071520298719406,-59.389644622802734,0.0
B_plasma_IgG,Dividing_AT2,0.07868912816047668,42.21027755737305,0.0
B_plasma_IgG,Dividing_Basal,-0.06055375188589096,-32.48213195800781,1.9065229841287794e-231
B_plasma_IgG,Endothelia_Lymphatic,0.08462133258581161,45.392417907714844,0.0
B_plasma_IgG,Endothelia_vascular_Cap_a,0.12340875715017319,66.19869995117188,0.0
B_plasma_IgG,Endothelia_vascular_Cap_g,0.07956137508153915,42.678165435791016,0.0
B_plasma_IgG,Endothelia_vascular_arterial_pulmonary,-0.06732331216335297,-36.11344528198242,1.3952373460245204e-285
B_plasma_IgG,Endothelia_vascular_arterial_systemic,-0.1032339483499527,-55.376564025878906,0.0
B_plasma_IgG,Endothelia_vascular_venous_pulmonary,-0.07320936769247055,-39.27083206176758,0.0
B_plasma_IgG,Endothelia_vascular_venous_systemic,-0.003476298414170742,-1.864749550819397,0.06221651771030754
B_plasma_IgG,Erythrocyte,0.19583828747272491,105.05120849609375,0.0
B_plasma_IgG,Fibro_adventitial,-0.06031230837106705,-32.35261535644531,1.2746692825473461e-229
B_plasma_IgG,Fibro_alveolar,0.1598750203847885,85.7598648071289,0.0
B_plasma_IgG,Fibro_immune_recruiting,-0.04473511502146721,-23.996726989746094,3.0084223121398256e-127
B_plasma_IgG,Fibro_myofibroblast,-0.03960660472512245,-21.24570083618164,3.6127096424692015e-100
B_plasma_IgG,Fibro_peribronchial,-0.18224455416202545,-97.75928497314453,0.0
B_plasma_IgG,Fibro_perichondrial,0.08377744257450104,44.93973922729492,0.0
B_plasma_IgG,ILC,0.10206558555364609,54.74983215332031,0.0
B_plasma_IgG,Ionocyte_n_Brush,-0.05085664615035057,-27.280427932739258,7.241157582516307e-164
B_plasma_IgG,MAIT,0.1745315045118332,93.62186431884766,0.0
B_plasma_IgG,Macro_CHIT1,0.34717226028442383,186.2294921875,0.0
B_plasma_IgG,Macro_interstitial,0.3167150616645813,169.89170837402344,0.0
B_plasma_IgG,Macro_AW_CX3CR1,0.11898723244667053,63.82691192626953,0.0
B_plasma_IgG,Macro_alveolar_metallothioneins,0.28273603320121765,151.66473388671875,0.0
B_plasma_IgG,Macro_alv,0.387715220451355,207.97747802734375,0.0
B_plasma_IgG,Macro_dividing,0.3490006625652313,187.2102813720703,0.0
B_plasma_IgG,Macro_int,0.4267460107803345,228.914306640625,0.0
B_plasma_IgG,Macro_CCL,0.2575256824493408,138.14144897460938,0.0
B_plasma_IgG,Mast_cell,0.19705714285373688,105.70502471923828,0.0
B_plasma_IgG,Megakaryocyte,-0.1542857140302658,-82.76165771484375,0.0
B_plasma_IgG,Mesothelia,0.12137642502784729,65.10851287841797,0.0
B_plasma_IgG,Macrophage_intermediate,0.2036268711090088,109.2291488647461,0.0
B_plasma_IgG,Monocyte_CD14,0.2802959084510803,150.35580444335938,0.0
B_plasma_IgG,Monocyte_CD16,0.22484241425991058,120.60955047607422,0.0
B_plasma_IgG,Muscle_airway,-0.18495780229568481,-99.2147216796875,0.0
B_plasma_IgG,Muscle_pericyte_airway,0.07159876823425293,38.40687942504883,0.0
B_plasma_IgG,Muscle_pericyte_parenchyma,0.0660277009010315,35.41845703125,8.877600844336523e-275
B_plasma_IgG,Muscle_perivascular_immune_recruiting,-0.014697583392262459,-7.884050369262695,3.1693643542777938e-15
B_plasma_IgG,Muscle_smooth_pulmonary,-0.175704225897789,-94.25093078613281,0.0
B_plasma_IgG,Muscle_smooth_syst_arterial,-0.20325081050395966,-109.02742004394531,0.0
B_plasma_IgG,Myoepithelial,-0.08274301886558533,-44.384857177734375,0.0
B_plasma_IgG,NAF_endoneurial,-0.246032252907753,-131.97616577148438,0.0
B_plasma_IgG,NAF_perineurial,-0.22466813027858734,-120.51605987548828,0.0
B_plasma_IgG,NK_CD16hi,0.0723896399140358,38.83111572265625,0.0
B_plasma_IgG,NKT,0.17847634851932526,95.73795318603516,0.0
B_plasma_IgG,NK_CD11d,0.04012840986251831,21.525606155395508,8.964059300236588e-103
B_plasma_IgG,NK_CD56bright,0.05254015326499939,28.183490753173828,9.318792072513394e-175
B_plasma_IgG,Neuroendocrine,-0.08645536750555038,-46.37622833251953,0.0
B_plasma_IgG,SMG_Basal,-0.05452796071767807,-29.249788284301758,4.518187933594702e-188
B_plasma_IgG,SMG_Duct,-0.09341088682413101,-50.107295989990234,0.0
B_plasma_IgG,SMG_Mucous,-0.09522344172000885,-51.07958221435547,0.0
B_plasma_IgG,SMG_Serous,-0.08685313910245895,-46.589599609375,0.0
B_plasma_IgG,Schwann_Myelinating,-0.15715360641479492,-84.300048828125,0.0
B_plasma_IgG,Schwann_nonmyelinating,-0.18813443183898926,-100.9187240600586,0.0
B_plasma_IgG,Secretory_Club,0.18281522393226624,98.06539916992188,0.0
B_plasma_IgG,Secretory_Goblet,0.011771602556109428,6.3145012855529785,2.710340705084133e-10
B_plasma_IgG,Suprabasal,-0.036025647073984146,-19.324810028076172,3.322043938705822e-83
B_plasma_IgG,T_reg,0.11733580380678177,62.94105529785156,0.0
B_plasma_IgG,gdT,0.1185249611735344,63.57893753051758,0.0
B_plasmablast,B_plasmablast,0.5525591373443604,296.4027404785156,0.0
B_plasmablast,Basal,-0.028221746906638145,-15.138656616210938,9.003407343010706e-52
B_plasmablast,CD4_EM_Effector,0.2775876224040985,148.9030303955078,0.0
B_plasmablast,CD4_TRM,0.2756790220737457,147.8792266845703,0.0
B_plasmablast,CD4_naive_CM,0.47861742973327637,256.73907470703125,0.0
B_plasmablast,CD8_EM,0.27869388461112976,149.4964599609375,0.0
B_plasmablast,CD8_EM_EMRA,0.35456356406211853,190.19432067871094,0.0
B_plasmablast,CD8_TRM_EM,0.27786096930503845,149.04966735839844,0.0
B_plasmablast,CD8_TRM,0.20654520392417908,110.79459381103516,0.0
B_plasmablast,Chondrocyte,0.31565630435943604,169.32376098632812,0.0
B_plasmablast,Ciliated,-0.03167847543954849,-16.992908477783203,9.267750656810072e-65
B_plasmablast,DC_1,0.42311927676200867,226.96885681152344,0.0
B_plasmablast,DC_2,0.3454952538013458,185.32992553710938,0.0
B_plasmablast,DC_activated,0.313720703125,168.2854766845703,0.0
B_plasmablast,DC_plasmacytoid,0.25965043902397156,139.2812042236328,0.0
B_plasmablast,Deuterosomal,-0.0855075940489769,-45.86782455444336,0.0
B_plasmablast,Dividing_AT2,0.2013934701681137,108.03111267089844,0.0
B_plasmablast,Dividing_Basal,0.13949072360992432,74.82535552978516,0.0
B_plasmablast,Endothelia_Lymphatic,0.3702264428138733,198.59617614746094,0.0
B_plasmablast,Endothelia_vascular_Cap_a,0.22084036469459534,118.46277618408203,0.0
B_plasmablast,Endothelia_vascular_Cap_g,0.21325981616973877,114.39643096923828,0.0
B_plasmablast,Endothelia_vascular_arterial_pulmonary,0.08195746690034866,43.963470458984375,0.0
B_plasmablast,Endothelia_vascular_arterial_systemic,-0.07000521570444107,-37.552066802978516,1.3035879132026934e-308
B_plasmablast,Endothelia_vascular_venous_pulmonary,0.20938418805599213,112.31747436523438,0.0
B_plasmablast,Endothelia_vascular_venous_systemic,0.20345249772071838,109.13561248779297,0.0
B_plasmablast,Erythrocyte,0.2997126281261444,160.7712860107422,0.0
B_plasmablast,Fibro_adventitial,0.25320595502853394,135.8242645263672,0.0
B_plasmablast,Fibro_alveolar,0.2460937201976776,132.00914001464844,0.0
B_plasmablast,Fibro_immune_recruiting,0.3108924329280853,166.76834106445312,0.0
B_plasmablast,Fibro_myofibroblast,0.2580976188182831,138.4482421875,0.0
B_plasmablast,Fibro_peribronchial,0.07831396162509918,42.009029388427734,0.0
B_plasmablast,Fibro_perichondrial,0.05199529603123665,27.891220092773438,3.4095731124755465e-171
B_plasmablast,ILC,0.2979067265987396,159.8025665283203,0.0
B_plasmablast,Ionocyte_n_Brush,-0.022655664011836052,-12.152909278869629,5.535995548670926e-34
B_plasmablast,MAIT,0.3210102617740631,172.1957244873047,0.0
B_plasmablast,Macro_CHIT1,0.21924135088920593,117.60504150390625,0.0
B_plasmablast,Macro_interstitial,0.36325713992118835,194.85772705078125,0.0
B_plasmablast,Macro_AW_CX3CR1,0.3134630620479584,168.14727783203125,0.0
B_plasmablast,Macro_alveolar_metallothioneins,0.45962148904800415,246.54930114746094,0.0
B_plasmablast,Macro_alv,0.18075717985630035,96.96143341064453,0.0
B_plasmablast,Macro_dividing,0.22364124655723572,119.96522521972656,0.0
B_plasmablast,Macro_int,0.4665527045726776,250.267333984375,0.0
B_plasmablast,Macro_CCL,0.3461843729019165,185.6995849609375,0.0
B_plasmablast,Mast_cell,0.3687674105167389,197.8135223388672,0.0
B_plasmablast,Megakaryocyte,0.056126128882169724,30.107072830200195,3.915193032284689e-199
B_plasmablast,Mesothelia,0.4624328911304474,248.05738830566406,0.0
B_plasmablast,Macrophage_intermediate,0.41125789284706116,220.606201171875,0.0
B_plasmablast,Monocyte_CD14,0.4165608286857605,223.45079040527344,0.0
B_plasmablast,Monocyte_CD16,0.41858339309692383,224.5357208251953,0.0
B_plasmablast,Muscle_airway,-0.1861182451248169,-99.83720397949219,0.0
B_plasmablast,Muscle_pericyte_airway,0.3196764290332794,171.48023986816406,0.0
B_plasmablast,Muscle_pericyte_parenchyma,0.23432447016239166,125.6958999633789,0.0
B_plasmablast,Muscle_perivascular_immune_recruiting,0.309641569852829,166.09735107421875,0.0
B_plasmablast,Muscle_smooth_pulmonary,-0.1802375465631485,-96.68269348144531,0.0
B_plasmablast,Muscle_smooth_syst_arterial,-0.20684973895549774,-110.95795440673828,0.0
B_plasmablast,Myoepithelial,0.19736894965171814,105.87228393554688,0.0
B_plasmablast,NAF_endoneurial,-0.13933753967285156,-74.7431869506836,0.0
B_plasmablast,NAF_perineurial,-0.20488610863685608,-109.90462493896484,0.0
B_plasmablast,NK_CD16hi,0.27420133352279663,147.08656311035156,0.0
B_plasmablast,NKT,0.3612383008003235,193.7747802734375,0.0
B_plasmablast,NK_CD11d,0.23841829597949982,127.89189910888672,0.0
B_plasmablast,NK_CD56bright,0.20357884466648102,109.20338439941406,0.0
B_plasmablast,Neuroendocrine,0.16078796982765198,86.24958038330078,0.0
B_plasmablast,SMG_Basal,0.051609106361866,27.68406105041504,1.0862471286760126e-168
B_plasmablast,SMG_Duct,0.2167975753545761,116.29415130615234,0.0
B_plasmablast,SMG_Mucous,0.17771026492118835,95.32701110839844,0.0
B_plasmablast,SMG_Serous,0.21834556758403778,117.12452697753906,0.0
B_plasmablast,Schwann_Myelinating,0.07721315324306488,41.41853713989258,0.0
B_plasmablast,Schwann_nonmyelinating,-0.1487719714641571,-79.80398559570312,0.0
B_plasmablast,Secretory_Club,0.09801305830478668,52.57598114013672,0.0
B_plasmablast,Secretory_Goblet,0.004780962597578764,2.5645949840545654,0.010329630228998826
B_plasmablast,Suprabasal,-0.029460949823260307,-15.803387641906738,2.948375409923921e-56
B_plasmablast,T_reg,0.2807818055152893,150.616455078125,0.0
B_plasmablast,gdT,0.3072575628757477,164.8185272216797,0.0
Basal,Basal,0.4188114404678345,224.65805053710938,0.0
Basal,CD4_EM_Effector,0.23444165289402008,125.75875854492188,0.0
Basal,CD4_TRM,0.27672165632247925,148.4385223388672,0.0
Basal,CD4_naive_CM,-0.04867488145828247,-26.110090255737305,2.8004571576749154e-150
Basal,CD8_EM,0.239717036485672,128.58856201171875,0.0
Basal,CD8_EM_EMRA,0.08762182295322418,47.00193405151367,0.0
Basal,CD8_TRM_EM,0.21695709228515625,116.37972259521484,0.0
Basal,CD8_TRM,0.3028959333896637,162.47886657714844,0.0
Basal,Chondrocyte,0.09902596473693848,53.11932373046875,0.0
Basal,Ciliated,0.3835486173629761,205.742431640625,0.0
Basal,DC_1,0.04915042221546173,26.36517906188965,3.4380923584803755e-153
Basal,DC_2,0.15980592370033264,85.72279357910156,0.0
Basal,DC_activated,0.1495954543352127,80.24571228027344,0.0
Basal,DC_plasmacytoid,0.28597337007522583,153.40130615234375,0.0
Basal,Deuterosomal,0.3626770079135895,194.54652404785156,0.0
Basal,Dividing_AT2,0.27445271611213684,147.22142028808594,0.0
Basal,Dividing_Basal,0.3586026728153229,192.36097717285156,0.0
Basal,Endothelia_Lymphatic,0.025510359555482864,13.684219360351562,1.2615470182093944e-42
Basal,Endothelia_vascular_Cap_a,0.13036149740219116,69.92826843261719,0.0
Basal,Endothelia_vascular_Cap_g,0.1485164612531662,79.66692352294922,0.0
Basal,Endothelia_vascular_arterial_pulmonary,0.2126157432794571,114.05094146728516,0.0
Basal,Endothelia_vascular_arterial_systemic,0.2143220454454422,114.96623229980469,0.0
Basal,Endothelia_vascular_venous_pulmonary,0.18897920846939087,101.37187957763672,0.0
Basal,Endothelia_vascular_venous_systemic,0.08993233740329742,48.241336822509766,0.0
Basal,Erythrocyte,0.08272072672843933,44.37289810180664,0.0
Basal,Fibro_adventitial,0.04828105494379997,25.898834228515625,6.864147852237299e-148
Basal,Fibro_alveolar,0.047478485852479935,25.468320846557617,4.424788200173984e-143
Basal,Fibro_immune_recruiting,0.1768726110458374,94.87767791748047,0.0
Basal,Fibro_myofibroblast,0.029509345069527626,15.829347610473633,1.9523493364303354e-56
Basal,Fibro_peribronchial,0.23864106833934784,128.0113983154297,0.0
Basal,Fibro_perichondrial,0.0012548029189929366,0.6730990409851074,0.5008842840011558
Basal,ILC,0.23209163546562195,124.49816131591797,0.0
Basal,Ionocyte_n_Brush,0.3797088861465454,203.6827392578125,0.0
Basal,MAIT,0.15618669986724854,83.78137969970703,0.0
Basal,Macro_CHIT1,-0.08419011533260345,-45.16110610961914,0.0
Basal,Macro_interstitial,0.03826465085148811,20.52585220336914,1.2652543386191723e-93
Basal,Macro_AW_CX3CR1,0.26525524258613586,142.2877197265625,0.0
Basal,Macro_alveolar_metallothioneins,0.06741251796483994,36.16129684448242,2.4721737567274747e-286
Basal,Macro_alv,-0.0863470807671547,-46.31814193725586,0.0
Basal,Macro_dividing,-0.050016358494758606,-26.829681396484375,1.4562406404339348e-158
Basal,Macro_int,-0.05954455956816673,-31.94078254699707,7.25443627117016e-224
Basal,Macro_CCL,0.07617016136646271,40.85905456542969,0.0
Basal,Mast_cell,0.14964181184768677,80.27058410644531,0.0
Basal,Megakaryocyte,0.40530017018318176,217.41036987304688,0.0
Basal,Mesothelia,0.08206302672624588,44.02009582519531,0.0
Basal,Macrophage_intermediate,0.12941886484622955,69.4226303100586,0.0
Basal,Monocyte_CD14,0.010405178181827068,5.581526279449463,2.384170209696922e-08
Basal,Monocyte_CD16,0.10204310715198517,54.73777389526367,0.0
Basal,Muscle_airway,0.12109987437725067,64.96016693115234,0.0
Basal,Muscle_pericyte_airway,0.050413697957992554,27.042821884155273,4.639082116370445e-161
Basal,Muscle_pericyte_parenchyma,0.14222031831741333,76.28955841064453,0.0
Basal,Muscle_perivascular_immune_recruiting,0.20415720343589783,109.51362609863281,0.0
Basal,Muscle_smooth_pulmonary,0.12330912053585052,66.14524841308594,0.0
Basal,Muscle_smooth_syst_arterial,0.14141926169395447,75.85985565185547,0.0
Basal,Myoepithelial,0.2690982520580292,144.34918212890625,0.0
Basal,NAF_endoneurial,0.22785133123397827,122.22358703613281,0.0
Basal,NAF_perineurial,0.17263589799404144,92.60502624511719,0.0
Basal,NK_CD16hi,0.25230672955513,135.34190368652344,0.0
Basal,NKT,0.12552832067012787,67.3356704711914,0.0
Basal,NK_CD11d,0.31698575615882874,170.0369110107422,0.0
Basal,NK_CD56bright,0.3298996686935425,176.96417236328125,0.0
Basal,Neuroendocrine,0.3512484133243561,188.416015625,0.0
Basal,SMG_Basal,0.4180160462856293,224.23138427734375,0.0
Basal,SMG_Duct,0.29087716341018677,156.0317840576172,0.0
Basal,SMG_Mucous,0.3719254732131958,199.507568359375,0.0
Basal,SMG_Serous,0.26842746138572693,143.98936462402344,0.0
Basal,Schwann_Myelinating,0.3429160416126251,183.94638061523438,0.0
Basal,Schwann_nonmyelinating,0.23036883771419525,123.57402038574219,0.0
Basal,Secretory_Club,0.18112164735794067,97.15693664550781,0.0
Basal,Secretory_Goblet,0.3315984904766083,177.8754425048828,0.0
Basal,Suprabasal,0.3757999539375305,201.58590698242188,0.0
Basal,T_reg,0.23240019381046295,124.66368103027344,0.0
Basal,gdT,0.20502415299415588,109.97867584228516,0.0
CD4_EM_Effector,CD4_EM_Effector,0.5499994158744812,295.0296630859375,0.0
CD4_EM_Effector,CD4_TRM,0.5499744415283203,295.0162658691406,0.0
CD4_EM_Effector,CD4_naive_CM,0.36952823400497437,198.22164916992188,0.0
CD4_EM_Effector,CD8_EM,0.5517783761024475,295.9839172363281,0.0
CD4_EM_Effector,CD8_EM_EMRA,0.5337250232696533,286.2997741699219,0.0
CD4_EM_Effector,CD8_TRM_EM,0.5509647727012634,295.5474853515625,0.0
CD4_EM_Effector,CD8_TRM,0.5291693806648254,283.8560485839844,0.0
CD4_EM_Effector,Chondrocyte,0.2730063498020172,146.445556640625,0.0
CD4_EM_Effector,Ciliated,0.1875254511833191,100.59205627441406,0.0
CD4_EM_Effector,DC_1,0.46742182970046997,250.73355102539062,0.0
CD4_EM_Effector,DC_2,0.5180708765983582,277.9026184082031,0.0
CD4_EM_Effector,DC_activated,0.5311208963394165,284.90289306640625,0.0
CD4_EM_Effector,DC_plasmacytoid,0.5363996028900146,287.7344665527344,0.0
CD4_EM_Effector,Deuterosomal,0.13680800795555115,73.38629913330078,0.0
CD4_EM_Effector,Dividing_AT2,0.4819973409175873,258.5521240234375,0.0
CD4_EM_Effector,Dividing_Basal,0.35720568895339966,191.6116180419922,0.0
CD4_EM_Effector,Endothelia_Lymphatic,0.2496946007013321,133.9407196044922,0.0
CD4_EM_Effector,Endothelia_vascular_Cap_a,0.5093101263046265,273.20318603515625,0.0
CD4_EM_Effector,Endothelia_vascular_Cap_g,0.5092599987983704,273.1763000488281,0.0
CD4_EM_Effector,Endothelia_vascular_arterial_pulmonary,0.3909459114074707,209.71047973632812,0.0
CD4_EM_Effector,Endothelia_vascular_arterial_systemic,0.14021390676498413,75.2132797241211,0.0
CD4_EM_Effector,Endothelia_vascular_venous_pulmonary,0.34981781244277954,187.64862060546875,0.0
CD4_EM_Effector,Endothelia_vascular_venous_systemic,0.15679360926151276,84.10693359375,0.0
CD4_EM_Effector,Erythrocyte,0.5141370892524719,275.7924499511719,0.0
CD4_EM_Effector,Fibro_adventitial,0.1072397455573082,57.52534484863281,0.0
CD4_EM_Effector,Fibro_alveolar,0.4773980379104614,256.0849609375,0.0
CD4_EM_Effector,Fibro_immune_recruiting,0.31058499217033386,166.60342407226562,0.0
CD4_EM_Effector,Fibro_myofibroblast,0.09553402662277222,51.246185302734375,0.0
CD4_EM_Effector,Fibro_peribronchial,0.21847030520439148,117.19143676757812,0.0
CD4_EM_Effector,Fibro_perichondrial,0.03601113706827164,19.317028045654297,3.8625822457258895e-83
CD4_EM_Effector,ILC,0.5459526181221008,292.85888671875,0.0
CD4_EM_Effector,Ionocyte_n_Brush,0.2221267819404602,119.15283203125,0.0
CD4_EM_Effector,MAIT,0.5492112636566162,294.60687255859375,0.0
CD4_EM_Effector,Macro_CHIT1,0.21814632415771484,117.01764678955078,0.0
CD4_EM_Effector,Macro_interstitial,0.48925864696502686,262.44720458984375,0.0
CD4_EM_Effector,Macro_AW_CX3CR1,0.5205221772193909,279.217529296875,0.0
CD4_EM_Effector,Macro_alveolar_metallothioneins,0.48900026082992554,262.3086242675781,0.0
CD4_EM_Effector,Macro_alv,0.18124236166477203,97.22168731689453,0.0
CD4_EM_Effector,Macro_dividing,0.2849316895008087,152.842529296875,0.0
CD4_EM_Effector,Macro_int,0.40488240122795105,217.18626403808594,0.0
CD4_EM_Effector,Macro_CCL,0.5095158815383911,273.3135681152344,0.0
CD4_EM_Effector,Mast_cell,0.49146485328674316,263.63067626953125,0.0
CD4_EM_Effector,Megakaryocyte,0.3889782726764679,208.65499877929688,0.0
CD4_EM_Effector,Mesothelia,0.31071093678474426,166.67098999023438,0.0
CD4_EM_Effector,Macrophage_intermediate,0.5258004069328308,282.04888916015625,0.0
CD4_EM_Effector,Monocyte_CD14,0.49267369508743286,264.27911376953125,0.0
CD4_EM_Effector,Monocyte_CD16,0.536102294921875,287.5749816894531,0.0
CD4_EM_Effector,Muscle_airway,-0.08302045613527298,-44.5336799621582,0.0
CD4_EM_Effector,Muscle_pericyte_airway,0.18089953064918518,97.03778839111328,0.0
CD4_EM_Effector,Muscle_pericyte_parenchyma,0.5061517953872681,271.5090026855469,0.0
CD4_EM_Effector,Muscle_perivascular_immune_recruiting,0.3451235890388489,185.13055419921875,0.0
CD4_EM_Effector,Muscle_smooth_pulmonary,-0.07286351174116135,-39.08530807495117,0.0
CD4_EM_Effector,Muscle_smooth_syst_arterial,-0.0837075486779213,-44.90224838256836,0.0
CD4_EM_Effector,Myoepithelial,0.355893075466156,190.90750122070312,0.0
CD4_EM_Effector,NAF_endoneurial,0.057484760880470276,30.83586883544922,8.665608457272759e-209
CD4_EM_Effector,NAF_perineurial,-0.04027935117483139,-21.60657501220703,1.5578442714057043e-103
CD4_EM_Effector,NK_CD16hi,0.5633151531219482,302.1724548339844,0.0
CD4_EM_Effector,NKT,0.5485833287239075,294.2700500488281,0.0
CD4_EM_Effector,NK_CD11d,0.5474496483802795,293.66192626953125,0.0
CD4_EM_Effector,NK_CD56bright,0.5186917185783386,278.23565673828125,0.0
CD4_EM_Effector,Neuroendocrine,0.37771299481391907,202.6121063232422,0.0
CD4_EM_Effector,SMG_Basal,0.2945893704891205,158.02308654785156,0.0
CD4_EM_Effector,SMG_Duct,0.36073794960975647,193.50637817382812,0.0
CD4_EM_Effector,SMG_Mucous,0.3881049156188965,208.1865234375,0.0
CD4_EM_Effector,SMG_Serous,0.3448369801044464,184.976806640625,0.0
CD4_EM_Effector,Schwann_Myelinating,0.3269144296646118,175.36282348632812,0.0
CD4_EM_Effector,Schwann_nonmyelinating,0.03517218306660652,18.86699676513672,2.130684988796104e-79
CD4_EM_Effector,Secretory_Club,0.14635004103183746,78.50481414794922,0.0
CD4_EM_Effector,Secretory_Goblet,0.17967912554740906,96.38314056396484,0.0
CD4_EM_Effector,Suprabasal,0.16394147276878357,87.94117736816406,0.0
CD4_EM_Effector,T_reg,0.5544577240943909,297.4211730957031,0.0
CD4_EM_Effector,gdT,0.5530163049697876,296.6479797363281,0.0
CD4_TRM,CD4_TRM,0.5606839656829834,300.76104736328125,0.0
CD4_TRM,CD4_naive_CM,0.34084606170654297,182.8360137939453,0.0
CD4_TRM,CD8_EM,0.5516560077667236,295.9183044433594,0.0
CD4_TRM,CD8_EM_EMRA,0.5110892057418823,274.15753173828125,0.0
CD4_TRM,CD8_TRM_EM,0.543239414691925,291.4034729003906,0.0
CD4_TRM,CD8_TRM,0.5335073471069336,286.1830139160156,0.0
CD4_TRM,Chondrocyte,0.30542513728141785,163.83558654785156,0.0
CD4_TRM,Ciliated,0.22065331041812897,118.36244201660156,0.0
CD4_TRM,DC_1,0.4340324401855469,232.8228759765625,0.0
CD4_TRM,DC_2,0.49892935156822205,267.634765625,0.0
CD4_TRM,DC_activated,0.5090846419334412,273.0822448730469,0.0
CD4_TRM,DC_plasmacytoid,0.5451872944831848,292.4483642578125,0.0
CD4_TRM,Deuterosomal,0.17421835660934448,93.45388793945312,0.0
CD4_TRM,Dividing_AT2,0.4867495894432068,261.101318359375,0.0
CD4_TRM,Dividing_Basal,0.39766013622283936,213.31211853027344,0.0
CD4_TRM,Endothelia_Lymphatic,0.26871371269226074,144.14291381835938,0.0
CD4_TRM,Endothelia_vascular_Cap_a,0.48880472779273987,262.2037353515625,0.0
CD4_TRM,Endothelia_vascular_Cap_g,0.49501559138298035,265.53533935546875,0.0
CD4_TRM,Endothelia_vascular_arterial_pulmonary,0.4011249244213104,215.17068481445312,0.0
CD4_TRM,Endothelia_vascular_arterial_systemic,0.1615714579820633,86.66986083984375,0.0
CD4_TRM,Endothelia_vascular_venous_pulmonary,0.3801744282245636,203.93246459960938,0.0
CD4_TRM,Endothelia_vascular_venous_systemic,0.18586918711662292,99.70360565185547,0.0
CD4_TRM,Erythrocyte,0.4861064553260803,260.7563171386719,0.0
CD4_TRM,Fibro_adventitial,0.14784733951091766,79.30799865722656,0.0
CD4_TRM,Fibro_alveolar,0.4449315667152405,238.6693572998047,0.0
CD4_TRM,Fibro_immune_recruiting,0.3559117913246155,190.91754150390625,0.0
CD4_TRM,Fibro_myofibroblast,0.12812282145023346,68.72740936279297,0.0
CD4_TRM,Fibro_peribronchial,0.2675744891166687,143.5318145751953,0.0
CD4_TRM,Fibro_perichondrial,0.04003293812274933,21.474393844604492,2.7022223663611146e-102
CD4_TRM,ILC,0.5500448942184448,295.0540466308594,0.0
CD4_TRM,Ionocyte_n_Brush,0.2534297704696655,135.94432067871094,0.0
CD4_TRM,MAIT,0.5347371697425842,286.84271240234375,0.0
CD4_TRM,Macro_CHIT1,0.1710786074399948,91.76966857910156,0.0
CD4_TRM,Macro_interstitial,0.45315951108932495,243.08297729492188,0.0
CD4_TRM,Macro_AW_CX3CR1,0.533106803894043,285.9681701660156,0.0
CD4_TRM,Macro_alveolar_metallothioneins,0.47711899876594543,255.93528747558594,0.0
CD4_TRM,Macro_alv,0.13172540068626404,70.65989685058594,0.0
CD4_TRM,Macro_dividing,0.23685860633850098,127.05525207519531,0.0
CD4_TRM,Macro_int,0.3646704852581024,195.61585998535156,0.0
CD4_TRM,Macro_CCL,0.48123645782470703,258.1439514160156,0.0
CD4_TRM,Mast_cell,0.4849196672439575,260.1197204589844,0.0
CD4_TRM,Megakaryocyte,0.4343240559101105,232.97930908203125,0.0
CD4_TRM,Mesothelia,0.33907753229141235,181.88734436035156,0.0
CD4_TRM,Macrophage_intermediate,0.5204527974128723,279.1803283691406,0.0
CD4_TRM,Monocyte_CD14,0.46187832951545715,247.75991821289062,0.0
CD4_TRM,Monocyte_CD16,0.5231015682220459,280.6011657714844,0.0
CD4_TRM,Muscle_airway,-0.05093156173825264,-27.320613861083984,2.413833731814359e-164
CD4_TRM,Muscle_pericyte_airway,0.20726852118968964,111.1825942993164,0.0
CD4_TRM,Muscle_pericyte_parenchyma,0.49671950936317444,266.4493713378906,0.0
CD4_TRM,Muscle_perivascular_immune_recruiting,0.38978245854377747,209.0863800048828,0.0
CD4_TRM,Muscle_smooth_pulmonary,-0.043697524815797806,-23.44014549255371,1.6661782756819753e-121
CD4_TRM,Muscle_smooth_syst_arterial,-0.05292230099439621,-28.38848304748535,2.805452060841337e-177
CD4_TRM,Myoepithelial,0.401734322309494,215.49757385253906,0.0
CD4_TRM,NAF_endoneurial,0.10456664860248566,56.09144592285156,0.0
CD4_TRM,NAF_perineurial,-0.00472866790369153,-2.536543130874634,0.011195295110063511
CD4_TRM,NK_CD16hi,0.5693206787109375,305.3939514160156,0.0
CD4_TRM,NKT,0.5355724692344666,287.2908020019531,0.0
CD4_TRM,NK_CD11d,0.5632724165916443,302.1495361328125,0.0
CD4_TRM,NK_CD56bright,0.5313597321510315,285.031005859375,0.0
CD4_TRM,Neuroendocrine,0.42613333463668823,228.5856475830078,0.0
CD4_TRM,SMG_Basal,0.33650124073028564,180.50537109375,0.0
CD4_TRM,SMG_Duct,0.41275960206985474,221.4117431640625,0.0
CD4_TRM,SMG_Mucous,0.4397120177745819,235.8695068359375,0.0
CD4_TRM,SMG_Serous,0.3944598138332367,211.59539794921875,0.0
CD4_TRM,Schwann_Myelinating,0.3822246491909027,205.03224182128906,0.0
CD4_TRM,Schwann_nonmyelinating,0.07622643560171127,40.889244079589844,0.0
CD4_TRM,Secretory_Club,0.15235695242881775,81.72703552246094,0.0
CD4_TRM,Secretory_Goblet,0.20558661222457886,110.28038787841797,0.0
CD4_TRM,Suprabasal,0.19734080135822296,105.85718536376953,0.0
CD4_TRM,T_reg,0.5529760718345642,296.62640380859375,0.0
CD4_TRM,gdT,0.5516164898872375,295.8970947265625,0.0
CD4_naive_CM,CD4_naive_CM,0.5780582427978516,310.0809326171875,0.0
CD4_naive_CM,CD8_EM,0.3702884018421173,198.62940979003906,0.0
CD4_naive_CM,CD8_EM_EMRA,0.4792734682559967,257.0909729003906,0.0
CD4_naive_CM,CD8_TRM_EM,0.3875337243080139,207.880126953125,0.0
CD4_naive_CM,CD8_TRM,0.30061277747154236,161.254150390625,0.0
CD4_naive_CM,Chondrocyte,0.21122083067893982,113.30268859863281,0.0
CD4_naive_CM,Ciliated,-0.037806835025548935,-20.280271530151367,1.9206815569021018e-91
CD4_naive_CM,DC_1,0.5693272948265076,305.3974914550781,0.0
CD4_naive_CM,DC_2,0.4675208628177643,250.7866668701172,0.0
CD4_naive_CM,DC_activated,0.4540953040122986,243.5849609375,0.0
CD4_naive_CM,DC_plasmacytoid,0.3312692642211914,177.69883728027344,0.0
CD4_naive_CM,Deuterosomal,-0.12715540826320648,-68.20846557617188,0.0
CD4_naive_CM,Dividing_AT2,0.27678942680358887,148.47486877441406,0.0
CD4_naive_CM,Dividing_Basal,0.0891866385936737,47.841331481933594,0.0
CD4_naive_CM,Endothelia_Lymphatic,0.3195294141769409,171.4013671875,0.0
CD4_naive_CM,Endothelia_vascular_Cap_a,0.35030117630958557,187.9079132080078,0.0
CD4_naive_CM,Endothelia_vascular_Cap_g,0.3288923501968384,176.423828125,0.0
CD4_naive_CM,Endothelia_vascular_arterial_pulmonary,0.1693616360425949,90.8486557006836,0.0
CD4_naive_CM,Endothelia_vascular_arterial_systemic,-0.048682428896427155,-26.114137649536133,2.5192018296878434e-150
CD4_naive_CM,Endothelia_vascular_venous_pulmonary,0.18708521127700806,100.35590362548828,0.0
CD4_naive_CM,Endothelia_vascular_venous_systemic,0.15295732021331787,82.04907989501953,0.0
CD4_naive_CM,Erythrocyte,0.4529525339603424,242.97195434570312,0.0
CD4_naive_CM,Fibro_adventitial,0.11988811939954758,64.31016540527344,0.0
CD4_naive_CM,Fibro_alveolar,0.39782199263572693,213.39894104003906,0.0
CD4_naive_CM,Fibro_immune_recruiting,0.19033968448638916,102.1016616821289,0.0
CD4_naive_CM,Fibro_myofibroblast,0.14249350130558014,76.43609619140625,0.0
CD4_naive_CM,Fibro_peribronchial,0.014600385911762714,7.831912040710449,4.805056661364325e-15
CD4_naive_CM,Fibro_perichondrial,0.09204581379890442,49.37504577636719,0.0
CD4_naive_CM,ILC,0.3727891147136688,199.97084045410156,0.0
CD4_naive_CM,Ionocyte_n_Brush,-0.01491154357790947,-7.9988226890563965,1.256144498505652e-15
CD4_naive_CM,MAIT,0.4372451603412628,234.54623413085938,0.0
CD4_naive_CM,Macro_CHIT1,0.3809133768081665,204.32884216308594,0.0
CD4_naive_CM,Macro_interstitial,0.5109915733337402,274.10516357421875,0.0
CD4_naive_CM,Macro_AW_CX3CR1,0.345220685005188,185.18263244628906,0.0
CD4_naive_CM,Macro_alveolar_metallothioneins,0.519812822341919,278.8370361328125,0.0
CD4_naive_CM,Macro_alv,0.34009671211242676,182.43405151367188,0.0
CD4_naive_CM,Macro_dividing,0.3952317237854004,212.00946044921875,0.0
CD4_naive_CM,Macro_int,0.5764687657356262,309.2283020019531,0.0
CD4_naive_CM,Macro_CCL,0.4821663796901703,258.6427917480469,0.0
CD4_naive_CM,Mast_cell,0.4526548683643341,242.81228637695312,0.0
CD4_naive_CM,Megakaryocyte,0.039961643517017365,21.43614959716797,6.149618841285904e-102
CD4_naive_CM,Mesothelia,0.33827149868011475,181.45497131347656,0.0
CD4_naive_CM,Macrophage_intermediate,0.4757380485534668,255.19451904296875,0.0
CD4_naive_CM,Monocyte_CD14,0.5386248826980591,288.92816162109375,0.0
CD4_naive_CM,Monocyte_CD16,0.5043575167655945,270.5465087890625,0.0
CD4_naive_CM,Muscle_airway,-0.2306215465068817,-123.70957946777344,0.0
CD4_naive_CM,Muscle_pericyte_airway,0.23499804735183716,126.05721282958984,0.0
CD4_naive_CM,Muscle_pericyte_parenchyma,0.3255199193954468,174.6147918701172,0.0
CD4_naive_CM,Muscle_perivascular_immune_recruiting,0.20493729412555695,109.93208312988281,0.0
CD4_naive_CM,Muscle_smooth_pulmonary,-0.2158912569284439,-115.8079833984375,0.0
CD4_naive_CM,Muscle_smooth_syst_arterial,-0.23909220099449158,-128.25338745117188,0.0
CD4_naive_CM,Myoepithelial,0.11606484651565552,62.2592887878418,0.0
CD4_naive_CM,NAF_endoneurial,-0.1944413185119629,-104.30184936523438,0.0
CD4_naive_CM,NAF_perineurial,-0.23666459321975708,-126.95117950439453,0.0
CD4_naive_CM,NK_CD16hi,0.3466479182243347,185.94822692871094,0.0
CD4_naive_CM,NKT,0.46259286999702454,248.14320373535156,0.0
CD4_naive_CM,NK_CD11d,0.2914277911186218,156.3271484375,0.0
CD4_naive_CM,NK_CD56bright,0.27149513363838196,145.63491821289062,0.0
CD4_naive_CM,Neuroendocrine,0.10914172977209091,58.54560470581055,0.0
CD4_naive_CM,SMG_Basal,0.05403962731361389,28.987836837768555,9.365621739398208e-185
CD4_naive_CM,SMG_Duct,0.10177773982286453,54.59542465209961,0.0
CD4_naive_CM,SMG_Mucous,0.09212712198495865,49.41865921020508,0.0
CD4_naive_CM,SMG_Serous,0.11112495511770248,59.60944366455078,0.0
CD4_naive_CM,Schwann_Myelinating,0.0022733567748218775,1.2194697856903076,0.22266593689831815
CD4_naive_CM,Schwann_nonmyelinating,-0.21299710869789124,-114.2555160522461,0.0
CD4_naive_CM,Secretory_Club,0.09884665906429291,53.02313995361328,0.0
CD4_naive_CM,Secretory_Goblet,0.006541474722325802,3.5089657306671143,0.00044985286370359377
CD4_naive_CM,Suprabasal,-0.044587161391973495,-23.917362213134766,2.0207678153443288e-126
CD4_naive_CM,T_reg,0.3775739371776581,202.53750610351562,0.0
CD4_naive_CM,gdT,0.39392274618148804,211.30731201171875,0.0
CD8_EM,CD8_EM,0.5541327595710754,297.2468566894531,0.0
CD8_EM,CD8_EM_EMRA,0.5356847047805786,287.3509826660156,0.0
CD8_EM,CD8_TRM_EM,0.5543567538261414,297.36700439453125,0.0
CD8_EM,CD8_TRM,0.5336406826972961,286.2545471191406,0.0
CD8_EM,Chondrocyte,0.2667081654071808,143.0670928955078,0.0
CD8_EM,Ciliated,0.19420991837978363,104.17772674560547,0.0
CD8_EM,DC_1,0.4734129309654236,253.94728088378906,0.0
CD8_EM,DC_2,0.5243324041366577,281.26141357421875,0.0
CD8_EM,DC_activated,0.5357348322868347,287.37786865234375,0.0
CD8_EM,DC_plasmacytoid,0.5393075346946716,289.2943420410156,0.0
CD8_EM,Deuterosomal,0.14082299172878265,75.54000854492188,0.0
CD8_EM,Dividing_AT2,0.48679491877555847,261.1256408691406,0.0
CD8_EM,Dividing_Basal,0.36074867844581604,193.5121307373047,0.0
CD8_EM,Endothelia_Lymphatic,0.24414999783039093,130.96649169921875,0.0
CD8_EM,Endothelia_vascular_Cap_a,0.5121774077415466,274.7412414550781,0.0
CD8_EM,Endothelia_vascular_Cap_g,0.5117799043655396,274.52801513671875,0.0
CD8_EM,Endothelia_vascular_arterial_pulmonary,0.38794198632240295,208.09912109375,0.0
CD8_EM,Endothelia_vascular_arterial_systemic,0.13717949390411377,73.5855712890625,0.0
CD8_EM,Endothelia_vascular_venous_pulmonary,0.34428825974464417,184.68246459960938,0.0
CD8_EM,Endothelia_vascular_venous_systemic,0.1517775058746338,81.41620635986328,0.0
CD8_EM,Erythrocyte,0.5158260464668274,276.6984558105469,0.0
CD8_EM,Fibro_adventitial,0.09996426105499268,53.622642517089844,0.0
CD8_EM,Fibro_alveolar,0.47959423065185547,257.2630310058594,0.0
CD8_EM,Fibro_immune_recruiting,0.3071705102920532,164.77183532714844,0.0
CD8_EM,Fibro_myofibroblast,0.08972965180873871,48.13261413574219,0.0
CD8_EM,Fibro_peribronchial,0.21039186418056488,112.8580093383789,0.0
CD8_EM,Fibro_perichondrial,0.0345335453748703,18.5244197845459,1.3120994355943853e-76
CD8_EM,ILC,0.5470603108406067,293.45306396484375,0.0
CD8_EM,Ionocyte_n_Brush,0.22926880419254303,122.98394775390625,0.0
CD8_EM,MAIT,0.5516403913497925,295.909912109375,0.0
CD8_EM,Macro_CHIT1,0.22299188375473022,119.61688995361328,0.0
CD8_EM,Macro_interstitial,0.49353912472724915,264.74334716796875,0.0
CD8_EM,Macro_AW_CX3CR1,0.5243862867355347,281.2903137207031,0.0
CD8_EM,Macro_alveolar_metallothioneins,0.48989561200141907,262.78887939453125,0.0
CD8_EM,Macro_alv,0.18677754700183868,100.19086456298828,0.0
CD8_EM,Macro_dividing,0.29041722416877747,155.78506469726562,0.0
CD8_EM,Macro_int,0.40863659977912903,219.20008850097656,0.0
CD8_EM,Macro_CCL,0.5131659507751465,275.2715148925781,0.0
CD8_EM,Mast_cell,0.4920221269130707,263.9295959472656,0.0
CD8_EM,Megakaryocyte,0.38938528299331665,208.8733367919922,0.0
CD8_EM,Mesothelia,0.30866023898124695,165.57095336914062,0.0
CD8_EM,Macrophage_intermediate,0.527096152305603,282.7439270019531,0.0
CD8_EM,Monocyte_CD14,0.4945967495441437,265.3106689453125,0.0
CD8_EM,Monocyte_CD16,0.5376530885696411,288.4068603515625,0.0
CD8_EM,Muscle_airway,-0.0931558758020401,-49.97050094604492,0.0
CD8_EM,Muscle_pericyte_airway,0.17661990225315094,94.74211883544922,0.0
CD8_EM,Muscle_pericyte_parenchyma,0.5067854523658752,271.8489074707031,0.0
CD8_EM,Muscle_perivascular_immune_recruiting,0.3412882089614868,183.07318115234375,0.0
CD8_EM,Muscle_smooth_pulmonary,-0.08245562016963959,-44.230690002441406,0.0
CD8_EM,Muscle_smooth_syst_arterial,-0.09244716912508011,-49.59033966064453,0.0
CD8_EM,Myoepithelial,0.35485291481018066,190.34954833984375,0.0
CD8_EM,NAF_endoneurial,0.04822007194161415,25.866121292114258,1.6026825443049637e-147
CD8_EM,NAF_perineurial,-0.049864474684000015,-26.74820899963379,1.2954596146024565e-157
CD8_EM,NK_CD16hi,0.5654110908508301,303.2967529296875,0.0
CD8_EM,NKT,0.5499191880226135,294.98663330078125,0.0
CD8_EM,NK_CD11d,0.5506208539009094,295.3630065917969,0.0
CD8_EM,NK_CD56bright,0.5231168270111084,280.6093444824219,0.0
CD8_EM,Neuroendocrine,0.3760576844215393,201.7241668701172,0.0
CD8_EM,SMG_Basal,0.3001859784126282,161.02520751953125,0.0
CD8_EM,SMG_Duct,0.360384076833725,193.31655883789062,0.0
CD8_EM,SMG_Mucous,0.3905220031738281,209.48309326171875,0.0
CD8_EM,SMG_Serous,0.3439403176307678,184.49581909179688,0.0
CD8_EM,Schwann_Myelinating,0.32382476329803467,173.70547485351562,0.0
CD8_EM,Schwann_nonmyelinating,0.027921756729483604,14.977736473083496,1.026540546053945e-50
CD8_EM,Secretory_Club,0.15351609885692596,82.34882354736328,0.0
CD8_EM,Secretory_Goblet,0.18700356781482697,100.31210327148438,0.0
CD8_EM,Suprabasal,0.16991136968135834,91.14353942871094,0.0
CD8_EM,T_reg,0.556815505027771,298.6859436035156,0.0
CD8_EM,gdT,0.5541685223579407,297.26605224609375,0.0
CD8_EM_EMRA,CD8_EM_EMRA,0.5951627492904663,319.256103515625,0.0
CD8_EM_EMRA,CD8_TRM_EM,0.5523454546928406,296.2881164550781,0.0
CD8_EM_EMRA,CD8_TRM,0.48772409558296204,261.6240539550781,0.0
CD8_EM_EMRA,Chondrocyte,0.24163557589054108,129.61770629882812,0.0
CD8_EM_EMRA,Ciliated,0.05426035821437836,29.10624122619629,2.9929730555396997e-186
CD8_EM_EMRA,DC_1,0.5644798278808594,302.7972106933594,0.0
CD8_EM_EMRA,DC_2,0.562907338142395,301.9537048339844,0.0
CD8_EM_EMRA,DC_activated,0.5738199949264526,307.8074645996094,0.0
CD8_EM_EMRA,DC_plasmacytoid,0.4961065948009491,266.1205749511719,0.0
CD8_EM_EMRA,Deuterosomal,-0.011079787276685238,-5.943398952484131,2.7917187078939946e-09
CD8_EM_EMRA,Dividing_AT2,0.4491291344165802,240.9210205078125,0.0
CD8_EM_EMRA,Dividing_Basal,0.24624818563461304,132.0919952392578,0.0
CD8_EM_EMRA,Endothelia_Lymphatic,0.2586597800254822,138.7498016357422,0.0
CD8_EM_EMRA,Endothelia_vascular_Cap_a,0.544505774974823,292.082763671875,0.0
CD8_EM_EMRA,Endothelia_vascular_Cap_g,0.5321125388145447,285.434814453125,0.0
CD8_EM_EMRA,Endothelia_vascular_arterial_pulmonary,0.33361488580703735,178.9570770263672,0.0
CD8_EM_EMRA,Endothelia_vascular_arterial_systemic,0.037055931985378265,19.877473831176758,6.376450892065344e-88
CD8_EM_EMRA,Endothelia_vascular_venous_pulmonary,0.2825115919113159,151.54434204101562,0.0
CD8_EM_EMRA,Endothelia_vascular_venous_systemic,0.11350870132446289,60.888126373291016,0.0
CD8_EM_EMRA,Erythrocyte,0.5739446878433228,307.87432861328125,0.0
CD8_EM_EMRA,Fibro_adventitial,0.06377845257520676,34.211917877197266,1.607858911551587e-256
CD8_EM_EMRA,Fibro_alveolar,0.5488659143447876,294.421630859375,0.0
CD8_EM_EMRA,Fibro_immune_recruiting,0.2519638240337372,135.157958984375,0.0
CD8_EM_EMRA,Fibro_myofibroblast,0.07145614176988602,38.33037185668945,0.0
CD8_EM_EMRA,Fibro_peribronchial,0.08878792077302933,47.6274528503418,0.0
CD8_EM_EMRA,Fibro_perichondrial,0.033165086060762405,17.790353775024414,8.394822345343714e-71
CD8_EM_EMRA,ILC,0.5264016389846802,282.37139892578125,0.0
CD8_EM_EMRA,Ionocyte_n_Brush,0.10218479484319687,54.813777923583984,0.0
CD8_EM_EMRA,MAIT,0.5780432820320129,310.0729064941406,0.0
CD8_EM_EMRA,Macro_CHIT1,0.33657306432724,180.5438995361328,0.0
CD8_EM_EMRA,Macro_interstitial,0.583573579788208,313.0394592285156,0.0
CD8_EM_EMRA,Macro_AW_CX3CR1,0.4907682538032532,263.2569885253906,0.0
CD8_EM_EMRA,Macro_alveolar_metallothioneins,0.5501566529273987,295.114013671875,0.0
CD8_EM_EMRA,Macro_alv,0.2969749867916107,159.30276489257812,0.0
CD8_EM_EMRA,Macro_dividing,0.3980376124382019,213.5146026611328,0.0
CD8_EM_EMRA,Macro_int,0.5359255075454712,287.48016357421875,0.0
CD8_EM_EMRA,Macro_CCL,0.5819354057312012,312.16070556640625,0.0
CD8_EM_EMRA,Mast_cell,0.5088943839073181,272.9801940917969,0.0
CD8_EM_EMRA,Megakaryocyte,0.24323895573616028,130.477783203125,0.0
CD8_EM_EMRA,Mesothelia,0.3109479546546936,166.79812622070312,0.0
CD8_EM_EMRA,Macrophage_intermediate,0.559607982635498,300.1838684082031,0.0
CD8_EM_EMRA,Monocyte_CD14,0.5902001857757568,316.5940856933594,0.0
CD8_EM_EMRA,Monocyte_CD16,0.5888731479644775,315.8822326660156,0.0
CD8_EM_EMRA,Muscle_airway,-0.21270780265331268,-114.10032653808594,0.0
CD8_EM_EMRA,Muscle_pericyte_airway,0.16787511110305786,90.05125427246094,0.0
CD8_EM_EMRA,Muscle_pericyte_parenchyma,0.5212358236312866,279.600341796875,0.0
CD8_EM_EMRA,Muscle_perivascular_immune_recruiting,0.2775275409221649,148.8708038330078,0.0
CD8_EM_EMRA,Muscle_smooth_pulmonary,-0.19992680847644806,-107.24436950683594,0.0
CD8_EM_EMRA,Muscle_smooth_syst_arterial,-0.21785198152065277,-116.85975646972656,0.0
CD8_EM_EMRA,Myoepithelial,0.2656674385070801,142.5088348388672,0.0
CD8_EM_EMRA,NAF_endoneurial,-0.10165570676326752,-54.529964447021484,0.0
CD8_EM_EMRA,NAF_perineurial,-0.18852998316287994,-101.13090515136719,0.0
CD8_EM_EMRA,NK_CD16hi,0.5396599173545837,289.4833679199219,0.0
CD8_EM_EMRA,NKT,0.5885135531425476,315.6893615722656,0.0
CD8_EM_EMRA,NK_CD11d,0.4923208951950073,264.0898742675781,0.0
CD8_EM_EMRA,NK_CD56bright,0.45931607484817505,246.38548278808594,0.0
CD8_EM_EMRA,Neuroendocrine,0.24809390306472778,133.0820770263672,0.0
CD8_EM_EMRA,SMG_Basal,0.15936200320720673,85.48467254638672,0.0
CD8_EM_EMRA,SMG_Duct,0.2615344226360321,140.29180908203125,0.0
CD8_EM_EMRA,SMG_Mucous,0.26726844906806946,143.36764526367188,0.0
CD8_EM_EMRA,SMG_Serous,0.25249770283699036,135.44435119628906,0.0
CD8_EM_EMRA,Schwann_Myelinating,0.1804259717464447,96.78376770019531,0.0
CD8_EM_EMRA,Schwann_nonmyelinating,-0.12421122193336487,-66.629150390625,0.0
CD8_EM_EMRA,Secretory_Club,0.11644011735916138,62.46059036254883,0.0
CD8_EM_EMRA,Secretory_Goblet,0.07682911306619644,41.212528228759766,0.0
CD8_EM_EMRA,Suprabasal,0.033818379044532776,18.140792846679688,1.5182506440066437e-73
CD8_EM_EMRA,T_reg,0.5436505675315857,291.6240234375,0.0
CD8_EM_EMRA,gdT,0.5489951372146606,294.4909362792969,0.0
CD8_TRM_EM,CD8_TRM_EM,0.5631741881370544,302.09686279296875,0.0
CD8_TRM_EM,CD8_TRM,0.5364266037940979,287.74896240234375,0.0
CD8_TRM_EM,Chondrocyte,0.22446581721305847,120.40753936767578,0.0
CD8_TRM_EM,Ciliated,0.1822546124458313,97.76467895507812,0.0
CD8_TRM_EM,DC_1,0.5044887661933899,270.6169128417969,0.0
CD8_TRM_EM,DC_2,0.5486732125282288,294.3182678222656,0.0
CD8_TRM_EM,DC_activated,0.5569718480110168,298.7698059082031,0.0
CD8_TRM_EM,DC_plasmacytoid,0.5340425968170166,286.4701232910156,0.0
CD8_TRM_EM,Deuterosomal,0.11543382704257965,61.920799255371094,0.0
CD8_TRM_EM,Dividing_AT2,0.49410152435302734,265.0450134277344,0.0
CD8_TRM_EM,Dividing_Basal,0.3369823694229126,180.76345825195312,0.0
CD8_TRM_EM,Endothelia_Lymphatic,0.21642301976680756,116.09323120117188,0.0
CD8_TRM_EM,Endothelia_vascular_Cap_a,0.5340130925178528,286.4543151855469,0.0
CD8_TRM_EM,Endothelia_vascular_Cap_g,0.5278448462486267,283.1455383300781,0.0
CD8_TRM_EM,Endothelia_vascular_arterial_pulmonary,0.3717730939388275,199.4258270263672,0.0
CD8_TRM_EM,Endothelia_vascular_arterial_systemic,0.11361482739448547,60.94505310058594,0.0
CD8_TRM_EM,Endothelia_vascular_venous_pulmonary,0.30652856826782227,164.427490234375,0.0
CD8_TRM_EM,Endothelia_vascular_venous_systemic,0.11781546473503113,63.1983528137207,0.0
CD8_TRM_EM,Erythrocyte,0.5346750617027283,286.8094177246094,0.0
CD8_TRM_EM,Fibro_adventitial,0.05267903953790665,28.257991790771484,1.1353320413320935e-175
CD8_TRM_EM,Fibro_alveolar,0.506702184677124,271.8042297363281,0.0
CD8_TRM_EM,Fibro_immune_recruiting,0.2655678391456604,142.45541381835938,0.0
CD8_TRM_EM,Fibro_myofibroblast,0.052462752908468246,28.141971588134766,3.004801682329142e-174
CD8_TRM_EM,Fibro_peribronchial,0.15440185368061066,82.8239517211914,0.0
CD8_TRM_EM,Fibro_perichondrial,0.031941261142492294,17.13387107849121,8.294732150769511e-66
CD8_TRM_EM,ILC,0.5414553284645081,290.44647216796875,0.0
CD8_TRM_EM,Ionocyte_n_Brush,0.22023525834083557,118.13819122314453,0.0
CD8_TRM_EM,MAIT,0.5629684925079346,301.98651123046875,0.0
CD8_TRM_EM,Macro_CHIT1,0.26621440052986145,142.80223083496094,0.0
CD8_TRM_EM,Macro_interstitial,0.5260612368583679,282.18878173828125,0.0
CD8_TRM_EM,Macro_AW_CX3CR1,0.5203208327293396,279.1095275878906,0.0
CD8_TRM_EM,Macro_alveolar_metallothioneins,0.4969613254070282,266.5790710449219,0.0
CD8_TRM_EM,Macro_alv,0.2367965281009674,127.0219497680664,0.0
CD8_TRM_EM,Macro_dividing,0.33706870675086975,180.8097686767578,0.0
CD8_TRM_EM,Macro_int,0.4414007067680359,236.7753448486328,0.0
CD8_TRM_EM,Macro_CCL,0.5379881262779236,288.5865783691406,0.0
CD8_TRM_EM,Mast_cell,0.4910493493080139,263.40777587890625,0.0
CD8_TRM_EM,Megakaryocyte,0.35328513383865356,189.50856018066406,0.0
CD8_TRM_EM,Mesothelia,0.27940744161605835,149.8792266845703,0.0
CD8_TRM_EM,Macrophage_intermediate,0.5288287401199341,283.67333984375,0.0
CD8_TRM_EM,Monocyte_CD14,0.5162690281867981,276.9360656738281,0.0
CD8_TRM_EM,Monocyte_CD16,0.545895516872406,292.8282470703125,0.0
CD8_TRM_EM,Muscle_airway,-0.1392739713191986,-74.7090835571289,0.0
CD8_TRM_EM,Muscle_pericyte_airway,0.14556603133678436,78.08425903320312,0.0
CD8_TRM_EM,Muscle_pericyte_parenchyma,0.5152044892311096,276.3650207519531,0.0
CD8_TRM_EM,Muscle_perivascular_immune_recruiting,0.299877792596817,160.85989379882812,0.0
CD8_TRM_EM,Muscle_smooth_pulmonary,-0.12593545019626617,-67.55406188964844,0.0
CD8_TRM_EM,Muscle_smooth_syst_arterial,-0.13595245778560638,-72.9273681640625,0.0
CD8_TRM_EM,Myoepithelial,0.31814518570899963,170.65884399414062,0.0
CD8_TRM_EM,NAF_endoneurial,-0.0068426853977143764,-3.6705405712127686,0.0002420380465855387
CD8_TRM_EM,NAF_perineurial,-0.0982091873884201,-52.681190490722656,0.0
CD8_TRM_EM,NK_CD16hi,0.5624967217445374,301.73345947265625,0.0
CD8_TRM_EM,NKT,0.5584149956703186,299.5439453125,0.0
CD8_TRM_EM,NK_CD11d,0.542650043964386,291.08734130859375,0.0
CD8_TRM_EM,NK_CD56bright,0.5191987156867981,278.5075988769531,0.0
CD8_TRM_EM,Neuroendocrine,0.3323631286621094,178.28561401367188,0.0
CD8_TRM_EM,SMG_Basal,0.28158241510391235,151.04591369628906,0.0
CD8_TRM_EM,SMG_Duct,0.32127654552459717,172.33856201171875,0.0
CD8_TRM_EM,SMG_Mucous,0.35654160380363464,191.25538635253906,0.0
CD8_TRM_EM,SMG_Serous,0.3039717376232147,163.0559539794922,0.0
CD8_TRM_EM,Schwann_Myelinating,0.2755126357078552,147.78997802734375,0.0
CD8_TRM_EM,Schwann_nonmyelinating,-0.020514141768217087,-11.004158020019531,3.6490866226656974e-28
CD8_TRM_EM,Secretory_Club,0.16906428337097168,90.68914794921875,0.0
CD8_TRM_EM,Secretory_Goblet,0.1820509284734726,97.6554183959961,0.0
CD8_TRM_EM,Suprabasal,0.15533310174942017,83.32349395751953,0.0
CD8_TRM_EM,T_reg,0.5589141845703125,299.81170654296875,0.0
CD8_TRM_EM,gdT,0.5530499219894409,296.666015625,0.0
CD8_TRM,CD8_TRM,0.5422567129135132,290.8763427734375,0.0
CD8_TRM,Chondrocyte,0.18841028213500977,101.06669616699219,0.0
CD8_TRM,Ciliated,0.27076923847198486,145.2455291748047,0.0
CD8_TRM,DC_1,0.43488648533821106,233.281005859375,0.0
CD8_TRM,DC_2,0.5077270269393921,272.3539733886719,0.0
CD8_TRM,DC_activated,0.5124524235725403,274.8887634277344,0.0
CD8_TRM,DC_plasmacytoid,0.529227077960968,283.8869934082031,0.0
CD8_TRM,Deuterosomal,0.20893722772598267,112.07772064208984,0.0
CD8_TRM,Dividing_AT2,0.49567264318466187,265.8877868652344,0.0
CD8_TRM,Dividing_Basal,0.3778154253959656,202.66705322265625,0.0
CD8_TRM,Endothelia_Lymphatic,0.16938962042331696,90.86366271972656,0.0
CD8_TRM,Endothelia_vascular_Cap_a,0.49262431263923645,264.25262451171875,0.0
CD8_TRM,Endothelia_vascular_Cap_g,0.4908158779144287,263.28253173828125,0.0
CD8_TRM,Endothelia_vascular_arterial_pulmonary,0.3794824481010437,203.56126403808594,0.0
CD8_TRM,Endothelia_vascular_arterial_systemic,0.16684745252132416,89.5,0.0
CD8_TRM,Endothelia_vascular_venous_pulmonary,0.2996387183666229,160.7316436767578,0.0
CD8_TRM,Endothelia_vascular_venous_systemic,0.10929369926452637,58.62712478637695,0.0
CD8_TRM,Erythrocyte,0.4761148989200592,255.39666748046875,0.0
CD8_TRM,Fibro_adventitial,0.032090745866298676,17.21405792236328,2.083098936315046e-66
CD8_TRM,Fibro_alveolar,0.4453825056552887,238.9112548828125,0.0
CD8_TRM,Fibro_immune_recruiting,0.2519596219062805,135.1557159423828,0.0
CD8_TRM,Fibro_myofibroblast,0.03136085346341133,16.82253074645996,1.6687538157745386e-63
CD8_TRM,Fibro_peribronchial,0.18657223880290985,100.08073425292969,0.0
CD8_TRM,Fibro_perichondrial,0.02386820688843727,12.803339004516602,1.5705035142798987e-37
CD8_TRM,ILC,0.517920970916748,277.82220458984375,0.0
CD8_TRM,Ionocyte_n_Brush,0.299957811832428,160.90281677246094,0.0
CD8_TRM,MAIT,0.5167540311813354,277.19622802734375,0.0
CD8_TRM,Macro_CHIT1,0.2054937332868576,110.2305679321289,0.0
CD8_TRM,Macro_interstitial,0.4545866847038269,243.84854125976562,0.0
CD8_TRM,Macro_AW_CX3CR1,0.5072494149208069,272.0977783203125,0.0
CD8_TRM,Macro_alveolar_metallothioneins,0.42795178294181824,229.56109619140625,0.0
CD8_TRM,Macro_alv,0.1835424154996872,98.45548248291016,0.0
CD8_TRM,Macro_dividing,0.27704617381095886,148.6125946044922,0.0
CD8_TRM,Macro_int,0.34751519560813904,186.4134521484375,0.0
CD8_TRM,Macro_CCL,0.4736441671848297,254.07131958007812,0.0
CD8_TRM,Mast_cell,0.4510301947593689,241.94078063964844,0.0
CD8_TRM,Megakaryocyte,0.4126339256763458,221.34432983398438,0.0
CD8_TRM,Mesothelia,0.2322695106267929,124.59358215332031,0.0
CD8_TRM,Macrophage_intermediate,0.47198402881622314,253.18080139160156,0.0
CD8_TRM,Monocyte_CD14,0.4321289658546448,231.80181884765625,0.0
CD8_TRM,Monocyte_CD16,0.48063814640045166,257.8230285644531,0.0
CD8_TRM,Muscle_airway,-0.07543933391571045,-40.46702575683594,0.0
CD8_TRM,Muscle_pericyte_airway,0.11457241326570511,61.45872116088867,0.0
CD8_TRM,Muscle_pericyte_parenchyma,0.4758605659008026,255.26023864746094,0.0
CD8_TRM,Muscle_perivascular_immune_recruiting,0.29137030243873596,156.2963104248047,0.0
CD8_TRM,Muscle_smooth_pulmonary,-0.06198285520076752,-33.24872970581055,2.1294601894636e-242
CD8_TRM,Muscle_smooth_syst_arterial,-0.06335225701332092,-33.983299255371094,3.932163539602199e-253
CD8_TRM,Myoepithelial,0.32858264446258545,176.2576904296875,0.0
CD8_TRM,NAF_endoneurial,0.06402183324098587,34.342472076416016,1.8243787970324898e-258
CD8_TRM,NAF_perineurial,-0.02332478016614914,-12.511835098266602,6.432088344224901e-36
CD8_TRM,NK_CD16hi,0.5435677170753479,291.57958984375,0.0
CD8_TRM,NKT,0.5017610788345337,269.15374755859375,0.0
CD8_TRM,NK_CD11d,0.5458996295928955,292.8304748535156,0.0
CD8_TRM,NK_CD56bright,0.5324634313583374,285.623046875,0.0
CD8_TRM,Neuroendocrine,0.3696832060813904,198.30477905273438,0.0
CD8_TRM,SMG_Basal,0.35678809881210327,191.38760375976562,0.0
CD8_TRM,SMG_Duct,0.33633795380592346,180.41778564453125,0.0
CD8_TRM,SMG_Mucous,0.3958614766597748,212.34727478027344,0.0
CD8_TRM,SMG_Serous,0.31305795907974243,167.92996215820312,0.0
CD8_TRM,Schwann_Myelinating,0.32262954115867615,173.06434631347656,0.0
CD8_TRM,Schwann_nonmyelinating,0.05778798088431358,30.99852180480957,5.643524149739078e-211
CD8_TRM,Secretory_Club,0.1965579092502594,105.43722534179688,0.0
CD8_TRM,Secretory_Goblet,0.25350937247276306,135.98703002929688,0.0
CD8_TRM,Suprabasal,0.24239002168178558,130.02239990234375,0.0
CD8_TRM,T_reg,0.5366623401641846,287.87542724609375,0.0
CD8_TRM,gdT,0.5204175710678101,279.16143798828125,0.0
Chondrocyte,Chondrocyte,0.7464045882225037,400.38494873046875,0.0
Chondrocyte,Ciliated,-0.014332368038594723,-7.6881422996521,1.4928671998640498e-14
Chondrocyte,DC_1,0.1435140073299408,76.9835205078125,0.0
Chondrocyte,DC_2,0.1549658626317978,83.12650299072266,0.0
Chondrocyte,DC_activated,0.17231500148773193,92.43289184570312,0.0
Chondrocyte,DC_plasmacytoid,0.27432578802108765,147.15333557128906,0.0
Chondrocyte,Deuterosomal,0.03501775115728378,18.784156799316406,1.017902843629832e-78
Chondrocyte,Dividing_AT2,0.17425256967544556,93.47223663330078,0.0
Chondrocyte,Dividing_Basal,0.22375689446926117,120.02725982666016,0.0
Chondrocyte,Endothelia_Lymphatic,0.3924482464790344,210.516357421875,0.0
Chondrocyte,Endothelia_vascular_Cap_a,0.13234642148017883,70.9930191040039,0.0
Chondrocyte,Endothelia_vascular_Cap_g,0.17038127779960632,91.3956069946289,0.0
Chondrocyte,Endothelia_vascular_arterial_pulmonary,0.20393136143684387,109.3924789428711,0.0
Chondrocyte,Endothelia_vascular_arterial_systemic,0.03941630572080612,21.14362144470215,3.1588441405596798e-99
Chondrocyte,Endothelia_vascular_venous_pulmonary,0.40471217036247253,217.09495544433594,0.0
Chondrocyte,Endothelia_vascular_venous_systemic,0.29714587330818176,159.39443969726562,0.0
Chondrocyte,Erythrocyte,0.1945270299911499,104.34783172607422,0.0
Chondrocyte,Fibro_adventitial,0.442267507314682,237.2403106689453,0.0
Chondrocyte,Fibro_alveolar,0.1171923503279686,62.86410140991211,0.0
Chondrocyte,Fibro_immune_recruiting,0.5140950679779053,275.7699279785156,0.0
Chondrocyte,Fibro_myofibroblast,0.3672979772090912,197.02529907226562,0.0
Chondrocyte,Fibro_peribronchial,0.35833820700645447,192.2191162109375,0.0
Chondrocyte,Fibro_perichondrial,0.001406947965733707,0.7547124028205872,0.45042156301801417
Chondrocyte,ILC,0.31384506821632385,168.35218811035156,0.0
Chondrocyte,Ionocyte_n_Brush,0.013098879717290401,7.026476860046387,2.1181368880421227e-12
Chondrocyte,MAIT,0.2464785873889923,132.21559143066406,0.0
Chondrocyte,Macro_CHIT1,-0.07484908401966095,-40.15040588378906,0.0
Chondrocyte,Macro_interstitial,0.1397172063589096,74.94684600830078,0.0
Chondrocyte,Macro_AW_CX3CR1,0.3043701946735382,163.2696990966797,0.0
Chondrocyte,Macro_alveolar_metallothioneins,0.3166138529777527,169.83741760253906,0.0
Chondrocyte,Macro_alv,-0.14295212924480438,-76.68211364746094,0.0
Chondrocyte,Macro_dividing,-0.0627310648560524,-33.650081634521484,3.1093634533576127e-248
Chondrocyte,Macro_int,0.15666989982128143,84.04057312011719,0.0
Chondrocyte,Macro_CCL,0.187785342335701,100.73146057128906,0.0
Chondrocyte,Mast_cell,0.2738317549228668,146.88832092285156,0.0
Chondrocyte,Megakaryocyte,0.2866210341453552,153.74871826171875,0.0
Chondrocyte,Mesothelia,0.49385780096054077,264.9142761230469,0.0
Chondrocyte,Macrophage_intermediate,0.34806907176971436,186.7105712890625,0.0
Chondrocyte,Monocyte_CD14,0.2378954142332077,127.61141967773438,0.0
Chondrocyte,Monocyte_CD16,0.31777381896972656,170.4596405029297,0.0
Chondrocyte,Muscle_airway,0.05042216181755066,27.04736328125,4.1022128951419544e-161
Chondrocyte,Muscle_pericyte_airway,0.3783297836780548,202.94296264648438,0.0
Chondrocyte,Muscle_pericyte_parenchyma,0.2209959328174591,118.54622650146484,0.0
Chondrocyte,Muscle_perivascular_immune_recruiting,0.49376559257507324,264.86480712890625,0.0
Chondrocyte,Muscle_smooth_pulmonary,0.032685983926057816,17.533353805541992,7.972517969000495e-69
Chondrocyte,Muscle_smooth_syst_arterial,0.012501566670835018,6.706067085266113,1.999398325657185e-11
Chondrocyte,Myoepithelial,0.4503866732120514,241.5955810546875,0.0
Chondrocyte,NAF_endoneurial,0.16988742351531982,91.13069915771484,0.0
Chondrocyte,NAF_perineurial,0.047273606061935425,25.35841941833496,7.256620771910446e-142
Chondrocyte,NK_CD16hi,0.3012769818305969,161.61044311523438,0.0
Chondrocyte,NKT,0.291931688785553,156.5974578857422,0.0
Chondrocyte,NK_CD11d,0.28891414403915405,154.97879028320312,0.0
Chondrocyte,NK_CD56bright,0.22421294450759888,120.27188873291016,0.0
Chondrocyte,Neuroendocrine,0.39828160405158997,213.64547729492188,0.0
Chondrocyte,SMG_Basal,0.09926483035087585,53.24745559692383,0.0
Chondrocyte,SMG_Duct,0.46572890877723694,249.825439453125,0.0
Chondrocyte,SMG_Mucous,0.37084710597991943,198.9291229248047,0.0
Chondrocyte,SMG_Serous,0.48831722140312195,261.9422302246094,0.0
Chondrocyte,Schwann_Myelinating,0.3765776455402374,202.00308227539062,0.0
Chondrocyte,Schwann_nonmyelinating,0.08245132863521576,44.228389739990234,0.0
Chondrocyte,Secretory_Club,-0.052046939730644226,-27.918922424316406,1.5723343457848843e-171
Chondrocyte,Secretory_Goblet,-0.0251059178262949,-13.467269897460938,2.437118174812743e-41
Chondrocyte,Suprabasal,0.009346612729132175,5.013692855834961,5.339519671892107e-07
Chondrocyte,T_reg,0.25879836082458496,138.8241424560547,0.0
Chondrocyte,gdT,0.3048931062221527,163.55018615722656,0.0
Ciliated,Ciliated,0.41412630677223206,222.14486694335938,0.0
Ciliated,DC_1,0.07312845438718796,39.2274284362793,0.0
Ciliated,DC_2,0.16284120082855225,87.3509750366211,0.0
Ciliated,DC_activated,0.13666079938411713,73.30733489990234,0.0
Ciliated,DC_plasmacytoid,0.2402346134185791,128.8662109375,0.0
Ciliated,Deuterosomal,0.35229119658470154,188.9753875732422,0.0
Ciliated,Dividing_AT2,0.2461595982313156,132.0444793701172,0.0
Ciliated,Dividing_Basal,0.2862650454044342,153.55776977539062,0.0
Ciliated,Endothelia_Lymphatic,-0.034709278494119644,-18.61868667602539,2.2670606098862773e-77
Ciliated,Endothelia_vascular_Cap_a,0.09605787694454193,51.52718734741211,0.0
Ciliated,Endothelia_vascular_Cap_g,0.10156385600566864,54.48069381713867,0.0
Ciliated,Endothelia_vascular_arterial_pulmonary,0.1673833280801773,89.7874526977539,0.0
Ciliated,Endothelia_vascular_arterial_systemic,0.21893759071826935,117.44209289550781,0.0
Ciliated,Endothelia_vascular_venous_pulmonary,0.10126252472400665,54.319053649902344,0.0
Ciliated,Endothelia_vascular_venous_systemic,0.04479207843542099,24.02728271484375,1.4425947915745777e-127
Ciliated,Erythrocyte,0.060801807790994644,32.61519241333008,2.497851994282753e-233
Ciliated,Fibro_adventitial,-0.03522505611181259,-18.89535903930664,1.2453748145145974e-79
Ciliated,Fibro_alveolar,0.02145107090473175,11.506743431091309,1.2199879432174867e-30
Ciliated,Fibro_immune_recruiting,0.08197751641273499,43.97422790527344,0.0
Ciliated,Fibro_myofibroblast,-0.03924943506717682,-21.054109573364258,2.096865640116868e-98
Ciliated,Fibro_peribronchial,0.1495836228132248,80.23937225341797,0.0
Ciliated,Fibro_perichondrial,0.04040435701608658,21.673629760742188,3.6390800495062496e-104
Ciliated,ILC,0.17859336733818054,95.80072021484375,0.0
Ciliated,Ionocyte_n_Brush,0.38190987706184387,204.86338806152344,0.0
Ciliated,MAIT,0.11989536136388779,64.31404876708984,0.0
Ciliated,Macro_CHIT1,-0.01942347176373005,-10.419102668762207,2.0285803990806583e-25
Ciliated,Macro_interstitial,0.04404200613498688,23.62493133544922,2.1369904297121917e-123
Ciliated,Macro_AW_CX3CR1,0.22211721539497375,119.147705078125,0.0
Ciliated,Macro_alveolar_metallothioneins,0.04599209502339363,24.67099380493164,2.191045810031524e-134
Ciliated,Macro_alv,0.007745678536593914,4.1549224853515625,3.2539783793508085e-05
Ciliated,Macro_dividing,0.016599560156464577,8.904305458068848,5.372133516021753e-19
Ciliated,Macro_int,-0.03889904171228409,-20.866151809692383,1.0874329960690343e-96
Ciliated,Macro_CCL,0.06364801526069641,34.14194869995117,1.7606692786756075e-255
Ciliated,Mast_cell,0.11974173784255981,64.23164367675781,0.0
Ciliated,Megakaryocyte,0.3324848711490631,178.35092163085938,0.0
Ciliated,Mesothelia,0.013975990004837513,7.496974468231201,6.53076936651632e-14
Ciliated,Macrophage_intermediate,0.08504972606897354,45.622215270996094,0.0
Ciliated,Monocyte_CD14,-0.013178196735680103,-7.069023609161377,1.5602760433865269e-12
Ciliated,Monocyte_CD16,0.061082854866981506,32.765953063964844,1.7995671543013997e-235
Ciliated,Muscle_airway,0.11082451045513153,59.44827651977539,0.0
Ciliated,Muscle_pericyte_airway,-0.0041337586008012295,-2.2174232006073,0.026594185757485123
Ciliated,Muscle_pericyte_parenchyma,0.08602596819400787,46.14588928222656,0.0
Ciliated,Muscle_perivascular_immune_recruiting,0.1156725212931633,62.0488395690918,0.0
Ciliated,Muscle_smooth_pulmonary,0.12280474603176117,65.87469482421875,0.0
Ciliated,Muscle_smooth_syst_arterial,0.14553341269493103,78.06676483154297,0.0
Ciliated,Myoepithelial,0.174586221575737,93.65121459960938,0.0
Ciliated,NAF_endoneurial,0.18205209076404572,97.65604400634766,0.0
Ciliated,NAF_perineurial,0.16244225203990936,87.13697052001953,0.0
Ciliated,NK_CD16hi,0.19183285534381866,102.90262603759766,0.0
Ciliated,NKT,0.08082647621631622,43.356788635253906,0.0
Ciliated,NK_CD11d,0.2586333453655243,138.73561096191406,0.0
Ciliated,NK_CD56bright,0.28956472873687744,155.32777404785156,0.0
Ciliated,Neuroendocrine,0.2739143669605255,146.93263244628906,0.0
Ciliated,SMG_Basal,0.42053771018981934,225.5840606689453,0.0
Ciliated,SMG_Duct,0.19015385210514069,102.0019760131836,0.0
Ciliated,SMG_Mucous,0.288159042596817,154.57374572753906,0.0
Ciliated,SMG_Serous,0.16621732711791992,89.1619873046875,0.0
Ciliated,Schwann_Myelinating,0.2565116584300995,137.59750366210938,0.0
Ciliated,Schwann_nonmyelinating,0.21069106459617615,113.01850891113281,0.0
Ciliated,Secretory_Club,0.2395327240228653,128.4897003173828,0.0
Ciliated,Secretory_Goblet,0.3599790334701538,193.0992889404297,0.0
Ciliated,Suprabasal,0.383834570646286,205.8958282470703,0.0
Ciliated,T_reg,0.18893806636333466,101.34980773925781,0.0
Ciliated,gdT,0.15326113998889923,82.2120590209961,0.0
DC_1,DC_1,0.6736055612564087,361.334228515625,0.0
DC_1,DC_2,0.5991010069847107,321.36865234375,0.0
DC_1,DC_activated,0.5760937929153442,309.02716064453125,0.0
DC_1,DC_plasmacytoid,0.437797486782074,234.84251403808594,0.0
DC_1,Deuterosomal,-0.05502608045935631,-29.51698875427246,1.7428790355173162e-191
DC_1,Dividing_AT2,0.4030618965625763,216.209716796875,0.0
DC_1,Dividing_Basal,0.173562154173851,93.10189056396484,0.0
DC_1,Endothelia_Lymphatic,0.2020304650068283,108.37281036376953,0.0
DC_1,Endothelia_vascular_Cap_a,0.46924957633018494,251.7139892578125,0.0
DC_1,Endothelia_vascular_Cap_g,0.44080400466918945,236.45526123046875,0.0
DC_1,Endothelia_vascular_arterial_pulmonary,0.2282453328371048,122.4349365234375,0.0
DC_1,Endothelia_vascular_arterial_systemic,-0.019995898008346558,-10.726162910461426,7.671593001928557e-27
DC_1,Endothelia_vascular_venous_pulmonary,0.15003415942192078,80.48104858398438,0.0
DC_1,Endothelia_vascular_venous_systemic,0.07480620592832565,40.12740707397461,0.0
DC_1,Erythrocyte,0.5503917336463928,295.2401123046875,0.0
DC_1,Fibro_adventitial,-0.030004438012838364,-16.094924926757812,2.7690715870635525e-58
DC_1,Fibro_alveolar,0.4918743669986725,263.850341796875,0.0
DC_1,Fibro_immune_recruiting,0.14774055778980255,79.25071716308594,0.0
DC_1,Fibro_myofibroblast,-0.012532425113022327,-6.722620010375977,1.7848562069859224e-11
DC_1,Fibro_peribronchial,-0.062229592353105545,-33.381080627441406,2.5800652678412675e-244
DC_1,Fibro_perichondrial,0.08650350570678711,46.40205001831055,0.0
DC_1,ILC,0.4570963382720947,245.19476318359375,0.0
DC_1,Ionocyte_n_Brush,0.10533972829580307,56.506141662597656,0.0
DC_1,MAIT,0.5363796949386597,287.7237854003906,0.0
DC_1,Macro_CHIT1,0.4892263114452362,262.42987060546875,0.0
DC_1,Macro_interstitial,0.6242311596870422,334.8489074707031,0.0
DC_1,Macro_AW_CX3CR1,0.4499705731868744,241.37237548828125,0.0
DC_1,Macro_alveolar_metallothioneins,0.5611037611961365,300.9862365722656,0.0
DC_1,Macro_alv,0.4660723805427551,250.00967407226562,0.0
DC_1,Macro_dividing,0.5283984541893005,283.4425048828125,0.0
DC_1,Macro_int,0.6289433240890503,337.3766174316406,0.0
DC_1,Macro_CCL,0.5922245383262634,317.67999267578125,0.0
DC_1,Mast_cell,0.4836185872554779,259.4217834472656,0.0
DC_1,Megakaryocyte,0.1206093281507492,64.69702911376953,0.0
DC_1,Mesothelia,0.2703190743923187,145.00405883789062,0.0
DC_1,Macrophage_intermediate,0.5352008938789368,287.0914611816406,0.0
DC_1,Monocyte_CD14,0.5923292636871338,317.7361755371094,0.0
DC_1,Monocyte_CD16,0.5637948513031006,302.4297790527344,0.0
DC_1,Muscle_airway,-0.30187803506851196,-161.932861328125,0.0
DC_1,Muscle_pericyte_airway,0.133527472615242,71.62655639648438,0.0
DC_1,Muscle_pericyte_parenchyma,0.40934908390045166,219.582275390625,0.0
DC_1,Muscle_perivascular_immune_recruiting,0.17552053928375244,94.15240478515625,0.0
DC_1,Muscle_smooth_pulmonary,-0.2834325432777405,-152.03836059570312,0.0
DC_1,Muscle_smooth_syst_arterial,-0.29405322670936584,-157.73548889160156,0.0
DC_1,Myoepithelial,0.16009794175624847,85.87944030761719,0.0
DC_1,NAF_endoneurial,-0.2328495979309082,-124.90474700927734,0.0
DC_1,NAF_perineurial,-0.290780633687973,-155.98001098632812,0.0
DC_1,NK_CD16hi,0.4537949860095978,243.42385864257812,0.0
DC_1,NKT,0.5400665998458862,289.7015075683594,0.0
DC_1,NK_CD11d,0.408790647983551,219.28271484375,0.0
DC_1,NK_CD56bright,0.399383008480072,214.23629760742188,0.0
DC_1,Neuroendocrine,0.149282306432724,80.0777359008789,0.0
DC_1,SMG_Basal,0.17353293299674988,93.08621215820312,0.0
DC_1,SMG_Duct,0.14683395624160767,78.76439666748047,0.0
DC_1,SMG_Mucous,0.16766312718391418,89.93754577636719,0.0
DC_1,SMG_Serous,0.14582687616348267,78.22418212890625,0.0
DC_1,Schwann_Myelinating,0.046338677406311035,24.85690689086914,2.1773827219016235e-136
DC_1,Schwann_nonmyelinating,-0.23709873855113983,-127.18406677246094,0.0
DC_1,Secretory_Club,0.2015879601240158,108.13543701171875,0.0
DC_1,Secretory_Goblet,0.11148735880851746,59.80384063720703,0.0
DC_1,Suprabasal,0.04861949011683464,26.08037567138672,6.088045250849604e-150
DC_1,T_reg,0.48260557651519775,258.8783874511719,0.0
DC_1,gdT,0.48181214928627014,258.4527893066406,0.0
DC_2,DC_2,0.6006508469581604,322.20001220703125,0.0
DC_2,DC_activated,0.5820658802986145,312.230712890625,0.0
DC_2,DC_plasmacytoid,0.4995464086532593,267.96575927734375,0.0
DC_2,Deuterosomal,0.038258157670497894,20.522369384765625,1.359237407605053e-93
DC_2,Dividing_AT2,0.4851236045360565,260.2290954589844,0.0
DC_2,Dividing_Basal,0.284408837556839,152.5620574951172,0.0
DC_2,Endothelia_Lymphatic,0.18819504976272583,100.95124053955078,0.0
DC_2,Endothelia_vascular_Cap_a,0.5216338634490967,279.8138732910156,0.0
DC_2,Endothelia_vascular_Cap_g,0.501931369304657,269.2450866699219,0.0
DC_2,Endothelia_vascular_arterial_pulmonary,0.2896709144115448,155.38473510742188,0.0
DC_2,Endothelia_vascular_arterial_systemic,0.0397011861205101,21.296436309814453,1.224932311013423e-100
DC_2,Endothelia_vascular_venous_pulmonary,0.2107127606868744,113.03014373779297,0.0
DC_2,Endothelia_vascular_venous_systemic,0.07792694121599197,41.80142593383789,0.0
DC_2,Erythrocyte,0.5431081056594849,291.3330383300781,0.0
DC_2,Fibro_adventitial,-0.012229015119373798,-6.559865474700928,5.385634159041829e-11
DC_2,Fibro_alveolar,0.5099004507064819,273.5198669433594,0.0
DC_2,Fibro_immune_recruiting,0.1979844868183136,106.20246887207031,0.0
DC_2,Fibro_myofibroblast,0.0028969335835427046,1.5539677143096924,0.12019211801109665
DC_2,Fibro_peribronchial,0.027294406667351723,14.641215324401855,1.5330324384954907e-48
DC_2,Fibro_perichondrial,0.06409084051847458,34.37948989868164,5.1078595693880293e-259
DC_2,ILC,0.5047058463096619,270.7333679199219,0.0
DC_2,Ionocyte_n_Brush,0.1981307715177536,106.28093719482422,0.0
DC_2,MAIT,0.5582572221755981,299.45928955078125,0.0
DC_2,Macro_CHIT1,0.38498520851135254,206.51304626464844,0.0
DC_2,Macro_interstitial,0.587704598903656,315.2554016113281,0.0
DC_2,Macro_AW_CX3CR1,0.506883978843689,271.9017639160156,0.0
DC_2,Macro_alveolar_metallothioneins,0.5292548537254333,283.90191650390625,0.0
DC_2,Macro_alv,0.3718666434288025,199.47601318359375,0.0
DC_2,Macro_dividing,0.44978561997413635,241.27316284179688,0.0
DC_2,Macro_int,0.5381626486778259,288.6802062988281,0.0
DC_2,Macro_CCL,0.5759857892990112,308.96923828125,0.0
DC_2,Mast_cell,0.4839627146720886,259.60638427734375,0.0
DC_2,Megakaryocyte,0.2450653612613678,131.45750427246094,0.0
DC_2,Mesothelia,0.26382702589035034,141.5216064453125,0.0
DC_2,Macrophage_intermediate,0.533473014831543,286.16461181640625,0.0
DC_2,Monocyte_CD14,0.5535130500793457,296.9144287109375,0.0
DC_2,Monocyte_CD16,0.5572254657745361,298.9058532714844,0.0
DC_2,Muscle_airway,-0.2491769641637802,-133.6630401611328,0.0
DC_2,Muscle_pericyte_airway,0.12371065467596054,66.36064147949219,0.0
DC_2,Muscle_pericyte_parenchyma,0.47461286187171936,254.5909423828125,0.0
DC_2,Muscle_perivascular_immune_recruiting,0.2313796430826187,124.11624145507812,0.0
DC_2,Muscle_smooth_pulmonary,-0.23388135433197021,-125.45819854736328,0.0
DC_2,Muscle_smooth_syst_arterial,-0.2455124855041504,-131.69735717773438,0.0
DC_2,Myoepithelial,0.24243885278701782,130.04859924316406,0.0
DC_2,NAF_endoneurial,-0.1470392793416977,-78.8745346069336,0.0
DC_2,NAF_perineurial,-0.22516456246376038,-120.78235626220703,0.0
DC_2,NK_CD16hi,0.5214608907699585,279.7210693359375,0.0
DC_2,NKT,0.5531582236289978,296.72412109375,0.0
DC_2,NK_CD11d,0.49466046690940857,265.3448486328125,0.0
DC_2,NK_CD56bright,0.48123958706855774,258.1456298828125,0.0
DC_2,Neuroendocrine,0.23911847174167633,128.26748657226562,0.0
DC_2,SMG_Basal,0.26444515585899353,141.85317993164062,0.0
DC_2,SMG_Duct,0.24240057170391083,130.02806091308594,0.0
DC_2,SMG_Mucous,0.28287172317504883,151.73751831054688,0.0
DC_2,SMG_Serous,0.22747278213500977,122.0205307006836,0.0
DC_2,Schwann_Myelinating,0.15935662388801575,85.48178100585938,0.0
DC_2,Schwann_nonmyelinating,-0.1517680585384369,-81.41114044189453,0.0
DC_2,Secretory_Club,0.23988763988018036,128.68008422851562,0.0
DC_2,Secretory_Goblet,0.18042583763599396,96.78369140625,0.0
DC_2,Suprabasal,0.12548738718032837,67.31371307373047,0.0
DC_2,T_reg,0.5324187874794006,285.5990905761719,0.0
DC_2,gdT,0.5228813290596008,280.4830322265625,0.0
DC_activated,DC_activated,0.5828768610954285,312.66571044921875,0.0
DC_activated,DC_plasmacytoid,0.5057408809661865,271.28857421875,0.0
DC_activated,Deuterosomal,0.04746765270829201,25.462509155273438,5.131751705008742e-143
DC_activated,Dividing_AT2,0.47402867674827576,254.277587890625,0.0
DC_activated,Dividing_Basal,0.2689920961856842,144.292236328125,0.0
DC_activated,Endothelia_Lymphatic,0.19268925487995148,103.36201477050781,0.0
DC_activated,Endothelia_vascular_Cap_a,0.5355306267738342,287.2683410644531,0.0
DC_activated,Endothelia_vascular_Cap_g,0.5187196731567383,278.2506408691406,0.0
DC_activated,Endothelia_vascular_arterial_pulmonary,0.32547396421432495,174.5901336669922,0.0
DC_activated,Endothelia_vascular_arterial_systemic,0.061173196882009506,32.81441116333008,3.668219038339643e-236
DC_activated,Endothelia_vascular_venous_pulmonary,0.238522008061409,127.9475326538086,0.0
DC_activated,Endothelia_vascular_venous_systemic,0.07872580736875534,42.229949951171875,0.0
DC_activated,Erythrocyte,0.5618798732757568,301.4025573730469,0.0
DC_activated,Fibro_adventitial,-0.006238141562789679,-3.346252202987671,0.0008191185591333033
DC_activated,Fibro_alveolar,0.5299403667449951,284.2696228027344,0.0
DC_activated,Fibro_immune_recruiting,0.1960894763469696,105.18595123291016,0.0
DC_activated,Fibro_myofibroblast,0.006950294598937035,3.728264093399048,0.00019280327412025806
DC_activated,Fibro_peribronchial,0.05646705999970436,30.289955139160156,1.5545996344973843e-201
DC_activated,Fibro_perichondrial,0.040398240089416504,21.67034912109375,3.907819879729287e-104
DC_activated,ILC,0.5174406170845032,277.5645446777344,0.0
DC_activated,Ionocyte_n_Brush,0.1761462390422821,94.488037109375,0.0
DC_activated,MAIT,0.5688756704330444,305.1552429199219,0.0
DC_activated,Macro_CHIT1,0.3609825670719147,193.63760375976562,0.0
DC_activated,Macro_interstitial,0.5812483429908752,311.7921447753906,0.0
DC_activated,Macro_AW_CX3CR1,0.4955030381679535,265.79681396484375,0.0
DC_activated,Macro_alveolar_metallothioneins,0.5210204124450684,279.48480224609375,0.0
DC_activated,Macro_alv,0.335477739572525,179.9563446044922,0.0
DC_activated,Macro_dividing,0.42557621002197266,228.28680419921875,0.0
DC_activated,Macro_int,0.519941508769989,278.90606689453125,0.0
DC_activated,Macro_CCL,0.5757637619972229,308.8501281738281,0.0
DC_activated,Mast_cell,0.49449998140335083,265.2587585449219,0.0
DC_activated,Megakaryocyte,0.2609860897064209,139.9976806640625,0.0
DC_activated,Mesothelia,0.25027257204055786,134.25074768066406,0.0
DC_activated,Macrophage_intermediate,0.5340177416801453,286.4568176269531,0.0
DC_activated,Monocyte_CD14,0.5597859621047974,300.27935791015625,0.0
DC_activated,Monocyte_CD16,0.560665488243103,300.7511291503906,0.0
DC_activated,Muscle_airway,-0.21273407340049744,-114.11441802978516,0.0
DC_activated,Muscle_pericyte_airway,0.11699985712766647,62.76084518432617,0.0
DC_activated,Muscle_pericyte_parenchyma,0.4960971474647522,266.1155090332031,0.0
DC_activated,Muscle_perivascular_immune_recruiting,0.22930403053760529,123.00283813476562,0.0
DC_activated,Muscle_smooth_pulmonary,-0.1956258863210678,-104.93727111816406,0.0
DC_activated,Muscle_smooth_syst_arterial,-0.20653386414051056,-110.78851318359375,0.0
DC_activated,Myoepithelial,0.24055391550064087,129.03749084472656,0.0
DC_activated,NAF_endoneurial,-0.10783843696117401,-57.846492767333984,0.0
DC_activated,NAF_perineurial,-0.18231897056102753,-97.79920196533203,0.0
DC_activated,NK_CD16hi,0.5323772430419922,285.5768127441406,0.0
DC_activated,NKT,0.5642667412757874,302.68292236328125,0.0
DC_activated,NK_CD11d,0.49998655915260315,268.2018737792969,0.0
DC_activated,NK_CD56bright,0.48375067114830017,259.4926452636719,0.0
DC_activated,Neuroendocrine,0.24631519615650177,132.12794494628906,0.0
DC_activated,SMG_Basal,0.2287709265947342,122.71687316894531,0.0
DC_activated,SMG_Duct,0.23543080687522888,126.28935241699219,0.0
DC_activated,SMG_Mucous,0.272014319896698,145.91342163085938,0.0
DC_activated,SMG_Serous,0.22319668531417847,119.72675323486328,0.0
DC_activated,Schwann_Myelinating,0.17119698226451874,91.83316802978516,0.0
DC_activated,Schwann_nonmyelinating,-0.11469433456659317,-61.52412033081055,0.0
DC_activated,Secretory_Club,0.1806761771440506,96.91797637939453,0.0
DC_activated,Secretory_Goblet,0.15152563154697418,81.28109741210938,0.0
DC_activated,Suprabasal,0.10851049423217773,58.20699691772461,0.0
DC_activated,T_reg,0.5430849194526672,291.32061767578125,0.0
DC_activated,gdT,0.5364357829093933,287.7538757324219,0.0
DC_plasmacytoid,DC_plasmacytoid,0.5354243516921997,287.2113342285156,0.0
DC_plasmacytoid,Deuterosomal,0.18605652451515198,99.80409240722656,0.0
DC_plasmacytoid,Dividing_AT2,0.4828234314918518,258.9952392578125,0.0
DC_plasmacytoid,Dividing_Basal,0.3901479244232178,209.2824249267578,0.0
DC_plasmacytoid,Endothelia_Lymphatic,0.23557579517364502,126.36712646484375,0.0
DC_plasmacytoid,Endothelia_vascular_Cap_a,0.47496265172958374,254.77857971191406,0.0
DC_plasmacytoid,Endothelia_vascular_Cap_g,0.4788077175617218,256.8411560058594,0.0
DC_plasmacytoid,Endothelia_vascular_arterial_pulmonary,0.3832418918609619,205.57789611816406,0.0
DC_plasmacytoid,Endothelia_vascular_arterial_systemic,0.15847639739513397,85.00961303710938,0.0
DC_plasmacytoid,Endothelia_vascular_venous_pulmonary,0.34942111372947693,187.43582153320312,0.0
DC_plasmacytoid,Endothelia_vascular_venous_systemic,0.16354307532310486,87.72747039794922,0.0
DC_plasmacytoid,Erythrocyte,0.4757192134857178,255.18441772460938,0.0
DC_plasmacytoid,Fibro_adventitial,0.11394716799259186,61.123329162597656,0.0
DC_plasmacytoid,Fibro_alveolar,0.4317554533481598,231.60145568847656,0.0
DC_plasmacytoid,Fibro_immune_recruiting,0.322862833738327,173.18948364257812,0.0
DC_plasmacytoid,Fibro_myofibroblast,0.09649388492107391,51.761070251464844,0.0
DC_plasmacytoid,Fibro_peribronchial,0.2384561449289322,127.91220092773438,0.0
DC_plasmacytoid,Fibro_perichondrial,0.03899805620312691,20.919265747070312,3.575768894795349e-97
DC_plasmacytoid,ILC,0.5339933633804321,286.4437255859375,0.0
DC_plasmacytoid,Ionocyte_n_Brush,0.26885512471199036,144.21876525878906,0.0
DC_plasmacytoid,MAIT,0.5222281217575073,280.13262939453125,0.0
DC_plasmacytoid,Macro_CHIT1,0.18556161224842072,99.53861236572266,0.0
DC_plasmacytoid,Macro_interstitial,0.4492807984352112,241.0023651123047,0.0
DC_plasmacytoid,Macro_AW_CX3CR1,0.5225207209587097,280.2895812988281,0.0
DC_plasmacytoid,Macro_alveolar_metallothioneins,0.45949631929397583,246.48216247558594,0.0
DC_plasmacytoid,Macro_alv,0.15156657993793488,81.30306243896484,0.0
DC_plasmacytoid,Macro_dividing,0.25042974948883057,134.33506774902344,0.0
DC_plasmacytoid,Macro_int,0.3605291545391083,193.39437866210938,0.0
DC_plasmacytoid,Macro_CCL,0.4741613268852234,254.34873962402344,0.0
DC_plasmacytoid,Mast_cell,0.47021618485450745,252.2324981689453,0.0
DC_plasmacytoid,Megakaryocyte,0.4226289987564087,226.7058563232422,0.0
DC_plasmacytoid,Mesothelia,0.3096330463886261,166.09278869628906,0.0
DC_plasmacytoid,Macrophage_intermediate,0.5025967359542847,269.6020202636719,0.0
DC_plasmacytoid,Monocyte_CD14,0.44728556275367737,239.9320831298828,0.0
DC_plasmacytoid,Monocyte_CD16,0.5049031376838684,270.8392028808594,0.0
DC_plasmacytoid,Muscle_airway,-0.06137145310640335,-32.92076110839844,1.1091518594762501e-237
DC_plasmacytoid,Muscle_pericyte_airway,0.1816018670797348,97.41453552246094,0.0
DC_plasmacytoid,Muscle_pericyte_parenchyma,0.4755195677280426,255.0773162841797,0.0
DC_plasmacytoid,Muscle_perivascular_immune_recruiting,0.3572123050689697,191.6151580810547,0.0
DC_plasmacytoid,Muscle_smooth_pulmonary,-0.05240190774202347,-28.109333038330078,7.533423700141755e-174
DC_plasmacytoid,Muscle_smooth_syst_arterial,-0.058897964656353,-31.593936920166016,4.472530666764429e-219
DC_plasmacytoid,Myoepithelial,0.3790362775325775,203.32192993164062,0.0
DC_plasmacytoid,NAF_endoneurial,0.08664484322071075,46.477867126464844,0.0
DC_plasmacytoid,NAF_perineurial,-0.014545810408890247,-7.802636623382568,6.0626935424427686e-15
DC_plasmacytoid,NK_CD16hi,0.5525231957435608,296.3834533691406,0.0
DC_plasmacytoid,NKT,0.5174041390419006,277.5449523925781,0.0
DC_plasmacytoid,NK_CD11d,0.5505585074424744,295.3295593261719,0.0
DC_plasmacytoid,NK_CD56bright,0.5261138081550598,282.21697998046875,0.0
DC_plasmacytoid,Neuroendocrine,0.40884724259376526,219.31307983398438,0.0
DC_plasmacytoid,SMG_Basal,0.3468465507030487,186.05477905273438,0.0
DC_plasmacytoid,SMG_Duct,0.38823309540748596,208.25527954101562,0.0
DC_plasmacytoid,SMG_Mucous,0.42422622442245483,227.56263732910156,0.0
DC_plasmacytoid,SMG_Serous,0.3707767724990845,198.89138793945312,0.0
DC_plasmacytoid,Schwann_Myelinating,0.36069852113723755,193.4852294921875,0.0
DC_plasmacytoid,Schwann_nonmyelinating,0.06701119989156723,35.946022033691406,5.840106796514492e-283
DC_plasmacytoid,Secretory_Club,0.1715424358844757,92.01847839355469,0.0
DC_plasmacytoid,Secretory_Goblet,0.2238081842660904,120.05477142333984,0.0
DC_plasmacytoid,Suprabasal,0.2146771252155304,115.15670776367188,0.0
DC_plasmacytoid,T_reg,0.5401594042778015,289.7513122558594,0.0
DC_plasmacytoid,gdT,0.5350856781005859,287.0296630859375,0.0
Deuterosomal,Deuterosomal,0.4456755220890045,239.0684356689453,0.0
Deuterosomal,Dividing_AT2,0.13465289771556854,72.23025512695312,0.0
Deuterosomal,Dividing_Basal,0.2383308708667755,127.84500122070312,0.0
Deuterosomal,Endothelia_Lymphatic,-0.041877612471580505,-22.463911056518555,9.35777060528933e-112
Deuterosomal,Endothelia_vascular_Cap_a,0.02700120396912098,14.483935356140137,1.5307608563964265e-47
Deuterosomal,Endothelia_vascular_Cap_g,0.039481859654188156,21.17878532409668,1.498465828971871e-99
Deuterosomal,Endothelia_vascular_arterial_pulmonary,0.16418702900409698,88.0728988647461,0.0
Deuterosomal,Endothelia_vascular_arterial_systemic,0.24103021621704102,129.29298400878906,0.0
Deuterosomal,Endothelia_vascular_venous_pulmonary,0.12285926192998886,65.90393829345703,0.0
Deuterosomal,Endothelia_vascular_venous_systemic,0.03463689982891083,18.57986068725586,4.677177833331159e-77
Deuterosomal,Erythrocyte,0.007276464719325304,3.9032275676727295,9.49183793146976e-05
Deuterosomal,Fibro_adventitial,-0.0010865601943805814,-0.5828505754470825,0.5599938948967487
Deuterosomal,Fibro_alveolar,-0.03570542857050896,-19.153039932250977,9.129837025155898e-82
Deuterosomal,Fibro_immune_recruiting,0.08556946367025375,45.9010124206543,0.0
Deuterosomal,Fibro_myofibroblast,-0.00871554296463728,-4.675175189971924,2.937027876099069e-06
Deuterosomal,Fibro_peribronchial,0.19275414943695068,103.39682006835938,0.0
Deuterosomal,Fibro_perichondrial,-0.06701215356588364,-35.946533203125,5.733695414971924e-283
Deuterosomal,ILC,0.13282929360866547,71.25204467773438,0.0
Deuterosomal,Ionocyte_n_Brush,0.3227074146270752,173.10610961914062,0.0
Deuterosomal,MAIT,0.05456762760877609,29.27106475830078,2.4225649046101985e-188
Deuterosomal,Macro_CHIT1,-0.12948182225227356,-69.4563980102539,0.0
Deuterosomal,Macro_interstitial,-0.05348850041627884,-28.692201614379883,4.773392805060678e-181
Deuterosomal,Macro_AW_CX3CR1,0.14198918640613556,76.16557312011719,0.0
Deuterosomal,Macro_alveolar_metallothioneins,-0.03052700124680996,-16.37523651123047,2.8738812547659367e-60
Deuterosomal,Macro_alv,-0.12682229280471802,-68.02977752685547,0.0
Deuterosomal,Macro_dividing,-0.10717455297708511,-57.49037551879883,0.0
Deuterosomal,Macro_int,-0.13521699607372284,-72.53285217285156,0.0
Deuterosomal,Macro_CCL,-0.023315822705626488,-12.507030487060547,6.833121165092906e-36
Deuterosomal,Mast_cell,0.07922951132059097,42.50014877319336,0.0
Deuterosomal,Megakaryocyte,0.3471394181251526,186.21188354492188,0.0
Deuterosomal,Mesothelia,-0.0020671095699071884,-1.1088351011276245,0.26750132498678625
Deuterosomal,Macrophage_intermediate,0.019983362406492233,10.719438552856445,8.250261354885325e-27
Deuterosomal,Monocyte_CD14,-0.07960359007120132,-42.700809478759766,0.0
Deuterosomal,Monocyte_CD16,-0.006583595648407936,-3.531560182571411,0.0004131158432434066
Deuterosomal,Muscle_airway,0.2076096385717392,111.3655776977539,0.0
Deuterosomal,Muscle_pericyte_airway,-0.013407286256551743,-7.191911697387695,6.389034840696823e-13
Deuterosomal,Muscle_pericyte_parenchyma,0.04286712408065796,22.99470329284668,5.266302462385895e-117
Deuterosomal,Muscle_perivascular_immune_recruiting,0.1104481890797615,59.24641418457031,0.0
Deuterosomal,Muscle_smooth_pulmonary,0.2255641520023346,120.9967041015625,0.0
Deuterosomal,Muscle_smooth_syst_arterial,0.25262436270713806,135.51229858398438,0.0
Deuterosomal,Myoepithelial,0.1643519550561905,88.16136932373047,0.0
Deuterosomal,NAF_endoneurial,0.27835413813591003,149.314208984375,0.0
Deuterosomal,NAF_perineurial,0.2690918445587158,144.3457489013672,0.0
Deuterosomal,NK_CD16hi,0.14020998775959015,75.211181640625,0.0
Deuterosomal,NKT,0.02066381648182869,11.08444595336914,1.492716547474255e-28
Deuterosomal,NK_CD11d,0.20660807192325592,110.82831573486328,0.0
Deuterosomal,NK_CD56bright,0.23210908472537994,124.50752258300781,0.0
Deuterosomal,Neuroendocrine,0.27535414695739746,147.7049560546875,0.0
Deuterosomal,SMG_Basal,0.29254743456840515,156.92774963378906,0.0
Deuterosomal,SMG_Duct,0.1828039288520813,98.05934143066406,0.0
Deuterosomal,SMG_Mucous,0.2600781321525574,139.51063537597656,0.0
Deuterosomal,SMG_Serous,0.1625349074602127,87.18667602539062,0.0
Deuterosomal,Schwann_Myelinating,0.2826961874961853,151.6433563232422,0.0
Deuterosomal,Schwann_nonmyelinating,0.3363870680332184,180.44412231445312,0.0
Deuterosomal,Secretory_Club,0.08359704911708832,44.84297561645508,0.0
Deuterosomal,Secretory_Goblet,0.291287362575531,156.2518310546875,0.0
Deuterosomal,Suprabasal,0.36236387491226196,194.37855529785156,0.0
Deuterosomal,T_reg,0.13178475201129913,70.69173431396484,0.0
Deuterosomal,gdT,0.10297174751758575,55.23591232299805,0.0
Dividing_AT2,Dividing_AT2,0.49938294291496277,267.8780822753906,0.0
Dividing_AT2,Dividing_Basal,0.3811578154563904,204.4599609375,0.0
Dividing_AT2,Endothelia_Lymphatic,0.1690862476825714,90.700927734375,0.0
Dividing_AT2,Endothelia_vascular_Cap_a,0.46778130531311035,250.92637634277344,0.0
Dividing_AT2,Endothelia_vascular_Cap_g,0.46592769026756287,249.93206787109375,0.0
Dividing_AT2,Endothelia_vascular_arterial_pulmonary,0.31950002908706665,171.38560485839844,0.0
Dividing_AT2,Endothelia_vascular_arterial_systemic,0.11480285972356796,61.58233642578125,0.0
Dividing_AT2,Endothelia_vascular_venous_pulmonary,0.26775825023651123,143.63038635253906,0.0
Dividing_AT2,Endothelia_vascular_venous_systemic,0.1059609055519104,56.839351654052734,0.0
Dividing_AT2,Erythrocyte,0.4221749007701874,226.4622802734375,0.0
Dividing_AT2,Fibro_adventitial,0.047315772622823715,25.381038665771484,4.0844261803812946e-142
Dividing_AT2,Fibro_alveolar,0.414432555437088,222.30914306640625,0.0
Dividing_AT2,Fibro_immune_recruiting,0.24929894506931305,133.7284698486328,0.0
Dividing_AT2,Fibro_myofibroblast,0.051492173224687576,27.621335983276367,6.168826024148479e-168
Dividing_AT2,Fibro_peribronchial,0.16492198407649994,88.46714782714844,0.0
Dividing_AT2,Fibro_perichondrial,0.05676215887069702,30.448251724243164,1.2634697071524591e-203
Dividing_AT2,ILC,0.47149184346199036,252.91677856445312,0.0
Dividing_AT2,Ionocyte_n_Brush,0.28257986903190613,151.58096313476562,0.0
Dividing_AT2,MAIT,0.4756779074668884,255.16226196289062,0.0
Dividing_AT2,Macro_CHIT1,0.19030512869358063,102.08312225341797,0.0
Dividing_AT2,Macro_interstitial,0.4227117598056793,226.75025939941406,0.0
Dividing_AT2,Macro_AW_CX3CR1,0.48649415373802185,260.96429443359375,0.0
Dividing_AT2,Macro_alveolar_metallothioneins,0.39911583065986633,214.0929718017578,0.0
Dividing_AT2,Macro_alv,0.18057598173618317,96.8642349243164,0.0
Dividing_AT2,Macro_dividing,0.2613215446472168,140.1776123046875,0.0
Dividing_AT2,Macro_int,0.32391253113746643,173.7525634765625,0.0
Dividing_AT2,Macro_CCL,0.44065946340560913,236.3777313232422,0.0
Dividing_AT2,Mast_cell,0.400032103061676,214.58447265625,0.0
Dividing_AT2,Megakaryocyte,0.3606320023536682,193.44955444335938,0.0
Dividing_AT2,Mesothelia,0.2314416468143463,124.14949798583984,0.0
Dividing_AT2,Macrophage_intermediate,0.43886038661003113,235.4126739501953,0.0
Dividing_AT2,Monocyte_CD14,0.39725834131240845,213.09658813476562,0.0
Dividing_AT2,Monocyte_CD16,0.44666892290115356,239.601318359375,0.0
Dividing_AT2,Muscle_airway,-0.12144230306148529,-65.14385223388672,0.0
Dividing_AT2,Muscle_pericyte_airway,0.12112575024366379,64.97405242919922,0.0
Dividing_AT2,Muscle_pericyte_parenchyma,0.4521180987358093,242.52435302734375,0.0
Dividing_AT2,Muscle_perivascular_immune_recruiting,0.28119271993637085,150.83688354492188,0.0
Dividing_AT2,Muscle_smooth_pulmonary,-0.1144924983382225,-61.41585159301758,0.0
Dividing_AT2,Muscle_smooth_syst_arterial,-0.12424945831298828,-66.64966583251953,0.0
Dividing_AT2,Myoepithelial,0.31578728556632996,169.39402770996094,0.0
Dividing_AT2,NAF_endoneurial,0.007020592223852873,3.7659730911254883,0.0001659016606191356
Dividing_AT2,NAF_perineurial,-0.08450669795274734,-45.33092498779297,0.0
Dividing_AT2,NK_CD16hi,0.5034035444259644,270.0347900390625,0.0
Dividing_AT2,NKT,0.46317580342292786,248.45590209960938,0.0
Dividing_AT2,NK_CD11d,0.5055745840072632,271.1993713378906,0.0
Dividing_AT2,NK_CD56bright,0.4893028438091278,262.4709167480469,0.0
Dividing_AT2,Neuroendocrine,0.32715052366256714,175.48947143554688,0.0
Dividing_AT2,SMG_Basal,0.3615776002407074,193.956787109375,0.0
Dividing_AT2,SMG_Duct,0.3283021152019501,176.10720825195312,0.0
Dividing_AT2,SMG_Mucous,0.38327696919441223,205.5967254638672,0.0
Dividing_AT2,SMG_Serous,0.3029094338417053,162.48611450195312,0.0
Dividing_AT2,Schwann_Myelinating,0.28469014167785645,152.71295166015625,0.0
Dividing_AT2,Schwann_nonmyelinating,-0.01146167516708374,-6.148250579833984,7.834219945331272e-10
Dividing_AT2,Secretory_Club,0.24434657394886017,131.07192993164062,0.0
Dividing_AT2,Secretory_Goblet,0.23645234107971191,126.83732604980469,0.0
Dividing_AT2,Suprabasal,0.20863445103168488,111.9153060913086,0.0
Dividing_AT2,T_reg,0.49046391248703003,263.09375,0.0
Dividing_AT2,gdT,0.47587987780570984,255.27059936523438,0.0
Dividing_Basal,Dividing_Basal,0.5529958009719849,296.6369934082031,0.0
Dividing_Basal,Endothelia_Lymphatic,0.18437883257865906,98.9041519165039,0.0
Dividing_Basal,Endothelia_vascular_Cap_a,0.2736656069755554,146.7991943359375,0.0
Dividing_Basal,Endothelia_vascular_Cap_g,0.2912026345729828,156.2063751220703,0.0
Dividing_Basal,Endothelia_vascular_arterial_pulmonary,0.244032621383667,130.9035186767578,0.0
Dividing_Basal,Endothelia_vascular_arterial_systemic,0.13102754950523376,70.28555297851562,0.0
Dividing_Basal,Endothelia_vascular_venous_pulmonary,0.30630064010620117,164.3052215576172,0.0
Dividing_Basal,Endothelia_vascular_venous_systemic,0.183247372508049,98.2972183227539,0.0
Dividing_Basal,Erythrocyte,0.20008519291877747,107.32933044433594,0.0
Dividing_Basal,Fibro_adventitial,0.1829133927822113,98.1180648803711,0.0
Dividing_Basal,Fibro_alveolar,0.18524333834648132,99.36788940429688,0.0
Dividing_Basal,Fibro_immune_recruiting,0.3492185175418854,187.3271484375,0.0
Dividing_Basal,Fibro_myofibroblast,0.15327590703964233,82.21997833251953,0.0
Dividing_Basal,Fibro_peribronchial,0.31863537430763245,170.9217987060547,0.0
Dividing_Basal,Fibro_perichondrial,0.02872496470808983,15.408592224121094,1.432996511123765e-53
Dividing_Basal,ILC,0.36322516202926636,194.84056091308594,0.0
Dividing_Basal,Ionocyte_n_Brush,0.3096674382686615,166.11123657226562,0.0
Dividing_Basal,MAIT,0.29809102416038513,159.90142822265625,0.0
Dividing_Basal,Macro_CHIT1,-0.025598673149943352,-13.731593132019043,6.567337674081501e-43
Dividing_Basal,Macro_interstitial,0.1801828294992447,96.65333557128906,0.0
Dividing_Basal,Macro_AW_CX3CR1,0.41527828574180603,222.76280212402344,0.0
Dividing_Basal,Macro_alveolar_metallothioneins,0.2485104203224182,133.3054962158203,0.0
Dividing_Basal,Macro_alv,-0.0514628067612648,-27.60558319091797,9.535928686300887e-168
Dividing_Basal,Macro_dividing,0.016133269295096397,8.654178619384766,4.964740497460387e-18
Dividing_Basal,Macro_int,0.09270913898944855,49.730865478515625,0.0
Dividing_Basal,Macro_CCL,0.2240818440914154,120.20156860351562,0.0
Dividing_Basal,Mast_cell,0.2700381875038147,144.85337829589844,0.0
Dividing_Basal,Megakaryocyte,0.4256391227245331,228.32054138183594,0.0
Dividing_Basal,Mesothelia,0.27966296672821045,150.01629638671875,0.0
Dividing_Basal,Macrophage_intermediate,0.30688703060150146,164.61976623535156,0.0
Dividing_Basal,Monocyte_CD14,0.1752149760723114,93.98849487304688,0.0
Dividing_Basal,Monocyte_CD16,0.2790812849998474,149.7042694091797,0.0
Dividing_Basal,Muscle_airway,0.021228667348623276,11.387442588806152,4.829570372352668e-30
Dividing_Basal,Muscle_pericyte_airway,0.18170510232448578,97.46990966796875,0.0
Dividing_Basal,Muscle_pericyte_parenchyma,0.3013206720352173,161.63388061523438,0.0
Dividing_Basal,Muscle_perivascular_immune_recruiting,0.36819738149642944,197.50775146484375,0.0
Dividing_Basal,Muscle_smooth_pulmonary,0.016262251883745193,8.723366737365723,2.7004986244761375e-18
Dividing_Basal,Muscle_smooth_syst_arterial,0.005937309470027685,3.184880495071411,0.0014481379679578226
Dividing_Basal,Myoepithelial,0.4000183939933777,214.57711791992188,0.0
Dividing_Basal,NAF_endoneurial,0.15457700192928314,82.91790771484375,0.0
Dividing_Basal,NAF_perineurial,0.04753677174448967,25.49958610534668,1.9921947118223049e-143
Dividing_Basal,NK_CD16hi,0.3941519260406494,211.43023681640625,0.0
Dividing_Basal,NKT,0.2909586727619171,156.0755157470703,0.0
Dividing_Basal,NK_CD11d,0.43074461817741394,231.05923461914062,0.0
Dividing_Basal,NK_CD56bright,0.40493595600128174,217.21499633789062,0.0
Dividing_Basal,Neuroendocrine,0.41939064860343933,224.96875,0.0
Dividing_Basal,SMG_Basal,0.40528228878974915,217.40077209472656,0.0
Dividing_Basal,SMG_Duct,0.4443812966346741,238.3741912841797,0.0
Dividing_Basal,SMG_Mucous,0.48218512535095215,258.6528625488281,0.0
Dividing_Basal,SMG_Serous,0.4058742821216583,217.71832275390625,0.0
Dividing_Basal,Schwann_Myelinating,0.40945956110954285,219.64154052734375,0.0
Dividing_Basal,Schwann_nonmyelinating,0.13603900372982025,72.97379302978516,0.0
Dividing_Basal,Secretory_Club,0.19123443961143494,102.58161926269531,0.0
Dividing_Basal,Secretory_Goblet,0.2597894072532654,139.35574340820312,0.0
Dividing_Basal,Suprabasal,0.26854369044303894,144.0517120361328,0.0
Dividing_Basal,T_reg,0.3527175188064575,189.20407104492188,0.0
Dividing_Basal,gdT,0.34709227085113525,186.18658447265625,0.0
Endothelia_Lymphatic,Endothelia_Lymphatic,0.450241357088089,241.51763916015625,0.0
Endothelia_Lymphatic,Endothelia_vascular_Cap_a,0.16313260793685913,87.50729370117188,0.0
Endothelia_Lymphatic,Endothelia_vascular_Cap_g,0.1798039823770523,96.45011901855469,0.0
Endothelia_Lymphatic,Endothelia_vascular_arterial_pulmonary,0.16611313819885254,89.1061019897461,0.0
Endothelia_Lymphatic,Endothelia_vascular_arterial_systemic,0.019553614780306816,10.488913536071777,9.713891729970414e-26
Endothelia_Lymphatic,Endothelia_vascular_venous_pulmonary,0.3515133857727051,188.5581512451172,0.0
Endothelia_Lymphatic,Endothelia_vascular_venous_systemic,0.3027037978172302,162.3758087158203,0.0
Endothelia_Lymphatic,Erythrocyte,0.1999417543411255,107.25238800048828,0.0
Endothelia_Lymphatic,Fibro_adventitial,0.41073742508888245,220.32701110839844,0.0
Endothelia_Lymphatic,Fibro_alveolar,0.17062069475650787,91.52403259277344,0.0
Endothelia_Lymphatic,Fibro_immune_recruiting,0.4005824029445648,214.87966918945312,0.0
Endothelia_Lymphatic,Fibro_myofibroblast,0.4022687077522278,215.7842254638672,0.0
Endothelia_Lymphatic,Fibro_peribronchial,0.3190861940383911,171.1636199951172,0.0
Endothelia_Lymphatic,Fibro_perichondrial,0.08212342113256454,44.052494049072266,0.0
Endothelia_Lymphatic,ILC,0.27828532457351685,149.2772979736328,0.0
Endothelia_Lymphatic,Ionocyte_n_Brush,-0.020223228260874748,-10.848106384277344,2.0359965787476705e-27
Endothelia_Lymphatic,MAIT,0.24531328678131104,131.5904998779297,0.0
Endothelia_Lymphatic,Macro_CHIT1,-0.007646235637366772,-4.101579666137695,4.103391796739682e-05
Endothelia_Lymphatic,Macro_interstitial,0.18200890719890594,97.63288116455078,0.0
Endothelia_Lymphatic,Macro_AW_CX3CR1,0.25888991355895996,138.8732452392578,0.0
Endothelia_Lymphatic,Macro_alveolar_metallothioneins,0.33942797780036926,182.07533264160156,0.0
Endothelia_Lymphatic,Macro_alv,-0.060856372117996216,-32.64446258544922,9.602660792563638e-234
Endothelia_Lymphatic,Macro_dividing,-0.0004721534496638924,-0.2532716691493988,0.8000582872717423
Endothelia_Lymphatic,Macro_int,0.23572468757629395,126.4469985961914,0.0
Endothelia_Lymphatic,Macro_CCL,0.20489707589149475,109.91050720214844,0.0
Endothelia_Lymphatic,Mast_cell,0.318534791469574,170.8678436279297,0.0
Endothelia_Lymphatic,Megakaryocyte,0.16991515457630157,91.14556884765625,0.0
Endothelia_Lymphatic,Mesothelia,0.44086959958076477,236.49044799804688,0.0
Endothelia_Lymphatic,Macrophage_intermediate,0.33019664883613586,177.12347412109375,0.0
Endothelia_Lymphatic,Monocyte_CD14,0.28296777606010437,151.78904724121094,0.0
Endothelia_Lymphatic,Monocyte_CD16,0.3259844481945038,174.8639678955078,0.0
Endothelia_Lymphatic,Muscle_airway,0.01210736483335495,6.49461030960083,8.32486136741202e-11
Endothelia_Lymphatic,Muscle_pericyte_airway,0.37865355610847473,203.11663818359375,0.0
Endothelia_Lymphatic,Muscle_pericyte_parenchyma,0.22751443088054657,122.0428695678711,0.0
Endothelia_Lymphatic,Muscle_perivascular_immune_recruiting,0.3945714235305786,211.6552734375,0.0
Endothelia_Lymphatic,Muscle_smooth_pulmonary,0.006390542257577181,3.4280028343200684,0.0006080391116244088
Endothelia_Lymphatic,Muscle_smooth_syst_arterial,-0.02884383499622345,-15.472356796264648,5.331868752445606e-54
Endothelia_Lymphatic,Myoepithelial,0.27277928590774536,146.32376098632812,0.0
Endothelia_Lymphatic,NAF_endoneurial,0.08159919083118439,43.77128601074219,0.0
Endothelia_Lymphatic,NAF_perineurial,0.003582368139177561,1.921647310256958,0.054650151308549735
Endothelia_Lymphatic,NK_CD16hi,0.255967378616333,137.3055419921875,0.0
Endothelia_Lymphatic,NKT,0.2913765013217926,156.2996368408203,0.0
Endothelia_Lymphatic,NK_CD11d,0.23151151835918427,124.18698120117188,0.0
Endothelia_Lymphatic,NK_CD56bright,0.18174099922180176,97.48916625976562,0.0
Endothelia_Lymphatic,Neuroendocrine,0.2609250843524933,139.96495056152344,0.0
Endothelia_Lymphatic,SMG_Basal,0.0730636864900589,39.19268798828125,0.0
Endothelia_Lymphatic,SMG_Duct,0.28676486015319824,153.82586669921875,0.0
Endothelia_Lymphatic,SMG_Mucous,0.2337210774421692,125.37222290039062,0.0
Endothelia_Lymphatic,SMG_Serous,0.28758466243743896,154.265625,0.0
Endothelia_Lymphatic,Schwann_Myelinating,0.21685755252838135,116.32632446289062,0.0
Endothelia_Lymphatic,Schwann_nonmyelinating,0.02752351574599743,14.764113426208496,2.49582658324577e-49
Endothelia_Lymphatic,Secretory_Club,-0.015112456865608692,-8.106595993041992,5.205759365533486e-16
Endothelia_Lymphatic,Secretory_Goblet,-0.025142675265669823,-13.486987113952637,1.8657021586321763e-41
Endothelia_Lymphatic,Suprabasal,-0.029667861759662628,-15.914379119873047,5.036414175721045e-57
Endothelia_Lymphatic,T_reg,0.2413758784532547,129.4783935546875,0.0
Endothelia_Lymphatic,gdT,0.27528730034828186,147.66909790039062,0.0
Endothelia_vascular_Cap_a,Endothelia_vascular_Cap_a,0.5698056817054749,305.65411376953125,0.0
Endothelia_vascular_Cap_a,Endothelia_vascular_Cap_g,0.5565680861473083,298.55322265625,0.0
Endothelia_vascular_Cap_a,Endothelia_vascular_arterial_pulmonary,0.33360251784324646,178.950439453125,0.0
Endothelia_vascular_Cap_a,Endothelia_vascular_arterial_systemic,0.05455351620912552,29.26349639892578,3.024029303079852e-188
Endothelia_vascular_Cap_a,Endothelia_vascular_venous_pulmonary,0.24372941255569458,130.74087524414062,0.0
Endothelia_vascular_Cap_a,Endothelia_vascular_venous_systemic,0.054122261703014374,29.032163619995117,2.5846791686605983e-185
Endothelia_vascular_Cap_a,Erythrocyte,0.5241485238075256,281.16278076171875,0.0
Endothelia_vascular_Cap_a,Fibro_adventitial,-0.014732378534972668,-7.90271520614624,2.7289261212942106e-15
Endothelia_vascular_Cap_a,Fibro_alveolar,0.543159544467926,291.3606262207031,0.0
Endothelia_vascular_Cap_a,Fibro_immune_recruiting,0.1911090761423111,102.51437377929688,0.0
Endothelia_vascular_Cap_a,Fibro_myofibroblast,0.00567405391484499,3.0436654090881348,0.002337149187836565
Endothelia_vascular_Cap_a,Fibro_peribronchial,0.06911791861057281,37.076107025146484,6.819367159852425e-301
Endothelia_vascular_Cap_a,Fibro_perichondrial,0.009409109130501747,5.047216892242432,4.4829234057779306e-07
Endothelia_vascular_Cap_a,ILC,0.49181485176086426,263.81842041015625,0.0
Endothelia_vascular_Cap_a,Ionocyte_n_Brush,0.14806316792964935,79.42376708984375,0.0
Endothelia_vascular_Cap_a,MAIT,0.5411478877067566,290.28155517578125,0.0
Endothelia_vascular_Cap_a,Macro_CHIT1,0.2778794765472412,149.05958557128906,0.0
Endothelia_vascular_Cap_a,Macro_interstitial,0.5288299918174744,283.67401123046875,0.0
Endothelia_vascular_Cap_a,Macro_AW_CX3CR1,0.46500614285469055,249.43772888183594,0.0
Endothelia_vascular_Cap_a,Macro_alveolar_metallothioneins,0.4592374861240387,246.34332275390625,0.0
Endothelia_vascular_Cap_a,Macro_alv,0.2592807114124298,139.08287048339844,0.0
Endothelia_vascular_Cap_a,Macro_dividing,0.35578322410583496,190.84857177734375,0.0
Endothelia_vascular_Cap_a,Macro_int,0.43495723605155945,233.31895446777344,0.0
Endothelia_vascular_Cap_a,Macro_CCL,0.5322673320770264,285.5178527832031,0.0
Endothelia_vascular_Cap_a,Mast_cell,0.437009334564209,234.41973876953125,0.0
Endothelia_vascular_Cap_a,Megakaryocyte,0.2655980587005615,142.47161865234375,0.0
Endothelia_vascular_Cap_a,Mesothelia,0.20391717553138733,109.38487243652344,0.0
Endothelia_vascular_Cap_a,Macrophage_intermediate,0.4861716330051422,260.7912902832031,0.0
Endothelia_vascular_Cap_a,Monocyte_CD14,0.5129536390304565,275.1576232910156,0.0
Endothelia_vascular_Cap_a,Monocyte_CD16,0.5176230072975159,277.6623840332031,0.0
Endothelia_vascular_Cap_a,Muscle_airway,-0.20412762463092804,-109.49776458740234,0.0
Endothelia_vascular_Cap_a,Muscle_pericyte_airway,0.0820559561252594,44.01630401611328,0.0
Endothelia_vascular_Cap_a,Muscle_pericyte_parenchyma,0.532978892326355,285.8995361328125,0.0
Endothelia_vascular_Cap_a,Muscle_perivascular_immune_recruiting,0.2220154106616974,119.09309387207031,0.0
Endothelia_vascular_Cap_a,Muscle_smooth_pulmonary,-0.19214662909507751,-103.07093811035156,0.0
Endothelia_vascular_Cap_a,Muscle_smooth_syst_arterial,-0.20704828202724457,-111.064453125,0.0
Endothelia_vascular_Cap_a,Myoepithelial,0.24310041964054108,130.40347290039062,0.0
Endothelia_vascular_Cap_a,NAF_endoneurial,-0.08823032677173615,-47.328346252441406,0.0
Endothelia_vascular_Cap_a,NAF_perineurial,-0.17196163535118103,-92.24333953857422,0.0
Endothelia_vascular_Cap_a,NK_CD16hi,0.5270041823387146,282.6946105957031,0.0
Endothelia_vascular_Cap_a,NKT,0.5380910634994507,288.6418151855469,0.0
Endothelia_vascular_Cap_a,NK_CD11d,0.49123865365982056,263.50933837890625,0.0
Endothelia_vascular_Cap_a,NK_CD56bright,0.4635127782821655,248.63665771484375,0.0
Endothelia_vascular_Cap_a,Neuroendocrine,0.225239098072052,120.82234191894531,0.0
Endothelia_vascular_Cap_a,SMG_Basal,0.18033868074417114,96.7369384765625,0.0
Endothelia_vascular_Cap_a,SMG_Duct,0.24549773335456848,131.68943786621094,0.0
Endothelia_vascular_Cap_a,SMG_Mucous,0.27471163868904114,147.3603057861328,0.0
Endothelia_vascular_Cap_a,SMG_Serous,0.2225562036037445,119.38318634033203,0.0
Endothelia_vascular_Cap_a,Schwann_Myelinating,0.18576695024967194,99.64876556396484,0.0
Endothelia_vascular_Cap_a,Schwann_nonmyelinating,-0.1015181615948677,-54.45618438720703,0.0
Endothelia_vascular_Cap_a,Secretory_Club,0.13770847022533417,73.86932373046875,0.0
Endothelia_vascular_Cap_a,Secretory_Goblet,0.1088356301188469,58.381404876708984,0.0
Endothelia_vascular_Cap_a,Suprabasal,0.06878736615180969,36.8987922668457,4.831799830889901e-298
Endothelia_vascular_Cap_a,T_reg,0.521123468875885,279.5400695800781,0.0
Endothelia_vascular_Cap_a,gdT,0.5139111280441284,275.6712646484375,0.0
Endothelia_vascular_Cap_g,Endothelia_vascular_Cap_g,0.5511391162872314,295.6410217285156,0.0
Endothelia_vascular_Cap_g,Endothelia_vascular_arterial_pulmonary,0.3476269543170929,186.47340393066406,0.0
Endothelia_vascular_Cap_g,Endothelia_vascular_arterial_systemic,0.0647146999835968,34.71413803100586,4.821130422497919e-264
Endothelia_vascular_Cap_g,Endothelia_vascular_venous_pulmonary,0.2724226713180542,146.13246154785156,0.0
Endothelia_vascular_Cap_g,Endothelia_vascular_venous_systemic,0.07464165985584259,40.03913879394531,0.0
Endothelia_vascular_Cap_g,Erythrocyte,0.5095426440238953,273.3279113769531,0.0
Endothelia_vascular_Cap_g,Fibro_adventitial,0.018222017213702202,9.77462100982666,1.4469785767466879e-22
Endothelia_vascular_Cap_g,Fibro_alveolar,0.5258627533912659,282.0823059082031,0.0
Endothelia_vascular_Cap_g,Fibro_immune_recruiting,0.22695621848106384,121.7434310913086,0.0
Endothelia_vascular_Cap_g,Fibro_myofibroblast,0.030519530177116394,16.37122917175293,3.0695148774593103e-60
Endothelia_vascular_Cap_g,Fibro_peribronchial,0.10564526915550232,56.670040130615234,0.0
Endothelia_vascular_Cap_g,Fibro_perichondrial,0.0061300466768443584,3.2882683277130127,0.0010080571204676573
Endothelia_vascular_Cap_g,ILC,0.49555569887161255,265.8250732421875,0.0
Endothelia_vascular_Cap_g,Ionocyte_n_Brush,0.1564098298549652,83.90106964111328,0.0
Endothelia_vascular_Cap_g,MAIT,0.5327995419502258,285.8033447265625,0.0
Endothelia_vascular_Cap_g,Macro_CHIT1,0.23678743839263916,127.01707458496094,0.0
Endothelia_vascular_Cap_g,Macro_interstitial,0.5007545351982117,268.61383056640625,0.0
Endothelia_vascular_Cap_g,Macro_AW_CX3CR1,0.4692578613758087,251.7184295654297,0.0
Endothelia_vascular_Cap_g,Macro_alveolar_metallothioneins,0.4487009048461914,240.69129943847656,0.0
Endothelia_vascular_Cap_g,Macro_alv,0.20999546349048615,112.64537811279297,0.0
Endothelia_vascular_Cap_g,Macro_dividing,0.3129170835018158,167.85440063476562,0.0
Endothelia_vascular_Cap_g,Macro_int,0.4028153717517853,216.0774688720703,0.0
Endothelia_vascular_Cap_g,Macro_CCL,0.5123523473739624,274.8350830078125,0.0
Endothelia_vascular_Cap_g,Mast_cell,0.43067100644111633,231.01974487304688,0.0
Endothelia_vascular_Cap_g,Megakaryocyte,0.2947337329387665,158.10052490234375,0.0
Endothelia_vascular_Cap_g,Mesothelia,0.22594287991523743,121.19985961914062,0.0
Endothelia_vascular_Cap_g,Macrophage_intermediate,0.48394888639450073,259.5989685058594,0.0
Endothelia_vascular_Cap_g,Monocyte_CD14,0.49547478556632996,265.78167724609375,0.0
Endothelia_vascular_Cap_g,Monocyte_CD16,0.5110926628112793,274.15936279296875,0.0
Endothelia_vascular_Cap_g,Muscle_airway,-0.18604892492294312,-99.80001831054688,0.0
Endothelia_vascular_Cap_g,Muscle_pericyte_airway,0.10134800523519516,54.36491012573242,0.0
Endothelia_vascular_Cap_g,Muscle_pericyte_parenchyma,0.5312016606330872,284.9461975097656,0.0
Endothelia_vascular_Cap_g,Muscle_perivascular_immune_recruiting,0.25413769483566284,136.32406616210938,0.0
Endothelia_vascular_Cap_g,Muscle_smooth_pulmonary,-0.17680823802947998,-94.84314727783203,0.0
Endothelia_vascular_Cap_g,Muscle_smooth_syst_arterial,-0.18949012458324432,-101.64594268798828,0.0
Endothelia_vascular_Cap_g,Myoepithelial,0.2790150046348572,149.66871643066406,0.0
Endothelia_vascular_Cap_g,NAF_endoneurial,-0.05558311194181442,-29.8157901763916,2.4387119193485243e-195
Endothelia_vascular_Cap_g,NAF_perineurial,-0.1505112498998642,-80.7369613647461,0.0
Endothelia_vascular_Cap_g,NK_CD16hi,0.5319527983665466,285.34912109375,0.0
Endothelia_vascular_Cap_g,NKT,0.5323824882507324,285.5796203613281,0.0
Endothelia_vascular_Cap_g,NK_CD11d,0.5000060200691223,268.2123107910156,0.0
Endothelia_vascular_Cap_g,NK_CD56bright,0.4678557515144348,250.96630859375,0.0
Endothelia_vascular_Cap_g,Neuroendocrine,0.2571757137775421,137.95372009277344,0.0
Endothelia_vascular_Cap_g,SMG_Basal,0.19543913006782532,104.83709716796875,0.0
Endothelia_vascular_Cap_g,SMG_Duct,0.2825905978679657,151.58673095703125,0.0
Endothelia_vascular_Cap_g,SMG_Mucous,0.3065788745880127,164.4544677734375,0.0
Endothelia_vascular_Cap_g,SMG_Serous,0.26123592257499695,140.13168334960938,0.0
Endothelia_vascular_Cap_g,Schwann_Myelinating,0.22308555245399475,119.6671371459961,0.0
Endothelia_vascular_Cap_g,Schwann_nonmyelinating,-0.08008454740047455,-42.958805084228516,0.0
Endothelia_vascular_Cap_g,Secretory_Club,0.12193410098552704,65.40766143798828,0.0
Endothelia_vascular_Cap_g,Secretory_Goblet,0.11181370913982391,59.97890090942383,0.0
Endothelia_vascular_Cap_g,Suprabasal,0.07608449459075928,40.81310272216797,0.0
Endothelia_vascular_Cap_g,T_reg,0.5195449590682983,278.6933288574219,0.0
Endothelia_vascular_Cap_g,gdT,0.5148431062698364,276.1711730957031,0.0
Endothelia_vascular_arterial_pulmonary,Endothelia_vascular_arterial_pulmonary,0.41132184863090515,220.6405029296875,0.0
Endothelia_vascular_arterial_pulmonary,Endothelia_vascular_arterial_systemic,0.2588759958744049,138.86578369140625,0.0
Endothelia_vascular_arterial_pulmonary,Endothelia_vascular_venous_pulmonary,0.320079505443573,171.6964569091797,0.0
Endothelia_vascular_arterial_pulmonary,Endothelia_vascular_venous_systemic,0.1550236940383911,83.15752410888672,0.0
Endothelia_vascular_arterial_pulmonary,Erythrocyte,0.3477555811405182,186.5424041748047,0.0
Endothelia_vascular_arterial_pulmonary,Fibro_adventitial,0.07862912118434906,42.17808532714844,0.0
Endothelia_vascular_arterial_pulmonary,Fibro_alveolar,0.29883134365081787,160.29855346679688,0.0
Endothelia_vascular_arterial_pulmonary,Fibro_immune_recruiting,0.2286800593137741,122.66812896728516,0.0
Endothelia_vascular_arterial_pulmonary,Fibro_myofibroblast,0.04913252592086792,26.35557746887207,4.429920317907315e-153
Endothelia_vascular_arterial_pulmonary,Fibro_peribronchial,0.26045575737953186,139.71319580078125,0.0
Endothelia_vascular_arterial_pulmonary,Fibro_perichondrial,0.05109672620892525,27.409210205078125,2.1300408855052415e-165
Endothelia_vascular_arterial_pulmonary,ILC,0.3902445435523987,209.33425903320312,0.0
Endothelia_vascular_arterial_pulmonary,Ionocyte_n_Brush,0.1867222636938095,100.16120910644531,0.0
Endothelia_vascular_arterial_pulmonary,MAIT,0.3592882454395294,192.72872924804688,0.0
Endothelia_vascular_arterial_pulmonary,Macro_CHIT1,0.06341953575611115,34.01939010620117,1.1514162531448631e-253
Endothelia_vascular_arterial_pulmonary,Macro_interstitial,0.2631224989891052,141.1436767578125,0.0
Endothelia_vascular_arterial_pulmonary,Macro_AW_CX3CR1,0.3332391381263733,178.75552368164062,0.0
Endothelia_vascular_arterial_pulmonary,Macro_alveolar_metallothioneins,0.2836569547653198,152.1587371826172,0.0
Endothelia_vascular_arterial_pulmonary,Macro_alv,0.02786610834300518,14.94788646697998,1.6077118886259552e-50
Endothelia_vascular_arterial_pulmonary,Macro_dividing,0.11017341911792755,59.099021911621094,0.0
Endothelia_vascular_arterial_pulmonary,Macro_int,0.16079476475715637,86.25322723388672,0.0
Endothelia_vascular_arterial_pulmonary,Macro_CCL,0.29435408115386963,157.89686584472656,0.0
Endothelia_vascular_arterial_pulmonary,Mast_cell,0.32382020354270935,173.70303344726562,0.0
Endothelia_vascular_arterial_pulmonary,Megakaryocyte,0.3685552477836609,197.69972229003906,0.0
Endothelia_vascular_arterial_pulmonary,Mesothelia,0.16657589375972748,89.35433197021484,0.0
Endothelia_vascular_arterial_pulmonary,Macrophage_intermediate,0.32685068249702454,175.32862854003906,0.0
Endothelia_vascular_arterial_pulmonary,Monocyte_CD14,0.2752978801727295,147.67477416992188,0.0
Endothelia_vascular_arterial_pulmonary,Monocyte_CD16,0.32635173201560974,175.0609893798828,0.0
Endothelia_vascular_arterial_pulmonary,Muscle_airway,0.1125711053609848,60.38518142700195,0.0
Endothelia_vascular_arterial_pulmonary,Muscle_pericyte_airway,0.10878933221101761,58.356571197509766,0.0
Endothelia_vascular_arterial_pulmonary,Muscle_pericyte_parenchyma,0.35081902146339417,188.18568420410156,0.0
Endothelia_vascular_arterial_pulmonary,Muscle_perivascular_immune_recruiting,0.2696443498134613,144.64212036132812,0.0
Endothelia_vascular_arterial_pulmonary,Muscle_smooth_pulmonary,0.12527401745319366,67.19925689697266,0.0
Endothelia_vascular_arterial_pulmonary,Muscle_smooth_syst_arterial,0.13822929561138153,74.1487045288086,0.0
Endothelia_vascular_arterial_pulmonary,Myoepithelial,0.28581318259239197,153.31536865234375,0.0
Endothelia_vascular_arterial_pulmonary,NAF_endoneurial,0.2465859055519104,132.2731475830078,0.0
Endothelia_vascular_arterial_pulmonary,NAF_perineurial,0.17935240268707275,96.2078857421875,0.0
Endothelia_vascular_arterial_pulmonary,NK_CD16hi,0.39974093437194824,214.42828369140625,0.0
Endothelia_vascular_arterial_pulmonary,NKT,0.3564116954803467,191.18569946289062,0.0
Endothelia_vascular_arterial_pulmonary,NK_CD11d,0.39670538902282715,212.7999725341797,0.0
Endothelia_vascular_arterial_pulmonary,NK_CD56bright,0.3749397397041321,201.12448120117188,0.0
Endothelia_vascular_arterial_pulmonary,Neuroendocrine,0.3407198190689087,182.76829528808594,0.0
Endothelia_vascular_arterial_pulmonary,SMG_Basal,0.2559485137462616,137.29542541503906,0.0
Endothelia_vascular_arterial_pulmonary,SMG_Duct,0.2715515196323395,145.6651611328125,0.0
Endothelia_vascular_arterial_pulmonary,SMG_Mucous,0.29831743240356445,160.02288818359375,0.0
Endothelia_vascular_arterial_pulmonary,SMG_Serous,0.26446205377578735,141.86224365234375,0.0
Endothelia_vascular_arterial_pulmonary,Schwann_Myelinating,0.3333059251308441,178.79135131835938,0.0
Endothelia_vascular_arterial_pulmonary,Schwann_nonmyelinating,0.1929878294467926,103.52217102050781,0.0
Endothelia_vascular_arterial_pulmonary,Secretory_Club,0.02544376626610756,13.648497581481934,2.0608365143753666e-42
Endothelia_vascular_arterial_pulmonary,Secretory_Goblet,0.13912856578826904,74.63108825683594,0.0
Endothelia_vascular_arterial_pulmonary,Suprabasal,0.16131280362606049,86.53111267089844,0.0
Endothelia_vascular_arterial_pulmonary,T_reg,0.3895493149757385,208.96131896972656,0.0
Endothelia_vascular_arterial_pulmonary,gdT,0.3875123858451843,207.86866760253906,0.0
Endothelia_vascular_arterial_systemic,Endothelia_vascular_arterial_systemic,0.3224949836730957,172.99215698242188,0.0
Endothelia_vascular_arterial_systemic,Endothelia_vascular_venous_pulmonary,0.1622856706380844,87.052978515625,0.0
Endothelia_vascular_arterial_systemic,Endothelia_vascular_venous_systemic,0.0969470739364624,52.00416946411133,0.0
Endothelia_vascular_arterial_systemic,Erythrocyte,0.06906336545944214,37.04684066772461,2.0190446377535956e-300
Endothelia_vascular_arterial_systemic,Fibro_adventitial,0.01748470775783062,9.379114151000977,6.6529318691396905e-21
Endothelia_vascular_arterial_systemic,Fibro_alveolar,0.01380202267318964,7.403655529022217,1.324858274064265e-13
Endothelia_vascular_arterial_systemic,Fibro_immune_recruiting,0.07535634934902191,40.42251205444336,0.0
Endothelia_vascular_arterial_systemic,Fibro_myofibroblast,-0.0036947615444660187,-1.9819371700286865,0.04748627314046786
Endothelia_vascular_arterial_systemic,Fibro_peribronchial,0.2107885479927063,113.07080078125,0.0
Endothelia_vascular_arterial_systemic,Fibro_perichondrial,0.06745176017284393,36.18234634399414,1.153865997520519e-286
Endothelia_vascular_arterial_systemic,ILC,0.13876862823963165,74.4380111694336,0.0
Endothelia_vascular_arterial_systemic,Ionocyte_n_Brush,0.19148635864257812,102.71675872802734,0.0
Endothelia_vascular_arterial_systemic,MAIT,0.07941555976867676,42.59994888305664,0.0
Endothelia_vascular_arterial_systemic,Macro_CHIT1,-0.06474481523036957,-34.73029327392578,2.749992259717246e-264
Endothelia_vascular_arterial_systemic,Macro_interstitial,-0.006995821837335825,-3.752685785293579,0.00017495008598235204
Endothelia_vascular_arterial_systemic,Macro_AW_CX3CR1,0.10516031086444855,56.40989685058594,0.0
Endothelia_vascular_arterial_systemic,Macro_alveolar_metallothioneins,0.02419932931661606,12.980958938598633,1.5690371527989226e-38
Endothelia_vascular_arterial_systemic,Macro_alv,-0.061864178627729416,-33.18506622314453,1.7680901833593486e-241
Endothelia_vascular_arterial_systemic,Macro_dividing,-0.04396916180849075,-23.58585548400879,5.384092827197356e-123
Endothelia_vascular_arterial_systemic,Macro_int,-0.08225450664758682,-44.12281036376953,0.0
Endothelia_vascular_arterial_systemic,Macro_CCL,0.016110744327306747,8.642095565795898,5.519123353552354e-18
Endothelia_vascular_arterial_systemic,Mast_cell,0.09675787389278412,51.902679443359375,0.0
Endothelia_vascular_arterial_systemic,Megakaryocyte,0.26836860179901123,143.95779418945312,0.0
Endothelia_vascular_arterial_systemic,Mesothelia,-0.0008109711925499141,-0.43501967191696167,0.6635481485233412
Endothelia_vascular_arterial_systemic,Macrophage_intermediate,0.051055971533060074,27.38735008239746,3.88012237419603e-165
Endothelia_vascular_arterial_systemic,Monocyte_CD14,-0.021555675193667412,-11.562854766845703,6.355998838550317e-31
Endothelia_vascular_arterial_systemic,Monocyte_CD16,0.03234273940324783,17.349231719970703,1.998997619346067e-67
Endothelia_vascular_arterial_systemic,Muscle_airway,0.260530948638916,139.75352478027344,0.0
Endothelia_vascular_arterial_systemic,Muscle_pericyte_airway,0.015550202690064907,8.341410636901855,7.340949305389432e-17
Endothelia_vascular_arterial_systemic,Muscle_pericyte_parenchyma,0.0741119533777237,39.75499725341797,0.0
Endothelia_vascular_arterial_systemic,Muscle_perivascular_immune_recruiting,0.11466172337532043,61.506629943847656,0.0
Endothelia_vascular_arterial_systemic,Muscle_smooth_pulmonary,0.2768861949443817,148.5267791748047,0.0
Endothelia_vascular_arterial_systemic,Muscle_smooth_syst_arterial,0.30237892270088196,162.2015380859375,0.0
Endothelia_vascular_arterial_systemic,Myoepithelial,0.12709560990333557,68.1763916015625,0.0
Endothelia_vascular_arterial_systemic,NAF_endoneurial,0.32219865918159485,172.8332061767578,0.0
Endothelia_vascular_arterial_systemic,NAF_perineurial,0.3233645260334015,173.45860290527344,0.0
Endothelia_vascular_arterial_systemic,NK_CD16hi,0.1330372393131256,71.36358642578125,0.0
Endothelia_vascular_arterial_systemic,NKT,0.0610874779522419,32.7684326171875,1.6590126496246997e-235
Endothelia_vascular_arterial_systemic,NK_CD11d,0.16426749527454376,88.1160659790039,0.0
Endothelia_vascular_arterial_systemic,NK_CD56bright,0.1739330142736435,93.30082702636719,0.0
Endothelia_vascular_arterial_systemic,Neuroendocrine,0.23023581504821777,123.50267028808594,0.0
Endothelia_vascular_arterial_systemic,SMG_Basal,0.2328025847673416,124.87953186035156,0.0
Endothelia_vascular_arterial_systemic,SMG_Duct,0.1155153289437294,61.96451950073242,0.0
Endothelia_vascular_arterial_systemic,SMG_Mucous,0.16179117560386658,86.7877197265625,0.0
Endothelia_vascular_arterial_systemic,SMG_Serous,0.11080947518348694,59.44021224975586,0.0
Endothelia_vascular_arterial_systemic,Schwann_Myelinating,0.24436427652835846,131.08143615722656,0.0
Endothelia_vascular_arterial_systemic,Schwann_nonmyelinating,0.30881571769714355,165.65435791015625,0.0
Endothelia_vascular_arterial_systemic,Secretory_Club,0.02781100943684578,14.918330192565918,2.50462972174937e-50
Endothelia_vascular_arterial_systemic,Secretory_Goblet,0.1668901890516281,89.5229263305664,0.0
Endothelia_vascular_arterial_systemic,Suprabasal,0.22280670702457428,119.51756286621094,0.0
Endothelia_vascular_arterial_systemic,T_reg,0.1332215666770935,71.46246337890625,0.0
Endothelia_vascular_arterial_systemic,gdT,0.12041157484054565,64.59095001220703,0.0
Endothelia_vascular_venous_pulmonary,Endothelia_vascular_venous_pulmonary,0.42743560671806335,229.28421020507812,0.0
Endothelia_vascular_venous_pulmonary,Endothelia_vascular_venous_systemic,0.2869941294193268,153.9488525390625,0.0
Endothelia_vascular_venous_pulmonary,Erythrocyte,0.24922603368759155,133.68936157226562,0.0
Endothelia_vascular_venous_pulmonary,Fibro_adventitial,0.34218138456344604,183.55230712890625,0.0
Endothelia_vascular_venous_pulmonary,Fibro_alveolar,0.20895037055015564,112.08477020263672,0.0
Endothelia_vascular_venous_pulmonary,Fibro_immune_recruiting,0.41847488284111023,224.47752380371094,0.0
Endothelia_vascular_venous_pulmonary,Fibro_myofibroblast,0.2978534996509552,159.77401733398438,0.0
Endothelia_vascular_venous_pulmonary,Fibro_peribronchial,0.4119357466697693,220.9698028564453,0.0
Endothelia_vascular_venous_pulmonary,Fibro_perichondrial,0.050761934369802475,27.22962188720703,2.89728803085172e-163
Endothelia_vascular_venous_pulmonary,ILC,0.3723095655441284,199.71360778808594,0.0
Endothelia_vascular_venous_pulmonary,Ionocyte_n_Brush,0.11809081584215164,63.34605407714844,0.0
Endothelia_vascular_venous_pulmonary,MAIT,0.30576640367507935,164.01864624023438,0.0
Endothelia_vascular_venous_pulmonary,Macro_CHIT1,-0.07702908664941788,-41.319801330566406,0.0
Endothelia_vascular_venous_pulmonary,Macro_interstitial,0.16961772739887238,90.98602294921875,0.0
Endothelia_vascular_venous_pulmonary,Macro_AW_CX3CR1,0.3394129276275635,182.06724548339844,0.0
Endothelia_vascular_venous_pulmonary,Macro_alveolar_metallothioneins,0.3006613850593567,161.2802276611328,0.0
Endothelia_vascular_venous_pulmonary,Macro_alv,-0.13300985097885132,-71.3488998413086,0.0
Endothelia_vascular_venous_pulmonary,Macro_dividing,-0.04601410776376724,-24.682802200317383,1.6364142886262196e-134
Endothelia_vascular_venous_pulmonary,Macro_int,0.1282399594783783,68.79023742675781,0.0
Endothelia_vascular_venous_pulmonary,Macro_CCL,0.21926389634609222,117.61713409423828,0.0
Endothelia_vascular_venous_pulmonary,Mast_cell,0.3273414969444275,175.5919189453125,0.0
Endothelia_vascular_venous_pulmonary,Megakaryocyte,0.3711376190185547,199.08494567871094,0.0
Endothelia_vascular_venous_pulmonary,Mesothelia,0.3712303936481476,199.1347198486328,0.0
Endothelia_vascular_venous_pulmonary,Macrophage_intermediate,0.3435128927230835,184.26654052734375,0.0
Endothelia_vascular_venous_pulmonary,Monocyte_CD14,0.24636656045913696,132.15548706054688,0.0
Endothelia_vascular_venous_pulmonary,Monocyte_CD16,0.3274134397506714,175.63050842285156,0.0
Endothelia_vascular_venous_pulmonary,Muscle_airway,0.1271447241306305,68.2027359008789,0.0
Endothelia_vascular_venous_pulmonary,Muscle_pericyte_airway,0.3032614290714264,162.6749267578125,0.0
Endothelia_vascular_venous_pulmonary,Muscle_pericyte_parenchyma,0.3115617036819458,167.12734985351562,0.0
Endothelia_vascular_venous_pulmonary,Muscle_perivascular_immune_recruiting,0.4331822991371155,232.36683654785156,0.0
Endothelia_vascular_venous_pulmonary,Muscle_smooth_pulmonary,0.12153647094964981,65.19436645507812,0.0
Endothelia_vascular_venous_pulmonary,Muscle_smooth_syst_arterial,0.10464747995138168,56.13480758666992,0.0
Endothelia_vascular_venous_pulmonary,Myoepithelial,0.3918279707431793,210.18362426757812,0.0
Endothelia_vascular_venous_pulmonary,NAF_endoneurial,0.2560091018676758,137.3279266357422,0.0
Endothelia_vascular_venous_pulmonary,NAF_perineurial,0.1560823619365692,83.72541046142578,0.0
Endothelia_vascular_venous_pulmonary,NK_CD16hi,0.36984631419181824,198.39227294921875,0.0
Endothelia_vascular_venous_pulmonary,NKT,0.3294772207736969,176.73756408691406,0.0
Endothelia_vascular_venous_pulmonary,NK_CD11d,0.3681584298610687,197.4868621826172,0.0
Endothelia_vascular_venous_pulmonary,NK_CD56bright,0.32015475630760193,171.73681640625,0.0
Endothelia_vascular_venous_pulmonary,Neuroendocrine,0.41155534982681274,220.76576232910156,0.0
Endothelia_vascular_venous_pulmonary,SMG_Basal,0.21236196160316467,113.91481018066406,0.0
Endothelia_vascular_venous_pulmonary,SMG_Duct,0.40347719192504883,216.43247985839844,0.0
Endothelia_vascular_venous_pulmonary,SMG_Mucous,0.37701502442359924,202.23770141601562,0.0
Endothelia_vascular_venous_pulmonary,SMG_Serous,0.39901360869407654,214.0381317138672,0.0
Endothelia_vascular_venous_pulmonary,Schwann_Myelinating,0.4002079963684082,214.6788330078125,0.0
Endothelia_vascular_venous_pulmonary,Schwann_nonmyelinating,0.19146773219108582,102.7067642211914,0.0
Endothelia_vascular_venous_pulmonary,Secretory_Club,-0.00793235469609499,-4.255058765411377,2.0899411788942474e-05
Endothelia_vascular_venous_pulmonary,Secretory_Goblet,0.07565836608409882,40.58451843261719,0.0
Endothelia_vascular_venous_pulmonary,Suprabasal,0.09864190965890884,52.91331100463867,0.0
Endothelia_vascular_venous_pulmonary,T_reg,0.33872899413108826,181.70037841796875,0.0
Endothelia_vascular_venous_pulmonary,gdT,0.3612445890903473,193.7781524658203,0.0
Endothelia_vascular_venous_systemic,Endothelia_vascular_venous_systemic,0.28373903036117554,152.2027587890625,0.0
Endothelia_vascular_venous_systemic,Erythrocyte,0.07592795044183731,40.729129791259766,0.0
Endothelia_vascular_venous_systemic,Fibro_adventitial,0.32103514671325684,172.20907592773438,0.0
Endothelia_vascular_venous_systemic,Fibro_alveolar,0.02813141420483589,15.090201377868652,1.8786805388640285e-51
Endothelia_vascular_venous_systemic,Fibro_immune_recruiting,0.32149821519851685,172.4574737548828,0.0
Endothelia_vascular_venous_systemic,Fibro_myofibroblast,0.28045380115509033,150.4405059814453,0.0
Endothelia_vascular_venous_systemic,Fibro_peribronchial,0.2997332811355591,160.78236389160156,0.0
Endothelia_vascular_venous_systemic,Fibro_perichondrial,0.1253315508365631,67.23011779785156,0.0
Endothelia_vascular_venous_systemic,ILC,0.1835629791021347,98.46651458740234,0.0
Endothelia_vascular_venous_systemic,Ionocyte_n_Brush,0.04215889051556587,22.61479377746582,3.0997616892055414e-113
Endothelia_vascular_venous_systemic,MAIT,0.1245042085647583,66.78631591796875,0.0
Endothelia_vascular_venous_systemic,Macro_CHIT1,-0.061130035668611526,-32.791259765625,7.844732024736394e-236
Endothelia_vascular_venous_systemic,Macro_interstitial,0.04876312240958214,26.15742301940918,8.113902368174554e-151
Endothelia_vascular_venous_systemic,Macro_AW_CX3CR1,0.1805930882692337,96.87340545654297,0.0
Endothelia_vascular_venous_systemic,Macro_alveolar_metallothioneins,0.19031265377998352,102.087158203125,0.0
Endothelia_vascular_venous_systemic,Macro_alv,-0.10016791522502899,-53.73188781738281,0.0
Endothelia_vascular_venous_systemic,Macro_dividing,-0.06653007864952087,-35.68794250488281,6.081388048666917e-279
Endothelia_vascular_venous_systemic,Macro_int,0.07076392322778702,37.95905303955078,0.0
Endothelia_vascular_venous_systemic,Macro_CCL,0.07680613547563553,41.20020294189453,0.0
Endothelia_vascular_venous_systemic,Mast_cell,0.17951205372810364,96.29352569580078,0.0
Endothelia_vascular_venous_systemic,Megakaryocyte,0.1925104409456253,103.2660903930664,0.0
Endothelia_vascular_venous_systemic,Mesothelia,0.3100147247314453,166.29751586914062,0.0
Endothelia_vascular_venous_systemic,Macrophage_intermediate,0.19661572575569153,105.4682388305664,0.0
Endothelia_vascular_venous_systemic,Monocyte_CD14,0.11060691624879837,59.33155822753906,0.0
Endothelia_vascular_venous_systemic,Monocyte_CD16,0.1726454198360443,92.61013793945312,0.0
Endothelia_vascular_venous_systemic,Muscle_airway,0.1030251756310463,55.26457214355469,0.0
Endothelia_vascular_venous_systemic,Muscle_pericyte_airway,0.2875743508338928,154.26010131835938,0.0
Endothelia_vascular_venous_systemic,Muscle_pericyte_parenchyma,0.1082971841096878,58.09257507324219,0.0
Endothelia_vascular_venous_systemic,Muscle_perivascular_immune_recruiting,0.32804128527641296,175.96730041503906,0.0
Endothelia_vascular_venous_systemic,Muscle_smooth_pulmonary,0.09694787859916687,52.004600524902344,0.0
Endothelia_vascular_venous_systemic,Muscle_smooth_syst_arterial,0.08522488176822662,45.71617126464844,0.0
Endothelia_vascular_venous_systemic,Myoepithelial,0.2573789060115814,138.06271362304688,0.0
Endothelia_vascular_venous_systemic,NAF_endoneurial,0.17633642256259918,94.59005737304688,0.0
Endothelia_vascular_venous_systemic,NAF_perineurial,0.11325645446777344,60.75281524658203,0.0
Endothelia_vascular_venous_systemic,NK_CD16hi,0.16561509668827057,88.83894348144531,0.0
Endothelia_vascular_venous_systemic,NKT,0.1520889550447464,81.5832748413086,0.0
Endothelia_vascular_venous_systemic,NK_CD11d,0.16787497699260712,90.05118560791016,0.0
Endothelia_vascular_venous_systemic,NK_CD56bright,0.1328270584344864,71.25084686279297,0.0
Endothelia_vascular_venous_systemic,Neuroendocrine,0.2679673433303833,143.74253845214844,0.0
Endothelia_vascular_venous_systemic,SMG_Basal,0.14714016020298004,78.92864990234375,0.0
Endothelia_vascular_venous_systemic,SMG_Duct,0.26930204033851624,144.45849609375,0.0
Endothelia_vascular_venous_systemic,SMG_Mucous,0.23221330344676971,124.56343078613281,0.0
Endothelia_vascular_venous_systemic,SMG_Serous,0.2722605764865875,146.04551696777344,0.0
Endothelia_vascular_venous_systemic,Schwann_Myelinating,0.2529829740524292,135.70465087890625,0.0
Endothelia_vascular_venous_systemic,Schwann_nonmyelinating,0.11057651787996292,59.315250396728516,0.0
Endothelia_vascular_venous_systemic,Secretory_Club,-0.0030659306794404984,-1.6446208953857422,0.10004801502741555
Endothelia_vascular_venous_systemic,Secretory_Goblet,0.03063001111149788,16.43049430847168,1.1571187223138549e-60
Endothelia_vascular_venous_systemic,Suprabasal,0.04765168949961662,25.56123161315918,4.118873631740884e-144
Endothelia_vascular_venous_systemic,T_reg,0.14551454782485962,78.056640625,0.0
Endothelia_vascular_venous_systemic,gdT,0.17067526280879974,91.55330657958984,0.0
Erythrocyte,Erythrocyte,0.5773701667785645,309.7118225097656,0.0
Erythrocyte,Fibro_adventitial,-0.0024266699329018593,-1.301709771156311,0.19301561807667256
Erythrocyte,Fibro_alveolar,0.5374051332473755,288.27386474609375,0.0
Erythrocyte,Fibro_immune_recruiting,0.18104945123195648,97.11820983886719,0.0
Erythrocyte,Fibro_myofibroblast,0.0034251082688570023,1.8372901678085327,0.06616707060171466
Erythrocyte,Fibro_peribronchial,0.058640748262405396,31.455961227416992,3.4792920936452613e-217
Erythrocyte,Fibro_perichondrial,0.015607674606144428,8.37224006652832,5.65331255708243e-17
Erythrocyte,ILC,0.5024793148040771,269.5390319824219,0.0
Erythrocyte,Ionocyte_n_Brush,0.10279783606529236,55.14262390136719,0.0
Erythrocyte,MAIT,0.5580152273178101,299.3294982910156,0.0
Erythrocyte,Macro_CHIT1,0.3449949324131012,185.06153869628906,0.0
Erythrocyte,Macro_interstitial,0.5690838098526001,305.2668762207031,0.0
Erythrocyte,Macro_AW_CX3CR1,0.45013758540153503,241.4619598388672,0.0
Erythrocyte,Macro_alveolar_metallothioneins,0.5119305849075317,274.6088562011719,0.0
Erythrocyte,Macro_alv,0.30782055854797363,165.1205291748047,0.0
Erythrocyte,Macro_dividing,0.4056969881057739,217.62322998046875,0.0
Erythrocyte,Macro_int,0.5117858052253723,274.53118896484375,0.0
Erythrocyte,Macro_CCL,0.5641146302223206,302.601318359375,0.0
Erythrocyte,Mast_cell,0.48782554268836975,261.678466796875,0.0
Erythrocyte,Megakaryocyte,0.22975681722164154,123.2457275390625,0.0
Erythrocyte,Mesothelia,0.23774105310440063,127.52861022949219,0.0
Erythrocyte,Macrophage_intermediate,0.5222300291061401,280.1336669921875,0.0
Erythrocyte,Monocyte_CD14,0.5673273205757141,304.3246765136719,0.0
Erythrocyte,Monocyte_CD16,0.5542963147163391,297.3345947265625,0.0
Erythrocyte,Muscle_airway,-0.1744513064622879,-93.57884216308594,0.0
Erythrocyte,Muscle_pericyte_airway,0.11085999011993408,59.467308044433594,0.0
Erythrocyte,Muscle_pericyte_parenchyma,0.49242693185806274,264.146728515625,0.0
Erythrocyte,Muscle_perivascular_immune_recruiting,0.21480312943458557,115.22429656982422,0.0
Erythrocyte,Muscle_smooth_pulmonary,-0.15510769188404083,-83.20258331298828,0.0
Erythrocyte,Muscle_smooth_syst_arterial,-0.16350695490837097,-87.70809936523438,0.0
Erythrocyte,Myoepithelial,0.21636858582496643,116.06403350830078,0.0
Erythrocyte,NAF_endoneurial,-0.07500194013118744,-40.23240280151367,0.0
Erythrocyte,NAF_perineurial,-0.14256608486175537,-76.47503662109375,0.0
Erythrocyte,NK_CD16hi,0.5112034678459167,274.21881103515625,0.0
Erythrocyte,NKT,0.5610326528549194,300.9480895996094,0.0
Erythrocyte,NK_CD11d,0.4646252393722534,249.23341369628906,0.0
Erythrocyte,NK_CD56bright,0.4417445659637451,236.9597930908203,0.0
Erythrocyte,Neuroendocrine,0.21935567259788513,117.6663589477539,0.0
Erythrocyte,SMG_Basal,0.1451164036989212,77.84307098388672,0.0
Erythrocyte,SMG_Duct,0.19924882054328918,106.88068389892578,0.0
Erythrocyte,SMG_Mucous,0.21894347667694092,117.44525146484375,0.0
Erythrocyte,SMG_Serous,0.195262610912323,104.7424087524414,0.0
Erythrocyte,Schwann_Myelinating,0.1516009271144867,81.32148742675781,0.0
Erythrocyte,Schwann_nonmyelinating,-0.09515254199504852,-51.04154968261719,0.0
Erythrocyte,Secretory_Club,0.09806385636329651,52.603233337402344,0.0
Erythrocyte,Secretory_Goblet,0.07699606567621231,41.302085876464844,0.0
Erythrocyte,Suprabasal,0.03943195566534996,21.152015686035156,2.6439952181795556e-99
Erythrocyte,T_reg,0.5245444178581238,281.3751525878906,0.0
Erythrocyte,gdT,0.5251145362854004,281.68096923828125,0.0
Fibro_adventitial,Fibro_adventitial,0.5068783760070801,271.89874267578125,0.0
Fibro_adventitial,Fibro_alveolar,-0.02813747338950634,-15.093451499938965,1.7883723519622124e-51
Fibro_adventitial,Fibro_immune_recruiting,0.4435690641403198,237.93849182128906,0.0
Fibro_adventitial,Fibro_myofibroblast,0.46335163712501526,248.5502166748047,0.0
Fibro_adventitial,Fibro_peribronchial,0.3912622034549713,209.88014221191406,0.0
Fibro_adventitial,Fibro_perichondrial,0.07204923778772354,38.64851760864258,0.0
Fibro_adventitial,ILC,0.14790679514408112,79.33988952636719,0.0
Fibro_adventitial,Ionocyte_n_Brush,-0.03245232254266739,-17.40801429748535,7.172901700415306e-68
Fibro_adventitial,MAIT,0.0683833509683609,36.682071685791016,1.4105849545861832e-294
Fibro_adventitial,Macro_CHIT1,-0.19138753414154053,-102.66374206542969,0.0
Fibro_adventitial,Macro_interstitial,-0.04085167869925499,-21.91358184814453,1.9280622148406126e-106
Fibro_adventitial,Macro_AW_CX3CR1,0.1535203903913498,82.35111999511719,0.0
Fibro_adventitial,Macro_alveolar_metallothioneins,0.16977709531784058,91.0715103149414,0.0
Fibro_adventitial,Macro_alv,-0.24739167094230652,-132.70538330078125,0.0
Fibro_adventitial,Macro_dividing,-0.20247216522693634,-108.6097412109375,0.0
Fibro_adventitial,Macro_int,0.014291957952082157,7.666465759277344,1.7680033431307145e-14
Fibro_adventitial,Macro_CCL,0.0034668450243771076,1.8596785068511963,0.0629310246666416
Fibro_adventitial,Mast_cell,0.15610867738723755,83.7395248413086,0.0
Fibro_adventitial,Megakaryocyte,0.17944450676441193,96.25728607177734,0.0
Fibro_adventitial,Mesothelia,0.4279647469520569,229.56805419921875,0.0
Fibro_adventitial,Macrophage_intermediate,0.17916424572467804,96.10694885253906,0.0
Fibro_adventitial,Monocyte_CD14,0.07237587124109268,38.82373046875,0.0
Fibro_adventitial,Monocyte_CD16,0.14957201480865479,80.23313903808594,0.0
Fibro_adventitial,Muscle_airway,0.11440309137105942,61.36789321899414,0.0
Fibro_adventitial,Muscle_pericyte_airway,0.39316725730895996,210.9020538330078,0.0
Fibro_adventitial,Muscle_pericyte_parenchyma,0.08323688805103302,44.649776458740234,0.0
Fibro_adventitial,Muscle_perivascular_immune_recruiting,0.41628557443618774,223.30313110351562,0.0
Fibro_adventitial,Muscle_smooth_pulmonary,0.09437665343284607,50.62534713745117,0.0
Fibro_adventitial,Muscle_smooth_syst_arterial,0.06127104163169861,32.86689758300781,6.533924307259371e-237
Fibro_adventitial,Myoepithelial,0.3105595111846924,166.58975219726562,0.0
Fibro_adventitial,NAF_endoneurial,0.17598876357078552,94.403564453125,0.0
Fibro_adventitial,NAF_perineurial,0.09623580425977707,51.62263107299805,0.0
Fibro_adventitial,NK_CD16hi,0.12723709642887115,68.25228881835938,0.0
Fibro_adventitial,NKT,0.11680138856172562,62.65438461303711,0.0
Fibro_adventitial,NK_CD11d,0.1264423280954361,67.82595825195312,0.0
Fibro_adventitial,NK_CD56bright,0.07137563824653625,38.28718566894531,0.0
Fibro_adventitial,Neuroendocrine,0.28516221046447754,152.9661865234375,0.0
Fibro_adventitial,SMG_Basal,0.06321639567613602,33.910423278808594,4.677007226414374e-252
Fibro_adventitial,SMG_Duct,0.3416876196861267,183.28744506835938,0.0
Fibro_adventitial,SMG_Mucous,0.2606651782989502,139.82553100585938,0.0
Fibro_adventitial,SMG_Serous,0.3464306890964508,185.8317108154297,0.0
Fibro_adventitial,Schwann_Myelinating,0.27614831924438477,148.13096618652344,0.0
Fibro_adventitial,Schwann_nonmyelinating,0.11184822767972946,59.99741744995117,0.0
Fibro_adventitial,Secretory_Club,-0.06823359429836273,-36.60173797607422,2.6836791762080156e-293
Fibro_adventitial,Secretory_Goblet,-0.04333481937646866,-23.245582580566406,1.5766820933220956e-119
Fibro_adventitial,Suprabasal,-0.024461429566144943,-13.121554374694824,2.4779965584447495e-39
Fibro_adventitial,T_reg,0.08957879990339279,48.051692962646484,0.0
Fibro_adventitial,gdT,0.13170717656612396,70.65011596679688,0.0
Fibro_alveolar,Fibro_alveolar,0.5549401640892029,297.6799621582031,0.0
Fibro_alveolar,Fibro_immune_recruiting,0.13893361389636993,74.5265121459961,0.0
Fibro_alveolar,Fibro_myofibroblast,0.0023782134521752596,1.275716781616211,0.2020556541281756
Fibro_alveolar,Fibro_peribronchial,0.02468647062778473,13.242270469665527,5.00136673743791e-40
Fibro_alveolar,Fibro_perichondrial,-0.0035733748227357864,-1.9168230295181274,0.055260418185035055
Fibro_alveolar,ILC,0.45930540561676025,246.37974548339844,0.0
Fibro_alveolar,Ionocyte_n_Brush,0.07263242453336716,38.96134948730469,0.0
Fibro_alveolar,MAIT,0.5287492871284485,283.6307067871094,0.0
Fibro_alveolar,Macro_CHIT1,0.3070984482765198,164.73318481445312,0.0
Fibro_alveolar,Macro_interstitial,0.5399686098098755,289.6489562988281,0.0
Fibro_alveolar,Macro_AW_CX3CR1,0.4129839837551117,221.5321044921875,0.0
Fibro_alveolar,Macro_alveolar_metallothioneins,0.46060478687286377,247.07676696777344,0.0
Fibro_alveolar,Macro_alv,0.27981168031692505,150.09605407714844,0.0
Fibro_alveolar,Macro_dividing,0.37492287158966064,201.1154327392578,0.0
Fibro_alveolar,Macro_int,0.4735354483127594,254.01300048828125,0.0
Fibro_alveolar,Macro_CCL,0.5346086025238037,286.77374267578125,0.0
Fibro_alveolar,Mast_cell,0.44309574365615845,237.68460083007812,0.0
Fibro_alveolar,Megakaryocyte,0.18035829067230225,96.7474594116211,0.0
Fibro_alveolar,Mesothelia,0.18687014281749725,100.24053192138672,0.0
Fibro_alveolar,Macrophage_intermediate,0.47422879934310913,254.3849334716797,0.0
Fibro_alveolar,Monocyte_CD14,0.5396844148635864,289.49652099609375,0.0
Fibro_alveolar,Monocyte_CD16,0.5171353816986084,277.4007873535156,0.0
Fibro_alveolar,Muscle_airway,-0.2231868952512741,-119.72149658203125,0.0
Fibro_alveolar,Muscle_pericyte_airway,0.07166608422994614,38.442989349365234,0.0
Fibro_alveolar,Muscle_pericyte_parenchyma,0.5070310235023499,271.98065185546875,0.0
Fibro_alveolar,Muscle_perivascular_immune_recruiting,0.1640751212835312,88.01287078857422,0.0
Fibro_alveolar,Muscle_smooth_pulmonary,-0.20776677131652832,-111.44986724853516,0.0
Fibro_alveolar,Muscle_smooth_syst_arterial,-0.2273886501789093,-121.97539520263672,0.0
Fibro_alveolar,Myoepithelial,0.1641523540019989,88.0542984008789,0.0
Fibro_alveolar,NAF_endoneurial,-0.13927967846393585,-74.71214294433594,0.0
Fibro_alveolar,NAF_perineurial,-0.20144939422607422,-108.06111145019531,0.0
Fibro_alveolar,NK_CD16hi,0.48217839002609253,258.64923095703125,0.0
Fibro_alveolar,NKT,0.5309113264083862,284.79046630859375,0.0
Fibro_alveolar,NK_CD11d,0.43136075139045715,231.38973999023438,0.0
Fibro_alveolar,NK_CD56bright,0.40657106041908264,218.0920867919922,0.0
Fibro_alveolar,Neuroendocrine,0.14871057868003845,79.77104949951172,0.0
Fibro_alveolar,SMG_Basal,0.08620680868625641,46.242897033691406,0.0
Fibro_alveolar,SMG_Duct,0.158146932721138,84.8328857421875,0.0
Fibro_alveolar,SMG_Mucous,0.17930860817432404,96.18438720703125,0.0
Fibro_alveolar,SMG_Serous,0.14314579963684082,76.78600311279297,0.0
Fibro_alveolar,Schwann_Myelinating,0.09364399313926697,50.232337951660156,0.0
Fibro_alveolar,Schwann_nonmyelinating,-0.1457947939634323,-78.20697021484375,0.0
Fibro_alveolar,Secretory_Club,0.09318359941244125,49.985374450683594,0.0
Fibro_alveolar,Secretory_Goblet,0.04853774234652519,26.03652572631836,1.9118692447028733e-149
Fibro_alveolar,Suprabasal,-0.0032036209013313055,-1.7184803485870361,0.08570903585207024
Fibro_alveolar,T_reg,0.4903160035610199,263.014404296875,0.0
Fibro_alveolar,gdT,0.48677775263786316,261.1164245605469,0.0
Fibro_immune_recruiting,Fibro_immune_recruiting,0.55455082654953,297.47113037109375,0.0
Fibro_immune_recruiting,Fibro_myofibroblast,0.38483917713165283,206.43472290039062,0.0
Fibro_immune_recruiting,Fibro_peribronchial,0.38489237427711487,206.4632568359375,0.0
Fibro_immune_recruiting,Fibro_perichondrial,0.06851336359977722,36.75181198120117,1.0876752341998524e-295
Fibro_immune_recruiting,ILC,0.3464753329753876,185.85565185546875,0.0
Fibro_immune_recruiting,Ionocyte_n_Brush,0.10697855055332184,57.38523483276367,0.0
Fibro_immune_recruiting,MAIT,0.2690961956977844,144.34808349609375,0.0
Fibro_immune_recruiting,Macro_CHIT1,-0.07425294816493988,-39.83062744140625,0.0
Fibro_immune_recruiting,Macro_interstitial,0.15121042728424072,81.11201477050781,0.0
Fibro_immune_recruiting,Macro_AW_CX3CR1,0.3741794228553772,200.7166290283203,0.0
Fibro_immune_recruiting,Macro_alveolar_metallothioneins,0.332580029964447,178.40196228027344,0.0
Fibro_immune_recruiting,Macro_alv,-0.1303914189338684,-69.94432067871094,0.0
Fibro_immune_recruiting,Macro_dividing,-0.05274017155170441,-28.29078483581543,4.486846103039481e-176
Fibro_immune_recruiting,Macro_int,0.1414225846529007,75.86164093017578,0.0
Fibro_immune_recruiting,Macro_CCL,0.2015300840139389,108.1043930053711,0.0
Fibro_immune_recruiting,Mast_cell,0.2792224884033203,149.78001403808594,0.0
Fibro_immune_recruiting,Megakaryocyte,0.35729241371154785,191.6581268310547,0.0
Fibro_immune_recruiting,Mesothelia,0.5093963742256165,273.24945068359375,0.0
Fibro_immune_recruiting,Macrophage_intermediate,0.364795446395874,195.68289184570312,0.0
Fibro_immune_recruiting,Monocyte_CD14,0.22340604662895203,119.83905792236328,0.0
Fibro_immune_recruiting,Monocyte_CD16,0.3293372392654419,176.6624755859375,0.0
Fibro_immune_recruiting,Muscle_airway,0.022127827629446983,11.869768142700195,1.699379431525709e-32
Fibro_immune_recruiting,Muscle_pericyte_airway,0.38488757610321045,206.46067810058594,0.0
Fibro_immune_recruiting,Muscle_pericyte_parenchyma,0.26989564299583435,144.77691650390625,0.0
Fibro_immune_recruiting,Muscle_perivascular_immune_recruiting,0.537744402885437,288.4558410644531,0.0
Fibro_immune_recruiting,Muscle_smooth_pulmonary,0.006100823171436787,3.272592306137085,0.0010656606932636684
Fibro_immune_recruiting,Muscle_smooth_syst_arterial,-0.01081580389291048,-5.801793575286865,6.560930215684248e-09
Fibro_immune_recruiting,Myoepithelial,0.4990105926990509,267.6783447265625,0.0
Fibro_immune_recruiting,NAF_endoneurial,0.17673026025295258,94.80131530761719,0.0
Fibro_immune_recruiting,NAF_perineurial,0.03575512766838074,19.179698944091797,5.46961329945775e-82
Fibro_immune_recruiting,NK_CD16hi,0.3545417785644531,190.18264770507812,0.0
Fibro_immune_recruiting,NKT,0.31046828627586365,166.5408172607422,0.0
Fibro_immune_recruiting,NK_CD11d,0.3583664894104004,192.23428344726562,0.0
Fibro_immune_recruiting,NK_CD56bright,0.2918495237827301,156.55337524414062,0.0
Fibro_immune_recruiting,Neuroendocrine,0.4414612650871277,236.80783081054688,0.0
Fibro_immune_recruiting,SMG_Basal,0.24330130219459534,130.51123046875,0.0
Fibro_immune_recruiting,SMG_Duct,0.537966787815094,288.57513427734375,0.0
Fibro_immune_recruiting,SMG_Mucous,0.4607163667678833,247.13661193847656,0.0
Fibro_immune_recruiting,SMG_Serous,0.529875636100769,284.2348937988281,0.0
Fibro_immune_recruiting,Schwann_Myelinating,0.44097334146499634,236.5460968017578,0.0
Fibro_immune_recruiting,Schwann_nonmyelinating,0.10295155644416809,55.22508239746094,0.0
Fibro_immune_recruiting,Secretory_Club,0.026769476011395454,14.35963249206543,9.27175005984738e-47
Fibro_immune_recruiting,Secretory_Goblet,0.06975779682397842,37.41934585571289,1.8938735328639633e-306
Fibro_immune_recruiting,Suprabasal,0.08581756800413132,46.03409957885742,0.0
Fibro_immune_recruiting,T_reg,0.2991905212402344,160.49122619628906,0.0
Fibro_immune_recruiting,gdT,0.3341616988182068,179.25039672851562,0.0
Fibro_myofibroblast,Fibro_myofibroblast,0.48400890827178955,259.63116455078125,0.0
Fibro_myofibroblast,Fibro_peribronchial,0.3412172496318817,183.03512573242188,0.0
Fibro_myofibroblast,Fibro_perichondrial,0.04278041794896126,22.948192596435547,1.5359952785626537e-116
Fibro_myofibroblast,ILC,0.12814049422740936,68.73688507080078,0.0
Fibro_myofibroblast,Ionocyte_n_Brush,-0.03266381844878197,-17.521465301513672,9.826167576992893e-69
Fibro_myofibroblast,MAIT,0.06855113059282303,36.772071838378906,5.161801824048416e-296
Fibro_myofibroblast,Macro_CHIT1,-0.15295198559761047,-82.04621887207031,0.0
Fibro_myofibroblast,Macro_interstitial,-0.015786441043019295,-8.468132972717285,2.4935755439312008e-17
Fibro_myofibroblast,Macro_AW_CX3CR1,0.1321120411157608,70.86729431152344,0.0
Fibro_myofibroblast,Macro_alveolar_metallothioneins,0.16633524000644684,89.2252426147461,0.0
Fibro_myofibroblast,Macro_alv,-0.2031967043876648,-108.99839782714844,0.0
Fibro_myofibroblast,Macro_dividing,-0.1603623926639557,-86.02129364013672,0.0
Fibro_myofibroblast,Macro_int,0.038974687457084656,20.906728744506836,4.6504468035513885e-97
Fibro_myofibroblast,Macro_CCL,0.017369752749800682,9.317450523376465,1.19169282360293e-20
Fibro_myofibroblast,Mast_cell,0.1681850552558899,90.21751403808594,0.0
Fibro_myofibroblast,Megakaryocyte,0.1336483210325241,71.6913833618164,0.0
Fibro_myofibroblast,Mesothelia,0.3832640051841736,205.5897674560547,0.0
Fibro_myofibroblast,Macrophage_intermediate,0.1639789640903473,87.96128845214844,0.0
Fibro_myofibroblast,Monocyte_CD14,0.08927007019519806,47.886085510253906,0.0
Fibro_myofibroblast,Monocyte_CD16,0.14790469408035278,79.33876037597656,0.0
Fibro_myofibroblast,Muscle_airway,0.07038041204214096,37.75333023071289,0.0
Fibro_myofibroblast,Muscle_pericyte_airway,0.36286285519599915,194.64622497558594,0.0
Fibro_myofibroblast,Muscle_pericyte_parenchyma,0.08931230753660202,47.90874099731445,0.0
Fibro_myofibroblast,Muscle_perivascular_immune_recruiting,0.3500143885612488,187.7540740966797,0.0
Fibro_myofibroblast,Muscle_smooth_pulmonary,0.05819867551326752,31.218826293945312,5.9169210178350715e-214
Fibro_myofibroblast,Muscle_smooth_syst_arterial,0.02122444659471512,11.385178565979004,4.9566606744032825e-30
Fibro_myofibroblast,Myoepithelial,0.22326049208641052,119.76097869873047,0.0
Fibro_myofibroblast,NAF_endoneurial,0.09799401462078094,52.565765380859375,0.0
Fibro_myofibroblast,NAF_perineurial,0.04249221086502075,22.79359245300293,5.307765015301329e-115
Fibro_myofibroblast,NK_CD16hi,0.10982407629489899,58.91162872314453,0.0
Fibro_myofibroblast,NKT,0.11437752842903137,61.35417938232422,0.0
Fibro_myofibroblast,NK_CD11d,0.10540618747472763,56.54179000854492,0.0
Fibro_myofibroblast,NK_CD56bright,0.06015685945749283,32.269229888916016,1.8906843559877274e-228
Fibro_myofibroblast,Neuroendocrine,0.21140888333320618,113.40355682373047,0.0
Fibro_myofibroblast,SMG_Basal,0.031509626656770706,16.90233612060547,4.324296169602927e-64
Fibro_myofibroblast,SMG_Duct,0.2597695291042328,139.3450927734375,0.0
Fibro_myofibroblast,SMG_Mucous,0.20035776495933533,107.47554016113281,0.0
Fibro_myofibroblast,SMG_Serous,0.25600579380989075,137.32615661621094,0.0
Fibro_myofibroblast,Schwann_Myelinating,0.18609769642353058,99.82617950439453,0.0
Fibro_myofibroblast,Schwann_nonmyelinating,0.058297548443078995,31.271862030029297,1.1263726792635441e-214
Fibro_myofibroblast,Secretory_Club,-0.060659922659397125,-32.53908157348633,2.9881404449217013e-232
Fibro_myofibroblast,Secretory_Goblet,-0.042302075773477554,-22.691600799560547,5.422777980527995e-114
Fibro_myofibroblast,Suprabasal,-0.025639725849032402,-13.75361442565918,4.844735921588107e-43
Fibro_myofibroblast,T_reg,0.08211115747690201,44.04591369628906,0.0
Fibro_myofibroblast,gdT,0.11551322788000107,61.9633903503418,0.0
Fibro_peribronchial,Fibro_peribronchial,0.5367736220359802,287.93511962890625,0.0
Fibro_peribronchial,Fibro_perichondrial,0.07737788558006287,41.506900787353516,0.0
Fibro_peribronchial,ILC,0.24499893188476562,131.421875,0.0
Fibro_peribronchial,Ionocyte_n_Brush,0.13924747705459595,74.69486999511719,0.0
Fibro_peribronchial,MAIT,0.1334838718175888,71.6031723022461,0.0
Fibro_peribronchial,Macro_CHIT1,-0.24593636393547058,-131.9247283935547,0.0
Fibro_peribronchial,Macro_interstitial,-0.04948921874165535,-26.54691505432129,2.7877117464817604e-155
Fibro_peribronchial,Macro_AW_CX3CR1,0.21752946078777313,116.68675231933594,0.0
Fibro_peribronchial,Macro_alveolar_metallothioneins,0.12250219285488129,65.71240234375,0.0
Fibro_peribronchial,Macro_alv,-0.2941385507583618,-157.78125,0.0
Fibro_peribronchial,Macro_dividing,-0.2330985963344574,-125.03831481933594,0.0
Fibro_peribronchial,Macro_int,-0.09476819634437561,-50.83538055419922,0.0
Fibro_peribronchial,Macro_CCL,0.013980629853904247,7.4994635581970215,6.407953380308703e-14
Fibro_peribronchial,Mast_cell,0.2115515172481537,113.48007202148438,0.0
Fibro_peribronchial,Megakaryocyte,0.38435518741607666,206.1750946044922,0.0
Fibro_peribronchial,Mesothelia,0.2925075888633728,156.9063720703125,0.0
Fibro_peribronchial,Macrophage_intermediate,0.17362648248672485,93.13639831542969,0.0
Fibro_peribronchial,Monocyte_CD14,0.03487939387559891,18.70993995666504,4.108376177933734e-78
Fibro_peribronchial,Monocyte_CD16,0.14209112524986267,76.22026062011719,0.0
Fibro_peribronchial,Muscle_airway,0.32057926058769226,171.96453857421875,0.0
Fibro_peribronchial,Muscle_pericyte_airway,0.28773820400238037,154.34799194335938,0.0
Fibro_peribronchial,Muscle_pericyte_parenchyma,0.16655826568603516,89.34487915039062,0.0
Fibro_peribronchial,Muscle_perivascular_immune_recruiting,0.39850568771362305,213.76568603515625,0.0
Fibro_peribronchial,Muscle_smooth_pulmonary,0.3016708195209503,161.8217010498047,0.0
Fibro_peribronchial,Muscle_smooth_syst_arterial,0.27342891693115234,146.67222595214844,0.0
Fibro_peribronchial,Myoepithelial,0.3490850627422333,187.25555419921875,0.0
Fibro_peribronchial,NAF_endoneurial,0.40162262320518494,215.4376678466797,0.0
Fibro_peribronchial,NAF_perineurial,0.3332107365131378,178.7402801513672,0.0
Fibro_peribronchial,NK_CD16hi,0.23363608121871948,125.32662963867188,0.0
Fibro_peribronchial,NKT,0.15091197192668915,80.95191955566406,0.0
Fibro_peribronchial,NK_CD11d,0.2588635981082916,138.859130859375,0.0
Fibro_peribronchial,NK_CD56bright,0.22127285599708557,118.69477081298828,0.0
Fibro_peribronchial,Neuroendocrine,0.4227447509765625,226.76795959472656,0.0
Fibro_peribronchial,SMG_Basal,0.2351839393377304,126.15692901611328,0.0
Fibro_peribronchial,SMG_Duct,0.3651190996170044,195.85650634765625,0.0
Fibro_peribronchial,SMG_Mucous,0.35554245114326477,190.71942138671875,0.0
Fibro_peribronchial,SMG_Serous,0.35833749175071716,192.21873474121094,0.0
Fibro_peribronchial,Schwann_Myelinating,0.4324209988117218,231.95846557617188,0.0
Fibro_peribronchial,Schwann_nonmyelinating,0.3608381450176239,193.56011962890625,0.0
Fibro_peribronchial,Secretory_Club,-0.029872344806790352,-16.024066925048828,8.678377100817362e-58
Fibro_peribronchial,Secretory_Goblet,0.09785421192646027,52.49077606201172,0.0
Fibro_peribronchial,Suprabasal,0.1473267376422882,79.02873229980469,0.0
Fibro_peribronchial,T_reg,0.1999349594116211,107.24874114990234,0.0
Fibro_peribronchial,gdT,0.21796491742134094,116.92033386230469,0.0
Fibro_perichondrial,Fibro_perichondrial,0.45431604981422424,243.703369140625,0.0
Fibro_perichondrial,ILC,0.04177173227071762,22.407115936279297,3.354729686558173e-111
Fibro_perichondrial,Ionocyte_n_Brush,0.024221455678343773,12.992828369140625,1.3436794321341838e-38
Fibro_perichondrial,MAIT,0.03559854254126549,19.095703125,2.7414173943743966e-81
Fibro_perichondrial,Macro_CHIT1,0.08532300591468811,45.76880645751953,0.0
Fibro_perichondrial,Macro_interstitial,0.05205509066581726,27.923294067382812,1.391446798632642e-171
Fibro_perichondrial,Macro_AW_CX3CR1,0.060716256499290466,32.56930160522461,1.1162066426235085e-232
Fibro_perichondrial,Macro_alveolar_metallothioneins,0.0814111977815628,43.67044448852539,0.0
Fibro_perichondrial,Macro_alv,0.1181659996509552,63.38638687133789,0.0
Fibro_perichondrial,Macro_dividing,0.0912812352180481,48.96491241455078,0.0
Fibro_perichondrial,Macro_int,0.06263656169176102,33.599388122558594,1.7123964213071202e-247
Fibro_perichondrial,Macro_CCL,0.047140754759311676,25.287155151367188,4.4226743482109443e-141
Fibro_perichondrial,Mast_cell,0.03505311161279678,18.803125381469727,7.119497666331578e-79
Fibro_perichondrial,Megakaryocyte,0.014130184426903725,7.579687118530273,3.463892875206343e-14
Fibro_perichondrial,Mesothelia,0.06855756789445877,36.7755241394043,4.545954641483602e-296
Fibro_perichondrial,Macrophage_intermediate,0.06431874632835388,34.50174331665039,7.5528411476821625e-261
Fibro_perichondrial,Monocyte_CD14,0.030794955790042877,16.518972396850586,2.6792410230718487e-61
Fibro_perichondrial,Monocyte_CD16,0.05071548372507095,27.2047061920166,5.713447954660752e-163
Fibro_perichondrial,Muscle_airway,0.010755774565041065,5.769592761993408,7.946332754851996e-09
Fibro_perichondrial,Muscle_pericyte_airway,0.08826141059398651,47.34502029418945,0.0
Fibro_perichondrial,Muscle_pericyte_parenchyma,0.006252697203308344,3.354060173034668,0.0007963504310554873
Fibro_perichondrial,Muscle_perivascular_immune_recruiting,0.08233030885457993,44.16347122192383,0.0
Fibro_perichondrial,Muscle_smooth_pulmonary,0.0034249541349709034,1.837207555770874,0.06617926067995938
Fibro_perichondrial,Muscle_smooth_syst_arterial,-0.0038758942391723394,-2.0790998935699463,0.037608169891264115
Fibro_perichondrial,Myoepithelial,0.06853213906288147,36.76188278198242,7.5096077293735e-296
Fibro_perichondrial,NAF_endoneurial,0.02343791350722313,12.572522163391113,2.990295639544267e-36
Fibro_perichondrial,NAF_perineurial,0.011785641312599182,6.3220319747924805,2.581459445978888e-10
Fibro_perichondrial,NK_CD16hi,0.03235948830842972,17.358217239379883,1.7094970991630382e-67
Fibro_perichondrial,NKT,0.03942250832915306,21.146947860717773,2.9438302876763357e-99
Fibro_perichondrial,NK_CD11d,0.031601324677467346,16.95152473449707,1.8752671806485818e-64
Fibro_perichondrial,NK_CD56bright,0.027051782235503197,14.511066436767578,1.0310503134781792e-47
Fibro_perichondrial,Neuroendocrine,0.06247757375240326,33.514102935791016,3.003382191583013e-246
Fibro_perichondrial,SMG_Basal,0.13119344413280487,70.37454223632812,0.0
Fibro_perichondrial,SMG_Duct,0.05372041091322899,28.81660270690918,1.3287616851392864e-182
Fibro_perichondrial,SMG_Mucous,0.03619147464632988,19.41376304626465,5.904061533539367e-84
Fibro_perichondrial,SMG_Serous,0.06518932431936264,34.96873474121094,6.723026185038521e-268
Fibro_perichondrial,Schwann_Myelinating,0.06028027459979057,32.33543395996094,2.2231663584620285e-229
Fibro_perichondrial,Schwann_nonmyelinating,-0.012427674606442451,-6.6664299964904785,2.6210061550514077e-11
Fibro_perichondrial,Secretory_Club,0.09291084855794907,49.83906555175781,0.0
Fibro_perichondrial,Secretory_Goblet,0.03756413608789444,20.150083541870117,2.6866022645951424e-90
Fibro_perichondrial,Suprabasal,0.00949793215841055,5.094862937927246,3.4899364925716614e-07
Fibro_perichondrial,T_reg,0.03486444801092148,18.701921463012695,4.775255552088424e-78
Fibro_perichondrial,gdT,0.04048527777194977,21.717037200927734,1.4162317745621545e-104
ILC,ILC,0.5467403531074524,293.28143310546875,0.0
ILC,Ionocyte_n_Brush,0.21210375428199768,113.77629852294922,0.0
ILC,MAIT,0.5418169498443604,290.64044189453125,0.0
ILC,Macro_CHIT1,0.1987159550189972,106.59484100341797,0.0
ILC,Macro_interstitial,0.47439977526664734,254.4766387939453,0.0
ILC,Macro_AW_CX3CR1,0.5229578018188477,280.5240478515625,0.0
ILC,Macro_alveolar_metallothioneins,0.4949975907802582,265.52569580078125,0.0
ILC,Macro_alv,0.156403586268425,83.89772033691406,0.0
ILC,Macro_dividing,0.261389821767807,140.21424865722656,0.0
ILC,Macro_int,0.3984754681587219,213.7494659423828,0.0
ILC,Macro_CCL,0.49822676181793213,267.25787353515625,0.0
ILC,Mast_cell,0.4919029474258423,263.86566162109375,0.0
ILC,Megakaryocyte,0.39715778827667236,213.0426483154297,0.0
ILC,Mesothelia,0.3467804789543152,186.0193328857422,0.0
ILC,Macrophage_intermediate,0.531911313533783,285.3268737792969,0.0
ILC,Monocyte_CD14,0.48762398958206177,261.5703430175781,0.0
ILC,Monocyte_CD16,0.53780198097229,288.4867248535156,0.0
ILC,Muscle_airway,-0.07129082083702087,-38.2416877746582,0.0
ILC,Muscle_pericyte_airway,0.21323931217193604,114.38543701171875,0.0
ILC,Muscle_pericyte_parenchyma,0.49752041697502136,266.87896728515625,0.0
ILC,Muscle_perivascular_immune_recruiting,0.3789345324039459,203.26736450195312,0.0
ILC,Muscle_smooth_pulmonary,-0.0637127235531807,-34.17666244506836,5.373433974791303e-256
ILC,Muscle_smooth_syst_arterial,-0.07560492306947708,-40.555850982666016,0.0
ILC,Myoepithelial,0.3832906484603882,205.60406494140625,0.0
ILC,NAF_endoneurial,0.07521015405654907,40.34408950805664,0.0
ILC,NAF_perineurial,-0.03032514825463295,-16.26696014404297,1.6935939529292198e-59
ILC,NK_CD16hi,0.561302900314331,301.0930480957031,0.0
ILC,NKT,0.5462048053741455,292.9941711425781,0.0
ILC,NK_CD11d,0.5456445217132568,292.6936340332031,0.0
ILC,NK_CD56bright,0.5117003917694092,274.4853820800781,0.0
ILC,Neuroendocrine,0.39925679564476013,214.16859436035156,0.0
ILC,SMG_Basal,0.29511910676956177,158.30723571777344,0.0
ILC,SMG_Duct,0.389788419008255,209.08958435058594,0.0
ILC,SMG_Mucous,0.4058817923069,217.72235107421875,0.0
ILC,SMG_Serous,0.3761172294616699,201.756103515625,0.0
ILC,Schwann_Myelinating,0.3501097857952118,187.80523681640625,0.0
ILC,Schwann_nonmyelinating,0.0449875071644783,24.13211441040039,1.1507043653835854e-128
ILC,Secretory_Club,0.1341955065727234,71.98490142822266,0.0
ILC,Secretory_Goblet,0.1694793701171875,90.91181182861328,0.0
ILC,Suprabasal,0.15674492716789246,84.08082580566406,0.0
ILC,T_reg,0.5486143231391907,294.28668212890625,0.0
ILC,gdT,0.5520663857460022,296.138427734375,0.0
Ionocyte_n_Brush,Ionocyte_n_Brush,0.37862569093704224,203.1016845703125,0.0
Ionocyte_n_Brush,MAIT,0.16254648566246033,87.19288635253906,0.0
Ionocyte_n_Brush,Macro_CHIT1,0.003617709269747138,1.9406049251556396,0.05230621624791305
Ionocyte_n_Brush,Macro_interstitial,0.0865166038274765,46.40907669067383,0.0
Ionocyte_n_Brush,Macro_AW_CX3CR1,0.25533077120780945,136.96405029296875,0.0
Ionocyte_n_Brush,Macro_alveolar_metallothioneins,0.07910250127315521,42.4320182800293,0.0
Ionocyte_n_Brush,Macro_alv,0.015517063438892365,8.323634147644043,8.530663180588312e-17
Ionocyte_n_Brush,Macro_dividing,0.03954485058784485,21.212575912475586,7.309867709825268e-100
Ionocyte_n_Brush,Macro_int,-0.0068206810392439365,-3.6587369441986084,0.00025346133742689585
Ionocyte_n_Brush,Macro_CCL,0.10896416008472443,58.45035171508789,0.0
Ionocyte_n_Brush,Mast_cell,0.13986259698867798,75.02483367919922,0.0
Ionocyte_n_Brush,Megakaryocyte,0.34276336431503296,183.86448669433594,0.0
Ionocyte_n_Brush,Mesothelia,0.03343181312084198,17.93343162536621,6.466261913507298e-72
Ionocyte_n_Brush,Macrophage_intermediate,0.12559764087200165,67.37285614013672,0.0
Ionocyte_n_Brush,Monocyte_CD14,0.033350203186273575,17.8896541595459,1.4198683241639959e-71
Ionocyte_n_Brush,Monocyte_CD16,0.1054210364818573,56.54975509643555,0.0
Ionocyte_n_Brush,Muscle_airway,0.05516008287668228,29.588869094848633,2.078033762355451e-192
Ionocyte_n_Brush,Muscle_pericyte_airway,0.0022009694948792458,1.1806399822235107,0.23774577329171298
Ionocyte_n_Brush,Muscle_pericyte_parenchyma,0.13639576733112335,73.1651611328125,0.0
Ionocyte_n_Brush,Muscle_perivascular_immune_recruiting,0.13654358685016632,73.24445343017578,0.0
Ionocyte_n_Brush,Muscle_smooth_pulmonary,0.06545266509056091,35.1099967956543,4.744332655176997e-270
Ionocyte_n_Brush,Muscle_smooth_syst_arterial,0.08883871883153915,47.654701232910156,0.0
Ionocyte_n_Brush,Myoepithelial,0.2063191831111908,110.67335510253906,0.0
Ionocyte_n_Brush,NAF_endoneurial,0.14825086295604706,79.52445220947266,0.0
Ionocyte_n_Brush,NAF_perineurial,0.10728362202644348,57.54888153076172,0.0
Ionocyte_n_Brush,NK_CD16hi,0.23543719947338104,126.29278564453125,0.0
Ionocyte_n_Brush,NKT,0.1275138258934021,68.40072631835938,0.0
Ionocyte_n_Brush,NK_CD11d,0.29493987560272217,158.2111053466797,0.0
Ionocyte_n_Brush,NK_CD56bright,0.31729820370674133,170.2045135498047,0.0
Ionocyte_n_Brush,Neuroendocrine,0.279605895280838,149.9856719970703,0.0
Ionocyte_n_Brush,SMG_Basal,0.41894224286079407,224.7282257080078,0.0
Ionocyte_n_Brush,SMG_Duct,0.22340752184391022,119.83985137939453,0.0
Ionocyte_n_Brush,SMG_Mucous,0.3155054748058319,169.24285888671875,0.0
Ionocyte_n_Brush,SMG_Serous,0.19804412126541138,106.23445892333984,0.0
Ionocyte_n_Brush,Schwann_Myelinating,0.26409268379211426,141.6641082763672,0.0
Ionocyte_n_Brush,Schwann_nonmyelinating,0.15772823989391327,84.60829162597656,0.0
Ionocyte_n_Brush,Secretory_Club,0.22495268285274506,120.668701171875,0.0
Ionocyte_n_Brush,Secretory_Goblet,0.3428756594657898,183.9247283935547,0.0
Ionocyte_n_Brush,Suprabasal,0.3611941635608673,193.7510986328125,0.0
Ionocyte_n_Brush,T_reg,0.2256118208169937,121.02227020263672,0.0
Ionocyte_n_Brush,gdT,0.19215574860572815,103.0758285522461,0.0
MAIT,MAIT,0.5759423971176147,308.9459533691406,0.0
MAIT,Macro_CHIT1,0.2978239357471466,159.75816345214844,0.0
MAIT,Macro_interstitial,0.556145191192627,298.32635498046875,0.0
MAIT,Macro_AW_CX3CR1,0.5126007795333862,274.9683532714844,0.0
MAIT,Macro_alveolar_metallothioneins,0.5295173525810242,284.042724609375,0.0
MAIT,Macro_alv,0.26171886920928955,140.3907470703125,0.0
MAIT,Macro_dividing,0.36395397782325745,195.2315216064453,0.0
MAIT,Macro_int,0.49027490615844727,262.9923400878906,0.0
MAIT,Macro_CCL,0.5630210638046265,302.01470947265625,0.0
MAIT,Mast_cell,0.5063993334770203,271.64178466796875,0.0
MAIT,Megakaryocyte,0.30693721771240234,164.64669799804688,0.0
MAIT,Mesothelia,0.30565938353538513,163.96124267578125,0.0
MAIT,Macrophage_intermediate,0.5517793893814087,295.9844665527344,0.0
MAIT,Monocyte_CD14,0.5568429231643677,298.7006530761719,0.0
MAIT,Monocyte_CD16,0.5735685229301453,307.67254638671875,0.0
MAIT,Muscle_airway,-0.16978001594543457,-91.07308197021484,0.0
MAIT,Muscle_pericyte_airway,0.1662503331899643,89.17969512939453,0.0
MAIT,Muscle_pericyte_parenchyma,0.5223827958106995,280.2156066894531,0.0
MAIT,Muscle_perivascular_immune_recruiting,0.3003886044025421,161.13389587402344,0.0
MAIT,Muscle_smooth_pulmonary,-0.15727587044239044,-84.36563110351562,0.0
MAIT,Muscle_smooth_syst_arterial,-0.17191945016384125,-92.22071075439453,0.0
MAIT,Myoepithelial,0.30310919880867004,162.59327697753906,0.0
MAIT,NAF_endoneurial,-0.04535457119345665,-24.329015731811523,9.669731032739651e-131
MAIT,NAF_perineurial,-0.13686858117580414,-73.41879272460938,0.0
MAIT,NK_CD16hi,0.5579266548156738,299.281982421875,0.0
MAIT,NKT,0.5792603492736816,310.72576904296875,0.0
MAIT,NK_CD11d,0.524365246295929,281.2790222167969,0.0
MAIT,NK_CD56bright,0.49488136172294617,265.4633483886719,0.0
MAIT,Neuroendocrine,0.3023165166378021,162.16806030273438,0.0
MAIT,SMG_Basal,0.22449891269207,120.42529296875,0.0
MAIT,SMG_Duct,0.3025108277797699,162.2722930908203,0.0
MAIT,SMG_Mucous,0.321063369512558,172.22421264648438,0.0
MAIT,SMG_Serous,0.2902655601501465,155.70370483398438,0.0
MAIT,Schwann_Myelinating,0.23963424563407898,128.54415893554688,0.0
MAIT,Schwann_nonmyelinating,-0.06568504124879837,-35.234649658203125,5.895868406996969e-272
MAIT,Secretory_Club,0.1412547379732132,75.7716064453125,0.0
MAIT,Secretory_Goblet,0.12948167324066162,69.4563217163086,0.0
MAIT,Suprabasal,0.09561906009912491,51.29179763793945,0.0
MAIT,T_reg,0.5572887659072876,298.9398193359375,0.0
MAIT,gdT,0.5584690570831299,299.57293701171875,0.0
Macro_CHIT1,Macro_CHIT1,0.5125921964645386,274.9637451171875,0.0
Macro_CHIT1,Macro_interstitial,0.45476406812667847,243.94369506835938,0.0
Macro_CHIT1,Macro_AW_CX3CR1,0.1999935805797577,107.28018188476562,0.0
Macro_CHIT1,Macro_alveolar_metallothioneins,0.33277276158332825,178.50534057617188,0.0
Macro_CHIT1,Macro_alv,0.5155431628227234,276.54669189453125,0.0
Macro_CHIT1,Macro_dividing,0.5199123024940491,278.890380859375,0.0
Macro_CHIT1,Macro_int,0.46294382214546204,248.3314666748047,0.0
Macro_CHIT1,Macro_CCL,0.40064460039138794,214.91302490234375,0.0
Macro_CHIT1,Mast_cell,0.22978010773658752,123.25821685791016,0.0
Macro_CHIT1,Megakaryocyte,-0.08332148939371109,-44.695159912109375,0.0
Macro_CHIT1,Mesothelia,0.026035737246274948,13.966041564941406,2.512058880400874e-44
Macro_CHIT1,Macrophage_intermediate,0.28231728076934814,151.4401092529297,0.0
Macro_CHIT1,Monocyte_CD14,0.36859968304634094,197.7235565185547,0.0
Macro_CHIT1,Monocyte_CD16,0.3076076805591583,165.00634765625,0.0
Macro_CHIT1,Muscle_airway,-0.2785520851612091,-149.42039489746094,0.0
Macro_CHIT1,Muscle_pericyte_airway,-0.04043728858232498,-21.691295623779297,2.47906178485365e-104
Macro_CHIT1,Muscle_pericyte_parenchyma,0.19049806892871857,102.1866226196289,0.0
Macro_CHIT1,Muscle_perivascular_immune_recruiting,-0.05861682817339897,-31.443130493164062,5.2109218285354564e-217
Macro_CHIT1,Muscle_smooth_pulmonary,-0.261552631855011,-140.30157470703125,0.0
Macro_CHIT1,Muscle_smooth_syst_arterial,-0.26064610481262207,-139.81529235839844,0.0
Macro_CHIT1,Myoepithelial,-0.05252521485090256,-28.175477981567383,1.168273864063555e-174
Macro_CHIT1,NAF_endoneurial,-0.2898906469345093,-155.5026092529297,0.0
Macro_CHIT1,NAF_perineurial,-0.2845701575279236,-152.64859008789062,0.0
Macro_CHIT1,NK_CD16hi,0.19702763855457306,105.68920135498047,0.0
Macro_CHIT1,NKT,0.29237401485443115,156.83473205566406,0.0
Macro_CHIT1,NK_CD11d,0.15251058340072632,81.80944061279297,0.0
Macro_CHIT1,NK_CD56bright,0.162788987159729,87.32296752929688,0.0
Macro_CHIT1,Neuroendocrine,-0.07480336725711823,-40.125885009765625,0.0
Macro_CHIT1,SMG_Basal,0.041960690170526505,22.50847625732422,3.428528683184954e-112
Macro_CHIT1,SMG_Duct,-0.07118849456310272,-38.186798095703125,0.0
Macro_CHIT1,SMG_Mucous,-0.06164262443780899,-33.06622314453125,9.094316100652744e-240
Macro_CHIT1,SMG_Serous,-0.07045798003673553,-37.79493713378906,0.0
Macro_CHIT1,Schwann_Myelinating,-0.14354392886161804,-76.99956512451172,0.0
Macro_CHIT1,Schwann_nonmyelinating,-0.2762469947338104,-148.18389892578125,0.0
Macro_CHIT1,Secretory_Club,0.13615922629833221,73.03827667236328,0.0
Macro_CHIT1,Secretory_Goblet,0.024485545232892036,13.134490966796875,2.0889138019173983e-39
Macro_CHIT1,Suprabasal,-0.029257522895932198,-15.694266319274902,1.655455420435483e-55
Macro_CHIT1,T_reg,0.23353815078735352,125.27410125732422,0.0
Macro_CHIT1,gdT,0.2277335822582245,122.1604232788086,0.0
Macro_interstitial,Macro_interstitial,0.6278589963912964,336.7949523925781,0.0
Macro_interstitial,Macro_AW_CX3CR1,0.4548361897468567,243.9823760986328,0.0
Macro_interstitial,Macro_alveolar_metallothioneins,0.5484894514083862,294.2196960449219,0.0
Macro_interstitial,Macro_alv,0.4375966191291809,234.73477172851562,0.0
Macro_interstitial,Macro_dividing,0.5130255818367004,275.19622802734375,0.0
Macro_interstitial,Macro_int,0.5971173644065857,320.3045959472656,0.0
Macro_interstitial,Macro_CCL,0.6025044918060303,323.1943359375,0.0
Macro_interstitial,Mast_cell,0.47410574555397034,254.3189239501953,0.0
Macro_interstitial,Megakaryocyte,0.14492467045783997,77.74021911621094,0.0
Macro_interstitial,Mesothelia,0.24388404190540314,130.82382202148438,0.0
Macro_interstitial,Macrophage_intermediate,0.5342033505439758,286.5563659667969,0.0
Macro_interstitial,Monocyte_CD14,0.5949908494949341,319.16387939453125,0.0
Macro_interstitial,Monocyte_CD16,0.5676738023757935,304.5105285644531,0.0
Macro_interstitial,Muscle_airway,-0.2901500165462494,-155.64173889160156,0.0
Macro_interstitial,Muscle_pericyte_airway,0.10495510697364807,56.29982376098633,0.0
Macro_interstitial,Muscle_pericyte_parenchyma,0.47131794691085815,252.82350158691406,0.0
Macro_interstitial,Muscle_perivascular_immune_recruiting,0.1791275441646576,96.08726501464844,0.0
Macro_interstitial,Muscle_smooth_pulmonary,-0.2725943624973297,-146.2245635986328,0.0
Macro_interstitial,Muscle_smooth_syst_arterial,-0.2868461608886719,-153.86949157714844,0.0
Macro_interstitial,Myoepithelial,0.1739363819360733,93.30262756347656,0.0
Macro_interstitial,NAF_endoneurial,-0.21310396492481232,-114.31283569335938,0.0
Macro_interstitial,NAF_perineurial,-0.2764998972415924,-148.31956481933594,0.0
Macro_interstitial,NK_CD16hi,0.4860989451408386,260.7522888183594,0.0
Macro_interstitial,NKT,0.5597967505455017,300.2851257324219,0.0
Macro_interstitial,NK_CD11d,0.4344450831413269,233.04421997070312,0.0
Macro_interstitial,NK_CD56bright,0.41558027267456055,222.9248046875,0.0
Macro_interstitial,Neuroendocrine,0.1485491245985031,79.6844482421875,0.0
Macro_interstitial,SMG_Basal,0.13455787301063538,72.17928314208984,0.0
Macro_interstitial,SMG_Duct,0.16538988053798676,88.71813201904297,0.0
Macro_interstitial,SMG_Mucous,0.1788581907749176,95.94277954101562,0.0
Macro_interstitial,SMG_Serous,0.15704257786273956,84.24048614501953,0.0
Macro_interstitial,Schwann_Myelinating,0.068885937333107,36.95166778564453,6.84784198120693e-299
Macro_interstitial,Schwann_nonmyelinating,-0.21681943535804749,-116.30587768554688,0.0
Macro_interstitial,Secretory_Club,0.1635112464427948,87.71039581298828,0.0
Macro_interstitial,Secretory_Goblet,0.07669845223426819,41.14244079589844,0.0
Macro_interstitial,Suprabasal,0.020415544509887695,10.951268196105957,6.552373265727573e-28
Macro_interstitial,T_reg,0.5040618181228638,270.3879089355469,0.0
Macro_interstitial,gdT,0.5033529996871948,270.0076904296875,0.0
Macro_AW_CX3CR1,Macro_AW_CX3CR1,0.5450015068054199,292.34869384765625,0.0
Macro_AW_CX3CR1,Macro_alveolar_metallothioneins,0.48272305727005005,258.94140625,0.0
Macro_AW_CX3CR1,Macro_alv,0.17103703320026398,91.74736785888672,0.0
Macro_AW_CX3CR1,Macro_dividing,0.26283884048461914,140.99151611328125,0.0
Macro_AW_CX3CR1,Macro_int,0.3828059136867523,205.3440399169922,0.0
Macro_AW_CX3CR1,Macro_CCL,0.477416455745697,256.0948486328125,0.0
Macro_AW_CX3CR1,Mast_cell,0.451141893863678,242.00070190429688,0.0
Macro_AW_CX3CR1,Megakaryocyte,0.3983982503414154,213.7080535888672,0.0
Macro_AW_CX3CR1,Mesothelia,0.3710975646972656,199.06346130371094,0.0
Macro_AW_CX3CR1,Macrophage_intermediate,0.5180699825286865,277.9021301269531,0.0
Macro_AW_CX3CR1,Monocyte_CD14,0.4480407238006592,240.33717346191406,0.0
Macro_AW_CX3CR1,Monocyte_CD16,0.5136609673500061,275.53704833984375,0.0
Macro_AW_CX3CR1,Muscle_airway,-0.12541107833385468,-67.27278137207031,0.0
Macro_AW_CX3CR1,Muscle_pericyte_airway,0.21963068842887878,117.81388854980469,0.0
Macro_AW_CX3CR1,Muscle_pericyte_parenchyma,0.4666358530521393,250.3119354248047,0.0
Macro_AW_CX3CR1,Muscle_perivascular_immune_recruiting,0.3979853093624115,213.48654174804688,0.0
Macro_AW_CX3CR1,Muscle_smooth_pulmonary,-0.120171919465065,-64.46239471435547,0.0
Macro_AW_CX3CR1,Muscle_smooth_syst_arterial,-0.13162976503372192,-70.60859680175781,0.0
Macro_AW_CX3CR1,Myoepithelial,0.4190593957901001,224.7910614013672,0.0
Macro_AW_CX3CR1,NAF_endoneurial,0.02968023158609867,15.921014785766602,4.529702169142953e-57
Macro_AW_CX3CR1,NAF_perineurial,-0.08917645364999771,-47.83586883544922,0.0
Macro_AW_CX3CR1,NK_CD16hi,0.5473865866661072,293.6280822753906,0.0
Macro_AW_CX3CR1,NKT,0.5153647661209106,276.4510192871094,0.0
Macro_AW_CX3CR1,NK_CD11d,0.5447563529014587,292.2171936035156,0.0
Macro_AW_CX3CR1,NK_CD56bright,0.5109577775001526,274.0870361328125,0.0
Macro_AW_CX3CR1,Neuroendocrine,0.4078054428100586,218.75424194335938,0.0
Macro_AW_CX3CR1,SMG_Basal,0.356877863407135,191.43576049804688,0.0
Macro_AW_CX3CR1,SMG_Duct,0.44056686758995056,236.32806396484375,0.0
Macro_AW_CX3CR1,SMG_Mucous,0.4547637403011322,243.9435272216797,0.0
Macro_AW_CX3CR1,SMG_Serous,0.41988950967788696,225.23634338378906,0.0
Macro_AW_CX3CR1,Schwann_Myelinating,0.3658443093299866,196.2455291748047,0.0
Macro_AW_CX3CR1,Schwann_nonmyelinating,0.008375539444386959,4.492791175842285,7.029570742675071e-06
Macro_AW_CX3CR1,Secretory_Club,0.2068842351436615,110.97645568847656,0.0
Macro_AW_CX3CR1,Secretory_Goblet,0.21527139842510223,115.4754867553711,0.0
Macro_AW_CX3CR1,Suprabasal,0.19139185547828674,102.66606140136719,0.0
Macro_AW_CX3CR1,T_reg,0.524552047252655,281.3792419433594,0.0
Macro_AW_CX3CR1,gdT,0.5256479382514954,281.96710205078125,0.0
Macro_alveolar_metallothioneins,Macro_alveolar_metallothioneins,0.5764667987823486,309.22723388671875,0.0
Macro_alveolar_metallothioneins,Macro_alv,0.29590144753456116,158.72689819335938,0.0
Macro_alveolar_metallothioneins,Macro_dividing,0.3784197270870209,202.9912109375,0.0
Macro_alveolar_metallothioneins,Macro_int,0.5493602156639099,294.6867980957031,0.0
Macro_alveolar_metallothioneins,Macro_CCL,0.5422828197479248,290.8903503417969,0.0
Macro_alveolar_metallothioneins,Mast_cell,0.49788305163383484,267.073486328125,0.0
Macro_alveolar_metallothioneins,Megakaryocyte,0.21989360451698303,117.95491790771484,0.0
Macro_alveolar_metallothioneins,Mesothelia,0.4163402318954468,223.33245849609375,0.0
Macro_alveolar_metallothioneins,Macrophage_intermediate,0.5624245405197144,301.6947326660156,0.0
Macro_alveolar_metallothioneins,Monocyte_CD14,0.5635002255439758,302.271728515625,0.0
Macro_alveolar_metallothioneins,Monocyte_CD16,0.5765000581741333,309.2450866699219,0.0
Macro_alveolar_metallothioneins,Muscle_airway,-0.195747971534729,-105.00276184082031,0.0
Macro_alveolar_metallothioneins,Muscle_pericyte_airway,0.26465100049972534,141.96359252929688,0.0
Macro_alveolar_metallothioneins,Muscle_pericyte_parenchyma,0.4494210481643677,241.07760620117188,0.0
Macro_alveolar_metallothioneins,Muscle_perivascular_immune_recruiting,0.3522309362888336,188.9430694580078,0.0
Macro_alveolar_metallothioneins,Muscle_smooth_pulmonary,-0.1855832040309906,-99.5501937866211,0.0
Macro_alveolar_metallothioneins,Muscle_smooth_syst_arterial,-0.20715387165546417,-111.12109375,0.0
Macro_alveolar_metallothioneins,Myoepithelial,0.30174073576927185,161.8592071533203,0.0
Macro_alveolar_metallothioneins,NAF_endoneurial,-0.09065832942724228,-48.63077163696289,0.0
Macro_alveolar_metallothioneins,NAF_perineurial,-0.1837325543165207,-98.5574722290039,0.0
Macro_alveolar_metallothioneins,NK_CD16hi,0.4938298463821411,264.8992919921875,0.0
Macro_alveolar_metallothioneins,NKT,0.5533397793769836,296.8215026855469,0.0
Macro_alveolar_metallothioneins,NK_CD11d,0.4503616690635681,241.58216857910156,0.0
Macro_alveolar_metallothioneins,NK_CD56bright,0.41069287061691284,220.3031005859375,0.0
Macro_alveolar_metallothioneins,Neuroendocrine,0.2740078866481781,146.98280334472656,0.0
Macro_alveolar_metallothioneins,SMG_Basal,0.17359301447868347,93.11843872070312,0.0
Macro_alveolar_metallothioneins,SMG_Duct,0.30670836567878723,164.52392578125,0.0
Macro_alveolar_metallothioneins,SMG_Mucous,0.28625550866127014,153.55264282226562,0.0
Macro_alveolar_metallothioneins,SMG_Serous,0.3004537522792816,161.16883850097656,0.0
Macro_alveolar_metallothioneins,Schwann_Myelinating,0.20063674449920654,107.62519073486328,0.0
Macro_alveolar_metallothioneins,Schwann_nonmyelinating,-0.11872418969869614,-63.68581008911133,0.0
Macro_alveolar_metallothioneins,Secretory_Club,0.13060924410820007,70.06116485595703,0.0
Macro_alveolar_metallothioneins,Secretory_Goblet,0.06958626210689545,37.32733154296875,5.914338883548725e-305
Macro_alveolar_metallothioneins,Suprabasal,0.030356599017977715,16.283830642700195,1.2856313905053602e-59
Macro_alveolar_metallothioneins,T_reg,0.49507585167884827,265.5676574707031,0.0
Macro_alveolar_metallothioneins,gdT,0.5117141604423523,274.4927673339844,0.0
Macro_alv,Macro_alv,0.5696211457252502,305.55511474609375,0.0
Macro_alv,Macro_dividing,0.5486748814582825,294.31915283203125,0.0
Macro_alv,Macro_int,0.4418709874153137,237.02761840820312,0.0
Macro_alv,Macro_CCL,0.3753384053707123,201.3383331298828,0.0
Macro_alv,Mast_cell,0.18414604663848877,98.77928161621094,0.0
Macro_alv,Megakaryocyte,-0.11474091559648514,-61.549110412597656,0.0
Macro_alv,Mesothelia,-0.03079851157963276,-16.5208797454834,2.5958387165572117e-61
Macro_alv,Macrophage_intermediate,0.2366437315940857,126.93998718261719,0.0
Macro_alv,Monocyte_CD14,0.32587680220603943,174.8062286376953,0.0
Macro_alv,Monocyte_CD16,0.2613796591758728,140.2087860107422,0.0
Macro_alv,Muscle_airway,-0.280285120010376,-150.3500213623047,0.0
Macro_alv,Muscle_pericyte_airway,-0.08420078456401825,-45.16682815551758,0.0
Macro_alv,Muscle_pericyte_parenchyma,0.15733006596565247,84.39469909667969,0.0
Macro_alv,Muscle_perivascular_immune_recruiting,-0.10731225460767746,-57.564239501953125,0.0
Macro_alv,Muscle_smooth_pulmonary,-0.26232245564460754,-140.7145233154297,0.0
Macro_alv,Muscle_smooth_syst_arterial,-0.26415199041366577,-141.6959228515625,0.0
Macro_alv,Myoepithelial,-0.08999074995517731,-48.27267074584961,0.0
Macro_alv,NAF_endoneurial,-0.3094761073589325,-166.00860595703125,0.0
Macro_alv,NAF_perineurial,-0.29031530022621155,-155.7303924560547,0.0
Macro_alv,NK_CD16hi,0.15805992484092712,84.78620910644531,0.0
Macro_alv,NKT,0.24838317930698395,133.23724365234375,0.0
Macro_alv,NK_CD11d,0.11897886544466019,63.82242202758789,0.0
Macro_alv,NK_CD56bright,0.13835835456848145,74.21793365478516,0.0
Macro_alv,Neuroendocrine,-0.11519060283899307,-61.79032897949219,0.0
Macro_alv,SMG_Basal,0.05079352483153343,27.24656867980957,1.8249567343829436e-163
Macro_alv,SMG_Duct,-0.11317472159862518,-60.7089729309082,0.0
Macro_alv,SMG_Mucous,-0.09663403034210205,-51.836246490478516,0.0
Macro_alv,SMG_Serous,-0.11517796665430069,-61.78355026245117,0.0
Macro_alv,Schwann_Myelinating,-0.17406226694583893,-93.37015533447266,0.0
Macro_alv,Schwann_nonmyelinating,-0.2765800356864929,-148.362548828125,0.0
Macro_alv,Secretory_Club,0.19241809844970703,103.21656036376953,0.0
Macro_alv,Secretory_Goblet,0.04214469715952873,22.607179641723633,3.6833541707451666e-113
Macro_alv,Suprabasal,-0.01685011386871338,-9.03870677947998,1.5853619395481636e-19
Macro_alv,T_reg,0.1985917091369629,106.5281982421875,0.0
Macro_alv,gdT,0.1859065443277359,99.72364044189453,0.0
Macro_dividing,Macro_dividing,0.5627484917640686,301.8684997558594,0.0
Macro_dividing,Macro_int,0.4966391921043396,266.4062805175781,0.0
Macro_dividing,Macro_CCL,0.4617692828178406,247.701416015625,0.0
Macro_dividing,Mast_cell,0.2762362062931061,148.17811584472656,0.0
Macro_dividing,Megakaryocyte,-0.03287013992667198,-17.632139205932617,1.395843879308363e-69
Macro_dividing,Mesothelia,0.03986377641558647,21.38365364074707,1.8968215892528876e-101
Macro_dividing,Macrophage_intermediate,0.3351615369319916,179.78672790527344,0.0
Macro_dividing,Monocyte_CD14,0.41931745409965515,224.9294891357422,0.0
Macro_dividing,Monocyte_CD16,0.3632759749889374,194.86782836914062,0.0
Macro_dividing,Muscle_airway,-0.2951860725879669,-158.34317016601562,0.0
Macro_dividing,Muscle_pericyte_airway,-0.04199472442269325,-22.526731491088867,2.271089218865959e-112
Macro_dividing,Muscle_pericyte_parenchyma,0.2626614570617676,140.89637756347656,0.0
Macro_dividing,Muscle_perivascular_immune_recruiting,-0.031062601134181023,-16.66254234313965,2.4536889981040645e-62
Macro_dividing,Muscle_smooth_pulmonary,-0.27611565589904785,-148.1134490966797,0.0
Macro_dividing,Muscle_smooth_syst_arterial,-0.27824676036834717,-149.25660705566406,0.0
Macro_dividing,Myoepithelial,-0.013036002404987812,-6.992748260498047,2.6955293537498415e-12
Macro_dividing,NAF_endoneurial,-0.29016557335853577,-155.6500701904297,0.0
Macro_dividing,NAF_perineurial,-0.29554593563079834,-158.5362091064453,0.0
Macro_dividing,NK_CD16hi,0.26824134588241577,143.8895263671875,0.0
Macro_dividing,NKT,0.35469406843185425,190.2643280029297,0.0
Macro_dividing,NK_CD11d,0.22334957122802734,119.80876159667969,0.0
Macro_dividing,NK_CD56bright,0.23185262084007263,124.36994934082031,0.0
Macro_dividing,Neuroendocrine,-0.03905811160802841,-20.951478958129883,1.8189381646229214e-97
Macro_dividing,SMG_Basal,0.08067014813423157,43.27293014526367,0.0
Macro_dividing,SMG_Duct,-0.032936859875917435,-17.66792869567871,7.406689895808874e-70
Macro_dividing,SMG_Mucous,-0.01605537161231041,-8.61239242553711,7.155142814399369e-18
Macro_dividing,SMG_Serous,-0.03692765161395073,-19.80866241455078,2.506548182624635e-87
Macro_dividing,Schwann_Myelinating,-0.10605259984731674,-56.8885383605957,0.0
Macro_dividing,Schwann_nonmyelinating,-0.2705813944339752,-145.144775390625,0.0
Macro_dividing,Secretory_Club,0.17491483688354492,93.8274917602539,0.0
Macro_dividing,Secretory_Goblet,0.050900060683488846,27.3037166595459,3.831791415083611e-164
Macro_dividing,Suprabasal,-0.008119625970721245,-4.3555145263671875,1.3275471215646153e-05
Macro_dividing,T_reg,0.3021937906742096,162.10223388671875,0.0
Macro_dividing,gdT,0.2925015389919281,156.90313720703125,0.0
Macro_int,Macro_int,0.6432799100875854,345.0670166015625,0.0
Macro_int,Macro_CCL,0.5573088526725769,298.9505920410156,0.0
Macro_int,Mast_cell,0.4505557715892792,241.68629455566406,0.0
Macro_int,Megakaryocyte,0.021138060837984085,11.338839530944824,8.425428658880771e-30
Macro_int,Mesothelia,0.2958390414714813,158.6934356689453,0.0
Macro_int,Macrophage_intermediate,0.5051615238189697,270.9778137207031,0.0
Macro_int,Monocyte_CD14,0.5891392827033997,316.0249938964844,0.0
Macro_int,Monocyte_CD16,0.540843665599823,290.11834716796875,0.0
Macro_int,Muscle_airway,-0.3238787055015564,-173.7344207763672,0.0
Macro_int,Muscle_pericyte_airway,0.162015900015831,86.90827178955078,0.0
Macro_int,Muscle_pericyte_parenchyma,0.3814668655395508,204.62574768066406,0.0
Macro_int,Muscle_perivascular_immune_recruiting,0.16123126447200775,86.48737335205078,0.0
Macro_int,Muscle_smooth_pulmonary,-0.30715033411979675,-164.76101684570312,0.0
Macro_int,Muscle_smooth_syst_arterial,-0.32932791113853455,-176.657470703125,0.0
Macro_int,Myoepithelial,0.10810586810112,57.98994827270508,0.0
Macro_int,NAF_endoneurial,-0.28358200192451477,-152.1185302734375,0.0
Macro_int,NAF_perineurial,-0.33232924342155457,-178.26744079589844,0.0
Macro_int,NK_CD16hi,0.3890852928161621,208.71240234375,0.0
Macro_int,NKT,0.5066794157028198,271.7920227050781,0.0
Macro_int,NK_CD11d,0.32755276560783386,175.7052459716797,0.0
Macro_int,NK_CD56bright,0.3087635636329651,165.62637329101562,0.0
Macro_int,Neuroendocrine,0.07084546238183975,38.00279235839844,0.0
Macro_int,SMG_Basal,0.034499529749155045,18.506174087524414,1.84122801283577e-76
Macro_int,SMG_Duct,0.09878381341695786,52.98942947387695,0.0
Macro_int,SMG_Mucous,0.09050547331571579,48.54877853393555,0.0
Macro_int,SMG_Serous,0.10101257264614105,54.184974670410156,0.0
Macro_int,Schwann_Myelinating,-0.026897264644503593,-14.428180694580078,3.4403675433005253e-47
Macro_int,Schwann_nonmyelinating,-0.28281456232070923,-151.7068634033203,0.0
Macro_int,Secretory_Club,0.14217570424079895,76.265625,0.0
Macro_int,Secretory_Goblet,0.012646996416151524,6.784078121185303,1.1683010138354734e-11
Macro_int,Suprabasal,-0.054997518658638,-29.501667022705078,2.7406370557136733e-191
Macro_int,T_reg,0.4180709421634674,224.26083374023438,0.0
Macro_int,gdT,0.4282486140727997,229.72032165527344,0.0
Macro_CCL,Macro_CCL,0.5900571942329407,316.51739501953125,0.0
Macro_CCL,Mast_cell,0.4807601869106293,257.88848876953125,0.0
Macro_CCL,Megakaryocyte,0.2019130438566208,108.30982208251953,0.0
Macro_CCL,Mesothelia,0.27130624651908875,145.53359985351562,0.0
Macro_CCL,Macrophage_intermediate,0.5430222153663635,291.2869567871094,0.0
Macro_CCL,Monocyte_CD14,0.5810847282409668,311.7043762207031,0.0
Macro_CCL,Monocyte_CD16,0.5708655714988708,306.22265625,0.0
Macro_CCL,Muscle_airway,-0.25643593072891235,-137.556884765625,0.0
Macro_CCL,Muscle_pericyte_airway,0.12942931056022644,69.42823028564453,0.0
Macro_CCL,Muscle_pericyte_parenchyma,0.489577054977417,262.6180114746094,0.0
Macro_CCL,Muscle_perivascular_immune_recruiting,0.2277197390794754,122.15299987792969,0.0
Macro_CCL,Muscle_smooth_pulmonary,-0.24188260734081268,-129.75021362304688,0.0
Macro_CCL,Muscle_smooth_syst_arterial,-0.2560681104660034,-137.3595733642578,0.0
Macro_CCL,Myoepithelial,0.22933587431907654,123.0199203491211,0.0
Macro_CCL,NAF_endoneurial,-0.15982520580291748,-85.73313903808594,0.0
Macro_CCL,NAF_perineurial,-0.23717325925827026,-127.22403717041016,0.0
Macro_CCL,NK_CD16hi,0.5127526521682739,275.0498352050781,0.0
Macro_CCL,NKT,0.5675677061080933,304.45361328125,0.0
Macro_CCL,NK_CD11d,0.4667125642299652,250.35308837890625,0.0
Macro_CCL,NK_CD56bright,0.4420509934425354,237.12417602539062,0.0
Macro_CCL,Neuroendocrine,0.20500566065311432,109.96875762939453,0.0
Macro_CCL,SMG_Basal,0.1657300740480423,88.90061950683594,0.0
Macro_CCL,SMG_Duct,0.22456736862659454,120.4620132446289,0.0
Macro_CCL,SMG_Mucous,0.23445188999176025,125.76424407958984,0.0
Macro_CCL,SMG_Serous,0.2151412069797516,115.40564727783203,0.0
Macro_CCL,Schwann_Myelinating,0.1327608972787857,71.2153549194336,0.0
Macro_CCL,Schwann_nonmyelinating,-0.17383798956871033,-93.2498550415039,0.0
Macro_CCL,Secretory_Club,0.1517336219549179,81.39266967773438,0.0
Macro_CCL,Secretory_Goblet,0.08925632387399673,47.87871170043945,0.0
Macro_CCL,Suprabasal,0.03949525207281113,21.185970306396484,1.2864790826511512e-99
Macro_CCL,T_reg,0.5216935873031616,279.8459167480469,0.0
Macro_CCL,gdT,0.5232970714569092,280.7060546875,0.0
Mast_cell,Mast_cell,0.512855052947998,275.1047668457031,0.0
Mast_cell,Megakaryocyte,0.28482282161712646,152.7841339111328,0.0
Mast_cell,Mesothelia,0.33861950039863586,181.6416473388672,0.0
Mast_cell,Macrophage_intermediate,0.5052515864372253,271.026123046875,0.0
Mast_cell,Monocyte_CD14,0.5069238543510437,271.92315673828125,0.0
Mast_cell,Monocyte_CD16,0.5249385833740234,281.5865783691406,0.0
Mast_cell,Muscle_airway,-0.07202046364545822,-38.63308334350586,0.0
Mast_cell,Muscle_pericyte_airway,0.22918939590454102,122.94135284423828,0.0
Mast_cell,Muscle_pericyte_parenchyma,0.43971723318099976,235.87229919433594,0.0
Mast_cell,Muscle_perivascular_immune_recruiting,0.30882179737091064,165.65760803222656,0.0
Mast_cell,Muscle_smooth_pulmonary,-0.05903002992272377,-31.664779663085938,4.747383691075628e-220
Mast_cell,Muscle_smooth_syst_arterial,-0.0820506289601326,-44.01344680786133,0.0
Mast_cell,Myoepithelial,0.25515156984329224,136.86793518066406,0.0
Mast_cell,NAF_endoneurial,0.014348219148814678,7.696645259857178,1.3968498867534917e-14
Mast_cell,NAF_perineurial,-0.050761882215738297,-27.229595184326172,2.899398276791419e-163
Mast_cell,NK_CD16hi,0.48408302664756775,259.6709289550781,0.0
Mast_cell,NKT,0.5164206624031067,277.0174255371094,0.0
Mast_cell,NK_CD11d,0.4565417468547821,244.89727783203125,0.0
Mast_cell,NK_CD56bright,0.4330945909023285,232.31979370117188,0.0
Mast_cell,Neuroendocrine,0.3014185130596161,161.6863555908203,0.0
Mast_cell,SMG_Basal,0.19371768832206726,103.91368103027344,0.0
Mast_cell,SMG_Duct,0.255053848028183,136.8155059814453,0.0
Mast_cell,SMG_Mucous,0.28074008226394653,150.5940704345703,0.0
Mast_cell,SMG_Serous,0.24741047620773315,132.71546936035156,0.0
Mast_cell,Schwann_Myelinating,0.22006726264953613,118.0480728149414,0.0
Mast_cell,Schwann_nonmyelinating,0.008802738972008228,4.721949100494385,2.335951497326867e-06
Mast_cell,Secretory_Club,0.10787072777748108,57.86381530761719,0.0
Mast_cell,Secretory_Goblet,0.12215656042098999,65.52699279785156,0.0
Mast_cell,Suprabasal,0.10507471859455109,56.36398696899414,0.0
Mast_cell,T_reg,0.49520134925842285,265.6349792480469,0.0
Mast_cell,gdT,0.49925747513771057,267.8107604980469,0.0
Megakaryocyte,Megakaryocyte,0.531630277633667,285.1761169433594,0.0
Megakaryocyte,Mesothelia,0.24017147719860077,128.83233642578125,0.0
Megakaryocyte,Macrophage_intermediate,0.29677218198776245,159.19398498535156,0.0
Megakaryocyte,Monocyte_CD14,0.1516687572002411,81.35787200927734,0.0
Megakaryocyte,Monocyte_CD16,0.26611995697021484,142.75157165527344,0.0
Megakaryocyte,Muscle_airway,0.16694538295269012,89.55252838134766,0.0
Megakaryocyte,Muscle_pericyte_airway,0.16318903863430023,87.53755950927734,0.0
Megakaryocyte,Muscle_pericyte_parenchyma,0.30911731719970703,165.81613159179688,0.0
Megakaryocyte,Muscle_perivascular_immune_recruiting,0.38652557134628296,207.33932495117188,0.0
Megakaryocyte,Muscle_smooth_pulmonary,0.16571642458438873,88.89329528808594,0.0
Megakaryocyte,Muscle_smooth_syst_arterial,0.17602670192718506,94.42391967773438,0.0
Megakaryocyte,Myoepithelial,0.4376187324523926,234.7466278076172,0.0
Megakaryocyte,NAF_endoneurial,0.33427008986473083,179.3085479736328,0.0
Megakaryocyte,NAF_perineurial,0.23281627893447876,124.88687896728516,0.0
Megakaryocyte,NK_CD16hi,0.42052945494651794,225.5796356201172,0.0
Megakaryocyte,NKT,0.296337753534317,158.96095275878906,0.0
Megakaryocyte,NK_CD11d,0.46340566873550415,248.57920837402344,0.0
Megakaryocyte,NK_CD56bright,0.44163188338279724,236.89935302734375,0.0
Megakaryocyte,Neuroendocrine,0.4995967745780945,267.9927673339844,0.0
Megakaryocyte,SMG_Basal,0.42681992053985596,228.95394897460938,0.0
Megakaryocyte,SMG_Duct,0.45868560671806335,246.0472869873047,0.0
Megakaryocyte,SMG_Mucous,0.49479424953460693,265.4166259765625,0.0
Megakaryocyte,SMG_Serous,0.43754249811172485,234.7057342529297,0.0
Megakaryocyte,Schwann_Myelinating,0.5071935057640076,272.06781005859375,0.0
Megakaryocyte,Schwann_nonmyelinating,0.30599120259284973,164.1392364501953,0.0
Megakaryocyte,Secretory_Club,0.10696864128112793,57.379920959472656,0.0
Megakaryocyte,Secretory_Goblet,0.2739843726158142,146.97018432617188,0.0
Megakaryocyte,Suprabasal,0.32124683260917664,172.3226318359375,0.0
Megakaryocyte,T_reg,0.3826329708099365,205.2512664794922,0.0
Megakaryocyte,gdT,0.3747395873069763,201.01712036132812,0.0
Mesothelia,Mesothelia,0.56047523021698,300.6490783691406,0.0
Mesothelia,Macrophage_intermediate,0.4156777560710907,222.9770965576172,0.0
Mesothelia,Monocyte_CD14,0.3264009356498718,175.08738708496094,0.0
Mesothelia,Monocyte_CD16,0.394829660654068,211.79379272460938,0.0
Mesothelia,Muscle_airway,-0.0745658352971077,-39.99846649169922,0.0
Mesothelia,Muscle_pericyte_airway,0.41125577688217163,220.6050567626953,0.0
Mesothelia,Muscle_pericyte_parenchyma,0.2674718499183655,143.47674560546875,0.0
Mesothelia,Muscle_perivascular_immune_recruiting,0.49372005462646484,264.84039306640625,0.0
Mesothelia,Muscle_smooth_pulmonary,-0.08299606293439865,-44.52059555053711,0.0
Mesothelia,Muscle_smooth_syst_arterial,-0.10880890488624573,-58.367069244384766,0.0
Mesothelia,Myoepithelial,0.41365286707878113,221.89089965820312,0.0
Mesothelia,NAF_endoneurial,0.04432271793484688,23.775510787963867,5.986286503560509e-125
Mesothelia,NAF_perineurial,-0.07749157398939133,-41.56788635253906,0.0
Mesothelia,NK_CD16hi,0.33669421076774597,180.60888671875,0.0
Mesothelia,NKT,0.35274192690849304,189.2171630859375,0.0
Mesothelia,NK_CD11d,0.3207263648509979,172.04344177246094,0.0
Mesothelia,NK_CD56bright,0.2591356337070465,139.0050506591797,0.0
Mesothelia,Neuroendocrine,0.35166648030281067,188.64027404785156,0.0
Mesothelia,SMG_Basal,0.15482975542545319,83.0534896850586,0.0
Mesothelia,SMG_Duct,0.4473625421524048,239.973388671875,0.0
Mesothelia,SMG_Mucous,0.37091150879859924,198.9636688232422,0.0
Mesothelia,SMG_Serous,0.4465259909629822,239.52464294433594,0.0
Mesothelia,Schwann_Myelinating,0.31224074959754944,167.49160766601562,0.0
Mesothelia,Schwann_nonmyelinating,-0.008591351099312305,-4.608556747436523,4.054737130775191e-06
Mesothelia,Secretory_Club,0.044476646929979324,23.85807991027832,8.34839867214237e-126
Mesothelia,Secretory_Goblet,0.024273397400975227,13.02069091796875,9.332265091985588e-39
Mesothelia,Suprabasal,0.01858297549188137,9.968245506286621,2.0990389660281728e-23
Mesothelia,T_reg,0.30250808596611023,162.2708282470703,0.0
Mesothelia,gdT,0.341977596282959,183.4429931640625,0.0
Macrophage_intermediate,Macrophage_intermediate,0.5736409425735474,307.7113952636719,0.0
Macrophage_intermediate,Monocyte_CD14,0.5538697242736816,297.10577392578125,0.0
Macrophage_intermediate,Monocyte_CD16,0.583419919013977,312.95703125,0.0
Macrophage_intermediate,Muscle_airway,-0.17469216883182526,-93.70804595947266,0.0
Macrophage_intermediate,Muscle_pericyte_airway,0.26119229197502136,140.1082763671875,0.0
Macrophage_intermediate,Muscle_pericyte_parenchyma,0.48496752977371216,260.1453857421875,0.0
Macrophage_intermediate,Muscle_perivascular_immune_recruiting,0.3845330476760864,206.2705078125,0.0
Macrophage_intermediate,Muscle_smooth_pulmonary,-0.1679508537054062,-90.09188842773438,0.0
Macrophage_intermediate,Muscle_smooth_syst_arterial,-0.18635496497154236,-99.96418762207031,0.0
Macrophage_intermediate,Myoepithelial,0.36153295636177063,193.93283081054688,0.0
Macrophage_intermediate,NAF_endoneurial,-0.0429408997297287,-23.034276962280273,2.1145617755077607e-117
Macrophage_intermediate,NAF_perineurial,-0.15277615189552307,-81.95189666748047,0.0
Macrophage_intermediate,NK_CD16hi,0.5388852953910828,289.0678405761719,0.0
Macrophage_intermediate,NKT,0.570602536201477,306.08154296875,0.0
Macrophage_intermediate,NK_CD11d,0.503778874874115,270.2361145019531,0.0
Macrophage_intermediate,NK_CD56bright,0.46137481927871704,247.4898223876953,0.0
Macrophage_intermediate,Neuroendocrine,0.335858017206192,180.16033935546875,0.0
Macrophage_intermediate,SMG_Basal,0.22041937708854675,118.23695373535156,0.0
Macrophage_intermediate,SMG_Duct,0.3678147792816162,197.30252075195312,0.0
Macrophage_intermediate,SMG_Mucous,0.35309797525405884,189.4081573486328,0.0
Macrophage_intermediate,SMG_Serous,0.3608560860157013,193.5697479248047,0.0
Macrophage_intermediate,Schwann_Myelinating,0.27083736658096313,145.28207397460938,0.0
Macrophage_intermediate,Schwann_nonmyelinating,-0.08037343621253967,-43.11376953125,0.0
Macrophage_intermediate,Secretory_Club,0.126572385430336,67.89572143554688,0.0
Macrophage_intermediate,Secretory_Goblet,0.09941331297159195,53.32710647583008,0.0
Macrophage_intermediate,Suprabasal,0.06748909503221512,36.20237350463867,5.586318125635621e-287
Macrophage_intermediate,T_reg,0.5303040742874146,284.4647216796875,0.0
Macrophage_intermediate,gdT,0.5452773571014404,292.4966735839844,0.0
Monocyte_CD14,Monocyte_CD14,0.6154170632362366,330.1208801269531,0.0
Monocyte_CD14,Monocyte_CD16,0.5903785228729248,316.68975830078125,0.0
Monocyte_CD14,Muscle_airway,-0.2599102854728699,-139.42059326171875,0.0
Monocyte_CD14,Muscle_pericyte_airway,0.18750405311584473,100.58057403564453,0.0
Monocyte_CD14,Muscle_pericyte_parenchyma,0.484088271856308,259.6737365722656,0.0
Monocyte_CD14,Muscle_perivascular_immune_recruiting,0.24422617256641388,131.00735473632812,0.0
Monocyte_CD14,Muscle_smooth_pulmonary,-0.24604323506355286,-131.9820556640625,0.0
Monocyte_CD14,Muscle_smooth_syst_arterial,-0.2682899534702301,-143.9156036376953,0.0
Monocyte_CD14,Myoepithelial,0.20415261387825012,109.51116943359375,0.0
Monocyte_CD14,NAF_endoneurial,-0.17532950639724731,-94.0499267578125,0.0
Monocyte_CD14,NAF_perineurial,-0.2504587173461914,-134.35060119628906,0.0
Monocyte_CD14,NK_CD16hi,0.4894537627696991,262.5518798828125,0.0
Monocyte_CD14,NKT,0.5747924447059631,308.3291015625,0.0
Monocyte_CD14,NK_CD11d,0.43004417419433594,230.68350219726562,0.0
Monocyte_CD14,NK_CD56bright,0.39805880188941956,213.5259552001953,0.0
Monocyte_CD14,Neuroendocrine,0.1767856329679489,94.83102416992188,0.0
Monocyte_CD14,SMG_Basal,0.07741647213697433,41.5275993347168,0.0
Monocyte_CD14,SMG_Duct,0.1948147416114807,104.50215911865234,0.0
Monocyte_CD14,SMG_Mucous,0.19121809303760529,102.5728530883789,0.0
Monocyte_CD14,SMG_Serous,0.19364476203918457,103.87456512451172,0.0
Monocyte_CD14,Schwann_Myelinating,0.0922226756811142,49.46991729736328,0.0
Monocyte_CD14,Schwann_nonmyelinating,-0.19614629447460175,-105.2164306640625,0.0
Monocyte_CD14,Secretory_Club,0.095592200756073,51.27738952636719,0.0
Monocyte_CD14,Secretory_Goblet,0.022700881585478783,12.177165031433105,4.113324041801125e-34
Monocyte_CD14,Suprabasal,-0.02979353256523609,-15.981791496276855,1.7115538377660033e-57
Monocyte_CD14,T_reg,0.5036246180534363,270.15338134765625,0.0
Monocyte_CD14,gdT,0.514285683631897,275.8721618652344,0.0
Monocyte_CD16,Monocyte_CD16,0.6042612791061401,324.13671875,0.0
Monocyte_CD16,Muscle_airway,-0.20345941185951233,-109.13932037353516,0.0
Monocyte_CD16,Muscle_pericyte_airway,0.24244166910648346,130.05010986328125,0.0
Monocyte_CD16,Muscle_pericyte_parenchyma,0.5088940262794495,272.97998046875,0.0
Monocyte_CD16,Muscle_perivascular_immune_recruiting,0.3508603274822235,188.2078399658203,0.0
Monocyte_CD16,Muscle_smooth_pulmonary,-0.19462476670742035,-104.40025329589844,0.0
Monocyte_CD16,Muscle_smooth_syst_arterial,-0.21610234677791595,-115.92121887207031,0.0
Monocyte_CD16,Myoepithelial,0.3207705020904541,172.06712341308594,0.0
Monocyte_CD16,NAF_endoneurial,-0.08239005506038666,-44.195518493652344,0.0
Monocyte_CD16,NAF_perineurial,-0.18464115262031555,-99.04486083984375,0.0
Monocyte_CD16,NK_CD16hi,0.5452905297279358,292.50372314453125,0.0
Monocyte_CD16,NKT,0.5922256708145142,317.68060302734375,0.0
Monocyte_CD16,NK_CD11d,0.5019557476043701,269.2581787109375,0.0
Monocyte_CD16,NK_CD56bright,0.4615365266799927,247.57656860351562,0.0
Monocyte_CD16,Neuroendocrine,0.29681986570358276,159.2195587158203,0.0
Monocyte_CD16,SMG_Basal,0.18183621764183044,97.54024505615234,0.0
Monocyte_CD16,SMG_Duct,0.323417991399765,173.48727416992188,0.0
Monocyte_CD16,SMG_Mucous,0.31586360931396484,169.43496704101562,0.0
Monocyte_CD16,SMG_Serous,0.31625768542289734,169.6463623046875,0.0
Monocyte_CD16,Schwann_Myelinating,0.22452735900878906,120.4405517578125,0.0
Monocyte_CD16,Schwann_nonmyelinating,-0.11454518139362335,-61.444114685058594,0.0
Monocyte_CD16,Secretory_Club,0.1216893419623375,65.2763671875,0.0
Monocyte_CD16,Secretory_Goblet,0.0820445567369461,44.010189056396484,0.0
Monocyte_CD16,Suprabasal,0.041737910360097885,22.388973236083984,5.04067005131672e-111
Monocyte_CD16,T_reg,0.5433427691459656,291.45892333984375,0.0
Monocyte_CD16,gdT,0.5556840896606445,298.07904052734375,0.0
Muscle_airway,Muscle_airway,0.4950563609600067,265.5572204589844,0.0
Muscle_airway,Muscle_pericyte_airway,0.020246073603630066,10.860361099243164,1.7804377327658765e-27
Muscle_airway,Muscle_pericyte_parenchyma,-0.1388159841299057,-74.46340942382812,0.0
Muscle_airway,Muscle_perivascular_immune_recruiting,0.054186537861824036,29.06664276123047,9.482081764597495e-186
Muscle_airway,Muscle_smooth_pulmonary,0.48522108793258667,260.2814025878906,0.0
Muscle_airway,Muscle_smooth_syst_arterial,0.4842836260795593,259.7785339355469,0.0
Muscle_airway,Myoepithelial,0.028217971324920654,15.136631965637207,9.284850990434119e-52
Muscle_airway,NAF_endoneurial,0.4668147563934326,250.40789794921875,0.0
Muscle_airway,NAF_perineurial,0.5085882544517517,272.81597900390625,0.0
Muscle_airway,NK_CD16hi,-0.10108393430709839,-54.2232551574707,0.0
Muscle_airway,NKT,-0.17766240239143372,-95.30133819580078,0.0
Muscle_airway,NK_CD11d,-0.06436153501272202,-34.524696350097656,3.4180724316091725e-261
Muscle_airway,NK_CD56bright,-0.05660171061754227,-30.362184524536133,1.734975240276814e-202
Muscle_airway,Neuroendocrine,0.16477923095226288,88.39057159423828,0.0
Muscle_airway,SMG_Basal,0.07416031509637833,39.78093719482422,0.0
Muscle_airway,SMG_Duct,0.016685549169778824,8.950430870056152,3.540974760743598e-19
Muscle_airway,SMG_Mucous,0.03302393853664398,17.71463966369629,3.232910747717933e-70
Muscle_airway,SMG_Serous,0.020953336730599403,11.239749908447266,2.6011819702728305e-29
Muscle_airway,Schwann_Myelinating,0.20831520855426788,111.74405670166016,0.0
Muscle_airway,Schwann_nonmyelinating,0.47294673323631287,253.69720458984375,0.0
Muscle_airway,Secretory_Club,-0.1019684299826622,-54.697715759277344,0.0
Muscle_airway,Secretory_Goblet,0.03810235857963562,20.438796997070312,7.557922834593929e-93
Muscle_airway,Suprabasal,0.11926010251045227,63.97328186035156,0.0
Muscle_airway,T_reg,-0.10134503990411758,-54.363319396972656,0.0
Muscle_airway,gdT,-0.10123735666275024,-54.3055534362793,0.0
Muscle_pericyte_airway,Muscle_pericyte_airway,0.3557172119617462,190.81317138671875,0.0
Muscle_pericyte_airway,Muscle_pericyte_parenchyma,0.14255215227603912,76.46755981445312,0.0
Muscle_pericyte_airway,Muscle_perivascular_immune_recruiting,0.37631863355636597,201.8641357421875,0.0
Muscle_pericyte_airway,Muscle_smooth_pulmonary,0.008749754168093204,4.693526744842529,2.6853486462284524e-06
Muscle_pericyte_airway,Muscle_smooth_syst_arterial,-0.01738719642162323,-9.326807975769043,1.0910729194163007e-20
Muscle_pericyte_airway,Myoepithelial,0.28335294127464294,151.9956512451172,0.0
Muscle_pericyte_airway,NAF_endoneurial,0.08752701431512833,46.95107650756836,0.0
Muscle_pericyte_airway,NAF_perineurial,0.008730948902666569,4.683439254760742,2.821010822142146e-06
Muscle_pericyte_airway,NK_CD16hi,0.19228871166706085,103.14715576171875,0.0
Muscle_pericyte_airway,NKT,0.20518289506435394,110.06382751464844,0.0
Muscle_pericyte_airway,NK_CD11d,0.18355917930603027,98.4644775390625,0.0
Muscle_pericyte_airway,NK_CD56bright,0.1389121264219284,74.51498413085938,0.0
Muscle_pericyte_airway,Neuroendocrine,0.260453999042511,139.71224975585938,0.0
Muscle_pericyte_airway,SMG_Basal,0.09756915271282196,52.33786392211914,0.0
Muscle_pericyte_airway,SMG_Duct,0.30241647362709045,162.2216796875,0.0
Muscle_pericyte_airway,SMG_Mucous,0.24358703196048737,130.6645050048828,0.0
Muscle_pericyte_airway,SMG_Serous,0.30763429403305054,165.02061462402344,0.0
Muscle_pericyte_airway,Schwann_Myelinating,0.22886182367801666,122.76563262939453,0.0
Muscle_pericyte_airway,Schwann_nonmyelinating,0.030723126605153084,16.48044204711914,5.0712706638287586e-61
Muscle_pericyte_airway,Secretory_Club,0.006771898362785578,3.6325690746307373,0.00028061342510948215
Muscle_pericyte_airway,Secretory_Goblet,-0.002764931181445718,-1.4831593036651611,0.13803209083578066
Muscle_pericyte_airway,Suprabasal,-0.00014420112711377442,-0.07735209912061691,0.9383434459166046
Muscle_pericyte_airway,T_reg,0.17045438289642334,91.43482208251953,0.0
Muscle_pericyte_airway,gdT,0.20392321050167084,109.38810729980469,0.0
Muscle_pericyte_parenchyma,Muscle_pericyte_parenchyma,0.5287631750106812,283.6381530761719,0.0
Muscle_pericyte_parenchyma,Muscle_perivascular_immune_recruiting,0.29507535696029663,158.2837677001953,0.0
Muscle_pericyte_parenchyma,Muscle_smooth_pulmonary,-0.13179977238178253,-70.69979095458984,0.0
Muscle_pericyte_parenchyma,Muscle_smooth_syst_arterial,-0.15194618701934814,-81.5066909790039,0.0
Muscle_pericyte_parenchyma,Myoepithelial,0.30179715156555176,161.88946533203125,0.0
Muscle_pericyte_parenchyma,NAF_endoneurial,-0.01028002705425024,-5.514392852783203,3.4998604722402605e-08
Muscle_pericyte_parenchyma,NAF_perineurial,-0.10646724700927734,-57.1109619140625,0.0
Muscle_pericyte_parenchyma,NK_CD16hi,0.5286740064620972,283.59033203125,0.0
Muscle_pericyte_parenchyma,NKT,0.5282955765724182,283.3873291015625,0.0
Muscle_pericyte_parenchyma,NK_CD11d,0.49598875641822815,266.057373046875,0.0
Muscle_pericyte_parenchyma,NK_CD56bright,0.45703497529029846,245.16184997558594,0.0
Muscle_pericyte_parenchyma,Neuroendocrine,0.2841795086860657,152.4390411376953,0.0
Muscle_pericyte_parenchyma,SMG_Basal,0.18140815198421478,97.31062316894531,0.0
Muscle_pericyte_parenchyma,SMG_Duct,0.3096897602081299,166.12319946289062,0.0
Muscle_pericyte_parenchyma,SMG_Mucous,0.32160553336143494,172.51504516601562,0.0
Muscle_pericyte_parenchyma,SMG_Serous,0.2883490025997162,154.67562866210938,0.0
Muscle_pericyte_parenchyma,Schwann_Myelinating,0.25403738021850586,136.270263671875,0.0
Muscle_pericyte_parenchyma,Schwann_nonmyelinating,-0.03345850855112076,-17.947750091552734,4.997427202854772e-72
Muscle_pericyte_parenchyma,Secretory_Club,0.09852748364210129,52.8519287109375,0.0
Muscle_pericyte_parenchyma,Secretory_Goblet,0.09300803393125534,49.891197204589844,0.0
Muscle_pericyte_parenchyma,Suprabasal,0.06309063732624054,33.84296417236328,4.605967187146653e-251
Muscle_pericyte_parenchyma,T_reg,0.5128969550132751,275.1272277832031,0.0
Muscle_pericyte_parenchyma,gdT,0.5141422152519226,275.7951965332031,0.0
Muscle_perivascular_immune_recruiting,Muscle_perivascular_immune_recruiting,0.5405429601669312,289.9570617675781,0.0
Muscle_perivascular_immune_recruiting,Muscle_smooth_pulmonary,0.04025064781308174,21.591176986694336,2.174052454595903e-103
Muscle_perivascular_immune_recruiting,Muscle_smooth_syst_arterial,0.024171315133571625,12.96593189239502,1.9089619970039027e-38
Muscle_perivascular_immune_recruiting,Myoepithelial,0.5024129152297974,269.5033874511719,0.0
Muscle_perivascular_immune_recruiting,NAF_endoneurial,0.2147902101278305,115.21736907958984,0.0
Muscle_perivascular_immune_recruiting,NAF_perineurial,0.07472098618745804,40.08169174194336,0.0
Muscle_perivascular_immune_recruiting,NK_CD16hi,0.38461998105049133,206.317138671875,0.0
Muscle_perivascular_immune_recruiting,NKT,0.3355371057987213,179.98818969726562,0.0
Muscle_perivascular_immune_recruiting,NK_CD11d,0.39029642939567566,209.36209106445312,0.0
Muscle_perivascular_immune_recruiting,NK_CD56bright,0.32737746834754944,175.6112060546875,0.0
Muscle_perivascular_immune_recruiting,Neuroendocrine,0.4650821089744568,249.47848510742188,0.0
Muscle_perivascular_immune_recruiting,SMG_Basal,0.2718563675880432,145.8286895751953,0.0
Muscle_perivascular_immune_recruiting,SMG_Duct,0.5354171395301819,287.20745849609375,0.0
Muscle_perivascular_immune_recruiting,SMG_Mucous,0.47350144386291504,253.99476623535156,0.0
Muscle_perivascular_immune_recruiting,SMG_Serous,0.5261568427085876,282.2400817871094,0.0
Muscle_perivascular_immune_recruiting,Schwann_Myelinating,0.464358389377594,249.09027099609375,0.0
Muscle_perivascular_immune_recruiting,Schwann_nonmyelinating,0.1400306522846222,75.11498260498047,0.0
Muscle_perivascular_immune_recruiting,Secretory_Club,0.054759882390499115,29.374195098876953,1.1733350670846573e-189
Muscle_perivascular_immune_recruiting,Secretory_Goblet,0.09719343483448029,52.136322021484375,0.0
Muscle_perivascular_immune_recruiting,Suprabasal,0.11258678138256073,60.393592834472656,0.0
Muscle_perivascular_immune_recruiting,T_reg,0.33444714546203613,179.4035186767578,0.0
Muscle_perivascular_immune_recruiting,gdT,0.36502620577812195,195.8066864013672,0.0
Muscle_smooth_pulmonary,Muscle_smooth_pulmonary,0.4920307695865631,263.9342346191406,0.0
Muscle_smooth_pulmonary,Muscle_smooth_syst_arterial,0.4979812800884247,267.1261901855469,0.0
Muscle_smooth_pulmonary,Myoepithelial,0.01110164076089859,5.9551215171813965,2.5987866055295324e-09
Muscle_smooth_pulmonary,NAF_endoneurial,0.46015700697898865,246.83656311035156,0.0
Muscle_smooth_pulmonary,NAF_perineurial,0.5107405781745911,273.97052001953125,0.0
Muscle_smooth_pulmonary,NK_CD16hi,-0.09492433071136475,-50.919132232666016,0.0
Muscle_smooth_pulmonary,NKT,-0.16775567829608917,-89.98719024658203,0.0
Muscle_smooth_pulmonary,NK_CD11d,-0.05826552212238312,-31.254682540893555,1.9282982714611558e-214
Muscle_smooth_pulmonary,NK_CD56bright,-0.046111468225717545,-24.735027313232422,4.493176539615316e-135
Muscle_smooth_pulmonary,Neuroendocrine,0.15433275699615479,82.7868881225586,0.0
Muscle_smooth_pulmonary,SMG_Basal,0.07745780050754547,41.54977035522461,0.0
Muscle_smooth_pulmonary,SMG_Duct,-0.0004450971318874508,-0.2387581765651703,0.8112931026247815
Muscle_smooth_pulmonary,SMG_Mucous,0.02380197122693062,12.76780891418457,2.4803874895395507e-37
Muscle_smooth_pulmonary,SMG_Serous,0.0019097061594948173,1.024401068687439,0.3056458774078513
Muscle_smooth_pulmonary,Schwann_Myelinating,0.19283349812030792,103.43938446044922,0.0
Muscle_smooth_pulmonary,Schwann_nonmyelinating,0.47301939129829407,253.73617553710938,0.0
Muscle_smooth_pulmonary,Secretory_Club,-0.09840739518404007,-52.787513732910156,0.0
Muscle_smooth_pulmonary,Secretory_Goblet,0.05360294505953789,28.753591537475586,8.16791640122979e-182
Muscle_smooth_pulmonary,Suprabasal,0.13437773287296295,72.08265686035156,0.0
Muscle_smooth_pulmonary,T_reg,-0.09070222079753876,-48.65431594848633,0.0
Muscle_smooth_pulmonary,gdT,-0.09285981208086014,-49.81168746948242,0.0
Muscle_smooth_syst_arterial,Muscle_smooth_syst_arterial,0.520504891872406,279.208251953125,0.0
Muscle_smooth_syst_arterial,Myoepithelial,0.008857748471200466,4.7514567375183105,2.019563726561043e-06
Muscle_smooth_syst_arterial,NAF_endoneurial,0.4754627048969269,255.04681396484375,0.0
Muscle_smooth_syst_arterial,NAF_perineurial,0.5265004634857178,282.4244079589844,0.0
Muscle_smooth_syst_arterial,NK_CD16hi,-0.1051454022526741,-56.40190124511719,0.0
Muscle_smooth_syst_arterial,NKT,-0.18600843846797943,-99.7782974243164,0.0
Muscle_smooth_syst_arterial,NK_CD11d,-0.06284163147211075,-33.70939254760742,4.2108697837358615e-249
Muscle_smooth_syst_arterial,NK_CD56bright,-0.046012770384550095,-24.682085037231445,1.6656871436693235e-134
Muscle_smooth_syst_arterial,Neuroendocrine,0.15436972677707672,82.80672454833984,0.0
Muscle_smooth_syst_arterial,SMG_Basal,0.10107989609241486,54.22108840942383,0.0
Muscle_smooth_syst_arterial,SMG_Duct,-0.005205763503909111,-2.792465925216675,0.005230797653458526
Muscle_smooth_syst_arterial,SMG_Mucous,0.025616638362407684,13.741230010986328,5.74906986511378e-43
Muscle_smooth_syst_arterial,SMG_Serous,-0.0019859743770211935,-1.0653127431869507,0.28673442802045224
Muscle_smooth_syst_arterial,Schwann_Myelinating,0.19509050250053406,104.65008544921875,0.0
Muscle_smooth_syst_arterial,Schwann_nonmyelinating,0.47728073596954346,256.02203369140625,0.0
Muscle_smooth_syst_arterial,Secretory_Club,-0.10491706430912018,-56.279415130615234,0.0
Muscle_smooth_syst_arterial,Secretory_Goblet,0.07445938140153885,39.94136428833008,0.0
Muscle_smooth_syst_arterial,Suprabasal,0.1614687442779541,86.61476135253906,0.0
Muscle_smooth_syst_arterial,T_reg,-0.10102830082178116,-54.19341278076172,0.0
Muscle_smooth_syst_arterial,gdT,-0.10621929913759232,-56.97795867919922,0.0
Myoepithelial,Myoepithelial,0.5567358136177063,298.6431884765625,0.0
Myoepithelial,NAF_endoneurial,0.2181270569562912,117.00730895996094,0.0
Myoepithelial,NAF_perineurial,0.06170113757252693,33.09761047363281,3.216679298782813e-240
Myoepithelial,NK_CD16hi,0.408115953207016,218.92080688476562,0.0
Myoepithelial,NKT,0.322706937789917,173.10585021972656,0.0
Myoepithelial,NK_CD11d,0.4266621470451355,228.8693084716797,0.0
Myoepithelial,NK_CD56bright,0.3690667450428009,197.97409057617188,0.0
Myoepithelial,Neuroendocrine,0.49006494879722595,262.8797302246094,0.0
Myoepithelial,SMG_Basal,0.34446126222610474,184.7752685546875,0.0
Myoepithelial,SMG_Duct,0.5776772499084473,309.8765563964844,0.0
Myoepithelial,SMG_Mucous,0.522094190120697,280.060791015625,0.0
Myoepithelial,SMG_Serous,0.5718328356742859,306.74151611328125,0.0
Myoepithelial,Schwann_Myelinating,0.5154348015785217,276.48858642578125,0.0
Myoepithelial,Schwann_nonmyelinating,0.14292316138744354,76.66658020019531,0.0
Myoepithelial,Secretory_Club,0.08597200363874435,46.116943359375,0.0
Myoepithelial,Secretory_Goblet,0.147856205701828,79.31275177001953,0.0
Myoepithelial,Suprabasal,0.16480425000190735,88.40399169921875,0.0
Myoepithelial,T_reg,0.34742075204849243,186.36279296875,0.0
Myoepithelial,gdT,0.36957329511642456,198.24581909179688,0.0
NAF_endoneurial,NAF_endoneurial,0.5566601753234863,298.6026306152344,0.0
NAF_endoneurial,NAF_perineurial,0.5348600745201111,286.9086608886719,0.0
NAF_endoneurial,NK_CD16hi,0.06120314821600914,32.83047866821289,2.1637500514781744e-236
NAF_endoneurial,NKT,-0.049371782690286636,-26.483919143676758,1.4849304887453082e-154
NAF_endoneurial,NK_CD11d,0.104679174721241,56.15180969238281,0.0
NAF_endoneurial,NK_CD56bright,0.09421339631080627,50.53777313232422,0.0
NAF_endoneurial,Neuroendocrine,0.3282409906387329,176.0744171142578,0.0
NAF_endoneurial,SMG_Basal,0.20769332349300385,111.41046905517578,0.0
NAF_endoneurial,SMG_Duct,0.21010544896125793,112.70437622070312,0.0
NAF_endoneurial,SMG_Mucous,0.21885253489017487,117.39646911621094,0.0
NAF_endoneurial,SMG_Serous,0.20795513689517975,111.55091094970703,0.0
NAF_endoneurial,Schwann_Myelinating,0.39501604437828064,211.89376831054688,0.0
NAF_endoneurial,Schwann_nonmyelinating,0.5373188853263855,288.22760009765625,0.0
NAF_endoneurial,Secretory_Club,-0.07915940880775452,-42.46254348754883,0.0
NAF_endoneurial,Secretory_Goblet,0.10720857977867126,57.508628845214844,0.0
NAF_endoneurial,Suprabasal,0.1927175372838974,103.37718200683594,0.0
NAF_endoneurial,T_reg,0.039249714463949203,21.054258346557617,2.090293202843621e-98
NAF_endoneurial,gdT,0.042278651148080826,22.679035186767578,7.21538048498406e-114
NAF_perineurial,NAF_perineurial,0.5729336738586426,307.33203125,0.0
NAF_perineurial,NK_CD16hi,-0.056772392243146896,-30.4537410736084,1.0687883598674455e-203
NAF_perineurial,NKT,-0.14981640875339508,-80.36424255371094,0.0
NAF_perineurial,NK_CD11d,-0.013538375496864319,-7.262230396270752,3.80758914655701e-13
NAF_perineurial,NK_CD56bright,-0.0032295426353812218,-1.732385277748108,0.0832049874778455
NAF_perineurial,Neuroendocrine,0.2102854996919632,112.80095672607422,0.0
NAF_perineurial,SMG_Basal,0.13251759111881256,71.0848388671875,0.0
NAF_perineurial,SMG_Duct,0.045798979699611664,24.56740379333496,2.818742580001531e-133
NAF_perineurial,SMG_Mucous,0.07541067898273468,40.451656341552734,0.0
NAF_perineurial,SMG_Serous,0.04618914797902107,24.776697158813477,1.5988892698900405e-135
NAF_perineurial,Schwann_Myelinating,0.2679963707923889,143.75811767578125,0.0
NAF_perineurial,Schwann_nonmyelinating,0.5471762418746948,293.5152587890625,0.0
NAF_perineurial,Secretory_Club,-0.10055402666330338,-53.939002990722656,0.0
NAF_perineurial,Secretory_Goblet,0.08456924557685852,45.364479064941406,0.0
NAF_perineurial,Suprabasal,0.17708975076675415,94.99415588378906,0.0
NAF_perineurial,T_reg,-0.058564443141222,-31.415029525756836,1.2614369915637544e-216
NAF_perineurial,gdT,-0.06261859089136124,-33.58974838256836,2.367946551499243e-247
NK_CD16hi,NK_CD16hi,0.5889793038368225,315.9391784667969,0.0
NK_CD16hi,NKT,0.5604667067527771,300.6445007324219,0.0
NK_CD16hi,NK_CD11d,0.575417697429657,308.66448974609375,0.0
NK_CD16hi,NK_CD56bright,0.5379672050476074,288.57537841796875,0.0
NK_CD16hi,Neuroendocrine,0.4084651470184326,219.1081085205078,0.0
NK_CD16hi,SMG_Basal,0.3156854808330536,169.33941650390625,0.0
NK_CD16hi,SMG_Duct,0.42093658447265625,225.7980194091797,0.0
NK_CD16hi,SMG_Mucous,0.4391469955444336,235.56642150878906,0.0
NK_CD16hi,SMG_Serous,0.40102624893188477,215.1177520751953,0.0
NK_CD16hi,Schwann_Myelinating,0.37042832374572754,198.7044677734375,0.0
NK_CD16hi,Schwann_nonmyelinating,0.029581913724541664,15.86827564239502,1.050885725396e-56
NK_CD16hi,Secretory_Club,0.14905701577663422,79.9568862915039,0.0
NK_CD16hi,Secretory_Goblet,0.18314100801944733,98.24015808105469,0.0
NK_CD16hi,Suprabasal,0.16603633761405945,89.06490325927734,0.0
NK_CD16hi,T_reg,0.5681493282318115,304.7655944824219,0.0
NK_CD16hi,gdT,0.5681778788566589,304.7809143066406,0.0
NKT,NKT,0.5922223925590515,317.6788330078125,0.0
NKT,NK_CD11d,0.5199007987976074,278.88421630859375,0.0
NKT,NK_CD56bright,0.48117098212242126,258.1088562011719,0.0
NKT,Neuroendocrine,0.30721139907836914,164.79376220703125,0.0
NKT,SMG_Basal,0.19858811795711517,106.5262680053711,0.0
NKT,SMG_Duct,0.32435938715934753,173.9922637939453,0.0
NKT,SMG_Mucous,0.32541874051094055,174.56051635742188,0.0
NKT,SMG_Serous,0.3137627840042114,168.30804443359375,0.0
NKT,Schwann_Myelinating,0.24551139771938324,131.69676208496094,0.0
NKT,Schwann_nonmyelinating,-0.07972049713134766,-42.763519287109375,0.0
NKT,Secretory_Club,0.11684088408946991,62.67557144165039,0.0
NKT,Secretory_Goblet,0.09548784792423248,51.221412658691406,0.0
NKT,Suprabasal,0.059847354888916016,32.103206634521484,3.977198524716322e-226
NKT,T_reg,0.5559776425361633,298.2364807128906,0.0
NKT,gdT,0.5639300346374512,302.5022888183594,0.0
NK_CD11d,NK_CD11d,0.5791414976119995,310.6620178222656,0.0
NK_CD11d,NK_CD56bright,0.5483177304267883,294.1275634765625,0.0
NK_CD11d,Neuroendocrine,0.4423180818557739,237.26744079589844,0.0
NK_CD11d,SMG_Basal,0.37713685631752014,202.3030548095703,0.0
NK_CD11d,SMG_Duct,0.44473549723625183,238.56419372558594,0.0
NK_CD11d,SMG_Mucous,0.4771299660205841,255.941162109375,0.0
NK_CD11d,SMG_Serous,0.4213612377643585,226.02581787109375,0.0
NK_CD11d,Schwann_Myelinating,0.4087870419025421,219.28079223632812,0.0
NK_CD11d,Schwann_nonmyelinating,0.07816213369369507,41.92758560180664,0.0
NK_CD11d,Secretory_Club,0.17734690010547638,95.13209533691406,0.0
NK_CD11d,Secretory_Goblet,0.23913227021694183,128.27488708496094,0.0
NK_CD11d,Suprabasal,0.23132865130901337,124.08888244628906,0.0
NK_CD11d,T_reg,0.5512869954109192,295.7203369140625,0.0
NK_CD11d,gdT,0.5454910397529602,292.6112976074219,0.0
NK_CD56bright,NK_CD56bright,0.5319034457206726,285.3226623535156,0.0
NK_CD56bright,Neuroendocrine,0.4066610336303711,218.14035034179688,0.0
NK_CD56bright,SMG_Basal,0.3849998116493225,206.52088928222656,0.0
NK_CD56bright,SMG_Duct,0.38285499811172485,205.370361328125,0.0
NK_CD56bright,SMG_Mucous,0.43582284450531006,233.7832794189453,0.0
NK_CD56bright,SMG_Serous,0.3598160445690155,193.01185607910156,0.0
NK_CD56bright,Schwann_Myelinating,0.3652295172214508,195.91574096679688,0.0
NK_CD56bright,Schwann_nonmyelinating,0.08266028016805649,44.34047317504883,0.0
NK_CD56bright,Secretory_Club,0.19714096188545227,105.74998474121094,0.0
NK_CD56bright,Secretory_Goblet,0.26710084080696106,143.27774047851562,0.0
NK_CD56bright,Suprabasal,0.26156851649284363,140.3101043701172,0.0
NK_CD56bright,T_reg,0.5236300230026245,280.8846435546875,0.0
NK_CD56bright,gdT,0.5101885199546814,273.67437744140625,0.0
Neuroendocrine,Neuroendocrine,0.5268698930740356,282.62255859375,0.0
Neuroendocrine,SMG_Basal,0.3962748646736145,212.56903076171875,0.0
Neuroendocrine,SMG_Duct,0.5098745822906494,273.5059814453125,0.0
Neuroendocrine,SMG_Mucous,0.5072078108787537,272.0754699707031,0.0
Neuroendocrine,SMG_Serous,0.5007562637329102,268.61474609375,0.0
Neuroendocrine,Schwann_Myelinating,0.5268180966377258,282.59478759765625,0.0
Neuroendocrine,Schwann_nonmyelinating,0.2794992923736572,149.92849731445312,0.0
Neuroendocrine,Secretory_Club,0.09733112901449203,52.210182189941406,0.0
Neuroendocrine,Secretory_Goblet,0.22426626086235046,120.30049133300781,0.0
Neuroendocrine,Suprabasal,0.2628997266292572,141.02418518066406,0.0
Neuroendocrine,T_reg,0.3668058514595032,196.7613067626953,0.0
Neuroendocrine,gdT,0.3760760426521301,201.7340087890625,0.0
SMG_Basal,SMG_Basal,0.6040769219398499,324.0378112792969,0.0
SMG_Basal,SMG_Duct,0.36293888092041016,194.68699645996094,0.0
SMG_Basal,SMG_Mucous,0.4268207550048828,228.9543914794922,0.0
SMG_Basal,SMG_Serous,0.33367177844047546,178.9875946044922,0.0
SMG_Basal,Schwann_Myelinating,0.38362425565719604,205.7830047607422,0.0
SMG_Basal,Schwann_nonmyelinating,0.17390212416648865,93.28425598144531,0.0
SMG_Basal,Secretory_Club,0.28379806876182556,152.23443603515625,0.0
SMG_Basal,Secretory_Goblet,0.3703758120536804,198.67630004882812,0.0
SMG_Basal,Suprabasal,0.3878823220729828,208.06710815429688,0.0
SMG_Basal,T_reg,0.2944275140762329,157.93626403808594,0.0
SMG_Basal,gdT,0.2718713581562042,145.83673095703125,0.0
SMG_Duct,SMG_Duct,0.6279454827308655,336.8413391113281,0.0
SMG_Duct,SMG_Mucous,0.5655497312545776,303.3711242675781,0.0
SMG_Duct,SMG_Serous,0.6044543385505676,324.2402648925781,0.0
SMG_Duct,Schwann_Myelinating,0.5349036455154419,286.9320068359375,0.0
SMG_Duct,Schwann_nonmyelinating,0.1379057765007019,73.97515869140625,0.0
SMG_Duct,Secretory_Club,0.09765055030584335,52.381526947021484,0.0
SMG_Duct,Secretory_Goblet,0.1645643264055252,88.2752914428711,0.0
SMG_Duct,Suprabasal,0.1786680668592453,95.84078979492188,0.0
SMG_Duct,T_reg,0.3520044982433319,188.82159423828125,0.0
SMG_Duct,gdT,0.37428784370422363,200.77479553222656,0.0
SMG_Mucous,SMG_Mucous,0.5705394744873047,306.0477294921875,0.0
SMG_Mucous,SMG_Serous,0.5388820171356201,289.06610107421875,0.0
SMG_Mucous,Schwann_Myelinating,0.5155965089797974,276.5753173828125,0.0
SMG_Mucous,Schwann_nonmyelinating,0.16827572882175446,90.26615142822266,0.0
SMG_Mucous,Secretory_Club,0.1572515070438385,84.3525619506836,0.0
SMG_Mucous,Secretory_Goblet,0.2542506158351898,136.3846435546875,0.0
SMG_Mucous,Suprabasal,0.267344206571579,143.4082794189453,0.0
SMG_Mucous,T_reg,0.38309022784233093,205.49655151367188,0.0
SMG_Mucous,gdT,0.3869483172893524,207.56610107421875,0.0
SMG_Serous,SMG_Serous,0.6024443507194519,323.1620788574219,0.0
SMG_Serous,Schwann_Myelinating,0.5224888920783997,280.27252197265625,0.0
SMG_Serous,Schwann_nonmyelinating,0.13026542961597443,69.87673950195312,0.0
SMG_Serous,Secretory_Club,0.07938265800476074,42.582298278808594,0.0
SMG_Serous,Secretory_Goblet,0.1408037543296814,75.5296859741211,0.0
SMG_Serous,Suprabasal,0.15761491656303406,84.54750061035156,0.0
SMG_Serous,T_reg,0.3349262475967407,179.6605224609375,0.0
SMG_Serous,gdT,0.3609568774700165,193.62380981445312,0.0
Schwann_Myelinating,Schwann_Myelinating,0.5792642831802368,310.7278747558594,0.0
Schwann_Myelinating,Schwann_nonmyelinating,0.3575833737850189,191.814208984375,0.0
Schwann_Myelinating,Secretory_Club,0.06727377325296402,36.08687210083008,3.644049519051997e-285
Schwann_Myelinating,Secretory_Goblet,0.1993154138326645,106.9164047241211,0.0
Schwann_Myelinating,Suprabasal,0.2449883371591568,131.4161834716797,0.0
Schwann_Myelinating,T_reg,0.31476542353630066,168.84588623046875,0.0
Schwann_Myelinating,gdT,0.32524386048316956,174.46670532226562,0.0
Schwann_nonmyelinating,Schwann_nonmyelinating,0.6268219351768494,336.2386474609375,0.0
Schwann_nonmyelinating,Secretory_Club,-0.054903484880924225,-29.45122528076172,1.2142856146093247e-190
Schwann_nonmyelinating,Secretory_Goblet,0.13087204098701477,70.20214080810547,0.0
Schwann_nonmyelinating,Suprabasal,0.22224105894565582,119.2141342163086,0.0
Schwann_nonmyelinating,T_reg,0.01811349391937256,9.71640682220459,2.5667965196080696e-22
Schwann_nonmyelinating,gdT,0.011603803373873234,6.224490642547607,4.831229781954455e-10
Secretory_Club,Secretory_Club,0.3257349133491516,174.73011779785156,0.0
Secretory_Club,Secretory_Goblet,0.22984428703784943,123.29264831542969,0.0
Secretory_Club,Suprabasal,0.18969058990478516,101.75347137451172,0.0
Secretory_Club,T_reg,0.15544800460338593,83.3851318359375,0.0
Secretory_Club,gdT,0.13136962056159973,70.46904754638672,0.0
Secretory_Goblet,Secretory_Goblet,0.3374424874782562,181.01026916503906,0.0
Secretory_Goblet,Suprabasal,0.3389469385147095,181.81729125976562,0.0
Secretory_Goblet,T_reg,0.18309025466442108,98.21293640136719,0.0
Secretory_Goblet,gdT,0.15080316364765167,80.8935546875,0.0
Suprabasal,Suprabasal,0.39752084016799927,213.23739624023438,0.0
Suprabasal,T_reg,0.16366994380950928,87.79552459716797,0.0
Suprabasal,gdT,0.1314040571451187,70.48751831054688,0.0
T_reg,T_reg,0.5607604384422302,300.80206298828125,0.0
T_reg,gdT,0.5571555495262146,298.86834716796875,0.0
gdT,gdT,0.5613858699798584,301.1375732421875,0.0
