A,B,R
AT1,AT1,0.33913248188775397
AT1,AT2,0.3175648299391435
AT1,B_memory,0.2677152680540421
AT1,B_naive,0.3532561639591265
AT1,B_plasma_IgA,0.11007545622231792
AT1,B_plasma_IgG,-0.21323698525636503
AT1,B_plasmablast,-0.025096483689026592
AT1,Basal,0.2591749783199428
AT1,CD4_EM_Effector,0.3549609856856187
AT1,CD4_TRM,0.365079773810763
AT1,CD4_naive_CM,0.10018575800384218
AT1,CD8_EM,0.3564437427037171
AT1,CD8_EM_EMRA,0.28486964152005706
AT1,CD8_TRM_EM,0.3476600150055739
AT1,CD8_TRM,0.36461742876163106
AT1,Chondrocyte,-0.283885043155486
AT1,Ciliated,0.2938461440123637
AT1,DC_1,0.2735511990534744
AT1,DC_2,0.325113149707889
AT1,DC_activated,0.3188303666980213
AT1,DC_plasmacytoid,0.36076421528873515
AT1,Deuterosomal,0.2807426538231429
AT1,Dividing_AT2,0.34071938013700237
AT1,Dividing_Basal,0.31597180792774515
AT1,Endothelia_Lymphatic,-0.0815052017591937
AT1,Endothelia_vascular_Cap_a,0.33933846594784506
AT1,Endothelia_vascular_Cap_g,0.3335162036382506
AT1,Endothelia_vascular_arterial_pulmonary,0.2671834666199197
AT1,Endothelia_vascular_arterial_systemic,0.1577818143900391
AT1,Endothelia_vascular_venous_pulmonary,0.21555413896004838
AT1,Endothelia_vascular_venous_systemic,0.04370882098702544
AT1,Erythrocyte,0.28134208868808513
AT1,Fibro_adventitial,-0.121854064296516
AT1,Fibro_alveolar,0.3063147682986032
AT1,Fibro_immune_recruiting,0.05652271745478884
AT1,Fibro_myofibroblast,-0.09559030069631837
AT1,Fibro_peribronchial,0.20269045812194583
AT1,Fibro_perichondrial,0.16982508674834193
AT1,ILC,0.3512094065417075
AT1,Ionocyte_n_Brush,0.29128625733818386
AT1,MAIT,0.32202701098524944
AT1,Macro_CHIT1,0.2075781781056353
AT1,Macro_interstitial,0.2707710267070424
AT1,Macro_AW_CX3CR1,0.3283640873681433
AT1,Macro_alveolar_metallothioneins,0.21654460444707202
AT1,Macro_alv,0.2238340528347037
AT1,Macro_dividing,0.24476558599356124
AT1,Macro_int,0.15506662783471795
AT1,Macro_CCL,0.2795678980881684
AT1,Mast_cell,0.2978397212199277
AT1,Megakaryocyte,0.3515163671185452
AT1,Mesothelia,0.013642356524192047
AT1,Macrophage_intermediate,0.2648791389624302
AT1,Monocyte_CD14,0.21415295159486822
AT1,Monocyte_CD16,0.26211176598927965
AT1,Muscle_airway,-0.07401402671930475
AT1,Muscle_pericyte_airway,-0.10322776525965661
AT1,Muscle_pericyte_parenchyma,0.31515305416799405
AT1,Muscle_perivascular_immune_recruiting,0.1079998302200355
AT1,Muscle_smooth_pulmonary,-0.04750136029036736
AT1,Muscle_smooth_syst_arterial,-0.029597252513628967
AT1,Myoepithelial,0.15618525507794476
AT1,NAF_endoneurial,0.07448931797598957
AT1,NAF_perineurial,0.039214376786374246
AT1,NK_CD16hi,0.35285019186891237
AT1,NKT,0.29904490734965
AT1,NK_CD11d,0.3668857162935781
AT1,NK_CD56bright,0.3678553758212528
AT1,Neuroendocrine,0.2919666948991492
AT1,SMG_Basal,0.3681114761476221
AT1,SMG_Duct,0.17506538648187275
AT1,SMG_Mucous,0.2669331370001196
AT1,SMG_Serous,0.1117351186869567
AT1,Schwann_Myelinating,0.2505954301790157
AT1,Schwann_nonmyelinating,0.17529057214823404
AT1,Secretory_Club,0.2721735127999873
AT1,Secretory_Goblet,0.30063113349117104
AT1,Suprabasal,0.26341379919831837
AT1,T_reg,0.35359386962900796
AT1,gdT,0.3401033720090308
AT2,AT2,0.29969305739270286
AT2,B_memory,0.251091831616238
AT2,B_naive,0.32187599320888155
AT2,B_plasma_IgA,0.1112228764826057
AT2,B_plasma_IgG,-0.1805685123110338
AT2,B_plasmablast,0.001981455272191694
AT2,Basal,0.21541884759793264
AT2,CD4_EM_Effector,0.3248233646689664
AT2,CD4_TRM,0.3319352923876384
AT2,CD4_naive_CM,0.1034865204018492
AT2,CD8_EM,0.3261924333209758
AT2,CD8_EM_EMRA,0.26973409187790226
AT2,CD8_TRM_EM,0.3188234576295149
AT2,CD8_TRM,0.32613695507418566
AT2,Chondrocyte,-0.2427966454391399
AT2,Ciliated,0.24564872683668373
AT2,DC_1,0.2505131688179886
AT2,DC_2,0.2966851719230284
AT2,DC_activated,0.2917610839493581
AT2,DC_plasmacytoid,0.32665577042231186
AT2,Deuterosomal,0.2358199880428068
AT2,Dividing_AT2,0.30954397270758766
AT2,Dividing_Basal,0.2861592595647875
AT2,Endothelia_Lymphatic,-0.05492618758281092
AT2,Endothelia_vascular_Cap_a,0.31605655405234445
AT2,Endothelia_vascular_Cap_g,0.31191549337584856
AT2,Endothelia_vascular_arterial_pulmonary,0.2229868754372998
AT2,Endothelia_vascular_arterial_systemic,0.11545610445106097
AT2,Endothelia_vascular_venous_pulmonary,0.19678609184644205
AT2,Endothelia_vascular_venous_systemic,0.031050736890133726
AT2,Erythrocyte,0.25724503510378394
AT2,Fibro_adventitial,-0.08224981779235137
AT2,Fibro_alveolar,0.2883724687303301
AT2,Fibro_immune_recruiting,0.0782888591023165
AT2,Fibro_myofibroblast,-0.05448908162457205
AT2,Fibro_peribronchial,0.18784152194990536
AT2,Fibro_perichondrial,0.1489780289292162
AT2,ILC,0.32297653173809543
AT2,Ionocyte_n_Brush,0.24363220944819938
AT2,MAIT,0.2997473714158336
AT2,Macro_CHIT1,0.19088068138731415
AT2,Macro_interstitial,0.25557547398990527
AT2,Macro_AW_CX3CR1,0.30795979345062646
AT2,Macro_alveolar_metallothioneins,0.21404174175258928
AT2,Macro_alv,0.1960932709662332
AT2,Macro_dividing,0.22337135061615646
AT2,Macro_int,0.1600068715629947
AT2,Macro_CCL,0.2639954607770744
AT2,Mast_cell,0.27458329543227383
AT2,Megakaryocyte,0.3082285529056707
AT2,Mesothelia,0.042691251240879004
AT2,Macrophage_intermediate,0.2563225421744141
AT2,Monocyte_CD14,0.2087692724882015
AT2,Monocyte_CD16,0.25320016581041677
AT2,Muscle_airway,-0.09540411537415139
AT2,Muscle_pericyte_airway,-0.0734645515861393
AT2,Muscle_pericyte_parenchyma,0.30006125453356547
AT2,Muscle_perivascular_immune_recruiting,0.11439320601376801
AT2,Muscle_smooth_pulmonary,-0.07159286742674467
AT2,Muscle_smooth_syst_arterial,-0.05787930164011935
AT2,Myoepithelial,0.15144715380252113
AT2,NAF_endoneurial,0.039326519535735134
AT2,NAF_perineurial,0.0051855531889663554
AT2,NK_CD16hi,0.3257879588639895
AT2,NKT,0.28314861511778744
AT2,NK_CD11d,0.33433559873919005
AT2,NK_CD56bright,0.33064438809803226
AT2,Neuroendocrine,0.25918702030057955
AT2,SMG_Basal,0.3220858589076025
AT2,SMG_Duct,0.17493928740571937
AT2,SMG_Mucous,0.24337692048625922
AT2,SMG_Serous,0.11680925486628128
AT2,Schwann_Myelinating,0.22166076624137498
AT2,Schwann_nonmyelinating,0.1386598264537106
AT2,Secretory_Club,0.23705591510768245
AT2,Secretory_Goblet,0.25497471816225364
AT2,Suprabasal,0.21815031421957795
AT2,T_reg,0.3221437001797894
AT2,gdT,0.31524139759108555
B_memory,B_memory,0.2222286123067783
B_memory,B_naive,0.2645032542319769
B_memory,B_plasma_IgA,0.12753696515940624
B_memory,B_plasma_IgG,-0.11586190275464475
B_memory,B_plasmablast,0.03681583654945515
B_memory,Basal,0.14073211937842242
B_memory,CD4_EM_Effector,0.26681285851767034
B_memory,CD4_TRM,0.2720465044071703
B_memory,CD4_naive_CM,0.11240405752093857
B_memory,CD8_EM,0.26750962301819675
B_memory,CD8_EM_EMRA,0.24165644520521987
B_memory,CD8_TRM_EM,0.26233267824275025
B_memory,CD8_TRM,0.2561938820971021
B_memory,Chondrocyte,-0.18405738733484245
B_memory,Ciliated,0.15651751902330066
B_memory,DC_1,0.2117898504497195
B_memory,DC_2,0.24393642992077627
B_memory,DC_activated,0.23984832734979802
B_memory,DC_plasmacytoid,0.2618928958576752
B_memory,Deuterosomal,0.14875727494478172
B_memory,Dividing_AT2,0.24791204903978556
B_memory,Dividing_Basal,0.21878913496518212
B_memory,Endothelia_Lymphatic,0.003038927059938032
B_memory,Endothelia_vascular_Cap_a,0.2690246564813637
B_memory,Endothelia_vascular_Cap_g,0.26881267111388957
B_memory,Endothelia_vascular_arterial_pulmonary,0.1605065790715604
B_memory,Endothelia_vascular_arterial_systemic,0.04322158768385657
B_memory,Endothelia_vascular_venous_pulmonary,0.17113345261686816
B_memory,Endothelia_vascular_venous_systemic,0.011676694202881255
B_memory,Erythrocyte,0.21644801574303227
B_memory,Fibro_adventitial,-0.023474568380145635
B_memory,Fibro_alveolar,0.25335606231141755
B_memory,Fibro_immune_recruiting,0.11663885835641107
B_memory,Fibro_myofibroblast,-0.001416417215747173
B_memory,Fibro_peribronchial,0.16220396178623636
B_memory,Fibro_perichondrial,0.12169358568567369
B_memory,ILC,0.2687077669548662
B_memory,Ionocyte_n_Brush,0.16198010784233866
B_memory,MAIT,0.2552874676862185
B_memory,Macro_CHIT1,0.16719541266444107
B_memory,Macro_interstitial,0.22692190413361876
B_memory,Macro_AW_CX3CR1,0.2646754778572736
B_memory,Macro_alveolar_metallothioneins,0.2096936920305916
B_memory,Macro_alv,0.15810414547281124
B_memory,Macro_dividing,0.1897168983141475
B_memory,Macro_int,0.16326273803267424
B_memory,Macro_CCL,0.23293600621959407
B_memory,Mast_cell,0.2286492784794568
B_memory,Megakaryocyte,0.23097664326699371
B_memory,Mesothelia,0.07893499233048333
B_memory,Macrophage_intermediate,0.23756540180274943
B_memory,Monocyte_CD14,0.1977431935638029
B_memory,Monocyte_CD16,0.2351621459663493
B_memory,Muscle_airway,-0.11373193880043987
B_memory,Muscle_pericyte_airway,-0.024443011946049847
B_memory,Muscle_pericyte_parenchyma,0.267207247642611
B_memory,Muscle_perivascular_immune_recruiting,0.13138901204066822
B_memory,Muscle_smooth_pulmonary,-0.09853216364014171
B_memory,Muscle_smooth_syst_arterial,-0.09172899562363218
B_memory,Myoepithelial,0.16195100631221002
B_memory,NAF_endoneurial,0.0025042743370965095
B_memory,NAF_perineurial,-0.038406472362604326
B_memory,NK_CD16hi,0.27592543529297336
B_memory,NKT,0.2534289177267518
B_memory,NK_CD11d,0.27405878055579075
B_memory,NK_CD56bright,0.2596042802859493
B_memory,Neuroendocrine,0.20393727954985166
B_memory,SMG_Basal,0.23803364080665423
B_memory,SMG_Duct,0.17087427978273542
B_memory,SMG_Mucous,0.21451713702747155
B_memory,SMG_Serous,0.13004711848453634
B_memory,Schwann_Myelinating,0.19101884531172889
B_memory,Schwann_nonmyelinating,0.09728937486890761
B_memory,Secretory_Club,0.16296933543396422
B_memory,Secretory_Goblet,0.17253513552998245
B_memory,Suprabasal,0.1341693671383245
B_memory,T_reg,0.2650208234564215
B_memory,gdT,0.26691056768222815
B_naive,B_naive,0.3711595012324929
B_naive,B_plasma_IgA,0.08800490437929719
B_naive,B_plasma_IgG,-0.25294001810351285
B_naive,B_plasmablast,-0.05574943153294498
B_naive,Basal,0.28460884680554727
B_naive,CD4_EM_Effector,0.3735055669021201
B_naive,CD4_TRM,0.38402023854129347
B_naive,CD4_naive_CM,0.09147306472291987
B_naive,CD8_EM,0.37524576406602134
B_naive,CD8_EM_EMRA,0.29328338562988976
B_naive,CD8_TRM_EM,0.36671222101821804
B_naive,CD8_TRM,0.3901479350084367
B_naive,Chondrocyte,-0.32391066189561696
B_naive,Ciliated,0.32598507468422694
B_naive,DC_1,0.2814088606886408
B_naive,DC_2,0.342647315236349
B_naive,DC_activated,0.3363144467586629
B_naive,DC_plasmacytoid,0.38043655454597985
B_naive,Deuterosomal,0.3065060060546058
B_naive,Dividing_AT2,0.36265771397335844
B_naive,Dividing_Basal,0.34009261967151033
B_naive,Endothelia_Lymphatic,-0.09915707095949988
B_naive,Endothelia_vascular_Cap_a,0.3618497130012394
B_naive,Endothelia_vascular_Cap_g,0.3539134734172084
B_naive,Endothelia_vascular_arterial_pulmonary,0.2942364654743578
B_naive,Endothelia_vascular_arterial_systemic,0.18542037828035174
B_naive,Endothelia_vascular_venous_pulmonary,0.2228092865765522
B_naive,Endothelia_vascular_venous_systemic,0.04676847860249873
B_naive,Erythrocyte,0.2953010287179454
B_naive,Fibro_adventitial,-0.14876858516791608
B_naive,Fibro_alveolar,0.3248124148125922
B_naive,Fibro_immune_recruiting,0.032080898885413114
B_naive,Fibro_myofibroblast,-0.11529104065139346
B_naive,Fibro_peribronchial,0.2222490899876789
B_naive,Fibro_perichondrial,0.189799273272235
B_naive,ILC,0.3662369973954243
B_naive,Ionocyte_n_Brush,0.32219127968529254
B_naive,MAIT,0.33553682520559946
B_naive,Macro_CHIT1,0.21328990516531374
B_naive,Macro_interstitial,0.27917090456466886
B_naive,Macro_AW_CX3CR1,0.33698211219045454
B_naive,Macro_alveolar_metallothioneins,0.2099747925501654
B_naive,Macro_alv,0.23612930685721648
B_naive,Macro_dividing,0.25528814594154164
B_naive,Macro_int,0.14729610192816703
B_naive,Macro_CCL,0.2873972441034629
B_naive,Mast_cell,0.31282521851981726
B_naive,Megakaryocyte,0.37326442955245814
B_naive,Mesothelia,-0.015411027201286752
B_naive,Macrophage_intermediate,0.263307090394974
B_naive,Monocyte_CD14,0.21552083116274248
B_naive,Monocyte_CD16,0.2641614081942897
B_naive,Muscle_airway,-0.06313113102803257
B_naive,Muscle_pericyte_airway,-0.12854398903084527
B_naive,Muscle_pericyte_parenchyma,0.3305440552959006
B_naive,Muscle_perivascular_immune_recruiting,0.09042089239337725
B_naive,Muscle_smooth_pulmonary,-0.033512378669016143
B_naive,Muscle_smooth_syst_arterial,-0.015296655324455314
B_naive,Myoepithelial,0.14475069678745167
B_naive,NAF_endoneurial,0.08633401225646126
B_naive,NAF_perineurial,0.05437886201242281
B_naive,NK_CD16hi,0.368288405642504
B_naive,NKT,0.30680961491211567
B_naive,NK_CD11d,0.38587389590708016
B_naive,NK_CD56bright,0.39142766776757676
B_naive,Neuroendocrine,0.29992716786411056
B_naive,SMG_Basal,0.4006212307024491
B_naive,SMG_Duct,0.16393768325092137
B_naive,SMG_Mucous,0.2756394507541008
B_naive,SMG_Serous,0.09154243887208903
B_naive,Schwann_Myelinating,0.25537428103642895
B_naive,Schwann_nonmyelinating,0.1893017925979825
B_naive,Secretory_Club,0.2990297261637603
B_naive,Secretory_Goblet,0.33133741829969715
B_naive,Suprabasal,0.28921859363876995
B_naive,T_reg,0.37269056608211454
B_naive,gdT,0.35349210840467665
B_plasma_IgA,B_plasma_IgA,0.10953935355490768
B_plasma_IgA,B_plasma_IgG,0.07763954077093319
B_plasma_IgA,B_plasmablast,0.14850464206456035
B_plasma_IgA,Basal,-0.031255943291847624
B_plasma_IgA,CD4_EM_Effector,0.11105358826206461
B_plasma_IgA,CD4_TRM,0.10696394720493337
B_plasma_IgA,CD4_naive_CM,0.15830543709957154
B_plasma_IgA,CD8_EM,0.11149374530405143
B_plasma_IgA,CD8_EM_EMRA,0.15603363001958778
B_plasma_IgA,CD8_TRM_EM,0.11384154607890062
B_plasma_IgA,CD8_TRM,0.07723557933609977
B_plasma_IgA,Chondrocyte,-0.01600104669893898
B_plasma_IgA,Ciliated,-0.04555115651210271
B_plasma_IgA,DC_1,0.12485622437874544
B_plasma_IgA,DC_2,0.11479304823464516
B_plasma_IgA,DC_activated,0.11172102713327496
B_plasma_IgA,DC_plasmacytoid,0.09306932156894371
B_plasma_IgA,Deuterosomal,-0.05499563138335414
B_plasma_IgA,Dividing_AT2,0.09585928995570747
B_plasma_IgA,Dividing_Basal,0.0665111834206996
B_plasma_IgA,Endothelia_Lymphatic,0.1309463060595792
B_plasma_IgA,Endothelia_vascular_Cap_a,0.1344250611567596
B_plasma_IgA,Endothelia_vascular_Cap_g,0.13933306034813606
B_plasma_IgA,Endothelia_vascular_arterial_pulmonary,-0.02859724498033718
B_plasma_IgA,Endothelia_vascular_arterial_systemic,-0.13921741512611416
B_plasma_IgA,Endothelia_vascular_venous_pulmonary,0.06774998269185656
B_plasma_IgA,Endothelia_vascular_venous_systemic,-0.036991432149301194
B_plasma_IgA,Erythrocyte,0.10537988587824541
B_plasma_IgA,Fibro_adventitial,0.12003348886105815
B_plasma_IgA,Fibro_alveolar,0.15081615026940592
B_plasma_IgA,Fibro_immune_recruiting,0.1677646190932408
B_plasma_IgA,Fibro_myofibroblast,0.14710716814461175
B_plasma_IgA,Fibro_peribronchial,0.062040712716117906
B_plasma_IgA,Fibro_perichondrial,-0.01803470330717717
B_plasma_IgA,ILC,0.11882369771553473
B_plasma_IgA,Ionocyte_n_Brush,-0.02727667308041068
B_plasma_IgA,MAIT,0.13415690206694278
B_plasma_IgA,Macro_CHIT1,0.11100851860179613
B_plasma_IgA,Macro_interstitial,0.14825029645944007
B_plasma_IgA,Macro_AW_CX3CR1,0.1406499963481336
B_plasma_IgA,Macro_alveolar_metallothioneins,0.18523501478887183
B_plasma_IgA,Macro_alv,0.0680880282352025
B_plasma_IgA,Macro_dividing,0.10637933247900777
B_plasma_IgA,Macro_int,0.18165976891358504
B_plasma_IgA,Macro_CCL,0.14689047657105972
B_plasma_IgA,Mast_cell,0.12777552395798708
B_plasma_IgA,Megakaryocyte,0.01910440956907988
B_plasma_IgA,Mesothelia,0.16323401395975054
B_plasma_IgA,Macrophage_intermediate,0.17317288279193813
B_plasma_IgA,Monocyte_CD14,0.16567082993034835
B_plasma_IgA,Monocyte_CD16,0.17541306614625352
B_plasma_IgA,Muscle_airway,-0.17289350799237646
B_plasma_IgA,Muscle_pericyte_airway,0.10459478501949604
B_plasma_IgA,Muscle_pericyte_parenchyma,0.15931867307925154
B_plasma_IgA,Muscle_perivascular_immune_recruiting,0.12600412777700834
B_plasma_IgA,Muscle_smooth_pulmonary,-0.1717204746835456
B_plasma_IgA,Muscle_smooth_syst_arterial,-0.1794222171083677
B_plasma_IgA,Myoepithelial,0.10454796298538259
B_plasma_IgA,NAF_endoneurial,-0.1276876666526107
B_plasma_IgA,NAF_perineurial,-0.16017658070968008
B_plasma_IgA,NK_CD16hi,0.12788564244444386
B_plasma_IgA,NKT,0.15966426531876937
B_plasma_IgA,NK_CD11d,0.1056958680474628
B_plasma_IgA,NK_CD56bright,0.07811287973976441
B_plasma_IgA,Neuroendocrine,0.025539553616038702
B_plasma_IgA,SMG_Basal,0.01761331352969059
B_plasma_IgA,SMG_Duct,0.11669670738045473
B_plasma_IgA,SMG_Mucous,0.09206241455361212
B_plasma_IgA,SMG_Serous,0.10191572116736512
B_plasma_IgA,Schwann_Myelinating,0.03599876672738417
B_plasma_IgA,Schwann_nonmyelinating,-0.05998208757295689
B_plasma_IgA,Secretory_Club,0.008506757096724079
B_plasma_IgA,Secretory_Goblet,-0.013075461312081448
B_plasma_IgA,Suprabasal,-0.049065815370441294
B_plasma_IgA,T_reg,0.10989302396233024
B_plasma_IgA,gdT,0.12929430795526084
B_plasma_IgG,B_plasma_IgG,0.33720899491656336
B_plasma_IgG,B_plasmablast,0.2421875199262896
B_plasma_IgG,Basal,-0.36369062747497183
B_plasma_IgG,CD4_EM_Effector,-0.2670958551205956
B_plasma_IgG,CD4_TRM,-0.2790481729713153
B_plasma_IgG,CD4_naive_CM,0.056534720454241884
B_plasma_IgG,CD8_EM,-0.2697897275141321
B_plasma_IgG,CD8_EM_EMRA,-0.1236876344993083
B_plasma_IgG,CD8_TRM_EM,-0.26070104134322164
B_plasma_IgG,CD8_TRM,-0.33540922223369424
B_plasma_IgG,Chondrocyte,0.3558721712627539
B_plasma_IgG,Ciliated,-0.4360035851357645
B_plasma_IgG,DC_1,-0.17410732233591297
B_plasma_IgG,DC_2,-0.24546313482596782
B_plasma_IgG,DC_activated,-0.2410216307760453
B_plasma_IgG,DC_plasmacytoid,-0.29909253429678595
B_plasma_IgG,Deuterosomal,-0.4061869132555043
B_plasma_IgG,Dividing_AT2,-0.2834778390294888
B_plasma_IgG,Dividing_Basal,-0.28586958933175427
B_plasma_IgG,Endothelia_Lymphatic,0.27667949015064286
B_plasma_IgG,Endothelia_vascular_Cap_a,-0.22246229466161127
B_plasma_IgG,Endothelia_vascular_Cap_g,-0.20369756789850454
B_plasma_IgG,Endothelia_vascular_arterial_pulmonary,-0.3434780262477055
B_plasma_IgG,Endothelia_vascular_arterial_systemic,-0.3780255153148486
B_plasma_IgG,Endothelia_vascular_venous_pulmonary,-0.12393679226388245
B_plasma_IgG,Endothelia_vascular_venous_systemic,-0.07732361130438774
B_plasma_IgG,Erythrocyte,-0.19628134005702483
B_plasma_IgG,Fibro_adventitial,0.33069068342413954
B_plasma_IgG,Fibro_alveolar,-0.17237787400944726
B_plasma_IgG,Fibro_immune_recruiting,0.22713503600130217
B_plasma_IgG,Fibro_myofibroblast,0.30436804098354525
B_plasma_IgG,Fibro_peribronchial,-0.14401311793489371
B_plasma_IgG,Fibro_perichondrial,-0.1928542806453546
B_plasma_IgG,ILC,-0.24405952258629518
B_plasma_IgG,Ionocyte_n_Brush,-0.40368360067914977
B_plasma_IgG,MAIT,-0.19910456146245203
B_plasma_IgG,Macro_CHIT1,-0.11328258511629556
B_plasma_IgG,Macro_interstitial,-0.12505997563699886
B_plasma_IgG,Macro_AW_CX3CR1,-0.17885378650632455
B_plasma_IgG,Macro_alveolar_metallothioneins,0.01067926277068573
B_plasma_IgG,Macro_alv,-0.19515275871808746
B_plasma_IgG,Macro_dividing,-0.16224462281545557
B_plasma_IgG,Macro_int,0.0464894694908157
B_plasma_IgG,Macro_CCL,-0.13156157360110007
B_plasma_IgG,Mast_cell,-0.2095595398565764
B_plasma_IgG,Megakaryocyte,-0.3646514275409835
B_plasma_IgG,Mesothelia,0.2508548416988144
B_plasma_IgG,Macrophage_intermediate,-0.0589726335045731
B_plasma_IgG,Monocyte_CD14,-0.03757269772830553
B_plasma_IgG,Monocyte_CD16,-0.06591337700813855
B_plasma_IgG,Muscle_airway,-0.13842308487208987
B_plasma_IgG,Muscle_pericyte_airway,0.2796827711170476
B_plasma_IgG,Muscle_pericyte_parenchyma,-0.14973447923776204
B_plasma_IgG,Muscle_perivascular_immune_recruiting,0.11986899230075905
B_plasma_IgG,Muscle_smooth_pulmonary,-0.1731322481303629
B_plasma_IgG,Muscle_smooth_syst_arterial,-0.20277459472002426
B_plasma_IgG,Myoepithelial,0.05525844422801154
B_plasma_IgG,NAF_endoneurial,-0.2207095334069098
B_plasma_IgG,NAF_perineurial,-0.24486120367331943
B_plasma_IgG,NK_CD16hi,-0.2277923213311757
B_plasma_IgG,NKT,-0.12819768078032925
B_plasma_IgG,NK_CD11d,-0.2782078009718345
B_plasma_IgG,NK_CD56bright,-0.3317816323570784
B_plasma_IgG,Neuroendocrine,-0.24913071854012434
B_plasma_IgG,SMG_Basal,-0.3980449004763052
B_plasma_IgG,SMG_Duct,0.03532197638182155
B_plasma_IgG,SMG_Mucous,-0.14374462867153132
B_plasma_IgG,SMG_Serous,0.10012466713723883
B_plasma_IgG,Schwann_Myelinating,-0.16410654785417508
B_plasma_IgG,Schwann_nonmyelinating,-0.24148266795552895
B_plasma_IgG,Secretory_Club,-0.34401793352041216
B_plasma_IgG,Secretory_Goblet,-0.4016569890484334
B_plasma_IgG,Suprabasal,-0.3942245902933934
B_plasma_IgG,T_reg,-0.2682736533278502
B_plasma_IgG,gdT,-0.21547760964085547
B_plasmablast,B_plasmablast,0.23400090480826305
B_plasmablast,Basal,-0.21346780334093848
B_plasmablast,CD4_EM_Effector,-0.05954341669433116
B_plasmablast,CD4_TRM,-0.06846710336463083
B_plasmablast,CD4_naive_CM,0.12461618432548129
B_plasmablast,CD8_EM,-0.06065167607267167
B_plasmablast,CD8_EM_EMRA,0.04583485930715266
B_plasmablast,CD8_TRM_EM,-0.055042242415675825
B_plasmablast,CD8_TRM,-0.1225376887726715
B_plasmablast,Chondrocyte,0.20768006187738938
B_plasmablast,Ciliated,-0.2650851535760584
B_plasmablast,DC_1,-0.010931693438402413
B_plasmablast,DC_2,-0.05187543321481535
B_plasmablast,DC_activated,-0.05003026109765338
B_plasmablast,DC_plasmacytoid,-0.08837038556778498
B_plasmablast,Deuterosomal,-0.24477119786860513
B_plasmablast,Dividing_AT2,-0.08185352844204451
B_plasmablast,Dividing_Basal,-0.11524425994016797
B_plasmablast,Endothelia_Lymphatic,0.21863007470207607
B_plasmablast,Endothelia_vascular_Cap_a,-0.022645231287432347
B_plasmablast,Endothelia_vascular_Cap_g,-0.00699683389021274
B_plasmablast,Endothelia_vascular_arterial_pulmonary,-0.20697706295923932
B_plasmablast,Endothelia_vascular_arterial_systemic,-0.30268126660380007
B_plasmablast,Endothelia_vascular_venous_pulmonary,-0.021561378068213854
B_plasmablast,Endothelia_vascular_venous_systemic,-0.07928629259221634
B_plasmablast,Erythrocyte,-0.03196845612379633
B_plasmablast,Fibro_adventitial,0.2643579969201347
B_plasmablast,Fibro_alveolar,0.012523815221909665
B_plasmablast,Fibro_immune_recruiting,0.2529479019427908
B_plasmablast,Fibro_myofibroblast,0.261795035939825
B_plasmablast,Fibro_peribronchial,-0.04169983793484524
B_plasmablast,Fibro_perichondrial,-0.10837200225059838
B_plasmablast,ILC,-0.03994093684453339
B_plasmablast,Ionocyte_n_Brush,-0.23638270155878827
B_plasmablast,MAIT,-0.0077869917056622405
B_plasmablast,Macro_CHIT1,0.004539531311784906
B_plasmablast,Macro_interstitial,0.03615366522264584
B_plasmablast,Macro_AW_CX3CR1,0.013358513584235968
B_plasmablast,Macro_alveolar_metallothioneins,0.13435257365569866
B_plasmablast,Macro_alv,-0.0697576509445889
B_plasmablast,Macro_dividing,-0.020476719216455174
B_plasmablast,Macro_int,0.14755535306860632
B_plasmablast,Macro_CCL,0.03439317342793516
B_plasmablast,Mast_cell,-0.028689808504890918
B_plasmablast,Megakaryocyte,-0.1666869737298815
B_plasmablast,Mesothelia,0.2594239878943891
B_plasmablast,Macrophage_intermediate,0.09567617422636215
B_plasmablast,Monocyte_CD14,0.09409250143358582
B_plasmablast,Monocyte_CD16,0.09030979216097712
B_plasmablast,Muscle_airway,-0.2025544098242853
B_plasmablast,Muscle_pericyte_airway,0.21474809947855797
B_plasmablast,Muscle_pericyte_parenchyma,0.03688545075307527
B_plasmablast,Muscle_perivascular_immune_recruiting,0.16340548291283571
B_plasmablast,Muscle_smooth_pulmonary,-0.2237244472704608
B_plasmablast,Muscle_smooth_syst_arterial,-0.244205452130543
B_plasmablast,Myoepithelial,0.1270126048635403
B_plasmablast,NAF_endoneurial,-0.2082304899783164
B_plasmablast,NAF_perineurial,-0.24794218948435695
B_plasmablast,NK_CD16hi,-0.023521634460317898
B_plasmablast,NKT,0.04795246062462643
B_plasmablast,NK_CD11d,-0.06588985166122902
B_plasmablast,NK_CD56bright,-0.11625138654609823
B_plasmablast,Neuroendocrine,-0.09379306816900677
B_plasmablast,SMG_Basal,-0.19610812924311474
B_plasmablast,SMG_Duct,0.12370441551242095
B_plasmablast,SMG_Mucous,-0.0064296918649151165
B_plasmablast,SMG_Serous,0.15847318487700784
B_plasmablast,Schwann_Myelinating,-0.043319347289231154
B_plasmablast,Schwann_nonmyelinating,-0.17341479685948438
B_plasmablast,Secretory_Club,-0.17990661092461321
B_plasmablast,Secretory_Goblet,-0.22663248430710292
B_plasmablast,Suprabasal,-0.2421441121831802
B_plasmablast,T_reg,-0.06215286288898104
B_plasmablast,gdT,-0.017186525356328326
Basal,Basal,0.3319396422593256
Basal,CD4_EM_Effector,0.29458839064695796
Basal,CD4_TRM,0.3091046208107611
Basal,CD4_naive_CM,-0.03065717320587555
Basal,CD8_EM,0.2962663322823251
Basal,CD8_EM_EMRA,0.16974665059332447
Basal,CD8_TRM_EM,0.28612788782464443
Basal,CD8_TRM,0.34679438247847494
Basal,Chondrocyte,-0.35655511010443663
Basal,Ciliated,0.39197241560814583
Basal,DC_1,0.18825084404947567
Basal,DC_2,0.26364217283723806
Basal,DC_activated,0.2582701502587624
Basal,DC_plasmacytoid,0.3166595127564887
Basal,Deuterosomal,0.3682625203664298
Basal,Dividing_AT2,0.30159893232865115
Basal,Dividing_Basal,0.3180440540825353
Basal,Endothelia_Lymphatic,-0.19917061041898534
Basal,Endothelia_vascular_Cap_a,0.2699522683689763
Basal,Endothelia_vascular_Cap_g,0.2541972521365536
Basal,Endothelia_vascular_arterial_pulmonary,0.33942799257772865
Basal,Endothelia_vascular_arterial_systemic,0.32231430513410403
Basal,Endothelia_vascular_venous_pulmonary,0.17947193045988208
Basal,Endothelia_vascular_venous_systemic,0.09966599917661911
Basal,Erythrocyte,0.21824907033563654
Basal,Fibro_adventitial,-0.26047014791270157
Basal,Fibro_alveolar,0.21655122267716817
Basal,Fibro_immune_recruiting,-0.13064384229061093
Basal,Fibro_myofibroblast,-0.23772136379745656
Basal,Fibro_peribronchial,0.2001095998870622
Basal,Fibro_perichondrial,0.20505647581291545
Basal,ILC,0.277047652796185
Basal,Ionocyte_n_Brush,0.37372427109438705
Basal,MAIT,0.23331364863407
Basal,Macro_CHIT1,0.12879149131887432
Basal,Macro_interstitial,0.16376061467842432
Basal,Macro_AW_CX3CR1,0.22269263751134638
Basal,Macro_alveolar_metallothioneins,0.0561684769968607
Basal,Macro_alv,0.1939060344888787
Basal,Macro_dividing,0.1782860620174406
Basal,Macro_int,-0.0030244448248094094
Basal,Macro_CCL,0.17106400570098923
Basal,Mast_cell,0.22823756557105626
Basal,Megakaryocyte,0.36736281649693375
Basal,Mesothelia,-0.17398461207806434
Basal,Macrophage_intermediate,0.11681258748848618
Basal,Monocyte_CD14,0.08154066776089607
Basal,Monocyte_CD16,0.12062862722014785
Basal,Muscle_airway,0.09169139902844341
Basal,Muscle_pericyte_airway,-0.21624944878592767
Basal,Muscle_pericyte_parenchyma,0.20908492332564174
Basal,Muscle_perivascular_immune_recruiting,-0.028758366391483912
Basal,Muscle_smooth_pulmonary,0.12600902865869792
Basal,Muscle_smooth_syst_arterial,0.14983049495227357
Basal,Myoepithelial,0.029373443589348163
Basal,NAF_endoneurial,0.198895586614061
Basal,NAF_perineurial,0.20097441236942593
Basal,NK_CD16hi,0.27028920904477277
Basal,NKT,0.1789341189787185
Basal,NK_CD11d,0.30973783487951057
Basal,NK_CD56bright,0.3436271130733155
Basal,Neuroendocrine,0.27100716662929175
Basal,SMG_Basal,0.41560198211727367
Basal,SMG_Duct,0.047431868625776065
Basal,SMG_Mucous,0.20063104100307846
Basal,SMG_Serous,-0.033559517678957616
Basal,Schwann_Myelinating,0.2125608581371159
Basal,Schwann_nonmyelinating,0.24711066417586458
Basal,Secretory_Club,0.31925937941113536
Basal,Secretory_Goblet,0.373763262889982
Basal,Suprabasal,0.3521313703431918
Basal,T_reg,0.29576570201990765
Basal,gdT,0.25370504854180354
CD4_EM_Effector,CD4_EM_Effector,0.37584251298779736
CD4_EM_Effector,CD4_TRM,0.3861024611698152
CD4_EM_Effector,CD4_naive_CM,0.08915953314607777
CD4_EM_Effector,CD8_EM,0.37774624362781256
CD4_EM_Effector,CD8_EM_EMRA,0.29373786364608007
CD4_EM_Effector,CD8_TRM_EM,0.3695101252411654
CD4_EM_Effector,CD8_TRM,0.3943019528784173
CD4_EM_Effector,Chondrocyte,-0.3260015269830845
CD4_EM_Effector,Ciliated,0.3332137746471885
CD4_EM_Effector,DC_1,0.28366584995160893
CD4_EM_Effector,DC_2,0.34577262192380237
CD4_EM_Effector,DC_activated,0.3396039951355409
CD4_EM_Effector,DC_plasmacytoid,0.383556236900468
CD4_EM_Effector,Deuterosomal,0.3132318397228283
CD4_EM_Effector,Dividing_AT2,0.3661394388987354
CD4_EM_Effector,Dividing_Basal,0.3405714198258138
CD4_EM_Effector,Endothelia_Lymphatic,-0.10970248309375898
CD4_EM_Effector,Endothelia_vascular_Cap_a,0.3634208865540776
CD4_EM_Effector,Endothelia_vascular_Cap_g,0.355240846085485
CD4_EM_Effector,Endothelia_vascular_arterial_pulmonary,0.29709447987595666
CD4_EM_Effector,Endothelia_vascular_arterial_systemic,0.1905659049925639
CD4_EM_Effector,Endothelia_vascular_venous_pulmonary,0.2179867232983058
CD4_EM_Effector,Endothelia_vascular_venous_systemic,0.041434808592297895
CD4_EM_Effector,Erythrocyte,0.2978218235845035
CD4_EM_Effector,Fibro_adventitial,-0.15855030971827008
CD4_EM_Effector,Fibro_alveolar,0.3262653328024151
CD4_EM_Effector,Fibro_immune_recruiting,0.023230565761769028
CD4_EM_Effector,Fibro_myofibroblast,-0.12334512737958224
CD4_EM_Effector,Fibro_peribronchial,0.21691604792153996
CD4_EM_Effector,Fibro_perichondrial,0.19043544118479014
CD4_EM_Effector,ILC,0.36779462365933724
CD4_EM_Effector,Ionocyte_n_Brush,0.3283634206596545
CD4_EM_Effector,MAIT,0.3372564094675545
CD4_EM_Effector,Macro_CHIT1,0.2147197351497021
CD4_EM_Effector,Macro_interstitial,0.28009371387852644
CD4_EM_Effector,Macro_AW_CX3CR1,0.3372743632039927
CD4_EM_Effector,Macro_alveolar_metallothioneins,0.20599929569875639
CD4_EM_Effector,Macro_alv,0.23929343403499628
CD4_EM_Effector,Macro_dividing,0.25744632546531887
CD4_EM_Effector,Macro_int,0.14518109810437882
CD4_EM_Effector,Macro_CCL,0.2881384686790202
CD4_EM_Effector,Mast_cell,0.3144919428792878
CD4_EM_Effector,Megakaryocyte,0.3771473142438711
CD4_EM_Effector,Mesothelia,-0.022858302079104706
CD4_EM_Effector,Macrophage_intermediate,0.26123298606619344
CD4_EM_Effector,Monocyte_CD14,0.21526349539871392
CD4_EM_Effector,Monocyte_CD16,0.26300735367934275
CD4_EM_Effector,Muscle_airway,-0.06247399493838623
CD4_EM_Effector,Muscle_pericyte_airway,-0.13899967372163938
CD4_EM_Effector,Muscle_pericyte_parenchyma,0.33057611222874267
CD4_EM_Effector,Muscle_perivascular_immune_recruiting,0.08190299343623793
CD4_EM_Effector,Muscle_smooth_pulmonary,-0.03262235951630916
CD4_EM_Effector,Muscle_smooth_syst_arterial,-0.013488857697057524
CD4_EM_Effector,Myoepithelial,0.13960906750188168
CD4_EM_Effector,NAF_endoneurial,0.08720443829316056
CD4_EM_Effector,NAF_perineurial,0.056700144034658735
CD4_EM_Effector,NK_CD16hi,0.36962149731207067
CD4_EM_Effector,NKT,0.3067739930105477
CD4_EM_Effector,NK_CD11d,0.3881696962251044
CD4_EM_Effector,NK_CD56bright,0.39541915348382317
CD4_EM_Effector,Neuroendocrine,0.3003237352995493
CD4_EM_Effector,SMG_Basal,0.40319854540445915
CD4_EM_Effector,SMG_Duct,0.1590577275850017
CD4_EM_Effector,SMG_Mucous,0.2737877697362274
CD4_EM_Effector,SMG_Serous,0.08780011220832956
CD4_EM_Effector,Schwann_Myelinating,0.2533511748579733
CD4_EM_Effector,Schwann_nonmyelinating,0.18851239939990086
CD4_EM_Effector,Secretory_Club,0.30435607039457485
CD4_EM_Effector,Secretory_Goblet,0.33658508619899985
CD4_EM_Effector,Suprabasal,0.29613961122778465
CD4_EM_Effector,T_reg,0.3751948713638962
CD4_EM_Effector,gdT,0.3546760936964925
CD4_TRM,CD4_TRM,0.4014961045535539
CD4_TRM,CD4_naive_CM,0.08992099386009798
CD4_TRM,CD8_EM,0.3927252603947407
CD4_TRM,CD8_EM_EMRA,0.30282807343438084
CD4_TRM,CD8_TRM_EM,0.38435659975555964
CD4_TRM,CD8_TRM,0.4124775247125401
CD4_TRM,Chondrocyte,-0.3441105389501234
CD4_TRM,Ciliated,0.3537397867943708
CD4_TRM,DC_1,0.2950278056149776
CD4_TRM,DC_2,0.36075279675749594
CD4_TRM,DC_activated,0.35386896533900175
CD4_TRM,DC_plasmacytoid,0.39959184216506566
CD4_TRM,Deuterosomal,0.3309377093814687
CD4_TRM,Dividing_AT2,0.38265767594788663
CD4_TRM,Dividing_Basal,0.3575333694340929
CD4_TRM,Endothelia_Lymphatic,-0.11939368146122491
CD4_TRM,Endothelia_vascular_Cap_a,0.3776718431845672
CD4_TRM,Endothelia_vascular_Cap_g,0.3685397806123723
CD4_TRM,Endothelia_vascular_arterial_pulmonary,0.3114354028982595
CD4_TRM,Endothelia_vascular_arterial_systemic,0.20294438975145002
CD4_TRM,Endothelia_vascular_venous_pulmonary,0.22397043549038123
CD4_TRM,Endothelia_vascular_venous_systemic,0.04317449342266952
CD4_TRM,Erythrocyte,0.3094472509155743
CD4_TRM,Fibro_adventitial,-0.1719186185379972
CD4_TRM,Fibro_alveolar,0.3381692772670441
CD4_TRM,Fibro_immune_recruiting,0.01514217145801973
CD4_TRM,Fibro_myofibroblast,-0.1337436999802349
CD4_TRM,Fibro_peribronchial,0.22465300999634508
CD4_TRM,Fibro_perichondrial,0.196137201042573
CD4_TRM,ILC,0.38132511401956953
CD4_TRM,Ionocyte_n_Brush,0.3490270038671768
CD4_TRM,MAIT,0.3493188478266646
CD4_TRM,Macro_CHIT1,0.22314744357880015
CD4_TRM,Macro_interstitial,0.289594537247238
CD4_TRM,Macro_AW_CX3CR1,0.3486534399400676
CD4_TRM,Macro_alveolar_metallothioneins,0.20926822752546573
CD4_TRM,Macro_alv,0.2508378675861795
CD4_TRM,Macro_dividing,0.26817370576925564
CD4_TRM,Macro_int,0.14720540301864612
CD4_TRM,Macro_CCL,0.29769794215000556
CD4_TRM,Mast_cell,0.32734906613644826
CD4_TRM,Megakaryocyte,0.3936770153087578
CD4_TRM,Mesothelia,-0.03264218328128105
CD4_TRM,Macrophage_intermediate,0.26712186131610577
CD4_TRM,Monocyte_CD14,0.2208051407056243
CD4_TRM,Monocyte_CD16,0.2697273437446441
CD4_TRM,Muscle_airway,-0.06091585724163753
CD4_TRM,Muscle_pericyte_airway,-0.14981367065638956
CD4_TRM,Muscle_pericyte_parenchyma,0.3412278973942715
CD4_TRM,Muscle_perivascular_immune_recruiting,0.07804794071911465
CD4_TRM,Muscle_smooth_pulmonary,-0.029268508429432422
CD4_TRM,Muscle_smooth_syst_arterial,-0.00893836522769778
CD4_TRM,Myoepithelial,0.13881184922476728
CD4_TRM,NAF_endoneurial,0.09278478368480803
CD4_TRM,NAF_perineurial,0.06285129206133822
CD4_TRM,NK_CD16hi,0.38295885422736253
CD4_TRM,NKT,0.3158954797475254
CD4_TRM,NK_CD11d,0.4036715187954308
CD4_TRM,NK_CD56bright,0.41309566921182994
CD4_TRM,Neuroendocrine,0.31033159008437305
CD4_TRM,SMG_Basal,0.42398229662750014
CD4_TRM,SMG_Duct,0.159521487581067
CD4_TRM,SMG_Mucous,0.28408219962286135
CD4_TRM,SMG_Serous,0.08318312026503534
CD4_TRM,Schwann_Myelinating,0.2600792623267579
CD4_TRM,Schwann_nonmyelinating,0.19610576479465622
CD4_TRM,Secretory_Club,0.3227577777305631
CD4_TRM,Secretory_Goblet,0.35714192316046595
CD4_TRM,Suprabasal,0.3147646198093735
CD4_TRM,T_reg,0.39025767466388367
CD4_TRM,gdT,0.3670526634915749
CD4_naive_CM,CD4_naive_CM,0.08984061516323909
CD4_naive_CM,CD8_EM,0.07444507331592688
CD4_naive_CM,CD8_EM_EMRA,0.11738771402086107
CD4_naive_CM,CD8_TRM_EM,0.07468343018929942
CD4_naive_CM,CD8_TRM,0.039587026202211544
CD4_naive_CM,Chondrocyte,0.032886191830440066
CD4_naive_CM,Ciliated,-0.07303674451882211
CD4_naive_CM,DC_1,0.07368889622614747
CD4_naive_CM,DC_2,0.06721404356426124
CD4_naive_CM,DC_activated,0.06664127456441601
CD4_naive_CM,DC_plasmacytoid,0.059222270220014604
CD4_naive_CM,Deuterosomal,-0.06194075695511284
CD4_naive_CM,Dividing_AT2,0.05372753511069972
CD4_naive_CM,Dividing_Basal,0.02085543311227851
CD4_naive_CM,Endothelia_Lymphatic,0.0998254679072718
CD4_naive_CM,Endothelia_vascular_Cap_a,0.09362041830476181
CD4_naive_CM,Endothelia_vascular_Cap_g,0.10286639791705608
CD4_naive_CM,Endothelia_vascular_arterial_pulmonary,-0.029315585203201776
CD4_naive_CM,Endothelia_vascular_arterial_systemic,-0.13013602046419379
CD4_naive_CM,Endothelia_vascular_venous_pulmonary,0.060890769590604195
CD4_naive_CM,Endothelia_vascular_venous_systemic,-0.04125024125942094
CD4_naive_CM,Erythrocyte,0.07155157646442782
CD4_naive_CM,Fibro_adventitial,0.11025764311721042
CD4_naive_CM,Fibro_alveolar,0.10340957732922518
CD4_naive_CM,Fibro_immune_recruiting,0.17650025823356696
CD4_naive_CM,Fibro_myofibroblast,0.10987899060806439
CD4_naive_CM,Fibro_peribronchial,0.04095903413603242
CD4_naive_CM,Fibro_perichondrial,0.01038695598803849
CD4_naive_CM,ILC,0.0865306546371803
CD4_naive_CM,Ionocyte_n_Brush,-0.054693960953129984
CD4_naive_CM,MAIT,0.09533660090686114
CD4_naive_CM,Macro_CHIT1,0.06844710563437653
CD4_naive_CM,Macro_interstitial,0.10580273385983453
CD4_naive_CM,Macro_AW_CX3CR1,0.1119892491790457
CD4_naive_CM,Macro_alveolar_metallothioneins,0.14653877776543253
CD4_naive_CM,Macro_alv,0.029195910678357667
CD4_naive_CM,Macro_dividing,0.06459222859263222
CD4_naive_CM,Macro_int,0.12788115266923536
CD4_naive_CM,Macro_CCL,0.10788965020058146
CD4_naive_CM,Mast_cell,0.06469282018242804
CD4_naive_CM,Megakaryocyte,0.01461118694423933
CD4_naive_CM,Mesothelia,0.15520969892104694
CD4_naive_CM,Macrophage_intermediate,0.14067815562454045
CD4_naive_CM,Monocyte_CD14,0.12064912211997031
CD4_naive_CM,Monocyte_CD16,0.135612017356208
CD4_naive_CM,Muscle_airway,-0.13607227064448793
CD4_naive_CM,Muscle_pericyte_airway,0.08219717709098516
CD4_naive_CM,Muscle_pericyte_parenchyma,0.12382942548865904
CD4_naive_CM,Muscle_perivascular_immune_recruiting,0.1412006971373624
CD4_naive_CM,Muscle_smooth_pulmonary,-0.14250614805977938
CD4_naive_CM,Muscle_smooth_syst_arterial,-0.14913110864957166
CD4_naive_CM,Myoepithelial,0.15458500319012236
CD4_naive_CM,NAF_endoneurial,-0.08541937758207506
CD4_naive_CM,NAF_perineurial,-0.12824791697931245
CD4_naive_CM,NK_CD16hi,0.10033014969757621
CD4_naive_CM,NKT,0.12389914865911623
CD4_naive_CM,NK_CD11d,0.0779068632462682
CD4_naive_CM,NK_CD56bright,0.04413725620513636
CD4_naive_CM,Neuroendocrine,0.048119144819231637
CD4_naive_CM,SMG_Basal,-0.0010394531938014444
CD4_naive_CM,SMG_Duct,0.14267645498436374
CD4_naive_CM,SMG_Mucous,0.09779840332141289
CD4_naive_CM,SMG_Serous,0.14979966352761745
CD4_naive_CM,Schwann_Myelinating,0.07971178780083231
CD4_naive_CM,Schwann_nonmyelinating,-0.029946741067297677
CD4_naive_CM,Secretory_Club,-0.034030238837569025
CD4_naive_CM,Secretory_Goblet,-0.04980444713560773
CD4_naive_CM,Suprabasal,-0.07107256148057119
CD4_naive_CM,T_reg,0.07391425243924855
CD4_naive_CM,gdT,0.09755210323784624
CD8_EM,CD8_EM,0.37845648244652624
CD8_EM,CD8_EM_EMRA,0.29421789194915854
CD8_EM,CD8_TRM_EM,0.3700511040091432
CD8_EM,CD8_TRM,0.3948217464758519
CD8_EM,Chondrocyte,-0.3264207558716323
CD8_EM,Ciliated,0.33334166355632866
CD8_EM,DC_1,0.2837059063110322
CD8_EM,DC_2,0.34597481359135557
CD8_EM,DC_activated,0.33981728618625434
CD8_EM,DC_plasmacytoid,0.38425697420141086
CD8_EM,Deuterosomal,0.3136585488923562
CD8_EM,Dividing_AT2,0.3665940244037555
CD8_EM,Dividing_Basal,0.34187595003077753
CD8_EM,Endothelia_Lymphatic,-0.1084809938281865
CD8_EM,Endothelia_vascular_Cap_a,0.3640237244331786
CD8_EM,Endothelia_vascular_Cap_g,0.3558559947099374
CD8_EM,Endothelia_vascular_arterial_pulmonary,0.29832253241443446
CD8_EM,Endothelia_vascular_arterial_systemic,0.19152574670579872
CD8_EM,Endothelia_vascular_venous_pulmonary,0.22023442632142023
CD8_EM,Endothelia_vascular_venous_systemic,0.043852108560276916
CD8_EM,Erythrocyte,0.2980904177165856
CD8_EM,Fibro_adventitial,-0.15765266304872347
CD8_EM,Fibro_alveolar,0.3265121252212754
CD8_EM,Fibro_immune_recruiting,0.02462870356489659
CD8_EM,Fibro_myofibroblast,-0.12298977862061407
CD8_EM,Fibro_peribronchial,0.21906674403803827
CD8_EM,Fibro_perichondrial,0.19132383103787418
CD8_EM,ILC,0.3687073416105975
CD8_EM,Ionocyte_n_Brush,0.32853273807576594
CD8_EM,MAIT,0.3378049520363447
CD8_EM,Macro_CHIT1,0.21451631136098223
CD8_EM,Macro_interstitial,0.2803440241953465
CD8_EM,Macro_AW_CX3CR1,0.33806928738245406
CD8_EM,Macro_alveolar_metallothioneins,0.2069607008229323
CD8_EM,Macro_alv,0.23913113986147846
CD8_EM,Macro_dividing,0.25739524053672996
CD8_EM,Macro_int,0.1451266859398592
CD8_EM,Macro_CCL,0.28852287794968307
CD8_EM,Mast_cell,0.3149351142283496
CD8_EM,Megakaryocyte,0.3783007684708068
CD8_EM,Mesothelia,-0.02186789872892721
CD8_EM,Macrophage_intermediate,0.26209218752092667
CD8_EM,Monocyte_CD14,0.21538018582129126
CD8_EM,Monocyte_CD16,0.2635942752996604
CD8_EM,Muscle_airway,-0.061573990522315596
CD8_EM,Muscle_pericyte_airway,-0.1376819309426535
CD8_EM,Muscle_pericyte_parenchyma,0.3313068842219747
CD8_EM,Muscle_perivascular_immune_recruiting,0.08398360565871991
CD8_EM,Muscle_smooth_pulmonary,-0.03165788683157126
CD8_EM,Muscle_smooth_syst_arterial,-0.012613460972540305
CD8_EM,Myoepithelial,0.1410000733103524
CD8_EM,NAF_endoneurial,0.08867083959128562
CD8_EM,NAF_perineurial,0.05787303353773671
CD8_EM,NK_CD16hi,0.37049885071068006
CD8_EM,NKT,0.30746543871598847
CD8_EM,NK_CD11d,0.3890135593947342
CD8_EM,NK_CD56bright,0.396015463961329
CD8_EM,Neuroendocrine,0.30196821993855144
CD8_EM,SMG_Basal,0.4044659117748422
CD8_EM,SMG_Duct,0.16065026380660333
CD8_EM,SMG_Mucous,0.2747933591020347
CD8_EM,SMG_Serous,0.08892631309028703
CD8_EM,Schwann_Myelinating,0.2551409542882654
CD8_EM,Schwann_nonmyelinating,0.1904272384499441
CD8_EM,Secretory_Club,0.3043858551658314
CD8_EM,Secretory_Goblet,0.33691855544857247
CD8_EM,Suprabasal,0.2963543561843682
CD8_EM,T_reg,0.3759056992524439
CD8_EM,gdT,0.3555444977834376
CD8_EM_EMRA,CD8_EM_EMRA,0.261302642524908
CD8_EM_EMRA,CD8_TRM_EM,0.28422032917436063
CD8_EM_EMRA,CD8_TRM,0.27782939410330915
CD8_EM_EMRA,Chondrocyte,-0.19606250588134988
CD8_EM_EMRA,Ciliated,0.17291933796343362
CD8_EM_EMRA,DC_1,0.2348158085269807
CD8_EM_EMRA,DC_2,0.2664569893009471
CD8_EM_EMRA,DC_activated,0.26143474180299514
CD8_EM_EMRA,DC_plasmacytoid,0.28440887855004277
CD8_EM_EMRA,Deuterosomal,0.16369230498161427
CD8_EM_EMRA,Dividing_AT2,0.2693052531337222
CD8_EM_EMRA,Dividing_Basal,0.23877620263469032
CD8_EM_EMRA,Endothelia_Lymphatic,0.0018859601518814663
CD8_EM_EMRA,Endothelia_vascular_Cap_a,0.28805394660495137
CD8_EM_EMRA,Endothelia_vascular_Cap_g,0.2872936673652072
CD8_EM_EMRA,Endothelia_vascular_arterial_pulmonary,0.16925279614031566
CD8_EM_EMRA,Endothelia_vascular_arterial_systemic,0.045823330291107224
CD8_EM_EMRA,Endothelia_vascular_venous_pulmonary,0.1807047002235608
CD8_EM_EMRA,Endothelia_vascular_venous_systemic,0.013281933822346638
CD8_EM_EMRA,Erythrocyte,0.23454048558807553
CD8_EM_EMRA,Fibro_adventitial,-0.024625882986977723
CD8_EM_EMRA,Fibro_alveolar,0.27213995761866466
CD8_EM_EMRA,Fibro_immune_recruiting,0.12326394743247167
CD8_EM_EMRA,Fibro_myofibroblast,-0.0002948457145857832
CD8_EM_EMRA,Fibro_peribronchial,0.16762990768076244
CD8_EM_EMRA,Fibro_perichondrial,0.11980611043277523
CD8_EM_EMRA,ILC,0.2909747453801813
CD8_EM_EMRA,Ionocyte_n_Brush,0.17820479902886852
CD8_EM_EMRA,MAIT,0.2766244122318741
CD8_EM_EMRA,Macro_CHIT1,0.18519432102101255
CD8_EM_EMRA,Macro_interstitial,0.2466532284619725
CD8_EM_EMRA,Macro_AW_CX3CR1,0.2870537454533798
CD8_EM_EMRA,Macro_alveolar_metallothioneins,0.22923927827032012
CD8_EM_EMRA,Macro_alv,0.17525601781411063
CD8_EM_EMRA,Macro_dividing,0.20819497967087017
CD8_EM_EMRA,Macro_int,0.18218013935972074
CD8_EM_EMRA,Macro_CCL,0.2530637564221336
CD8_EM_EMRA,Mast_cell,0.25156144390467067
CD8_EM_EMRA,Megakaryocyte,0.24916090251744547
CD8_EM_EMRA,Mesothelia,0.08809191856095429
CD8_EM_EMRA,Macrophage_intermediate,0.2582319100897055
CD8_EM_EMRA,Monocyte_CD14,0.2156991639457613
CD8_EM_EMRA,Monocyte_CD16,0.25518494723527035
CD8_EM_EMRA,Muscle_airway,-0.1260325013299154
CD8_EM_EMRA,Muscle_pericyte_airway,-0.022793933883312047
CD8_EM_EMRA,Muscle_pericyte_parenchyma,0.28524663355103846
CD8_EM_EMRA,Muscle_perivascular_immune_recruiting,0.13898974059968958
CD8_EM_EMRA,Muscle_smooth_pulmonary,-0.10883048218879647
CD8_EM_EMRA,Muscle_smooth_syst_arterial,-0.10028211523474967
CD8_EM_EMRA,Myoepithelial,0.16654258642671874
CD8_EM_EMRA,NAF_endoneurial,-0.001163271717135095
CD8_EM_EMRA,NAF_perineurial,-0.04295247177726217
CD8_EM_EMRA,NK_CD16hi,0.2970710014433065
CD8_EM_EMRA,NKT,0.27373234181893163
CD8_EM_EMRA,NK_CD11d,0.2958490060909404
CD8_EM_EMRA,NK_CD56bright,0.28176033491461555
CD8_EM_EMRA,Neuroendocrine,0.21809500254887315
CD8_EM_EMRA,SMG_Basal,0.25664827788017625
CD8_EM_EMRA,SMG_Duct,0.18131110357264105
CD8_EM_EMRA,SMG_Mucous,0.2275435501636339
CD8_EM_EMRA,SMG_Serous,0.13566553754379748
CD8_EM_EMRA,Schwann_Myelinating,0.19890483066389797
CD8_EM_EMRA,Schwann_nonmyelinating,0.09991494477721452
CD8_EM_EMRA,Secretory_Club,0.1807758571122836
CD8_EM_EMRA,Secretory_Goblet,0.19070750988624033
CD8_EM_EMRA,Suprabasal,0.15020182789128594
CD8_EM_EMRA,T_reg,0.2867880804829076
CD8_EM_EMRA,gdT,0.2885098429137176
CD8_TRM_EM,CD8_TRM_EM,0.3583290065204612
CD8_TRM_EM,CD8_TRM,0.3804649930113954
CD8_TRM_EM,Chondrocyte,-0.3136199233206956
CD8_TRM_EM,Ciliated,0.31699186038937605
CD8_TRM_EM,DC_1,0.27516483367377725
CD8_TRM_EM,DC_2,0.3342105546257706
CD8_TRM_EM,DC_activated,0.32828992425817843
CD8_TRM_EM,DC_plasmacytoid,0.3719739158593114
CD8_TRM_EM,Deuterosomal,0.29935911610580107
CD8_TRM_EM,Dividing_AT2,0.3535290545999945
CD8_TRM_EM,Dividing_Basal,0.3309123492889135
CD8_TRM_EM,Endothelia_Lymphatic,-0.09660781581313498
CD8_TRM_EM,Endothelia_vascular_Cap_a,0.3526510768359166
CD8_TRM_EM,Endothelia_vascular_Cap_g,0.3451383519254723
CD8_TRM_EM,Endothelia_vascular_arterial_pulmonary,0.2874549903786373
CD8_TRM_EM,Endothelia_vascular_arterial_systemic,0.18172442572104153
CD8_TRM_EM,Endothelia_vascular_venous_pulmonary,0.219182669538718
CD8_TRM_EM,Endothelia_vascular_venous_systemic,0.04702124978223732
CD8_TRM_EM,Erythrocyte,0.2884755675939293
CD8_TRM_EM,Fibro_adventitial,-0.14356519688073818
CD8_TRM_EM,Fibro_alveolar,0.316624608528264
CD8_TRM_EM,Fibro_immune_recruiting,0.0342522415305414
CD8_TRM_EM,Fibro_myofibroblast,-0.11231507592435026
CD8_TRM_EM,Fibro_peribronchial,0.21648468122012257
CD8_TRM_EM,Fibro_perichondrial,0.18618722988796568
CD8_TRM_EM,ILC,0.35870939804090357
CD8_TRM_EM,Ionocyte_n_Brush,0.31242445997289975
CD8_TRM_EM,MAIT,0.3283606129002299
CD8_TRM_EM,Macro_CHIT1,0.20805506298129386
CD8_TRM_EM,Macro_interstitial,0.27290652804334775
CD8_TRM_EM,Macro_AW_CX3CR1,0.33021381174538805
CD8_TRM_EM,Macro_alveolar_metallothioneins,0.2067348149863897
CD8_TRM_EM,Macro_alv,0.22992377080367069
CD8_TRM_EM,Macro_dividing,0.24896519368192352
CD8_TRM_EM,Macro_int,0.1447525295042331
CD8_TRM_EM,Macro_CCL,0.28121981986624633
CD8_TRM_EM,Mast_cell,0.3055539579642076
CD8_TRM_EM,Megakaryocyte,0.36576791741709624
CD8_TRM_EM,Mesothelia,-0.011466846824420828
CD8_TRM_EM,Macrophage_intermediate,0.25898075028907214
CD8_TRM_EM,Monocyte_CD14,0.21109090483609375
CD8_TRM_EM,Monocyte_CD16,0.2591048541767049
CD8_TRM_EM,Muscle_airway,-0.061920458120940526
CD8_TRM_EM,Muscle_pericyte_airway,-0.12404708166089973
CD8_TRM_EM,Muscle_pericyte_parenchyma,0.32289365767959033
CD8_TRM_EM,Muscle_perivascular_immune_recruiting,0.09113341548305859
CD8_TRM_EM,Muscle_smooth_pulmonary,-0.03318289835318853
CD8_TRM_EM,Muscle_smooth_syst_arterial,-0.015180099780696886
CD8_TRM_EM,Myoepithelial,0.14328176224476763
CD8_TRM_EM,NAF_endoneurial,0.08560963546103188
CD8_TRM_EM,NAF_perineurial,0.05393058695428018
CD8_TRM_EM,NK_CD16hi,0.36038615516299594
CD8_TRM_EM,NKT,0.3006785508979213
CD8_TRM_EM,NK_CD11d,0.3772481738243281
CD8_TRM_EM,NK_CD56bright,0.38218188804773007
CD8_TRM_EM,Neuroendocrine,0.2956845121205985
CD8_TRM_EM,SMG_Basal,0.38981346958070456
CD8_TRM_EM,SMG_Duct,0.16250362234657525
CD8_TRM_EM,SMG_Mucous,0.26878756499092676
CD8_TRM_EM,SMG_Serous,0.09321948426948863
CD8_TRM_EM,Schwann_Myelinating,0.2516658830666704
CD8_TRM_EM,Schwann_nonmyelinating,0.18668434106410628
CD8_TRM_EM,Secretory_Club,0.290178582252485
CD8_TRM_EM,Secretory_Goblet,0.3215685488792746
CD8_TRM_EM,Suprabasal,0.2815831038167278
CD8_TRM_EM,T_reg,0.36425943971919167
CD8_TRM_EM,gdT,0.3463062719444879
CD8_TRM,CD8_TRM,0.42507414137518307
CD8_TRM,Chondrocyte,-0.37700699334008264
CD8_TRM,Ciliated,0.39542343679161923
CD8_TRM,DC_1,0.2838271554895964
CD8_TRM,DC_2,0.3577650244243367
CD8_TRM,DC_activated,0.35114691071460374
CD8_TRM,DC_plasmacytoid,0.40688093547708015
CD8_TRM,Deuterosomal,0.37213770839740296
CD8_TRM,Dividing_AT2,0.3870420199388429
CD8_TRM,Dividing_Basal,0.3733040887709487
CD8_TRM,Endothelia_Lymphatic,-0.15377814187447092
CD8_TRM,Endothelia_vascular_Cap_a,0.3724623236198412
CD8_TRM,Endothelia_vascular_Cap_g,0.360746958700863
CD8_TRM,Endothelia_vascular_arterial_pulmonary,0.35074825802369913
CD8_TRM,Endothelia_vascular_arterial_systemic,0.26416280241683715
CD8_TRM,Endothelia_vascular_venous_pulmonary,0.23476005808619307
CD8_TRM,Endothelia_vascular_venous_systemic,0.07095789303338966
CD8_TRM,Erythrocyte,0.3049053670881099
CD8_TRM,Fibro_adventitial,-0.21383904217132563
CD8_TRM,Fibro_alveolar,0.3246820842846288
CD8_TRM,Fibro_immune_recruiting,-0.027104645551714174
CD8_TRM,Fibro_myofibroblast,-0.18049363301914398
CD8_TRM,Fibro_peribronchial,0.2396161266236546
CD8_TRM,Fibro_perichondrial,0.2217288103874497
CD8_TRM,ILC,0.38080975339202366
CD8_TRM,Ionocyte_n_Brush,0.3846771260300921
CD8_TRM,MAIT,0.3408629008846355
CD8_TRM,Macro_CHIT1,0.20917744569171437
CD8_TRM,Macro_interstitial,0.27161311176809916
CD8_TRM,Macro_AW_CX3CR1,0.33792317477142525
CD8_TRM,Macro_alveolar_metallothioneins,0.17787182390373904
CD8_TRM,Macro_alv,0.2515344517068886
CD8_TRM,Macro_dividing,0.2596968943250618
CD8_TRM,Macro_int,0.10884411587863634
CD8_TRM,Macro_CCL,0.2807680358888756
CD8_TRM,Mast_cell,0.3216460509217633
CD8_TRM,Megakaryocyte,0.42187983889237746
CD8_TRM,Mesothelia,-0.07909470655926573
CD8_TRM,Macrophage_intermediate,0.24213110563009943
CD8_TRM,Monocyte_CD14,0.19254487247973193
CD8_TRM,Monocyte_CD16,0.24386212277638827
CD8_TRM,Muscle_airway,-0.011730068199025756
CD8_TRM,Muscle_pericyte_airway,-0.18158420232724504
CD8_TRM,Muscle_pericyte_parenchyma,0.32608847019367515
CD8_TRM,Muscle_perivascular_immune_recruiting,0.05519991753045283
CD8_TRM,Muscle_smooth_pulmonary,0.023053582028736207
CD8_TRM,Muscle_smooth_syst_arterial,0.04628145525454608
CD8_TRM,Myoepithelial,0.1192197571318367
CD8_TRM,NAF_endoneurial,0.14215794695500522
CD8_TRM,NAF_perineurial,0.11879204828722999
CD8_TRM,NK_CD16hi,0.37924110494393587
CD8_TRM,NKT,0.2981301071730736
CD8_TRM,NK_CD11d,0.40766857101121357
CD8_TRM,NK_CD56bright,0.42517608476414376
CD8_TRM,Neuroendocrine,0.3303393841923017
CD8_TRM,SMG_Basal,0.4566683086003624
CD8_TRM,SMG_Duct,0.13923163807070585
CD8_TRM,SMG_Mucous,0.2820156474873721
CD8_TRM,SMG_Serous,0.05751356682875808
CD8_TRM,Schwann_Myelinating,0.2735247388173336
CD8_TRM,Schwann_nonmyelinating,0.23717961575400956
CD8_TRM,Secretory_Club,0.3463745321627853
CD8_TRM,Secretory_Goblet,0.3909929238261183
CD8_TRM,Suprabasal,0.35319576291606697
CD8_TRM,T_reg,0.39248520354428607
CD8_TRM,gdT,0.36216564763274595
Chondrocyte,Chondrocyte,0.35432756450387437
Chondrocyte,Ciliated,-0.4354085486553871
Chondrocyte,DC_1,-0.22392659558975733
Chondrocyte,DC_2,-0.3006547309765398
Chondrocyte,DC_activated,-0.2960681418168166
Chondrocyte,DC_plasmacytoid,-0.3552380958609112
Chondrocyte,Deuterosomal,-0.4120064964469298
Chondrocyte,Dividing_AT2,-0.3386386216174431
Chondrocyte,Dividing_Basal,-0.31517569983700844
Chondrocyte,Endothelia_Lymphatic,0.26684330644047105
Chondrocyte,Endothelia_vascular_Cap_a,-0.29288346844129703
Chondrocyte,Endothelia_vascular_Cap_g,-0.2788342288233242
Chondrocyte,Endothelia_vascular_arterial_pulmonary,-0.37546962930383604
Chondrocyte,Endothelia_vascular_arterial_systemic,-0.3385825992614724
Chondrocyte,Endothelia_vascular_venous_pulmonary,-0.16921780827373978
Chondrocyte,Endothelia_vascular_venous_systemic,-0.052885749338417616
Chondrocyte,Erythrocyte,-0.25917371566586384
Chondrocyte,Fibro_adventitial,0.3349709094533238
Chondrocyte,Fibro_alveolar,-0.238934493495339
Chondrocyte,Fibro_immune_recruiting,0.16681145893224017
Chondrocyte,Fibro_myofibroblast,0.3144596609525176
Chondrocyte,Fibro_peribronchial,-0.17495998664587323
Chondrocyte,Fibro_perichondrial,-0.2098303478706812
Chondrocyte,ILC,-0.3083773896692407
Chondrocyte,Ionocyte_n_Brush,-0.42137587234970014
Chondrocyte,MAIT,-0.2632034395540493
Chondrocyte,Macro_CHIT1,-0.15877909627339226
Chondrocyte,Macro_interstitial,-0.1899731785030274
Chondrocyte,Macro_AW_CX3CR1,-0.24546644978968038
Chondrocyte,Macro_alveolar_metallothioneins,-0.05235570421665784
Chondrocyte,Macro_alv,-0.23861719308442872
Chondrocyte,Macro_dividing,-0.21540766470452996
Chondrocyte,Macro_int,0.006396533004462096
Chondrocyte,Macro_CCL,-0.1977389315839105
Chondrocyte,Mast_cell,-0.2481283805007295
Chondrocyte,Megakaryocyte,-0.4116204423187631
Chondrocyte,Mesothelia,0.22235898656789713
Chondrocyte,Macrophage_intermediate,-0.12840494565179086
Chondrocyte,Monocyte_CD14,-0.09880947702200327
Chondrocyte,Monocyte_CD16,-0.13569080776570394
Chondrocyte,Muscle_airway,-0.10365704233976368
Chondrocyte,Muscle_pericyte_airway,0.29207964308313267
Chondrocyte,Muscle_pericyte_parenchyma,-0.2267411716533614
Chondrocyte,Muscle_perivascular_immune_recruiting,0.058528906945679145
Chondrocyte,Muscle_smooth_pulmonary,-0.13437486214934588
Chondrocyte,Muscle_smooth_syst_arterial,-0.1635843576304571
Chondrocyte,Myoepithelial,-0.056157239194635715
Chondrocyte,NAF_endoneurial,-0.22378363596649586
Chondrocyte,NAF_perineurial,-0.21954579968408142
Chondrocyte,NK_CD16hi,-0.3030513617288685
Chondrocyte,NKT,-0.20195870286681505
Chondrocyte,NK_CD11d,-0.34593997198241383
Chondrocyte,NK_CD56bright,-0.3842714548713378
Chondrocyte,Neuroendocrine,-0.3051095677632426
Chondrocyte,SMG_Basal,-0.4361495745978088
Chondrocyte,SMG_Duct,-0.04451002371567656
Chondrocyte,SMG_Mucous,-0.2279083726687885
Chondrocyte,SMG_Serous,0.015008019309426609
Chondrocyte,Schwann_Myelinating,-0.2496632872149798
Chondrocyte,Schwann_nonmyelinating,-0.26694943216055084
Chondrocyte,Secretory_Club,-0.34759956630456296
Chondrocyte,Secretory_Goblet,-0.4073669360141358
Chondrocyte,Suprabasal,-0.3952590923506462
Chondrocyte,T_reg,-0.3324886675949485
Chondrocyte,gdT,-0.2833866094034861
Ciliated,Ciliated,0.4661900242813965
Ciliated,DC_1,0.20783511767639049
Ciliated,DC_2,0.2978547434271404
Ciliated,DC_activated,0.2933547994275559
Ciliated,DC_plasmacytoid,0.3618479928637937
Ciliated,Deuterosomal,0.44012921653813303
Ciliated,Dividing_AT2,0.34535976562353704
Ciliated,Dividing_Basal,0.35506568318164994
Ciliated,Endothelia_Lymphatic,-0.26107110091159785
Ciliated,Endothelia_vascular_Cap_a,0.3018084063883392
Ciliated,Endothelia_vascular_Cap_g,0.2833378696682292
Ciliated,Endothelia_vascular_arterial_pulmonary,0.402747781806962
Ciliated,Endothelia_vascular_arterial_systemic,0.39445117598516105
Ciliated,Endothelia_vascular_venous_pulmonary,0.19414814827226656
Ciliated,Endothelia_vascular_venous_systemic,0.10501724852496154
Ciliated,Erythrocyte,0.24772620021394806
Ciliated,Fibro_adventitial,-0.3333683460353112
Ciliated,Fibro_alveolar,0.23850964433908037
Ciliated,Fibro_immune_recruiting,-0.18418092779852457
Ciliated,Fibro_myofibroblast,-0.30639530657369196
Ciliated,Fibro_peribronchial,0.2170353092030063
Ciliated,Fibro_perichondrial,0.24107486425616212
Ciliated,ILC,0.31132022551438476
Ciliated,Ionocyte_n_Brush,0.443160048776122
Ciliated,MAIT,0.2599697079337919
Ciliated,Macro_CHIT1,0.13889141751892317
Ciliated,Macro_interstitial,0.1766065384433543
Ciliated,Macro_AW_CX3CR1,0.24215309962502918
Ciliated,Macro_alveolar_metallothioneins,0.037818443417019156
Ciliated,Macro_alv,0.22246484895647625
Ciliated,Macro_dividing,0.1991262985883475
Ciliated,Macro_int,-0.02762229639603532
Ciliated,Macro_CCL,0.18490719017568402
Ciliated,Mast_cell,0.2536397453408245
Ciliated,Megakaryocyte,0.4289064628396801
Ciliated,Mesothelia,-0.23486183421490506
Ciliated,Macrophage_intermediate,0.11403377671457089
Ciliated,Monocyte_CD14,0.07847825779025354
Ciliated,Monocyte_CD16,0.12044671153680875
Ciliated,Muscle_airway,0.12757722536620608
Ciliated,Muscle_pericyte_airway,-0.28258845796757764
Ciliated,Muscle_pericyte_parenchyma,0.22744155212308928
Ciliated,Muscle_perivascular_immune_recruiting,-0.062655963823856
Ciliated,Muscle_smooth_pulmonary,0.16610864592664507
Ciliated,Muscle_smooth_syst_arterial,0.19480882952126125
Ciliated,Myoepithelial,0.018385272168340027
Ciliated,NAF_endoneurial,0.2452017228715417
Ciliated,NAF_perineurial,0.25189071039048777
Ciliated,NK_CD16hi,0.3025102313125602
Ciliated,NKT,0.191914637547131
Ciliated,NK_CD11d,0.35110172728365624
Ciliated,NK_CD56bright,0.3955543947805687
Ciliated,Neuroendocrine,0.31210020430576113
Ciliated,SMG_Basal,0.4779570645984816
Ciliated,SMG_Duct,0.030937172006247782
Ciliated,SMG_Mucous,0.21781818170043576
Ciliated,SMG_Serous,-0.05268215262110401
Ciliated,Schwann_Myelinating,0.24073131030720174
Ciliated,Schwann_nonmyelinating,0.29051521934282437
Ciliated,Secretory_Club,0.37366348579725966
Ciliated,Secretory_Goblet,0.438439970325307
Ciliated,Suprabasal,0.421652397995303
Ciliated,T_reg,0.33563590049873143
Ciliated,gdT,0.2830491027643475
DC_1,DC_1,0.20601584631773687
DC_1,DC_2,0.24732451704560265
DC_1,DC_activated,0.24303137957745077
DC_1,DC_plasmacytoid,0.27307079498395775
DC_1,Deuterosomal,0.18196361896421634
DC_1,Dividing_AT2,0.2581924322216656
DC_1,Dividing_Basal,0.23691791774025195
DC_1,Endothelia_Lymphatic,-0.021477588981749063
DC_1,Endothelia_vascular_Cap_a,0.2736836749164321
DC_1,Endothelia_vascular_Cap_g,0.27149261870044067
DC_1,Endothelia_vascular_arterial_pulmonary,0.19424294698371256
DC_1,Endothelia_vascular_arterial_systemic,0.08845595457963003
DC_1,Endothelia_vascular_venous_pulmonary,0.1825323760090242
DC_1,Endothelia_vascular_venous_systemic,0.03140964141541109
DC_1,Erythrocyte,0.21698493187243076
DC_1,Fibro_adventitial,-0.055553631163555106
DC_1,Fibro_alveolar,0.2504781473072058
DC_1,Fibro_immune_recruiting,0.08634876445202468
DC_1,Fibro_myofibroblast,-0.03617003908288744
DC_1,Fibro_peribronchial,0.18142606641208323
DC_1,Fibro_perichondrial,0.14539650068350815
DC_1,ILC,0.27373018532583243
DC_1,Ionocyte_n_Brush,0.19538426106150228
DC_1,MAIT,0.2542323694966198
DC_1,Macro_CHIT1,0.1575777430941012
DC_1,Macro_interstitial,0.2177398721331648
DC_1,Macro_AW_CX3CR1,0.2616033697975619
DC_1,Macro_alveolar_metallothioneins,0.18860349118158937
DC_1,Macro_alv,0.16011080565565125
DC_1,Macro_dividing,0.18602513169164261
DC_1,Macro_int,0.13541456769498594
DC_1,Macro_CCL,0.2245003434181546
DC_1,Mast_cell,0.2291003902162658
DC_1,Megakaryocyte,0.257284195231742
DC_1,Mesothelia,0.040703590787532905
DC_1,Macrophage_intermediate,0.22204403426353794
DC_1,Monocyte_CD14,0.1797088418929392
DC_1,Monocyte_CD16,0.22002066099812223
DC_1,Muscle_airway,-0.07809055280046795
DC_1,Muscle_pericyte_airway,-0.04931903330891537
DC_1,Muscle_pericyte_parenchyma,0.2635535395190528
DC_1,Muscle_perivascular_immune_recruiting,0.11601971242177173
DC_1,Muscle_smooth_pulmonary,-0.061182260213942935
DC_1,Muscle_smooth_syst_arterial,-0.05277749296758367
DC_1,Myoepithelial,0.15133315290334262
DC_1,NAF_endoneurial,0.03944686683741016
DC_1,NAF_perineurial,0.001425132342764959
DC_1,NK_CD16hi,0.27974410764502783
DC_1,NKT,0.2452824261813397
DC_1,NK_CD11d,0.28390046420528003
DC_1,NK_CD56bright,0.27517834644001365
DC_1,Neuroendocrine,0.221297252333286
DC_1,SMG_Basal,0.27120195213374326
DC_1,SMG_Duct,0.15814007600617774
DC_1,SMG_Mucous,0.21983117978613487
DC_1,SMG_Serous,0.11186295019593012
DC_1,Schwann_Myelinating,0.20545507029901647
DC_1,Schwann_nonmyelinating,0.13000793171089245
DC_1,Secretory_Club,0.1864497911414509
DC_1,Secretory_Goblet,0.20488814261787566
DC_1,Suprabasal,0.16678273595436696
DC_1,T_reg,0.2731334084341526
DC_1,gdT,0.2686123034372105
DC_2,DC_2,0.3056555463846588
DC_2,DC_activated,0.30014640269147336
DC_2,DC_plasmacytoid,0.3423003230125296
DC_2,Deuterosomal,0.2677603222052146
DC_2,Dividing_AT2,0.3234067751376582
DC_2,Dividing_Basal,0.30538957817665663
DC_2,Endothelia_Lymphatic,-0.0727289304282308
DC_2,Endothelia_vascular_Cap_a,0.32713986207450957
DC_2,Endothelia_vascular_Cap_g,0.3210924645992734
DC_2,Endothelia_vascular_arterial_pulmonary,0.26503928179237385
DC_2,Endothelia_vascular_arterial_systemic,0.1606533726530536
DC_2,Endothelia_vascular_venous_pulmonary,0.21476390518856323
DC_2,Endothelia_vascular_venous_systemic,0.05203343644965027
DC_2,Erythrocyte,0.2648159302868061
DC_2,Fibro_adventitial,-0.11655591820752075
DC_2,Fibro_alveolar,0.2934461068927226
DC_2,Fibro_immune_recruiting,0.051425806512385486
DC_2,Fibro_myofibroblast,-0.09254834000263573
DC_2,Fibro_peribronchial,0.21192723871807237
DC_2,Fibro_perichondrial,0.1773381107184843
DC_2,ILC,0.3332694962777266
DC_2,Ionocyte_n_Brush,0.2793907362857375
DC_2,MAIT,0.3041788328962019
DC_2,Macro_CHIT1,0.18984700313032998
DC_2,Macro_interstitial,0.25295597080796745
DC_2,Macro_AW_CX3CR1,0.30894973042058715
DC_2,Macro_alveolar_metallothioneins,0.20014282524350094
DC_2,Macro_alv,0.20716348165521845
DC_2,Macro_dividing,0.2271648457151161
DC_2,Macro_int,0.13731789248502427
DC_2,Macro_CCL,0.26132759806692935
DC_2,Mast_cell,0.28053004451244756
DC_2,Megakaryocyte,0.33725995228896716
DC_2,Mesothelia,0.0035133135988541196
DC_2,Macrophage_intermediate,0.24653053083841228
DC_2,Monocyte_CD14,0.19725673966694748
DC_2,Monocyte_CD16,0.24465398658148563
DC_2,Muscle_airway,-0.05858720807929577
DC_2,Muscle_pericyte_airway,-0.09853854335774993
DC_2,Muscle_pericyte_parenchyma,0.3028234401553245
DC_2,Muscle_perivascular_immune_recruiting,0.10376178495925703
DC_2,Muscle_smooth_pulmonary,-0.03326526649569709
DC_2,Muscle_smooth_syst_arterial,-0.017934942596801944
DC_2,Myoepithelial,0.14977497493581252
DC_2,NAF_endoneurial,0.0814392763079065
DC_2,NAF_perineurial,0.0470603126947644
DC_2,NK_CD16hi,0.3359183719601926
DC_2,NKT,0.2820661109931084
DC_2,NK_CD11d,0.3496066977182693
DC_2,NK_CD56bright,0.35014936555433934
DC_2,Neuroendocrine,0.2796504669516811
DC_2,SMG_Basal,0.36003984198018896
DC_2,SMG_Duct,0.16484203720202426
DC_2,SMG_Mucous,0.25668971529462
DC_2,SMG_Serous,0.10079661390547122
DC_2,Schwann_Myelinating,0.24497022416742087
DC_2,Schwann_nonmyelinating,0.17892059344454755
DC_2,Secretory_Club,0.25857136848453255
DC_2,Secretory_Goblet,0.28894452473837173
DC_2,Suprabasal,0.2494190257843787
DC_2,T_reg,0.33644505276760944
DC_2,gdT,0.3225073927323816
DC_activated,DC_activated,0.2944650747494735
DC_activated,DC_plasmacytoid,0.3358140030340755
DC_activated,Deuterosomal,0.2651965444713324
DC_activated,Dividing_AT2,0.3171000784960813
DC_activated,Dividing_Basal,0.2983527794170175
DC_activated,Endothelia_Lymphatic,-0.07566966711377984
DC_activated,Endothelia_vascular_Cap_a,0.31987673366603914
DC_activated,Endothelia_vascular_Cap_g,0.3137647477234667
DC_activated,Endothelia_vascular_arterial_pulmonary,0.26155768168093485
DC_activated,Endothelia_vascular_arterial_systemic,0.16234960699829107
DC_activated,Endothelia_vascular_venous_pulmonary,0.2090616419973201
DC_activated,Endothelia_vascular_venous_systemic,0.050149909060961784
DC_activated,Erythrocyte,0.2595999020303131
DC_activated,Fibro_adventitial,-0.11876465645050545
DC_activated,Fibro_alveolar,0.2870308722022031
DC_activated,Fibro_immune_recruiting,0.04534489084305337
DC_activated,Fibro_myofibroblast,-0.09412454394906937
DC_activated,Fibro_peribronchial,0.20609104234160378
DC_activated,Fibro_perichondrial,0.17684466128855447
DC_activated,ILC,0.3262785065837083
DC_activated,Ionocyte_n_Brush,0.2750355854920829
DC_activated,MAIT,0.29778774038510647
DC_activated,Macro_CHIT1,0.18568661265519518
DC_activated,Macro_interstitial,0.247084141814193
DC_activated,Macro_AW_CX3CR1,0.30167459808015756
DC_activated,Macro_alveolar_metallothioneins,0.19313562654447844
DC_activated,Macro_alv,0.20342846367174927
DC_activated,Macro_dividing,0.22260341777236572
DC_activated,Macro_int,0.1326099743862842
DC_activated,Macro_CCL,0.25519177305440177
DC_activated,Mast_cell,0.2749395813557475
DC_activated,Megakaryocyte,0.33160855670954803
DC_activated,Mesothelia,-0.0002403442739423086
DC_activated,Macrophage_intermediate,0.23954978644260969
DC_activated,Monocyte_CD14,0.19208654915793696
DC_activated,Monocyte_CD16,0.23798147974538852
DC_activated,Muscle_airway,-0.05583409795079492
DC_activated,Muscle_pericyte_airway,-0.10137603685180248
DC_activated,Muscle_pericyte_parenchyma,0.2955362777303974
DC_activated,Muscle_perivascular_immune_recruiting,0.09672041743018071
DC_activated,Muscle_smooth_pulmonary,-0.0305846369349751
DC_activated,Muscle_smooth_syst_arterial,-0.015221176040371624
DC_activated,Myoepithelial,0.14161668850813983
DC_activated,NAF_endoneurial,0.08129949650535674
DC_activated,NAF_perineurial,0.04898162616199155
DC_activated,NK_CD16hi,0.3283480602563565
DC_activated,NKT,0.2751330306728604
DC_activated,NK_CD11d,0.34217895795344133
DC_activated,NK_CD56bright,0.34375165079773806
DC_activated,Neuroendocrine,0.27377671788725644
DC_activated,SMG_Basal,0.35190554518662065
DC_activated,SMG_Duct,0.15691750065899043
DC_activated,SMG_Mucous,0.2486501791237936
DC_activated,SMG_Serous,0.09510357636748713
DC_activated,Schwann_Myelinating,0.2380588890649001
DC_activated,Schwann_nonmyelinating,0.17652219593415167
DC_activated,Secretory_Club,0.2551447630099554
DC_activated,Secretory_Goblet,0.2842613411284108
DC_activated,Suprabasal,0.24680275569319532
DC_activated,T_reg,0.3295655609911775
DC_activated,gdT,0.3155211874783324
DC_plasmacytoid,DC_plasmacytoid,0.3947238067347382
DC_plasmacytoid,Deuterosomal,0.33901335312861386
DC_plasmacytoid,Dividing_AT2,0.3771694965741718
DC_plasmacytoid,Dividing_Basal,0.3562806019670164
DC_plasmacytoid,Endothelia_Lymphatic,-0.12943818134948426
DC_plasmacytoid,Endothelia_vascular_Cap_a,0.37019896474192165
DC_plasmacytoid,Endothelia_vascular_Cap_g,0.36033627660490136
DC_plasmacytoid,Endothelia_vascular_arterial_pulmonary,0.32087175426453907
DC_plasmacytoid,Endothelia_vascular_arterial_systemic,0.22214414216398917
DC_plasmacytoid,Endothelia_vascular_venous_pulmonary,0.2239635257333168
DC_plasmacytoid,Endothelia_vascular_venous_systemic,0.05240197145858242
DC_plasmacytoid,Erythrocyte,0.30241799650402007
DC_plasmacytoid,Fibro_adventitial,-0.18390834662384534
DC_plasmacytoid,Fibro_alveolar,0.3285228291230025
DC_plasmacytoid,Fibro_immune_recruiting,-0.000721204703437138
DC_plasmacytoid,Fibro_myofibroblast,-0.14778123944323845
DC_plasmacytoid,Fibro_peribronchial,0.22760153526038107
DC_plasmacytoid,Fibro_perichondrial,0.2042367180257242
DC_plasmacytoid,ILC,0.37431863636849344
DC_plasmacytoid,Ionocyte_n_Brush,0.3540395105149568
DC_plasmacytoid,MAIT,0.3402874919741419
DC_plasmacytoid,Macro_CHIT1,0.2131609814897358
DC_plasmacytoid,Macro_interstitial,0.2778979628655662
DC_plasmacytoid,Macro_AW_CX3CR1,0.3378313345719888
DC_plasmacytoid,Macro_alveolar_metallothioneins,0.1936462061229458
DC_plasmacytoid,Macro_alv,0.24552875823726292
DC_plasmacytoid,Macro_dividing,0.2595045219869661
DC_plasmacytoid,Macro_int,0.1298565794918364
DC_plasmacytoid,Macro_CCL,0.2861479469836154
DC_plasmacytoid,Mast_cell,0.3193331989017129
DC_plasmacytoid,Megakaryocyte,0.39637866252822024
DC_plasmacytoid,Mesothelia,-0.04919819630441306
DC_plasmacytoid,Macrophage_intermediate,0.25289340948720673
DC_plasmacytoid,Monocyte_CD14,0.20674132338529158
DC_plasmacytoid,Monocyte_CD16,0.25560471895753334
DC_plasmacytoid,Muscle_airway,-0.04171722109826253
DC_plasmacytoid,Muscle_pericyte_airway,-0.15965608603333512
DC_plasmacytoid,Muscle_pericyte_parenchyma,0.33107272770520296
DC_plasmacytoid,Muscle_perivascular_immune_recruiting,0.06777962321419399
DC_plasmacytoid,Muscle_smooth_pulmonary,-0.00957593388938904
DC_plasmacytoid,Muscle_smooth_syst_arterial,0.011024117940799697
DC_plasmacytoid,Myoepithelial,0.12876047944665897
DC_plasmacytoid,NAF_endoneurial,0.10885969358511544
DC_plasmacytoid,NAF_perineurial,0.08193873923214552
DC_plasmacytoid,NK_CD16hi,0.37503043328287283
DC_plasmacytoid,NKT,0.3042972257755591
DC_plasmacytoid,NK_CD11d,0.39779548608132914
DC_plasmacytoid,NK_CD56bright,0.409740356488274
DC_plasmacytoid,Neuroendocrine,0.3113593342274736
DC_plasmacytoid,SMG_Basal,0.42775176622616146
DC_plasmacytoid,SMG_Duct,0.14892160573919225
DC_plasmacytoid,SMG_Mucous,0.2766862948083884
DC_plasmacytoid,SMG_Serous,0.07222188973388162
DC_plasmacytoid,Schwann_Myelinating,0.2599276782716462
DC_plasmacytoid,Schwann_nonmyelinating,0.20756013230204073
DC_plasmacytoid,Secretory_Club,0.3240353964489142
DC_plasmacytoid,Secretory_Goblet,0.36154814324016776
DC_plasmacytoid,Suprabasal,0.3213897298590786
DC_plasmacytoid,T_reg,0.38420819052641714
DC_plasmacytoid,gdT,0.35894042225930706
Deuterosomal,Deuterosomal,0.42094737600994825
Deuterosomal,Dividing_AT2,0.3382536195916439
Deuterosomal,Dividing_Basal,0.3467660406992447
Deuterosomal,Endothelia_Lymphatic,-0.25140814872798434
Deuterosomal,Endothelia_vascular_Cap_a,0.29545294924328896
Deuterosomal,Endothelia_vascular_Cap_g,0.2768737580471298
Deuterosomal,Endothelia_vascular_arterial_pulmonary,0.38193828332964
Deuterosomal,Endothelia_vascular_arterial_systemic,0.3786274760431241
Deuterosomal,Endothelia_vascular_venous_pulmonary,0.17972478552780494
Deuterosomal,Endothelia_vascular_venous_systemic,0.09528617923960092
Deuterosomal,Erythrocyte,0.24003523848030037
Deuterosomal,Fibro_adventitial,-0.3207343667683041
Deuterosomal,Fibro_alveolar,0.23515542410205917
Deuterosomal,Fibro_immune_recruiting,-0.18534646162859714
Deuterosomal,Fibro_myofibroblast,-0.2850350711727947
Deuterosomal,Fibro_peribronchial,0.20942713203262553
Deuterosomal,Fibro_perichondrial,0.23010447440855084
Deuterosomal,ILC,0.30070720608777723
Deuterosomal,Ionocyte_n_Brush,0.43035291802288445
Deuterosomal,MAIT,0.2535359809179188
Deuterosomal,Macro_CHIT1,0.13374593652754643
Deuterosomal,Macro_interstitial,0.17336976375462484
Deuterosomal,Macro_AW_CX3CR1,0.23391268036525625
Deuterosomal,Macro_alveolar_metallothioneins,0.035568698934263766
Deuterosomal,Macro_alv,0.21266905819254103
Deuterosomal,Macro_dividing,0.1929914835649039
Deuterosomal,Macro_int,-0.021933674733632804
Deuterosomal,Macro_CCL,0.18076639370171868
Deuterosomal,Mast_cell,0.2514958539350095
Deuterosomal,Megakaryocyte,0.4096765293478735
Deuterosomal,Mesothelia,-0.22869877730156574
Deuterosomal,Macrophage_intermediate,0.10919911916750684
Deuterosomal,Monocyte_CD14,0.07945997853117624
Deuterosomal,Monocyte_CD16,0.1180356866576014
Deuterosomal,Muscle_airway,0.11327108242666324
Deuterosomal,Muscle_pericyte_airway,-0.273249960759797
Deuterosomal,Muscle_pericyte_parenchyma,0.22267041234681106
Deuterosomal,Muscle_perivascular_immune_recruiting,-0.07183371793734326
Deuterosomal,Muscle_smooth_pulmonary,0.15116926689402016
Deuterosomal,Muscle_smooth_syst_arterial,0.17774352517803294
Deuterosomal,Myoepithelial,-0.0019097279708332508
Deuterosomal,NAF_endoneurial,0.2205584713528678
Deuterosomal,NAF_perineurial,0.2317493994424041
Deuterosomal,NK_CD16hi,0.29155886198089137
Deuterosomal,NKT,0.18607691140552843
Deuterosomal,NK_CD11d,0.33888425917450554
Deuterosomal,NK_CD56bright,0.38420920203316283
Deuterosomal,Neuroendocrine,0.2884330381325658
Deuterosomal,SMG_Basal,0.45832179358790376
Deuterosomal,SMG_Duct,0.01797724983332986
Deuterosomal,SMG_Mucous,0.2017523339354014
Deuterosomal,SMG_Serous,-0.06444400324197683
Deuterosomal,Schwann_Myelinating,0.21329461136829775
Deuterosomal,Schwann_nonmyelinating,0.26402279231186127
Deuterosomal,Secretory_Club,0.3697411311765543
Deuterosomal,Secretory_Goblet,0.4271064446113478
Deuterosomal,Suprabasal,0.4092119445189571
Deuterosomal,T_reg,0.32537221249735576
Deuterosomal,gdT,0.27346146885029393
Dividing_AT2,Dividing_AT2,0.3515495826298179
Dividing_AT2,Dividing_Basal,0.33693417436217876
Dividing_AT2,Endothelia_Lymphatic,-0.11412046522835263
Dividing_AT2,Endothelia_vascular_Cap_a,0.34702529060302173
Dividing_AT2,Endothelia_vascular_Cap_g,0.33817228396472765
Dividing_AT2,Endothelia_vascular_arterial_pulmonary,0.3015358737685248
Dividing_AT2,Endothelia_vascular_arterial_systemic,0.2068467545885466
Dividing_AT2,Endothelia_vascular_venous_pulmonary,0.22020747283596512
Dividing_AT2,Endothelia_vascular_venous_systemic,0.0594235500959265
Dividing_AT2,Erythrocyte,0.282988178794974
Dividing_AT2,Fibro_adventitial,-0.1606083886280213
Dividing_AT2,Fibro_alveolar,0.30694987137762536
Dividing_AT2,Fibro_immune_recruiting,0.015171699630726761
Dividing_AT2,Fibro_myofibroblast,-0.13343982236867788
Dividing_AT2,Fibro_peribronchial,0.21870247687015412
Dividing_AT2,Fibro_perichondrial,0.1919332540716013
Dividing_AT2,ILC,0.3549928005129826
Dividing_AT2,Ionocyte_n_Brush,0.32745409328203534
Dividing_AT2,MAIT,0.32087685330194987
Dividing_AT2,Macro_CHIT1,0.19951868159127242
Dividing_AT2,Macro_interstitial,0.26142032449691777
Dividing_AT2,Macro_AW_CX3CR1,0.32281301138388957
Dividing_AT2,Macro_alveolar_metallothioneins,0.19061248316332302
Dividing_AT2,Macro_alv,0.22788203497019313
Dividing_AT2,Macro_dividing,0.2422405903821245
Dividing_AT2,Macro_int,0.12617473405284735
Dividing_AT2,Macro_CCL,0.27027438418847693
Dividing_AT2,Mast_cell,0.2990624101540353
Dividing_AT2,Megakaryocyte,0.376052083985743
Dividing_AT2,Mesothelia,-0.030826934654267113
Dividing_AT2,Macrophage_intermediate,0.24480730682661142
Dividing_AT2,Monocyte_CD14,0.19502246234734114
Dividing_AT2,Monocyte_CD16,0.2440980657893409
Dividing_AT2,Muscle_airway,-0.039946130492253894
Dividing_AT2,Muscle_pericyte_airway,-0.13674710437368212
Dividing_AT2,Muscle_pericyte_parenchyma,0.31201331527255244
Dividing_AT2,Muscle_perivascular_immune_recruiting,0.08109010314623978
Dividing_AT2,Muscle_smooth_pulmonary,-0.009756590963673066
Dividing_AT2,Muscle_smooth_syst_arterial,0.010097309364957924
Dividing_AT2,Myoepithelial,0.13509458534271754
Dividing_AT2,NAF_endoneurial,0.10690423272090759
Dividing_AT2,NAF_perineurial,0.07875276932177151
Dividing_AT2,NK_CD16hi,0.35535984420084005
Dividing_AT2,NKT,0.2890368943974202
Dividing_AT2,NK_CD11d,0.3761043653823675
Dividing_AT2,NK_CD56bright,0.3846484005300979
Dividing_AT2,Neuroendocrine,0.303005309710944
Dividing_AT2,SMG_Basal,0.4059454703977789
Dividing_AT2,SMG_Duct,0.15606057751325456
Dividing_AT2,SMG_Mucous,0.2670236257207962
Dividing_AT2,SMG_Serous,0.08180966380277684
Dividing_AT2,Schwann_Myelinating,0.2563204826924292
Dividing_AT2,Schwann_nonmyelinating,0.20195157270139064
Dividing_AT2,Secretory_Club,0.29898157469461684
Dividing_AT2,Secretory_Goblet,0.33606131829342273
Dividing_AT2,Suprabasal,0.29762977880270897
Dividing_AT2,T_reg,0.3617079724874573
Dividing_AT2,gdT,0.3405346130168489
Dividing_Basal,Dividing_Basal,0.328282900460959
Dividing_Basal,Endothelia_Lymphatic,-0.17136096814081722
Dividing_Basal,Endothelia_vascular_Cap_a,0.3387496575845958
Dividing_Basal,Endothelia_vascular_Cap_g,0.32876370030126056
Dividing_Basal,Endothelia_vascular_arterial_pulmonary,0.29951339179324993
Dividing_Basal,Endothelia_vascular_arterial_systemic,0.21364675408213152
Dividing_Basal,Endothelia_vascular_venous_pulmonary,0.18214652231490838
Dividing_Basal,Endothelia_vascular_venous_systemic,0.03056082026880602
Dividing_Basal,Erythrocyte,0.275576866552905
Dividing_Basal,Fibro_adventitial,-0.20050929693742803
Dividing_Basal,Fibro_alveolar,0.2919933719668768
Dividing_Basal,Fibro_immune_recruiting,-0.02971159481006294
Dividing_Basal,Fibro_myofibroblast,-0.1746337253889325
Dividing_Basal,Fibro_peribronchial,0.1829323494500591
Dividing_Basal,Fibro_perichondrial,0.17264557543158757
Dividing_Basal,ILC,0.3432169714790938
Dividing_Basal,Ionocyte_n_Brush,0.3610092560654546
Dividing_Basal,MAIT,0.3081073179835288
Dividing_Basal,Macro_CHIT1,0.18496042871042992
Dividing_Basal,Macro_interstitial,0.2457526387255482
Dividing_Basal,Macro_AW_CX3CR1,0.3081588276397913
Dividing_Basal,Macro_alveolar_metallothioneins,0.15405991752942164
Dividing_Basal,Macro_alv,0.22604285219650574
Dividing_Basal,Macro_dividing,0.2338177760971698
Dividing_Basal,Macro_int,0.09741154899697003
Dividing_Basal,Macro_CCL,0.25455152775539397
Dividing_Basal,Mast_cell,0.2843076661139627
Dividing_Basal,Megakaryocyte,0.3844215653581465
Dividing_Basal,Mesothelia,-0.07677406200334067
Dividing_Basal,Macrophage_intermediate,0.21561765445217543
Dividing_Basal,Monocyte_CD14,0.17299303911289618
Dividing_Basal,Monocyte_CD16,0.21816625460631836
Dividing_Basal,Muscle_airway,-0.024964791166030023
Dividing_Basal,Muscle_pericyte_airway,-0.17985334534279648
Dividing_Basal,Muscle_pericyte_parenchyma,0.2932370362557312
Dividing_Basal,Muscle_perivascular_immune_recruiting,0.04031983169907756
Dividing_Basal,Muscle_smooth_pulmonary,0.002364561122270026
Dividing_Basal,Muscle_smooth_syst_arterial,0.026283666492524106
Dividing_Basal,Myoepithelial,0.11956800631523512
Dividing_Basal,NAF_endoneurial,0.11374956869960469
Dividing_Basal,NAF_perineurial,0.09081150570128373
Dividing_Basal,NK_CD16hi,0.344853504692614
Dividing_Basal,NKT,0.2678512950590843
Dividing_Basal,NK_CD11d,0.37279664659775563
Dividing_Basal,NK_CD56bright,0.3895475990039137
Dividing_Basal,Neuroendocrine,0.29700509809558145
Dividing_Basal,SMG_Basal,0.42208257553344125
Dividing_Basal,SMG_Duct,0.13769857261453342
Dividing_Basal,SMG_Mucous,0.26054338422403783
Dividing_Basal,SMG_Serous,0.06503916002990191
Dividing_Basal,Schwann_Myelinating,0.245063979761293
Dividing_Basal,Schwann_nonmyelinating,0.18988933331807104
Dividing_Basal,Secretory_Club,0.3216614600768749
Dividing_Basal,Secretory_Goblet,0.3638502929741176
Dividing_Basal,Suprabasal,0.330969955885721
Dividing_Basal,T_reg,0.3560373591388482
Dividing_Basal,gdT,0.32626218413200897
Endothelia_Lymphatic,Endothelia_Lymphatic,0.1290963418587376
Endothelia_Lymphatic,Endothelia_vascular_Cap_a,-0.06424420603697677
Endothelia_Lymphatic,Endothelia_vascular_Cap_g,-0.05012764407024747
Endothelia_Lymphatic,Endothelia_vascular_arterial_pulmonary,-0.2068249655228982
Endothelia_Lymphatic,Endothelia_vascular_arterial_systemic,-0.27839519115553696
Endothelia_Lymphatic,Endothelia_vascular_venous_pulmonary,-0.08985664275589661
Endothelia_Lymphatic,Endothelia_vascular_venous_systemic,-0.12782174635220708
Endothelia_Lymphatic,Erythrocyte,-0.04381526679904784
Endothelia_Lymphatic,Fibro_adventitial,0.1835395306604257
Endothelia_Lymphatic,Fibro_alveolar,-0.02662708981646482
Endothelia_Lymphatic,Fibro_immune_recruiting,0.16998461259787598
Endothelia_Lymphatic,Fibro_myofibroblast,0.17562001736454458
Endothelia_Lymphatic,Fibro_peribronchial,-0.1280670567975519
Endothelia_Lymphatic,Fibro_perichondrial,-0.1366726595550698
Endothelia_Lymphatic,ILC,-0.07435723225497372
Endothelia_Lymphatic,Ionocyte_n_Brush,-0.2047812003326139
Endothelia_Lymphatic,MAIT,-0.04171218337249108
Endothelia_Lymphatic,Macro_CHIT1,0.007520448213852213
Endothelia_Lymphatic,Macro_interstitial,0.006300577995049072
Endothelia_Lymphatic,Macro_AW_CX3CR1,-0.025808780894210803
Endothelia_Lymphatic,Macro_alveolar_metallothioneins,0.07690997348422655
Endothelia_Lymphatic,Macro_alv,-0.05108887325650646
Endothelia_Lymphatic,Macro_dividing,-0.0234264206818573
Endothelia_Lymphatic,Macro_int,0.1079419790082849
Endothelia_Lymphatic,Macro_CCL,0.0021309150939007766
Endothelia_Lymphatic,Mast_cell,-0.06277037451031316
Endothelia_Lymphatic,Megakaryocyte,-0.17433987973833906
Endothelia_Lymphatic,Mesothelia,0.18790863182374587
Endothelia_Lymphatic,Macrophage_intermediate,0.042812287388863196
Endothelia_Lymphatic,Monocyte_CD14,0.057242458767065
Endothelia_Lymphatic,Monocyte_CD16,0.041220851793171524
Endothelia_Lymphatic,Muscle_airway,-0.16674246153792302
Endothelia_Lymphatic,Muscle_pericyte_airway,0.13551682597187026
Endothelia_Lymphatic,Muscle_pericyte_parenchyma,-0.01790828061595433
Endothelia_Lymphatic,Muscle_perivascular_immune_recruiting,0.08837227354386974
Endothelia_Lymphatic,Muscle_smooth_pulmonary,-0.18860087315437638
Endothelia_Lymphatic,Muscle_smooth_syst_arterial,-0.19905403597472848
Endothelia_Lymphatic,Myoepithelial,0.09411307112844856
Endothelia_Lymphatic,NAF_endoneurial,-0.18370674954766011
Endothelia_Lymphatic,NAF_perineurial,-0.21176217702713
Endothelia_Lymphatic,NK_CD16hi,-0.05911083267650674
Endothelia_Lymphatic,NKT,0.0032318582049296438
Endothelia_Lymphatic,NK_CD11d,-0.09245237412466349
Endothelia_Lymphatic,NK_CD56bright,-0.12998013745365872
Endothelia_Lymphatic,Neuroendocrine,-0.11334017737926137
Endothelia_Lymphatic,SMG_Basal,-0.2014562599016111
Endothelia_Lymphatic,SMG_Duct,0.07895517860751321
Endothelia_Lymphatic,SMG_Mucous,-0.026922209514932946
Endothelia_Lymphatic,SMG_Serous,0.12167105638963895
Endothelia_Lymphatic,Schwann_Myelinating,-0.06408253002873292
Endothelia_Lymphatic,Schwann_nonmyelinating,-0.17997886680998942
Endothelia_Lymphatic,Secretory_Club,-0.17151265053165862
Endothelia_Lymphatic,Secretory_Goblet,-0.20735590580358806
Endothelia_Lymphatic,Suprabasal,-0.2106993391744075
Endothelia_Lymphatic,T_reg,-0.08791614803423613
Endothelia_Lymphatic,gdT,-0.05487894304714464
Endothelia_vascular_Cap_a,Endothelia_vascular_Cap_a,0.34210687623544755
Endothelia_vascular_Cap_a,Endothelia_vascular_Cap_g,0.3361637517864495
Endothelia_vascular_Cap_a,Endothelia_vascular_arterial_pulmonary,0.2624196151901296
Endothelia_vascular_Cap_a,Endothelia_vascular_arterial_systemic,0.15074973166732916
Endothelia_vascular_Cap_a,Endothelia_vascular_venous_pulmonary,0.21479154578340387
Endothelia_vascular_Cap_a,Endothelia_vascular_venous_systemic,0.04188746234317244
Endothelia_vascular_Cap_a,Erythrocyte,0.28324535017354674
Endothelia_vascular_Cap_a,Fibro_adventitial,-0.1157588450821707
Endothelia_vascular_Cap_a,Fibro_alveolar,0.3101115573102768
Endothelia_vascular_Cap_a,Fibro_immune_recruiting,0.06089238159531596
Endothelia_vascular_Cap_a,Fibro_myofibroblast,-0.08835505109523768
Endothelia_vascular_Cap_a,Fibro_peribronchial,0.2022207709602044
Endothelia_vascular_Cap_a,Fibro_perichondrial,0.16476737074798756
Endothelia_vascular_Cap_a,ILC,0.3528870562214373
Endothelia_vascular_Cap_a,Ionocyte_n_Brush,0.2890944759977433
Endothelia_vascular_Cap_a,MAIT,0.32482136953724283
Endothelia_vascular_Cap_a,Macro_CHIT1,0.21132321713725055
Endothelia_vascular_Cap_a,Macro_interstitial,0.2747703418516385
Endothelia_vascular_Cap_a,Macro_AW_CX3CR1,0.33124225533401475
Endothelia_vascular_Cap_a,Macro_alveolar_metallothioneins,0.2223276381879584
Endothelia_vascular_Cap_a,Macro_alv,0.22581944232757564
Endothelia_vascular_Cap_a,Macro_dividing,0.24790975380391533
Endothelia_vascular_Cap_a,Macro_int,0.16254294451661666
Endothelia_vascular_Cap_a,Macro_CCL,0.2833229164750641
Endothelia_vascular_Cap_a,Mast_cell,0.301601950331281
Endothelia_vascular_Cap_a,Megakaryocyte,0.3487227789982253
Endothelia_vascular_Cap_a,Mesothelia,0.01973494594352563
Endothelia_vascular_Cap_a,Macrophage_intermediate,0.269329076740332
Endothelia_vascular_Cap_a,Monocyte_CD14,0.21932239428835043
Endothelia_vascular_Cap_a,Monocyte_CD16,0.26683514399848657
Endothelia_vascular_Cap_a,Muscle_airway,-0.08139976432611067
Endothelia_vascular_Cap_a,Muscle_pericyte_airway,-0.09726268365837247
Endothelia_vascular_Cap_a,Muscle_pericyte_parenchyma,0.3184395130672035
Endothelia_vascular_Cap_a,Muscle_perivascular_immune_recruiting,0.1101940082276154
Endothelia_vascular_Cap_a,Muscle_smooth_pulmonary,-0.05465817949378763
Endothelia_vascular_Cap_a,Muscle_smooth_syst_arterial,-0.0369415879291571
Endothelia_vascular_Cap_a,Myoepithelial,0.15509958140727478
Endothelia_vascular_Cap_a,NAF_endoneurial,0.06702827823770653
Endothelia_vascular_Cap_a,NAF_perineurial,0.0319923489342794
Endothelia_vascular_Cap_a,NK_CD16hi,0.35452378174756055
Endothelia_vascular_Cap_a,NKT,0.3025919082401946
Endothelia_vascular_Cap_a,NK_CD11d,0.3678398331226272
Endothelia_vascular_Cap_a,NK_CD56bright,0.36826117507676276
Endothelia_vascular_Cap_a,Neuroendocrine,0.28799367096599027
Endothelia_vascular_Cap_a,SMG_Basal,0.3670274685345594
Endothelia_vascular_Cap_a,SMG_Duct,0.17657251132421717
Endothelia_vascular_Cap_a,SMG_Mucous,0.2672141571013948
Endothelia_vascular_Cap_a,SMG_Serous,0.11129647975866837
Endothelia_vascular_Cap_a,Schwann_Myelinating,0.24660983034558304
Endothelia_vascular_Cap_a,Schwann_nonmyelinating,0.16973203242238696
Endothelia_vascular_Cap_a,Secretory_Club,0.27208837492290827
Endothelia_vascular_Cap_a,Secretory_Goblet,0.29918063679119883
Endothelia_vascular_Cap_a,Suprabasal,0.2604313135600275
Endothelia_vascular_Cap_a,T_reg,0.35510680508551434
Endothelia_vascular_Cap_a,gdT,0.34215855286530467
Endothelia_vascular_Cap_g,Endothelia_vascular_Cap_g,0.3313274721030279
Endothelia_vascular_Cap_g,Endothelia_vascular_arterial_pulmonary,0.24668120271978267
Endothelia_vascular_Cap_g,Endothelia_vascular_arterial_systemic,0.13147094559199926
Endothelia_vascular_Cap_g,Endothelia_vascular_venous_pulmonary,0.21102800485985865
Endothelia_vascular_Cap_g,Endothelia_vascular_venous_systemic,0.03795249220925407
Endothelia_vascular_Cap_g,Erythrocyte,0.27876075513593895
Endothelia_vascular_Cap_g,Fibro_adventitial,-0.09795378666459408
Endothelia_vascular_Cap_g,Fibro_alveolar,0.3078745818874944
Endothelia_vascular_Cap_g,Fibro_immune_recruiting,0.074430187166394
Endothelia_vascular_Cap_g,Fibro_myofibroblast,-0.07054885525097503
Endothelia_vascular_Cap_g,Fibro_peribronchial,0.19754769892907595
Endothelia_vascular_Cap_g,Fibro_perichondrial,0.15577375640825372
Endothelia_vascular_Cap_g,ILC,0.34667496559686306
Endothelia_vascular_Cap_g,Ionocyte_n_Brush,0.2715582650598291
Endothelia_vascular_Cap_g,MAIT,0.3210955648669614
Endothelia_vascular_Cap_g,Macro_CHIT1,0.21189726495639924
Endothelia_vascular_Cap_g,Macro_interstitial,0.27473075085378357
Endothelia_vascular_Cap_g,Macro_AW_CX3CR1,0.32842949023881396
Endothelia_vascular_Cap_g,Macro_alveolar_metallothioneins,0.2293195379225443
Endothelia_vascular_Cap_g,Macro_alv,0.22130875535796146
Endothelia_vascular_Cap_g,Macro_dividing,0.24562600372562463
Endothelia_vascular_Cap_g,Macro_int,0.17197917704719676
Endothelia_vascular_Cap_g,Macro_CCL,0.28288417213189415
Endothelia_vascular_Cap_g,Mast_cell,0.29843316249667073
Endothelia_vascular_Cap_g,Megakaryocyte,0.33356416135620215
Endothelia_vascular_Cap_g,Mesothelia,0.03575110604810921
Endothelia_vascular_Cap_g,Macrophage_intermediate,0.2727452593535308
Endothelia_vascular_Cap_g,Monocyte_CD14,0.2236032015451064
Endothelia_vascular_Cap_g,Monocyte_CD16,0.26994730143543755
Endothelia_vascular_Cap_g,Muscle_airway,-0.09308878003573583
Endothelia_vascular_Cap_g,Muscle_pericyte_airway,-0.08164896854856289
Endothelia_vascular_Cap_g,Muscle_pericyte_parenchyma,0.3166638825662171
Endothelia_vascular_Cap_g,Muscle_perivascular_immune_recruiting,0.11763051022777864
Endothelia_vascular_Cap_g,Muscle_smooth_pulmonary,-0.06726373607536938
Endothelia_vascular_Cap_g,Muscle_smooth_syst_arterial,-0.05092568954958585
Endothelia_vascular_Cap_g,Myoepithelial,0.15738609627901204
Endothelia_vascular_Cap_g,NAF_endoneurial,0.05279960734207014
Endothelia_vascular_Cap_g,NAF_perineurial,0.016689096733863307
Endothelia_vascular_Cap_g,NK_CD16hi,0.34870245452972704
Endothelia_vascular_Cap_g,NKT,0.3023510492911977
Endothelia_vascular_Cap_g,NK_CD11d,0.35932458167110837
Endothelia_vascular_Cap_g,NK_CD56bright,0.3570912768731671
Endothelia_vascular_Cap_g,Neuroendocrine,0.2774987519619051
Endothelia_vascular_Cap_g,SMG_Basal,0.35053023092860225
Endothelia_vascular_Cap_g,SMG_Duct,0.17956697388483212
Endothelia_vascular_Cap_g,SMG_Mucous,0.26257207357332846
Endothelia_vascular_Cap_g,SMG_Serous,0.11607528512647565
Endothelia_vascular_Cap_g,Schwann_Myelinating,0.2386277614116622
Endothelia_vascular_Cap_g,Schwann_nonmyelinating,0.15725610926506592
Endothelia_vascular_Cap_g,Secretory_Club,0.2591303960273032
Endothelia_vascular_Cap_g,Secretory_Goblet,0.282845342858501
Endothelia_vascular_Cap_g,Suprabasal,0.24286518387538944
Endothelia_vascular_Cap_g,T_reg,0.3475027556096371
Endothelia_vascular_Cap_g,gdT,0.3373759615110536
Endothelia_vascular_arterial_pulmonary,Endothelia_vascular_arterial_pulmonary,0.37120991152624505
Endothelia_vascular_arterial_pulmonary,Endothelia_vascular_arterial_systemic,0.3577744236998377
Endothelia_vascular_arterial_pulmonary,Endothelia_vascular_venous_pulmonary,0.15470574496494263
Endothelia_vascular_arterial_pulmonary,Endothelia_vascular_venous_systemic,0.04869475386475377
Endothelia_vascular_arterial_pulmonary,Erythrocyte,0.25145073178977795
Endothelia_vascular_arterial_pulmonary,Fibro_adventitial,-0.3399190233902831
Endothelia_vascular_arterial_pulmonary,Fibro_alveolar,0.24261269713034642
Endothelia_vascular_arterial_pulmonary,Fibro_immune_recruiting,-0.19655923251818272
Endothelia_vascular_arterial_pulmonary,Fibro_myofibroblast,-0.2988911045343064
Endothelia_vascular_arterial_pulmonary,Fibro_peribronchial,0.17325662089668403
Endothelia_vascular_arterial_pulmonary,Fibro_perichondrial,0.2204341426696916
Endothelia_vascular_arterial_pulmonary,ILC,0.3000004793161228
Endothelia_vascular_arterial_pulmonary,Ionocyte_n_Brush,0.4295430240915914
Endothelia_vascular_arterial_pulmonary,MAIT,0.25859999562259295
Endothelia_vascular_arterial_pulmonary,Macro_CHIT1,0.15172200773801667
Endothelia_vascular_arterial_pulmonary,Macro_interstitial,0.18458637013505422
Endothelia_vascular_arterial_pulmonary,Macro_AW_CX3CR1,0.23545494541192558
Endothelia_vascular_arterial_pulmonary,Macro_alveolar_metallothioneins,0.03588194894622725
Endothelia_vascular_arterial_pulmonary,Macro_alv,0.23189348073001917
Endothelia_vascular_arterial_pulmonary,Macro_dividing,0.21052004403123661
Endothelia_vascular_arterial_pulmonary,Macro_int,-0.007581939656921436
Endothelia_vascular_arterial_pulmonary,Macro_CCL,0.1896772073033138
Endothelia_vascular_arterial_pulmonary,Mast_cell,0.255058319725001
Endothelia_vascular_arterial_pulmonary,Megakaryocyte,0.40211889509123794
Endothelia_vascular_arterial_pulmonary,Mesothelia,-0.2393154603123899
Endothelia_vascular_arterial_pulmonary,Macrophage_intermediate,0.11264291397997277
Endothelia_vascular_arterial_pulmonary,Monocyte_CD14,0.09388421106587436
Endothelia_vascular_arterial_pulmonary,Monocyte_CD16,0.12490510792169413
Endothelia_vascular_arterial_pulmonary,Muscle_airway,0.09409523025106988
Endothelia_vascular_arterial_pulmonary,Muscle_pericyte_airway,-0.2978314438968927
Endothelia_vascular_arterial_pulmonary,Muscle_pericyte_parenchyma,0.22204344436929072
Endothelia_vascular_arterial_pulmonary,Muscle_perivascular_immune_recruiting,-0.09533481542596983
Endothelia_vascular_arterial_pulmonary,Muscle_smooth_pulmonary,0.12976516087549547
Endothelia_vascular_arterial_pulmonary,Muscle_smooth_syst_arterial,0.15932254103426768
Endothelia_vascular_arterial_pulmonary,Myoepithelial,-0.0033955166243369566
Endothelia_vascular_arterial_pulmonary,NAF_endoneurial,0.20441777366270728
Endothelia_vascular_arterial_pulmonary,NAF_perineurial,0.21416990873124545
Endothelia_vascular_arterial_pulmonary,NK_CD16hi,0.2917039928921717
Endothelia_vascular_arterial_pulmonary,NKT,0.1910224402631067
Endothelia_vascular_arterial_pulmonary,NK_CD11d,0.33773747214378425
Endothelia_vascular_arterial_pulmonary,NK_CD56bright,0.3844590510060674
Endothelia_vascular_arterial_pulmonary,Neuroendocrine,0.27612867376728006
Endothelia_vascular_arterial_pulmonary,SMG_Basal,0.4360098231229042
Endothelia_vascular_arterial_pulmonary,SMG_Duct,0.00117791407539253
Endothelia_vascular_arterial_pulmonary,SMG_Mucous,0.20118971342632974
Endothelia_vascular_arterial_pulmonary,SMG_Serous,-0.06583162352389733
Endothelia_vascular_arterial_pulmonary,Schwann_Myelinating,0.20495741864142525
Endothelia_vascular_arterial_pulmonary,Schwann_nonmyelinating,0.24629168398730492
Endothelia_vascular_arterial_pulmonary,Secretory_Club,0.3667126942236234
Endothelia_vascular_arterial_pulmonary,Secretory_Goblet,0.419503641754088
Endothelia_vascular_arterial_pulmonary,Suprabasal,0.40623158370135953
Endothelia_vascular_arterial_pulmonary,T_reg,0.3270886351703198
Endothelia_vascular_arterial_pulmonary,gdT,0.27385676237053236
Endothelia_vascular_arterial_systemic,Endothelia_vascular_arterial_systemic,0.4229672535214888
Endothelia_vascular_arterial_systemic,Endothelia_vascular_venous_pulmonary,0.0805589828320902
Endothelia_vascular_arterial_systemic,Endothelia_vascular_venous_systemic,0.053452087212949445
Endothelia_vascular_arterial_systemic,Erythrocyte,0.1623978405214808
Endothelia_vascular_arterial_systemic,Fibro_adventitial,-0.41344658010035734
Endothelia_vascular_arterial_systemic,Fibro_alveolar,0.1266985429916805
Endothelia_vascular_arterial_systemic,Fibro_immune_recruiting,-0.326587782985718
Endothelia_vascular_arterial_systemic,Fibro_myofibroblast,-0.3807590284108892
Endothelia_vascular_arterial_systemic,Fibro_peribronchial,0.11118532235567119
Endothelia_vascular_arterial_systemic,Fibro_perichondrial,0.20043338807148572
Endothelia_vascular_arterial_systemic,ILC,0.18879263756902123
Endothelia_vascular_arterial_systemic,Ionocyte_n_Brush,0.4199225654163361
Endothelia_vascular_arterial_systemic,MAIT,0.14462770719241488
Endothelia_vascular_arterial_systemic,Macro_CHIT1,0.058995213621302445
Endothelia_vascular_arterial_systemic,Macro_interstitial,0.06781429870301045
Endothelia_vascular_arterial_systemic,Macro_AW_CX3CR1,0.10777162024096315
Endothelia_vascular_arterial_systemic,Macro_alveolar_metallothioneins,-0.10982370553211218
Endothelia_vascular_arterial_systemic,Macro_alv,0.1683040355376477
Endothelia_vascular_arterial_systemic,Macro_dividing,0.12184022664880872
Endothelia_vascular_arterial_systemic,Macro_int,-0.13813372845569521
Endothelia_vascular_arterial_systemic,Macro_CCL,0.07112898087915527
Endothelia_vascular_arterial_systemic,Mast_cell,0.15109664179182
Endothelia_vascular_arterial_systemic,Megakaryocyte,0.3488296729851252
Endothelia_vascular_arterial_systemic,Mesothelia,-0.357956505361047
Endothelia_vascular_arterial_systemic,Macrophage_intermediate,-0.0287312119642049
Endothelia_vascular_arterial_systemic,Monocyte_CD14,-0.026725734003086227
Endothelia_vascular_arterial_systemic,Monocyte_CD16,-0.01221979633257002
Endothelia_vascular_arterial_systemic,Muscle_airway,0.205919413913869
Endothelia_vascular_arterial_systemic,Muscle_pericyte_airway,-0.36709481778415626
Endothelia_vascular_arterial_systemic,Muscle_pericyte_parenchyma,0.09597355849478595
Endothelia_vascular_arterial_systemic,Muscle_perivascular_immune_recruiting,-0.2085120792155232
Endothelia_vascular_arterial_systemic,Muscle_smooth_pulmonary,0.23909502752113543
Endothelia_vascular_arterial_systemic,Muscle_smooth_syst_arterial,0.2699672440767134
Endothelia_vascular_arterial_systemic,Myoepithelial,-0.10314164015775178
Endothelia_vascular_arterial_systemic,NAF_endoneurial,0.263658685141909
Endothelia_vascular_arterial_systemic,NAF_perineurial,0.30290184743258214
Endothelia_vascular_arterial_systemic,NK_CD16hi,0.1749670914434234
Endothelia_vascular_arterial_systemic,NKT,0.06142525305015158
Endothelia_vascular_arterial_systemic,NK_CD11d,0.23317900143121448
Endothelia_vascular_arterial_systemic,NK_CD56bright,0.3001234936708979
Endothelia_vascular_arterial_systemic,Neuroendocrine,0.2149820940122389
Endothelia_vascular_arterial_systemic,SMG_Basal,0.3829775176588668
Endothelia_vascular_arterial_systemic,SMG_Duct,-0.10889953637072831
Endothelia_vascular_arterial_systemic,SMG_Mucous,0.10207248462974321
Endothelia_vascular_arterial_systemic,SMG_Serous,-0.16133442492722863
Endothelia_vascular_arterial_systemic,Schwann_Myelinating,0.1364336604125638
Endothelia_vascular_arterial_systemic,Schwann_nonmyelinating,0.24739247669577488
Endothelia_vascular_arterial_systemic,Secretory_Club,0.33776053106354514
Endothelia_vascular_arterial_systemic,Secretory_Goblet,0.39771197988831936
Endothelia_vascular_arterial_systemic,Suprabasal,0.4116303420023651
Endothelia_vascular_arterial_systemic,T_reg,0.2243972581057808
Endothelia_vascular_arterial_systemic,gdT,0.15782403074114792
Endothelia_vascular_venous_pulmonary,Endothelia_vascular_venous_pulmonary,0.08313139177157249
Endothelia_vascular_venous_pulmonary,Endothelia_vascular_venous_systemic,-0.04679429178937138
Endothelia_vascular_venous_pulmonary,Erythrocyte,0.21688294369859354
Endothelia_vascular_venous_pulmonary,Fibro_adventitial,-0.1731255064904238
Endothelia_vascular_venous_pulmonary,Fibro_alveolar,0.22982380123306345
Endothelia_vascular_venous_pulmonary,Fibro_immune_recruiting,-0.04938849494992989
Endothelia_vascular_venous_pulmonary,Fibro_myofibroblast,-0.1326113826228469
Endothelia_vascular_venous_pulmonary,Fibro_peribronchial,0.0776107576265125
Endothelia_vascular_venous_pulmonary,Fibro_perichondrial,0.10435252441642112
Endothelia_vascular_venous_pulmonary,ILC,0.2426745278148049
Endothelia_vascular_venous_pulmonary,Ionocyte_n_Brush,0.2562128562114265
Endothelia_vascular_venous_pulmonary,MAIT,0.23003168152706432
Endothelia_vascular_venous_pulmonary,Macro_CHIT1,0.16084913777222712
Endothelia_vascular_venous_pulmonary,Macro_interstitial,0.1959359580791905
Endothelia_vascular_venous_pulmonary,Macro_AW_CX3CR1,0.21814509943295313
Endothelia_vascular_venous_pulmonary,Macro_alveolar_metallothioneins,0.10951361586863334
Endothelia_vascular_venous_pulmonary,Macro_alv,0.18840961828781755
Endothelia_vascular_venous_pulmonary,Macro_dividing,0.19241133922378575
Endothelia_vascular_venous_pulmonary,Macro_int,0.09236915038139391
Endothelia_vascular_venous_pulmonary,Macro_CCL,0.1971104512341867
Endothelia_vascular_venous_pulmonary,Mast_cell,0.21359081242858735
Endothelia_vascular_venous_pulmonary,Megakaryocyte,0.2538833806925457
Endothelia_vascular_venous_pulmonary,Mesothelia,-0.07049897249280297
Endothelia_vascular_venous_pulmonary,Macrophage_intermediate,0.15446019665906532
Endothelia_vascular_venous_pulmonary,Monocyte_CD14,0.14888831010083373
Endothelia_vascular_venous_pulmonary,Monocyte_CD16,0.1669412965031741
Endothelia_vascular_venous_pulmonary,Muscle_airway,-0.05529118077285241
Endothelia_vascular_venous_pulmonary,Muscle_pericyte_airway,-0.1705735096619566
Endothelia_vascular_venous_pulmonary,Muscle_pericyte_parenchyma,0.21670093784917563
Endothelia_vascular_venous_pulmonary,Muscle_perivascular_immune_recruiting,-0.016838708049625433
Endothelia_vascular_venous_pulmonary,Muscle_smooth_pulmonary,-0.03562673541401406
Endothelia_vascular_venous_pulmonary,Muscle_smooth_syst_arterial,-0.01626366193461944
Endothelia_vascular_venous_pulmonary,Myoepithelial,0.06147828014124585
Endothelia_vascular_venous_pulmonary,NAF_endoneurial,0.038986649278521836
Endothelia_vascular_venous_pulmonary,NAF_perineurial,0.028173094395448798
Endothelia_vascular_venous_pulmonary,NK_CD16hi,0.2465758795445797
Endothelia_vascular_venous_pulmonary,NKT,0.20056291359391654
Endothelia_vascular_venous_pulmonary,NK_CD11d,0.26384102588098407
Endothelia_vascular_venous_pulmonary,NK_CD56bright,0.2792108890500335
Endothelia_vascular_venous_pulmonary,Neuroendocrine,0.17374226154370842
Endothelia_vascular_venous_pulmonary,SMG_Basal,0.27278459693099827
Endothelia_vascular_venous_pulmonary,SMG_Duct,0.06812679212969207
Endothelia_vascular_venous_pulmonary,SMG_Mucous,0.17158651551248805
Endothelia_vascular_venous_pulmonary,SMG_Serous,0.02723608985857152
Endothelia_vascular_venous_pulmonary,Schwann_Myelinating,0.13745533787611147
Endothelia_vascular_venous_pulmonary,Schwann_nonmyelinating,0.08799817171553637
Endothelia_vascular_venous_pulmonary,Secretory_Club,0.22832579243353693
Endothelia_vascular_venous_pulmonary,Secretory_Goblet,0.249431162135771
Endothelia_vascular_venous_pulmonary,Suprabasal,0.22904489193543462
Endothelia_vascular_venous_pulmonary,T_reg,0.25836958885353806
Endothelia_vascular_venous_pulmonary,gdT,0.2332794879657528
Endothelia_vascular_venous_systemic,Endothelia_vascular_venous_systemic,-0.07016458311934003
Endothelia_vascular_venous_systemic,Erythrocyte,0.07756768916808489
Endothelia_vascular_venous_systemic,Fibro_adventitial,-0.1886720255895319
Endothelia_vascular_venous_systemic,Fibro_alveolar,0.06597209324087605
Endothelia_vascular_venous_systemic,Fibro_immune_recruiting,-0.14747227571432409
Endothelia_vascular_venous_systemic,Fibro_myofibroblast,-0.16052454431081434
Endothelia_vascular_venous_systemic,Fibro_peribronchial,-0.022928860722436828
Endothelia_vascular_venous_systemic,Fibro_perichondrial,0.0379539129955386
Endothelia_vascular_venous_systemic,ILC,0.07304528085779287
Endothelia_vascular_venous_systemic,Ionocyte_n_Brush,0.1807856395327072
Endothelia_vascular_venous_systemic,MAIT,0.06503529930227979
Endothelia_vascular_venous_systemic,Macro_CHIT1,0.03672171686869003
Endothelia_vascular_venous_systemic,Macro_interstitial,0.041599378521429746
Endothelia_vascular_venous_systemic,Macro_AW_CX3CR1,0.048075418712946356
Endothelia_vascular_venous_systemic,Macro_alveolar_metallothioneins,-0.05108206287402741
Endothelia_vascular_venous_systemic,Macro_alv,0.0780979644226218
Endothelia_vascular_venous_systemic,Macro_dividing,0.06230435556422611
Endothelia_vascular_venous_systemic,Macro_int,-0.04106135265144154
Endothelia_vascular_venous_systemic,Macro_CCL,0.04028635618369393
Endothelia_vascular_venous_systemic,Mast_cell,0.05813355443273217
Endothelia_vascular_venous_systemic,Megakaryocyte,0.12772266264796803
Endothelia_vascular_venous_systemic,Mesothelia,-0.1542735744431816
Endothelia_vascular_venous_systemic,Macrophage_intermediate,-0.01346003792103323
Endothelia_vascular_venous_systemic,Monocyte_CD14,0.005352617930105122
Endothelia_vascular_venous_systemic,Monocyte_CD16,0.0014797772846489971
Endothelia_vascular_venous_systemic,Muscle_airway,0.03421988303570796
Endothelia_vascular_venous_systemic,Muscle_pericyte_airway,-0.19211392261221247
Endothelia_vascular_venous_systemic,Muscle_pericyte_parenchyma,0.04568200763319663
Endothelia_vascular_venous_systemic,Muscle_perivascular_immune_recruiting,-0.11922241497626539
Endothelia_vascular_venous_systemic,Muscle_smooth_pulmonary,0.043693752618076794
Endothelia_vascular_venous_systemic,Muscle_smooth_syst_arterial,0.05976701258082107
Endothelia_vascular_venous_systemic,Myoepithelial,-0.03624385010592397
Endothelia_vascular_venous_systemic,NAF_endoneurial,0.05201264877919722
Endothelia_vascular_venous_systemic,NAF_perineurial,0.06784420908158664
Endothelia_vascular_venous_systemic,NK_CD16hi,0.07448041341411109
Endothelia_vascular_venous_systemic,NKT,0.030024958657579537
Endothelia_vascular_venous_systemic,NK_CD11d,0.09820683870756476
Endothelia_vascular_venous_systemic,NK_CD56bright,0.1271510259436453
Endothelia_vascular_venous_systemic,Neuroendocrine,0.05990662473016812
Endothelia_vascular_venous_systemic,SMG_Basal,0.14855604785444484
Endothelia_vascular_venous_systemic,SMG_Duct,-0.04202323271989487
Endothelia_vascular_venous_systemic,SMG_Mucous,0.04503447115821085
Endothelia_vascular_venous_systemic,SMG_Serous,-0.05582266032962571
Endothelia_vascular_venous_systemic,Schwann_Myelinating,0.028916201389272395
Endothelia_vascular_venous_systemic,Schwann_nonmyelinating,0.03289060007184659
Endothelia_vascular_venous_systemic,Secretory_Club,0.1442731638941173
Endothelia_vascular_venous_systemic,Secretory_Goblet,0.16248502959757175
Endothelia_vascular_venous_systemic,Suprabasal,0.16978508762108047
Endothelia_vascular_venous_systemic,T_reg,0.09386705571428573
Endothelia_vascular_venous_systemic,gdT,0.06283701034168783
Erythrocyte,Erythrocyte,0.22927237222796773
Erythrocyte,Fibro_adventitial,-0.09694350868081698
Erythrocyte,Fibro_alveolar,0.2570701996068058
Erythrocyte,Fibro_immune_recruiting,0.047036264366194236
Erythrocyte,Fibro_myofibroblast,-0.0727638289787303
Erythrocyte,Fibro_peribronchial,0.18343659576694638
Erythrocyte,Fibro_perichondrial,0.15926229743838755
Erythrocyte,ILC,0.28842400680216507
Erythrocyte,Ionocyte_n_Brush,0.236160152003039
Erythrocyte,MAIT,0.2649763931083923
Erythrocyte,Macro_CHIT1,0.16609600540799932
Erythrocyte,Macro_interstitial,0.2216393139045201
Erythrocyte,Macro_AW_CX3CR1,0.26813396675423246
Erythrocyte,Macro_alveolar_metallothioneins,0.17599848516615912
Erythrocyte,Macro_alv,0.17899799544406084
Erythrocyte,Macro_dividing,0.1982045035391408
Erythrocyte,Macro_int,0.12494990813141889
Erythrocyte,Macro_CCL,0.22834010875580016
Erythrocyte,Mast_cell,0.24592031797014305
Erythrocyte,Megakaryocyte,0.28781707962572556
Erythrocyte,Mesothelia,0.005555476483190568
Erythrocyte,Macrophage_intermediate,0.21623416737480206
Erythrocyte,Monocyte_CD14,0.1754683975934863
Erythrocyte,Monocyte_CD16,0.21541142624155485
Erythrocyte,Muscle_airway,-0.05822261410864019
Erythrocyte,Muscle_pericyte_airway,-0.0818390331549028
Erythrocyte,Muscle_pericyte_parenchyma,0.2640775829081817
Erythrocyte,Muscle_perivascular_immune_recruiting,0.08774394631317711
Erythrocyte,Muscle_smooth_pulmonary,-0.03696563797821825
Erythrocyte,Muscle_smooth_syst_arterial,-0.024125319931708245
Erythrocyte,Myoepithelial,0.12299667500518065
Erythrocyte,NAF_endoneurial,0.06388321324584394
Erythrocyte,NAF_perineurial,0.03366934397056038
Erythrocyte,NK_CD16hi,0.2902723702517726
Erythrocyte,NKT,0.24641330666767944
Erythrocyte,NK_CD11d,0.30104808611747264
Erythrocyte,NK_CD56bright,0.3014467143173523
Erythrocyte,Neuroendocrine,0.2361845478804602
Erythrocyte,SMG_Basal,0.30172942090769445
Erythrocyte,SMG_Duct,0.1351081299266245
Erythrocyte,SMG_Mucous,0.21813419762656983
Erythrocyte,SMG_Serous,0.08393519507985314
Erythrocyte,Schwann_Myelinating,0.2061690136449619
Erythrocyte,Schwann_nonmyelinating,0.15106519220898876
Erythrocyte,Secretory_Club,0.22178018856541745
Erythrocyte,Secretory_Goblet,0.24491283107236483
Erythrocyte,Suprabasal,0.21099993205000364
Erythrocyte,T_reg,0.29088730141181834
Erythrocyte,gdT,0.27955261448439905
Fibro_adventitial,Fibro_adventitial,0.2718751357048946
Fibro_adventitial,Fibro_alveolar,-0.07689211980292461
Fibro_adventitial,Fibro_immune_recruiting,0.21796960402179189
Fibro_adventitial,Fibro_myofibroblast,0.26426117376981195
Fibro_adventitial,Fibro_peribronchial,-0.14997587326916068
Fibro_adventitial,Fibro_perichondrial,-0.19488265839845775
Fibro_adventitial,ILC,-0.13906994553590404
Fibro_adventitial,Ionocyte_n_Brush,-0.302894675591541
Fibro_adventitial,MAIT,-0.09615665468522534
Fibro_adventitial,Macro_CHIT1,-0.02685168482839328
Fibro_adventitial,Macro_interstitial,-0.03189351802677151
Fibro_adventitial,Macro_AW_CX3CR1,-0.07637024705086948
Fibro_adventitial,Macro_alveolar_metallothioneins,0.07511113382329364
Fibro_adventitial,Macro_alv,-0.10673017253300565
Fibro_adventitial,Macro_dividing,-0.07166338132998976
Fibro_adventitial,Macro_int,0.11501193970346253
Fibro_adventitial,Macro_CCL,-0.03715478957315984
Fibro_adventitial,Mast_cell,-0.10996014078269474
Fibro_adventitial,Megakaryocyte,-0.26832326888529867
Fibro_adventitial,Mesothelia,0.2521548301452618
Fibro_adventitial,Macrophage_intermediate,0.02114648790639097
Fibro_adventitial,Monocyte_CD14,0.039801105917374825
Fibro_adventitial,Monocyte_CD16,0.01787346547423357
Fibro_adventitial,Muscle_airway,-0.19553372731756835
Fibro_adventitial,Muscle_pericyte_airway,0.21928307138427242
Fibro_adventitial,Muscle_pericyte_parenchyma,-0.061363441882369675
Fibro_adventitial,Muscle_perivascular_immune_recruiting,0.11510395226044025
Fibro_adventitial,Muscle_smooth_pulmonary,-0.22311328252669793
Fibro_adventitial,Muscle_smooth_syst_arterial,-0.2429786184553827
Fibro_adventitial,Myoepithelial,0.0787302863121252
Fibro_adventitial,NAF_endoneurial,-0.24292400145589885
Fibro_adventitial,NAF_perineurial,-0.2694911883855277
Fibro_adventitial,NK_CD16hi,-0.12318096700534086
Fibro_adventitial,NKT,-0.03637920406895238
Fibro_adventitial,NK_CD11d,-0.16724086853224532
Fibro_adventitial,NK_CD56bright,-0.21436131506004044
Fibro_adventitial,Neuroendocrine,-0.1831616490721922
Fibro_adventitial,SMG_Basal,-0.29631943129597366
Fibro_adventitial,SMG_Duct,0.07788809182440302
Fibro_adventitial,SMG_Mucous,-0.07999297030910117
Fibro_adventitial,SMG_Serous,0.12536232315779536
Fibro_adventitial,Schwann_Myelinating,-0.1271210195419896
Fibro_adventitial,Schwann_nonmyelinating,-0.24524095975906587
Fibro_adventitial,Secretory_Club,-0.24448151529023618
Fibro_adventitial,Secretory_Goblet,-0.2978843476775211
Fibro_adventitial,Suprabasal,-0.2999219038318009
Fibro_adventitial,T_reg,-0.1592240357520258
Fibro_adventitial,gdT,-0.1135568260998037
Fibro_alveolar,Fibro_alveolar,0.28070116733607653
Fibro_alveolar,Fibro_immune_recruiting,0.09673900710308513
Fibro_alveolar,Fibro_myofibroblast,-0.044269709247079465
Fibro_alveolar,Fibro_peribronchial,0.1830513610163175
Fibro_alveolar,Fibro_perichondrial,0.14117091578297786
Fibro_alveolar,ILC,0.3151945426238994
Fibro_alveolar,Ionocyte_n_Brush,0.22437596369909438
Fibro_alveolar,MAIT,0.29311251711390424
Fibro_alveolar,Macro_CHIT1,0.19248030124473126
Fibro_alveolar,Macro_interstitial,0.2537009303293307
Fibro_alveolar,Macro_AW_CX3CR1,0.30277138003178805
Fibro_alveolar,Macro_alveolar_metallothioneins,0.22317035469621913
Fibro_alveolar,Macro_alv,0.19443422301854138
Fibro_alveolar,Macro_dividing,0.22148449582045784
Fibro_alveolar,Macro_int,0.16744842177777275
Fibro_alveolar,Macro_CCL,0.2617126689785187
Fibro_alveolar,Mast_cell,0.26790005303854125
Fibro_alveolar,Megakaryocyte,0.2937169222184482
Fibro_alveolar,Mesothelia,0.05722568472129094
Fibro_alveolar,Macrophage_intermediate,0.2603046550045625
Fibro_alveolar,Monocyte_CD14,0.21187203052953527
Fibro_alveolar,Monocyte_CD16,0.2557734328024728
Fibro_alveolar,Muscle_airway,-0.09696280447783652
Fibro_alveolar,Muscle_pericyte_airway,-0.054335488105761914
Fibro_alveolar,Muscle_pericyte_parenchyma,0.2935706471993903
Fibro_alveolar,Muscle_perivascular_immune_recruiting,0.12989424757093326
Fibro_alveolar,Muscle_smooth_pulmonary,-0.0763666490617359
Fibro_alveolar,Muscle_smooth_syst_arterial,-0.06366517341105328
Fibro_alveolar,Myoepithelial,0.1661529642304201
Fibro_alveolar,NAF_endoneurial,0.03850181131886623
Fibro_alveolar,NAF_perineurial,-0.0014832609960497161
Fibro_alveolar,NK_CD16hi,0.3186443759805903
Fibro_alveolar,NKT,0.28201808697996494
Fibro_alveolar,NK_CD11d,0.32394785417888233
Fibro_alveolar,NK_CD56bright,0.31583490903817263
Fibro_alveolar,Neuroendocrine,0.2541985374128689
Fibro_alveolar,SMG_Basal,0.3014699881238513
Fibro_alveolar,SMG_Duct,0.18002258365455162
Fibro_alveolar,SMG_Mucous,0.2449246513242581
Fibro_alveolar,SMG_Serous,0.12957318640772517
Fibro_alveolar,Schwann_Myelinating,0.22631566526746097
Fibro_alveolar,Schwann_nonmyelinating,0.13902109263432552
Fibro_alveolar,Secretory_Club,0.21619179293753008
Fibro_alveolar,Secretory_Goblet,0.23513608088104487
Fibro_alveolar,Suprabasal,0.1977225740653992
Fibro_alveolar,T_reg,0.3127957823704898
Fibro_alveolar,gdT,0.3087707338733172
Fibro_immune_recruiting,Fibro_immune_recruiting,0.2404234092127214
Fibro_immune_recruiting,Fibro_myofibroblast,0.22936045055128987
Fibro_immune_recruiting,Fibro_peribronchial,-0.02731874148495585
Fibro_immune_recruiting,Fibro_perichondrial,-0.10450507711056843
Fibro_immune_recruiting,ILC,0.05497643397741483
Fibro_immune_recruiting,Ionocyte_n_Brush,-0.14122642954903683
Fibro_immune_recruiting,MAIT,0.08603237937194096
Fibro_immune_recruiting,Macro_CHIT1,0.09539060433572134
Fibro_immune_recruiting,Macro_interstitial,0.12501955282005792
Fibro_immune_recruiting,Macro_AW_CX3CR1,0.10346026518781133
Fibro_immune_recruiting,Macro_alveolar_metallothioneins,0.20022537343185956
Fibro_immune_recruiting,Macro_alv,0.02347667034772394
Fibro_immune_recruiting,Macro_dividing,0.07164747618340231
Fibro_immune_recruiting,Macro_int,0.21466039879909019
Fibro_immune_recruiting,Macro_CCL,0.12247335488040034
Fibro_immune_recruiting,Mast_cell,0.06968325482079597
Fibro_immune_recruiting,Megakaryocyte,-0.08606465324197243
Fibro_immune_recruiting,Mesothelia,0.2540922712425276
Fibro_immune_recruiting,Macrophage_intermediate,0.16916116502693734
Fibro_immune_recruiting,Monocyte_CD14,0.1683970531851717
Fibro_immune_recruiting,Monocyte_CD16,0.16867923204815258
Fibro_immune_recruiting,Muscle_airway,-0.24465651371254704
Fibro_immune_recruiting,Muscle_pericyte_airway,0.1727177972500482
Fibro_immune_recruiting,Muscle_pericyte_parenchyma,0.11902638873368225
Fibro_immune_recruiting,Muscle_perivascular_immune_recruiting,0.16031383316506873
Fibro_immune_recruiting,Muscle_smooth_pulmonary,-0.25584832426596843
Fibro_immune_recruiting,Muscle_smooth_syst_arterial,-0.26820375728681983
Fibro_immune_recruiting,Myoepithelial,0.13574017095388433
Fibro_immune_recruiting,NAF_endoneurial,-0.21892740241890205
Fibro_immune_recruiting,NAF_perineurial,-0.2597544739880107
Fibro_immune_recruiting,NK_CD16hi,0.07037958817949379
Fibro_immune_recruiting,NKT,0.1325893499415496
Fibro_immune_recruiting,NK_CD11d,0.033347401778584
Fibro_immune_recruiting,NK_CD56bright,-0.01074063111930691
Fibro_immune_recruiting,Neuroendocrine,-0.045451451424189486
Fibro_immune_recruiting,SMG_Basal,-0.0993484499273055
Fibro_immune_recruiting,SMG_Duct,0.14948390082034602
Fibro_immune_recruiting,SMG_Mucous,0.0568136982706369
Fibro_immune_recruiting,SMG_Serous,0.1567792118389118
Fibro_immune_recruiting,Schwann_Myelinating,-0.01473890066709894
Fibro_immune_recruiting,Schwann_nonmyelinating,-0.16075018002345057
Fibro_immune_recruiting,Secretory_Club,-0.0867357313820562
Fibro_immune_recruiting,Secretory_Goblet,-0.12770419492414983
Fibro_immune_recruiting,Suprabasal,-0.15836749231041625
Fibro_immune_recruiting,T_reg,0.038593385635365386
Fibro_immune_recruiting,gdT,0.07468601288504227
Fibro_myofibroblast,Fibro_myofibroblast,0.25992930029973244
Fibro_myofibroblast,Fibro_peribronchial,-0.1346212408957337
Fibro_myofibroblast,Fibro_perichondrial,-0.1777390330700145
Fibro_myofibroblast,ILC,-0.11360694302064256
Fibro_myofibroblast,Ionocyte_n_Brush,-0.29912853308975834
Fibro_myofibroblast,MAIT,-0.07566953693705525
Fibro_myofibroblast,Macro_CHIT1,-0.018785279818814875
Fibro_myofibroblast,Macro_interstitial,-0.01637833892717487
Fibro_myofibroblast,Macro_AW_CX3CR1,-0.05155042275159413
Fibro_myofibroblast,Macro_alveolar_metallothioneins,0.09879391225644306
Fibro_myofibroblast,Macro_alv,-0.09928314240457031
Fibro_myofibroblast,Macro_dividing,-0.06136004398406548
Fibro_myofibroblast,Macro_int,0.126730691844621
Fibro_myofibroblast,Macro_CCL,-0.019450446735000182
Fibro_myofibroblast,Mast_cell,-0.09663554548446812
Fibro_myofibroblast,Megakaryocyte,-0.24153694040931317
Fibro_myofibroblast,Mesothelia,0.2743873003637263
Fibro_myofibroblast,Macrophage_intermediate,0.046758139354531277
Fibro_myofibroblast,Monocyte_CD14,0.05373106005874592
Fibro_myofibroblast,Monocyte_CD16,0.038344725969249864
Fibro_myofibroblast,Muscle_airway,-0.19534711241699734
Fibro_myofibroblast,Muscle_pericyte_airway,0.22624326893475669
Fibro_myofibroblast,Muscle_pericyte_parenchyma,-0.04129578762573232
Fibro_myofibroblast,Muscle_perivascular_immune_recruiting,0.14547316769629048
Fibro_myofibroblast,Muscle_smooth_pulmonary,-0.22205670930979415
Fibro_myofibroblast,Muscle_smooth_syst_arterial,-0.24050957205985343
Fibro_myofibroblast,Myoepithelial,0.11274964349806603
Fibro_myofibroblast,NAF_endoneurial,-0.22515603586137925
Fibro_myofibroblast,NAF_perineurial,-0.25792526429074925
Fibro_myofibroblast,NK_CD16hi,-0.0981244960170713
Fibro_myofibroblast,NKT,-0.013528824487500618
Fibro_myofibroblast,NK_CD11d,-0.14343311667651584
Fibro_myofibroblast,NK_CD56bright,-0.19534948321781545
Fibro_myofibroblast,Neuroendocrine,-0.14704286532744235
Fibro_myofibroblast,SMG_Basal,-0.27594115932695823
Fibro_myofibroblast,SMG_Duct,0.11014979983321181
Fibro_myofibroblast,SMG_Mucous,-0.05829380990688749
Fibro_myofibroblast,SMG_Serous,0.15729346877295042
Fibro_myofibroblast,Schwann_Myelinating,-0.08945176447345828
Fibro_myofibroblast,Schwann_nonmyelinating,-0.21916985975912753
Fibro_myofibroblast,Secretory_Club,-0.2448947039760109
Fibro_myofibroblast,Secretory_Goblet,-0.293471549499809
Fibro_myofibroblast,Suprabasal,-0.2950443983358326
Fibro_myofibroblast,T_reg,-0.13790289587151247
Fibro_myofibroblast,gdT,-0.08834730250642155
Fibro_peribronchial,Fibro_peribronchial,0.046053195946795106
Fibro_peribronchial,Fibro_perichondrial,0.08473677413796482
Fibro_peribronchial,ILC,0.2297497810032343
Fibro_peribronchial,Ionocyte_n_Brush,0.2590298920317465
Fibro_peribronchial,MAIT,0.21377163143667563
Fibro_peribronchial,Macro_CHIT1,0.15791666794226147
Fibro_peribronchial,Macro_interstitial,0.17951758180905655
Fibro_peribronchial,Macro_AW_CX3CR1,0.20500518799007636
Fibro_peribronchial,Macro_alveolar_metallothioneins,0.09442550114998928
Fibro_peribronchial,Macro_alv,0.18667376862822505
Fibro_peribronchial,Macro_dividing,0.1830914899398927
Fibro_peribronchial,Macro_int,0.07698605513848633
Fibro_peribronchial,Macro_CCL,0.1818793207288745
Fibro_peribronchial,Mast_cell,0.1948088154862683
Fibro_peribronchial,Megakaryocyte,0.2514259033214211
Fibro_peribronchial,Mesothelia,-0.07846249065894795
Fibro_peribronchial,Macrophage_intermediate,0.13975511079311306
Fibro_peribronchial,Monocyte_CD14,0.12987090298700243
Fibro_peribronchial,Monocyte_CD16,0.14814770345564973
Fibro_peribronchial,Muscle_airway,-0.039316672976289
Fibro_peribronchial,Muscle_pericyte_airway,-0.17941034995314512
Fibro_peribronchial,Muscle_pericyte_parenchyma,0.19223023001133524
Fibro_peribronchial,Muscle_perivascular_immune_recruiting,-0.02352882162357034
Fibro_peribronchial,Muscle_smooth_pulmonary,-0.02092356193925234
Fibro_peribronchial,Muscle_smooth_syst_arterial,0.002554625989524138
Fibro_peribronchial,Myoepithelial,0.0636480010201972
Fibro_peribronchial,NAF_endoneurial,0.053443657379860975
Fibro_peribronchial,NAF_perineurial,0.043197107335924655
Fibro_peribronchial,NK_CD16hi,0.23209078965201602
Fibro_peribronchial,NKT,0.18240434217553406
Fibro_peribronchial,NK_CD11d,0.2521624802158801
Fibro_peribronchial,NK_CD56bright,0.26948364599142655
Fibro_peribronchial,Neuroendocrine,0.17975304125024935
Fibro_peribronchial,SMG_Basal,0.27195680177452203
Fibro_peribronchial,SMG_Duct,0.06854143638731815
Fibro_peribronchial,SMG_Mucous,0.16584110991402107
Fibro_peribronchial,SMG_Serous,0.029699705221773984
Fibro_peribronchial,Schwann_Myelinating,0.14046254083893742
Fibro_peribronchial,Schwann_nonmyelinating,0.09167622340942892
Fibro_peribronchial,Secretory_Club,0.22429281562918246
Fibro_peribronchial,Secretory_Goblet,0.25238139446107205
Fibro_peribronchial,Suprabasal,0.23735746184604486
Fibro_peribronchial,T_reg,0.2446231204197915
Fibro_peribronchial,gdT,0.21902180666243806
Fibro_perichondrial,Fibro_perichondrial,0.08422878778413
Fibro_perichondrial,ILC,0.20919597751346794
Fibro_perichondrial,Ionocyte_n_Brush,0.2890915387402528
Fibro_perichondrial,MAIT,0.1850001748299208
Fibro_perichondrial,Macro_CHIT1,0.12538343291864923
Fibro_perichondrial,Macro_interstitial,0.13994418273827025
Fibro_perichondrial,Macro_AW_CX3CR1,0.16135401385741135
Fibro_perichondrial,Macro_alveolar_metallothioneins,0.034508245837807254
Fibro_perichondrial,Macro_alv,0.1802208064934897
Fibro_perichondrial,Macro_dividing,0.162929263194988
Fibro_perichondrial,Macro_int,0.014521907066117902
Fibro_perichondrial,Macro_CCL,0.14180936381203305
Fibro_perichondrial,Mast_cell,0.1877915907924795
Fibro_perichondrial,Megakaryocyte,0.26530868185015655
Fibro_perichondrial,Mesothelia,-0.16161528114774956
Fibro_perichondrial,Macrophage_intermediate,0.08614465836651507
Fibro_perichondrial,Monocyte_CD14,0.08246540756238026
Fibro_perichondrial,Monocyte_CD16,0.09644893211600623
Fibro_perichondrial,Muscle_airway,0.05467103394959588
Fibro_perichondrial,Muscle_pericyte_airway,-0.21240219551310724
Fibro_perichondrial,Muscle_pericyte_parenchyma,0.15139639290674062
Fibro_perichondrial,Muscle_perivascular_immune_recruiting,-0.08181249264197961
Fibro_perichondrial,Muscle_smooth_pulmonary,0.07865364026616935
Fibro_perichondrial,Muscle_smooth_syst_arterial,0.09978071647704334
Fibro_perichondrial,Myoepithelial,-0.006710795901104401
Fibro_perichondrial,NAF_endoneurial,0.12005302470765931
Fibro_perichondrial,NAF_perineurial,0.12960339651803443
Fibro_perichondrial,NK_CD16hi,0.20095608152561684
Fibro_perichondrial,NKT,0.13942264644822816
Fibro_perichondrial,NK_CD11d,0.23018960438236835
Fibro_perichondrial,NK_CD56bright,0.26363393155376
Fibro_perichondrial,Neuroendocrine,0.18289003065452591
Fibro_perichondrial,SMG_Basal,0.2770862328774189
Fibro_perichondrial,SMG_Duct,-0.01273283707332915
Fibro_perichondrial,SMG_Mucous,0.1261852155982604
Fibro_perichondrial,SMG_Serous,-0.04651206209788635
Fibro_perichondrial,Schwann_Myelinating,0.12492632282642725
Fibro_perichondrial,Schwann_nonmyelinating,0.1454762151900377
Fibro_perichondrial,Secretory_Club,0.24635926671660166
Fibro_perichondrial,Secretory_Goblet,0.2794506086553488
Fibro_perichondrial,Suprabasal,0.27498668622897593
Fibro_perichondrial,T_reg,0.2280543997820058
Fibro_perichondrial,gdT,0.19241264715451448
ILC,ILC,0.36340267455091446
ILC,Ionocyte_n_Brush,0.31201738920829597
ILC,MAIT,0.3363186055820179
ILC,Macro_CHIT1,0.2169189653232366
ILC,Macro_interstitial,0.2833043732094625
ILC,Macro_AW_CX3CR1,0.33672055024623776
ILC,Macro_alveolar_metallothioneins,0.21441261197702421
ILC,Macro_alv,0.23601874031954095
ILC,Macro_dividing,0.25733307643798187
ILC,Macro_int,0.1569960345770978
ILC,Macro_CCL,0.29071847332963585
ILC,Mast_cell,0.3131634438004636
ILC,Megakaryocyte,0.36209648815101164
ILC,Mesothelia,-0.006898504874805217
ILC,Macrophage_intermediate,0.26653548104932534
ILC,Monocyte_CD14,0.22290825375019432
ILC,Monocyte_CD16,0.26905378434272004
ILC,Muscle_airway,-0.07954594934850247
ILC,Muscle_pericyte_airway,-0.1261830831753626
ILC,Muscle_pericyte_parenchyma,0.33264916481886014
ILC,Muscle_perivascular_immune_recruiting,0.08822520364995928
ILC,Muscle_smooth_pulmonary,-0.05110693204369605
ILC,Muscle_smooth_syst_arterial,-0.03343270210345606
ILC,Myoepithelial,0.14342929109475533
ILC,NAF_endoneurial,0.06784361255611522
ILC,NAF_perineurial,0.035592682273915356
ILC,NK_CD16hi,0.36650816655047386
ILC,NKT,0.3094738720395475
ILC,NK_CD11d,0.38207172624093383
ILC,NK_CD56bright,0.3864617818636529
ILC,Neuroendocrine,0.2881116050535088
ILC,SMG_Basal,0.38701966755174616
ILC,SMG_Duct,0.16335586522732
ILC,SMG_Mucous,0.27078125102883704
ILC,SMG_Serous,0.09426100943786715
ILC,Schwann_Myelinating,0.24421281442840495
ILC,Schwann_nonmyelinating,0.17103359389247139
ILC,Secretory_Club,0.2927925318030351
ILC,Secretory_Goblet,0.32087242650558256
ILC,Suprabasal,0.278861971334969
ILC,T_reg,0.37003673281989985
ILC,gdT,0.3520422540551788
Ionocyte_n_Brush,Ionocyte_n_Brush,0.4196738674524451
Ionocyte_n_Brush,MAIT,0.26046078353920715
Ionocyte_n_Brush,Macro_CHIT1,0.1428733951642002
Ionocyte_n_Brush,Macro_interstitial,0.1821751119880426
Ionocyte_n_Brush,Macro_AW_CX3CR1,0.24868852928461546
Ionocyte_n_Brush,Macro_alveolar_metallothioneins,0.06000846579245911
Ionocyte_n_Brush,Macro_alv,0.21634977871301586
Ionocyte_n_Brush,Macro_dividing,0.1986771057220257
Ionocyte_n_Brush,Macro_int,-0.0058778909636016926
Ionocyte_n_Brush,Macro_CCL,0.19051431183440312
Ionocyte_n_Brush,Mast_cell,0.2542132914794094
Ionocyte_n_Brush,Megakaryocyte,0.412448565470305
Ionocyte_n_Brush,Mesothelia,-0.19868381208943434
Ionocyte_n_Brush,Macrophage_intermediate,0.12943895735188368
Ionocyte_n_Brush,Monocyte_CD14,0.09002069508965904
Ionocyte_n_Brush,Monocyte_CD16,0.13378847133797325
Ionocyte_n_Brush,Muscle_airway,0.10371175245964603
Ionocyte_n_Brush,Muscle_pericyte_airway,-0.24657206800139167
Ionocyte_n_Brush,Muscle_pericyte_parenchyma,0.23194280236570416
Ionocyte_n_Brush,Muscle_perivascular_immune_recruiting,-0.03460026657644426
Ionocyte_n_Brush,Muscle_smooth_pulmonary,0.140686700327208
Ionocyte_n_Brush,Muscle_smooth_syst_arterial,0.16736264964944103
Ionocyte_n_Brush,Myoepithelial,0.03442055809563319
Ionocyte_n_Brush,NAF_endoneurial,0.22372555384713014
Ionocyte_n_Brush,NAF_perineurial,0.22478468651420894
Ionocyte_n_Brush,NK_CD16hi,0.3020456131964803
Ionocyte_n_Brush,NKT,0.19921408035063926
Ionocyte_n_Brush,NK_CD11d,0.3464971845887214
Ionocyte_n_Brush,NK_CD56bright,0.3847240148544316
Ionocyte_n_Brush,Neuroendocrine,0.3047907710846832
Ionocyte_n_Brush,SMG_Basal,0.4625827389336427
Ionocyte_n_Brush,SMG_Duct,0.05093329162424524
Ionocyte_n_Brush,SMG_Mucous,0.22453999569053232
Ionocyte_n_Brush,SMG_Serous,-0.03455429257411794
Ionocyte_n_Brush,Schwann_Myelinating,0.2397236257700032
Ionocyte_n_Brush,Schwann_nonmyelinating,0.27650733538096367
Ionocyte_n_Brush,Secretory_Club,0.35820321599264665
Ionocyte_n_Brush,Secretory_Goblet,0.4185879644046286
Ionocyte_n_Brush,Suprabasal,0.39619068704164256
Ionocyte_n_Brush,T_reg,0.33065462100177107
Ionocyte_n_Brush,gdT,0.2832382077056676
MAIT,MAIT,0.30741498181470506
MAIT,Macro_CHIT1,0.199321684309354
MAIT,Macro_interstitial,0.26347277370235433
MAIT,Macro_AW_CX3CR1,0.31270635636046623
MAIT,Macro_alveolar_metallothioneins,0.21841806961676125
MAIT,Macro_alv,0.2065626630405607
MAIT,Macro_dividing,0.23237166603840306
MAIT,Macro_int,0.16347363617924382
MAIT,Macro_CCL,0.2708467992810789
MAIT,Mast_cell,0.2830516834814682
MAIT,Megakaryocyte,0.3140238772778598
MAIT,Mesothelia,0.03412142251829942
MAIT,Macrophage_intermediate,0.26053507540789606
MAIT,Monocyte_CD14,0.2155654730123748
MAIT,Monocyte_CD16,0.25961513722673635
MAIT,Muscle_airway,-0.09349836320084322
MAIT,Muscle_pericyte_airway,-0.0799498483780989
MAIT,Muscle_pericyte_parenchyma,0.30881035591892936
MAIT,Muscle_perivascular_immune_recruiting,0.1124166033521844
MAIT,Muscle_smooth_pulmonary,-0.0699130389863909
MAIT,Muscle_smooth_syst_arterial,-0.05620131800297986
MAIT,Myoepithelial,0.15455680438140382
MAIT,NAF_endoneurial,0.04434027861862049
MAIT,NAF_perineurial,0.007956253398720971
MAIT,NK_CD16hi,0.334096865912107
MAIT,NKT,0.29096629292431736
MAIT,NK_CD11d,0.34255996060584076
MAIT,NK_CD56bright,0.3387711382640835
MAIT,Neuroendocrine,0.2608895112609613
MAIT,SMG_Basal,0.3305062541851161
MAIT,SMG_Duct,0.17191795485791603
MAIT,SMG_Mucous,0.25095834266687334
MAIT,SMG_Serous,0.1133261137095999
MAIT,Schwann_Myelinating,0.22789036852331623
MAIT,Schwann_nonmyelinating,0.14607958865159637
MAIT,Secretory_Club,0.24163214882237893
MAIT,Secretory_Goblet,0.2629047579985307
MAIT,Suprabasal,0.22246847339803147
MAIT,T_reg,0.3314421571749084
MAIT,gdT,0.32240960118754963
Macro_CHIT1,Macro_CHIT1,0.11341758285074148
Macro_CHIT1,Macro_interstitial,0.1652104054023328
Macro_CHIT1,Macro_AW_CX3CR1,0.19896891389220486
Macro_CHIT1,Macro_alveolar_metallothioneins,0.1522095093470521
Macro_CHIT1,Macro_alv,0.11047385137046008
Macro_CHIT1,Macro_dividing,0.1355987398303437
Macro_CHIT1,Macro_int,0.10996685777322161
Macro_CHIT1,Macro_CCL,0.17087871351063832
Macro_CHIT1,Mast_cell,0.1716542911130183
Macro_CHIT1,Megakaryocyte,0.1851585884134165
Macro_CHIT1,Mesothelia,0.04645984182173824
Macro_CHIT1,Macrophage_intermediate,0.17587407350137918
Macro_CHIT1,Monocyte_CD14,0.1412362888895434
Macro_CHIT1,Monocyte_CD16,0.17340305955172494
Macro_CHIT1,Muscle_airway,-0.06668579603886113
Macro_CHIT1,Muscle_pericyte_airway,-0.016594568572213347
Macro_CHIT1,Muscle_pericyte_parenchyma,0.20250101437701398
Macro_CHIT1,Muscle_perivascular_immune_recruiting,0.10444861729448181
Macro_CHIT1,Muscle_smooth_pulmonary,-0.058204749316704246
Macro_CHIT1,Muscle_smooth_syst_arterial,-0.05512185362677827
Macro_CHIT1,Myoepithelial,0.12902285652093
Macro_CHIT1,NAF_endoneurial,0.021138267093136612
Macro_CHIT1,NAF_perineurial,-0.014499624653387977
Macro_CHIT1,NK_CD16hi,0.2107071728183316
Macro_CHIT1,NKT,0.18943887716472682
Macro_CHIT1,NK_CD11d,0.21051165201988972
Macro_CHIT1,NK_CD56bright,0.19931022952944477
Macro_CHIT1,Neuroendocrine,0.16584060105316356
Macro_CHIT1,SMG_Basal,0.18750478811271454
Macro_CHIT1,SMG_Duct,0.1263263339877263
Macro_CHIT1,SMG_Mucous,0.1694002545540926
Macro_CHIT1,SMG_Serous,0.10051251375680852
Macro_CHIT1,Schwann_Myelinating,0.160430694258157
Macro_CHIT1,Schwann_nonmyelinating,0.09470041637556019
Macro_CHIT1,Secretory_Club,0.1269595683367681
Macro_CHIT1,Secretory_Goblet,0.1376699494425271
Macro_CHIT1,Suprabasal,0.10591788626633547
Macro_CHIT1,T_reg,0.2025445724719117
Macro_CHIT1,gdT,0.20268342959181318
Macro_interstitial,Macro_interstitial,0.23000356539449962
Macro_interstitial,Macro_AW_CX3CR1,0.27023927198694686
Macro_interstitial,Macro_alveolar_metallothioneins,0.21585144578117688
Macro_interstitial,Macro_alv,0.16112269048908873
Macro_interstitial,Macro_dividing,0.1925403049249482
Macro_interstitial,Macro_int,0.16796836352886466
Macro_interstitial,Macro_CCL,0.23648756938430507
Macro_interstitial,Mast_cell,0.23508778669667693
Macro_interstitial,Megakaryocyte,0.23758767106074363
Macro_interstitial,Mesothelia,0.08399703696857204
Macro_interstitial,Macrophage_intermediate,0.24317394566125908
Macro_interstitial,Monocyte_CD14,0.20061874923891612
Macro_interstitial,Monocyte_CD16,0.23949864907333898
Macro_interstitial,Muscle_airway,-0.11325271957000821
Macro_interstitial,Muscle_pericyte_airway,-0.01763923056980259
Macro_interstitial,Muscle_pericyte_parenchyma,0.26907598661860654
Macro_interstitial,Muscle_perivascular_immune_recruiting,0.13734863757138657
Macro_interstitial,Muscle_smooth_pulmonary,-0.09770471947412583
Macro_interstitial,Muscle_smooth_syst_arterial,-0.09013661697499233
Macro_interstitial,Myoepithelial,0.1625324946696852
Macro_interstitial,NAF_endoneurial,0.006081413240128245
Macro_interstitial,NAF_perineurial,-0.03503011310576882
Macro_interstitial,NK_CD16hi,0.2804815128027547
Macro_interstitial,NKT,0.2576042435887554
Macro_interstitial,NK_CD11d,0.27918446186076856
Macro_interstitial,NK_CD56bright,0.2648308621681156
Macro_interstitial,Neuroendocrine,0.210379449272846
Macro_interstitial,SMG_Basal,0.24472476850720873
Macro_interstitial,SMG_Duct,0.17495526597921987
Macro_interstitial,SMG_Mucous,0.2168198526124027
Macro_interstitial,SMG_Serous,0.13206164856326016
Macro_interstitial,Schwann_Myelinating,0.19464114926805884
Macro_interstitial,Schwann_nonmyelinating,0.10188496822243807
Macro_interstitial,Secretory_Club,0.16754607935753638
Macro_interstitial,Secretory_Goblet,0.1784725249684861
Macro_interstitial,Suprabasal,0.14004958707006698
Macro_interstitial,T_reg,0.27000822930487756
Macro_interstitial,gdT,0.27206532791498195
Macro_AW_CX3CR1,Macro_AW_CX3CR1,0.3220307005940995
Macro_AW_CX3CR1,Macro_alveolar_metallothioneins,0.23862201287990456
Macro_AW_CX3CR1,Macro_alv,0.21069756927838243
Macro_AW_CX3CR1,Macro_dividing,0.2407341164727241
Macro_AW_CX3CR1,Macro_int,0.18585540676449216
Macro_AW_CX3CR1,Macro_CCL,0.284007462345266
Macro_AW_CX3CR1,Mast_cell,0.293243297314474
Macro_AW_CX3CR1,Megakaryocyte,0.30378151524341374
Macro_AW_CX3CR1,Mesothelia,0.056701940677888835
Macro_AW_CX3CR1,Macrophage_intermediate,0.2762896906276721
Macro_AW_CX3CR1,Monocyte_CD14,0.233694637528898
Macro_AW_CX3CR1,Monocyte_CD16,0.2769904112586263
Macro_AW_CX3CR1,Muscle_airway,-0.11913408817896028
Macro_AW_CX3CR1,Muscle_pericyte_airway,-0.061715487094614406
Macro_AW_CX3CR1,Muscle_pericyte_parenchyma,0.3223552546624574
Macro_AW_CX3CR1,Muscle_perivascular_immune_recruiting,0.12556916526413817
Macro_AW_CX3CR1,Muscle_smooth_pulmonary,-0.09653426200163184
Macro_AW_CX3CR1,Muscle_smooth_syst_arterial,-0.08453673945121497
Macro_AW_CX3CR1,Myoepithelial,0.16338376336774627
Macro_AW_CX3CR1,NAF_endoneurial,0.01822601796346617
Macro_AW_CX3CR1,NAF_perineurial,-0.021193808927321586
Macro_AW_CX3CR1,NK_CD16hi,0.34158291478446867
Macro_AW_CX3CR1,NKT,0.3048086924030798
Macro_AW_CX3CR1,NK_CD11d,0.34665500085645434
Macro_AW_CX3CR1,NK_CD56bright,0.3391202976767611
Macro_AW_CX3CR1,Neuroendocrine,0.2507536353189962
Macro_AW_CX3CR1,SMG_Basal,0.3243988959784115
Macro_AW_CX3CR1,SMG_Duct,0.18485582178488635
Macro_AW_CX3CR1,SMG_Mucous,0.25492183392274315
Macro_AW_CX3CR1,SMG_Serous,0.12325626472247138
Macro_AW_CX3CR1,Schwann_Myelinating,0.2199782501294858
Macro_AW_CX3CR1,Schwann_nonmyelinating,0.12414129982642147
Macro_AW_CX3CR1,Secretory_Club,0.23683199790670317
Macro_AW_CX3CR1,Secretory_Goblet,0.2547143313844966
Macro_AW_CX3CR1,Suprabasal,0.20948713748522507
Macro_AW_CX3CR1,T_reg,0.33672915935413356
Macro_AW_CX3CR1,gdT,0.3298601378787564
Macro_alveolar_metallothioneins,Macro_alveolar_metallothioneins,0.23506174706564975
Macro_alveolar_metallothioneins,Macro_alv,0.12158345007906272
Macro_alveolar_metallothioneins,Macro_dividing,0.16593945052027398
Macro_alveolar_metallothioneins,Macro_int,0.20729368459819306
Macro_alveolar_metallothioneins,Macro_CCL,0.22063131341309414
Macro_alveolar_metallothioneins,Mast_cell,0.19299569509880388
Macro_alveolar_metallothioneins,Megakaryocyte,0.13279356466860961
Macro_alveolar_metallothioneins,Mesothelia,0.16386713042189419
Macro_alveolar_metallothioneins,Macrophage_intermediate,0.24383872275198892
Macro_alveolar_metallothioneins,Monocyte_CD14,0.21441710918098322
Macro_alveolar_metallothioneins,Monocyte_CD16,0.2422358119221614
Macro_alveolar_metallothioneins,Muscle_airway,-0.1896507377601324
Macro_alveolar_metallothioneins,Muscle_pericyte_airway,0.052976073267275194
Macro_alveolar_metallothioneins,Muscle_pericyte_parenchyma,0.24547638333889787
Macro_alveolar_metallothioneins,Muscle_perivascular_immune_recruiting,0.1650006280429734
Macro_alveolar_metallothioneins,Muscle_smooth_pulmonary,-0.18518910253735868
Macro_alveolar_metallothioneins,Muscle_smooth_syst_arterial,-0.18546357644173028
Macro_alveolar_metallothioneins,Myoepithelial,0.18298069127097824
Macro_alveolar_metallothioneins,NAF_endoneurial,-0.09284619632768305
Macro_alveolar_metallothioneins,NAF_perineurial,-0.14252053856420996
Macro_alveolar_metallothioneins,NK_CD16hi,0.2314298361611737
Macro_alveolar_metallothioneins,NKT,0.24049754016199762
Macro_alveolar_metallothioneins,NK_CD11d,0.21441889938515676
Macro_alveolar_metallothioneins,NK_CD56bright,0.18447484000453673
Macro_alveolar_metallothioneins,Neuroendocrine,0.13075727084435804
Macro_alveolar_metallothioneins,SMG_Basal,0.13135205608865946
Macro_alveolar_metallothioneins,SMG_Duct,0.19140971319342093
Macro_alveolar_metallothioneins,SMG_Mucous,0.18355793696538455
Macro_alveolar_metallothioneins,SMG_Serous,0.16858550957813254
Macro_alveolar_metallothioneins,Schwann_Myelinating,0.13662843765333046
Macro_alveolar_metallothioneins,Schwann_nonmyelinating,-0.0006841988973476923
Macro_alveolar_metallothioneins,Secretory_Club,0.08125620454720382
Macro_alveolar_metallothioneins,Secretory_Goblet,0.07031847831975337
Macro_alveolar_metallothioneins,Suprabasal,0.030575581259404173
Macro_alveolar_metallothioneins,T_reg,0.20896678511609834
Macro_alveolar_metallothioneins,gdT,0.22542273677381477
Macro_alv,Macro_alv,0.13395770535078363
Macro_alv,Macro_dividing,0.14608067999102045
Macro_alv,Macro_int,0.06542429102280452
Macro_alv,Macro_CCL,0.1671803593244513
Macro_alv,Mast_cell,0.18734675638706166
Macro_alv,Megakaryocyte,0.2484433075581226
Macro_alv,Mesothelia,-0.03603145204627669
Macro_alv,Macrophage_intermediate,0.15172576313895159
Macro_alv,Monocyte_CD14,0.11725158348257836
Macro_alv,Monocyte_CD16,0.15174272095169666
Macro_alv,Muscle_airway,-0.0075413187134096464
Macro_alv,Muscle_pericyte_airway,-0.08873692442392604
Macro_alv,Muscle_pericyte_parenchyma,0.20256344910781396
Macro_alv,Muscle_perivascular_immune_recruiting,0.05576843212654817
Macro_alv,Muscle_smooth_pulmonary,0.008639357792149246
Macro_alv,Muscle_smooth_syst_arterial,0.018804453548667607
Macro_alv,Myoepithelial,0.09250651220306427
Macro_alv,NAF_endoneurial,0.08840765077246454
Macro_alv,NAF_perineurial,0.06410422892393895
Macro_alv,NK_CD16hi,0.2286599871137278
Macro_alv,NKT,0.18275665286357787
Macro_alv,NK_CD11d,0.24208468595636298
Macro_alv,NK_CD56bright,0.24660479470186877
Macro_alv,Neuroendocrine,0.20163478251468225
Macro_alv,SMG_Basal,0.2611176217301096
Macro_alv,SMG_Duct,0.09233267500352821
Macro_alv,SMG_Mucous,0.17900433515870903
Macro_alv,SMG_Serous,0.05276087738412214
Macro_alv,Schwann_Myelinating,0.18074524376583745
Macro_alv,Schwann_nonmyelinating,0.15320965778898385
Macro_alv,Secretory_Club,0.19032025615227055
Macro_alv,Secretory_Goblet,0.21569712216022444
Macro_alv,Suprabasal,0.18919805964862704
Macro_alv,T_reg,0.2321613374726359
Macro_alv,gdT,0.2175554345291916
Macro_dividing,Macro_dividing,0.16508817431445064
Macro_dividing,Macro_int,0.11200799171411985
Macro_dividing,Macro_CCL,0.19686078237680382
Macro_dividing,Mast_cell,0.20625299526808902
Macro_dividing,Megakaryocyte,0.23978953474097797
Macro_dividing,Mesothelia,0.021457392320061632
Macro_dividing,Macrophage_intermediate,0.19255649669314667
Macro_dividing,Monocyte_CD14,0.15446584016170448
Macro_dividing,Monocyte_CD16,0.19079717783352235
Macro_dividing,Muscle_airway,-0.05556274292797625
Macro_dividing,Muscle_pericyte_airway,-0.05306462299593757
Macro_dividing,Muscle_pericyte_parenchyma,0.2310559825295779
Macro_dividing,Muscle_perivascular_immune_recruiting,0.09547308916158792
Macro_dividing,Muscle_smooth_pulmonary,-0.0402448781845129
Macro_dividing,Muscle_smooth_syst_arterial,-0.03148197771435791
Macro_dividing,Myoepithelial,0.1259514043538766
Macro_dividing,NAF_endoneurial,0.051205918773668375
Macro_dividing,NAF_perineurial,0.018493324981322667
Macro_dividing,NK_CD16hi,0.2496866556951254
Macro_dividing,NKT,0.21548737027037904
Macro_dividing,NK_CD11d,0.2556335901459313
Macro_dividing,NK_CD56bright,0.2506292063917281
Macro_dividing,Neuroendocrine,0.2035304804611051
Macro_dividing,SMG_Basal,0.2493945209246998
Macro_dividing,SMG_Duct,0.130874706243194
Macro_dividing,SMG_Mucous,0.19413265686976802
Macro_dividing,SMG_Serous,0.09068701805919595
Macro_dividing,Schwann_Myelinating,0.18686957855084352
Macro_dividing,Schwann_nonmyelinating,0.1297915652398619
Macro_dividing,Secretory_Club,0.17419777609842813
Macro_dividing,Secretory_Goblet,0.1933417842416234
Macro_dividing,Suprabasal,0.16177654971681682
Macro_dividing,T_reg,0.24628742267533052
Macro_dividing,gdT,0.23991934744648347
Macro_int,Macro_int,0.17698926789363037
Macro_int,Macro_CCL,0.15849229458524516
Macro_int,Mast_cell,0.11999092011621666
Macro_int,Megakaryocyte,0.05145982710482915
Macro_int,Mesothelia,0.19407450151525327
Macro_int,Macrophage_intermediate,0.19788860175728817
Macro_int,Monocyte_CD14,0.16862929276539196
Macro_int,Monocyte_CD16,0.19151255317257912
Macro_int,Muscle_airway,-0.17113726376449925
Macro_int,Muscle_pericyte_airway,0.10780851272822371
Macro_int,Muscle_pericyte_parenchyma,0.17860076333753513
Macro_int,Muscle_perivascular_immune_recruiting,0.1806537859994808
Macro_int,Muscle_smooth_pulmonary,-0.17425018369762837
Macro_int,Muscle_smooth_syst_arterial,-0.18107088573687966
Macro_int,Myoepithelial,0.17849906795826462
Macro_int,NAF_endoneurial,-0.099905868279344
Macro_int,NAF_perineurial,-0.14975885964634897
Macro_int,NK_CD16hi,0.1543584712155702
Macro_int,NKT,0.17936942103348888
Macro_int,NK_CD11d,0.12978092465364632
Macro_int,NK_CD56bright,0.09170970273711293
Macro_int,Neuroendocrine,0.08068858828711728
Macro_int,SMG_Basal,0.038620295742776166
Macro_int,SMG_Duct,0.1800778140788923
Macro_int,SMG_Mucous,0.13253323245552825
Macro_int,SMG_Serous,0.17464642595573476
Macro_int,Schwann_Myelinating,0.10409109760819503
Macro_int,Schwann_nonmyelinating,-0.022324196768093774
Macro_int,Secretory_Club,-0.0038514482101506173
Macro_int,Secretory_Goblet,-0.021224358615190408
Macro_int,Suprabasal,-0.05235461377308013
Macro_int,T_reg,0.12569779501361078
Macro_int,gdT,0.15219930137721263
Macro_CCL,Macro_CCL,0.2437479509454061
Macro_CCL,Mast_cell,0.24391900615000417
Macro_CCL,Megakaryocyte,0.24606801071607967
Macro_CCL,Mesothelia,0.08025156437867297
Macro_CCL,Macrophage_intermediate,0.24801827667479534
Macro_CCL,Monocyte_CD14,0.20608474312775438
Macro_CCL,Monocyte_CD16,0.24531783745523916
Macro_CCL,Muscle_airway,-0.11626380100542859
Macro_CCL,Muscle_pericyte_airway,-0.024708942727928156
Macro_CCL,Muscle_pericyte_parenchyma,0.27731761997486787
Macro_CCL,Muscle_perivascular_immune_recruiting,0.1342308659016823
Macro_CCL,Muscle_smooth_pulmonary,-0.09963680950753225
Macro_CCL,Muscle_smooth_syst_arterial,-0.09145530813977809
Macro_CCL,Myoepithelial,0.16116137829440566
Macro_CCL,NAF_endoneurial,0.005368447202862624
Macro_CCL,NAF_perineurial,-0.03525697418585714
Macro_CCL,NK_CD16hi,0.28928618316644067
Macro_CCL,NKT,0.2647321564897899
Macro_CCL,NK_CD11d,0.28881201778849225
Macro_CCL,NK_CD56bright,0.27553381705824204
Macro_CCL,Neuroendocrine,0.21465247428523573
Macro_CCL,SMG_Basal,0.25550599466759333
Macro_CCL,SMG_Duct,0.17551533295320218
Macro_CCL,SMG_Mucous,0.2214666785048138
Macro_CCL,SMG_Serous,0.12988884134898207
Macro_CCL,Schwann_Myelinating,0.1963783919230405
Macro_CCL,Schwann_nonmyelinating,0.10307701871546161
Macro_CCL,Secretory_Club,0.17797955185011038
Macro_CCL,Secretory_Goblet,0.18934501305200732
Macro_CCL,Suprabasal,0.14958794322655092
Macro_CCL,T_reg,0.27965567405605335
Macro_CCL,gdT,0.28038904229421807
Mast_cell,Mast_cell,0.2491531900978211
Mast_cell,Megakaryocyte,0.30123620167077214
Mast_cell,Mesothelia,0.012875587644562531
Mast_cell,Macrophage_intermediate,0.22954175522318762
Mast_cell,Monocyte_CD14,0.1862869097112533
Mast_cell,Monocyte_CD16,0.22830194132396822
Mast_cell,Muscle_airway,-0.07071152556301402
Mast_cell,Muscle_pericyte_airway,-0.09806219283152207
Mast_cell,Muscle_pericyte_parenchyma,0.2805157668289823
Mast_cell,Muscle_perivascular_immune_recruiting,0.09701200472361775
Mast_cell,Muscle_smooth_pulmonary,-0.04983338419877726
Mast_cell,Muscle_smooth_syst_arterial,-0.035353225239114404
Mast_cell,Myoepithelial,0.15382566957637198
Mast_cell,NAF_endoneurial,0.06004479911053009
Mast_cell,NAF_perineurial,0.024912240334604135
Mast_cell,NK_CD16hi,0.3082956820778647
Mast_cell,NKT,0.2615555406305776
Mast_cell,NK_CD11d,0.31833937155651804
Mast_cell,NK_CD56bright,0.3157212867283678
Mast_cell,Neuroendocrine,0.2530768655454269
Mast_cell,SMG_Basal,0.31701082040950873
Mast_cell,SMG_Duct,0.16206169539632062
Mast_cell,SMG_Mucous,0.238425119239253
Mast_cell,SMG_Serous,0.1106064146272518
Mast_cell,Schwann_Myelinating,0.2267574687996556
Mast_cell,Schwann_nonmyelinating,0.1482399573439854
Mast_cell,Secretory_Club,0.22421760621549838
Mast_cell,Secretory_Goblet,0.24890322029019726
Mast_cell,Suprabasal,0.21509710932393222
Mast_cell,T_reg,0.30537508744405367
Mast_cell,gdT,0.2949315489470953
Megakaryocyte,Megakaryocyte,0.4388318836257133
Megakaryocyte,Mesothelia,-0.15509731570064636
Megakaryocyte,Macrophage_intermediate,0.2039250580997235
Megakaryocyte,Monocyte_CD14,0.169636446030085
Megakaryocyte,Monocyte_CD16,0.21323396287233168
Megakaryocyte,Muscle_airway,0.023213233865643848
Megakaryocyte,Muscle_pericyte_airway,-0.24600337264539807
Megakaryocyte,Muscle_pericyte_parenchyma,0.31032019599611743
Megakaryocyte,Muscle_perivascular_immune_recruiting,-0.015523620269856217
Megakaryocyte,Muscle_smooth_pulmonary,0.06338142777955862
Megakaryocyte,Muscle_smooth_syst_arterial,0.09062578876137924
Megakaryocyte,Myoepithelial,0.05832097287597338
Megakaryocyte,NAF_endoneurial,0.16432422606707103
Megakaryocyte,NAF_perineurial,0.15862275477421053
Megakaryocyte,NK_CD16hi,0.370284197463791
Megakaryocyte,NKT,0.2762387065891628
Megakaryocyte,NK_CD11d,0.40857139328219994
Megakaryocyte,NK_CD56bright,0.4420377450726874
Megakaryocyte,Neuroendocrine,0.3175891647568605
Megakaryocyte,SMG_Basal,0.48464273341853165
Megakaryocyte,SMG_Duct,0.0827906956217239
Megakaryocyte,SMG_Mucous,0.26068788009586163
Megakaryocyte,SMG_Serous,-0.007083612360987011
Megakaryocyte,Schwann_Myelinating,0.24493989803981686
Megakaryocyte,Schwann_nonmyelinating,0.24291502769120002
Megakaryocyte,Secretory_Club,0.38891705814379196
Megakaryocyte,Secretory_Goblet,0.4379758880626498
Megakaryocyte,Suprabasal,0.4056833508485074
Megakaryocyte,T_reg,0.39593302103198885
Megakaryocyte,gdT,0.35195756582923304
Mesothelia,Mesothelia,0.2676980930703298
Mesothelia,Macrophage_intermediate,0.1339719517887255
Mesothelia,Monocyte_CD14,0.13467477605578007
Mesothelia,Monocyte_CD16,0.13164786255256997
Mesothelia,Muscle_airway,-0.23728895434848654
Mesothelia,Muscle_pericyte_airway,0.20070346448506104
Mesothelia,Muscle_pericyte_parenchyma,0.07716437054232547
Mesothelia,Muscle_perivascular_immune_recruiting,0.1633194491559994
Mesothelia,Muscle_smooth_pulmonary,-0.254917246052523
Mesothelia,Muscle_smooth_syst_arterial,-0.2721999217599405
Mesothelia,Myoepithelial,0.13086704290970907
Mesothelia,NAF_endoneurial,-0.23071264526789306
Mesothelia,NAF_perineurial,-0.2711354129623396
Mesothelia,NK_CD16hi,0.019521543561263958
Mesothelia,NKT,0.0900275538008496
Mesothelia,NK_CD11d,-0.02183267252289636
Mesothelia,NK_CD56bright,-0.07030726130457421
Mesothelia,Neuroendocrine,-0.0792957525578659
Mesothelia,SMG_Basal,-0.1607837105253058
Mesothelia,SMG_Duct,0.13915403125566866
Mesothelia,SMG_Mucous,0.01932901683322461
Mesothelia,SMG_Serous,0.16304984328035504
Mesothelia,Schwann_Myelinating,-0.0396242571376151
Mesothelia,Schwann_nonmyelinating,-0.1845468163931375
Mesothelia,Secretory_Club,-0.1395315562757188
Mesothelia,Secretory_Goblet,-0.18755524293542694
Mesothelia,Suprabasal,-0.20990168053438887
Mesothelia,T_reg,-0.016994669896322808
Mesothelia,gdT,0.025265325230847725
Macrophage_intermediate,Macrophage_intermediate,0.2622063282405355
Macrophage_intermediate,Monocyte_CD14,0.22785059649533757
Macrophage_intermediate,Monocyte_CD16,0.2615964963590317
Macrophage_intermediate,Muscle_airway,-0.1686975948392798
Macrophage_intermediate,Muscle_pericyte_airway,0.012239745335278968
Macrophage_intermediate,Muscle_pericyte_parenchyma,0.2799860200234982
Macrophage_intermediate,Muscle_perivascular_immune_recruiting,0.1531076900530362
Macrophage_intermediate,Muscle_smooth_pulmonary,-0.1569400197516659
Macrophage_intermediate,Muscle_smooth_syst_arterial,-0.15292740218683967
Macrophage_intermediate,Myoepithelial,0.17630645389492292
Macrophage_intermediate,NAF_endoneurial,-0.054985114135519327
Macrophage_intermediate,NAF_perineurial,-0.10113889494454352
Macrophage_intermediate,NK_CD16hi,0.27690932899192555
Macrophage_intermediate,NKT,0.2704828850796827
Macrophage_intermediate,NK_CD11d,0.2671018095123547
Macrophage_intermediate,NK_CD56bright,0.24470707996037322
Macrophage_intermediate,Neuroendocrine,0.1761352584957019
Macrophage_intermediate,SMG_Basal,0.20252232863235886
Macrophage_intermediate,SMG_Duct,0.19107901641766056
Macrophage_intermediate,SMG_Mucous,0.21127538409611335
Macrophage_intermediate,SMG_Serous,0.15329966492757194
Macrophage_intermediate,Schwann_Myelinating,0.16813212518558704
Macrophage_intermediate,Schwann_nonmyelinating,0.045895688515705545
Macrophage_intermediate,Secretory_Club,0.13878947145291587
Macrophage_intermediate,Secretory_Goblet,0.13761322952979027
Macrophage_intermediate,Suprabasal,0.094464649579608
Macrophage_intermediate,T_reg,0.26061564404887233
Macrophage_intermediate,gdT,0.26931870501974864
Monocyte_CD14,Monocyte_CD14,0.18726063735033552
Monocyte_CD14,Monocyte_CD16,0.21827269824624604
Monocyte_CD14,Muscle_airway,-0.14233610255968715
Monocyte_CD14,Muscle_pericyte_airway,0.04307953872398737
Monocyte_CD14,Muscle_pericyte_parenchyma,0.22601251252764096
Monocyte_CD14,Muscle_perivascular_immune_recruiting,0.15767930585776704
Monocyte_CD14,Muscle_smooth_pulmonary,-0.13479231620123994
Monocyte_CD14,Muscle_smooth_syst_arterial,-0.13337926680706397
Monocyte_CD14,Myoepithelial,0.16760846778491237
Monocyte_CD14,NAF_endoneurial,-0.04434846969461443
Monocyte_CD14,NAF_perineurial,-0.08872275339867923
Monocyte_CD14,NK_CD16hi,0.22092125040015356
Monocyte_CD14,NKT,0.22156184510904178
Monocyte_CD14,NK_CD11d,0.2084639268941801
Monocyte_CD14,NK_CD56bright,0.18308388981354104
Monocyte_CD14,Neuroendocrine,0.14922421796628824
Monocyte_CD14,SMG_Basal,0.14544780060291515
Monocyte_CD14,SMG_Duct,0.1759914030163329
Monocyte_CD14,SMG_Mucous,0.17579539932363653
Monocyte_CD14,SMG_Serous,0.15082530231069632
Monocyte_CD14,Schwann_Myelinating,0.15100218793701478
Monocyte_CD14,Schwann_nonmyelinating,0.04400521136381543
Monocyte_CD14,Secretory_Club,0.0855704493244282
Monocyte_CD14,Secretory_Goblet,0.08306472597686208
Monocyte_CD14,Suprabasal,0.04835493253372348
Monocyte_CD14,T_reg,0.20206005210532976
Monocyte_CD14,gdT,0.21627818591166414
Monocyte_CD16,Monocyte_CD16,0.25776383267811964
Monocyte_CD16,Muscle_airway,-0.15997874277949384
Monocyte_CD16,Muscle_pericyte_airway,0.017848015959487554
Monocyte_CD16,Muscle_pericyte_parenchyma,0.2745064165271283
Monocyte_CD16,Muscle_perivascular_immune_recruiting,0.1599177826633981
Monocyte_CD16,Muscle_smooth_pulmonary,-0.14795403825128509
Monocyte_CD16,Muscle_smooth_syst_arterial,-0.1435416024024891
Monocyte_CD16,Myoepithelial,0.1809742328172471
Monocyte_CD16,NAF_endoneurial,-0.044342812500850565
Monocyte_CD16,NAF_perineurial,-0.09113806433451777
Monocyte_CD16,NK_CD16hi,0.27404533564403816
Monocyte_CD16,NKT,0.26669844726462627
Monocyte_CD16,NK_CD11d,0.26453102568555564
Monocyte_CD16,NK_CD56bright,0.24155936252835894
Monocyte_CD16,Neuroendocrine,0.1836176101936292
Monocyte_CD16,SMG_Basal,0.20244675191577347
Monocyte_CD16,SMG_Duct,0.19418439557728287
Monocyte_CD16,SMG_Mucous,0.21243807862391564
Monocyte_CD16,SMG_Serous,0.15731894456120057
Monocyte_CD16,Schwann_Myelinating,0.17604866485938286
Monocyte_CD16,Schwann_nonmyelinating,0.05662138345004413
Monocyte_CD16,Secretory_Club,0.1346224945391335
Monocyte_CD16,Secretory_Goblet,0.13515707579508288
Monocyte_CD16,Suprabasal,0.0934990527468884
Monocyte_CD16,T_reg,0.2571577788255459
Monocyte_CD16,gdT,0.2670744500766101
Muscle_airway,Muscle_airway,0.18700256097900572
Muscle_airway,Muscle_pericyte_airway,-0.21736442502043526
Muscle_airway,Muscle_pericyte_parenchyma,-0.10726943348385391
Muscle_airway,Muscle_perivascular_immune_recruiting,-0.21871322110950284
Muscle_airway,Muscle_smooth_pulmonary,0.19741760062315272
Muscle_airway,Muscle_smooth_syst_arterial,0.21305808007900554
Muscle_airway,Myoepithelial,-0.16912313518312203
Muscle_airway,NAF_endoneurial,0.15099199056900062
Muscle_airway,NAF_perineurial,0.19834860045829864
Muscle_airway,NK_CD16hi,-0.06612227078284695
Muscle_airway,NKT,-0.12192623766641925
Muscle_airway,NK_CD11d,-0.028698785073780677
Muscle_airway,NK_CD56bright,0.02220927287833922
Muscle_airway,Neuroendocrine,-0.005769389818888773
Muscle_airway,SMG_Basal,0.08579733259117721
Muscle_airway,SMG_Duct,-0.18167479199098704
Muscle_airway,SMG_Mucous,-0.06581401567867147
Muscle_airway,SMG_Serous,-0.18791980335347722
Muscle_airway,Schwann_Myelinating,-0.04106130069449495
Muscle_airway,Schwann_nonmyelinating,0.0839249530192837
Muscle_airway,Secretory_Club,0.11012567553823287
Muscle_airway,Secretory_Goblet,0.1407683210860865
Muscle_airway,Suprabasal,0.16818250271099858
Muscle_airway,T_reg,-0.02867045389081685
Muscle_airway,gdT,-0.07271437566038515
Muscle_pericyte_airway,Muscle_pericyte_airway,0.14961209693615182
Muscle_pericyte_airway,Muscle_pericyte_parenchyma,-0.04621414276093641
Muscle_pericyte_airway,Muscle_perivascular_immune_recruiting,0.07849168848745278
Muscle_pericyte_airway,Muscle_smooth_pulmonary,-0.1886891809681748
Muscle_pericyte_airway,Muscle_smooth_syst_arterial,-0.20329109031120915
Muscle_pericyte_airway,Myoepithelial,0.07124494209680268
Muscle_pericyte_airway,NAF_endoneurial,-0.202033022510289
Muscle_pericyte_airway,NAF_perineurial,-0.22464797348581536
Muscle_pericyte_airway,NK_CD16hi,-0.09622154700528142
Muscle_pericyte_airway,NKT,-0.028946253512335905
Muscle_pericyte_airway,NK_CD11d,-0.13091155447913097
Muscle_pericyte_airway,NK_CD56bright,-0.16828585337956448
Muscle_pericyte_airway,Neuroendocrine,-0.15191756279806798
Muscle_pericyte_airway,SMG_Basal,-0.23315159772034375
Muscle_pericyte_airway,SMG_Duct,0.06436551836971628
Muscle_pericyte_airway,SMG_Mucous,-0.057551135610074244
Muscle_pericyte_airway,SMG_Serous,0.10454048338820555
Muscle_pericyte_airway,Schwann_Myelinating,-0.10136242965385288
Muscle_pericyte_airway,Schwann_nonmyelinating,-0.20880476735517658
Muscle_pericyte_airway,Secretory_Club,-0.19308542045399904
Muscle_pericyte_airway,Secretory_Goblet,-0.23609331869446348
Muscle_pericyte_airway,Suprabasal,-0.23701166809093657
Muscle_pericyte_airway,T_reg,-0.12550350367210225
Muscle_pericyte_airway,gdT,-0.09185916338849946
Muscle_pericyte_parenchyma,Muscle_pericyte_parenchyma,0.3100702213418573
Muscle_pericyte_parenchyma,Muscle_perivascular_immune_recruiting,0.134674277918892
Muscle_pericyte_parenchyma,Muscle_smooth_pulmonary,-0.10424307964489321
Muscle_pericyte_parenchyma,Muscle_smooth_syst_arterial,-0.09133485596335722
Muscle_pericyte_parenchyma,Myoepithelial,0.16987616488589072
Muscle_pericyte_parenchyma,NAF_endoneurial,0.012754293602719456
Muscle_pericyte_parenchyma,NAF_perineurial,-0.02783886541598037
Muscle_pericyte_parenchyma,NK_CD16hi,0.3317292176770383
Muscle_pericyte_parenchyma,NKT,0.29959761350115627
Muscle_pericyte_parenchyma,NK_CD11d,0.3350052118128823
Muscle_pericyte_parenchyma,NK_CD56bright,0.32526497824054385
Muscle_pericyte_parenchyma,Neuroendocrine,0.2499930980141333
Muscle_pericyte_parenchyma,SMG_Basal,0.30267151909968953
Muscle_pericyte_parenchyma,SMG_Duct,0.19004460815961643
Muscle_pericyte_parenchyma,SMG_Mucous,0.2499825714485802
Muscle_pericyte_parenchyma,SMG_Serous,0.1362275265568654
Muscle_pericyte_parenchyma,Schwann_Myelinating,0.21919546889897526
Muscle_pericyte_parenchyma,Schwann_nonmyelinating,0.11830784497824277
Muscle_pericyte_parenchyma,Secretory_Club,0.2208339389515689
Muscle_pericyte_parenchyma,Secretory_Goblet,0.23558672236664024
Muscle_pericyte_parenchyma,Suprabasal,0.1945482076271671
Muscle_pericyte_parenchyma,T_reg,0.3248477175990883
Muscle_pericyte_parenchyma,gdT,0.3222675265784674
Muscle_perivascular_immune_recruiting,Muscle_perivascular_immune_recruiting,0.10012914763882425
Muscle_perivascular_immune_recruiting,Muscle_smooth_pulmonary,-0.19399934839016497
Muscle_perivascular_immune_recruiting,Muscle_smooth_syst_arterial,-0.19613413096573584
Muscle_perivascular_immune_recruiting,Myoepithelial,0.1074118273711086
Muscle_perivascular_immune_recruiting,NAF_endoneurial,-0.1463239590586731
Muscle_perivascular_immune_recruiting,NAF_perineurial,-0.17682813437433442
Muscle_perivascular_immune_recruiting,NK_CD16hi,0.13506669326214785
Muscle_perivascular_immune_recruiting,NKT,0.16098046762338084
Muscle_perivascular_immune_recruiting,NK_CD11d,0.11684506196347937
Muscle_perivascular_immune_recruiting,NK_CD56bright,0.0934539609274307
Muscle_perivascular_immune_recruiting,Neuroendocrine,0.02367992816914458
Muscle_perivascular_immune_recruiting,SMG_Basal,0.03247293124706404
Muscle_perivascular_immune_recruiting,SMG_Duct,0.1226335322107499
Muscle_perivascular_immune_recruiting,SMG_Mucous,0.09976250479263103
Muscle_perivascular_immune_recruiting,SMG_Serous,0.10923317205583631
Muscle_perivascular_immune_recruiting,Schwann_Myelinating,0.0291290686349705
Muscle_perivascular_immune_recruiting,Schwann_nonmyelinating,-0.08908690785899841
Muscle_perivascular_immune_recruiting,Secretory_Club,0.030227655133048568
Muscle_perivascular_immune_recruiting,Secretory_Goblet,0.007848993404197894
Muscle_perivascular_immune_recruiting,Suprabasal,-0.022826971557054113
Muscle_perivascular_immune_recruiting,T_reg,0.11830997244938861
Muscle_perivascular_immune_recruiting,gdT,0.13281764697253662
Muscle_smooth_pulmonary,Muscle_smooth_pulmonary,0.20891854307708216
Muscle_smooth_pulmonary,Muscle_smooth_syst_arterial,0.2272828493173008
Muscle_smooth_pulmonary,Myoepithelial,-0.16464857682676065
Muscle_smooth_pulmonary,NAF_endoneurial,0.17211902435884996
Muscle_smooth_pulmonary,NAF_perineurial,0.21890283448007042
Muscle_smooth_pulmonary,NK_CD16hi,-0.0383528320828035
Muscle_smooth_pulmonary,NKT,-0.10439122038469682
Muscle_smooth_pulmonary,NK_CD11d,0.00333200642985608
Muscle_smooth_pulmonary,NK_CD56bright,0.057961337378165806
Muscle_smooth_pulmonary,Neuroendocrine,0.022659632335621946
Muscle_smooth_pulmonary,SMG_Basal,0.12704709313064516
Muscle_smooth_pulmonary,SMG_Duct,-0.17762335154263245
Muscle_smooth_pulmonary,SMG_Mucous,-0.04674728063804587
Muscle_smooth_pulmonary,SMG_Serous,-0.18801375719290891
Muscle_smooth_pulmonary,Schwann_Myelinating,-0.018204921732358024
Muscle_smooth_pulmonary,Schwann_nonmyelinating,0.10727287715589622
Muscle_smooth_pulmonary,Secretory_Club,0.1423533631173071
Muscle_smooth_pulmonary,Secretory_Goblet,0.17867162271249146
Muscle_smooth_pulmonary,Suprabasal,0.20615386832592145
Muscle_smooth_pulmonary,T_reg,0.00162421165183794
Muscle_smooth_pulmonary,gdT,-0.047179105502324716
Muscle_smooth_syst_arterial,Muscle_smooth_syst_arterial,0.24274033282647955
Muscle_smooth_syst_arterial,Myoepithelial,-0.16720380254540512
Muscle_smooth_syst_arterial,NAF_endoneurial,0.1898567535489716
Muscle_smooth_syst_arterial,NAF_perineurial,0.2378307377669402
Muscle_smooth_syst_arterial,NK_CD16hi,-0.020942510178305767
Muscle_smooth_syst_arterial,NKT,-0.09417833841453875
Muscle_smooth_syst_arterial,NK_CD11d,0.023899340082391602
Muscle_smooth_syst_arterial,NK_CD56bright,0.08167846121649379
Muscle_smooth_syst_arterial,Neuroendocrine,0.04021961560552439
Muscle_smooth_syst_arterial,SMG_Basal,0.15719544078757813
Muscle_smooth_syst_arterial,SMG_Duct,-0.1792076876955808
Muscle_smooth_syst_arterial,SMG_Mucous,-0.03474114227365194
Muscle_smooth_syst_arterial,SMG_Serous,-0.19581751585723106
Muscle_smooth_syst_arterial,Schwann_Myelinating,-0.004741562394034382
Muscle_smooth_syst_arterial,Schwann_nonmyelinating,0.12823044653481602
Muscle_smooth_syst_arterial,Secretory_Club,0.1666613502472962
Muscle_smooth_syst_arterial,Secretory_Goblet,0.2062254950151686
Muscle_smooth_syst_arterial,Suprabasal,0.23252758400485551
Muscle_smooth_syst_arterial,T_reg,0.02156187608330525
Muscle_smooth_syst_arterial,gdT,-0.030964773027169833
Myoepithelial,Myoepithelial,0.0853010702434328
Myoepithelial,NAF_endoneurial,-0.10505555202744525
Myoepithelial,NAF_perineurial,-0.13370917835861604
Myoepithelial,NK_CD16hi,0.1738539080250433
Myoepithelial,NKT,0.18983313679411315
Myoepithelial,NK_CD11d,0.16136386947735434
Myoepithelial,NK_CD56bright,0.1437256642909832
Myoepithelial,Neuroendocrine,0.06282548094093474
Myoepithelial,SMG_Basal,0.0935551827124604
Myoepithelial,SMG_Duct,0.11452569399842323
Myoepithelial,SMG_Mucous,0.12412388098932257
Myoepithelial,SMG_Serous,0.08051644778808804
Myoepithelial,Schwann_Myelinating,0.05424868031033451
Myoepithelial,Schwann_nonmyelinating,-0.027309956147062994
Myoepithelial,Secretory_Club,0.08505016613930305
Myoepithelial,Secretory_Goblet,0.07127345374180806
Myoepithelial,Suprabasal,0.028285363127186727
Myoepithelial,T_reg,0.16373623994684244
Myoepithelial,gdT,0.17312563060401764
NAF_endoneurial,NAF_endoneurial,0.16889413685752588
NAF_endoneurial,NAF_perineurial,0.2046251836083285
NAF_endoneurial,NK_CD16hi,0.09710193087755677
NAF_endoneurial,NKT,0.018980327722266568
NAF_endoneurial,NK_CD11d,0.14074331185568134
NAF_endoneurial,NK_CD56bright,0.1947743554227804
NAF_endoneurial,Neuroendocrine,0.10935386032733387
NAF_endoneurial,SMG_Basal,0.2528595518383794
NAF_endoneurial,SMG_Duct,-0.11905272231352793
NAF_endoneurial,SMG_Mucous,0.051131953850772655
NAF_endoneurial,SMG_Serous,-0.15701711513550462
NAF_endoneurial,Schwann_Myelinating,0.053504092941691256
NAF_endoneurial,Schwann_nonmyelinating,0.14792354952775275
NAF_endoneurial,Secretory_Club,0.24348911567947587
NAF_endoneurial,Secretory_Goblet,0.2832495754753353
NAF_endoneurial,Suprabasal,0.29104826540136103
NAF_endoneurial,T_reg,0.13797147780368368
NAF_endoneurial,gdT,0.08488858656257008
NAF_perineurial,NAF_perineurial,0.24430815951728344
NAF_perineurial,NK_CD16hi,0.055644011407667976
NAF_perineurial,NKT,-0.02921619627842718
NAF_perineurial,NK_CD11d,0.10404276150688092
NAF_perineurial,NK_CD56bright,0.16445791398281379
NAF_perineurial,Neuroendocrine,0.09645644820416899
NAF_perineurial,SMG_Basal,0.23683015916173444
NAF_perineurial,SMG_Duct,-0.15258722290280616
NAF_perineurial,SMG_Mucous,0.01857558742753552
NAF_perineurial,SMG_Serous,-0.18311697732225607
NAF_perineurial,Schwann_Myelinating,0.03920009932092325
NAF_perineurial,Schwann_nonmyelinating,0.15887498090993954
NAF_perineurial,Secretory_Club,0.23060489236113876
NAF_perineurial,Secretory_Goblet,0.2749747529844247
NAF_perineurial,Suprabasal,0.29462422465027366
NAF_perineurial,T_reg,0.10032807158201824
NAF_perineurial,gdT,0.043195932926168114
NK_CD16hi,NK_CD16hi,0.37011152236055495
NK_CD16hi,NKT,0.3178451589469617
NK_CD16hi,NK_CD11d,0.38328240604642255
NK_CD16hi,NK_CD56bright,0.38448145549313045
NK_CD16hi,Neuroendocrine,0.28723329334301745
NK_CD16hi,SMG_Basal,0.3803366387969096
NK_CD16hi,SMG_Duct,0.1745778943311301
NK_CD16hi,SMG_Mucous,0.27492313589853445
NK_CD16hi,SMG_Serous,0.10439817318127613
NK_CD16hi,Schwann_Myelinating,0.24410368076457342
NK_CD16hi,Schwann_nonmyelinating,0.164099004880519
NK_CD16hi,Secretory_Club,0.2868589302485828
NK_CD16hi,Secretory_Goblet,0.3126097646863286
NK_CD16hi,Suprabasal,0.26776736037612836
NK_CD16hi,T_reg,0.3715919840023923
NK_CD16hi,gdT,0.35682865505784217
NKT,NKT,0.28819396151987803
NKT,NK_CD11d,0.31264507857127405
NKT,NK_CD56bright,0.2991893562149814
NKT,Neuroendocrine,0.2262087186782418
NKT,SMG_Basal,0.27220324964260884
NKT,SMG_Duct,0.18655263901906768
NKT,SMG_Mucous,0.2380333688354006
NKT,SMG_Serous,0.13762763717028417
NKT,Schwann_Myelinating,0.2042871960765135
NKT,Schwann_nonmyelinating,0.10002799759635846
NKT,Secretory_Club,0.19514671986951712
NKT,Secretory_Goblet,0.20520050813951604
NKT,Suprabasal,0.16254472342607354
NKT,T_reg,0.30352230842410394
NKT,gdT,0.30400565218386805
NK_CD11d,NK_CD11d,0.4040520753041897
NK_CD11d,NK_CD56bright,0.4127772179500763
NK_CD11d,Neuroendocrine,0.30993091034461817
NK_CD11d,SMG_Basal,0.42360965659837047
NK_CD11d,SMG_Duct,0.1623241997939245
NK_CD11d,SMG_Mucous,0.2839093901147558
NK_CD11d,SMG_Serous,0.08389495708272275
NK_CD11d,Schwann_Myelinating,0.2587123315370209
NK_CD11d,Schwann_nonmyelinating,0.19533848181976135
NK_CD11d,Secretory_Club,0.3222370859783222
NK_CD11d,Secretory_Goblet,0.35622625529450985
NK_CD11d,Suprabasal,0.3125856976499343
NK_CD11d,T_reg,0.39093330231224055
NK_CD11d,gdT,0.3685705318374653
NK_CD56bright,NK_CD56bright,0.42581364707365926
NK_CD56bright,Neuroendocrine,0.3269990578943524
NK_CD56bright,SMG_Basal,0.4545856048576142
NK_CD56bright,SMG_Duct,0.1415060041330147
NK_CD56bright,SMG_Mucous,0.28134928143301047
NK_CD56bright,SMG_Serous,0.059099166381438695
NK_CD56bright,Schwann_Myelinating,0.26968847952065816
NK_CD56bright,Schwann_nonmyelinating,0.2299977500579379
NK_CD56bright,Secretory_Club,0.34561937312113794
NK_CD56bright,Secretory_Goblet,0.3886288085269563
NK_CD56bright,Suprabasal,0.3498584199252282
NK_CD56bright,T_reg,0.3943699056348988
NK_CD56bright,gdT,0.3646524561320072
Neuroendocrine,Neuroendocrine,0.23085132834868258
Neuroendocrine,SMG_Basal,0.3731705956474882
Neuroendocrine,SMG_Duct,0.06825669243971708
Neuroendocrine,SMG_Mucous,0.20942786806555827
Neuroendocrine,SMG_Serous,-0.0037485304043237792
Neuroendocrine,Schwann_Myelinating,0.1733147920960306
Neuroendocrine,Schwann_nonmyelinating,0.15442700356971661
Neuroendocrine,Secretory_Club,0.31218393726531096
Neuroendocrine,Secretory_Goblet,0.34321664435575755
Neuroendocrine,Suprabasal,0.3087336294842188
Neuroendocrine,T_reg,0.3280503898052081
Neuroendocrine,gdT,0.29441424570282343
SMG_Basal,SMG_Basal,0.5290586387964308
SMG_Basal,SMG_Duct,0.09163926771785108
SMG_Basal,SMG_Mucous,0.2867145221768061
SMG_Basal,SMG_Serous,-0.0036523762652034015
SMG_Basal,Schwann_Myelinating,0.27270678757235434
SMG_Basal,Schwann_nonmyelinating,0.2714734664280808
SMG_Basal,Secretory_Club,0.42871662981885184
SMG_Basal,Secretory_Goblet,0.4857871278303871
SMG_Basal,Suprabasal,0.4537160297233622
SMG_Basal,T_reg,0.4181564006404568
SMG_Basal,gdT,0.3677923720960364
SMG_Duct,SMG_Duct,0.13918868351718222
SMG_Duct,SMG_Mucous,0.14156429090021147
SMG_Duct,SMG_Serous,0.10582210400733656
SMG_Duct,Schwann_Myelinating,0.07284204373775045
SMG_Duct,Schwann_nonmyelinating,-0.030244720596531355
SMG_Duct,Secretory_Club,0.09819165041090494
SMG_Duct,Secretory_Goblet,0.08369606924511976
SMG_Duct,Suprabasal,0.04353900706779534
SMG_Duct,T_reg,0.1812609035133654
SMG_Duct,gdT,0.1912510091682924
SMG_Mucous,SMG_Mucous,0.21403626847607649
SMG_Mucous,SMG_Serous,0.07325955529329425
SMG_Mucous,Schwann_Myelinating,0.1748968289417717
SMG_Mucous,Schwann_nonmyelinating,0.11090090642066851
SMG_Mucous,Secretory_Club,0.22348417157850406
SMG_Mucous,Secretory_Goblet,0.2440483599942134
SMG_Mucous,Suprabasal,0.20206161946815962
SMG_Mucous,T_reg,0.29045112534759976
SMG_Mucous,gdT,0.27789030125036673
SMG_Serous,SMG_Serous,0.09066647782733744
SMG_Serous,Schwann_Myelinating,0.014087585297173938
SMG_Serous,Schwann_nonmyelinating,-0.07630846527732506
SMG_Serous,Secretory_Club,0.015829095984436152
SMG_Serous,Secretory_Goblet,-0.01005135871731652
SMG_Serous,Suprabasal,-0.048270050870941876
SMG_Serous,T_reg,0.10405676400993791
SMG_Serous,gdT,0.12428591712522634
Schwann_Myelinating,Schwann_Myelinating,0.13864281511172383
Schwann_Myelinating,Schwann_nonmyelinating,0.11249901862973039
Schwann_Myelinating,Secretory_Club,0.2677581660147795
Schwann_Myelinating,Secretory_Goblet,0.2891561475756165
Schwann_Myelinating,Suprabasal,0.25376428686498165
Schwann_Myelinating,T_reg,0.2904088152969712
Schwann_Myelinating,gdT,0.2637698458588227
Schwann_nonmyelinating,Schwann_nonmyelinating,0.16007438700145057
Schwann_nonmyelinating,Secretory_Club,0.29532965788035886
Schwann_nonmyelinating,Secretory_Goblet,0.33659201184098225
Schwann_nonmyelinating,Suprabasal,0.33082868327825565
Schwann_nonmyelinating,T_reg,0.23815075265412378
Schwann_nonmyelinating,gdT,0.18734743382426677
Secretory_Club,Secretory_Club,0.2926685345283965
Secretory_Club,Secretory_Goblet,0.34462850403474304
Secretory_Club,Suprabasal,0.3216971909117257
Secretory_Club,T_reg,0.2968570419574486
Secretory_Club,gdT,0.2627750369768163
Secretory_Goblet,Secretory_Goblet,0.41653674458614626
Secretory_Goblet,Suprabasal,0.3935923086844228
Secretory_Goblet,T_reg,0.33695668897241204
Secretory_Goblet,gdT,0.2906399371880805
Suprabasal,Suprabasal,0.38135439137970484
Suprabasal,T_reg,0.30376450436007435
Suprabasal,gdT,0.25593743343037895
T_reg,T_reg,0.3748662091057186
T_reg,gdT,0.35439109467789903
gdT,gdT,0.3418133691342286
